X1,X2,X3,X4,X5,X6,y1,y2,y3,y4,y5,y6,y7,y8,y9,y10,y11,y12,y13
0.5555555555555556,0.8888888888888888,1.0,0.5555555555555556,0.0,0.0,0.16243453636632418,-0.06117564136500754,1.9471828247736545,7.892703137784383,3.0865407629324677,-0.23015386968802828,0.174481176421648,-0.07612069008951028,0.03190390960570986,-0.02493703754774101,2.1462107937044976,-0.20601407094976543,-0.03224172040135075
0.1111111111111111,0.7777777777777777,0.6666666666666666,1.0,0.2222222222222222,0.4444444444444444,5.961594564533159,4.1133769442335435,-0.1099891267314031,-0.017242820755043575,-0.08778584179213718,0.004221374671559283,0.058281521371582226,3.8899380822787077,1.1144723709839615,0.09015907205927956,0.05024943389018682,0.09008559492644119,-0.06837278591743332
0.5555555555555556,0.2222222222222222,0.4444444444444444,0.2222222222222222,0.4444444444444444,0.7777777777777777,-0.012289022551864818,-0.09357694342590689,-0.026788807962601593,2.0530355466738186,-0.06916607517253091,7.960324647314402,-0.06871727001195994,-0.08452056414987197,-0.06712461308368191,-0.0012664598918901361,-0.11173103486352778,3.0234415697817094,2.1659802177109873
0.7777777777777777,1.0,0.1111111111111111,0.7777777777777777,0.0,0.6666666666666666,0.07420441605773356,-0.019183555236161495,-0.08876289640848363,-0.07471582937508377,1.1692454601027746,0.005080775477602897,4.936300435343065,7.019091548466746,0.21002551364788424,0.012015895248162916,0.061720310970741925,0.03001703199558275,1.9647750153506482
1.0,1.0,0.7777777777777777,0.6666666666666666,1.0,0.1111111111111111,-0.11425181980221402,-0.03493427224128775,1.979110576662522,0.058662319118219765,0.0838983413874505,0.09311020813035574,0.02855873252542588,0.08851411642707281,-0.07543979409966528,3.125286815523329,3.051292982041801,-0.029809283510271567,7.04885181465375
0.0,0.1111111111111111,0.8888888888888888,0.8888888888888888,0.3333333333333333,1.0,-0.007557171302105573,0.1131629387451427,0.1519816816422199,0.21855754065331615,-0.13964963354881377,5.855588619457041,3.9495534137053547,0.016003706944783046,0.08761689211162249,0.03156349472416053,4.797779878417599,-0.030620401262837185,0.08279746426072462
0.8888888888888888,0.7777777777777777,0.3333333333333333,0.6666666666666666,0.5555555555555556,0.1111111111111111,3.0230094735364386,0.07620111803120248,0.977767185738964,-0.020075806892999745,0.01865613909882843,0.04100516472082563,0.019829972012676975,0.011900864580745883,-0.06706622862890306,0.03775637863209194,0.012182127099143694,3.112948390791192,8.11989178799015
1.0,0.3333333333333333,0.4444444444444444,0.8888888888888888,0.1111111111111111,0.4444444444444444,0.018515641748394384,-0.037528495009011426,-0.06387304074542224,0.04234943540641129,0.007734006834855942,10.965614632442893,0.004359685683424694,1.937999915605187,0.06980320340722189,-0.04471285647859982,0.12245077048054989,2.04034916417908,0.059357852323706696
0.0,0.3333333333333333,1.0,0.2222222222222222,0.0,0.4444444444444444,-0.10949118457410419,0.01693824330586681,4.0740556451096275,-0.09537006018079347,1.9733781493996378,0.0032614546693358563,7.862688267975324,0.031515939204229175,0.08461606475850335,0.9140484059168014,0.035054597866410735,-0.13122834112374318,-0.0038695509266051115
1.0,0.2222222222222222,0.7777777777777777,0.7777777777777777,1.0,0.8888888888888888,0.8384227645296705,8.112141770823566,0.04089005379368278,-0.0024616955875778356,-0.07751616191691596,0.12737559301587767,0.1967101749254735,0.8142018135553248,5.123616403045282,0.16276507531489065,0.03380116965744758,-0.11992680323351862,0.08633453175440216
0.6666666666666666,1.0,0.3333333333333333,0.7777777777777777,0.7777777777777777,0.4444444444444444,0.981907969792185,-0.06039206277932573,2.8769941864333037,4.055053749597621,0.07928068659193477,-0.062353072967979165,7.052057633707337,-0.11443413896231427,0.08018610318713448,0.004656729842414554,-0.018656977190734877,-0.010174587252914521,0.0868886157005868
0.5555555555555556,1.0,0.3333333333333333,0.6666666666666666,0.8888888888888888,0.0,0.07504116398650082,0.05294653243527092,0.013770120999738608,5.00778211279127,0.06183802619985245,0.02324945591787379,9.068255140686448,-0.031011677351806002,0.7565162235892862,0.10388246018594141,0.21869796469742578,0.04413644435685821,-0.010015523328349978
0.2222222222222222,0.7777777777777777,0.7777777777777777,1.0,0.7777777777777777,0.3333333333333333,2.9863555256103966,-0.01190541877748099,0.00174094083000046,-0.11220187287468884,-0.051709445792022794,-0.09970268276502631,8.024879916138778,2.9703358847629135,0.04952113239779604,-0.017470315974250094,1.0986335187821241,0.02135339013354418,0.21906997289697336
0.0,0.8888888888888888,0.7777777777777777,0.7777777777777777,0.1111111111111111,0.1111111111111111,-0.18963609228910927,-0.06469166882549081,0.09014868916487111,7.25283257068064,1.975136522228454,2.004366899317839,-0.02263142425136052,4.133145711258759,-0.02873078634760189,0.06800698398781045,-0.031980159889867125,-0.12725587552459944,0.03135477204634322
0.3333333333333333,0.0,0.8888888888888888,0.6666666666666666,0.4444444444444444,0.5555555555555556,0.05031848134353261,0.12932258825322618,-0.011044702641731631,3.938263793628764,0.056276109661902635,0.024073709223773224,0.028066507712263905,2.9926887296252724,0.11603385699937696,0.036949271637572376,0.19046587083409813,1.1111056698560504,7.065904979610021
0.6666666666666666,0.2222222222222222,0.5555555555555556,0.7777777777777777,0.8888888888888888,0.4444444444444444,-0.16274383406162574,0.0602319280295629,6.042028220364706,0.08109516728035558,0.10444420947072589,-0.04008781917889267,2.082400561845041,-0.05623054310190898,3.1954878075009034,-0.13319516665172482,-0.17606885603987835,-0.16507212658241002,3.910944441583695
0.4444444444444444,0.7777777777777777,0.7777777777777777,0.4444444444444444,1.0,0.0,3.888088460144027,2.195607890370364,-0.03264994980781843,7.865732421062257,0.11143829767797919,-0.05865239388215925,-0.12368533765413975,0.08758389276492995,0.062336217657803276,-0.043495668295522774,1.1407540000241227,0.012910157971072546,0.16169495988573002
0.2222222222222222,0.0,0.7777777777777777,0.1111111111111111,0.7777777777777777,1.0,0.050274088199990435,0.15588055406198595,3.0109402696425427,1.8780255603020968,0.24493686490613975,-0.05457741679825678,-0.019883786288889677,3.9299601495078744,-0.020339444896455845,6.024266944108179,0.020183017887400404,0.0661020287598693,0.17921582089755672
0.8888888888888888,0.4444444444444444,0.0,0.1111111111111111,1.0,0.8888888888888888,-0.012046457178850745,-0.12331207354464267,-0.11823181265096337,-0.06657545181991266,-0.16741958076189323,0.08250298244389859,2.950178643636892,1.968901502169715,-0.00018914828380037015,5.860337957540457,3.9138683639223957,0.06747115256879724,0.06185391307862932
0.2222222222222222,0.3333333333333333,0.1111111111111111,0.2222222222222222,0.7777777777777777,0.2222222222222222,-0.04431719307006378,2.1810534914125457,-0.13057269225577375,-0.034498721015497946,-0.023083974313546946,6.720691499985346,4.193752881361608,0.03663320145400583,-0.10445893819077917,2.2051173442857444,0.05856620001723825,0.04295261400219645,-0.06069983982000461
0.6666666666666666,0.0,1.0,0.2222222222222222,0.6666666666666666,0.6666666666666666,7.010622272403522,-0.15256803162293578,3.0795026094424847,-0.037443831884322064,0.013404819655462315,0.12020548621997058,0.028474811084905793,2.026246744546327,0.027649930482218366,2.9266728396104686,0.08360047194342689,0.1543359110804484,0.0758805660097931
0.2222222222222222,0.7777777777777777,0.7777777777777777,0.0,0.6666666666666666,0.5555555555555556,0.08849088144648834,1.912271848108181,-0.08677872228729257,-0.144087602429184,0.12322530708284361,-0.025417986760736835,0.13998439424809858,-0.07819116826868007,2.956249101717142,3.0095425087191257,0.09214500686595115,7.006075019579951,0.021112475500771676
0.1111111111111111,0.4444444444444444,0.6666666666666666,0.0,0.6666666666666666,0.5555555555555556,0.001652756730561561,0.01771877202759604,-0.11164700178847445,3.008092710097328,2.9813421006488534,-0.00568244808858473,0.04923365559366488,-0.06806781410088858,2.991549197259537,-0.02973618827735036,0.041730200497486256,6.078477065101559,-0.09554252623736892
0.1111111111111111,0.2222222222222222,0.1111111111111111,0.5555555555555556,0.4444444444444444,0.0,0.058591043110261566,0.20657833202188344,0.8528843074167375,-0.0830171895315114,-0.0880577599844171,3.972090227845671,6.1622849085954,0.0013352676347176595,-0.06946935952872263,0.062180350430557245,3.9400195468929153,0.11234121620219353,0.030526704024401077
0.7777777777777777,0.8888888888888888,1.0,0.5555555555555556,0.7777777777777777,0.0,0.13887793963702685,-0.06613442431530187,0.30308571123720307,8.082458462503345,0.06545801525867005,0.9948811552392336,-0.07255971191344275,0.913223132237641,-0.013597732610058933,-0.07972697854931297,0.028267571224842025,-0.08260974318473202,5.0621082700839
1.0,0.3333333333333333,1.0,0.1111111111111111,0.4444444444444444,0.4444444444444444,0.09561217041246965,3.929415949259772,0.11926860677546935,-0.023794193575218267,0.11552878860882253,7.043816634729124,0.11223283216570923,-0.09970197955296825,1.9893206013220774,0.14514292605909354,-0.06180368476815789,-0.2037201225680795,1.8057410818523545
0.6666666666666666,0.8888888888888888,0.8888888888888888,1.0,0.2222222222222222,0.7777777777777777,-0.25064406526760613,-0.21141639219168262,1.9588360836811518,0.1278528082841722,-0.044222927951317284,0.03235273536014321,-0.010999149016360683,0.0008548945436024693,-0.016819883974471598,7.982581965569201,0.04611640999770175,1.8824017328558684,3.1010127177334725
0.5555555555555556,0.5555555555555556,0.4444444444444444,0.5555555555555556,0.8888888888888888,0.5555555555555556,2.0920017933247763,2.98049426591241,0.08053934242321815,-0.07013444262571769,-0.05372230238753384,0.01562638502700833,-0.01902210250848615,0.9551261967328377,-0.06724480387865964,-0.055749472178604334,0.09391687441964879,-0.1943323405668353,9.035249436436933
0.8888888888888888,0.1111111111111111,0.1111111111111111,0.8888888888888888,0.7777777777777777,0.0,-0.023643695181298673,1.072781349999965,0.05150736136393657,-0.2782534467652923,8.058464661047744,0.0324274243448421,0.002186283662655242,-0.04686738162778914,2.085328122195562,-0.04130293097110322,4.1834717626649685,0.056438285549431366,0.21378280674394823
0.3333333333333333,0.4444444444444444,0.2222222222222222,0.0,0.3333333333333333,0.5555555555555556,-0.07855339969202356,-0.17559256402328519,0.07147895974858154,3.0852704061725285,0.003536009705475734,-0.15387932457446432,-0.04478951847161186,0.061798553392033474,0.9815823674346255,-0.011598518547239624,7.982454103133825,-0.09339146556265014,2.94669796739164
0.1111111111111111,0.2222222222222222,0.4444444444444444,0.3333333333333333,0.0,0.6666666666666666,-0.1426555420520532,2.1767959948311026,-0.04753728751379821,0.04776101818175573,-0.10218859446413094,7.079452823960108,-0.18731609776353017,2.0920615118054955,-0.003536792487871091,0.21106050536007098,3.869346592715598,0.007638048015959201,0.036723181388386476
0.0,0.7777777777777777,0.2222222222222222,0.8888888888888888,0.3333333333333333,0.0,0.12328991923762372,-0.04228569613907754,0.008646440652428741,6.785753327092263,-0.0830168864022708,0.04516159505552416,0.11041743263032136,-0.028173626906561285,0.20563555231982936,3.1760249226449093,-0.00606524917748099,-0.2413503001173788,4.822243362419401
0.8888888888888888,0.4444444444444444,0.2222222222222222,1.0,0.0,0.3333333333333333,-0.07778588266274128,2.1115841107924167,0.03102722877837673,-0.20942478162228123,-0.022876582887016245,5.161336137456312,4.962519531269734,-0.07499696172756663,3.2054624102518114,0.0053409536798347925,-0.04791570987860799,0.03501671588282789,0.0017164726374088565
0.8888888888888888,0.1111111111111111,0.4444444444444444,0.3333333333333333,0.3333333333333333,0.6666666666666666,-0.04291422782350938,0.1208456328551963,0.11157018027844863,0.08408615581411039,-0.01028872175735376,0.1146900376399483,-0.0049702579158675845,2.046664326722884,3.1033686867939503,0.08088443602656821,6.178975468320627,4.045128401604017,-0.16840599858682373
0.7777777777777777,0.3333333333333333,0.5555555555555556,0.3333333333333333,0.2222222222222222,0.4444444444444444,-0.11601701049822762,0.1350106818681726,-0.03312831699326283,0.038653914513309115,-0.08514556565308268,9.10008814236803,3.961516775116721,1.145810823860952,0.9467765979101822,0.11181333967176957,0.0674396104820869,-0.07223919054141509,0.10989963327471793
0.4444444444444444,0.0,0.3333333333333333,0.3333333333333333,0.8888888888888888,0.3333333333333333,-0.0901634490475998,2.917753281109575,0.07217112921126927,-0.0625342001465988,-0.05938430672545097,-0.03439007092103924,-0.10001691898725158,0.10449944096738975,0.06085146984848497,-0.006932869669048288,0.9891607932826461,1.0450155512767179,10.176533510051907
0.5555555555555556,0.6666666666666666,0.7777777777777777,0.5555555555555556,0.1111111111111111,0.7777777777777777,0.08709698025322424,2.94915428657246,0.07774192052488628,-0.01187711721030893,-0.01989981838037244,0.18664713751521253,2.9581062102321876,2.9520815084872596,-0.19521052872452327,5.859767085454687,0.04511229387345986,-0.0694920901185239,0.0515413801783241
0.0,0.2222222222222222,0.8888888888888888,0.2222222222222222,0.1111111111111111,0.4444444444444444,-0.11148710523659369,-0.07673098263317348,0.06745707069560038,4.146089238046308,0.059247280142401985,7.119783084172125,0.1704594171372407,3.1040089153154096,-0.0918440038300026,0.9894655287492458,0.0630195670684911,-0.04148469012882355,0.04519460373212231
0.0,0.4444444444444444,0.1111111111111111,0.7777777777777777,0.3333333333333333,0.1111111111111111,-0.15791562853944655,5.917137202114359,0.0528879745585174,-0.22370865111124708,-0.11077125022845524,-0.001771831791014226,-0.17193944746195233,6.00571209960821,-0.07995474906917599,-0.029159459550083273,-0.025898285340053236,0.01892931975586576,2.9436211265417698
0.6666666666666666,0.6666666666666666,1.0,0.6666666666666666,1.0,0.6666666666666666,0.008968640732259017,5.939884319935062,0.05560735100773853,3.1693809113288083,0.019686977925029145,3.016986925534757,-0.11640079711612022,0.06933662256603845,-0.07580673285562323,-0.08088471964721286,3.0557439452858035,0.018103874435787086,0.11071754509490624
0.0,0.0,0.2222222222222222,1.0,0.6666666666666666,0.0,7.144287692849631,-0.053968156220249246,0.012837699015594436,4.176041518357533,0.09665392502290573,0.07130490503032692,1.130620606513545,-0.060460296916437596,3.0636583409414633,0.14092533893640083,0.16209122856217476,-0.08061848173822242,-0.02516742076314244
0.6666666666666666,0.7777777777777777,0.0,0.3333333333333333,1.0,0.0,0.03827151737243639,-0.02889973430098159,1.960818376019195,0.0684001328181953,-0.03534099828670144,-0.17879128911997158,8.036184731583957,1.9575507209429073,-0.07315309817303334,2.8434261849344096,0.10138224669717055,-0.22271126318500145,-0.1699333604722296
0.3333333333333333,0.4444444444444444,0.7777777777777777,0.5555555555555556,0.3333333333333333,0.8888888888888888,6.972415393743885,1.1228955585650697,0.13097059056826535,-0.11549826349293645,-0.0177632195983551,5.848954362491243,0.10112070637749085,-0.14765626605201804,-0.014319574500723764,0.10329837789497512,-0.02224140285299086,0.14701603438257402,0.9129991776809148
0.8888888888888888,0.0,0.6666666666666666,0.7777777777777777,1.0,0.5555555555555556,0.036919046954687375,7.085328218582373,-0.013971173044107247,0.1386314264246319,0.05481295846881931,-0.1637449593008342,0.39586027040379634,0.06486436440906672,6.010734329382359,1.8601187181333523,0.008176781880561644,-0.04599428308406872,0.06443536660303223
0.4444444444444444,1.0,0.5555555555555556,0.2222222222222222,0.5555555555555556,0.6666666666666666,4.0371670291211865,0.1853009485069379,0.014225137252631779,0.051350547998854745,0.03724568515114425,-0.014848980305939367,6.981659980267998,0.11010002026684818,2.078002713533863,-0.06294416040537801,1.8886563897027009,-0.006741002494685439,0.11614399816743937
0.6666666666666666,0.8888888888888888,0.7777777777777777,0.7777777777777777,0.7777777777777777,0.2222222222222222,-0.0027529386267978006,0.17464350892279726,-0.0775070287073435,0.014164053766580517,2.7483696139034253,-0.059566788091029034,-0.030912131864186218,6.051093777449209,2.1710661838671137,4.003494358936374,0.14539175816088176,0.06616810764659825,0.09863521802120644
0.6666666666666666,0.0,0.5555555555555556,0.2222222222222222,0.1111111111111111,0.8888888888888888,4.953384514317407,0.13849913436486389,3.8927035721288354,0.04951586112003166,1.904793789929374,-0.051814555239875486,-0.14614036047221063,-0.05163479086460222,4.035111689651097,-0.006877046307863848,-0.13477649412536638,0.1470739856691369,0.03372209383084586
0.5555555555555556,1.0,0.4444444444444444,1.0,0.1111111111111111,0.2222222222222222,0.10080654330757632,0.07852269196346882,4.933513223303279,-0.19450469586120392,-0.09154243682317062,0.12251558492732309,-0.10535460737003151,0.0816043684324061,2.9387593026871177,4.039310924485398,2.8176080147374805,0.11670751659999641,-0.003966870009048213
0.0,0.4444444444444444,0.7777777777777777,0.0,0.6666666666666666,0.2222222222222222,0.08858257989659073,6.018986164938309,0.07980637952989432,2.98980679607364,0.07433565435138623,-0.15095726842240434,-0.10807106924455066,0.07254740044815357,2.9960821743790502,-0.022875417122021256,-0.017961229465135793,3.0501725109345164,-0.05933437542424191
0.4444444444444444,0.3333333333333333,0.6666666666666666,0.7777777777777777,0.6666666666666666,0.3333333333333333,0.0510307596745256,-0.09157918490686792,2.9592747956980032,0.0984951671719211,0.10712524278458908,5.890284563974464,5.083863474722838,-0.10391823220349031,0.07330232317190784,0.8101187940680705,-0.11171106924391126,-0.05089722778228615,-0.016648595488595937
0.0,0.6666666666666666,0.4444444444444444,0.7777777777777777,0.6666666666666666,0.2222222222222222,0.14236144293489872,0.09039991740035269,4.157546790857238,0.12066078980355682,-0.02828635516348445,-0.026632688431872012,0.10689716222012627,3.004037143102284,-0.015699367249331794,1.8664797276984808,5.989353987844446,-0.27909964066938464,-0.04561175551486854
1.0,0.5555555555555556,1.0,1.0,1.0,0.8888888888888888,2.90201097483382,0.06925743475393557,-0.047867235641566155,-0.03290515493410809,0.13471054646704977,-0.10490677451686162,2.0316658895156654,-0.1895266947476466,7.008972911744465,0.041026574539684446,3.085987097179691,-0.08986831933186462,0.03196569419445935
0.6666666666666666,0.4444444444444444,0.2222222222222222,1.0,0.4444444444444444,0.0,0.031815419967868935,-0.001923163409763723,0.015001627872780374,0.04635343217316655,6.039788042488185,3.90039891109116,-0.11958615103244818,0.2505980285318673,1.1919792286428088,-0.13916938760540337,0.04502177420378455,0.06274370827531105,4.075133723516048
0.0,0.3333333333333333,0.4444444444444444,1.0,0.3333333333333333,1.0,0.014039543644735017,-0.09268719392086244,-0.018242040636309756,-0.04911251377908181,0.013437311603975441,9.973162869587942,-0.013167562628701833,0.1018552474767882,0.12305581999547247,-0.11811031727718231,-0.04599301044345813,3.920920004622483,1.122372221196011
0.1111111111111111,0.2222222222222222,0.5555555555555556,0.4444444444444444,0.0,0.8888888888888888,-0.005936790254849916,0.14489894041582357,-0.04775808546567209,3.0025999994185657,-0.13486964467972423,7.130253553648618,-0.03626120875772588,-0.14851564513254542,-0.05924612851532695,-0.2304907937770138,2.996818282730121,2.0112487742414196,0.028807816700515056
0.2222222222222222,0.3333333333333333,1.0,1.0,0.4444444444444444,0.4444444444444444,0.1498108183577034,2.9699023846044663,0.08074559170052703,0.03122386890129999,-0.01933216404740039,-0.2076802021923554,0.0947501167345676,2.949602605085768,0.0017955891650826426,-0.12704607763854797,6.028299553381101,0.010803081731234536,3.0029417618970764
0.8888888888888888,0.2222222222222222,0.1111111111111111,0.6666666666666666,0.3333333333333333,0.8888888888888888,-0.013479312929572364,0.10492182907525678,0.09662208625783415,2.0725916852520823,0.3321078756170365,6.939977466962269,-0.037951751553387966,-0.1014803690858671,0.04359861962964098,-0.06874873930601744,3.730163825833395,1.8786661874171295,0.007225189915588459
1.0,0.7777777777777777,0.0,0.5555555555555556,0.2222222222222222,0.2222222222222222,0.10097873349475586,1.8443058442134967,-0.06124421282843443,7.986064819454908,-0.07285374894247015,0.053116379345622515,0.00040008419753754837,0.03212659144838317,1.9274785074254634,0.15365363280210986,-3.750087583560961e-05,3.129354962066331,-0.04389976636662776
0.8888888888888888,0.5555555555555556,0.0,0.5555555555555556,1.0,0.8888888888888888,0.059003946416083024,-0.06793837829972343,3.904909074894923,-0.07043503315234588,-0.004586668606976748,-0.021873345896770917,4.153920700965506,-0.1148704229636946,6.890966166754518,0.1700188146645526,0.06087836589081089,-0.18814108671660598,0.04972690986459772
0.6666666666666666,0.6666666666666666,0.0,0.4444444444444444,0.7777777777777777,0.3333333333333333,1.0237332699339596,-0.21444440467284506,-0.03695624253374333,-0.0017454951836177975,0.07314025171250657,0.09544956665476875,0.009574677111013468,4.103345080326424,-0.014627327461135382,-0.0857496824739772,0.9065818156852051,9.054264529456631,-0.19581690855990108
0.0,0.1111111111111111,0.6666666666666666,0.0,0.6666666666666666,0.1111111111111111,0.06778075711198116,-0.11065730673918853,0.9640775904289262,0.050538190275291765,0.12179409008013474,-0.19406809643648934,3.9193821788046543,0.004906169237310281,-0.05960863345876621,10.086162310134121,-0.20863905654565262,0.03618016405710469,0.0425920176502816
0.6666666666666666,0.4444444444444444,0.2222222222222222,0.5555555555555556,0.4444444444444444,0.6666666666666666,0.004908039714163048,0.11022367325853422,2.877042574645357,0.11086167579896751,-0.07029204029101686,0.07255505180787332,-0.03242042194852111,1.0814343129148924,0.07804699297583745,-0.14640535735805918,9.984550880618947,0.9907567681458413,-0.023787526545683252
0.2222222222222222,1.0,0.2222222222222222,0.7777777777777777,0.5555555555555556,0.0,-0.07556627651019651,0.185143789457351,3.020909667657552,0.15550159943330888,0.943085134648803,2.893820323868915,0.013224777891978463,7.943676339588254,0.23901459623335117,0.024542284918911965,0.11525991350106038,-0.022423577212349853,-0.03260613057601363
0.7777777777777777,0.8888888888888888,0.8888888888888888,0.8888888888888888,0.0,0.7777777777777777,-0.003091141760413597,0.03557172615760169,0.08495868450948219,-0.01221540151116833,0.9319148425982683,6.893212342351345,-0.0076679362705731864,4.057296272595676,0.04579470763097418,-0.0017817549053938987,2.939986120076439,0.014676526338688947,0.05718048788649898
0.2222222222222222,0.0,0.7777777777777777,0.1111111111111111,0.1111111111111111,1.0,-0.0036817656517027413,0.011236848879221897,-0.01505043256504516,0.09154992680625727,-0.04382002673386687,7.018553562096655,0.03944280300121126,0.07255225582535589,0.14958847658844757,0.0675453809204212,4.059921323545926,-0.14702370890213132,4.060640394430384
0.5555555555555556,0.1111111111111111,0.5555555555555556,1.0,0.6666666666666666,0.4444444444444444,0.22937176123571779,-0.08300109855676735,2.8980480150594286,-0.021465384222602274,4.10212481260989,0.05247504922968238,-0.04771242064693321,2.9964009818272808,0.10370389817739079,0.06726197481214789,0.24288769695229792,5.100568668031122,0.03535672160026291
1.0,0.8888888888888888,0.7777777777777777,0.5555555555555556,0.1111111111111111,0.8888888888888888,0.06147262758274485,1.9651015809084447,-0.0977773001532967,7.0171957132167595,3.049056104380964,-0.1395283025065327,-0.052235646513569524,-0.03692559018289682,3.0265642402514286,-0.026046605886537982,0.0445096710344572,0.009811224622199124,0.10603275091568075
0.0,0.5555555555555556,0.3333333333333333,1.0,0.0,0.4444444444444444,-0.1711167659624493,6.165712463804293,0.14176740129993604,0.005031708614713537,0.06503232142523462,0.06065484004132948,-0.0737289627759932,3.0164665065849205,3.0778174179099564,0.030981675860748837,0.10513207678487513,0.009499611006916125,3.008075098862302
0.8888888888888888,0.6666666666666666,0.2222222222222222,0.4444444444444444,0.3333333333333333,0.2222222222222222,-0.07678037460245601,-0.03645380497066375,-0.04597176810380681,0.17054835177554425,6.024050555214736,-0.09994265013581795,0.03985983881614373,2.9807996303368958,-0.3053764380426305,2.0479852371153817,-0.15526987831768357,0.0578464420256242,3.903873640096949
0.0,0.0,0.4444444444444444,0.2222222222222222,0.5555555555555556,0.0,-0.14583244603931542,0.04943416509823788,-0.14941937652746845,1.955330079652288,0.0204377394921163,0.0612232523128053,2.074488453644065,-0.0036281288553702226,-0.08323953476886892,7.192381542597093,-0.06059813205385978,0.18035889814864975,3.9547475026715975
0.0,0.3333333333333333,0.8888888888888888,0.5555555555555556,0.3333333333333333,0.1111111111111111,5.1161285693341805,0.10699655389501331,0.8954465752623105,0.03552845070062296,0.07553920291908554,0.07009821215232441,8.980106254971611,0.030196004540614493,-0.039468968099555767,-0.11718133792211223,0.09840122369402406,-0.05596814219185569,0.1379758191606217
0.4444444444444444,0.7777777777777777,0.3333333333333333,0.2222222222222222,0.2222222222222222,0.2222222222222222,0.06024509012396099,-0.08926466735128841,-0.016119831954123736,6.9713615084604825,-0.08708876496519612,0.05014295898933301,-0.047861407386118444,4.16316915136308,0.08608912410184297,1.9119810935458421,1.9980999478452683,-0.0226760192169584,-0.15645078538111967
0.6666666666666666,0.6666666666666666,0.0,0.1111111111111111,0.5555555555555556,0.6666666666666666,0.09312556787681192,0.09498088152113293,0.09255012147023857,-0.04569878575935375,0.10689859716189179,-0.020975293542255413,6.093514777959108,0.18125278151175406,3.014010988130475,-0.1419148777144487,1.9683098803471655,4.064098586638351,0.12198743790306216
0.5555555555555556,0.8888888888888888,0.8888888888888888,0.5555555555555556,0.5555555555555556,0.7777777777777777,-0.1133792035393578,1.9809451702338547,0.023333912626012185,0.043499832426284114,2.0910423603003085,-0.09484396564537968,3.9576521702774463,0.10079664776005784,0.039233491112430754,7.044838065078169,0.11253234986642538,0.010405338970908944,0.05280034220718364
0.5555555555555556,1.0,0.1111111111111111,0.3333333333333333,1.0,0.3333333333333333,-0.03145638619172873,-0.13450100202683754,-0.12952578852810873,0.007432055368263172,3.9800439282003786,-0.0654603168524978,0.03180142964191689,-0.0890271552108249,2.011133726638297,-0.0019522558320273307,-0.08399889146122472,1.7701794119462149,7.145652738647278
0.3333333333333333,0.3333333333333333,0.6666666666666666,0.1111111111111111,0.3333333333333333,0.0,6.031663723570396,-0.2664125939262139,-0.04264286176335224,0.03937877312493187,0.9771859309299544,0.05803301126032293,-0.097326758524924,0.01751677292180687,-0.005348369273515635,4.981693801303803,2.9778971098211664,0.019975955519262758,0.0932721413688092
0.5555555555555556,0.0,0.5555555555555556,0.2222222222222222,0.7777777777777777,0.6666666666666666,-0.05301198002000516,-0.04072400240119309,0.016056499174251157,-0.012014997562874899,0.03856022923443253,0.07182907357543429,0.12911889028508758,-0.011644414827166405,-0.22772979966603657,-0.006962453945512911,5.035387042688284,4.981304498346725,4.984676383823291
0.4444444444444444,0.0,0.2222222222222222,0.4444444444444444,0.8888888888888888,0.7777777777777777,-0.24325085126471133,4.050798433661538,8.967596767098,-0.15110766079102028,-0.08714220655949577,-0.08648299414655873,0.06087490823417022,0.05616380965234054,0.1514750382482251,0.06479248123129182,-0.13516493853176745,1.8590790723527808,0.1130725354529131
0.6666666666666666,0.7777777777777777,0.7777777777777777,0.1111111111111111,0.7777777777777777,0.7777777777777777,7.156668620109614,2.9762251901854637,0.05588029881851114,-0.15048912837795125,1.8056078241668212,-0.11740236765428438,2.9642812474396982,-0.052137638540803805,-0.02301140634512672,-0.049101443269911026,0.06793011449496629,0.14275469513273448,0.0036197462760435327
0.3333333333333333,0.8888888888888888,0.3333333333333333,0.0,0.6666666666666666,0.3333333333333333,0.20299974874404614,-0.06344047103008461,-0.05251033939389393,6.038773466274295,-0.035479876201067406,0.11770522557766416,-0.06411078151978893,0.132269398510864,0.019417501629377706,0.256545278071678,0.9535885094351795,2.9797306092292537,5.014565181728649
0.0,0.6666666666666666,0.5555555555555556,1.0,0.6666666666666666,0.4444444444444444,-0.21810279670819496,0.06022651275385377,0.048084611326516875,0.010931836390543528,-0.15443957813866982,-0.15465610399686572,0.05866185186008445,4.117517868755735,0.15944646318222214,0.9104558476050081,-0.10307980277587836,9.972806120031544,-0.19757301418738368
0.6666666666666666,0.6666666666666666,0.2222222222222222,0.2222222222222222,0.4444444444444444,0.1111111111111111,5.9411068823956255,0.08517896375153161,0.16346025013694152,0.027915545363466382,5.1640553648555265,0.0410872937999071,0.019136391513892,2.9828558812522465,1.0186937045771995,-0.02548529472438891,-0.014091075239015823,-0.06618918349396725,0.02590319017920037
0.2222222222222222,0.3333333333333333,1.0,0.3333333333333333,0.6666666666666666,0.7777777777777777,0.0014448415017786459,-0.14795800346161123,1.9759299498248013,-0.08556713923944986,-0.20482004587407754,0.048388364934132344,0.15586882545223812,2.2369730189064905,3.1562419529492964,7.912919844739194,0.1175244992708054,0.11198990035561388,-0.19878295313946218
0.0,0.3333333333333333,0.3333333333333333,0.6666666666666666,0.8888888888888888,0.6666666666666666,7.086128851539145,2.0627177035391524,0.01628082503067918,0.028861671567680533,0.005830738274408399,0.16319358486550284,-0.04017888338318871,-0.019993939322127945,1.0007388983706185,0.02756640751500719,4.823675019900877,0.13879738095489655,0.02261997568431567
0.5555555555555556,0.1111111111111111,0.3333333333333333,0.2222222222222222,0.6666666666666666,0.3333333333333333,0.05691245958247787,0.019731599174779044,-0.018644127128388418,3.964475848650304,0.009611414233952065,0.015205234093342904,7.115526175541815,0.034605774628467395,-0.01334886693660607,0.19865651109424,-0.1279426156313522,3.86597908240965,0.03546020521128279
0.6666666666666666,0.7777777777777777,0.2222222222222222,0.8888888888888888,0.0,0.1111111111111111,-0.021237328549062035,-0.17745959882248338,-0.031222966137781222,5.928934422931921,2.113112860042496,-0.06212517704302448,0.10506146488672724,3.0459781700210184,-0.020633091204487985,0.002117182858814892,4.042865873963389,-0.23080385136282994,0.03270684075693673
0.8888888888888888,0.6666666666666666,0.0,0.0,0.1111111111111111,0.2222222222222222,-0.03791196108008387,2.179791936638811,-0.06912689567621623,0.11425639200052216,-0.2514924624405778,0.08146250149842883,3.0276102753923273,-0.024701649088573537,2.9879110689513664,-0.026056059062235123,7.0423003209583275,-0.01342485646303186,-0.17877377084178422
0.7777777777777777,0.7777777777777777,0.4444444444444444,0.4444444444444444,0.0,0.1111111111111111,6.981418914321967,2.2234721737625884,0.004684620485830129,0.029078794646870555,-0.04380545074876235,0.017405446616172857,0.017794555796161068,-0.026120191945651173,0.08632633989374149,2.907692204291567,-0.01301952082016756,3.0505053752292097,-0.026700417934191468
0.0,0.8888888888888888,0.5555555555555556,0.6666666666666666,0.2222222222222222,0.5555555555555556,7.877612034942476,0.05582642185676373,-0.0982160958028669,-0.04473081617533775,0.9171852410811726,-0.011072841404109843,2.9570614026786988,-0.047458986707940805,0.06809789273140514,3.176260890141665,-0.0357514214019013,0.052265517409812216,-0.03554134904921415
0.4444444444444444,0.3333333333333333,0.0,0.6666666666666666,0.2222222222222222,0.1111111111111111,0.009894224603249626,2.1127751344950227,0.005029323902704858,-0.08155473512047462,2.927007338771236,7.938325357493883,-0.0013304221307496949,0.0858011452091081,-0.13587968411019297,-0.10372891693549846,-0.09245412115760476,1.8250594578270778,0.13259226834884819
1.0,0.4444444444444444,0.4444444444444444,0.0,1.0,0.8888888888888888,1.9963621356235906,0.19007793197238257,-0.14243336751810018,0.12941823132591743,7.929835146783604,-0.04073696851743843,-0.09889644570915376,-0.0949863859487659,-0.1323745411228554,0.021633295762047408,3.8685798967473177,0.9758198134677127,-0.0009201544243399693
0.7777777777777777,0.7777777777777777,0.6666666666666666,0.1111111111111111,0.7777777777777777,0.2222222222222222,4.066661068540611,2.0100391722399547,0.03213258334625876,0.05144115605663222,-0.0017250865259717215,0.03633479185742651,6.902027980855502,-0.07754704347039222,0.18975108071393504,1.9988265785623442,-0.0710500674666955,0.13798799010709467,-0.01568426105147685
0.4444444444444444,0.5555555555555556,0.6666666666666666,0.7777777777777777,0.2222222222222222,0.0,-0.06464910267839939,1.8551008451477955,0.07794918660522115,-0.10863009072108919,-0.05390325800200371,0.06440999879429353,8.018363357425812,-0.008642687384180807,0.9786012218438471,0.11459273541343218,0.2230274147801679,-0.05487608291523854,4.056890409050272
0.5555555555555556,0.2222222222222222,0.7777777777777777,1.0,1.0,0.7777777777777777,0.19288003053541175,3.107905705495073,-0.06868316257783892,2.9569319372926053,5.940203145749976,-0.09134434096547732,-0.062390515266866224,0.026187547894034026,-0.05870290051548038,0.08761998626503581,0.012325546357279294,-0.039712568285614196,3.088608992020699
0.1111111111111111,0.1111111111111111,0.4444444444444444,0.6666666666666666,0.5555555555555556,0.6666666666666666,3.031897182572046,2.026486762578577,0.10400384545344801,0.057326544852503984,-0.010889846683804267,0.09375548428677463,3.0309317802204663,0.2917308762873108,0.109868850104712,7.115321262137472,0.1290993371628489,0.007983961125628634,0.13128954115297284
0.4444444444444444,0.1111111111111111,0.1111111111111111,0.5555555555555556,0.1111111111111111,0.2222222222222222,3.002335702756966,-0.08311734031854028,1.9436013541589843,0.052795055433253926,-0.1561119890658687,7.020835292145425,-0.07283500854473723,3.071821638256185,-0.07461737106573472,0.18723032622753266,0.07678181289908628,-0.12688589591737998,0.17587593500838342
0.6666666666666666,0.2222222222222222,0.3333333333333333,0.3333333333333333,0.2222222222222222,0.3333333333333333,0.9772747490639655,2.9272523890280198,1.89762006836738,0.05677647396556529,0.15045218666646717,-0.05784269725316454,8.900237915816195,-0.11397000880327837,0.1496405311360214,0.16707292217109246,-0.03484711401192979,0.05377050874408872,-0.00029054502755414193
0.0,0.0,0.1111111111111111,0.5555555555555556,0.0,0.5555555555555556,-0.0060630302279242425,0.09640226322174184,3.044095600068044,0.03294899667614772,-0.02925789353599082,8.081560035971087,-0.028200590241096057,2.0049922488067855,2.0219477493775435,-0.120115565525345,-0.029909496676114422,-0.03126030136650717,0.010120308649831947
0.8888888888888888,0.8888888888888888,0.0,0.0,0.0,1.0,-0.11118180907755214,-0.11865517009450087,0.16234621032930863,6.115644360639365,0.08890393567021027,4.182481878658999,0.041959523754955964,3.990892126507282,1.048217574843346,-0.18792869914501686,-0.10980831454210314,0.07586370630214484,0.0032615483156676474
0.8888888888888888,0.5555555555555556,1.0,0.3333333333333333,0.4444444444444444,0.0,-0.12776363350812348,0.06585368715597954,0.09989016489932809,4.066787956136434,-0.0030296779438812003,0.9163950519947616,0.010759493816851505,0.042692432882568424,0.9641411202334695,9.06030359101267,0.03144319337524709,0.0333114550471499,-0.20325397888215876
1.0,0.8888888888888888,0.6666666666666666,0.3333333333333333,1.0,1.0,3.108109299302109,0.1724391719951887,-0.040246762456961634,2.852310101881452,0.06389293194198085,-0.04656597324338331,-0.09670123710082099,0.12177162558753529,-0.1383379352486164,3.0717428622037057,5.875226587909418,0.1462267982775474,0.05165524660423712
0.0,0.8888888888888888,0.1111111111111111,0.6666666666666666,0.6666666666666666,0.1111111111111111,-0.025739499650682996,0.014936995811488732,2.058208738748334,0.08298943774311117,0.08277914282922316,0.05467302659164261,-0.047738166223266106,0.06640795475273731,-0.13113243820094933,5.100409310460149,0.08730058373155314,3.139408104250043,4.941122039283148
0.3333333333333333,0.7777777777777777,0.3333333333333333,0.2222222222222222,0.3333333333333333,0.0,4.01862116984696,0.0858286000882208,0.0317857879102256,-0.042666728403845285,1.0307331067047059,0.0068032034668412435,0.09957039414105046,-0.06284625527547907,0.03394878055689875,0.02929311256805711,4.075732812429706,-0.0072892245211876,6.012731463557209
0.2222222222222222,0.8888888888888888,0.2222222222222222,1.0,0.0,0.1111111111111111,6.992905032509914,2.003406586255385,0.0008359162757482943,-0.032674455138175726,0.282729979405965,-0.0843911487937803,-0.11734099063320942,-0.0795626612789125,-0.07100525489930525,0.0011436571155416279,4.143093279784264,0.16883837829950057,2.0237324363963194
0.3333333333333333,1.0,0.4444444444444444,0.8888888888888888,0.8888888888888888,0.8888888888888888,-0.24982127142596627,0.038435935307465884,-0.1310654565625394,-0.05007015751875076,-0.1149722788141142,0.04256225796110372,-0.0626607444597052,0.07721196774406992,3.0477302396391885,-0.024006956675279086,0.00805603706020881,4.091741976640224,7.962786808412388
0.2222222222222222,0.8888888888888888,0.6666666666666666,0.4444444444444444,1.0,0.0,0.09156188854932334,-0.0019316006687580133,0.026939745280486135,0.079924087113552,2.133153252357893,0.05208121988777386,0.005837188396299675,2.072068593476217,0.8454552362580207,0.16389616031539603,-0.1325491265694986,0.09037094332179563,9.943583606945461
0.5555555555555556,0.5555555555555556,0.6666666666666666,0.1111111111111111,0.7777777777777777,0.6666666666666666,4.050725158453937,-0.011656742405674566,0.030358975906877674,-0.0800787039566767,-0.21606280042996678,0.04066556493485382,5.939949566137572,-0.06486357676015769,-0.07253231367820491,0.19844112488851218,1.9417807561873668,3.0326812979119055,-0.1160443193869437
0.5555555555555556,0.7777777777777777,0.1111111111111111,1.0,0.7777777777777777,0.5555555555555556,0.15230967139279847,1.9443732031383734,6.73993581908869,0.2711949873895156,2.890185136744278,0.1308932334281501,0.07330725605424461,0.06521796358150284,2.9768515169629173,0.018919875182509857,0.12239360089168974,-0.03009307161993995,0.025130963208627746
0.6666666666666666,0.7777777777777777,0.6666666666666666,0.7777777777777777,0.5555555555555556,0.6666666666666666,0.09282902149250671,3.008338883723591,-0.04249831950984578,0.14516789083179343,2.0341688598872887,-0.01251726645870286,6.922410517602813,-0.10055972219559739,3.089378410538104,0.0949268086233381,-0.21707110590770703,-0.06154916394257551,0.09648881368696259
0.8888888888888888,0.7777777777777777,0.4444444444444444,0.2222222222222222,0.4444444444444444,0.0,3.2424306619264516,2.2150353807592893,0.09418661752421255,0.1373332455126111,6.9472580543033,0.07745345235289797,-0.1237164700931379,-0.0561876346268859,0.03209710832687655,3.2167937070050154,0.07479633293378322,0.02738270906665688,-0.017008356268584848
0.0,0.3333333333333333,0.5555555555555556,1.0,0.0,0.3333333333333333,-0.13224429713422498,2.0602863002287344,-0.034909369658323176,0.02390447056304451,-0.08893309139745154,0.01212549537035784,7.8462971133060435,2.0503906219189703,0.13197259119719254,0.09139508148791164,3.211382375911944,0.03245535159290734,0.05053634415125542
0.6666666666666666,0.5555555555555556,0.1111111111111111,0.1111111111111111,0.8888888888888888,0.4444444444444444,0.0514864837855844,-0.08797298016122249,2.2153233469262954,0.0988578084408599,-0.024282642147418338,2.909716825749622,3.0581509283241455,0.08575475535903947,0.013788486790982752,0.018607451711335345,-0.018811683343096672,-0.00027473957279734154,7.133514132771863
0.7777777777777777,0.0,0.1111111111111111,0.7777777777777777,0.1111111111111111,0.5555555555555556,0.140061788580469,-0.1500176883494792,0.013887887453617104,-0.12041013496697027,2.866430454830139,0.05859527865195065,5.915843066202351,2.6846642549808952,0.06451526531285783,0.12821418300893203,0.20387771395785603,2.9603706708157356,0.14454453080128968
0.4444444444444444,0.5555555555555556,0.6666666666666666,0.2222222222222222,0.5555555555555556,0.3333333333333333,-0.2621011635807999,-0.10433996069036862,3.0518969371408344,3.0471534268087286,3.132041791273182,6.0956689489632065,-0.008157001965169976,0.15292478634014345,0.06864826401316458,0.17170887330563234,-0.08042769927232139,0.03002536763201884,-0.04295956739003253
1.0,0.3333333333333333,1.0,0.5555555555555556,0.1111111111111111,1.0,2.080591330733859,-0.021955216709416556,-0.02518521972500833,-0.1326489647776788,0.030820413383639916,7.111548937409481,4.1008195610910265,1.69839680147907,-0.1619645693820656,0.20051405255465915,-0.018762634911122615,-0.014894122914447526,0.11653354411392075
0.7777777777777777,0.7777777777777777,0.0,0.8888888888888888,0.6666666666666666,0.1111111111111111,0.019664529496690467,-0.06325901423895697,1.979015305147308,0.1897160687385881,-0.138139115312187,2.130122483772916,6.968760788480856,-0.027122871512026143,0.18629130897734716,-0.06428735949196321,0.08350583653611483,3.963694654920531,-0.14320670261489077
0.2222222222222222,0.0,0.4444444444444444,0.4444444444444444,0.6666666666666666,0.1111111111111111,6.983398013030533,3.116892637432787,-0.018589217762224535,3.0549421826980176,0.018855331528016266,0.004683135799744122,-0.04174978227341644,0.013178230051752346,-0.20328934519997988,-0.04483216556249542,-0.18039436253159025,2.026969884680977,0.03546604863959199
0.0,1.0,0.4444444444444444,1.0,0.3333333333333333,0.0,-0.0796065249495329,0.08013076084574322,1.0395830551136147,0.029357208724825685,0.963859613946486,0.047279300368474005,9.105420703563576,-0.06604431907601538,-0.08168444258601903,0.11890107570583902,-0.23184284776874062,3.7382709905612064,-0.1814727087567263
0.5555555555555556,0.1111111111111111,0.1111111111111111,1.0,0.6666666666666666,0.0,4.018174102982953,4.01523742073189,0.04965050383582789,0.007597729042272197,0.15373798077309975,7.1575783445862164,0.11590106388629562,-0.11558002714875354,0.036357788599044406,-0.08662026807009421,-0.05007103655935266,-0.10233622014868476,0.0010712426627731695
0.2222222222222222,0.8888888888888888,0.3333333333333333,0.7777777777777777,0.2222222222222222,0.5555555555555556,0.05441240835875532,2.0078692049840687,-0.11933686903629276,7.84739648120174,1.9237915194754869,-0.07776383573759467,0.07842731671070846,-0.03192808587483191,-0.018866633890511852,-0.015693506698282466,0.10968481478561416,0.16361151221599526,3.042705853717418
0.6666666666666666,0.0,0.4444444444444444,0.2222222222222222,0.3333333333333333,0.1111111111111111,4.975169416681307,0.14025015262856405,0.04382413930175329,0.9578903114934186,0.10105737112975398,7.02072299460115,-0.14340307289520846,0.06269063059702962,0.029982520177529056,-0.18566414222240668,-0.21510431552039577,0.013630100537027234,2.068335625457927
0.0,0.5555555555555556,0.7777777777777777,0.0,0.2222222222222222,0.2222222222222222,0.060858005012769625,-0.1360979773904556,-0.03470099491115854,0.06665899190285886,-0.15357522087918915,0.008528298217914626,5.021332926939765,0.09237559690639652,0.7546108069668733,0.01449873270011063,7.201812185234036,1.9378792661208926,-0.03162393276322203
0.0,1.0,0.5555555555555556,0.1111111111111111,0.1111111111111111,0.6666666666666666,0.0953992230218348,-0.07631426010826767,0.11569548845980251,0.05405331612446118,-0.15740734251337338,0.010059341767972574,2.854101804101302,0.0952547818431495,-0.1680674472771312,-0.18117537147191387,6.886269558872589,1.9196927333846523,3.1314940787518024
0.3333333333333333,0.2222222222222222,0.1111111111111111,0.1111111111111111,0.2222222222222222,0.7777777777777777,2.9981742464825953,0.029100454237039115,0.10748997485451034,-0.06978099001267304,-0.05783257170197853,-0.0847452537849712,8.078490464738737,0.16332762095790376,0.02587424943122645,-0.06232799937115168,0.9479638972863305,-0.11123142902064082,3.073114536955856
0.5555555555555556,0.2222222222222222,1.0,0.4444444444444444,0.7777777777777777,0.3333333333333333,-0.1062928762372351,3.9745366934534396,-0.11689613447992331,-0.18994630996214507,-0.2539955403305674,-0.08899615103210368,0.021807849778616918,-0.03178155663147815,3.9776425112544778,-0.10713798803867008,-0.09316815621596365,4.893229765710564,2.021123366116004
0.5555555555555556,0.0,0.2222222222222222,0.1111111111111111,0.4444444444444444,1.0,0.20476548371435582,-0.013637250975649887,-0.13692804052133245,0.12726233312944943,-0.0998566414789205,0.0557532641377321,0.9557344590329847,8.008108320579792,5.343266343179556,-0.07475262685796005,-0.0586680439697456,1.0375235451102576,-0.002194676383127246
0.4444444444444444,0.6666666666666666,1.0,0.3333333333333333,0.8888888888888888,0.8888888888888888,-0.04060709011954884,1.9311592456831408,3.0590493866200306,3.1077376567626382,-0.09520840716488203,-0.11364331013176956,0.1829906238047157,-0.14251561722623798,0.07153334491047735,0.04391273732188019,-0.11029695489243718,0.07594935929950941,6.889678365372691
0.7777777777777777,0.1111111111111111,0.8888888888888888,0.7777777777777777,0.8888888888888888,1.0,-0.10895510984630417,-0.1389550238470516,0.08342832052517575,-0.044934584755239315,0.10852513203699438,5.918985996935629,0.06146625861253559,0.1407410594657888,3.9913986486906863,-0.11254527462501987,-0.034257094231237885,2.125673747088133,3.073909383624262
0.2222222222222222,0.2222222222222222,0.5555555555555556,0.5555555555555556,0.3333333333333333,0.5555555555555556,-0.03859880935287451,-0.17443723745538922,0.07155367850567183,0.16309062540803745,0.16485940770510846,0.04327901996345385,6.980897082860039,-0.07861212702401676,0.9427398182689366,-0.16497503040146722,6.213455155891267,-0.002696438928302991,1.2384405138467878
1.0,0.2222222222222222,0.7777777777777777,0.4444444444444444,0.1111111111111111,0.6666666666666666,-0.007449741537318715,-0.16183179316099758,1.186156510227749,2.9140172976132495,2.956209178898451,8.16485510899956,0.14587732107662718,-0.20262064158338597,0.00010547699418268318,-0.10895350051014768,0.05391382220705605,0.1812177091595017,-0.0517489822461975
1.0,0.8888888888888888,0.1111111111111111,0.8888888888888888,0.1111111111111111,0.6666666666666666,0.14932228006540538,-0.09286442753793525,2.217227051582146,-0.08256538909305323,2.953666203216367,7.029695736775731,-0.1400594446668651,0.15496088532112628,-0.10700169041291104,3.061395156407982,-0.12891300394749206,0.010978294611235116,-0.001052617542101481
0.2222222222222222,0.6666666666666666,0.1111111111111111,0.8888888888888888,0.3333333333333333,0.7777777777777777,-0.038824090698920656,0.04892191937564925,-0.11168322572362502,0.15218657666674973,2.020244735691398,-0.27914440379218325,0.2005561575887981,0.04527136222363632,0.15535652215621068,4.982306344277463,3.7737384673654395,-0.04197178699128385,3.8773930038760285
0.0,0.7777777777777777,0.0,0.0,0.7777777777777777,0.3333333333333333,-0.003848246228477962,0.9517273137634451,0.020901228007003624,-0.17644080806307177,0.005378240442707993,-0.045958183317236806,8.06335088707786,2.8307697451149614,-0.04250709757555864,0.16583993398079264,-0.11810628977377974,3.0738053685359303,0.1330506115194857
1.0,0.5555555555555556,0.2222222222222222,0.5555555555555556,0.1111111111111111,0.2222222222222222,2.998991023164347,0.09885106422191402,0.10414396343771429,0.1569755509912194,3.9632167798634113,3.988770091661266,0.08041228510204734,-0.0745644049670234,0.004805070666646386,-0.06985706620498543,-0.23290411224270058,0.03349151437670594,4.170243004690795
0.5555555555555556,0.3333333333333333,0.3333333333333333,0.6666666666666666,0.1111111111111111,0.8888888888888888,-0.03720646810099599,2.0084297390910293,6.954689504862206,-0.07409633426063587,0.013610446388547396,0.10729310979967938,0.22158433358479185,4.082647655706843,-0.09613638025614542,-0.1427015628711627,2.1306830585767447,0.031671499153867404,-0.06104632434424176
0.1111111111111111,0.8888888888888888,0.6666666666666666,0.4444444444444444,0.6666666666666666,1.0,-0.10561721364058085,1.9192277633304937,2.123342490929926,6.997764062797716,-0.14004699771244003,0.08725789897317253,0.03101025961317004,-0.029113217079433824,0.06077152484722893,-0.0827683957273003,0.09639045974419587,3.857513909834563,-0.0903442726359496
0.5555555555555556,0.4444444444444444,0.7777777777777777,0.2222222222222222,0.0,0.2222222222222222,5.862311695899413,-0.04165590598739013,-0.0757451033403159,-0.03626459187674246,2.000476783177631,4.055425253990876,0.014653207276507372,0.02518597032535034,0.1604323943116341,2.973350943909391,-0.14583359393639644,0.0951381812479946,0.18358695455399288
0.0,0.5555555555555556,1.0,0.4444444444444444,0.1111111111111111,0.4444444444444444,2.0187288694139656,0.08395342227862146,-0.06556166871463462,0.018567535375888507,0.06370253187948584,8.037857557679583,-0.05396976528131852,0.16306297921390364,1.017281608410366,0.09301982055403867,0.040577898662854966,4.0873674222667,0.09332532965859973
0.5555555555555556,0.2222222222222222,1.0,0.3333333333333333,0.1111111111111111,0.5555555555555556,-0.02161551493995313,2.0833678812862524,0.21604557268592772,0.19989920138971085,0.07640414200481109,0.1687255223155202,6.869202865633631,0.14723963067285686,0.007487609788866709,-0.1786935403779782,3.016521058652925,3.097629629808127,-0.06960276712961552
0.1111111111111111,0.1111111111111111,0.7777777777777777,0.1111111111111111,0.2222222222222222,0.6666666666666666,0.19371315806243106,3.134922767826271,2.8724886135329837,0.10090902626721504,0.011197268749652817,-0.05516802438110113,-0.031663164258546005,-0.04449950027159164,-0.12162710225821392,4.955167689327742,4.069268891163452,0.14259420274975507,0.14583383367524927
0.0,0.7777777777777777,0.7777777777777777,0.4444444444444444,0.3333333333333333,0.2222222222222222,-0.0573360729257128,-0.011724767712955894,-0.0859371316917876,8.103000248856672,0.8351847081392397,-0.1363276557045137,-0.06358466985837091,0.025147344447120187,-0.032114798005329445,3.0033063905729462,0.004753462216510062,3.023327972705604,-0.10344629811999487
0.7777777777777777,0.8888888888888888,0.5555555555555556,0.2222222222222222,0.4444444444444444,1.0,5.966064022941873,0.05776123357717127,0.028022915571566706,0.10933066330173305,1.925377572458671,0.09062614134186041,0.14666247402727145,-0.014259029182964556,3.026593014436825,4.022518943429965,0.053567058936981896,0.03879211149003179,0.1469487707806396
0.2222222222222222,0.2222222222222222,0.3333333333333333,0.5555555555555556,1.0,0.6666666666666666,3.051336493561318,0.08645017035225613,0.03315267305007079,5.895822971797871,0.04333603521044893,-0.02299560226458878,3.9364912580852804,-0.08943706438088923,1.9929602919425322,-0.060746410193276194,0.20396722657066246,0.15967718980216522,-0.026693029564974432
0.4444444444444444,1.0,0.0,0.2222222222222222,0.8888888888888888,0.3333333333333333,1.0709157171873052,3.115696249705823,-0.017283937189547308,0.18482333679679017,0.09221103681405612,-0.010170911376114856,-0.17992991295513863,-0.0965955208232491,0.03186925427804651,2.956173605097917,-0.0020753261598423552,7.921268645803169,0.024692273113875694
0.7777777777777777,0.3333333333333333,1.0,0.2222222222222222,0.3333333333333333,0.8888888888888888,7.954169796199524,-0.15527058747717512,-0.03416432512987098,2.9427974112786908,-0.1551657639191818,0.14231771863257672,-0.007605096615502984,3.9673133921284456,0.0750374811492497,-0.008259523896167562,0.0767293626487417,-0.14806546192802672,-0.10366558675618028
0.8888888888888888,0.0,0.2222222222222222,0.6666666666666666,0.8888888888888888,0.3333333333333333,0.0545227590984845,2.1491897360895256,5.003001152617167,1.0216434264349266,-0.0823443904193359,6.997006412316475,-0.0708936713640576,-0.016023811578968906,0.07222801236347161,-0.19987639441733349,0.02130257263948562,-0.08045415853534424,-0.06465822153813858
0.6666666666666666,0.4444444444444444,1.0,0.7777777777777777,0.6666666666666666,0.3333333333333333,7.113817276928108,0.029543966465863936,3.0933629628208887,-0.17637747157512906,-0.0410216819271666,-0.045366712472299967,-0.05894296712511074,0.044023450438022395,0.08959214811709536,-0.11067788698814539,0.9037337435620005,3.8748042567592673,0.11476066746067717
0.2222222222222222,1.0,0.1111111111111111,0.5555555555555556,0.5555555555555556,0.6666666666666666,6.948526507793168,-0.010138078120071552,-0.03322106794104193,-0.09636565849010378,1.0373260973650444,0.03830268697572058,0.09413255845495389,-0.02254200823580782,1.9702912578776113,4.9414478253222285,0.14881415667730763,0.1007566985398126,-0.004038520788361578
1.0,0.4444444444444444,0.6666666666666666,0.7777777777777777,0.8888888888888888,0.5555555555555556,0.06489736060200502,-0.05858437473736149,0.20544747619853082,-0.05915662502667263,-0.03796889554502469,-0.037103151789480725,0.17012349653430764,1.0147602435986807,6.108441856343288,2.988990304168134,-0.12129749711766358,0.07754801738720202,4.9373543453669955
0.7777777777777777,0.2222222222222222,0.5555555555555556,0.3333333333333333,0.4444444444444444,0.5555555555555556,-0.13185225114045476,5.958392445583982,0.06316571009908743,3.176428505881256,2.8612522065505064,-0.21990579909687993,0.09301569973916998,0.030005125894933794,-0.05634729105734868,0.04183619166335986,0.07294430737809866,0.1912068746537096,2.9869658067717992
1.0,0.2222222222222222,0.4444444444444444,0.0,0.3333333333333333,0.5555555555555556,0.12798001716306423,-0.045175594159508836,-0.05096687406137471,3.0423773430194503,-0.1114967504195502,5.869804097398403,4.096319309714042,-0.19630750679485998,0.01133482551732908,-0.03247422640409677,-0.03730201923150563,1.866769470648357,-0.20359024350069901
0.2222222222222222,0.6666666666666666,0.2222222222222222,0.8888888888888888,0.0,0.2222222222222222,-0.06609084760600732,-0.11652180020300365,2.957458097519504,0.008803609612487993,-0.07417602315025393,-0.10725253019909582,0.02900413643555045,-0.07618346905784483,-0.09595318228949354,2.970084672913915,0.028549143616182323,2.210874842999863,7.161356155109229
0.6666666666666666,0.4444444444444444,0.8888888888888888,0.4444444444444444,0.3333333333333333,0.4444444444444444,3.8736619058933552,-0.13242492171803183,0.006471737218755259,2.0556998940172497,-0.01317055625742911,0.21723327962554256,6.117707022022024,0.1640057367649072,-0.0417870617781906,2.910312041358388,-0.10702882915960799,-0.011378156431374927,-0.12583499172829835
1.0,0.8888888888888888,0.3333333333333333,0.5555555555555556,0.2222222222222222,0.0,3.9366207946303313,-0.04307697393922685,0.0944284729199289,-0.047287555902955275,3.8592935889502478,0.9552526727270363,0.018858291237770646,0.05609180584133466,-0.09216590545137943,6.0647375115851405,0.13868255939410443,0.04895166181417871,0.02387958575229506
0.7777777777777777,1.0,0.8888888888888888,0.1111111111111111,0.4444444444444444,0.6666666666666666,5.955188819390648,-0.061079500284841284,0.7970054930814712,0.060794658608913504,-0.035410888355969,5.0152581490121495,3.050127484904084,-0.07864027706953625,0.10169956856725698,0.011311058187402882,0.14969952476612733,0.0168937667856272,0.03186246953200025
0.1111111111111111,0.6666666666666666,1.0,0.3333333333333333,0.4444444444444444,0.3333333333333333,-0.027337713839561913,4.14764139928447,-0.2103492781801827,-0.053283196112055314,-0.03050539939480451,6.8469579264894715,-0.07947026517589073,3.7827877289534984,0.019038723727463625,-0.14052275440762696,0.036986047372036,-0.026178169596131503,-0.08327135127847872
0.7777777777777777,0.3333333333333333,0.8888888888888888,0.3333333333333333,0.4444444444444444,0.4444444444444444,7.844621739000285,-0.06828478444517395,2.031062382021547,-0.012544719386657145,0.06662437992860969,-0.0788330268522488,0.16059935215654783,-0.02379534163645282,-0.0845195429064242,0.1310159231391461,0.13575664779629645,4.990983068291056,-0.04843021166665138
0.4444444444444444,0.6666666666666666,0.3333333333333333,0.0,0.4444444444444444,0.6666666666666666,0.09100746389356351,0.9105863031836606,0.0935191541792802,-0.13871805199607892,-0.00833932729033744,0.001175550719321743,0.12080994611405488,-0.18292196337498967,0.023443672196787665,2.9879289533223985,0.0002908287158088423,3.9115894454198203,6.869810516950939
0.4444444444444444,1.0,0.3333333333333333,0.0,0.6666666666666666,0.2222222222222222,2.9536862938249326,-0.02416637846702624,0.1475183478308824,0.011138164353145054,-0.0004276254670764191,0.06983462926143923,-0.16118546409077905,4.072256644715103,0.09153761413074754,4.090714386755462,-0.03329940622799779,-0.12352499959303509,3.90150714944054
1.0,0.2222222222222222,1.0,0.0,0.1111111111111111,0.2222222222222222,0.02474538689467184,0.05367648452373013,0.12765497755140973,3.15214340450145,0.08712482808892802,4.00339287983914,6.02649199567102,-0.02353123697547818,2.105486845217149,0.05942715493361383,0.021585967236060627,-0.1255600538039868,0.10466613849577998
0.4444444444444444,0.6666666666666666,0.0,0.6666666666666666,0.0,0.0,-0.15268863656237133,0.12317821873805423,0.09846295039767348,-0.15870688200862235,1.995153566395713,-0.1241394259928706,-0.014461931987276867,0.055516997351909785,-0.013663809970677822,5.863613197537957,2.026082727718927,5.025948770656642,-0.002723481056049539
0.2222222222222222,0.6666666666666666,0.4444444444444444,0.1111111111111111,0.5555555555555556,0.8888888888888888,-0.10451389747928104,2.9650218337968703,3.0268527168418373,-0.01550498213016635,0.21126221193063366,0.02560794374519645,-0.02067613340583698,0.048259795152415755,2.8894567646772273,0.04207551998530761,6.161679422752343,-0.08837713185733427,0.02988350190684363
0.2222222222222222,0.2222222222222222,0.6666666666666666,0.5555555555555556,0.1111111111111111,0.2222222222222222,0.07671130964448215,-0.16933487080721044,1.1638888930718865,2.895500181093179,-0.03350540576365678,8.038067217763812,-0.023260288408099676,0.08029366671164617,0.015092541697535761,0.056975129100466926,0.0074973423703366395,0.14720016145678616,2.7984501991006807
0.7777777777777777,0.6666666666666666,0.7777777777777777,0.4444444444444444,0.5555555555555556,0.7777777777777777,0.03640942466137382,3.9699384872199257,-0.0959032616980715,-0.08116100105728404,2.9428020021820545,0.05784105367328022,4.910386956375351,-0.01631835763614176,0.02752488701157913,-0.11557916510992894,3.1112348652586643,0.24215893039376307,-0.06740173072064805
0.2222222222222222,0.3333333333333333,0.7777777777777777,0.4444444444444444,0.1111111111111111,0.5555555555555556,4.091944718441821,-0.030967948041971567,0.05333674564269574,-0.018170519548628136,2.220866162998111,-0.03243318156168345,0.07939304091428137,0.06073661526176927,1.8916039863115353,-0.2160269413049301,7.057908721575004,0.08445184395768823,-0.05367054182072711
0.8888888888888888,0.3333333333333333,0.1111111111111111,0.0,0.8888888888888888,0.8888888888888888,-0.06333746675376548,0.09768032555621366,0.08528334249127995,2.095587664736448,0.026140203554021958,5.921172353887771,-0.12179733796945996,-0.19931365457322753,-0.0057681757904337674,3.191916875879353,4.047789455603834,-0.007974024353979176,-0.15207462166329033
0.4444444444444444,0.4444444444444444,0.2222222222222222,0.6666666666666666,0.8888888888888888,0.5555555555555556,2.933206993342909,0.0004938775623546407,-0.02222194756780055,0.09083396901692498,-0.015860676989364744,0.06953059952393552,-0.011421826013137607,-0.01897671664437168,3.125913352959976,1.9248022565789058,-0.028305286792145536,-0.12927374026245073,7.0096739354596735
0.7777777777777777,0.7777777777777777,1.0,0.7777777777777777,0.8888888888888888,0.8888888888888888,0.10695010010337898,0.0681401910133606,0.07340118099189075,0.10530423760226737,0.06252181869673089,3.07582594321492,0.04037240770776157,-0.09753885453711425,0.05260950996672287,0.09458863748241042,1.9108090344781292,6.023598998103219,4.108281307157111
1.0,0.4444444444444444,1.0,0.6666666666666666,0.2222222222222222,0.3333333333333333,-0.03734764553885792,-0.13211065736558691,0.006153397186295915,0.15936855595216862,-0.09129454192771608,5.989460992959442,-0.07510309471783472,-0.03589672940570473,2.0234771281050907,3.1476813608626184,3.928335597403164,-0.0708654994228328,-0.08725024403880957
0.4444444444444444,0.3333333333333333,0.5555555555555556,0.2222222222222222,0.6666666666666666,1.0,-0.10937904454878218,-0.15347000602121186,-0.08512621990105283,2.989418673052339,3.0040865386528406,0.11724491875207435,-0.0821600484572795,4.9220061876007755,-0.07568372405228574,0.01957459190548047,3.984152758333999,0.07772087951112211,-0.07891408068160674
0.6666666666666666,0.0,0.4444444444444444,0.7777777777777777,0.3333333333333333,0.7777777777777777,0.09132588525940286,4.094251314301394,6.973753229793172,0.9377462546390974,0.01811690894788202,-0.07915337654795833,0.1992204735677459,0.014088730311117162,3.0792440768563716,-0.12671073005022024,-0.17507575847901605,0.06872662051836545,0.051588671895591666
0.6666666666666666,0.5555555555555556,0.0,0.2222222222222222,1.0,1.0,-0.0760604756913223,-0.05667756498026532,2.9320056199223545,1.0227826914860614,0.09238521280054982,-0.15448602099407768,3.0478745131166947,-0.08741677208714416,-0.053093196430221305,-0.016043520807602723,-0.13614540401483557,0.2843938569739298,8.242497747453344
0.3333333333333333,0.2222222222222222,0.5555555555555556,0.1111111111111111,0.7777777777777777,1.0,0.07522698590240823,0.06560151814185348,2.8956389807414036,4.237734887588369,0.0018317264871405515,-0.012339550999896655,4.120399357908296,0.02608000655858127,-0.07766036112085258,-0.0218921430497509,-0.03760857792528885,4.006465569336967,0.055445753887444466
0.8888888888888888,0.7777777777777777,0.3333333333333333,0.1111111111111111,0.7777777777777777,0.3333333333333333,2.0532758903842834,0.13012018917862486,1.9995896935784732,8.095806851826605,0.17066618414821416,-0.12260226077977772,0.071257056349051,-0.10723321101925028,-0.15070755907081498,0.15846620395874347,0.1135483968796023,3.0523372943912803,-0.047693139764435316
0.7777777777777777,1.0,0.3333333333333333,0.8888888888888888,0.7777777777777777,0.4444444444444444,0.15035612241102964,1.8632832274961162,0.006739291981889342,0.048517755366254633,0.12871269332031163,-0.15264276993735634,7.69358586438949,3.0115370313286265,0.031742715534436645,2.0173680272677084,-0.0877246861311612,-0.00441607998401728,-0.15400790713414786
1.0,0.8888888888888888,1.0,0.5555555555555556,0.6666666666666666,0.0,0.042059339168511296,0.0892588395830451,-0.07320318846051872,-0.20039417678250968,6.987021828974486,-0.01985003194006996,-0.0080606994326243,0.13035754514576023,0.013859547911853221,0.20841228476909004,4.038074345330989,-0.10872336706672601,4.113361345827846
0.3333333333333333,0.3333333333333333,0.5555555555555556,0.1111111111111111,0.8888888888888888,0.5555555555555556,-0.009034436761133894,-0.048877085733170574,0.027940135122166622,0.01147838114006333,-0.15585941928171035,-0.08495187764148104,0.11520065700146512,1.0175927892459844,6.063898595369321,3.102015264451535,0.1792613071632507,4.93609034998032,-0.07033950585259874
0.2222222222222222,0.3333333333333333,0.3333333333333333,0.7777777777777777,0.6666666666666666,0.8888888888888888,-0.09245095945483306,-0.06004505415558051,-0.09125867671295468,2.9984999267502186,-0.010823276892106415,10.058123827172091,-0.11906512335608765,-0.0653824523313264,0.03594610656512877,0.06986479775844115,-0.23166173104182222,0.9397929377644743,0.9746379610406022
0.7777777777777777,0.8888888888888888,0.2222222222222222,0.7777777777777777,0.7777777777777777,0.8888888888888888,-0.20411541793372046,0.04487003567731619,0.12041275262588091,-0.1943099412302922,-0.15649287679726243,7.095218212674041,4.113533922811904,-0.1272775637465155,-0.0987620712704062,0.06594188067356808,2.9756976268306445,0.9478683569225976,0.1594137379633442
0.7777777777777777,0.2222222222222222,0.3333333333333333,0.7777777777777777,0.0,0.4444444444444444,0.02977990384609698,-0.18194488422044686,0.02533139057227929,-0.14052576600099997,1.0742056579716026,9.098199365771915,0.04385619980890406,0.0927819852939582,3.1964279457255707,0.07266799660354821,-0.03719599408387549,-0.10933039087690002,2.022445073469377
0.0,0.8888888888888888,1.0,0.4444444444444444,0.2222222222222222,0.7777777777777777,-0.10350381702707548,-0.1438745273090476,1.9538150495058955,-0.17783181251316707,-0.13004737829259794,0.050115639099760245,-0.04752552733646227,-0.030663438070260327,0.997408390134184,8.804580818427455,3.0186223745518213,-0.00038299430664775406,-0.004520646971031836
0.8888888888888888,0.3333333333333333,0.4444444444444444,0.0,0.7777777777777777,0.7777777777777777,0.034284631059528274,2.78350724305938,0.19118295120412165,2.9696648885222934,-0.14342137169891075,0.011152987853981361,-0.12711677230894022,0.006639269984569035,0.05406022320910384,3.868110317256678,5.084542642912388,0.013109219967497152,0.0349083684214654
1.0,0.8888888888888888,0.7777777777777777,0.1111111111111111,0.4444444444444444,0.8888888888888888,0.040406810514771865,0.051243414680567916,0.11203617995751336,0.08604544477785941,0.04869103534737833,6.92356603737304,3.0286331102469206,-0.055783395440585415,2.855124772632843,-0.004137687521102639,-0.09128100967507607,2.113514138578654,-0.003770919420042695
0.3333333333333333,1.0,0.4444444444444444,0.2222222222222222,1.0,0.0,0.004526256872071091,0.07752061185930605,-0.04181239219167975,-0.025659485841042908,1.1164671162298936,-0.13836786015679184,8.913304478156785,0.9866306127760656,0.07847891910603184,0.024979247394889877,-0.11575168377245607,3.9080226029475527,0.16944600197979376
0.1111111111111111,0.2222222222222222,0.8888888888888888,0.3333333333333333,0.6666666666666666,1.0,3.031626928139039,2.938155877758615,5.951572247942707,0.37402489037045894,3.1340271910329305,-0.16364740109452613,-0.045877497554205414,0.07228226834002523,-0.027548108296472536,0.11390532955004165,0.17642495790385695,0.000756039503731471,0.029473951486194312
0.7777777777777777,0.8888888888888888,0.6666666666666666,1.0,1.0,1.0,-0.01686622867439575,3.0882799066106528,0.14999251635020866,3.093439537398185,-0.10829776057118046,0.07543630698241058,-0.057875393332955674,0.17483619661547162,5.047628381570698,4.105812873431641,-0.0021059386083835166,-0.003233791224007781,0.043077763276180674
0.8888888888888888,0.2222222222222222,0.1111111111111111,0.6666666666666666,0.4444444444444444,1.0,-0.003080131206130836,0.1578913904941558,-0.11421963009115638,0.06854164476855812,-0.05866597964399875,0.08610462424060726,-0.1797116092354214,3.1286126248452186,-0.030936877839864436,-0.12336731524814669,10.071668431025957,1.9808223156608935,0.027713883157577574
0.3333333333333333,0.1111111111111111,0.3333333333333333,0.6666666666666666,0.5555555555555556,0.4444444444444444,0.12279086981752832,0.8908809443245803,-0.07363771349439864,0.00804071303898074,0.056751539851878585,7.929638502414351,2.920685468490535,3.0771335292246875,0.0983638642215719,0.1397273258509965,-0.029513532598451117,-0.2582234797652329,0.052339028476949094
1.0,0.6666666666666666,0.8888888888888888,0.4444444444444444,0.0,0.3333333333333333,0.07599321025295837,6.853317685017986,2.009038024644507,0.027530827954620057,3.0340354962253357,-0.04646944688246071,3.008343319476319,0.060039449611519115,-0.1776173442141947,0.09110824343340163,-0.03658366539820187,0.07645021191967671,-0.07026202774311523
1.0,0.3333333333333333,0.8888888888888888,0.2222222222222222,0.8888888888888888,0.7777777777777777,-0.1711764865060453,8.118113872842532,3.164113618570752,-0.18605307372176694,-0.12922766213687398,0.009417315784658271,2.8950639678373284,1.0760251747023404,-0.07970638989468276,-0.05175805259309351,0.021143496899161857,-0.2178225097325519,-0.03199225871280178
0.4444444444444444,0.6666666666666666,0.4444444444444444,0.7777777777777777,0.5555555555555556,0.5555555555555556,0.20146488739995522,0.058688474535653956,2.9000890487118736,3.1046015120849693,0.20631854387843407,0.12746684771773753,6.941538916271856,-0.06575961398094976,1.962952314563299,-0.10490533662436322,0.0029215791266507273,-0.10056893205985845,-0.08752393871449164
0.4444444444444444,0.7777777777777777,0.7777777777777777,0.2222222222222222,0.8888888888888888,0.1111111111111111,0.032081877180920475,-0.05636220581843773,-0.020438481436563963,0.2148178243435251,0.036821948903367895,0.11903232334406805,0.04379181321807927,0.060297901756370426,1.8650824793036223,2.945302808696108,2.973774612639543,6.955337334954823,-0.020290850458368506
0.7777777777777777,0.1111111111111111,0.5555555555555556,0.1111111111111111,0.8888888888888888,0.1111111111111111,0.01599017432794053,2.977738759055216,0.0689592816917856,1.9752202493892468,0.10839519781997108,-0.0013095411345173575,-0.05946762577195796,-0.12513907568690089,-0.07693836244291608,-0.025431071572145914,0.1202059351006588,3.8728126421585376,6.104015273925491
0.2222222222222222,0.2222222222222222,0.0,0.3333333333333333,0.3333333333333333,0.4444444444444444,0.9908235806641938,2.916855491964948,-0.13190912300084695,0.05489951251882254,-0.19062328456870806,-0.046151297052463486,-0.04403619312799523,-0.016312500621284975,1.058118494431072,-0.06146409249169097,0.01203424280078301,9.878215394924082,0.005769209257769411
0.7777777777777777,0.7777777777777777,0.3333333333333333,0.7777777777777777,0.6666666666666666,0.5555555555555556,0.060835537669155205,1.9648308123876421,3.0368665692995886,0.010463232334045329,-0.034428914928029845,-0.006081747453551338,-0.019502087663908495,-0.19742477626379518,3.850083713822164,0.04328522273782929,5.791165295831562,0.11583817949984428,-0.14099711379719632
0.7777777777777777,0.2222222222222222,0.7777777777777777,0.5555555555555556,0.5555555555555556,0.8888888888888888,1.003052528789112,0.0472135915901166,-0.06367350241906235,0.1162588546776034,-0.13708535487883827,8.09067663773285,0.014855654928392612,-0.015118582188059088,3.1011695945766893,0.05392538227271283,2.87955225634251,0.14118106063787875,0.10039964033226745
0.7777777777777777,0.1111111111111111,0.4444444444444444,0.2222222222222222,0.1111111111111111,0.4444444444444444,0.010380768108867152,0.014968752877271833,0.13362367180035079,0.16581722542565447,0.06126584867054992,5.883737856561398,0.012025014650600971,0.08200199055267632,-0.08344983354558087,-0.12058669118259405,3.0005778391705293,3.011236384565475,3.037782979129796
0.7777777777777777,0.6666666666666666,0.4444444444444444,0.1111111111111111,0.3333333333333333,0.0,0.1230299344816437,5.781757460049083,0.009986144802354702,-0.020567772375813833,3.0015749245653223,0.016743325478125636,0.10257495478066413,0.05589327357143823,0.9954300076777955,0.008911753005958289,5.010535739192515,-0.013296578186014174,0.1322013784498662
0.1111111111111111,0.4444444444444444,0.0,0.0,0.2222222222222222,0.4444444444444444,-0.1912238285969747,-0.14014961881101126,3.159763696284571,0.05736533442539641,8.063064167252548,0.11581868527405184,-0.20183550516948065,1.1439135402533933,-0.11664641491312414,2.9017261029947856,0.10362427757607001,-0.11557159541158851,0.0530921212786579
0.8888888888888888,0.7777777777777777,0.3333333333333333,0.1111111111111111,0.0,0.5555555555555556,0.14273293869368373,0.93504064518409,-0.058908015128331485,7.067202856798197,0.08963216468688703,0.03417252213234678,-0.1581368005190903,0.16102040229900613,3.062249493078788,-0.23568649077708295,-0.08997874930908699,-0.10600342610720748,3.922230238143681
0.7777777777777777,0.1111111111111111,0.4444444444444444,0.8888888888888888,0.4444444444444444,0.2222222222222222,0.025605238613052046,-0.07152321407714558,0.1224947014327952,2.1108737925665926,3.0074250682103387,5.894677302649399,-6.130050749615328e-05,0.040675972575016386,0.11624573869569982,-0.0464294102344676,4.007972196175028,-0.09967397713054439,-0.046098237307531015
0.1111111111111111,0.3333333333333333,0.1111111111111111,0.7777777777777777,0.7777777777777777,0.0,6.116833816635041,4.159620347930901,-0.03449741204042674,-0.02641389428883686,-0.07606621655012265,3.847040202062533,0.03727604823882885,1.0472690317060127,0.06044470805127579,0.002613197953061615,0.052921130426413956,0.016538189996365672,0.12444590620289296
0.7777777777777777,0.2222222222222222,0.3333333333333333,0.4444444444444444,0.0,0.4444444444444444,0.03745761119559011,2.145133511576054,0.10723618705649006,0.03590165438742419,-0.12423005116668569,0.05172723109699304,6.0320761980655595,0.19186195264011077,3.0742341573755487,-0.11312712082912715,3.920713626530036,0.09639369237089189,-0.019311226230054837
0.4444444444444444,0.4444444444444444,0.4444444444444444,0.2222222222222222,0.2222222222222222,0.4444444444444444,-0.12028900119713276,6.049076138150159,0.04936492371435114,-0.011854175010917877,0.08615962373417194,-0.010423392541083456,0.186481534291299,2.890249019735336,3.0907922086912825,0.09909861710337485,3.1266866564398184,-0.012525423890135005,-0.04129943380926289
0.3333333333333333,0.0,0.2222222222222222,0.3333333333333333,0.5555555555555556,0.1111111111111111,7.174067506403552,2.0546569102660377,-0.05851352797686909,0.08323518154376314,1.1587082521938896,0.06663810561258107,-0.07259800553524552,0.0979424985959948,-0.15375348412154788,0.07768192843307929,5.097832754260283,-0.02219688997106049,0.02771265005611528
0.0,1.0,0.3333333333333333,0.8888888888888888,0.6666666666666666,0.7777777777777777,0.015028030707346207,-0.05357956620139959,2.9142399679797095,1.9721318652340531,-0.06220121543392613,7.151384074852948,-0.13552714642976346,3.1799211810942496,-0.02354109580367169,-0.07710385133282166,-0.054424591077352716,-0.10409628473237882,-0.20321673237396742
0.0,0.8888888888888888,0.0,0.4444444444444444,0.8888888888888888,0.8888888888888888,0.08159891538121661,-0.015364732494142597,5.916154970936749,-0.13058329534318514,-0.05628290444355841,-0.12514994035400626,0.1298571621773978,-0.1896277930424392,0.9041787184227719,-0.0883021730366859,4.047517739276916,4.0253774807511,-0.014479311447659841
0.3333333333333333,0.1111111111111111,0.2222222222222222,0.7777777777777777,0.6666666666666666,0.7777777777777777,-0.01722249888371435,0.03980717878807534,-0.07954389347419866,7.048366473336493,1.8677237580234216,0.05403055162702174,-0.05072572026876707,4.112837854223646,-0.12233505715927329,-0.045350311891367796,1.9179094628563218,0.09402189051184921,-0.14112934668388918
0.3333333333333333,0.0,0.3333333333333333,0.3333333333333333,0.3333333333333333,0.1111111111111111,0.08841477951153655,0.04632172228765913,0.056597320543259305,-0.06881593072259579,0.04753405172814225,0.17507218048489626,5.930869146161744,5.025318954811736,0.973691874706252,-0.1100346396145693,-0.08248275939563185,3.0524850945250073,-0.004538255669644253
0.2222222222222222,0.0,0.3333333333333333,0.7777777777777777,0.5555555555555556,0.8888888888888888,1.7547080137199462,0.05322881797215193,3.9682410672169874,0.09177471118740052,-0.06436341669020254,8.230692727397118,0.9051250747990894,0.07662261906874215,-0.10754598165366552,0.01949556147899143,-0.11475100576742117,0.12548487535119632,-0.002110381939647485
0.0,0.4444444444444444,0.1111111111111111,0.4444444444444444,0.6666666666666666,0.8888888888888888,0.1494769182528637,-0.00972858453016073,-0.16243589631658872,-0.08431173300928396,-0.03921689753142158,0.13814994155847962,7.272946213544509,-0.011415706800292053,0.03180168609494612,6.125011222621872,-0.11413083218566607,-0.031560320940172824,2.0669592695911705
0.8888888888888888,0.0,0.0,0.6666666666666666,0.6666666666666666,0.8888888888888888,0.035313325447531546,-0.008432253269598856,2.90225992899772,0.01041899758726189,7.0712877299456025,-0.0718420956902102,0.007447709492304472,0.20897409170494902,0.04773366596902064,3.059312356637601,-0.10361885663919009,1.9449124350396407,-0.03174661705913823
1.0,0.3333333333333333,1.0,0.7777777777777777,0.1111111111111111,0.0,-0.08386774077745357,-0.12091004586415191,-0.15657748449138428,-0.020787983780257424,0.08328187435217099,0.06167805635806435,7.067628151063587,1.0912086858151024,-0.08588231507422038,3.9316729281586267,-0.023558565194673465,2.910874236108814,0.024967101487352886
0.3333333333333333,0.1111111111111111,1.0,0.3333333333333333,1.0,0.3333333333333333,1.9336844168704157,0.11139527418808069,2.912214845747115,4.05625417835249,0.1678760399494032,-0.12152254181311306,-0.055132314444468256,-0.07681584763741307,-0.10602738188253057,0.02606884809102133,0.050031951948667046,-0.07328074372194353,5.94875173744857
0.2222222222222222,0.6666666666666666,0.1111111111111111,0.7777777777777777,0.3333333333333333,0.7777777777777777,0.024241075242619897,1.031396174295537,5.888862706769218,0.23016345027808535,-0.023344104883120644,0.008811970446198624,-0.06280690126587997,3.974130456390231,-0.0904288638743523,4.16282387080178,-0.1847187510881867,-0.018494936447121513,0.0661114463472676
0.0,0.3333333333333333,0.3333333333333333,0.8888888888888888,1.0,0.0,4.840278575574224,0.04610159637431851,0.13165064027087495,0.02963696717799263,7.512221247400476e-07,-0.0034210800092609435,-0.028149932055068452,1.0580177644712596,0.9136473403481953,0.032681306197752724,7.966147427485842,-0.05816228502650783,-0.11563755922941564
1.0,0.5555555555555556,0.3333333333333333,0.4444444444444444,0.4444444444444444,0.0,2.0674528219339403,-0.05906453787685052,0.10775199822005939,-0.0028045418922321504,5.999690776204244,1.890212729076868,4.899988428005332,0.054699822964545876,-0.00961876932390115,0.005874243061108081,0.06510145056416429,0.05218448364473295,-0.03558323037687913
0.8888888888888888,0.8888888888888888,0.7777777777777777,0.8888888888888888,0.3333333333333333,0.2222222222222222,0.2894386191626909,2.3135047340087906,0.044031310911722576,-0.1439194359044072,-0.08936101413393985,0.05817392889695518,2.9423393113379124,2.9918297731590666,-0.19967455389180463,7.043618151590087,0.12084426041815277,-0.12143733634764425,-0.03435000256003402
0.3333333333333333,0.1111111111111111,1.0,1.0,0.4444444444444444,0.5555555555555556,-0.035902060721950624,-0.24848954085549657,-0.0475650077257237,1.943083544425446,-0.13935569669723288,8.91254594793105,0.024685327108567162,1.0341389047075373,0.03248685522382847,-0.057595219615357234,-0.0824904519498372,0.014538797545034952,2.9606857841440317
1.0,0.4444444444444444,0.8888888888888888,0.6666666666666666,0.5555555555555556,0.0,0.10364170105858024,0.11643086471236404,2.952738687374815,-0.1633486958657259,0.018335976313563974,-0.06688954996256538,0.08222970703188968,0.07000995177303652,-0.1050609359178075,0.10482305593614219,9.139227734025882,3.038622388289879,0.061014603665046734
0.8888888888888888,0.6666666666666666,0.6666666666666666,0.8888888888888888,0.6666666666666666,0.4444444444444444,1.9479071954813718,-0.08591603981680451,3.1254886871425662,0.024110911704715517,-0.00916751996340547,4.993107498050322,0.07527614653068494,-0.021565126620908957,-0.04984279010854797,-0.030474360581146106,-0.016249720102336534,4.951352864793178,0.00882823106652884
0.0,0.4444444444444444,0.5555555555555556,0.4444444444444444,1.0,0.2222222222222222,4.950840137312345,-0.04549278426221724,0.1986539197727147,2.000726048398585,1.1707986180918803,-0.10047646079403064,7.07548167342811,0.0011318007124972325,0.16910100183182633,-0.04651863471275594,0.179232298935285,-0.05886460984983552,0.0007627448212862024
0.0,0.2222222222222222,0.3333333333333333,0.6666666666666666,0.8888888888888888,0.7777777777777777,-0.1156085933205499,-0.0034551151621253356,-0.020682310363823817,-0.11093858227166964,-0.18459965521446364,8.089640694234916,3.0495137578216864,-0.0696338517135318,-0.010679363646938571,-0.07252038456637648,-0.013807465634608823,1.02500426887487,3.0353115657070115
0.2222222222222222,0.1111111111111111,0.3333333333333333,0.1111111111111111,0.2222222222222222,0.2222222222222222,-0.050097687361603166,-0.020980437698718157,0.05161168844666463,-0.06593264509967056,-0.0555557115457409,6.008185020859734,4.049476224859401,-0.04239497512401261,0.07965307986530902,-0.007006411599606449,-0.0672742530304163,2.0094415407246204,2.8543309705971933
0.3333333333333333,1.0,0.2222222222222222,0.6666666666666666,0.2222222222222222,1.0,1.816410095870914,0.03390251296105697,4.822367666023281,-0.08019470832016612,0.09986705888993867,0.03316940642614485,6.915003313193719,-0.001499042866192988,-0.14338957280829992,-0.11391903140756272,-0.016781809657054742,1.0587449551426593,-0.0033729521000650875
0.1111111111111111,0.1111111111111111,0.5555555555555556,0.4444444444444444,0.8888888888888888,0.4444444444444444,-0.00842942671056254,1.934965566972965,0.007451824253011115,0.07960178154738345,0.11037480234615574,8.034277341102085,2.012197818894065,0.03551726778037381,0.05253602080090382,-0.048177637406572556,-0.03691119159564905,2.933655502597733,-0.06287994264700617
0.7777777777777777,0.2222222222222222,0.3333333333333333,0.0,0.5555555555555556,0.8888888888888888,1.1883029536322862,0.07849377222952587,0.931526029432639,0.0042316779241045,8.030748920265026,-0.00899584325212619,-0.09637543939105328,5.1446528642388545,-0.11884246050321579,0.08683403811601967,0.0054036956344474816,-0.08134718048962176,-0.01615041145489687
0.2222222222222222,1.0,0.4444444444444444,0.0,0.0,0.3333333333333333,-0.18504991327810164,5.02749725694405,4.072846460657016,-0.053006095436467095,0.0297857928006686,-0.24988942747107412,-0.05313955414362246,-0.13374015901317074,0.09252926034964265,0.01943131872410117,2.9952762421499277,2.9810771301956267,-0.02428883858863179
0.4444444444444444,1.0,0.6666666666666666,0.7777777777777777,0.6666666666666666,0.8888888888888888,0.07850624781487754,0.8958247195114437,0.09322531272553473,0.06995888948805859,1.1030754331062649,9.965206333157253,0.10814859205102037,0.1000785925774463,3.044959769191396,0.11228697457953762,-0.044130164368263294,-0.007314789196366885,0.13475995796289292
0.0,0.8888888888888888,0.0,0.5555555555555556,0.2222222222222222,0.0,7.201739038021981,1.8353365218421391,0.09370434368925865,-0.12581159195347472,1.0210291501450315,-0.05878981025013955,0.020568904071781212,-0.029823864939612726,0.039407345174029856,0.06497446906254493,-0.034815581562611324,0.06685633960121458,4.971242437349568
0.8888888888888888,0.6666666666666666,0.1111111111111111,1.0,0.5555555555555556,0.0,2.0684819456841956,0.11774543938903058,0.016508508378021963,0.023311263636668744,-0.18027220504245314,-0.07718904782638553,-0.06226565784556466,0.9849340385861621,-0.14000228868967704,-0.13010660787574851,6.9922893043132595,5.020782526731299,0.09861959282732953
0.0,0.8888888888888888,0.1111111111111111,0.3333333333333333,0.7777777777777777,0.5555555555555556,0.14327564266221432,0.05282584995152872,-0.03677319748239843,4.06917208593695,-0.0798346748264865,6.021381772724797,0.17899759295397105,0.14735739321756863,-0.03023854022651536,0.09703637044692226,-0.038791702052603405,-0.06151060103874422,4.839066263227928
0.1111111111111111,0.2222222222222222,0.6666666666666666,0.3333333333333333,0.2222222222222222,0.1111111111111111,0.05368901631091649,0.030594078416588816,2.0984494017171738,7.0805922147436435,1.970047966615562,0.08631016097637816,0.18807307546241123,0.23012837618788506,0.07724558045656564,0.028847588826539896,0.03886640869423182,4.008338966865268,-0.05755688833229881
0.8888888888888888,0.6666666666666666,0.5555555555555556,1.0,0.1111111111111111,0.5555555555555556,0.15772914018653586,2.0762506469975346,0.01464966997003222,0.14876209683463107,4.083973147544616,6.874372178786573,0.12366387666542807,1.9590568738085028,-0.13175820382080725,0.02898594014928233,-0.031019690033345412,-0.07444728050562531,0.1583547291673275
0.1111111111111111,0.6666666666666666,0.3333333333333333,0.0,0.5555555555555556,0.7777777777777777,0.005972217543627661,-0.005222398815697889,-0.025136514562701245,-0.03929823329028175,0.018877920365894942,3.9678856256836172,0.3238343196752377,-0.10543750359107201,1.0117243182112,-0.04702732775659127,-0.07025405413912374,2.9332061483530554,7.002765505369096
0.3333333333333333,0.2222222222222222,1.0,0.4444444444444444,0.4444444444444444,0.4444444444444444,1.0931194710665466,0.11945064126916285,0.06966415247324458,-0.042368177044130206,0.192173816791684,0.17777335964581392,0.17631582835495724,-0.04714531597032859,0.062143464274177766,3.0710254282474434,0.05849327330836131,7.056875479601888,4.054902270773437
1.0,1.0,1.0,0.4444444444444444,0.8888888888888888,0.1111111111111111,1.9697568539144732,0.12073170305002082,0.13776666162314943,0.06362839300179232,0.005529735349905863,0.04058171169131124,6.12484572829872,-0.012748161092192995,0.06994356666012877,2.9264749539971695,0.037921609936093115,-0.12746618205200255,3.886308617793053
0.6666666666666666,0.6666666666666666,0.7777777777777777,0.2222222222222222,0.4444444444444444,0.5555555555555556,0.20884818045490885,0.01316468172402233,2.1103714818030204,-0.2676841376347491,2.9762301536331033,-0.017578325975833826,-0.05582385405501156,0.013965556823449056,-0.08663452517714967,3.1255861143420582,0.06589328879933323,-0.11443557399982099,7.048465471767401
0.7777777777777777,0.3333333333333333,0.7777777777777777,0.1111111111111111,0.6666666666666666,0.7777777777777777,0.031451990309827524,0.16108814773826816,0.10558686021830502,-0.11183198368795517,-0.07771753219452321,0.09944350023559069,-0.1321513378351499,2.0599902041775104,7.932165193300606,0.05089450728523229,3.0538264819331764,0.03745336570778013,1.9253182759344054
1.0,0.4444444444444444,0.8888888888888888,0.7777777777777777,0.0,0.4444444444444444,0.003353786731489009,0.12202224782766834,4.981540016740866,0.044667436229870704,0.1648747795073854,8.190952869155257,0.15546894746825002,1.0142777673134111,0.010280335690232508,-0.017660012446862758,-0.05120675824206272,0.9836049786775741,-0.14109659716113074
0.1111111111111111,1.0,0.7777777777777777,0.8888888888888888,0.6666666666666666,1.0,3.0578024943735174,-0.02846351527557305,0.11312648708002362,0.10500034382632123,0.1393015753572061,-0.07768093919310283,-0.022667535907875014,6.926978717733112,-0.155909516247379,-0.06702029691032715,2.9207259383843156,2.11306051773634,-0.2739141738963788
0.1111111111111111,0.8888888888888888,0.3333333333333333,0.4444444444444444,0.7777777777777777,0.2222222222222222,4.051031497815998,-0.025361932083227297,-0.04576626676820923,-0.030603649673749,0.04657575557576121,-0.009797565054204127,0.23782396207685508,0.019684576473421155,0.9529156690122678,-0.05296753688246612,3.978382431858336,0.15905567299134352,6.054311372144671
0.2222222222222222,0.6666666666666666,0.1111111111111111,0.2222222222222222,0.2222222222222222,0.1111111111111111,0.13770374566557114,-0.12642109739896554,2.9512857753269475,7.006962853624555,1.9799491833960348,0.07029729409493331,0.10515007173855323,-0.03661232601021421,-0.2872050250287267,2.907718081283195,-0.12005083039338008,0.05825205566485963,0.20434699799311618
0.5555555555555556,0.5555555555555556,0.2222222222222222,0.3333333333333333,0.3333333333333333,0.3333333333333333,2.0343074818614824,0.1819773086209831,0.0338016911783674,0.1122974756204621,3.0324113062376066,0.07553743342106331,6.907300752595736,2.968990522247787,0.15081115716402532,0.09297092046865879,-0.1355190427115663,0.10751156918372812,0.12316693445367433
0.0,0.5555555555555556,0.3333333333333333,0.1111111111111111,0.0,0.6666666666666666,-0.02756022636357082,0.033404356906613926,3.9425939639024006,2.0308397262070685,0.015711632842506082,7.961469708543711,-0.00405274031305083,-0.05425373669058399,0.06889697847388422,-0.06442263196155727,0.03540425043243763,1.028081029533209,-0.07881484187605853
0.4444444444444444,0.3333333333333333,0.1111111111111111,0.5555555555555556,0.5555555555555556,1.0,-0.03988118764075875,1.0312513592311587,0.13744246847347796,5.935949754375187,2.9876145148534543,-0.01862524436112093,-0.17534069130437527,-0.014788696893213205,0.07519208813872225,0.0781318842988582,-0.04800347364106886,0.05357097643598975,4.975114817828918
0.0,0.6666666666666666,0.7777777777777777,0.8888888888888888,0.2222222222222222,0.8888888888888888,0.03575317625730401,0.09359749079643225,-0.06637520050841478,4.047973691917588,0.8360161238721195,0.09753386130718263,-0.15458008471502324,-0.0063731054714513445,-0.018964365892205425,7.086167039010924,3.1789185425454582,-0.018801524542000965,0.0008588610451617097
0.5555555555555556,0.0,0.8888888888888888,0.2222222222222222,0.8888888888888888,1.0,-0.1058646982939965,3.056517470909677,3.0997977237757204,0.11765710026397772,-0.09960847268797914,5.91265108912485,0.09046195237125952,0.09391726718903265,-0.20499932285070188,2.9183438534823116,-0.21948926470362756,-0.019118358932453793,0.014168904275829404
0.4444444444444444,0.1111111111111111,0.2222222222222222,0.1111111111111111,0.6666666666666666,0.5555555555555556,0.034913395249133804,0.045206921998031196,3.0657262312303715,-0.010072760864330095,-0.15118818047530538,0.02137688042064224,5.075116707877723,2.8587541154865836,-0.09677838524062428,0.12012087431840335,0.16301519334220077,-0.04650585927011563,3.8695692486506097
0.0,0.6666666666666666,0.1111111111111111,0.0,0.1111111111111111,0.3333333333333333,-0.059835745799669465,-0.08289553174448609,2.954277231953342,0.08227610387971016,2.807791277530742,-0.2043549125815142,8.194295389355846,-0.08044361646653432,0.11836577834365963,0.8154749067393456,0.08586039353798408,-0.14139401420406147,-0.09873508802696454
0.5555555555555556,0.4444444444444444,0.7777777777777777,0.6666666666666666,0.4444444444444444,0.2222222222222222,-0.13966601937957,3.0544725830462625,0.8958806439164344,-0.09984226548423358,0.06736533602179266,7.156789529761064,0.04293211845674344,0.02610413364313395,0.07798494040864162,4.166777823265889,-0.024831899379384237,-0.09778469852572091,0.18430945049733946
1.0,0.3333333333333333,0.2222222222222222,0.8888888888888888,0.4444444444444444,0.2222222222222222,0.14149011535194622,-0.12141292125200198,0.08132614607247918,0.04075160066088693,-0.007101086391740801,-0.11523748696302505,-0.14108319300849667,1.9452436422352628,1.9927960382849415,0.1641049198722794,7.860107501334693,0.10182231587385396,3.021290878678854
0.5555555555555556,0.1111111111111111,0.2222222222222222,0.5555555555555556,0.3333333333333333,0.3333333333333333,0.0815925507981433,3.202257577420716,-0.044357188092067235,0.013790768914676222,2.8318300824231146,-0.06698353509774514,0.15617200712433574,6.202466590343745,0.01671791149157504,2.9947800130145708,0.04608289844097452,0.029702659916951785,0.2252553060760863
0.3333333333333333,0.2222222222222222,0.8888888888888888,0.1111111111111111,1.0,0.6666666666666666,-0.10104099487003021,-0.16849541154860362,3.9255013499973415,-0.13777550968152266,0.011355500464814537,0.005634372781242254,-0.14932743109949942,1.996705811151472,-0.029377694633372427,0.023987149896147666,2.9359062544722248,-0.04005073642238546,5.971212187271572
0.4444444444444444,0.3333333333333333,0.4444444444444444,0.8888888888888888,0.3333333333333333,0.8888888888888888,0.1328912319866338,-0.1135058201629044,5.941750643433349,0.006484124764312752,-0.007262009002678403,0.11563291434216483,-0.030333371987467474,0.034648198938282075,2.0032758303914773,3.914611892589724,-0.030739340395149542,2.9971255894315565,-0.0799035866075794
0.7777777777777777,0.1111111111111111,0.3333333333333333,0.4444444444444444,0.0,0.2222222222222222,0.2596253592278405,0.022344646120974594,0.10455673786706704,0.16657700942757353,0.200437660378159,-0.18031043988642115,2.935898562866535,2.8598726085172066,-0.04906440179220232,5.964343939593098,-0.147178669783306,0.11103378766178743,3.1274758380583845
0.3333333333333333,0.4444444444444444,0.2222222222222222,0.0,0.5555555555555556,0.8888888888888888,-0.07072177576659304,0.06805080548537776,1.0854050840594558,0.06615557763078624,-0.13581014609618433,8.24453780428814,0.20872137424216983,2.9510764611260756,2.953681586462491,-0.13307692154999887,0.06148357723988765,-0.0003192570828779634,0.048200618988234606
0.7777777777777777,0.8888888888888888,0.8888888888888888,0.4444444444444444,0.6666666666666666,0.3333333333333333,-0.042110122877618866,-0.12623468836971127,-0.0960920367870701,-0.06172748714732689,0.014922738203957956,-0.02275602942758275,6.077892582850244,0.0678163231870987,0.09340219424867426,3.0296614116467486,2.1855970927084156,4.214398591334992,-0.04913910062269147
0.4444444444444444,0.5555555555555556,0.1111111111111111,0.4444444444444444,0.5555555555555556,0.2222222222222222,2.8942390729932974,0.07669484672676288,0.05873430457792411,0.08025266807621025,1.9502236351238258,-0.10243004123812166,-0.015664848407931888,0.17365566244552055,-0.020218764048156743,4.069608236948169,-0.05629040602911396,-0.08797462042682587,5.91994761597167
0.4444444444444444,0.0,0.8888888888888888,0.3333333333333333,0.7777777777777777,0.0,-0.22515804392052302,-0.06554816339730371,3.0883442178720295,0.004332044680738271,-0.08460075548051434,-0.0053588666923258,0.025981354800771645,0.0832332345478339,2.9268666786412325,-0.0007587084742426059,1.033288725589561,0.10534759531187834,7.8749321936938745
0.3333333333333333,0.5555555555555556,0.5555555555555556,0.8888888888888888,0.2222222222222222,0.1111111111111111,-0.030581429502178077,-0.17988384604142338,-0.08396496954225748,0.033713424237885446,0.1709207697299452,-0.023818501954838023,2.9598405554690608,-0.09994622852256357,-0.1366789701204498,5.913828408307981,3.0620717508056052,2.7904133296219102,-0.02060583942794488
1.0,0.3333333333333333,0.1111111111111111,0.2222222222222222,0.8888888888888888,1.0,-0.06831580435820321,-0.10455090801772544,3.0237883678391366,-0.07922663064116907,-0.10876027853539375,-0.05835761455500835,-0.15444871311526887,2.835538119043914,-0.07966624163339062,-0.11451701106076712,9.089112119067792,-0.008191281439924624,-0.11640565645961443
1.0,1.0,0.0,0.1111111111111111,0.0,0.3333333333333333,-0.010602887382842154,2.0701132927177546,0.057640189086784324,11.171465509327332,-0.08026517191623994,0.12829324548372775,1.9630896694053337,0.007634063765322986,-0.08584488811095002,-0.10381703096333067,0.18167779194672207,0.18912873415956055,0.029587365251039718
0.1111111111111111,0.0,0.6666666666666666,0.3333333333333333,0.5555555555555556,0.5555555555555556,0.08343563422553874,0.02147819821319552,0.1581979815125559,7.821921208086868,3.163015213504611,-0.16801210137645178,0.15990507624118644,0.21399184381662992,0.8746880752852142,-0.07088274969853466,-0.001230769600880959,3.083464590517942,-0.21691784369713987
0.1111111111111111,0.4444444444444444,1.0,0.4444444444444444,0.0,0.7777777777777777,-0.015703547732363286,0.06662111447038725,0.07856489122711682,0.06501947097725429,2.954747519089504,-0.041095684749704396,-0.05639352741098056,0.25291278922532234,1.8969275988136172,7.024257418334825,2.9682988547336,-0.016373546097347792,0.032107287191403426
0.7777777777777777,0.5555555555555556,0.4444444444444444,0.3333333333333333,0.7777777777777777,0.5555555555555556,-0.0581675612171037,0.0037592125716858354,2.955098581084633,2.073329445042853,3.9599347641628655,0.005759879421400707,0.0005213942011630589,0.18849653319779858,0.18539451060992007,-0.11993957998413159,5.920148468306397,-0.14611194884478193,-0.03889735817766862
0.0,1.0,0.7777777777777777,0.0,0.8888888888888888,0.7777777777777777,-0.01277530222375232,-0.07314581593195392,0.03118748970392526,-0.055014422912246744,-0.009096473585910151,5.809728319798904,0.0600032238949944,-0.10101386451952327,-0.04890843759436567,9.057870467319733,-0.1468318659944834,0.09906312571309701,0.023223348124508866
0.7777777777777777,0.4444444444444444,0.1111111111111111,0.5555555555555556,0.0,0.2222222222222222,0.022134858295678773,1.8559734883852301,-0.1371751356317538,2.0034474483092444,-0.03354805825949528,7.938395754034309,-0.015911803301579635,-0.09306686521787827,-0.01834544759954322,0.05020189727827117,2.9072362643423473,-0.08783790728901747,-0.01585251008877423
0.3333333333333333,0.7777777777777777,0.7777777777777777,0.7777777777777777,0.0,0.2222222222222222,5.9498543853706565,-0.011895246942738816,0.0023769135688092996,-0.17672221005014543,0.1541429505453823,-0.024398451166062617,0.003671232857557632,3.875812006109213,1.9699346562570608,-0.03469593673175093,2.891464655465447,-0.02761410014103829,-0.15973104963591261
0.5555555555555556,0.6666666666666666,0.2222222222222222,0.3333333333333333,0.8888888888888888,0.5555555555555556,2.222382081538454,4.016700580891775,0.0434323075862904,0.02306405026627655,-0.08545809115340136,0.0021499684091738636,-0.27103937404675,1.8933199113147,0.052886752070583055,-0.03105636595724406,6.7776604018070845,-0.1496826744390474,0.0801193452955912
0.1111111111111111,0.2222222222222222,0.6666666666666666,0.5555555555555556,0.5555555555555556,0.6666666666666666,-0.18046468854340406,0.002260112887379798,-0.18698605397582593,0.08582741761445627,0.04871400234483672,0.08886901397851973,6.962341097191519,1.0344320792346655,3.018060516994979,-0.13348032933395323,0.0061679136482327545,3.9289184713249763,-0.12512105794721326
0.8888888888888888,0.2222222222222222,0.7777777777777777,0.2222222222222222,1.0,0.6666666666666666,-0.11689395934332492,3.1094731756595193,0.08101676027615307,1.9612949333244218,5.792715190823213,0.05686974288646826,0.11468307292222146,0.06203914145092087,3.9735936839632253,-0.14322050913910236,-0.010010883669804405,-0.09119637908661245,-0.08046923260084278
0.4444444444444444,0.1111111111111111,0.7777777777777777,0.8888888888888888,1.0,0.7777777777777777,3.9907978900285004,-0.0650555287922959,0.005819376852519431,3.091407301363018,-0.15172417342328737,0.02526313527431876,0.03978660166011614,1.969645472802784,-0.2055643290280742,-0.08909181685626094,0.2266333320767503,0.07092052007194237,5.878788501852437
1.0,0.4444444444444444,0.7777777777777777,0.7777777777777777,0.5555555555555556,0.6666666666666666,-0.03987532995940851,-0.045077084149751624,0.008236314009786319,2.0288171762221974,8.07861824742317,0.01128911533604765,-0.0890946538118731,0.0883382433525756,-0.07877650900192175,4.0534903052844085,0.1801616714598014,1.01228371249176,-0.16826711303085157
0.6666666666666666,0.1111111111111111,0.3333333333333333,0.0,0.7777777777777777,0.8888888888888888,0.06066016437224632,0.03817225331676779,-0.10726651049201563,3.0613456309355827,0.004422533736437126,-0.10909511294232913,2.0160346789623924,2.981799540636456,-0.18513850689662098,7.020987583339204,-0.16067358795291065,0.0457304767100829,-0.14484816988418076
0.2222222222222222,0.0,0.3333333333333333,0.4444444444444444,0.7777777777777777,0.6666666666666666,0.045675173298162564,0.009961804676744365,-0.15123399110739422,0.044398923224378495,1.1028667566034074,-0.15866227203868422,0.9035379661205656,-0.1163628512352757,-0.04014395193060392,0.13560197709352378,7.990384176968377,0.1295251013581329,4.9703384465206115
0.1111111111111111,0.8888888888888888,0.8888888888888888,1.0,0.0,0.6666666666666666,0.11682880875622809,2.9283937462499767,7.9498617981345365,-0.17534134684624808,0.07001289123882347,-0.027003578544584062,2.9420809898711924,-0.11404880009453192,0.05010162827181343,0.022576720312588495,-0.10890871463904983,1.1280058096502952,-0.009881883613583931
0.0,0.7777777777777777,0.4444444444444444,0.6666666666666666,0.1111111111111111,0.2222222222222222,-0.027014896756447887,2.1745068442392768,-0.018055797726036896,-0.02023777751376484,1.9607443507199729,0.21464021810161668,0.21364054854379175,0.09742296316263757,-0.018978996730873263,-0.06628478454375333,6.041396653548982,0.0031924826026236775,4.840634067857791
0.6666666666666666,0.3333333333333333,0.2222222222222222,0.0,0.5555555555555556,0.1111111111111111,7.114381445911112,-0.050953678661207195,1.0648794693318746,1.988137099321322,-0.007282092342190023,-0.13434294716220996,-0.08800454720030448,-0.06536624409288588,-0.0022012804202726976,0.033829981482159155,-0.028875506391574463,-0.07620871128545309,5.10531661578449
1.0,0.6666666666666666,0.8888888888888888,1.0,0.2222222222222222,0.6666666666666666,-0.0009185052251301068,0.04757603795363336,0.03739433727999427,-0.08792635584366693,2.936115226337288,0.08555868191771898,3.1955753598523904,0.04732915734811787,1.932491733616567,0.12285052642654293,6.835797967215939,-0.08403320592347188,0.12710482340613502
1.0,0.6666666666666666,0.1111111111111111,0.0,0.6666666666666666,0.5555555555555556,0.9573692429686638,0.1513822407077726,-0.17166945711600332,4.934291663991097,9.03340344072861,0.019305896724058805,0.02780797869884701,-0.0032490542429796706,-0.06266349714773661,0.09941977441718923,-0.06638573931011081,-0.1256025818432554,-0.011064557149894341
0.4444444444444444,0.5555555555555556,0.8888888888888888,0.4444444444444444,0.6666666666666666,0.0,1.7428408528098875,0.08309952726175954,0.04911272873889619,-0.007335342417760441,-0.06892140851794712,-0.1808305215487085,7.827556633252311,0.06796757272452446,0.00984074428468603,0.03783644535133251,-0.014299532337739146,0.03038025049216314,4.840510371291829
0.5555555555555556,0.6666666666666666,0.7777777777777777,0.5555555555555556,1.0,0.0,0.06436617033372383,0.036087786653314566,0.08913238138317596,0.01124373558201434,2.8985095668657728,0.04743039653551383,2.88201751115123,0.09899570688955112,0.031762190031457214,1.9339503822306265,0.03721105447610491,0.15926683331963515,6.901505109251399
0.4444444444444444,0.0,0.6666666666666666,1.0,0.4444444444444444,0.4444444444444444,3.16963938538616,0.009782983053975429,0.11053352851540198,0.02921736528161169,0.04812557922415354,0.1798162549113428,0.018747991080140424,-0.014883640809019123,0.01884255768595687,2.109568751850124,-0.021402953315511418,1.907722236329283,7.977467867963824
0.0,0.5555555555555556,0.5555555555555556,0.1111111111111111,0.0,0.5555555555555556,0.05743576457052744,-0.0013643592007330616,0.04142338658681122,1.9247285030955052,0.1360376795154866,0.03863749070565728,0.038851548130898556,0.0030521965823339385,0.06137185065396278,3.9917747104715544,6.985578037311014,0.07923776858092832,1.9697728164487318
0.5555555555555556,0.5555555555555556,0.0,0.6666666666666666,0.0,0.1111111111111111,-0.005634109438769743,-0.13860597548806813,5.976249961753018,-0.124413981096309,-0.09386035568047402,2.933035939474822,0.19050355878251757,0.11104042299079397,3.0324049385907084,0.03050287838581203,3.118639776264757,-0.20756639294705126,-0.12393480368733795
0.3333333333333333,0.7777777777777777,0.6666666666666666,0.0,0.6666666666666666,1.0,6.994114725509775,-0.07738160016254977,-0.12981832258170414,-0.042171234203473205,0.06229811261324522,0.09517732137235307,-0.006984264782164316,0.029002925830177297,3.061455369461908,-0.2586909966048902,0.06404643932509045,4.792330871787732,0.03205355904645049
0.5555555555555556,0.1111111111111111,0.7777777777777777,0.4444444444444444,0.7777777777777777,0.6666666666666666,0.054194817582705536,0.059794564067476755,-0.058466838785329746,3.0592992910345784,7.058549274613592,0.0963700696852653,2.8436962965141133,-0.08311481887486394,0.03332930685571591,-0.021681269549198984,0.0688390783954833,2.0471355967220375,0.020729520642677923
0.2222222222222222,0.0,0.5555555555555556,0.4444444444444444,0.8888888888888888,0.2222222222222222,8.044545304713353,0.017765416343591352,1.9123749157895906,0.05300696850569229,-0.06386006736458548,0.1550481975687363,0.10661425598962025,-0.06892189683146675,2.01570762830399,-0.1427322984128336,0.009341267770808777,3.15548285265894,0.01868181304825845
0.6666666666666666,0.8888888888888888,0.1111111111111111,0.8888888888888888,0.3333333333333333,1.0,0.094281642503492,1.1224442640196794,0.013703126363243496,0.111724591870106,-0.021108864242937696,0.022425926118047123,-0.15187936562441717,-0.07361237893545947,1.9642259173155532,4.054815789951526,7.888471639016759,0.015617258928830539,-0.15996390941935087
0.7777777777777777,0.6666666666666666,0.5555555555555556,0.6666666666666666,1.0,0.0,-0.0398818029349038,-0.06999428919021314,2.15908443437276,2.923431910554103,-0.015870792164719465,0.08912128236132041,6.9279052547802324,0.042712280538473174,-0.01198090372069345,2.907777340536997,-0.07732205081895327,0.07505224786839139,-0.06035551673944596
0.2222222222222222,0.1111111111111111,0.6666666666666666,0.4444444444444444,0.6666666666666666,0.3333333333333333,0.07535724655002655,0.0026708925235694307,-0.08550536065373887,-0.007494852027648356,0.21145368002264955,10.006334523251812,-0.07875465448958924,0.03277798855095609,-0.03882445614324267,2.8604871123722213,0.03700547857538322,1.9002564447865529,0.12367346117318659
0.6666666666666666,0.0,0.2222222222222222,1.0,0.2222222222222222,0.7777777777777777,7.111629914270465,2.0675240403122324,0.00224519642224397,-0.08710374695274725,2.0287433567609803,-0.07621848279623884,0.10707255921420092,-0.1376651569365423,0.14517197731056924,-0.010800986869391724,-0.0692174904827263,-0.11465752553752256,4.056793059657306
0.4444444444444444,0.1111111111111111,0.2222222222222222,0.6666666666666666,0.2222222222222222,1.0,1.0423871352093006,0.07391154349682741,-0.010799263439718902,2.941571799355401,0.010316465389426956,-0.12168249331107131,2.983109685773051,-0.0839115898258552,0.12798565966833106,8.046432211723388,-0.04047685952258996,-0.051845314309316826,0.10537833064612956
0.0,0.7777777777777777,0.5555555555555556,0.8888888888888888,0.4444444444444444,1.0,2.9364856813284104,-0.013931110845149159,0.05641719020928685,2.923209093078532,0.12633590541853598,0.025846788037946773,0.1580017596074477,9.000678398748024,0.2787361447950662,0.04061325970975666,0.018724806379610038,-0.13300295699054776,0.026054347364602076
0.1111111111111111,0.2222222222222222,0.8888888888888888,0.7777777777777777,0.8888888888888888,0.2222222222222222,2.8614460885242035,5.971157938389747,-0.03293599656568046,4.0893680486915835,-0.03090728727095426,-0.028009548633739917,-0.07868359127231594,-0.03669376915035171,1.9441227261757024,0.18139745947171448,-0.08572147291522716,-0.11504200961244256,-0.062357825884816476
0.6666666666666666,0.2222222222222222,1.0,0.2222222222222222,0.2222222222222222,0.0,0.10881105284147251,5.806023618976665,0.13923665193420262,2.9069686401892856,-0.09939811209210092,-0.13297078217800806,0.04471752707633837,-0.0696127846244583,0.01583190237700614,0.0012704772065567672,2.7584112258047164,-0.009110098866129176,3.0379855283411175
0.7777777777777777,0.1111111111111111,0.1111111111111111,0.1111111111111111,0.4444444444444444,0.1111111111111111,-0.1287548277386986,0.865694131417581,-0.009336108195132205,0.15593455991881505,0.14305896993337242,0.17105297519366025,-0.08723231676148793,0.055401517387574706,-0.05391988916942291,7.069163601470845,3.9907662726899837,-0.18540602622288335,3.056873354755071
0.0,0.5555555555555556,0.0,0.4444444444444444,0.1111111111111111,1.0,-0.2077860045667985,0.23476159119567278,0.2706124922130618,-0.06513615335154631,0.9950290576844355,8.007978950882004,3.036792268865051,0.059173418534752546,-0.16536698894004567,2.8969554019209816,0.08408610590325646,0.045002585904726514,-0.06598393726053332
0.5555555555555556,0.3333333333333333,0.0,0.7777777777777777,0.0,0.8888888888888888,0.8676077391600437,0.03638469368228928,-0.04190851036704512,3.0984351723155354,6.106559062056157,0.07016544321704049,0.03201011828870064,0.028887840607895416,0.0882597762545198,-0.07299652053907359,4.84087836177882,0.059518926412459816,0.027333379152480033
0.0,0.5555555555555556,0.0,0.4444444444444444,0.4444444444444444,0.6666666666666666,0.029811228236959714,-0.013263657037147249,-0.225107654869118,0.2893592551828969,1.274215521168227,7.94897820373848,0.08333511553079093,0.008892212655691638,0.025338861319334927,0.034329240608998925,6.107350283979585,-0.06690494781343102,0.07153536572056977
0.7777777777777777,1.0,0.2222222222222222,0.2222222222222222,0.4444444444444444,1.0,0.07076616684174655,-0.254871672020581,0.14683404716216225,0.0657419413731352,-0.05822172643134874,7.0047880106884195,2.05124678211491,3.971568079159728,0.05254102367074386,1.7949123874470905,0.02119085766812849,0.11105078797088426,0.07513543351902525
0.2222222222222222,0.3333333333333333,0.0,0.2222222222222222,0.6666666666666666,0.0,0.02178671491411412,-0.07805170350404611,0.0070357907534637125,-0.11863028460459556,1.012060709136289,-0.017441461133951782,0.04994418641388077,1.138884249997823,0.08505419991095445,7.916846411607134,-0.09674980126442174,4.913427150219491,-0.08704495467403452
0.5555555555555556,0.1111111111111111,0.6666666666666666,0.2222222222222222,0.5555555555555556,0.0,-0.10385341818500238,0.1991515249965899,0.129962918287395,-0.05920726084416153,3.004965936993611,0.24780054427838383,-0.17786947277857532,2.039575312601117,0.2003271757473718,7.0148823232930395,-0.05513416676688503,3.12698679278743,0.22607476519579392
1.0,0.1111111111111111,0.1111111111111111,0.3333333333333333,1.0,1.0,-0.01829157781046271,0.1193455528029742,-0.09593316775993183,2.0263966564629734,0.06390335648295324,-0.04516512486179685,-0.0529730590322052,0.06329174837377594,7.087499605736196,3.895063086782988,-0.06073518059910123,2.0418137791496753,-0.1541779705457843
0.5555555555555556,1.0,0.6666666666666666,0.7777777777777777,0.6666666666666666,0.7777777777777777,-0.10251943437640905,2.0325974887869296,0.08051442743049862,0.027373892724000343,1.9924059938777345,7.168247811615247,0.02021871707301363,3.94720380772303,-0.20712643493540261,0.05261652683706938,-0.045028312485247746,-0.03487535440255581,-0.010561871622959422
0.6666666666666666,0.7777777777777777,0.7777777777777777,0.2222222222222222,1.0,1.0,-0.08617347722651955,3.0473135669008435,-0.013888136543849676,0.26521396794441104,-0.06562470029670378,0.027956195994721312,-0.060771510334272555,5.07298136115174,-0.08871875495887155,3.0077327247017793,0.007341632589248032,4.041602616347574,-0.18792000352128987
0.0,0.4444444444444444,0.4444444444444444,1.0,1.0,0.4444444444444444,0.05754588455781794,0.010206241436283686,0.11843037165523947,-0.0794843046673806,-0.012590305095105057,-0.09603464002826419,6.91560867342527,0.06283417156058976,0.053721448786124996,3.985962900512833,0.014164167283081211,4.031196861269553,0.07690851809940939
0.1111111111111111,0.5555555555555556,1.0,1.0,0.6666666666666666,0.2222222222222222,0.058428576796348365,3.1788592651929046,-0.0024631043250078065,0.14902897985704333,1.9678922852149614,0.05608060263846443,0.027078568300496476,0.07666687114407414,0.003334841232440655,0.1760572319832121,-0.20335857127570792,6.086023613958421,4.069816843449186
0.0,0.2222222222222222,0.3333333333333333,1.0,0.8888888888888888,0.8888888888888888,0.07682132447208907,0.17517958835387637,0.1326070088606792,-0.14049000190828814,0.11251363695691355,7.9558930741265135,3.022022417749162,0.04481111019616113,-0.0845090555734758,-0.1370429889586549,3.015550037233766,1.0144509897002985,-0.057596096078356286
0.4444444444444444,0.8888888888888888,0.2222222222222222,0.6666666666666666,0.4444444444444444,0.6666666666666666,-0.09128003007635538,0.0005986878106303897,-0.030033964546896354,6.994298810774985,2.1848032254870557,5.058337653280097,0.13381854337915924,-0.06216374916291043,0.1604658730650001,-0.0021471109623701,1.013288011394484,0.006152690529150487,0.03673167700415637
0.4444444444444444,0.5555555555555556,0.7777777777777777,0.0,0.5555555555555556,0.5555555555555556,2.8452366772813975,0.00013863011957569607,0.06810428730608273,0.14284017122301568,2.045234050102091,5.933455904284557,3.8621552327345325,0.033179363737618366,-0.18075296627455784,-0.013647471610654261,0.05346564493276989,0.010458039099243059,-0.026070246025058925
0.3333333333333333,0.8888888888888888,0.2222222222222222,0.0,0.5555555555555556,0.3333333333333333,-0.1895433801434372,-0.004628801063194369,0.10587721898268375,-0.02456614469434483,-0.04146469561572454,3.040439780568336,7.0703427772328284,4.088882233695691,-0.08708698183547078,-0.04858551384771351,0.03027423924351695,1.099954273113147,0.14067152710026382
0.8888888888888888,0.8888888888888888,0.5555555555555556,0.8888888888888888,0.7777777777777777,0.4444444444444444,-0.06049183078592577,0.08941734924302686,0.13268656283820296,0.028659306488777816,5.978238589657574,2.902686648454509,3.107981279072779,-0.0007028044706668266,0.14581008223480169,0.1789076683811489,-0.13325643073400115,-0.04678766887647868,2.9897019646209118
1.0,0.5555555555555556,0.5555555555555556,0.0,0.7777777777777777,0.1111111111111111,-0.1046408334379678,3.91832697062436,2.151798682898162,-0.06177956989077802,0.026285812822568446,2.8099572784017184,5.93339679252835,-0.07937341119204668,-0.08092707440366965,-0.012786519791046586,-0.01354543253304521,-0.14788339414275348,-0.04929045730670059
0.4444444444444444,0.4444444444444444,0.8888888888888888,0.2222222222222222,0.2222222222222222,0.6666666666666666,10.079494725310811,-0.10922135141423875,0.20865146418438504,2.1316652995439185,-0.04664138756006029,-0.2137312179185719,-0.21549161723264457,0.9249628991833976,-0.07280364906392987,-0.09489388243983189,0.17538009211701583,2.0975203070660955,0.0913799720892939
0.7777777777777777,0.1111111111111111,0.5555555555555556,0.3333333333333333,0.8888888888888888,0.4444444444444444,-0.07063047011539612,2.0845393917086708,-0.00014320387758012758,0.011328853486339534,3.046810072513016,7.284778211751883,-0.14402086915081,-0.016975156860347868,-0.18053188438219264,0.0608022031838889,0.021820355247433535,0.21754704258404145,3.0577049492689206
0.0,0.4444444444444444,0.0,0.5555555555555556,1.0,0.7777777777777777,-0.14731805594867997,-0.12467574375534024,0.17860628827371758,1.769341748697805,0.09921342611335893,-0.09156328560472815,-0.02438972781600963,0.003481206721128953,-0.12067090137560857,6.9217721391428295,2.991744149086547,3.1729338011112556,0.06582761516299351
1.0,0.5555555555555556,1.0,0.5555555555555556,1.0,0.7777777777777777,-0.07931034681804122,-0.0017550269020329735,1.9199439362802662,0.016103853300219004,6.896397073177795,-0.03404413242095821,0.17755659805139423,-0.1254536659616437,3.078621585217477,-0.02788800749305243,0.06934560490540195,-0.013195678805207597,2.995971139510987
0.2222222222222222,0.4444444444444444,0.2222222222222222,1.0,0.4444444444444444,0.0,0.0033678115872939497,3.140686786170489,0.10553358404697928,0.02110956503316932,2.144639380159227,0.1192293949706504,0.1119551568512262,0.12311230805304929,-0.1323171817498929,7.171518729914258,2.8826426846361044,-0.011352270777602064,0.07045516461595071
0.5555555555555556,0.3333333333333333,1.0,0.7777777777777777,0.4444444444444444,0.6666666666666666,2.7913004730105957,2.0076646455574427,0.10636738065789741,0.023040257377454992,0.08008509131202482,6.948184920647999,2.845569123743073,0.010980726946183933,-0.11951906878858772,-0.028911225994460183,-0.08645086687841669,0.022702246677632335,-0.08240013473744918
0.0,0.0,0.4444444444444444,0.1111111111111111,0.3333333333333333,0.4444444444444444,1.9569554037508963,2.228141292925985,-0.0008205718644178511,-0.019136957417122194,0.12605156780613144,0.04988945090574234,0.14100038572066512,4.041530105514335,0.03919577361773278,-0.02223965042436463,7.1435403706350495,0.033472211891423125,0.001876365616807682
0.1111111111111111,0.6666666666666666,0.3333333333333333,0.2222222222222222,0.4444444444444444,0.2222222222222222,3.2100733045862726,-0.2074789766892216,1.9373539985862067,4.085508232175801,-0.08143393103919792,-0.06928971313758554,6.0615313586393,0.0069800960032391215,0.07141954769659464,-0.06210466422212099,0.0006630724848815314,-0.05005974694357469,-0.09927772873749985
0.6666666666666666,0.7777777777777777,0.1111111111111111,0.0,0.0,0.8888888888888888,-0.09868208100179861,0.07590642983480843,-0.23126019674196951,-0.032317352629260755,0.8926088221941044,8.03098663283849,-0.031043479195307845,4.063588304950709,2.0427389756219103,-0.18129206887748334,0.05203871720401353,-0.039144589384991726,0.0012355635981025914
0.5555555555555556,0.2222222222222222,1.0,0.7777777777777777,0.5555555555555556,0.5555555555555556,1.971367243539361,0.04893341623786151,3.2275657785333247,-0.011054196566719285,0.22547770806546077,6.93880356716389,-0.03309912485212143,0.1241963579131409,0.01621098641586974,0.07105664358146169,3.036700422151856,0.16667300907795102,-0.13632650131823615
0.7777777777777777,0.2222222222222222,0.0,0.8888888888888888,0.3333333333333333,0.2222222222222222,-0.09821327133799927,0.04086197691058549,2.2777052993144054,-0.06145677806053521,0.0554050439136785,0.1869021580239564,9.099026401839081,3.2301561114781028,-0.15931475161485306,-0.11062841185552763,-0.19953847650289047,-0.052046188749286564,1.0272640839720564
0.7777777777777777,0.8888888888888888,0.3333333333333333,0.5555555555555556,0.0,0.6666666666666666,7.915855490135318,0.030068872840093075,0.029613811054086798,-0.07074389406397025,1.050065233769446,-0.06296017998289087,-0.08206557880272797,0.1093992810348867,2.19104747451119,0.0932785078185766,3.9468492384270584,0.055452976606106874,0.0972545970123068
0.0,0.8888888888888888,0.1111111111111111,1.0,0.6666666666666666,0.3333333333333333,7.053084280668499,1.9805069443386882,1.7352319368593667,0.07174936112027124,0.0023271532998920303,0.009789338373115936,-0.06133989066014738,-0.215084507704121,-0.014102700288428882,0.11359010428740811,0.0716332287869702,3.9425494847050953,0.005021017395321421
0.4444444444444444,0.8888888888888888,0.7777777777777777,0.5555555555555556,1.0,0.5555555555555556,-0.03735554966859559,-0.20139782863072886,0.016823944284789418,0.14834634079483142,2.1906119259817256,-0.021736722673690596,0.05843776862125092,2.8162153232468508,-0.1198304737677418,3.0402655191357617,0.0484106124212797,-0.15338435208575738,6.9125828847556265
0.2222222222222222,0.0,0.6666666666666666,0.0,0.6666666666666666,0.4444444444444444,-0.07963238274009456,0.07431401584889814,-0.025904207641449503,0.004178841129353471,0.10992416316187768,0.053462305487355824,-0.1010088557648212,5.006722988180506,-0.10761768797800567,0.01260544920022893,4.1175138892211605,2.086744888942954,4.069906049011976
0.5555555555555556,1.0,0.5555555555555556,0.2222222222222222,0.0,0.6666666666666666,0.047450741949668446,0.09590749747433253,0.02822337239094006,7.07595539303392,2.015472490361748,0.053207531567305066,0.025496995165141752,4.099271078799827,0.10699167417630993,-0.05312797902519505,1.8966690361119287,-0.018709472122720637,0.18960157143790582
1.0,0.2222222222222222,0.0,0.2222222222222222,1.0,0.0,0.06807764237164432,-0.2315747287865041,0.07336715364161177,-0.0946280828757894,9.009817191742991,-0.1525060600661878,-0.23451310404315093,0.17005498521236379,0.10042699891658213,3.1565576786371525,0.06152849780293973,2.8535432466059234,0.20824926183525957
0.7777777777777777,1.0,0.5555555555555556,0.4444444444444444,0.2222222222222222,1.0,1.7198437783474476,-0.012869718478611633,-0.06538362976815018,2.93061309921206,-0.22873952993901786,-0.1466861114631629,-0.0402087572784124,7.1418931322535855,-0.09464193005026572,3.0491311802026346,0.05367851363195913,0.09382075980947019,-0.05812865426928995
1.0,0.3333333333333333,0.7777777777777777,0.4444444444444444,0.3333333333333333,0.4444444444444444,0.1195756017216682,3.8867026036490513,0.06509635122691484,3.9288279642401034,-0.07710001249273858,5.940078747802896,-0.15401751307082806,-0.09442606405825171,0.03424261543919115,0.06814389203007137,-0.012499175031215282,1.1015729721350769,-0.15281439167720362
0.4444444444444444,1.0,0.7777777777777777,0.4444444444444444,0.5555555555555556,1.0,-0.0066102505573458915,0.07315649367626302,0.08425386243610501,6.000080301781187,1.2242874656400629,0.02187273426070217,-0.11423232903907339,0.029772265144773886,-0.1500988978896614,0.10245495081007938,2.9677973470239314,-0.04172428734756915,5.028328348595724
1.0,0.7777777777777777,0.3333333333333333,0.0,0.2222222222222222,0.1111111111111111,6.988307287622831,2.797969338888883,-0.22410226648653786,-0.032870265785916335,0.021668006475606343,0.05483880808075597,2.973078189730862,-0.08390243176799672,0.010634972308170185,1.9149198250548343,0.002095583264759462,-0.15353235462283288,-0.03310308693748427
0.4444444444444444,0.4444444444444444,0.3333333333333333,1.0,0.3333333333333333,0.5555555555555556,-0.1900401625772556,6.185956421286279,4.953254124802852,0.09653177113275627,-0.04696749936694123,-0.003348180666103045,0.010621572321935821,1.9196166135991228,-0.04721955303894128,-0.03882497972526847,0.062251951417023214,-0.07744141016825792,2.036396554460789
0.6666666666666666,0.8888888888888888,1.0,0.2222222222222222,0.8888888888888888,0.3333333333333333,0.06522604763688906,5.927040956250823,0.009578320122400903,0.05945119919861978,0.054779512006179754,3.0315049177600533,0.15885621732465882,2.903784739657588,0.19992055620883434,2.900109147688882,-0.06566905951424164,0.06364907181852751,0.22583775509779414
0.3333333333333333,0.2222222222222222,0.6666666666666666,1.0,0.8888888888888888,0.7777777777777777,-0.09026906850466031,1.8484432612789463,0.002137378182690201,3.9497205638782606,2.1982763642566803,0.03941509829664629,-0.06981276560292653,0.0833506625895549,0.07116116776231245,6.848284873661682,0.2819087094555915,0.05600134281440941,-0.0018458730102331657
0.6666666666666666,0.6666666666666666,0.5555555555555556,0.7777777777777777,0.4444444444444444,0.2222222222222222,2.9872147655091768,4.191798558787937,2.0339359548749996,0.02322953909779825,-0.18038308887265733,-0.06369027353104399,5.83272558301738,0.020885678846620775,0.0533291990197904,-0.32530342349766195,-0.013079746589084972,-0.1760315910291408,0.049777780153764085
0.4444444444444444,0.4444444444444444,1.0,0.1111111111111111,0.1111111111111111,0.8888888888888888,0.04104353188660567,0.8875029759078481,0.0010014745186442743,2.030158910193703,0.02343800991599724,9.205200514727599,0.035075670142664946,-0.13369975967953385,0.006334418291234741,0.015072955244330997,-0.007027938717914014,2.975731895948741,0.09836348435230766
1.0,0.6666666666666666,0.3333333333333333,0.5555555555555556,0.0,0.4444444444444444,2.19634440975955,3.1499447116529153,-0.06943239797100191,-0.0650843199706224,0.0647849798823388,0.030008822194168713,0.20884769840634496,0.056332165510656375,-0.0829616484130141,0.8532847276094145,9.020822191248236,0.1750995070158361,-0.07937163018241333
0.7777777777777777,1.0,0.4444444444444444,0.5555555555555556,0.2222222222222222,0.1111111111111111,0.001720819712522817,0.01754154859335605,-0.06220332837922912,0.10791292262262037,2.126385500677729,2.0043613093545942,7.8137740458119165,-0.04803824863690355,-0.00594831172026341,0.008757814102823225,-0.0024446022376367095,3.012122994861277,-0.07163190845005023
1.0,0.8888888888888888,0.5555555555555556,0.0,0.2222222222222222,1.0,-0.003740677777227334,0.07806782102111164,-0.06565971215424342,6.060706476084563,0.0557284119451852,0.09976115078010903,1.9703448296830062,-0.18799162414963877,0.046471997246275654,0.16946183361186418,5.157588634587038,2.0955906845908996,0.1732050856586902
0.4444444444444444,0.0,1.0,0.3333333333333333,0.4444444444444444,0.0,5.967545118841351,0.09478646557112026,-0.06036460233947125,-0.047683878384059325,0.04616824361229195,-0.0317318724974816,2.9097950148148755,3.081412838904159,0.021534143353239787,0.14303152020377416,2.8676399885499047,-0.042071981502912595,-0.051725445043138855
0.2222222222222222,0.4444444444444444,0.1111111111111111,0.6666666666666666,0.0,0.8888888888888888,-0.023267728360476726,0.07213456998222748,2.884073654636307,1.1070833174665293,-0.04989755533650126,8.115825139402281,3.150105535371244,0.18429617913976493,-0.1013259186673889,-0.03764276654286162,0.07476215341342211,0.09436337688517475,-0.042556170741587934
0.7777777777777777,0.0,0.1111111111111111,0.3333333333333333,0.7777777777777777,0.1111111111111111,0.08057779452411773,0.005685318410113279,1.9448641707739058,-0.060418841796091784,4.1234968686197435,-0.01031105249225029,-0.03688544657649537,0.18925694103431778,0.01873492381081855,6.876564584875869,0.010513428153602079,1.9778160539098826,-0.03398895918065683
1.0,0.3333333333333333,0.1111111111111111,0.1111111111111111,0.6666666666666666,0.7777777777777777,4.030965710551108,-0.22653112286644364,3.023496376238204,-0.09972102812134058,0.05304469375109967,0.0570398842274914,-0.26851248626782914,0.04895471018969476,7.0641860138170935,0.023303756282003908,-0.07606317545223085,0.1243651750950696,1.0850271094718793
0.8888888888888888,0.1111111111111111,0.1111111111111111,0.8888888888888888,0.2222222222222222,0.0,-0.09541359022359591,0.013331125234303833,0.13958995546165887,0.11488326074829201,0.10895971185798331,-0.014069044870322909,4.118391882148371,0.15552015852590922,2.2048984741908684,0.06859347500610895,6.044069264325082,3.054805929048637,-0.00852967366861889
0.2222222222222222,0.2222222222222222,0.8888888888888888,0.6666666666666666,0.7777777777777777,0.1111111111111111,3.0031452339598794,0.001899893523296026,-0.049964874608588186,5.999380374713531,0.9840364850576783,0.045039102640977734,4.987950094850641,0.03855652484131174,0.045609297152777124,0.028373234409342304,0.2365601466747711,0.09826838483374109,-0.1582294097736765
0.8888888888888888,1.0,0.2222222222222222,0.2222222222222222,0.3333333333333333,0.5555555555555556,-0.12685897826170497,1.0943203325059616,0.10960164718070947,7.970365311042686,0.022837026234116042,-0.004519255106190892,-0.016996796730211098,4.076955101296742,-0.09885179671238242,-0.07158459671926404,0.0688356471791078,-0.07230025015684143,2.0032248318793022
0.2222222222222222,0.2222222222222222,0.3333333333333333,0.8888888888888888,0.7777777777777777,0.4444444444444444,0.0336368159575203,-0.2009346785994188,6.071310710028136,4.999780368666532,0.18947650596348337,0.24989434290618207,-0.15316507482183178,0.0029235267966432584,-0.044405630609906065,1.987758805818466,-0.10939500839349717,1.8878686304942975,-0.19573905885829423
0.1111111111111111,0.5555555555555556,1.0,0.1111111111111111,0.7777777777777777,0.1111111111111111,5.932068486181588,0.047769800408254126,0.04001536726514084,0.2717386243135274,3.1448543478542965,-0.10405403025357277,-0.015783012893648952,3.1438281492394164,3.0732107779266844,0.022600216913088812,-0.11020777275415979,-0.012992587349264735,-0.2285774606974399
1.0,1.0,0.0,0.6666666666666666,0.7777777777777777,0.0,2.141229617282049,3.069880037212288,0.06298732687338907,-0.0236097392397258,-0.12483883735223121,-0.01045761919904677,0.0695895744958072,0.15760393183015511,-0.044113569280209805,-0.15053971703214727,5.059968669139356,0.0993568188016074,4.9957135788944935
0.8888888888888888,0.8888888888888888,0.5555555555555556,0.6666666666666666,0.0,0.3333333333333333,3.0642214275534974,0.18470306020111416,-0.03709989753508824,0.06247678344654341,2.0493603234736084,3.069209304065346,0.02450004519987975,7.105035235474665,-0.009703930826038244,-0.15758148541020564,0.03210170819735377,0.039062079927073,-0.008606156751562311
0.6666666666666666,0.4444444444444444,1.0,0.3333333333333333,0.5555555555555556,0.5555555555555556,5.962354093994161,0.02753692140618307,-0.14698763071475607,0.1326875539879139,-0.028941615814782995,-0.029078359002398774,2.966002003039424,-0.14022100360208975,0.03263825577689079,0.02034114807361953,3.098649525682091,0.01588834554275518,3.02474868814967
0.4444444444444444,0.2222222222222222,0.7777777777777777,0.1111111111111111,0.8888888888888888,0.5555555555555556,1.1929553712669483,-0.025128104839798104,0.016641680840967434,-0.05581070581426583,-0.036005608157345055,-0.00362200271492305,6.851634552997418,-0.023628508922308902,3.0532064007487896,0.11223648625298802,0.05912116907550385,0.19702925595974388,4.073109235177025
0.5555555555555556,0.7777777777777777,0.8888888888888888,0.8888888888888888,0.7777777777777777,0.3333333333333333,-0.05779281387622123,-0.016370228010651664,0.10088128542691924,0.179577571063545,0.1247212033643151,0.06263741413012588,0.15683207602397775,4.049052483325492,4.046405201205512,0.10008927870589213,1.014780073279674,-0.03869455056390949,5.866936233760632
1.0,0.0,1.0,0.4444444444444444,0.8888888888888888,0.3333333333333333,-0.08034708521344906,4.02630404876137,-0.016785848929708292,0.1806457550521277,-0.08576918394884953,5.784467493925866,-0.13067246598721985,-0.06643136631177746,2.902030244587342,-0.04915829479071613,0.022054023307930784,1.971371507777036,-0.04464453910677078
0.8888888888888888,0.2222222222222222,0.8888888888888888,0.8888888888888888,0.5555555555555556,0.7777777777777777,0.021233876041488856,-0.039741126002760634,0.07063352183116972,2.0065416595177363,3.9772668651393346,0.04890510463765964,5.913249682088774,-0.046504061109616406,-0.10227427739261374,-0.037007707664224336,2.9343126114390032,-0.010650006894769604,-0.10788589376204348
0.1111111111111111,0.2222222222222222,0.6666666666666666,0.8888888888888888,0.4444444444444444,0.0,1.884317040538117,0.1638451188161321,0.223876296613863,0.1563937724439228,2.0140801603198772,-0.20175496143837368,0.0919058572264923,-0.004413434220979173,-0.0416811316445935,0.05221263819267481,6.0561341286880275,0.1562431794279141,5.208882827788153
0.2222222222222222,0.8888888888888888,0.5555555555555556,0.4444444444444444,0.7777777777777777,1.0,0.03303956062947379,0.9369651115390926,3.0194241837673275,-0.13238307035800057,-0.03660983843249867,-0.10611298519620536,7.093892711950948,0.12746435644007367,-0.02519779111401743,0.04887700198416649,0.03906501113571704,0.07935333540463353,3.996102771984911
0.6666666666666666,0.8888888888888888,1.0,0.4444444444444444,0.8888888888888888,1.0,0.10858405321034365,-0.05254247677181378,0.10507367037795422,0.1222600284224308,-0.0033376483117863254,6.045301788958645,0.009278633410857611,0.059828499658589086,3.0676389685945753,0.02604717212210872,1.9775980624925455,0.08250045812786894,4.0462313671117585
0.1111111111111111,0.2222222222222222,0.7777777777777777,0.3333333333333333,0.8888888888888888,0.6666666666666666,0.23827661195603406,2.8922991419701374,0.19463490436223974,0.04191606128594663,2.0805294991126497,-0.06149076723610811,-0.040175880842405254,0.036311820601120086,0.0031151556574783006,3.8620431046452386,6.008052638203423,0.008864163146184224,-0.045764481004249624
0.1111111111111111,0.6666666666666666,0.1111111111111111,1.0,1.0,0.7777777777777777,0.10311179356620347,0.12229964450456872,-0.08142044821690486,-0.03014626028784851,0.9444071981135018,0.017986119742439157,0.10303079549396531,0.044361314217685625,-0.0164994617123261,-0.050694663995108885,2.152492943607637,3.130618842371565,9.04940368494269
0.5555555555555556,0.8888888888888888,0.7777777777777777,0.1111111111111111,0.7777777777777777,0.5555555555555556,5.879032148416544,3.098607796810438,0.014710122373603921,-0.09741369004618379,3.1413983661680622,0.054187515399799935,-0.13418852220493632,-0.025155205858215676,-0.014495512080154255,-0.05306127354712532,3.0629411112447724,0.10513406941370895,-0.036547080183250535
1.0,0.1111111111111111,0.0,0.2222222222222222,0.8888888888888888,0.7777777777777777,2.203260522749481,0.026763924829534304,0.18180117800333911,0.04802259167861472,7.1039288252854,4.145787582148247,1.9423851558014056,0.1117409530901093,-0.08213699030407245,-0.00352555075178441,0.01239063320735321,0.08579835303800047,-0.17309399767594935
0.7777777777777777,0.6666666666666666,0.4444444444444444,0.0,0.7777777777777777,0.5555555555555556,0.018558209039325292,-0.001971988522564747,-0.1621492005699071,2.8270795652211986,-0.02748892295897202,-0.15011114555061322,0.03033945542046895,-0.10782498272006742,-0.043877806552791804,0.9392113634823738,0.023870721261609523,7.041489315844163,3.790434215310269
0.3333333333333333,1.0,0.4444444444444444,0.8888888888888888,0.7777777777777777,0.0,-0.21056163934535366,0.07880225755240941,2.896888747991755,8.044173351152832,1.0350266819428433,0.018474760299051988,0.005139455163205918,0.042651238912943853,2.8840507456294158,0.01302358215396316,0.04259726426562453,0.07947298567354068,0.06801946150547451
0.6666666666666666,0.1111111111111111,0.7777777777777777,0.2222222222222222,0.4444444444444444,0.0,-0.018187067569935274,0.01990174869053723,0.02087833221807027,-0.07131990756261362,0.013940966791613416,8.022999423304121,-0.038256242493945394,3.013493503620204,1.117048874779172,-0.0569884900910272,3.2360612588368998,0.016363435464712802,0.0631239363094264
0.4444444444444444,0.3333333333333333,0.5555555555555556,0.3333333333333333,0.1111111111111111,0.1111111111111111,0.10040469837773852,0.03375586390834666,-0.061975243334554286,2.9834697162351014,0.06863484806511509,0.047887796999207616,-0.27199380909570364,3.1700912135300405,-0.029436202395844387,4.936730939265423,0.059065091652909144,-0.0746269328737446,4.048451629120369
0.7777777777777777,0.4444444444444444,1.0,0.7777777777777777,1.0,0.3333333333333333,-0.08912813320679666,2.9924941040489133,6.999101728127524,0.09590939848924296,0.0662567652288731,2.9705831992516485,-0.20963333991678268,-0.07863843893260283,0.04300625144282265,0.0748611211456055,1.896460268849286,0.014139701410560913,-0.02661281741689798
0.3333333333333333,0.8888888888888888,0.4444444444444444,0.7777777777777777,0.8888888888888888,0.7777777777777777,3.1473575998756553,0.1235114129782221,3.042251159800535,-0.19621861091281856,-0.021405752598067353,-0.041842938590092374,3.0055024731915485,-0.1440748755506158,0.11838701384179665,0.1565740231108081,-0.02189491677631869,-0.02507931873946725,5.959549367590746
0.2222222222222222,0.8888888888888888,1.0,0.1111111111111111,0.8888888888888888,0.5555555555555556,-0.00023120614545206865,3.060063443951124,0.153457969898655,0.005044703010273967,2.0004431519274966,7.140604823835562,-0.11693475674505292,0.09991948600153304,3.100626562895483,0.06568308628435401,-0.0617617252154431,0.062000216070523285,0.0589806320825719
0.5555555555555556,0.6666666666666666,1.0,0.7777777777777777,0.1111111111111111,0.3333333333333333,0.17403100143689412,2.9830560423924855,0.0668277949533142,5.889158157478698,0.02549547474784071,3.9970795402090307,-0.05931112091744728,-0.032382228054051686,0.1919382278821158,2.0496883706132594,0.01186060978036766,-0.11039739960190005,-0.049703128601834144
0.0,0.8888888888888888,0.5555555555555556,0.4444444444444444,1.0,0.0,2.0312940757298197,0.022616506533738253,0.1463108989962928,0.0025263857633309426,-0.013879158999152656,-0.0016996337281287852,4.009704245169699,-0.006184303911912874,0.016765417170999112,3.0653907337392816,0.13024284110048898,-0.04101693790227916,5.8668915861907385
0.3333333333333333,0.6666666666666666,0.4444444444444444,1.0,0.8888888888888888,1.0,3.061735016778904,1.1569187280338746,-0.008208703087046684,0.06818806812190525,-0.07257743276941024,0.02043997255753222,4.955679334159927,-0.0316080812845362,-0.0611368686254625,-0.0406946340004594,-0.036914813677556085,6.018065711805247,0.013507455258005802
0.2222222222222222,0.3333333333333333,1.0,0.0,0.6666666666666666,0.7777777777777777,0.09686219924223069,-0.00943168618859468,-0.09476280520354895,-0.023429235840731383,-0.10913900918532045,7.099717624123121,0.10864807846251519,-0.1299026346479517,-0.13042662271534242,0.11825557977622998,1.9570478919138132,4.008241870521136,1.7860487240058847
0.3333333333333333,1.0,0.3333333333333333,0.7777777777777777,0.5555555555555556,0.8888888888888888,2.1246867874203565,0.18053118602864265,0.03168822892937367,-0.09715638584899904,0.16467640460759403,8.014639727577764,-0.02424274982920641,5.20239958576373,-0.09156622188289164,0.06464773511089493,-0.11999213367288741,0.07837968807438771,-0.05379076441489981
0.2222222222222222,0.8888888888888888,0.2222222222222222,0.7777777777777777,0.5555555555555556,0.3333333333333333,-0.12170810423683831,0.20128566575147697,0.009853347258934556,-0.09425713882269038,-0.15252849793123904,2.924882603838882,0.11531653731998698,2.990718510200149,-0.11115367626184264,0.1553357131378149,-0.10275645944767271,0.9928286767055357,8.044552528306673
0.1111111111111111,0.2222222222222222,0.6666666666666666,1.0,0.1111111111111111,0.2222222222222222,-0.012185910033826752,0.019084898317410028,-0.22721591257494703,-0.29144989173571006,2.0390935185724257,7.883426150718294,0.08118564706006748,1.9037151220820099,-0.15679602979337454,-0.01519473943020987,2.956761909007015,-0.0035762560785538877,0.1512819940217521
0.3333333333333333,0.0,0.6666666666666666,0.2222222222222222,0.7777777777777777,0.1111111111111111,-0.0775994517404052,-0.02717687995343031,2.101964602144444,-0.04352436351482504,-0.10154565336731065,7.018591003011504,0.056315305335641365,1.7581026575261713,-0.07168199764554893,4.057504244235537,0.04807361506425058,0.03701128417769733,-0.01624479100123659
1.0,0.1111111111111111,1.0,0.1111111111111111,1.0,0.5555555555555556,-0.13025078564662473,6.980788458719467,2.1660738753646185,0.08687124004600702,-0.20151681799047344,-0.099690493935225,-0.103425079184323,0.08795210542039568,3.0712504829191247,0.17721871755336827,0.12461230443044535,-0.11636255674292227,3.006157423118161
0.0,0.5555555555555556,0.0,0.0,0.6666666666666666,0.7777777777777777,2.942353997752173,-0.15929364994554945,0.07156855937354527,0.09248515992658068,-0.036614691172823614,7.152162869063608,0.1297954675983911,-0.025351409567149964,1.9617537282457935,0.09730710617342325,0.10697139399778183,2.9455585259127797,-0.006307104108264832
0.5555555555555556,0.5555555555555556,0.7777777777777777,0.0,0.7777777777777777,0.1111111111111111,0.0893818858196877,6.183791598983682,2.0584678526336204,0.16045462360632393,0.05666130747431919,-0.07759877893260374,0.10848886882419483,0.2241989460993847,2.907524471637806,0.11288898954126779,-0.11287912685853584,-0.07247376220830969,4.0623571208783
0.2222222222222222,0.4444444444444444,0.0,0.8888888888888888,0.8888888888888888,0.3333333333333333,3.143796646407505,0.027414184281596584,4.949553098534013,0.11066709960295765,0.06933041049759342,0.036737233297880055,-0.15407447580984343,0.011761960815369647,-0.0805782178127421,-0.1569283217909596,1.9700211884147796,0.19262717980649213,5.081781268013236
0.8888888888888888,0.3333333333333333,0.2222222222222222,0.0,0.3333333333333333,0.3333333333333333,0.0040503509377376725,3.0058993418173974,-0.004788035679139584,0.039856902759444826,-0.026685916519882474,-0.10640323155862415,-0.06224435741313131,3.0629624727790996,0.048257339869079145,0.8927051157742312,7.987947439027174,0.05937993528288665,-0.07965464832482338
0.4444444444444444,0.1111111111111111,0.0,0.2222222222222222,0.2222222222222222,0.6666666666666666,0.1633058170705299,-0.08911101782323647,-0.03646293173026045,6.168192066409009,2.959186631580036,-0.14782532815340016,-0.0810588491725629,-0.07057039517855965,0.09054337894508468,0.02887554496171309,1.9854505841110255,3.9925924416830165,0.017425317077233285
0.7777777777777777,0.4444444444444444,0.1111111111111111,0.0,0.1111111111111111,0.2222222222222222,0.1332829536925247,-0.03858664157737349,-0.07820707445438678,-0.028464160014751046,-0.039407887432341,7.030738252056801,-0.03806585628739326,1.9680971412975912,-0.0707782371869445,4.925561282602766,-0.0478694021443504,1.0267761877641017,0.0637665655207527
0.8888888888888888,0.7777777777777777,0.4444444444444444,0.3333333333333333,0.5555555555555556,0.3333333333333333,2.0261073001430927,-0.14624301460504943,0.11655109573668357,8.285442408144988,2.97058677235808,-0.10428973911463063,0.02290677213338578,0.11656855813765671,1.9525145651944573,0.0714228397855298,0.003185317779867461,0.13097339728019272,0.05428127306874234
0.5555555555555556,0.3333333333333333,0.8888888888888888,0.8888888888888888,0.5555555555555556,1.0,3.037179529422214,-0.1579588706869521,5.960409438155878,0.03541254675263874,0.22623350803625614,0.08236822337530324,0.04947747671709942,2.88689037953559,2.97981952942768,-0.20399519098315877,-0.15434057322746922,-0.10498205800565703,-0.08491494942303507
0.8888888888888888,0.4444444444444444,0.1111111111111111,0.4444444444444444,0.5555555555555556,0.3333333333333333,-0.04947127827512335,-0.11274302321090718,1.0091311939730032,-0.1221542241514923,0.06851826699510193,4.917595669280348,6.980318967707482,1.9709320456600596,-0.08872641128693332,0.0517634097863364,-0.07910742939430443,0.03713093095007319,-0.05816803753987594
0.7777777777777777,0.6666666666666666,0.0,0.7777777777777777,1.0,0.6666666666666666,2.9991876672426097,0.9422294045235182,0.16348441513221795,0.08952442101204189,0.2730845310926887,5.86253534247151,0.17678781377794517,0.04102533093541383,5.062293063330758,0.0011056783830086416,0.007186045964925333,-0.030250175862937552,0.09433656847579855
0.7777777777777777,0.8888888888888888,0.2222222222222222,0.2222222222222222,0.3333333333333333,0.5555555555555556,-0.0014422991351783166,1.080305005969249,0.03269113507269442,0.19109575594855302,0.03650760942551993,0.12087160261196467,2.967677838248493,3.9316478307495952,0.03226120752750608,-0.011411048949202154,6.987982333773249,-0.03095742009301616,-0.04355264081157916
0.2222222222222222,0.3333333333333333,0.2222222222222222,0.1111111111111111,0.0,0.2222222222222222,0.1808706676562714,-0.08117459737157127,0.025308046508530142,-0.20931010733828007,0.08415458829002662,9.051448649025499,0.10073832298535974,2.933818580457884,-0.1556646434368118,2.9674562323421054,0.2402776772865409,-0.01224044474282271,0.036362805642243035
0.3333333333333333,0.6666666666666666,1.0,0.4444444444444444,0.7777777777777777,1.0,-0.028256014453962086,0.08663751712028984,-0.09900766440633557,2.010419794126512,0.026351741838163318,7.127593114166773,0.17087602539816169,-0.22415439754566294,-0.023896293419781542,-0.15220097646000763,1.9266626591986533,0.06670238636279718,4.115507934144228
1.0,0.7777777777777777,0.0,0.3333333333333333,0.2222222222222222,1.0,0.1237278685966161,-0.18809251243967673,0.8655969929205398,-0.12869851127939777,-0.07830036664060411,-0.002907076034749695,0.04711544272876386,-0.005462760852406734,3.9596614657460583,0.12453451186587075,9.902317819957577,-0.027923493166170085,-0.11921424156367676
0.6666666666666666,0.3333333333333333,0.5555555555555556,0.2222222222222222,0.5555555555555556,0.6666666666666666,-0.05456929438378399,6.062411712238292,-0.18421170059323422,-0.06653267208386036,2.9385337845070283,-0.04268083764705375,-0.0008986513677678182,-0.048680162185973846,-0.06508994105953714,2.9902017117277877,-0.01678258653172414,2.839565765058966,-0.17791997219666383
0.7777777777777777,1.0,0.7777777777777777,0.1111111111111111,0.1111111111111111,0.6666666666666666,-0.057256104092330284,0.06999460417348444,2.980329374192604,6.925354806274372,1.0937748132556275,-0.2625401236893971,0.07461648341620566,0.06741100153777077,0.1014267499724631,-0.008071423288554742,3.977835226532785,-0.06463591105462972,0.13740846573463816
0.7777777777777777,0.3333333333333333,0.1111111111111111,0.1111111111111111,0.7777777777777777,0.2222222222222222,2.90870894720937,3.0479711177322537,0.07423667535074065,0.02315478931941385,-0.09069637390430454,7.248194524312651,0.022661946090983074,-0.013791623632239123,-0.05415492424094767,-0.08045919992420808,0.09306273854412533,0.15430652097612305,2.1381786900014914
0.5555555555555556,0.5555555555555556,0.4444444444444444,0.3333333333333333,0.6666666666666666,0.1111111111111111,-0.01666687579321641,2.83414171256557,-0.055434915756131,0.05066834716192416,0.015247581188669352,1.9627618862524832,-0.11170460366189561,0.9572185270081912,0.09391838089620753,8.907929008826795,-0.0442637342345428,0.06806536903877658,-0.10361738062930947
0.1111111111111111,0.5555555555555556,0.8888888888888888,0.6666666666666666,0.1111111111111111,0.8888888888888888,-0.17511132117206193,0.05341430754067238,0.06998326989490687,2.021283106977522,-0.14431207389169284,6.987436931840563,0.1576356300549308,-0.14365383601963141,0.027732605230790425,-0.05646120048000484,4.021023162138527,1.878718789666298,-0.16837009257584307
0.7777777777777777,0.0,0.7777777777777777,0.7777777777777777,0.3333333333333333,0.8888888888888888,0.05489390145407819,2.013308961600336,3.0233366109352495,-0.14844070781496407,0.04318844486536272,8.126785168691347,-0.054038699440753846,2.033649065688758,-0.050047896557875685,0.08905863173378696,-0.08264977977688644,-0.012521244222951217,0.08569187451258417
1.0,0.8888888888888888,0.5555555555555556,0.1111111111111111,0.7777777777777777,0.3333333333333333,0.046182942884316486,-0.0949347150389344,-0.0038844140607749568,6.2372396539602395,3.990106304746402,0.22678590646010402,-0.04039471505847074,-0.05936949518477992,0.03266758513115201,0.11801142921002941,1.9072672937345303,2.9727287333520893,0.1832772693072765
0.6666666666666666,1.0,0.4444444444444444,0.8888888888888888,0.7777777777777777,0.1111111111111111,-0.024720775403636694,3.1210290075137324,0.20705255325002392,5.801066511253247,0.009152687978818573,-0.2376399559367225,-0.1818219770326276,2.9767973456588632,0.12568114740264297,-0.062231344496966906,3.148988741552841,-0.007539034725341333,0.028733062881474383
0.0,0.7777777777777777,0.1111111111111111,0.1111111111111111,0.0,0.6666666666666666,-0.0010210510753002496,0.11518110654688392,-0.008040212561668559,0.1267674653646392,1.9133779746186954,-0.08603307046440617,-0.017384622394707894,-0.1140832077125066,-0.11271698811026692,0.05842929150656363,6.021154549451547,2.8969814750649445,4.118575846713199
0.0,0.7777777777777777,1.0,0.7777777777777777,0.0,0.5555555555555556,8.94341300784943,0.024915230726206047,-0.11787837003306322,-0.04734998309701635,0.10643399820126678,0.12675053082978657,-0.10783008485887223,2.9503965271219066,1.9536831735686406,0.9395370439981559,0.08206883801085803,-0.038090651090059796,0.13161570416039156
0.2222222222222222,0.8888888888888888,0.2222222222222222,0.0,0.2222222222222222,0.7777777777777777,5.836599970213735,0.047767742812052455,0.09794150838739733,5.9186084140373465,1.9686555744048222,-0.11416809622444002,-0.07824529129912984,-0.10150028176610496,0.10715492610425692,-0.08518659417366069,0.1728581786573492,1.117127921686396,-0.06149411623133882
0.6666666666666666,0.0,0.1111111111111111,0.5555555555555556,0.7777777777777777,0.0,7.981676892392691,-0.1335055764228263,-0.17472100315950864,1.081606477267351,0.04762303386335032,0.0235078254656741,1.142869275372357,0.00434120702379316,4.987310554946506,0.003459810965932434,0.11848198663133734,-0.13095243349282804,-0.018680200115105346
0.8888888888888888,0.5555555555555556,0.7777777777777777,0.8888888888888888,0.8888888888888888,0.8888888888888888,0.19693263434951352,0.015006535505015656,-0.052406487758210565,0.1784666003400561,6.003190782050615,3.1121287943103715,1.9634262033398446,0.07798441707370136,3.9587345510888308,0.052117037902305624,0.09431566227275932,-0.121877315454877,-0.06661770170772346
0.4444444444444444,0.3333333333333333,0.3333333333333333,0.0,0.0,0.3333333333333333,0.04724271759754098,3.066129097436047,-0.03620226143610252,0.08768080657831472,3.1694051310938365,-0.03763598928082924,8.908002534821515,0.03971117017865891,-0.0072041061770291084,0.02053170170747,0.11320649441785212,-0.030008131875103258,0.09458668419844736
0.7777777777777777,0.4444444444444444,1.0,0.8888888888888888,0.3333333333333333,0.5555555555555556,0.09685736667407623,-0.05777798018082023,7.836715681446459,2.8256924171844338,0.14079826656833933,0.3132029728140506,0.04638127674292761,0.055449466089325876,3.0799216144137844,-0.025359258329937618,0.00876906344106841,-0.06609516613240972,1.0549570458054705
0.3333333333333333,0.1111111111111111,0.8888888888888888,0.7777777777777777,0.0,0.6666666666666666,0.07719333344980266,0.06919213997606165,-0.11100088771060629,6.133205137976667,0.06487896399245217,-6.043937659075793e-05,0.012880169473013403,1.8821835152817221,-0.007410416990421308,-0.004628577803405138,3.125691707742507,0.005606708867516047,3.9874268343360546
0.0,0.0,0.7777777777777777,0.1111111111111111,0.8888888888888888,0.7777777777777777,0.00493797130880062,0.005046720850090032,-0.06025696357683812,0.04343255221638226,-0.07515313352664192,6.962549348945504,-0.1575346986052637,0.030461295797922838,0.007751035797341251,3.8993944236110667,-0.044406773296387675,0.11611419970174071,3.9730909770532135
0.5555555555555556,0.8888888888888888,0.3333333333333333,0.1111111111111111,0.7777777777777777,0.6666666666666666,-0.16630512774057216,0.1636129909907478,0.13200573476402652,-0.008903522770524641,-0.0500469023962893,-0.09356249358244433,5.988052812300267,2.991219019278505,2.852197683600476,0.012524021244455664,0.019583233720839928,0.08867550518036614,3.001392350354879
0.7777777777777777,1.0,0.0,0.0,0.7777777777777777,0.5555555555555556,-0.2094380668770559,-0.0385521476721305,1.8591027230337718,8.007644146512073,-0.04124966462866145,0.04827899829113283,0.06660297135522746,0.010490984933218156,-0.15635051172713188,2.0958642851856766,-0.1541972295987587,2.968198272141834,-0.14227698444595346
0.5555555555555556,0.0,0.1111111111111111,0.6666666666666666,0.3333333333333333,0.0,3.9830459162586904,3.146157755622012,0.07499861886718075,0.03382314558094237,-0.031517090032634046,0.047143762637595725,-0.1745281664977003,1.872171335901741,0.07563028787960496,5.957084397573853,0.1282185242639758,-0.13279851010883484,0.13850317843820478
0.6666666666666666,0.2222222222222222,0.3333333333333333,0.6666666666666666,0.3333333333333333,0.6666666666666666,0.029538334246959598,0.06890912036338469,0.03307673002960492,0.30127545682372325,4.890141703736991,-0.07721627562691967,-0.07137588103418356,4.171423672706291,4.048482964098091,0.004077781496220033,-0.16762648007006986,0.08883685009368364,2.095617573606919
0.2222222222222222,0.0,0.5555555555555556,0.7777777777777777,0.6666666666666666,0.2222222222222222,4.184819183500787,-0.028402893535209278,-0.07943813619162754,0.011129642982489887,-0.028462765923599906,6.882929804205473,0.11243187518629327,2.197383776043909,0.0783604351887643,1.97567600081936,-0.07280641888844593,0.03330107398243699,-0.11086522714816759
0.5555555555555556,0.5555555555555556,0.1111111111111111,0.4444444444444444,0.0,0.3333333333333333,0.06665982716979335,-0.02353442828050402,-0.06954508261221172,0.03417715075506258,5.996680347299101,-0.039996000227340775,0.0681223491114291,2.9382292809443573,-0.09811110149832053,-0.16712938198512117,1.2821788880365292,-0.1078683352381495,5.042040337781678
0.3333333333333333,0.5555555555555556,0.3333333333333333,0.4444444444444444,0.3333333333333333,0.0,0.12028034542789251,1.8167030656359189,-0.048881457940691465,2.1154766068481696,-0.02850182879196276,0.11627504512775011,-0.013519414777063244,0.02937664707025771,0.1445456690858565,8.875643799397498,-0.1813017706254426,2.1037060358280444,0.2095925060558138
0.3333333333333333,0.8888888888888888,1.0,0.0,0.7777777777777777,0.6666666666666666,-0.020018569288643803,0.014115730642718241,-0.0588576061798471,0.07876877228562387,0.06612492964055529,0.05926456237006487,-0.120211538268154,-0.04591154383773599,0.026205869267335754,5.139095718805769,1.9051813454538207,7.806829555191653,0.07160882919280172
0.5555555555555556,0.0,0.1111111111111111,0.4444444444444444,0.6666666666666666,0.7777777777777777,0.0704143539352483,-0.026804592514606925,2.8931540002452176,-0.2844937594015505,-0.005833926767370363,0.03165299606354185,-0.06837133300532357,-0.021250762187693506,7.883185788363134,-0.0407013129066566,0.9666143878882542,2.9069884612692882,-0.04854002773416258
0.5555555555555556,0.5555555555555556,0.6666666666666666,0.5555555555555556,0.4444444444444444,0.4444444444444444,-0.08606147439982381,0.08843229074314837,2.0491177283476687,1.8982100891915974,2.86475976111452,0.08779276093187734,8.072880697629412,-0.0364791034836952,-0.11992253137898681,-0.14664529204161444,-0.06897460889607149,-0.009746196158336719,-0.04537515119878837
0.0,0.8888888888888888,0.1111111111111111,0.3333333333333333,0.3333333333333333,0.0,4.064454477908614,-0.05106030341361675,-0.03577645682015187,4.219295900908292,-0.05648722957780022,0.02944190685822581,-0.08054076997367703,2.1027627334545804,-0.09135853053415532,0.0006244142070072937,5.004525295715764,0.13599742677611357,-0.1085358410223789
0.0,0.0,0.4444444444444444,0.6666666666666666,0.6666666666666666,0.3333333333333333,4.9827496842235055,2.85863686412105,0.12909759007433497,0.1097354693994268,0.0763920788170827,-0.11546754182721537,0.12534041995092687,0.03628881727156634,0.1593020356602335,0.02167678083929316,4.11002092389586,2.9741826118412145,0.036889837317753346
0.4444444444444444,1.0,0.6666666666666666,0.7777777777777777,0.8888888888888888,0.7777777777777777,-0.01779260658281234,0.9277454608755671,0.07178686655017881,0.08239818490326728,-0.2984836136270842,-0.24001819616028489,11.179760352633773,0.15089547725992328,3.01876677392497,0.000364112837157133,0.12480877509446418,-0.006861076944581034,0.1644592419424318
0.3333333333333333,0.3333333333333333,0.1111111111111111,0.2222222222222222,0.2222222222222222,0.3333333333333333,0.10370861039515122,0.0771459762538132,2.946957012856028,0.07795030192360006,-0.1148976081364888,9.07145156441501,-0.004500975590008596,-0.11918595357226401,-0.1168927991931562,1.014328024018704,-0.03661746493323449,0.05021856700362303,2.0275823845710956
0.5555555555555556,0.7777777777777777,0.0,0.1111111111111111,0.5555555555555556,0.5555555555555556,-0.09560623752461503,1.9846114181526937,0.06562789747643295,0.02404884602279739,3.9919015457354194,0.10357220087511397,5.117968204878718,4.081997340029564,-0.11432943230250919,-0.02569749211878049,0.03955595820927886,-0.17618241782629238,0.047941401639744835
0.7777777777777777,1.0,0.2222222222222222,0.7777777777777777,0.8888888888888888,0.6666666666666666,-0.02989360447704502,1.1638949103379703,0.06052204299506289,7.012147737922444,3.0435964950977787,-0.06326021063607988,0.07725579013943584,0.18569153145103803,4.200213201670965,0.013705826365412302,-0.044617634359076896,0.1409411940823495,4.801798094357256e-05
0.3333333333333333,0.2222222222222222,0.5555555555555556,1.0,0.2222222222222222,0.6666666666666666,0.010794481885474709,-0.07383465954575906,0.12322766615327314,6.782626669848185,-0.20210073405359175,-0.06511758183968361,-0.014069975104759228,0.9066724466901821,-0.08230213372161893,0.04285497810667814,0.170970085582803,4.8444474213351985,2.059137362397897
0.5555555555555556,0.4444444444444444,0.6666666666666666,1.0,0.6666666666666666,0.0,0.036120278152769573,0.13479855904948332,-0.09770638462404713,1.8930031009393988,-0.0698523737149506,-0.08373093910172992,-0.03014937400869072,0.06823639788417724,-0.0498541883791564,-0.04606145963529656,5.12071369467909,3.8717060081485233,3.9719816523875253
1.0,0.3333333333333333,0.1111111111111111,0.8888888888888888,0.0,0.4444444444444444,-0.07854656590186489,3.8259271466376576,-0.01946386380206777,-0.052051480945030065,-0.023232977168411245,-0.00020387845084330242,8.854948351800898,0.968069867528359,-0.0687211239809593,-0.07854308589528848,0.02507482373766126,0.8772728735110951,-0.05361797399629517
0.7777777777777777,0.2222222222222222,0.3333333333333333,0.0,0.0,1.0,-0.07366972306477095,0.0037664679041380413,2.2038827884317147,-0.03194183432045864,0.04726066047441227,0.0013532502264177637,-0.1241759275561077,2.892006141084313,0.09279398003254133,-0.02137671017810301,9.920409660826904,0.015290506067470719,-0.1037312664477798
1.0,0.0,1.0,0.4444444444444444,0.6666666666666666,0.6666666666666666,0.03267165336777655,7.966724874534743,0.007411321170280344,-0.16995141245128503,0.020165643089992982,0.14856629802769952,0.11617679429800304,0.009436962206082731,-0.052629215094129135,2.9640247666856867,-0.10516628431452686,2.0170488993256397,1.877928206631458
0.1111111111111111,0.5555555555555556,0.3333333333333333,0.4444444444444444,1.0,0.6666666666666666,-0.11875370946062942,-0.014399361785085652,0.05199273191810408,0.06584495883994287,2.9954533348406107,0.050761084075172484,0.0969125033855994,-0.06337086713091497,0.9597919987591104,-0.09481572480499587,7.953721700121948,3.1084026749973805,-0.12714784059581402
1.0,1.0,0.1111111111111111,0.3333333333333333,0.5555555555555556,0.5555555555555556,0.20253118294483907,-0.14063358979882498,0.028105213974899314,0.11122637241136094,0.12628252042558763,-0.0011371830440290787,6.172662910982135,-0.0037677086623913053,3.1497081264354923,1.0632307612257266,5.074654459632771,-0.022561072693172902,0.038881402564787476
1.0,0.5555555555555556,0.8888888888888888,0.4444444444444444,0.7777777777777777,0.8888888888888888,0.07072939079841116,6.000770072222023,-0.17193918657582608,1.9740805247657711,3.9815917288958227,2.931585861801423,0.26140076609700297,-0.033606125037493426,-0.1591370528615532,0.00714306259944629,-0.11327678484630717,-0.003120002316319471,0.03787246579083817
0.1111111111111111,0.6666666666666666,0.6666666666666666,0.5555555555555556,0.0,0.8888888888888888,4.833885748016156,-0.1633517147589503,2.0308829257918934,4.122773597557551,-0.014717706763253516,-0.10136797790537111,0.042237565394989816,-0.08993054819073937,-0.07210135867691327,0.16522791943555717,0.0010118142391180114,0.014742567268097051,4.044639831780916
0.5555555555555556,1.0,0.8888888888888888,0.7777777777777777,0.6666666666666666,0.1111111111111111,3.033787784254314,2.9397379398202634,0.06296714337891537,-0.06165581098438927,3.0641794522755483,-0.11584160385107892,0.02903994831032667,-0.0682366247474667,0.16814146609575364,5.810160119103046,-0.032346451802815965,-0.00904235131725111,0.10916043907762372
0.7777777777777777,0.8888888888888888,0.3333333333333333,0.3333333333333333,0.8888888888888888,0.4444444444444444,2.0535137361469715,0.05340177499495154,-0.20913335677457995,0.10473230945302717,0.11235405178941969,7.1161817286021165,0.055710824120684725,-0.06707991590044947,2.9508570827881586,-0.09354684118945053,0.02019062286299831,3.104297341271892,0.026069207150556464
0.1111111111111111,0.7777777777777777,1.0,0.5555555555555556,0.7777777777777777,0.8888888888888888,-0.014967918845693923,2.066852110046309,6.196933315061805,-0.05704450850834254,0.024165943523423775,0.003654428112589965,4.771546546234021,0.15353890954514982,2.129146020008106,0.045132365207103925,0.024765974551359878,0.03444293325362751,0.004896554834126327
0.0,0.1111111111111111,0.7777777777777777,0.7777777777777777,1.0,0.8888888888888888,-0.008887207192842422,-0.10015978746251773,6.0274637003181315,-0.04512082866960718,0.010487568366074675,4.13895881904627,-0.07176041588893742,-0.011181366366597462,-0.1593702614725169,0.04200052329133112,2.0204213298295457,-0.03649549882305528,2.927732968710295
0.6666666666666666,0.2222222222222222,0.2222222222222222,0.0,0.3333333333333333,0.2222222222222222,0.1364637827914171,3.0055338503382134,-0.13546503879143498,0.013653604591577759,-0.019935170420800744,0.056467531267493404,8.997054425007383,0.03280404178591825,0.9352104660707137,0.06303106303124348,0.0843368645763737,0.22334863728651771,1.8132918744656352
0.2222222222222222,1.0,0.4444444444444444,0.6666666666666666,0.6666666666666666,0.2222222222222222,-0.05894375739052117,0.015399721466856538,2.911872411964463,0.033831014794593155,-0.003423052592246965,-0.12781390402613443,0.0037180228050471597,3.814544878701464,1.981845484542376,-0.08948889044809367,0.05628706848588502,5.840972119620769,0.18360597701949313
0.4444444444444444,0.0,0.2222222222222222,0.8888888888888888,0.7777777777777777,0.3333333333333333,0.04019513609830977,-0.019653567259355076,8.05495321822219,0.1487797019740416,0.008159117618580599,0.0031140093236177013,-0.005295212736746619,5.973444338547535,-0.09162164701744063,-0.0347536903178382,0.015555080461031878,1.0023506189665614,0.0008217843616208283
0.5555555555555556,0.5555555555555556,0.6666666666666666,1.0,0.8888888888888888,0.3333333333333333,-0.08357832373309781,-0.08695015221484671,0.09112930517316281,-0.05086174874854468,5.758979786684011,4.026175430294916,-0.0815992293379188,0.12325826288040052,2.01542711144667,0.07547007634705291,-0.013581274411072248,2.8270052001106576,-0.17769606358865075
0.2222222222222222,0.5555555555555556,0.4444444444444444,0.6666666666666666,0.3333333333333333,0.5555555555555556,7.940965033425451,3.112945262816658,0.06059513651258426,-0.0833847909953685,2.803052728397309,0.07371370718711152,0.04602891947357264,-0.082514748314444,1.0704003902019328,0.20148611492482102,-0.11984795233934416,0.05580938933140603,0.011307546638295266
0.3333333333333333,0.3333333333333333,0.4444444444444444,1.0,0.5555555555555556,0.3333333333333333,0.048732955866101345,-0.21704008053559076,6.162799651266733,-0.14420134491539294,2.0599126190392187,-0.0046239812360267885,-0.001033133944003217,5.187049652200818,-0.16567544310572166,-0.00467150569645627,1.9472967214421164,-0.1291547921200912,-0.09216283132103313
0.0,1.0,0.4444444444444444,0.1111111111111111,0.7777777777777777,0.0,0.8946368341441213,-0.03449957167759162,-0.14192541894679833,-0.04068860129539019,-0.15062211062708314,-0.07872483363448454,11.060559414811923,2.026617534699359,0.9330356677735684,-0.011588265089952796,-0.10506702183344403,0.08509968362374645,0.011335953354735556
0.5555555555555556,0.7777777777777777,0.8888888888888888,0.3333333333333333,0.3333333333333333,0.3333333333333333,5.991497810919409,0.12315580559015814,0.014978887110791714,0.018183082722781015,0.05857308463404626,-0.10371735044502235,3.090464874979121,3.129986379967026,-0.05194499604042411,-0.010737824831322072,-0.03678995268103223,-0.009536129087420417,3.0633440871808486
0.6666666666666666,0.2222222222222222,0.5555555555555556,0.7777777777777777,0.7777777777777777,0.0,-0.0472694342564469,5.860105682845003,2.9883817836018096,-0.10012401277222978,0.08491312443735362,-0.02077790930396498,-0.1016756001199219,0.05335598242676676,-0.1832380527463653,3.8936482721611863,-0.06415909798756245,-0.07355118492995415,2.068486233621712
0.2222222222222222,0.2222222222222222,0.2222222222222222,0.2222222222222222,0.2222222222222222,0.5555555555555556,-0.05656111476614574,-0.017124383738421376,0.04053130004213376,3.0338823196611053,-0.18893796038852526,-0.011975622397758495,4.109233588792468,0.0944292921472675,-0.030423659842495968,0.0381598474444981,7.132281541601914,0.9537238229214647,-0.00982917679225401
0.8888888888888888,0.1111111111111111,1.0,0.8888888888888888,1.0,0.4444444444444444,0.8470312110448666,0.04992579369141596,5.134028825324025,-0.003624427446771348,-0.14240540049073055,7.951112076029137,0.8512213585189834,0.0414211660865248,0.03395456224012961,-0.042152723792355656,0.14649245361119745,0.05892248550222678,-0.1535370661901397
0.2222222222222222,0.1111111111111111,0.6666666666666666,0.1111111111111111,0.6666666666666666,0.6666666666666666,-0.18965625601912758,2.0603606561409027,2.0675015466200635,-0.13335954533205993,-0.07929445346028437,-0.20559961697605217,0.18787782037541964,-0.1365670203402933,2.9939139334429252,7.925189412322711,-0.02068652423665647,0.026189522920832483,-0.1678335531826621
0.5555555555555556,0.5555555555555556,0.0,0.2222222222222222,0.7777777777777777,0.8888888888888888,0.680938365317592,0.05175542868150931,-0.1421105818703312,1.950732241972853,0.06455792540952736,-0.32606150957765395,0.059070591360098616,-0.006689685535815864,0.14033734549238472,7.9916232715953806,-0.01882887856536229,0.032295839452443444,4.175598712625874
0.5555555555555556,0.4444444444444444,0.8888888888888888,1.0,0.0,0.2222222222222222,0.060076231487004354,0.0327770056366316,0.023306974747249853,-0.14209776241541414,-0.10872364198355347,0.12929289251510184,8.014055974533276,2.863143434722834,2.9843186249456846,-0.07930463942962206,-0.03033372363538464,1.1060705307233623,-0.07851024771705904
0.0,1.0,0.5555555555555556,0.1111111111111111,1.0,0.7777777777777777,-0.046243788110748696,0.0005720906791149224,-0.015289456498700421,2.8998472519875107,1.0132530897029863,8.038120137971573,-0.03156756940931101,0.2540020178119488,-0.15361420871068387,-0.050209889687516655,2.956693088457658,0.21185324344453682,-0.07977972792164498
0.2222222222222222,0.3333333333333333,0.3333333333333333,0.2222222222222222,0.0,0.0,-0.03354451638611182,5.172739974043178,-0.06071551017697945,3.9828455285438595,-0.2273551202279093,0.1780129356401644,-0.07141721819094385,-0.016363109750641685,2.0438489281966876,3.8761814660661784,0.02246513094517643,0.07090150022175919,-0.18345369815828264
1.0,0.5555555555555556,0.0,0.5555555555555556,0.5555555555555556,0.3333333333333333,0.09040670982614264,2.002584988967465,-0.1123518261824837,7.0273193227958926,0.008546966415738617,-0.0681607564822977,4.056324312210631,-0.07189816908651635,0.06040674065177887,0.08533590527562072,0.05167925075723511,1.9794261564587012,-0.0026738229874354634
0.5555555555555556,0.6666666666666666,0.6666666666666666,0.7777777777777777,0.0,0.8888888888888888,3.9475835302290583,0.02047983024888042,-0.03320638750798303,3.978393821877253,3.0064929006443557,0.007201016643612727,0.07697022519077484,-0.08013397764884239,-0.26989189831511395,0.028628855837000807,-0.06803695257048373,-0.06875492319866554,3.9789366373825166
1.0,0.0,0.3333333333333333,0.2222222222222222,0.6666666666666666,0.5555555555555556,3.9656860144386044,0.09575704491330346,2.0224604589019015,-0.04771442186103957,-0.06912118174717659,7.921126877011481,0.026418463484258997,-0.285106954260194,0.08231234224707915,-0.02747436233113523,-0.06881014060987432,1.1120080836099802,0.025209284124156822
0.6666666666666666,0.5555555555555556,1.0,0.4444444444444444,0.8888888888888888,0.5555555555555556,0.07824721743051219,-0.06030809780235539,3.124875227382092,1.9758590147233197,4.988399962183442,0.07913965235273752,-0.027327447473533897,-0.16863542027206424,0.02718873416105477,4.930616539371761,-0.00557315451945319,0.23048764457535298,-0.10806958895856034
1.0,0.4444444444444444,0.2222222222222222,0.0,0.7777777777777777,0.2222222222222222,-0.00868191328618061,2.8778947839050284,-0.08738853299075526,-0.24084100862771785,6.107547299958684,0.05077265406700864,3.0847942001302116,0.25382328097835766,2.9895391284747626,-0.13388994324268289,-0.04894187474148648,0.028013129295608997,0.01605594317423126
0.0,1.0,0.7777777777777777,0.4444444444444444,0.8888888888888888,0.7777777777777777,5.075432715780036,-0.1361143517513364,0.10135287051565467,0.0895956437017521,-0.05047747906065989,-0.02916772999350451,-0.04485534527318798,0.1725783035386048,-0.039314718180683834,8.016266847184818,1.87003869069813,0.09474791018050974,0.047428091504445685
0.8888888888888888,0.5555555555555556,1.0,1.0,0.7777777777777777,0.1111111111111111,-0.005502546220512938,-0.018761319958982108,-0.07800951064038295,1.9551790068680222,7.976957893972437,0.05186084569849016,5.174229437841507,-0.007311340574430162,-0.09605053229682255,-0.08637866905636435,0.06554044331864343,0.1360074277154159,0.17791551586693433
0.5555555555555556,0.1111111111111111,0.8888888888888888,0.3333333333333333,0.5555555555555556,0.8888888888888888,0.18288497262824907,-0.03534918238247577,1.017275436017783,-0.046144982252528985,-0.030400624456662563,8.974114229099836,2.0314707529148293,0.06589812235919679,2.9432823879976975,0.017470339896585398,-0.018105179664493407,-0.08839132229486654,-0.14111235304371902
1.0,0.1111111111111111,0.0,0.0,0.1111111111111111,0.5555555555555556,-0.016598202979466695,0.02215591728914172,1.0887237383502857,0.09776740600742302,0.05961696193781303,7.11189305474894,3.0283079803259922,-0.1298141287707481,-0.011777665128627093,0.01480362130218135,4.004398051987153,0.11228871940382745,-0.05555234007174208
0.8888888888888888,0.5555555555555556,0.2222222222222222,0.8888888888888888,0.2222222222222222,0.5555555555555556,0.023281037816251543,0.20166750704187134,6.01843006068221,4.98065984136607,0.1417354536852033,-0.036980626183483634,-0.1492501243937396,3.054822247066716,0.05440536289358214,-0.07460840864909722,-0.023915254609866696,0.9671488993035641,-0.07377141664018431
0.4444444444444444,0.3333333333333333,0.2222222222222222,0.5555555555555556,0.7777777777777777,0.1111111111111111,3.9611086563328355,0.0016314935362448325,-0.16989518608849052,0.03523466080781635,0.004502640572939626,0.18180376800137946,5.928594160705402,1.97247854094879,-0.05508709486636065,-0.13001100466748447,2.8922087196848696,0.027806669316530336,0.0046424149944133295
0.1111111111111111,1.0,0.2222222222222222,0.0,0.6666666666666666,0.4444444444444444,0.0837728435488412,-0.048673507915298696,-0.12206688049237913,0.03188838860027686,2.0064998025053113,5.935506439230457,0.04172241864854453,-0.053915853824325156,-0.14616578630799704,0.061703745992460896,4.877956466155517,2.045266037720449,-0.06973846432263302
0.2222222222222222,0.8888888888888888,0.6666666666666666,0.5555555555555556,0.8888888888888888,0.7777777777777777,6.072369193696993,0.09273568276370127,1.8869594524171776,2.9927910441566183,0.025796765713999983,0.2338143081882308,-0.11414163591727906,0.2095819408125014,0.08231848903900606,3.918370734702741,0.1424365387640035,-0.14458508777032705,0.11247031913314975
0.7777777777777777,0.0,0.6666666666666666,0.5555555555555556,0.6666666666666666,1.0,-0.16394755164852864,0.024517883471973954,4.105897415935272,-0.11444581773268436,-0.014717699879938173,-0.19517605484661452,0.021272915407911226,0.010822445585493877,7.013130697090851,3.8636186177995717,0.023921476880378975,0.16766741991318174,0.06955152846904265
0.7777777777777777,0.0,0.1111111111111111,0.7777777777777777,0.6666666666666666,0.0,7.080922868505925,2.073784762600725,0.07298768502839988,-0.011951750263428316,0.10060180237433639,-0.11604204742943375,-0.013228129361734823,-0.0782682397879034,2.9101601680999005,-0.06998164086389111,3.048452858448541,0.06712057136020506,0.15611847667862994
1.0,0.3333333333333333,1.0,0.7777777777777777,0.8888888888888888,1.0,0.015801761185995616,7.030182753193849,-0.04629757604204825,2.0217139404836892,0.16023682648706083,4.003968618225994,-0.0012806113912027714,-0.18719871754308154,-0.046090324822463086,-0.18346145431189229,0.03963468833675431,-0.1545852005881022,2.1503441543736415
0.5555555555555556,0.3333333333333333,0.3333333333333333,0.3333333333333333,0.2222222222222222,0.6666666666666666,-0.034378980156922444,-0.16183971919362444,1.9019805319897405,2.8468094345246966,3.046656539937364,0.017215372052996027,7.014023997666195,-0.045402370870528494,0.10206252875640509,0.031278046160288814,-0.10563240801087058,-0.06732873507176244,0.1434897048392396
0.3333333333333333,0.6666666666666666,0.1111111111111111,0.5555555555555556,0.7777777777777777,0.2222222222222222,2.8377959217636533,-0.07411264594247242,0.10024143745085151,-0.13147666655867493,1.011020855812612,-0.049891922652891184,-0.219923004468857,-0.08531602774587221,-0.0473698396135895,3.0255908127107696,-0.06613802415800692,7.951077870953525,-0.10459634773953637
0.8888888888888888,0.5555555555555556,0.0,0.6666666666666666,0.2222222222222222,0.4444444444444444,0.05973115396931633,0.06258552402511651,-0.0035698897171255323,0.06317463207843906,0.10934040917516577,7.955830665247105,0.07462591039660631,0.9639522257474261,2.0533730365072502,0.09135819060494688,4.020469389166794,-0.003654635327450025,-0.09018753737719222
0.8888888888888888,1.0,0.7777777777777777,0.5555555555555556,0.5555555555555556,0.3333333333333333,-0.17962204972573306,2.1331768777389715,0.0385379782278149,-0.05365816432590403,7.071146659728046,2.899083979073238,-0.06083779042136015,0.08277783597512392,-0.2708339314354199,0.029624993324753393,3.0168903328254966,0.13674503113195022,0.02714680735241917
0.5555555555555556,1.0,0.6666666666666666,0.1111111111111111,0.6666666666666666,0.3333333333333333,-0.12855158765713304,2.1283463433552647,0.055160258248289455,4.122695769516,2.2066169755285023,-0.10199788751046208,7.054992476843123,-0.042620367105196094,-0.0562514208288502,0.028303644922442663,0.08626854437190064,-0.12950877514166315,0.10514028005297182
0.0,0.5555555555555556,0.0,0.7777777777777777,0.7777777777777777,0.4444444444444444,0.06048389493169179,-0.15011144317643532,-0.005169764776365417,-0.13098668565718405,-0.09247707806322453,-0.10167309161914423,8.989757836295176,2.0299185628167185,-0.04606077503527378,0.09955542046618344,-0.08336991900894389,4.058422792792502,0.0709516645627721
1.0,0.7777777777777777,0.8888888888888888,0.0,0.5555555555555556,0.1111111111111111,0.17768410880855362,-0.04619009657254982,0.1667951431696231,8.13615764678133,-0.0647064257552837,0.9845142007212044,0.045937424547564366,-0.004243489999930558,0.05422346357340398,2.0359516201206143,3.919332987737391,0.11792695248069018,0.011763106751418145
0.1111111111111111,0.1111111111111111,0.8888888888888888,0.0,0.7777777777777777,0.1111111111111111,-0.022176971346609915,3.9853476142766344,0.0938940707177162,0.057469522390179356,2.1275484007263405,7.061497569768987,0.08338557619745189,0.027984539644939577,1.8977010680915554,0.013295720043952334,-0.07431469856122157,0.07301752748698705,0.1254200732834225
0.8888888888888888,0.1111111111111111,0.3333333333333333,0.3333333333333333,0.0,0.8888888888888888,-0.019945710028554043,1.0196750979047349,2.943470856402091,3.858561980186471,0.02569642357270334,-0.09266211190422552,-0.2543577802765871,0.0025271120854522423,-0.027467775409728574,0.1769434384312811,-0.052412959104682556,0.07604174629408311,7.020083281464461
0.0,0.6666666666666666,0.5555555555555556,0.2222222222222222,1.0,0.3333333333333333,2.89617353272347,0.06309941466714498,-0.016088246020683615,-0.07957942544173247,1.0286600427455692,7.04243020749938,0.039023402651927566,0.20043663228251823,0.07353454456382362,-0.028135250284802488,3.859556095801873,-0.05295663567454907,0.09464337214275437
0.3333333333333333,0.4444444444444444,0.5555555555555556,0.7777777777777777,0.2222222222222222,0.4444444444444444,0.11172087379781206,0.1915572124791497,0.22386638034960532,0.053635947348620386,0.05544523030921411,7.964515248020533,5.039855285130667,0.06158924212740217,-0.06745476731246634,0.8352539091222896,1.0467183844641206,0.20302115310817098,-0.02399725606279146
0.1111111111111111,0.4444444444444444,0.5555555555555556,0.2222222222222222,0.0,0.2222222222222222,5.095019924181376,0.054468148255381044,0.1428692185199096,-0.11192732987713237,-0.21562950040826132,0.12229395089194493,4.161822636954183,-0.14628435169592258,1.937989827063137,3.950558287099712,-0.10225232906744107,-0.24796802768055085,-0.09360396375635345
1.0,0.8888888888888888,0.1111111111111111,1.0,0.5555555555555556,1.0,-0.11120093687362259,0.029505333519133693,2.213425866853407,0.17962133133993405,1.9826546430841148,-0.04228374061482096,0.01829088322065142,7.0025388405327,3.9535735010016775,0.0041265220095813284,0.17380112612126244,-0.08939540964482791,-0.05877634234403306
0.6666666666666666,0.6666666666666666,0.2222222222222222,0.2222222222222222,0.6666666666666666,0.0,0.04577423921186437,3.0168490682215907,-0.04943878522956621,3.92473485096091,-0.0012699667667256786,-0.04696511075282965,5.8068141112865295,0.16936416697010792,1.9321668114990547,0.08729920045834223,-0.0643639819813979,-0.1555136974655693,0.14688603913524675
0.2222222222222222,0.7777777777777777,0.7777777777777777,0.4444444444444444,0.7777777777777777,0.5555555555555556,-0.06156944427059117,2.0422286862500107,0.08607711131615929,0.06269740613725254,0.05617753349554954,5.8706658929639985,0.20548744798905372,0.04846589947635946,-0.057053094989931136,-0.024528597189634654,3.0021299190332567,3.8508190363394497,-0.04678026107190553
0.2222222222222222,0.4444444444444444,0.4444444444444444,0.3333333333333333,1.0,0.2222222222222222,5.007416543134237,-0.01533392283332159,0.09536160716833987,-0.054504346773925884,-0.08925710296574635,3.0622462675989177,-0.07269243701183056,0.08055301676130762,0.09407898071617468,-0.023625399101602194,-0.06270083923743433,3.023518917860575,3.9897009038388176
1.0,1.0,0.0,0.8888888888888888,0.7777777777777777,0.5555555555555556,0.9044483539738055,-0.010163810663208837,-0.021473153719094164,6.967738687049121,0.012720526981032088,0.23128275573821244,-0.13359785715609374,2.9459616981931385,3.9482170534157683,0.13535474372230807,0.02271784035228899,0.05076825590037429,0.11778234810203683
0.5555555555555556,0.8888888888888888,0.3333333333333333,0.4444444444444444,0.3333333333333333,0.6666666666666666,7.814764688617766,3.2352921256043077,0.10682383874299423,-0.18937820531482444,0.20456160241653487,0.014769995785682881,-0.06321918489157113,0.054681278243011694,0.14559519161488751,0.0967238149112918,0.03095719567916377,0.9835340634094449,3.1249088952414183
0.3333333333333333,0.7777777777777777,0.2222222222222222,0.8888888888888888,0.2222222222222222,0.7777777777777777,3.8600120748435467,-0.021587078197346284,0.035461743276662114,-0.026858892101677252,-0.07784851790812226,6.912299265755185,-0.09454028834577782,-0.04878411995452213,-0.023509919572924764,0.038825791262377535,-0.11252621770993945,0.7377266696969941,2.9773633243617343
1.0,0.4444444444444444,0.8888888888888888,0.7777777777777777,0.2222222222222222,1.0,0.10079775413179265,4.004086459334302,3.9260388711021177,-0.054553666243885,-0.09632879953985296,0.1058892543122677,5.128341525025179,0.06244362975559789,0.20763436476769737,-0.09994839624765284,0.08794048626866724,0.016103308740865487,1.9169348625957237
0.0,0.2222222222222222,1.0,0.7777777777777777,1.0,0.0,0.08919497143334561,0.07425488213631976,2.896199993550958,0.060637693167335194,-0.13278125078849468,6.0284470437945865,-0.016581842858406783,1.081934418698653,-0.04641446179933885,0.03928113936786966,-0.14726388470596405,4.96686938820604,-0.12884865692451114
0.1111111111111111,1.0,0.8888888888888888,0.6666666666666666,0.6666666666666666,0.2222222222222222,4.9583524299456485,-0.011181622470720971,0.03644444720464834,-0.05343279973736362,2.1300321105781443,-0.0373686701244742,-0.106813451379043,4.154869745097323,0.06451277958371547,-0.0007400048357347512,3.997783883876056,0.06610604149931401,0.09895279920404793
0.7777777777777777,1.0,0.7777777777777777,0.5555555555555556,0.2222222222222222,0.7777777777777777,0.0841409399247092,0.7074694963950201,0.05851045565226901,5.954698262317403,0.14444383274908554,-0.08770912431439748,1.884155257526738e-05,3.989896126350628,0.09023987130000809,3.9307690493706953,0.015968746223465592,-0.1513376021041575,0.015987150886584506
0.0,1.0,1.0,0.0,0.7777777777777777,0.3333333333333333,4.107650942879516,1.7940015176707265,-0.05861303504440029,0.07785969047338193,-0.006187114281148156,0.17714467239635578,-0.10897344385066793,-0.1017791670452905,1.993230092101295,6.995893711878909,0.1845884633036946,0.119847284945262,0.03677542903215894
0.6666666666666666,0.1111111111111111,0.7777777777777777,0.1111111111111111,0.8888888888888888,0.0,-0.15143726523600734,4.023541373435975,0.028510408142168216,2.9894297417366706,-0.25939495780749583,6.063899763029269,0.16924994691101194,0.050377949487724054,-0.0562503738433817,0.07348726886984319,1.8098589527239908,0.06671321349840147,-0.08114778067006687
