X1,X2,X3,X4,X5,X6,y1,y2,y3,y4,y5,y6,y7,y8,y9,y10,y11,y12,y13
0.7777777777777777,0.5555555555555556,0.1111111111111111,0.8888888888888888,0.7777777777777777,0.8888888888888888,0.005056170714293956,0.0499951333237829,-0.09959089311068652,3.069359850829131,1.958169847997309,-0.15845772351121243,6.935229323287815,0.059857517396737725,0.03322500326099644,-0.11474766329454798,0.06186696890268814,-0.008798692834027545,3.0425072396487023
0.2222222222222222,1.0,0.7777777777777777,0.7777777777777777,0.7777777777777777,1.0,3.0332253145372334,2.8843183739080858,0.03509971530825316,2.9393112716902596,0.15469793290157274,6.072334160874786,0.0046135567230164804,-0.09829916534185323,0.005443273886515768,0.015989293507262803,-0.12089481591289207,0.22233602169111688,0.03942952147143917
0.8888888888888888,0.4444444444444444,0.2222222222222222,0.6666666666666666,0.4444444444444444,0.3333333333333333,0.1692357715238154,1.8887187846146227,0.16357475418015288,3.8639034408163506,3.93487741666702,0.05424513084033299,0.004800624719068912,-0.2358073633011557,4.8894415956180595,0.08378363539201328,0.2087870868283119,0.09148409578006828,-0.02762033542650379
0.0,0.7777777777777777,0.5555555555555556,0.5555555555555556,1.0,0.6666666666666666,0.07965118987249309,-0.11437985718462247,1.0509919782970216,-0.1347460295091466,-0.0009360100629907888,-0.013070463858816004,0.08020866136293581,-0.030296396712847253,0.12020025898120373,6.980325472152166,4.0836528702130614,0.0786602282754158,2.8159124133201447
0.6666666666666666,0.8888888888888888,0.2222222222222222,0.5555555555555556,0.8888888888888888,0.1111111111111111,0.0037547486510574554,0.0035928051415857754,-0.07787399245569351,0.017941071435718353,0.8544465672804435,1.0556185222950423,0.05097788545383667,0.030044554294822758,9.247658416144985,0.03523433965480856,4.006747100055067,-0.07322646997692349,0.029714121028001292
0.2222222222222222,0.7777777777777777,0.0,0.8888888888888888,0.3333333333333333,0.1111111111111111,2.9038223198897755,3.1271818617325904,-0.06476445329744827,0.01584695369715993,6.199008301633253,0.11641875606586463,0.024266015856716016,0.13799200970497907,-0.0054558705452902615,0.07952339492930321,3.0019089961907994,-0.09054381367344627,0.04302713312584599
0.0,0.3333333333333333,0.2222222222222222,0.3333333333333333,0.2222222222222222,1.0,0.09346500630468874,2.965389812777476,3.890287811645018,-0.05281960691477325,-0.23797752739870082,-0.06076836914911097,-0.10752900903037375,0.20224050665922608,-0.05648752968128961,6.8457070949407335,0.08708417789331119,-0.017521052684875305,1.0048603006689385
0.2222222222222222,0.1111111111111111,0.0,0.1111111111111111,1.0,1.0,0.01886462032351803,2.0209313488474616,2.9625555083493724,0.0954698597250924,0.05232476625104543,-0.0495818519936454,-0.01714646096186858,-0.09443685994103146,0.028086467541812172,0.0738247111297546,0.0650753231022086,4.06147406295739,5.987343140532574
0.0,0.7777777777777777,0.2222222222222222,0.6666666666666666,0.3333333333333333,0.7777777777777777,3.1578874247073854,-0.02071816771862039,0.0030067081738773815,-0.0336179839635289,0.008126377095000947,-0.02405241774403785,0.20321793255564505,6.042584671305274,-0.16829648888583426,-0.043388637923051115,-0.14162275302358232,3.0879898995768214,3.137459323237278
0.8888888888888888,0.2222222222222222,0.6666666666666666,0.7777777777777777,0.7777777777777777,1.0,-0.04510429094119388,0.06135326281126559,-0.021015656295939673,0.040805816572834205,0.17323985051241397,-0.03494479576644289,-0.12331368225253148,5.071827438895672,0.05165596324474883,3.0673801491500936,5.102645496887245,1.9318851570932678,-0.1966014721106638
0.2222222222222222,0.7777777777777777,0.5555555555555556,0.3333333333333333,0.0,0.5555555555555556,0.10409063667950139,1.9591349687737571,5.879259953916824,-0.11682902820995492,5.112837333153991,0.01808333132933886,0.030290203466058166,0.08503868709329686,-0.06769009451226653,1.887488540929282,-0.08529512801266512,-0.11045746143949729,-0.029109579842622732
0.4444444444444444,0.3333333333333333,0.8888888888888888,1.0,0.5555555555555556,0.8888888888888888,2.9109024267807007,0.0038635212979317487,-0.04808491425505798,-0.007997948912369489,0.06497903361043564,6.140127689377317,3.1555937915111176,0.011492217981461954,0.021237028737397592,-0.050838022838265585,0.10059819923079055,3.1531790862701055,-0.05936018037153826
0.6666666666666666,0.7777777777777777,0.0,0.4444444444444444,0.6666666666666666,0.8888888888888888,0.07641056650847913,-0.0329566538899508,-0.017111499491513627,0.018428475762614725,-0.040117681758043276,3.0895104377220903,-0.14958523645400124,-0.06953969087564818,-0.011941144147427377,4.8955176296118,0.036063798376576923,3.848509570080137,3.005517757040402
0.4444444444444444,0.8888888888888888,0.1111111111111111,1.0,0.5555555555555556,0.4444444444444444,-0.14402648770248946,-0.014524673702192166,3.0508073300063843,0.22035640187302172,0.10776343302296137,0.16172412099860323,0.006797219337730161,0.21157358407718038,2.9758741326107807,-0.025219750748723457,5.871791717174536,0.022225174651863317,3.1053600403906403
0.2222222222222222,0.3333333333333333,0.4444444444444444,0.7777777777777777,0.6666666666666666,0.6666666666666666,-0.06338581435034278,1.9629397810032705,-0.04635449705682646,-0.0331452555095216,-0.05903833863542031,2.864996027597695,7.1380968129836235,-0.1971753076402296,-0.0927082194592078,0.03437414502444053,0.1011561741825199,2.9791399186295386,-0.02832462909256119
0.8888888888888888,0.0,0.3333333333333333,0.5555555555555556,0.6666666666666666,0.1111111111111111,3.004947654298067,2.9738687957655765,0.08767424821475354,-0.04828786860767879,-0.09854184610505135,-0.04726628155357138,0.009626794392894912,0.12292133951136988,0.15998775141511076,1.9600585723728359,6.853581643853924,-0.1383866279817663,0.2125322152815616
0.1111111111111111,0.6666666666666666,0.0,0.8888888888888888,0.7777777777777777,0.5555555555555556,-0.04028697810483954,0.04579062166073701,0.19172848529392297,-0.06801162405590278,-0.019457399322893795,1.9419404828411113,0.8904083996677077,0.07997555367606815,0.10656997694604582,3.8126261562532293,8.098171066260779,-0.023596711644264686,0.018362631874731677
0.7777777777777777,0.6666666666666666,0.8888888888888888,0.4444444444444444,0.4444444444444444,0.0,3.0197869001489894,-0.1306538672323684,-0.03108709155936917,-0.09909132208147386,0.1915251572767684,0.21858481508016583,0.008403339269975765,4.882104397952928,2.115605606286927,4.980999816552134,0.17454445064179225,0.19687193886609666,0.1672906428529285
0.7777777777777777,0.2222222222222222,0.1111111111111111,0.8888888888888888,0.8888888888888888,0.1111111111111111,-0.03952594511531999,-0.09980747882005428,-0.06630500081023505,8.990365476254972,0.9076192665071029,0.11933685110687037,0.06574641594463078,-0.0033965285124291783,2.9599607014118776,0.0649314479705606,0.1378419554847238,-0.19297953448027902,2.0233873590569265
0.3333333333333333,0.1111111111111111,0.3333333333333333,0.6666666666666666,0.7777777777777777,0.4444444444444444,1.9699534693206173,-0.07442297007400367,-0.03412559945570482,0.013451712482584394,0.1869565519894852,0.005705716334610017,-0.04297667547457109,-0.12271901478945269,5.077399925869635,3.9248129242060426,-0.011374508043615053,0.07130867998080886,4.0052370602334335
0.0,0.7777777777777777,0.3333333333333333,0.7777777777777777,1.0,0.6666666666666666,2.961377135890177,-0.01727198627361788,0.08983490183938353,-0.0019636220812203333,0.024267319780959834,0.04228484666967025,-0.03345393543894861,0.03279391131716732,-0.02768091581846742,8.11338433230995,4.050181025350364,-0.17303379403668953,-0.02073539378948809
0.6666666666666666,1.0,0.3333333333333333,0.2222222222222222,0.7777777777777777,0.6666666666666666,0.11091745750475944,-0.021286590357542746,1.9577482577540204,0.09936837813309482,-0.10826261775137358,0.0065034893645802,0.059016317051231997,7.085192762596702,-0.10333501695464427,-0.12462120868552706,2.149455700100338,-0.07784218204335386,3.991011558799898
0.7777777777777777,1.0,0.4444444444444444,0.3333333333333333,0.0,0.5555555555555556,0.24312240018580444,-0.046524873269584995,-0.22020645785769136,3.2786803592426237,4.1012579337415085,0.03587908268575373,7.277713467857468,-0.007526575436784814,0.1445932861713138,1.0012459977955908,-0.027564461716743895,0.06325144631085122,0.08843878174503854
0.0,1.0,0.5555555555555556,0.7777777777777777,0.5555555555555556,1.0,0.12823673684818465,0.11945162596384656,7.950127927514745,-0.008073961355004149,0.19378714030365307,2.060883721930515,0.00975389955199564,0.13474291193769772,0.1400160799908736,0.12899787196652027,-0.05461849881158446,4.961521336110564,0.07521343610390116
0.8888888888888888,0.2222222222222222,0.4444444444444444,0.2222222222222222,0.3333333333333333,0.0,1.1192365026384716,-0.11950620591460469,7.9544976484993475,-0.022968968686828926,0.10072471141177441,-0.10830026430219034,0.2704963428545874,0.009005405825364346,0.06200833122731744,5.2229865003742395,1.0629172098111082,0.07551415376335528,-0.017191765456386537
0.3333333333333333,0.6666666666666666,1.0,0.0,0.3333333333333333,0.4444444444444444,1.0475297383719386,-0.10494869312052113,2.993045368044232,0.004412066920673148,7.901702902948273,3.1013550064426205,0.04595817793715172,-0.18529345547656606,0.07970231337704042,-0.09177410447904098,0.05900888266498164,-0.07934120925514541,-0.03499765350872674
0.8888888888888888,0.6666666666666666,0.3333333333333333,0.7777777777777777,0.3333333333333333,1.0,0.04274724202517438,0.1947953541308532,-0.15022674487944818,3.9662904851459717,2.966788909353544,7.110246308675483,-0.023572500269565543,0.042588321657931506,0.13417600707703412,0.07754678761316597,0.9593319016593747,-0.04230562404154203,-0.02565378813042631
0.1111111111111111,0.4444444444444444,0.8888888888888888,0.3333333333333333,0.0,0.2222222222222222,0.016536045077124327,-0.08468086306615648,-0.00439453344446489,0.05868325959229046,2.954268208237855,-0.04672331917755276,0.02953631664521686,0.08091036574800972,-0.13296225653645286,0.9024249244613297,3.129251713350782,-0.0015102165126223827,7.890782838425436
0.4444444444444444,0.6666666666666666,0.1111111111111111,1.0,0.0,1.0,1.012714869832207,0.15892857857053935,-0.06105709733746657,-0.09536574533589076,-0.024386478106095174,0.15970939712582094,-0.06518402270074704,5.053365281431279,0.10079886448632332,0.062222183935504806,-0.033942943577207396,2.0652125574709466,7.016885282012415
0.3333333333333333,0.1111111111111111,0.2222222222222222,0.3333333333333333,0.2222222222222222,1.0,0.08122180887010094,0.03925606114599458,5.0143843166998545,-0.17302226951536592,3.0645415726459926,6.988649789078014,-0.20714166788323293,-0.0042522463834474685,0.029630498290305996,-0.011804865894780678,-0.243670919062986,-0.07230814825246279,-0.09616139379134134
0.5555555555555556,0.2222222222222222,0.7777777777777777,1.0,0.5555555555555556,0.6666666666666666,-0.03162997855615627,-0.22929130526485242,0.028220666251017518,0.05335672931819714,0.05746125677084446,-0.005298209404549593,1.9902210472805635,0.10061499815311958,3.04543228608809,-0.041447376726068574,8.03005999498904,2.0695092621930384,0.12005087989202708
0.5555555555555556,1.0,1.0,0.6666666666666666,0.8888888888888888,0.5555555555555556,0.047166082405410786,2.9223586747615844,1.9517556712882198,0.022538835218849737,3.0311697586100865,0.10210378736491701,-0.1863830811876634,-0.07037023318973118,-0.1135040015031587,7.108336528110102,0.07739906832947563,0.034076287013958415,0.08141008749779001
0.4444444444444444,0.4444444444444444,0.6666666666666666,0.2222222222222222,0.2222222222222222,0.1111111111111111,0.9446627145497896,3.053373510413992,0.0073822126412704196,7.010614916886093,-0.01099332370241979,0.09618533287560721,0.1070626315838979,-0.14052844496938574,-0.05095561799319231,4.009477072372451,0.05818474810254955,-0.15853008648304304,-0.09057392814294868
0.3333333333333333,0.7777777777777777,0.4444444444444444,0.0,0.5555555555555556,0.7777777777777777,-0.029557474623471615,0.17464247794463766,-0.08516607244179113,-0.03798355711985052,-0.0021906570563673187,0.990592613341651,0.016185411154759098,3.9979106211234683,6.982081395535932,0.028874641487297716,0.028074750319129895,0.0382281043934476,3.0404693378771666
0.3333333333333333,0.8888888888888888,0.5555555555555556,1.0,0.1111111111111111,0.5555555555555556,-0.11496488450272063,0.01813571290386325,0.01588706426515544,0.07829755620058902,1.069348361812826,0.1547684899838367,1.921934567449761,2.9879627460065312,9.022419724687305,-0.06139448331464631,-0.025582830200146435,-0.03542756974256152,-0.04609470720836897
0.4444444444444444,0.3333333333333333,1.0,0.5555555555555556,0.6666666666666666,0.6666666666666666,0.2269572000114599,2.993779390720311,0.14742853278949553,1.9167276559271627,0.029419801194752696,-0.061140276375808336,0.03522577301154437,8.166972898556688,0.1945302968935181,0.0827063349874334,0.04752458091945331,2.0029320161771484,0.04111141414883263
0.1111111111111111,0.0,0.5555555555555556,0.2222222222222222,0.0,0.5555555555555556,3.1387206635559193,-0.1579823948763042,-0.0273972084565242,-0.09330431725830467,0.1026084011547147,-0.11968814732853389,2.0858741056670165,7.888988950404826,-0.10338148227402709,2.1515386730818955,0.10395038590371537,-0.0855929481553125,-0.16872790377688407
0.8888888888888888,0.5555555555555556,0.7777777777777777,0.8888888888888888,1.0,1.0,-0.09003956534432475,0.061347031400538335,5.000096527539246,3.9099219054915615,0.05618361945117918,0.1387025762490197,-0.10869361269432037,-0.005174972268390758,2.9233345720419375,3.1109381202596373,0.013851621085481963,-0.061898558178620555,-0.16045134882516915
0.0,0.3333333333333333,0.7777777777777777,0.0,0.4444444444444444,0.7777777777777777,0.07139751722892855,-0.02556043656947294,1.0159447515938538,-0.015607334469438093,0.0424876682136576,-0.16921731367672335,-0.07843621851053145,4.03565179179105,0.1815852792043675,7.033825293203999,2.995057416128972,-0.06096682235107617,-0.06399263847590819
0.7777777777777777,0.4444444444444444,0.1111111111111111,0.3333333333333333,0.0,0.7777777777777777,-0.019433061007392997,-0.07600406635603353,1.0145930067778215,0.003424651294350704,0.19956598121821698,-0.006712705339244575,0.11209738847719693,3.9608199791527117,9.09705206881717,0.2444823086232608,0.946614569014193,-0.11104262019784206,0.10910373925705658
0.7777777777777777,0.5555555555555556,0.1111111111111111,0.5555555555555556,0.3333333333333333,1.0,0.009552479500913263,-0.021653537409300556,0.04831593719819708,0.03305059894958858,0.1271155660107467,4.045911920803839,6.948082356739147,-0.10518875755961068,3.8337339817449867,-0.10225415264606874,0.11409791249087109,-0.13796978762993092,0.009728485393133136
0.3333333333333333,0.0,1.0,0.7777777777777777,0.6666666666666666,0.1111111111111111,3.1259161956431702,2.0624984486193703,0.15576111153864425,0.07728610643117605,0.15932407177532978,-0.052735460528884684,1.9221077755317741,0.1978134710987657,0.03838262716652869,0.013048028976996712,7.947931839004805,0.16276942059751845,0.05218322948395335
0.7777777777777777,1.0,0.6666666666666666,0.3333333333333333,0.7777777777777777,0.2222222222222222,0.053536751600327365,-0.059947804901745595,0.012403593784575272,-0.03832299651058529,-0.0060024281788232416,2.0357580240276922,1.9532563676174377,-0.07967426732900498,0.08178985393852761,-0.09698556696821921,2.142000152435993,0.15544733764599755,8.8655312329886
0.7777777777777777,0.8888888888888888,1.0,0.1111111111111111,0.2222222222222222,1.0,0.16323375762669556,6.9219414917163835,0.13361973487186501,2.94615859038705,0.07925747594364617,-0.10039735116325382,0.06659894403266875,0.011433269765971164,0.1605860818760183,0.07838922005010723,1.9149343666644163,0.03513916140743241,2.9367495149260634
0.0,0.6666666666666666,0.8888888888888888,0.5555555555555556,0.7777777777777777,0.5555555555555556,0.02201076754273516,0.15646260289286507,0.15979229025098243,0.020472849953137664,-0.07645802502582319,0.011897869717664553,0.21075084334025168,5.991371998899691,-0.14010971475040598,2.8668857403171577,3.8859226825463558,0.11152852307502606,1.9703804371134805
0.8888888888888888,0.1111111111111111,0.2222222222222222,0.3333333333333333,0.0,0.5555555555555556,-0.06972023934662229,0.03911405896383781,0.09993421367680479,-0.010929938184771235,3.9243613777300426,0.024979326825507787,7.084963055053516,-0.16034130620365195,-0.1353353003067476,0.20163465907335182,2.046620027755972,2.03956077322729,-0.13469849601580472
0.5555555555555556,0.6666666666666666,0.6666666666666666,0.0,1.0,0.5555555555555556,-0.09411014342096367,-0.0224818389177173,0.1277523073933294,0.012568454254697964,-0.1575633647564078,0.15616646605366521,4.160713208574328,3.090013683038494,-0.10598380343362364,-0.061004680987280804,0.976378940738734,7.015583531318617,0.1812287058285582
0.5555555555555556,0.3333333333333333,0.5555555555555556,1.0,0.1111111111111111,0.1111111111111111,-0.13128728199927017,2.9319643394566133,0.0010833796049367062,-0.05420939305405568,1.9514969330219345,-0.14537273443910367,0.005735281528076076,-0.030946210843337114,7.018620391321301,3.09272180397268,-0.02548088984919233,-0.01140337144722157,0.027357713433306986
1.0,0.8888888888888888,0.1111111111111111,1.0,0.1111111111111111,0.0,-0.04385733309369177,0.020438216135816045,6.827557611974541,-0.08461281463798481,0.0513403036554727,1.0203896777653838,0.08190673354253766,-0.13147467233856086,4.947552831991371,1.9924857680547976,-0.009224421743472119,-0.021688878590987577,0.14074005340288065
0.6666666666666666,0.0,0.0,0.2222222222222222,0.8888888888888888,1.0,1.9544787931010648,-0.031719013584476895,0.05045661954304629,8.046765858077071,0.01313884065256042,0.16439887316594892,4.055932364640484,0.9767757114442801,-0.09542258590258826,0.12113314154150474,-0.06172671933658833,0.03838496050450607,-0.052193098331164284
0.0,0.2222222222222222,1.0,0.1111111111111111,0.5555555555555556,0.3333333333333333,6.208367870692627,0.07180588536162327,2.825818493962947,0.028168711685981035,0.8631036859862627,-0.056059792723791815,0.07924700406385388,-0.12846076835598597,0.031885186797273535,4.991901794461856,0.07366715662036259,-0.09699056129594576,0.06022040564500855
0.5555555555555556,0.7777777777777777,0.3333333333333333,0.6666666666666666,1.0,0.5555555555555556,3.9633368148390202,0.10064034188508869,0.003015922419363362,0.06367747072537654,2.131261160706903,0.10675523210885539,-0.004595192610284888,0.06811884392011465,7.998177378626326,0.040215817931029366,0.15860445425292757,-0.0869659197905027,0.8807014853834916
0.8888888888888888,0.3333333333333333,0.6666666666666666,0.4444444444444444,0.4444444444444444,0.2222222222222222,0.04519471993841978,-0.05812609019427172,2.119426342576657,0.08230568517320246,4.059546713012678,-0.004268697199346693,-0.04840749159766061,-0.08969404346422827,7.9429187876418545,-0.005601390404319847,-0.09717115839640218,0.09838646221695374,1.0602400149666418
0.8888888888888888,0.5555555555555556,0.7777777777777777,0.6666666666666666,0.2222222222222222,0.8888888888888888,-0.13219188032448534,-0.2695147181467073,2.106276181102309,-0.12277067701861547,-0.28832180698684734,-0.16656916345421133,8.018258587861492,0.1319388039636877,0.08991949072168565,3.1440750227528618,0.1750142178206949,2.1839400793097727,-0.09545408300433927
0.4444444444444444,0.2222222222222222,0.6666666666666666,0.1111111111111111,0.0,0.4444444444444444,-0.019547833479816954,2.937881259261078,6.005385692275246,-0.034816406445844106,0.026194730277298645,1.1815220754552,-0.07019602486278537,0.07356721033464433,-0.0962539043324581,-0.12814212511119924,0.10055575202382139,-0.013573629766755411,5.007072032426793
1.0,0.0,0.7777777777777777,1.0,0.0,0.2222222222222222,0.14373160330422372,-0.13186367629293225,0.007636707601446745,0.1455652869367011,8.897908102420738,2.025925155647469,0.09231510404367717,0.09248502887762211,0.06721319867726343,0.09722650456268239,3.048437244939661,1.0785414706043892,0.038690921894636965
0.3333333333333333,0.0,0.0,0.1111111111111111,0.7777777777777777,0.8888888888888888,-0.08890422348277463,2.011763737590875,3.98957089310121,0.11328302329498266,2.0511963415045695,0.0520977653820569,0.019615958056899554,0.06640917843296916,-0.05285263297946782,0.02874235895954282,6.933551727873984,-0.03334200561000697,-0.10920267272131695
0.2222222222222222,0.8888888888888888,0.3333333333333333,0.6666666666666666,0.4444444444444444,1.0,0.22149990734707023,0.061430721847209185,-0.0929281800002228,-0.03536609329572243,0.03514232331241414,-0.04264790969807539,0.0748051189039895,3.045122724268143,7.114819764440628,1.7212090895890477,3.076069577305368,0.0245938255785349,0.10071175481714503
1.0,0.8888888888888888,0.0,0.8888888888888888,0.4444444444444444,0.1111111111111111,1.9455734247896805,-0.07147750365018732,-0.11102928044063204,0.04785280817495432,4.017288086131557,1.8327800239673617,-0.05479670858819742,-0.00146318074281765,-0.11717912824155415,-0.03554009533669856,-0.009439341897835471,6.944411500368754,-0.16016775572133968
0.5555555555555556,0.5555555555555556,0.3333333333333333,0.1111111111111111,0.2222222222222222,1.0,1.1143734458795636,0.025333842151857258,3.034984436637969,7.94374254132638,0.01812926469661753,-0.06638150498431285,-0.011260272693051705,0.014362097545099746,0.05863735176579648,2.942849894174746,-0.07540831580779703,0.12442611551727659,-0.13630359354120528
0.3333333333333333,0.1111111111111111,0.3333333333333333,0.5555555555555556,0.1111111111111111,0.7777777777777777,0.020106207549658958,1.99020930077253,0.06854446108630788,-0.04177283675393807,2.89879367641316,0.012378513300179963,-0.13312060372602472,-0.10365430759034622,5.998016082313479,0.01200959396063523,3.8560867700776846,0.12532880902459165,-0.0036824108546393247
0.4444444444444444,0.7777777777777777,0.8888888888888888,0.5555555555555556,0.1111111111111111,0.8888888888888888,0.12269040334683586,0.10971342544537391,0.005943278266248396,6.960550182647268,2.8606949427597845,0.0993021847629631,0.15300236922765895,0.016955499356526606,5.006433401660889,-0.08844118301274244,-0.09946304096173758,-0.00992154735829861,0.12096029194467009
0.6666666666666666,0.0,0.5555555555555556,0.3333333333333333,0.1111111111111111,0.8888888888888888,-0.026185381194139785,7.087571474950321,0.040330388217667934,2.9902462179508387,-0.08117138519149579,1.9645298834767322,-0.11701301251396728,3.0855628960590225,0.051167493771335885,-0.09433978584608183,-0.06505859925832723,-0.12785587721664873,0.016998594178108763
0.0,0.5555555555555556,1.0,1.0,0.4444444444444444,1.0,0.06128499154275627,-0.08601550042453514,-0.04101227340144926,0.03951544435612441,0.8391898231303918,3.0255677978145887,0.15735324875979914,0.1631657848572374,-0.01022872865809143,3.9982204569247943,7.076961529612993,0.06939480587057831,0.14862377716819425
0.6666666666666666,0.5555555555555556,0.4444444444444444,1.0,0.8888888888888888,0.3333333333333333,0.029110434188716863,0.03821562166743971,0.03782229628209855,9.172124311163843,1.9140871699726203,0.13372964809398996,1.0332560425856254,0.039055248854111144,2.929554331750169,0.007552449805445127,-0.07593524585991981,-0.2425452887451106,0.03523801160189683
0.7777777777777777,0.4444444444444444,0.0,0.0,0.7777777777777777,0.7777777777777777,-0.11976882590371274,0.01703771392833304,-0.11615674216028782,-0.024093793163826725,0.9723879183233128,-0.15754580240894267,8.012894855965893,-0.046869942063395315,4.777648043007448,0.18985735622257213,1.0598204826344069,0.047089835953107874,0.015206845896844477
0.0,0.0,0.0,0.5555555555555556,0.7777777777777777,0.6666666666666666,2.0944511254563665,-0.035922256547757575,0.08289755194792559,0.10498619167459247,-0.03692330386012657,2.016629133217332,1.027055283719496,-0.13246933128575542,10.047168107835093,0.005528749277694641,0.13190173247231893,0.027913114585435952,-0.07416884145173246
0.7777777777777777,0.6666666666666666,1.0,0.5555555555555556,0.2222222222222222,0.8888888888888888,3.023773256006152,-0.03980447916185467,-0.21998304276992486,7.988700376387212,-0.11684111512307105,0.13265410793758337,0.03910319871709576,0.0932960261496822,0.042141807649821054,-0.012587169397351595,4.074670527680871,-0.1432723214030527,0.08439639535719823
0.4444444444444444,0.7777777777777777,0.5555555555555556,0.5555555555555556,0.3333333333333333,0.2222222222222222,0.9936347035003086,-0.18745493394803014,2.990295705259376,8.064796008387322,-0.04051085982394781,3.1408171791231796,0.13210609954076996,-0.0527784074868948,-0.0682313868313216,-0.015358017377209038,-0.03992191544198294,0.07685871541359265,0.11351196732971638
0.2222222222222222,0.4444444444444444,1.0,0.7777777777777777,0.0,0.1111111111111111,0.07092334719552609,0.07385198590980589,0.0015747599768335917,-0.005705148634393184,-0.06052735969523176,2.23603600917307,2.0969502814949212,0.06536086844204228,10.942317044692464,-0.14178846875909612,-0.06731022454455524,-0.035661942131689335,-0.028948063903588013
0.1111111111111111,1.0,0.3333333333333333,0.2222222222222222,0.1111111111111111,0.8888888888888888,0.06920444793888739,2.968693393967825,0.06913804417292414,0.0549507580518817,3.0738577205098414,-0.004402162757641276,5.08300615912688,0.02143206867275197,4.025490833824702,-0.009449646344757869,-0.005740971808864004,0.028715155602928224,0.07304883199946681
0.4444444444444444,0.4444444444444444,0.6666666666666666,1.0,0.2222222222222222,0.0,1.936891210805195,-0.022766120042864508,0.011799483162611292,0.11605571049087093,0.00776303121008477,0.06957389602952278,2.097149268549746,0.009711302696867393,8.160688522246248,-0.088310561849352,-0.12624410058807592,-0.10540886875357858,2.924914100859111
0.8888888888888888,0.8888888888888888,0.1111111111111111,0.5555555555555556,0.6666666666666666,0.2222222222222222,-0.0513196001061684,-0.021385932490516,0.04110201100365887,1.9590304244355239,-0.047856669282120026,0.06232005901990989,-0.012280631884045733,6.026837860695445,3.963106767095581,-0.12237409508899898,-0.0012066952929662854,-0.007729790179289215,3.040370792491412
0.4444444444444444,0.0,0.7777777777777777,0.7777777777777777,1.0,0.0,0.003915842705679881,-0.07739153857152563,0.14882288610963232,-0.11825025765417962,-0.18219841460095418,-0.06253120368566509,-0.05119880306574599,1.050250580279931,7.944028265288269,0.0005644582778397857,5.023799876914337,1.0681258444005044,-0.1601360652580036
0.7777777777777777,1.0,0.1111111111111111,1.0,0.5555555555555556,0.3333333333333333,0.02358656499712595,-0.12147375487932538,0.10913925936855118,-0.07578221906182042,-0.06849161796060632,0.05036948474101624,0.9966010399709628,5.989713738718603,0.0686242230031502,-0.049430738872152796,-0.06096464120088189,4.099647429246287,3.945197353406943
0.0,0.2222222222222222,0.3333333333333333,0.3333333333333333,0.0,0.2222222222222222,6.01777533227645,0.8786153486075975,-0.0027077723288684834,-0.03179426079994809,0.03749688143739751,0.21934980768040657,-0.19010392797093334,-0.09655885194706627,-0.03278599350947791,0.013467677910804114,2.8557374426386435,-0.004942835739236339,4.917621659682572
0.5555555555555556,0.1111111111111111,1.0,0.8888888888888888,0.0,0.7777777777777777,0.006483180624873179,5.906745712586633,0.27548028493139415,0.020726110606134992,3.0698193626711734,2.7695090070424815,2.919551062170481,-0.01674526895909952,0.16809790541187336,-0.08285289922740036,0.03693849768474974,-0.08941204953844145,-0.01303105549878589
0.1111111111111111,0.4444444444444444,0.8888888888888888,0.2222222222222222,0.7777777777777777,0.7777777777777777,-0.18888729166978785,1.8105703506237565,-0.07641334636489629,0.08248198635261571,0.08346038446018544,-0.01939721349515919,2.872897278460387,6.110921380762589,-0.03536843983224477,3.908983017897574,-0.03908763036539634,-0.025943403990949295,0.16956042297681376
0.5555555555555556,0.7777777777777777,0.5555555555555556,0.6666666666666666,0.8888888888888888,0.0,2.9975265438265395,1.9470767345587796,-0.045117235695958414,-0.15525240434534504,0.12296588826845455,-0.09600043898470731,0.011379916314590007,-0.09825672584301182,2.9210412926635625,-0.2167996797379364,7.007351754433912,0.21952235281564325,0.1787692734863719
0.7777777777777777,0.3333333333333333,0.4444444444444444,0.0,0.0,0.1111111111111111,1.040926600479824,0.1406772791083463,-0.07727167661282652,-0.11345852981610441,3.1152797381197224,-0.0662964404934945,0.21216096374637386,0.13934190449771908,8.886627437121511,1.9640262064670904,-0.03540529766626852,0.07631976344752185,-0.037957754245454
0.0,0.4444444444444444,0.3333333333333333,0.3333333333333333,0.3333333333333333,0.8888888888888888,3.996950610301311,-0.15086708102545893,0.16120130833603408,0.08809385336964146,2.00748856912749,8.840656002150748,0.016153052022629306,0.29832689991101374,0.04105663019223549,0.12372538124807977,-0.2147703298138433,-0.03035134897123142,-0.023307768207253197
0.4444444444444444,0.2222222222222222,0.8888888888888888,0.4444444444444444,0.5555555555555556,0.4444444444444444,0.10814934882428891,-0.09824433098300206,0.08463510722329859,7.108543552547036,0.009048249179497972,2.9824183758542984,0.044721894678114826,-0.10332843815343642,-0.16159775758724215,-0.1721776207281971,0.013911171662583561,-0.031458841370349086,4.9831308622287676
0.5555555555555556,1.0,0.1111111111111111,0.5555555555555556,0.8888888888888888,0.5555555555555556,1.9404059790965773,-0.014247690365163887,0.18204199980875577,8.964382042917501,-0.09599079393303808,-0.12751657727030893,-0.10133111961974764,0.04998800544735283,-0.028156006067152618,-0.04540179624895738,-0.027616190873062142,3.849565320247364,-0.09698249667885574
0.1111111111111111,0.6666666666666666,1.0,1.0,0.4444444444444444,0.6666666666666666,-0.0477276717162084,-0.048990179208691954,0.017413725428771808,0.08084083047297401,-0.07486979446377215,0.023169957362433102,2.030128277705223,-0.0685923856007728,0.04593794301153585,0.08885265223616597,5.829825701776925,3.0335140090547763,4.032757426853842
0.2222222222222222,0.3333333333333333,0.7777777777777777,0.7777777777777777,0.6666666666666666,1.0,0.023493380439262242,-0.16037964102048957,0.09208203149267809,1.9784567888333504,-0.08872961545235483,2.835366385128073,0.03399534876150074,-0.025320428710192373,6.85535178737942,3.1556577853813237,-0.13077534981759903,0.05931347066657855,-0.10350019491823306
0.6666666666666666,1.0,0.2222222222222222,1.0,0.1111111111111111,0.3333333333333333,5.973577466396829,0.06000288894794678,-0.03167644437833696,0.04863851059583187,2.997546964964083,3.1465270460532904,0.06981932678476747,0.04725655028290182,-0.07307966397479981,2.9580650617784947,0.020341144703546324,0.17011165080134275,0.15083042966580706
0.7777777777777777,0.7777777777777777,0.1111111111111111,0.6666666666666666,0.0,0.0,0.019359126749852733,0.11820576763109868,3.017939393406095,0.025597585033141013,0.010050484319466006,-0.026516197569238155,0.05479358749690425,5.31340381538459,-0.023582400577690572,0.11982307362963569,4.094201322265333,0.010064380756641154,3.0825526947756634
0.7777777777777777,0.8888888888888888,0.4444444444444444,0.0,0.7777777777777777,0.7777777777777777,-0.0382204350232101,0.019781032573559693,0.15096683449330522,0.16372806430373898,3.0043095827989816,-0.011286050987267156,-0.1268570126070445,2.0805362533242016,-0.04961319970804797,-0.08062940981156874,2.026642201256619,0.0006860975279709799,7.860030316748348
1.0,0.0,0.8888888888888888,0.4444444444444444,0.7777777777777777,0.0,0.12120614756863737,2.834509277498362,-0.16258438498295008,0.09492071859224482,-0.03033190267480282,-0.17251185487939438,0.1017917762421661,0.08703457455676933,6.97863699393609,-0.010701099977848877,3.016013200538893,0.07922437562971574,1.9838908076141266
1.0,0.6666666666666666,0.6666666666666666,0.8888888888888888,0.7777777777777777,0.4444444444444444,-0.1142373840364333,-0.01301003525187272,5.945379080283118,2.8335106966097494,-0.053729946126823226,-0.10936073895161456,0.006511020201555311,4.115584667436428,0.04532283881233327,0.2786301560614275,0.04110976539356106,0.011785368751503319,1.9060941199260555
0.3333333333333333,0.5555555555555556,0.2222222222222222,1.0,0.5555555555555556,0.8888888888888888,2.0830445808566913,0.03313781599801685,-0.16710499071384088,1.9321883836166067,0.06208152836198642,3.9514773120853115,0.03931862249118051,7.019693428608893,0.2044769082643638,-0.15094984251371457,-0.018680208057359152,-0.1359299522618904,-0.09127574417452362
0.1111111111111111,0.6666666666666666,0.7777777777777777,0.3333333333333333,0.7777777777777777,0.8888888888888888,0.19446435805575882,0.09200734187886828,0.059279966869075135,1.993751512357152,0.0029942438385454438,3.2041915369536924,-0.10425538960187,7.1296164457801,0.11168294556957692,-0.09104154964079209,0.024056304475244317,2.930100016025758,0.006094437719255725
0.0,0.0,0.0,0.3333333333333333,0.7777777777777777,0.0,0.08988237521759922,0.0316919009559972,0.12566058708502456,0.07809726630019825,1.7768600697812045,4.084124180656903,-0.126441476377532,-0.29319168005624574,-0.0324514393156223,-0.05170064655180167,2.2104640767844423,0.10605655087572084,7.08860923957911
0.7777777777777777,0.0,0.5555555555555556,0.0,0.0,0.5555555555555556,1.0085622503744307,0.0939602288745952,0.936779902818169,3.115334019838294,-0.04309132518560997,-0.012909530641811629,0.03175352328930863,-0.06851591641394254,0.30212503223912157,0.02460580283424453,-0.038347153258568405,-0.09105620536326729,9.93753444941543
0.6666666666666666,0.5555555555555556,0.2222222222222222,0.1111111111111111,0.0,0.6666666666666666,-0.0016222202740066476,0.05833652732375536,0.8534494538764594,-0.04382694868990756,0.18639915202149548,0.0346726066202518,4.0049248669521775,3.964513150582541,5.980222077537504,0.017658422798237632,0.14384253652319545,0.13913639592401494,-0.05123084439108645
0.4444444444444444,0.3333333333333333,0.0,0.6666666666666666,0.6666666666666666,0.2222222222222222,-0.08471839522058534,0.05280495849997752,3.946186394839869,6.101414914925003,0.11520176381680454,-0.07202200711973328,0.7905128865341513,-0.13700646140809367,-0.009423672540701047,-0.11857911930342846,0.03153293395334992,4.020886105914978,0.004002669800575391
0.7777777777777777,1.0,0.2222222222222222,0.8888888888888888,0.6666666666666666,1.0,-0.0154281493447642,-0.07056346619839256,0.05935954321499334,-0.19365336731549643,0.0432119328716605,0.2304695107322277,3.1296084416779077,0.0010183643485155885,5.9714476575105655,3.0388908201282963,2.9861342265649466,0.166002113318932,-0.0566849960348818
0.2222222222222222,0.7777777777777777,0.5555555555555556,0.8888888888888888,0.8888888888888888,0.8888888888888888,-0.018722722268361074,-0.11931241442242829,0.05834916781979214,-0.1591039049704496,1.0820319397075042,0.05440740463143508,-0.12831473847650263,6.040484961581304,-0.026407484227523183,-0.05521982038058862,2.8655843629488342,4.836413642941268,-0.14626267277217658
0.5555555555555556,0.7777777777777777,0.6666666666666666,0.4444444444444444,0.1111111111111111,0.7777777777777777,1.830699614400317,0.0027899968886185376,-0.10272113460222893,0.21112548768173942,2.035746853864089,0.11408336319803021,-0.06978774853198817,8.155491560420712,-0.045038285156307284,0.09850328978878206,0.034162720986267416,3.0701045962043514,-0.11693626708563634
0.4444444444444444,0.5555555555555556,1.0,0.7777777777777777,0.3333333333333333,0.5555555555555556,0.9048177462211826,0.09355035216314815,0.04494252539282557,-0.0594859402528941,0.05879912069715998,0.009327437338225946,-0.058713393072745014,5.204275745962016,-0.23029987313592964,7.970831676717334,0.08634766605041327,1.04134078222657,0.19695943105052016
0.3333333333333333,0.7777777777777777,0.6666666666666666,0.8888888888888888,0.2222222222222222,0.0,0.0586901189927329,0.05109231961730573,-0.06358948036888362,0.16277289263491698,-0.06014333740416211,0.965208066220261,3.965115434381788,0.06429496593636384,5.941124473993462,-0.006468494847309616,-0.05147072221252774,3.824852972853695,-0.06797691184593666
0.8888888888888888,0.5555555555555556,0.5555555555555556,0.1111111111111111,0.8888888888888888,0.7777777777777777,0.20558535152009105,-0.03950767247478984,0.0168605999251023,7.2588554705671955,-0.07805492718297924,0.07106074654779916,0.12174578971571706,-0.09542526664325635,3.1555972410199384,3.0903421342347195,1.8806042742664344,0.007543393108381941,-0.12195592367331612
0.5555555555555556,0.0,0.3333333333333333,0.0,1.0,0.6666666666666666,8.281287546535205,0.2128890662382399,0.002104661686401957,-0.06777240881370289,0.04524579250585641,0.8857284345492509,-0.02390535535976437,-0.11153818396189677,-0.02573659361772849,0.0418492507139982,1.0328581758088833,5.072840480844207,-0.050759765924958636
1.0,0.6666666666666666,0.6666666666666666,0.2222222222222222,0.8888888888888888,0.7777777777777777,3.0881945728695195,0.009422978929118853,2.0356010129093196,8.150357535657806,0.004490481555082169,-0.09634771084176014,0.06887468877982023,1.8967002940129327,0.008719418998652693,-0.005008363292603401,-0.21019561834086545,-0.14337105877979134,-0.09256746390601779
0.8888888888888888,1.0,0.0,0.3333333333333333,0.8888888888888888,0.1111111111111111,3.0342494405387894,3.0907028940405104,0.00721836969774447,7.232749292302304,0.08198250394702855,1.8457089718872732,0.06365615069702944,-0.10005691280225644,-0.07866017141441323,-0.02861592749925638,-0.023924861457952532,0.03370481010667102,0.0763335709876906
0.7777777777777777,0.8888888888888888,0.2222222222222222,1.0,0.7777777777777777,0.0,0.11114111247576726,-0.055990983042336476,0.009470786768784071,0.11796548823504634,-0.10999503695808355,0.10090002747709832,1.0736704736329266,-0.035385189941578514,0.12206887756755952,4.0418958235816795,8.071834146857077,0.1604877411514523,1.9916335097576596
0.0,0.5555555555555556,0.7777777777777777,0.2222222222222222,0.1111111111111111,0.7777777777777777,-0.11266111311928567,-0.044955224731966996,-0.10849511374644304,0.10135136442191067,-0.03687975706904153,4.956043906366193,-0.06355060390255277,0.1107868024460978,0.030057475981056066,3.0769158355542325,0.02293044166798289,-0.07407948977343869,6.9079439609967705
0.0,0.5555555555555556,1.0,0.0,0.7777777777777777,1.0,0.11962775508051965,-0.02899098521677232,1.0668152673232942,-0.11477468286063829,-0.030873810502965143,-0.05710233974963274,0.9131457686101714,0.05534945617600489,0.08530212720539092,-0.027071562088002116,0.2081606174945293,3.995728383824816,8.837481327699368
0.5555555555555556,0.0,0.2222222222222222,0.6666666666666666,0.1111111111111111,0.8888888888888888,3.0504538807453656,4.869487837733116,-0.0396906210796632,0.02541833921079369,0.11367615908288134,0.05439262237523668,-0.07348319541225862,0.12657352813520442,0.024025575563947788,0.12683010090462396,4.129732099633613,3.0007169371673714,-0.07310389567629987
0.8888888888888888,0.4444444444444444,0.1111111111111111,0.1111111111111111,0.2222222222222222,0.4444444444444444,0.06889608255300315,0.006160437901638891,-0.008279171249248497,0.013122888041140918,-0.08593708826692245,-0.10277137906031866,6.945971532998285,2.0142087398223865,-0.03251449911208826,0.06137157811006077,0.07263589987868867,3.0414174164581813,2.898012479302175
0.3333333333333333,0.7777777777777777,0.1111111111111111,0.2222222222222222,0.4444444444444444,0.5555555555555556,-0.14757360366427946,0.9011158963105024,-0.11946389722468001,0.0796656471028242,0.07680029356147716,2.833574278543313,7.956221652576314,-0.017354093604336825,-0.09021882603451264,-0.03337692767889464,2.9114137242394937,-0.0463584045672622,-0.003929957200172008
0.4444444444444444,0.4444444444444444,1.0,0.5555555555555556,0.8888888888888888,0.1111111111111111,0.03110075227686527,4.91635760230611,0.06813581289461439,-0.08817529789835038,-0.039377267480046725,2.9757614256346456,2.903932106866603,0.041915192914688953,-0.06947914976265933,-0.09700337270620213,0.16246526033763475,3.9693193038287076,-0.04553756773613052
0.1111111111111111,0.4444444444444444,0.8888888888888888,0.1111111111111111,1.0,0.4444444444444444,-0.23320989021234545,-0.02029363622211923,0.1479974301359309,5.9601433498869305,-0.035103580449274877,2.072965309095338,0.08157259474322137,0.11312802460352785,3.0652635174584413,3.972572716778938,-0.07319413259115345,0.054343944858956474,0.04993072965637166
0.4444444444444444,0.7777777777777777,0.1111111111111111,0.4444444444444444,1.0,0.2222222222222222,0.04788279365668054,-0.06852347472380152,-0.05028644205287878,0.15120378648364605,-0.039750574530223674,0.059534570975545945,-0.00039900790743808696,2.8305384849794817,3.05412285520009,5.894311675893802,0.15896634745462093,2.959786632086186,-0.06620216151119468
0.6666666666666666,0.7777777777777777,0.3333333333333333,0.7777777777777777,0.4444444444444444,0.4444444444444444,-0.02188712272660223,-0.007877101439142086,-0.043908066056217915,3.962437043766727,0.10283476966621066,3.0120724744733236,1.071419755835439,7.006092203638189,0.05807863777196061,-0.06670725908564039,0.15082284052912512,-0.09241493920963184,-0.17482037102364634
0.8888888888888888,0.8888888888888888,1.0,0.6666666666666666,0.2222222222222222,0.5555555555555556,0.8625133572018192,-0.10200716198158147,-0.03169481544762076,0.1651846370196322,8.873896999950656,0.06661868586700752,3.902992029252921,0.13007940399673795,0.052604238870825396,0.17986880681768247,-0.030114011180159706,1.074957168335662,0.08225288587081432
0.0,0.0,0.5555555555555556,0.5555555555555556,0.6666666666666666,0.7777777777777777,1.954267262296406,-0.012278617712715533,-0.06625547330715637,-0.08160263966454144,-0.06456551424846826,-0.1209196562063804,1.0784258066849082,-0.014860216075378971,6.905919009943559,-0.0021579345209282066,5.024891267739312,-0.0392025990968065,0.09854818736073306
0.2222222222222222,0.2222222222222222,0.3333333333333333,0.1111111111111111,0.4444444444444444,0.7777777777777777,2.970416041968745,0.008643171911029932,2.212417694126475,-0.06018536067858572,-0.001676613294053904,0.023369649480723963,-0.12911294288470532,-0.047080360367776304,0.07310405361792001,7.15578031380113,2.9268905911134215,0.042207922332310834,-0.03300416203064633
0.7777777777777777,0.2222222222222222,0.5555555555555556,1.0,0.4444444444444444,0.2222222222222222,-0.048753190573226385,1.874937207706111,0.034722186631009344,-0.2128428877258498,0.0591437578668136,0.01862393076706507,0.0254892059331216,-0.02562769768835036,-0.13352674996224634,2.84057033635878,7.007104535198458,0.04695053616650437,3.0121675577818015
0.6666666666666666,0.0,0.1111111111111111,0.2222222222222222,0.6666666666666666,0.6666666666666666,-0.09617267334851148,0.08347920880368459,2.226753139321893,-0.046200064151350986,-0.09975089642360344,1.9576832361386152,7.174228641482164,-0.08411397124136631,-0.05180745767022787,-0.019821957253336936,-0.03315148235339504,4.064730509543919,-0.04849592262105841
0.6666666666666666,0.5555555555555556,0.6666666666666666,0.1111111111111111,0.5555555555555556,0.5555555555555556,-0.12316321381339052,3.0131920727549177,3.000682831088281,0.1973068646068955,0.11936135706384526,0.17843438447363935,0.004548869610649522,0.04089175012633147,0.04818205938174752,5.0004965641865216,-0.16031502494160224,4.056815546668459,0.02087184453459461
0.4444444444444444,0.3333333333333333,1.0,0.4444444444444444,0.0,0.5555555555555556,0.1644716093034646,4.107978125808472,0.9494467392816602,0.035879968449299963,6.890723436431795,0.11814640008002364,-0.017898384434384247,-0.13244886455358076,-0.21736321420737298,0.07825554737279518,3.059694210354308,-0.09311025500594841,0.23017493899770797
0.6666666666666666,0.1111111111111111,1.0,0.8888888888888888,0.5555555555555556,0.0,4.940656834290881,0.15800716632090625,-0.07190702599034243,0.02347886359202958,4.9423833999695415,0.207570784507457,2.097892266744172,0.025943644356407072,0.038319683432877893,0.015162395190855688,0.019498545511640045,2.8637324812948064,0.04389556170479484
0.5555555555555556,1.0,0.2222222222222222,0.2222222222222222,0.5555555555555556,0.1111111111111111,0.1380007615728861,-0.07068068330104753,-0.1305725178512721,2.858870155294794,-0.09748841510474762,0.09717771442547055,1.0424397083415413,-0.1351421236745611,0.14114313113416818,-0.036517398014130446,6.062108644365714,-0.03571521781354829,4.89418042949312
1.0,0.0,0.4444444444444444,0.2222222222222222,0.7777777777777777,0.3333333333333333,0.01296921066636908,-0.04076843496921775,0.02257919410828876,6.003502694878717,-0.11995934954635828,0.04340130904421475,3.9549275259351386,0.047686575509257506,0.08807154034227248,1.045879303651651,0.0904660551447979,0.1694930636088745,3.967556102915315
0.3333333333333333,0.2222222222222222,0.3333333333333333,0.3333333333333333,1.0,0.7777777777777777,5.934291206977376,2.8942035927191503,0.10078136330682266,-0.09005788627233424,0.06270151248946303,3.1419978146872425,-0.08754346378173407,0.14352719236308578,2.898383000012618,0.0724531173897531,0.0013193848748811882,-0.15419175024654908,-0.0070859637495224925
1.0,1.0,0.7777777777777777,0.8888888888888888,0.7777777777777777,0.3333333333333333,0.15210545203226178,-0.02002169688783139,-0.12328571414062853,3.0931887198593673,0.09392316277756152,0.8872585844933775,0.011090097051492444,6.867674488106676,-0.14660009621571773,0.0692365370391708,0.07260274355157163,4.154296271690642,0.07486388660068503
0.0,0.1111111111111111,0.7777777777777777,0.0,0.4444444444444444,1.0,-0.021560600653002707,0.11025330822658903,4.911329484893214,-0.04321749802368072,0.010895086070117778,-0.04703878846562024,1.9814358156583105,-0.08473093856693953,8.092056100964093,0.14660987118182808,0.11224523202978641,0.1890633354903552,0.09805104683804752
0.2222222222222222,0.5555555555555556,0.7777777777777777,0.2222222222222222,0.8888888888888888,0.0,0.08283445164837239,-0.131559634561876,5.017684762822996,-0.14570255047380493,0.10889890745927239,3.021536526469057,2.9886006059226062,-0.04136466113330745,3.9321420121278856,-0.010347962259782632,-0.03161504738568469,0.034414702719421424,-0.12908664444889714
0.3333333333333333,0.3333333333333333,0.6666666666666666,0.1111111111111111,0.6666666666666666,0.4444444444444444,-0.044668769485558896,1.1490014410693683,-0.19820168849298014,3.953359987204527,-0.12785752502703895,0.03675902894796515,0.0732875900654198,-0.03929495449878925,-0.07365091578672528,3.9725291035052073,0.0905621639710191,5.9214066380351715,-0.029560229979704734
0.3333333333333333,0.6666666666666666,0.4444444444444444,0.7777777777777777,0.5555555555555556,0.2222222222222222,0.10680210794417332,-0.10718867593658486,-0.13234450176685178,0.06933733806000408,1.1284896154507922,0.07434556919257267,0.2321796730756491,7.896762698719513,2.93861318152365,0.03953266900704212,-0.22905308998744497,2.9498770291204486,0.20438475705060558
0.3333333333333333,0.2222222222222222,0.2222222222222222,0.5555555555555556,0.2222222222222222,0.2222222222222222,0.1250261406302107,-0.105255514718027,0.21789175009556608,0.150798295633331,0.027197715463319116,7.945683411390065,1.0721205887770424,5.144341378758397,0.012034249600599137,-0.07941723473434073,0.055449165742644115,1.0435827693830309,-0.14950498504489793
0.3333333333333333,0.6666666666666666,0.5555555555555556,0.5555555555555556,1.0,0.0,-0.13790175067075033,-0.10027607381864717,2.075412937881555,7.881860512572738,0.9753686531086287,0.025067156815347758,-0.10172639336826804,-0.10405251493250363,-0.08866751812634686,-0.03165795190704553,-0.1003245522848123,0.17837400000827922,4.046600037639731
0.5555555555555556,0.7777777777777777,0.1111111111111111,0.2222222222222222,1.0,0.3333333333333333,0.10115145796250875,-0.10576267992263806,3.8949740923792358,-0.12690622504309754,0.9003092308606125,0.06016809223442803,0.11066295102431681,0.10628908483896696,0.0830397844068355,-0.2141196908145843,2.9525605834940074,7.034033940851113,0.0698118759789666
1.0,0.6666666666666666,1.0,0.0,0.2222222222222222,0.3333333333333333,1.9777022299056388,7.031948918443909,-0.013539127400948129,-0.02387322075865278,0.050584399243265965,-0.08587832241170341,4.93544294541198,0.02905294675879755,0.023843016475349893,0.0032284056074609532,1.0799675831023425,-0.05589612161306119,0.022365197223012303
0.0,0.2222222222222222,0.2222222222222222,1.0,1.0,0.1111111111111111,0.10920146059336036,-0.07261419101455774,7.9603371595803,3.1262807323267143,-0.03463228852604327,0.06498786435027663,0.9137703022915615,-0.06872882333896667,-0.12581650272409614,-0.13649291941780894,0.11134537369881865,2.9876056914160896,-0.06870129459033361
0.4444444444444444,0.3333333333333333,0.7777777777777777,0.6666666666666666,0.7777777777777777,0.8888888888888888,0.09076189867422006,0.01911641510839999,3.041514117879356,0.009736060744982442,0.07718933364153027,3.8575862937840304,-0.14873354237687483,-0.04365366825545752,4.009026754200114,4.0010929751400734,-0.06919165373308511,0.04478593959386176,0.027713315935097987
0.5555555555555556,0.1111111111111111,1.0,0.2222222222222222,0.1111111111111111,0.4444444444444444,1.9888040759847825,-0.014781191010862458,0.1225239388488562,3.971706931089515,-0.1278265652121616,-0.1116512908387932,0.09661326208807251,5.972092846447401,0.02517036600744346,0.03616511693974787,2.9970184660554153,-0.07508175260976267,-0.012926758418252183
0.7777777777777777,1.0,0.4444444444444444,0.5555555555555556,0.3333333333333333,0.3333333333333333,0.06321723220705004,1.9072099539932106,0.001068531003835295,0.004312997599294812,-0.12496567417299016,-0.03206754132451104,2.0372909907713392,8.003783687731271,-0.08449303635278177,0.12685271768649123,2.9386887000428783,0.08044781052763536,0.05319026275209138
0.2222222222222222,0.8888888888888888,0.1111111111111111,1.0,0.2222222222222222,0.8888888888888888,0.0039724513607981736,0.13639228838856232,6.244198997636248,0.09600670979511772,2.053301599055285,0.027306658352991616,0.012026086343471087,-0.13857270190280596,0.08219735983534313,-0.07879550328544639,-0.23869693503057438,3.0102174114208076,3.963584795818868
0.2222222222222222,0.4444444444444444,0.2222222222222222,0.4444444444444444,0.6666666666666666,0.0,1.8547526296654424,0.08015685193491578,0.02125615548989569,0.10889153760330215,-0.03641414424596206,-0.031003299124304797,2.03087957407664,0.09449285790282873,8.020507710266518,3.1687118030049195,-0.03313293533264101,-0.02809708482014847,-0.06349211173415412
1.0,0.8888888888888888,0.0,0.8888888888888888,0.2222222222222222,0.8888888888888888,-0.08021298889118036,2.8821879471196867,-0.14312430803873702,-0.03652300918162747,0.04599507427987499,0.15668156469978278,-0.0013305112312345397,6.834519422990193,0.08254014979622158,-0.08026276565184214,2.075571347825531,3.0195109926692,-0.05059850456096632
0.8888888888888888,0.3333333333333333,0.8888888888888888,0.2222222222222222,0.7777777777777777,0.1111111111111111,-0.03632093877825556,-0.053894656907328135,0.06426310208648116,-0.07309487432438595,6.970469283540718,-0.06088730427719381,1.9374901739546697,0.07391205399818579,4.119733583655035,-0.03344486942726478,2.0164896201912557,0.09640692452313365,0.07885445120091986
0.7777777777777777,0.2222222222222222,0.0,1.0,0.8888888888888888,0.0,-0.04884937933587638,0.08268464108010455,5.010113718912862,-0.1257815510189708,-0.03759422408496871,-0.09399048178246795,0.05553299583110999,0.07496587143114428,1.0953540247347795,1.9782314563068655,6.94756505861427,-0.027815283195640656,0.004366608967253229
0.3333333333333333,0.1111111111111111,0.3333333333333333,0.7777777777777777,0.5555555555555556,0.4444444444444444,-0.06773128095685149,0.03488384371472075,0.09225599526091628,-0.17426449493530566,3.0847505541206743,3.0857437009603417,-0.12472635591265946,5.421631787436021,0.08636038588332841,0.03285290842672389,-0.15352669413635925,0.019170515690372106,4.005823234912474
1.0,0.4444444444444444,1.0,0.1111111111111111,0.8888888888888888,0.5555555555555556,0.05317548843672285,-0.04768661190066422,-0.10342081259570353,2.8896205919139106,6.022883079352852,-0.07653292662498364,3.0257943672191967,0.16201920344392357,2.8356707333163977,-0.027847120440553364,0.2155385674062189,0.04465612085269016,0.1752375036903301
0.6666666666666666,0.1111111111111111,0.5555555555555556,0.8888888888888888,0.7777777777777777,0.6666666666666666,0.015361381836652387,0.15707132401034918,0.10375677598051505,3.112216626706544,-0.11420443670152386,3.1374291882025718,0.006796854201841231,-0.0451925357983959,0.08247449747343481,-0.05628640264993734,5.8863868895125275,0.010956269719175338,3.1049868513852434
0.6666666666666666,0.3333333333333333,0.4444444444444444,0.7777777777777777,0.7777777777777777,0.5555555555555556,-0.03423638847958057,0.0643590255864337,0.14139986079154873,-0.0026916972946921715,1.9901812397350007,4.929760585121917,3.943171069222898,-0.010532054255082426,-0.2501370903934272,0.017952700492553163,0.18151115728998934,0.010590431263723978,4.0038307323821245
0.0,0.4444444444444444,0.2222222222222222,0.0,0.5555555555555556,0.5555555555555556,7.93199055657325,0.06450859274677954,-0.03206229827434453,3.1859372349876005,0.04789247590447109,0.05867450958441646,1.0374635895118347,-0.03947672001216932,-0.2552560847018397,-0.04541331891017406,0.07067478898503485,-0.193356430754996,3.044558659008385
0.4444444444444444,0.6666666666666666,1.0,0.0,0.8888888888888888,0.1111111111111111,0.04307583020612504,6.058244997890241,4.018963831027908,0.02484549500958546,-0.036864784369601056,1.116401137939816,-0.1376073044954309,-0.11453162884750304,-0.09871456540995874,-0.09182187745467657,0.06855433662024296,3.9721738692351716,0.08357175460397934
0.4444444444444444,0.8888888888888888,1.0,0.4444444444444444,0.6666666666666666,0.1111111111111111,0.8686697213323253,-0.04624589861996467,1.9189530037402966,0.004107253483810256,0.01894764450851257,0.020875926527059704,-0.06790959610506697,0.12506021928448974,7.965208357791882,0.07949221140987961,0.16891517900408445,0.13242489028299798,3.869228942012716
0.4444444444444444,0.2222222222222222,0.3333333333333333,0.3333333333333333,0.1111111111111111,0.4444444444444444,4.17444113666818,0.9808954536822749,0.06750902966906737,0.011017896478190634,-0.0009789044972978896,3.0082198918325456,0.05126115928081315,7.084832113379675,-0.09459303539086719,-0.1698885781586053,-0.047436774265028445,-0.13665865010590858,-0.09707249806954675
0.1111111111111111,0.2222222222222222,1.0,0.0,1.0,0.1111111111111111,0.11304635385897306,0.05722838563747267,-0.08086300389553541,-0.06740643358013992,1.9396751119493088,-0.04958865164078482,2.972733100205184,0.006631403237595368,4.0895176532486115,5.97203693929916,-0.18717956209059836,-0.0012542877672140084,-0.023110808082217202
0.7777777777777777,0.3333333333333333,0.7777777777777777,0.8888888888888888,0.7777777777777777,1.0,-0.05581760716830353,0.07607811531205752,-0.1958141311778,-0.11854168853528707,-0.08694309855917282,0.1504870641366314,-0.09909887860313112,2.951705292460767,6.035825797976857,0.003232005069359531,3.774357275383443,2.00295385121341,-0.05859075925549583
0.7777777777777777,0.0,1.0,0.5555555555555556,0.3333333333333333,1.0,1.03082340117686,0.08081081079715172,0.013405201402076745,-0.07771517378167205,8.749024813687209,0.015616189221343472,0.0469940632684377,0.020825531035761947,-0.16867441689384793,4.9200346248461635,-0.17935905925071155,0.004018127635916975,-0.08492613364450276
0.8888888888888888,0.1111111111111111,0.7777777777777777,0.5555555555555556,0.4444444444444444,0.6666666666666666,0.022238031583168567,-0.06839538549848058,-0.14889762736857667,-0.1435819266918424,7.054082812993279,3.0522064763773336,-0.05167994077168967,-0.15279609563968596,4.9029678485957895,0.03189034922447116,-0.05517682885838424,-0.0980833341026098,0.07961276834065277
1.0,0.0,0.5555555555555556,0.4444444444444444,0.3333333333333333,0.0,0.014871487844053394,-0.09889772450618463,1.8360770296070281,0.14629365977565895,4.051652644450346,0.9023637729898999,0.013979072108955715,-0.03579925699128476,7.846067564407907,-0.014681525315152454,-0.052445799151074474,0.011110636732813413,-0.1004390832587716
0.0,0.3333333333333333,0.4444444444444444,0.1111111111111111,0.1111111111111111,0.5555555555555556,0.024711587538288046,1.0105661643832866,0.05638719707909402,-0.0683791300784475,1.1252635831350482,-0.020679487818828567,0.21488833463171364,7.0263732605978735,0.0018858771748784784,-0.07589699069808176,6.1034904271444965,0.18323541288803039,0.05277488190554809
0.0,0.0,1.0,0.7777777777777777,0.0,0.4444444444444444,-0.025564721743115634,0.00907552802750953,0.14527468008568198,5.960921061849716,0.005672733296159864,-0.054180903668644226,0.06133251373504404,5.036658921628975,0.03619268455957458,4.024785605531839,-0.028658627128799477,0.03768208255444542,-0.028558036551648066
0.1111111111111111,0.8888888888888888,0.8888888888888888,1.0,0.7777777777777777,0.0,-0.15971512435820553,1.0806794493237326,-0.09331331216674804,0.08599132221204896,1.0325488313990012,0.07266354342128345,-0.015175616026486542,-0.20127214318026945,3.9779667165966632,-0.15249380999901982,9.105818885463878,0.052456484849475786,-0.19066793014566075
0.0,0.7777777777777777,0.2222222222222222,0.1111111111111111,0.3333333333333333,0.0,0.058341333976317515,2.9891570904388702,-0.24835654371826493,-0.0724250147273602,2.939840945105153,0.031734495138712404,0.006749583443175233,-0.20417322407631433,6.088839428981225,-0.07224640996952067,3.0362257950556724,-0.08384188400008256,0.07197460107901586
1.0,0.8888888888888888,0.5555555555555556,0.0,0.2222222222222222,0.1111111111111111,-0.006189145435745396,-0.11169528529137532,-0.12263129034449666,0.061148992047147514,3.0471507228902,-0.05040734611801015,0.05410698312545839,0.1375105711255892,6.981788444467926,-0.13324378299577247,0.11987416912602598,1.944444616685176,2.979320581458821
0.5555555555555556,0.3333333333333333,0.3333333333333333,0.3333333333333333,0.7777777777777777,0.8888888888888888,0.8514984202044512,0.05145754000559391,0.030420773068308544,-0.06531610441747154,0.03006441177677571,-0.03902095721361306,-0.066014866321371,7.835839551512377,0.09275572331646952,4.013876301733669,2.166166806344869,0.1191822006661692,-0.04100225751717668
0.6666666666666666,0.5555555555555556,0.3333333333333333,1.0,1.0,0.3333333333333333,3.0630599305783583,-0.08515580978639162,7.012450612700458,0.16653844989695682,0.02533343274804241,0.045632342564542905,-0.09682175287507111,4.9755725095406484,-0.019222733083091442,0.05597198848456736,-0.08524200774885464,-0.06861100180660017,0.18952971761226767
0.3333333333333333,0.1111111111111111,0.6666666666666666,0.0,0.6666666666666666,0.2222222222222222,0.17215001215477946,0.09848801997183428,-0.045830589199559055,-0.06978044095136841,-0.024566361784925453,0.13720463522067647,3.0853453875864085,0.07901815749416884,0.05983653435897281,3.1223716602490628,4.98084951977734,4.066845338801475,-0.1497046980947989
0.2222222222222222,0.3333333333333333,0.8888888888888888,0.6666666666666666,0.1111111111111111,0.3333333333333333,-0.11542901859042046,-0.03974314227391794,0.06245015686941107,5.9645110397241545,0.07580972935694844,3.0654814099145797,0.08501091708623476,4.961357264840007,0.08965480426502152,-0.023185659242609933,0.040104335968362305,-0.235432492024382,1.0595821604004338
0.5555555555555556,0.7777777777777777,0.7777777777777777,0.4444444444444444,0.3333333333333333,0.2222222222222222,0.00019269940133621795,0.0723871626920548,2.991433637780512,8.069719564643561,0.07452686101784214,-0.06810935017400256,-0.022095347211407115,-0.22067500147157815,0.012751823105823576,-0.02198065241181129,3.118980932764178,1.0303076483428817,-0.031613974960856085
0.4444444444444444,0.3333333333333333,0.7777777777777777,0.1111111111111111,0.0,0.7777777777777777,-0.128197856732802,0.06969624168296792,-0.03312746282387651,5.997609378410771,1.9767146117270071,-0.060264530926275775,0.03828109444781771,0.11907654141501577,4.932831085484556,0.012669332596208805,0.04541709744261899,1.961074733916698,0.10323673094923909
0.4444444444444444,0.2222222222222222,0.3333333333333333,0.0,0.1111111111111111,0.7777777777777777,0.06289175958157732,5.014662762402214,-0.012086098197713101,-0.06144314790791569,-0.10261228795719955,0.06844068046917749,-0.030224036625967746,4.060815173857287,1.8835461940812661,-0.04809797263877624,0.18267295598647193,4.11095751873563,0.015892979750495733
0.2222222222222222,0.5555555555555556,1.0,0.0,0.8888888888888888,0.7777777777777777,0.10359380461388719,8.056035808019901,0.10288746558330591,-0.03441836516612259,-0.21381779084562275,4.960495279445516,-0.00031899316374121004,1.9923393409295187,0.1173466409234144,-0.0643413030073781,0.023482837376340077,-0.11792225448595262,0.10328815976556503
0.4444444444444444,0.0,1.0,0.7777777777777777,0.4444444444444444,0.4444444444444444,2.884803597504098,0.14466451616534085,4.075571150303952,3.8664098295240055,4.069072590496165,0.17976832734809517,-0.016189463524570395,0.08295421976877275,0.001042605521497054,0.0399871064410008,0.08759137338679325,0.1685120018876091,0.2577248566891694
0.7777777777777777,1.0,0.2222222222222222,0.3333333333333333,0.7777777777777777,0.7777777777777777,-0.12307660436961161,-0.08538109274649483,1.9863323729133124,4.037568659681719,1.9411970539953487,0.1386620059650471,6.887512507236727,-0.1634725797523706,0.028818610419053148,-0.17699930789157714,0.04694479983859453,-0.006428628581594683,-0.16689287863819202
0.3333333333333333,0.1111111111111111,1.0,0.7777777777777777,0.8888888888888888,0.8888888888888888,-0.057130046697688945,0.039100030994790536,6.105006317811809,0.08749107182330247,-0.04825121015526277,-0.0031131184343271712,-0.09951770428366187,2.2009702751349254,-0.03917653054153923,0.08317458850671489,0.10631868677418835,1.9107136793332524,5.059914858307862
1.0,0.8888888888888888,0.4444444444444444,0.4444444444444444,0.7777777777777777,1.0,0.09638363221064344,0.14199241095710516,0.0781615693646393,6.18725550243344,3.120350715776734,-0.05594449732504624,0.060269542742748865,-0.1111320721827826,-0.19557939316723805,3.1858702212405694,0.022109179902849767,-0.026686822225086917,3.0287498562866366
1.0,0.4444444444444444,0.3333333333333333,0.8888888888888888,0.6666666666666666,0.4444444444444444,0.08164398866084496,-0.14345220865449898,0.11695218792014742,3.0294902151391163,0.04676099879469203,6.093252190809203,3.0287555646620894,-0.06844952956359977,-0.09319656303876966,0.15135633402354956,0.03912369178927888,2.96166503503168,-0.06459778921432277
0.8888888888888888,0.8888888888888888,0.6666666666666666,0.4444444444444444,0.4444444444444444,1.0,2.061443783147826,0.1483412661920663,0.07258726867986785,-0.004958528006763375,3.9695529677945904,0.22308871788518012,-0.26962294300200573,-0.061283660986685876,7.968526894518301,-0.10406228864880257,1.011558380091523,0.14102712768324863,0.028351509324569032
0.7777777777777777,0.2222222222222222,0.5555555555555556,0.1111111111111111,0.7777777777777777,0.3333333333333333,-0.15856270813391957,-0.14207841016032982,2.9798410184626456,0.06867949748289669,0.08634787385094245,-0.08172775419093792,2.062551207250491,-0.06159700609956334,-0.20237014620403182,3.0473723647679614,-0.023214884303142544,0.11278367428327783,6.870004401909964
0.0,0.1111111111111111,0.7777777777777777,0.4444444444444444,0.7777777777777777,0.0,0.024082806083251432,0.008846677741841754,-0.06322981242098481,2.862589394840595,0.054194269802136055,3.9883382293435328,0.14840050777079722,-0.09183201020009946,4.095579641779561,-0.21370626504295687,4.100941050258474,-0.0727779307430549,0.017584059780668154
0.1111111111111111,0.0,0.6666666666666666,0.3333333333333333,0.2222222222222222,1.0,0.04081890382857458,0.033754765829614064,-0.09904213171187325,7.060851775003175,0.050945560400202664,0.003420429138891116,0.02558710163300217,-0.09479938881849073,-0.012153304800740597,3.9989575384943103,0.8498126754185882,-0.04890995174124732,3.0691317718784896
0.3333333333333333,0.1111111111111111,0.8888888888888888,0.3333333333333333,0.1111111111111111,0.5555555555555556,-0.012518364491807491,2.0034086468901715,-0.12456041786598937,0.08574365823863844,4.936117912975732,3.9654223082701994,-0.1254591399973369,0.03444509654819592,-0.01929589926938043,3.8873303531572696,0.08256461496810463,0.0024177579475300796,-0.02568157831315079
0.4444444444444444,0.8888888888888888,0.0,0.5555555555555556,0.4444444444444444,0.4444444444444444,2.10255203401632,-0.04379881777340922,1.9238601378033682,0.2013898910548121,0.009953800605879592,4.113676751488903,0.08347679563861006,-0.15491663360161523,-0.026461666130252182,7.004530335344706,-0.06000428893296375,0.0259362675965224,0.11641367281488035
0.1111111111111111,0.4444444444444444,0.3333333333333333,0.4444444444444444,0.0,0.4444444444444444,-0.05579708646333246,-0.003784576372767044,-0.011115127740669792,7.005428251946073,-0.053258818820399526,3.0726004355426215,-0.14263158884505006,-0.08903649854414447,-0.11874650079738128,2.0188985882714916,0.07888594374646032,0.09449635158809103,3.1138260257523602
0.3333333333333333,0.8888888888888888,1.0,0.2222222222222222,0.4444444444444444,0.4444444444444444,2.8750749832732363,-0.005528185407308963,0.08513653557161399,-0.012709766824308603,3.05805083233686,0.06718370518488688,-0.007958422561729654,-0.05926715895733297,6.954695441943306,0.13924949564130054,2.0179897869756127,-0.04920347352637707,-0.06740908530007013
1.0,0.1111111111111111,0.3333333333333333,1.0,0.8888888888888888,0.4444444444444444,0.10094027181072962,2.886947279878423,0.051854665837899244,0.21265078621306405,0.005336838298130054,5.895462643178838,-0.17775431043075357,0.08223394863110994,2.886981518922367,0.02701774680863746,0.17928030647369037,0.04485658906299031,2.983910580495718
0.0,0.1111111111111111,0.2222222222222222,0.2222222222222222,0.1111111111111111,1.0,-0.013499661997825811,0.0877008231340823,-0.06003139564621506,7.97246817966517,0.093455840430064,0.1277347005125437,0.9550183242507887,0.11276339907619629,0.029461617401696363,2.8553635549909866,0.016863960782039198,0.007577062515494573,2.9883176492859334
0.2222222222222222,0.7777777777777777,0.7777777777777777,0.3333333333333333,0.7777777777777777,0.7777777777777777,0.014608216317400611,3.165072680387201,-0.005715020761740136,6.055961640113279,0.16278136991006026,-0.04291752338493665,-0.16001979001578714,-0.12218974449758098,-0.14383753995770274,0.09375122115076223,0.15323518220555551,3.9799678135933316,2.166161419274294
0.0,0.3333333333333333,1.0,0.7777777777777777,0.8888888888888888,1.0,-0.0385453308567305,0.0743586482215165,0.05386901339089915,-0.07291248776367545,-0.015272992841959737,3.07958455376855,-0.1345990050909318,4.992334188376684,-0.08137356440523744,3.9168206133760837,0.06014694132413965,2.9045156056730113,0.12512492828823993
0.3333333333333333,0.8888888888888888,0.7777777777777777,0.7777777777777777,0.7777777777777777,0.2222222222222222,1.0315568519867995,-0.0664278300055615,-0.1334810043931168,0.07022526615690818,0.03193795829995676,0.8902002960361871,0.04981576410139103,-0.034271316224196706,10.15766093590926,0.05603997525639744,-0.08026228986195211,-0.010031855296259757,3.1461043678362195
0.2222222222222222,0.7777777777777777,0.3333333333333333,0.7777777777777777,0.7777777777777777,0.1111111111111111,0.12134323395753749,0.9568273386050117,-0.1476178528986022,0.11047150681607619,-0.0753314525394496,0.20540473587773544,1.8773886119955723,6.957007716509466,5.159284023735935,0.025151837037582243,0.10729440626659092,0.12388844298295967,-0.19728174421887074
0.6666666666666666,0.0,0.2222222222222222,1.0,0.4444444444444444,0.5555555555555556,-0.07728655872830564,0.06811681620182335,6.047029765564179,-0.05368508362083313,-0.10442939751310985,0.01395130897576017,0.07592313578152513,0.06614688383595331,-0.11479537356863806,2.9415250675465123,5.10623940186936,0.09701067897074692,1.0406157227194628
0.2222222222222222,0.2222222222222222,0.1111111111111111,0.0,0.4444444444444444,0.6666666666666666,-0.04787031114504113,0.08355260057867196,-0.0285903367843447,-0.1841888590369971,2.845378549177233,-0.1997710378079078,0.012993702965653884,0.09703798291195304,0.051555170548250734,6.037186538243845,-0.10127533980927006,2.0638888954173424,3.8913077585857923
0.0,0.8888888888888888,0.4444444444444444,0.4444444444444444,0.2222222222222222,0.2222222222222222,2.9322474713136137,0.06307835272590105,0.04719092171262329,-0.1304631851198008,0.9869114951305847,-0.0402355818404189,-0.028585599273001257,-0.07487587205623467,7.949245517279032,2.967221374181939,0.10840209158698731,0.13021032397622548,-0.002248552976231032
0.8888888888888888,0.4444444444444444,1.0,0.8888888888888888,0.2222222222222222,0.2222222222222222,0.041673972033229555,0.06523129526581081,-0.07399332227966518,3.079138365056566,0.015198026979355104,0.865585268899199,2.0241079684514425,0.015831782960967846,8.945696909763178,-0.10696053930301119,-0.09384386628624215,-0.07715322905289303,0.2871587845726747
0.8888888888888888,0.5555555555555556,0.3333333333333333,0.5555555555555556,0.5555555555555556,0.1111111111111111,-0.11609869715753632,2.9664564884971703,2.0219990727941033,3.094597728758203,-0.09862875353461731,-0.1714820427242723,-0.020818660449382156,-0.19943393992872982,6.834113947618033,0.10494750841382934,0.012654409744111306,0.15515244420509766,-0.12272103128540864
0.1111111111111111,1.0,0.1111111111111111,0.1111111111111111,0.1111111111111111,0.4444444444444444,-0.04267700234855314,0.045337643842550866,0.1176805565254173,0.026144845334910124,2.9737792331288833,-0.11622992067814474,0.049932118098255124,-0.17108190119576194,2.0641761833931995,2.0217051626504445,0.03906336276870322,0.006633285720052941,8.183965548922412
0.1111111111111111,1.0,0.3333333333333333,0.4444444444444444,0.2222222222222222,0.5555555555555556,0.13084355624934807,0.15720449558997127,0.9011719942554969,7.058559020458597,-0.11212480185022922,0.011745865471687267,0.012887275169899768,0.03218807551453823,5.0650626123605775,0.07345606493552125,2.016865457692003,0.07015981480488317,-0.091338148432434
0.0,0.5555555555555556,0.3333333333333333,0.1111111111111111,1.0,0.7777777777777777,0.06636136654682855,1.1559686479064744,1.913284719719039,7.090699947606418,-0.053924262610802354,0.07284424533210931,-0.09256338169905992,0.08948421750582536,-0.04709082533902992,0.10423197915173006,0.022861434489042255,5.009296363088411,0.05320067986038307
0.5555555555555556,0.4444444444444444,0.2222222222222222,0.2222222222222222,0.2222222222222222,0.3333333333333333,0.9303708333247397,-0.08227602490249016,-0.010906053758039463,0.024410176631831038,-0.014212533965780367,0.9866691671392739,-0.0973004560470944,0.06591719408537249,10.014287125318978,-0.05205270531578206,3.01978484560205,0.0731222712052698,0.008312087950795978
0.4444444444444444,0.5555555555555556,0.6666666666666666,0.2222222222222222,0.0,0.8888888888888888,0.0571291001257528,0.10422583607109559,0.08624914112311603,0.0015506766871163451,-0.2474559061400417,2.0546580972229016,3.839399774907492,6.972591448628346,-0.02472352659097963,0.09960234681816053,0.03609594041429464,1.956257052635966,-0.019113544772755675
0.6666666666666666,0.4444444444444444,0.7777777777777777,0.0,0.4444444444444444,1.0,0.06342631006667075,-0.1486841047250737,3.188811876349641,8.91102148989903,-0.09818285064199936,-0.11111613576364006,0.21292178188754823,2.8873905313930157,0.002282221771942327,-0.14509580709579353,0.09771762322090394,-0.047004206539945685,-0.04256246368507782
0.8888888888888888,0.4444444444444444,0.3333333333333333,0.8888888888888888,0.1111111111111111,0.5555555555555556,-0.07034569675118711,2.0275276093169983,0.06923953989710654,0.088285205405795,3.0274889558227662,-0.10547516747689441,8.00995538866282,-0.14794402779101615,-0.10164640757107019,2.0106924769644747,-0.003787030765145061,-0.028550036461396512,-0.0798340231361712
0.1111111111111111,0.6666666666666666,0.6666666666666666,0.5555555555555556,0.3333333333333333,0.7777777777777777,-0.1431749832672718,-0.07157861393077011,-0.007910282495368338,6.923438383329973,0.0006914075327040017,3.9565890463268834,-0.04589725610594366,-0.0008503840200106268,-0.128517740901768,-0.09425130649934156,2.8733927293824766,1.1754508330983775,0.042670208579588614
0.3333333333333333,0.8888888888888888,0.7777777777777777,0.3333333333333333,0.5555555555555556,0.5555555555555556,7.017858102988729,0.7575856963033121,-0.06742217542677913,0.15948806599881057,2.003541775676497,-0.0812258158274527,0.05847672229054375,0.20605341026700522,-0.036953465202072794,0.007554937922890423,-0.05439224821092134,-0.02386153338818514,4.835818349215751
0.0,0.3333333333333333,0.7777777777777777,0.6666666666666666,0.3333333333333333,0.8888888888888888,-0.19143200274271627,0.022047723927819667,-0.10706170297748532,-0.08609697340876953,-0.07371670002083085,2.927624164748826,1.9209348571678468,-0.11637529320806517,7.071458948144543,-0.06671529084976358,3.019938056517588,0.1781350862963707,-0.11283618155534395
0.0,0.6666666666666666,0.7777777777777777,0.8888888888888888,0.8888888888888888,0.5555555555555556,0.14260670891446844,-0.05712222413910309,0.04026358202787658,2.958852627318409,0.11049888163165514,0.2607162171753604,0.02101935100401221,5.04461163905717,2.988663125481706,0.17758407595595685,3.7638399671008056,-0.05873050267430441,-0.007096853470781892
0.2222222222222222,1.0,0.3333333333333333,0.2222222222222222,0.2222222222222222,0.7777777777777777,2.000598361633929,0.1534241530181793,0.0760857322158356,-0.0849461802813935,0.11855651231147313,-0.08896643403364896,4.741792238866195,-0.021712055099136273,6.8676876249343115,-0.0038501420293689153,0.9585455143714622,-0.08703011841243997,0.019589940374298828
0.1111111111111111,1.0,0.5555555555555556,1.0,0.8888888888888888,0.4444444444444444,0.006759680365874119,-0.0036260358560000734,0.019060217237829673,0.006421104479530395,-0.0703139750112695,0.053147058106469525,-0.11359361982847571,6.954398217927166,1.0648373911299744,-0.1111699715163717,3.0321544212254956,4.058167145895225,0.042866871937125225
0.1111111111111111,0.7777777777777777,0.0,0.2222222222222222,0.3333333333333333,0.4444444444444444,-0.040514574147426624,1.081321656081381,0.028762602537035636,-0.2933420818261456,-0.06481515243723772,-0.019028482677141936,-0.1330609772141335,7.910570021042947,5.087319301059047,-0.03988740929459061,1.0210786460142491,0.17832327646081392,-0.12803775963839822
0.4444444444444444,0.5555555555555556,0.5555555555555556,0.0,0.8888888888888888,0.5555555555555556,7.955493570935684,-0.12140656955297227,-0.1142116317658901,0.058640635466639224,0.031454510781081454,0.8274403321942396,0.12685578841084838,1.0485816348696833,0.04578821645632069,0.03413310308077758,0.018055306583211517,5.002144990944792,-0.02422691782262005
0.5555555555555556,0.1111111111111111,0.7777777777777777,0.5555555555555556,0.7777777777777777,0.2222222222222222,0.07071116327737369,3.2057126493337433,-0.08755812569660665,4.037104645237393,0.043702171185420295,0.04235057599801534,-0.13844070230666142,-0.01729008657030554,7.008023890784979,-0.03470706071252526,0.06484325822964535,1.1370403442181523,0.0006360715047157527
0.4444444444444444,1.0,0.0,0.6666666666666666,0.4444444444444444,1.0,0.0046844780979190944,-0.06798592379349365,2.0200775381769502,-0.06527582148010248,0.10729674351718471,2.942101369269793,-0.050440731390283766,6.107222962980188,0.0517633497152076,4.209763477603929,0.020082108403436234,-0.08009456287136787,0.07263872275766235
0.3333333333333333,0.2222222222222222,0.0,0.1111111111111111,0.6666666666666666,1.0,0.9005597460759139,-0.050713219526052324,-0.04875539010303351,3.934403402375887,-0.17534186729111514,3.055803699519447,0.009327081030664059,0.07313802315068778,-0.053753626169218686,0.09296644624237194,-0.0885385793995498,0.14161273266761984,7.1215681883840665
0.2222222222222222,0.0,0.8888888888888888,0.2222222222222222,0.2222222222222222,1.0,2.788834851387289,5.184773089290807,0.08894801897562507,0.009227128123975914,-0.008467316708967818,-0.053999662510402446,0.18050903955562692,0.13116445752926312,-0.12513054946095606,3.996673294964772,0.04627369362253242,0.049603539193377406,2.878573020467829
0.3333333333333333,0.0,0.4444444444444444,0.0,0.7777777777777777,0.1111111111111111,1.0170977986869734,0.07476792373039295,-0.10630497300364572,4.01596185476741,-0.14601112920408577,0.001690336938882747,0.07439318428833873,0.08438264884371813,9.038365314841723,0.04006654901479413,1.032989497842194,0.23291189813776936,0.08083214700325361
0.7777777777777777,0.8888888888888888,0.0,0.8888888888888888,0.1111111111111111,0.3333333333333333,0.039961429849475504,2.205013020698581,6.885744882409877,3.082602441724937,0.058037837091648295,-0.053180287499994885,-0.0036278865373145634,-0.23375796361015386,0.11032580068449452,-0.14166986295740927,-0.041286336224353265,2.9735019905867777,0.21247426767579342
0.0,0.4444444444444444,0.1111111111111111,0.0,0.7777777777777777,0.7777777777777777,0.1094613102680636,3.1370846937645016,-0.06232941823534637,4.95218051148159,0.16964968833050112,-0.06368636286678649,-0.016718781001758116,-0.05316399460043728,0.1910303841339166,6.942355684147318,0.010144009905236343,-0.03657256270008081,-0.06832756438853234
1.0,0.3333333333333333,0.6666666666666666,0.5555555555555556,0.8888888888888888,0.4444444444444444,-0.17679902773067546,-0.011924260480175072,-0.027373553053021957,6.174211127481143,4.019000593400105,0.2642257768359806,0.14454617660505828,0.021817717499663408,0.05164704761293043,2.1137404293405124,3.1294609239867,-0.04316808757627176,0.056095309254771755
0.7777777777777777,0.2222222222222222,0.7777777777777777,0.0,0.0,1.0,-0.075746881826673,7.075377171381113,0.9903044125795167,-0.04009546154800776,4.0122534227178415,-0.14735828414001148,0.0467241234911914,2.8585451938729047,-0.10353556982484596,-0.11690759217936508,0.010062072654006972,0.20127728594324157,0.12987748691639509
0.5555555555555556,0.6666666666666666,0.6666666666666666,0.6666666666666666,0.2222222222222222,0.1111111111111111,1.0508869935719947,3.871067898128881,0.05271937179289882,8.041758422986016,2.016793037362313,0.07525054822266855,0.056074185799822956,0.10540044492366402,-0.01934146462834862,-0.018893693020538435,-0.10743629092246157,-0.026516622409272574,-0.14707309552242992
0.0,0.3333333333333333,0.8888888888888888,0.6666666666666666,0.4444444444444444,0.8888888888888888,-0.00676288975214458,-0.08083523269002575,-0.14054126006997422,-0.1677336435390813,-0.08541415365561097,3.0337869271617284,1.101419333033745,6.11825282025184,0.10206876389610958,4.982987440515515,0.10280811802774309,0.02966851632689372,0.06034975810173272
0.0,0.8888888888888888,0.8888888888888888,0.3333333333333333,1.0,0.7777777777777777,7.958453684404446,0.8815451526524909,-0.009048203418862586,-0.06193592831166538,-0.10563986567671967,-0.05015281082591649,-0.00021644724685475323,0.10976051913437301,0.04797823662457827,0.041507042137431796,0.045217533899404326,6.049076277771435,0.10462641627514667
0.5555555555555556,0.6666666666666666,0.5555555555555556,0.1111111111111111,0.7777777777777777,1.0,-0.02024118708575544,0.13785336199281314,-0.011032677449066892,0.018881227756736563,-0.2603490725237371,0.16223012963835595,3.865017265278447,0.005358900048712283,1.0871136350852904,0.07954936026135481,2.9901401314154774,0.026397714516194805,7.096027147384574
0.7777777777777777,1.0,0.8888888888888888,1.0,0.1111111111111111,0.1111111111111111,-0.062486980703386534,6.13759464890631,0.07085507425111018,4.888910538348311,0.0885555635198433,1.0193119204251462,0.11608894108020591,0.14319556749087853,0.08314457052622481,0.03928517168564248,-0.10019650501376849,2.926571102636225,-0.05687181990651006
0.5555555555555556,0.1111111111111111,1.0,0.0,0.8888888888888888,0.6666666666666666,0.058687057078162554,3.1542581588341045,-0.0983030887667173,-0.22909864070916172,-0.04237268031178453,-0.016834230038471506,3.0665798683447894,0.04246339670468999,0.1890463436214793,0.013040049379186902,-0.1953191403006568,1.9326649191231446,7.023837037189482
0.0,0.6666666666666666,0.3333333333333333,0.4444444444444444,0.3333333333333333,0.7777777777777777,1.796920728257739,-0.07453096733619155,-0.024068596915211626,-0.0864664431039881,0.0019017681182649762,0.12237995336887085,1.784715521087842,-0.051911009490700134,9.15861216017607,-0.11512131756357545,-0.12469241054374668,-0.10163012961398271,2.1214788048329516
0.3333333333333333,0.2222222222222222,0.2222222222222222,0.5555555555555556,0.4444444444444444,0.2222222222222222,2.856512315741347,0.09281369455092418,0.04443485406921241,0.009667848745834562,0.10903762215470716,0.07037234479627273,0.1823589590439819,-0.007731085881711827,3.0317779696092164,-0.06279796730924402,7.12136938551832,-0.018169832319738448,2.03404229114387
0.0,0.7777777777777777,1.0,0.6666666666666666,1.0,0.1111111111111111,5.960302827491382,-0.08901708314124511,-0.035737341989119265,-0.03754210819911527,0.11836102102116836,-0.01573745782902367,1.0581802788320127,0.019000163877368415,-0.1490940927752423,-0.1110070365025422,3.97525335344733,4.050018617064956,0.09793330659564756
0.8888888888888888,0.0,0.0,0.4444444444444444,0.5555555555555556,0.0,0.016699559842622825,0.13260106401946384,4.924629065392524,0.07828083614308866,3.678534450309502,-0.019303205066929664,-0.0288779662139704,-0.0140861781668307,0.06430034954175894,3.899604537049033,0.09459667221555805,1.9672490543044474,-0.1191843727222667
0.5555555555555556,0.6666666666666666,0.6666666666666666,0.6666666666666666,0.1111111111111111,0.6666666666666666,1.9957115817342352,0.017382051994938662,0.09442835474841627,0.12488218889669925,-0.22598851241111761,-0.0452251700701924,5.926831772371661,0.16750963361985222,-0.0033617154101022216,-0.04855195459496961,-0.1202300508782112,1.9497672589747068,4.985703018341437
0.7777777777777777,0.8888888888888888,0.3333333333333333,0.1111111111111111,0.0,0.4444444444444444,0.0061738085685818555,2.008747424492422,0.08146063245664616,0.03285704291809079,0.031174307327815065,1.0091153704688516,0.055426582488677115,7.0173131405070155,-0.025255274668972573,-0.03918876779534225,4.687473066046129,-0.04010069642375768,-0.0918136814015693
0.6666666666666666,0.2222222222222222,0.5555555555555556,0.1111111111111111,0.1111111111111111,0.6666666666666666,2.9594211004504225,-0.046853870533723106,2.873461079632849,-0.04556667267421964,2.8853505243503252,-0.07939816760521275,-0.0630802160977345,0.17778975802241961,-0.07362593740554317,5.781804976787559,-0.09807923060489876,0.08286383139007036,0.16513805811305418
1.0,0.2222222222222222,0.7777777777777777,0.4444444444444444,1.0,0.2222222222222222,-0.061600380384898026,-0.0372332610492018,-0.07411963400293957,10.994446236599622,-0.06337411055639434,-0.04505604834516133,1.9029690196119373,-0.042715481139320007,0.048803426876274765,-0.006384026807301758,-0.08114917786374336,1.8272039044378503,-0.11346710503319002
0.8888888888888888,0.3333333333333333,0.4444444444444444,0.8888888888888888,0.8888888888888888,0.5555555555555556,3.092406914479029,1.803759637821254,0.11525316481707004,5.903727133452848,0.0007067523541387208,-0.18000219728662806,0.025001575106096036,-0.032182769253886113,3.990338439597448,0.20655312532559733,-0.11791862794294812,0.013320546187271153,-0.12387415606485085
1.0,0.7777777777777777,0.1111111111111111,0.6666666666666666,1.0,0.0,2.9831209693007965,0.02555169138138046,-0.09951793054790065,-0.017175693141450794,-0.07193913085097073,0.9626507228405345,0.18293736047931397,6.841297004297026,-0.05440947292645977,-0.02850136579421461,3.8456415413473044,0.21908773014555744,0.0028162506315376878
0.3333333333333333,0.1111111111111111,0.7777777777777777,0.1111111111111111,0.4444444444444444,0.2222222222222222,5.138222810901759,3.164337186900677,0.11894728899974444,0.12369886852723183,0.12096656738502608,-0.11740348734341417,0.1473326495138201,0.06902305073263275,0.01815365944649904,0.08793208245625314,3.997542101085514,2.96909520494567,0.19668557703715195
0.4444444444444444,0.5555555555555556,0.3333333333333333,1.0,0.8888888888888888,0.4444444444444444,2.0837876089801317,-0.1237346892337876,-0.08500796060474013,4.9366175904534835,-0.2230425140638436,0.09860580649010574,0.08723907048328736,4.087722933461042,0.17265017703292465,0.05450858951458314,-0.05702101543908039,4.086292914265146,0.07839520935315009
0.5555555555555556,0.8888888888888888,0.8888888888888888,0.0,0.2222222222222222,0.2222222222222222,1.019562235228523,-0.013033880044148419,-0.02674242938224793,-0.12222637193538513,-0.023523355714998334,0.1704843729570326,0.19909596405959243,-0.16363868119241232,9.853803822258968,2.9378110863842224,0.883978136669347,0.1367844991091556,-0.0587213461078744
0.8888888888888888,0.7777777777777777,0.0,0.5555555555555556,0.2222222222222222,0.0,1.9659098571966567,3.096669589730003,-0.07148872956090406,6.96060205828513,-0.09486103566293136,0.08485732427589715,3.24562960463477,0.11382631893464626,-0.058433488975216656,-0.0752191450747725,-0.029208096470793476,-0.16231259482787247,0.07232108189241554
0.3333333333333333,0.3333333333333333,0.1111111111111111,0.2222222222222222,0.6666666666666666,0.6666666666666666,-0.1707854657578719,0.9359271077331671,-0.011864373278540787,0.03749516926968234,3.1353845259617934,0.09227238259210994,0.11366259941358395,6.89496787151989,0.08387283555181387,0.019809738909074462,3.974578831237833,0.0070336315275094765,-0.1572799412462145
0.0,0.6666666666666666,0.6666666666666666,0.7777777777777777,0.4444444444444444,0.3333333333333333,-0.1044240725283447,-0.09325159236642887,0.03557815513467729,0.0971752743013595,0.08438276913537843,2.9275226157549405,-0.013545061172448384,5.04135952331586,0.05308028978652407,-0.14760530895536997,0.001696758492885025,3.0327984581826537,3.9938329923611193
0.8888888888888888,1.0,0.6666666666666666,0.1111111111111111,0.8888888888888888,0.3333333333333333,3.1141290647921607,2.1321245131399498,-0.16898359487649775,0.036153165558394144,0.03180812009830586,-0.08304041056694507,0.14100002077957194,2.0052820006688448,-0.04972886914823852,-0.1059148294956101,0.22728856891890148,-0.03322049249004586,8.101081962091733
1.0,0.1111111111111111,0.8888888888888888,0.0,0.3333333333333333,0.8888888888888888,2.058029598204902,8.930027883990567,0.017886978046907902,-0.15724452510322565,0.013939385503488819,0.04964721550272942,-0.15606603683519515,-0.009541963891776485,2.861010061369825,0.06081138730836845,0.9289638317945765,0.09335314178717016,-0.0850161391955301
0.2222222222222222,1.0,0.1111111111111111,0.7777777777777777,0.1111111111111111,0.5555555555555556,-0.11795698206317468,-0.005089397952695897,2.104592300680015,0.014416805572839126,3.159145168786773,0.04852457689824757,0.0478305768345908,-0.021448959957463008,9.05754440107081,-0.08962369063707806,1.1278715405519129,-0.1748857412601916,-0.07810054834619758
0.2222222222222222,0.8888888888888888,0.7777777777777777,0.0,0.5555555555555556,0.7777777777777777,-0.05758058516193465,3.2391542779444884,0.019456140945733284,3.024256596204867,0.10029481535683671,1.8544043310193095,0.1850537884163377,-0.1593824261558911,-0.039871336679792785,6.994637258324503,-0.00364519882739039,0.1340899251388037,-0.14376899247839217
0.0,0.7777777777777777,0.8888888888888888,1.0,0.0,1.0,0.015244366639940382,2.100609314564258,0.061606815821101224,-0.061180094920125876,-0.09867764026226547,0.12457736081616438,1.2844050359713082,4.84431772822621,-0.2533184286656653,-0.00273826061450094,0.05257627934577385,-0.21767826190457915,7.046226404672536
0.2222222222222222,0.7777777777777777,0.4444444444444444,0.2222222222222222,0.6666666666666666,0.7777777777777777,3.125492648693146,2.9320355416375716,0.1354397088348239,-0.02461862334209486,3.0375049148776423,0.15357030731284685,-0.07176442633428388,-0.0006734032581714203,-0.1273639687844456,-0.013024891363097483,0.12504557154012677,0.13886128879883247,5.911563574557339
0.0,0.2222222222222222,0.0,0.3333333333333333,1.0,0.3333333333333333,7.017527448089277,0.024509699669150314,-0.11171516670315576,5.020761926970653,-0.05845677966611232,3.0512980441951822,0.07392451015031797,0.03709588169095073,-0.0200789606624966,-0.0813913444574029,-0.25494787255041074,0.13889484535357038,0.0739249200808615
0.7777777777777777,0.0,0.1111111111111111,1.0,0.2222222222222222,0.1111111111111111,0.14280923834901205,5.7398222766164695,0.027761632638383472,0.11309432048795397,3.1258952580112873,0.08229342254208484,3.0665609366033375,-0.08608927328606257,0.04201572758628789,0.06615735739846235,-0.007190461652568723,3.2070805407219374,-0.06926526993340441
1.0,0.8888888888888888,0.4444444444444444,0.7777777777777777,0.5555555555555556,0.7777777777777777,-0.12482127967369548,-0.009795169153543446,3.051244574122103,3.1204137271817323,-0.028394124516960707,6.010535511891122,0.06435490007192202,-0.125194286447671,0.033229703220578236,0.1427646309170437,3.0642259290493183,0.12979708664025028,-0.00918496223919872
0.1111111111111111,0.4444444444444444,0.6666666666666666,0.4444444444444444,0.4444444444444444,0.4444444444444444,3.0810053480292448,-0.0439533588444139,1.932289064892958,0.044301468598291434,-0.1979299047544678,2.9600396939953066,-0.06794229475858,0.06421990359329195,0.03014968095820957,6.982356951621586,0.12032733786238786,-0.10102579912364802,0.001121905822586833
0.3333333333333333,0.0,0.0,0.3333333333333333,0.0,0.6666666666666666,-0.044846638829315104,0.17850789254515703,-0.014854311400233631,-0.04208465228967624,1.9048356211930306,1.9841218304558674,0.03121002753884103,-0.0683299833825185,9.052585137120598,1.9914650029490142,-0.05845381317268855,0.0639338256270529,0.0026532448351792057
0.7777777777777777,0.4444444444444444,1.0,0.5555555555555556,0.4444444444444444,0.7777777777777777,1.9337499654963743,0.023863186184817267,0.15499351964611183,3.071566956518282,-0.05856714144266744,-0.04973860763987487,-0.0484873241285167,6.169787557422739,-0.07135468216085582,-0.0520192125446782,3.917870930512578,0.04840996490669455,-0.00601793639835987
0.3333333333333333,0.6666666666666666,0.1111111111111111,0.6666666666666666,0.6666666666666666,0.4444444444444444,-0.03632632540782022,0.2076959216254168,2.9276606229597393,0.14104969570441667,1.920928824489289,3.0858281569732204,0.11539251920369989,-0.0432385874034178,-0.03356745517125784,0.08443629149036967,6.989271315539372,-0.09851379050290256,0.14860575268572238
0.6666666666666666,0.2222222222222222,0.6666666666666666,1.0,0.4444444444444444,0.2222222222222222,-0.16473751715136836,2.926223018277667,0.13002248617708095,0.030644216370044206,-0.11407230444408459,0.07433653048552667,1.0164184746226486,3.028454975307113,-0.028869248793164715,-0.11186487180978676,8.126412667782667,0.019046364497340863,-0.02515996554413727
0.6666666666666666,0.5555555555555556,0.0,1.0,0.5555555555555556,0.7777777777777777,1.1596997070618709,-0.06495808656964354,0.10834916883153396,-0.09285198297585184,-0.01904955269118174,-0.08705184348434813,0.0126734212458455,-0.09136699389133213,9.098927709355484,0.26700902471102156,0.05598023778002791,0.043975984979321286,5.018040711439178
0.7777777777777777,0.0,0.1111111111111111,0.2222222222222222,0.5555555555555556,0.7777777777777777,-0.0840479379693634,0.10914209676324911,0.11563877303467647,4.848431011141216,2.9521110411412983,-0.05057505080844154,0.003500443641130046,0.13755412733068414,0.006441342547566179,3.067231361378612,3.848920915196645,-0.08900013065515086,-0.033316746189963775
0.0,0.0,0.3333333333333333,0.1111111111111111,0.5555555555555556,1.0,3.8743337125174855,-0.10650472598844792,0.06682305153014859,-0.02650635007709178,-0.02136358325199707,0.16540100477386804,0.9293148646839037,-0.04248724786348762,7.142195197814978,3.0020593230837833,0.061547376414908796,-0.006336334050341459,0.03590270629237085
0.6666666666666666,0.5555555555555556,0.5555555555555556,0.4444444444444444,1.0,0.5555555555555556,0.004184575693626919,-0.1200647577240625,0.9604312230941194,-0.01619297539599615,0.10186783928652654,0.009417616661314835,-0.02992990375227449,3.9233479978970762,-0.024562439968668342,6.975430016591979,2.8956423758648646,0.09294637847816133,0.011352844344459814
0.3333333333333333,0.7777777777777777,0.1111111111111111,0.2222222222222222,0.2222222222222222,0.2222222222222222,2.766865706596854,2.9192763997217046,-0.023072958140091564,-0.02400855507653034,-0.08803971790961812,3.0920613899028817,-0.07772612709342004,0.03927695859126531,-0.14665458833346123,-0.004173088967311961,-0.17339537400929617,0.01559218939660009,5.998774775060341
0.3333333333333333,0.7777777777777777,1.0,0.1111111111111111,0.6666666666666666,0.3333333333333333,0.040032057382571234,0.8571750926830903,3.0948609954323243,-0.07242325583387431,0.07716300989363162,0.2082713231590328,-0.016085136594802835,6.983370127730809,0.006829538626323396,3.8983649831517275,-0.014771064026049337,-0.008603774860189635,-0.14785276321073978
0.3333333333333333,1.0,1.0,0.8888888888888888,0.4444444444444444,0.1111111111111111,0.16778779369572971,0.09173999661389026,5.924830968931859,-0.027902910315675596,-0.008512401856750307,0.9203700917042363,0.08750317464154518,-0.06910410962104324,4.901482835893702,0.1731060392087197,3.003882892058892,0.06093439216731527,0.19201487045721677
0.6666666666666666,0.7777777777777777,0.7777777777777777,0.0,0.3333333333333333,0.1111111111111111,-0.03371761007981684,-0.04696447229154349,0.07796151875096802,-0.12826111270775473,0.008957287758111037,0.0010225556368049626,1.8423025375404085,1.8255694550040593,10.964446769297359,-0.0709833648612453,-0.034617003040246556,0.22436024467641724,-0.033382886576335646
0.3333333333333333,0.1111111111111111,0.6666666666666666,0.2222222222222222,0.2222222222222222,0.2222222222222222,-0.003074177685154042,-0.03913860697265393,-0.15404035420844706,7.0866118123093536,0.011260132266556385,2.1498374627623993,0.000692819899201416,-0.06024850280278735,0.20539127892349437,3.043585833165044,0.01949677014837524,-0.0049291238381906355,3.069882198491119
0.3333333333333333,1.0,0.8888888888888888,0.0,0.0,0.7777777777777777,0.08156653135688291,0.0093242934759279,1.0507097170891138,-0.09194337909316018,-0.027530471259279755,-0.19586766140320733,0.04076129961016359,6.029784136193174,5.080594046423101,-0.079147425723382,3.116129750550815,0.025997375992495433,0.0850877017181205
0.8888888888888888,0.8888888888888888,0.3333333333333333,0.4444444444444444,0.4444444444444444,0.6666666666666666,-0.17050447534746802,0.2158624748248583,0.029473768495176234,1.9928201728111339,0.09294813015785264,-0.016933475415776417,4.11848381885748,0.1408280152512362,8.900133689391497,0.15774429518832914,0.29645109029999805,-0.08505212472239942,-0.01145550105593224
0.2222222222222222,0.8888888888888888,0.8888888888888888,0.2222222222222222,1.0,0.7777777777777777,-0.07333967536817969,-0.00010542227487715512,-0.14008543893549877,-0.006232385995060936,1.9397238991799575,-0.00036985466975932333,-0.03107218663318755,2.9825626272107266,7.894378208955506,-0.013719411041870473,2.0585103270687988,-0.15368953599834181,0.055096628682310106
1.0,0.2222222222222222,0.3333333333333333,0.6666666666666666,0.7777777777777777,0.8888888888888888,-0.030564264121945968,0.00463861815235732,0.05887413185113343,0.26048222450193387,5.106076144641786,0.02301522261302225,-0.11415868047431546,4.974081697290989,-0.06770570904841076,2.7832055333886583,-0.20527295182570585,1.9115742284845803,0.09299728440688114
1.0,0.6666666666666666,0.2222222222222222,0.0,0.0,0.3333333333333333,1.9134770251797995,-0.035197595333748485,3.1299951431455244,-0.09239758757935532,5.9935340080419115,0.08301342719702035,4.020707172932391,-0.032829984111025876,0.19206818717810528,-0.15871242253539103,-0.049593927474833086,0.2857854683394132,0.00038760517818472057
0.3333333333333333,0.2222222222222222,0.2222222222222222,0.2222222222222222,0.1111111111111111,0.7777777777777777,0.0748581633101326,0.10906644900093387,0.16259940603664427,0.10715044058256867,-0.1418172166473466,1.7606361558399752,7.031776014000366,0.03615964854570138,-0.025240810064942356,-0.039796637158434026,0.18821321428653806,4.183127741586485,1.9674372161660392
1.0,0.5555555555555556,0.7777777777777777,0.5555555555555556,0.0,0.1111111111111111,1.9374612179157507,-0.2182202429910899,0.9418971887683207,-0.0699155812238174,8.918769399020805,-0.18039189897795083,3.096082897687238,0.024196288227217137,-0.15036483809816598,-0.035700414151195584,0.037309735500843495,0.16154239878199628,0.004986601436104025
0.3333333333333333,0.6666666666666666,1.0,0.2222222222222222,0.8888888888888888,0.7777777777777777,6.9180021248865975,3.0068857982872914,1.870520481367199,-0.06201521983448763,-0.0984284795180308,0.15933375850303608,0.14187051337242237,2.8584621628849387,-0.10878209180028015,0.05460789027205133,0.1395475946877448,0.10459612064612918,-0.0321800551202912
0.5555555555555556,0.6666666666666666,0.6666666666666666,0.4444444444444444,0.6666666666666666,0.8888888888888888,3.1782580194403662,0.08883849436308594,3.0530244520336205,0.005669139923906562,3.09554258849804,0.029810432303364394,0.06485182973510888,-0.12553120025350187,-0.05656481488266442,6.108947377448758,0.05220566890864051,-0.11799015399762869,0.0009477444463901839
1.0,0.2222222222222222,0.1111111111111111,0.5555555555555556,1.0,1.0,2.893569678297754,0.00047216693621792593,0.0856721683021515,7.028535387492308,-0.10324482044597934,3.9670640929965706,-0.03501498439783571,-0.13602434766519725,-0.08549725163625438,0.11179991352654844,0.25289429320145757,1.0476145365680833,-0.04122454178361207
0.1111111111111111,1.0,1.0,0.5555555555555556,0.5555555555555556,0.1111111111111111,0.026919750637993258,-0.0025422907734494334,-0.05607676501279433,0.03273787366563038,0.03289455636009408,0.06713589415267127,1.943344365127655,-0.03540831761784937,0.13256716894375214,3.0684189115051863,4.120896429391585,-0.054187289067726185,5.9476980267351784
0.4444444444444444,0.4444444444444444,0.7777777777777777,0.2222222222222222,0.7777777777777777,0.4444444444444444,-0.07515493379018452,-0.05552366621586685,-0.041888867773708885,0.03850051767954232,-0.022230927790080374,2.8195319627570763,0.1327809521821765,0.05615332177406286,-0.05719537814392972,-0.08746352574254518,4.913561224444583,3.9743578120937153,2.784649177408607
0.3333333333333333,0.1111111111111111,0.0,0.0,0.4444444444444444,0.8888888888888888,2.0263359928509286,-0.12126027065189429,-0.03870902231246459,-0.11795817376602674,-0.1801808941694829,-0.0076071583023138425,3.963499913340904,-0.14878464229693658,2.0174825436463126,0.01849842723654797,0.05057473451767852,-0.05405278304861814,6.977482265629932
0.0,0.4444444444444444,1.0,0.2222222222222222,0.4444444444444444,0.7777777777777777,-0.09912782924554595,0.1270313782551393,-0.22370788939190622,-0.019354171201127736,0.0745237097446692,1.94956793920416,0.03748097703223848,2.9821793126970824,8.98594141049543,-0.22532707483998046,0.989186745397201,-0.02561872518823177,-0.050195002396187675
0.6666666666666666,0.2222222222222222,1.0,0.5555555555555556,0.3333333333333333,1.0,1.1144047226788982,-0.02442275349506461,0.008792834821813894,-0.06908921797411693,7.001876889080737,-0.017121086538836924,0.032365156400784516,3.0222679994175228,0.07498145665159543,3.9405907765073755,0.10434137255009926,-0.12976944148483183,-0.011264675878822988
0.7777777777777777,0.4444444444444444,0.1111111111111111,0.0,1.0,0.5555555555555556,0.07863224288818016,-0.06411723357678022,-0.20478693208828438,-0.07951474687767823,0.05713950162681485,-0.25387140287668797,3.0416048267501825,0.9524750777776677,8.929642833805433,0.027209195576243846,0.04756081363475656,-0.0477326374669061,2.072763063818302
0.4444444444444444,0.4444444444444444,0.4444444444444444,0.3333333333333333,1.0,0.0,0.016047094195683884,0.10719968402752574,4.062593401556516,0.07191789246583075,0.024825703759536754,2.1886039559991013,0.04869111640159508,0.04634915289544448,7.189604123169493,-0.028077929766993154,2.051156904656873,-0.10308569485998552,-0.09109540341487578
0.1111111111111111,0.5555555555555556,0.6666666666666666,0.5555555555555556,0.5555555555555556,1.0,-0.02460308544905772,0.06789295724134158,0.0020981042234078703,-0.08513012640660696,0.03130235319248786,-0.029717506099527363,-0.10280736601609311,8.032540679150088,-0.021102520940253573,0.046225154647776316,0.05077749854356406,3.076465029941362,3.9183453120476273
0.6666666666666666,0.6666666666666666,1.0,0.5555555555555556,0.5555555555555556,0.3333333333333333,0.0035266028872634756,-0.16679464058777682,0.08089124957873942,-0.009983715059624289,3.08207965301259,-0.05044895932141491,-0.01713862319853737,6.952392658174958,0.16774078814930768,-0.14088695474642318,-0.12771265298205356,2.1325771386570485,3.1488303028469877
0.8888888888888888,0.6666666666666666,0.4444444444444444,0.2222222222222222,0.8888888888888888,1.0,3.045617416552202,-0.013087080722120262,1.982544345351926,0.09484412096724221,0.022078894856770295,-0.028953563498952752,7.164944376613982,2.996873675031086,0.138706899304397,-0.009522505060964775,-0.032385892703293805,-0.09992054577141461,0.14818403085008786
1.0,0.3333333333333333,1.0,0.2222222222222222,0.6666666666666666,0.4444444444444444,-0.02567046396415534,7.120597371325675,0.09626611783872564,-0.21900823420422447,-0.08239982235315915,1.890902631465538,-0.31617159615997714,-0.08089052604201225,0.037050023497117016,0.10330907910861342,4.178898809878766,2.0156589872508883,-0.17618470541245998
0.6666666666666666,0.6666666666666666,0.8888888888888888,0.1111111111111111,0.6666666666666666,1.0,-0.17386923344982622,0.03624525273094937,1.934756060102573,-0.2409847984181527,-0.025603171797366216,0.10803694195107716,0.025191081360166175,7.041547266483432,-0.09324683614747245,4.077620131931874,0.14144832416279496,0.11287255740057406,2.053766792792088
0.5555555555555556,0.6666666666666666,0.8888888888888888,0.6666666666666666,0.1111111111111111,1.0,2.230364989283345,6.854044086442971,-0.012864937914020998,-0.01879868640764433,0.08302308370263006,-0.024303529098809926,0.025255704170367238,0.14264926277975115,0.10574051741340991,0.13307711390795543,3.919474227219147,1.9995828529330086,0.09285037137637364
0.1111111111111111,0.0,0.0,1.0,0.5555555555555556,0.0,0.022373893655134397,0.06612786325930224,-0.023183910807427502,2.008271876941271,0.08099690262632407,0.013781595088915233,0.12079809792860796,-0.031362423494704854,6.918118423820184,1.8600725022167295,-0.08565690170875773,-0.11402599038996274,3.9489384460986137
0.5555555555555556,0.1111111111111111,0.8888888888888888,0.0,0.5555555555555556,0.1111111111111111,0.005219212840979375,3.019935949907264,0.060646153882329856,-0.10499429151014564,3.0379099239961014,0.2379723683480949,-0.03243798241350645,6.110805719028339,0.1130144574260506,-0.1437416566637651,3.1842478633927236,-0.14128050214174276,0.07253069990338318
0.0,1.0,0.0,0.5555555555555556,0.8888888888888888,0.6666666666666666,-0.015239474368054196,-0.17426278486458124,-0.12128258066150586,0.0461686506508639,-0.12386321529508429,1.8558258462658064,-0.11123535128387739,8.872284623811076,-0.08874374340903139,-0.019737988460234265,4.226561727326281,0.11312780329245918,-0.055163237633465124
0.1111111111111111,0.3333333333333333,0.7777777777777777,0.5555555555555556,0.7777777777777777,0.8888888888888888,-0.04930286075941842,0.007223289878245837,-0.16095440166940878,2.0497772517239907,-0.09938016642161046,0.09774750128779605,-0.022621621062246376,4.048056016916404,-0.12463853707674002,0.043102631185621444,8.015529080426289,0.9129406587153313,0.07985202900053052
0.0,1.0,0.1111111111111111,0.1111111111111111,1.0,0.1111111111111111,0.08525399248722815,0.9593721865671052,4.067973855033716,6.855122929123853,-0.09276047921260105,2.930015755026916,0.040574251202543085,0.051738034976523996,-0.05612227435597577,0.12873167659966286,0.0790689544623204,-0.05889869401668083,-0.0036945435959890535
0.5555555555555556,0.0,0.1111111111111111,1.0,0.8888888888888888,0.4444444444444444,0.17721921628051146,0.7925239577358889,-0.0013150894802934213,-0.04601645891193653,-0.11133923102872148,0.02895830558370115,-0.120318555840012,0.9707819803097091,-0.03906521703750068,0.02185217983928519,10.847469266168334,1.911080398483484,0.04693991395317514
0.8888888888888888,0.8888888888888888,0.2222222222222222,1.0,0.0,0.1111111111111111,-0.009738296407725314,0.08861522552453899,0.008227518565462014,0.003816872119455974,-0.07052191408870405,0.11946644500303721,0.09886107845747516,2.827513526385664,7.96822645824706,-0.009090543661876964,1.8545193043550807,0.008747533126875949,1.9028777772362
0.2222222222222222,0.1111111111111111,1.0,0.6666666666666666,0.1111111111111111,0.7777777777777777,0.08281610182228755,2.113988282183415,0.04521412765886384,3.953875683143536,-0.01924588332731257,0.1514798050311541,-0.11525668900451919,0.01550022738705388,0.0846818646906452,1.9950298269948095,0.014969341835286684,-0.08362809345852161,7.128701575190829
0.3333333333333333,0.7777777777777777,0.5555555555555556,1.0,0.3333333333333333,0.0,-0.05996761684038498,-0.004133614748833489,0.008890635193898527,6.982869828535054,-0.18425476203288138,0.9522639062578787,0.0939967704539677,0.11666935962251342,3.8795694832323266,0.07805522758280248,-0.007967563337714005,3.030433041015832,0.10308134059320447
0.5555555555555556,0.1111111111111111,0.7777777777777777,0.4444444444444444,0.4444444444444444,0.5555555555555556,0.017074918902202283,3.1827658172175894,0.021406178019262496,0.010990150838096102,-0.036118581032850004,3.1802448083277253,2.034820470033843,0.011016632802876031,-0.0630006279531586,0.2305050574053718,-0.20007150153179457,0.05266370378010371,7.247746598927356
0.1111111111111111,0.7777777777777777,1.0,0.0,0.6666666666666666,1.0,3.1080372866966854,0.11260431971714738,0.026410880130061827,1.9586272933451803,-0.0050674120434388336,0.12401106082045639,-0.030173387311817623,7.009047301843219,-0.03753893582320278,-0.01905768820279869,0.002255885377796431,0.0855021852682139,2.9051412685450795
0.7777777777777777,0.0,0.1111111111111111,0.7777777777777777,0.4444444444444444,0.0,-0.06893670162535752,0.060234405579554,0.1694436767070129,0.25068821713856976,1.9101699288595677,-0.007129811679629727,-0.047486103928452886,3.0635184854260857,6.816312456151712,0.07762029510219963,2.966437234374315,-0.07487172261317832,0.16917800893947393
0.0,0.2222222222222222,0.7777777777777777,0.0,0.1111111111111111,0.8888888888888888,-0.07992438254481324,0.09268507465888498,1.005365545396093,8.127938294104425,-0.0415304663008588,0.03564869770183289,-0.04451324827262328,3.022915944375805,0.15552661438378224,2.8776487049402686,-0.22971362607215215,0.08314128039366933,-0.11684692965238296
0.5555555555555556,0.0,0.2222222222222222,0.7777777777777777,1.0,0.3333333333333333,-0.04434547959191875,0.9886974459547412,5.043020848219902,0.05539991022892582,-0.07549685195510616,-0.038408216530565004,-0.20180937314722916,-0.11607222973421316,-0.0760958864751246,0.07462934014364743,8.00621080365899,0.013484834995707712,1.018866711649102
0.6666666666666666,0.8888888888888888,0.6666666666666666,0.3333333333333333,0.3333333333333333,0.3333333333333333,0.03581777488340112,3.0572784488471547,-0.09510616867279352,0.004174877384194762,0.036772700250475514,-0.03203444904874945,-0.1756072629569171,6.116641327519797,-0.0560133595753553,-0.06050417618251898,0.05048154120982965,-0.10160506758582262,5.946900862932947
0.2222222222222222,0.8888888888888888,1.0,0.2222222222222222,0.4444444444444444,0.8888888888888888,6.013495370222346,0.0337067676006153,0.10181323171163384,0.08719142340761668,0.061931397104139835,3.0106263093178143,0.026413809266880073,0.04196033849707726,0.03804284714509638,-0.025935870248151246,3.0700834178747822,2.899857514421541,-0.05187432320750575
0.4444444444444444,0.3333333333333333,0.1111111111111111,0.4444444444444444,0.1111111111111111,0.7777777777777777,-0.023977219806754227,0.09487561747394109,0.029461172893358173,8.106960775738385,2.0477951606704137,0.0741923040038929,-0.0639577912766027,0.07402713654420831,0.053535657656584856,3.0361442539472043,-0.23496964224312739,1.95008658647879,0.0863631288790962
0.7777777777777777,0.4444444444444444,0.8888888888888888,0.6666666666666666,0.4444444444444444,0.1111111111111111,1.957795200590252,-0.13809708791674893,-0.12808698142779737,6.706987791161721,4.1006202633530435,-0.11949374795580706,-0.009401947370687138,0.1504436879700829,-0.011883373213828145,0.020925278555366498,-0.08264102696794635,-0.11939995138636555,1.9805992918817283
0.8888888888888888,1.0,0.0,0.4444444444444444,0.4444444444444444,0.2222222222222222,-0.13449089237901787,-0.0023536116026971836,0.0041381215119156494,0.07794621036524174,-0.037696332979669456,0.11376278432710854,0.0822636616794408,4.858676902960959,0.2986526763559351,4.878681399269744,2.8990115661753078,1.7919997935933774,0.12312980812104866
0.1111111111111111,0.5555555555555556,1.0,0.7777777777777777,0.2222222222222222,0.3333333333333333,-0.027950186601189527,-0.08622406307449905,2.872287148426394,3.8735359489517363,0.036997555488518845,-0.06739821141730541,-0.07995066321797127,1.999419645156466,-0.13668502626099474,0.0197741235065039,0.040890269107377225,0.023705116179470093,6.035351099994661
0.1111111111111111,0.7777777777777777,0.6666666666666666,0.6666666666666666,0.3333333333333333,0.3333333333333333,-0.18568201147510208,-0.03498274591358236,-0.04228519358059107,0.050488140495873274,0.9155862789061311,0.059210944471212015,2.974528389907507,0.022076488077797024,6.092358356231947,0.15995198612581346,5.029505159038984,-0.017600217756227405,-0.007840259992929864
0.4444444444444444,0.0,0.6666666666666666,0.2222222222222222,0.4444444444444444,0.2222222222222222,0.055576283256653675,2.9634042665697207,-0.1667509857385029,0.08873883192185927,-0.1279270778143022,2.852195838164442,1.0475232267501693,0.08305152614390278,-0.17320005310559675,0.14293717637257614,-0.026219258607246856,0.06034248786205191,7.977623708175398
0.4444444444444444,0.0,0.2222222222222222,0.0,0.1111111111111111,0.5555555555555556,-0.03364064179103405,0.988297857814591,0.1866964118236742,6.971803778589764,-0.05692273133607554,0.18915577572667341,2.8360635045591236,0.0036100218163520863,0.11644390028155478,4.3254098954369145,-0.07380010552028497,-0.06050930043447859,-0.10456826704356742
0.4444444444444444,0.4444444444444444,0.5555555555555556,0.8888888888888888,0.7777777777777777,0.5555555555555556,0.1373743773106808,2.137110814313088,-0.06996546726427194,0.018422024867836975,-0.0920953618038225,2.901306834861253,1.9915936046682359,0.027965772725485297,-0.06004996162836023,0.06799336906347861,7.91321588488167,-0.008895223407275254,0.1545745628771188
0.1111111111111111,0.0,0.1111111111111111,1.0,0.7777777777777777,0.5555555555555556,0.027112793136523344,0.1382868546945042,-0.05678329135895415,0.2016253657851752,-0.060787454979616296,2.991763732043988,2.1501125201989013,-0.05249870197534604,-0.12316986904479138,0.0827017916752713,8.036112134101144,2.16530580127619,0.013582705454745332
0.0,0.8888888888888888,0.4444444444444444,0.2222222222222222,0.8888888888888888,0.7777777777777777,6.982491460704868,-0.07747650273664497,0.19142460526705596,2.8729413687066825,0.9363743312743296,0.05892806805750328,0.13254276717262148,4.001233262628999,0.07848594578694051,0.03589048419603957,0.11206228177070886,0.14438858965953627,0.17627803558142557
0.1111111111111111,0.1111111111111111,0.2222222222222222,0.0,0.3333333333333333,0.6666666666666666,-0.03218247133333715,-0.02389207850078669,0.11992536321567025,0.07204560420048933,2.955950042278809,-0.07159826821107061,7.106712720227057,0.003106865201570635,-0.11506540084283126,-0.06449315428080823,-0.07410208732527322,0.08123326828103587,5.016987047808447
0.3333333333333333,0.4444444444444444,0.2222222222222222,0.7777777777777777,0.6666666666666666,1.0,0.043982583015816985,2.04082133000396,0.09447302046292781,1.966525402112324,0.01109755656658891,-0.09876585996061639,-0.14039062431464522,7.999411171011901,-0.08616505755100205,3.040391169250141,-0.1319485730074215,-0.07427681173129236,-0.04667794067233074
0.3333333333333333,0.7777777777777777,0.2222222222222222,0.4444444444444444,0.3333333333333333,0.1111111111111111,-0.06569838454134636,3.137761107890124,-0.04459660773270832,-0.08285582889613573,8.086572416279866,-0.024435039498535663,2.7729129184220764,0.11520687493012172,0.09037458936752606,0.07362969767566854,-0.1498740934192044,-0.16387586330388992,1.0861409110964377
0.3333333333333333,0.8888888888888888,0.2222222222222222,0.5555555555555556,0.3333333333333333,0.8888888888888888,-0.12118975754278222,0.0698348620526121,-0.0032889428764145824,0.03795142120623664,2.919502677606781,0.1108514208819722,-0.040155604643496545,5.002746031575944,-0.007929172892401458,-0.057977827423363826,3.003573741707938,-0.06052096927077388,4.065338477369488
0.5555555555555556,0.2222222222222222,0.0,0.4444444444444444,0.1111111111111111,0.4444444444444444,4.917310824751479,-0.005076208036857847,4.978195455394129,0.047545253849698245,-0.002713303490310695,0.01797522074373095,-0.04917099398680448,-0.10721888940266022,-0.0423966035925554,0.07999544077431026,5.020988126004564,-0.057195290325467586,-0.014629355963808334
0.0,0.3333333333333333,0.6666666666666666,0.5555555555555556,0.4444444444444444,0.7777777777777777,-0.1544934535068961,0.009209576359409978,0.017937177091882115,-0.04429548467467354,0.04921795096359049,-0.15430506470057068,-0.12104627922062641,5.041177140619772,8.946599052848375,0.0927365085811445,-0.034760259878528085,1.051325364288623,0.07217791672296728
0.5555555555555556,0.4444444444444444,0.4444444444444444,0.7777777777777777,0.5555555555555556,0.8888888888888888,2.0064942316096457,2.9473477644542045,-0.0731564146348773,-0.08279648115745858,0.04375934148294822,-0.05155750758733625,-0.09855592513541415,0.11527986628820636,-0.08115202640433583,2.9185410896503305,7.091602024704927,-0.03933022983618678,0.017888936894263185
0.7777777777777777,0.3333333333333333,0.0,0.1111111111111111,0.2222222222222222,0.6666666666666666,1.280547030805493,2.078802440821725,-0.18189638038730432,-0.13525348542165358,-0.12439740909231795,0.18159885030452733,-0.05961368495345237,0.05243759620954006,9.028639447098953,-0.15762944363383422,-0.030362747155046617,0.05719242963811838,2.8723486152338547
0.6666666666666666,0.7777777777777777,0.8888888888888888,0.5555555555555556,0.1111111111111111,0.6666666666666666,0.11659123307106554,0.13669630018401666,-0.04517570257154535,3.04435646170788,4.834773885217606,2.939953111431143,0.08377967159555888,0.18909239628349225,0.09833520830878166,0.13348811188650703,4.143435855522374,-0.09761565930189166,0.010474374880052146
0.2222222222222222,0.7777777777777777,0.1111111111111111,0.5555555555555556,1.0,0.6666666666666666,-0.08878263375798051,0.05026418942665211,0.9055969854501396,6.902720061360581,0.01792406419505866,-0.08315784912912826,0.002125641598624375,0.1283455392131142,0.014907757866738161,-0.13208742115449174,5.025319839420628,0.11524906773664755,2.0016252841293594
1.0,0.7777777777777777,0.7777777777777777,0.2222222222222222,0.1111111111111111,0.8888888888888888,7.113313560296101,0.08992739569911286,2.094166297024309,3.006755093406106,0.03656557190552836,0.04113848186573095,-0.14442994536655426,-0.04416051933468655,0.024882323992995517,0.21187743037572374,3.14835248594534,0.0998713056376595,-0.06424153604058928
0.6666666666666666,1.0,0.2222222222222222,0.0,0.5555555555555556,0.6666666666666666,0.01333580079549007,0.18767747879038565,2.0857656395157536,-0.1535666045516908,-0.1167994528078335,-0.1572417589751668,0.14509767484146283,0.014211786634471394,7.080058072153836,-0.0537553826025762,1.762835001023566,3.911345369597001,-0.0662775283590943
0.6666666666666666,0.5555555555555556,0.0,0.6666666666666666,0.6666666666666666,0.4444444444444444,0.10100672226757623,0.9531984100876307,5.894514700440125,4.016883356403295,-0.05531955609318548,3.9595993168903205,0.06352119304077875,-0.01520433761579908,0.032185850153228765,-0.04271699991304902,0.055196919741213414,-0.11917114894272585,0.020301471264579873
0.5555555555555556,0.1111111111111111,0.5555555555555556,0.6666666666666666,0.1111111111111111,0.7777777777777777,2.0534323373203622,-0.07485908536691054,0.9560691684206513,0.013883598348504795,2.029493122113562,-0.10094424307166967,0.10052388808986608,-0.04196649278271758,10.098903433419538,-0.00339835199093645,-0.05177223541338652,-0.014667150508713221,-0.08071691619401866
0.3333333333333333,0.2222222222222222,0.0,0.0,0.6666666666666666,1.0,-0.07439244261480114,0.12931775892748396,1.9986132205717944,-0.10288128088720808,0.17361828897337214,0.10500138325311872,6.077184077814067,3.803145275107201,-0.16265626614009876,0.057654214747640854,2.9721643825170143,-0.12929853894660248,-0.00214945037529015
0.8888888888888888,1.0,0.4444444444444444,0.6666666666666666,0.1111111111111111,0.0,3.102442869922547,3.0164030433701314,-0.0831730749479453,-0.006584647706033696,-0.051413048655895056,0.1246865172910991,-0.05409589277609535,5.994843226628059,-0.02643254326077668,0.07252487702735305,3.168788629108488,0.05590377501574795,-0.007666467174724215
0.5555555555555556,0.6666666666666666,0.7777777777777777,1.0,0.8888888888888888,1.0,0.026495794849917195,0.08944905878762417,-0.16230935935594107,3.0126582413159033,1.003789682127477,0.17586153456401082,-0.030657005301647857,3.9996045677860588,-0.019158252823658118,0.05194456319253263,7.037181792168744,-0.09595295545641797,0.06246079660461687
0.6666666666666666,0.4444444444444444,1.0,0.6666666666666666,0.6666666666666666,0.0,-0.0007350356672145763,-0.058499063844315295,1.9169720816507712,-0.056428047992765,-0.05052097486790115,0.020735752219202458,0.0020225042982786475,8.017612707156136,5.013435052996888,0.023796687597563235,-0.04831299734794751,0.01768595537245161,0.09691240724329617
0.7777777777777777,0.8888888888888888,0.1111111111111111,0.5555555555555556,0.1111111111111111,0.3333333333333333,-0.005333576824170409,-0.21983143156022075,-0.07039802737267474,6.174774609973714,-0.033769903502113126,-0.0668404262711548,1.831141805930874,0.0018915095251106281,-0.29461954521110295,1.9173615905488064,4.9880175259991635,0.04641480106271504,0.09318141340730253
1.0,0.2222222222222222,0.4444444444444444,0.3333333333333333,0.1111111111111111,0.3333333333333333,-0.11902099090543455,-0.04278630758125985,-0.04458934061438945,6.864552593635589,-0.00833995078989534,3.863992063210771,-0.047181870406288975,0.13967524454801916,2.1507337304537804,0.029465548171677142,1.9056799675202973,0.008483233973326393,-0.0982659306181158
0.2222222222222222,0.4444444444444444,0.7777777777777777,0.4444444444444444,0.4444444444444444,1.0,-0.02506211773576225,-0.06105385011803343,1.819776244976549,0.008398477849758935,0.17964886167416372,-0.048541674742849684,0.13432841983339522,8.941738570319648,0.12718248478241817,0.09469428161776268,0.13506731908757721,1.8900687539084347,1.9095551581934314
0.8888888888888888,0.2222222222222222,0.8888888888888888,0.7777777777777777,1.0,0.6666666666666666,5.841192677398929,2.0052107037734337,0.03966145091958824,3.9940620105733666,-0.04469296502839676,0.05445985667842643,2.986597965509416,0.014117139793125198,0.03680044989897346,0.01975712487919956,0.09588131088913415,-0.1217546852742914,-0.018508701009849384
0.1111111111111111,1.0,0.8888888888888888,0.0,0.4444444444444444,0.0,3.1577222976628754,0.14233842377893455,0.0644487284883224,0.01064861335312918,0.021774194785840677,0.02465155149898382,-0.2233103024363099,-0.028669104635642692,0.02984975697190481,5.019710761888971,0.027205307598535584,1.95929271145947,5.026705830632324
0.1111111111111111,0.7777777777777777,0.1111111111111111,0.8888888888888888,0.4444444444444444,0.7777777777777777,-0.15044766837270687,0.11084321396971614,5.8275534074504876,0.05150101481940982,-0.0707096475336435,-0.1018320537594904,0.033286842415432394,3.9855930298935855,0.021471391378241673,-0.06386095757900578,-0.0079144556204742,2.9136209466451346,2.0808449789446612
0.5555555555555556,0.2222222222222222,0.8888888888888888,0.0,0.3333333333333333,0.8888888888888888,-0.04062160720324188,-0.1462310396581123,1.0884718117322838,9.014091867186215,3.848115540759747,1.0406822841892889,0.14609467030124834,0.017018505639960144,-0.09485641076298701,0.022396093911094733,-0.057586829781736654,-0.06193053032909085,0.08604722255565156
0.8888888888888888,0.6666666666666666,0.7777777777777777,0.0,0.2222222222222222,0.1111111111111111,-0.17963267150788917,7.083373504572159,0.05007130913024545,-0.20139229561464644,0.013119501772527875,0.009362965973605317,-0.1484939622806358,0.13464922074642743,-0.06485387583349306,-0.08828837001719872,0.9815827929451374,3.9705050647771065,2.9859206521322967
0.4444444444444444,1.0,0.3333333333333333,0.0,1.0,1.0,-0.13893757874727505,-0.028766735487070455,0.13645180603713855,6.940278349073083,-0.04817882209550363,0.04402005461834449,2.984792390615398,-0.004767173084941058,-0.1217930773987555,0.06540514751824171,0.7994797296664482,0.123092342767014,3.7035142380574424
0.8888888888888888,0.6666666666666666,0.5555555555555556,0.7777777777777777,0.2222222222222222,0.2222222222222222,-0.004360310193763466,3.0416754341194037,0.10197846247377769,-0.02801747358631009,0.0024955748478382635,0.026475935551694203,1.9121573707056287,-0.1243233831875283,0.1762796812049505,2.9530311776080316,-0.061548054049416746,-0.06532144970727935,6.814688531107835
0.3333333333333333,0.0,0.4444444444444444,1.0,1.0,0.0,0.004988502106764415,0.11222908564944062,-0.010401632654174727,-0.07976258888779729,-0.06360459546180011,0.9373059393618559,7.905826529303193,1.0654619552751832,0.20712835732811596,5.032159779012713,0.07698480350995333,0.09402694111825464,0.0061305422707598764
0.2222222222222222,0.1111111111111111,0.2222222222222222,0.2222222222222222,0.1111111111111111,0.4444444444444444,0.06622193842705523,0.08793296459323657,5.002479213837247,0.08512755530050566,0.1431221337158165,-0.060195866083859344,-0.08286805170881256,0.13409078718924242,1.8801914502285209,3.945943472953599,4.023984162776391,0.006734061548613482,-0.009624600819001815
0.4444444444444444,0.0,0.6666666666666666,0.2222222222222222,0.0,0.1111111111111111,-0.03606331742761342,-0.06777173546696043,0.23814098287234128,-0.1347274813604987,0.038015458410373265,2.3019620173785045,0.08981681797740182,7.076649793433948,0.002909214530046666,-0.2593465291939421,2.9394871078667424,-0.06091190228621231,3.0069224038185363
0.5555555555555556,0.5555555555555556,1.0,1.0,0.7777777777777777,0.5555555555555556,3.9459019552087753,0.09526430949386233,0.1462659005210244,3.9720431853909246,3.9454768089705676,-0.04524925677032407,3.1111548711620003,0.06548107671225672,0.03444495490092953,0.08667618366566453,-0.10365707580506645,0.10951275028833266,0.032102572259895865
0.4444444444444444,0.3333333333333333,0.1111111111111111,0.4444444444444444,0.6666666666666666,0.4444444444444444,0.9075927729415589,-0.07025158750493422,3.1326199983583938,0.12036643555727743,0.0858976259940678,2.9943724910834435,0.05065407514620201,0.10138914168256463,0.12610728877855665,-0.05641774383148777,7.911162270270236,0.08725502420095595,0.06121858949078425
1.0,0.1111111111111111,0.2222222222222222,0.5555555555555556,0.3333333333333333,0.6666666666666666,0.05282257074920276,3.943564096023609,-0.1203220146490635,0.0537934579702865,4.020075254799569,-0.06658540095989042,0.011089950426554784,3.0855718743645997,-0.15152888396159608,4.048746692143914,0.010490411985536496,-0.012873847047943318,0.10851009829909307
0.4444444444444444,0.5555555555555556,0.8888888888888888,0.0,0.0,0.5555555555555556,0.057455310378237506,4.11433269113694,1.3271119561774993,0.03638347223798973,0.11959461177727933,-0.027098405881164713,4.020968218611885,0.07812493787700145,-0.04941844832713803,-0.048291381797763634,0.1022250200511568,0.10201562309188944,5.984339840270674
0.0,0.3333333333333333,0.5555555555555556,0.0,0.5555555555555556,0.4444444444444444,0.06655238226126169,-0.062239054879201186,-0.0972843656676527,0.1478340877458923,0.12481228695661273,2.7627777104789213,-0.021681730539738594,6.033610103010057,-0.0071231513285670775,6.029040936364897,0.03166436654230487,0.10723311510847355,0.005525671410138579
0.2222222222222222,0.2222222222222222,0.6666666666666666,0.1111111111111111,0.3333333333333333,0.4444444444444444,-0.15490258180711752,-0.028390707890240924,5.019025267303822,-0.15501473738063115,-0.04162044676389909,0.06700813280476327,-0.04347200263926467,3.052700647822493,0.19417160327683589,0.05852527360695106,2.8069164540734057,-0.03684898487139326,3.8649792491252972
0.8888888888888888,0.8888888888888888,0.6666666666666666,1.0,0.6666666666666666,0.2222222222222222,2.1475709045033557,-0.04067313522935146,-0.07376802207919678,-0.0863989210179926,0.02218706301329527,0.011774643870301083,1.987060228279328,0.09062937705233215,0.020827363201155462,-0.045534617659995585,7.843853145161111,0.11937347905310902,3.009969842549639
0.1111111111111111,0.2222222222222222,1.0,0.7777777777777777,1.0,0.5555555555555556,0.002699306170150158,0.16714586356823824,-0.017499045059453454,5.893063171440555,1.9248029747137942,3.081346771775586,0.038402132464768125,0.07006812601668043,-0.03631826192241719,0.03146555776732337,0.17171949354148092,0.04840060012095435,4.094378077954962
0.0,0.6666666666666666,0.5555555555555556,0.7777777777777777,0.2222222222222222,0.0,4.003254437748498,1.8875737279868674,0.11301166254861982,-0.1577748177140409,-0.09186646362916481,0.08794026426873287,-0.010897020813640017,6.876861287059061,2.085377727933726,-0.07020877127000363,-0.039838631560025935,0.09611792133317035,-0.003975439454343978
0.6666666666666666,0.4444444444444444,0.3333333333333333,0.3333333333333333,0.4444444444444444,0.6666666666666666,-0.0630473294963292,2.0384223262892713,0.07181567840529761,-0.1613688852332801,0.017805142998793825,1.9808514261980223,0.14371841918611222,3.09731408483404,7.911733530442156,-0.06189615103037652,0.00537457709197701,0.03729655913680253,-0.1100796744751092
0.8888888888888888,1.0,0.8888888888888888,0.1111111111111111,1.0,0.4444444444444444,0.007915594151646206,0.16627279427641742,0.10763682030418459,0.030263151909127317,-0.057766924300813795,-0.012934559720542763,2.918401344220357,0.13576896192377094,0.9308575118289498,11.040027348475189,0.15376334937997782,-0.06016051064256325,-0.15772344267234525
0.8888888888888888,0.1111111111111111,0.4444444444444444,0.5555555555555556,0.0,0.5555555555555556,0.009415406087374097,-0.06799833882409556,-0.11576677893961039,0.03934776064617406,-0.07494536873483304,5.051488942318408,0.2678529022317503,-0.1687413686847613,0.06307880500271562,0.029596701586453125,-0.06505806001658947,1.1655713149311768,8.917521828481728
0.3333333333333333,0.4444444444444444,0.2222222222222222,0.3333333333333333,0.4444444444444444,0.5555555555555556,2.980046752270461,-0.022829940531766586,-0.10078803808095921,-0.12189425581641472,-0.058105662325475774,6.079084276862863,5.049253136119281,-0.052813052513082576,-0.13337211069183427,-0.011894149649834852,1.078031116006387,-0.07303879984079523,0.1763689820022343
0.1111111111111111,0.6666666666666666,0.6666666666666666,0.4444444444444444,0.8888888888888888,0.1111111111111111,-0.01529015841613373,-0.019676052145919366,2.869925886653247,0.04085534165589811,1.2048403578370364,-0.08385748817793175,-0.10373468774649618,6.854781459172202,-0.1105360983254611,-0.07886373674802354,-0.15229437160003856,4.083562886465945,0.045389728918876104
0.6666666666666666,0.7777777777777777,1.0,0.4444444444444444,0.8888888888888888,0.5555555555555556,0.1783856416390295,0.04243735463377947,2.969334225552155,-0.024891403722790917,0.16248059375309123,1.9466049341863298,0.017767878397773867,-0.01725912618542006,-0.05985664531860163,-0.08835060548517781,3.072074280455344,7.029201491234454,-0.1940859481632219
0.4444444444444444,1.0,0.6666666666666666,0.6666666666666666,0.8888888888888888,0.5555555555555556,-0.004909933436399452,1.2725039594703373,-0.011092021649533067,0.021146572164762123,0.1316129977711174,-0.05779616108418702,0.06254338153886202,0.029358929989171906,-0.0640874134300772,0.05732525621719736,3.892648507709856,4.09271875347493,6.0966353367656945
0.7777777777777777,0.8888888888888888,0.6666666666666666,0.8888888888888888,0.4444444444444444,0.5555555555555556,0.1809443666920247,0.05718036363074355,0.040111163925513914,-0.0671551526354953,0.017444960472836234,-0.05168000020107882,1.8523567796289437,-0.11861704683092672,8.139205769241638,-0.06213245608113314,-0.13011199679489313,1.8588147001818278,2.876174191006593
0.6666666666666666,0.5555555555555556,0.0,0.0,0.2222222222222222,0.7777777777777777,0.12725240452548825,2.952515988714302,1.2104869116599355,-0.16681148294395406,-0.021381597268542097,-0.1522125396641636,-0.06540646899362465,0.03401737484208517,6.76868798169142,-0.20547762400733716,-0.02795585406932657,4.102795675946886,0.07579463455779151
0.1111111111111111,0.0,0.8888888888888888,0.2222222222222222,0.6666666666666666,0.6666666666666666,-0.186575674027755,2.9414680238479995,0.013459509644674928,-0.05453367696980075,3.2597467578248382,-0.006315779121097722,0.017241367598246828,0.123522757833827,-0.035232869295457735,-0.07012842540785366,0.041476052522340386,6.038907598148829,3.0550966813190095
0.4444444444444444,0.6666666666666666,0.0,0.8888888888888888,0.0,0.3333333333333333,0.017317431378632234,0.016138432274302054,0.14302138638733777,0.18694260644247798,0.018705157599077565,0.06311857884964614,1.1072196905401173,6.9019093944777925,0.11077028933074824,0.9952507872961038,-0.20101759010598946,0.2053738499233688,5.90720199754759
0.6666666666666666,0.8888888888888888,0.8888888888888888,0.4444444444444444,0.1111111111111111,0.5555555555555556,2.1675802271195157,3.937626958804535,-0.06488373036580106,-0.05669878593008703,0.07987910229009194,0.17273664388415677,-0.03031123037704931,0.02804219564336552,6.855518123508671,-0.19540667783997834,1.7789458935521645,-0.11250492613866876,-0.09713090561002113
0.6666666666666666,0.5555555555555556,0.7777777777777777,0.6666666666666666,0.6666666666666666,0.6666666666666666,0.06025426752012734,-0.056356196383887426,3.0773431077311066,-0.11100915470125772,2.972085437560914,0.13227090183133047,0.09566392345946846,0.07373053984697456,-0.04362974101823899,5.051451207400169,0.04165307669773469,0.13013339119744033,4.0049170826246785
0.2222222222222222,0.1111111111111111,0.0,0.8888888888888888,0.2222222222222222,0.3333333333333333,-0.06492304228514721,-0.170229440439344,-0.09249904361599044,7.011075361922213,1.9596924056052465,0.01544481577156651,0.04633206413389433,0.1141823714595952,1.7203475462806292,-0.08286080948701259,0.06265986939382126,-0.04201641217681043,4.110899003069723
0.0,0.0,0.4444444444444444,1.0,0.8888888888888888,0.6666666666666666,0.062226937654502504,-0.09609088372308268,-0.21602475869054294,1.0585925933311764,-0.15105894159479735,0.004544558680836455,0.06618988064033908,0.08759575042491935,8.098683918840564,-0.22825464486182714,5.205890074714187,0.04168264540581482,0.9690079524182609
1.0,1.0,1.0,0.2222222222222222,0.7777777777777777,0.2222222222222222,1.9436144378921556,5.968626020930303,-0.048496767272733825,0.012273833770219414,0.03364489620127359,0.10671199517197408,0.11054247997072686,-0.27508854293911006,4.025386051018217,0.00834954983657254,-0.18501791911749163,2.9638023785815575,-0.23645946859887812
0.5555555555555556,0.3333333333333333,0.0,0.8888888888888888,0.2222222222222222,0.1111111111111111,-0.0316279248240447,0.054577325291449,6.094043277914979,5.00250723781987,0.14889841070283907,1.053456472229381,0.0031067296121384683,-0.1784460158977167,-0.051827062117115776,-0.02696365916237836,0.04539564349247355,0.19452019508882756,2.939162953979506
1.0,0.7777777777777777,0.0,0.3333333333333333,0.5555555555555556,1.0,5.06935256636395,0.10974695103193251,3.1712064213086295,2.9538233474300117,0.04937537770300239,0.04838394632981011,0.004940720988740775,-0.11426845778162437,0.03985922572531155,0.0754029847882552,0.030036004336662606,4.079329407566304,-0.05220039329689161
0.0,1.0,0.6666666666666666,0.2222222222222222,1.0,0.8888888888888888,-0.07809528431921658,0.049411945830917514,1.9935815771818322,0.0362833993086043,-0.04323295387358908,-0.04509345459056612,0.0578297275542791,0.07520987371046446,-0.02552098158250729,7.994783962896516,1.00256415368481,0.05172337662433044,4.019195676191148
0.8888888888888888,0.4444444444444444,0.0,0.3333333333333333,0.3333333333333333,0.4444444444444444,0.9909849510401839,-0.07007871118107518,0.06192788120281643,-0.10210701442368178,5.872260680342608,0.07149251103774744,0.021761292002442367,4.913000638256671,-0.03202749953080598,-0.05700348931103843,-0.018551457591684997,2.9380119625417094,-0.08628965249634327
0.2222222222222222,0.3333333333333333,1.0,0.7777777777777777,0.0,0.8888888888888888,-0.021263513241078873,3.9221379718038953,0.06952131815486483,0.0011867631000867427,2.9158149485052247,-0.011856844476748361,0.12424349324556926,7.037721979862676,-0.13864640392986816,-0.0686776927567104,0.1096915042877342,1.0477952990312231,-0.05870337759101595
0.6666666666666666,0.1111111111111111,0.2222222222222222,1.0,0.7777777777777777,0.3333333333333333,1.1535619946620925,0.08581623503699648,0.07685630412225193,0.012018414670279814,-0.17713511991766612,3.0257329225718244,0.19098617067520576,5.961533065183431,-0.09659578782281897,0.1975470518767768,0.10449130619569134,-0.054586337418953614,5.147645269849464
0.4444444444444444,0.2222222222222222,0.6666666666666666,0.7777777777777777,0.6666666666666666,0.5555555555555556,-0.07173351112775746,2.950159047551497,-0.046818389704105984,0.06951723237053821,3.0884277905114224,5.1019082496936345,4.051095184687666,-0.0466853621507449,-0.016736504724208148,0.14241188147983783,-0.059263890596246184,0.030302635706189737,-0.024683960398709796
0.2222222222222222,0.2222222222222222,0.4444444444444444,0.1111111111111111,1.0,0.3333333333333333,5.98005456509282,0.9320673804216288,3.889012011038152,0.029621842688700436,-0.13118162460587054,-0.075380850892381,-0.028022549652658102,0.09954966694591733,-0.040079800340042236,0.05884707134767943,-0.08998597877284154,4.135196427032486,-0.09667136660045957
0.2222222222222222,0.3333333333333333,0.5555555555555556,1.0,0.7777777777777777,0.2222222222222222,0.02057554193710112,0.10872314042716894,0.1501010476739567,-0.0762895492843758,2.0147283645911975,0.09351745914637788,0.0335586566885733,4.9250313764247045,0.05282856481308408,0.06648214378202297,-0.05553107260458069,3.8522664807808487,3.9315175306994377
0.8888888888888888,0.7777777777777777,0.1111111111111111,0.1111111111111111,0.7777777777777777,0.2222222222222222,0.0455663854328587,2.8733544407551403,0.1677218739958102,-0.013275895357060842,3.9751679518460237,-0.004275978542406433,-0.12431240848145655,0.08593867049754632,0.07687204424430089,4.838947272746113,0.16398899940537798,2.999113473758104,-0.11805485365625926
0.7777777777777777,0.5555555555555556,0.7777777777777777,0.0,0.0,1.0,-0.02038150920929391,-0.06772050940431729,1.0306433449667214,-0.027142846708013976,-0.1763508503735715,-0.02753759357405926,8.98814594124469,-0.03481460598391246,0.15582488794942354,0.15060530313864195,-0.029326630686122613,1.9348860491507276,3.181251110796453
1.0,0.3333333333333333,0.8888888888888888,0.2222222222222222,0.7777777777777777,1.0,-0.139837603882759,-0.12052146742776396,2.0353911201658024,3.2016113088056186,0.10973392718490838,0.07298331703796467,7.859474562914421,0.06543573969482268,1.911301657120612,0.0878431075188206,-0.015539723054566641,0.04502844271877566,-0.10491358342169715
0.5555555555555556,0.1111111111111111,0.4444444444444444,0.1111111111111111,0.2222222222222222,1.0,1.0667011310114336,-0.042225484835269916,-0.07100580817634178,-0.12015418360566875,-0.04432707627441093,0.12047935513751667,7.919625557222351,2.809375473432859,0.004444993160305374,-0.14346037922674432,3.1341389820192287,0.05784766542149625,0.16911611662756945
0.8888888888888888,0.4444444444444444,0.3333333333333333,0.2222222222222222,0.4444444444444444,0.8888888888888888,-0.04720264772004394,0.010272398013677103,-0.15552053720794087,0.030519051851914003,3.009392090177164,2.14979097718363,0.12538562252426408,2.9395004670499216,0.06338316190336123,7.01272808441137,0.07340742735187053,-0.04820127207789361,0.005437995477393978
0.4444444444444444,0.2222222222222222,0.3333333333333333,0.1111111111111111,0.1111111111111111,0.6666666666666666,2.01662945787473,0.0670084618244641,-0.022418054008187947,0.11526646990765817,0.04311555622391591,1.9752879742522587,0.03198825401569116,0.004274673882939026,6.873212826625145,0.08282088242039881,3.9428011491954518,0.0004270836171226729,-0.1254504400620262
0.1111111111111111,0.6666666666666666,0.3333333333333333,0.5555555555555556,0.7777777777777777,0.3333333333333333,-0.1505935474363327,0.08427083499872047,-0.08522814616790059,4.170030355471826,-0.1032083098812346,-0.02743399670644499,1.0966785206021255,-0.038473855506427186,2.051931538217468,7.888662046350968,-0.04273177562720205,0.1123981588471451,0.03721445158021296
1.0,0.3333333333333333,0.8888888888888888,0.2222222222222222,0.1111111111111111,0.1111111111111111,2.941157113747287,2.98543344728623,-0.03427272378195844,2.0921762157544226,0.04505177044592537,0.12686794917496988,0.14310586312841253,0.06933729964861532,7.024120625138705,-0.07379830093455754,0.048767986379024755,-0.08339274292312997,0.07481331740398776
0.5555555555555556,0.7777777777777777,0.0,0.1111111111111111,1.0,0.4444444444444444,0.03212020032278147,0.9533314130676364,2.8807714592183435,8.046997873056084,0.1325300628842596,-0.001413973897155471,0.0401519552234889,-0.2332884217677297,3.0308234402474876,0.23959937994981192,0.14532688365999288,-0.05354880514500465,0.012389731301843785
0.1111111111111111,0.7777777777777777,0.6666666666666666,0.5555555555555556,0.5555555555555556,0.7777777777777777,4.028392359111815,0.019868433910403435,-0.08951854976464291,0.03491662646672872,-0.1554291514599934,3.095679647180095,-0.16273124965767227,0.1603128755095441,7.8685264333775145,0.04259252821639736,0.047488791261797295,0.12214098477375115,0.11537504578524456
0.4444444444444444,0.0,1.0,0.8888888888888888,0.4444444444444444,0.1111111111111111,-0.01312337809678409,1.9832966109437755,-0.0725763756033556,0.03032693880121763,0.005477335731603899,0.04361466585466362,-0.0018693282128144032,-0.1277198249345227,9.890248944926574,0.07222970679536077,3.0035013039514555,0.055550359225465556,0.02660501156493237
0.4444444444444444,0.6666666666666666,0.6666666666666666,0.2222222222222222,1.0,0.6666666666666666,5.049481779065262,3.0422136188925815,0.18231020770922135,0.15423104322705009,0.1376749864163211,1.7773684309978879,-0.1344244080134271,0.09473851050536264,5.0922651923838345,-0.13864550027566153,-0.18728107369933364,0.08519941996711695,-0.044479741531660934
0.2222222222222222,1.0,0.4444444444444444,0.6666666666666666,0.3333333333333333,0.5555555555555556,0.021026325826807756,1.1119974855826202,1.012355154231663,-0.044536979391135684,0.038898555068275456,0.015691286903666196,0.020300614817926325,0.20227002342680503,8.940593276118804,0.03238943113400819,3.962344347144498,0.059383889948986995,0.1541628975098886
0.1111111111111111,0.1111111111111111,0.1111111111111111,1.0,0.8888888888888888,0.1111111111111111,0.20605083065587887,1.9420551484263449,0.10750390774160062,-0.20794625421351123,3.031895465971521,-0.09305775275948688,0.019750186815196805,2.003663468002004,-0.12162494815241738,0.14862941769911064,0.01343479616141535,0.08130878228305304,7.915461284157452
0.5555555555555556,0.2222222222222222,0.5555555555555556,0.4444444444444444,0.4444444444444444,0.2222222222222222,-0.03182540990689995,-0.0555052267464444,-0.27123928688330856,6.89423145602171,-0.16917239717178478,0.031772768207013254,1.0608699241609103,-0.06631073036949464,0.02089983291400173,4.123961324585496,0.044437769844130816,-0.0002682253635578886,3.0150344420630404
0.1111111111111111,0.7777777777777777,0.5555555555555556,0.2222222222222222,0.4444444444444444,0.7777777777777777,0.11296623272668099,0.046901103340949414,0.19634402063377818,0.05838802403042925,-0.08862549421643828,2.909690896779958,7.109318324486877,-0.07089965141638463,-0.007529510825586097,0.05597570354419669,1.8615276676762704,3.1299607992466565,0.01425365923632279
0.3333333333333333,0.1111111111111111,0.5555555555555556,0.0,0.4444444444444444,0.7777777777777777,3.901038475924773,-0.0622598618827684,0.8491213278252434,-0.12617883296466592,2.892863561858586,0.03233024337453169,-0.021203445124724704,0.007475695722188852,0.10913718172711973,7.05202960243008,-0.01173660819998477,0.12759047558759418,-0.05815573140102336
0.7777777777777777,0.8888888888888888,0.4444444444444444,0.3333333333333333,0.2222222222222222,0.8888888888888888,1.8625202487344756,-0.07618209517770314,-0.030429661489706872,6.938703796587058,2.9239351476376734,-0.012883172669304025,0.1286907599494955,-0.16637230730564112,-0.02762743419424654,2.877925130106351,0.1335288825891671,-0.17144788868434224,0.07476886931275228
0.8888888888888888,0.3333333333333333,1.0,0.0,0.2222222222222222,0.5555555555555556,1.9055467604604128,-0.23144345193980675,0.08234339630970862,-0.020439661389597734,9.152672006069954,0.1773560434565331,0.02344512635982188,0.018852990605521425,0.1141043128919944,0.0262549699053885,0.9342131970950187,0.04611603879183254,2.9307956931604493
0.3333333333333333,0.5555555555555556,0.3333333333333333,1.0,0.2222222222222222,0.4444444444444444,0.031239357150678854,-0.23798398870467852,-0.10329331084294449,5.939691140242686,0.06596492499177584,0.08092834882205749,2.1275766442052024,-0.06019535512504534,0.07074164319331877,2.910096739090505,0.01862612305071956,-0.05897446004133844,3.839456878028263
0.8888888888888888,0.8888888888888888,0.7777777777777777,0.7777777777777777,0.2222222222222222,1.0,1.018210970388456,-0.06008403815294899,1.9102911467543575,0.12667398876869077,0.08343621287041149,8.941930484319599,0.05528648816398921,3.13325641022573,0.09512918773589814,-0.1546046073860893,0.07565919404348843,-0.15185417297797385,-0.13210337634790573
0.4444444444444444,0.6666666666666666,0.6666666666666666,0.3333333333333333,0.8888888888888888,0.6666666666666666,3.0046008140772624,-0.17259967000783047,-0.04132265427024856,-0.03235424611484366,-0.08581545323306186,-0.044341952136863025,0.13725471214803098,3.929999252179532,-0.305322722457911,-0.11043837016335341,-0.06390408958582348,4.076503339717812,3.886214284693229
0.2222222222222222,0.7777777777777777,0.6666666666666666,0.0,0.6666666666666666,1.0,0.014231812708312565,-0.005245781677617123,2.1114948547407986,6.937301935400276,0.04048266834951387,-0.024611234587052028,0.03988524999730667,-0.12408599930192488,3.8779811550600525,0.1259240118402993,-0.18494288504871748,-0.033790337113193555,1.921931571753727
0.6666666666666666,0.6666666666666666,0.6666666666666666,0.4444444444444444,1.0,0.5555555555555556,0.19970186322034067,-0.02628691178562665,2.007665902692864,-0.1502831572444084,0.17117259444507327,2.0141429889489513,0.2458323681252657,0.17100425458597612,-0.05773264911818449,-0.05842045709893351,0.11228833098821248,7.915488485657144,2.894230970169483
0.7777777777777777,0.3333333333333333,0.2222222222222222,1.0,0.3333333333333333,0.6666666666666666,-0.04049669407191901,2.2156777513179455,0.11303005195116261,0.022099078026844386,2.007614126750652,0.08205716160261478,-0.04843685029226233,-0.040123900633994944,8.103781966617378,2.994256364821505,0.13368150298479464,-0.08030083188068504,-0.005906458979253367
0.1111111111111111,0.7777777777777777,0.6666666666666666,0.3333333333333333,0.8888888888888888,0.8888888888888888,-0.08822320334883954,0.11606506815077144,-0.01733420051727475,-0.2913077059950226,0.8926814511684323,3.1873283994672352,-0.028406678164298472,0.04948943052064225,-0.25425947602463633,7.946277912851259,0.17484424217229844,0.002948859333639342,3.0265656899748183
0.5555555555555556,0.8888888888888888,0.0,0.7777777777777777,0.2222222222222222,0.6666666666666666,0.842763711324855,0.063189471041442,-0.1964726354317946,-0.04242818480694386,1.0513223428863483,0.11227778403640667,4.888333088615958,7.9255953556333045,0.09296411517302876,0.02324023570137532,0.0024933786310082974,-0.02118298522821305,0.06985412851572827
0.8888888888888888,0.0,0.4444444444444444,0.8888888888888888,0.3333333333333333,0.3333333333333333,0.1769165729026237,-0.09411362120966987,-0.06468542466224603,0.13834478377893497,7.976394261145331,0.12189374921880103,4.136165470376109,1.005459916353044,0.15357252224859386,-0.04036336307110183,2.022656201172882,-0.0054960583725886915,0.05278353676793199
0.6666666666666666,0.4444444444444444,0.8888888888888888,0.8888888888888888,1.0,0.0,5.064609305329399,-0.004621635360569274,0.12725378501747076,0.09756854760125665,0.10027979584437959,-0.02731342630891176,-0.03458318559489258,0.044468503628759315,-0.027881848037068387,4.086124305487349,0.17136911268089666,3.9882936448464386,1.8383658191576069
0.0,0.6666666666666666,0.5555555555555556,0.6666666666666666,0.5555555555555556,0.8888888888888888,3.0747912373035375,0.09982297457003388,-0.19722141892060507,-0.03981056832083585,0.06889414934138624,1.9674459515074987,0.0370897380469681,0.05534725385255354,0.006429907628613439,-0.04822762966918098,6.907043742447507,2.843006309935461,0.05851228585870808
0.7777777777777777,0.2222222222222222,0.7777777777777777,0.2222222222222222,0.3333333333333333,0.5555555555555556,-0.028893729676192633,-0.021655923497589196,-0.08960959701388656,0.12006661567789878,0.003675813556225438,0.09315558372345863,0.1634569606025429,8.076254631445483,-0.0006108354990764966,-0.20302167030132182,0.9856797353641056,2.888882034503735,3.035202293871585
0.5555555555555556,0.3333333333333333,0.2222222222222222,0.1111111111111111,0.7777777777777777,1.0,-0.040051719841830855,6.003759185754811,3.2254048227123406,0.053514121266109826,-0.061276726014513595,-0.1330080995296501,0.10352781598089739,2.9799905385498624,2.9911377169703104,0.05169950259344717,-0.056391194722726926,0.1122406101275598,0.032981838153692065
0.7777777777777777,0.2222222222222222,0.7777777777777777,0.0,0.2222222222222222,0.2222222222222222,0.9072269435382876,4.128808247619311,0.05770953285765158,9.036408317085325,-0.022112625679197005,0.036576481220291876,0.09836486214580106,0.017111771573596713,-0.11129394129124524,-0.1767629258437815,0.9879688444381307,0.037121033754369696,0.0925601247551327
0.8888888888888888,0.7777777777777777,0.7777777777777777,0.8888888888888888,0.7777777777777777,0.0,-0.05484074014062249,3.971153150986657,5.909487770025074,0.111859069601139,-0.08395054099876686,-0.03395436313447108,0.05596112747335929,0.04064432486384863,4.933158335161232,-0.172518906476287,0.06382186167151659,-0.10300113490446526,-0.02304296756791832
0.3333333333333333,0.0,0.4444444444444444,0.7777777777777777,0.0,1.0,2.0487007394839045,0.0675962980536921,0.10274273355679231,3.9839519053024497,-0.027968642606694558,-0.010245895136062754,3.0319831660413437,-0.15494866841028393,5.798588725569498,0.06429804300996422,0.005465113339482986,0.04948250737540186,0.003348041183126941
0.7777777777777777,0.6666666666666666,0.1111111111111111,0.7777777777777777,1.0,1.0,-0.02407634040177147,2.014858128518,7.087148529828537,-0.016954996806194157,0.08801393334182363,-0.04059509003370008,0.08313191674731965,-0.11550185296598113,1.9123746231980319,-0.10864817733204793,3.8050252659689208,0.06786143055300034,0.15655667641157345
0.7777777777777777,0.4444444444444444,0.4444444444444444,0.7777777777777777,0.6666666666666666,0.6666666666666666,1.1202733355250283,-0.03779295814464225,0.04793735002435744,0.1502574279220229,0.10053139535321767,3.1243598098323564,7.921479595246252,0.0025927864095466164,0.12376139441368071,-0.09114052589122958,-0.0403377925009778,-0.044028041262285794,3.0294242366078694
0.1111111111111111,1.0,0.4444444444444444,0.6666666666666666,0.0,0.3333333333333333,0.13847041539541657,1.072301835105134,-0.16924515114470862,-0.2160296994436367,0.13162963423718266,-0.11258298459033056,0.1780091934064977,0.23358155861233765,-0.004453276138396689,0.2567979008988311,0.18083451186779362,0.9731514824031473,12.924105385520924
0.0,1.0,0.1111111111111111,1.0,0.1111111111111111,0.0,-0.024665752256324974,2.985980605040731,-0.0507869882128741,0.060303048750181,2.850428362247229,0.029429285193174233,-0.2114902180627068,0.09278059640379832,8.13217777648887,1.0040372609808073,0.021608481319895012,-0.0070275126693470046,-0.08950627036530842
0.6666666666666666,0.2222222222222222,1.0,0.2222222222222222,0.6666666666666666,0.5555555555555556,-0.10863547855821487,4.168798561701813,3.07900923350694,0.04251979786343502,0.0759041102602202,0.027254325502471463,-0.1352411375477849,4.959152481416774,-0.0516892962035104,2.8843192786255725,-0.01626332559586718,0.023269263615580602,0.014925897509225081
0.1111111111111111,0.4444444444444444,0.2222222222222222,0.7777777777777777,0.8888888888888888,0.3333333333333333,0.023093566224880634,0.017151279334108187,7.228928116601748,-0.012743657049357133,0.01617146090187303,0.09480559124453608,-0.10922785540906775,3.02472423914485,0.1347317087437848,4.036060197139543,-0.13567256150801596,0.15933234193662338,1.0165449998415108
1.0,0.0,0.8888888888888888,0.3333333333333333,0.6666666666666666,0.7777777777777777,-0.014605824698565828,-0.13987875683304485,0.12028205217074064,3.1448166921707634,-0.02739893677943586,0.06948225034527801,-0.10739926004941952,3.9614951124880977,7.079924706896698,1.110294191458774,0.06766530344509622,0.04830798174695827,-0.04021752738203485
0.1111111111111111,0.8888888888888888,0.0,0.2222222222222222,1.0,1.0,4.993579461175926,-0.12161804362977549,0.08989772064507909,0.1535654584943118,2.8943599605170434,0.19454787314939853,1.9792029412718253,-0.08240763699534832,0.012299331635110503,-0.11660651302223556,-0.17059145715447133,0.04063823164807165,5.031515259558172
0.0,0.8888888888888888,0.4444444444444444,0.3333333333333333,0.8888888888888888,0.4444444444444444,0.1514532701195399,-0.13329226293348678,-0.05512816146189481,2.1242906782561817,0.14476175418917367,-0.01084440108691195,-0.06923905858786274,2.973233254231935,3.108137649611642,6.930819598082862,-0.1279333640928076,0.027792731648316273,-0.10911212178647033
0.1111111111111111,1.0,0.7777777777777777,0.7777777777777777,0.7777777777777777,0.3333333333333333,3.0140183798162883,0.1482514545571974,0.09564579199862547,-0.11774108553697385,-0.018686704326312104,-0.03843860833023867,0.08857215973239457,0.07305921418838414,-0.04998679173931478,7.956944967361668,3.920317176638883,-0.11481679619543804,0.07442957880796595
0.7777777777777777,0.2222222222222222,0.2222222222222222,0.2222222222222222,0.8888888888888888,0.5555555555555556,3.1310920260079795,0.04018949450800746,2.8892560094737765,0.05585746973199825,0.07125924257210833,0.06422471760377339,-0.08160504485449666,3.0164347436323906,-0.079060143166196,6.055596267524397,0.025266854111230464,-0.00403428169964613,0.0126584552175164
0.1111111111111111,0.6666666666666666,0.1111111111111111,0.5555555555555556,0.8888888888888888,0.2222222222222222,-0.09743582920269951,0.9482848883272126,0.0376224632391429,0.08403728806564148,0.0708476581598626,2.945547642066382,-0.09001886669155457,0.04961285144049902,5.8604151889480205,-0.1270463824431966,-0.04131694694980328,-0.15830692421697978,4.856318627336809
0.0,0.0,1.0,1.0,0.7777777777777777,0.3333333333333333,-0.019503860536451974,-0.11340634642535319,0.07926278096916238,5.125406578851908,-0.0760003246096162,-0.030659313157961367,0.12630949205946124,4.777038845949947,0.0989181151158276,-0.2005875065655383,0.009027959260863744,5.13508542846884,-0.15024935144401735
0.5555555555555556,0.4444444444444444,0.1111111111111111,0.6666666666666666,0.6666666666666666,0.4444444444444444,-0.036207257655470414,-0.12892291276940504,0.0857945996626526,0.12252312468829832,-0.0368227595059344,2.025790764830005,0.14032743851175758,-0.021477866645219917,3.040930751714782,2.96188451017894,6.954054832202003,-0.031523496525603996,-0.13303959946926192
0.5555555555555556,0.0,0.6666666666666666,0.1111111111111111,0.5555555555555556,0.3333333333333333,-0.004747197977692037,-0.1376016601222982,3.9222311079303376,3.03677163081405,1.8605429149078334,-0.09298739428225955,0.05160235931235366,0.015868892482550974,5.900144229078363,0.07380215597678913,0.060848728027480425,0.06328270677398028,0.08631918803321903
1.0,0.0,0.4444444444444444,1.0,0.2222222222222222,1.0,0.17194014583211972,8.027031627522991,-0.14975824716611072,0.027982404536072737,-0.04772409235913415,0.09807201209802825,0.04965181588688453,0.8889249667227506,0.0023482792487632027,0.04843304571840665,0.056474609619093265,1.947110287663826,3.9591661556481745
0.2222222222222222,0.3333333333333333,0.2222222222222222,0.4444444444444444,0.5555555555555556,0.6666666666666666,0.07916684899793285,2.9970443575274426,2.9759359473665086,0.05434731051110181,9.030457892934653,-0.07168593131673288,-0.08410630370186815,-0.04144740434577762,-0.04466853255547243,-0.01835771860006943,0.0522606624756361,0.1711536550032214,0.027913534529571706
0.6666666666666666,0.6666666666666666,0.5555555555555556,0.4444444444444444,0.3333333333333333,0.0,0.20873459261845306,0.024608865967817264,-0.09412947741246691,-0.07477868373702211,0.06603074155264264,-0.0017781884555820233,0.8889099914954259,5.097400994777452,0.1120074393355298,-0.11753319016086541,0.9736375768006235,-0.13254776055121006,8.04705546402448
0.5555555555555556,0.5555555555555556,0.3333333333333333,0.6666666666666666,0.4444444444444444,0.0,0.08332161682302448,-0.01903223743321957,2.127075198446063,6.125449355361445,0.1346987794053884,-0.009265734460999937,-0.04155350283837009,3.8560451321991716,2.861098450730111,0.20506388956998267,0.014879092049718629,-0.017783070024177085,0.014385138728743727
0.1111111111111111,0.6666666666666666,0.7777777777777777,0.3333333333333333,0.1111111111111111,0.0,6.052743382898596,0.20437976002602856,4.030063264616352,0.06613095859117328,0.14237190350994938,0.05497967840548872,0.028307346456857247,-0.07030205877898692,-0.05404612294687855,0.0563382673355901,-0.02712516095332647,3.0472766594442713,2.049495442456081
1.0,0.0,0.1111111111111111,0.1111111111111111,1.0,0.1111111111111111,0.022601589312140718,0.08595997207340167,-0.054554024996749106,9.045031330697888,1.8907652451601553,-0.0972993204504599,0.04226639831080785,0.21094754267006444,-0.03943271041762686,-0.0032671258183584644,-0.07642209953439327,2.0754099571095783,1.9492990858746513
0.7777777777777777,0.3333333333333333,0.6666666666666666,0.0,0.5555555555555556,0.7777777777777777,-0.00960797627199708,-0.05473308242623418,-0.04696193992215614,0.037127323926054404,6.027744543805795,0.14491719373460307,-0.03206345549829116,5.808932140526846,-0.07402819994736916,0.04265219766829709,-0.16935851797718948,-0.1514527218457413,2.894796153770184
0.2222222222222222,0.1111111111111111,0.4444444444444444,0.7777777777777777,0.2222222222222222,0.2222222222222222,1.8113028246769132,-0.07732751119696699,5.904083800666005,-0.1776398326785894,1.9881186966473023,0.011508663448153378,-0.014159119995892689,0.11989620933202157,0.12674205353391468,4.8274642287098635,0.21719988050682476,0.023037509151794762,0.14959087560960946
0.1111111111111111,0.0,1.0,0.0,0.7777777777777777,0.6666666666666666,8.153949635517291,-0.07673114210881422,0.8865435132216168,-0.0667770304112276,-0.09472299689429786,-0.11352513594604854,-0.0786372456303776,5.2089543313048985,-0.012551496895932025,-0.12364759962544894,0.9699395968787182,0.2158724436734837,-0.15324057229112908
0.7777777777777777,1.0,0.7777777777777777,1.0,0.0,1.0,0.02762276034248741,-0.10984523948032021,-0.021554508381963045,2.04148665157585,0.09645713939296689,9.077182411085134,0.06746362112516872,-0.0836453811328517,0.09704398859591812,0.0890633741970029,4.114785267210052,0.09562760381641067,0.11008574600522647
0.3333333333333333,1.0,0.4444444444444444,0.4444444444444444,0.4444444444444444,0.8888888888888888,0.08264515692551015,0.011218282237477102,0.07805972014592803,0.11080964910013442,0.02558087015648748,0.0284415757758845,0.23906723465880125,-0.09357181316419835,2.985526069490083,3.0970795041325467,2.2463151042762037,0.11385870428631269,6.93853725224026
0.8888888888888888,0.1111111111111111,0.5555555555555556,0.1111111111111111,0.4444444444444444,0.5555555555555556,-0.05950343077014001,0.12334605940510764,-0.050256475859011385,4.070924447242834,-0.05015678524335766,0.9143546567936429,-0.16746466507708346,-0.004492968883780025,0.05436130641768061,-0.09502187621599845,-0.21442607355413618,1.9057556458256935,7.986416377357391
0.0,0.3333333333333333,0.5555555555555556,1.0,0.1111111111111111,0.0,5.867857455764295,0.08719237433164853,0.019258295621057492,-0.12110804975389344,-0.07581831216339914,0.042404832555463616,2.1070695516128004,-0.1183384555026388,0.12093818144466273,-0.0559873869958579,3.9642943977122567,0.162834272854323,3.153440841736215
0.3333333333333333,0.5555555555555556,0.2222222222222222,0.3333333333333333,0.5555555555555556,0.2222222222222222,-0.1731823786462121,-0.12488633947537378,5.774863296729095,0.05688067017655786,3.089957084003339,2.0968635872724617,-0.020607466040394425,0.031289984321941446,0.12774476227285145,0.24784390793996403,-0.12531266246964987,-0.03262532885482377,3.9004091330959074
0.5555555555555556,0.6666666666666666,0.8888888888888888,0.3333333333333333,0.0,0.1111111111111111,1.0229305732547915,0.07290222876163392,-0.0953392593841912,-0.017587552796824356,5.038625819978425,0.9060047132543791,0.04935060064078012,-0.05161167486307988,7.975473435702701,-0.030364381963255138,-0.19608793213598286,-0.09854040826495325,-0.02334793709779347
0.8888888888888888,0.5555555555555556,0.3333333333333333,0.7777777777777777,0.7777777777777777,1.0,0.04311313105016164,2.9598272391084364,0.06631427984355964,3.0996542052194567,2.9564470738797337,-0.1109371000866253,5.988130749809672,0.16265661690703026,0.06270821072915889,-0.014555895389703375,-0.14120921961664812,0.004063757990779394,-0.04801644231177473
0.3333333333333333,0.1111111111111111,0.3333333333333333,0.5555555555555556,0.1111111111111111,0.7777777777777777,-0.14283424262032254,2.0643796074684486,0.15948207252921084,8.00550795282854,0.0847988272002139,0.17267682685829766,-0.17953396237845862,0.017690338129527725,0.07096945625461125,5.229183688846166,0.11730914918316537,0.10767944451784062,-0.0436513801495736
0.1111111111111111,1.0,0.2222222222222222,0.7777777777777777,0.3333333333333333,0.1111111111111111,2.063206871790354,1.9815635555363795,-0.15440263225205778,8.888174005344,0.10885485730856702,0.06098599710850949,-0.05726532118079325,-0.07083424299124924,-0.0054321651257545865,-0.19494150236440244,0.04728029761735706,1.9370366826900827,-0.03202398902897914
0.7777777777777777,0.1111111111111111,0.0,0.3333333333333333,0.8888888888888888,1.0,-0.06149652587130925,2.9743825865107127,0.02696681989850466,8.035274567659972,0.14312198864067602,-0.2873056887578058,-0.016396098705785827,2.858958426437231,0.058544262319329854,0.014899222101251075,0.8954001756074842,-0.10027985215886809,0.09549632055749822
1.0,0.7777777777777777,0.1111111111111111,0.3333333333333333,0.1111111111111111,0.7777777777777777,5.066345380185622,0.056030471348904,1.9555328597172819,0.1759589377859686,0.22202631590194677,-0.1093665483794283,0.03573274769606285,-0.03403638635629174,0.015192573895620821,-0.0658698401535406,0.122761283607919,4.027297925985993,4.031108694235448
1.0,0.1111111111111111,0.6666666666666666,0.5555555555555556,0.3333333333333333,1.0,3.1157040790030974,-0.0398983112471623,0.8929247524139774,0.06801210904951864,-0.02071849080235912,0.22098300885895852,0.05710583032345704,4.039270672986521,-0.008537177100658036,7.016906358657298,-0.0754719821438521,-0.1565783350580715,0.00020306621779857538
0.6666666666666666,0.8888888888888888,0.4444444444444444,0.7777777777777777,0.6666666666666666,0.5555555555555556,0.8703888540820185,0.9622413450995986,3.0236672533858227,-0.11654188703801967,-0.35394871598848393,0.18988656044508345,-0.09223380486572902,9.951162633087835,-0.0023049292288807727,-0.03108412620883352,0.007812656297477268,-0.17058572048432707,-0.07731567184075372
0.3333333333333333,1.0,0.6666666666666666,0.1111111111111111,0.1111111111111111,0.5555555555555556,5.017042547978063,0.01901010942640244,-0.07465592203000963,-0.06714659776438439,2.0586506447909,-0.02151774350949158,0.11613652960638321,-0.17516592359724295,-0.044927114327735634,0.07569469073934137,4.051961394980671,3.876695353600743,0.04571967306833283
0.1111111111111111,0.1111111111111111,0.1111111111111111,0.3333333333333333,0.3333333333333333,0.2222222222222222,1.93896957865945,-0.02447431297067988,5.047591949373072,0.10243410748034519,0.03027585799326576,-0.05333938954226697,0.13268823985992312,-0.06445801383958709,6.950631209962463,0.02852596828765915,-0.048196934147728965,0.8116878399230355,0.007401193354217017
0.6666666666666666,0.8888888888888888,1.0,0.7777777777777777,1.0,0.1111111111111111,-0.10097121637992681,-0.14260253149639082,0.12727340747499485,-0.21931482092910692,0.13635227751642642,0.15038612948048605,0.09559689925785805,-0.020057785672481475,0.00584704663983001,8.96070873335571,0.06674255813744755,6.082642803357896,-0.15404634190872885
0.4444444444444444,0.3333333333333333,0.0,0.5555555555555556,0.3333333333333333,0.8888888888888888,1.1055559750267907,0.08075104460999075,-0.06012028794175948,0.01904503548072438,0.07453691627676096,7.838799658707649,0.030045096429779934,0.18919200105147665,0.08889496007829634,-0.1553375669685647,5.038114523941846,1.0701184613104224,0.024489117800619863
0.4444444444444444,0.2222222222222222,0.8888888888888888,0.1111111111111111,0.2222222222222222,0.2222222222222222,0.029583816632285726,-0.11535496995656132,2.8789857070037974,6.903881699224504,0.012566707619703466,0.08841814451158363,0.127173163768847,0.09212022278840294,-0.26718680418836677,3.1846413801195075,2.034052895562194,-0.044682606442209116,-0.12697953644672327
0.3333333333333333,0.1111111111111111,0.5555555555555556,0.8888888888888888,0.6666666666666666,1.0,1.9867838849398323,0.11804337774569362,0.21945806381500954,2.095656904887659,-0.22035426933576138,0.07949930632612556,0.12075385487066813,3.957443638442551,-0.1728005380917394,0.005607333302185586,6.926354974578466,-0.13420611169529947,0.07230061351533976
0.7777777777777777,0.2222222222222222,0.7777777777777777,0.3333333333333333,0.1111111111111111,0.0,0.026500183622182278,0.12700794834689708,3.929287866774259,0.004636709732543587,-0.034881182310114445,-0.04485425635225715,0.052952676424805604,5.952238820813921,2.9330994790654494,0.006202195584054416,-0.059606812187127926,-0.0515461281481594,2.0865751451046854
1.0,0.7777777777777777,0.5555555555555556,0.6666666666666666,0.7777777777777777,0.3333333333333333,3.071443105168146,3.0391801609164717,-0.03876547805071238,-0.11215722880130308,0.15258465122217857,-0.029226479618222247,-0.013513924870130232,-0.07965862443421978,0.17939141466125846,-0.11395698505539578,5.786891962715039,-0.04313252210614742,3.000199336036687
0.3333333333333333,0.3333333333333333,0.1111111111111111,0.4444444444444444,0.5555555555555556,0.2222222222222222,0.12095705104076433,2.7545427025710265,6.10947999267619,-0.06390665582103815,-0.0459209828204408,3.045374208708387,-0.28087702522208485,0.028525257100450136,-0.032706698209997866,0.1631605076300784,-0.1310742327400807,-0.005261476738654437,3.000381802233345
0.3333333333333333,0.2222222222222222,0.6666666666666666,0.3333333333333333,0.6666666666666666,0.6666666666666666,-0.05187694794025166,-0.15440621132314247,-0.055494953488482296,-0.018600539024708387,0.0652329845683296,0.018883519907886365,0.025183893811895855,-0.06788045561830373,6.165451960039106,2.888211012526707,-0.0669047237755133,3.068324761940339,3.003740727440165
0.8888888888888888,0.2222222222222222,0.7777777777777777,0.6666666666666666,0.1111111111111111,0.5555555555555556,-0.01125571386726852,3.0257789559585757,0.050661645192060824,0.1002836779647835,0.04284140271318077,-0.2813879532957612,7.092691967385023,0.22874031091301467,0.1572691840206109,2.0284427670248593,2.960944146399255,0.052262224700252186,0.0051467026367293285
0.5555555555555556,0.2222222222222222,0.8888888888888888,0.5555555555555556,0.1111111111111111,0.2222222222222222,-0.09529402292139455,6.0346689511372364,0.0430704255274122,0.08761683922717267,4.1143471313142745,0.09189771030166655,1.0342547757996194,0.037707228386895886,3.913942526745157,0.1174635504089655,-0.025612085728998174,0.05268824677623815,-0.043463246783842745
0.3333333333333333,0.1111111111111111,0.6666666666666666,0.1111111111111111,0.2222222222222222,0.2222222222222222,-0.14766739914016558,-0.020842208157758134,6.091303218689439,-0.013161945089955033,2.1836599969476573,0.11257870668780455,0.032275249968070116,0.007936876028100252,0.02591112880556683,4.104206121374387,3.1243591178830044,0.12590509739700162,0.06746764393350015
0.0,0.4444444444444444,0.7777777777777777,0.0,0.0,1.0,3.9605779624664628,3.076736625144699,0.025947244355182825,-0.05465634631351506,-0.13712543807488095,0.1456943858104058,1.1698441770045356,-0.03575621240610132,6.8553427805386065,0.053676947493102624,-0.04965330975312155,-0.08147893553157164,0.005602976919103003
0.4444444444444444,0.3333333333333333,0.1111111111111111,0.6666666666666666,0.1111111111111111,0.8888888888888888,-0.00343292692931689,0.09377436390094047,1.0557129937912595,-0.052808899912299714,0.10782275314429841,3.9408444497451693,3.911898528629978,5.989430631071477,0.02816210943050128,0.17420551868319523,-0.05119713386691008,0.13196384966730132,-0.009976054312489633
0.3333333333333333,0.1111111111111111,0.3333333333333333,0.8888888888888888,0.6666666666666666,0.5555555555555556,1.976323531745177,0.13550228647893584,-0.09563753345090731,3.016648520587101,0.029920344046238043,0.2717076537963655,3.0301224288718576,-0.11926154706805903,7.034643876592326,-0.181553543376541,0.1142333405560798,-0.07555933838579579,-0.011134538554008859
0.0,0.6666666666666666,0.5555555555555556,0.6666666666666666,0.1111111111111111,0.2222222222222222,0.07783790857415851,-0.12876269515092703,-0.023290820780388938,11.134108092090258,0.09749230160222978,-0.12853843383643826,0.17597835798225572,-0.048061265287603454,-0.056874044374815205,0.0736031274473754,-0.1574214456657137,3.8497767132258276,0.05090746707363574
0.1111111111111111,0.4444444444444444,0.0,0.5555555555555556,0.2222222222222222,0.3333333333333333,0.00023369578545320838,0.02146467367952791,-0.030950483830380134,0.06427787004569871,0.10864853444776593,-0.033109916440397756,-0.07752416140982807,-0.07606219046753407,7.095990517784129,3.0586039533890177,0.13039493726086615,1.13484919580831,4.060077650099434
0.2222222222222222,1.0,0.6666666666666666,0.3333333333333333,0.8888888888888888,1.0,1.886028164835732,0.049915828247765526,0.16166613576757277,-0.06297712444296721,0.2197115070496558,2.0771595811071992,-0.0006673564280166764,-0.14664523226406764,0.01027327460554734,7.000517251009269,0.04670283397441238,0.12903127816873255,3.982587922781921
0.5555555555555556,0.3333333333333333,1.0,0.1111111111111111,0.8888888888888888,0.1111111111111111,-0.12639742602708479,0.21641607029916657,0.07781591322886067,-0.12319266642527034,5.763523970224762,1.0290667565328142,0.05367307592076218,0.13786635450662887,-0.09656069746407124,4.915639148194391,-0.0838374876618005,0.1046994477216958,2.9150285169763914
0.4444444444444444,0.3333333333333333,0.0,1.0,0.2222222222222222,0.0,-0.06049794045142353,-0.14650686671842142,7.045347008251232,0.013757314444917654,-0.05072305582645742,0.04595009187131006,0.010875098310460768,-0.0634333439483477,3.017088865053975,3.1029592465919027,0.1128602166101379,0.0932211804625274,2.078045268107599
0.2222222222222222,0.0,0.4444444444444444,0.6666666666666666,0.3333333333333333,0.8888888888888888,-0.05053340624483726,0.014871604216236303,2.140491206984521,-0.0592008208999249,4.0460641782806555,-0.029924439747740533,7.05645188795127,1.9869168136726316,-0.13296904734665946,-0.009246101819146193,-0.15053433134482785,0.0018745915740015205,0.17329648681459972
0.4444444444444444,0.0,0.8888888888888888,1.0,0.5555555555555556,1.0,3.218911460259113,0.004112491934895752,8.10825047238891,-0.03489341044695685,-0.015144093836363346,0.12022228807523593,0.1275345781569954,-0.035168500696724635,-0.11693946632807627,2.087590408942619,0.008982158872879167,1.7744983988524432,-0.08842682994671303
0.5555555555555556,0.3333333333333333,0.7777777777777777,0.6666666666666666,0.5555555555555556,0.8888888888888888,0.1522436023827814,6.015672316793477,-0.019305996912008246,-0.011961913089160876,-0.021939765794609014,3.173316500979693,3.02201849385827,-0.08401459923519093,0.07202003354771823,3.030080352800684,0.04974818841975476,-0.021247294957346063,-0.12620297540709588
0.7777777777777777,0.5555555555555556,0.2222222222222222,0.0,1.0,0.7777777777777777,7.880256028999266,6.010900133626962,0.9248913061226043,-0.012777183950770422,-0.052954233191751035,-0.12748510644239666,0.10773755443938285,-0.03510340497559173,0.176237914225427,0.1209608771770389,-0.15933717688424817,-0.05360456569035839,0.03961552907347218
0.7777777777777777,0.1111111111111111,0.4444444444444444,0.0,0.6666666666666666,0.6666666666666666,-0.027185803217156364,7.147424418107775,0.0556094774996347,0.02704988352783464,0.022638146118598393,0.04213206742054554,-0.07033467205504006,0.08723188114387952,-0.014716274880320094,4.06754378843819,0.1421701123128847,3.9659280321866244,-0.016532828214710055
0.1111111111111111,0.7777777777777777,0.3333333333333333,0.0,0.2222222222222222,0.8888888888888888,-0.1495798252855275,0.03466900130659098,0.9700908911446413,-0.09365639976171514,0.06314039225325069,0.08435066295708564,5.919332212260108,3.139333206832983,0.015107904887525784,5.0454744470621256,0.2220539314172069,-0.27504727875955765,0.027738119200732526
0.5555555555555556,0.3333333333333333,0.6666666666666666,0.0,0.3333333333333333,0.1111111111111111,0.061382745668915044,0.08224960094709709,0.05014249825867472,-0.05771484349946814,2.919571997535084,0.06266136714561107,3.016087508031116,-0.0818807740964324,0.1233223637193987,8.905481133178098,-0.013438228965570962,0.0865794241328503,-0.0007869367956536951
0.3333333333333333,0.0,0.4444444444444444,0.8888888888888888,0.0,0.7777777777777777,-0.05933588412598707,0.055853641032686224,-0.02581901251278882,-0.026601125144497535,-0.2038292764937665,-0.025781928589486355,0.08609247953298813,5.951160541546572,0.1194715565894548,3.0544712411634447,0.03715475455795975,1.9942316574886318,3.9478543682265537
0.8888888888888888,0.7777777777777777,0.8888888888888888,1.0,1.0,0.6666666666666666,6.192387547504848,0.1605035392954429,-0.01627357973785845,2.8681488681406475,-0.009141714161244159,0.03740102039496531,3.0922431334402747,3.0675898221419575,0.04615509553485388,-0.176324357232314,0.024727279739449975,0.10671926603924207,-0.06951998819311467
1.0,0.0,0.4444444444444444,0.2222222222222222,1.0,0.4444444444444444,7.005450563836022,-0.08151016241264904,0.06841568177082369,-0.04492728283915984,0.1790604136103557,-0.12984033472829434,3.9057516545781756,1.9335907622000117,0.05750419415271002,2.1035065167899383,-0.027871308349248742,-0.1388382317327779,-0.09152045122376797
0.0,0.6666666666666666,0.4444444444444444,0.0,0.7777777777777777,0.8888888888888888,4.102902455583404,3.2407434156400834,0.8748173816072959,-0.1242753887113099,-0.0977635474100709,0.08195337763845825,0.04903320516594519,0.10786586372083394,-0.04170296662843803,6.9644316351187125,-0.0264282182268417,-0.10039566205583242,-0.10722151376582192
1.0,0.7777777777777777,0.4444444444444444,0.7777777777777777,0.8888888888888888,0.0,0.009392039314842233,2.8737094793174762,-0.09318767660278776,-0.1332991858157842,4.090429674560806,-0.2504397021276396,2.1498116821689637,0.030805173698527217,-0.014197759323160789,-0.0360577171808427,0.07768289102503997,5.977348279616993,-0.2743729184569696
0.4444444444444444,0.8888888888888888,0.3333333333333333,0.0,0.5555555555555556,0.7777777777777777,2.1023334039927764,0.004965316595044339,0.022202413184821742,3.1075857740759854,0.09842137666428594,-0.021543278983737313,6.9103048698810134,2.945839932363468,0.12052330258410744,0.06391361182208696,-0.03965296509082449,-0.0975488204299553,-0.1540278254508235
0.7777777777777777,0.3333333333333333,0.7777777777777777,0.2222222222222222,0.3333333333333333,0.6666666666666666,-0.04309695141268528,0.05529794023974242,1.9757705272802277,-0.1302784170979159,0.07949952436489427,-0.024088667583778135,4.79550834628863,0.09797870933832607,8.05953248912731,-0.07382963650854785,-0.043334232152831303,-0.14237800384485033,-0.09683988869957026
0.5555555555555556,0.0,0.2222222222222222,0.3333333333333333,1.0,0.7777777777777777,-0.12274991533179458,0.06941682093114201,-0.028053732436006153,-0.030638594652651997,0.007533248152685092,5.7780870731116565,-0.06822907565657502,0.13787390718994033,-0.014531324992679515,3.095030734176193,2.996450010807485,-0.11342330685993585,2.9009335031063217
0.4444444444444444,0.4444444444444444,1.0,0.3333333333333333,0.5555555555555556,0.4444444444444444,-0.06423988727316683,-0.020600980050692965,2.0029500996938525,-0.011865013092526806,0.03821550658592941,0.15418745479684687,0.09101278670213228,6.042023847013869,3.896292839842957,2.9972870180318862,-0.016407236330047877,0.05157817593718649,0.07710712663802845
0.6666666666666666,0.2222222222222222,0.4444444444444444,0.2222222222222222,0.5555555555555556,0.8888888888888888,0.06288831806940753,0.06534147016175394,1.960014137637627,3.0768877073123413,-0.032868746532424935,-0.1693908549407741,0.001163406227653876,7.017640425069288,-0.023173881053416875,3.1033402015283897,0.11022432756577932,-0.2165518052082344,0.05889057592435876
0.5555555555555556,0.8888888888888888,0.7777777777777777,0.2222222222222222,1.0,0.6666666666666666,2.971650526757889,-0.2141364982051598,-0.054972807819162466,3.8672733031870576,-0.10878660569930881,0.1156242380902723,-0.1304284917805315,0.03540015900018105,6.979207640981709,0.14172374299999987,0.9566712081190647,0.06409791961232456,-0.028951625963565743
0.4444444444444444,0.1111111111111111,0.7777777777777777,1.0,0.0,0.2222222222222222,0.06229907784655273,-0.02875586875721512,0.10976393490771773,-0.08332137906518902,2.8759306762620827,2.9343330864221597,-0.052469644739039506,0.09005215957507877,0.2605239711696154,-0.08574974988768738,0.16324369868139954,3.104256504919364,5.70452215981226
0.8888888888888888,0.0,0.8888888888888888,0.7777777777777777,1.0,0.8888888888888888,4.11291561405132,5.764597496714934,-0.05103630784605563,0.026701668936166496,4.127009750844238,-0.006034461213586124,-0.05148659791529168,1.0167764081159252,-0.06314982386569087,0.07296628914762414,0.13089442549861086,-0.18519262537335968,-0.03808498197541682
0.2222222222222222,0.8888888888888888,1.0,0.5555555555555556,0.5555555555555556,0.4444444444444444,-0.10218005692191107,1.0799302957685795,1.825259247831676,-0.033084188512860144,0.08340319970991882,0.05983987657439693,0.054105315619383136,-0.06970136437936121,-0.02338474355005668,-0.027117429016554007,0.13941727923204036,4.056976110396393,7.966042120107366
0.1111111111111111,0.2222222222222222,0.2222222222222222,0.6666666666666666,0.4444444444444444,0.2222222222222222,7.968178763099671,0.0173862799796967,5.211782633068791,0.10834326020177215,-0.24749447431844127,0.04366525558762499,0.12618678482924636,0.020594116341906766,0.13236351070909852,-0.053641266167678926,0.11498233321653709,1.0789196159305159,0.9755127444826392
0.2222222222222222,0.5555555555555556,0.2222222222222222,0.2222222222222222,0.0,0.6666666666666666,-0.011794397251883085,0.030457855663875218,0.1852781590481943,0.07232673478127116,-0.07223930997737753,-0.04045934800119508,3.9496158996050874,5.966044896649393,-0.04463463687213816,0.1584529306969612,2.8862043440732403,1.9649582421387533,-0.03477835166871509
0.6666666666666666,0.6666666666666666,1.0,0.8888888888888888,0.0,0.8888888888888888,-0.13766382840764485,7.201101834362008,-0.14061314920804543,-0.10402388961198612,3.031406908864506,-0.15331931505615864,-0.04214200056744699,0.09671905219777337,3.0156432716624026,-0.08195013171300312,2.118939180410121,0.05870801427466216,0.07165909407821298
0.8888888888888888,0.1111111111111111,0.8888888888888888,0.6666666666666666,0.0,0.7777777777777777,-0.12109408885169604,7.023190537209269,0.05663959732586345,0.8664473677068163,5.19197785617359,-0.016507727142784378,0.01621086854571671,-0.0037655603620466906,0.026358502705407457,2.0728947444123285,-0.18687827475735283,-0.054229943253181145,-0.04637894545506486
1.0,0.0,0.3333333333333333,0.7777777777777777,0.4444444444444444,0.0,3.9942201519838365,-0.11887854346223843,0.21239061955538727,0.10781331298396293,0.04950482332528988,2.052626621778484,3.0960218748549186,-0.09190612757724982,5.918089460848986,0.1719562599854252,0.07629640186518308,0.08099479263952558,-0.057801727531159856
0.8888888888888888,0.6666666666666666,0.2222222222222222,1.0,0.8888888888888888,0.5555555555555556,2.8487436961007644,1.0069271036972367,0.059524102105426246,0.14267749226986956,0.19905966684452706,3.8954090741934406,-0.08226428577085883,6.9777126424462015,-0.0562718734520274,-0.004773415613348963,0.0030245635968096365,0.021478162698597442,-0.07068127020365464
1.0,0.6666666666666666,0.4444444444444444,0.5555555555555556,0.8888888888888888,0.7777777777777777,1.8718876638963973,-0.009591350284663428,0.23492155964170994,3.953262872575087,0.03228651394959908,0.105810415686656,7.177899014327087,-0.06413630473933657,1.9463358310851517,0.23146299322933675,0.12182231307832483,0.03502580603378631,-0.09029808614129559
0.1111111111111111,0.4444444444444444,0.2222222222222222,0.7777777777777777,0.4444444444444444,0.1111111111111111,-0.035128947084842425,1.100544226805192,2.891061910207668,-0.03945071149059755,-0.09360163361923757,-0.18330335326857114,-0.06306835146587816,3.110829448605846,8.099420735074574,0.04854215389558137,-0.11184212727254424,0.046807693164348664,0.13024214291432676
0.1111111111111111,0.2222222222222222,0.4444444444444444,0.8888888888888888,0.7777777777777777,0.5555555555555556,0.025950202013456714,-0.05038384958821229,0.07467166952380193,0.036630584704536194,3.078057408105949,-0.005248952858268009,2.9536956128352867,-0.026192936622918064,0.0313213963322825,4.99913708474491,-0.0751769803897608,-0.136124278011368,3.9737090946581715
