X1,X2,X3,X4,X5,X6,y1,y2,y3,y4,y5,y6,y7,y8,y9,y10,y11,y12,y13
0.5555555555555556,0.0,0.3333333333333333,0.3333333333333333,0.7777777777777777,1.0,0.1764052345967664,0.040015720836722335,0.09787379841057392,0.2240893199201458,4.186755799014997,-0.0977277879876411,2.0950088417525587,-0.01513572082976979,-0.010321885179355785,0.04105985019383723,1.014404357116088,8.145427350696297,0.07610377251469935
0.3333333333333333,0.5555555555555556,0.2222222222222222,0.4444444444444444,0.7777777777777777,0.6666666666666666,0.012167501649282842,0.04438632327454257,3.0333674327374265,1.1494079073157606,7.97948417362342,3.03130677016509,-0.08540957393017248,-0.25529898158340786,0.06536185954403606,0.08644361988595058,-0.0742165020406442,0.22697546239876076,-0.1454365674598765
0.8888888888888888,0.8888888888888888,0.1111111111111111,0.6666666666666666,0.7777777777777777,0.7777777777777777,0.004575851730144607,7.981281614997417,0.15327792143584576,0.1469358769900285,0.015494742569691631,0.03781625196021736,0.9112214252369887,0.8019203531776073,-0.034791214932615264,0.015634896910398006,5.123029068072772,0.12023798487844113,-0.03873268174079523
0.8888888888888888,0.1111111111111111,0.5555555555555556,1.0,0.8888888888888888,1.0,-0.03023027505753356,-0.10485529650670927,2.8579982062821023,-0.17062701906250127,2.195077539523179,1.9490347818248346,-0.04380743016111864,-0.12527953600499261,0.07774903558319102,-0.16138978475579516,7.978725971978603,-0.08954665611936757,0.0386902497859262
0.4444444444444444,0.3333333333333333,0.0,0.3333333333333333,0.5555555555555556,0.0,-0.051080513756887304,7.881936781587759,-0.002818222833865487,0.04283318705304177,0.006651722238316789,1.0302471897739782,-0.06343220936809636,-0.03627411659871382,0.9327539552224049,-0.03595531615405413,-0.0813146282044454,4.827371739766832,0.017742614225375285
0.2222222222222222,0.3333333333333333,0.8888888888888888,0.1111111111111111,0.3333333333333333,0.3333333333333333,1.9598219063791738,-0.16301983469660447,3.0462782255525775,-0.09072983643832422,0.005194539579613896,3.0729090562177537,0.012898291075741067,0.11394006845433008,-0.12348258203536527,0.040234164117754906,-0.06848100909403132,-0.08707971491818818,6.942115033523558
0.3333333333333333,0.7777777777777777,0.0,0.1111111111111111,1.0,1.0,-0.031155253212737266,11.005616534222975,0.8834850159216643,0.09008264869541871,0.046566243973045984,-0.15362436862772239,0.14882521937955998,0.18958891760305832,0.11787795711596508,-0.01799248358123509,-0.10707526215105426,0.10544517269311367,2.959682305302682
0.0,0.4444444444444444,0.7777777777777777,0.3333333333333333,0.2222222222222222,0.7777777777777777,0.12224450703824274,8.020827497807685,3.097663903648371,0.03563663971744019,0.07065731681919482,0.001050002072082048,0.17858704939058354,0.012691209270361992,0.040198936344470165,2.1883150697056255,1.8652240938857554,-0.12704849984857336,0.09693967081580113
0.2222222222222222,0.0,0.0,0.4444444444444444,0.5555555555555556,0.5555555555555556,-0.117312340511416,0.19436211856492927,-0.041361898075974735,-0.07474548114407578,0.19229420264803848,0.14805147914344244,2.186755896042657,0.09060446582753853,4.91387743149453,0.19100649530990338,3.973199662904862,0.08024563957963952,4.094725196777375
0.6666666666666666,0.8888888888888888,0.4444444444444444,0.1111111111111111,0.4444444444444444,1.0,-0.01550100930908342,2.061407937034608,0.09222066715665268,0.03764255311556294,2.8900599209415807,0.029823817420605598,0.13263858966870304,-0.06945678597313655,6.985036545967233,-0.04351535517216375,3.1849263728479342,0.06722947570124355,0.040746183624111046
0.8888888888888888,0.1111111111111111,0.1111111111111111,0.7777777777777777,1.0,1.0,2.9230083925554684,0.05392491912918173,-0.06743326606573762,0.0031830558274351184,-0.0635846078378881,7.06764332949465,3.057659081661494,1.9791701244422004,0.03960067126616453,-0.10930615087305058,-0.14912575927056057,0.043939170126453694,0.016667349537252903
0.3333333333333333,0.6666666666666666,0.7777777777777777,0.2222222222222222,0.0,0.3333333333333333,0.06350314368921064,0.23831447748639423,0.09444794869904138,-0.09128222254441587,0.1117016288095853,6.868409258948848,-0.0461584604814709,-0.006824160532463124,0.17133427216493669,3.925524517795156,-0.08264385386590145,3.990154747557457,-0.06634782863621073
0.5555555555555556,1.0,0.4444444444444444,0.4444444444444444,0.6666666666666666,0.4444444444444444,0.1126635922106507,1.8920068491636577,0.8852531347588898,-0.04378200447444341,-0.04980324506923049,0.19295320538169858,0.09494208069257609,5.008755124138519,-0.1225435518830168,7.0844362976401545,-0.10002153473895647,-0.15447710967776118,0.11880297923523019
0.4444444444444444,0.3333333333333333,0.4444444444444444,0.4444444444444444,0.8888888888888888,0.4444444444444444,0.03169426119248497,3.0920858823780817,0.03187276529430212,0.08568306119026912,2.9348974406699853,-0.10342428417844647,5.068159451828163,3.919659033582616,-0.06895497777502006,-0.04555325035173432,0.001747915902505673,-0.035399391125348394,-0.13749512934180189
0.3333333333333333,0.7777777777777777,0.5555555555555556,0.5555555555555556,0.0,0.1111111111111111,-0.06436184028328905,-0.22234031522244269,1.0625231451027188,-0.16020576556067478,-0.11043833394284507,0.0052165079260974405,-0.07395629963913133,0.1543014595406736,4.8707143090276555,0.026705086934918295,0.9960717181772505,7.88319065022588,0.052327666053175376
0.5555555555555556,1.0,0.3333333333333333,0.0,0.5555555555555556,0.0,-0.017154633122224813,0.07717905512136675,1.0823504153963732,0.216323594928069,4.1336527949436395,-0.03691818379424436,-0.02393791775759264,0.10996595958871132,8.06552637307226,0.0640131526097592,1.8383043955689167,-0.0024326124398935636,-0.07380309092056887
0.1111111111111111,0.2222222222222222,0.4444444444444444,0.2222222222222222,0.0,0.3333333333333333,0.027992459904323825,3.990184961035704,2.091017890809259,7.03172182151913,2.0786327962108975,-0.04664190967359431,-0.09444462559182504,-0.04100496932025485,-0.0017020413861440595,0.037915173555508185,0.22593089506908523,-0.00422571516606427,-0.0955945000492777
0.2222222222222222,0.0,0.7777777777777777,0.5555555555555556,1.0,0.0,-0.034598177569938646,-0.04635959746460942,3.048148147377346,7.845920298555537,0.006326199420033172,2.0156506537965377,0.023218103620027578,-0.059731606896536275,-0.0237921729736007,-0.14240609089825315,-0.04933198833621941,-0.054286147601671775,2.0416050046261427
0.2222222222222222,0.7777777777777777,0.2222222222222222,1.0,0.2222222222222222,0.3333333333333333,1.8843817568178087,3.0781198101709992,0.14944845444913687,-0.20699850250135327,8.04262587307781,0.06769080350302456,-0.06374370255522291,-0.03972718143287977,-0.013288057758695564,-0.029779087940172835,-0.030901296904712224,-0.16760038063299768,2.115233156478312
0.3333333333333333,0.2222222222222222,0.3333333333333333,0.4444444444444444,0.1111111111111111,0.2222222222222222,3.107961859203682,-0.08133642592042029,-0.1466424327802514,0.05210648764527586,4.942421203018694,0.014195316332077969,-0.03193284171450952,0.06915387510701866,0.06947491436560059,2.9274402621536417,-0.13833639553950555,-0.1582938397335082,4.06103793791072
1.0,0.1111111111111111,0.4444444444444444,0.6666666666666666,0.8888888888888888,0.2222222222222222,2.881114074221597,6.949318364570131,-0.059631403845050814,-0.005256729626954629,2.8063720194153494,0.018877859679382856,0.052389102383420566,0.00884220870446614,1.9689113828301528,0.009740016626878342,0.039904634564013025,-0.277259275642665,0.19559123082506943
0.3333333333333333,0.0,0.0,0.6666666666666666,0.0,0.6666666666666666,0.03900933226879265,-0.065240858238702,-0.03909533751876011,8.049374177734919,-0.011610393903436654,-0.20306844677814945,0.20644928613593194,-0.011054065723247262,5.10201727117158,0.9307950152215609,1.1536377054245799,0.02863436888922796,0.06088438344754508
0.3333333333333333,0.3333333333333333,0.8888888888888888,0.8888888888888888,0.8888888888888888,0.2222222222222222,-0.10452533661469549,0.12111452896827009,0.06898181645347884,9.1301846229565,-0.0628087559641579,-0.048102711846078776,0.2303916697683942,-0.10600158227215473,1.9864050299321678,0.11368913626026954,2.0097724967714856,0.05829536797532936,1.9600550970737125
0.3333333333333333,0.2222222222222222,0.0,0.8888888888888888,0.8888888888888888,0.3333333333333333,0.037005588784751874,-0.13065268517353165,2.165813067961819,-0.011816404512856976,-0.06801782039968504,9.066638308203192,3.9539280212611447,-0.13342584714027536,-0.13467175057975553,0.06937731526901325,-0.01595734381462669,-0.013370155966843917,0.10777438059762628
0.8888888888888888,0.2222222222222222,0.8888888888888888,0.4444444444444444,0.3333333333333333,0.0,2.887317419124326,-0.07306777528648249,-0.03848798091812755,8.009435158931707,-0.004217145129057894,-0.028688719238990763,0.9938373597904353,-0.01073052762911747,-0.07196043885517929,2.9187007011445925,0.027451635772393953,-0.0890915082995528,-0.11573552591908537
0.4444444444444444,0.3333333333333333,0.6666666666666666,1.0,0.8888888888888888,0.0,6.968770774887431,-0.01576670161638159,0.22567234972982095,-0.07047002758562337,1.0943260724969495,0.07471883342046319,-0.11889449552037362,0.07732529774025998,1.8816119359806682,-0.2659172237996741,5.060631952435938,-0.17558905834377195,0.04509344618059149
0.8888888888888888,0.5555555555555556,1.0,0.0,1.0,0.6666666666666666,-0.06840108977372165,0.16595507961898723,0.10685093993160091,-0.04533858038513877,-0.06878376110286824,-0.12140774030941207,-0.04409226322925914,-0.02803554951845091,5.963530645560832,0.0156703855272364,5.057852149772888,0.0349654456993174,3.923585607609356
0.5555555555555556,0.3333333333333333,0.1111111111111111,0.8888888888888888,0.0,0.4444444444444444,-0.14377914738015785,3.136453184810247,1.9310550815450063,-0.06522935999350192,-0.05211893123011109,5.815693044984335,-0.04779740040404867,3.9520344185992053,0.062035829834351255,0.0698457149107336,0.00037708890862693403,0.09318483741143037,0.0339964983801262
1.0,0.6666666666666666,0.5555555555555556,0.7777777777777777,0.8888888888888888,0.8888888888888888,-0.001568211160255477,0.0160928168298223,-0.019065349358139937,-0.039484951403345035,0.9732266463106034,-0.11280113314700069,3.0280441705316297,-0.09931236109295807,0.08416312640736365,-0.024945858016094887,4.004949498165009,7.049383677628096,0.06433144650629279
1.0,0.2222222222222222,0.8888888888888888,0.6666666666666666,0.6666666666666666,1.0,-0.15706234086334528,2.979309632383603,0.08801789120807824,3.8301894180567744,0.038728047539506344,-0.22555642294021894,-0.10225068436356036,7.003863055184019,0.8343284897678046,-0.09855107376841507,-0.1471835007463587,0.16481349322075597,0.016422775548733396
0.1111111111111111,0.6666666666666666,0.8888888888888888,0.8888888888888888,0.3333333333333333,0.2222222222222222,0.05672902778526694,2.9777324899484845,2.96465682512428,-0.16164741886510325,4.970816263725213,-0.07614922118116234,0.08579239242923364,0.11411018666575734,0.14665787155741777,0.0852551939461232,-0.05986539369229861,3.8884103014039604,0.07666631816450861
0.3333333333333333,0.6666666666666666,0.3333333333333333,0.6666666666666666,0.5555555555555556,0.7777777777777777,3.035629281747229,-0.17685384506770307,2.035548179274377,0.08145198224878664,0.005892558918162996,5.981494632899066,-0.08076484876163557,-0.1446534699563388,0.08002979493400275,3.9690885555228292,-0.023346666154369273,0.17327211869191333,0.06845011068591904
0.0,0.8888888888888888,0.4444444444444444,0.6666666666666666,0.5555555555555556,0.8888888888888888,0.03708250012811021,0.014206180518723566,0.1519994860765773,0.17195893074161947,4.0929505111479525,0.05822245913979243,3.7905396928793857,0.012372191423350658,-0.0130106954193704,5.009395322938557,0.09430460873225179,-0.27396771671895565,1.9430687946529814
0.2222222222222222,0.3333333333333333,1.0,0.7777777777777777,0.5555555555555556,0.3333333333333333,0.026990435494076138,-0.046684554605276256,3.858309388687374,0.08689634868967955,8.027687190584613,-0.09711045704444847,0.03148172045158238,0.08215857120497959,0.0005292646299360854,2.0800564803431,0.007826017516166135,0.9604771017345646,-0.1159420516399913
0.4444444444444444,0.5555555555555556,0.3333333333333333,0.3333333333333333,0.7777777777777777,1.0,5.991406923302839,0.01942929380457717,3.087583276158733,-0.011510746848722673,0.04574156062209908,2.9035387986266272,-0.07826291558275252,-0.011038929902688776,-0.1054628463985014,0.08202478373246813,3.046313032931861,0.027909576439245343,0.03389041252159446
1.0,1.0,0.7777777777777777,0.3333333333333333,0.2222222222222222,0.3333333333333333,2.20210435614848,-0.04688641879667957,-0.2201441285500558,9.019930019689646,-0.00506035409616659,-0.05175190425104033,1.902117014064123,-0.0439189521802148,0.01813384292178213,-0.050281670064253825,0.24124536795437487,1.9039495618366853,-0.07931173627076717
1.0,0.7777777777777777,0.7777777777777777,0.5555555555555556,0.1111111111111111,0.2222222222222222,1.7711379959985472,0.0251484415021537,6.798359337220024,-0.05394546333745014,3.9724329465439445,-0.07097279658468883,2.1738872677454513,0.0994394391315499,0.13191368763015757,-0.08824188185499186,0.11285940645145685,0.04960009463439622,0.07714059486768456
0.2222222222222222,0.8888888888888888,0.1111111111111111,0.5555555555555556,0.8888888888888888,0.4444444444444444,0.10294388287827672,-0.09087632459590532,-0.04243176209779015,0.08625960113284512,-0.2655619092974933,0.15133280825732054,3.055313206420758,0.9954296039339765,0.02205076557571733,7.897006471669102,-0.03499433645891047,3.110028433822037,0.12980219723262212
0.0,0.2222222222222222,0.5555555555555556,0.5555555555555556,0.0,0.8888888888888888,0.269622405256358,-0.007392466628041514,2.9341447033195,-0.05142339659399889,-0.10180418752873649,4.992214524405915,0.038273243001226816,3.9965757719468047,0.10963468456657986,-0.023421580134453654,2.965254934750144,-0.058126847686032525,-0.16326345262344955
0.1111111111111111,0.1111111111111111,0.0,0.3333333333333333,0.8888888888888888,0.8888888888888888,0.8432232275691546,-0.11791579306376879,0.13014280716647608,0.089526027288993,0.137496406639299,5.86677883454055,2.803137531021398,-0.0660056320134083,5.017581895329603,0.04986902749098275,0.10479721559680528,0.028427967080721463,0.17426687806556312
0.4444444444444444,0.4444444444444444,0.0,1.0,0.3333333333333333,0.7777777777777777,0.977739431905168,-0.09130792180417964,-0.16812182154944336,-0.088897135809545,0.024211796098512303,-0.08887202573536308,0.09367424635352573,3.1412327706037444,-0.2369586905226603,0.0864052300497648,-0.2239604058661737,9.040149905509029,2.122487056419366
0.3333333333333333,0.2222222222222222,0.1111111111111111,0.1111111111111111,0.2222222222222222,0.1111111111111111,0.006485610634357618,-0.12796891732042395,1.9414568795722227,-0.026164544571090072,-0.018224478378994293,-0.020289684076666707,1.9890117220690686,0.02134800489101689,-0.12085736537332213,1.975798017012978,0.15182611703557056,8.961535457685748,-0.04438360931551978
0.4444444444444444,0.2222222222222222,0.5555555555555556,0.5555555555555556,0.5555555555555556,0.2222222222222222,4.107819730371424,6.74408153336559,1.1181378601288285,-0.06319037580051673,0.016392857245258664,0.009632135592119683,0.09424681192203938,-0.02675947462353477,-0.06780257815644504,3.12978457906511,-0.23641738171411802,0.002033418170524325,-0.13479254226291204
0.5555555555555556,0.7777777777777777,0.7777777777777777,0.6666666666666666,0.1111111111111111,0.6666666666666666,-0.0761573388256559,4.201125668146314,1.9955404573544142,0.019506969715138118,-0.17815628557055915,-0.07290446587946957,0.019655740072878493,0.03547576931132181,6.061688655439328,0.0008627898917576322,0.05270042084546597,3.0453781912635685,-0.18297404110045315
0.7777777777777777,0.2222222222222222,0.3333333333333333,0.1111111111111111,1.0,0.5555555555555556,0.003700572191014953,1.0767902407732703,0.058987982073451954,-0.03638588099707899,6.9194373492460635,4.888168807567837,-0.013105401154141234,2.113307987955972,-0.19518041014816023,-0.0659891729729498,-0.11398024554267741,0.07849575212405002,-0.055430962657130094
1.0,1.0,0.2222222222222222,0.0,1.0,0.1111111111111111,0.9529362341845209,-0.0216949569936649,0.044539325089479734,-0.039238899814963674,-0.3046143054799927,0.05433118913875197,0.043904295767204254,0.9780458971668786,7.891596337932807,0.03517801106813583,0.03792355335355868,-0.047003288270087484,4.9783268529424465
1.0,0.0,0.6666666666666666,0.0,0.4444444444444444,0.8888888888888888,1.9069843497475678,-0.017858909208732916,-0.1550429345083481,5.041731882103184,-0.09443684908242939,4.023810314783232,-0.14059629162678994,-0.059005764586953974,-0.011048940506592783,-0.16606998118692634,0.011514787314009216,-0.03791475628799228,3.825764380219077
0.4444444444444444,0.3333333333333333,0.3333333333333333,0.8888888888888888,0.8888888888888888,0.7777777777777777,1.8696757245887685,7.0605120084082165,0.0895555985551324,-0.013190863977996707,0.04047618120404975,4.022384356331291,0.032962298212773807,0.1285984007080293,-0.1506998398214272,0.06764607323616233,1.961799104442218,-0.022425893425164035,-0.030224973045507003
0.0,0.3333333333333333,0.8888888888888888,0.7777777777777777,0.7777777777777777,0.1111111111111111,-0.03751471166612839,-0.12261961917830191,2.01833391992576,8.167094303278885,2.9943866979551244,-0.00013850427350957262,-0.06872990371566635,-0.011747454641811149,0.04661664260340308,1.9629757559295657,-0.04538040410520011,0.04032645401632468,-0.09180047698190455
0.8888888888888888,0.4444444444444444,0.7777777777777777,0.0,0.4444444444444444,1.0,3.025249662707687,0.08203217972614218,0.13599485416794843,-0.009038200727694682,0.13675972398067135,0.10344098864815182,-0.09962126403710662,-0.1217938511593151,-0.030496363785442043,0.10289354925948542,6.992771299244,4.939934244234221,0.1552243180048561
0.0,0.6666666666666666,0.4444444444444444,0.2222222222222222,0.4444444444444444,0.6666666666666666,0.02869044880033464,-0.23205942757907416,0.031716062629268876,0.05200406145708678,2.0225608654471103,7.044971210023199,1.993272439107702,-0.13183958696447343,-0.037070400322045345,-0.09456157955562915,3.906725908920562,-0.12630683491022754,0.04524890926396464
0.3333333333333333,0.3333333333333333,0.7777777777777777,0.8888888888888888,0.5555555555555556,0.0,0.00978961454126271,-0.044816536268070806,-0.06493379277303882,-0.002342310502145217,0.10791947281124892,-0.20042157154989151,1.0376876520850893,2.945428802598222,-0.18845858449794478,-0.19457030831639588,3.908721650586471,7.021950955579305,0.039306293398009166
0.8888888888888888,0.5555555555555556,0.4444444444444444,0.7777777777777777,0.4444444444444444,0.1111111111111111,0.9061018427322215,4.101702099141325,0.14229834965161062,0.03960865849565602,-0.05914026678081108,2.112441918451037,0.07553956956633384,0.0867407411354918,-0.06564636749715315,-0.28345545052747023,0.21167910214836755,7.838912159655006,-0.003576807186022113
0.3333333333333333,0.3333333333333333,1.0,0.2222222222222222,0.5555555555555556,0.2222222222222222,7.238074535121975,0.0330576756274374,3.0949246473558234,-0.1502396569381713,-0.17776669547337065,-0.053270279197955454,0.10907497344345002,-0.034624944764731,1.9205363678928502,0.01979672899449675,3.1081935218477263,-0.14449401990733718,-0.12105429941233517
0.3333333333333333,0.5555555555555556,0.7777777777777777,0.2222222222222222,0.7777777777777777,0.1111111111111111,-0.07886692545093663,0.10946383747120914,2.023482152594873,9.213215341057044,2.0936445725831114,-0.0035095176869670386,0.1265077838088766,2.021149701273188,-0.07049213525074449,0.06799748442451024,-0.06963266538610828,-0.02903971008038668,0.1327782695957983
0.6666666666666666,0.5555555555555556,0.0,0.0,0.3333333333333333,0.1111111111111111,-0.010128148621739936,4.919685861265837,-0.046433769143549165,0.10217905855886732,0.9447459326583271,-0.038687084685064654,-0.051029273963362855,0.018392549434030996,-0.03854897603756083,-0.1601836048972537,-0.08871809418450403,8.906721095849356,0.12433193844551549
1.0,1.0,0.6666666666666666,0.6666666666666666,0.7777777777777777,0.8888888888888888,2.0812674042109043,0.0587259379399826,-0.050535831726440994,-0.08157915419939714,-0.05075176016573571,-0.1051880102551674,3.2497200391587007,5.77546783516286,0.056400853507380916,-0.12845522979925272,3.9895656508505306,-0.09880019424937345,-0.11776289624826308
0.8888888888888888,0.7777777777777777,0.0,0.8888888888888888,0.6666666666666666,0.8888888888888888,-0.11401963009349617,0.17549861537420586,-0.0132988422309592,-0.07657021944780863,0.055578696408287304,0.0010349314566299353,1.0720033759341652,-0.182425665593783,0.030360390446200144,4.077269483710238,-0.16615982911145638,7.044819528442331,3.169618157282816
1.0,0.8888888888888888,0.3333333333333333,0.6666666666666666,0.1111111111111111,0.7777777777777777,-0.0014857703354702718,0.08214059370248113,4.067057045031091,1.9292494302489422,0.003976673458649517,-0.15669947108616025,1.9548696962897474,0.026568797496623595,0.07231004937377981,0.002461212524791162,0.07199837301431654,-0.11029062129553698,6.989830272544513
0.4444444444444444,1.0,0.2222222222222222,0.0,0.8888888888888888,0.2222222222222222,0.0019279384513077218,0.18495912466796366,-0.021416665620008424,0.9500983362005817,0.002135122384354861,3.9080886555130054,0.019275384906521618,1.9634944783453743,7.820867245195881,-0.005858655113386085,-0.031754309393019924,-0.16324233020679835,-0.006713415461452177
0.7777777777777777,0.8888888888888888,0.4444444444444444,0.4444444444444444,0.1111111111111111,0.7777777777777777,0.14893559620744803,0.05213037482757137,0.061192719273115787,-0.13414967255830426,0.04768983689222225,0.014844958138007808,2.052904523833443,0.04226286217088257,-0.13597807255038138,-0.004140081155796743,1.9242129139574833,7.994991590571518,2.910259907309817
0.6666666666666666,1.0,0.4444444444444444,0.1111111111111111,0.5555555555555556,1.0,0.13124703671409962,-0.08589723884443423,-0.0898942156465536,3.0074586406543555,-0.10770990694039949,3.9575336697567134,1.9170035402462038,0.14111720638896116,0.07858038268311726,-0.0057469518465394645,-0.03912170521740163,0.09409176145751134,6.040520408032289
0.7777777777777777,0.1111111111111111,0.3333333333333333,0.5555555555555556,0.7777777777777777,0.3333333333333333,3.049805240468286,-0.0026192237344250485,-0.16882300277714324,0.9887534017440447,-0.05324899192090678,0.06450552734598769,8.10118424329942,-0.06579510447611686,3.0468385234277053,0.17358789976857134,-0.0667712720570559,0.1681921740073138,-0.08525858471706471
0.6666666666666666,0.6666666666666666,0.7777777777777777,1.0,0.1111111111111111,1.0,0.0022959755607951447,-0.0011145611841841252,0.0011498899870062375,-0.08376780419079453,2.940881689623557,-0.06677202863593994,8.032696259540446,0.03300351145103116,0.22259443317382588,2.137098900629112,-0.05098432421384791,2.0324869615796186,0.09971179807917596
0.6666666666666666,0.0,0.3333333333333333,0.8888888888888888,0.4444444444444444,0.1111111111111111,3.0030601824338516,4.993035842155306,0.005157494276988904,0.08672766288084278,-0.08483205228052326,3.9674330531179827,3.047043314484648,0.031144707155415553,0.023958275985639134,-0.036980116630380325,0.0972535789142537,0.21338682472045375,0.04064154936762063
0.4444444444444444,0.5555555555555556,0.0,0.3333333333333333,0.1111111111111111,0.4444444444444444,-0.019317670154983993,0.07557402888945426,1.946086736324701,-0.07496903447028967,2.003280874761371,1.7417203367030054,-0.11539503636520095,-0.03479618559208458,-0.13533888581477135,8.896735689810788,-0.043674833745800744,-0.16429652935306094,-0.040607179625983196
0.4444444444444444,0.4444444444444444,0.0,0.0,0.8888888888888888,0.4444444444444444,-0.05352701645328445,0.002540520838501602,0.11541840304940193,7.017250441649287,0.0021062021342063623,0.009945445703071175,0.022739277512112847,1.898326135139023,2.98852246752292,3.030875124183661,-0.13707599825430605,0.08656529228158533,0.10813760344581898
0.6666666666666666,1.0,0.3333333333333333,0.3333333333333333,0.2222222222222222,0.1111111111111111,-0.06313759884493889,-0.024133779145310456,-0.08781903428100732,0.06993804835878172,7.893877771255409,-0.022247701024292032,-0.08589199078076716,0.00509542770112895,4.8205770728510275,0.13264616423656936,1.9035393575793735,0.005989468311627605,-0.02125230447703092
0.2222222222222222,0.1111111111111111,0.3333333333333333,0.4444444444444444,0.1111111111111111,0.1111111111111111,-0.07621145119224981,4.911221986336407,0.09363985435524597,-0.05256405931019397,0.02711701846373109,-0.08014968853943749,1.935281856815224,4.047224715008785,0.09304084961111164,3.982468359767298,-0.1421919871640437,0.19979560797500048,-0.08565493082342096
0.0,0.7777777777777777,0.8888888888888888,0.4444444444444444,0.3333333333333333,0.5555555555555556,-0.15415873996717877,3.259442458776815,-0.04040322938509372,4.853826731173859,-0.06834397667886818,0.0367544896022269,0.019031155759393972,3.914827080274641,0.18227236001279595,2.9478420322006627,-0.11846865904115521,0.09606933984606597,0.13290628465396823
0.6666666666666666,0.3333333333333333,0.2222222222222222,1.0,0.8888888888888888,0.1111111111111111,-0.08174930976162265,-0.14013472930393106,0.10304382674156048,1.7952676386942037,-0.12266216593966156,0.09674461500502352,0.9944647451977611,-0.026393734859268787,0.035281660649437836,-0.01527744235454087,6.870131327783691,5.127607534600619,0.13250140528868154
0.4444444444444444,0.0,0.8888888888888888,0.3333333333333333,1.0,0.5555555555555556,8.020533256377796,3.004513401543201,3.2339624806020058,-0.027643284501583723,-0.025957698183403946,0.03644812492405056,0.14713219561423382,0.15927707544174838,-0.025857263167677128,0.030833124595934527,-0.1378083467064077,-0.031197610791621297,0.9159709604520694
0.5555555555555556,0.1111111111111111,0.7777777777777777,0.8888888888888888,0.6666666666666666,0.4444444444444444,-0.10068317522989839,7.168157671626733,-0.0792286661806145,-0.05316059080114549,0.03658487879168582,0.12978252669735854,0.048111512638883545,0.2759355114021582,-0.007466797825114957,0.025871644022974608,4.027560067398405,3.1435049386789156,1.0507238951109614
0.7777777777777777,0.3333333333333333,0.5555555555555556,0.3333333333333333,0.6666666666666666,0.4444444444444444,-0.01162297003871491,5.905251140509312,2.024444345596163,5.140134483129196,-0.04103817936578706,0.05289436184165822,0.024614778868484417,0.08635196583813147,1.919524625936213,0.2346647030526562,-0.12791611070282582,-0.03655510899860373,0.09380925409056456
0.7777777777777777,0.3333333333333333,0.0,0.5555555555555556,1.0,0.3333333333333333,0.029673317249411336,0.08299861590811032,-0.04961023339825624,-0.007480498268034107,0.0012231983638817388,3.1569259614535903,0.0690429024383049,0.07966721083646715,2.9342073907463204,0.09688826385630508,9.02255816635688,0.13891453156779274,0.2014060154918468
0.7777777777777777,0.5555555555555556,0.5555555555555556,0.8888888888888888,0.0,0.8888888888888888,1.9693234223972995,-0.04063031304450626,-0.08640449911023695,-0.014357951171632057,-0.03820254489503836,0.03595043995710102,-0.014456681693373594,-0.03615992807816198,11.106458513612786,1.9062119768848549,0.04331079531513437,-0.04059417271884835,0.07243685048699644
0.3333333333333333,0.6666666666666666,1.0,0.3333333333333333,0.2222222222222222,0.7777777777777777,0.13852615467222304,-0.03030982534240727,7.044103290727315,0.017879286573317985,-0.07994223995430966,0.024078750974193847,0.02891205052788122,2.0412870820446174,-0.019839889682004577,2.0094192300310145,3.8852389055156866,-0.035811407547985674,0.0555962679709798
0.0,0.3333333333333333,0.0,0.3333333333333333,0.6666666666666666,0.1111111111111111,0.08924738873315304,6.957768517587473,2.0104714029433284,0.022805332512406722,0.020147994670443287,0.054077358530039026,-0.18180776303835697,-0.004932407014757259,0.02390336012467649,-0.10003303489537055,0.167398570701071,4.016155926723817,2.156340474502893
1.0,0.2222222222222222,1.0,0.4444444444444444,1.0,0.1111111111111111,-0.07905230218330772,-0.09073001215253271,4.022425222096568,-0.16786883628286567,0.021496559062609354,0.009721923200291804,0.10156652815421013,7.07010413411651,-0.0417477349885034,0.8902503345229755,3.1712305221343295,-0.079211502056515,-0.10455245570694659
0.3333333333333333,0.2222222222222222,0.4444444444444444,1.0,0.7777777777777777,0.4444444444444444,-0.10848560594614452,0.11173053155366647,1.9481099795575147,-0.07537044661806008,0.013768982590334733,-0.020694471055729104,5.9321904539213755,0.07539914669784797,0.10653154920979949,2.0985317508939865,5.07669196696612,0.04026255311300352,-0.1775887999961829
1.0,0.4444444444444444,0.1111111111111111,0.2222222222222222,0.7777777777777777,0.2222222222222222,0.16692508063769687,0.030198921035755295,4.060815642760065,4.111496232294741,2.143335250288199,0.04183980113091926,0.04355461592956536,-0.059922427745971944,0.00330897511387602,-0.08541612608143545,-0.07199405321418947,-0.08935744023141913,4.984397610900271
0.3333333333333333,1.0,0.7777777777777777,0.6666666666666666,0.6666666666666666,0.2222222222222222,0.10490931879200104,0.317097477329018,0.018949963754791348,-0.134841308775612,8.126498332985626,-0.030078387647602713,-0.0660608593976992,0.02098494779230553,2.875937540044377,3.0222463164008606,0.9911624476800845,0.009837790681547567,0.03814162542091709
0.3333333333333333,0.6666666666666666,0.0,0.8888888888888888,0.0,0.7777777777777777,2.006749225724081,0.0016338084112892495,0.028431451899794454,0.04154006261711268,-0.10314824603152578,-0.14299912586854485,-0.006163805217221476,1.8567264510065893,0.008753147092167088,1.093874687568231,0.06071116719160459,9.895182959317452,-0.08602624519575189
0.6666666666666666,0.5555555555555556,1.0,0.6666666666666666,0.5555555555555556,0.2222222222222222,8.032830129500075,-0.040129780513351004,-0.0316655295052107,0.05969064812479539,-0.09872866934576524,0.9598765290088818,-0.08000824760846013,2.8956870501964644,-0.08570781886711648,0.06774621693464117,0.005182038948242157,2.9120839371164924,-0.023110160759299656
0.7777777777777777,0.1111111111111111,1.0,0.2222222222222222,0.2222222222222222,0.5555555555555556,7.836119269287782,-0.07333128075836658,0.21495745348672868,-0.00902438496657506,0.07316589270303925,-0.006548837514448298,0.034816923524180865,0.0663258089679174,2.889538340247353,2.996906374272604,0.15788651944164883,0.9204499449946709,-0.05664398537322193
0.6666666666666666,0.4444444444444444,0.2222222222222222,0.2222222222222222,0.1111111111111111,0.0,4.969230872263299,0.026902407317624666,0.05249178636458827,4.1267411654818655,0.04994982334686595,-0.006205312579833404,0.1259167129610814,0.07041110221415822,3.8504320483742984,0.25263682403559984,0.17699213881967338,-0.01682142227670741,2.0377910101738475
1.0,0.0,0.2222222222222222,0.8888888888888888,0.3333333333333333,0.0,0.13243587499958392,-0.017220079269688264,5.073035179037702,0.11045784735714766,5.898517409226556,-0.060233185358286215,2.092140839781058,0.04608144771488305,0.0923796560313947,-0.013256801465371804,-0.0289005210954233,-0.19986394755833728,1.8853999573492557
0.8888888888888888,0.8888888888888888,0.1111111111111111,0.0,0.5555555555555556,0.8888888888888888,0.00470660946584937,0.08245572195642364,0.05311783665356953,-0.012824197402770202,-0.027177156649069667,0.021717963263828015,0.007821118109215219,0.1404545514939712,7.014644077047825,-0.14812459621972984,-0.1272558135032317,4.151875933696358,3.882883953854992
0.2222222222222222,0.3333333333333333,0.5555555555555556,0.3333333333333333,0.8888888888888888,0.6666666666666666,8.076449745303353,-0.02683727352093812,-0.01697582939024855,-0.013413278276842012,1.1221384959459197,2.9807158171456036,-0.0033319282845152955,-0.15308034973994927,3.0206690511708003,0.05310425069780597,0.023914558065378705,0.13978962610867354,0.005517135478023174
0.4444444444444444,0.6666666666666666,0.3333333333333333,0.6666666666666666,0.2222222222222222,0.6666666666666666,3.0298977456119016,0.16485040102681792,2.844998581064185,-0.04558253477993689,0.14261587520192662,0.09361291483110824,0.06783800988404703,8.083265073946448,0.03270662091210221,0.16315974275322717,1.0377759169730718,0.02398671058952786,0.015895867412564327
0.5555555555555556,0.5555555555555556,1.0,0.4444444444444444,0.6666666666666666,0.5555555555555556,0.019286395555038603,-0.1157017280815868,4.0770673054463344,-0.013043973378332734,0.1821915097860406,-0.00756504705884229,0.04209182841756566,0.024660218626133445,4.937444296489074,4.09921368285185,2.190506364056002,-0.0014777219659844777,-0.03004787855854223
0.1111111111111111,0.3333333333333333,0.3333333333333333,0.8888888888888888,1.0,0.5555555555555556,-0.03550287310553741,0.8107638106682659,-0.017781314370301254,0.025099811600832397,0.10547579251802829,0.0960047741149928,-0.04164990824366925,1.9723177005226111,0.11239053056144391,-0.017346389707287913,-0.0510029539755617,7.139251844943427,5.103758566705063
0.5555555555555556,0.6666666666666666,0.0,1.0,0.7777777777777777,0.5555555555555556,1.0018791791774257,-0.05937774477786675,-0.2011880319244709,0.058970360557472394,2.910363027744782,-0.1962732009140752,0.1584820527349018,0.06479677910098884,6.886099180688303,3.878559861704074,0.08709617821716197,-0.08779706165358703,0.12961498675278835
0.1111111111111111,0.5555555555555556,0.6666666666666666,0.6666666666666666,0.8888888888888888,0.7777777777777777,0.06164593126261553,0.053659652056682355,0.04046954556143004,9.019145087202391,1.088051119917711,-0.045408036251560514,0.00859519734343847,0.07519465876771958,2.0562989718586127,2.880501319473134,-0.0500409667304264,0.025280350541915454,-0.040801470903989695
0.5555555555555556,0.3333333333333333,0.2222222222222222,1.0,1.0,0.3333333333333333,0.17746585609733334,-0.03931531947541129,1.9837781552423308,0.07694301781773039,0.03305327432349158,-0.014527445720476923,-0.07564935288807484,0.030151405739676618,2.1039096440378393,3.0479095224098227,-0.07781835214561222,8.173677495697671,-0.14465778900358944
0.2222222222222222,0.5555555555555556,0.4444444444444444,0.1111111111111111,0.5555555555555556,0.8888888888888888,-0.1582685641802789,10.096055722445723,1.022584047860269,-0.05494985463040403,-0.10985707275553297,0.23207998392802984,0.011709087215544195,3.053420117084577,0.03178850972381816,0.043480795773115796,0.05400944605248059,0.07324240097548762,0.9624777599239327
0.3333333333333333,0.5555555555555556,0.8888888888888888,0.4444444444444444,0.1111111111111111,0.7777777777777777,-0.02916419863518446,6.82589771916411,-0.07803044065015395,0.02711127964467149,0.10450233755026905,2.0599039526376184,-0.034069234387793045,-0.12631729120851543,3.722264085457257,2.1151733974780798,-0.05892289865101498,-0.04484650062040593,0.013157396790806873
0.8888888888888888,0.1111111111111111,0.2222222222222222,0.1111111111111111,0.1111111111111111,0.7777777777777777,1.859443995260811,3.9650217819888463,0.2023471949769974,0.050538693857734275,0.03592491565134564,-0.15824944779817585,0.22436018945826405,-0.14227949086263428,1.1922324755444398,-0.21150560151878076,0.14053654387244205,8.161805426900022,-0.08244091213278347
0.5555555555555556,0.0,0.4444444444444444,0.1111111111111111,0.1111111111111111,0.6666666666666666,0.04225803722728828,0.05474805721046651,-0.0813794483231306,4.855088238926307,-0.13177173431407654,5.054100821995981,-0.008511560251940574,-0.056430103330216044,0.09667680111664602,0.05080679093914778,4.924453727363437,-0.12012015190173893,0.052326173868807696
0.6666666666666666,0.0,0.2222222222222222,0.3333333333333333,0.7777777777777777,1.0,-0.053758336855806194,0.009920486253150243,0.15762989726277177,6.050232824007478,-0.08622669997532367,0.01606611898197728,-0.09526449528153878,6.160852215594872,-0.05615787496032209,3.020727074697362,0.0307732574679432,0.015925046837370244,-0.19585489551365387
0.2222222222222222,0.4444444444444444,1.0,0.0,0.6666666666666666,1.0,-0.14464210639833286,-0.04523502755690917,0.03194318333315307,-0.013777921428577068,5.904285252684899,-0.1348424319121701,-0.04015575444993436,-0.046847604467972315,0.051283645759275666,3.967368153784168,0.06027076564293296,4.94053502302796,-0.025595766921426833
0.2222222222222222,0.4444444444444444,0.7777777777777777,0.3333333333333333,0.0,0.5555555555555556,-0.03480463796426194,-0.07823669669020898,0.06251186564337302,-0.08135959970945071,1.9478358490029382,-0.0073119645948197245,-0.129737965595674,-0.03249349583204991,-0.07113063597427886,-0.03881541924822496,6.9940071997328905,-0.07999136231406648,5.977992422017964
0.4444444444444444,0.0,0.2222222222222222,0.3333333333333333,0.1111111111111111,0.7777777777777777,0.13086687523521792,-0.0025798558254487114,2.1145262173019224,0.034649444200676074,0.07741606098188164,0.9225541031229174,3.0104907165085515,0.013391292261547592,-0.061262573887493565,-0.08228283242942819,-0.14902653879072983,9.149613963695163,-0.09724028893524977
0.1111111111111111,0.3333333333333333,0.4444444444444444,0.1111111111111111,0.7777777777777777,0.4444444444444444,0.13462210732223,-0.04674931736578535,2.9137506700275266,0.06225191403049977,2.9368808058253144,0.0568458918924277,2.9667188235147792,0.04804244961177868,-0.0968186063907105,0.08313510579847683,0.04879726826630046,-0.09196506900626618,6.264293572101474
0.0,0.2222222222222222,0.7777777777777777,0.4444444444444444,0.0,0.2222222222222222,0.05401230264004941,0.22904670705305388,3.1600267818748757,-0.01888347802177838,-0.04122717546045429,-0.04034591834208012,-0.18300285504278102,2.9304164880650454,1.024676602397997,0.15259575608848086,-0.07727718829782021,8.088205659936301,-0.1252593341503319
0.6666666666666666,1.0,0.2222222222222222,0.4444444444444444,1.0,1.0,-0.05863200252111324,-0.0457640594289526,0.03718110814974935,0.045730964672081126,0.09623417448143452,3.0770836960404937,0.024316821540249174,0.03903649435086224,0.15885306910975328,8.948907381876774,3.077472831906716,-0.18081439264982516,0.04113342428976086
0.5555555555555556,0.4444444444444444,0.4444444444444444,1.0,0.8888888888888888,0.1111111111111111,-0.048324954247910744,5.000257118243151,0.10400862450537032,5.01646438095264,0.08851875412089273,0.1473764815138405,2.038909396886572,0.11710410646204883,-0.03265609776792077,2.999179011773039,-0.0522619416398478,0.1042977594646376,0.04140913537935951
0.5555555555555556,0.7777777777777777,0.0,0.1111111111111111,0.3333333333333333,1.0,-0.05072344618949226,0.01546688336463322,0.10415683888185819,3.9960732008962045,-0.09489328108497636,0.013191175578741221,0.801943440893106,0.0768770644399475,-0.04213275873246805,-0.04693107362791068,2.0875695678779507,7.863483712277483,0.1947098642820358
0.2222222222222222,0.8888888888888888,0.2222222222222222,0.4444444444444444,0.8888888888888888,0.2222222222222222,-0.04802420417382233,-0.05232509433848951,0.10212247431671631,0.07086952731104267,0.24512297190750762,2.978879401636848,1.987959336133559,-0.14793159799632535,6.966789772265117,-0.07214312955717558,-0.04487670131054992,-0.17441877565539554,3.1660607559894514
1.0,0.8888888888888888,0.7777777777777777,0.8888888888888888,0.2222222222222222,0.3333333333333333,-0.14166034824256407,2.7197797201608287,-0.11884244215830193,-0.0603839552796151,-0.11495540632571183,4.109830354073251,-0.013783917859609385,0.0025385604406458987,8.06103917643054,0.0286012526978118,0.0978567297446043,-0.11094775536361452,-0.05475181006794318
0.3333333333333333,0.6666666666666666,0.0,0.3333333333333333,0.6666666666666666,0.3333333333333333,4.066596714606954,-0.25345544620842303,1.8624815520682758,0.05009922321799466,6.951975096500507,0.09361075501096977,0.08091802968531628,1.8801907119808963,0.04066570874668812,0.12016978556675065,0.014743440165097191,-0.09774648772458693,0.08793899419133701
1.0,0.6666666666666666,0.3333333333333333,0.2222222222222222,0.2222222222222222,0.2222222222222222,0.06354245265539955,0.054261078349879636,0.07159388934369917,1.700538713977238,0.08809375610809717,3.1808131810578977,0.043663847462929305,0.019272899649972683,0.06964386733914393,3.0338225473685116,0.0651781261700616,0.00014710002454108065,6.92332951454631
0.6666666666666666,0.4444444444444444,0.6666666666666666,0.0,0.4444444444444444,1.0,5.899567728778539,-0.09981917282318642,-0.13730425509508953,-0.10677420110191066,0.17612661274198632,0.07540956636562428,0.9374972609315328,4.96096073060145,0.011255753090645429,2.934445497051564,0.006751685717432486,0.07776041379029121,-0.0035742733548173485
0.2222222222222222,0.1111111111111111,0.6666666666666666,0.1111111111111111,0.7777777777777777,0.5555555555555556,0.03360157426619922,0.0886491539359616,-0.02721317560182082,0.028479059913436317,-0.03093775928833614,-0.00285288698344164,2.967526973491704,2.9471130146443887,6.017371185298702,3.056654531581821,0.014630444600104426,0.0498726958311932,-0.07379317802412298
0.6666666666666666,0.1111111111111111,0.6666666666666666,0.6666666666666666,0.6666666666666666,0.6666666666666666,1.879626480780022,7.041704350296761,0.06878813911747546,4.004985726659982,0.13480357804247187,0.09076987979878987,0.26805708407690004,-0.020080851399566557,-0.09988487960953682,-0.07401367907395136,1.9434502193625343,0.047603138343811455,-0.2158068563961257
0.2222222222222222,0.5555555555555556,0.2222222222222222,0.2222222222222222,0.3333333333333333,0.2222222222222222,0.13185510180908366,-0.023929659114234416,7.975320644221124,-0.10793431660249952,-0.011422555145018021,3.0013239767667534,2.987805507239972,0.03390592559424304,-0.05896320419510298,-0.08958157604108272,0.05483281304979799,0.009866745381579568,1.0197181055197366
1.0,0.3333333333333333,0.8888888888888888,0.5555555555555556,0.4444444444444444,0.5555555555555556,2.1059027254441967,-0.10225643912606858,7.914475954274914,0.12572196508289943,-0.14828833575740427,-0.13094121463310143,0.08178618311849958,0.023820019202203863,0.010523213705927585,0.9908340591899617,0.0031267547027569484,-0.009211211469195592,4.135544270259442
0.1111111111111111,0.5555555555555556,0.8888888888888888,0.2222222222222222,1.0,1.0,-0.039814812875007516,1.983862646372222,0.17944488052250737,0.00275097020298358,0.22320163895251777,-0.010497970101895356,2.136741498246016,-0.1655344038309678,0.01536444608156664,6.841552643684906,4.084445430660459,-0.12128678162090248,0.02837695543833455
0.5555555555555556,0.6666666666666666,0.4444444444444444,0.0,0.8888888888888888,0.5555555555555556,-0.028219587669043512,6.884179681481597,-0.16193599828975425,0.948895953641989,0.1740629445895331,5.9706514945110625,1.0917221542115856,-0.005704286766218815,0.08767267736904524,-0.18269113783045177,-0.04031883068495334,0.09494055237932188,-0.016325494883317873
0.5555555555555556,0.5555555555555556,0.1111111111111111,0.0,0.0,0.0,-0.008645528271104713,5.956953808811421,0.1149379383367124,0.02975143539549459,0.0044022276175347975,3.064305454533929,0.05882249291179367,0.02125870464375366,0.15470314969908447,-0.0060287533639119045,0.027808104796794398,4.935704744664711,1.015011522700613
0.0,0.0,0.7777777777777777,0.6666666666666666,0.3333333333333333,0.5555555555555556,1.1587761523745368,-0.06432576017887388,-0.11335928256384589,9.099675964281982,-0.014876615223367926,0.009600420496977001,3.9954886696306664,0.007912172392953509,0.08505306835234383,-0.08391241905992737,0.8988225915894511,0.008496813703770768,-0.16064396894498328
0.4444444444444444,0.3333333333333333,0.4444444444444444,0.5555555555555556,0.1111111111111111,0.3333333333333333,-0.13730535360419285,0.1866683148331627,0.0757468330061404,-0.0010056471869014539,2.123800693595844,-0.10405992300851451,-0.031560312338585826,7.062345360942438,0.08906716814313947,3.0512916846827776,-0.2541238807688225,2.903191788233542,0.04770680923568653
0.6666666666666666,0.7777777777777777,0.4444444444444444,0.0,0.0,0.7777777777777777,-0.035595149304680634,4.254023162075917,0.09265583009670965,0.05580818806186658,-0.11169495537467236,2.9964703260397085,0.024120396421895254,0.11277836301278024,8.088113109709964,0.10329891945199457,-0.09239120158100021,0.1412151698298631,-0.13804307523072692
0.3333333333333333,0.3333333333333333,0.0,0.0,1.0,0.4444444444444444,-0.05359145616661618,9.043077113494563,0.9850108408266861,-0.10060368579203915,-0.08215498256031327,-0.15482543228490425,0.05319746390071914,0.12605688450421493,-0.010039350340136602,-0.040034881501342344,-0.14723229284664896,0.09132019242521777,5.22113043332395
0.4444444444444444,0.5555555555555556,0.8888888888888888,0.8888888888888888,0.0,0.1111111111111111,0.8202544195633102,4.893656706184539,-0.06795930425441442,-0.0564317909682489,0.022734595014348102,0.16142495472802276,0.10085972868601037,0.05275973827743159,-0.07239287040586022,2.8880371766319546,-0.0796775306306301,6.154806680137874,-0.006174330145790108
0.5555555555555556,1.0,1.0,0.6666666666666666,0.1111111111111111,0.4444444444444444,-0.04468362536626212,-0.018375573024999228,0.08246182196384677,-0.13128496745497917,7.141487413592242,0.015647625694629897,1.9783656021704275,0.044284611374673905,4.021839707312994,1.965580354353262,-0.02527106720416067,-0.08688625468659522,0.06563907508593024
0.0,0.4444444444444444,0.7777777777777777,0.7777777777777777,0.7777777777777777,0.6666666666666666,-0.05319938094111618,-0.09562584224322829,0.016586352265353734,0.13291412827455534,2.995165537622018,3.939189874304831,5.040389602083597,0.19367124624025522,-0.14519055294317473,3.0382202787785295,0.02050866252318538,0.11615338035591172,0.09909091736848452
0.2222222222222222,0.6666666666666666,0.0,0.2222222222222222,0.7777777777777777,0.7777777777777777,-0.018670911180977922,-0.1684517255424883,3.080656376789626,-0.08351926901914832,-0.09467404109571896,0.11483505806911264,-0.09108503776386526,1.1402844740100244,0.033584472140531306,0.03191184000862824,10.030726478050559,-0.16384236257417922,0.8223611383653424
0.2222222222222222,0.6666666666666666,0.1111111111111111,0.3333333333333333,0.7777777777777777,0.0,0.021555305378868482,0.05680073592264201,0.008261103215620102,7.917846548298047,0.0018922103882194738,-0.008203415314548415,2.9042841901724588,1.1013972154112162,-0.1730276061550086,0.058874240680750645,0.038432340521124535,0.10097118548117144,2.899468812765114
0.5555555555555556,0.4444444444444444,0.5555555555555556,0.5555555555555556,0.3333333333333333,0.8888888888888888,1.010140714666821,9.217116494931817,0.06620742889997064,0.01005812087289632,0.053916127411419656,0.008617684238012003,0.21908980132398403,0.09836361957891795,2.9914385045769505,0.025233143138452124,-0.03907979960810136,0.12098501264103051,1.859389522860899
0.0,0.1111111111111111,0.5555555555555556,0.4444444444444444,0.1111111111111111,0.5555555555555556,-0.16047385298609873,0.14587147496759936,2.2153119792570584,3.046830490768959,0.011273794123573726,0.06572676903047774,2.935294647361724,0.01712435451522125,0.0038908705856215034,0.06265642507453606,-0.15579985281833963,-0.05070347697653375,7.084499560300084
0.0,0.6666666666666666,0.8888888888888888,0.8888888888888888,0.6666666666666666,0.3333333333333333,-0.06755938276300631,5.900663862457686,0.20420721498269542,0.0038118000179400363,-0.057891813994320786,-0.16923704374741086,0.07293463462804262,1.0699136153718694,4.9701240399430064,-0.11022301909070907,2.997545057635762,-0.08358560674816214,-0.09420935888731159
0.4444444444444444,0.4444444444444444,0.3333333333333333,0.6666666666666666,0.5555555555555556,1.0,-0.010321275146170759,-0.10513903986600646,2.0246648955252446,3.0607992509406396,-0.08396324471731914,3.863175490466161,0.1561279598955807,-0.09402702359572049,-0.06599427051023377,0.02130171674298874,0.059936937252229705,5.974368310631036,0.04607943277012556
0.8888888888888888,0.1111111111111111,0.3333333333333333,0.8888888888888888,0.1111111111111111,0.5555555555555556,-0.04009861578964011,-0.09711706648243908,0.14263168607870275,5.248844161433113,0.16959695330141694,0.014180663915345447,0.18334353618156785,0.03557035157239845,-0.047728627040322935,2.046637957438198,3.9905607493588815,-0.09831181837457077,3.9101678028567983
0.8888888888888888,0.0,0.3333333333333333,0.7777777777777777,0.1111111111111111,0.7777777777777777,0.0802051738740516,-0.1846531981664673,0.06041367404426842,-0.16295836027484384,6.7878823555097565,-0.18388466037584986,0.196676397193474,4.980376603505646,1.0086583180165418,0.14192550459109513,0.0934179748499725,-0.13915052694042196,2.086900634281876
0.8888888888888888,0.0,0.7777777777777777,0.5555555555555556,1.0,1.0,0.01841812647035463,-0.03416780975958806,0.002429091413778039,0.1279812020628022,-0.0885966482040953,1.0400885679104122,3.999034276346709,8.820283538460439,0.9197746828269189,0.01932135532336965,0.12973420890928908,0.10013310173467296,0.0597212504403425
0.6666666666666666,0.8888888888888888,0.7777777777777777,0.5555555555555556,1.0,0.1111111111111111,7.918472433886354,0.1801213990808535,0.02152404676396115,-0.10063655216785504,-0.018290498085695103,2.089624842535616,1.0007617498318158,0.0886864686582761,0.11036939574621503,4.040053068459871,-0.08577026230468941,0.013545466318998054,0.004516585593883101
0.0,0.0,0.5555555555555556,0.6666666666666666,0.3333333333333333,0.6666666666666666,0.18593463338516283,-0.162632193782683,-0.013482245109435407,6.941590645320508,0.03351056201959989,-0.24375643591993562,0.111492455949028,2.0013748487335534,-0.18447011636280464,-0.03611131347398661,1.0608962341654524,4.840855212454197,0.00032222164431556995
0.1111111111111111,0.7777777777777777,0.7777777777777777,0.0,0.7777777777777777,0.6666666666666666,6.894252635219847,-0.05559850318789673,0.002673838267463693,3.0183450253581574,-0.047074249818272726,0.027279638953026417,0.08179776072548058,2.972108572489676,0.1431567757449291,0.14622141707804195,-0.04287020655858289,-0.06378405564735844,1.8335827014833828
0.0,0.4444444444444444,0.2222222222222222,0.7777777777777777,0.5555555555555556,0.2222222222222222,-0.012656933163938986,5.963656221988395,0.07790512201329916,-0.15096616060682988,-0.027739139174310985,3.0968744393111147,1.926964290444204,-0.07623615367276093,-0.14469403347558085,0.26205738460182393,-0.07474731780653794,-0.13003468322183392,3.919614959596848
0.8888888888888888,0.5555555555555556,0.6666666666666666,0.6666666666666666,0.4444444444444444,0.1111111111111111,-0.07742950804868046,-0.02693897784512403,8.082537223208751,-0.029832316899583374,0.9077176685003172,-0.14513384981910252,3.0021857358219872,0.004253907402979072,0.15309323510288247,3.009244773546981,-0.009900831128407738,-0.10506538365874896,-0.030595257509839192
0.5555555555555556,0.4444444444444444,0.5555555555555556,0.5555555555555556,0.6666666666666666,0.3333333333333333,-0.04384744580346061,-0.03701641645137026,-0.09592553926405883,6.053832960327617,-0.014244541750936937,0.9799646519995012,-0.17140461160489964,4.049364408752487,0.048701532598037944,3.9160870597157786,0.09901213838791938,-0.13647582300824324,-0.0021869908789079874
0.8888888888888888,0.1111111111111111,0.4444444444444444,0.2222222222222222,1.0,0.7777777777777777,-0.02712073398901639,-0.13171747888057944,0.018970261207999578,7.170257015224179,4.006763423006692,-0.046302175410905096,0.04470241568856783,0.010571999546715494,2.00277621316255,1.9574457787228552,0.1421975559292465,0.04563633634807854,-0.052867065893548865
0.4444444444444444,0.1111111111111111,0.8888888888888888,0.2222222222222222,0.3333333333333333,0.3333333333333333,2.9891996163219043,-0.07408667042040727,-0.060829115008149505,-0.06407257241901991,-0.11343115937222276,0.07772769637679555,-0.02910414632730258,0.055412757832676976,5.932987410227271,-0.006036249439233865,-0.07110405967911113,3.0719668170537333,2.9751580693294963
0.4444444444444444,0.1111111111111111,0.6666666666666666,0.2222222222222222,0.5555555555555556,0.4444444444444444,-0.07308735859513858,-0.16417032288097844,0.02756665493407744,-0.07083850523381072,-0.0015779217120995175,-0.049173010801352765,0.0954189580898765,0.0544144752358008,7.044721208745483,4.938387887667652,3.046629004355019,0.1714831608676043,-0.0832186034150062
1.0,0.1111111111111111,0.5555555555555556,1.0,0.4444444444444444,0.5555555555555556,0.01723391392291888,3.8350783025582866,7.139856209212554,-0.039791209859084145,0.07825788808419776,-0.17232282507163232,0.1797539387125905,-0.035687152802559845,1.0545657323470028,0.01508182063325938,-0.025547078618776944,0.16857923026593036,2.835195379363382
0.7777777777777777,0.4444444444444444,0.4444444444444444,0.2222222222222222,0.2222222222222222,0.1111111111111111,4.029871365999201,0.09106456722299704,-0.0029856121636366267,6.98818292156334,1.9857312287926534,1.8772363579589593,0.003812738409493465,0.05127175234723988,0.006859922748066053,-0.027227610114508062,-0.04897250223730268,-0.027929666927837216,0.12577442174960382
0.3333333333333333,0.0,0.1111111111111111,1.0,0.1111111111111111,0.6666666666666666,-0.20866349794205427,0.004007145654777546,-0.03277549172964168,5.145580795183684,0.005549222544380277,0.1484925598699954,-0.21238900180455592,3.0459584904834056,4.028005786003768,3.1390533967073937,-0.16413486088230292,-0.01550358081183258,0.0066060261786492595
1.0,0.8888888888888888,0.6666666666666666,0.3333333333333333,0.0,0.7777777777777777,-0.049579549454520935,0.12165777137429404,-0.03386821854453976,0.20347625440211536,5.105417790893893,4.09508336970038,3.0559298981390883,-0.1063695591025548,-0.04310963375107571,0.05727513668572159,3.0677557033587717,0.13071838450812576,-0.046744100962590636
0.3333333333333333,0.2222222222222222,0.5555555555555556,1.0,0.7777777777777777,0.3333333333333333,2.9139846615075338,0.08591041927855307,-0.08096265760401128,0.08733118360704123,3.1199736176415036,0.04561530358270554,5.96424209680314,0.004108222614387957,0.059346591960323915,3.001018551871207,0.21982963386704926,-0.09906709306271493,-0.1002668587369791
0.4444444444444444,0.7777777777777777,0.6666666666666666,0.7777777777777777,0.3333333333333333,0.6666666666666666,-0.09768953867353253,-0.058957992254521564,-0.21789315201949094,9.937034957305983,1.934671529807211,0.007851402517417628,3.041780058320608,-0.12402163364077703,0.09000542427640723,0.18022422297905472,-0.020828510309499636,0.15743712374755717,0.019898949440518773
1.0,0.3333333333333333,0.7777777777777777,0.1111111111111111,0.3333333333333333,0.7777777777777777,0.1988731918595391,0.11172834656881903,-0.15639046348397664,4.001862737066135,0.10543249749040778,0.003054658104061689,0.9963116469154933,0.1269764750314304,-0.0709854182146104,0.0017515613278218337,4.032362576460912,-0.033379096035356416,5.997987089612247
0.8888888888888888,0.8888888888888888,0.4444444444444444,0.5555555555555556,0.3333333333333333,0.6666666666666666,0.07750232632241703,7.04328376215,2.9191282468020465,-0.11041239857992619,-0.07891021802566503,4.000124845578848,-0.01599397877570428,-0.08319574932171248,-0.05981504525164858,0.8479960714807936,0.0417853703217326,-0.004001872535163292,-0.12597873434052703
1.0,0.6666666666666666,0.2222222222222222,1.0,0.3333333333333333,0.5555555555555556,0.002862050418778282,0.13426220105103534,-0.07399358529652597,0.13151376657209723,2.9676542527516574,0.019782816784986782,2.0097750802422185,0.14015234160052456,10.015843384678552,-0.11419014192038467,-0.13109703704412123,-0.1532921053430128,-0.17119701640942214
0.7777777777777777,1.0,0.0,0.7777777777777777,0.1111111111111111,0.2222222222222222,0.004613505895568493,7.904162551977344,-0.008081161294374096,2.929614096400955,2.9229215699293434,-0.048084534087272916,0.07035855546433883,1.092914514776869,0.03711725526490392,-0.09898225495471193,0.06436312754533384,0.06888966666079323,0.027464720361244456
0.5555555555555556,0.0,0.5555555555555556,0.8888888888888888,1.0,0.8888888888888888,-0.06036204360190907,0.07088595753671403,0.04228185746766615,-0.31168565915991264,0.06444520334110423,-0.1913742670861507,5.066356157659138,-0.01540723984248353,0.11936116807491981,0.990183878879407,-0.08866142600561125,8.985264633541716,0.10598062949337746
0.2222222222222222,0.5555555555555556,0.3333333333333333,0.1111111111111111,0.7777777777777777,0.3333333333333333,0.0026246617861587387,-0.011433515987237679,0.0743553515508337,0.021035936662981293,-0.0005927405833231806,4.136606006840333,2.1555114032059066,0.06133262263287012,-0.028595915148517295,0.14969109935208272,0.11831195573317072,7.071889716552829,1.8783923419254138
0.8888888888888888,0.5555555555555556,0.5555555555555556,0.1111111111111111,1.0,0.7777777777777777,0.014067190330796092,-0.07436721747008732,1.984098774844564,0.024005692929671873,0.01001594080906235,1.9524824894170751,0.12729537489199108,5.830386873316845,0.07301835311296144,-0.1857483271594538,5.038259813672346,-0.08869043262838756,0.08783037577325305
0.2222222222222222,0.1111111111111111,0.0,0.1111111111111111,0.0,0.1111111111111111,0.008645252400759347,0.02477063784668243,-0.10182793255668515,5.934542986500242,0.020721739341095335,3.05835699269093,0.29290962417638616,0.022285832310348672,0.09760375253689257,-0.15569339325092607,2.8670108138665937,-0.035549477460845205,2.8802572304361433
0.1111111111111111,0.6666666666666666,0.8888888888888888,0.8888888888888888,0.3333333333333333,0.2222222222222222,1.1486399253466384,-0.04102186927803288,0.13821818883931386,0.14867824740856309,7.0042779719883566,3.0501799753807637,-0.005609947334090291,0.05384370003545387,0.04833418517805718,-0.012364962589203072,0.050496998146284035,4.172369627566726,0.07130162297109377
0.0,0.7777777777777777,0.4444444444444444,0.6666666666666666,0.0,0.5555555555555556,0.032579961364062555,0.012476952104321242,5.8987326876231405,-0.10272968770754626,3.0323356531480257,-0.13693911240471573,2.9233672401036417,3.1281511340364134,0.19142296970628142,-0.16659560767977186,0.1626649562301582,-0.021143829084555664,-0.0015005087031364807
0.3333333333333333,0.3333333333333333,1.0,0.4444444444444444,1.0,0.0,-0.011341163064273397,3.1080544127025487,-0.1607676579043177,0.045616361135513345,-0.0944870197388011,0.05707885293815738,0.1542796338293052,-4.173264126201668e-05,3.03741550859708,6.040955177823769,-0.07995934996704901,3.151163934988432,0.1706468247260989
0.6666666666666666,0.5555555555555556,0.3333333333333333,0.0,0.0,0.1111111111111111,3.070178337211703,7.007328543200765,-0.04618938153542847,-0.06264902231490875,0.17108365825466557,5.141441504272902,-0.006366148878954943,-0.15799305296711239,-0.28320118699089875,-0.10834266602642798,-0.013062039599511941,0.14006890344430015,-0.06516562090577808
0.2222222222222222,0.0,0.2222222222222222,0.2222222222222222,1.0,0.6666666666666666,0.050481545634050176,0.13031809616484324,5.012853631685605,-0.014244786878884134,-0.1308763514238608,2.879752469179557,0.04160996344158233,-0.020090753320092674,4.0122531317653305,-0.004727771569624714,0.06641440493586505,-0.07846874114294453,2.9664419356416833
0.7777777777777777,0.8888888888888888,1.0,0.8888888888888888,0.2222222222222222,0.4444444444444444,0.18961822286331442,0.9200213861614229,-0.028157543080010214,-0.05893867019785694,0.044478136240725025,0.10223923224420695,7.950178838141389,5.956858565889531,-0.02789816053030303,0.05298337834749577,-0.07393953025101954,-0.03759599659712592,-0.23721938715130153
0.7777777777777777,0.7777777777777777,0.5555555555555556,0.7777777777777777,0.2222222222222222,0.4444444444444444,-0.13817450094949854,-0.011244375601928822,0.08978641732031215,0.029507578330186243,1.8901231543332702,-0.1400256208127942,0.017468009289816875,-0.16528036422528436,8.106592681871689,0.006389619165017827,-0.1607320159234058,1.903404614115813,2.9275688680768877
0.1111111111111111,0.1111111111111111,0.1111111111111111,0.7777777777777777,1.0,0.0,2.922680748977656,-0.14899330082214923,-0.08746625219888453,-0.06844015561404262,-0.07112857556104384,0.11279566249333806,0.010482780282721458,-0.09932572174375524,2.966537839404588,2.9120442902688617,-0.0300006659011757,6.0875509153141385,0.02522707806121254
1.0,0.0,0.2222222222222222,0.1111111111111111,0.4444444444444444,0.6666666666666666,0.22856011815280666,0.03759274257674802,2.908640549002289,0.08097407308144475,6.107993121714253,2.1094166991443943,-0.10942409530350915,-0.01476374145148375,0.11318119568284526,-0.16847289588739411,3.950058323897796,-0.14269376854269916,-0.09325702298970133
0.0,0.6666666666666666,0.6666666666666666,0.2222222222222222,0.8888888888888888,0.6666666666666666,-0.10124571527438063,5.125056983254344,-0.02345380349087504,-0.08633555813417826,-0.10356057313844946,0.01416671648715303,0.9988864372659333,0.1344074374673427,1.0500016695857302,-0.14317977780650376,-0.06289807075912683,8.107007251207097,-0.06210826977013774
0.6666666666666666,0.5555555555555556,0.2222222222222222,0.5555555555555556,0.0,0.3333333333333333,0.17345721749237092,-0.10982894313247467,3.057261335304079,-0.08612155533986415,-0.050959513294635744,0.10985816482311467,-0.012706716283851694,0.08134522451141071,6.04732905949148,0.07538656835623009,1.9111811788914488,3.9778425601796,0.042425261810087024
1.0,1.0,0.7777777777777777,0.0,0.4444444444444444,0.1111111111111111,1.9150927127306339,0.16295000432323287,1.9222771957844866,-0.030000357693779525,3.8993440935205763,-0.21433080652386885,0.17969185225749282,-0.020433893690304725,-0.04479148384155403,-0.019871506167079868,0.14198639721964357,6.903489339193558,0.06795678657650825
0.3333333333333333,0.5555555555555556,0.7777777777777777,0.6666666666666666,0.2222222222222222,0.7777777777777777,-0.042378824854947636,7.940332914446169,1.0567058212520182,0.09882405737426969,-0.051390295027991556,-0.076884915967481,-0.11690957473220272,0.11035037667283756,-0.057525599480611804,0.8150869272724549,0.14099521383961464,4.863014049804706,0.07794605312590615
0.3333333333333333,0.4444444444444444,1.0,0.7777777777777777,0.0,0.0,0.018342864666752473,0.02879154322152784,2.941562472468868,9.036559146022464,-0.16677798928842374,0.058803774873981286,0.15570100415321603,1.0884027197426327,1.7980459914613278,-0.09842090022728484,-0.018779492197480693,0.04869373049399327,-0.01066526736602251
0.1111111111111111,0.8888888888888888,0.3333333333333333,0.5555555555555556,0.0,0.1111111111111111,0.9506785612889502,0.05953003076922928,0.11641517662249663,0.9767705992813402,9.072892986738523,-0.25790507451894745,-0.09375093861087293,-0.032125893705800955,-0.048856622075462576,0.03327982174044548,0.10137505474982607,0.05066690260283885,3.9377774528244944
0.1111111111111111,0.3333333333333333,0.7777777777777777,1.0,0.3333333333333333,0.7777777777777777,0.8477231909495814,0.0556964120578887,2.816182326032999,0.06530372834064285,-0.018844908213006828,5.882416501206177,0.02872573124667928,4.9997123897341,-0.00365972929162469,-0.008422329652739403,0.041952410842614155,0.09244340219585095,0.049661519848385155
0.0,0.2222222222222222,0.4444444444444444,0.4444444444444444,0.6666666666666666,0.0,0.10121331898223096,6.99558602811522,0.16184593242319745,4.057110982212982,-0.054369402968277684,-0.10938950567344051,4.020579680373408,-0.1306521522922601,-0.09733759675567485,0.023908708037359925,-0.06078874462819542,-0.09333162402269224,-0.003447504608839826
0.1111111111111111,0.7777777777777777,0.6666666666666666,0.5555555555555556,0.5555555555555556,0.7777777777777777,3.007267789910379,-0.020583402521873764,-0.03775469190592886,6.085464272871245,0.03424273512868276,3.97765738878053,0.24643219335153654,0.01938317369284131,0.11320051336773299,-0.05609810031317565,1.863705905279199,-0.07917565156434644,-0.026800978339811196
0.3333333333333333,0.6666666666666666,0.8888888888888888,0.8888888888888888,0.2222222222222222,0.1111111111111111,2.9503391790270483,10.133638618232279,-0.012004112209610803,0.04614688774411399,-0.004648115603289032,-0.04335543327331676,1.0037996013453514,0.1714051469770732,-0.0767948591736815,0.07669904505595512,-0.10260072516257819,-0.0459626442269439,1.0003583205954583
0.0,0.8888888888888888,0.7777777777777777,0.7777777777777777,0.0,0.4444444444444444,0.03263750897269907,3.1483128627973813,2.9949917358535463,-0.08436156065359265,5.065004197305077,-0.0364169808915756,4.023868157093183,-0.011622243953775186,-0.19434568512868228,0.050829918559397315,0.058336800682129875,0.09266047683086054,0.18004627624602276
0.8888888888888888,0.0,0.4444444444444444,0.5555555555555556,0.7777777777777777,0.2222222222222222,1.8804896226536525,0.051650744428175945,0.04092949966409554,1.9580918007192178,0.03971062364497788,0.0499646955111966,-0.1218683829977197,9.024622276127642,-0.09179843060046156,1.934814350006941,-0.17747448151886502,-0.04733609255024788,-0.020357067147347696
0.4444444444444444,1.0,0.7777777777777777,0.5555555555555556,0.0,0.4444444444444444,0.054985686729639084,8.999266711071547e-05,-0.15422881507996788,0.08621480568842674,-0.011858662355009231,7.048837059042966,0.09659361184597012,5.142260474896903,0.19612269893650155,2.992776124132833,0.031112444609365353,-0.10783610908167798,0.10616001700352612
1.0,0.4444444444444444,0.0,0.2222222222222222,0.5555555555555556,0.5555555555555556,2.881511255542823,-0.18052516886304212,0.08303860053403918,4.947830347505218,0.07776072813422405,0.04080746493461687,-0.16300026510237087,1.7280320635677384,4.890339825290728,0.001649148698086454,-0.12217763346947719,-0.0652761449348713,-0.14589407305973254
0.3333333333333333,0.0,0.0,0.1111111111111111,1.0,1.0,3.0169877959796922,0.00908259270363252,-0.04813926240476333,0.13970653013137427,0.14977150273195636,6.056526720253645,-0.17997711814667447,-0.11046901472056095,0.04071303310832482,-0.06285575802445897,4.951290856828818,0.089896739458806,1.0510874821892418
0.2222222222222222,0.1111111111111111,0.0,0.1111111111111111,0.6666666666666666,0.3333333333333333,2.1314154433813948,-0.042920929664647736,0.13752254204468972,6.944586875291551,5.149949149013876,0.010583464361677869,0.9139490252890392,-0.1631219507653533,-0.03014723148616932,-0.025623269799543893,0.08576619101224521,-0.011059050280820729,-0.04324319785784447
0.4444444444444444,0.3333333333333333,0.6666666666666666,0.4444444444444444,0.2222222222222222,0.3333333333333333,0.10770374729475365,-0.02248265612701515,1.9423758183773097,0.05746089172925728,1.9510171781152734,4.065880214169152,-0.059691711178319444,-0.022295918297037944,0.015217697558826635,6.962587367973569,-0.001345146935738968,0.08154719692400601,0.04106017913200477
0.6666666666666666,0.3333333333333333,0.3333333333333333,0.8888888888888888,0.1111111111111111,0.3333333333333333,5.048096985003462,1.9364569561380733,4.085282976827437,0.06695623405090827,0.10044191922616248,-0.07263658321861022,-0.017245859668145704,0.06335339024604004,-0.060881511741713135,-0.022612246976395623,0.19258057374595272,0.1951761012267814,4.123994054982736
0.3333333333333333,0.1111111111111111,0.5555555555555556,0.3333333333333333,0.6666666666666666,0.4444444444444444,0.09385851362497682,-0.10192511495051296,1.0512562231426121,-0.03591165950658853,-0.10585718976053678,-0.050900583859132,3.0115665074046345,-0.054735557429866646,5.944920057429316,0.07920414984229743,0.014410648512323182,0.023345807966231803,5.0111872396896295
0.8888888888888888,0.5555555555555556,0.7777777777777777,0.1111111111111111,0.8888888888888888,0.2222222222222222,7.932429685662835,-0.13705719179606884,0.031056471042047847,-0.05070366321254438,1.7989217731414122,1.9607432742034847,-0.10922179413406236,0.06986502343077554,0.052162522724034,3.049689314483847,-0.0665041618158691,0.0731551581862154,0.0319649783134073
0.0,0.0,0.4444444444444444,0.2222222222222222,0.1111111111111111,0.2222222222222222,1.959014546156018,-0.045333743213851696,0.08927081528737002,-0.047360405696365813,0.03036564735262783,2.1033956986812785,0.1909342625557109,0.16638731244377297,0.090082276420903,-0.15059113515713873,-0.06890484294179713,7.945191281252747,3.165314983256532
0.2222222222222222,0.3333333333333333,0.4444444444444444,0.7777777777777777,0.5555555555555556,0.1111111111111111,-0.0699317940972091,0.03861663770983692,0.010086706325731179,-0.0935127209437544,2.0381824009619383,3.0398296086197494,-0.12557748817415015,0.12228774470534098,-0.20865100288551877,-0.0590757152909962,3.0971970293865576,-0.11932578334740392,7.035026591956203
0.3333333333333333,0.1111111111111111,0.0,0.1111111111111111,0.4444444444444444,0.0,-0.12963603882754302,-0.009302414444422329,0.7686226886827799,-0.08425717017130081,6.845707855284571,-0.040176374212650065,-0.04152313958216571,-0.06736641713091397,0.07979131965667456,2.9113120396128562,4.063438667318905,0.16292757699588617,0.013906415030468256
0.2222222222222222,0.1111111111111111,0.3333333333333333,0.1111111111111111,0.4444444444444444,0.7777777777777777,-0.08576702045753998,-0.12493385148615424,-0.07097851001194992,3.070464272074989,8.01555907349689,0.09367952162539889,0.0770330879327212,3.0140810651878236,0.04734882616664622,1.185524620942048,0.14156562261746802,-0.030274601690425326,0.09896794419358904
0.5555555555555556,0.6666666666666666,1.0,0.2222222222222222,0.5555555555555556,0.2222222222222222,0.05858508058179356,3.113638807753974,0.06716165720359098,-0.09741674350429902,-0.16196845653727007,0.05726270172050857,0.19026181983698312,-0.07756641079399706,-0.01880897380496502,2.8964252273804787,2.117782950470566,6.769483314495648,-0.22636603010358086
0.2222222222222222,0.1111111111111111,0.3333333333333333,0.8888888888888888,0.3333333333333333,0.0,0.03750199198201533,-0.008234364679135213,2.9520376984926195,3.9698905213476587,0.05369879144563616,3.9586196010950334,-0.10969249717331137,-0.09273629280729663,0.08883388619968427,-0.05247419549622204,-0.13852775837671982,4.010217832694397,0.05049947217800112
0.7777777777777777,0.3333333333333333,0.8888888888888888,0.2222222222222222,0.4444444444444444,0.3333333333333333,0.13289607475532236,0.0217903387121669,-0.06597112472096701,6.047400786727703,0.07271748700204365,-0.003890530666380676,1.9955400607274427,5.026013290493877,1.9930143501743816,0.025011390688312558,-0.10219133244269284,-0.11504377698185096,-0.08361113795007691
0.1111111111111111,0.6666666666666666,0.5555555555555556,0.8888888888888888,0.4444444444444444,0.3333333333333333,3.0642210943329427,0.02587975673406087,0.10402389642495587,-0.018669092211460996,0.885635860415815,0.1144553535284558,-0.0018767055539892924,8.128345503626653,0.05979464913921806,0.2188618678822837,-0.021977298571336235,0.09007239050891808,3.0891364106352945
0.6666666666666666,0.5555555555555556,0.3333333333333333,0.7777777777777777,0.8888888888888888,0.8888888888888888,1.944487365450555,-0.01724823171069609,-0.1461738342216723,-0.1548796137002666,0.012656880153077497,7.079300707069743,0.0638024033495455,0.03400245982596527,0.08630171531510915,4.941030220430068,-0.02725327484877595,0.07375215134138817,1.0433118729448934
0.3333333333333333,0.7777777777777777,0.8888888888888888,0.5555555555555556,0.7777777777777777,0.2222222222222222,-0.021018881379676235,3.1320794386127915,-0.12920012510471277,-0.05186786872885925,6.971660222554375,0.08165348797737704,0.00023851979152351624,-0.1261491746790615,0.051400417981606356,0.10875463154668946,1.0739304533133027,4.061915492160549,-0.18743134967410682
0.7777777777777777,0.8888888888888888,0.0,0.7777777777777777,0.4444444444444444,0.8888888888888888,-0.08998864767434844,0.04820806086722011,0.9945111815245612,3.052255760199881,-0.12663426769629543,7.993850523571512,-0.13897810188962068,-0.19536785626194064,0.029577908850688724,3.0842588796456982,0.02456164279017758,-0.00329964802646661,-0.15620143418292665
0.4444444444444444,0.4444444444444444,0.0,0.4444444444444444,0.8888888888888888,0.0,0.10061070670975472,-0.004404489737594127,0.1959562005205768,0.09423143082769668,1.7994874573347852,0.0755049680255888,4.860346476242684,3.9240504509570937,-0.025075667676014952,-0.009406245036260367,4.039756521561746,-0.10228550408042142,-0.1150692004256647
0.0,0.4444444444444444,0.7777777777777777,0.3333333333333333,0.7777777777777777,0.7777777777777777,2.0600605201733075,3.9986749732065974,0.017437304870152562,-0.21936833516946602,-0.017713738331532357,-0.08907291830614959,-0.09206263730168694,0.09219348042245776,-0.10956712289725123,1.890710339367397,-0.03310106034017459,7.0450288830647345,-0.08840147297480862
0.2222222222222222,0.2222222222222222,0.1111111111111111,0.7777777777777777,0.0,0.7777777777777777,0.12341440357800615,9.144984752536121,-0.08814470664684639,-0.024508175557685558,-0.0778675472657613,-0.16853821048712272,0.030301105045615742,0.07335948682293696,2.201186426312656,0.9102590496368663,3.133623509081262,0.13423536912579534,0.019785330956715308
0.5555555555555556,1.0,0.7777777777777777,0.1111111111111111,0.1111111111111111,0.2222222222222222,0.060216348957606386,0.08732730483007037,1.19740999482419,7.047780856261647,-0.0060137885503685215,-0.08661687990074723,0.030532075501249808,5.102416493277307,0.024461036132947197,-0.0779923248925003,2.0089076202496563,-0.012915348246011388,0.026473875775570727
0.4444444444444444,0.1111111111111111,0.4444444444444444,0.5555555555555556,0.8888888888888888,0.2222222222222222,-0.16618483672182502,0.05507886141027314,0.059542315676372304,0.04448534381865086,5.9996237182854975,2.8194063737396577,1.9980677208028736,0.10607149993421697,3.9139871123707537,-0.1989269466161284,-0.15405579718706938,0.031402569182060316,0.03728760088524376
0.1111111111111111,0.6666666666666666,0.3333333333333333,0.0,0.3333333333333333,1.0,0.0886293194621468,-0.005525899572965249,2.8499671624021428,-0.08185041405936758,0.08188393725993479,4.014049590743948,0.06498296346799787,0.04347888054610397,-0.020496055173029593,-0.01740068375080337,6.185710226975586,0.041467426660922097,1.9871412449683639
0.5555555555555556,0.1111111111111111,0.3333333333333333,0.7777777777777777,0.1111111111111111,0.1111111111111111,2.0455419990936807,0.022290581962427336,2.784264362650554,0.06500845143723144,0.18209392740896757,-0.07802798683900641,0.14540357488391673,6.974313030266808,3.0293471397649823,0.1070360016973174,-0.07200014312908092,0.12424939128184714,-0.12142172813593394
0.7777777777777777,1.0,0.4444444444444444,0.2222222222222222,0.0,0.3333333333333333,-0.08751547489139165,2.9406479682652473,0.06620053664519022,-0.034087441056947075,2.8480025540414133,-0.021653287184982842,1.9215778617465615,0.07312936208403685,-0.03432350544551033,0.0070774075900651365,-0.040547245714067134,7.043393896823029,-0.01835907634705542
0.2222222222222222,0.4444444444444444,0.0,0.0,1.0,0.3333333333333333,0.03251987146870653,-0.25933885647417104,0.009725087697778615,4.041391367011023,-0.019928005491459205,0.06693924713925414,0.07386070289928208,1.1304213891849504,0.010481160807228166,5.808619929533002,-0.22854994487896452,-0.16018409520745178,3.9962092938815865
0.8888888888888888,0.3333333333333333,0.0,0.4444444444444444,0.4444444444444444,0.0,-0.01573052882805657,0.027623985201997377,4.937475407744283,-0.07364911715057483,0.05550479424104341,0.0655924411372502,2.974334986451952,3.9961523341761045,3.0404314343328993,0.05043435751629946,-0.11439806995987403,-0.07195738559179508,-0.12305460456453868
0.2222222222222222,0.5555555555555556,0.5555555555555556,0.8888888888888888,0.2222222222222222,0.7777777777777777,-0.050690661483683064,0.08123335893418311,0.05462718669437655,-0.10980979603625587,0.05122667268259819,0.0085843105342452,2.950607329291408,1.8593540344896369,2.9825176628382235,0.06799440061159555,-0.2163097648396126,6.960387680224855,0.22542836988049625
0.3333333333333333,0.6666666666666666,0.1111111111111111,0.0,0.2222222222222222,0.2222222222222222,0.06726367185680938,7.025983249500348,-0.0737185169570914,-0.06783298378739698,3.9916711604300037,0.1602863629377136,1.046558919089493,-0.08721583977708226,0.1176786962383864,2.970740579284191,0.16973464810139494,-0.05666030246377041,-0.1003265756903889
0.5555555555555556,0.5555555555555556,0.1111111111111111,0.2222222222222222,0.8888888888888888,0.7777777777777777,2.017462957781357,0.0982326983800298,0.10374447967309103,0.01591917666688115,2.901190331203139,-0.0505340721897885,-0.20182818683542167,-0.09131215375688202,-0.017845681489726314,0.03890021406534792,-0.03394543214647791,9.994302094502226,-0.0396185444749817
0.3333333333333333,0.7777777777777777,0.3333333333333333,0.1111111111111111,0.0,0.1111111111111111,0.07510253041897702,5.910088706157346,3.083754791414633,3.196088081251391,0.047278965602193114,-0.05270916102240419,-0.05362701440867851,0.12098372221840976,-0.11265894258719976,2.9046195579727434,-0.11644484538704646,-0.1278513840520686,-0.10448163193798571
0.0,0.8888888888888888,0.8888888888888888,0.5555555555555556,0.3333333333333333,0.3333333333333333,0.07899049417854931,0.11022825645880244,-0.06970730723601831,4.020733404604569,7.075915667510824,0.010056420309716298,-0.0954942757617239,1.852959826486192,0.10104275531255087,0.04961794122883805,0.057695589339865384,-0.11076469009010302,2.023497719288905
0.1111111111111111,0.0,0.6666666666666666,0.1111111111111111,0.6666666666666666,1.0,3.062899958745682,0.03140338436471456,1.925497678319231,8.101226051006533,-0.1527631948178774,0.09287419248069416,0.10810559440870733,0.1572330317535225,-0.03424921902504429,1.900056998343848,0.07938803623083801,-0.06992152790869743,0.004399551144398879
0.5555555555555556,0.7777777777777777,0.0,0.1111111111111111,0.4444444444444444,1.0,-0.031746221716007196,-0.09020719714130848,1.0320999466184893,5.860798408344197,5.059220568164404,-0.09669310884567346,-0.17317313464679263,2.994989254120971,0.043163385281122325,0.05769345970532244,0.08183537308271614,-0.23536403996904137,-0.10051444309566715
0.5555555555555556,0.1111111111111111,0.6666666666666666,0.5555555555555556,0.4444444444444444,0.4444444444444444,0.010665229450303213,0.15190032799361455,0.07837444936747279,0.19013400518481127,-0.0524939422913999,5.027441699528201,-0.10999708075693071,-0.04043522196239998,3.9264704281717027,-0.06339886593167214,-0.03934491211856633,3.000271753989068,3.0022212664516483
0.4444444444444444,0.7777777777777777,0.2222222222222222,0.2222222222222222,0.6666666666666666,0.5555555555555556,0.05434534395827254,3.013998846738686,-0.03440456288496254,-0.052257854153194665,-0.030713172015868408,3.9550962858553036,2.049097105518198,0.08655251906712624,0.12740445379470847,-0.07977027599404174,0.04693722253387501,5.860532035840732,0.03731747182525782
0.3333333333333333,0.0,0.8888888888888888,0.8888888888888888,0.1111111111111111,0.8888888888888888,2.1082672282091064,-0.014958950166699498,0.10726360472588732,7.886143212968452,3.9111354716908364,-0.013580984264368655,0.10222103545858244,0.9582570543658012,-0.04535531009087746,-0.09916283583780207,0.02028810444426216,0.12466951408944356,0.07006801090936925
0.7777777777777777,0.5555555555555556,0.7777777777777777,1.0,0.4444444444444444,0.0,0.06966506543362648,-0.020697447492366405,-0.05633093592639145,0.06772459164163702,-0.003191107563414087,1.9826391764280618,1.0898240622403617,-0.01977874516727299,9.91622237406148,2.0909188495330966,0.00807198904338667,-0.1037029343848692,-0.11129058948716163
0.7777777777777777,0.2222222222222222,0.3333333333333333,1.0,0.5555555555555556,0.4444444444444444,4.009541187582687,0.23374096614782758,4.960717939645379,-0.03362738590855785,0.15237711976170534,-0.005728119979051539,-0.14484668632479883,-0.15727964525481733,2.122666397378748,0.06663545422501889,0.08261257084311929,3.9942243441621286,-0.07267120259827976
0.0,0.4444444444444444,0.5555555555555556,0.8888888888888888,0.1111111111111111,0.4444444444444444,-0.0217163115724167,0.013603121737437676,-0.08383111556987011,0.056144990955112675,-0.12595961687997215,5.966724123542478,-0.020400787247650293,-0.06910198131753685,-0.22055053550198223,3.044786966411125,1.9244249239559732,0.13257079593243715,3.9658017722315946
0.8888888888888888,0.0,0.1111111111111111,0.1111111111111111,0.8888888888888888,1.0,1.945864041156878,0.009152194677887708,0.10534397486304481,3.943659233688183,0.10147376948297769,3.1440303641017624,0.09903228106559456,0.16264314909922573,0.12926460210124688,0.1514882293893006,6.160432631941564,0.02080695296299638,-0.042922389957219836
0.4444444444444444,1.0,0.0,0.3333333333333333,0.0,0.7777777777777777,-0.22622436352438058,-0.1322733119521796,0.9551717200841204,-0.0381735087240566,3.984720553659791,-0.10007604902487502,1.8404222388558686,-0.013022316646672622,-0.01894179288117906,-0.08075540415498661,-0.07421521616503846,7.9059843408127595,-0.03965237390163178
0.0,0.8888888888888888,0.1111111111111111,0.2222222222222222,0.8888888888888888,0.5555555555555556,2.914369717300475,0.12598753315170155,0.024099673204512107,-0.09723179180265173,-0.028044778146745414,-0.11802856063511907,0.10121682951747879,1.138418672458082,1.125200198275303,-0.11446926312425976,-0.009126701972617592,9.959842932448709,0.05620131059141817
0.8888888888888888,0.2222222222222222,0.1111111111111111,0.3333333333333333,0.5555555555555556,0.0,5.89920901967161,-0.06758916940010166,3.9586782971648193,0.01532884691324239,0.06941287081378865,1.9671272307263392,0.06639650755262219,0.08220763567971379,-0.021321523687182105,2.8754341867134405,-0.11711903354341405,0.05917269751515683,-0.04762244363146695
0.2222222222222222,0.5555555555555556,0.8888888888888888,0.6666666666666666,0.2222222222222222,0.7777777777777777,-0.17126293226824552,0.06129523681830006,0.012955452054621897,-0.14059670811426284,3.1179419981202647,3.083663598715775,0.013874525129017932,-0.1274319367734417,2.8597669467114715,-0.030706848684143653,-0.17139153895502895,6.040508027318449,-0.14108233133803366
0.7777777777777777,0.1111111111111111,0.8888888888888888,0.4444444444444444,1.0,0.3333333333333333,7.01649127292547,-0.028813145272672643,0.07117852680970442,-0.09379475952614882,5.0273729449524724,0.8605159807165357,0.07955495517694071,-0.011496176627749469,0.049585066896543045,1.8679474653171968,0.04990842756717666,0.030620339630370853,0.036369789271336314
0.3333333333333333,0.2222222222222222,1.0,0.0,0.4444444444444444,0.6666666666666666,0.0312633963013986,-0.019346388279034774,0.1241299220315991,-0.015589798576570358,-0.07391692003908287,6.994127380663106,-0.09505179454445303,1.9536003576669156,2.98227533838106,-0.037955412064586,0.019939707280548575,0.19457613913063268,3.057094983984612
0.4444444444444444,0.3333333333333333,0.2222222222222222,0.3333333333333333,0.1111111111111111,0.1111111111111111,3.1072300647288094,4.949629056263176,-0.05870162885051486,-0.037817804689298976,4.085288909726888,-0.2148118478230898,-0.10331647752913674,0.01023358468342199,-0.02240923670629287,3.1967729682143045,0.044768321574265635,-0.06621914435304808,-0.15776070685393473
0.2222222222222222,0.7777777777777777,0.2222222222222222,0.7777777777777777,0.0,0.1111111111111111,-0.03405600349378623,-0.13032200826784146,3.0466750650418435,0.016110632224167847,0.03200319320927313,5.207917666479504,-0.09074659814202977,-0.019240420779590678,4.878748425551109,-0.008059851615012546,0.1593273615950027,0.056872239912047186,1.98855129544108
0.8888888888888888,0.0,0.5555555555555556,0.2222222222222222,0.8888888888888888,0.0,0.025163024881989057,3.878914436205641,0.960626628830561,4.0085252574570385,0.009942198670854184,-0.1530616244398617,0.03276231792347814,6.027919649251421,-0.03770512062727785,0.00041749990825003074,-0.14834915533680013,-0.14797956153243483,0.013468726233823761
0.4444444444444444,0.0,0.3333333333333333,0.8888888888888888,0.1111111111111111,0.6666666666666666,-0.0667723190916164,2.9988444479775698,0.08394906723176047,-0.017392993030515582,-0.2810668054829197,-0.015065363802089336,-0.048104402199403526,1.976530564567708,0.08997308125715531,-0.1578530185941114,0.024395662390798448,10.157030391191123,-0.06259431149684574
0.4444444444444444,0.6666666666666666,1.0,0.6666666666666666,0.4444444444444444,0.7777777777777777,3.0472327886185737,0.09663057789708022,0.02102314391020942,-0.06850969803314269,-0.07095210107080004,3.0743800153765983,0.059214909078173394,2.9213531584928774,-0.11764731543610829,-0.12808067141489962,0.16616518611847708,5.99320548796095,0.23602285856534144
0.2222222222222222,1.0,0.8888888888888888,0.0,0.8888888888888888,0.6666666666666666,8.055554560307055,0.043952232283379855,0.03062724883051837,0.09991498501973654,-0.09660631850440696,2.2160013108370737,-0.01003017026118319,-0.07034000921928112,0.03025610022884201,5.10923388760308,-0.10075548757829758,0.05668693724410713,-0.07164441575864774
0.2222222222222222,0.6666666666666666,1.0,0.5555555555555556,0.3333333333333333,0.7777777777777777,-0.050627353317448866,-0.048948241875503076,0.07635414664859205,-0.11090727317943777,0.01926161100346126,-0.03434178640825921,3.915278982204147,-0.12135236027544805,3.8797111675483995,-0.16337960176527974,0.0896167193749268,6.975834683736878,0.015865193006624295
0.8888888888888888,0.3333333333333333,0.8888888888888888,0.8888888888888888,1.0,1.0,0.11781893644815976,-0.12201171569315528,6.905845432468428,4.025471553669378,1.8175920447919633,1.9421291487003132,-0.09248930731004674,0.03295224421695356,-0.04258158663638689,0.20081492793769584,0.09378913720693943,-0.08532384842753112,-0.03873134374568503
0.4444444444444444,0.4444444444444444,0.1111111111111111,0.0,0.7777777777777777,0.6666666666666666,1.9652415487084556,0.3306574349110562,4.848980035602186,4.020353970040461,-0.20844321353615292,-0.0006937441205922597,0.19098905619090115,3.9591544568325894,0.11045544214720489,-0.006611522595320368,-0.04224987168254349,-0.0251656358946396,-0.05869026451800015
0.2222222222222222,0.1111111111111111,0.0,0.6666666666666666,0.1111111111111111,0.6666666666666666,-0.06260582718898235,-0.13301944123244955,0.15068007289494437,-0.039307639579344356,4.0293774310765755,-0.0876531851439786,0.11169905594153501,-0.027355577790782966,-0.009103266785780535,-0.18289766352959455,1.0395976211139613,7.181150570482025,2.9130922414000087
0.7777777777777777,0.1111111111111111,0.5555555555555556,0.2222222222222222,0.0,0.2222222222222222,-0.04582291537024826,-0.11383239582150162,0.012916217424037618,0.006402419790682801,0.0705081101494469,7.055147354680092,-0.08125160461856012,0.02249480490643737,-0.03283011067224728,3.890896702262329,-0.012685587296261337,0.3801660214967115,4.231517063400594
0.6666666666666666,0.6666666666666666,0.3333333333333333,0.5555555555555556,0.4444444444444444,0.7777777777777777,0.013982659776765142,5.173885720801076,-0.004538336414627235,-0.005313833944148108,-0.19495717876297633,3.9039894434055715,2.921650073601352,0.010751903166543004,0.0013984534859276174,-0.05789423513918671,2.941118680046616,-0.016615313560795222,-0.13814116506822827
0.3333333333333333,0.2222222222222222,0.6666666666666666,1.0,0.1111111111111111,0.5555555555555556,1.938736143963144,-0.038128986980829505,-0.12489489330728745,-0.03302378932645443,-0.08348071635345083,0.1235382392009477,7.975619620286087,-0.018954566825657566,0.04280281070213674,2.055696831684063,-0.17362418043001512,2.9623215890892465,-0.09090323262520912
0.1111111111111111,1.0,0.3333333333333333,0.1111111111111111,0.0,0.7777777777777777,-0.01451702441932181,-0.05363325211989141,0.015706946285780825,1.9019540754437845,-0.056776724152018704,-0.059115966892235305,2.1082591370470896,0.036800365928054295,2.0368888707585664,-0.02863182808100257,-0.0384717852093554,9.056100288849764,0.0777433933793785
0.3333333333333333,1.0,0.6666666666666666,0.4444444444444444,0.4444444444444444,0.3333333333333333,3.001514678562884,0.11416479454761015,0.12741550275151842,-0.16646980393889146,0.043037888478304996,-0.004260192849103662,0.03882888139682427,3.1115976528026743,-0.09205381630914403,5.837972589757744,3.1106191472851044,-0.09984846449304126,-0.06862195139210356
0.5555555555555556,0.4444444444444444,0.4444444444444444,1.0,0.0,0.0,0.020462089341965032,3.9313898178838644,-0.1592210628315598,8.003418976741573,0.921851534103814,0.059785987787026866,-0.05060765560786548,-0.06884461387207981,-0.021000053911020944,2.105215347683867,0.09079040816376843,-0.10932261824597196,0.2799707649086917
1.0,0.5555555555555556,0.0,0.6666666666666666,0.3333333333333333,0.8888888888888888,-0.032577632458502835,-0.11524157289595008,3.088823199004878,-0.036167245735435186,0.21537195078396498,6.084740835548153,-0.01987198463087681,0.15753068777322043,0.08491152114704448,1.877110480306511,0.08883941095724036,-0.05164874419484505,3.9916673714753323
1.0,0.6666666666666666,0.2222222222222222,0.1111111111111111,0.7777777777777777,0.7777777777777777,1.0131054449217463,5.9120903987733735,-0.13333422788907015,0.03677840109202967,3.8611766501330136,3.7424797373230736,-0.08361056043714299,0.03310924214883985,-0.026988113356996427,0.12671309406200715,0.018375349543168894,-0.0766309651947081,-0.043958355047949385
0.6666666666666666,0.7777777777777777,0.5555555555555556,1.0,0.8888888888888888,0.8888888888888888,-0.14365413592691786,3.108579722470593,-0.13811000860829578,-0.0920407632119269,-0.016028622042862792,0.00023532644908221489,2.8497349636490212,-0.09055357952194952,3.0265040602239317,0.1129723358996994,0.034900356209017505,5.997419023840915,-0.1562408733870131
0.1111111111111111,0.4444444444444444,0.6666666666666666,0.4444444444444444,0.2222222222222222,0.7777777777777777,2.938265765344791,0.05214942413110542,0.10809466698548874,0.08893759081552546,0.013807164444560675,0.12046004666491782,6.288146071316397,-0.05938619153826879,2.9236884204654965,0.15184829257797214,3.023546452538542,0.011230768842726991,0.03923743276591256
0.8888888888888888,0.5555555555555556,0.7777777777777777,1.0,1.0,0.6666666666666666,-0.06544865051849597,-0.10347952847505888,5.922285249045169,0.12459462568310148,-0.14366406646845817,2.049865464564855,2.944231253997449,3.9646633111284655,0.07429509766083332,0.08439889133578954,0.034297653786693603,-0.18731196623660062,0.15709647086757914
1.0,1.0,0.3333333333333333,1.0,0.3333333333333333,0.7777777777777777,0.13101965171995605,0.009143683319114727,0.0010257816959411625,2.1801449208620154,0.09472242712937279,-0.0029294403574919637,1.9707661324148855,-0.019353711101102695,8.117723205439717,0.10399917847066875,2.8386576988501195,0.04646423988660639,0.08641213313776075
0.2222222222222222,0.8888888888888888,0.1111111111111111,0.3333333333333333,0.2222222222222222,0.1111111111111111,2.8493536834028284,6.999703524856168,-0.1777043606376519,0.012949283594138687,-0.20832345019129483,-0.06817455237079177,1.9388934085504865,2.9291150179857395,0.14515280169745667,0.053551056973910376,-0.03995688603234003,-0.09330778408941012,-0.02387763168452323
0.7777777777777777,0.8888888888888888,0.7777777777777777,0.5555555555555556,0.7777777777777777,0.7777777777777777,-0.10291129682993153,0.0973080004149665,0.19967660015477862,0.10531998980821111,0.03316903455451489,-0.016562878329314596,-0.04051062894614613,3.1745284572687593,-0.05759356075215347,3.156109855689575,-0.11315392420201487,6.970376834560179,1.8285943407279215
0.1111111111111111,0.5555555555555556,0.6666666666666666,0.5555555555555556,0.8888888888888888,0.8888888888888888,0.015923420122828002,6.8736272378123795,0.1665049406790442,4.041227227166107,0.05373967468768181,0.028267844916477,-0.10925408143911378,0.012411828773382701,0.18370806878677443,3.000855492600631,-0.10170162016248128,-0.18523426566950363,0.9286673009607923
0.1111111111111111,0.5555555555555556,0.2222222222222222,1.0,0.5555555555555556,0.1111111111111111,-0.17622288975408784,7.08305173690426,0.07811672661822455,-0.08756818272205504,3.0613981308469427,-0.05764546529569822,-0.004561428277485917,2.0371955551564978,-0.04439600090394923,0.04182033486531168,2.831427194953245,0.011747498798796961,-0.0034952022387734353
0.8888888888888888,0.1111111111111111,0.7777777777777777,0.8888888888888888,0.5555555555555556,0.0,-0.20463931362481103,-0.18096901927314876,3.814047639437307,9.041430683392395,2.012395962687166,0.027395757717404032,-0.13263784925081615,0.11389738106662653,0.098284121981739,-0.07669630350233284,0.11760602764537964,-0.02509223967811601,-0.17762050240100316
0.1111111111111111,1.0,0.5555555555555556,0.1111111111111111,0.4444444444444444,1.0,-0.16326947661508928,0.07337234878550057,-0.010404881066897928,0.08812249464539314,-0.00883731247324133,7.026767089336078,2.2123526422980175,0.13968490876314008,1.956717273138959,0.03749687247031265,4.049444544306179,0.0761391167496107,0.007100880518802974
0.8888888888888888,0.2222222222222222,0.8888888888888888,0.3333333333333333,0.3333333333333333,0.7777777777777777,-0.049353185049503624,-0.00036228172365012945,-0.04802871094783759,3.1683367281239794,0.12407262388353224,-0.020361501887938824,0.04282922606938115,7.983454073576431,1.1193241135968213,0.10488805164179926,3.0568610832710887,0.08712642696145259,0.06605708080415788
0.4444444444444444,0.8888888888888888,0.3333333333333333,0.3333333333333333,0.1111111111111111,0.7777777777777777,0.1174061853808299,0.05311313733291978,0.015190052911452315,-0.05772256235992382,5.842824926250682,-0.0027848380506712506,-0.07410555334041295,3.0060009066957125,4.114048842418709,0.017282467544035316,-0.0415001671109624,-0.08531286248616413,1.8569864792576067
0.5555555555555556,0.5555555555555556,0.7777777777777777,0.7777777777777777,0.3333333333333333,0.2222222222222222,0.13328053353574879,-0.17766910189292495,4.906521697376894,-0.23132019336970672,-0.03161415757497162,-0.03422845597605816,-0.04042944206294938,-0.006312989997640252,6.917873492558224,1.9086344359511267,0.1817826413261076,-0.033406294836337086,1.0907658624946766
0.1111111111111111,0.2222222222222222,1.0,0.5555555555555556,0.8888888888888888,0.8888888888888888,-0.08367710426529884,2.1612728594752086,3.1514182131007797,0.02310186822172762,-0.10995315929694834,0.008700138572766069,0.0047304500041057155,2.0239623914089497,-0.09782206161996708,-0.15230001361792947,0.01623630373820347,7.998970868366628,0.00020750219193663993
0.8888888888888888,0.2222222222222222,0.2222222222222222,0.8888888888888888,0.4444444444444444,0.1111111111111111,0.10268005788509676,3.8524839516968634,0.10106937159878049,-0.0743227540017318,-0.039522206585005965,2.917422063674873,0.008961985783925163,-0.19058178747999277,0.9431914279712806,-0.05157565452853529,0.12639302023631946,7.015069814378722,0.0695518311496303
0.1111111111111111,0.0,0.2222222222222222,0.1111111111111111,0.7777777777777777,0.0,0.0005938814386502599,3.8951099628537285,0.09072048681832477,-0.08454413420675676,5.947375665922724,0.018209977880956647,0.09455387894471061,-0.02013845432827442,0.15105247319832757,1.94285215849479,0.06655892869546319,0.00036163009507030703,3.154667183821242
0.2222222222222222,1.0,0.3333333333333333,0.4444444444444444,1.0,0.3333333333333333,0.021440601326098242,0.8122687181943903,0.10883352098095077,-0.008154851334052745,6.944693808893161,0.12229647619208389,-0.03313086360295018,0.05999867431623418,-0.07683833192976774,4.9163869873172015,2.181058176058361,-0.07870327372626858,-0.05847709364174684
0.0,0.0,0.6666666666666666,0.4444444444444444,0.3333333333333333,0.3333333333333333,-0.17083207918676832,6.162998224400782,0.03979983232950984,5.0237779633452595,0.09751384105786284,-0.1329336569334267,-0.054104678191967084,-0.009143773124951071,2.845152894927154,1.131142712634995,-0.0018429050193367218,-0.032328863625550035,0.023622548956828353
0.1111111111111111,0.0,0.7777777777777777,0.8888888888888888,0.6666666666666666,0.2222222222222222,-0.07525822843367992,0.004511300381296627,2.3427538547002493,10.06046820302458,0.16683110596343254,-0.03550831224559203,0.9248431009869063,0.03097035893716593,-0.1341704943424035,-0.23069577654457946,2.073159250502214,0.06413381449722294,0.08338512217530718
0.8888888888888888,0.8888888888888888,1.0,0.6666666666666666,0.4444444444444444,0.1111111111111111,0.00281698731899966,0.19783726998796625,6.991267181294239,-0.05539647407905779,-0.30064987150073263,-0.004716586765324164,0.08318777850596785,5.00068611985395,0.11242217344467607,0.22948811662553914,-0.017335020837719952,3.123125355959331,-0.15858525751800245
0.8888888888888888,0.5555555555555556,0.4444444444444444,0.3333333333333333,0.5555555555555556,0.7777777777777777,0.1031319104356626,0.00634904803867693,1.9778609501652935,-0.01633989200064896,-0.015630346833864266,-0.03088029093452499,0.019867297014966485,2.9825707865933597,6.884420752103679,0.04170538889921242,2.939213205161053,0.104798661479213,-0.0033826966572380714
0.6666666666666666,0.6666666666666666,1.0,0.3333333333333333,0.3333333333333333,0.2222222222222222,0.012702395332119011,-0.20492319132446665,-0.12566801281681222,0.09396143935074498,6.9266183273973825,-0.05324376589989497,-0.027793996726827936,0.13637425928273425,5.0374137997801585,0.13102646033833285,-0.02677477975311914,3.0213176263766393,-0.12032434553759759
0.7777777777777777,0.3333333333333333,1.0,1.0,0.5555555555555556,1.0,6.117803123514337,0.010864820369485335,0.004412909879627545,0.03383155392256595,4.144679207392032,-0.021449510648859027,0.16630389577549062,2.914847741559621,0.04221846079690917,2.2009218561174877,-0.048981473125860125,0.024525585344341985,0.08775050628364339
0.8888888888888888,0.3333333333333333,0.8888888888888888,0.5555555555555556,1.0,0.0,7.986210030110129,-0.15003532761643298,-0.10559593590689563,0.05809325888538347,5.089151531998924,0.07845553343209963,0.11464320138678451,0.0071985194936021665,0.020823317071100664,-0.15188686591575296,0.0317328953702337,2.06126807853911,-0.05832112948159865
0.7777777777777777,0.0,0.1111111111111111,0.6666666666666666,0.6666666666666666,0.4444444444444444,0.06440016988949113,3.8184111155482174,0.07510995977945369,0.030028432362080117,0.21106085335880193,0.1413085536865267,2.1506980358558527,0.08173970963681657,0.0646615613915258,1.8818368685087072,6.966490869964821,0.18267284706608652,-0.145616444872309
0.5555555555555556,0.7777777777777777,0.6666666666666666,0.0,0.1111111111111111,0.6666666666666666,4.954971816518687,-0.14192340808146706,0.14509518140321273,-0.056578132854561085,0.15445343659312924,-0.04137624937192986,-0.05041320801637381,0.12785291889846653,0.09388317263937762,4.728371969078243,5.04511407898572,0.060016687825229224,0.020980693090091096
0.6666666666666666,0.4444444444444444,0.2222222222222222,0.2222222222222222,0.4444444444444444,0.4444444444444444,-0.06576580038247748,0.002840844463958922,4.960193851903433,0.021132302760997545,3.9797605737138935,-0.062192815823894576,3.0163770446304614,3.0802438910184393,0.02890058923953664,-0.05536423899312313,0.033625402037041036,0.10697923918589658,0.15954041685761902
0.3333333333333333,0.1111111111111111,0.0,0.6666666666666666,0.6666666666666666,0.0,2.1207552584159437,0.053738019335903234,-0.10091240312138866,-0.1365552726920872,6.979761878628093,-0.1409184781556163,-0.07847847290606282,-0.017012230475116602,-0.04842104217389033,2.967208194368958,-0.13280046272981097,0.02314667597932105,3.0996508051066907
1.0,0.8888888888888888,1.0,0.5555555555555556,0.2222222222222222,1.0,-0.05481374677891694,0.07257553441912135,0.2662726713718078,2.990818896986555,0.06512100079495287,0.01967700900873556,3.0969623729224045,-0.1718649876612095,7.894304323205478,0.014346392807138045,0.08869625661584651,1.013052402586494,-0.16645732509676436
0.8888888888888888,0.4444444444444444,0.4444444444444444,0.0,0.2222222222222222,0.5555555555555556,-0.08236132764583952,-0.0794706117597217,3.038899194500305,-0.07620389598404273,0.9319192895199229,0.10847475766377049,0.13353162767985902,-0.04132748053360386,0.042490267234987285,2.8118516201468657,8.019832705935535,0.11899780497958273,0.052678170525734924
0.7777777777777777,0.7777777777777777,0.1111111111111111,0.3333333333333333,0.2222222222222222,0.0,2.0101060844357472,5.9611357026527365,-0.06467920155914018,-0.017908240519380295,4.844855886176369,2.1610458978298244,0.056421064039481744,-0.010243703421328371,-0.06198047748273389,-0.007033962015774307,0.07977949422628428,0.10114478912189467,-0.09036909300657425
0.3333333333333333,0.2222222222222222,0.2222222222222222,0.2222222222222222,0.3333333333333333,0.5555555555555556,-0.09735287601736554,0.20782299628082754,0.11365928577156861,2.0708519940828007,5.986135375628263,0.09240203382627826,-0.12732331758311163,2.153176842153504,-0.003577222473716005,0.07908615021587523,0.06462177748951763,4.9868429088738075,-0.017536635509746795
0.1111111111111111,0.7777777777777777,0.5555555555555556,0.3333333333333333,1.0,0.3333333333333333,0.12215831412759831,0.10264974045825888,1.8227768880019577,-0.1692405737056458,2.905377937964384,-0.08935453982997023,-0.1118525872587231,0.0272110643262288,3.9536295552866028,6.120612462176217,0.14528777655170572,-0.0028683237497593088,0.16834579486728932
0.0,0.6666666666666666,0.3333333333333333,0.6666666666666666,1.0,0.5555555555555556,6.002421431014072,1.95652093532501,0.006478573929391421,0.09448600019930664,4.83855390273001,-0.020859932222445563,0.029740566031687128,0.0363084665238542,-0.036843634332291104,0.04887857426434713,0.029212161795086275,-0.05919081134723939,2.2181598628938772
0.1111111111111111,1.0,0.3333333333333333,0.3333333333333333,1.0,0.7777777777777777,0.04395502060313077,-0.033118335017383,-0.05717190334784398,0.10294089182309159,3.0102059791064066,2.254811269781519,-0.043592412295208854,-0.12426069384522896,-0.002769845883360259,8.017506745883745,-0.21184506346402962,-0.030916851438148003,1.9631584558612405
0.8888888888888888,0.4444444444444444,0.7777777777777777,0.8888888888888888,1.0,0.4444444444444444,-0.036876353620555045,-0.06302257476306049,6.865680745691156,0.07580380514217576,1.9416159156010324,-0.10237014524008546,-0.07599342678179075,-0.047232323974695456,0.01086471247130269,4.066833898636049,-0.0953179498015071,1.9520702602445568,-0.13455077280199745
0.1111111111111111,0.5555555555555556,0.0,0.3333333333333333,0.6666666666666666,0.3333333333333333,-0.33922999934223763,0.015579393073158896,0.15200035175007434,0.05220832533528241,-0.050705995614298886,1.0096479142605235,-0.11748201009950612,-0.012229235803258052,3.9572290746942422,-0.08527142320673835,6.040565222980465,0.25998671643790566,4.1665449506434715
0.0,0.3333333333333333,0.6666666666666666,1.0,0.5555555555555556,0.1111111111111111,-0.007207302132209586,0.08841146547158618,1.0862707434069625,9.935246197431418,0.06439040735006152,1.855900790149385,-0.08052983918515823,0.02387528704061312,-0.04147876623571258,2.175647864303022,0.06480404345553452,-0.03820381211659721,-0.04705797131134823
0.7777777777777777,0.3333333333333333,0.4444444444444444,0.7777777777777777,0.0,0.3333333333333333,0.018697060821328368,-0.10555312886421826,0.05956119532945486,-0.13753019499454755,0.06230101959607396,5.983540526801959,2.0414613518091267,-0.10125859253379639,0.02449852070881173,0.2412347741512654,-0.04572167524606647,4.031739986032902,3.150556694975731
0.5555555555555556,0.6666666666666666,0.6666666666666666,0.7777777777777777,0.4444444444444444,0.7777777777777777,0.07617041448601343,6.043188548414463,-0.10136892725211916,3.872241162770335,0.005343244068245902,-0.04632358553132021,1.9980941786224709,0.020565667401951704,-0.06764278388428852,0.049410302601391946,0.18585561885911028,2.8990659012619555,-0.046954635852091114
0.2222222222222222,0.0,0.1111111111111111,0.6666666666666666,0.5555555555555556,1.0,-0.004961065867999778,6.114045967394059,-0.11863820006817019,-0.10651481043840816,-0.21636610128163622,2.955963778678615,0.06801457660218328,0.10652247089781407,5.035715366130773,0.9399043020617543,0.07064716137023735,0.02043185906161156,-0.19207055989299301
0.4444444444444444,0.8888888888888888,0.7777777777777777,0.8888888888888888,0.6666666666666666,0.1111111111111111,-0.1228094832615539,0.1511865305196297,2.0322205082975273,7.862520561149142,0.08199531080617849,3.106143495976264,-0.04350340294596921,0.06576820963867856,-0.3740100637951779,2.0973576795188156,0.11751553919198753,-0.11247027147637333,0.02820853995153045
0.4444444444444444,0.8888888888888888,0.5555555555555556,0.1111111111111111,0.6666666666666666,0.2222222222222222,2.966187945695256,-0.010252948077082734,-0.04248804445350682,-0.1332295466854821,0.18904037030816556,-0.031031084957921652,1.010475504426223,-0.10094005802514316,8.896313283887565,0.04125984150754999,0.052639208015111294,0.08779241693247447,2.110377400249369
0.7777777777777777,0.5555555555555556,0.7777777777777777,1.0,0.6666666666666666,0.6666666666666666,-0.021020754050076196,-0.044420306399294895,6.074681383284894,-0.06374392034304348,0.08717584958978293,2.037450028724229,4.11550264345835,3.067039168884783,-0.10544458238911605,-0.08656336415860265,0.07324852970073881,0.19070558424177736,-0.13228117007830184
0.3333333333333333,1.0,1.0,0.3333333333333333,0.4444444444444444,0.4444444444444444,7.002321160432527,0.02816745574804912,-0.1525777511865547,3.047812499636301,-0.009312279204743793,1.7903442518784352,0.16217279782495952,2.9136791780928926,-0.1282503414295042,0.04201416222116938,0.05574867959048965,0.07364114036962718,-0.03860033622093118
0.1111111111111111,0.3333333333333333,1.0,0.5555555555555556,0.1111111111111111,1.0,-0.0010914337890909746,0.9269193236826134,-0.1310197305632208,0.10791306490542359,-0.010276268501779361,-0.018231425542295645,-0.1999267591995332,7.982162889571966,0.9157505502908551,-0.01746136531498163,4.978075584814313,-0.04464647913329629,0.09388386429111392
0.7777777777777777,0.5555555555555556,0.4444444444444444,0.2222222222222222,0.0,0.8888888888888888,1.0447054152324156,0.11271545144715461,-0.13248273699597243,2.9351044072552184,-0.004028081832228678,-0.040663896990343416,-0.007925772549673787,-0.1182103399308323,4.928382194273776,-0.1641553954852013,-0.0890025551773239,6.069417672039202,-0.021420688476595028
0.7777777777777777,0.1111111111111111,0.1111111111111111,0.1111111111111111,1.0,0.7777777777777777,2.150575323875751,8.940446612569431,0.011907108087232943,-0.12132523301524184,0.2600671870417404,-0.01786205987004569,0.08296298402994151,0.041338502086715315,-0.05838788148392763,1.866909871846431,0.015614312453880737,-0.05567897443633333,1.9844495698508269
0.4444444444444444,0.8888888888888888,0.6666666666666666,0.1111111111111111,0.2222222222222222,0.8888888888888888,2.065130205879738,8.007824115584038,0.037711629736859556,0.01500465760557719,2.853275066734949,0.1396062195701339,2.1175852296434754,-0.11361648542567174,0.05053006114271711,-0.06620242701618574,-0.07469163370632707,-0.0004841661335047561,0.17476682304976987
0.4444444444444444,0.7777777777777777,1.0,0.8888888888888888,0.8888888888888888,0.3333333333333333,0.10579575614818851,2.0605221358331858,3.884939436424595,0.2554449418751378,0.08737310456606763,-0.23488374199151119,2.039947433520849,-0.04886947159180835,7.040998235594897,0.04006403668095266,-0.09185190764701048,0.18258857523076943,0.01997846214194241
0.2222222222222222,0.5555555555555556,0.6666666666666666,0.4444444444444444,0.5555555555555556,0.7777777777777777,3.094134790651041,8.13514235647482,-0.07381575979519864,-0.09117684848065236,0.11219073488477663,0.13928374327568568,2.8622981429208862,0.2011243186157662,-0.023550331433385294,0.06917845285123844,0.056438820910472656,-0.09713423198333271,0.9135951861052773
1.0,0.0,0.3333333333333333,0.5555555555555556,0.5555555555555556,0.7777777777777777,-0.20835923392949252,-0.1151150135626561,-0.14824759607426238,0.004019051577029377,0.1369402152722082,-0.002714493066647462,3.033885416218274,5.077800354336793,0.06797094410202996,-0.03858315001115015,3.85366549391665,-0.04298055100406509,3.0062959355263903
0.8888888888888888,0.0,0.2222222222222222,0.6666666666666666,0.5555555555555556,0.1111111111111111,2.912835478722919,0.036196071070104856,-0.02927120959421425,2.062182152751089,7.919676052381518,-0.09219676593093838,2.1774056337703938,0.002875623771368626,0.055296384939553626,-0.10984222528921528,-0.0377264455482126,0.0682169482807615,0.15656158596460848
0.5555555555555556,0.1111111111111111,1.0,0.2222222222222222,0.3333333333333333,0.0,5.927551492520045,-0.08029174114389669,2.9977331059655654,2.847560485025114,-0.003013330647762648,-0.006472838461539308,0.07247491503292604,0.1414609742688971,3.056984431780009,0.07415510509596894,0.005227895113430126,-0.03597445764761596,-0.19959768691567645
0.3333333333333333,0.0,0.1111111111111111,0.2222222222222222,0.2222222222222222,0.3333333333333333,2.9113779180825383,0.02172666846933302,-0.1645593723789992,7.024288982278327,-0.04008347102679511,-0.10215598525816903,-0.047002431665500305,2.07287815212616,0.08855011096194776,-0.19370214074492395,2.985051598785133,0.09138846582835071,-0.025789485960935735
0.4444444444444444,0.5555555555555556,0.8888888888888888,0.5555555555555556,0.1111111111111111,0.6666666666666666,3.0108815270914215,6.850458912473973,-0.04800336568182954,0.18287754293882255,-0.07880680345153492,-0.14406323431960175,4.01494717585584,0.0788629333065739,0.11938104906252561,-0.051772264212527064,1.022247557662872,0.05443548782853931,0.06492105278342117
0.1111111111111111,1.0,0.6666666666666666,0.1111111111111111,0.5555555555555556,0.6666666666666666,-0.05472027440095443,0.1712724930895694,-0.06872970225507312,3.0707872158693137,-0.0021911236145525565,2.9412781435975477,-0.06428512989625677,-0.058634691092023405,-0.04468710650532969,-0.10188855993559093,0.06974097032117701,5.9296484684379775,2.9384979151299504
0.2222222222222222,0.2222222222222222,1.0,0.2222222222222222,0.8888888888888888,0.6666666666666666,0.04886905912082334,-0.010796194313364836,4.857809636472108,3.9063990501455734,-0.019655724442099343,3.942501216263253,2.075048253725304,-0.07644020289908127,-0.09671270710432116,-0.1010546208778625,0.04066572469576391,0.048347172608573324,-0.16724445875708807
0.3333333333333333,0.4444444444444444,0.1111111111111111,0.6666666666666666,0.6666666666666666,0.8888888888888888,0.062207519651810254,6.086097327049595,-0.1690997761809049,2.930956857063904,0.1428892424357976,3.100610170602525,0.002479265925104204,0.05012493962894318,0.21120196236200744,0.05027969734526219,-0.12208088614188922,0.13649389996008265,2.9129061109375383
0.8888888888888888,0.8888888888888888,0.5555555555555556,0.2222222222222222,0.2222222222222222,0.5555555555555556,0.09939022358478347,7.065627066095689,2.0889513553005763,0.15409329754091575,-0.1465914328507952,-0.006958855493879726,0.19460495025458788,0.09763817445199474,0.017715833734131294,1.897682686997105,0.010672049295195765,-0.09118812985440117,3.8531633043535574
1.0,0.5555555555555556,0.4444444444444444,0.1111111111111111,0.1111111111111111,0.8888888888888888,0.057647870305855255,0.0065305605338348074,-0.07735128027607115,3.039494818896225,-0.05038898877881488,0.1779559084207381,-0.003057244436995809,6.1577088212470095,-0.08128021008388903,2.0613349165403636,4.184369997647757,0.027109098221586067,0.11364476270515152
0.8888888888888888,0.3333333333333333,0.0,1.0,0.2222222222222222,1.0,1.8261668131825348,0.07071347443209272,0.003038613146488247,2.0765001977384507,0.08676652180131121,-0.22562501178104188,-0.04436027396060996,3.9329976719400537,0.015216419000569829,-0.1940533397169717,6.89094913325183,0.10019207035276677,0.017689244605236864
0.3333333333333333,0.6666666666666666,0.4444444444444444,0.7777777777777777,0.5555555555555556,0.5555555555555556,2.891198545858335,-0.025321736705546813,0.10982730577258455,-0.1839566785967981,-0.021142861354225988,-0.02296632432908108,0.01869794144690471,0.05037794661678846,8.191034250158804,0.055378119442661126,-0.05874814673275585,4.125794994294593,-0.08586683980979283
0.3333333333333333,0.8888888888888888,0.7777777777777777,0.1111111111111111,0.7777777777777777,0.5555555555555556,0.04361870953416943,0.15714630513097227,2.107731488136767,0.08110896766545228,-0.22315376387217634,6.989899748269463,0.9412624933450776,0.13248682714787205,0.08406484781380935,5.026110618156296,0.07944416483012173,-0.06496164865120335,0.06342845103835339
0.4444444444444444,0.0,0.5555555555555556,0.7777777777777777,0.8888888888888888,0.1111111111111111,7.009500266247484,-0.16832068070148176,0.034404613799492396,0.07071580306332685,0.11934145851406341,0.05273885275650071,0.10067039239223363,-0.17323273320832747,4.962658783714968,-0.014251039708016916,2.9670257635237482,-0.00890421194964997,-0.057739624873876794
0.6666666666666666,0.6666666666666666,1.0,0.0,0.2222222222222222,0.8888888888888888,0.07361654792450188,5.900879445152752,2.0125174611696286,0.007315271317349839,4.014393723437954,-0.0947724317725066,0.1399229924685351,-0.022612372635453487,-0.14388541648467842,0.08013010182970273,2.9996668554066295,-0.009694155765742592,-0.009587145005100089
0.6666666666666666,0.6666666666666666,0.3333333333333333,0.4444444444444444,0.4444444444444444,0.4444444444444444,0.03954369639302893,-0.005324304212791322,-0.07734995824944584,0.8580814492106356,8.030345193259462,-0.1518206705189435,0.11197077252488695,-0.09538609617541668,-0.0849614021965846,-0.09818996930473792,4.8636922331844294,-0.07725985596624939,0.9716374547743489
0.1111111111111111,0.4444444444444444,0.3333333333333333,0.8888888888888888,1.0,0.2222222222222222,-0.232760404270115,4.75547725092213,2.928413507267649,0.08833968424560665,-0.13004398566000827,2.9923660915921357,0.14305568155799636,-0.1323408583223881,-0.04383561661667591,-0.07431524811887656,4.0891967581997894,0.04638727652285196,0.061766084673478716
0.1111111111111111,0.7777777777777777,0.8888888888888888,0.3333333333333333,0.3333333333333333,1.0,0.24964170627598536,2.1629475222809065,3.99009552983096,-0.02019919552581609,-0.14488258886697689,-0.17141646874325453,-0.004964157077787357,-0.12993954633825253,0.06253554293826843,-0.07917192877228303,-0.05829433945049774,6.844731945894083,2.21101535242189
0.0,0.7777777777777777,0.7777777777777777,0.5555555555555556,0.3333333333333333,0.7777777777777777,0.07588295490231017,-0.07099302410695836,0.015114703214615631,6.132309130798118,-0.09278250742269077,4.190659868270612,3.8967825105587206,0.9822638516728504,-0.16503783956471652,-0.2538511126054627,0.10100907805358227,0.008570209201339347,-0.17338609803145302
0.8888888888888888,0.5555555555555556,0.5555555555555556,0.1111111111111111,0.7777777777777777,0.6666666666666666,0.8359398794870059,7.114536139965692,-0.015059510852272102,0.14314432470965785,0.06365867682363026,-0.006656284755383753,0.0032329980768256265,-0.055507364724664734,4.0097786109229006,2.9939015017990114,0.08375166726589024,-0.016341844107608007,0.08235554918687382
0.1111111111111111,0.8888888888888888,0.1111111111111111,0.2222222222222222,0.0,0.2222222222222222,3.0920632290774894,0.018076260698238037,-0.13129683339991835,5.983952329394771,-0.19060746459861685,-0.12066216213524694,0.07304183331603019,0.049489278942753456,2.999679112156501,2.969756684300257,-0.07394009462202819,-0.05128120829418447,0.09652515172740049
0.4444444444444444,0.4444444444444444,0.8888888888888888,0.4444444444444444,0.7777777777777777,0.5555555555555556,0.047667925735983364,-0.13712164935406732,0.019885284256455468,3.013996282968821,5.164867347337808,-0.17575517494840956,2.921687046090342,0.09736258362164425,3.888906777558776,0.23856216323424395,-0.11789442221216165,0.0029122145219122927,0.05595475579549989
0.2222222222222222,0.3333333333333333,0.0,0.7777777777777777,1.0,0.6666666666666666,0.08810371425282457,0.07152084847550455,-0.04620775362855747,0.09132070056428282,1.9245347512202307,6.946502285733716,0.04566424611747518,1.1509576957922665,-0.022817123741028802,4.910965846764483,0.1209771907313229,-0.126480003249928,0.18381814890366824
1.0,0.8888888888888888,0.1111111111111111,0.7777777777777777,0.6666666666666666,0.8888888888888888,-0.09840826884582234,0.06409484468212977,2.092669122552454,0.0785034054462824,0.02270026376399706,7.004952955186798,-0.16531805013943232,0.9219180362287671,5.072464468735558,0.0663369166617405,-0.10378813056109731,0.034697901989508124,0.0252030988590127
0.4444444444444444,0.3333333333333333,0.5555555555555556,0.2222222222222222,0.0,0.1111111111111111,0.17509188424532657,-0.04184011597362883,-0.051985726813631374,7.907655703167385,-0.09992784708194048,0.03749483615610898,1.9295658860921021,0.10747038579701736,2.937270093868544,2.1533995675203417,0.041772545792310906,0.025838362639985065,-0.11504285628334637
0.4444444444444444,0.0,0.5555555555555556,0.8888888888888888,0.3333333333333333,1.0,0.032911418619900205,0.0045521976523426435,0.06320826033762621,-0.051084729825839614,-0.14536298763063146,0.027522159888490594,10.013978724669922,0.024389236053274525,5.100565016247669,-0.09396406327956308,-0.23817501376950628,0.04750270023469365,0.04059125202031037
0.1111111111111111,0.5555555555555556,1.0,0.0,0.8888888888888888,0.1111111111111111,-0.047705630581950126,0.01705982015638863,-0.10477808097252331,1.7893802788003472,-0.1692911448385612,7.0042361139877025,0.13827104147937164,-0.03895183883050923,6.081393791016732,-0.059433197147457054,-0.005543902287903261,0.07965607238585666,0.013317988510928518
0.6666666666666666,1.0,0.7777777777777777,0.1111111111111111,0.4444444444444444,1.0,-0.054167834870026646,-0.08653023635241723,-0.009252812492373304,0.11821020927663446,3.8429345406317528,0.08593307615266596,1.0283646992797786,-0.09691122669007304,6.998162627087898,2.979596455326847,-0.09477403648854546,-0.05394351098536844,-0.12562873007868874
0.8888888888888888,0.6666666666666666,0.7777777777777777,0.5555555555555556,0.7777777777777777,0.8888888888888888,-0.2071523587410624,0.01512364376599327,6.10444894500508,3.163334906130797,2.8888621452144108,0.21473651651303305,3.152630673317538,0.1423475034053949,-0.07856663925669523,-0.05622516250814535,-0.19383574178994445,0.01911592367265784,-0.03936029239222302
0.5555555555555556,0.1111111111111111,0.4444444444444444,0.7777777777777777,0.8888888888888888,0.7777777777777777,0.016179068805163743,-0.08345180353080241,0.06728704681422598,0.03431881096157692,3.885587692031228,6.995411205448871,0.028468450098585753,0.20084415562115715,2.0095780847099007,1.905959100284563,-0.03162630517722318,-0.0031223465872419077,-0.013359528863689452
0.7777777777777777,1.0,1.0,0.0,0.6666666666666666,0.3333333333333333,-0.184147189301925,-0.033157689521452004,2.930669110537519,0.9739487038768333,0.21209624053489395,3.9167709392618786,0.1437941004100138,0.11606181443434915,0.06834978189755714,0.000311041837128893,0.06543934208908858,-0.044991977821174756,6.945354086858766
0.7777777777777777,0.2222222222222222,0.6666666666666666,0.3333333333333333,0.5555555555555556,0.8888888888888888,-0.07478616721418614,0.027390159094715674,1.9790229418024112,-0.023958506599861658,0.14202288127147564,-0.07047485117824592,0.07353648953231096,-0.05219276171421398,-0.15921950257634931,-0.14259504478403842,3.9508447627350134,6.062961148970544,3.064178639432966
1.0,0.5555555555555556,0.0,0.6666666666666666,1.0,0.1111111111111111,1.9759312847325896,0.06184217088551215,3.007626311007576,-0.026149031923805112,2.0854731266472375,0.11878939003598135,0.1016027392598705,-0.030687296098864378,0.05677076278581439,-0.21292456715314417,0.01950669227332314,8.036100236573526,0.015197519895579154
0.4444444444444444,0.7777777777777777,0.5555555555555556,0.2222222222222222,0.6666666666666666,0.4444444444444444,-0.022227272995506198,0.13047731862522596,-0.009323770074101536,-0.013953793548613924,2.975906325348419,4.103410537931707,-0.0292459623789675,-0.08343493679865688,-0.010875854160691915,5.170771375787542,-0.03006861148695201,3.0615771634235354,-0.02781107388159712
0.7777777777777777,0.3333333333333333,0.6666666666666666,0.7777777777777777,0.0,0.6666666666666666,-0.02767468147065723,-0.05608413837692965,-0.12163040593454202,-0.010978162841011524,1.0718455752570475,0.15761929635686625,0.04418694962535555,-0.08168610783121018,3.0745504599910367,3.045402917385838,0.13983631909398075,0.20896104559969195,8.121460775521403
0.4444444444444444,0.2222222222222222,0.3333333333333333,0.2222222222222222,0.0,1.0,-0.039275819876120784,1.9840770456299497,2.1157940529406636,-0.0507693135936576,-0.014048346443434195,0.06343402407252743,0.10706060545877771,0.022291076922189033,-0.2892519821999137,0.03393659646811908,-0.031204919533210973,6.902407900287179,4.002413016612085
0.5555555555555556,0.8888888888888888,0.1111111111111111,0.0,1.0,0.5555555555555556,2.1120464149859046,-0.11298772293938264,0.15899229913972782,0.09787301007225037,0.09341636251163596,3.918529140578969,0.9748757552821481,-0.038283487169087776,3.40957933682014e-05,-0.006220480065990364,-0.03173488808190276,7.982207265387871,-0.021162031696117755
1.0,0.2222222222222222,0.1111111111111111,0.3333333333333333,0.0,0.6666666666666666,0.0267483863058567,4.83481829646049,0.048657834882749114,1.1697271698382945,0.10725008472837533,1.9054102773542676,0.10446080237103582,0.22896278525990424,-0.024255625950226258,0.07210319212928966,0.22993803999795928,7.103029562759369,0.15507206012024957
0.0,0.7777777777777777,1.0,0.3333333333333333,0.8888888888888888,0.4444444444444444,-0.10952255555087331,0.023562085796756577,0.03919691026384513,5.05642871292929,0.07895075464057603,3.0156175057259995,-0.13123941360108193,0.10662724146272543,0.0378860328651444,6.882138337040014,0.07589958208274958,0.05529800124656083,0.05370345476746549
0.4444444444444444,0.5555555555555556,0.1111111111111111,0.6666666666666666,0.8888888888888888,0.6666666666666666,-0.02868352081945604,0.1634405644919902,3.0571226631008557,-0.07899540601421902,-0.15427579404376793,-0.07673321827911168,-0.23696232933022143,-0.02605598440471242,8.012895705059199,-0.12076664347223254,2.945455640916453,0.1553282650144763,1.0107291335659663
0.1111111111111111,0.4444444444444444,0.4444444444444444,1.0,0.8888888888888888,0.6666666666666666,0.15353435440347976,-0.018495141706103585,-0.0176782713326495,4.780074595467228,0.07292887472028639,3.1100558240048692,-0.03423680438532295,-0.031030422533007362,0.08130363779939603,2.9263702910104623,-0.07823243190080753,0.03170981661632435,3.9393748652015184
0.2222222222222222,0.3333333333333333,0.8888888888888888,0.0,0.5555555555555556,0.8888888888888888,0.06110578840796482,6.907969048475056,4.150950891913106,0.0656463684255187,0.0065851179100147195,3.912636936745405,-0.10577538998724863,-0.08972370306825797,-0.14322032991369757,0.13404303179776292,0.0342074839076771,0.1070628330433166,0.1739065035386262
0.7777777777777777,0.5555555555555556,0.6666666666666666,0.5555555555555556,0.7777777777777777,0.4444444444444444,2.1306606023456833,8.044961679149512,-0.04110504458323922,0.07492995550061997,0.021113776911919718,-0.02606511406966508,-0.05151983709538149,0.10792167763922339,0.14774627866530685,-0.027510872379022434,-0.04370077128368604,3.0698169738739858,1.9364823601463796
0.2222222222222222,0.6666666666666666,0.6666666666666666,0.8888888888888888,0.1111111111111111,0.0,0.060367668695708226,5.173692960587774,-0.041783443609455184,8.00245132322044,0.19896930775151334,-0.037316831298264005,0.014103673154855091,-0.09418154744100066,-0.07028345962332642,-0.13788369718806728,2.292524958407065,0.057175199121056446,-0.004587554920336953
0.5555555555555556,0.0,0.1111111111111111,0.4444444444444444,0.1111111111111111,1.0,-0.10570642914734951,-0.18246930632181338,2.024173828829254,-0.014515181911507698,0.05019926638574678,0.06923288410819711,0.10122750427570744,3.9957822887283445,0.0622010464762692,1.9592463871798091,-0.08514463986147242,6.966181673124979,0.07689677404625889
0.0,0.3333333333333333,1.0,0.3333333333333333,0.0,0.8888888888888888,0.0606497668529433,-0.0012613142334174173,4.032242772287109,0.1607508342510072,5.819758989150368,-0.12550678964572015,-0.0013033759410976406,3.0700357337177184,-0.021527323454051644,0.09030884548690236,1.699256279555644,-0.23304672576531452,-0.05678032876795234
0.2222222222222222,0.5555555555555556,0.4444444444444444,0.2222222222222222,0.4444444444444444,0.2222222222222222,0.26673220888841764,5.999993164742828,-0.22414489678050936,-0.03600297328238711,0.0617493881567841,1.0962222381211726,0.047054891119476736,-0.023580420538372476,0.06787892942117894,3.1153618031582493,4.944526719416864,-0.012360076142695244,-0.013609770601017736
0.0,0.1111111111111111,0.5555555555555556,0.5555555555555556,0.8888888888888888,0.0,6.829445759361939,-0.12570964242400484,-0.23186249878410423,0.008433792517812573,-0.02976732522909799,-0.03390328756905231,1.9965596250803777,1.0519269188599452,-0.06725830976695406,0.11736112257517073,-0.15922294876526424,4.998635079920089,-0.009834549020237667
0.0,0.5555555555555556,0.7777777777777777,0.3333333333333333,0.6666666666666666,0.0,0.08498770749115638,6.950501429009447,0.10687308583357491,-0.023386641061453026,2.9898194893279757,-0.014907716273383682,0.0698096242470166,0.08531481644514044,-0.060474079614361756,2.8591109038031566,1.9018898383801708,0.016518306800196978,-0.0016645855512533005
0.2222222222222222,0.0,0.5555555555555556,0.1111111111111111,0.7777777777777777,0.3333333333333333,0.014093267071398553,-0.07251721300578094,0.07957408150919008,-0.017643854126096977,2.836656547019741,0.015534977981514295,0.05474259983284916,0.014376031121688651,0.013022097921572884,2.0227171951480063,-0.10537291281165362,7.153175302442593,2.9673506416255644
0.2222222222222222,0.3333333333333333,0.2222222222222222,0.3333333333333333,0.7777777777777777,0.7777777777777777,0.14668451704759208,-0.05541288675149713,0.09666753728401994,0.02401796487274639,6.010031443363456,1.9061208543115613,3.1205818556417158,0.04189720107584767,-0.009025006997557641,0.12073749867680005,0.008858019739351672,0.22098055892906232,4.101667711995138
0.1111111111111111,0.4444444444444444,0.6666666666666666,0.7777777777777777,0.0,0.0,-0.03307090758070693,0.13583818878710055,0.006085638452785779,0.2005891440375175,0.008165836317712996,-0.00792093656717757,0.009396829975542772,10.039950668307796,5.154931126046785,0.02928569206424722,-0.010671492500497912,-0.049346002106869596,0.07856812957685705
0.6666666666666666,0.4444444444444444,0.4444444444444444,0.5555555555555556,0.1111111111111111,0.2222222222222222,-0.05543451306135318,-0.11688303219673227,-0.09422464403062603,1.953507239561563,-0.012443437140883638,0.10531720698562863,-0.0577243551742956,0.11971284524677604,6.8362293712853095,4.263460280083841,-0.15864239252200946,0.019808703849313755,1.978241998260849
0.6666666666666666,0.8888888888888888,0.2222222222222222,1.0,1.0,0.5555555555555556,1.9214685278157067,0.067640868454499,0.1057214164194444,-0.017218611017656562,6.120938491196389,3.00640576920029,-0.10637799667446653,-0.007918750580583679,-0.05274960662887698,0.046021477160510346,3.960083310773865,-0.007418319534933173,-0.10853574422315326
0.5555555555555556,0.8888888888888888,0.5555555555555556,1.0,0.1111111111111111,1.0,0.10693564681247264,3.964437157653895,-0.10694771107880592,0.2631474301847841,-0.14129743739220388,0.05074303058021132,-0.2163665561003783,0.030852274964082545,8.018811352001824,0.9747622031315827,-0.13635440104546312,-0.08585309451529441,1.9193439225498672
0.4444444444444444,0.6666666666666666,1.0,0.8888888888888888,0.0,0.5555555555555556,-0.11741236291905047,2.905195415553364,5.143512589130423,0.03912090121732649,0.13308276503388058,5.901115789627787,-0.04313032376956794,-0.17370495544468761,-0.1190455732292972,-0.029111314769557885,-0.04206063528726665,1.1777353775521013,0.010804657347187042
0.6666666666666666,0.0,0.6666666666666666,0.0,0.6666666666666666,0.7777777777777777,-0.02650998837424731,10.045946259207941,0.002687855274239262,-0.10857035365978492,-0.06268877439627492,2.139895688262731,0.13037877009643817,2.0257235318336178,0.10194852316393146,1.1642809234392313,-0.04417257122177495,0.018431483979862613,0.022109090295659103
0.1111111111111111,0.1111111111111111,0.5555555555555556,0.0,0.6666666666666666,0.4444444444444444,-0.08268135316929666,0.04464316280745284,-0.11436780190419749,3.0102259985171576,2.9731086108160394,4.042954711691273,-0.1354861213483027,-0.05210994753938543,0.1883164146633179,-0.013484605089366676,5.006814415817952,-0.06695713849281264,0.004537092683674632
0.4444444444444444,0.4444444444444444,0.7777777777777777,0.2222222222222222,0.1111111111111111,0.4444444444444444,0.03797713865389971,-0.047556398217502155,-0.02494963003791746,-0.016645972668369233,3.0295737438846135,0.11305173352117454,-0.0669325698657654,0.08059806605109514,0.08046057241154726,6.025483234534294,3.1081651752644683,0.009906836308200221,3.010781628703747
1.0,0.8888888888888888,0.4444444444444444,0.4444444444444444,0.7777777777777777,0.0,0.9826447550958095,-0.02703637915368669,2.9789501850973643,-0.1860821173997107,0.0600273654786764,-0.03222564029992112,0.8531134123313345,0.09703219872252618,9.902445776206225,0.0859492135848682,-0.07415559723866659,0.09588875887899703,0.18989210228764966
0.7777777777777777,0.8888888888888888,1.0,1.0,0.5555555555555556,0.2222222222222222,-0.15950626401298995,-0.025496220842011825,0.09568085535656985,0.02796890697140307,7.028169651332345,0.09156034382368172,-0.07888602568316244,2.8716953040714803,-0.07138098179196209,0.1333552162153427,-0.07639064506388854,2.8465041899628147,2.1156781001474245
0.6666666666666666,1.0,0.5555555555555556,0.6666666666666666,0.5555555555555556,0.3333333333333333,-0.051218141144440114,-0.04490087586100964,1.860612764437073,7.053038873630618,0.056796602320451556,-0.05504558558562481,-0.11937324518522674,-0.18921000179007488,0.05680582929035042,0.2596495281153555,2.040432291115965,0.06083219326593531,4.014656121781957
0.3333333333333333,0.0,0.3333333333333333,0.4444444444444444,0.1111111111111111,0.0,0.03495766044131568,-0.023301645735996142,2.0294188643933446,-0.08010068495784445,-0.1240693282327165,0.011123865778757108,0.009816224345928168,1.8825577557756388,3.944856858192901,-0.035007302807290426,0.07157834832427298,7.015866754893896,-0.016761007899150176
1.0,1.0,0.3333333333333333,1.0,0.3333333333333333,0.4444444444444444,-0.15922158847855858,0.027041055920626323,6.052919924491754,2.2198112496185374,0.04463334359795243,5.092411069576357,2.0933660543972143,-0.18127021751499167,-0.012461801725822107,-0.016964534184247836,-0.045996952500503153,0.08565337952186948,0.1626720776302838
0.6666666666666666,0.5555555555555556,0.7777777777777777,0.1111111111111111,0.5555555555555556,0.7777777777777777,2.9075530376018075,7.984400580470313,1.0424997513770784,-0.07795514073297669,-0.21165361765595503,-0.021506302571862083,-0.11040907093221691,-0.19384589545584346,0.0901897030868351,3.1635481290281593,0.05289262473107065,0.041596392711637765,0.04340830146473118
0.6666666666666666,0.6666666666666666,0.6666666666666666,0.1111111111111111,0.8888888888888888,0.4444444444444444,5.992239203481705,0.04491689917803278,-0.013130190748240837,-0.07509349820524425,0.127765178536808,0.0748761552370252,0.26572730491141755,2.9181392724920285,-0.14451511612028237,3.1341763191273198,2.9894810444476088,0.13567872450534693,0.2014014092532142
0.2222222222222222,0.0,0.2222222222222222,0.8888888888888888,0.3333333333333333,0.7777777777777777,0.8627370351612265,-0.08574284009369552,-0.16812884503233294,-0.015059865418995214,-0.07210639967808063,-0.1940882428190563,0.009990505958835168,0.12818364449277098,-0.09700794014053392,1.1245376549440333,8.069687137410039,-0.006455201895753389,4.89421596750199
0.2222222222222222,0.1111111111111111,0.4444444444444444,0.4444444444444444,0.4444444444444444,0.2222222222222222,-0.04692222763041775,7.212839548253815,-0.03892407948042351,2.0569612937294233,3.972570053657837,-0.10984168576615311,2.068972086196053,0.16492482418776502,0.10651326411898605,0.16090449758864794,0.014301667429456056,-0.0002557095205001199,0.05276804771962434
0.4444444444444444,0.8888888888888888,0.7777777777777777,1.0,0.8888888888888888,1.0,2.977737874091057,-0.04914850199883161,-0.1593839508519545,7.101837309604881,0.004968521593657182,-0.16018487535878922,-0.18184107066142374,0.17716566677923828,0.10756032832132408,4.038340280074719,-0.14669974599531602,-0.026478176278101503,0.896792098798839
0.5555555555555556,1.0,0.1111111111111111,0.8888888888888888,0.8888888888888888,0.6666666666666666,0.9635564919459411,-0.021687421093048463,-0.07252820469086563,3.8606230549464433,0.07387053177945939,0.024934693561308466,2.0548551778403223,0.11348981993525427,8.110294740304873,0.16632302337974797,0.09258661960884994,0.04591159461848912,-0.0412345448289864
0.0,0.0,0.2222222222222222,0.3333333333333333,0.2222222222222222,0.1111111111111111,-0.12897313485426964,7.059025900788703,-0.02920606120476349,2.199762629038383,-0.05045529733467955,0.028007849978719912,0.028466415263569335,-0.14732338804915723,-0.07650971680304991,-0.19866602747821344,2.0274503620320403,0.018668076046288756,4.0743762961400884
1.0,0.5555555555555556,0.6666666666666666,0.1111111111111111,0.8888888888888888,0.7777777777777777,5.927481129791183,-0.10595255741309864,2.9678037325117117,0.04132559710474978,0.891700587035794,0.03818486737966953,0.0490253085634071,0.0820316498146901,-0.03574656686856997,5.008713774995332,0.12285018961237842,-0.06999685201193438,-0.003824362280659315
0.7777777777777777,0.3333333333333333,0.4444444444444444,1.0,0.6666666666666666,1.0,2.2006026400176992,2.0304046666519655,0.09432737373252609,0.03004783719254489,0.10069338249190907,0.0484680287951626,7.978058018423784,-0.02402843828626115,-0.02284196162991294,0.06577883804734809,0.002437209760575236,-0.0016738288347449828,3.0080445175285213
0.6666666666666666,0.4444444444444444,0.1111111111111111,0.2222222222222222,0.0,0.0,0.027449907872931695,6.156324762223982,-0.0926579697807937,4.1078571286097345,-0.0426220312625889,0.9664948168202265,-0.014829257131655407,-0.13545846185981128,-0.06348443273428107,-0.01358720669375292,3.9403229178960517,0.12970816199252339,-0.08241472688054521
0.7777777777777777,0.6666666666666666,0.2222222222222222,1.0,0.8888888888888888,0.8888888888888888,-0.016725256960323044,1.93959669143603,0.12512923328000064,-0.1342866619158899,0.041525079264796566,0.11968697438628598,0.14077038290830288,0.01768872614585668,0.17283319117656543,2.9048316446093216,5.944842331240411,3.9460880565138865,0.02572713594988108
0.2222222222222222,0.1111111111111111,0.2222222222222222,0.7777777777777777,0.6666666666666666,0.6666666666666666,-0.2113931948675743,0.09485329221824558,6.123127608653933,-0.028818653162189234,0.12581969369939802,0.05737561983770503,-0.09768746409920792,0.9308970476076378,3.9492708551450613,0.03287530761382753,0.09405872633227585,0.0672007013825133,3.9379724416767643
0.2222222222222222,0.1111111111111111,0.5555555555555556,0.6666666666666666,1.0,1.0,0.011284963329727896,-0.061320381263105295,1.1582270683515847,-0.03844380959342641,-0.00673749985853293,-0.028341000915465736,-0.11995179476375635,0.9920965322589406,0.08218730066993304,-0.01707502718882837,1.8348969272693298,10.979137433650562,-0.07109470694343853
0.3333333333333333,1.0,0.4444444444444444,0.2222222222222222,0.1111111111111111,0.6666666666666666,2.0052346853819243,0.09653596689691221,-0.07002084788825495,2.9844492455079688,0.004636141668728375,-0.1427675412035501,0.03529338202576331,-0.029415862405373052,5.9043688002907855,-0.1345773267162121,-0.004249810979356379,0.08205020637264593,4.049099517269638
0.0,0.2222222222222222,0.6666666666666666,0.3333333333333333,0.7777777777777777,0.5555555555555556,-0.1178042323216892,-0.03410792095360093,0.04586801260429109,0.1192808645062071,3.1507615526649366,0.02159299177751089,0.10762003235376419,0.8600644029215168,0.05086227359478508,3.159242570733472,-0.004144268141099414,0.13759415792580496,8.135560412852922
0.2222222222222222,0.6666666666666666,0.6666666666666666,0.1111111111111111,1.0,0.0,0.06253251786254552,0.16755017565019328,-0.02901961310372054,-0.02289954150894045,0.15246464307996174,4.038919484066161,0.875705569451362,0.00270989764593162,0.29799761717586537,-0.23688034526331567,0.13221941582008026,7.949132474811613,2.052843876531612
0.1111111111111111,0.3333333333333333,0.3333333333333333,0.1111111111111111,0.3333333333333333,0.4444444444444444,0.08252167223304362,-0.13484316010532704,-0.1558124143502248,-0.08698654758981737,-0.009783833289729179,-0.168250114859307,0.0656259558520388,4.05922316836288,0.02983350852543439,1.0224784659670558,5.868112209049359,-0.031590443582664635,4.00416775148921
0.3333333333333333,1.0,1.0,0.5555555555555556,0.6666666666666666,0.8888888888888888,7.07735174003714,3.013098170557066,0.16671592184603545,3.0624447319250434,0.005456138470499353,0.0452399418103696,0.1614796379086026,1.8873159144631466,-0.03600841185709736,-0.034969102444396036,-0.06707585162645777,-0.09565800088146265,0.059793920600111544
1.0,0.5555555555555556,0.5555555555555556,0.8888888888888888,0.4444444444444444,0.5555555555555556,-0.04567743938128763,0.06110959458849139,2.9539546283941585,6.873798078952356,0.11980472746382409,0.17984120819273164,2.0224678855273583,0.05230853256371931,3.173676704390158,0.050865348826289986,0.11650388462800143,0.07131203165326026,0.13199769038758102
0.0,0.3333333333333333,0.1111111111111111,0.6666666666666666,0.8888888888888888,0.6666666666666666,0.03111094173047893,0.029893237954211112,0.060867269933998706,5.865045364412346,-0.08733163387506139,3.1361041845894198,3.142065476089724,0.04303741635948363,-0.0951991677253226,3.120276786061427,0.007992626501632084,-0.11702611520460462,0.061954282425268736
0.3333333333333333,0.4444444444444444,0.5555555555555556,0.8888888888888888,0.2222222222222222,1.0,1.0892489004556671,0.08761147661252164,0.9690419087819545,12.948039576089815,-0.1306871642803693,0.15195988531871887,0.021286138715690798,0.15664978808886043,-0.02589054009227414,0.17114889878999495,-0.18208161991253385,0.016349451684802313,-0.08131170228331615
0.3333333333333333,0.2222222222222222,1.0,0.1111111111111111,0.1111111111111111,0.8888888888888888,-0.060535457963541144,-0.13275238047834173,-0.06441716148314607,0.1908883435205209,6.94364546902984,4.108247255398025,0.8048089171699613,0.24412161593165288,-0.0017285085867285055,0.09122820275716165,3.123965849737233,-0.05733674005671929,0.04248894868688367
0.6666666666666666,0.3333333333333333,0.2222222222222222,0.2222222222222222,0.4444444444444444,0.7777777777777777,-0.02712600152319244,5.931643245510816,2.846256239009648,2.9898625572057953,3.0746665717418016,0.09291818101673399,0.02294180076422845,0.04144058767169738,0.03097238249312985,-0.07374561938764482,-0.15369198832232425,-0.05622548291650495,-0.1599511123302568
0.2222222222222222,0.4444444444444444,0.4444444444444444,1.0,0.1111111111111111,0.5555555555555556,2.0824389930344114,0.2491486202197658,0.10118551635303574,-0.028123793943291182,0.0016706507602884551,5.115391966914615,-0.0600915036416717,4.01329372671024,-0.21699744273365895,-0.11165588764951045,3.943063199434371,0.06362667001065182,-0.07676492296420007
0.3333333333333333,0.7777777777777777,0.4444444444444444,0.2222222222222222,0.0,1.0,0.06184794833285856,0.01831612201556855,0.1859351272994246,5.892448536507548,4.798078028915541,-0.24374644577658594,-0.014856350988578952,0.11511514616109855,0.018532338339838576,1.065846092617175,-0.004953610189517378,0.02373988495223973,2.848841967685846
0.2222222222222222,0.2222222222222222,1.0,0.6666666666666666,0.8888888888888888,1.0,0.19323703326640954,1.0482422034021854,-0.13157830489844385,3.8036384937336467,0.053306818384355525,2.9890676783020482,-0.028318341945416787,0.14337438454093848,-0.056861724034953355,-0.08498464630132167,0.07244464967710641,7.060589834797625,-0.12902584808925255
0.1111111111111111,0.1111111111111111,0.1111111111111111,0.0,0.1111111111111111,0.7777777777777777,0.07894331064668145,0.19609137443144667,2.966446019105594,-0.06076121853377763,4.927275811896216,0.0851408671172379,0.08884165801847693,-0.11113233114117363,0.11378443650515571,0.1275549279410529,4.029459941176737,-0.21856795264612608,3.0792377452994875
0.0,0.6666666666666666,0.5555555555555556,1.0,0.8888888888888888,0.5555555555555556,-0.16250414228315913,0.07398307178481249,0.10142691076521754,8.095820810027922,-0.26153709257601315,-0.07281308277533212,4.074249846718999,0.9917856039883536,-0.15249018729643088,-0.043817905148468,1.9994608341130151,-0.17120848620384077,0.1705586302486809
0.6666666666666666,0.8888888888888888,0.1111111111111111,0.4444444444444444,0.5555555555555556,1.0,0.08111898627624785,0.014936091235293603,1.9264544318489163,1.9687033472666975,-0.06534162143452642,4.900877426300491,0.014896638069858784,0.11033236008951497,-0.01900487985814646,-0.04122638806637116,0.01786201988259366,6.0781681152976885,-0.05246404025655175
0.0,0.5555555555555556,0.6666666666666666,1.0,0.1111111111111111,0.1111111111111111,-0.13810966979080724,0.09454761835401772,-0.13616910799457432,0.05349876314532653,-0.009595929740786236,-0.08964068835920473,0.1387181435773914,5.09973930614721,0.0576467637389176,4.044000083848572,4.047547010448183,-0.0983577335774577,1.943800628816735
0.3333333333333333,0.1111111111111111,0.6666666666666666,0.0,0.7777777777777777,0.6666666666666666,5.835899678057043,0.02922827370423789,0.14331048910680774,-0.03837113014624972,0.023749259232133012,-0.05327551665909894,0.9528820157156835,2.9659915470816567,4.853679433593803,0.11385982557075405,-0.0005024829727646238,0.0971587697198796,0.030234122367765355
0.4444444444444444,1.0,0.2222222222222222,0.3333333333333333,0.6666666666666666,0.6666666666666666,-0.08062357062589076,3.968308805208162,-0.15868652027364324,1.0788687084088557,7.013722477425636,-0.0785180525226904,-0.15065702106193235,-0.057640983655126,-0.11072884220280928,0.013528253147816298,-0.10527776160990106,0.20522934249871683,3.0985308919426005
0.2222222222222222,0.1111111111111111,0.7777777777777777,0.8888888888888888,0.8888888888888888,0.4444444444444444,-0.0372840117934563,-0.14862358026726535,-0.011166137694137664,-0.19596153552331538,5.106070124840578,0.07912979476386406,0.14486447445968298,-0.05566545088651484,0.08055643494074832,2.138404094943516,3.9564335303758007,-0.07338418322801275,4.134811318913951
0.2222222222222222,1.0,0.8888888888888888,0.0,0.3333333333333333,0.0,0.01454764264048769,0.04252978849090196,-0.008803982199196595,0.8751526526111993,0.11045972217896988,-0.20293859229349503,0.09979759184888105,4.97207615315184,-0.018763245153239922,0.9467459205439124,8.052685044271643,0.04087450189034443,0.1611498491175042
0.5555555555555556,0.7777777777777777,0.7777777777777777,0.4444444444444444,0.8888888888888888,0.2222222222222222,-0.018407223941422933,6.9817938889038915,0.9646204819208211,0.010393110578553877,-0.044898052939832435,0.11552663847153091,0.13704001422301124,-0.19223861128264955,-0.12888607186938922,2.898121646652064,0.06616163308269253,3.9107961469084733,0.05518893919262994
1.0,0.5555555555555556,0.1111111111111111,0.7777777777777777,0.7777777777777777,0.1111111111111111,0.1371329968250909,4.077088543930412,-0.10448182538392702,1.8800095536726162,-0.2668061348566069,0.049001207504042625,-0.1255038975296893,0.004239436480811313,0.023078818666432722,1.8690225592939709,0.09433927361551574,6.896403333412308,-0.05941559609790096
0.5555555555555556,0.0,0.7777777777777777,0.8888888888888888,0.4444444444444444,0.5555555555555556,-0.11822757084249116,3.0049039645790008,-0.06646436723098716,7.22700587924548,2.9356405940008115,0.018637382195049228,1.9719685241379323,0.08866586019299648,0.00039090207184030345,-0.1461771323360311,0.019887593252922706,0.04399749188495431,-0.1279135305865252
0.2222222222222222,0.0,0.8888888888888888,0.6666666666666666,0.5555555555555556,0.3333333333333333,3.895720625415177,1.9344392892720395,0.025715420850068393,6.964319072745195,-0.22522468584580319,-0.07602755048076781,2.113515593201289,0.06326811102665231,0.06538631859794601,-0.0056068498016955785,0.21729959197789556,-0.006873077693909016,-0.023131930014502033
0.8888888888888888,1.0,0.0,0.7777777777777777,0.2222222222222222,0.8888888888888888,-0.04723461810937868,-0.039868785057162404,2.0782280609597783,-0.20840000592457444,-0.11852181473460806,0.1400777645480181,0.9224236464469509,-0.11275816141486449,9.983275158777312,-0.07482985610779969,2.0292870729258956,-0.11963318348712902,0.14991011806913282
0.7777777777777777,0.6666666666666666,0.0,0.5555555555555556,0.2222222222222222,0.6666666666666666,-0.131093020678467,7.991605341495507,0.0055820816122487404,1.0246391976363962,-0.006060656208607515,-0.0005779349389679404,-0.007000236574996332,0.13056835179696122,4.98746012443882,0.09635532049680584,-0.07322648281309307,-0.00024187912761165702,0.9869829613906234
0.8888888888888888,0.4444444444444444,0.0,0.3333333333333333,0.4444444444444444,0.1111111111111111,6.100047101966241,-0.058660188731862184,-0.06917225365238393,-0.015608041435586952,2.9978796613065426,-0.21023505754805447,2.9141519211075733,0.11101720328512671,-0.025457377424703553,2.975837426802557,0.0570245414845254,0.054053529201412646,0.17392754318786532
0.8888888888888888,0.2222222222222222,0.8888888888888888,1.0,0.8888888888888888,0.7777777777777777,3.063124380273648,3.9559715401398456,0.0055036591675639256,0.07741043288639232,0.09616688942688137,-0.09026238578861429,0.06697832529878164,0.17671315823651626,0.9826579137575436,0.0011310262362169063,-0.09254625126447233,6.893812598399946,0.0011534476083169252
1.0,0.3333333333333333,0.6666666666666666,0.3333333333333333,0.7777777777777777,0.7777777777777777,2.078809236735676,10.970125712668123,0.11056511764082609,0.09078026106262983,-0.03661470152520729,0.07300938208953664,-0.012934086945191582,0.00929499360431577,2.1073858531263134,0.24386839965359744,-0.13962153664010904,-0.033033121937279426,0.11602600710664708
0.2222222222222222,0.7777777777777777,0.8888888888888888,0.4444444444444444,0.3333333333333333,0.0,-0.024424109686695557,-0.04293623630841922,0.1667689179248039,-0.00608364724373347,7.078729806996448,1.9690664099381492,-0.15586376290797366,2.9488898650996163,0.06837660363672265,0.019298227093370035,-0.07978610990998358,3.206387160220573,0.011789538449832675
0.2222222222222222,0.5555555555555556,0.4444444444444444,0.2222222222222222,0.7777777777777777,0.3333333333333333,-0.09953600155051326,6.129951241173631,3.091660287209627,-0.055993429337035855,0.06541744284547736,3.079054713360281,0.04623413146779398,3.012985438967279,-0.17680779804823332,-0.03233806066242059,-0.00529145326464554,-0.058336283567894,-0.035624595048534664
0.7777777777777777,0.3333333333333333,0.1111111111111111,0.4444444444444444,0.5555555555555556,0.3333333333333333,0.07015071289399194,6.950129712042739,-0.16961719970703,0.9374171518572039,2.9464416290095325,-0.01618913429264419,-0.1226760296786287,-0.03106381133082462,-0.08768604078597457,0.07795471787293418,3.980646116774206,0.0547568544873329,0.02768119254448891
0.2222222222222222,0.1111111111111111,0.3333333333333333,0.4444444444444444,0.4444444444444444,0.6666666666666666,-0.1284570661718391,-0.004235953087838588,0.1669884345964615,0.8389149580629676,0.09478467543751062,3.0098646363287944,7.84893358251553,0.05734161903997486,0.10034543980115772,2.9939009168591593,0.0307165134656929,0.18223925112952022,-0.06054177480161556
1.0,1.0,0.3333333333333333,0.7777777777777777,0.4444444444444444,0.0,0.18280153415200165,0.16417883086360396,-0.13252932799312142,2.012354098942141,0.0066932328452930226,0.1293410425148529,1.116907896656427,0.15101594197559665,6.838067666226647,0.13771557136878135,0.0567916501666908,-0.1838672925642873,5.131308259004344
0.0,0.0,0.0,0.4444444444444444,0.5555555555555556,0.5555555555555556,-0.11070921758717359,0.07729588615990823,-0.058608188498766624,-0.020583963066449842,8.044360399651914,0.9790301608018105,2.8547827257754217,0.030580284994558428,-0.11525199796620103,3.054435555990034,-0.12522698175890998,0.013933354236129212,0.03642078995201961
1.0,0.2222222222222222,0.0,0.7777777777777777,0.1111111111111111,1.0,0.2013717346368234,-0.1937597409419278,2.031616020039648,2.873966378027495,0.04786129105603376,5.988775223526477,0.07691809040720404,0.14161856863258665,-0.0337463998126878,-0.0013370140510590748,0.09041422843285504,3.9470858857416977,0.04031643000787583
1.0,0.0,0.7777777777777777,0.6666666666666666,0.7777777777777777,1.0,0.08388589407816181,-0.10761878494179625,5.84750274557856,0.017571291345123558,3.087672625923449,-0.15049668662913962,4.04910938093207,-0.036539270656578846,-0.017160354308766182,0.10316590558213079,0.014050453353209284,-0.08550847628858783,1.998774502467166
0.0,1.0,0.4444444444444444,0.8888888888888888,0.5555555555555556,0.2222222222222222,-0.023362223202618482,7.971885032130757,3.117933527391619,-0.065468788051902,-0.07931123828888026,0.02504535468999068,2.063891258601784,-0.013383744184145447,-0.12315516297606675,0.01087464290016224,2.2424254866120927,0.056631329431993296,-0.16622199437915838
0.5555555555555556,0.4444444444444444,0.1111111111111111,0.0,0.2222222222222222,0.5555555555555556,3.9048354498666087,0.009350069229319493,0.054182704272649145,3.9304326443288757,0.21641729293747125,0.0537852533036873,1.0332643866143851,6.12569468462776,0.024561893115997633,-0.1965461002176591,-0.039422271399474476,-0.06392866782525532,-0.03373064373960016
0.4444444444444444,0.2222222222222222,0.7777777777777777,0.3333333333333333,0.5555555555555556,0.6666666666666666,0.011402862897555485,0.0692507053693305,-0.07737633464288385,-0.07652257592133578,-0.007763974165319886,3.0575670312244254,0.055103399151647206,0.06002933860781641,3.110955826327825,5.9639014744504335,3.112012863025734,0.03345442465418944,0.015789628800092128
0.4444444444444444,1.0,0.8888888888888888,0.0,0.0,0.2222222222222222,0.18014444687445033,-0.031874485344098084,1.9233734365811794,0.14651508867681767,-0.004485923403632278,3.1105298619166977,0.03984775320050912,-0.1752418924636575,6.0281022961857555,0.0624609211760654,-0.007254627259044715,4.062335104733407,0.11921753869484648
0.6666666666666666,0.1111111111111111,0.5555555555555556,1.0,0.5555555555555556,0.2222222222222222,4.147153222142678,0.07919710444601258,-0.08447571011295173,0.012414443854648769,-0.07139037107112,-0.046042279121240655,-0.04756816554371043,2.9946601041655403,0.022187957300876415,0.20838933143678395,0.024751501540964786,7.178274604497838,0.9986510962069644
0.3333333333333333,0.3333333333333333,0.3333333333333333,0.8888888888888888,0.5555555555555556,1.0,0.07679714999543233,1.9644508296405447,3.0036212029088567,-0.0716643413889474,0.0692742498326462,7.922086601087349,-0.029742126135420474,2.022033608464083,0.04349841692645627,0.0524903533941421,-0.047379046214636435,-0.1359320124725357,-0.22599756746722188
0.5555555555555556,0.1111111111111111,0.8888888888888888,0.7777777777777777,0.7777777777777777,0.1111111111111111,-0.08934810940078693,2.9343284696752536,-0.06929903587341477,7.91583462791477,0.04606203676073667,-0.02749021592795029,-0.01371530862502669,3.9213715627687216,0.16317793690914434,-0.02760257411988215,-0.23511528176033158,-0.07772335599636888,-0.13283783806818436
1.0,0.0,1.0,0.4444444444444444,0.6666666666666666,0.0,-0.14011971993338773,0.046269287636617286,8.2381686405996,-0.12089858227122541,-0.04188674451250771,-0.07853214187536765,0.7835448577506231,0.11445811901023933,-0.09505017962626418,3.0764123214924544,0.13194897704393282,-0.012032467464598053,2.8945690453869366
0.3333333333333333,0.3333333333333333,0.4444444444444444,0.1111111111111111,0.0,0.4444444444444444,-0.27589275242375283,0.06597554177814544,1.214340551134715,-0.0450876938837618,0.046510746518210466,-0.03877440161149436,2.9393264431957578,0.15365588882264575,0.017115689680816386,0.0013563218577768907,7.012852182787602,0.012378510237218476,3.838731342252302
0.6666666666666666,0.8888888888888888,0.2222222222222222,0.1111111111111111,0.2222222222222222,0.1111111111111111,1.983009373756378,0.17187911347032944,0.07952760660124088,-0.05621861897470773,6.019395027307776,4.126030760243175,0.033262314723887146,0.24959945624489835,0.033487249921928156,0.0244085131173653,-0.10814745420175478,-0.1671210587554995,3.102945150458624
0.0,0.1111111111111111,0.6666666666666666,0.4444444444444444,0.4444444444444444,0.5555555555555556,-0.03955523002201816,6.9235218028448795,0.05640015094912126,-0.06139293076120538,0.07056366125912167,2.024107232636928,-0.06252645479450691,0.02575959707726096,1.8523500100611248,0.043963051833344036,-0.051341046241911215,3.9963093478623715,0.12340645500768727
1.0,0.3333333333333333,0.6666666666666666,0.0,0.2222222222222222,0.0,0.003109393184057793,5.934537896222187,0.09864291169741259,-0.004555740022527539,0.12032821094793499,-0.07458623286955365,-0.029784561198703485,-0.09822353025953019,-0.13218252352730822,2.016335681928698,-0.062496723667929126,2.9258287586166656,4.013622277974643
0.7777777777777777,0.7777777777777777,0.1111111111111111,0.4444444444444444,1.0,0.8888888888888888,-0.10594494269300805,-0.008097393917732764,1.9475451818048308,0.18382658483538628,-0.08360715250252174,-0.13591578860900952,1.9446506827246453,0.015473656988781104,-0.08778612751705603,5.944547686178762,-0.12758891647238774,4.915272440196647,0.033949014052628075
0.0,0.3333333333333333,0.4444444444444444,0.6666666666666666,0.1111111111111111,0.3333333333333333,2.088678393852306,0.03970008109545786,0.09629596425463169,6.99202730996909,0.06448427960759656,3.040467185083403,2.997871700714479,-0.24381325595146805,-0.016571054467651204,0.09223550870561045,-0.08054891463719713,0.18176586898924732,0.08265794684236415
0.3333333333333333,0.2222222222222222,0.4444444444444444,0.4444444444444444,0.4444444444444444,1.0,0.15185176923906446,4.176345326986034,-0.21006795933579925,0.09573124041890851,0.02478752676683827,0.11825718335726099,7.097851933983801,2.942683557229923,-0.09844460664262444,0.9005813646549776,0.01693080978911504,-0.09317142769363884,-0.09543631612511207
0.5555555555555556,0.8888888888888888,0.3333333333333333,0.6666666666666666,0.5555555555555556,0.3333333333333333,3.938739347575053,2.0326475683282608,-0.08015694952427459,0.10485463571384329,-0.07815785221917779,0.13674834593269072,-0.10214259966795552,2.9799085911147447,0.010255210585783159,-0.096360938418961,-0.07346326319510078,6.024688349982756,-0.04661615990735025
0.3333333333333333,0.7777777777777777,0.0,1.0,0.7777777777777777,0.4444444444444444,-0.056726513919751025,-0.04167720921029581,0.018280222080542276,-0.0839417358553407,0.1663421147637921,-0.18836456001200022,0.003907050718401426,0.9851215155048125,6.964382443055122,3.8598628006350313,0.06198907213790117,2.8328436167462194,0.052201211930723315
0.0,0.5555555555555556,0.3333333333333333,0.6666666666666666,0.7777777777777777,0.0,-0.01027402908303957,5.946100576067411,-0.12783858298053688,-0.07213203241664402,-0.23513111575917664,3.061717280210427,3.0138094412198932,0.0512541484642314,-0.12011198748644243,2.9403585010092796,0.059513528324094046,0.023390696685377493,0.11006314153612745
0.3333333333333333,0.2222222222222222,0.0,0.7777777777777777,0.0,0.7777777777777777,0.04247358160108571,0.03372429465727354,2.013893647044403,0.14059437132851957,6.952164658026017,-0.06449186383198352,0.0013150033812432574,3.996252400310465,-0.02436141413214424,2.087940441658795,0.0387263475927416,-0.05042549732141283,0.21577014296899738
0.2222222222222222,0.0,0.2222222222222222,0.6666666666666666,0.0,0.8888888888888888,1.9430714331315946,0.05889863832362468,-0.08519099644048739,-0.054062100721876144,5.964874155346377,0.18592057914285656,4.010712784746859,0.018812149641676625,2.8561222650463645,0.022784790606053082,-0.1030171840315109,-0.06761962199168615,0.04439955770193983
0.3333333333333333,0.3333333333333333,0.6666666666666666,0.6666666666666666,0.6666666666666666,0.4444444444444444,-0.04711591189813226,0.15134398700784035,0.1292071086753593,0.01850506544927823,0.007243496402225747,4.9819035573305985,4.0323814103704345,2.047004437999298,-0.025432621126168536,-0.11642213437034717,0.02567294396978629,0.01768714819662252,3.932587782157266
0.2222222222222222,0.5555555555555556,0.4444444444444444,0.2222222222222222,0.0,1.0,-0.005440258083364328,-0.08167593067783273,1.0602663028724797,0.01571673596570595,0.01848359132331979,3.0724623824474144,0.2191634136593478,0.003952924227156009,0.058853001554328405,0.1086236517395448,-0.009334515442889324,8.089742254278303,3.125460490932649
0.1111111111111111,0.5555555555555556,1.0,0.5555555555555556,0.8888888888888888,0.4444444444444444,0.0012417096784480297,1.2841767344627424,-0.1747250016410555,-0.07727107227387303,-0.11648753485927393,0.11488866837385084,0.027840652758303067,-0.07488279282563995,6.079876161695682,-0.029160014289819805,0.2630056824035547,4.949590529688346,3.1089087305894254
1.0,0.0,0.6666666666666666,0.1111111111111111,0.1111111111111111,0.3333333333333333,1.8992967965871963,0.05389986042721032,-0.044990210651368184,7.86993700326202,-0.2050023878509103,-0.02852370342847926,1.0981870635821938,0.00392058768412628,-0.14161587397614994,4.141062154394498,0.042475487024030284,0.078222750459349,0.044711318971300484
0.0,0.3333333333333333,0.1111111111111111,0.3333333333333333,0.1111111111111111,0.4444444444444444,3.2536914198024207,3.018052399271494,-0.08006153899811752,0.10798196202196525,5.781713264244578,0.02883101519618362,2.9621263552776886,0.12829812108291572,0.004635227113857092,-0.07552426415564634,0.013916197291563424,-0.1308171117853187,0.18474140198233907
0.7777777777777777,0.6666666666666666,0.4444444444444444,0.5555555555555556,0.6666666666666666,0.0,2.9770100056968434,0.06889461825173529,2.9370783148966075,0.043961811228442,-0.008364688793505852,0.1926554635313958,-0.14717415412197435,-0.041330130664539326,-0.050896683496335304,2.8768949977258678,5.987143440379348,0.08536369770850881,-0.07277516838860479
0.4444444444444444,1.0,0.3333333333333333,0.7777777777777777,0.0,0.0,-0.0012629111652625337,0.04544115993062357,3.0549810405092543,-0.051797637841935085,-0.24123617003659834,5.955300870272151,3.206947539167081,-0.09394243186159422,-0.1052124167038153,3.020369630588026,0.0007131192095024282,-0.06870504020425382,-0.0015582004204690648
0.8888888888888888,0.3333333333333333,0.6666666666666666,0.5555555555555556,0.7777777777777777,0.3333333333333333,2.9835255147087247,8.037248438698823,0.04417797154994525,-0.10829602868429483,0.06957065866433737,1.977991147157339,-0.06384267062657911,0.10450456178651407,1.9972465759630118,-0.03599655096528709,-0.026293597474773847,0.052876441755860475,0.018291772995511255
0.2222222222222222,0.8888888888888888,0.1111111111111111,0.3333333333333333,0.8888888888888888,0.3333333333333333,0.06768316240730086,-0.18263455926155248,3.1130380221309593,-0.008422947892189031,0.05546888627607824,0.13973606466974195,0.13698474467748467,-0.1373074552981101,4.101511976044214,4.0264719454059374,4.1031522581994455,-0.15784586236440168,-0.09907632506761878
0.5555555555555556,0.1111111111111111,0.2222222222222222,0.6666666666666666,0.3333333333333333,0.2222222222222222,0.02567261023702488,-0.08996278029049506,-0.038677540691482604,0.14097727279578645,0.22299739125542586,-0.01896184305669953,0.0952466626437879,4.017020940078085,0.09398848131424246,0.05321619047787042,0.8761225415226989,8.128943204196348,1.9141793996094045
0.5555555555555556,0.3333333333333333,0.5555555555555556,0.1111111111111111,1.0,0.1111111111111111,-0.13007977745943178,0.11981870938133657,0.9663349918682826,6.08419474527241,0.054337224899875664,-0.09629876003866365,-0.16009552771594315,0.17573373022831523,0.06935953089970144,5.146548037057885,2.9820261593464306,0.12437579589406866,0.17125695874904406
0.5555555555555556,1.0,0.8888888888888888,1.0,0.3333333333333333,0.2222222222222222,-0.02490044967419422,2.9731359639141304,6.009303814529542,-0.003756183525328263,-0.26600219177149687,-0.09509128336917663,0.028063936364224454,0.02936806912063601,4.025673133931135,-0.030142570533066394,1.7966712895197317,0.012304320400459447,0.021372708818266216
0.2222222222222222,0.4444444444444444,0.7777777777777777,0.8888888888888888,0.8888888888888888,0.5555555555555556,-0.09075357200729424,3.0352692273179938,0.025635802215652554,7.945922357372923,-0.012367353889281342,0.08370244296430043,0.029308727703201698,-0.09313671593205929,0.15671607373284938,0.11615507346449556,-0.08167612979935446,2.928179028803449,0.9366623970910829
0.5555555555555556,0.3333333333333333,0.7777777777777777,0.6666666666666666,0.0,0.8888888888888888,0.05856393784336447,7.067808856786558,0.058903142213961895,0.07123593339938374,-0.12848955811016594,-0.056093030627467635,3.808858336898712,0.08378915183281288,0.10157173992530828,0.1095313440084675,-0.04000841542752249,4.033435747784688,0.03863209838964611
0.5555555555555556,0.5555555555555556,0.3333333333333333,0.8888888888888888,1.0,1.0,3.1516668506375467,-0.19124687334897433,0.0742420369206819,-0.03382374676099147,-0.03509817976000559,0.06303770369470711,5.043108257609727,-0.08497053824980508,4.052213789304426,0.04046062088777271,3.165025578088941,0.024922083381475377,0.0784158506626012
0.7777777777777777,0.4444444444444444,0.7777777777777777,0.1111111111111111,0.3333333333333333,0.5555555555555556,-0.1482420027541314,3.9545454325920155,-0.09722738354931715,-0.005093478044706627,0.17074534906363456,-0.17254183783948784,-0.03090016992283616,-0.004537920898002144,1.9494181117667297,0.13871597642942674,7.112077147373377,2.1012427104009666,-0.03037402900227448
0.8888888888888888,1.0,0.5555555555555556,0.8888888888888888,0.7777777777777777,0.3333333333333333,-0.010540882047523181,0.05237683599340714,3.014297433167593,4.918125200228282,0.07458306672457653,2.7889632968034834,0.10728235345840174,0.17312847127773612,0.035930482548111806,0.08765829451394874,3.9971760716644718,-0.10374024447338036,0.1349530629768004
0.5555555555555556,1.0,0.6666666666666666,0.5555555555555556,0.3333333333333333,0.2222222222222222,-0.08798107301548959,0.22148194743493133,-0.035353637949359445,0.006348368383314012,6.000644687182168,0.041024764376310335,3.9422324242730413,4.967176469733108,0.12123632790047312,-0.14314142623790135,-0.0682390154594342,-0.08864627247909976,-0.010656893245862045
0.3333333333333333,1.0,0.1111111111111111,0.6666666666666666,1.0,0.3333333333333333,2.006733013168924,-0.02074949102265354,0.029121585133192164,2.0953479560109005,8.079786393866227,-0.017014066490065257,0.022867837119314283,-0.08701025897906522,0.13222193201703086,0.018150551738024785,-0.2439409243564224,2.9652587692125048,-0.09069853783831071
0.7777777777777777,0.7777777777777777,0.5555555555555556,0.2222222222222222,0.1111111111111111,0.7777777777777777,0.09881507004609787,-0.05943987762175593,-0.06776932815097465,5.949453186348297,1.8243979035367446,-0.14633254446632013,0.05323157007708621,2.9199972212491145,0.1168330783137681,-0.10447676595820372,4.006357076620094,-0.03356823981462997,-0.11476477053394685
0.5555555555555556,0.0,0.3333333333333333,0.7777777777777777,0.1111111111111111,0.0,2.0142980271859496,-0.06482725502646103,0.0007225832547437371,6.043592218718539,-0.0887852396648276,0.24653964969873501,-0.058655772080943774,4.078748363073451,2.9922781358354458,0.009066656379325832,0.017413252050794855,-0.07149444372743599,-0.004345221255105495
0.8888888888888888,0.1111111111111111,0.7777777777777777,0.7777777777777777,0.6666666666666666,0.0,0.002397674245118272,0.01674236956291259,-0.038202936787404794,-0.003261416611833299,6.87183508848979,3.9710274384213844,-0.059469498014705614,0.004305687415106708,0.037495067780665366,0.0012118249331302684,0.1763482852296437,1.8648952624741402,2.118815021563599
0.5555555555555556,0.5555555555555556,0.6666666666666666,0.5555555555555556,0.3333333333333333,0.3333333333333333,2.049151700622681,9.339975357391938e-05,-0.18913591470151875,0.045365445931637924,1.9627663784078466,0.02312607063973801,-0.1413693396536729,8.941594945237318,-0.010644253206445301,0.13762027097207127,1.957488136326527,-0.19075818545291834,0.028273705401684092
0.8888888888888888,0.3333333333333333,1.0,0.3333333333333333,0.3333333333333333,0.6666666666666666,0.14952538103523785,3.9702401802618716,6.9253885989159665,0.03224438994172898,-0.14082685927723645,0.014604340985342577,1.984512119000477,-0.025775075393925484,1.9792235739770236,-0.06747340208223142,-0.05161724477231362,-0.07427643976809857,0.026610537455945556
0.4444444444444444,0.2222222222222222,0.5555555555555556,0.1111111111111111,0.8888888888888888,1.0,0.00695588508355963,-0.04860402119253719,0.05244890318288358,0.047307073896629165,0.17623431195383327,0.08991123084813397,1.9981567700639364,-0.10504052161717033,0.02551665491524483,-0.11870924719182613,3.0659357159496845,7.968635713310445,2.121769697345575
0.8888888888888888,0.5555555555555556,0.8888888888888888,0.3333333333333333,0.0,0.6666666666666666,-0.10874655128246179,-0.005153894243020775,6.0206129799371455,-0.0626527044947864,0.13921668001020573,0.2825770500558186,3.1033557277018686,3.9191352160681125,-0.10901275005295329,1.9689332412534424,-0.016326285042934416,-0.046034131310112,-0.13341411595906014
0.3333333333333333,0.1111111111111111,0.7777777777777777,0.8888888888888888,0.3333333333333333,0.7777777777777777,0.05154522115392349,7.951005467542959,2.03032837588697,0.24529963957934228,2.812636566076113,-0.006810869031391158,0.005722701440716703,0.0004421279633484642,1.993464096590878,0.02338360597853581,-0.11391998599744618,-0.0010399869114527348,-0.05209393966736976
0.6666666666666666,0.7777777777777777,1.0,0.6666666666666666,1.0,0.6666666666666666,-0.10892212098990989,-0.034620333627221944,-0.18454072185086554,-0.25989222557959246,0.019822166150559428,6.951581974611996,4.020702877291964,0.07549870771000175,0.13594202594325294,0.06960720447198755,3.0682201388549024,-0.0011214158216348847,1.1344760396963596
0.7777777777777777,0.8888888888888888,0.5555555555555556,0.6666666666666666,0.3333333333333333,0.7777777777777777,-0.0831492399258239,-0.04079718173581668,-0.13308038863521168,0.03525986211082343,-0.05378847496903782,4.039344443050112,0.02865182704874905,0.20425362340170494,-0.09194611841134225,2.0114670029214987,-0.013742370370800255,7.1365526924759415,1.9738361652623027
0.2222222222222222,0.7777777777777777,0.8888888888888888,0.2222222222222222,0.3333333333333333,0.1111111111111111,-0.12862409108227643,-0.16546574897416486,0.0037232739871007636,0.1270301300778209,-0.014327661162811972,3.079525521459918,-0.007207247556122547,2.9257575994315004,0.12256539435141774,-0.2205388106888172,3.9469362376822996,5.016821437746245,-0.09688461423239465
0.8888888888888888,0.1111111111111111,0.0,0.0,0.5555555555555556,0.1111111111111111,0.030965402323896336,0.09401078687562173,-0.016339034512330267,-0.03208823115970942,2.9596569213548927,2.933593327994391,-0.011628745356202948,-0.041640448603429886,0.9789375445449164,0.2611800024300167,-0.08170961157753488,8.022969345442311,0.01352863841398444
0.5555555555555556,0.0,0.3333333333333333,0.8888888888888888,0.0,0.8888888888888888,0.20153094682800454,2.9016405208650764,-0.003983987995210004,-0.0709985602676683,7.025190359570417,0.10100510541851493,-0.07469947408883852,2.9772860035346516,2.084246726981814,-0.00028453339692098627,0.005731926742619616,-0.07911547787315552,0.1511507467582626
1.0,0.4444444444444444,0.6666666666666666,1.0,0.0,0.1111111111111111,-0.04292039147532172,-0.02814901286144252,-0.02986505074030568,9.097136288410471,0.11659341452639788,0.9815494278767711,0.00065851846191773,3.0506548285540753,0.019578279067165718,0.07852159774711742,2.1099250822093127,-0.06381587884213573,-0.022581108532031095
0.7777777777777777,0.2222222222222222,0.6666666666666666,0.3333333333333333,0.4444444444444444,0.4444444444444444,-0.005189087299420578,6.950896411977687,-0.2245990020043856,3.920148912935834,-0.0809393715309485,0.02404313373861553,1.0437695779068252,3.0302163427626474,0.027681202520632605,-0.09123110483210053,-0.1463643725085982,0.08011099930818498,-0.14775969104127065
0.5555555555555556,0.0,0.0,0.8888888888888888,0.6666666666666666,0.6666666666666666,0.19602862229174622,0.029199836097719634,0.011490288288439185,0.038929518784852346,-0.04618502406676228,0.07220209628124223,2.9866623990893464,-0.08379451717221531,7.044408396658572,0.27235734912348425,4.888417487716082,-0.022775445001386257,0.13317129852562892
0.4444444444444444,0.8888888888888888,1.0,0.0,0.7777777777777777,0.5555555555555556,6.950785417906776,2.1359046074001697,0.10847726595298271,0.0015616021019936178,-0.017342825041551765,0.09402840405368355,-0.07774642544371438,3.0760896492365086,0.1401752612285268,3.1231653332950433,0.10011581212328538,-0.09780515720665324,0.06779560191887202
0.6666666666666666,0.3333333333333333,1.0,0.0,0.4444444444444444,0.2222222222222222,4.993053592856024,-0.10573610331503767,-0.014012095429806151,-0.14334952239050325,3.982091878379867,-0.012304263561465911,0.053819537949513344,4.106547809308321,-0.14013201681924312,1.8672396269527882,-0.2046315887848345,0.08385336133918299,-0.0686931053357579
0.1111111111111111,0.7777777777777777,0.1111111111111111,0.0,0.2222222222222222,0.7777777777777777,-0.05620131955900596,-0.004428831050631383,-0.0004736762594686852,0.06841859207540076,6.783972912084945,3.9802640685391926,-0.12325326664291425,0.1691839637528266,2.0531287787166406,2.0351968839500723,0.217209210166483,-0.014620691144341356,0.08961950000075884
0.8888888888888888,0.8888888888888888,0.0,0.6666666666666666,0.5555555555555556,0.4444444444444444,2.853879875414108,0.020141198709962435,3.2274656006808202,0.049801083848908266,-0.0751854999542424,-0.0975596039113728,2.8426133645196754,0.0443637480249261,0.08610516617464636,0.012710617194161064,-0.08113466541884377,0.024182053503697808,5.931325718933205
0.7777777777777777,0.4444444444444444,0.0,0.6666666666666666,0.4444444444444444,0.6666666666666666,0.1220734704603766,-0.041086903218014906,0.9117230958233029,1.9454371510479687,0.03868001417893414,-0.12304912745505941,0.06670293110927722,-0.027126113004446117,0.008182017139155161,-0.012996585606988176,0.22640588382744,9.983049463263665,2.0845225425463036
0.4444444444444444,0.0,0.2222222222222222,0.8888888888888888,0.7777777777777777,0.8888888888888888,0.24532289940279003,0.04257522982355563,3.184759585803714,7.009745475457708,0.07967066359129503,-0.05887080766456407,-0.11121789276369586,3.903122895942885,-0.0024155111946481214,1.0285738405009817,-0.11169031271121468,-0.13783563299957896,-0.18767281203226155
0.6666666666666666,0.4444444444444444,0.4444444444444444,1.0,0.8888888888888888,0.4444444444444444,0.21267091622539663,2.010759321596213,-0.21452681743690902,-0.0009091063036026873,-0.015927084073534607,4.86228265323699,4.115931154732213,3.954263754209459,0.004129325854402055,-0.028431232652637896,0.004638541309004886,0.10175329375083193,0.06056706550095873
0.5555555555555556,0.3333333333333333,0.4444444444444444,0.2222222222222222,0.2222222222222222,0.7777777777777777,2.9548113172258037,0.1575488157876916,0.15401930877660375,-0.14632025990272432,-0.11145494885142249,2.9388835771304174,0.15250842231690748,5.981728679921969,2.942807866793095,-0.003399369950691254,-0.022414276767155517,-0.01559786556735893,-0.10696374504553513
1.0,0.5555555555555556,0.2222222222222222,0.1111111111111111,0.4444444444444444,0.4444444444444444,1.9206841254132474,-0.026716118180480086,4.138157576074808,0.1289161297478266,0.09156867139248748,0.03633261944169959,-0.2611875576069897,0.1780367361410017,0.11180121803100328,-0.03693193599904059,-0.06483833712790525,3.018607202681141,6.0044710047680026
0.1111111111111111,0.8888888888888888,1.0,0.2222222222222222,0.5555555555555556,0.8888888888888888,-0.06926733848356946,2.1493980525626286,-0.06550534085395725,0.024987120907251997,-0.12042515013988433,-0.025528929248497957,0.10822661596494097,0.004256964528509418,-0.05869133310724626,-0.19481761426993474,2.9659008658162453,7.96453463588109,2.07333459271076
0.2222222222222222,1.0,0.4444444444444444,1.0,0.6666666666666666,0.1111111111111111,0.13222188601370485,-0.12185709387096413,0.08016905514723288,2.903126375181214,0.11493378330270186,-0.04367955424253651,0.055727908497171665,0.15488294710799988,-0.17036701767333196,2.014685858037088,2.157739464640833,8.07791216392921,0.21659413587089602
0.2222222222222222,0.6666666666666666,0.2222222222222222,0.0,0.0,0.6666666666666666,-0.04962480662521354,0.10852104656357174,0.07184401910974757,0.005058829084876129,-0.10123195580299629,0.02237323629479778,2.1933760101849997,4.1249880810603266,8.04884160794067,0.9506082756322403,-0.14075125184609846,-0.01990298495603428,-0.09089871057218524
1.0,0.6666666666666666,0.2222222222222222,0.3333333333333333,0.2222222222222222,0.0,-0.03559097896430043,0.11026279359998135,0.12252410581163378,0.1087177558331362,0.05441542266812232,-0.05297963539231237,0.04389980168515822,-0.17267080611678623,8.11040460553011,0.890065708295181,0.13341365490398446,2.936645535782618,3.2233114224345263
1.0,0.6666666666666666,0.1111111111111111,0.4444444444444444,0.4444444444444444,0.2222222222222222,-0.02638579714662669,-0.01156971970419413,3.0762400229910085,-0.1341866118869837,0.02185997587907845,-0.10052830715697354,0.06768507529542582,2.0499756373612468,7.022433020318042,0.12361823288542846,3.0143497033647986,-0.2194766455975974,-0.07532163043354445
0.5555555555555556,0.2222222222222222,0.3333333333333333,0.2222222222222222,0.3333333333333333,0.8888888888888888,-0.09595815581646647,0.06633858890718462,-0.020235995532477027,-0.06430290604299908,-0.0813452530752781,6.965838256606015,3.0421840063261336,0.08895066833330591,4.003750630038019,0.9557121135141893,0.003925138210219114,-0.12110996236851879,-0.045792279707317224
0.2222222222222222,0.4444444444444444,0.7777777777777777,0.3333333333333333,0.3333333333333333,0.3333333333333333,1.1428612957547084,0.10722044286829023,0.2236463345235761,-0.07332018625168137,0.2600242685059272,-0.050685124300106736,-0.06531524096667718,6.029699761486523,0.04913036474431243,3.0194240427205954,-0.007757471735919494,0.20618263705376597,4.88020564938186
0.6666666666666666,0.2222222222222222,0.5555555555555556,0.8888888888888888,0.7777777777777777,0.3333333333333333,0.890345072283373,4.0212837933237084,1.9902694025237635,8.00509134491102,0.23178815243852485,0.1671679120015502,0.06432677271477474,-0.07658654798486603,0.02551034199886166,-0.17418290174092543,-0.08488428411293358,0.07497497188050299,-0.09394742584377891
0.3333333333333333,0.7777777777777777,0.2222222222222222,0.2222222222222222,0.0,0.7777777777777777,1.9385940772768662,0.02242153835226375,1.7062536255740608,4.021262906787005,0.031352127530270175,7.0567825958967525,0.16826602010071565,-0.05162865457554292,-0.02058548223801773,-0.0785945336538163,-0.06208847932359114,-0.07223044012835274,-0.07193372043802428
0.0,1.0,0.5555555555555556,0.4444444444444444,0.8888888888888888,0.6666666666666666,2.803913140875622,-0.11417084573085819,1.0795876657067534,-0.03401833594159576,-0.049215018207458716,-0.043496189328120605,0.031379130194483594,-0.13271640405053853,0.09106198851208021,-0.20794861336991965,0.10177873555958748,11.042667455952087,-0.20590798648674996
0.4444444444444444,0.1111111111111111,0.6666666666666666,0.5555555555555556,0.8888888888888888,0.7777777777777777,5.008656648826207,0.03999687285935595,-0.1194173510174019,-0.006559648650084896,3.8483264814476814,3.0867876687009734,0.07040355048960238,-0.0014163012350528778,2.7448662674526307,-0.005910461997617113,-0.017826329916026017,-0.06721311174649418,-0.14577360658270877
0.4444444444444444,0.2222222222222222,0.2222222222222222,1.0,0.0,0.1111111111111111,-0.08415273842237053,-0.04924280978319867,-0.01054591281349323,0.0658706538870541,0.06277594032459714,7.0202705778339745,1.8971383538464452,3.0199859496280235,0.06571788346094488,0.06904782210017195,0.09589516245309765,-0.2322067212821355,2.8556846388432784
0.4444444444444444,1.0,0.4444444444444444,0.3333333333333333,0.0,0.5555555555555556,0.9606894457203732,0.07838269167989453,0.08431079500416691,2.9372504651315197,6.208020533420916,-0.18623497521300392,-0.03251871788881274,0.06918599127217205,-0.04644671907481429,-0.09389165089121744,0.12123388232174342,4.986943946384369,0.021230900631627973
0.8888888888888888,0.8888888888888888,0.7777777777777777,0.2222222222222222,0.5555555555555556,0.1111111111111111,0.12012879155202201,-0.07994313179164698,0.020286838040995927,3.9584684825464445,-0.11983783895688785,0.10681349394918452,0.053898464431385955,0.02846174345264811,0.008254857726366622,0.14062007351140285,3.7419640745083744,6.971200241711679,-0.14541509944071832
0.5555555555555556,0.2222222222222222,0.1111111111111111,0.2222222222222222,1.0,0.6666666666666666,2.0242414929425707,8.122379833622627,-0.08512283233407374,0.1526587247820197,0.03694509881536074,0.07817362707465178,0.08075862325037933,0.03952428111918188,-0.09362884948331063,2.927528029357858,-0.003280132932161837,-0.04716132545477915,2.0563768675749405
0.7777777777777777,0.4444444444444444,0.6666666666666666,0.1111111111111111,0.5555555555555556,0.7777777777777777,-0.22679273207219156,9.03426539880895,0.9902032760046061,-0.02402446136179928,-0.00963036711591959,-0.21943864404475405,0.06942761699234783,0.00291213991378954,2.24530354495869,3.071879317943518,0.02133912887148098,-0.10874561899760998,-0.0887341867941216
0.5555555555555556,0.4444444444444444,0.8888888888888888,0.2222222222222222,1.0,0.6666666666666666,7.905969521028817,4.19221187248486,-0.08266971974897976,-0.15223638522754468,0.0922024119108855,0.08729629568951747,0.9899450068936034,0.09404553588470518,2.0274938156278495,-0.1273522063348784,0.21069966758276798,-0.2214957209956303,-0.03422880567415478
0.1111111111111111,0.8888888888888888,0.7777777777777777,1.0,0.1111111111111111,0.1111111111111111,0.14668304546263494,0.19702908927511043,2.907490747296471,-0.0006071414989279461,7.901170815499735,0.14887702595483002,0.028041089476506843,-0.034891086315475536,0.055425256776607104,1.8457758763943226,-0.1257530551460698,0.02715023661013969,2.129022851650121
0.1111111111111111,1.0,0.7777777777777777,1.0,0.8888888888888888,1.0,-0.024654063629468505,1.0342479191279021,-0.10304328288328489,7.176494221829923,0.08475595245949957,4.133467879566868,0.16747332580168428,-0.023688098396763266,-0.035570146013162725,2.796750336155004,-0.044283495423498305,0.06714438721316504,0.10843612806147931
0.3333333333333333,0.5555555555555556,0.1111111111111111,0.1111111111111111,0.0,0.7777777777777777,2.02764685264123,-0.011554810629686286,2.0988373088783074,0.041129398872058964,2.937299326156931,-0.01460562567580521,0.027293078744825616,-0.10989434598189472,-0.2757263833596162,0.07561358389551298,-0.09827683232759897,8.091084892578735,0.06604135306947423
0.6666666666666666,0.2222222222222222,0.6666666666666666,0.4444444444444444,0.1111111111111111,0.0,2.987106755675172,0.18280123704960982,0.06759609742353438,-0.03519555265051284,3.1621526148725256,-0.10882657851962851,-0.25271364033390825,5.964286694844218,0.09479765636846699,0.043688202883880534,2.9728271476289976,0.06993663800698727,-0.07780221526416756
0.4444444444444444,0.4444444444444444,0.7777777777777777,0.0,0.0,0.7777777777777777,-0.11863687279890352,10.944162951295224,0.9264023407801255,-0.10251901336342567,-0.016389042149506358,3.125104552725488,-0.0317254279650147,-0.09209413173554015,-0.05378237729083431,-0.02243570349286619,0.05573434841280575,0.07788372765216196,0.17665656075093944
1.0,0.0,0.6666666666666666,1.0,0.4444444444444444,0.6666666666666666,-0.056481178618860595,9.050735688714813,-0.018775844500344467,-0.10030902447427,2.0002016815745702,-0.22090637678844136,2.960802887704106,-0.008929348781007023,0.9723192455837495,-0.07382921926969574,0.047816868959591814,-0.05271230769997999,-0.08565163120709253
