X1,X2,X3,X4,X5,X6,y1,y2,y3,y4,y5,y6,y7,y8,y9,y10,y11,y12,y13
0.8888888888888888,1.0,0.3333333333333333,0.8888888888888888,0.8888888888888888,0.0,0.17886284734303187,3.043650985051199,5.0096497468072005,-0.1863492703364491,5.9722611797485605,-0.035475897926898675,0.991725851851754,-0.06270006768238473,-0.004381816897592824,-0.04772180303595027,-0.1313864753362682,0.08846223804995847,0.088131804220753
0.5555555555555556,0.3333333333333333,1.0,1.0,0.5555555555555556,0.7777777777777777,0.17095730636529485,3.005003364217686,2.959532258539911,0.945464005238047,-0.15464773155829684,0.09823674342581601,-0.11010676301114758,-0.1185046527020173,-0.02056498994225411,8.148614835507459,0.023671626722691234,-0.10237851399264682,-0.07129932001120494
0.6666666666666666,0.0,0.4444444444444444,0.7777777777777777,0.8888888888888888,0.1111111111111111,0.06252449661628294,-0.01605133631869239,-0.07688363503192301,-0.023003072227793908,2.074505626640537,0.19761107831263025,-0.12441233289559371,6.937358308881163,3.9196233905423425,-0.241908317317867,-0.09237920216957886,-0.10238757608428378,2.1123977958957467
0.6666666666666666,0.2222222222222222,0.2222222222222222,0.1111111111111111,0.3333333333333333,0.5555555555555556,-0.01319142328009009,-0.16232854458352475,2.0646675452270173,1.9643729240553256,-0.1743141036953459,-0.059664964168419925,-0.05885943796882429,-0.08738822977622995,0.002971381536101662,-0.2248257767576606,3.9732238135153946,0.10131834418864945,7.085279784095415
0.8888888888888888,0.1111111111111111,0.8888888888888888,0.7777777777777777,0.8888888888888888,0.1111111111111111,0.11081874999349926,0.11193906553188915,0.14875431319925397,2.8881699315599634,0.08458334070571821,-0.18608895289421137,2.939711489599278,-0.19144720434058143,0.10481475122462552,0.13337378194424868,2.980258532084175,6.177464503140594,-0.06747275103117134
0.0,0.5555555555555556,0.4444444444444444,0.1111111111111111,0.5555555555555556,0.4444444444444444,0.01506168653650223,1.0152945702762481,2.8935804726063474,0.04379466112800821,0.19389784604004945,-0.10249308746080865,0.08993384458408143,-0.015450685189928749,0.1769627303293743,4.048378834760053,0.06762163998630621,7.064316328059572,0.024908670672583413
0.7777777777777777,0.6666666666666666,0.0,0.0,1.0,0.2222222222222222,-0.1395763502640675,0.13916629077448076,3.8629330987447985,3.0238563192405903,0.06140770877540938,-0.08379122727022942,0.014506321410352789,0.11678822863016419,1.997589552992877,-0.08886574178529492,-0.29157377517927124,-0.09718405025726094,5.940892126151413
0.4444444444444444,0.5555555555555556,0.8888888888888888,0.8888888888888888,0.7777777777777777,0.5555555555555556,-0.051641736778847404,1.9040003819772784,0.03772952341132005,-0.05747084204927051,-0.010945433388060836,3.0679071599825507,5.914456283134012,3.969979392548045,0.21581493420569187,0.08742857226105204,-0.12935366319217842,-0.00797409381855717,0.05644855182945971
0.1111111111111111,0.1111111111111111,0.1111111111111111,0.5555555555555556,0.5555555555555556,0.7777777777777777,0.12334710444531563,0.014898639468099086,1.9469417855644895,0.926947335630667,0.06450619849839091,9.03130603740241,-0.051664792479814974,-0.018907166643571283,-0.0416198015130148,3.072465765823945,-0.06899606773138658,0.04864144752686152,0.08515189504847083
0.4444444444444444,0.3333333333333333,0.0,0.0,0.0,0.0,0.048624932610831124,-0.08342398506717849,0.1344992456622238,-0.06782126793411518,0.04264350744400753,3.924666520640253,-0.1744110250641094,1.022575026624582,0.028703516469482444,1.992255903944006,8.027606849724284,-0.06484108883064817,-0.07374648374587585
0.2222222222222222,0.2222222222222222,0.7777777777777777,0.0,0.5555555555555556,0.0,4.983190990137809,0.1909276809266566,0.08148145412513252,-0.05199917540975635,0.05587132048474234,7.952163533955679,-0.04572607871383068,0.08592840082646756,1.9474735354844366,-0.16756346341845954,-0.09064947005743283,0.008841520620200596,0.012800782111610086
0.1111111111111111,0.4444444444444444,0.1111111111111111,0.2222222222222222,0.2222222222222222,0.4444444444444444,0.12416165181585398,0.9283974202482581,7.073146573582011,3.042596674984978,-0.014901377221550174,0.0835843902181973,0.04921189029137968,-0.08623084869368738,0.1071683929782794,3.877909808010387,0.005961543309032955,0.0002444161989235142,0.042463572085985696
0.8888888888888888,0.0,0.6666666666666666,0.0,0.4444444444444444,0.1111111111111111,1.9274566519601488,-0.0034943385552090606,-0.014062002701591825,3.099708836709365,-0.07959146932233903,0.007274552915143462,-0.026124048467201857,-0.12980466376694824,0.2676112467653689,2.9928780972839437,-0.14866580709207608,0.140862695884896,6.8929414500847495
0.5555555555555556,0.1111111111111111,0.8888888888888888,0.8888888888888888,0.7777777777777777,0.0,4.037086997203026,0.08628320949627666,2.935156797722394,0.9569109944614398,-0.054027026379055404,6.9870638990248946,-0.16224611704696182,-0.12356366241061226,-0.01407864421846237,0.10389521173544557,0.0631744177429087,0.1729417429210297,0.06940522720694241
0.0,1.0,0.1111111111111111,0.7777777777777777,0.8888888888888888,0.7777777777777777,-0.0511128992552914,-0.01228434056130393,3.79696064462217,-0.09607751102139339,-0.10203592788039856,0.027059342497066482,0.06478297974098579,-0.05603734188841619,-0.0588501619679429,1.8453444177188922,1.9872237942114142,0.024816802714682323,7.044578095865314
0.4444444444444444,0.0,0.0,0.4444444444444444,0.3333333333333333,0.0,-0.0782709043447464,0.1988489679810551,7.1195058335971275,-0.009523759870062423,-0.052718777933396,-0.03215846930921835,0.015113037165299168,-0.0018627715556959045,3.0483528787408307,0.07689651576916866,0.13662428435589186,3.114726479311261,1.9889770844598076
0.8888888888888888,0.2222222222222222,0.7777777777777777,0.2222222222222222,0.1111111111111111,0.3333333333333333,3.0388250414284896,0.9612872818822037,7.941277968767169,3.1910826851356364,-0.0459846150218099,0.19907378123222452,-0.03490353929825302,0.025282509122154975,0.10894095481862992,0.002392202180891483,0.03931252812580668,-0.02413847998093563,-0.04755248578132477
0.2222222222222222,0.4444444444444444,0.1111111111111111,0.2222222222222222,0.2222222222222222,0.7777777777777777,1.9834222976868563,-0.06497174207470245,0.16313829539585936,-0.016769860276646405,4.17226691978467,-0.2685108677799625,2.0018420794714653,0.056195167242208605,-0.029382123783761,0.1094653079198753,7.063969235520312,-0.02746001203219027,0.043500925817174435
0.3333333333333333,0.4444444444444444,0.1111111111111111,0.6666666666666666,0.7777777777777777,1.0,0.28118783750058735,0.02519951266832267,0.02995023312069633,1.9560008688772035,0.013349704102280641,-0.12892611938117313,-0.01982902566629641,0.2457587626290851,0.10672155507363046,2.064142065559405,7.1103921664605,0.18817549911074855,4.059358811479112
0.1111111111111111,0.0,0.0,0.5555555555555556,0.8888888888888888,0.4444444444444444,1.2070878525776085,0.10697983584569933,7.016651951001827,3.1719476555288635,-0.23592147380127781,-0.05713489619287757,0.02657870467480051,-0.09120909131338856,-0.015605840282949944,3.936120910362236,-0.06544152115856668,0.27119263345300054,0.06274738890733787
0.8888888888888888,0.8888888888888888,0.3333333333333333,0.4444444444444444,1.0,0.2222222222222222,-0.005394784919048746,4.131516722427488,-0.023733747553109176,0.0885339675170791,0.0350815840962548,0.1626573604958715,-0.1419871306328183,4.076572107202379,0.012224974536505732,-0.11573833756642403,6.106542018158267,-0.08723756613294302,1.1619238484596983
0.5555555555555556,0.4444444444444444,0.7777777777777777,1.0,0.1111111111111111,1.0,0.05130930084025073,2.069548398308556,0.008045738824723,1.090452848675873,1.813434882751516,10.007472779394993,-0.06282508068041004,0.02826603073765432,-0.004715690665315173,0.061657788331568576,-0.08376314467621396,0.18391518871873186,0.2315858597250452
0.0,0.7777777777777777,0.4444444444444444,0.8888888888888888,0.8888888888888888,0.4444444444444444,5.979171658191725,3.9985026814182376,0.028755765036635614,0.12640857503776617,0.18969009558036365,-0.1205802790808515,3.9384891435585487,-0.10621561234278301,-0.11127811504388292,-0.1639296247316983,0.03628034862171355,0.8840963534978793,0.15032619527054863
0.1111111111111111,0.4444444444444444,0.0,0.5555555555555556,0.6666666666666666,0.7777777777777777,0.09083187163404699,1.8970290474686724,1.8969791382293442,-0.06123844176841136,0.1399965496021865,2.915039264028699,-0.14935496677890386,-0.004942388525533884,0.037338994400136105,-0.06572574850828106,0.16194308066407048,8.024045678041459,0.04530377867748749
0.0,0.7777777777777777,0.8888888888888888,0.1111111111111111,0.5555555555555556,0.3333333333333333,-0.08555327209832658,3.996027016140491,3.984348118577192,-0.22722441146208566,0.02876572287108612,-0.17948070353223222,-0.0028785645612158252,5.852605717318176,1.2019650642095354,0.03262622729486563,0.08613576138837739,0.09190081310452454,-0.1324488697294862
0.6666666666666666,1.0,0.1111111111111111,0.3333333333333333,0.7777777777777777,0.4444444444444444,-0.22817923149605376,-0.03295781528443636,2.0897149747186368,0.009103451157733452,7.078543224707709,2.0936632573010208,-0.149239710102063,0.028768372371844594,0.19664746279153367,-0.05705322951029477,3.7970927874261915,-0.023190455319760505,-0.046466872114890076
1.0,0.0,0.8888888888888888,0.4444444444444444,0.7777777777777777,0.8888888888888888,0.041838102261867134,-0.08924063346634244,9.009071677302865,-0.22174176110366517,2.0853963371656388,0.15868665430662815,0.12978776138584577,-0.1515215658427796,0.031919617587560394,3.7016029795118035,0.028318592178048992,-0.006436017188922021,-0.09957942444575174
0.5555555555555556,0.6666666666666666,0.7777777777777777,0.3333333333333333,0.5555555555555556,0.1111111111111111,0.034379451849829955,0.013801465500803696,0.09395028541954219,0.01273085242395576,3.0235027012864424,-0.19450722621737432,-0.1159722950990108,-0.04758993869095291,1.0296844530770175,1.9993701221042666,0.15008903569010312,8.912984080996234,-0.02396320734654708
0.8888888888888888,1.0,0.2222222222222222,1.0,0.8888888888888888,1.0,1.025508069478278,-0.023149740962670612,0.04955803951768905,-0.057056282400487206,0.1420342305159297,6.968040985906711,0.11159451845818241,-0.0030303367201114286,0.14915223463278612,-0.13981160108376942,0.051679755410331873,3.956742362385012,3.0231400761021483
0.4444444444444444,0.5555555555555556,0.0,0.8888888888888888,0.7777777777777777,0.1111111111111111,2.119280516555487,-0.11390967988114481,-0.13220297347269758,-0.09983668786197869,0.02543875743021134,-0.1886836925360805,0.009659373437643209,5.871377067237263,3.8856278173662875,-0.03691777451833975,0.038059758458030175,-0.06264145034858772,2.9507956106857574
0.2222222222222222,0.5555555555555556,0.2222222222222222,0.7777777777777777,0.6666666666666666,0.7777777777777777,5.995815577181918,-0.0272735536136126,-0.26765213650405156,-0.043010060707701275,0.008496405782088995,0.10977794875406313,0.20463327763647607,3.06669878495917,0.007909219271105895,1.903523653269054,0.008905337079807079,0.07788969022802447,4.126464491151926
1.0,0.1111111111111111,0.5555555555555556,0.7777777777777777,0.5555555555555556,1.0,-0.08805113340514016,1.023640559563095,0.08156044659893863,0.18608116691760945,0.025559048573524625,-0.05415037160877011,-0.06895996570906168,-0.03574407287284348,-0.06519202039299427,6.082653584820365,0.10693057225306989,4.072485682229149,4.119218624306914
0.7777777777777777,0.2222222222222222,0.6666666666666666,0.4444444444444444,0.8888888888888888,0.4444444444444444,-0.04537685382981797,0.038033505868095265,3.9615336824369485,2.004365868825309,0.1224985742468971,-0.002973531181966546,-0.18648057976546634,5.974718401238313,-0.07128497956872802,2.849108288020757,-0.07903656891853948,0.09606248032998538,0.16809106489052852
1.0,0.3333333333333333,0.8888888888888888,0.5555555555555556,0.6666666666666666,0.3333333333333333,-0.04890060417661773,1.1002535836763283,0.11782221014724181,2.884020773212864,3.9960637295252823,-0.004446017087362048,0.01723856788314223,6.840624918961813,-0.034914223912559154,0.10578212070622872,0.12622031991734703,0.18313620810185752,-0.03375090455172518
0.8888888888888888,0.4444444444444444,0.2222222222222222,0.7777777777777777,0.7777777777777777,0.2222222222222222,0.18695075562967262,0.06659051116898648,2.8640798832275824,0.07616092820538556,-0.035228003425087744,0.05190762641226176,-0.010252394254675272,0.12082386408676518,6.025656015941981,-0.028250501810129426,2.0964965768438453,0.025622177642276048,3.958704359921733
0.2222222222222222,0.0,0.7777777777777777,0.5555555555555556,0.0,0.3333333333333333,0.12772743620558458,-0.04083452424507089,1.9362865136938912,-0.05395746120322971,-0.1465472088098516,8.94467928305223,0.18608776920378559,-0.09082839352408412,2.0008418903741827,1.889181665046135,-0.06113531517758014,0.15186921589496732,0.0896355735894469
0.3333333333333333,0.5555555555555556,0.5555555555555556,0.4444444444444444,0.7777777777777777,0.2222222222222222,-0.0610250350242069,0.0006220116083705235,2.917399603810242,-0.07842053522580003,-0.09148221980385753,-0.08971397769002416,0.032594927311817394,3.05967931667524,0.04882424926364187,1.9830563143136588,-0.13580452003570914,6.993288952836084,-0.09242937418378228
0.2222222222222222,0.6666666666666666,0.6666666666666666,0.3333333333333333,0.6666666666666666,0.7777777777777777,0.0881301132519483,5.055644294461955,0.07468915307081105,-0.034836831647284794,-0.1811019173528643,0.09578963935854923,5.12263213349433,2.8516683391554087,0.01379160442317949,2.119325257916176,-0.10757235496136396,0.17676827758698885,-0.03490324565207251
0.7777777777777777,0.0,0.8888888888888888,1.0,0.4444444444444444,0.5555555555555556,-0.1075390110352028,0.13716580409297005,0.02945321365101951,3.9346861838430667,4.08797879528914,-0.1955767128369703,0.18153063768267447,-0.08162500603504509,6.028598427306966,-0.03986161702554536,0.04362321147585957,0.08879257228203044,0.9176113895024938
0.4444444444444444,0.5555555555555556,0.0,0.3333333333333333,0.5555555555555556,0.4444444444444444,0.07863629178835219,2.9705966752310826,4.931214049016591,-0.022404360720612897,-0.10046086053880882,3.920433242686774,0.09491338398560337,-0.015082304237665762,0.11415330979105376,0.043175699432843585,-0.10259682963524804,-0.18978714276161332,2.9312758181911365
0.2222222222222222,0.5555555555555556,0.1111111111111111,0.7777777777777777,1.0,0.6666666666666666,0.026412648937636354,8.000881291991316,-0.08300956206129544,1.1012812300256443,-0.17457235043044902,0.8741353412814012,0.01272951023462422,0.2193763152697993,0.0413934128215995,-0.10052396596473859,0.05926571399940503,5.0683396574255895,0.09378569275311086
0.0,0.1111111111111111,0.7777777777777777,0.0,0.3333333333333333,0.7777777777777777,-0.04098645338771835,7.920027356072353,0.011821727935095082,1.0415274879084777,0.15982352478780304,0.20896488748620837,-0.07330699337683964,-0.052297162699899175,-0.006357308059048102,4.97502278934055,0.04857901771702392,1.0485737205094658,0.025789698382528183
1.0,0.3333333333333333,0.5555555555555556,0.6666666666666666,0.1111111111111111,0.5555555555555556,3.1344071291030793,2.984148907558029,4.894919206084365,-0.15606012270773398,-0.10281398746516829,-0.10442579211637902,-0.18834238307500453,0.06631877698390688,0.01852678352782835,-0.04227927274428081,3.9110111020952556,-0.15809453763125744,-0.09197195967730547
0.3333333333333333,0.6666666666666666,0.8888888888888888,0.5555555555555556,0.6666666666666666,0.7777777777777777,0.18479090566185066,-0.22107916395785648,0.014181051738349576,1.074363697075019,0.01361322297175994,-0.03168049208137305,0.0768073943349123,-0.1103328259880154,4.055554499536901,2.143069737170893,-0.10413743865011504,7.918016659357209,0.01359403752325965
0.0,0.2222222222222222,0.1111111111111111,0.6666666666666666,0.2222222222222222,0.2222222222222222,0.09895727958115563,0.13391482967526191,5.068062695351791,-0.06695027738712113,-0.11144127120676824,0.024297857604063097,0.039825762691671325,0.8899447688805406,0.005979048537364333,0.03322374653550931,0.10450639932322842,0.9009437296394094,8.05569645282587
0.5555555555555556,0.7777777777777777,0.1111111111111111,0.4444444444444444,0.7777777777777777,1.0,-0.11692757971880355,-0.04265859794175324,2.992172325144333,0.15179162578977623,0.3314304239218028,5.02535456753043,0.049529149632923736,0.10075416147102322,-0.13616562231453547,3.0765663401730774,-0.1241739860368897,0.1629111973303493,4.144349176493188
0.3333333333333333,0.1111111111111111,0.2222222222222222,0.3333333333333333,0.1111111111111111,0.5555555555555556,0.05015396832734578,3.919330148581452,4.166802527088258,0.02596883747016339,0.011024354242385258,4.057954334669497,-0.17123465710858865,0.0428499422515909,0.09961081529079141,0.033900098162524636,0.01452587454793304,-0.09536581161274192,3.06435548290022
0.4444444444444444,0.5555555555555556,0.2222222222222222,0.4444444444444444,0.1111111111111111,0.3333333333333333,3.020046894707264,0.0009063786618308697,-0.056320491878419046,0.08561711100483982,3.1247184369690464,0.03881461741959979,0.08967490724098993,0.1326023297341772,0.15881611452455605,2.022565015045214,-0.021332802096531992,6.95850541315067,0.0013747012349088418
0.2222222222222222,0.1111111111111111,0.4444444444444444,0.5555555555555556,0.8888888888888888,0.3333333333333333,0.05519664082287561,1.0938181935126898,-0.04267420209948732,0.014985755656109122,-0.09965800171083447,6.126396400710605,-0.039146105277790035,0.03579211279714816,-0.07193700625293167,-0.029827604066822645,4.931400389587371,3.170496655762392,0.035936374191407966
0.1111111111111111,0.2222222222222222,0.6666666666666666,0.5555555555555556,0.7777777777777777,0.1111111111111111,2.9833555334950796,-0.09476423158194931,-0.06102997148963751,0.05687050623915977,0.16659250180119087,-0.1430888830429725,-0.09170465590013145,2.98242118379071,-0.06282673512796177,0.8340817931271649,8.00193097496654,0.07510425510341932,-0.15771113595786737
0.3333333333333333,1.0,0.3333333333333333,0.5555555555555556,0.0,0.7777777777777777,1.0210959776674595,0.0964672908553372,0.09803273275680487,-0.04198706935179985,0.2304749045933291,3.055511340478994,-0.08110662182497472,1.0984298939895567,-0.11225879687189821,0.08952694534612417,-0.12620543441351464,10.079054257343408,-0.05835617676212937
0.2222222222222222,0.6666666666666666,0.0,0.1111111111111111,0.0,0.4444444444444444,0.11322880626669339,0.0740677414538285,0.044720791933334066,5.005863243396231,0.10870162570956828,3.8196658087077178,0.043255433731835054,3.04134327013175,3.056214989247326,0.08262288220660532,0.3702458237599861,0.01167826681534819,0.0804499534220865
0.6666666666666666,0.5555555555555556,0.6666666666666666,0.4444444444444444,1.0,0.7777777777777777,6.015236849689371,0.15726680679456165,2.7979189518131995,2.1697947529182855,-0.0683806416717496,-0.2262241292878745,-0.10781855773507475,-0.017451933770234372,0.019424524851029887,-0.00458913619694963,0.0816817723934366,3.9964823013655,-0.006319760123875683
0.0,0.4444444444444444,0.2222222222222222,0.8888888888888888,1.0,0.8888888888888888,-0.21435155269377926,2.04873440669734,0.10102417011130134,0.9579327170534675,-0.18770842992086634,8.866349450942993,0.16735616383085727,-0.06062072452585552,-0.06645838835511667,2.9180548907926127,0.06808841173259014,-0.05878435529783496,-0.0869031915913438
0.2222222222222222,0.8888888888888888,0.8888888888888888,0.4444444444444444,0.8888888888888888,0.0,-0.15063627849179836,-0.010779898141065752,0.10009476719684494,-0.01479328829903674,8.088221968223909,3.017542638744454,1.0147836874546154,0.0178972909330601,0.003444141508372971,0.10262050184249548,0.04878529020532569,-0.05781106793222887,3.012862004669143
0.4444444444444444,0.7777777777777777,1.0,0.5555555555555556,1.0,0.6666666666666666,-0.007596463469698557,0.04849319794697229,0.01803166509149725,0.04145779384675297,1.8522678155431938,0.03795911637546755,0.13136120584842706,5.864980605564892,0.16009325410890837,0.029707271881225513,-0.020774850207034044,2.819551185082218,4.108759702009578
0.4444444444444444,0.6666666666666666,0.3333333333333333,0.0,0.6666666666666666,0.3333333333333333,-0.09695495380029041,-0.051119077220433455,0.05459042667490868,0.8974420133778234,-0.09868333994233408,-0.11512803239177519,-0.011136018364026522,0.058853642064749426,2.040300606229927,3.040740280652116,8.965581975781047,0.014046941721352166,-0.06900407486310843
0.1111111111111111,0.4444444444444444,0.1111111111111111,0.5555555555555556,0.1111111111111111,0.8888888888888888,5.1997675313274545,0.019472715448159955,-0.1954985365688718,-0.10693077964533662,2.160130281147412,-0.13664872876256481,-0.04376947908210121,4.040362571523333,-0.10966236823613136,4.106660469716413,0.16790834795361007,-0.08247391739785231,0.11292956558577952
1.0,0.3333333333333333,0.0,0.1111111111111111,0.4444444444444444,0.8888888888888888,0.9108776988591705,-0.09979499093719897,0.024568508848465842,0.023793134389310418,-0.0596035401350443,7.084202424243715,-0.14691816460634774,-0.0855665940701399,-0.10778693889750501,3.07583636679886,0.0803902204527635,0.06669404457387679,3.870439952889663
0.5555555555555556,0.4444444444444444,0.3333333333333333,0.5555555555555556,0.0,0.8888888888888888,0.013276813231129196,1.045765351370836,-0.16169799785450098,1.917830689695321,0.06458623425689751,0.07036541600935353,0.025523479555359347,0.05420756749135335,0.032409605637338294,0.014991871734835039,-0.01092568593956642,9.912856777080215,1.975445167952879
0.7777777777777777,0.4444444444444444,0.3333333333333333,0.3333333333333333,0.6666666666666666,0.1111111111111111,2.959708505535483,0.23177747076285093,1.026024072541187,-0.0010695132341917934,-0.023197749958609088,-0.011520507040279133,-0.02722669122131674,0.054470500852822096,-0.0029444825230456302,1.0811079700592743,-0.06951760934699995,10.035023458831128,0.08771562040702369
0.7777777777777777,1.0,0.1111111111111111,0.2222222222222222,0.0,0.7777777777777777,-0.11542589860639246,9.016776999861406,0.02470674482221002,-0.033474727166395074,-0.048716097643998146,0.8145089893059805,0.1148821262634672,-0.09329237866318418,-0.12403705375841939,0.0657913471771646,-0.18322746893531536,5.096327112521287,0.043421912513259046
0.1111111111111111,0.5555555555555556,0.2222222222222222,0.2222222222222222,0.1111111111111111,0.3333333333333333,0.05980896167979041,-0.01640008375479064,-0.12173465737317285,-0.18887629793281907,5.145681202328648,-0.04719409468613803,-0.05166811502536516,3.1582162756034236,-0.06314024741626491,-0.02379596849858041,2.976300156074226,-0.013745974454628475,3.8960558134852996
0.4444444444444444,0.3333333333333333,0.8888888888888888,0.0,0.6666666666666666,0.8888888888888888,-0.05602137061078044,0.12854890462721158,4.076109313411878,-0.29771253122848157,-0.1958531639344522,0.033363677326200374,-0.01129542882180992,-0.03745264362237407,0.10427393007297336,-0.17842593256435038,0.11995920475309865,11.013159092363267,0.05484060672478983
0.3333333333333333,1.0,0.7777777777777777,0.1111111111111111,0.8888888888888888,0.2222222222222222,3.0253369898989373,0.08461406864278272,-0.025033179216380427,-0.054225803184923455,0.07815713344283229,0.017510278569019246,-0.12542884886920436,0.1349614174786345,4.121076450293253,2.144143787922688,0.007969699117399686,6.035053274090875,-0.03815423814633433
0.8888888888888888,0.0,0.4444444444444444,0.8888888888888888,0.8888888888888888,0.6666666666666666,-0.09728293119960413,0.0065472057210072335,0.017650850032262407,-0.06627614165472116,0.18296948093176713,-0.161591475983674,-0.08153447039746088,6.932862878656459,4.129120539516993,3.9743409515526733,-0.032493828486878776,-0.08854912796001611,-0.0764495309883653
0.4444444444444444,0.3333333333333333,0.0,0.4444444444444444,0.0,0.5555555555555556,4.869538012912882,4.101553721225169,0.06088905603900413,0.09900339917196088,-0.066235984126837,4.251191687792442,-0.09813120968490129,-0.20538136721574612,1.9707890145086586,0.013711937349439603,0.07563406398236351,-0.10174306948733224,0.059085522444437905
0.2222222222222222,0.2222222222222222,0.6666666666666666,0.2222222222222222,0.0,0.4444444444444444,1.1707852393648193,-0.08519247679993566,1.9259833604661645,-0.1702860379190617,0.024094099460295754,0.08574137675136041,0.07669406571450343,0.08336231654524531,0.1416146941777252,0.012744247545620363,5.095277197529714,6.904838278582458,-0.07909065286062548
0.1111111111111111,0.5555555555555556,0.5555555555555556,0.6666666666666666,0.5555555555555556,1.0,0.024086618132875378,-0.08180216985367289,0.057170321316029726,1.1375051397231746,0.040353626523742414,-0.07374315500095434,-0.07484758552646209,3.136536650894701,-0.07981358191963214,0.008931731294908886,-0.025889485567171067,4.005302141682614,7.109636938975519
0.5555555555555556,0.4444444444444444,1.0,0.6666666666666666,0.2222222222222222,0.1111111111111111,2.9461206889484797,1.858960714722477,6.145173615138908,0.022301415337862947,4.072572913215648,-0.0019378083637550264,0.07776230651763194,0.12647375649546963,0.1366326320026794,-0.027345407477972622,-0.035215232219852864,0.039486823543270544,0.020717153988742184
0.1111111111111111,0.4444444444444444,0.8888888888888888,0.8888888888888888,0.7777777777777777,0.5555555555555556,0.056579627980609275,1.928906128855294,-0.23246988306765873,0.045001987007766,0.07812456213413252,0.06430152045929345,0.16594429087327234,6.085222884193047,-0.0388333371909455,0.09854259060315962,2.9915065246797634,4.125528499507431,0.02379877909604804
0.8888888888888888,0.7777777777777777,0.1111111111111111,1.0,0.4444444444444444,0.6666666666666666,0.04535106356575281,0.022772375229445894,0.0054505036478656585,3.8503427295856185,0.0057739973274011395,0.7727451729033877,0.04978030007563939,0.09919189164104551,0.20511032822612757,0.03740764049718955,5.9283503518861655,3.841042341079983,0.1947770156217049
0.3333333333333333,0.6666666666666666,0.1111111111111111,0.6666666666666666,0.8888888888888888,0.0,-0.14262702650346118,0.08955234034311359,-0.230626949867357,0.9948510630796691,0.06832235112340394,0.03252358003726802,-0.00415404412785502,-0.08247089042952033,-0.09066661681423392,1.1008628570441688,8.043572993771278,-0.016058842832325188,5.020682683860689
0.6666666666666666,0.1111111111111111,0.4444444444444444,0.4444444444444444,0.8888888888888888,0.7777777777777777,4.907329762695383,0.10222908662000262,4.126097436942836,2.9220149244602585,0.010202088707622802,0.10482473020839918,-0.0641828530822587,0.20345767796225467,0.15106289573653547,2.9721124052449297,0.09787721177955712,0.16621964848130377,-0.12440904556265392
0.8888888888888888,0.0,0.2222222222222222,0.6666666666666666,0.0,0.3333333333333333,0.061922420946303416,-0.014435018659491483,3.978346355169147,0.07103065870256085,-0.047707722748234906,7.860024759483082,-0.14221623633790548,0.9980264663915992,2.062890132240525,-0.0023876570220795353,-0.01525954151364546,-0.0030796421058043636,0.12893129586094243
0.8888888888888888,0.0,0.3333333333333333,0.8888888888888888,0.1111111111111111,0.5555555555555556,0.0530453331150064,-0.07459110471387337,-0.02887846562248378,2.120468905428286,-0.058030216217458575,-0.039473587511882124,-0.0025064266426338224,1.8935089133814054,0.09023680496446274,10.781052612765333,0.14513721063317928,-0.0435158362649036,-0.12565816166885246
0.2222222222222222,0.8888888888888888,0.3333333333333333,0.3333333333333333,0.5555555555555556,0.2222222222222222,4.028226348089585,5.828877639720586,0.05373503415026679,0.07736239988164136,-0.057591034575602676,4.96111045572965,0.09487447947499797,-0.06707447222513999,0.002250232708361145,0.03476165214272576,0.15599598441591056,-0.05030752195310859,0.003468126349311669
0.6666666666666666,1.0,0.2222222222222222,0.1111111111111111,0.4444444444444444,0.2222222222222222,1.1132007409404965,-0.25567265322280974,-0.02689573102662727,-0.19096203268902254,-0.18400740467034213,6.195697012082246,0.021127980750382684,3.1483486999976824,-0.02414100744170262,0.054045273239517924,-0.0431666770637482,-0.05469514467897013,4.992536142387622
1.0,1.0,0.0,0.8888888888888888,0.3333333333333333,0.1111111111111111,0.012833227228356336,4.153326943766153,-0.019682800607291294,0.03798392258567833,-0.025692337135180734,0.014486810097479156,2.868882329492507,0.10914222638877025,-0.05208761370430881,0.004153347767162659,5.978584950258414,2.0984647877585183,0.05216643408637679
0.2222222222222222,0.2222222222222222,0.1111111111111111,0.5555555555555556,0.8888888888888888,0.3333333333333333,0.001299320277797912,0.01750006191092925,2.034343944486039,0.07565446243942914,0.05069596102163996,6.128520704205169,0.16184245125146143,4.061441535138486,-0.1322608977643868,0.1747841204661857,0.21499095666975274,2.9635899686935865,-0.04139992554357244
0.4444444444444444,0.3333333333333333,0.4444444444444444,0.6666666666666666,0.2222222222222222,0.6666666666666666,-0.20588954947644764,0.07792429871946657,-0.10078588172651802,0.18294722618105363,-0.24772878839897663,0.0072396944860379925,0.06744823287057321,-0.0402287250922616,-0.07954611139177734,4.02492335155602,6.947240982780712,3.9656735137413124,-0.00393798341625753
0.4444444444444444,0.4444444444444444,0.1111111111111111,0.7777777777777777,0.1111111111111111,0.0,-0.0557314780572885,-0.02280095084672789,0.0786853488642697,-0.039103614195420064,3.016593470959171,-0.07557781390110363,0.09132679829158663,-0.12870083918597067,1.0956440296665593,-0.30270480042355885,3.9088824464813974,6.84101855162469,0.10137531025492122
0.3333333333333333,1.0,0.6666666666666666,0.0,1.0,0.6666666666666666,0.026852421337697132,7.868784952567881,-0.05747319138505722,1.1336745158960289,-0.00674315269580159,0.05508740280881266,-0.1520974178751614,-0.15193026268666343,0.05553311661169891,0.22885429671867497,-0.05589498828526618,0.057038395643430766,5.90332242080703
0.1111111111111111,0.0,0.2222222222222222,0.0,0.1111111111111111,0.8888888888888888,0.12281157134141428,-0.04788469542291286,-0.0460391329088526,-0.19182885319922172,2.955755662851865,0.015791912305221284,0.13491063716897667,2.8795549693320472,0.09504057099198077,1.9625293299619935,-0.03207341973514433,6.901793504749992,-0.1736960197440596
0.4444444444444444,0.4444444444444444,1.0,1.0,0.6666666666666666,0.4444444444444444,-0.12508771564913282,0.15867458915400912,-0.1231933201297189,0.9521967390301782,0.10614399324252904,2.784036207621574,0.0395985495617967,-0.05620044930886258,0.013463965067588186,0.08128671318976026,3.979448626105562,6.97496647203219,0.06726053128644055
0.1111111111111111,0.1111111111111111,0.5555555555555556,0.5555555555555556,0.1111111111111111,0.6666666666666666,0.0584454546801531,-0.07729263772440056,2.975885971289831,-0.139738664441421,0.12383331298488172,3.87358831460656,0.013324181222965562,0.169308868854393,0.07538316751199078,1.9658678155248577,5.922230992412815,-0.06748078923827408,0.08728806422550243
0.6666666666666666,0.4444444444444444,0.7777777777777777,0.7777777777777777,0.8888888888888888,0.2222222222222222,3.0296553121078915,-0.00462362157688917,0.25668685436973565,1.9128285588521055,-0.05255612153538508,-0.0410014245268715,0.018331212606736324,0.027629117125955047,-0.030516365645758547,0.07046110365538914,3.0507285659835675,6.9664193760542705,-0.2488990678077186
0.5555555555555556,0.5555555555555556,0.3333333333333333,1.0,0.8888888888888888,0.8888888888888888,0.07528471132587694,1.9007569456093325,-0.06996260676506952,-0.0194844256178725,-0.1292102347066687,-0.08669601404934571,1.000050766095752,-0.04178643583912245,9.02387775772172,-0.09406481372398155,-0.03179434292691666,2.885121338752311,-0.03745620406830206
0.0,0.2222222222222222,0.7777777777777777,0.7777777777777777,0.6666666666666666,0.1111111111111111,7.019747109082106,-0.03357604458813453,-0.15227358119576712,-0.02799576983106756,0.005818992599669085,0.10432894306978889,-0.012909862626030007,2.950194981396796,2.8742843310772552,2.1904929505145336,-0.1034772990306878,-0.12130464648514563,-0.023537339775063587
0.3333333333333333,0.4444444444444444,0.2222222222222222,0.0,0.1111111111111111,0.5555555555555556,-0.19067463903077214,0.09899867542410268,0.009992031880757597,0.04073692280349889,-0.10597468264502732,-0.05880534847850791,3.077891967245679,3.082711326282223,7.276020544713761,2.1025267376011754,-0.1963829529195686,0.0017930308101291221,-0.043095267459201024
0.1111111111111111,0.1111111111111111,0.3333333333333333,0.8888888888888888,0.1111111111111111,0.6666666666666666,0.10277856290817872,2.984543879151671,2.042577846289342,-0.03812918710561458,0.05484562159639912,0.1402317855336124,-0.06714499242027809,-0.20952849599481338,-0.10912679372862236,0.15055046227028768,3.016596051296745,6.964920971590341,-0.10183424439010541
0.4444444444444444,0.0,0.4444444444444444,0.6666666666666666,1.0,0.2222222222222222,0.09950494570032771,0.023387853977693544,5.983352002164614,1.9405048089937647,-0.02087779449886685,-0.03730024862297806,3.051938080207199,0.12208915079715421,-0.2011594557699389,3.849528766373533,-0.014993618127334886,0.002727024295059101,-0.16043716260828722
1.0,0.1111111111111111,0.1111111111111111,0.1111111111111111,0.6666666666666666,0.8888888888888888,-0.06743089416327029,-0.04556143609600363,1.950263646221766,0.9481967960827042,3.9859717054711576,0.08300346768171069,0.0686234999626426,0.053873112007478255,0.022127115755015372,-0.07703846643752413,-0.0537663705876562,0.06388416355134956,8.006055850566236
0.3333333333333333,0.2222222222222222,1.0,0.5555555555555556,1.0,0.3333333333333333,6.074565703185733,1.0211749279446454,0.0007536685409236031,0.03878974154073313,3.840678903204483,-0.021264285462459523,-0.06414637540322302,0.07919233758122879,-0.07252244387853625,0.017852721478470234,-0.048561109195806,4.041786311497456,0.06601183750973989
0.2222222222222222,0.6666666666666666,0.1111111111111111,0.3333333333333333,0.2222222222222222,1.0,-0.026862556885147854,7.004397373756246,0.011434968248918527,1.0711925434676528,-0.03912464397833185,-0.002508678928837166,-0.04928191310551594,-0.10281465563998951,0.010661776077354669,0.035582379352266,2.9119139860952292,0.1503398600356182,3.917903216906447
1.0,0.3333333333333333,0.3333333333333333,0.7777777777777777,0.1111111111111111,0.3333333333333333,0.06729819094723452,0.030103100572257763,-0.17801305773930234,-0.010134839078986074,2.8349610526702147,-0.01834687353876361,0.05989484252840277,3.177085406852908,0.07078324020243186,-0.1604868069004527,2.9570579275051667,0.14245788907924217,6.010273963254916
0.7777777777777777,0.3333333333333333,0.6666666666666666,0.8888888888888888,0.5555555555555556,0.0,0.16898172509380316,-0.08045090740086851,-0.06371215837447469,0.8569058298670514,2.9535911237538355,5.117799466973114,-0.10100140222717213,0.07552366552090037,0.037872822090985664,0.07087292244274666,-0.03400755482403569,-0.005761542130293295,6.205881260288567
0.0,0.5555555555555556,0.5555555555555556,0.4444444444444444,0.8888888888888888,0.7777777777777777,4.866945307336795,3.06797227437922,0.1441718879297572,0.03801261076685811,0.1576267948456706,-0.30513130596790444,-0.03888537515089167,3.874380775383318,-0.050433761134308336,-0.01962109169492477,3.0393356355773498,-0.09464649362413108,0.0783921821504455
0.6666666666666666,0.1111111111111111,0.4444444444444444,0.5555555555555556,0.1111111111111111,0.6666666666666666,-0.1668451341603394,0.08695634881522639,-0.03467070134807992,0.8126662873717405,-0.18779444140653534,3.8101190788464763,-0.11016342411526477,0.0009356722071302049,0.1212248675630657,0.06765663551732358,-0.14465690090837122,6.7582410940244815,2.958137871386158
0.6666666666666666,0.1111111111111111,0.6666666666666666,0.5555555555555556,0.3333333333333333,0.2222222222222222,0.8453476747572303,2.970228821390547,-0.08105369198697808,0.24483244406749086,-0.1851386939782348,9.018656120729641,0.17286635479876367,1.9457390049980716,-0.09167086474872413,0.15476562168895072,-0.22599276742934415,-0.18563243095007198,-0.13699315675674606
0.3333333333333333,0.4444444444444444,0.8888888888888888,0.4444444444444444,0.2222222222222222,0.6666666666666666,5.0259543029583815,4.063531324859301,-0.026719324550940234,0.20503454867457815,-0.034281254445726175,-0.013744056592312544,-0.04408353330752469,2.1103920163831056,3.988512187466208,-0.05188742524769029,0.15744855841685348,0.11826056970263506,0.09007966105029258
0.0,0.2222222222222222,1.0,0.0,0.8888888888888888,0.1111111111111111,-0.13814906127668966,2.8817511297153544,-0.0344166295504891,-0.03592006438510001,3.9472243696480156,-0.03169422067296583,0.05630230099397037,-0.11057189775541872,0.016347532396813125,-0.0481012121537976,-0.05651045450432175,1.9638110633636525,6.066982418297839
0.7777777777777777,0.2222222222222222,0.6666666666666666,0.1111111111111111,0.5555555555555556,0.0,0.021061134841812365,-0.08579448916064453,0.02686945825341321,1.0076379201846728,0.03609236243449291,-0.031638873541155105,1.0957024031560167,0.03420431793786931,0.8811142893921721,-0.13259709277041026,-0.14491867692088461,0.03708898176451254,11.927659315558342
0.6666666666666666,0.6666666666666666,0.5555555555555556,0.7777777777777777,0.0,0.6666666666666666,-0.03774316291917807,-0.009390570472460147,2.1213643267817304,0.21777342515835152,-0.012863235677802879,0.19895260328679035,0.05402596907894025,1.1201582757356565,-0.02891911041901131,4.87453234686625,7.047950134869461,0.12916358744035508,-0.15744802454449097
0.3333333333333333,1.0,0.1111111111111111,0.7777777777777777,0.6666666666666666,0.2222222222222222,-0.006633773892448797,3.021481899918698,0.05948211189961053,-0.10961508293926268,-0.056585301898777446,0.09289559706718396,0.18099561633950445,0.009897127859789832,0.09794779312352409,1.0167604692359253,0.04303807088969293,6.9608016310732435,3.9766768869467035
0.5555555555555556,0.3333333333333333,1.0,0.6666666666666666,0.2222222222222222,0.1111111111111111,-0.05806714271205524,0.009621756553332106,0.11046573759407743,0.018735283821084855,0.0654783842005618,-0.06468167075501709,2.0716010724619602,0.6826017699062628,2.8564823350023527,-0.03433544220207748,-0.18365756737228633,0.05619706599772282,9.020139179809952
0.1111111111111111,0.3333333333333333,0.6666666666666666,0.5555555555555556,0.0,0.7777777777777777,-0.09273708133769598,2.008778039332147,-0.15268633308728422,1.9081791543345816,0.9604890330764524,-0.1622674822605305,0.10431074865162258,-0.06696007176616701,0.1020129443550013,-0.015438324494581627,0.030583628192082764,9.907732048619254,-0.031467086935429565
0.2222222222222222,0.2222222222222222,1.0,0.6666666666666666,0.2222222222222222,0.4444444444444444,-0.04295204489836428,0.023011792161456532,0.13751210859316,0.9430219415442294,3.9831191720869983,0.035674534984348104,0.0859297682586489,2.9884627308621954,6.961195705297865,-0.05890913022626665,0.00047666676758919614,0.024025470877059456,-0.06887997974406605
0.3333333333333333,0.4444444444444444,0.2222222222222222,0.2222222222222222,0.5555555555555556,0.3333333333333333,2.969002050424467,0.07594370804507714,-0.0026957374637795887,-0.0576263454223926,0.07085369176602513,0.07130302787250334,3.061251787333354,9.066765733877473,-0.039715750494273776,0.02042050038785305,0.031498374082026014,0.012197978149816244,-0.17589004538113268
0.4444444444444444,0.3333333333333333,0.6666666666666666,0.1111111111111111,0.7777777777777777,0.1111111111111111,2.998121669748307,0.035191602071981846,0.049543485101087276,-0.02982909885365792,1.0032607942777356,-0.1808826985545443,-0.149665531940649,-0.297099952101869,1.977090406734713,0.16263021017458698,0.17526253817244727,8.887138991707713,0.06519955646769936
0.4444444444444444,0.6666666666666666,0.6666666666666666,1.0,0.6666666666666666,1.0,0.12609207218064575,3.9696119971426236,1.803294199601165,0.14251591113251427,0.9642604287774537,7.960823909079807,0.17144959336060128,0.04726499561928052,0.08481328612401356,0.16084279864084705,-0.014277243264965215,-0.09693321813595566,0.07993587669109409
0.2222222222222222,0.4444444444444444,0.8888888888888888,0.5555555555555556,1.0,0.4444444444444444,0.001489265141199898,0.07618822875335703,4.0423142370933505,-0.07378046199630532,4.005537528390642,-0.030522415943281145,4.979695346562261,-0.0007044315409697917,0.038655233385648136,0.024523386394853897,-0.12373475674585444,0.06722726416449958,1.8603675245492974
0.5555555555555556,0.7777777777777777,0.3333333333333333,0.8888888888888888,0.8888888888888888,1.0,3.2260829975615626,-0.07220136591381068,-0.0016912017290845955,0.13843916344382698,1.9844453456737285,-0.12261544934991186,-0.13876351590872044,8.03273013988557,0.04574116895060476,0.08751152125286399,0.031749255979362456,-0.043683388464915124,2.0518242808331317
0.3333333333333333,0.6666666666666666,0.6666666666666666,0.7777777777777777,0.3333333333333333,0.1111111111111111,0.14875001056560352,-0.0756638811821494,0.36252874861465023,-0.037302078034168344,0.1299479185675579,0.19348435891994228,2.0959146982035155,2.034851000031713,0.0769209192286555,2.138217673881984,8.739982262952886,0.050411937447697286,-0.03629841135163076
0.5555555555555556,0.0,0.5555555555555556,0.6666666666666666,1.0,0.8888888888888888,-0.06527694320539383,0.015869728852792506,8.021911054590307,0.05332786943612729,1.9450241015866887,0.11640116751031211,-0.20632508460514387,-0.09421938197122975,-0.11953403146648633,0.012491414500395951,4.951550164649427,0.054423900690934925,-0.07756475074999825
0.6666666666666666,0.3333333333333333,1.0,0.4444444444444444,0.7777777777777777,0.2222222222222222,0.129779488257806,1.0750607846547218,-0.05095596910165759,-0.16919902665816608,1.880990433835722,-0.15519817697261273,0.12424646480796059,0.07575264271795924,7.872851167821037,0.18880322547025663,-0.029632246221977174,-0.22584615334631364,4.108955228701851
1.0,0.4444444444444444,0.0,0.0,1.0,0.0,0.130638703171152,0.0007071738232982732,9.910160098429778,1.123763944784279,-0.05053398284546487,-0.0017069939419682143,0.04715544148590692,1.030694779108693,-0.04595562631379992,2.8956702502318477,0.07553058788095263,-0.22132388467752367,0.0332624562326755
1.0,0.1111111111111111,0.2222222222222222,0.4444444444444444,0.2222222222222222,0.6666666666666666,0.027171913432081897,0.05289297923034452,-0.03668712150717603,1.0222694097393987,0.07973305271964935,-0.10435170811803114,3.0056645932078965,0.03838936574929074,-0.12590084992287842,-0.09455170025186771,0.1586747404017836,3.104284571058311,7.92581869529661
0.0,0.8888888888888888,0.1111111111111111,0.4444444444444444,0.4444444444444444,1.0,0.07266727089270039,8.041299252707871,0.14109775570477,0.11478610273307777,-0.2428607332431777,2.970453873899597,0.13838973604426477,0.164294864436191,-0.061331191234984,1.8770426282760495,2.026151484995466,-0.06387116839847023,-0.0011673357537970656
0.0,0.4444444444444444,0.6666666666666666,0.7777777777777777,0.4444444444444444,0.5555555555555556,-0.11671417007085148,0.07716013267250402,3.057637784706889,0.0464718269140518,5.890437848560071,2.8313877964538827,-0.12758408831643694,0.05010068802841025,-0.17975984330103817,3.0662497812696663,0.17791882146199345,-0.06254480287667778,-0.018267639229750905
0.1111111111111111,0.1111111111111111,0.6666666666666666,0.5555555555555556,0.5555555555555556,0.6666666666666666,0.09894950666518447,0.09200372541086793,-0.06140685855306693,0.9829572872734832,4.012734970364923,-0.026004721423721185,5.05853448715204,5.0337421803805436,0.13154336014162737,-0.17011123078507417,0.11935440249377366,0.08263536112802927,-0.012404023416200498
0.1111111111111111,0.0,0.4444444444444444,1.0,0.4444444444444444,1.0,0.04265339375027407,3.098694828816369,0.031106312922673948,1.976201260728632,0.0292448798701324,-0.06865140270835197,5.869859299617097,-0.08652266072804665,-0.07610637095177014,0.02009437974324197,0.0805444554744597,4.02564666948112,0.1468899726960471
1.0,0.0,1.0,0.5555555555555556,0.3333333333333333,0.7777777777777777,0.9923918069148467,-0.06305472839171333,-0.07132182665240193,-0.0887111065644719,-0.02901459226661728,4.139060580777061,7.854403792604993,0.05695776770120897,0.0006108877558976778,0.08598708398231963,1.9555089175105718,0.07533429812403963,-0.046783098974979835
0.2222222222222222,0.6666666666666666,0.1111111111111111,0.5555555555555556,0.8888888888888888,0.6666666666666666,0.06635349627016206,-0.192248375397812,0.05288944549960837,0.07824055717217962,-0.15534163517364932,0.08909920536793423,-0.10916459816152264,0.10347094640539574,0.004426667266058075,1.0737449908437238,9.042549319040662,-0.1143586823291773,5.160485024253748
0.8888888888888888,1.0,0.5555555555555556,0.2222222222222222,0.1111111111111111,0.3333333333333333,2.127538271234644,-0.09609695378788802,0.06279365460521118,0.052593639474732605,-0.06127701762267232,-0.09735831199781424,0.135103056315216,5.9672369176669005,2.0978321926766803,5.197641258328727,0.055997379944705244,-0.08109689761121713,0.1060375406489925
0.8888888888888888,0.3333333333333333,0.7777777777777777,0.7777777777777777,0.6666666666666666,0.2222222222222222,7.870270815725182,0.9169212357861422,3.3006799452654914,-0.0717619867596445,0.04285152490177041,-0.09802625549736314,-0.004326375595328245,0.027947638615142368,2.7429021629515806,-0.05786419712349919,0.07394080011148192,0.09441882177656291,0.04132220612806436
0.5555555555555556,0.5555555555555556,0.8888888888888888,0.4444444444444444,0.1111111111111111,0.1111111111111111,4.912769354542558,2.046916703453031,-0.041913173569565906,-0.07001198424098819,6.007058901660608,0.23485983560563453,1.9167544607835771,0.11099914666813085,0.03229094598920608,-0.14166559798496592,-0.08447046987675308,-0.01032070477996408,-0.04065175065138592
0.1111111111111111,0.3333333333333333,0.2222222222222222,0.4444444444444444,0.7777777777777777,0.5555555555555556,0.03275941079288413,-0.09266548198246016,3.9049819013160976,2.1069575462825525,0.0031921295327561727,-0.07874890045401774,2.006292411423246,0.1898595815630463,-0.051976978709660004,-0.14277303851999182,0.09969745886492716,7.202489503566879,0.13189056423347756
0.6666666666666666,0.3333333333333333,0.3333333333333333,0.8888888888888888,0.0,0.0,-0.12577411463994267,-0.2006254306621679,3.1315448078486705,-0.012882441061771855,0.055379427030414846,-0.01397146492081687,1.172509474740478,0.011576712718000018,-0.027529938043485077,0.018043935673910487,2.883707347642011,0.019923523553332434,7.994354687801235
0.5555555555555556,0.6666666666666666,0.4444444444444444,0.2222222222222222,0.1111111111111111,0.7777777777777777,-0.2086141937900676,-0.11148610626563016,-0.12305793995280288,1.8451766519149115,0.03774992697508763,1.114646175198621,8.033870400085808,-0.1469554946834156,-0.17705177551420836,0.07912816729189759,-0.030162007752785998,-0.009514616626039786,3.8705445275738546
0.5555555555555556,0.6666666666666666,0.8888888888888888,0.6666666666666666,1.0,0.0,-0.20282612616326495,0.22147804959974657,4.939001623817806,1.9802267466834236,2.884838313554757,0.15212711142757826,-0.036488009254587984,-0.01731569659017433,0.003036788034272951,-0.0029008543950865165,0.13998724308148655,-0.18398093873093993,5.0607620815850956
1.0,0.6666666666666666,0.7777777777777777,0.1111111111111111,0.6666666666666666,0.7777777777777777,-0.06432508520959856,2.956784437760352,-0.06426842104212438,0.03995969621878689,1.8689185726582962,-0.05683854482301636,0.053102441667970984,-0.060321135705465434,-0.050895306136421785,0.03437534108368252,2.0055323226931607,7.963117894880418,0.0019355076617451423
0.7777777777777777,0.8888888888888888,0.0,0.7777777777777777,0.5555555555555556,0.2222222222222222,-0.09206990889855338,3.0820218517418674,-0.11294543692799608,-0.16430021240297701,0.038582800232441664,-0.13562282319393085,-0.09987397917502777,2.97394965388416,0.06609252321271862,-0.052581164752052933,2.950794877272154,5.952182928775016,0.03235304392499693
1.0,0.4444444444444444,0.1111111111111111,0.6666666666666666,0.5555555555555556,0.1111111111111111,-0.05642739758120244,0.018333692460994203,1.129996766589845,-0.02838527164533592,-0.043231034118521944,4.900698722946662,-0.08212711664976208,-0.13046916596683608,-0.1164047243636801,-0.06470310651425144,0.026787520176265733,0.04158430395496171,8.950003189777282
1.0,0.6666666666666666,0.2222222222222222,0.7777777777777777,1.0,0.3333333333333333,4.025033243677311,-0.13680922545200921,0.19947294367007762,4.2399079134172615,4.981070522623148,0.04334294187988416,2.002789699867712,0.07067076187677321,-0.07010198751146139,-0.1587494925546343,0.07361446232665028,-0.11595849268619574,0.02807065158792147
0.0,0.3333333333333333,0.0,0.8888888888888888,1.0,0.6666666666666666,4.900923113678925,-0.0839657292167051,0.09120941984355099,0.15400977853198292,-0.022379158477704567,3.9509278590855175,0.022920336743153538,-0.06147012180914211,-0.17979837497995083,-0.008998864562439547,3.7696100985136356,2.035883756076573,-0.05730933405920777
0.0,0.2222222222222222,0.7777777777777777,0.7777777777777777,0.7777777777777777,0.8888888888888888,0.011972409046924069,2.8460877514349954,-0.08191570297484536,3.049598495290697,3.129057902868087,0.0766081416080289,0.03132522117124349,-0.11822858623874957,0.04985061097487037,6.006070063328469,-0.03878630033438097,0.12283947329507022,-0.08395471039732749
0.0,0.1111111111111111,0.8888888888888888,0.2222222222222222,0.3333333333333333,0.0,0.1684518149794366,-0.07178299441224044,3.925285371873853,-0.017011819456338367,-0.13900538258966896,6.9459167556183115,1.0006323020598895,-0.17670161517837135,-0.09018193758040796,2.853764129916245,-0.05124164727932508,0.10642822912363775,-0.050812933654357906
0.7777777777777777,0.0,0.7777777777777777,0.2222222222222222,0.0,0.7777777777777777,-0.026224232665459826,0.015014003219686656,1.8815944289536963,2.0151947804125365,-0.059393899361473115,-0.07209162035736709,-0.1784696542388522,-0.07067051730343847,0.09580376451698569,3.1131447730011317,-0.03703191929721381,7.999511717483535,-0.04960403215376475
0.8888888888888888,0.6666666666666666,0.6666666666666666,1.0,1.0,0.6666666666666666,-0.11730394826717715,-0.18714764848963228,0.16306965500375498,1.894305364184547,0.014113919599035345,2.1481959950623604,-0.04475424402202784,-0.022693743812246283,0.020614815119053928,6.958735546995949,4.019697365775635,-0.038714731707205345,0.10831259087169515
1.0,0.7777777777777777,0.1111111111111111,0.8888888888888888,0.6666666666666666,0.3333333333333333,0.044284703031266553,-0.12246966988472047,-0.1368841882172104,-0.06790157225290726,-0.0644439358603096,-0.07707436779749151,2.089564752909767,2.925152492634545,-0.04822268289416479,3.011700459073035,-0.20079303503677745,0.04086681435198319,7.055872807695613
0.0,0.8888888888888888,0.1111111111111111,0.7777777777777777,1.0,0.2222222222222222,2.137798630657495,-0.09976667399712436,-0.047942652193170635,0.019628008637493193,-0.03879705313457872,1.8534707848068857,0.08941899120058855,6.9707942827048015,4.034041780145089,-0.10785569322826292,0.0950140977852491,-0.0353296340761687,-0.07217036842400036
0.5555555555555556,0.7777777777777777,0.1111111111111111,0.4444444444444444,0.1111111111111111,0.4444444444444444,4.078367788878447,0.11010261740795357,-0.09349324071100734,0.09913357920151211,0.16155900498257036,0.02607095234247085,1.859200583216768,0.056818273434319715,0.10650698959461208,-0.10164708738394171,3.167164837594087,5.980757295937608,-0.011526509602424104
0.5555555555555556,0.7777777777777777,0.7777777777777777,0.6666666666666666,0.8888888888888888,0.0,0.1098989010682014,3.0213868751883615,9.1252892350818,-0.0005551188399143405,0.03948353278051411,0.0029701967448859685,0.02452720356882759,0.058958091205193,0.048994356456830396,2.9705147704555492,0.0943265529842731,-0.007969191671472363,0.12085392366013686
1.0,0.0,0.0,0.2222222222222222,0.3333333333333333,0.4444444444444444,1.062424386013316,-0.008121348359535966,-0.07236720262120702,0.004950559680583908,0.1393748386691193,9.019903787368104,4.097991401857874,-0.007705374831565905,-0.030537564451869725,-0.0687813334172389,0.8067331178401287,0.03195770910114767,0.004293191733769591
0.3333333333333333,0.3333333333333333,0.1111111111111111,0.2222222222222222,0.6666666666666666,1.0,-0.004517558839277529,0.07843488796503527,1.902006943238401,0.16989725234951536,-0.1459409378375581,10.025305670067839,0.8812276662157523,-0.02713354881969209,2.115660999792554,-0.14906181741999258,0.017820973535368132,0.01071195812025748,0.017657851932556052
1.0,0.6666666666666666,0.3333333333333333,0.2222222222222222,0.1111111111111111,0.4444444444444444,2.0251646259914855,0.07985821951992747,6.0490430048007395,0.037282326896696194,0.08880592397062294,0.06583975830628007,-0.01327046050199848,4.8767741609372415,0.07888225817288354,-0.03498921267287957,2.163778612195546,-0.05662273547924999,-0.12118227429150726
0.2222222222222222,0.3333333333333333,0.0,0.1111111111111111,0.1111111111111111,0.2222222222222222,0.11247745722238574,-0.07521835142658088,2.8495744424854985,0.11682912713951187,1.8537782227184367,0.13061024413805172,-0.09638078606792139,0.03969369276761743,3.0211931668878407,-0.18256440000461255,-0.00271081578217615,6.956788593725902,0.011357436532619286
0.7777777777777777,0.0,0.6666666666666666,0.3333333333333333,0.4444444444444444,0.7777777777777777,3.051870369437458,0.15646435935694875,-0.025048373446117402,1.9887270283095282,0.2139794446618485,0.07113391813361174,0.07479177251833262,-0.15426808322647032,-0.1410302178833672,-0.0566351682646331,0.9798629271159209,9.04753073204351,0.27208967943782747
0.3333333333333333,1.0,0.4444444444444444,0.8888888888888888,0.0,0.0,-0.1266203633046152,-0.04246104315883432,0.061353801734884,2.0255893763952324,8.110654891108185,-0.030373416384013203,-0.09133023547410851,0.20735992481682894,0.042354262620333386,-0.12133750502878674,-0.03631476209743398,-0.008092201793037128,4.848781624501862
0.8888888888888888,0.1111111111111111,0.1111111111111111,0.1111111111111111,0.8888888888888888,0.5555555555555556,1.0751427240996034,0.01268449972076776,-0.03917928317783409,-0.06804254284688731,4.161682222991583,-0.01102216941744001,-0.08082457380495231,-0.20815380012557047,1.8899523460935848,0.06550992005292515,0.14522525616991186,-0.12037794938395514,7.791342231217299
0.0,0.6666666666666666,0.5555555555555556,0.6666666666666666,0.1111111111111111,0.1111111111111111,-0.0008819644225702202,-0.009005286491048366,0.08186315392605814,-0.07546084397765854,0.006351614665329976,-0.19021302164933337,-0.12813806177266632,-0.059203393079229984,-0.04904199858879947,2.0485914560689547,4.117714505907991,2.853320500615828,6.163903748894345
0.0,0.6666666666666666,0.3333333333333333,0.2222222222222222,0.6666666666666666,0.2222222222222222,-0.07933804906118208,-0.04654586012881771,0.10839599628348431,-0.24433150227912548,2.850592661315812,3.913054159680384,0.004078382089652294,0.10430738191330967,2.105951669249306,-0.09509960181291206,0.07136914464066473,5.954484762440282,0.14542714560791334
0.2222222222222222,0.2222222222222222,0.1111111111111111,0.7777777777777777,0.5555555555555556,0.4444444444444444,-0.031098028128499905,0.10273707128137018,-0.10604115846065616,0.0745220988789182,-0.13980084745399549,0.00785791188311656,1.8351062694862004,3.98277441656059,1.918382372053064,-0.10032451396380959,7.02148303131058,0.07624248288605322,0.009269003122036426
0.6666666666666666,0.2222222222222222,0.7777777777777777,0.0,0.4444444444444444,0.8888888888888888,0.02869369873583181,0.0701075861142372,1.1199222044619854,0.0999799032589227,2.03849164190872,0.1979399849688747,-0.052727118020705635,2.0782043178022054,-0.11630055558340938,0.2374653885731926,9.973305810153006,0.013823898494352692,0.13625743246851502
0.8888888888888888,0.3333333333333333,0.5555555555555556,0.4444444444444444,0.8888888888888888,1.0,-0.02119571350111392,-0.08643282003058578,-0.18755544822891151,-0.029400804919512483,0.20231869831179392,0.014465312471728787,3.170977503982855,0.08040400826684752,4.952483189106163,3.855730259564128,-0.02214151782984917,3.059031008465413,-0.024976123427971043
0.2222222222222222,0.1111111111111111,1.0,0.5555555555555556,1.0,0.7777777777777777,8.014081744801244,2.0546088095617536,-0.03984753203780095,-0.14903991918193468,-0.03690266387529805,0.05290360142609878,-0.08696059457392716,4.889438815355277,-0.10530033447340037,-0.028650163135424712,-0.017814206999932674,-0.011176766327912868,-0.13285084029180874
0.8888888888888888,1.0,0.2222222222222222,0.8888888888888888,1.0,1.0,-0.0028974261603864075,-0.06904588759668395,1.8992240209657982,5.808432210295875,3.8821006041458626,-0.06817471134957041,0.0074483327284044325,3.0339811750312142,-0.0038074883750476235,0.01608040312195933,-0.12016436863441267,0.07297076971688703,0.07474472193991624
0.0,0.2222222222222222,0.6666666666666666,0.1111111111111111,0.7777777777777777,0.3333333333333333,0.06156552108949257,-0.05640666497086832,6.98486736331461,-0.0533810143695862,-0.13852703297037774,-0.040511469870977944,-0.16129715029787203,-0.183371890589158,2.0496022725417586,3.048862690559192,0.07763755113007888,2.9500992314217305,-0.003150103560812115
1.0,0.5555555555555556,0.8888888888888888,0.6666666666666666,0.6666666666666666,0.7777777777777777,3.047556524372776,-0.04290980230663827,-0.20928701202675104,0.21890371808801456,3.119000066818787,0.12066764039043293,6.004486963193599,-0.08415675108255313,0.004321952404794362,0.02528747009452355,-0.14033176676695983,-0.05046278956340836,3.05327634266976
0.3333333333333333,0.4444444444444444,0.1111111111111111,0.8888888888888888,0.1111111111111111,0.8888888888888888,0.14830920445937393,0.058684747834906674,-0.042268218646530034,-0.13012109369130928,1.2016119292962737,0.011111249534668514,0.07566608321613646,0.002378846166307943,-0.13472694054439724,4.216453140708776,3.066299568781472,0.12171819283381807,6.920726756806879
0.6666666666666666,0.7777777777777777,0.2222222222222222,0.0,0.7777777777777777,0.2222222222222222,-0.003515907923037966,0.13605766410217787,1.9641023853027688,-0.07259373717934449,-0.1132729462560213,-0.13635881443063425,0.08229569031038794,-0.006555045766229769,-0.18084982664912255,0.15185490736370388,4.127269296073668,9.115029534653598,-0.18556256381553482
0.2222222222222222,0.3333333333333333,0.4444444444444444,0.4444444444444444,0.6666666666666666,0.4444444444444444,7.009943489990413,1.1293190024459205,-0.10421937909934938,-0.08071687215726486,-0.024530505446887035,4.797267627648097,0.021127885829705796,0.0986985557173296,0.06603719198370095,2.1491794464890757,0.009001131098679232,-0.0034387744991248464,-0.01928980070827672
1.0,0.3333333333333333,0.2222222222222222,0.4444444444444444,0.3333333333333333,0.3333333333333333,2.929456882979994,-0.10797550351800725,-0.07484755843008457,-0.008977896084678836,-0.05458425291095901,7.010092839008329,0.007315691091672426,2.0634358268145094,-0.052202558676956015,-0.20786905892337898,2.9030492425998466,0.19090269334796647,0.07476646753841967
0.4444444444444444,0.7777777777777777,0.2222222222222222,0.3333333333333333,0.4444444444444444,0.6666666666666666,-0.04136513891205834,-0.020997673674575397,-0.00909665711080308,-0.04748933656535032,1.0192434555508632,1.0683971602052087,0.12178585234680113,-0.03656735481603175,0.9706261609677332,-0.033441750472403255,0.002704734886846872,12.106176777204864,-0.07579948133315861
0.3333333333333333,0.7777777777777777,0.0,0.2222222222222222,0.2222222222222222,0.5555555555555556,0.22069717216683898,9.055479650827703,0.11111039993469002,-0.09032372437616037,-0.037542933789029016,0.9475378731390702,3.004709982984903,-0.2037524260461684,2.0499826824557488,-0.1681943101885813,0.03820298567590036,0.10276987629683101,-0.004831329861561198
0.8888888888888888,0.4444444444444444,0.5555555555555556,0.7777777777777777,0.7777777777777777,1.0,-0.015898732860157944,1.984562084717489,5.979568266648933,0.028309780861809766,0.09333506783028017,0.06759120060241662,4.153566294232579,0.01315734760472554,-0.046866020303829484,-0.04199952631561461,2.881323607378808,-0.03318579135062558,-0.053164885964329826
0.5555555555555556,0.2222222222222222,1.0,0.4444444444444444,0.6666666666666666,0.7777777777777777,0.1849004223858879,0.059100012925840745,0.18669812049682374,-0.18348834951009527,0.03757963826099525,0.11054360525535717,7.040346032273163,1.9620647716088198,0.02531866377226969,3.0186241503946176,3.02182099253877,0.03528954918092888,0.10353624034197473
0.0,0.0,0.7777777777777777,0.3333333333333333,0.1111111111111111,0.6666666666666666,0.03171710750639125,0.03819337579522851,0.011448254433862153,0.0555214283119774,-0.06054665875516416,5.068233191263258,3.978853615797055,0.09631269561443263,1.9528199303923062,4.006171160363508,-0.005672890915063229,-0.08920631534215434,0.11639665786778992
0.5555555555555556,0.0,0.8888888888888888,0.1111111111111111,0.3333333333333333,0.4444444444444444,0.049270687681384956,3.0158748931713624,0.13482233125494547,-0.020478650777086903,0.010203801987037246,0.1223404545788342,0.2555873535177722,3.020855475944629,0.17366972670098846,5.029881140629914,-0.06695926815015506,4.06275708914908,0.13566512185709578
0.3333333333333333,1.0,0.0,0.8888888888888888,0.0,0.3333333333333333,4.032083804263551,0.05895267952728115,-0.09540305345936911,-0.21405512274082064,9.03513466563884,-0.1327481863777413,0.0010609270596228521,0.9415228656557083,1.0202468962084756,0.08990387727411657,-0.16433450234892708,-0.013435809662301908,-0.014032593309697508
0.4444444444444444,0.2222222222222222,0.2222222222222222,0.8888888888888888,0.5555555555555556,0.1111111111111111,0.13405791132672015,2.0063979157366476,-0.08184512157179391,0.9417048442942919,0.17851757768249674,4.911163492034178,0.0041366704954173645,0.025785832935176008,-0.1148299788896272,-0.0820891846476528,-0.19726885871585573,6.9089355914455055,0.06469798721569033
0.2222222222222222,0.2222222222222222,0.1111111111111111,0.8888888888888888,0.5555555555555556,0.6666666666666666,4.0207146528657765,3.8111387169922843,1.1423167480312875,-0.13249928636431763,-0.09512206713536536,0.1593912058780681,0.04610896851334919,5.99240669909763,0.14866511214231132,-0.0074151984037718645,0.0345921029975442,-0.05649168003058613,-0.012021175997919076
0.7777777777777777,0.2222222222222222,0.6666666666666666,0.7777777777777777,0.8888888888888888,0.2222222222222222,-0.0070341113633434725,1.109626153728516,-0.062441515691191524,-0.019914470550687166,-0.21635538301261184,-0.17076619379820587,0.06878054227500982,6.960561657545134,-0.03534582324874349,0.05946290337552021,1.9659869190766868,0.008500874351310786,4.970781935741625
0.2222222222222222,0.0,0.5555555555555556,0.5555555555555556,0.4444444444444444,1.0,-0.2019884959053403,1.0592937547705783,0.1459013730713001,0.11529905742495405,0.003907326688063701,8.023761164006226,0.03579380266893693,3.1472179326577145,0.11583990718992272,-0.0373982831043825,-0.016691523977304782,2.9762507373137534,-0.06142388055893967
0.2222222222222222,0.2222222222222222,0.1111111111111111,0.0,0.5555555555555556,0.2222222222222222,-0.06569092467005326,-0.017875424424894284,-0.24484419537500052,0.03102489925165164,-0.051785402688054066,7.872508114375653,0.9740602300974452,-0.08214645892410206,0.11181697161605114,-0.11757331219788136,5.998728707428546,0.026035810897890227,-0.09101414749649504
0.2222222222222222,0.6666666666666666,1.0,0.2222222222222222,0.5555555555555556,0.3333333333333333,-0.13047342485976463,2.029207735807543,0.9520532990801748,-0.10132071673861465,-0.15098354731902455,7.052370207931659,0.1406219530503354,4.939981831251718,0.04443679750002799,0.10047871815276475,0.09156021645459635,-0.06455625562880248,0.04579739670253258
0.7777777777777777,0.7777777777777777,0.1111111111111111,0.2222222222222222,1.0,0.6666666666666666,1.0612999583066958,7.244705627617377,0.016116137148587856,4.098787253521364,0.0769673951179668,0.060954105130158226,-0.0996059567757307,0.02671855651644714,0.14601900404079707,-0.03705138670618456,3.022993781613552,-0.07657320126634065,0.02687771736720715
0.5555555555555556,0.8888888888888888,0.0,0.8888888888888888,0.8888888888888888,0.0,0.03471813749062941,0.06882048624736554,2.9624354421323185,0.9594614052392774,-0.05402058237973733,2.0275602924222316,0.018459093529808145,0.22028889915471128,-0.06018993619470053,0.06821991190955118,8.948180862438146,-0.04445000723719472,0.10604217933784639
0.0,0.3333333333333333,0.6666666666666666,0.0,0.7777777777777777,0.1111111111111111,0.042230166464303026,0.05289497823664431,-0.12882254443369542,3.2530582732436626,0.2033068073954715,-0.06773163300245962,2.8715451773654146,-0.06826651296364293,5.024629862299565,-0.08884429391923902,0.02831070613714184,3.9377743935610003,0.2687930490743288
0.4444444444444444,0.0,1.0,1.0,1.0,0.7777777777777777,-0.02099259384704773,-0.04284135819752509,8.19587714739791,0.03347655095601073,1.0021631271236582,-0.0024986717567347257,6.056055586029729,-0.04037963249100713,0.012360072674317053,-0.05174421870726164,-0.12928233252836593,-0.0299842696513548,0.017474395969052824
0.3333333333333333,0.1111111111111111,1.0,0.4444444444444444,0.5555555555555556,0.8888888888888888,0.15554079882546717,0.022941876680504437,-0.032183735752444355,0.0132922126545117,0.058640421175663815,3.783029314527936,6.96049309318467,-0.207842896768054,1.8317593731529407,-0.0703329233987796,-0.011690881409042857,0.005445433797669364,2.0133947263428884
0.6666666666666666,0.1111111111111111,0.6666666666666666,0.3333333333333333,0.2222222222222222,0.2222222222222222,7.128373191527786,3.044819711140025,0.03889117612803375,-0.029163916007239218,0.18958333396417842,0.12739879843066393,2.9455964423607095,-0.053921196627867346,2.077367559937421,0.09904588938430728,-0.0284007025352652,0.11145384749097186,-0.1122698558912476
1.0,0.3333333333333333,0.5555555555555556,0.6666666666666666,0.4444444444444444,0.0,-0.012468906404486219,1.101320068664457,2.9475790026785122,0.017444708597603015,0.0018954645694567703,-0.021815330018481325,-0.17796343511367735,-0.027944848076471702,0.02076666675677391,0.0232607202078028,0.07773008859129833,0.09482906934487535,10.970119784788283
0.2222222222222222,0.8888888888888888,0.3333333333333333,0.0,1.0,1.0,-0.016754124766868616,9.167890535168498,0.09077925610554893,0.0073995575385197646,-0.015364076021084512,0.10863587948720213,0.10923513398056364,-0.0025111013389199077,2.0503371379760824,1.00983822392118,0.0026384887168201575,3.187436977482985,-0.11775376151524175
0.6666666666666666,0.3333333333333333,0.8888888888888888,1.0,0.8888888888888888,0.5555555555555556,0.08011391202013579,0.90392350042207,-0.06141617366456782,0.08846441086991025,-0.1215630416509576,-0.08563472362366348,2.8950540939365013,5.947656259756009,5.035092853822089,0.11893563167366439,-0.05816073218983632,0.09422495204876234,-0.1134410475958389
0.8888888888888888,0.0,0.7777777777777777,0.0,1.0,0.6666666666666666,3.2121647522297634,-0.039862689909341116,-0.043782985898437626,0.028514323394869347,0.011035688765290194,-0.014837153102653114,2.836088792701957,0.08343400112901372,0.06974987663001807,-0.03874592597550854,-0.11433718979274006,6.024939180259266,3.1081307633946125
0.6666666666666666,0.0,0.5555555555555556,0.3333333333333333,0.5555555555555556,0.5555555555555556,5.8290625223682095,-0.1105905559331431,0.007219695582142459,-0.08092214364477883,2.9645004221868305,-0.011851915806044246,0.07407046719070945,5.074292140500309,1.0942485382695066,0.08660358005688719,-0.06318224682383959,-0.23624127878929807,0.028793238618253475
0.3333333333333333,0.7777777777777777,0.0,0.2222222222222222,0.5555555555555556,1.0,0.04196207879742317,0.04171587740554941,2.932374262784255,0.18533012426761672,-0.16531476480785112,7.077239873727312,0.05939259081572206,0.088373110791748,0.1348459534003734,0.046744956377649284,0.03129653616853394,-0.02952262781298149,5.073612166390439
0.6666666666666666,0.6666666666666666,0.1111111111111111,0.8888888888888888,0.5555555555555556,1.0,3.036685221277201,0.07686371275395294,-0.11286612520312858,-0.15038167566439176,2.004595407373774,0.050102770073824326,-0.1509401594003732,6.8995656631773095,-0.03522427892290655,0.027365435224684827,3.0302756982538166,0.09588363485871787,-0.01684540013547443
0.8888888888888888,0.7777777777777777,0.8888888888888888,0.2222222222222222,0.4444444444444444,0.0,0.04075667164971589,0.12456150305701892,-0.026945871341184438,2.2208398408711423,-0.03581749034665021,3.0123274796884925,-0.18400388444957083,6.991937649527258,-0.05167346429102685,-0.062060956348599566,0.028845437731940905,-0.1068055400798043,3.022276964342804
0.1111111111111111,0.6666666666666666,0.1111111111111111,0.6666666666666666,0.5555555555555556,0.4444444444444444,-0.1939229600120238,-0.04797896627683576,0.13267716467056928,0.013131221309351616,2.0593879049568433,-0.08804368527185596,-0.12708234698566656,4.13547159852015,0.09956674333721105,2.0840960231451295,7.000001718665641,0.11458216674559998,-0.040606967178127666
0.3333333333333333,0.8888888888888888,0.3333333333333333,0.7777777777777777,0.8888888888888888,0.6666666666666666,2.0675895399458217,7.064307866361417,-0.08662145302240608,0.1387218202009753,2.013014882689096,0.07987828275618858,-0.1454176037063181,-0.11531222178742728,-0.040672727733606584,0.05034635501795386,4.113666349818908,0.037129684570312495,-0.01144587694037426
0.0,0.7777777777777777,0.7777777777777777,0.3333333333333333,0.8888888888888888,0.8888888888888888,4.056864193493456,-0.021365848905890016,7.016886786564968,0.039622148972483756,-0.06613315828104815,0.040414017294674996,-0.14061962393640284,-0.07910091434830702,0.06502429700893853,1.9374176202162068,0.04769383250579329,2.0225700779648017,-0.018734847012310905
0.8888888888888888,0.3333333333333333,0.1111111111111111,0.1111111111111111,1.0,0.0,0.14818786791375635,0.04706755431721097,-0.05638425247398078,0.9505234127499875,3.012313202600173,-0.1448859768636907,0.11239976204304314,1.9933494493091921,-0.167086261979975,-0.09631873993580409,0.1375436316583359,0.021818353746247438,9.211090723215747
0.3333333333333333,0.7777777777777777,0.2222222222222222,0.2222222222222222,1.0,0.1111111111111111,3.0019991714244467,0.04524251329331889,7.1900972222428035,0.2076810294983678,3.908775829610417,0.08569723825856285,0.8971371410531686,-0.04595097876231919,-0.17071636611878896,0.05628461386027267,-0.09969864508661318,-0.07663633297352967,0.18691889970428155
0.8888888888888888,0.1111111111111111,0.1111111111111111,0.5555555555555556,0.0,0.3333333333333333,0.08597089352700493,-0.016924680489035476,2.824025771702898,0.030247081552281375,2.775096268304557,6.910877182911006,2.064313194503239,0.07806034555900147,0.013783767633247663,0.07873895870958363,0.01788452793252516,-0.07659268187672436,0.001839173617121972
0.1111111111111111,0.0,0.2222222222222222,0.8888888888888888,0.8888888888888888,0.0,0.168315407461813,1.9948749018979874,0.029192765531131433,0.05318778084559335,-0.1357948193050198,3.8994489159869627,-0.1537634353419355,7.034361359941794,-0.035938356510142204,-0.12182676848066427,-0.12443095939747367,2.0703359329762963,0.08017994682065006
0.5555555555555556,0.4444444444444444,0.8888888888888888,0.2222222222222222,0.3333333333333333,0.7777777777777777,0.03938930298631151,0.0014780579363957247,7.047977217624348,3.000051929248446,0.03343490932401621,-0.0416038437931801,-0.10163185375206277,-0.0751560985097548,1.0230668772723743,4.162354425679459,-0.08628887816646864,-0.11142606568874246,0.06806499505454693
0.6666666666666666,1.0,0.3333333333333333,0.8888888888888888,0.7777777777777777,0.2222222222222222,0.06852477212336681,3.926211426645926,-0.06093221725974436,1.9375520817417917,0.027952517148247202,0.29594089505206556,-0.07539548616525905,0.024716699505571562,7.946563241769213,1.0093893476891367,0.035277641863103545,0.022026380033936813,-0.10383638887811947
0.6666666666666666,0.4444444444444444,1.0,0.6666666666666666,0.7777777777777777,0.1111111111111111,-0.1028679331934853,0.08516156356924802,2.02028981051589,0.01223625321938366,2.049615775595754,-0.08042215287106418,0.11047229203054672,-0.08733197099107913,-0.11261719710087428,-0.10510941398362494,5.9790543813149934,0.24919967070319587,4.995495032505693
0.4444444444444444,0.8888888888888888,0.8888888888888888,0.6666666666666666,0.2222222222222222,1.0,0.019343103551494368,0.14073234835611756,-0.046046876859147774,-0.14829975370151427,1.927601190101303,5.951928942578695,3.8281478454591844,-0.038130354510334565,-0.001933927536540406,3.1875742137169016,0.06549027405920958,0.00032611842267224304,-0.06303185988174258
0.6666666666666666,0.3333333333333333,0.1111111111111111,0.4444444444444444,0.6666666666666666,0.3333333333333333,6.915526889109115,-0.19049813693741738,-0.0274709853064947,0.7653197249111684,-0.028930741705467306,5.147533864759495,1.9479049982042023,0.02689932598726077,-0.09996518131760618,-0.19830699379307504,0.010744302355559074,-0.039042388577420595,0.03127290266957404
0.7777777777777777,0.2222222222222222,1.0,0.1111111111111111,1.0,0.5555555555555556,-0.002027341137119782,0.044937816426350356,7.939270566122366,2.038290224849585,0.08456599948465902,-0.06609356074060889,-0.0458611750404988,2.089882921760785,0.035142528033968355,2.9656221294076563,-0.16348346558490218,-0.04000426241157018,0.13340560618026998
1.0,0.3333333333333333,0.6666666666666666,0.7777777777777777,0.3333333333333333,0.6666666666666666,-0.05594064616816329,-0.030396323357241014,-0.1003980908473062,-0.022799902563031577,-0.012471712238185726,2.015709425248591,2.92387407962174,-0.12133341172247661,0.1922413587475016,4.00283871880795,-0.09610982136945292,-0.02865021060922293,6.034209410397771
0.3333333333333333,0.8888888888888888,1.0,0.8888888888888888,0.3333333333333333,0.2222222222222222,2.09420208779237,0.017539070951253677,1.9560632284041295,0.03796715143747775,6.853236586634259,-0.10326105329621732,4.109865981148765,0.009078426041171508,-0.01680584871586762,-0.0728316407887795,-0.12443313643836217,0.013972470767194212,-0.00668229608756874
0.1111111111111111,0.8888888888888888,0.1111111111111111,0.1111111111111111,0.5555555555555556,0.7777777777777777,0.15811070138227196,8.906809074911259,1.9903766606484687,-0.045344240097502896,-0.09812566150753256,0.16676927611644618,2.122863212734785,0.003216574263913784,-0.14721578183533623,2.019529572096922,0.03751442626748312,-0.07056116209576045,-0.16739656576162812
0.7777777777777777,0.0,0.5555555555555556,0.0,0.2222222222222222,0.6666666666666666,0.16436132524921007,-0.14521562781634398,7.094473967867819,-0.07722077743484457,3.949934291228576,0.08742336632586617,-0.12331978153220519,-0.044206596543722776,3.982906510597483,0.10293834765050469,0.08662794062572443,0.0018509337539210254,-0.13245105309037927
1.0,0.3333333333333333,0.4444444444444444,0.8888888888888888,0.5555555555555556,0.1111111111111111,4.1055143449311355,-0.05167840943394134,2.0169886568120576,-0.19219450474206384,-0.027869957691044722,0.03920085123316903,2.954635480831655,6.049369426340791,0.11653240083579282,0.14462079451806187,-0.06459512562193741,-0.16009897772235324,-0.2510011376856153
0.0,0.6666666666666666,0.1111111111111111,0.5555555555555556,0.2222222222222222,0.5555555555555556,-0.042475610861726534,4.829946829869722,5.034715304635213,-0.21665516141301386,0.09397283998163229,-0.006049846183100643,-0.16820210836387067,0.015376580988659775,0.04457681669101897,0.04321467176039973,-0.013530773531697755,0.04820964004908349,5.038756520169456
0.2222222222222222,0.0,0.4444444444444444,0.4444444444444444,0.8888888888888888,1.0,-0.046376149897658425,-0.004378013656942951,5.858716562292539,0.061905220505711823,1.859434501836972,-0.03164036642325515,-0.12915709482504667,0.07829170130945876,0.0019625390266984626,-0.11639513905317378,0.01116187888840608,4.963490848256705,2.049577400819006
0.3333333333333333,0.0,1.0,0.1111111111111111,0.6666666666666666,0.6666666666666666,3.988166413799114,-0.020743684482158724,-0.03917974551935957,-0.17826217074814954,0.03007723537354508,0.056270920185038424,-0.11197621674480901,1.0327749563963697,0.09794341571570914,2.0732507219056604,0.11169530257305636,8.07426247821706,-0.053690537127651
0.7777777777777777,0.1111111111111111,0.1111111111111111,0.3333333333333333,0.4444444444444444,1.0,0.20136156128144217,2.9959561451984085,-0.06666789312353213,0.13491971670972816,-0.07602266496212251,0.07756768413313041,0.916256910441957,0.10911319927733028,0.12177745681434063,5.951384236643091,0.05266766765821606,0.06699341847641112,4.98888930300963
0.7777777777777777,0.5555555555555556,0.8888888888888888,0.3333333333333333,0.7777777777777777,0.6666666666666666,5.047544017153795,-0.012781949014859274,-0.06600902607762385,-0.0993604939174581,4.026199264194153,2.0518286731307613,0.0805081813785794,0.04725012300760838,0.06769636757770602,-0.03345968801056421,0.17193401802207475,3.9217269331301523,0.07830858434113515
0.2222222222222222,0.7777777777777777,0.8888888888888888,1.0,0.2222222222222222,0.8888888888888888,-0.012340231121741041,-0.02396921447355681,0.20516927149380015,0.057330112373707165,-0.10559446151275831,9.042630196739394,-0.03697204767884934,0.1893167912792899,2.92773017847371,0.013680055316545798,-0.04394785777307432,-0.049931327042193115,3.077515914488263
0.0,0.4444444444444444,0.4444444444444444,0.6666666666666666,0.2222222222222222,0.2222222222222222,0.11706252437691865,0.1283550271286059,3.9949735079523054,-0.0491757237845482,4.060423562992662,-0.03135814919783127,0.16018799621200167,0.8718888182823422,0.051056090708678004,-0.11306317041109391,5.909978879652037,-0.14936927782592685,-0.12175723309305977
0.3333333333333333,0.6666666666666666,0.6666666666666666,0.8888888888888888,0.0,0.7777777777777777,0.055209505813882676,-0.06562092614091822,-0.10117991648722696,-0.11626716355340759,0.9114771391379195,-0.04143830187042367,4.0852642154862835,0.002376670119740895,-0.0048545720640693355,2.9880474737670535,0.06901891800204717,-0.09156999173059033,7.030127834725931
0.7777777777777777,0.0,0.3333333333333333,0.4444444444444444,0.7777777777777777,1.0,4.890658378280347,-0.1043539429681208,0.06042146471504927,0.004400238102817964,-0.020509315950142742,-0.09628544997969168,0.04246283405813217,0.21073212909369335,0.053967693401347695,0.055211545809160524,1.9907111099427628,8.115463241389744,-0.03771555955863091
0.8888888888888888,1.0,1.0,0.1111111111111111,1.0,1.0,0.2872599708899205,0.025980423552115908,7.007657579573093,0.12132034814645808,4.894110445724496,-0.06458007168503552,-0.06832983879846162,-0.01939223083311743,0.17337172921491237,0.910970225607011,2.243129215736387,0.09729584090484975,0.15642178958960903
0.5555555555555556,0.1111111111111111,0.0,1.0,1.0,0.6666666666666666,0.02510072480448851,-0.14479419823037637,-0.11353544648632252,0.13208829066998987,-0.027286536227962774,0.03877627611363418,0.03307827128398158,8.149550364434235,6.131983757232478,0.03860202045594406,0.01603579630963275,0.10327944637869313,0.902155162081745
0.4444444444444444,0.2222222222222222,0.6666666666666666,0.6666666666666666,1.0,0.3333333333333333,1.9390310455992907,-0.12124732247350062,-0.08280017669603414,0.8586973806712181,0.09008017490251519,8.981448080569699,0.18118942701319463,-0.024233048665932542,0.034593037889873966,2.9600307748759644,0.07887024631793599,0.06519957359645996,-0.02524374223863321
0.7777777777777777,0.6666666666666666,0.2222222222222222,0.6666666666666666,0.7777777777777777,0.0,0.0388676113469643,-0.06694042021122643,-0.04744514444544886,-0.09233969409430681,0.09099795374278745,1.9138358745066852,-0.10163387136913814,3.0975115013076886,-0.006944557956296605,-0.13042612189526864,5.892734870661539,3.9428791260727993,-0.10848586559334
0.8888888888888888,0.4444444444444444,0.7777777777777777,0.1111111111111111,0.7777777777777777,0.1111111111111111,-0.009733357770112592,-0.11836987545756356,5.880038121224578,0.07297032163932442,5.160549268032958,0.1272035288732106,0.9588015856590912,0.05002560146243449,-0.02112984040409666,3.172818208667609,0.02737051690560881,0.04612990164276867,0.18362582518137086
0.1111111111111111,0.7777777777777777,0.8888888888888888,0.1111111111111111,0.0,0.8888888888888888,0.12099016135925147,7.0123928421056245,-0.09813230625293294,-0.03545678074317289,-0.13598134323990327,0.1639798451761051,4.984277806135491,0.0685661333282358,0.020122421897344006,-0.07057361813102721,0.02845472373191775,0.037634736312158044,2.9965478237783203
0.4444444444444444,0.6666666666666666,0.4444444444444444,0.1111111111111111,0.1111111111111111,0.7777777777777777,-0.0021070569594350704,0.033871328180799985,4.9085274246148956,-0.010610856488340668,-0.04378927920847625,1.9267668437634102,0.014327154190149852,-0.21149086183550747,-0.13316839002153696,3.9801141799001662,0.14931574247385024,0.05553166472365051,3.926732874012824
0.0,0.8888888888888888,0.8888888888888888,0.1111111111111111,0.7777777777777777,0.8888888888888888,3.1399228011506284,0.013910290506727777,5.934169129090566,-0.012960279106118728,0.14569069464892145,0.07725676599595081,-0.06980451204787529,-0.10371414483202512,2.056645647078384,-0.11378987325918853,3.9520881388284494,0.06659138317490763,-0.10243821696293731
0.1111111111111111,0.6666666666666666,0.7777777777777777,0.0,0.2222222222222222,0.4444444444444444,-0.07881127198672713,0.019921280790855346,-0.028366467288764182,0.12510916875832898,-0.0014653453834367624,0.057690338639992934,0.06254362974438481,-0.05768899359203231,3.0795695361381856,2.1255587523036077,7.980849359095411,1.9435290959602,-0.02686006798453798
1.0,0.1111111111111111,0.3333333333333333,0.2222222222222222,0.5555555555555556,0.4444444444444444,1.134693743971887,-0.003737342862862473,-0.04965605064060486,-0.12300396967870114,2.994162567183633,2.8679033650453096,0.08656559845133889,-0.08013237380269496,-0.1262629451053266,0.09165556977906053,0.02936978838432613,8.042203410990288,-0.09237122478993391
0.0,1.0,0.0,0.5555555555555556,0.2222222222222222,0.0,0.07104147067386546,0.026667271220293356,0.012731764391713227,0.08292462309463017,0.09970036270184657,1.9909621514869138,2.1482048473992323,0.049226207895683265,-0.010187430806475932,0.05838735769588696,9.021858532749222,2.146851033502488,0.023279646498016365
0.0,0.2222222222222222,1.0,0.3333333333333333,0.4444444444444444,0.3333333333333333,-0.015662733705884987,0.9981276981721495,0.07631790407064117,-0.15303420559594727,-0.12846310842966172,7.97286181217221,0.04149709330681099,0.05863044154938814,-0.03290704944935772,-0.15493440682142437,2.790907466115596,2.9766716700879647,-0.04811105944455746
0.6666666666666666,0.2222222222222222,1.0,0.3333333333333333,0.0,0.7777777777777777,0.021772914866120166,0.08799282604987631,-0.09088875813649525,0.12633625704780058,-0.04668035035483288,-0.02411263693921699,7.009874004656434,-0.1896359073516711,0.22276154803086118,-0.03568977428982697,0.10192675058523355,5.929178099095018,1.8400273036067347
0.2222222222222222,0.8888888888888888,0.5555555555555556,1.0,0.5555555555555556,1.0,-0.1085874317062598,-0.11571369268784562,-0.19119931801187628,-0.253018242461237,0.06338039017546135,6.924552506209438,0.004304891074015616,0.11162730648816371,2.9412129110955783,0.9940417857064059,0.09065367017044962,4.029536391082303,0.012978918186783907
0.3333333333333333,1.0,0.6666666666666666,0.4444444444444444,0.2222222222222222,0.4444444444444444,-0.10011557358477657,-0.09822503702230201,0.0618336780781003,0.9690336432540515,0.07958578762481547,0.06299210354393532,4.034108320387691,0.06019925470951211,4.015971304011253,0.10966761182703166,-0.20905400253015208,5.92405495430537,0.026515426868235298
0.4444444444444444,0.5555555555555556,0.5555555555555556,0.8888888888888888,0.7777777777777777,0.7777777777777777,0.156241329180767,1.833641603018946,-0.0561701580979414,1.0373390942142602,0.12041627393490406,3.951457065659222,-0.20207001063764599,0.02950111534389925,8.07185400176393,0.041240116342117515,0.038692128195757736,0.05509533458952357,-0.07581134482621504
0.5555555555555556,0.0,0.2222222222222222,0.4444444444444444,0.1111111111111111,0.4444444444444444,0.052448167995343346,0.07830403038802058,-0.0027427411767119003,1.9139087576244873,2.937762027358344,6.063611702231407,-0.06670519731774618,0.11966904108445715,0.01763301458185899,3.9725662792783742,0.07792254605048284,-0.005887676175485593,0.20420052853818108
1.0,0.2222222222222222,0.8888888888888888,0.4444444444444444,0.4444444444444444,0.7777777777777777,0.1349809617545902,-0.07379775154286981,-0.03809378543785945,3.8026589726654754,4.073443683505025,0.037915594841526505,0.014949686715099515,5.857591984024076,0.14617069281215525,0.11661137484405215,-0.04760285974973159,-0.06524994408758038,0.9473100160995831
0.1111111111111111,0.3333333333333333,0.8888888888888888,1.0,0.4444444444444444,0.3333333333333333,0.07204224820381824,0.02787436616112259,-0.015519219121221985,-0.031249882889746373,-0.13854216787648477,7.934249156307823,-0.17433436595162144,0.08871818048368678,-0.013897336475927835,-0.009314654319145748,4.949251084712097,-0.10589031345269016,1.7900921830110648
0.0,0.7777777777777777,0.3333333333333333,1.0,0.8888888888888888,0.7777777777777777,0.9063270590687084,-0.06150717234883673,-0.053222309216036504,0.07311014610003679,0.07614518716849708,-0.10952795311379988,-0.09780153378317785,5.084589687411691,7.774243272793621,-0.03818188123456447,0.06402191552258055,1.002555616369061,-0.05418743340074148
1.0,0.3333333333333333,0.6666666666666666,0.4444444444444444,0.4444444444444444,1.0,0.0541315062250078,2.9318532047976498,-0.09019335914825621,0.013235885106814591,-0.02030802116919564,0.04695779517726605,0.10574624952192413,0.12398612854758295,-0.24281026577065662,0.02467165678779655,2.04638122195619,6.074636222459428,3.9609104914126254
0.7777777777777777,0.5555555555555556,0.1111111111111111,0.5555555555555556,0.0,0.6666666666666666,-0.03783729629940883,6.028362235467239,-0.0841514610461904,2.8304139035901006,0.062186232119185225,0.059666558675187276,1.8770394349820894,0.09778518518792206,-0.09342859194660631,4.029734824090166,-0.13277762183241085,-0.007208600325998484,-0.07941586884505289
0.6666666666666666,1.0,0.3333333333333333,0.0,1.0,0.3333333333333333,-0.05877599748054229,0.023291784528773406,0.05175993719841533,-0.10244722891544891,8.138210349236832,2.9071709033429483,1.8350744301248456,-0.039848858627695195,0.17499551415055403,1.941931450813414,-0.14285657153476322,-0.07732023716934718,0.02187333595944329
0.1111111111111111,0.3333333333333333,0.8888888888888888,0.4444444444444444,0.5555555555555556,0.8888888888888888,7.044421571414352,2.034212150904947,2.0941379734039924,0.1893892040245455,0.003789899141616786,0.03521540798881783,-0.003489594599654534,4.0316127345458,0.11398501600701479,0.03125219424089019,-0.10222900637379916,0.08372881306658914,0.14451287075488015
0.6666666666666666,0.1111111111111111,0.7777777777777777,1.0,0.7777777777777777,0.7777777777777777,4.017872403204187,0.18217537592047936,0.09857320306786699,0.8520601577144371,-0.0490707645525171,-0.11555730606867132,-0.05578743650761069,-0.0907107530561454,0.013601882341942352,3.0556108045585626,-0.19960338956799664,7.069591510342395,-0.018797488938913726
0.2222222222222222,0.6666666666666666,0.5555555555555556,0.6666666666666666,0.2222222222222222,0.1111111111111111,0.09035528662337396,1.9657386368874104,-0.22921597744841052,-0.018094387222753812,2.029423709645671,0.032408518943118074,1.9864346515717046,-0.11058018705796323,-0.09731327991639861,-0.08694736759787679,8.892212808943675,-0.002549336812657019,0.030350115007593215
0.2222222222222222,0.7777777777777777,0.0,0.5555555555555556,1.0,0.1111111111111111,0.07318778933962847,0.03080642323635624,-0.018847867640485745,0.05372894991102198,0.9935126730676632,-0.10418718697101957,2.0827435720407053,4.990188386993974,-0.012015624151253509,0.11459011897959917,7.048327311011127,0.06155646729809127,0.18915170999189146
0.5555555555555556,0.3333333333333333,0.5555555555555556,1.0,0.1111111111111111,0.2222222222222222,0.1109343628458454,0.08131508857212383,4.008620780632506,-0.19945865434763863,1.7556141703157135,-0.09724762527323433,0.22280502333831606,1.9791147479989677,-0.04951286033481933,0.049143121110390216,0.10680517803184056,0.03260342388835816,7.051348325442251
0.1111111111111111,0.6666666666666666,0.3333333333333333,0.2222222222222222,0.7777777777777777,0.1111111111111111,0.030747188429935332,2.9586545223471843,-0.059432366388272845,1.7726513865443276,-0.011880911854714127,6.988888139817587,0.020822739393159758,0.08708596379037664,2.858513416156109,-0.12497449857213666,0.05904579502794447,-0.1679948172301858,0.008187627126056547
0.8888888888888888,1.0,0.6666666666666666,0.3333333333333333,0.1111111111111111,0.0,-0.008611500154344566,8.037239821629834,-0.0952431917141396,0.04467227242613612,-0.13052495539052847,3.0632472662533177,-0.015341075659211948,-0.055343279793611116,3.002082426527712,0.10926060381554942,0.8816267923568419,-0.03399763286333286,-0.13764657451102363
0.3333333333333333,1.0,0.0,0.2222222222222222,0.3333333333333333,1.0,0.077537229628118,11.053961622308087,-0.1044237138961056,1.959051920304575,-0.12558031774743203,1.986331881830143,0.08308685523317347,-0.07213144429753215,-0.01579211943267219,-0.1787579443047178,0.1485662998295363,-0.13266101745188144,-0.004981319169536472
0.3333333333333333,0.5555555555555556,0.3333333333333333,0.4444444444444444,0.1111111111111111,0.4444444444444444,-0.05252369813443806,2.086855838710953,5.96066800547675,1.9435256638997942,-0.14745421722340477,0.10103345311275445,-0.1871311250013536,0.13610098737166004,5.110818981089172,0.165288070805247,-0.10453356855781948,-0.08433222977951908,0.005549891845223637
0.5555555555555556,0.8888888888888888,1.0,0.6666666666666666,1.0,0.1111111111111111,0.09693664412446618,-0.11301016692939976,3.1090200837391238,0.8784218278968954,0.05962788050688716,-0.0040958703595216864,0.011465612073383548,-0.014227805520397055,0.05965226241242802,-0.1783514395610727,8.092758031638636,2.9376178372005852,-0.028425660332182214
0.6666666666666666,0.8888888888888888,0.0,0.7777777777777777,0.5555555555555556,0.7777777777777777,6.915146378332137,0.05750702726263153,1.0319067616557314,-0.043495756608924144,-0.09779936662138707,0.17314115717890916,-0.028583904242692484,0.04889658611485145,2.965179394212129,4.099266214825027,0.12905833577619005,0.09959143331551895,0.15762440848579004
0.6666666666666666,0.3333333333333333,0.3333333333333333,0.1111111111111111,0.5555555555555556,0.7777777777777777,0.16366578430557022,-0.2081952624820884,-0.06427979470753832,2.8805894712168736,0.06359722174540905,7.028403702788988,-0.11580671989694469,4.1584903785178255,1.0168615203931988,0.16049803895741185,-0.059083337787956075,0.08518552169122409,0.12656811561967368
0.0,0.0,0.2222222222222222,0.4444444444444444,0.1111111111111111,0.3333333333333333,-0.031315107016841086,2.0362392099152773,6.001875363955497,-0.0341766288735309,4.035464614410093,-0.1856647998468919,0.07222916466299899,3.012722508952064,-0.11880450957001516,0.07069561451712529,-0.1903621138556621,-0.1101843881100548,0.11709640730623637
0.4444444444444444,0.5555555555555556,0.6666666666666666,1.0,0.5555555555555556,0.6666666666666666,0.05449556079333232,2.937300696033218,2.1411870166454827,-0.02958965664091462,-0.016253118508726832,0.005287734626000609,0.06678400963174881,0.05228998988474509,-0.09112650416087499,-0.03903968735006119,0.05932604935831807,7.112122252519415,3.0279601456548604
0.4444444444444444,0.6666666666666666,0.1111111111111111,1.0,0.6666666666666666,0.1111111111111111,3.0892227544878974,3.0862815409743005,-0.09656178952480135,-0.0174367750401671,0.21045150070995802,-0.022214168589253187,2.075886837563388,-0.12327835731764569,0.30101994013249905,-0.07049186102158715,0.06962170666345352,0.054233109708653186,6.852282289265686
0.0,0.1111111111111111,0.8888888888888888,0.7777777777777777,1.0,0.1111111111111111,3.9854300632591113,0.11252460214362237,-0.05888096318497957,0.09609783549238438,-0.025865376491989528,0.12401975705857585,1.2252427242513502,-0.10033949082013316,7.036658868022544,-0.06425763659145299,2.910146780901547,0.005071456978996993,0.02356489126740144
0.0,0.2222222222222222,0.3333333333333333,0.7777777777777777,0.1111111111111111,0.8888888888888888,0.04665472689917782,0.04408825895669162,2.787139472863556,-0.046551882231583776,-0.2051404612799874,7.031786399087707,0.08368693035279505,2.0296293256598337,-0.04948561702361866,0.0377636732402752,0.07932933826310992,3.0545685106272735,-0.05321259050416183
0.5555555555555556,0.7777777777777777,0.0,0.3333333333333333,1.0,0.1111111111111111,-0.03464099809281406,0.12481560623486257,3.9996884749878316,2.0176739363584786,0.004928502001618944,0.05901511418385195,0.054224984439681656,-0.029616524084579654,-0.0331212848938833,1.97166995120767,0.014324729097438378,7.056885702076526,-0.13732720290300926
0.3333333333333333,0.8888888888888888,1.0,1.0,0.5555555555555556,0.2222222222222222,0.14977495576844957,2.89641919285991,0.009138356010505727,-0.10702717021182735,-0.051142757737474204,-0.009107990723284273,0.05098231170904212,0.022800103719410006,0.07985687186714199,1.9680004642107558,0.15330206389067733,5.843594685563781,4.022420466919488
0.2222222222222222,1.0,0.1111111111111111,0.7777777777777777,0.2222222222222222,0.5555555555555556,0.02924342618216081,-0.04508466949717069,1.9948218766060728,-0.08468843515196857,0.03656849744814878,-0.04118492205484267,0.07121371378438951,0.03422050545332835,2.038238527166373,0.009522988368179311,3.9152971564130885,0.06739075967664675,7.0788789926022115
0.3333333333333333,0.0,0.5555555555555556,0.0,0.2222222222222222,0.7777777777777777,-0.03365279877922345,1.8943089782934701,-0.0638073828798677,0.10177254239475403,-0.15997166668829288,0.03352446989689838,-0.0337356329885238,0.07221256839825117,-0.14143046521434116,0.043445008330467244,8.8995669979199,4.050781907674251,0.16353636094477414
0.5555555555555556,0.0,0.1111111111111111,0.6666666666666666,0.3333333333333333,0.5555555555555556,-0.022084036850745423,6.1825278954189775,3.005297564695475,2.0702182836715175,0.22356114888620526,4.097624429742208,0.049858378643732965,-0.22498212087605376,-0.07770615067861356,0.03770956818633064,-0.07290527106977528,-0.09426946527994616,0.04699524461899238
0.1111111111111111,0.4444444444444444,0.1111111111111111,0.2222222222222222,0.3333333333333333,0.4444444444444444,-0.13758479740640786,0.8890806805621689,4.066380541168057,0.194579120953578,5.926015378162598,0.009699311311247925,0.05195429296065869,-0.06424809167698341,-0.08363715186439537,0.03848842423268121,-0.1063069737412814,3.9249972856844635,0.17940314902315985
0.2222222222222222,0.8888888888888888,0.3333333333333333,0.7777777777777777,0.4444444444444444,0.6666666666666666,-0.18758580631933547,0.18735319625654878,1.1372285469093122,-0.05939051187661973,0.11157740765009844,0.019195576897688707,3.908560445009067,6.944073209429522,2.92761347037757,0.15048581098606195,-0.11793779546184863,-0.12677155825253678,-0.04093007645236312
0.6666666666666666,0.8888888888888888,0.6666666666666666,1.0,0.3333333333333333,0.1111111111111111,-0.06716540785300616,0.2067769223658063,2.947313030942987,-0.07483795856850563,-0.0803988901354,-0.08316730552055734,-0.20257346268023424,2.998632649029675,-0.07956515742679661,-0.03779408064632031,0.10953694023177425,9.091751087691598,0.06928962035189808
0.2222222222222222,0.5555555555555556,0.3333333333333333,1.0,0.2222222222222222,0.1111111111111111,-0.0993126551285384,-0.018018829878812745,-0.05961116664819796,0.9599338171722541,-0.023273833017993156,9.93658392049877,0.0930111951914341,2.9193102847461754,0.12569706291148908,0.033493897302378485,-0.019706158150887686,0.03803521985169891,0.959037418516237
0.2222222222222222,0.7777777777777777,0.7777777777777777,0.3333333333333333,0.0,0.6666666666666666,-0.03943828963571966,9.091317676726282,-0.03397551591058544,0.4091392759573651,1.8756809405280974,-0.13784125790520604,0.11900189044734027,1.9437048263022263,-0.06986768600563291,-0.11206560625950618,-0.03216962539297812,-0.08650887554027346,2.062242177671167
0.4444444444444444,0.4444444444444444,0.2222222222222222,0.0,0.7777777777777777,0.3333333333333333,-0.07328762387362185,-0.013350075083535787,0.0508134570162755,0.01027770965396047,-0.06104643817314934,-0.11458569629649662,-0.1592151941676164,-0.1653117569052378,0.05790743722386818,-0.07032546582584442,3.9443221252582146,7.0036729945586265,4.018426807947079
0.2222222222222222,0.0,0.7777777777777777,0.1111111111111111,0.0,0.0,0.08749327294933573,0.03128719421891081,-0.03699076299153966,1.8719262024143122,4.03065589372726,-0.023144761751829033,-0.016103640884567953,-0.09763049492906384,2.017045738409034,0.07089090537759442,6.9729533151743395,0.055145496345817904,-0.00596555764283772
0.5555555555555556,0.3333333333333333,0.5555555555555556,0.5555555555555556,1.0,0.0,-0.041331803041379414,1.1104535657996242,-0.03534437430305635,0.01848604991402864,3.8443372592711036,0.07633202825973717,1.952328638646583,-0.019506321521217236,-0.04546725252314272,0.02128985787489034,-0.06537431481906864,7.889355545088334,0.008306961690558416
0.1111111111111111,0.8888888888888888,0.5555555555555556,0.8888888888888888,0.2222222222222222,0.4444444444444444,0.0198697204203723,-0.05498836494895159,0.06068145483501336,0.09958528660442093,-0.07798026024207118,0.03844154913533193,0.03962799798306446,1.8435031787702827,2.8733395668466595,-0.22381643092729356,0.13006237225211623,1.9507872135169881,7.957391665356963
0.7777777777777777,0.1111111111111111,0.2222222222222222,0.2222222222222222,0.2222222222222222,0.4444444444444444,3.0572947454759083,0.15190133453268448,6.041648126342654,3.1551515299986974,0.12475765478644657,0.36662825426732204,-0.09451054622301826,-0.04521858870050116,-0.07690233572217375,0.059995301040551154,2.915623019635192,0.07423802647938255,-0.1893142252190346
0.1111111111111111,0.3333333333333333,0.2222222222222222,0.0,0.1111111111111111,0.0,4.095422065335373,0.047608956940236896,0.145241861554764,0.06306396622399878,0.011430830631657632,0.03249601288621967,-0.2034577502999819,-0.02980097931470803,2.0105494730166535,0.17174217118566118,9.005403796234813,-0.16166317795602006,0.2134425817768172
0.8888888888888888,0.2222222222222222,0.8888888888888888,0.8888888888888888,0.3333333333333333,0.8888888888888888,-0.10068207749350916,-1.1469473861489403e-05,-0.10574381575340111,-0.3546299346999302,0.07265499284843298,-0.05548601656982505,0.06949846013415939,-0.0698479712317372,2.0547646994769027,10.152250152967456,0.0555060315823146,-0.02033506992230277,2.9419180002138177
0.0,0.0,0.5555555555555556,0.5555555555555556,1.0,0.3333333333333333,-0.006521418062199308,-0.13887594897133507,5.003647634518224,0.05905812805401109,1.8465175742477795,-0.13225265049681956,0.17558760554584574,3.9924969746417944,0.17533426501552132,0.05026113807882363,4.064631247592239,0.011863477253142699,0.1636826592323593
0.5555555555555556,1.0,0.3333333333333333,0.8888888888888888,0.4444444444444444,0.6666666666666666,0.129130269802664,-0.011546784235652368,-0.19520234099167397,-0.1333762005114355,7.982685485232071,-0.10565489638391207,2.050544788201365,0.034825925575035825,2.0406572615741947,0.050034381945069685,0.009885072148612272,0.032205783557738385,3.0121305669378042
0.6666666666666666,0.2222222222222222,0.2222222222222222,0.0,0.0,0.2222222222222222,3.8836904227338933,-0.011686476376604185,-0.011164688864760148,0.08274567889279164,-0.04863248178179881,6.901786801604507,2.1801133934978916,2.0688415816223418,0.10258272969343665,0.15494926643004586,-0.03711509844530992,0.098015120628355,0.012841581166564704
0.4444444444444444,0.8888888888888888,0.3333333333333333,0.1111111111111111,0.4444444444444444,0.4444444444444444,-0.12007177601289956,0.017201833944792144,0.0142341825885186,0.04785949688690328,2.965920338173148,-0.03348524226800657,-0.11941965831461909,0.07354688738892065,-0.20727101683998517,-0.007701709769168289,6.941303051203845,2.943905189652531,2.014535060547702
0.3333333333333333,0.8888888888888888,0.5555555555555556,0.0,0.3333333333333333,0.4444444444444444,1.9532165646400437,-0.185862909012381,-0.21636627989592663,-0.19595781854085947,-0.09277084340508612,-0.044727183550221726,2.952989664713623,-0.009567417282347258,0.007820894377643137,-0.05418555640586529,7.847234676195905,1.9428904850405275,-0.07480758960515443
0.6666666666666666,0.6666666666666666,0.3333333333333333,0.6666666666666666,0.6666666666666666,0.5555555555555556,0.1579988411528606,0.08752625951026671,-0.09528611951800296,-0.022100335118891392,2.1182954104931815,0.012921788161648393,0.09659551972117247,2.017474250010593,0.020919102336651882,0.05770034978029263,3.934584582930083,6.92349209987432,-0.039195184041026836
0.2222222222222222,0.2222222222222222,0.4444444444444444,1.0,0.0,0.8888888888888888,0.10275074904275634,0.027355148877467907,1.869558502031405,2.098889680095397,0.0453813185068524,0.08933655833625387,0.025397300788388123,0.0006883042077940767,-0.20145061292790692,0.02341997118617186,-0.18356418933596874,10.973641012510896,0.17483381065370135
0.8888888888888888,0.2222222222222222,1.0,1.0,0.0,0.4444444444444444,0.015679205772923317,0.03018049685017167,-0.057241719976371654,0.022895303485383912,2.8657084651312354,7.96919528819453,0.021257218490561502,-0.03132438633167578,-0.11891276098310384,-0.2424390379049619,-0.06820688317745743,-0.09011097235819797,3.9334362710798763
0.1111111111111111,0.8888888888888888,0.2222222222222222,0.0,0.3333333333333333,0.7777777777777777,3.039677332699808,-0.1879718503973388,3.066991325985359,-0.14799747328235738,0.2377114323398964,1.117085265024649,0.053378979789616435,-0.0928108410750989,0.007799710677311178,0.008132972366089307,-0.06983312862494283,-0.06329448012184495,8.099505193205838
0.7777777777777777,1.0,0.0,0.4444444444444444,0.8888888888888888,0.8888888888888888,0.00651372438875309,6.183233188455929,3.112717875346016,-0.011418839374485493,0.05614536561385339,0.009887958497291204,-0.1279837729206133,3.0491304917945836,-0.08619124623384852,3.1353759072738017,0.09756922868683998,-0.2450291802345245,0.005966576883914099
0.4444444444444444,0.4444444444444444,0.6666666666666666,0.0,0.3333333333333333,0.2222222222222222,2.8899167297963255,0.16048038932170927,-0.016469907529163927,0.02494622551872108,3.0559354422285607,4.897489869531744,0.009891168865728273,0.12438469342463643,-0.06575694170267048,0.053291257207505986,-0.028198515971950458,0.2183010306618471,4.193666007378895
0.4444444444444444,0.6666666666666666,0.4444444444444444,0.6666666666666666,1.0,0.2222222222222222,-0.004818176528535167,-0.024623191401835474,0.04731314529287097,-0.014327649193338574,-0.017592486257801822,-0.061483871676794734,3.167475427294173,0.22024191668950716,6.049728359302633,2.83506344844457,-0.1432569379404124,0.046825731178451416,2.8998416120910537
0.8888888888888888,0.2222222222222222,0.0,0.1111111111111111,1.0,0.1111111111111111,-0.061626805105960816,0.005559764836063316,-0.04928387859330811,0.11676797961396353,2.8615341643443966,7.005565426374418,-0.12358578613283203,0.011562321076147497,-0.19168552961219953,1.9444680202408122,0.10316453854811672,-0.07843366416034264,3.020171389732781
0.4444444444444444,0.4444444444444444,0.6666666666666666,0.0,0.7777777777777777,0.6666666666666666,-0.06024031668360803,3.0094439799048915,-0.04150855765918593,2.047801711056348,-0.1141001809396576,1.9726836801307275,0.06624445978546527,-0.0785546452731342,0.06909202159230073,0.0833625496195135,0.019465472249553195,7.788882202384179,0.1667902450045211
0.0,0.1111111111111111,0.0,0.5555555555555556,0.4444444444444444,0.5555555555555556,0.872402600756348,-0.0034850912188923405,4.039615977009485,3.1619123701366076,0.00457457743249006,6.910002423747316,0.062430979559960555,0.16183887358989468,-0.09954812666858709,0.06085303982822791,-0.0032029895771293533,0.017093859264946352,-0.027312482191964624
0.2222222222222222,0.0,0.2222222222222222,0.8888888888888888,0.6666666666666666,1.0,0.035820635150490894,2.059367464932235,0.24265534982997494,-0.18757061003418132,2.1671122928588,0.011847939960267782,0.8990578533319801,-0.1465240647954047,0.14005125462505127,-0.16729575833305443,0.1888741262269098,9.860809817114745,0.04217318067772198
1.0,0.7777777777777777,0.8888888888888888,1.0,0.0,0.5555555555555556,0.905068700953811,6.860493051361772,-0.061966030345444324,0.19684659541706487,0.01953379580861299,0.02960125150726041,4.099048700831061,0.1231130384886168,-0.09002160683169963,0.0489495163789323,0.010020585133137146,2.9645099785239295,-0.2132772708730265
0.1111111111111111,0.2222222222222222,0.5555555555555556,0.7777777777777777,0.0,0.4444444444444444,0.10047641159572157,0.0809871994631691,1.9516585781838722,0.37003964289471786,-0.1201341049524639,-0.022998648114900624,3.0301016488139263,-0.07587458888615493,-0.001575791210292284,0.15471716368119176,-0.104971676075891,5.796383255640299,3.9372256666062526
0.2222222222222222,0.0,0.2222222222222222,0.1111111111111111,0.4444444444444444,0.7777777777777777,-0.09725879129444177,-0.05270936427204273,-0.07349120459296822,0.9908313991185109,0.23014782076164533,-0.0010374497385478168,0.2118376370483075,-0.015297128330495955,-0.06356342734692376,-0.20928167206305998,7.011763615295083,3.0442210832215713,4.2591136384150685
0.3333333333333333,0.2222222222222222,0.3333333333333333,0.4444444444444444,0.2222222222222222,0.5555555555555556,-0.18703906406683105,2.918890120156618,3.9521267005424154,-0.03316685306049182,-0.018019318871324633,-0.09616400728014078,-0.021806867812568225,-0.11210965894438125,-0.11402931306265103,0.012902529757892701,7.109388566547822,-0.08009149365614648,0.8017076868916263
0.4444444444444444,0.7777777777777777,0.5555555555555556,0.8888888888888888,0.5555555555555556,0.8888888888888888,-0.06652980141625407,-0.011915304208192597,-0.018997612908706094,1.1109858490609026,0.8816114427072088,-0.04047219595585443,-0.07830593915932876,0.1598487733228978,0.02133580734481809,7.958402605441058,4.903705720721841,0.07756751751916377,-0.14964520276028578
0.6666666666666666,0.3333333333333333,0.5555555555555556,0.4444444444444444,0.2222222222222222,0.0,0.10365924799236181,0.09356048491312889,0.051441678908162425,0.007004130057978228,-0.006323374579649992,0.07224405845143887,-0.03097393266255105,2.089920270786464,3.8435301571185705,0.12556273109730431,3.9799788355662384,0.11444270014134379,5.028695939775548
0.0,0.5555555555555556,0.4444444444444444,0.2222222222222222,0.3333333333333333,0.7777777777777777,-0.061847938118056806,-0.021122843272171926,-0.07276201591009406,3.0736235715542892,-0.15153572212397856,-0.1534148107767113,0.08602203567311735,3.0295388357223283,-0.10653906678311297,0.05128464052062131,-0.13968947086367822,-0.00043966644905355255,8.855735097609145
0.8888888888888888,0.1111111111111111,0.4444444444444444,1.0,0.5555555555555556,0.0,0.06419361109296955,-0.014334624090237783,0.01663977743682621,-0.22122427171409453,-0.12346711869620652,5.836733267832184,-0.05897239883854938,3.986961148469609,3.814377470244836,-0.06427145184422682,0.9727525090078195,0.027276171679074552,-0.027563980509499705
0.4444444444444444,0.7777777777777777,0.7777777777777777,0.7777777777777777,0.3333333333333333,0.8888888888888888,0.008470330682155417,6.113833416849284,-0.17753226857609475,0.10565191323004844,-0.15256108410641675,-0.016777102563758424,-0.09115636772560726,0.013702096796992172,0.9645441149892022,0.11177131466574047,4.828949415507697,3.091493611576144,0.039692823255500824
0.8888888888888888,0.7777777777777777,0.4444444444444444,0.3333333333333333,0.3333333333333333,0.8888888888888888,0.11043208283498501,-0.06865807631999415,6.13328288104546,0.01736070201586256,2.059434166368124,0.0019188740622919323,0.05665176729618873,0.13176391532581547,-0.034061994589374985,4.800325039423447,0.004430578791634414,0.06220342238177484,1.9200810263247081
0.5555555555555556,0.2222222222222222,0.1111111111111111,0.1111111111111111,0.6666666666666666,0.6666666666666666,-0.054767977074094955,5.832369822536687,0.03560541861205339,0.8814813740434075,0.07979493187196647,5.0970653290633345,0.1813664547371261,0.11602217819929367,0.10313906063951273,2.998265465207987,0.19132954396495547,-0.21066032279021504,-0.1283883350691586
0.1111111111111111,0.6666666666666666,0.1111111111111111,0.2222222222222222,0.6666666666666666,0.7777777777777777,0.1675832912060301,-0.08337620088372699,-0.1237143171782855,-0.07941576072132583,2.073828962189005,2.099137771294888,0.058880723660334415,-0.058834507320086264,-0.0310489006538275,0.0526928824288648,3.961265779724499,7.048318782909268,-0.14023537127551686
0.1111111111111111,0.4444444444444444,0.0,1.0,0.3333333333333333,0.8888888888888888,0.10681657526296127,0.006156266854737439,-0.013343779257089364,2.9370860144546542,-0.23739400975100977,9.123709541855577,-0.06406482187613982,-0.010541609572263341,-0.01377669178438468,0.08470745720095381,-0.024075085724794325,0.18152120260012375,3.0628947001154105
0.4444444444444444,0.7777777777777777,0.1111111111111111,0.2222222222222222,1.0,0.1111111111111111,-0.04860836856697226,5.937986278967909,0.2490841312490591,-0.09682228485851518,2.9435624912206633,-0.11996860108009395,3.0104757847131927,-0.018044522045472463,3.1190882839924066,-0.10623306165360669,-0.15044606580046216,0.16881889443460074,-0.27987742266994137
0.8888888888888888,0.2222222222222222,0.6666666666666666,0.3333333333333333,0.1111111111111111,0.2222222222222222,-0.009503655206386661,-0.18911072304894813,0.04751769246073674,-0.09159066923925735,4.059901448941281,-0.0545887964347698,3.017187230291423,-0.13400369457441158,1.9853005986899823,0.01352179811540137,0.008870020091638904,6.096599386724298,0.08431637905259938
0.4444444444444444,0.2222222222222222,1.0,0.6666666666666666,0.6666666666666666,0.8888888888888888,4.266971520243059,-0.14150845814753357,0.03414627877088521,-0.011425063087246671,0.04824429314763318,0.13382096391426296,0.1989379567821815,0.15054455058120508,2.897617045193777,-0.09798672451515067,-0.10990715199122447,7.986601268946121,-0.1637484115692223
0.2222222222222222,0.1111111111111111,0.1111111111111111,0.8888888888888888,0.4444444444444444,0.5555555555555556,-0.031152917950655303,-0.1735353943514565,-0.03965732182113202,1.9862092950745067,6.110679585007278,-0.01581846766513111,-0.041708256030939056,0.053466852478869425,-0.09441755418476974,3.119123219521366,-0.012447371339558902,4.042357355972329,-0.03648820911310362
0.1111111111111111,0.6666666666666666,0.2222222222222222,0.0,1.0,0.8888888888888888,-0.005385814934498839,-0.04635616721389902,-0.0716880705535487,-0.0013872930813175052,2.069676531841222,-0.15315379617056366,-0.005639309950047815,1.0992834700725262,-0.038941736991676516,0.10769814979839215,10.068112559124026,1.8850362856899014,-0.06985987493407497
0.8888888888888888,0.6666666666666666,0.1111111111111111,0.5555555555555556,1.0,0.5555555555555556,0.13184465106346901,5.110468557915977,0.03918429456049031,0.007571542598636171,-0.24482610432798313,0.9870460221243037,2.817055650525913,-0.02385980103620381,-0.013065817909688922,5.979477424159974,0.04551576606262388,0.005759514623497165,-0.12952817634545508
1.0,0.8888888888888888,0.3333333333333333,0.6666666666666666,0.0,0.3333333333333333,-0.051242777786243504,0.09031101053887257,0.2041556856330464,-0.11681070240319602,0.04209601880154014,0.11016951009263885,0.04835607292693873,-0.020576981240262256,0.12245350740458137,0.184166751154709,7.0171887871621506,3.91322895728416,3.855268685478047
0.5555555555555556,0.1111111111111111,0.6666666666666666,0.1111111111111111,1.0,0.3333333333333333,0.07442253668810116,0.1364312654167187,-0.024582544635782258,1.0031891953737815,2.9764226569677668,0.21072956453035802,-0.09558955093568805,0.07722409005238776,-0.06198455846556139,0.07451479799835581,0.052996991572423505,7.125907848278635,3.982732808081012
0.4444444444444444,0.5555555555555556,0.8888888888888888,0.2222222222222222,0.0,1.0,-0.06930818837913663,2.947670254081952,-0.09937861509100279,0.0973822315470444,2.9971746528453114,5.82871772027433,0.025490954282413,-0.0501170610925752,-0.1786859703065122,2.9652184328712976,-0.009714109691919161,-0.06914433259689116,-0.0620040959113944
0.0,0.1111111111111111,0.0,1.0,0.5555555555555556,0.5555555555555556,-0.125261401694877,-0.12949102874637705,0.18946975033666813,0.8591150110109549,0.05370560099196006,4.043676766451134,-0.003415747595527744,-0.21487423989759555,7.106429750101779,-0.07983025638751588,3.21540944494617,-0.04994267975523853,-0.12070937560975077
0.1111111111111111,0.7777777777777777,0.7777777777777777,1.0,0.5555555555555556,0.7777777777777777,0.11555964643912114,5.957369457998186,0.02015596535708085,0.09114477421591194,-0.10022973885251224,-0.13782967714482572,2.9951325170817364,4.098706394536011,-0.018378915269878275,1.9581816784287842,0.13859935024424105,0.1041849787264537,-0.0023971434470001305
0.5555555555555556,0.5555555555555556,0.5555555555555556,0.1111111111111111,0.6666666666666666,0.5555555555555556,0.21303091845072203,6.952358901461111,0.027108980706094455,-0.09184001772281311,0.06008153067499533,0.10965470042849396,-0.015873482761782808,1.8537201972897368,3.028586007484943,2.9831645441548047,0.03783847557519587,-0.12681470781598123,0.031095773554175307
0.7777777777777777,0.1111111111111111,0.0,0.1111111111111111,0.3333333333333333,0.7777777777777777,1.924397532022513,0.08624027863200834,0.0069723821767854275,-0.02184429716155642,0.012877768310270522,0.06679444002617273,2.162078265163005,-0.02025893762708341,0.02066614507050997,-0.07558447285104658,4.00277899750561,-0.1425406790006438,6.969428449188323
0.1111111111111111,0.0,0.8888888888888888,0.8888888888888888,0.6666666666666666,1.0,0.15106207570109592,1.000817672315908,-0.03859402927189455,-0.04711714894274526,-0.09250362243441607,0.06680697354305237,8.954758475145928,-0.07728958719371709,5.175037764761944,0.10551806538051994,0.025837516870352125,-0.06973744870901084,0.1354928097585389
0.2222222222222222,0.2222222222222222,0.0,0.1111111111111111,0.7777777777777777,0.2222222222222222,0.19581728415738392,-0.003319497422260946,0.03790941410430986,6.053930629918112,0.14851047154192787,0.05984080979899519,5.035335900433411,2.973375228836022,-0.05512017138974561,1.0373366880201136,0.023565421831697207,-0.028811437539162117,-0.09914316617972177
0.1111111111111111,0.0,0.1111111111111111,0.5555555555555556,0.4444444444444444,0.7777777777777777,-0.015044315817035962,1.951483594514804,0.015727571562303238,0.10479244391949315,1.087172576510755,4.140548778727704,-0.18546232509662508,0.14265108495742737,-0.12726859081518213,0.04111767729982608,-0.010386553363008758,0.059305584245678604,7.900323450665483
0.5555555555555556,0.6666666666666666,0.8888888888888888,0.5555555555555556,0.1111111111111111,1.0,0.061284820413769106,-0.1820380879001953,3.1178024193957903,0.8883782841938705,0.22261626597291428,-0.06007263677615733,6.977823854060197,-0.02780375897424886,0.04579184572577496,-0.024326824682089306,-0.03594258176544158,3.9311828475922512,-0.017337546401372063
0.8888888888888888,0.4444444444444444,0.5555555555555556,0.4444444444444444,0.2222222222222222,0.8888888888888888,4.103412025758538,-0.060260968941034915,4.005558730441616,0.944369782588563,-0.03786163434292268,0.028279342097704687,6.021320600048894,-0.1251487739208753,0.03685070835504898,-0.014772577910234473,0.016744220939536633,0.22747319682240486,-0.001862564286472996
0.5555555555555556,0.8888888888888888,0.2222222222222222,0.7777777777777777,0.5555555555555556,0.1111111111111111,-0.17569644888407088,7.118272712780836,-0.10088078384270381,-0.07529159050677775,3.930817454463361,0.05545575424923709,-0.17671068091782038,-0.07187500687273979,1.899769118698192,2.053287482596946,0.012194438402837056,-0.021382656330185823,-0.018282029093224666
0.5555555555555556,0.3333333333333333,0.6666666666666666,0.8888888888888888,0.7777777777777777,0.8888888888888888,-0.10921318323593554,-0.13228810616393352,0.07495903497792322,-0.07039530304424625,-0.014918056105305008,7.923949245571882,2.853853008830111,-0.148499471315116,0.026487615319478137,4.187977758783692,-0.021632911792155436,0.14377914168302725,-0.031768407643308676
0.7777777777777777,0.1111111111111111,0.2222222222222222,0.1111111111111111,0.8888888888888888,0.1111111111111111,-0.021275904730665377,2.0381231553542434,-0.11686360829049552,-0.019288382944520812,6.941883130303267,0.03528403931810144,-0.22297129139391214,0.09286817129435254,2.0831397108300385,0.0171312937300402,0.02013455123780858,-0.031189735961585335,3.9609360801511473
0.0,0.8888888888888888,0.2222222222222222,0.6666666666666666,0.5555555555555556,0.7777777777777777,0.014056603064145266,-0.14730959506777758,-0.09790711381088352,-0.062449723040948014,2.2083669342771532,-0.05123121713323733,0.18694573206999018,2.918777209332108,-0.35061365531605887,-0.029507568305322102,6.996903545312047,0.17649596289156588,2.9029909843553847
1.0,0.2222222222222222,0.2222222222222222,1.0,0.6666666666666666,0.1111111111111111,0.03268507885130295,1.9018151189366321,0.025936722816016323,0.045526164346244846,2.895796867335169,7.085906480558285,0.03984165568932102,-0.09396718371385325,0.09340254856064947,-0.08143126435733676,0.04949040520469713,-0.05715263141854165,2.911298469031274
0.5555555555555556,0.8888888888888888,0.0,0.6666666666666666,0.4444444444444444,0.1111111111111111,0.11597215098098711,0.1781618492581333,0.09367447764072623,0.06068748597055406,3.959589872680823,0.21454821281747527,2.011705238689773,0.045498207361906885,-0.07068275193790718,0.8759534661741699,8.041365927119164,0.06481447308620572,-0.1039466187096873
0.1111111111111111,0.5555555555555556,1.0,0.2222222222222222,0.0,0.7777777777777777,1.9457496192280221,-0.00569822037369196,0.003988130301715868,-0.12420904089905843,6.836307505638064,-0.06709485944543007,0.02012493696054385,2.0590796065309185,-0.04978749193852489,4.168120437887845,-0.1370117310301573,-0.057551200678829906,-0.007374811882905576
0.8888888888888888,0.3333333333333333,0.1111111111111111,0.8888888888888888,0.4444444444444444,0.5555555555555556,0.005780641521791977,0.019121051824487766,2.9122055371459297,2.907983366088748,1.8357207740346215,0.06492773828582575,-0.08497341950138436,-0.006653471437184007,0.08980741146274826,6.9983849844905786,-0.15133347860080507,-0.029590063583059125,0.01686558403587989
0.1111111111111111,1.0,0.5555555555555556,0.7777777777777777,0.3333333333333333,0.5555555555555556,0.16422143824881055,0.03004385311531815,1.9160327621140323,0.3255996620990326,3.0982261903719137,2.033624886754895,-0.09998905986818557,-0.1388252532225823,-0.01688710226082552,0.01404895066032603,-0.06332415717442773,0.03881632524668668,7.974890837039488
0.1111111111111111,0.3333333333333333,0.3333333333333333,0.8888888888888888,0.3333333333333333,0.5555555555555556,4.827887011358946,0.16516038264764554,-0.19388497669486396,0.09891570385055959,1.936672394979872,-0.2347325987119112,3.896850852145145,0.10938275443505961,-0.16190575782218689,-0.06582115318459933,0.1272775404971938,-0.11830181182579516,4.05532008339923
0.8888888888888888,0.0,0.3333333333333333,0.3333333333333333,0.0,0.1111111111111111,-0.16052140956564934,-0.019492922242115743,-0.04065658336159473,-0.016909227911150605,8.911938662445209,0.11569843445612359,-0.18070065381591172,0.11785992942336923,-0.01945831816643034,4.903379332364197,0.03856726131319611,0.055454200225938215,0.9899007935351865
0.0,0.6666666666666666,0.7777777777777777,0.0,1.0,0.5555555555555556,-0.050268652064083534,5.184644229911797,0.009449419909881419,-0.11040834122336807,0.18206899812437327,0.07697438840722182,-0.0006364790502503798,1.8859242323557832,2.09217099992778,-0.052438742573583365,5.959056863017139,-0.049315062195976644,-0.14575092050425995
1.0,0.3333333333333333,1.0,1.0,0.8888888888888888,0.1111111111111111,0.20615591928476815,1.0323145524410227,0.09137962574568516,-0.06839571472874952,0.13563036839265505,-0.30356442722854265,1.9381270956893015,-0.2850602638735042,8.01949098383847,0.06173737027858936,0.042971656750704905,3.851569613658804,-0.011831459792515058
0.8888888888888888,1.0,0.5555555555555556,0.7777777777777777,0.1111111111111111,0.6666666666666666,-0.031590634855953835,0.020001967443128103,7.110070879710947,-0.07048677570173792,4.073540533446003,0.06493877975548522,0.07975051476254882,0.9134891731095207,-0.07820741898868117,-0.05023136135340407,2.8826817676121994,-0.08514678245687946,-0.09299096003672663
0.0,0.0,0.0,0.7777777777777777,0.0,0.7777777777777777,0.02589477618881505,-0.06709125112966645,0.063574507029339,0.9430462733105014,0.17481418496626505,-0.00339916683056056,-0.01077560579937246,-0.1310398594740407,0.08158048071178743,3.1120988874191013,-0.033270084611016694,6.069839558153982,5.167812604620652
1.0,0.0,0.6666666666666666,0.7777777777777777,0.7777777777777777,0.5555555555555556,-0.08856962502755278,0.07650443352755232,2.975267235439201,-0.014129394150417399,-0.11339524305337217,2.9869734947232462,2.9926005120832464,0.0738305974685478,-0.05823933193867325,-0.04102321663369418,0.21056265311948563,6.0137129960060705,0.058606467559961774
1.0,0.5555555555555556,0.3333333333333333,0.4444444444444444,0.2222222222222222,0.8888888888888888,3.0323675865702784,-0.1188459787190205,7.003629993038256,1.0124360542344581,3.840885285070689,0.1988231557560421,-0.05639805356786598,-0.06929991962764366,0.02153450218977712,0.06536953732050808,0.07427278161492733,0.008898843854898952,0.1479234979972316
0.6666666666666666,0.2222222222222222,0.4444444444444444,1.0,0.3333333333333333,0.2222222222222222,1.0567370091281167,0.0054844016757964464,0.057812889876215134,-0.0389465599146164,7.974098696900571,0.041341045330705845,-0.06547571366167029,2.9266344839094485,0.008052791261842574,2.9838276895524936,-0.017227242828001747,-0.07363442556838301,0.14989710645577925
0.7777777777777777,0.3333333333333333,0.7777777777777777,0.7777777777777777,0.5555555555555556,0.7777777777777777,-0.022328485347686715,0.07630729078901516,2.0522707232825996,-0.10177434073028474,0.010734511281186814,6.037527790104654,0.10353776994421321,-0.1621680583907261,-0.1276643113696961,4.093767893713374,-0.10341512015109156,-0.10814365378958041,3.059624925441475
0.4444444444444444,0.2222222222222222,0.0,0.5555555555555556,0.2222222222222222,0.8888888888888888,-0.02447402037359524,0.10376261232962088,2.786746013601966,0.08665912471238127,0.08063169984542409,5.9506687046550715,-0.06701154371078338,0.09620793493173535,2.882962128543812,0.22528560589489066,0.07675274306050095,-0.1354910786447112,2.99225098186418
0.3333333333333333,1.0,0.6666666666666666,0.7777777777777777,0.7777777777777777,0.6666666666666666,0.023720823962078044,7.09437300111854,-0.05800567884495583,2.0303115244960614,-0.01891213507113987,1.9627056674390135,-0.046913087303491904,0.05840615847584229,-0.005003347024228458,0.043581341663117584,0.04179543578828226,0.005085427970140523,4.169323818468571
1.0,0.7777777777777777,1.0,0.2222222222222222,1.0,0.4444444444444444,2.102025840157884,3.059657174439108,8.898023751266527,0.1206058303843324,0.02264483321896696,0.01731375979533965,-0.077220879710133,-0.033839573984192704,1.1617775250928424,0.07064603337479133,0.002451168987782155,0.02333494447849296,-0.04565325546066121
0.2222222222222222,0.6666666666666666,0.7777777777777777,1.0,0.0,0.2222222222222222,0.06454351324899958,2.950715606781454,-0.06391093940742677,0.13830200189619551,2.9886882078304993,0.09555357224016163,-0.07982754176730533,-0.03588723251681412,2.062597220964115,0.016044783178562696,7.017963822715432,0.006863633175891933,-0.19376725806718129
0.1111111111111111,0.3333333333333333,0.0,0.3333333333333333,1.0,0.1111111111111111,0.048009199166764445,0.008201944325449071,-0.16511235111303976,3.0720571837958732,3.097330138832958,0.1842847919547954,-0.001875185788163483,0.07428928747919027,-0.17690516192236638,0.23590939908623337,5.993769217432678,0.03684963804834316,2.989809378201073
0.3333333333333333,0.0,0.8888888888888888,0.8888888888888888,0.7777777777777777,0.0,-0.09022127577643678,-0.15400475859470172,0.047182010897598076,-0.14156149200833706,0.06737834758838841,2.934771224126134,0.04889592392707054,-0.013196171716870972,5.948204796102231,-0.06569036850602525,2.0599659401828485,4.081719428740981,0.12444713853420196
0.3333333333333333,0.5555555555555556,0.7777777777777777,1.0,0.1111111111111111,0.1111111111111111,-0.1368400755795652,1.9647724710554832,-0.004706640989232101,0.13872610882808648,5.988506223743957,-0.18169178198867275,-0.04522120297801759,-0.22230122525761292,0.12100547185025393,1.9963623007397127,5.0611971291194155,-0.2685019443612559,-0.03282603158975283
0.4444444444444444,1.0,0.8888888888888888,0.6666666666666666,0.1111111111111111,0.7777777777777777,1.8862765054578214,5.987485896576144,0.09464495953363618,-0.1132784108746695,0.13355206159737867,-0.021712769925752936,0.07193348002145154,-0.052562500769029255,0.00792572870478292,0.11503650512708902,3.7397908362576695,0.07053228978852816,3.0503418219627756
0.2222222222222222,0.4444444444444444,0.7777777777777777,0.5555555555555556,0.3333333333333333,0.6666666666666666,0.08321955911580999,4.0575745439912065,-0.06527642237521934,-0.030037035374645932,3.8709291284228007,0.03210350907055917,5.055811384795903,-0.10580722276695256,-0.11703427715051345,1.9453006468285712,-0.0321873693404272,-0.002073673635812154,0.10565684083915582
0.2222222222222222,0.8888888888888888,0.5555555555555556,0.8888888888888888,0.7777777777777777,1.0,-0.09990689714811496,6.975772433729083,-0.013726075543282527,0.048298072627014306,0.8463823093193455,4.042276045850674,2.9527498145188087,-0.18445885235043297,0.11510833351036381,-0.0848861379427326,-0.09612286105140597,-0.06402440432808362,0.018868612258108815
0.0,0.1111111111111111,0.3333333333333333,0.6666666666666666,0.3333333333333333,0.6666666666666666,-0.015976810741242797,3.133334163938547,0.055742389217458214,-0.09826106049790514,5.9813245262805035,3.7948342530850727,-0.11404056700486567,-0.009474752706354188,2.0264679217030253,0.040591061119359645,-0.09921503376914412,-0.02922895983071296,-0.027836288367787905
0.7777777777777777,0.0,0.1111111111111111,0.6666666666666666,0.4444444444444444,1.0,0.0299012918193948,0.04068603112612748,2.9640024253843222,0.0999113075838454,1.8791658559894064,0.001724407026977953,-0.04867611331848179,-0.04793996070849053,3.25997335810825,-0.03662042091649028,0.12314745398749304,6.980094060059958,-0.07460804883826372
0.5555555555555556,0.4444444444444444,0.6666666666666666,0.2222222222222222,0.4444444444444444,1.0,0.10920056856126584,2.8753863378551223,-0.050109836161655034,-0.016362305832026348,-0.13654151510305043,0.15153967347875952,4.952174777864979,4.045011177508484,-0.10185672581730938,2.9917143344167325,-0.011595036535105435,0.1090147150336117,-0.04816981629631323
0.1111111111111111,0.6666666666666666,0.6666666666666666,1.0,0.3333333333333333,0.1111111111111111,-0.08648411736944914,0.08517170995867704,3.971502043401523,1.8621407500913476,-0.009143802609819809,7.005633098654995,0.09452686855487655,0.06879575795638469,0.07439130252307895,0.1294508939165589,-0.1022305568639447,2.0470366892799072,-0.030109074581689196
0.3333333333333333,0.4444444444444444,0.2222222222222222,0.6666666666666666,0.7777777777777777,1.0,1.9132102101809738,-0.0012993004890359946,-0.1443417660771847,-0.040263374579775184,-0.14364244168528592,0.018376903191463508,0.021955628182890884,2.8038742975864395,0.01769230284075401,-0.044288393022247415,6.071699688702875,4.0885519994014885,-0.07594992117401111
0.8888888888888888,0.7777777777777777,0.6666666666666666,0.2222222222222222,0.3333333333333333,0.5555555555555556,-0.028086481419458062,-0.06913669112349687,0.12390462325616557,0.0894147708355673,4.159023737501518,-0.03002669530024589,0.08184724058098904,0.013664330216493326,1.0776619381529933,-0.041294141768121226,1.9329218890558004,0.14676216962711128,7.885461123526273
0.3333333333333333,0.8888888888888888,1.0,0.0,0.5555555555555556,0.1111111111111111,0.05876820804365214,4.236193903225019,-0.10835590867083392,0.9784704907653947,0.0463801944608953,-0.17886971220378525,0.04539546230974744,-0.1235551115752061,0.8273261979371216,0.002930916339279372,8.902070396418324,0.08000087117848516,0.07092060411207315
0.1111111111111111,0.5555555555555556,0.5555555555555556,0.7777777777777777,0.5555555555555556,0.0,0.07349260987142364,0.9105013163906172,-0.0815326753587447,0.015580110467069561,5.800908422735209,0.041517718881418524,2.062715563513723,6.123407030527732,-0.016333526593067145,-0.10755540936388529,0.10749704763680162,-0.11954853225448442,0.05392169450879506
0.3333333333333333,0.3333333333333333,0.0,0.7777777777777777,0.6666666666666666,0.8888888888888888,-0.018617808050570128,-0.20800221877007463,-0.011744388970979049,1.021776921879058,0.053236212828615626,0.0481217866235962,1.829378359359334,5.039284881373449,-0.06712875511349907,-0.05421365656457741,0.08599027943030192,-0.13093575818729894,7.111439072257434
0.1111111111111111,0.8888888888888888,0.3333333333333333,0.8888888888888888,0.3333333333333333,0.4444444444444444,3.0363201970161184,-0.17784249252599993,-0.07573283550379228,-0.0954794685347594,5.931685592083491,0.028683292031190178,0.09245240155075164,0.14906581895758905,2.9728168325432702,0.07064333135789923,-0.05937946358825156,2.9813428633759615,-0.027609959825101307
0.0,0.4444444444444444,0.7777777777777777,1.0,0.3333333333333333,1.0,0.09067051305031772,3.8570855692774257,-0.053531706097134035,1.8710794875042782,0.03187118538118797,0.02185289513383334,0.05561185395152392,1.784117013520158,6.924773752245005,-0.05545616295874073,0.02500211586415929,-0.11108719859802943,0.055493443175387826
0.5555555555555556,1.0,0.3333333333333333,1.0,0.4444444444444444,0.7777777777777777,0.05574926985131991,8.000592902581193,-0.2692722009035948,1.857115580591944,3.0911207711474002,-0.024704185096155913,-0.13357505644066178,1.8443316122781064,-0.04724867443742684,0.011905453155354543,-0.1930428629542546,-0.03530780461183424,0.07518021927556989
0.7777777777777777,1.0,0.1111111111111111,0.5555555555555556,0.4444444444444444,0.0,0.09368613159896813,2.943842566708234,-0.15015663386613787,0.024445375000881477,-0.1380871150579552,0.10552600766257976,0.039398797586595424,-0.20596952191842344,2.9626876703186698,-0.0627401132925484,-0.21217112969565477,0.14011284825848885,8.97120134338684
0.0,0.1111111111111111,0.4444444444444444,0.2222222222222222,0.5555555555555556,0.3333333333333333,-0.046182472522094654,0.029859591844327994,-0.03943115151373284,-0.0852749626182282,0.0335838066318484,6.925635165285977,2.091788090199705,-0.1251622964193385,-0.09265125881866279,2.1375792982813913,-0.013956405911934125,3.9381459629882762,0.14348209554197186
0.3333333333333333,1.0,0.4444444444444444,0.2222222222222222,0.1111111111111111,0.7777777777777777,-0.01936347076914561,8.849354979445218,-0.0763728056693622,0.01804991223660538,3.0315655680496856,-0.14364873090309194,-0.01704090222477988,-0.08924413037724274,0.9773722040371705,-0.06997365044386127,0.02811971115921278,-0.05556283627567726,2.081796654108061
0.8888888888888888,0.8888888888888888,0.2222222222222222,0.3333333333333333,0.2222222222222222,1.0,5.9333695336399535,0.05145619403171117,-0.13924829922025006,-0.16752299045225907,0.01704133365245548,-0.10598147915944667,-0.05040725211392394,1.9030127745514844,2.10998541830625,0.010065013750006811,0.036830476625155935,4.881704829729483,-0.0376292948586232
0.6666666666666666,0.8888888888888888,0.3333333333333333,0.0,0.8888888888888888,0.8888888888888888,2.9266252439221327,-0.023227990066599688,0.042802135769851785,-0.020811547176873564,-0.09307277023617466,2.1788721744320605,0.09493955629674376,1.9006820022942674,-0.08888479869505993,0.02616421870386698,7.978934455170648,0.027628466189729396,-0.028493239154059054
0.7777777777777777,0.1111111111111111,0.7777777777777777,0.4444444444444444,0.2222222222222222,0.0,-0.11422278406105915,2.945557599793626,-0.048530722443828306,-0.013566224299238453,-0.041513477917426586,5.737937267727284,-0.07080666235582204,0.13711987978158535,-0.06057185476995648,0.17276107451436806,-0.03281320847149093,3.8521171019948603,1.9342750458597868
0.0,0.7777777777777777,0.3333333333333333,0.8888888888888888,1.0,0.0,0.05075391788667593,0.002188524104835361,0.08004469315465493,1.0094950963279659,0.07711352070014826,-0.04073182032666598,0.8461981978381431,10.08927394484333,0.09550644832838683,0.0011450606609615106,-0.16613626700974657,-0.01595804923213161,3.0936167459622923
0.7777777777777777,0.7777777777777777,0.4444444444444444,0.5555555555555556,0.7777777777777777,0.8888888888888888,-0.044684691518016566,-0.05429855883475463,-0.11928485306437653,3.0836992629423245,2.10709796650574,-0.06624317580825609,3.1003426324356296,0.009262578246366258,0.22196969510500475,-0.000831691135938574,6.824670519465727,-0.09800778268700865,0.10807595487237338
0.4444444444444444,0.2222222222222222,0.0,0.7777777777777777,0.1111111111111111,0.5555555555555556,7.920852782898539,-0.20815583076669575,4.149456296753874,-0.06532234100196115,-0.12620534843281372,0.07873664398454829,1.8558608152801266,0.10214069407164797,1.2428758820750763,0.01762787770157709,-0.04738731866154593,-0.08610696299810061,-0.08197527879806144
0.0,0.8888888888888888,0.0,0.3333333333333333,0.6666666666666666,0.1111111111111111,0.2595720511526009,6.015648828272479,3.0248300708124587,-0.042726069181897613,-0.11191149908655328,0.05906783882604773,-0.04984602964631679,3.035013835991684,-0.08731400633040523,2.9466565051670406,-0.05930543911085759,-0.17529844067723674,-0.02825438941301103
0.3333333333333333,0.7777777777777777,0.2222222222222222,0.0,0.5555555555555556,0.7777777777777777,7.079523316521423,-0.12123681622624212,-0.04227941440075876,-0.09346518448274958,1.136419506029846,0.0008546016452540164,2.759356916281867,4.044829413432372,0.14775042942114602,0.11238199115611787,0.16145893123815153,0.06956203404520198,0.08148175923012109
0.6666666666666666,0.4444444444444444,0.7777777777777777,0.2222222222222222,0.4444444444444444,0.2222222222222222,-0.010882364074388213,-0.026869064927438648,0.03516721270292558,0.16629802267610982,0.16219816775568943,-0.01578660299925953,-0.06829146301813259,7.154282852654773,0.047516418137559434,1.918080303789408,0.06004398685689704,0.016896164329296814,5.896865505484913
1.0,0.1111111111111111,0.7777777777777777,0.8888888888888888,0.6666666666666666,0.5555555555555556,-0.07474679089719022,-0.12350269370218302,0.11520621333826984,0.016362950942341793,4.0812414042781615,0.0235831370200093,-0.0034105307229757224,0.005738580323622412,-0.021500160599714133,7.834786650053779,-0.018277774765720317,-0.008609186308720247,2.93393759802061
0.2222222222222222,0.2222222222222222,0.6666666666666666,0.4444444444444444,0.4444444444444444,1.0,-0.011236933151636036,-0.0290778448773939,0.003663502089772261,1.9865803404084585,0.09342087508668473,0.1279426318429043,8.110228148175533,-0.014172122113035819,-0.1130832961930063,0.025680898465150655,4.949198427317421,-0.07591646801022861,0.02336941630920644
0.7777777777777777,0.4444444444444444,0.6666666666666666,0.0,0.0,0.8888888888888888,6.032046572176948,2.990897021028758,0.18633109171431342,0.013732328733118571,-0.024704710356720797,0.06004682335217525,0.07053674182878646,2.96251311578532,0.0694656606951646,2.9289328960001373,-0.12977452297308203,-0.052699209972714614,0.0932222554126905
0.7777777777777777,0.1111111111111111,1.0,0.0,0.0,0.2222222222222222,-0.07495744590639038,-0.18508502530519164,0.9140749534788819,0.05653801453779422,6.065788631292101,0.021770293640783714,0.0244030299076551,0.0670726349765878,0.1371706039621917,0.0656806179293034,2.9002638537969623,0.14961225694847588,5.097517894865027
0.0,0.4444444444444444,0.3333333333333333,0.8888888888888888,0.0,0.1111111111111111,3.891613809051073,-0.147778824257602,-0.06360359735132136,0.174746476825901,0.07982099841533083,9.773175473236186,0.9954553404643439,0.04710015067280431,-0.04694992572821432,0.07782061039484307,-0.19836623172683754,0.01535295662813057,0.011679019195847955
0.6666666666666666,0.5555555555555556,0.2222222222222222,1.0,0.7777777777777777,0.0,1.0477516945947691,-0.05847493881190699,0.08735032739326531,-0.1164389776355886,0.04515439772193634,-0.04781996746452576,0.043482895200048194,4.173113906799216,6.9266988344770475,-0.07755490016754873,2.999569460008839,-0.11944928561525806,-0.05262847961096411
0.1111111111111111,0.3333333333333333,0.8888888888888888,0.8888888888888888,0.6666666666666666,1.0,0.09957466716857219,-0.06670349489606527,0.057679569568826694,0.05269565400600636,-0.2980149669684939,8.815212816373428,6.009682728951573,0.10077970709943536,-0.0029852922732770894,-0.014209011335653608,-0.10142792100783798,0.005462277549071105,-0.028394466651052733
0.3333333333333333,0.0,0.8888888888888888,0.0,0.8888888888888888,0.4444444444444444,3.1027414913205655,0.14327442389684444,0.030455944648013145,-0.24138024917622536,3.003213553582995,6.088556206305232,-0.020386618222696867,0.1617311818077235,-0.08166677353429863,-0.16374493585530467,0.10145866296877622,2.9375033182542416,-0.1003604421920401
0.2222222222222222,1.0,1.0,0.2222222222222222,0.5555555555555556,1.0,-0.02564916831430481,7.893248069323397,-0.028468120231471463,1.9286017190394984,-0.03858270437991308,0.10623307940319862,-0.10145493221876783,0.04288090173211001,0.06690988862361061,-0.03636676245428426,-0.1260440366563886,5.064529149568624,0.1028718833314702
0.5555555555555556,0.1111111111111111,0.4444444444444444,1.0,0.0,0.6666666666666666,-0.04779997634339611,-0.048430688048110605,-0.031058397645092158,0.01932186502981125,4.0199212949003345,-0.02250769605040246,0.08292595672662884,0.05676812576624949,-0.026684883439037372,7.135217194803316,4.089084909661308,0.18416746920783436,-0.041486278356479805
0.3333333333333333,0.0,0.7777777777777777,0.6666666666666666,0.2222222222222222,0.5555555555555556,0.1654187586680022,2.98770244401149,2.967290363971742,0.0018796094123600107,-0.17415758830396286,0.08634372111216364,0.0716731019163553,-0.0818268968636482,2.972863430516545,0.13160232685686254,5.988982346564948,-0.02414353858816542,0.06472365633569015
0.4444444444444444,0.2222222222222222,0.4444444444444444,0.2222222222222222,0.4444444444444444,0.0,-0.01437466304708188,3.8868902192238113,-0.05154372829681746,-0.16162473368265207,-0.06561854051305287,10.981173621663467,-0.03710138771802167,-0.03539873156491659,-0.19829938932842414,0.004914959044835083,0.07346603565498595,-0.03687700073304176,-0.08817771800900687
0.0,0.7777777777777777,0.5555555555555556,0.4444444444444444,0.5555555555555556,0.2222222222222222,0.09595548494507308,4.9065730567895605,0.08440514906284381,1.892469072332265,-0.10097634083120913,-0.08268276143160458,0.10759370960737394,0.12565505075334515,-0.14241998283590573,4.0679121218551755,4.095942591268088,-0.1764544961649392,-0.044812967337525204
0.7777777777777777,0.0,0.7777777777777777,0.0,0.3333333333333333,0.1111111111111111,-0.08244201304355754,0.14472878109842824,-0.08487079304704134,-0.20396683930270734,-0.11388057990047251,0.06257778078645776,-0.10889882829031117,1.0999160677609678,3.035364758532456,3.087513436698107,-0.07944371041241936,8.04791979191039,-0.06379223614443962
1.0,0.4444444444444444,0.4444444444444444,1.0,1.0,0.3333333333333333,-0.027211573561262706,-0.04427826423000865,3.0568563583961597,1.9624817350590873,0.18126730170145433,-0.13205321552187008,1.9987414474449379,8.046856800496817,-0.04168542463171935,0.20943394457839315,0.011102327290996866,0.10811165582707923,0.07335674324213463
0.6666666666666666,0.3333333333333333,0.4444444444444444,0.3333333333333333,0.5555555555555556,0.3333333333333333,0.023056003492512418,0.8925975430180701,0.8836810329051716,-0.11014005709699833,-0.012667284685508635,9.990786642012655,0.11735293920666115,-0.15840945483432123,-0.11629696187075599,0.08514869651499979,0.13123145336314507,0.021128791007748803,2.9972499922530247
1.0,0.7777777777777777,0.8888888888888888,0.5555555555555556,0.8888888888888888,0.4444444444444444,2.187462967890935,-0.020298270973100718,-0.020824893194031704,3.0961523970966085,0.11696283611389442,-0.06887222512883025,0.13474882599124402,-0.03841226390236318,0.07939114998798592,0.04102928568503507,6.85424276569397,3.053315306346739,-0.044746235677562515
0.7777777777777777,0.2222222222222222,0.1111111111111111,0.5555555555555556,0.0,1.0,-0.050216945807990014,-0.0583435105191072,2.7666717580023135e-05,1.912565312254353,-0.07148870808355638,-0.06469543329390719,0.10261047517787154,-0.013953188557183173,-0.09488655643517122,4.158479213667814,0.023535295299576934,8.948923051723376,-0.10598287097114344
0.8888888888888888,0.0,0.8888888888888888,0.3333333333333333,0.3333333333333333,0.5555555555555556,-0.03639642841035124,0.13512655304638352,-0.06447087792244206,-0.08559764429138932,4.91918406577056,0.07764782722277776,0.11085601310966892,0.03568543719749436,0.06994418441548488,9.883599858558748,0.03172473577798376,-0.18041245099394665,0.03728752470785336
0.2222222222222222,0.2222222222222222,1.0,0.5555555555555556,0.1111111111111111,0.1111111111111111,1.7881101361603327,-0.2141164512056838,-0.04337008644483672,-0.034345713336983434,0.04155043980156377,-0.10822341912401506,4.137775377138017,-0.18158240786358448,0.038325984799526626,1.0248529484898798,-0.04460760561835758,-0.11873586835302341,8.038810037941229
0.2222222222222222,1.0,0.0,1.0,0.2222222222222222,0.0,0.017652714355509382,1.9014639249406657,0.09561455726703823,0.2789795571558445,6.906601743163319,0.14158961847077287,2.148720765768698,0.019703124793652074,0.1387533873735664,0.11533546517998979,0.030693102214381415,4.113707163387452,-0.075568143512385
0.1111111111111111,1.0,0.3333333333333333,0.8888888888888888,0.0,0.3333333333333333,4.883961854299169,-0.0735489687926089,-0.03366688498151093,0.2034333239876144,-0.23930172705589353,0.08508421762231555,-0.08423575785041389,0.07276692833141378,1.1344064119234616,-0.05057778189617466,0.04050868617883868,0.13739959491363177,8.975500333389578
0.5555555555555556,0.6666666666666666,0.3333333333333333,0.0,0.7777777777777777,0.4444444444444444,5.871715566264415,2.9851253240752156,0.07671541793157427,-0.01783057350466901,2.906742425934427,0.1319394300162657,2.9628886026681873,-0.1222397533293464,-0.14189712729408344,-0.06999202895829171,0.08121354234085833,-0.001787165403333805,0.02800671879143303
1.0,0.2222222222222222,0.8888888888888888,0.7777777777777777,0.4444444444444444,0.0,-0.05154693016704509,-0.018879673562775354,2.1322205218936925,2.0141752355545384,-0.001691747660470892,0.06213239737756199,-0.10956389029145806,-0.06800525690366581,-0.13771951357892573,0.03327744905556919,3.0866202704183316,0.05751132507090791,8.06265386120445
0.4444444444444444,0.6666666666666666,0.6666666666666666,0.7777777777777777,0.7777777777777777,0.2222222222222222,-0.12935722134844072,-0.026768906769972546,0.1470383343522306,2.056824832351208,3.1676755319234666,0.06495194848132142,2.201809216855661,-0.06344332887938123,7.836719597001539,-0.14070585340620645,-0.10695812458145315,-0.028544822283730044,-0.05084531680513826
0.4444444444444444,0.0,0.1111111111111111,0.6666666666666666,1.0,0.6666666666666666,0.06082621780875286,-0.005343038584455687,0.05982514123248811,0.16559355754691762,0.016585295600672657,2.79533412417909,0.05041783180257218,0.0831351956399477,5.133467067921449,0.047089429197733255,0.04876785940482855,3.028901991455511,4.107424731341924
0.2222222222222222,0.6666666666666666,0.8888888888888888,0.3333333333333333,1.0,0.7777777777777777,0.16711319909644595,6.811840915448315,-0.015994521086340918,0.05509171467680394,-0.09288673012252219,2.0801460243839807,0.07538386636820858,4.066978052196745,0.0670185429899857,0.0074491593623267965,-0.010715850948599318,2.013214940472357,0.01036751975894573
0.4444444444444444,0.4444444444444444,0.4444444444444444,0.0,0.0,0.5555555555555556,0.034768122449950006,0.056951760048623234,-0.05461193608095826,-0.004974693196128047,0.006172722076659708,-0.08397756756248184,0.009174781385900943,1.993920057894766,1.9005987926316494,4.012539869179981,-0.000936898041485575,-0.21246035416826567,6.963058103087159
0.4444444444444444,0.2222222222222222,1.0,0.1111111111111111,0.5555555555555556,1.0,1.9391142542844182,-0.1376378976203097,-0.07975850575697527,0.09594986149824869,1.1740760964225092,-0.014967820806953282,9.991510327953579,1.902136306167405,-0.1297420661893163,-0.048485974011944544,-0.04763927818085883,0.06086544463171692,0.20365119708626878
1.0,0.8888888888888888,0.0,0.0,0.8888888888888888,0.0,5.952191497671369,-0.04883649548645028,0.10303522128626746,-0.12959552807608107,0.22992850102520254,0.09027368501816714,3.0382355856450123,3.0541768789359827,0.05824480775470593,2.9685685745428176,0.017216026661821888,0.07967857523011716,0.06280869924224389
0.4444444444444444,0.3333333333333333,0.4444444444444444,0.1111111111111111,0.5555555555555556,0.3333333333333333,-0.10920474446087712,-0.051145573429364856,0.0006496290220052238,1.9153236091383397,0.04156643853783194,-0.11501670617104519,3.979503344549236,0.029037070203693345,0.9586213593318909,0.03419407366348449,7.8830583778961145,0.02075243887180691,0.1424190051080759
0.8888888888888888,0.8888888888888888,0.1111111111111111,0.0,0.1111111111111111,0.1111111111111111,0.08727798379282525,4.230744509013204,-0.16721665716470824,0.014600339475392736,0.005785487203279434,0.09112908489682736,0.08705978247394136,2.906190645810581,0.033554905951495406,2.9108235552548987,4.941622387720136,-0.04187147015318318,-0.020707603898432198
0.2222222222222222,0.2222222222222222,0.4444444444444444,0.8888888888888888,1.0,0.6666666666666666,2.8178676238844558,3.1009429285075933,-0.14448460900910512,0.009247020324543062,0.04278225120137335,0.012796330375451484,0.0915209321123586,8.945186698925196,0.004535599104186048,-0.031104174105884154,0.07458004537897664,-0.1314820363645797,-0.005943982070202379
0.5555555555555556,0.6666666666666666,0.3333333333333333,0.3333333333333333,0.6666666666666666,0.8888888888888888,0.08922511346518625,0.229898293001633,0.11841351065335946,-0.1248423166231816,-0.06820755826490438,7.102795658810972,2.9308996429264815,-0.10191495207862225,0.057287060607672295,4.012658980287234,-0.025223915582182534,0.0934634692823486,0.8366376019685677
0.3333333333333333,0.0,0.4444444444444444,0.8888888888888888,0.0,0.3333333333333333,6.811688394404819,3.1203582754701022,-0.17979985214849414,-0.060553642987007675,-0.1079204560837823,-0.031470974698169236,-0.11531999764428252,-0.0175357664631719,0.08029794736103507,5.02818313805261,-0.03548441313328669,-0.0979579765131116,0.0758845099674889
0.6666666666666666,0.6666666666666666,0.5555555555555556,0.6666666666666666,0.5555555555555556,0.6666666666666666,-0.25327332176965184,-0.2202043529839171,0.9648989857538727,-0.06070068283843897,4.108073044921826,0.08533122803764938,-0.18313023127960384,6.923255973057802,-0.17763872295053224,3.0800559174330853,-0.10866618877236711,-0.039712512791665135,-0.0252029131970338
0.4444444444444444,1.0,0.4444444444444444,0.7777777777777777,0.8888888888888888,0.7777777777777777,0.1369518286782781,0.06067831391759401,-0.10994646748391959,0.014745219208555439,0.10878060347892107,-0.14583077909002592,1.9315737720075417,0.20154615197463022,6.135464835876526,0.038344804948740124,4.007929560559307,0.023046838493674407,2.9466156559821806
0.5555555555555556,0.7777777777777777,0.3333333333333333,0.4444444444444444,0.4444444444444444,0.2222222222222222,-0.17354413850104383,3.178580881972101,0.006336451567595158,1.8959549194009708,0.08980372680382746,-0.10304542815797409,0.1563090432584818,0.0263504751720006,0.018575068470179323,-0.15065455300346045,6.016229539821692,4.1277157861201195,0.059831866752443154
0.5555555555555556,0.7777777777777777,0.2222222222222222,0.4444444444444444,1.0,0.8888888888888888,-0.04853151330142564,8.01090220293182,-0.0197935342311834,0.03089539811253024,0.03210182580797959,-0.05793273179682423,0.08716087222592671,0.0664921409055968,0.001860549028841994,-0.002754527100605708,-0.01536375266109645,4.96717421632157,1.893511876170215
0.0,0.6666666666666666,0.1111111111111111,0.0,0.1111111111111111,1.0,-0.08045349549056115,5.954626711999654,5.173157815298839,0.8672681366342382,-0.07590118155743215,3.0127484144571626,0.07044940495086134,-0.01988837560184828,-0.08001651425293388,-0.13643508313859373,-0.04102643651690545,0.05369688958860788,0.021011923126736172
0.6666666666666666,0.3333333333333333,1.0,0.2222222222222222,1.0,1.0,0.04529989258780906,2.0420570530241227,9.06466239372788,-0.006336316952404546,-0.16751384358165067,0.1206261505782062,0.13163916592515326,3.03449881919136,-0.22385196951510442,0.8821037865146073,0.1737696116658044,0.16578918997707862,-0.060035386388056056
0.8888888888888888,0.4444444444444444,0.0,0.5555555555555556,0.5555555555555556,0.1111111111111111,0.018094760325483975,-0.10877496017139604,0.07626451809751912,0.9763119201452174,-0.09427954081677486,-0.19210438628353277,2.0832954545512723,-0.09056634293146448,0.009629201625844968,0.17187719995075623,0.017082410402027053,9.188705298776975,3.1925898508758754
0.1111111111111111,0.6666666666666666,0.8888888888888888,0.4444444444444444,0.5555555555555556,0.3333333333333333,0.07804651639263595,2.0957018779943026,2.0333543795512745,1.993563792060713,-0.16907570383642742,0.1352190503589406,8.966815569866533,-0.034100726650029556,0.088879603397455,-0.15401893409481757,-0.014547335585926214,0.07424170046075423,-0.15124001804023568
0.6666666666666666,0.6666666666666666,0.8888888888888888,0.8888888888888888,0.8888888888888888,0.2222222222222222,0.0057335961469777395,-0.06986459477880118,2.9359899587172977,-0.06869024919276448,1.810903100011746,-0.0037560982239578777,2.0141567322439937,-0.09584479613316693,-0.08882378497959455,-0.12304186357084251,7.969971731392166,-0.019511819826129196,0.111758769747485
0.3333333333333333,0.8888888888888888,0.6666666666666666,0.6666666666666666,1.0,0.3333333333333333,3.1753931027300575,-0.00698623766950662,0.04476651647825397,1.852721505359652,2.7602479403617837,-0.015850265888647592,-0.020040135771232957,6.962984467719011,-0.11734950605673021,-0.10281914227552245,-0.10351219387969286,0.03611391089288283,-0.060122490321022605
0.5555555555555556,0.1111111111111111,1.0,0.8888888888888888,0.7777777777777777,0.8888888888888888,0.021400363325641908,1.0178615532289592,8.126451625409947,0.9331923257289945,-0.1592305948819226,-0.15456217963634725,-0.04060347877445705,-0.04963831698547146,0.06362442797683662,5.117277912771935,-0.12439573802149642,-0.04821875451360523,0.0734732121477933
0.2222222222222222,0.5555555555555556,0.5555555555555556,0.4444444444444444,0.0,0.0,0.009879226622746057,0.19872002356508744,-0.016875663783735933,0.07237046364796011,-0.19005220775738782,-0.09237637128292961,0.120866500162436,0.1629691565458974,0.012834035731983752,-0.16747411315565686,4.019715423522525,8.059879419698094,3.012430423394798
0.2222222222222222,0.2222222222222222,0.2222222222222222,0.8888888888888888,0.8888888888888888,0.6666666666666666,-0.02616946543560203,1.974168692556452,-0.052944810399569366,0.03148869650048796,-0.04283909872335853,0.08708853399647919,0.04056556815830666,-0.0701433598067409,-0.05794941825407638,0.0004998705266796224,6.084668147804838,2.9693758693877705,4.063241625756561
0.8888888888888888,0.0,0.4444444444444444,0.4444444444444444,0.8888888888888888,0.7777777777777777,0.031242087555622973,-0.04287607332123973,5.936845702505963,0.07233846759418554,0.05144834397810927,-0.014993091112853189,0.003740065421866451,-0.169114300389556,-0.08872319717745042,3.935292503886956,0.10085123535316949,3.9600282930450423,0.9777924405602942
0.7777777777777777,0.4444444444444444,0.8888888888888888,0.7777777777777777,1.0,0.0,-0.26364828472951957,-0.06174581015365291,2.9772831844668675,-0.02255236636458056,-0.015370494540499949,-0.1427903183576846,-0.020182878956069548,-0.03162257556581716,8.257114890168095,0.08300434605739168,-0.060805244927663274,4.043007549873491,-0.00892473324736816
0.7777777777777777,0.6666666666666666,0.6666666666666666,0.8888888888888888,0.3333333333333333,0.5555555555555556,1.9440340083616077,-0.01645065456988157,0.058309736361735524,0.031838293725353094,0.11307346772018104,-0.1672518869949978,0.003586339345119294,0.1089211144388041,1.8219816624254805,-0.11433464719484154,3.1149983175217675,-0.04390243283530123,8.070747893473577
0.3333333333333333,0.7777777777777777,1.0,0.5555555555555556,0.1111111111111111,0.4444444444444444,1.9586850313893893,0.014367160465715779,-0.00980937563949773,-0.03645573879076804,-0.003822146890685262,-0.08452243572143436,-0.06721674663538323,0.06754244460354984,2.9642053765873633,2.0845140694116258,-0.12488008511340934,8.154686612896102,-0.20996061464399546
0.1111111111111111,0.3333333333333333,0.0,0.4444444444444444,0.0,0.2222222222222222,3.148622381612285,-0.02129487095432922,3.0212372893843633,-0.02997476667448303,-0.12986168574385756,-0.04497698978007028,0.08105003766705951,-0.016263418711774627,0.15528047863353056,-0.030088069084973103,5.9647408512179805,0.11254387047889913,2.983977701920778
0.1111111111111111,0.8888888888888888,0.6666666666666666,0.1111111111111111,0.6666666666666666,1.0,0.015251644955524196,0.09466296222698065,2.118168748173426,0.1953095495486813,0.04836708902231948,-0.07248151678630253,3.8674120353926242,0.9650196163003789,-0.1217376562844378,0.17405258031756288,-0.013357779995085035,7.954701722635062,-0.09549818349741473
0.3333333333333333,0.4444444444444444,0.5555555555555556,1.0,0.0,0.8888888888888888,0.0876962564390369,-0.07398513377452134,-0.1353146154654591,0.11746569230465048,0.04131512731686088,8.182729980455223,-0.00978940308039827,0.15586404466293988,-0.025798916432620934,-0.011670839441028901,2.996791656774504,-0.20590878226485732,4.0758308865722475
0.4444444444444444,0.6666666666666666,0.0,1.0,0.5555555555555556,0.5555555555555556,0.0501438878690323,-0.10203591498354898,-0.006177920639236886,0.9564117239505776,-0.1621495784498382,0.07319904857612222,-0.058354203738361025,-0.07733158777839529,-0.08052473825259454,3.9150279204037335,-0.13693694331210252,8.125916052880905,2.0018888323528374
0.2222222222222222,0.0,0.4444444444444444,0.8888888888888888,0.2222222222222222,0.6666666666666666,4.990959570039042,-0.30835016590978426,0.1647091259402782,0.07033018167511716,-0.16218906502945152,-0.03321120774508734,-0.14109652291819738,0.08304621663770473,2.9274256991772973,0.09706252881008842,0.02706479994790852,3.046129398471699,3.8501113451837345
0.0,0.2222222222222222,0.6666666666666666,0.3333333333333333,0.5555555555555556,0.6666666666666666,0.04146431784967233,-0.0924117250808177,-0.044164898172148186,-0.051633409163698,-0.15492991666357026,0.10118671290422952,4.9644423760411645,3.029791964174033,-0.08423404366717635,2.932068735085601,0.0026420539065607927,3.9139342065327556,0.051388610591241585
1.0,0.1111111111111111,0.7777777777777777,0.1111111111111111,0.6666666666666666,0.6666666666666666,0.11312311445908241,-0.06176784918257836,-0.02009320834684455,0.17545535074297633,2.9762060098113974,1.9240816021514504,-0.09720578487548548,0.0448487473851879,0.1723472826161678,-0.05269583375568598,1.9659303707113873,8.051541565590606,-0.08340806167378106
0.8888888888888888,0.3333333333333333,0.0,1.0,1.0,0.7777777777777777,-0.020131621633971582,0.0723733193384835,4.974239802092505,0.038289920437616524,-0.01807026737102511,4.076181721412967,1.9590766495360212,0.17087169176133882,-0.03570996873157758,-0.15589865197242117,3.99181472588064,0.05664229893946903,-0.05292400779251555
0.2222222222222222,0.2222222222222222,1.0,0.5555555555555556,0.0,0.8888888888888888,6.041479608449699,3.0499358569721595,-0.03978386784554345,0.06669325903696005,2.7429683107483447,0.17041546804885538,0.05845429408607934,-0.10635108919906378,-0.09332097264917182,3.0501219582631784,0.13788145786388958,0.08412596936872181,-0.05828160653305329
1.0,0.8888888888888888,0.8888888888888888,0.8888888888888888,0.8888888888888888,0.0,-0.2034644597681473,1.9142820281570319,-0.03839805386840753,-0.00034122447356722157,3.8867806369378375,-0.0772119575055222,0.0059770072591269485,-0.02771905885614867,-0.05633574886026004,0.032771450884228476,9.138815587018602,0.09102557162086714,0.2418799061762892
0.0,0.2222222222222222,0.3333333333333333,0.6666666666666666,0.0,0.6666666666666666,0.8701749854463937,-0.09428527299411257,-0.05451620336413563,3.113775143976817,6.06576026219243,-0.13441980844092377,4.793125865466549,0.07090341302397869,-0.003642135527554174,0.07532685405471827,0.00304581218048747,0.11825510829457118,0.07388070893818315
0.0,0.5555555555555556,0.3333333333333333,0.3333333333333333,0.2222222222222222,0.3333333333333333,0.09264771033279039,-0.05692190170197723,0.06406546237912501,2.9120271204807984,8.121062956473976,-0.11677870883753756,0.0379782704088558,-0.07252449046273403,-0.11321009193874364,0.0411026395548314,0.09545402027040276,3.020013355358035,1.004999675409183
0.6666666666666666,0.1111111111111111,0.4444444444444444,0.0,0.6666666666666666,0.3333333333333333,-0.11516570290757132,0.03001478251773583,-0.0064779498667894946,3.0005033138956745,0.10816240123765718,-0.14471666054388985,6.975566865704514,0.9598383538599551,4.254228615045959,-0.13976714255154957,-0.03351812423949509,0.06189330462564771,0.0705506505525067
1.0,0.8888888888888888,1.0,0.1111111111111111,0.5555555555555556,0.6666666666666666,1.9552866021385804,7.972875442447313,-0.10222641499045118,0.02086154873310364,-0.12011778384642863,-0.05883932606294339,0.03943667924917531,0.03774750811201918,0.3032522782070469,-0.14181787751241978,-0.056059506349877844,4.944109126891375,0.11560263181014806
0.0,0.2222222222222222,0.2222222222222222,0.6666666666666666,1.0,0.4444444444444444,0.132920948940313,-0.10589111601566135,0.04705235369225297,-0.12929573615318182,3.044999014382297,0.007242714604203954,-0.014781873870078292,0.02231045860393816,0.1691968312515588,4.029613240732877,-0.14293054838366673,1.02476128450846,6.969099921934291
0.5555555555555556,0.5555555555555556,0.5555555555555556,0.3333333333333333,0.5555555555555556,0.0,0.12889521038478374,2.0797362227126106,0.04048146550143214,2.0276299020967907,0.057607159467485215,6.927087226709357,4.026161685068973,0.02011532204523056,-0.20662275194441015,-0.1638996646995286,0.12927654470055852,0.09873398343092546,-0.1405979144980504
0.5555555555555556,0.0,0.2222222222222222,0.3333333333333333,0.1111111111111111,0.8888888888888888,0.08059972315587316,0.9982493313954449,-0.10300171672856649,0.041127845124884474,0.029683060572398084,-0.0016037046235640685,-0.14114743579998515,-0.041856638471901846,-0.003041375009632204,3.9889414674724355,3.0178411504619262,6.91800572162431,0.1878296130602465
0.7777777777777777,0.4444444444444444,0.8888888888888888,0.4444444444444444,1.0,0.6666666666666666,-0.08975884588236736,0.14383052314526643,7.825533536645744,0.14004876968000743,-0.030252145081038087,1.9819266830109652,-0.18202039242453694,0.05564803822576756,-0.09061187778162583,0.10941226398818536,4.091090345390543,0.13605097393756732,1.151941058271841
1.0,0.5555555555555556,1.0,0.0,0.0,0.1111111111111111,-0.07332846982111228,0.07504328322534329,0.06469720562885554,2.041396565553131,8.078582332724569,4.129219431448816,-0.064033553247627,-0.11598423038871025,0.03735375996007542,1.2416533392064832,-0.02480034593069325,0.1110650592939869,-0.05748678656022565
0.6666666666666666,0.2222222222222222,1.0,0.1111111111111111,0.3333333333333333,1.0,0.15310162083408324,-0.005552025815849256,0.06267039360278276,-0.06390101045155949,0.09959301746246284,9.1182033441368,0.10794477201894936,1.0374222635180514,-0.15395669362388556,1.0157282627242987,3.9276299050603263,-0.09162337590931557,-0.07552434659665058
0.8888888888888888,0.5555555555555556,1.0,0.3333333333333333,0.5555555555555556,0.4444444444444444,-0.05187837335125437,0.1252426386556769,2.029678235454671,0.29755457380862754,0.006333377590144615,-0.011244633871053374,0.09830297861748294,2.929280472237978,0.020221210923139915,-0.06655527442896289,0.011918399011357744,7.06382792719101,2.8964607030063125
0.2222222222222222,0.3333333333333333,0.8888888888888888,0.3333333333333333,0.7777777777777777,1.0,7.984660147815031,0.8812795118704155,-0.10023644075396132,-0.1019398948508217,-0.026905424125197638,0.0935463732188306,0.027767083572347792,-0.2814529469608677,3.0024695146354534,-0.11132523493659395,3.1701280864409207,-0.08645116375721537,-0.11984808366891264
0.2222222222222222,0.1111111111111111,0.7777777777777777,0.0,0.6666666666666666,0.5555555555555556,-0.08459620856387262,0.1336860113785786,-0.02374468171388632,1.0485373807216218,0.07936235320494273,0.0621095206030704,0.04691218480308394,2.157757425421248,-0.24346645359078622,0.03518975600799298,6.870991535946673,-0.05064349650171789,5.063664741035035
0.8888888888888888,0.7777777777777777,0.3333333333333333,0.7777777777777777,0.2222222222222222,0.6666666666666666,-0.03758423402460407,0.03418568408714505,-0.025594647566394207,0.11154182494369913,3.1167947567676673,-0.18306136285633542,-0.016112729090928986,1.9606151330744273,3.1271639830707647,0.09697729305456443,0.02729765683875944,0.11853035546199416,7.0718459268118945
1.0,0.7777777777777777,0.4444444444444444,0.4444444444444444,0.5555555555555556,1.0,0.05813804195242142,-0.08222920863324819,2.1331478010008533,-0.0394857223078856,-0.07525847109047248,3.1601947985533156,0.023975980943670767,3.2453051942475,-0.12725475166155192,0.07529051491281494,0.03942553646976683,6.9727959149627505,0.030622899511211027
0.3333333333333333,0.8888888888888888,0.1111111111111111,1.0,0.2222222222222222,0.4444444444444444,0.010284785972373825,-0.07282765590678507,2.981939922608382,-0.07906031315248574,-0.04472247676969016,0.04347770204270257,0.07713156668378278,-0.16230217925755785,4.923762040480193,2.7951777752988156,3.9994449183083116,0.13500781362304493,-0.03660438261315674
0.8888888888888888,0.4444444444444444,0.8888888888888888,1.0,0.2222222222222222,0.3333333333333333,-0.10543998727718576,0.8719659482229107,-0.05465819985230084,1.8948549296494175,0.1542492664577873,8.017099425992587,-0.052259997137161555,0.05101521655578874,0.1101270866170929,0.07879095675937066,0.10501528764725364,-0.03147247344241199,4.154484144833525
0.0,0.5555555555555556,1.0,0.8888888888888888,1.0,0.2222222222222222,-0.008890672802136144,1.0920622445120236,-0.16061762302399152,0.00480022889852278,-0.034719231103437574,-0.045080763067152946,0.07158606382654965,-0.03178768051475237,8.044053617321618,2.945559752465527,0.043105928581527835,-0.08792057790144209,3.069918261735645
0.3333333333333333,0.8888888888888888,0.6666666666666666,0.4444444444444444,1.0,0.0,3.948467251439222,-0.05065476125137104,0.03220355820352157,0.14261982276587326,5.903343538208998,-0.15714074825617377,-0.05714355424654402,-0.0378556343583632,3.9444320741455865,0.9798919296901384,0.061600201502414555,0.17758629447697205,-0.15524601583731348
0.8888888888888888,0.1111111111111111,0.6666666666666666,0.5555555555555556,0.2222222222222222,1.0,2.066697648477437,-0.040105344170882185,6.160896562560412,-0.11004939634388143,-0.031337894810921446,0.06456876732008864,0.11697832313196302,-0.025865170649531616,-0.16712891022166165,0.06531149381812858,3.0078915921066463,-0.0716493037339958,4.010730621299889
0.6666666666666666,0.0,0.6666666666666666,0.6666666666666666,0.0,0.1111111111111111,0.0010710062020565917,-0.0874516834400828,3.0502757901370483,7.998347695864989,0.144256680985787,-0.03560538667832547,2.860583520015214,0.9986080693875048,-0.03208047190708847,0.08297982709826361,-0.14155284529463324,-0.07986810291014834,0.11222138774091073
0.0,0.1111111111111111,1.0,1.0,0.6666666666666666,0.7777777777777777,0.018435584465726147,0.12545765430678962,0.1275664441911364,-0.018825902852949272,0.020874397047626794,-0.08558254317904893,0.05811050411074353,3.0097100118023334,-0.0373691670147495,2.9267985264726297,0.052337580772480435,7.0121164837888035,1.9641844811935574
0.3333333333333333,0.1111111111111111,0.7777777777777777,0.2222222222222222,0.5555555555555556,0.5555555555555556,0.01952551928277064,3.0679082423060766,-0.12296063094517123,-0.09117197703625295,-0.04437711362249711,0.11763343296572824,-0.1508049101521797,3.1020529290102816,0.06103372083658634,-0.029372195413526876,-0.03187883329949744,8.968463993786344,0.09394693844675843
0.3333333333333333,0.0,0.5555555555555556,0.0,0.0,0.6666666666666666,-0.0010853014110447498,0.06543768187864177,-0.10676341366478555,0.07713989295308943,1.0135337899264747,0.047723557999457246,2.846632717799146,0.23848313238438312,-0.04982973740894218,-0.19063181316303124,4.0860791844126965,7.016712830940117,-0.07848944687509012
0.7777777777777777,0.3333333333333333,0.6666666666666666,0.1111111111111111,0.6666666666666666,0.3333333333333333,2.8755305079922624,0.1426661080781937,0.03854405789839834,-0.06569980850081884,-0.15529608875971807,0.023915578720327225,0.20918283866480147,-0.028416232729270064,-0.0011126511405364242,1.897124383345065,3.996468861542193,-0.11129422787559982,5.937635295397725
1.0,0.8888888888888888,0.3333333333333333,0.7777777777777777,0.1111111111111111,0.2222222222222222,-0.006895203273923782,3.9957535006640277,0.03781102518115009,2.0741617827608874,7.847058972153025,-0.062309752531948176,0.8963148880589991,0.00688339346011856,-0.028721785504746508,-0.08202797052718801,0.1233137684751738,-0.0559563867743328,-0.06953393742684943
0.8888888888888888,0.5555555555555556,0.8888888888888888,0.0,0.3333333333333333,0.5555555555555556,0.1533264001291459,0.020678094622081745,0.014888098056315704,3.0088056515202917,7.029255222017305,-0.023845002422828714,0.08519332892278086,0.9877650086832274,0.1589613090896543,0.19766078053121364,-0.026781377293353094,-0.1327788675102496,4.070339014519016
0.3333333333333333,0.1111111111111111,0.3333333333333333,0.0,0.2222222222222222,0.2222222222222222,0.11744612046393928,4.9406493409240735,-0.007627381848526709,0.00755306729980313,0.07349828986253466,0.008783664091813132,3.1315558343007703,0.03148629291770029,4.116240040678133,2.9851741567519343,-0.013326622000756391,0.10922593940095171,0.029718010578902623
0.0,1.0,0.7777777777777777,0.0,0.7777777777777777,0.6666666666666666,-0.09646223829380193,9.089143115217498,-0.015694347979446376,0.1548827789219225,0.06960502678367746,-0.08427399227075011,-0.02492628448628079,-0.05569107973403045,2.0484909480744293,-0.13938909006732833,-0.16917499443226358,0.01762748197170523,3.987795525268147
0.6666666666666666,0.2222222222222222,0.2222222222222222,0.4444444444444444,1.0,0.6666666666666666,6.107956545547376,0.0455141854421606,0.1572268118485265,2.095629177187997,0.15931054086463986,0.027083321374018865,-0.16326914951155325,-0.052667494397192774,-0.21565177013229408,0.07345772153309207,4.1424220651816634,-0.009068136052982942,2.871959893612113
0.8888888888888888,0.6666666666666666,1.0,0.7777777777777777,0.4444444444444444,0.5555555555555556,0.0748359988006556,0.06883121960773081,-0.024756425069574407,2.052200492774874,2.013857701426896,-0.020123433881167486,0.020446273272904606,0.07864567571579435,-0.04511577400516,-0.14433510806105632,2.013642060456516,0.1090429712863043,8.90545686697094
0.1111111111111111,1.0,0.4444444444444444,1.0,0.2222222222222222,1.0,2.0364383648522493,0.029683316188427185,0.038457986553694826,1.0074727187058448,0.05053623331414883,-0.09425283378628667,-0.11067394094125665,-0.08349044550127468,6.845917465402381,0.0065209933805136025,5.020723409636736,-0.1158925070101896,0.2029525909912412
0.5555555555555556,0.0,0.3333333333333333,0.3333333333333333,1.0,1.0,-0.020586462660027418,-0.05625275600867977,0.11163774785795609,0.13645506903735236,-0.18540335104818428,-0.2712699510157475,0.1552541994045211,4.014328579601917,-0.07870146537082873,-0.17164461351185722,3.114998988719888,7.142244627682944,1.041565659726102
0.3333333333333333,0.2222222222222222,1.0,0.8888888888888888,0.7777777777777777,0.3333333333333333,0.10499901774154663,0.7886072037802833,0.01583592939816761,-0.06473672264272816,0.016721395433788054,-0.06897352680261733,5.956663005772102,-0.07493434324278257,-0.08904658766181867,2.972838127779522,-0.04338617409107737,-0.026146223620054587,4.967549935297224
0.6666666666666666,0.5555555555555556,0.4444444444444444,0.4444444444444444,0.0,0.0,0.07880337062954106,0.05857379359559839,3.057556536029509,0.023141225899490612,7.9059363449822815,-0.06445751478351412,0.0535168375744015,0.032877257569429136,0.09092120742069519,1.0483904928452747,0.08229415692414174,0.07795383701784686,3.0439200360409293
0.1111111111111111,1.0,1.0,0.8888888888888888,0.4444444444444444,0.4444444444444444,-0.004414926661165988,0.008042192538864089,-0.08631558249306379,-0.1296583058698353,5.139167319975607,-0.1482098283631684,-0.04762379600879044,-0.05465287128346962,2.9712300818498623,2.9958464638671742,3.82098231119472,0.1677551255161335,0.22352312112896677
0.2222222222222222,1.0,1.0,0.5555555555555556,0.7777777777777777,0.2222222222222222,2.939847863021285,-0.1424679142773516,0.06692859705039389,2.0193193362587984,0.0389905491222867,5.873030015488697,3.9155251428290456,-0.006122918803563843,-0.21896386192234793,-0.11466181783211363,0.08652945116471696,0.0019979334848462143,0.011433515206664238
1.0,0.1111111111111111,0.4444444444444444,0.8888888888888888,0.1111111111111111,0.6666666666666666,5.85096228147349,-0.1343578498547514,3.972302645913375,0.07732460724974706,-0.0901131397485022,0.008470905871257466,-0.13446288553071287,1.8740331169236835,2.9077768802888375,-0.042255716997028965,0.023414072068363136,-0.08115441304648757,-0.24410815649416595
0.2222222222222222,0.3333333333333333,0.7777777777777777,0.5555555555555556,0.3333333333333333,1.0,-0.10075450752867446,-0.05856110712495092,0.027865169389358915,0.9754449775848141,-0.13197950762656796,0.06320985947956914,4.879265421869773,-0.03360746967518257,-0.027579376362019032,0.9883026337137226,8.067547428622204,-0.025518776576184305,0.06446797277368303
0.5555555555555556,0.5555555555555556,0.4444444444444444,0.6666666666666666,0.8888888888888888,0.7777777777777777,-0.001632421647421668,0.06801297332776368,0.08068955965139729,-0.18674849485014408,0.019579488457258928,-0.10619655016929408,-0.10559353155832452,5.956633846460982,-0.03566762057941407,-0.09718470672008614,3.873963243225572,3.041861319002729,1.8573649755288415
0.2222222222222222,0.6666666666666666,0.2222222222222222,0.5555555555555556,0.7777777777777777,1.0,0.16096255791099923,5.92545658263195,-0.14488847860148665,-0.09067444731776415,0.09070731264343221,4.859040396578663,0.004864104952906035,0.29454546260002457,-0.06744010463555998,0.8833311839862059,0.012777776356513313,0.23233143282799756,3.025393669953459
0.0,1.0,0.3333333333333333,0.6666666666666666,1.0,0.3333333333333333,0.01701954642614181,4.012776129772623,5.852452522493252,1.9513626497997154,0.0605908214397106,-0.028835055554091223,0.15121736409373585,-0.05812217358008936,-0.11499529822331347,-0.13868727321314087,0.24701292735947977,0.15650362860591793,2.9782400201779975
0.5555555555555556,0.2222222222222222,0.1111111111111111,0.0,0.0,0.2222222222222222,0.06903905758211874,0.1482645918960793,0.017974169794133073,0.07435576547032186,2.87164234183034,6.82378584421209,0.06781220822559705,-0.07598316626122593,0.1304310716296263,0.9238916528448666,4.140349970833693,-0.06048094227991653,-0.03228668680078677
0.0,0.6666666666666666,0.5555555555555556,0.6666666666666666,1.0,0.4444444444444444,-0.015132288816540712,0.9641441022399283,5.958532703862743,0.005066268391230263,-0.042384504840080786,-0.06487162485846898,3.8827867146088115,-0.0747809411516766,-0.1477864795485497,0.0030721493431019827,3.8719712246192173,-0.11435242293210071,-0.06227582989267647
0.7777777777777777,0.4444444444444444,0.3333333333333333,0.0,0.1111111111111111,0.3333333333333333,-0.039123417613482855,0.05127787997633903,-0.025661821820026545,1.9526680002812478,5.937050888112236,-0.04373543669287329,1.9225398971119583,0.10563749910440029,-0.031436719102346654,-0.16015697326464778,-0.04833685908349252,0.013311365428600827,5.071099160970524
0.6666666666666666,0.4444444444444444,1.0,1.0,0.0,0.7777777777777777,-0.005657608731915113,3.1139708901776393,1.837069725408524,2.1503492684252232,-0.05101494917820222,0.004633634333629455,0.042284087839073316,-0.23188650630939642,0.1163168347613332,-0.09730699715864909,0.06036072063947129,0.01260134951304292,8.032260837884657
0.4444444444444444,0.7777777777777777,1.0,1.0,0.3333333333333333,0.5555555555555556,1.0977214390803773,-0.031177290411655796,7.074831194198332,0.05566021255887095,2.923896697861657,0.09304787172335599,0.029306749048192082,-0.09554307275898165,0.08078967450710524,0.10739350680554527,0.14953416369532066,3.8505312942461165,0.09977665967625524
0.8888888888888888,0.2222222222222222,0.0,0.4444444444444444,0.1111111111111111,1.0,0.06994477546442317,-0.09219968913153012,-0.03608710057476779,0.09833848497657904,2.0336989344844048,0.18849198041340626,-0.03243558185197225,3.128320064943389,-0.06494757122480452,7.87256637584494,0.05813913268652315,0.11080023318149489,2.0356879782525037
0.6666666666666666,0.7777777777777777,0.1111111111111111,0.0,0.3333333333333333,0.7777777777777777,0.024573400242938238,8.058130285539281,2.088701554429022,-0.05889160217601902,0.0021798304062487293,0.14273790968474676,0.004952014076144206,1.049738093355983,-0.09342900489558717,-0.05719268769746917,-0.003369910936275085,4.035820276223499,0.07576560940542432
0.5555555555555556,0.6666666666666666,0.6666666666666666,1.0,0.7777777777777777,0.1111111111111111,0.02066134771632289,2.9001422072049405,0.3137288785424108,-0.04221030020438234,0.001950707259404866,3.9037113391210583,2.1155454887873355,6.013600139505478,0.03973054932390267,0.02906613941012926,-0.061459297589939246,-0.17697910929689906,-0.10742143402976073
0.6666666666666666,0.6666666666666666,0.0,0.7777777777777777,0.1111111111111111,0.0,5.141249073764793,0.04259182286090033,-0.01155979647705811,0.08475577917145502,3.0025721610012854,0.08087773601249529,0.019719366672485715,-0.0724444145519667,0.03564334158255219,1.0557131076185133,-0.03698803048378769,-0.12868027457939937,6.009369675486462
0.7777777777777777,1.0,0.3333333333333333,0.6666666666666666,0.0,0.2222222222222222,0.022245618137651663,-0.07348570754329528,-0.016844085867067673,1.9567910686319696,-0.12135907984917599,-0.28457397080516883,0.022533758354626492,-0.05412625975610848,0.04064862584444973,0.062166002307958095,-0.08286185133122115,8.729051567559008,4.0485325525661535
0.7777777777777777,0.8888888888888888,0.1111111111111111,0.6666666666666666,1.0,0.7777777777777777,-0.10695540590187902,-0.0375709759608181,1.993732413430908,-0.11811830483292723,0.10165965793625925,0.10978541701008973,0.04555773187121556,-0.12259954646118704,2.991434097932515,-0.02759670139163621,7.259950904217142,0.03715275054907435,3.1265523262052812
0.2222222222222222,1.0,0.4444444444444444,0.6666666666666666,0.4444444444444444,1.0,0.9331273196319207,8.991949277353845,0.1785673777819169,0.08638129987504627,0.12907428079911232,-0.12495421355996282,-0.03468898829167654,0.06442253593119877,1.971203419348739,0.04619933267315542,0.08594987509544877,0.05250578198268362,3.0651235777176655
0.1111111111111111,0.2222222222222222,0.5555555555555556,0.5555555555555556,0.0,0.2222222222222222,0.9155072224712346,-0.004170023022745454,1.973597809209139,-0.08814682682311813,0.13665952616806365,-0.03613265197093556,0.136115149313348,0.014977612115668046,0.14160403591839033,0.05251256686378977,6.804632714606936,5.0023987888063655,0.06056107051622555
1.0,1.0,0.2222222222222222,0.5555555555555556,0.3333333333333333,0.7777777777777777,-0.05215015907310421,0.04741432300419151,-0.07346061316569732,0.05818457697341126,6.957012168565565,0.19200859273350543,0.18984347131978427,-0.20521089660337344,0.0004385651370308189,3.9876819934631365,4.224259392247811,0.14477152144873348,-0.026807145812616975
0.0,0.8888888888888888,0.3333333333333333,0.7777777777777777,1.0,0.5555555555555556,-0.0735090594348463,6.06294002315117,0.0659276331624835,0.09919144815633811,-0.04096235768573751,0.1758626060282285,-0.0010125189593770858,-0.31411573117118574,-0.22234488577356826,3.1291852972498324,3.05890962649601,-0.16388243611694098,3.1830195615119647
0.1111111111111111,0.2222222222222222,0.8888888888888888,0.1111111111111111,0.2222222222222222,0.7777777777777777,-0.12399590993603467,-0.24382936431759927,3.043227392775903,-0.03693023607043118,0.10980484879203677,1.890420404690654,9.030895016495165,1.0111732856235713,-0.06613004505980531,-0.057350238778312815,0.11352106430595804,0.057184696557885606,0.0492186844704787
0.5555555555555556,0.1111111111111111,0.4444444444444444,0.1111111111111111,0.4444444444444444,0.6666666666666666,-0.20252186213649806,-0.06634263076619573,2.1247318735621388,-0.14593249637664804,0.025466775880207654,0.05454018480323474,-0.05626132229942023,2.2796244948672326,-0.13197150716004483,-0.12202199976018745,5.938968570982701,4.949829973430729,0.000320084119943493
0.4444444444444444,0.2222222222222222,0.5555555555555556,0.5555555555555556,0.4444444444444444,0.2222222222222222,-0.164846642644852,2.071731445071381,-0.07148812808036227,3.1140097955384887,0.06649327399447573,0.02615056185054165,-0.2263778893259595,7.144776957084541,3.0402005811103723,0.11081964552682061,0.05245681923580728,0.05690504961134754,-0.1289471412613006
0.0,0.1111111111111111,0.6666666666666666,0.8888888888888888,0.1111111111111111,0.5555555555555556,-0.15394678604619444,-0.042092947308754264,-0.09166697714574217,0.023271994332107415,0.1382839740750797,-0.07004942167113926,4.9686877397779226,2.9276814834385814,3.239518931303656,3.8646232776824743,0.09133683988213247,-0.14776489732906778,0.06470149013389527
0.1111111111111111,0.8888888888888888,0.5555555555555556,0.0,0.0,0.2222222222222222,0.1237284826054132,5.056646021316426,0.08678414902194803,0.10479528467718897,4.081468035153789,0.017612076846239843,3.89403359178801,2.045986274253226,0.11047733841033443,0.13133318878684688,0.05018949195992483,-0.05480756941111325,0.08038869382853923
0.6666666666666666,0.1111111111111111,0.5555555555555556,0.3333333333333333,0.3333333333333333,1.0,1.9183779569012414,0.029373570690057957,2.032326370005688,0.03188661269827626,0.10234899788801216,7.930207064029964,0.10758091526838054,-0.08656066635015015,-0.024212297652044856,0.05743277682826075,-0.012003657884649195,0.0009101867916165104,2.9590981276491144
