X1,X2,X3,X4,X5,X6,y1,y2,y3,y4,y5,y6,y7,y8,y9,y10,y11,y12,y13
0.8888888888888888,0.8888888888888888,0.6666666666666666,0.2222222222222222,0.8888888888888888,0.7777777777777777,5.958324215259453,-0.0056266827226329474,-0.21361960956684542,0.16402708084049888,1.8206564414805138,3.9158252634343795,0.050288141715804285,-0.12452880866072316,-0.1057952218862339,-0.09090076149268494,3.055145404454642,0.22922080128149577,0.004153939299840346
0.2222222222222222,0.1111111111111111,0.5555555555555556,0.4444444444444444,0.4444444444444444,0.5555555555555556,2.888207455488648,6.053905832058079,-0.0596159699806467,-0.0019130496521151477,0.11750012195002911,-0.07478709492938625,0.0009025250973325124,-0.0878107893240342,-0.015643417038462365,3.0256570452001297,2.901122095123038,-0.033882196602919634,-0.02361840308526013
0.7777777777777777,0.3333333333333333,0.6666666666666666,0.4444444444444444,0.3333333333333333,0.7777777777777777,1.9362344987515698,-0.11876122863852843,1.8578782772695872,-0.015349519567694914,-0.026905696021601352,0.22313667888866046,-0.24347675765210441,6.011272650481665,0.037044453666323425,5.135963386267259,0.05018572067813133,-0.0844213703829862,9.76147159609348e-07
0.6666666666666666,0.1111111111111111,0.3333333333333333,0.5555555555555556,0.8888888888888888,0.4444444444444444,0.05423525721490291,-0.031350819699340886,0.07710117380694115,3.8131909345436235,0.1731184665980468,3.1467678010573414,-0.03356773385238475,0.06113407795737174,0.0047970591868188375,1.917086471098522,6.0087710218408334,0.10003658865506951,-0.038109251751535
0.6666666666666666,0.3333333333333333,1.0,0.2222222222222222,0.0,0.4444444444444444,-0.037566942307899365,-0.007447076289398099,0.04334963300765709,10.127837923027187,1.9365320694820638,0.05083962426834318,0.021611600626368202,-0.18586123861234977,-0.04193164821526889,-0.013232889843674336,1.9960429760306395,1.032600343338698,-0.20403230487287152
0.2222222222222222,0.4444444444444444,0.1111111111111111,0.7777777777777777,0.8888888888888888,0.2222222222222222,0.004625552314169691,3.9322324422671957,-0.1439439026738618,0.052429643001034865,0.07352795760652026,3.9346749732207966,5.084245628157134,-0.038151648176508624,0.006648900914614487,-0.10987389469960565,0.15844870563956764,1.734055054361651,-0.009145262289065814
1.0,0.8888888888888888,0.7777777777777777,0.1111111111111111,0.6666666666666666,0.8888888888888888,0.06951196050469914,6.796653345387739,-0.018946926471238083,-0.007721866535295716,3.082470300543698,0.12482129205970341,-0.04038922693379395,-0.1384518666535865,0.13672354239271245,0.12178856330562904,-0.04620053481533805,4.035088849408774,1.0381866234126698
0.5555555555555556,1.0,1.0,1.0,0.3333333333333333,0.0,4.056627544144246,0.0204207978914112,0.14066962416613704,7.826204049561543,0.10408239533907289,0.03804719702150005,-0.021713526874487937,1.1173531498494953,-0.23436031909999622,0.1161521490740773,0.03860780476035946,-0.11331332736769827,2.043309255465669
0.0,0.2222222222222222,0.8888888888888888,0.8888888888888888,0.2222222222222222,1.0,-0.03040864388013156,8.258529486806456,1.1835332722864824,0.04406898724151096,-0.07192538414266773,-0.05834145945790076,-0.03250496283817861,-0.056023450623779704,-0.09022460680705019,-0.05909722754694455,-0.027617949225073782,0.9483116106267413,4.930141005006361
0.6666666666666666,0.5555555555555556,0.6666666666666666,0.6666666666666666,0.6666666666666666,0.3333333333333333,2.907110807547618,0.255043823587966,-0.14731732477998857,3.8978585269477932,7.043239570097961,-0.032358007007652394,0.04238247078658807,0.07991799950350154,0.12626136633248203,0.07519648492148806,-0.09937609831185909,0.11091432813616481,0.8235082271724244
0.8888888888888888,0.2222222222222222,0.1111111111111111,0.4444444444444444,0.8888888888888888,0.1111111111111111,-0.011442129703012067,-0.049817419392175856,-0.1060799036330432,3.059166652072768,-0.018325657377958136,2.101985472936924,-0.1482465477822671,7.084631189184208,0.04979401483668208,0.012650417530650625,2.8581189448851467,-0.025177411836982407,-0.15466746112644164
0.6666666666666666,1.0,0.5555555555555556,0.1111111111111111,0.2222222222222222,0.4444444444444444,-0.20826519357449494,0.32797454011113997,0.09708613200402733,0.1792592852398284,6.9570986681490155,4.069619797961143,3.069741627227693,0.060151581366719976,1.000365949071447,-0.02282475581940343,-0.20696122626654506,0.06101440864066574,0.04234969004428728
0.7777777777777777,0.6666666666666666,0.4444444444444444,0.5555555555555556,0.8888888888888888,0.3333333333333333,0.11178867334508419,1.9725757911136474,0.17418121884722343,-0.04475008761926458,2.8744572781654143,0.09381636712741442,6.953165374044177,-0.1254720307112855,3.0124823646385845,0.07565021430525523,0.024143962884169236,0.04974256489247372,0.41086926238052013
0.0,0.0,0.5555555555555556,0.7777777777777777,0.5555555555555556,0.0,0.08211208773119116,0.15317603163169563,4.801415422620735,0.03650535164408407,2.07740820334047,6.963552090838734,-0.08759794776653948,1.0396520158686708,-0.03146174356559311,-0.0593755582882607,0.11495005677179825,0.1335566168340722,0.030262933617809903
0.8888888888888888,0.6666666666666666,0.5555555555555556,0.1111111111111111,0.7777777777777777,0.4444444444444444,-0.04542278547161103,0.05143707174654486,0.0829458430613394,3.063062196727712,-0.14533643496567888,-0.03380177773562278,2.0359133331793804,0.06222204144679329,0.09607819448432281,7.075837034716677,-0.11343184830306184,2.9292579112436212,-0.12214291650957686
0.3333333333333333,0.6666666666666666,0.1111111111111111,0.4444444444444444,0.0,0.8888888888888888,0.1804476641579726,5.018040980691155,0.055316427415781216,0.10330290659276214,-0.03290024347007063,-0.11510029441411485,4.957347752914473,-0.014814719117730177,0.1501436915256578,0.0869598197544945,-0.10870905748424416,0.066422141339563,5.073488466774095
0.5555555555555556,0.4444444444444444,0.2222222222222222,1.0,0.7777777777777777,0.1111111111111111,1.8938634256069162,-0.010851682391898449,6.814959602620853,0.033048806399892015,0.9684306789697227,-0.13500021026655445,-0.06981709975828929,5.023995119827289,-0.05529494395632222,0.029952681318015834,0.05526636956041991,-0.08404430124914969,-0.031227066965864376
1.0,0.2222222222222222,0.1111111111111111,0.0,0.7777777777777777,0.1111111111111111,0.21446780891110373,0.012110558157832865,-0.08468287519418935,2.006046244900291,-0.1338588879868523,0.11327460759333484,0.03703048427472402,9.10858064040221,1.090217939544059,0.03902964498107621,3.0975509412228566,0.019157364660777807,-0.06622090117942489
0.8888888888888888,1.0,0.0,0.7777777777777777,0.0,0.5555555555555556,-0.10235149847980303,3.955182517665563,-0.2505458132074395,0.18259944571346692,-0.1714067411096033,-0.007663956399736893,0.8682432730245963,-0.2025593591834587,2.991775462496687,-0.030466658484965704,-0.015972413012138646,7.054894655982262,-0.061837548508767895
0.2222222222222222,0.5555555555555556,0.1111111111111111,0.3333333333333333,0.3333333333333333,0.1111111111111111,0.03787944657069747,0.051325144430933306,-0.033484412545771856,-0.028351951636331082,0.05384242627906191,7.005725094652111,0.015908848665021954,-0.23744026840662538,4.005851993528067,0.037654591103404106,1.9864520235696819,0.03359083951093597,2.1904375909180254
0.8888888888888888,0.6666666666666666,0.8888888888888888,0.1111111111111111,0.5555555555555556,0.7777777777777777,2.008536443342265,6.066533427792223,-0.0849995502715066,-0.08523417966884178,-0.047998511153265096,-0.10196490994759295,-0.000760113841329566,4.90661693385831,-0.017499684373475998,-0.14371434322307797,-0.1652200291241581,-0.06756617890008304,1.8932932876216677
0.0,1.0,0.1111111111111111,0.5555555555555556,1.0,0.2222222222222222,11.934706885486172,-0.06120947501678103,-0.035126246109277295,0.10454779876385055,0.13690160244009683,0.07253532593570586,-0.03594744591450301,0.1496951789522486,1.846888889240756,-0.2023363939007854,0.026797257647863143,0.9997793554590338,-0.01392918827686259
0.0,0.0,0.4444444444444444,0.6666666666666666,0.3333333333333333,0.1111111111111111,0.003256546931249139,-0.16405602248048418,-0.11566991705181416,0.12340346813645751,0.10281848991561438,2.9278120273890096,0.19331569663490777,1.8929203674362827,2.942861839211676,0.029243206732993555,-0.11949998949248836,6.951206945580814,-0.017307116522547485
0.8888888888888888,0.5555555555555556,1.0,0.5555555555555556,0.4444444444444444,0.2222222222222222,-0.03953464011668084,2.0870840764608207,2.0592806796781127,-0.10992973091284242,-0.06815306444640257,0.018006668493521304,7.993306895600348,-0.07877495403193006,0.04247536722752913,0.08198851165343835,-0.06311186825850962,3.0789059648582313,-0.1621673802981331
0.7777777777777777,0.8888888888888888,0.7777777777777777,0.3333333333333333,0.4444444444444444,0.8888888888888888,-0.16104992585109631,0.04999397639700476,1.9165484792614522,-0.0996959687074178,2.973661192294951,8.932263950825693,1.0327067038018738,-0.1455359444978249,-0.03715191243558081,0.31609659695458836,0.01099510128207583,-0.19135232182970854,0.05998204294582221
0.6666666666666666,0.3333333333333333,0.8888888888888888,0.8888888888888888,0.5555555555555556,0.1111111111111111,1.054938446545917,0.1383781034869402,8.014834924340148,-0.06535414440345465,0.14088339839624747,0.07120612274258531,-0.18007160407859216,3.0747598941779266,-0.0232897001048777,3.1110645280314126,-0.03733388129364676,0.07861460698232879,0.019416869565822822
0.3333333333333333,0.3333333333333333,0.3333333333333333,0.2222222222222222,0.6666666666666666,0.5555555555555556,2.0586204097720766,-0.002038729177207965,-0.04144085975292956,0.0067313412352021755,0.06317989237843664,0.041759273052626396,0.16151762685116378,2.0425606211093332,4.063536375773746,7.2102229267452564,0.00661264168345027,0.05355583505835698,-0.060314079215799156
0.5555555555555556,0.2222222222222222,0.5555555555555556,0.6666666666666666,0.1111111111111111,0.5555555555555556,0.004195762919699333,7.164191463747195,0.03116977066622208,0.14511698997815164,2.893507211992129,-0.14008454548115612,4.0307525526697265,0.8630361327373731,0.2670337244799694,0.1248450298019977,-0.12457265530543504,-0.016716877435038,-0.05766109302850347
0.0,0.5555555555555556,0.4444444444444444,0.8888888888888888,0.3333333333333333,0.7777777777777777,3.0416021749067763,-0.005784726264190014,0.0931887357892312,1.146833213271965,5.977867905726871,4.882684437855722,0.056266907812935786,-0.016451505729345558,0.11448553760006089,-0.015211768680081639,0.08297890458851083,0.03360659516498584,-0.018904405146575223
0.5555555555555556,1.0,0.4444444444444444,0.5555555555555556,0.2222222222222222,0.6666666666666666,-0.04493286007163244,3.071352444770112,0.25297348742134473,0.08376157939660211,-0.013168240325184408,0.07075928660409392,0.01140538779273588,2.871910482205733,8.030984627738475,0.1548290693962678,0.9684171956827631,-0.1125903780697406,0.04884966659384203
0.0,0.5555555555555556,0.7777777777777777,0.1111111111111111,0.6666666666666666,0.7777777777777777,5.183094665698463,0.09401759927377289,0.1018717046893108,4.230237828854235,0.16210929776731056,0.0712683273479498,-0.020870362911251463,0.013761799130496091,-0.010335216830067509,4.084835056689836,-0.08831255611139024,2.154538682647185,0.014584007314382134
0.0,0.1111111111111111,0.2222222222222222,0.4444444444444444,0.0,0.6666666666666666,-0.04001060564771584,1.0815206041437377,-0.20749223651627685,-0.08344373905441148,2.9342281552892464,0.08205643322308263,-0.04891570012606251,3.1424967034052007,-0.0446857896770744,0.052110943097656376,-0.07081943801830011,0.11555305896288842,7.974546954065549
0.6666666666666666,0.8888888888888888,0.6666666666666666,1.0,0.5555555555555556,0.1111111111111111,0.05189249241623829,-0.04929949114545434,-0.10865481528840087,-0.02309174972810981,0.1098010038758162,-0.10178780503219559,2.8470608644503783,-0.03079877367482591,3.0780754356022677,-0.10558396385658136,5.945611661863017,0.018430173939835866,2.966932415651242
0.5555555555555556,1.0,0.4444444444444444,1.0,0.8888888888888888,0.3333333333333333,0.028720820216008087,2.1189528136904334,7.002120154785712,-0.006540968033907541,0.07661159035350955,2.993836491537795,-0.09528971521266588,-0.10144630635201637,2.8884736036962377,0.19126006784907756,-0.004526320313206409,0.057690971780618244,0.07178056951262264
0.4444444444444444,0.6666666666666666,0.2222222222222222,0.4444444444444444,0.7777777777777777,0.5555555555555556,-0.09389989977388749,0.06287758071996502,0.9435506567938422,-0.20878074622887244,-0.021505013167504798,-0.10750285639347411,-0.03379721493644323,0.03432127321965482,3.228253963954771,7.950422115178551,2.9836037167660407,0.03716221612603649,0.01865215199860129
0.1111111111111111,0.3333333333333333,0.7777777777777777,0.4444444444444444,0.5555555555555556,0.1111111111111111,-0.015842922418844003,5.891707044280291,-0.09566255200649339,-0.018337673505653143,-0.1159806896276608,-0.06577683624489188,-0.1251448406314328,0.11244828606924742,3.8502160194492383,0.19020172233005367,-0.05803830380547186,3.8945084325650092,0.8817242795685178
0.2222222222222222,0.3333333333333333,0.6666666666666666,0.1111111111111111,0.2222222222222222,1.0,0.0779480054373498,0.1026597950565045,5.915133399889934,0.03315396481068903,3.9850408647352102,-0.024244060013170404,0.01511971753169305,0.07650694809624692,-0.19166305190091215,0.7772658707702538,0.020668989738150005,-0.007087635595823142,4.068475996894891
0.6666666666666666,0.0,0.5555555555555556,0.3333333333333333,0.5555555555555556,0.2222222222222222,1.8292460949448908,-0.09865696649288422,0.15435363391035697,1.8689729471052186,0.036343397187958704,7.920512755543706,-0.04052862668192303,2.8622242068503905,0.1186048675686366,-0.19038211429429314,-0.1198140378317078,-0.09100656426225538,0.11764541926831962
0.8888888888888888,1.0,0.7777777777777777,0.3333333333333333,0.0,0.4444444444444444,2.029921066962267,0.06792671780240066,-0.0017660679990449493,0.023604092291424864,5.049403587093526,4.154627764586764,0.02468575084668076,-0.14687757992872819,0.11470999424119413,0.009555698451187419,-0.11074387262756372,-0.01762861412530986,3.901724433346713
0.6666666666666666,0.2222222222222222,0.7777777777777777,1.0,0.3333333333333333,0.1111111111111111,0.2086682727497769,-0.03446236706818767,-0.2002079233146756,6.030323443290873,-0.08298748447104053,0.12887694068618766,4.013492546217094,-0.17786006413248423,-0.050079148951545416,1.8911838431198733,2.924214444678053,-0.06437449001568134,-0.20087845274474125
0.1111111111111111,1.0,1.0,0.0,0.8888888888888888,0.0,0.019626289408165964,-0.08758963700149516,-0.08936092090801044,0.07519023551703335,0.1896932243552257,10.937092084920149,0.18120855271285324,-0.2056265740737039,0.05627048871153756,-0.05820707574542218,2.9925997025125914,0.901350363602536,-0.05947224989190691
0.8888888888888888,0.5555555555555556,0.3333333333333333,0.5555555555555556,0.8888888888888888,0.3333333333333333,-0.031481184271131356,-0.03469405317942982,3.0411443516338372,0.23263909011211825,-0.06340531276364555,-0.015440996235811428,-0.1749288803812281,-0.2519579296368879,2.139116242741938,4.867065355749548,4.925440358574738,0.0021260849809426777,0.0910917514864743
0.6666666666666666,0.1111111111111111,0.6666666666666666,0.1111111111111111,0.2222222222222222,0.1111111111111111,0.03152760818398397,0.18662082052630138,2.9817502376724323,3.817173366048609,0.013895571726056528,0.011945016466505278,4.9181100799883435,-0.03326392648474487,-0.05863879554769583,0.1734516344405049,-0.061275155766656965,-0.13934420170010758,3.027943375654487
0.2222222222222222,0.6666666666666666,0.6666666666666666,0.1111111111111111,0.3333333333333333,0.3333333333333333,-0.1822231268440837,0.04270174575554754,0.04069877491120994,3.915569175938447,-0.05598201129278842,6.939947959459068,0.16148732370632585,0.03949532203796535,0.8796186530555277,-0.12474724316113397,2.9922453750371445,-0.00133397513508701,-0.07683232495933241
0.2222222222222222,0.3333333333333333,0.2222222222222222,0.3333333333333333,0.3333333333333333,0.0,0.029123401000064456,-0.019733094812472655,0.10768296495301864,0.043741023186079274,0.9906802133673913,6.013563141605607,-0.08827088215741824,0.08847441942013679,0.03832044634600649,-0.04169941488753236,3.011779654975533,-0.05366853088375119,5.2487184575331645
0.5555555555555556,0.1111111111111111,0.2222222222222222,0.1111111111111111,0.6666666666666666,0.2222222222222222,-0.0451361054350651,7.051883612691148,0.0364448005146325,-0.07983487290498047,2.000565779713142,-0.032093470783238806,0.02495135497342965,4.025630839157723,2.076762508250513,0.07830200873402383,-0.04070630468138125,-0.052489166712019766,-0.058980868341557725
0.1111111111111111,0.3333333333333333,0.6666666666666666,0.3333333333333333,1.0,0.0,-0.08625310861266464,-0.1742872904242518,2.060367146060263,6.9920386547978,-0.02112726914290075,-0.16577347444332277,-0.15010400898075343,-0.25154394561441923,3.9897038968738903,0.06692290292403061,0.05943091570409795,1.9921892662614236,-0.10787394883855901
0.4444444444444444,0.2222222222222222,0.7777777777777777,0.5555555555555556,0.5555555555555556,0.3333333333333333,-0.0008981629456878432,0.00023593343235819918,0.07057525382505124,2.0765867458838727,-0.026623673799618053,-0.003468536600121504,0.06961937524370047,0.04571885208182008,3.982929844888281,6.783138150109672,1.933481983391583,0.08387129855080627,0.014982795004340667
1.0,0.1111111111111111,0.8888888888888888,0.1111111111111111,0.4444444444444444,0.6666666666666666,2.095317740029585,-0.0345241964988947,3.0080270618309806,0.07935245958607177,0.06878241589209073,0.039168286432023795,7.1088858465941405,0.1335311751831315,0.1390346010109009,-0.16516795997914294,2.951368141931568,-0.03285684699965065,-0.03646150027984322
0.2222222222222222,0.6666666666666666,0.7777777777777777,0.5555555555555556,0.0,0.1111111111111111,-0.16376143836466606,0.13011204225543935,-0.10013051531328937,0.009949926532119928,2.7595773947173274,-0.05070738022511006,-0.025804942622103477,-0.09358689143269845,0.07354104614614677,0.23804844604314118,-0.08755813300584486,10.913479003578335,1.1751818161471124
0.5555555555555556,0.6666666666666666,1.0,0.8888888888888888,0.8888888888888888,0.2222222222222222,0.056204113759014795,-0.03160940278343948,-0.12795568838505172,5.073265001341388,0.02131586779458501,0.15525134336741608,3.9129047886599677,3.982643861354725,1.9692064610739186,-0.021683126452622385,0.1057634570430107,0.08423693449991304,-0.06404189096269211
0.6666666666666666,0.0,0.6666666666666666,0.0,0.4444444444444444,0.3333333333333333,1.9907676710559754,2.9769186991888748,0.0889122317888442,-0.01762460665250549,-0.11179618506337169,6.965469174451867,-0.004777713869099145,3.0917220477679477,0.12758269008188117,0.12907679618437096,0.03641086184818153,-0.051793432415357304,0.05812862400493362
0.3333333333333333,0.7777777777777777,0.0,1.0,0.2222222222222222,0.2222222222222222,-0.019092456465529515,-0.06252535181118733,0.02892525357002619,0.04002974868488784,0.0863532100655729,-0.09048818800969718,5.8326364014544145,2.049918435754762,3.9028667793944254,0.09901526821366652,2.889164833309144,-0.05900906004813742,-0.18182524567681033
0.3333333333333333,0.5555555555555556,0.6666666666666666,0.0,0.6666666666666666,0.0,0.20366499386940282,-0.047080676710689856,-0.00959694707052343,2.945985398679948,-0.025451121098109902,0.08136763946582408,3.0088131057298435,0.9971064154363323,0.11726825605641622,-0.13704239829145712,8.1113529790318,0.1576890178140494,-0.14066995849136144
0.3333333333333333,0.7777777777777777,0.3333333333333333,0.8888888888888888,0.0,0.3333333333333333,0.02529459259222099,2.8694566573069875,3.7870130795195664,-0.08671255046975083,0.05053648958131307,0.07386518360931771,-0.03866257808877124,-0.08845777032933493,-0.045730882841073336,4.92643594771565,-0.06492051595618835,2.7571746542133044,-0.02571249692243189
0.8888888888888888,0.5555555555555556,0.7777777777777777,0.5555555555555556,0.7777777777777777,0.4444444444444444,-0.013697829608834665,0.21624624121221495,0.06575512468949224,6.983973744116701,0.00530264827598894,0.030835626159318005,2.9277711944935607,-0.21035583425932294,1.9248625158257544,-0.024814333545105274,3.0093571787128117,-0.07396070759525862,-0.09457517119913267
0.1111111111111111,0.0,0.6666666666666666,0.7777777777777777,0.7777777777777777,0.8888888888888888,2.9712296290372273,0.003006005585484988,8.054726180351082,-0.02663178683874312,0.04141037479343465,-0.10229882191794591,0.07895225604104245,-0.008074795743806894,-0.13871694133275628,0.9723333636623928,3.0082822480311453,-0.10873947967356862,0.07020135249078567
0.4444444444444444,1.0,0.2222222222222222,0.7777777777777777,0.5555555555555556,1.0,2.964386406936351,7.043198898092594,2.8982137270940433,0.02877471723561231,2.0704450885009034,-0.0462865876368337,-0.021445275025428704,-0.0592966710881484,0.03116039835298371,0.0010034370266821283,0.04788046089477663,-0.008030559203746407,-0.12922238111816328
0.3333333333333333,0.6666666666666666,0.4444444444444444,0.0,0.6666666666666666,0.1111111111111111,-0.13334039877945195,0.9530159323246232,0.04402067962813667,0.22426634713232219,0.08488214486643335,6.9366738809248565,1.7954133320408663,0.049449386576885516,-0.00019529124613947208,4.876833550930688,0.08756889301774545,-0.001077564184391818,-0.0430335553679575
0.8888888888888888,0.5555555555555556,0.1111111111111111,0.0,0.5555555555555556,0.0,-0.19502770627300664,0.09491217282740722,3.0050906988483734,7.973397893585221,0.9021069349301902,-0.038380984617756825,0.12218502608015014,0.05072266040303184,0.1989835294505253,0.10483886584121221,0.03327625231241245,0.08843589988951195,3.014888618882723
1.0,0.8888888888888888,0.2222222222222222,0.6666666666666666,1.0,1.0,-0.146267834566056,-0.061684447033492455,0.03213357957800812,-0.09464468643059093,0.9469860591734356,-0.12592070153633836,6.16775440640419,3.866883827163897,-0.10528741089687091,-0.08989854910729288,0.09611043126175778,4.1116515990242775,-0.05651193836365183
0.8888888888888888,0.2222222222222222,0.4444444444444444,0.1111111111111111,0.1111111111111111,0.2222222222222222,0.05651217345119039,1.9096639089840381,-0.0007642311036066491,0.26036996678523516,2.093591614995866,1.9949133327364088,8.866558771617784,-0.03080027315580259,-0.13289151428067367,-0.21929667027074734,0.05994656154289272,0.05762751140739184,0.019392842527138226
0.2222222222222222,0.6666666666666666,0.7777777777777777,1.0,0.8888888888888888,0.3333333333333333,0.09935055944790389,3.8322434617709438,0.13921301151001328,-0.1088751677383309,0.03742897252795833,0.04514339549025637,7.107436141243841,0.19961107776075118,0.034544937005365664,1.9617196900402836,-0.11133013122888223,2.0258003024604934,-0.08484144574350587
1.0,0.4444444444444444,0.8888888888888888,0.4444444444444444,0.0,0.0,-0.13584540451126367,-0.020284073751885984,0.06711467630763593,-0.03099831748776173,-0.10533320111739566,0.014164145333083517,3.8755896060151187,-0.15183726265876743,4.145897097115601,7.02428742910183,0.19802199546498273,-0.14746279564664294,0.10369178206413683
0.4444444444444444,0.7777777777777777,0.5555555555555556,1.0,0.2222222222222222,1.0,-0.01768558887825066,4.267964423485001,1.978457584886119,-0.0444454771406991,0.04238209606295059,1.0188960995067413,-0.045913492833402875,0.09117478653157224,8.069018092361869,0.08856915029709866,0.04004188476372215,-0.07096541894024759,-0.07002780873628643
0.6666666666666666,0.0,0.3333333333333333,0.6666666666666666,0.8888888888888888,0.2222222222222222,3.0592992793263325,-0.0939057366697515,0.16980445091810445,0.003249471822108281,-0.07941779636336767,0.10375649064595001,-0.0020193338568806982,6.119717983543512,0.021178717776129834,0.17682974317451594,-0.03834851831001172,4.781582243574871,0.8483795239017992
0.1111111111111111,0.0,0.7777777777777777,0.5555555555555556,0.7777777777777777,0.6666666666666666,-0.16338836313995553,0.05898943038706894,0.18091449851130212,-0.01950379091272407,2.866564142088987,0.06829213706163154,5.045370177307763,1.9618835380479116,0.040794836267042056,0.000641020641287342,-0.11502176711378703,5.068561774632893,-0.050476837411905486
1.0,0.3333333333333333,0.0,0.4444444444444444,1.0,0.0,2.9050311119480274,-0.023632339102099022,0.15680050024093828,0.1962369646323448,1.140013683435727,-0.049500242257378535,-0.10271690756181238,9.034394272404212,1.9837996644939455,0.013903252680171284,-0.11304040903383153,-0.08862191251508666,-0.10758922738636995
0.2222222222222222,0.0,1.0,0.4444444444444444,0.7777777777777777,0.4444444444444444,4.077270373982795,0.10623193136898085,3.9317376399312325,0.058261383120177083,0.06415400191927079,-0.07399318698030295,0.0009876068981459674,0.08134336738755577,6.898533731692823,0.12462817323081579,-0.020617025190204297,0.005936759463430178,-0.024434910997234528
0.6666666666666666,0.5555555555555556,1.0,0.5555555555555556,0.5555555555555556,1.0,-0.1481771547063709,5.033903748003994,-0.0006827494162580527,-0.04101367417226664,3.9780057833493254,4.041730922328659,-0.014741708417411323,-0.05302427526239428,0.008043039884739027,0.0754160972742026,0.0035925282455113263,-0.0796181394833893,2.0830878534356883
0.2222222222222222,0.6666666666666666,0.2222222222222222,1.0,0.4444444444444444,0.0,1.9703591428796914,2.0585360098705987,-0.014596441094008608,8.90557017242983,-0.1275112553882761,-0.09005003138910339,-0.023414099912973066,-0.22526852817522355,0.03830085798670764,2.1099608626147806,-0.02421620155632103,-0.11095080008807999,-0.16669771278806947
1.0,0.8888888888888888,0.2222222222222222,0.1111111111111111,0.6666666666666666,0.1111111111111111,0.0225317802209984,3.041197568923511,7.005758565058515,0.06963611506758581,-0.06724204209366767,-0.025254588223953153,0.02757510901775246,-0.022603156340188287,2.0487200239968315,0.049558839534617406,-0.027182112632644258,-0.09639652133297859,2.9275622590536576
1.0,0.3333333333333333,1.0,0.2222222222222222,0.2222222222222222,0.8888888888888888,0.10955422592558364,2.8795832031091386,2.005973095330144,7.900367484517569,2.2307115280692176,-0.06345411501215029,0.0633710809010041,-0.09684997585825511,0.31919012466454055,-0.13362268659192314,0.03564358186661671,-0.12530646968930834,0.08192068337097613
0.2222222222222222,0.5555555555555556,0.2222222222222222,1.0,0.6666666666666666,0.6666666666666666,1.8744187784823316,-0.04435114624929644,-0.15951343988587235,-0.03977057560857359,6.286841107976548e-05,0.17412245569739743,7.769696718049461,0.054491180104073944,0.004193095104817933,0.9391085804203108,3.9787805861773733,0.03906985174773879,-0.00375202982533049
0.5555555555555556,0.0,0.5555555555555556,0.3333333333333333,1.0,0.0,-0.004405142774631796,1.9219383609275145,-0.040102689444277057,0.04839824636164125,-0.09224436286691495,-0.051897468520821416,4.007342828161515,6.032596855295335,0.038599807551198184,-0.020198874437908923,-0.20344512297829687,0.07614850785178312,3.100147133005186
0.7777777777777777,0.6666666666666666,0.5555555555555556,0.7777777777777777,0.0,0.1111111111111111,1.1194510162936653,4.03394597716252,0.0843393007451568,-0.029717478406849164,-0.1114311471294798,-0.017533077875855993,1.9750307408629098,0.09916602889207576,0.07929907179932504,-0.05226550900242121,-0.04290122633501381,7.994713526059957,0.006299267544879088
1.0,0.1111111111111111,0.6666666666666666,0.0,0.2222222222222222,0.1111111111111111,0.14045297463835688,-0.05015124848500529,2.127224462575564,-0.14018531271543777,-0.06932255980090163,6.164787517136103,0.03732269807426582,5.008193179303476,0.05687255935861037,-0.02344826681245928,0.0035110237625089677,0.019678526996969772,2.019774991367912
0.6666666666666666,0.5555555555555556,0.5555555555555556,0.5555555555555556,0.8888888888888888,1.0,0.03368361362314052,-0.05976572586264365,0.03379366099620421,-0.07300281177056471,0.056002205849728606,2.981185461025173,7.02259610766238,3.0255541967858868,-0.07585115225390326,-0.05537965268617789,-0.016412902313209556,0.0424801042803126,2.0913505483599506
0.1111111111111111,0.4444444444444444,0.1111111111111111,0.5555555555555556,1.0,1.0,4.992575894851305,-0.069882245237509,0.021819577256591935,-0.004193042798157119,0.07290590474474039,0.11785954763808107,0.19156788821223303,2.8339595159217947,5.95070147431488,0.9903917543490266,0.07536579293753193,0.06496361781879872,0.0035934180003411574
0.5555555555555556,0.3333333333333333,0.4444444444444444,0.0,0.3333333333333333,0.5555555555555556,2.0741614046538865,-0.05686951372765739,-0.03845333345388757,0.027772181690660376,1.8919324725789746,0.15387359939272038,6.91920350133883,-0.11438008308968016,0.029669513566806444,-0.19207477271003448,-0.04472837178981525,3.981469378901634,0.12535672542353968
1.0,0.7777777777777777,0.8888888888888888,0.6666666666666666,0.1111111111111111,0.2222222222222222,2.3009431188556575,0.015164709226368532,-0.12982383544675222,10.02410372069264,0.06429542438251072,1.9068286253133424,1.0326330750261838,0.1552334615113473,0.04712998932992132,-0.07941500574453586,-0.056861200297656955,-0.1643542811389615,-0.044690427050504
0.0,1.0,0.1111111111111111,0.0,0.1111111111111111,0.5555555555555556,-0.05902246024719148,0.13638252897418415,0.8447242167172284,-0.15800695226876615,0.017428368055647955,6.05710335188841,-0.05609986006931457,0.017514072234177804,0.0646350324361472,0.07168814293888305,0.03482806084386236,5.052095626830999,2.844853974747344
0.4444444444444444,0.2222222222222222,0.8888888888888888,0.1111111111111111,1.0,0.8888888888888888,7.077836587770421,0.012268330620373356,-0.0836932454815199,-0.040745642336681535,0.969393088026906,-0.055913318702800856,-0.017973659587118763,4.959625157715286,-0.1460153974462839,0.21207828208907245,0.03615065166711153,2.2181731186753018,-0.029270937803343555
0.6666666666666666,0.6666666666666666,0.4444444444444444,0.2222222222222222,0.2222222222222222,0.3333333333333333,0.1584935975631473,-0.014694318764881515,3.1539413387561215,6.08998890940029,0.07402516839885996,-0.019320397028540166,0.020199778833634965,0.13113060843098504,2.79999233041896,-0.06981645831332935,-0.1256572818413833,-0.0926607995542262,3.0600310394104016
0.7777777777777777,0.4444444444444444,0.3333333333333333,0.0,0.2222222222222222,0.1111111111111111,0.08178505918529547,0.9790628156134106,0.11134162271793842,-0.07432973334218372,-0.06044583415956847,3.0115817143400307,0.03927231631058914,-0.013753852950614973,-0.10713342164990416,0.055871272029992425,8.168988127522635,-0.03789877882091447,3.002050511889665
0.5555555555555556,0.2222222222222222,0.2222222222222222,0.0,0.3333333333333333,1.0,-0.11104925588953851,2.999127941001436,0.9084440937094875,0.016704868848906675,0.154128788244084,6.051783615687436,-0.07253153530750016,0.07988103091840112,-0.17215295165978795,0.12002388522151475,5.029649038441938,-0.10644030565082548,-0.03282444927605923
0.5555555555555556,0.1111111111111111,0.8888888888888888,0.2222222222222222,0.8888888888888888,0.1111111111111111,-0.09108697746931266,0.1982163334436296,3.0561164198087423,3.8988925249915845,-0.0677100670327164,0.014822743590561599,-0.0578089148759065,0.022369028494664732,3.0366593197706493,-0.14544598168842945,0.05998484606539069,5.165686923637826,0.030633630380025458
0.0,1.0,0.2222222222222222,0.5555555555555556,0.2222222222222222,0.4444444444444444,8.06079534369774,2.947725814709095,-0.05179123826899711,0.029161350399694898,-0.08871972678804493,-0.16165354033497437,0.08121538529019012,-0.0656298843285933,0.02037184730407735,0.01005974098500913,1.0394161045345423,3.058305367636856,0.05115273252763909
0.6666666666666666,0.5555555555555556,0.3333333333333333,0.6666666666666666,1.0,0.3333333333333333,-0.030284741213464125,5.079997066848148,-0.037036938206212205,0.034152201058569115,2.9369036732291196,0.006960731156306942,-0.08600960913932837,0.1371320471991005,0.031171596435960985,3.9258948627630956,-0.1794632567261103,-0.07348058747212512,3.1284566053533696
0.0,0.8888888888888888,0.4444444444444444,0.0,0.2222222222222222,0.1111111111111111,-0.06545758651759813,0.09603222079687328,3.9767751467970087,1.9653176665235217,-0.10658162902078808,0.026457867412032505,0.10049441504937834,0.07522701654178005,2.049679697816312,6.894249486919753,0.007043388412221011,-0.11645267994987059,-0.08760992440237213
0.5555555555555556,0.5555555555555556,0.4444444444444444,0.8888888888888888,0.8888888888888888,0.8888888888888888,0.03345956986031069,-0.10941665468358064,0.044512688150507185,-0.035226589943695576,2.138699011241857,-0.020590438735005993,6.043647165980792,0.09435375655473877,0.05191055570821175,0.057192415571508615,2.821229396478606,0.08203710362909347,3.832297858962266
0.6666666666666666,0.5555555555555556,0.8888888888888888,0.7777777777777777,0.4444444444444444,0.1111111111111111,-0.07490261638174771,-0.25143787109977894,-0.04151419697731788,5.9247866743816235,-0.032451789098725634,4.893548934832159,-0.025582782274465223,-0.08138258149486455,-0.028229630048913434,0.07282368331537584,-0.22559394984576084,1.9859371092755191,1.9753912238444944
0.1111111111111111,0.2222222222222222,0.7777777777777777,1.0,0.6666666666666666,0.8888888888888888,-0.16354064332773163,10.947164701318666,1.1320966314357683,3.0268011784088316,-0.06558069632703148,0.0635647888447202,0.026448360406258725,-0.13720743291855664,-0.04577465927722374,-0.013462064979666259,-0.007672839496727197,0.025182904631071465,-0.008151416467552526
1.0,0.6666666666666666,0.7777777777777777,0.7777777777777777,0.7777777777777777,0.3333333333333333,-0.003989352168050061,-0.06186938175159893,-0.045453750302599454,-0.06041318688756462,3.042016293984183,-0.02025113823061865,-0.06675082529730678,0.06648573576048594,2.2335437988523372,-0.022118042596625313,8.11870364182573,-0.060009821039952005,2.015215679333483
0.8888888888888888,0.4444444444444444,0.0,1.0,0.4444444444444444,0.4444444444444444,0.08511838935027902,3.1069322366795045,5.207937665123656,-0.05124936334423107,3.0053843877558446,4.13304175782166,0.12793205054997814,-0.08602168990603795,-0.0014181508717577354,0.09983585209007867,0.12182004204149677,-0.09461686365396965,0.035467061705308986
0.2222222222222222,0.0,0.7777777777777777,0.4444444444444444,0.2222222222222222,0.5555555555555556,-0.22166683255468347,0.10132928717743171,2.175773082341628,-0.10926663036129547,1.978174334341823,-0.1414578655763172,-0.04584281857416575,0.05429692440458065,0.058507604392515934,0.04052894562380805,-0.13881684753469056,6.915870897688411,4.1865595498426185
0.5555555555555556,0.1111111111111111,0.0,0.0,0.8888888888888888,0.1111111111111111,0.023131711658887787,-0.042425085774908444,0.02529241159081826,-0.057868641724330684,0.016544826970844608,3.9237441416449443,6.932753585321522,-0.1562627547294411,2.175149678484906,2.071933467801215,0.062455404552244534,0.08694210135895347,-0.012347384632592828
0.1111111111111111,0.3333333333333333,0.0,0.2222222222222222,0.8888888888888888,1.0,-0.10795839265027458,0.05130650666733377,2.0690742081038334,8.05383936143118,-0.03891187913193625,-0.15070758822116934,0.07940094514719284,2.0412146106651927,-0.005674652003068352,-0.023141903768427216,2.9873775515863943,-0.05583164334164079,-0.14675814225060066
0.0,0.5555555555555556,0.2222222222222222,1.0,0.7777777777777777,0.8888888888888888,-0.010364898021773095,-0.0428594653129967,0.032150592840450035,-0.030670981107381413,0.02873168880922344,-0.12013658370890563,6.045391458440762,0.20687108811461163,3.990404172994567,0.0630971561952857,1.087751189772361,0.035774692735893995,4.024514198473204
0.2222222222222222,0.3333333333333333,0.2222222222222222,0.2222222222222222,1.0,0.8888888888888888,-0.1553948349859447,-0.08120165317339594,4.154633872194793,8.020800302028546,2.021475951947292,0.194295564292356,-0.17060410636932102,0.10556915650026216,0.06550321305353256,0.8060370305033002,-0.0627642287282944,0.04291775716763235,-0.06971483560059719
0.3333333333333333,0.0,0.1111111111111111,0.7777777777777777,0.8888888888888888,0.5555555555555556,2.9240774658367137,4.061043776125486,3.9816642693547744,0.019433588645838273,-0.015706860065927482,0.013841901754568675,0.030722058947587706,0.2213149573399744,0.040926166104515875,-0.06961141225146247,4.038597931932434,0.026391929771729612,0.33106800582477436
0.0,0.7777777777777777,0.4444444444444444,0.2222222222222222,0.8888888888888888,0.3333333333333333,7.85831325839145,3.069661666092775,0.02646115127694301,0.1534355460882223,-0.10156929487583688,-0.1226603048500886,0.035630181554482214,0.08416144443462652,2.044428556247928,0.06367121527991919,-0.004127848638792232,0.10072356139041963,2.0132660382431418
0.2222222222222222,0.3333333333333333,0.1111111111111111,0.7777777777777777,0.3333333333333333,0.5555555555555556,-0.04998587790630315,0.14712323029287686,-0.08585360773188877,-0.1598904901973277,-0.03915838087264395,4.986552698727914,6.993817006041051,-0.029667200946776287,0.03777591698021912,0.9663228359765798,1.9133874393093284,0.14005224776651434,-0.017172624620837528
0.7777777777777777,0.7777777777777777,1.0,0.4444444444444444,0.6666666666666666,0.3333333333333333,3.10954277645468,0.017621844293981462,0.04875778093681058,0.1543876597254767,-0.18527593302644443,6.1128326738862535,3.0066997147022794,0.08743281644668291,-0.0446666676610456,0.001017655291922074,2.9848609924103378,-0.10994121244898646,-0.006168653545336215
0.4444444444444444,0.8888888888888888,0.3333333333333333,1.0,0.6666666666666666,0.5555555555555556,0.18105316614232414,0.12735557900509897,0.14049878715977446,-0.022310066895476165,-0.01731882010335036,-0.04395851857580638,-0.20534471055257286,-0.023801487992648404,2.9255806137432385,0.08750106534750496,0.09328418955880728,7.043977638165489,4.911119345628287
0.1111111111111111,0.8888888888888888,0.2222222222222222,0.8888888888888888,0.6666666666666666,0.6666666666666666,-0.0590677952435978,0.13448604762336122,3.0327631079596857,0.10102051837970971,-0.04427352374938638,0.09690051889409823,-0.03206911770941736,-0.048068537558899435,7.027469995682497,-0.07193488191516559,-0.11453554337654895,0.136432789024692,5.069777387581776
0.6666666666666666,0.2222222222222222,0.0,1.0,0.5555555555555556,0.0,-0.04687564728012439,-0.0017271622377043345,2.11348757695969,-0.0508924537162201,-0.24149686935396933,0.22672739042669102,3.853104197615881,-0.04559447523660216,-0.21919079828029903,-0.22000219885513805,6.0327543724241615,2.868883190530018,0.06330827101716544
0.1111111111111111,0.5555555555555556,0.1111111111111111,0.3333333333333333,0.2222222222222222,0.5555555555555556,-0.01591265651859938,-0.01660708804974079,2.0615304212533925,0.06519162877771205,0.13592943679225947,2.861741158514945,-0.07463189898492899,0.06727652589278553,0.07667442943927492,-0.05367438693462067,-0.12325391431835504,6.000288741056469,3.7003238395237275
0.6666666666666666,0.2222222222222222,0.1111111111111111,0.0,0.3333333333333333,0.6666666666666666,-0.16787097440495127,0.11218865988230656,0.8708850953338457,8.204091775373556,0.011410724455819124,0.02672480909042766,0.2695427364219118,0.08978396819896864,0.9680254157951257,-0.0557114597004205,4.935416710941492,-0.20669018995822422,0.03669680979623962
0.1111111111111111,0.6666666666666666,0.7777777777777777,0.4444444444444444,0.3333333333333333,0.8888888888888888,0.0020714083422871963,6.930710173299757,0.08694001766984644,2.9389550391774977,-0.17709121349040247,-0.11181609589524387,-0.007047705088012013,0.029365777050808096,4.184395664700071,0.957342919616212,0.048854038746298206,0.09851679904432314,0.05681603186557863
0.2222222222222222,0.3333333333333333,0.8888888888888888,0.0,0.3333333333333333,0.8888888888888888,0.026220538598385853,-0.11683078561304468,-0.04273509357793124,0.21312464878346252,0.014015417194416771,8.992860647807698,1.8799922885131206,2.02145271208529,2.1689428671876145,-0.06319624765009828,-0.09575590833417594,-0.010347644097532796,-0.05374937198952093
0.8888888888888888,0.2222222222222222,0.8888888888888888,0.7777777777777777,1.0,1.0,-0.07007813354350888,0.2115465177199709,2.0726787324334786,-0.14767440814600655,5.987814787975562,0.08581994279389127,-0.03622559877193491,0.07459047874847916,-0.1199818146060459,0.04554298609847236,3.9885105472031954,0.04973849443987509,2.9873933967147215
0.5555555555555556,0.5555555555555556,0.0,0.6666666666666666,0.3333333333333333,0.5555555555555556,-0.07260322718107799,0.0326817200093349,3.039217284428872,2.057876099300638,-0.14328727351109702,-0.056811563110610086,-0.029432324371048466,-0.035182697796488624,3.956286743494395,0.001767152112702768,0.12860207567775087,6.164794463341659,0.10917086302169383
1.0,0.3333333333333333,0.7777777777777777,0.7777777777777777,0.4444444444444444,0.0,0.04741608531265326,-0.33268701074565454,-0.07220667003612805,0.046679202439487075,-0.09869604662956988,0.10499257326502304,-0.07335198140979546,6.008754734320814,2.949515751300906,0.019578299356298855,4.84929597448964,0.9624606796807854,-0.09231358979997109
0.8888888888888888,0.0,0.8888888888888888,0.8888888888888888,0.0,0.7777777777777777,1.8835188674113243,-0.17024456812640112,0.09092829373790173,6.881789463419372,0.06414681291744372,-0.02190380774153698,0.03766471104401356,-0.010291825549878102,5.985997044780688,-0.13526775220422,0.25511381209399014,0.09440898470276864,0.08875887934002107
0.0,0.8888888888888888,0.8888888888888888,0.1111111111111111,0.6666666666666666,0.5555555555555556,6.768885167767992,-0.07850461305244338,-0.08346646751361354,0.0076648901874371515,-0.07947238303775588,0.05140290983076823,-0.0012262028254905642,1.0681603971586546,0.10064932189227288,3.905796538813808,2.9266574933534693,-0.10352497093576073,0.07085275332028773
0.7777777777777777,0.3333333333333333,0.5555555555555556,0.2222222222222222,1.0,0.3333333333333333,-0.021861787964453993,-0.05557801447058143,-0.13904871689052453,0.023601841131424255,-0.014152337364602537,-0.0011855728176082367,2.9520385745172417,7.843799238886162,0.11298484109634628,2.988224143123692,0.013183320284410922,-0.08595581736818898,1.120922075081796
0.1111111111111111,0.3333333333333333,0.1111111111111111,0.3333333333333333,0.3333333333333333,0.5555555555555556,-0.0943725882824698,-0.05876793462024393,1.8997383454288226,7.877722109196088,0.06459432047885942,-0.05829301056127938,-0.11514476861125066,-0.028426165391788678,2.958764476361408,1.991276355296028,-0.06980669395636352,0.01150662470456918,-0.17690965446308715
0.4444444444444444,0.2222222222222222,0.0,0.2222222222222222,1.0,0.5555555555555556,-0.10290720846167267,0.05879295951455561,0.071545760498249,-0.18926352335181237,0.02523082246772736,-0.015730922736768398,0.10249961361846133,-0.11642601866191943,0.02645227553666602,6.072586232631771,2.8525436333972807,2.9228896758868856,3.0820559975182853
0.5555555555555556,1.0,0.8888888888888888,0.4444444444444444,0.2222222222222222,0.0,-0.033785369252780265,0.0777865153067254,0.005570279183586543,3.8521836509788034,-0.0002111159926847774,7.028104815186338,0.9340983596301683,0.09171239278462598,2.8586039452359,-0.015655226244220062,-0.04221781468973167,-0.09115196178246696,-0.15500360326200982
0.0,0.1111111111111111,0.4444444444444444,0.8888888888888888,0.6666666666666666,0.8888888888888888,-0.2120773336090958,-0.13216120418651042,7.9721114632220615,-0.06758485051730069,2.974733179328125,-0.03284246210687022,-0.05623108097584534,1.011791358251375,0.07386377969874373,-0.1587295576479942,0.01532001161162045,2.826633067813747,0.20830593102595257
0.6666666666666666,0.4444444444444444,0.3333333333333333,0.2222222222222222,0.7777777777777777,0.4444444444444444,2.8980866869317734,1.9515869658846956,4.076539694953796,0.03183207337797094,0.08324431655559805,0.13144749274102427,5.960900167541607,0.18697986136230554,-0.07293826363055098,-0.03734208743036909,0.07856587794645187,-0.24131383417363272,-0.07127046039164141
0.3333333333333333,1.0,0.0,0.2222222222222222,0.3333333333333333,0.0,-0.029872584321316294,0.073801707664461,1.9218200776963479,5.076902739590226,2.8887410945132763,0.08974599734817973,0.06873360549029549,-0.05743125958378434,-0.035120095485054466,4.974173291818422,-0.044967314839183224,-0.06388247795057342,0.12823651538413017
0.1111111111111111,0.1111111111111111,1.0,0.6666666666666666,0.2222222222222222,0.1111111111111111,0.03491576272822004,0.03805488600210808,-0.1602314243335623,-0.009725292005031595,0.10200116560844064,4.005788055045426,5.941323209941455,2.9837980489345965,0.07345189188944969,-0.023493024097000298,-0.2169850303806109,-0.08261013573945829,2.0079424327254403
0.5555555555555556,0.3333333333333333,0.4444444444444444,0.7777777777777777,0.1111111111111111,0.1111111111111111,-0.1616175601888732,3.9935178008014516,7.03992663236861,1.2146890366870422,3.1386576670310187,0.03207754132797408,-0.18283553815619283,0.02262723839330585,-0.150773237780658,-0.11099329755980401,0.10428050413732247,-0.08421046445027197,0.060683991126548355
0.1111111111111111,1.0,0.6666666666666666,1.0,0.7777777777777777,0.2222222222222222,6.013307492447486,4.086505738615601,-0.024397998826896833,-0.020937570727907053,0.14733436471202585,0.0643256277885669,0.03144437342194759,-0.0031547372903618764,2.0521806970628442,-0.01463946421000039,3.0573342908508483,-0.012474972426163423,-0.17299502125675142
0.2222222222222222,1.0,0.2222222222222222,0.7777777777777777,0.1111111111111111,1.0,2.83106122404997,-0.0693947037170705,0.19713565866225152,0.1358822007307177,2.958758133881622,-0.0820498669639006,-0.05156217279751633,-0.02375643932857574,0.11943707904780797,-0.05877576212107441,0.8495166039880613,-0.05264659224499768,7.8772913777222096
0.8888888888888888,0.8888888888888888,0.2222222222222222,0.8888888888888888,0.2222222222222222,1.0,0.1488180592888767,-0.016697383889268818,0.007909309473257273,-0.006567238193428915,-0.19604904161690953,1.0224367154079006,3.047225980089312,2.957379986495034,0.03393480843916682,-0.036322451814885325,-0.01208382756290028,0.07818907330549651,7.958115912816714
0.2222222222222222,1.0,0.6666666666666666,1.0,0.6666666666666666,0.7777777777777777,4.049248550035397,0.007127987089431422,1.9990728515217449,-0.051662839322072586,-0.0725013762237037,-0.0006171960493082106,0.11833866172278043,0.0374756570469951,8.119990867372996,1.0019950955620165,-0.15761475819611215,0.11804881350168075,-0.005354525598450708
0.0,0.7777777777777777,0.1111111111111111,0.7777777777777777,0.1111111111111111,0.6666666666666666,2.110427594104366,3.075655809302995,0.08490184738110998,0.04563058707917697,-0.29537555493190915,0.08375028909877477,0.029040716967875652,0.07614484031257603,7.090225639079934,0.03318439377124837,0.06629511195583497,2.8554324929699706,0.010853347423172224
1.0,0.3333333333333333,0.1111111111111111,0.6666666666666666,0.5555555555555556,0.2222222222222222,0.07186772841208694,0.06600005135614802,6.912494720069888,-0.18323584687689487,2.940025476717032,0.004651067274983724,0.02748664205233325,0.16354516731942192,4.123956381246945,-0.0739546350742582,0.06313191638631964,-0.04109089835232745,1.0793201847252225
0.2222222222222222,0.5555555555555556,0.1111111111111111,0.6666666666666666,0.8888888888888888,0.0,6.932822510913469,0.12955975493181066,-0.055280667793574115,-0.03583724771832253,-0.09200805910869497,3.0816667129767996,2.0065822410465746,3.0427641038357844,0.07451406218303779,-0.08385124432042235,0.16581526312507067,0.07713477414802736,0.02341568736602126
0.7777777777777777,0.1111111111111111,0.5555555555555556,0.0,0.4444444444444444,0.0,2.0002027092331454,-0.025423341256580124,-0.05284758960162087,6.092251232043941,0.019557231544411004,-0.0018225082394306383,-0.05529905128097972,0.017244020204609488,0.20412975203885508,4.046375426826987,2.802012472987702,-0.2299471470158151,0.07138348560810323
0.8888888888888888,0.7777777777777777,1.0,0.0,0.2222222222222222,0.7777777777777777,7.86300780799233,1.029000832207095,0.06242756806497425,0.06959934052009419,1.198607507930686,-0.039493283037880994,0.022903487374342297,-0.059245388993054905,-0.12899334156756573,-0.07684698404211074,5.14589994667328,0.14694790519468834,-0.08039877698800182
0.6666666666666666,0.3333333333333333,0.1111111111111111,1.0,0.8888888888888888,0.0,0.08144972376414036,-0.016368332023330736,0.09054183652067983,2.912514202607872,0.032512110534558145,0.015425813060943268,-0.08619030767263028,-0.054590574009978556,-0.04831599400528999,0.0031158203200666516,9.168374384134006,0.1614658950185133,3.1624625627593814
0.7777777777777777,0.3333333333333333,0.4444444444444444,0.6666666666666666,0.0,0.2222222222222222,0.06257234597404121,0.09923589852495764,2.9037301465180905,0.008616922327309526,0.11407220974865247,0.03889837336810548,-0.06269270273881418,0.05168956740966381,3.0250624319832067,7.021742998437254,-0.050362468227494364,2.0707360540031075,-0.012427414455758212
0.5555555555555556,1.0,0.0,0.1111111111111111,0.6666666666666666,0.7777777777777777,-0.07302430081456786,0.002935944458552449,3.0611436374974,3.139115615666678,0.1186971462011449,-0.17209049874921137,0.10999745147158431,0.06126774913655503,0.05173757728114553,8.143387829375436,0.17340585443861892,1.0714857338364434,-0.005614307498601654
0.6666666666666666,0.7777777777777777,0.4444444444444444,1.0,0.4444444444444444,0.2222222222222222,-0.048129604139674445,0.028544143797998297,6.0460008896535,-0.06165868189113164,2.1807652965328255,0.1619806689283444,0.09532628819797685,0.19939662968429947,0.09833202317009448,-0.02730227457759754,3.0990491723945177,4.211470298574171,-0.01411077430902135
0.8888888888888888,1.0,0.7777777777777777,0.5555555555555556,0.6666666666666666,0.0,-0.11828783954733642,0.10643108841783025,-0.16223442326445395,-0.09276791698587648,0.04455391978697365,-0.032392344793195936,1.1804312096409801,8.009639631454874,4.07201440605908,0.11957157068418152,0.01333293779443098,0.059821700322683274,1.8270019431182292
0.2222222222222222,0.5555555555555556,0.7777777777777777,0.3333333333333333,0.5555555555555556,0.6666666666666666,0.21113041214850373,0.016701309823412558,-0.018809094066874477,2.9441613024484403,0.027208987891322076,7.946225661201736,0.026322676471667635,-0.060351204077428215,1.860674781744265,-0.07351391282651401,1.9204318919195424,0.04020792719753202,0.014834230870626615
0.5555555555555556,0.8888888888888888,0.1111111111111111,0.2222222222222222,0.5555555555555556,0.1111111111111111,6.950497434505358,5.033751471331855,-0.06174507104886462,-0.003437988246120591,1.9720854887468802,0.04177023406860505,-0.08721049422838727,0.9853545058188079,-0.0030880325882399824,-0.1091572043343167,0.005152758336580002,-0.00429269175745559,0.09207037064848606
0.7777777777777777,0.1111111111111111,0.4444444444444444,0.8888888888888888,0.0,0.3333333333333333,1.8898788522006509,3.854601919267299,-0.1611942488438987,8.021372193417001,-0.05333421021093551,0.9011221944528162,0.023639144685879965,0.085698222225438,0.18784717146719374,0.12349819128945397,-0.06449557346942085,0.14464504574011555,-0.07453330803682456
0.5555555555555556,0.5555555555555556,0.0,0.3333333333333333,0.0,0.2222222222222222,0.0418266410787855,3.0771017993349496,1.8531178108718311,0.013292405518650699,0.00972856085442215,7.217874851035269,-0.06037002254979723,0.07553370678349403,-0.017321285720249425,0.008409491004979614,-0.09289489458270889,3.0980030838587918,0.12452371757767107
0.2222222222222222,0.2222222222222222,0.0,0.5555555555555556,0.1111111111111111,1.0,0.11874137490072499,-0.16994917684116917,-0.18532888650882562,-0.007348654733880949,0.1127393918897941,6.080276369008911,4.974280741591272,1.9311548929167908,0.1675608296603016,2.1418627752481707,-0.07302003834918545,-0.006445267278110941,-0.009365429061659635
0.7777777777777777,0.8888888888888888,0.6666666666666666,0.1111111111111111,0.7777777777777777,1.0,0.20752273297070217,0.07062456161057029,0.11232722951427619,3.912563590333668,0.027768096375701597,-0.010505030362654674,1.0150000764717364,7.0408799894279746,-0.006997780868904459,-0.10542396337853575,3.116266040674934,-0.09380593536935061,-0.078941501068437
0.4444444444444444,0.0,0.2222222222222222,0.8888888888888888,0.6666666666666666,0.5555555555555556,-0.1835685725251712,0.03526127375381902,0.012562309900206535,-0.06574168963717285,-0.08679914774692425,6.0168422688985785,2.9704761176250196,-0.10254286684585551,3.0453053075581056,0.0905844656364933,0.036594114670423616,3.084691221804232,0.024443183224330714
0.5555555555555556,0.5555555555555556,0.5555555555555556,0.5555555555555556,0.0,0.0,0.15462635232131172,0.09097835730208303,-0.03307946222355768,1.1101841029790573,0.03659589834482303,2.949749819217931,5.9336581254046,-0.028288707226190143,-0.19446057799801705,4.925048946873167,-0.04831225489987351,-0.15330802525033443,-0.08614432555807733
0.3333333333333333,0.2222222222222222,0.3333333333333333,1.0,0.3333333333333333,0.5555555555555556,-0.0980078167650226,4.847061690777867,-0.013476107586329708,3.0209160826496624,3.0344650832000846,0.11387610584163321,-0.01725362519367236,-0.04757621933904037,0.0005114477161224932,0.12475949323501623,4.158680222117994,-0.05542106208413963,0.04027438375738607
0.7777777777777777,1.0,1.0,0.0,1.0,0.6666666666666666,7.984882241895767,0.05753254857955392,-0.24311691905885793,-0.04197910957914159,-0.18663060144007296,-0.3136547096243239,0.03796281851602373,-0.09189602855071262,0.12860283523332025,6.078829240111921,0.12621430409311818,0.08239942115373212,0.9540645432783698
0.3333333333333333,0.6666666666666666,0.7777777777777777,0.0,0.4444444444444444,0.0,3.037728075924911,-0.15074995272169142,-0.12035636099681163,8.050002296131193,0.17878982507005234,0.021861575836709907,2.8875044378354375,0.9928691753104876,0.06064588760560982,0.10295740390685736,0.015656317299570798,0.17347626848437955,0.10887706332580314
0.8888888888888888,1.0,0.7777777777777777,0.5555555555555556,0.0,0.6666666666666666,0.040907660648692744,-0.03428127042633284,1.2415256779380845,-0.04279433403304046,-0.029983374520033454,-0.09071831801201446,0.026150433606218704,-0.17423846856814765,0.055013801623439496,-0.16252234989202577,0.06513936526541642,8.854186225133756,4.869699492101118
0.1111111111111111,0.7777777777777777,0.1111111111111111,0.8888888888888888,0.4444444444444444,0.7777777777777777,-0.07922711865153537,4.0152710259331785,3.9729691664181948,-0.10421587327956859,2.9773476174270996,0.05346819563222974,-0.18451945642949813,0.12372789719930113,-0.005916747073046555,3.730039447547484,0.01217775415630643,-0.02347889463142968,-0.049038237987212546
0.1111111111111111,0.7777777777777777,0.4444444444444444,0.0,0.2222222222222222,0.1111111111111111,6.9624479628071985,0.9544099227448651,0.07357206968150062,0.017322550974396188,0.059872761022076004,-0.023563353294995613,0.1285845839224112,-0.016711115939577772,3.0586649397530046,3.983114015066554,-0.014740664725461547,0.08930303125722808,0.08452918159978792
0.4444444444444444,0.3333333333333333,1.0,0.0,0.4444444444444444,0.8888888888888888,1.0063556047635691,0.013250090745822505,-0.034599242123491046,0.06545867855963979,0.036613591414305584,0.08619611480074375,8.022402915028872,0.0010605296373754126,0.08685132222180662,4.987814723600131,0.07562215649647352,1.103992103549885,0.148084904924909
0.8888888888888888,0.0,0.1111111111111111,0.2222222222222222,0.0,0.0,6.020592545721664,0.031143587828654864,0.094045280048068,0.017564162531604473,0.06067012784369126,0.02052196421565403,0.0020936697945500675,2.9360279244992653,3.022725712880452,0.06530454138210416,3.033947380380024,-0.015502609116776297,0.03371388590047616
0.7777777777777777,0.1111111111111111,1.0,1.0,0.5555555555555556,0.4444444444444444,0.1580544617132592,5.009394811506204,-0.05197810473397355,0.17598530107418303,-0.03645088689176065,0.1600010307111728,0.06727621234626333,2.8801577399365303,2.99639862129227,-0.007208161561784815,3.9917065609887845,-0.010469646136548634,0.08100935448602634
0.1111111111111111,0.1111111111111111,0.7777777777777777,0.6666666666666666,0.7777777777777777,0.5555555555555556,2.0516525603905373,0.15249822745697886,-0.004192714312489079,0.010254730101618745,0.0846533777192206,0.01126353337859267,-0.021395153264211215,0.052642180162538625,3.9228838127502725,2.9092398426006736,-0.02594971631094515,0.07307109497601692,6.102013518758956
0.5555555555555556,0.8888888888888888,0.1111111111111111,0.4444444444444444,1.0,0.4444444444444444,-0.07779077048882135,1.9663082372907175,0.05242322619939247,3.0439394977726817,-0.06172017250584508,0.10455420886215581,-0.010593183564236958,8.007072124557135,-0.046495830696559715,0.12492557858683183,0.120681107459318,-0.0069085644874252485,2.136990741454877
0.7777777777777777,0.7777777777777777,1.0,0.5555555555555556,0.5555555555555556,0.5555555555555556,2.1153888640633327,2.0832250443561806,0.012939757356331256,0.09988640384294861,-0.04880817215358618,-0.03410487121891186,-0.010574702416642042,0.07079826240633837,2.1394689924871853,8.831784112020816,0.002143916637487371,-0.06190830315942413,0.05829451247478423
0.7777777777777777,0.2222222222222222,0.2222222222222222,0.7777777777777777,0.6666666666666666,0.6666666666666666,-0.1211358544381948,0.18296198431593186,-0.044362004334701936,0.14817688052991065,1.8871080539083729,0.05880527122197774,0.16920435281914448,0.13445672256765914,-0.10237200396321251,6.893580728442745,-0.14543716088225944,2.0523477168156754,3.860334015562691
0.7777777777777777,0.6666666666666666,0.5555555555555556,0.5555555555555556,0.4444444444444444,0.0,0.18787549526546926,2.086550357924603,0.1516868035677692,5.959687936298248,2.9884062472112043,0.01008171366902453,-0.13041442102632447,-0.1302717110470468,0.020626193501125906,-0.03289758041012909,-0.0008748619876115618,3.888833489300071,0.06412577066870195
0.7777777777777777,0.4444444444444444,0.7777777777777777,0.8888888888888888,1.0,0.8888888888888888,2.137630666050599,0.04242820931526666,-0.04453179221295267,3.084724505674181,0.08493220919755093,0.028791837915632418,-0.08782484297956587,6.810899807006613,0.18416818605872412,0.04991830749378771,-0.033474922341120456,-0.06742686968003343,2.76918600938039
0.7777777777777777,0.2222222222222222,0.3333333333333333,0.3333333333333333,0.2222222222222222,1.0,3.10582621426453,1.9934388255460371,0.030397087808949588,7.989856347366468,-0.0064478160767278735,2.052885645002903,-0.12930969709831214,-0.06434262061032554,0.05370098417621623,0.11439340371721352,0.04010544283529253,0.050659371202344,-0.08653134150546413
0.8888888888888888,0.3333333333333333,1.0,0.7777777777777777,0.3333333333333333,0.8888888888888888,-0.06407201669966156,0.0281519711122019,3.014074022969168,-0.017294336974883286,0.0007623064760046013,4.841590032422432,3.8445203367094876,0.06435590726243098,0.0030335908625219983,2.9220235272395003,0.030017350652135275,0.34918769323735543,-0.060903960424764994
0.7777777777777777,1.0,0.1111111111111111,0.0,0.5555555555555556,1.0,0.039416504445475876,-0.004292914144838101,-0.05553133749296755,-0.07547031785990203,2.1101647965935215,-0.052042570111925215,-0.17443266253599288,3.176729968292911,-0.06360438574731733,10.076126411832323,0.028143291390343557,-0.03228517531735929,0.17249907223669952
0.4444444444444444,0.5555555555555556,0.2222222222222222,0.6666666666666666,0.3333333333333333,0.4444444444444444,-0.09323341460937669,0.029648322452922274,0.04509377142746515,-0.14730136270335803,-0.0830501434093589,3.0825215096270315,7.203333544331839,2.067252286176806,-0.23335434002524358,0.11112275344204164,-0.16445032713721067,2.9098720042042943,-0.0034110160559432633
0.8888888888888888,0.3333333333333333,0.6666666666666666,0.3333333333333333,0.0,0.1111111111111111,1.0179922341875027,-0.015734925495319876,-0.027257631685623257,0.2386156975201542,-0.14671070232822286,3.027937320390817,8.105525532762464,0.06992220195515568,-0.16493754152758455,0.13832111107404851,0.13274120741159054,2.915938991931276,-0.067917189365578
0.0,0.4444444444444444,1.0,0.7777777777777777,0.2222222222222222,1.0,0.13651293458574995,9.01804127587829,-0.10139768125701656,0.04925818795484299,0.9163579788289287,-0.1058988333352547,2.786836489665514,2.0368281741569443,-0.08282957118443163,-0.0991488843868456,-0.04952102329253799,0.0771192698888305,-0.011477695200279825
1.0,0.0,0.8888888888888888,0.1111111111111111,1.0,0.4444444444444444,6.089547352398941,2.9868929144202534,0.11274687518533665,0.16776826004353007,1.998912811800514,-0.0071842584780875025,-0.16720899295096212,-0.05494418140715734,0.17141838095804168,0.07143196701109435,-0.1645415791371515,3.896771509430917,-0.06517718733535463
0.3333333333333333,0.1111111111111111,1.0,0.6666666666666666,1.0,0.0,2.0031649439647863,0.006416729945793145,-0.0053283322941245735,0.03882783230541195,-0.0017396421872881169,7.938279262441986,3.0213588559832263,-0.2676026746805581,-0.09621574161123021,-0.01687253260115847,2.060774703906164,0.0571451198299321,0.12779927348797657
0.7777777777777777,0.6666666666666666,1.0,1.0,0.1111111111111111,0.4444444444444444,1.116542738906519,0.02020272650178806,0.013967523972490296,0.05409147883562765,2.947855435370365,-0.04615045542858248,0.02003742185828377,-0.11109868593825067,3.017658156523889,8.024911508537308,0.1433578509547188,-0.12586660446137138,-0.06201687431862615
1.0,1.0,0.4444444444444444,0.7777777777777777,1.0,0.7777777777777777,0.1202307399081911,-0.06128534243352777,0.02882408607384771,1.925888828361264,0.12884772349364565,-0.13570762438575976,-0.05510233400249999,-0.08271417452292901,0.12005603669899306,7.008028126689102,-0.1813998100035964,3.1636687373677566,2.8456231661984095
1.0,0.1111111111111111,0.0,0.8888888888888888,0.1111111111111111,0.2222222222222222,0.01904261760571335,0.0868541846232423,-0.05909130582197541,-0.07608194223043006,-0.13652828744322051,6.8328453512688325,0.2519570400210501,3.1019038297910235,0.12209433285006217,1.8202475555385529,-0.06069889569510169,-0.1445693273248033,3.0715088171913614
0.7777777777777777,0.5555555555555556,0.5555555555555556,0.0,0.4444444444444444,0.6666666666666666,0.1775172146937448,-0.06950125040015293,-0.08003025135857529,6.135125786568804,-0.12012197459956614,0.060857557346446815,-0.056840497832848794,5.072446766895541,0.946126125382808,-0.16200755172897285,0.015869899398419974,2.844772158782108,0.04284356262262824
0.5555555555555556,0.2222222222222222,0.1111111111111111,0.3333333333333333,0.3333333333333333,1.0,2.1899948927351094,0.12814641595690954,-0.14182527075025086,-0.16659087328610567,2.737027344517376,-0.10783564587370623,7.844243656127006,1.8980139472059234,0.1948588131104907,0.03576715344903783,0.009904644537647583,-0.0718218579746127,0.011572000845846142
0.4444444444444444,1.0,0.0,0.5555555555555556,0.1111111111111111,0.0,0.05039596951476249,2.013838072103736,0.08713890843784232,0.09496362397797259,-0.06863149261311316,-0.10872328815892779,0.13183152079391178,-0.14378845449127342,3.035819551149094,8.028261541939752,0.1660978570614389,-0.07396126432697751,1.8521840440110386
1.0,0.6666666666666666,0.5555555555555556,0.8888888888888888,0.7777777777777777,0.1111111111111111,0.15248720765549242,1.9116186390201553,6.763510074992201,-0.1330854246434545,-0.005132040683942823,3.123289060934724,0.0499838773892412,-0.010583581528029904,-0.08209228720230889,0.004747301969442513,0.06427799283063336,-0.07994290713620843,3.0228841411791842
0.1111111111111111,0.1111111111111111,0.7777777777777777,0.5555555555555556,0.1111111111111111,0.4444444444444444,2.173955034725209,2.9818389285750184,-0.027768592140040144,-0.024654921586602204,0.021119585733664695,-0.06470339445345588,8.088998263628987,2.0449969985237746,0.07237632594593142,-0.04041191290268601,0.08599634830819758,0.16563086186603948,-0.020767482429277777
0.5555555555555556,0.8888888888888888,0.8888888888888888,0.4444444444444444,0.3333333333333333,0.0,-0.029930598953568227,-0.005630356708077442,2.933569634096325,-0.028710486926197123,0.11705682521201849,0.030053448042674014,-0.032820294105722174,2.9567772618169377,-0.09117246209966368,0.08651619106523667,-0.08761924563341278,6.001655840803919,3.007046875519306
0.4444444444444444,0.2222222222222222,1.0,0.0,0.5555555555555556,0.1111111111111111,0.8297044276841159,-0.027407084634918717,0.040840524506595755,-0.22284260374989914,-0.1357808278901011,-0.0014091147471805452,9.965021261193053,0.0326768667221816,3.108406592353173,-0.005810387447803972,0.026915371275232493,0.020196252183739005,0.776395346860445
0.4444444444444444,0.4444444444444444,0.4444444444444444,1.0,0.1111111111111111,0.6666666666666666,-0.04950008843955295,6.973307693133977,0.08609156764710896,0.9450430931947703,0.04919366589971184,0.05411059853754735,3.8676035962709614,-0.17907015960897,0.10824970792976252,-0.08428557324050097,3.1004046942109182,0.005458317421518085,0.06650943843849741
0.6666666666666666,0.2222222222222222,0.6666666666666666,0.3333333333333333,0.6666666666666666,0.3333333333333333,1.8037395323697636,3.211271496513566,-0.2807457106605723,-0.13967752287287746,0.02641188832437912,0.10925169282114572,7.066460158047808,0.08565535342767876,-0.11058228224201141,0.037157949015061545,3.1344012386110713,-0.16421272009522958,-0.11531270119690558
0.1111111111111111,0.4444444444444444,0.5555555555555556,0.5555555555555556,0.6666666666666666,0.4444444444444444,0.020131626071704635,8.13985658597002,0.07228732781145772,-0.10717236113667877,-0.05673344421667273,-0.036634990636507936,-0.15460347243322264,0.20406947377801132,-0.04960206102366951,0.9386833188168097,2.8255031807814714,0.018407413228681193,2.9920454778595453
0.3333333333333333,0.8888888888888888,0.2222222222222222,0.2222222222222222,0.1111111111111111,0.2222222222222222,0.12406296192964571,0.08625737778042017,-0.012390740139756462,8.058547644000834,0.19336815387754175,-0.07322524941845361,-0.03920500081588562,1.075121518445153,-0.059474530103611624,0.0475317258695806,2.8916406984343954,0.08228397668612475,3.070477177612424
0.3333333333333333,0.4444444444444444,0.0,0.8888888888888888,1.0,0.4444444444444444,-0.05854342913275612,-0.12699409029426748,7.032552734660506,0.004573687169336308,2.8633753742743964,3.102026924073929,-0.0731062569588089,0.14967119558964187,0.1343316499274114,2.0256637146883407,0.07346150345718114,-0.14332650999768792,0.001783122563008238
0.8888888888888888,0.5555555555555556,0.5555555555555556,0.6666666666666666,0.0,0.1111111111111111,0.0568641805437405,-0.12639749889746896,1.8540970646881747,0.15906598855181908,0.04026280723918795,0.14249133372809905,0.100198120197819,-0.28192684906359405,2.887713875895463,5.984767906769241,0.005565354708309156,4.013787494291938,-0.06750630208644234
0.5555555555555556,0.6666666666666666,0.5555555555555556,0.5555555555555556,1.0,0.1111111111111111,-0.008856219986121785,-0.10151086895051181,0.1286138252954234,0.9029199849499315,-0.05777680072662703,0.0891728489748308,2.943741084157923,0.017654420757969202,-0.09055265601175291,3.9963106279257086,0.04094552652345265,6.847019823259789,-0.16785624527441492
0.7777777777777777,0.2222222222222222,0.0,0.5555555555555556,0.4444444444444444,0.4444444444444444,1.8832669981453682,0.08260155634540105,0.05470731992272474,7.083301858904392,3.1491389715904425,-0.040168818904853354,-0.07274709324788167,-0.01175105514816844,0.02418469808969995,0.10988868916768586,0.01330498535581411,3.0569649727712083,-0.05929545920976908
0.3333333333333333,1.0,0.2222222222222222,0.5555555555555556,0.0,0.0,-0.1592815494379679,5.188215977275606,0.016079957367862625,-0.03587342124881809,0.01410189732831648,0.2266571328574093,-0.045866783653659295,-0.04366287535332806,-0.07258412092266159,-0.03923469818724059,-0.19833695176662125,10.128722819120663,0.0025894711406744646
0.7777777777777777,0.0,0.0,0.1111111111111111,0.7777777777777777,0.7777777777777777,-0.08778690531307351,0.11194262610445438,-0.036820704175958494,0.14786522766562715,-0.018041991728015527,-0.0042568407670692905,5.031029286485567,0.05893946648926686,-0.06239403946435107,1.9396699269075723,4.0213215876289885,3.809607401526499,-0.2864217329210248
0.1111111111111111,0.4444444444444444,0.7777777777777777,0.8888888888888888,0.1111111111111111,0.0,-0.0072373476716426095,0.015029507075907778,0.11582457208672803,-0.010646707939899601,1.1141277163099972,0.13947663904827257,0.012215280574368001,7.938582712314169,-0.09466734142319905,-0.017885573780549717,2.858397047234481,3.023622443649157,0.08046552950871584
0.3333333333333333,0.3333333333333333,0.8888888888888888,1.0,1.0,0.3333333333333333,-0.05975948002900147,0.0981926322687207,-0.08605127577915862,0.006305943749427955,2.0225501449601344,-0.1944080949898541,-0.02703921002059724,0.09278093552958007,4.1169731618159044,0.12760499257497432,7.9292488799581715,1.0152397617573485,-0.15837542731733364
0.4444444444444444,1.0,0.5555555555555556,0.3333333333333333,0.7777777777777777,0.4444444444444444,8.071180950449481,3.0018587498064813,0.08975791234216389,-0.13051782005924153,0.13487037461670887,0.0066621205118945195,3.865812887558228,0.07657847225105871,0.2182817943874972,0.028956925080682275,0.027368303579202176,-0.16015699286702656,-0.021202032638637715
0.3333333333333333,0.1111111111111111,0.5555555555555556,0.6666666666666666,0.6666666666666666,0.7777777777777777,0.09964341046879849,0.027330720209668282,-0.015500050256020812,0.9291245380008006,0.19293009859957677,-0.05481323649187915,4.833506147342792,0.02284988140300209,5.968581388948151,-0.04063282458811452,-0.0793675273935462,-0.08717060759317391,2.885639479263251
0.6666666666666666,0.8888888888888888,0.0,0.1111111111111111,0.1111111111111111,0.1111111111111111,6.102701910406779,3.8988318228495746,2.9082340648606873,0.0199572712455759,0.06956902623279686,0.034318089705731074,-0.031064194044442342,-0.06717098954487838,0.006791137013179849,-0.04892931732652333,-0.024643160890479892,0.09169269560869048,1.992178075726503
1.0,0.0,0.3333333333333333,0.0,0.0,0.2222222222222222,0.08431923207779912,0.9404458890837006,-0.032686661780756035,0.0011644099315069893,0.033745744220069866,0.8864522405392891,-0.09868106497534981,3.181889039066092,0.02776955382068908,-0.05440839327613041,-0.16411177954260564,9.939635581931158,0.1015725722796625
1.0,0.2222222222222222,0.4444444444444444,0.0,0.2222222222222222,0.4444444444444444,0.1332233515205801,-0.11779917262100872,1.0026035127417492,0.06426235427412148,3.071577583169809,0.01808370452432861,0.0012296620201436785,7.041334534506425,-0.05542335040312046,4.032323818033138,0.07363483999746305,-0.03391425525985818,0.13156925175967923
1.0,0.7777777777777777,0.7777777777777777,0.5555555555555556,1.0,0.0,0.09798327808734504,-0.05214947234730291,2.9507673580986915,3.0225020693445046,0.03947266834157781,0.046739839915214694,0.02082135290463337,7.985685779807251,0.22497546227609821,0.19220290082220226,0.05179388610943664,0.05544635588972743,1.068576925466247
0.8888888888888888,0.0,0.5555555555555556,0.8888888888888888,0.3333333333333333,0.6666666666666666,2.115128372116873,0.04175181253220236,3.1221768606898586,2.81669370462552,-0.06709879812381991,-0.06617690111232075,-0.1587760198511413,-0.04020231019272755,-0.05942426700007686,-0.0916536165575519,-0.10630883829838877,0.053208752683821164,6.91218779452833
0.3333333333333333,0.2222222222222222,0.7777777777777777,0.5555555555555556,0.4444444444444444,0.6666666666666666,3.0512940092352614,-0.08614497816291014,1.0118289773915707,-0.13727164011672238,-0.1786611326576758,0.03976915007371127,7.992174840541036,0.22496868479198331,0.06189179310940575,0.04635597098509368,3.03098540430296,-0.04275948142709191,0.06498818161761087
0.2222222222222222,0.3333333333333333,0.4444444444444444,0.2222222222222222,0.0,0.5555555555555556,-0.03572822056429485,4.0579722305463966,-0.0546462295840062,0.12700647523182587,2.0133395144213018,-0.016988494499411196,7.051046760918028,-0.04285087906881052,1.826089584649195,-0.015774103396497575,0.092670328232555,-0.07110680659727037,0.08778912282698065
0.1111111111111111,0.7777777777777777,1.0,0.2222222222222222,0.6666666666666666,0.1111111111111111,6.084390503081333,2.0577179938155434,4.829360985865289,0.2750532363534241,0.14611420022203642,0.01457113287471442,-0.0777855176085776,-0.10283945835288547,1.8417892731928722,-0.032907418899966255,0.11084780341739808,-0.12644524491668008,-0.01826009900606792
0.1111111111111111,0.3333333333333333,0.4444444444444444,1.0,0.2222222222222222,0.2222222222222222,0.07627593155346674,0.1009725631612729,0.030981287406100746,3.925462502542196,0.19343258316196202,0.05951890307437392,0.057605528177150235,0.0984150647508612,6.9310355844045946,1.8892745150753834,-0.10509602078919014,2.1518496814629846,0.04625718776232037
0.8888888888888888,1.0,0.3333333333333333,0.3333333333333333,0.7777777777777777,0.6666666666666666,5.865250703034719,-0.11600210422889315,0.00459917148282627,-0.12826995330437319,-0.018027916042554815,0.023877439414621792,0.02493724347061449,5.105224093597878,0.17106953868259991,0.009628915069135123,0.023641948574601505,2.1617709936851757,2.039449548950989
0.5555555555555556,0.6666666666666666,0.6666666666666666,0.5555555555555556,0.3333333333333333,0.1111111111111111,0.024861038411727442,3.0894229007723077,2.019984644923063,1.9926317372395015,0.11030192357102282,7.958869851747291,-0.018238766433347316,0.024992816914997905,0.09901922234769284,-0.1496468696273283,0.1374756099573607,0.09344915671402633,-0.10274149502085539
0.6666666666666666,0.1111111111111111,0.8888888888888888,0.6666666666666666,0.8888888888888888,0.7777777777777777,0.09236627033967554,-0.055404853225943455,0.12370310135923018,-0.0008745695818142727,3.0416441216277774,-0.12936946949792086,-0.0032965329651509947,6.963581674996751,0.06997120169547391,-0.055753918152967076,3.0510166838836392,0.24305637924103662,1.9970720567633218
0.2222222222222222,0.3333333333333333,0.2222222222222222,0.6666666666666666,0.3333333333333333,0.4444444444444444,1.1107147542870457,-0.04115649484637185,0.08669965030693275,9.886483896099223,0.13209911374726027,-0.04383027652359801,-0.07757698714369299,2.927511629209967,-0.05734948985757881,0.06303317291398411,0.024601363800680343,1.096871866659049,0.0637243431833897
0.5555555555555556,0.4444444444444444,0.1111111111111111,0.2222222222222222,1.0,0.0,-0.052970853463390935,-0.026728499593385954,6.114410409227869,3.1627567533098606,0.12288806103787922,0.101392756363734,2.914294918853185,-0.20373700963021682,0.12920138149635305,-0.005075737306101191,-0.09044650381930522,-0.006304188383399101,3.0766442243619596
1.0,0.5555555555555556,0.6666666666666666,0.1111111111111111,0.6666666666666666,0.6666666666666666,-0.0198893541911912,-0.08592605143676188,2.978471151090476,0.08804182615280307,7.082284763608661,-0.22292814850066078,3.0731730311785213,0.004470948908539492,2.11429657326285,-0.21559372436506818,-0.014109317496396975,-0.05649212884338387,-0.026044925911843975
0.3333333333333333,1.0,0.2222222222222222,0.7777777777777777,1.0,0.3333333333333333,-0.10931472420974782,2.957897705706724,-0.10418455786198927,6.055703693534216,0.3089850004004948,0.009813114995750022,-0.041279022297431356,5.357696830923248,0.0018600742619314745,-0.02396286194807934,0.09760894339125434,0.9046730959484761,-0.014955854722658275
1.0,1.0,0.3333333333333333,1.0,0.4444444444444444,0.3333333333333333,-0.1433287580828264,0.06014344104682569,-0.07523155438411441,-0.07551028356321576,0.9378324001456649,0.10100207277511904,-0.04327161093287717,-0.019747847304055464,3.063440911013652,8.14252463392966,-0.2398822165371618,0.09127873337838928,3.1049249195453865
0.7777777777777777,0.7777777777777777,0.7777777777777777,0.7777777777777777,0.1111111111111111,0.1111111111111111,0.11179423468678347,0.06010093192573934,-0.08196800660743757,5.045355027943856,1.0237441813432933,0.026596161989711438,-0.020762616256188363,-0.02777432190996368,1.7739771289874198,7.032775422138618,0.09152287635247981,0.12094095033983461,0.17170339059271014
0.6666666666666666,0.5555555555555556,0.1111111111111111,0.5555555555555556,0.2222222222222222,0.4444444444444444,0.13393396787141976,1.9750658327969914,0.07856407765151169,-0.03757793012213271,0.133551673294589,-0.02839608014713646,8.170488066342216,-0.11179735147491808,0.04807524231713711,0.039431662400282175,-0.049249435900522116,2.9455770047050542,1.9452023105217042
0.4444444444444444,0.2222222222222222,0.2222222222222222,1.0,0.5555555555555556,0.6666666666666666,1.131953136513486,3.9611506850443137,-0.09939738205573136,-0.09428048163867511,0.09476835705838282,-0.040701136594234806,0.23615483569748486,0.24128637054169083,7.063330179630182,-0.01955985877371317,0.13978004181267023,2.9523870188350236,0.13247107202517958
0.2222222222222222,0.2222222222222222,0.2222222222222222,0.3333333333333333,1.0,0.2222222222222222,7.079399638463919,0.02465865108111366,-0.04993892071825777,0.05003575042865647,0.0076252043035956105,4.040547816085376,-0.0036238577755595826,0.1732386961089425,-0.14798732975841686,2.8695868221837353,0.06699088617958522,0.019721973090509663,0.8623973907904134
0.6666666666666666,0.5555555555555556,1.0,0.1111111111111111,0.6666666666666666,0.0,2.0607791818520336,0.005208286555851004,3.724342126287618,0.1711770479236594,-0.034333099863836224,-0.050095213286123576,-0.058563745173929586,-0.163086551669393,1.9145915594712373,0.09003624233353846,6.925018596188887,0.00857503933675255,-0.20169687582782259
0.4444444444444444,1.0,0.4444444444444444,0.5555555555555556,0.1111111111111111,0.4444444444444444,0.027124469343567714,0.9617784014978221,-5.341306813937863e-07,-0.022160957854990556,2.97398372006609,-0.037012160819089604,0.11754298418203922,0.12196554552764437,2.969715251792828,8.042903775619099,-0.08110491827695793,-0.08939477743294694,-0.048061035452977824
0.5555555555555556,0.8888888888888888,0.3333333333333333,0.8888888888888888,0.8888888888888888,0.1111111111111111,0.11010788726478651,-0.282484333788991,-0.09018130398900265,0.0368042921246776,0.046028332885538495,1.9926690690250382,2.9000453373086033,0.033805281229673266,0.08372903279916949,6.107479521031522,4.035759715375093,-0.03609710856390018,0.045082353472223745
0.6666666666666666,0.8888888888888888,0.4444444444444444,0.6666666666666666,0.5555555555555556,0.6666666666666666,3.1024925309310265,-0.002428334383363513,0.001689319676050621,-0.13809300306514777,0.1317103339155433,3.0015117526399324,-0.21737373268444116,0.044259284535113075,7.153907344017356,-0.2513563609546703,2.165866351726026,-0.007043567356950284,0.06668256171288633
0.0,0.1111111111111111,0.6666666666666666,0.7777777777777777,0.1111111111111111,0.7777777777777777,-0.1186843317245243,7.037979285147133,1.9876085459600878,0.036622276253745145,2.8654952101851396,2.89908028983087,-0.16532007969067167,0.19486394921350655,0.06663831873714707,-0.03536243786037581,-0.005820673811530818,-0.10855623482019677,-0.049901008846948904
0.6666666666666666,0.0,0.6666666666666666,0.7777777777777777,0.0,0.8888888888888888,0.025191828804116176,-0.18888874575239928,2.8032686971711605,-0.14545671116295494,6.899346989063428,0.11765416889282845,-0.0043027543727111655,-0.0354041806578412,0.0888464060668818,0.054751460350854576,0.028717027059144442,2.016963526457275,3.0254453931291763
1.0,0.3333333333333333,0.5555555555555556,1.0,0.4444444444444444,0.0,-0.19774841193670264,0.12433041704382326,0.07682476746763095,3.112658940317995,2.1105211767448973,0.0330016806560971,7.074632796374776,-0.07604681776113899,0.1351307323813281,0.11462821601333956,0.02228868286809419,-0.03888044440114854,3.0307991619572006
0.2222222222222222,0.1111111111111111,1.0,0.6666666666666666,0.0,0.1111111111111111,-0.1909634440276823,-0.03996214919866212,0.28475071283461023,8.988391360657765,-0.059765583615919285,0.0025495394131004956,-0.0793546964363819,0.8551584274611271,3.055011946429976,-0.1792760933324773,0.023298335849974983,-0.023090514607062865,1.9794503086721327
0.7777777777777777,0.4444444444444444,0.4444444444444444,0.2222222222222222,0.0,0.1111111111111111,0.022634700626125746,-0.0337567136142717,0.1673670499878684,0.0009380252529427267,0.21854221778558747,1.9767366114801153,-0.01344670051202094,-0.041793542377092416,-0.18825345338993021,8.82007350045582,4.221042379269227,0.03831635207798589,-0.03698481812989487
0.8888888888888888,0.2222222222222222,0.6666666666666666,0.3333333333333333,0.3333333333333333,0.8888888888888888,0.1979679705532866,0.11352129370972489,0.14615694119793435,-0.016581693645374096,5.97709751249047,3.1243150039309593,2.8886642121203576,-0.19990304888364796,0.05739801776138781,3.018036844849838,-0.006939597936775258,-0.05864056683349381,0.08156551140682791
0.6666666666666666,0.7777777777777777,0.3333333333333333,0.3333333333333333,0.2222222222222222,0.2222222222222222,3.8599738091734213,-0.08425304627496412,0.012259917910018736,2.929813693261676,-0.006842559182628244,-0.14660558852752634,-0.08922348303464606,0.07283178201980811,-0.05885695816155437,7.134864519121703,0.13020722174634106,-0.1046153421688167,0.9046894333748525
1.0,0.2222222222222222,0.4444444444444444,0.8888888888888888,1.0,0.6666666666666666,0.027336627871694164,4.015993423507296,4.021773837666534,1.0628264041703057,-0.10948061302321062,0.1685402988181529,-0.03102020096680034,-0.08749061669325119,5.902191395435425,0.15868839977151084,0.25465763733399943,0.07850331807367544,0.06603819976288652
0.2222222222222222,0.7777777777777777,0.7777777777777777,0.4444444444444444,0.6666666666666666,0.0,3.9946841224315137,-0.11083228280643792,-0.013017405695773832,-0.2047102510528661,-0.0323284914823004,0.2225346241413759,-0.0901749711003121,2.2414092964676313,2.9590345992380302,-0.14128124811740247,0.05133885906617767,6.019515925264153,0.11240597386707285
0.6666666666666666,0.7777777777777777,0.0,0.7777777777777777,0.3333333333333333,0.4444444444444444,0.052802886049194066,-0.16755477808856217,-0.028057598228087417,0.048894958574046195,-0.037633409199994416,0.16436196140167408,0.17710167533346202,1.9370278198673903,-0.0042271539152618385,6.932963681758219,0.12409190434572766,3.12370763999607,2.8065681754286853
0.0,0.6666666666666666,0.6666666666666666,0.0,0.8888888888888888,0.1111111111111111,-0.11476419223057244,3.0942150544925937,-0.15457659265970444,0.026828464651312986,0.045465822287864416,-0.05915486017238467,0.1948468257163923,0.10523951705866359,1.9685646920473134,3.0977894574998355,6.957947551539018,0.07057308620593182,0.09557526467966926
0.8888888888888888,0.0,0.3333333333333333,0.4444444444444444,0.2222222222222222,0.4444444444444444,-0.0004966334741138715,-0.18113301597138262,1.7899808307955378,0.05011716015843254,0.026406327124391983,0.051376177708889095,-0.020578193732397873,3.8006965255420635,1.844765252754701,-0.011810502632411625,0.1441248869339836,6.926336964795548,0.20357540841172572
0.8888888888888888,0.5555555555555556,0.0,1.0,0.1111111111111111,0.1111111111111111,-0.26169269115258126,-0.20064253713833347,-0.09327502330358266,0.05100457903342384,-0.13920665424457876,-0.1322964713626879,4.816960174601329,-0.015879289422304443,4.04430394264168,0.11813687269867659,1.8674573868836581,3.9820824065425557,-0.11118057205707808
0.3333333333333333,1.0,0.0,0.3333333333333333,1.0,0.0,0.16616684380811791,2.9021897594866135,0.08984863519475343,5.026730245148067,-0.21739115754817284,0.041368639606158934,0.08457478023733078,-0.15175439666663174,0.07277584114713853,-0.045646930546922954,4.091732558655481,0.057917099159529174,2.9068493359067964
1.0,0.2222222222222222,0.7777777777777777,0.5555555555555556,0.4444444444444444,0.3333333333333333,0.028428440906999915,3.988295478861245,0.02407162071547548,-0.09008202345500736,4.116671913723815,0.004902424593023133,0.02751791861065793,5.850415765742413,0.026009235325774933,-0.01916253829383141,-0.14958062939836375,1.029070999720291,0.01304049145553926
0.2222222222222222,0.0,0.7777777777777777,0.1111111111111111,0.0,0.0,0.09463164085123249,0.06412217706547856,0.15358439188854411,-0.07233004038684902,1.2069684124667455,0.18343767047540743,8.102365825241874,0.06442491791125964,-0.09398896691139641,0.005487571236237144,-0.16572082075062228,5.957334222296306,0.009017451005492571
0.1111111111111111,0.2222222222222222,0.2222222222222222,0.5555555555555556,1.0,0.5555555555555556,6.062289118513219,0.17911036492236224,-0.21765149141903364,-0.20887107843220332,-0.06647498498132959,2.9556418692302633,-0.1427431759994677,2.997507832510598,2.993761518918492,0.08133361186057389,-0.058864857009584416,0.010153986472614798,0.4133362309604078
0.3333333333333333,0.0,0.7777777777777777,0.8888888888888888,0.6666666666666666,0.0,-0.03004963934316089,4.1524182958501115,0.08030678776462219,-0.20630667543075962,-0.09200543638740982,7.864069370275804,0.08496996041076692,0.9574365146751121,-0.03694358335953668,1.9796579802158292,0.14397133066854456,-0.03228173645855947,-0.06766149010861096
0.5555555555555556,0.7777777777777777,0.2222222222222222,0.8888888888888888,0.8888888888888888,0.5555555555555556,5.064154519448976,-0.053858563088929196,0.004838860434569724,0.0717876554538234,0.07561519301876535,0.04447362937211022,3.856770872194881,2.7606718029229693,2.996086774672438,0.17604383981168759,-0.035184274525547066,-0.012938237104887437,0.06632431644875167
0.6666666666666666,0.6666666666666666,0.2222222222222222,0.7777777777777777,1.0,0.6666666666666666,-0.014859479300151662,0.16321386968653706,0.1187201794931626,1.7898956834424777,0.0186354921380492,0.05155841705409203,-0.021461790941104574,7.07567597273118,2.9240376600281643,0.016079835524602733,2.9613352892008513,-0.03814806693040717,0.13381645153326516
0.4444444444444444,0.5555555555555556,0.5555555555555556,0.4444444444444444,1.0,1.0,0.0586198165250216,0.04884675182494261,1.081889677959704,0.17851333081769927,3.9479202212751066,0.1273413731087187,7.192186853531302,0.021044805241632554,0.06690910797386172,3.1596064021515726,-0.011403808801119384,0.0699992197313284,-0.06194374132594108
0.2222222222222222,1.0,0.2222222222222222,0.7777777777777777,0.5555555555555556,0.1111111111111111,6.1490404082913726,0.12619152246517087,2.9452639723627128,-0.07503496510773437,1.01658605291052,4.947997996095437,-0.11342386871097859,-0.07718958592741196,0.01928697269713015,-0.059880267253161236,-0.13156689975098665,-0.13110527127798896,0.1267882347417071
0.4444444444444444,0.5555555555555556,0.8888888888888888,1.0,0.6666666666666666,0.7777777777777777,0.943181984682877,0.011294137998824972,-0.03683580196964127,0.006018451305592677,-0.031057752916175664,7.148618894679149,-0.2604772809417362,0.11403237545552516,4.9131445293123965,2.062765900340697,0.004784625208114017,0.17391338485399735,0.036893597105111926
0.1111111111111111,0.8888888888888888,0.1111111111111111,0.4444444444444444,0.3333333333333333,0.6666666666666666,3.0095183256081235,-0.03437538073446482,-0.07784617505368369,7.9034700921925,-0.03638362961358183,2.8732965116667764,-0.0705656217988016,0.9129848262300808,-0.09861608119528859,-0.0767232158743769,-0.020451995984754532,-0.08503491278091319,0.029379320553650508
0.7777777777777777,0.8888888888888888,0.3333333333333333,0.0,0.0,0.5555555555555556,0.035152693979514114,-0.1623059683779185,-0.016964576207570563,-0.09701406085398487,-0.09867687040686193,0.0191748112086116,-0.037361954979191266,-0.04133201198397661,1.0205674798288398,0.07954800990270028,3.1062957109422,10.894397574572276,0.03328032044823813
0.0,0.2222222222222222,1.0,0.4444444444444444,0.7777777777777777,0.6666666666666666,1.8783788935164414,-0.3334569697447058,-0.19363264331950025,-0.027986408978893235,0.07914239869545725,0.047026800267325794,0.06521425881756696,2.0614765883890915,5.758083433256709,4.930338363194954,-0.09729627876894571,-0.01362852706666348,0.10418285032984663
0.2222222222222222,0.7777777777777777,0.5555555555555556,0.2222222222222222,0.3333333333333333,0.3333333333333333,6.114259357361046,0.17378244738354498,-0.008432268144908989,-0.06978812374504358,3.056236056436147,0.013642810483084867,0.16567892997416686,1.9047390358276715,0.20977703765446962,4.161430797176785,0.0998907459589947,-0.08820364861409567,-0.05742834658902746
0.5555555555555556,0.7777777777777777,0.6666666666666666,0.7777777777777777,0.8888888888888888,0.1111111111111111,-0.1554774782605797,0.11409830231763224,0.08276464697305523,-0.08116038567777993,0.14559438625761595,7.055492686790984,1.020054944962904,3.002688407183674,0.11164653368798028,-0.04058184450613636,-0.05073249264561791,4.13602249546323,-0.1639898593118434
0.7777777777777777,0.1111111111111111,0.5555555555555556,0.7777777777777777,0.3333333333333333,0.6666666666666666,-0.0448318274205714,0.004982396323272002,0.18674159861856424,0.08092656527997652,-0.07456422978851045,0.16162078671227087,2.8893734016494537,-0.008094648803162423,5.8746287348677875,0.07834343909728855,0.01943331331975463,2.8425891731162403,2.9231590570693173
0.4444444444444444,0.1111111111111111,1.0,0.5555555555555556,0.1111111111111111,0.2222222222222222,-0.022293240499714262,3.124554767889836,3.1299815347027264,0.005359447756875151,0.1471933010209696,4.905968006500374,-0.09104444675659734,-0.03804974539829459,3.924062024131568,-0.05247433397276035,-0.042543768343790866,0.10206136096831134,-0.09633890972579905
0.5555555555555556,0.2222222222222222,0.5555555555555556,0.0,0.3333333333333333,0.6666666666666666,0.004674048515325941,0.055405782721240915,2.1325338484497496,2.0997079790958018,7.072975294640712,0.06841935402942141,-0.005042725826637084,-0.01968455565013573,-0.029211156695500586,4.2510915058671745,-0.11933701618073407,0.02457042717187358,-0.029619356449136738
0.5555555555555556,0.2222222222222222,0.0,0.6666666666666666,0.2222222222222222,0.3333333333333333,0.026014505516727633,0.1806997729670825,-0.08941254150013395,-0.32775312829733116,3.8464125384170234,6.00565545747199,-0.10096641177798282,-0.027303316043721285,-0.10274046309592542,4.136517282844709,0.8573399812863531,-0.032752817612327144,0.21652700437905992
0.1111111111111111,0.6666666666666666,0.3333333333333333,0.3333333333333333,0.5555555555555556,0.6666666666666666,0.01971689063348796,-0.057728757268066734,0.1522514829294306,-0.12856646521948623,1.0778464646676091,3.9220056915079797,-0.0033041457655061156,0.022623415459980995,-0.08091722229546572,-0.13336995049951594,2.9447600902121294,7.186244824075967,-0.13555033977241104
0.6666666666666666,0.4444444444444444,0.2222222222222222,0.3333333333333333,0.3333333333333333,0.5555555555555556,2.0304658787203307,2.0077627941026774,3.144249879940757,-0.1639725760033425,-0.06734393021051525,-0.08440114806012106,7.756334720226846,-0.12402414204877213,0.04606258064706026,0.03262703853072804,-0.02304933728836078,-0.16258742862058673,0.03264550723071901
0.7777777777777777,0.5555555555555556,0.4444444444444444,0.8888888888888888,1.0,0.8888888888888888,0.0880333596184518,-0.043628168184301507,0.05905976715606673,1.960831865663366,2.021582917654937,-0.05936467982894447,-0.11307162395158638,-0.07736571415446367,7.050040019885967,-0.08359741825563387,4.2044180379200045,-0.011006908258741718,-0.0937594207970287
0.4444444444444444,0.8888888888888888,0.7777777777777777,0.2222222222222222,0.5555555555555556,0.0,-0.06068744913537556,-0.03871545098081594,3.8544776923010833,-0.00544031799412724,0.9798651953631666,-0.08425906831447322,2.1272363566204957,-0.041511161342575306,-0.0010061692719665588,7.936911240781199,0.06643796920395689,-0.12949983189251044,-0.05394065963557442
0.2222222222222222,0.3333333333333333,0.2222222222222222,0.6666666666666666,0.2222222222222222,0.5555555555555556,0.08181825119367869,0.05262992301806299,3.178778774233893,4.971442450973956,2.0023367440566644,-0.0031925982789102747,4.976660874025577,-0.023520952223559814,-0.08710825552578999,0.10429561838963924,-0.047319207921898664,0.19473110410502417,0.039637808324300534
0.3333333333333333,0.7777777777777777,0.4444444444444444,0.5555555555555556,0.4444444444444444,0.4444444444444444,-0.09624987333527907,-0.025019064902732764,2.9989586005529514,-0.0168716752634174,-0.09972000069626578,6.138431320583385,-0.00587415667970868,1.0117220295931852,4.90450035968156,-0.053717019692974,0.06351673789846872,0.08245113797670552,-0.0014253594407076095
1.0,0.3333333333333333,0.0,0.5555555555555556,0.1111111111111111,0.8888888888888888,0.06997343663582174,0.04934839525105878,-0.19312311645596186,-0.013851636967302502,-0.08278297461128266,8.092146890304655,0.07006052296824003,-0.170530477687461,0.08244529742196909,-0.02924434220168296,1.0504794722259425,3.1282279913890063,3.132651219868262
0.6666666666666666,0.5555555555555556,0.2222222222222222,0.2222222222222222,0.1111111111111111,0.2222222222222222,0.0716719755121188,0.2090233068359113,0.04532293847070322,0.026090862839249038,5.799286871462259,-0.1734777842967416,-0.07538959019202662,0.05153411994429766,3.040332938220809,-0.07732647483212224,2.9546694584125657,0.028283339290259446,3.0091657585841265
0.8888888888888888,0.2222222222222222,1.0,0.0,0.5555555555555556,0.0,1.1439676720515197,1.1562019163751696,-0.011490182091008145,0.04117340770135677,0.10003108526181365,-0.037758078427918514,0.17026818806445493,0.1993916200120813,0.03209905995552089,8.927636550087385,0.1038443880196433,3.9653478424848565,-0.03534618758456578
0.0,0.7777777777777777,0.8888888888888888,0.2222222222222222,0.2222222222222222,0.2222222222222222,5.026527440835564,0.127030290215904,3.00146504703438,0.2355541229174541,-0.15917877264022812,-0.14875828946269423,-0.10857333171728772,2.9568884428309805,0.07638952762095477,3.9193178324220783,0.0414670117475916,-0.08272431193160694,-0.28387315239683675
0.4444444444444444,1.0,0.2222222222222222,0.2222222222222222,0.6666666666666666,0.5555555555555556,0.009041045249159106,-0.061765640736616556,-0.017171558390145773,0.0199598279641776,1.0379901352604748,6.941937187794516,-0.078987489308321,0.9355340109799185,-0.060682158966398704,0.03162000453440731,-0.03561708541897462,5.941424300214588,-0.20504084879925732
1.0,0.1111111111111111,0.4444444444444444,0.8888888888888888,0.8888888888888888,0.7777777777777777,-0.1666930293149748,0.07172459259879066,-0.06378479475577718,0.006583347472388941,0.07635141100202682,1.8253168327566538,-0.02305983859114193,6.767429635072412,-0.008573481450085072,0.059295466845794835,0.20532613836339256,1.9675367112555775,3.8788649224885874
0.4444444444444444,0.5555555555555556,0.1111111111111111,0.4444444444444444,0.3333333333333333,0.0,3.0323780245033833,-0.0042635608269754035,0.13625975504503782,-0.010239452187152923,0.04985224615117025,-0.2340306821689795,2.9696404124276983,0.11232146945886595,0.041064790469481756,0.030693886265525855,1.0022123640158345,8.158790859797122,-0.017241021969164258
0.4444444444444444,0.3333333333333333,0.1111111111111111,1.0,0.0,0.5555555555555556,0.07800520458865695,3.9365872028777873,3.1214094499537013,0.05375862589335864,-0.02176834968255092,2.17452684374009,6.09664989914895,0.028282642141713984,0.06330227800426162,0.007905399654897626,-0.06884857041435143,0.019123781813958907,0.14459820199197795
0.3333333333333333,0.6666666666666666,1.0,1.0,0.1111111111111111,0.6666666666666666,-0.08616304640077316,-0.040603794729091244,3.0640373811221786,-0.12221325661500558,5.942698693078278,-0.017070160586059747,0.09327538583534857,2.9321970138407774,-0.1087385734009858,-0.033460007180623086,3.1155352872515722,-0.0738860189415856,-0.10415974739833711
0.1111111111111111,0.8888888888888888,0.6666666666666666,1.0,0.0,0.3333333333333333,2.014313852926351,5.990725249456359,0.06397450303410188,-0.004363097052831611,0.025189659347505118,3.10307962348398,-0.10747393731154331,0.11422121239119387,-0.09950906605390006,-0.0019080708444782412,0.25180114796517805,0.10253669127691074,3.918911693205839
0.1111111111111111,0.2222222222222222,0.8888888888888888,0.3333333333333333,0.4444444444444444,0.4444444444444444,-0.012977519997662815,5.966961728348161,1.0669760413952836,0.12622406856471252,0.012049933105633584,-0.272235300875371,0.02421262487665597,0.07290550337504446,2.9416474527199927,0.05316030960025303,-0.07264972051565786,0.0628223122528606,4.667988017136051
0.0,0.3333333333333333,1.0,0.8888888888888888,1.0,0.1111111111111111,-0.18041786672957494,-0.1231279020926285,-0.041110933795859554,4.989291120662777,1.025543373665829,0.04297154552450398,6.854716861619936,-0.15101025751090946,-0.022136294807762278,1.9641044792564397,0.012292006653635211,-0.16594705603179666,-0.08473902555023576
1.0,0.4444444444444444,0.3333333333333333,0.1111111111111111,1.0,1.0,2.8699974040523317,0.06750110662237789,1.9990708085914928,0.0287931636688537,0.040394104813753114,0.14492826684585655,-0.1384142846775464,7.836356147141864,0.005571430133341953,-0.006893962561116239,-0.039114786755481176,1.7969515306334958,-0.09138455276643938
1.0,0.5555555555555556,0.2222222222222222,0.5555555555555556,0.3333333333333333,0.0,6.086507282370221,1.8875614705583783,5.127936387493569,0.016254058274181055,2.1951879629311093,-0.034485391914428704,0.058348326826414255,-0.0445780792108006,-0.18472456776658952,0.05739334398502948,-0.03010160566243998,-0.0812029426102521,0.029949747844379322
0.5555555555555556,0.5555555555555556,0.3333333333333333,0.7777777777777777,0.2222222222222222,0.8888888888888888,3.1494842843142816,-0.012764438201398696,5.02164481227271,3.0242625947257498,3.9952252897100613,0.30897622477250974,-0.10692839603319045,0.20099249144592723,-0.0009313853896798412,-0.004619751794741238,-0.13821506233952305,-0.010940137965052691,0.12134933614025215
0.1111111111111111,0.3333333333333333,0.7777777777777777,0.5555555555555556,0.2222222222222222,0.2222222222222222,2.070239459237352,3.028659979530722,-0.04091430318585418,-0.0492281495966142,0.00621512285196859,0.03431492435815873,8.04716365229585,0.09733267357540036,-0.10210278315162775,-0.09774466023924865,0.04456992084096303,1.9461749954015,0.06304748968136624
0.5555555555555556,0.7777777777777777,0.6666666666666666,0.5555555555555556,0.6666666666666666,0.8888888888888888,-0.03279492759682134,2.933370246394845,0.09239108043210657,-0.10202603343244568,0.12418997963380214,7.801982688732226,0.005611828723392352,1.0882599887272966,-0.023987387145246914,0.14407920084281148,0.024532881693828522,2.9678009736684077,-0.04236845479874129
1.0,0.8888888888888888,0.4444444444444444,0.3333333333333333,0.1111111111111111,1.0,0.09207457811590512,3.1097162932798312,-0.13943888782406,3.9637351621391788,-0.147976938027291,-0.013316873226464205,-0.03272160921914915,0.09645106071866962,0.06299439252738902,-0.14577273145084554,0.9050560834498128,-0.09101618121821008,6.918982301684838
1.0,0.1111111111111111,0.7777777777777777,0.7777777777777777,0.3333333333333333,1.0,-0.14905276817725988,-0.088779941747081,-0.0007514144139913387,7.070479284985935,-0.08717425434239646,0.051807221325306796,0.18318216354743508,-0.12573426891039435,-0.08377546542268821,0.8890040904898,2.022935360959974,0.14337244309833033,4.907327029604659
0.7777777777777777,1.0,0.2222222222222222,0.8888888888888888,0.1111111111111111,0.6666666666666666,4.042467081258588,0.006032731118305165,-0.032347381590710496,4.895452181943397,3.0255346978567172,-0.04845543751026021,2.917606954219432,-0.1020035922675928,-0.037141147610681886,-0.028567566967891474,0.042313600146774925,-0.05155588620451216,0.04243538714161903
0.8888888888888888,0.0,0.0,1.0,0.2222222222222222,1.0,-0.0943843320309522,0.08760283888886762,0.10463215900644546,0.06406090594198881,-0.19715301116416295,2.251018709467992,3.8665863237528253,-0.09904543116725201,8.020478453673407,0.8676028047405557,0.01641539220720945,0.08661163751543893,-0.04009161317873522
0.5555555555555556,0.6666666666666666,1.0,0.1111111111111111,0.3333333333333333,0.0,2.839562399154815,1.9172970137600982,0.038087026351712065,5.87972593539978,-0.01818815213742028,-0.15922948057232092,-0.06001682215997975,0.1698149587114492,-0.08413254513269121,-0.007369284790485784,-0.08509140680610759,3.905086805222392,0.10865748541068483
0.3333333333333333,0.2222222222222222,0.3333333333333333,0.8888888888888888,0.3333333333333333,0.5555555555555556,-0.057953326472370115,0.05358458397106802,-0.12239975382561537,-0.10352325609565659,2.0048184187650424,2.997279502824311,0.05650293732450371,0.034132068450778756,-0.14227963747587308,0.05198090521641118,2.040492727253794,0.010039912248791466,7.977707380416284
0.0,0.5555555555555556,0.1111111111111111,0.1111111111111111,0.2222222222222222,0.5555555555555556,0.0310925473055345,6.046558767862518,-0.014776147226022746,0.014113499727009732,2.9646850069883826,0.0018609946480958395,2.9423919227650126,3.0218268347849553,0.1488845967753996,-0.07053471820565912,-0.27484468287318925,-0.1508632479245882,0.11382602626891154
0.5555555555555556,0.0,0.8888888888888888,1.0,0.5555555555555556,0.1111111111111111,-0.09827380847179863,0.12143747192385967,4.107761061083256,4.062099096383973,-0.12694190137297834,-0.1343782879571589,4.8806118591577095,1.9095409807028036,-0.01839661714410065,0.08775415214391355,0.05990627606956055,0.10144366340550078,-0.13846960364502903
1.0,0.8888888888888888,0.1111111111111111,0.6666666666666666,0.7777777777777777,0.2222222222222222,3.1111773919680603,0.0029134043016459258,3.9778993452670033,-0.07228235358491457,-0.07680257129469595,0.11235644449838385,0.013362474252721565,0.0253727397795096,-0.10410505403176784,6.086117312433569,0.004123515644770428,1.7727253804639,-0.0319025548336194
1.0,0.3333333333333333,0.8888888888888888,0.0,0.5555555555555556,0.2222222222222222,-0.03724306563534295,-0.06213557286928589,-0.06773668297964054,-0.07088419204316689,-0.00971422680187477,-0.15032888834078006,-0.02106135210260894,7.031835955798525,1.0916316084860234,-0.07105167894975979,4.951213158402738,2.031813690788544,0.15094708607111956
0.5555555555555556,0.4444444444444444,0.4444444444444444,0.0,0.7777777777777777,0.3333333333333333,3.0445693955799564,0.13601079302738242,7.862533780463294,-0.11505067612093917,3.1107416402579835,-0.19293907002012967,0.04795099624424329,0.15918586496597883,-0.020707132051590495,-0.021923150193062416,0.034853585684076115,-0.02100750333312384,0.9078295786980385
0.6666666666666666,0.8888888888888888,0.1111111111111111,0.3333333333333333,0.0,0.2222222222222222,1.9497540347867013,0.058831881587805425,0.0724524059329484,0.04015354434989208,-0.125785205694455,0.0517306042064159,0.043323814792593056,0.9460872243656638,-0.01881842086738048,10.893035587722789,0.10650747994082421,0.06203767110128632,0.9382469575877896
0.4444444444444444,0.8888888888888888,0.6666666666666666,0.4444444444444444,0.4444444444444444,0.2222222222222222,7.990442904619909,-0.16127051207297421,-0.05003090866935276,0.18129254855810428,3.0387418114636118,0.10648041260403485,0.0511845763923863,0.8903513941354584,0.12534887651057772,0.03003280209796886,3.1100392947421374,0.11885624241856073,-0.031054837121807472
0.7777777777777777,0.0,0.3333333333333333,1.0,0.5555555555555556,1.0,-0.23165969403308947,0.08928293700448336,3.1362568965615116,0.11133756268438011,0.08379150693227472,-0.10811738080272056,2.841206823643636,0.013600981336473104,0.05123695951211954,-0.026787990934590496,3.0213097750959346,6.052958159310164,-0.10478986731275663
0.4444444444444444,1.0,0.3333333333333333,0.7777777777777777,0.1111111111111111,0.1111111111111111,10.0046118430389,-0.08504387958073346,-0.03860807686148455,2.9378799917732623,-0.07063904884082765,1.157394595669266,-0.20297182509012793,-0.08352596878585891,-0.039430263567803374,-0.28633839194299676,0.979427208924042,-0.017961921500679306,-0.04391603134177123
0.2222222222222222,0.4444444444444444,0.1111111111111111,0.6666666666666666,1.0,0.6666666666666666,-0.0039056938290314746,-0.16508676211199927,3.97463942596838,-0.2979825696443547,-0.014041080633538386,-0.11009196023603562,-0.027349469609497704,0.12051816343240832,6.9354154787414855,0.18830004541263057,0.1108245523329114,-0.1213916506765753,4.160315411960606
0.6666666666666666,0.7777777777777777,0.0,0.5555555555555556,0.8888888888888888,0.7777777777777777,-0.02576828114362957,-0.09131575170128979,0.039738656370012976,3.046036838918094,-0.07992201934596711,0.057236280909922804,-0.06462474400959743,5.06952647571699,4.113361231671627,0.058564752287590484,0.008599363859382075,2.9399471510135546,0.005890926533218891
0.5555555555555556,0.5555555555555556,0.8888888888888888,0.2222222222222222,0.5555555555555556,0.4444444444444444,-0.11003615797527344,0.1759741841294253,2.071842349234114,4.132843220538164,-0.08053727264320631,7.025627070499043,-0.0894708805646883,-0.03494226164864655,-0.015423051272417788,-0.08403839283243209,-0.17090917383492085,2.089831642830153,0.0470251879800298
0.2222222222222222,0.5555555555555556,0.3333333333333333,0.5555555555555556,0.3333333333333333,0.3333333333333333,-0.00020079446636393257,3.0796061336293272,3.0393707245469157,-0.05392447319041779,0.05801373738557502,9.104609315357296,0.10593576788055398,0.022540358922527606,0.09499148336348412,-0.05539083542642891,0.1036571919962855,-0.06570338728401097,0.04627260119451383
0.3333333333333333,0.6666666666666666,0.3333333333333333,0.6666666666666666,0.2222222222222222,0.0,-0.062136373635969334,-0.1335280202195098,-0.019793057444111896,0.27245793348049757,0.020357041667483557,-0.012375342758596464,-0.006051193866687456,0.09648055992565194,-0.06026137224386714,6.031268168088289,0.20639846201131384,5.877019505365149,3.000928761374002
0.5555555555555556,0.4444444444444444,0.7777777777777777,0.2222222222222222,0.8888888888888888,0.4444444444444444,4.100900752490274,0.10916267129166453,3.937446160887044,0.04921904814876351,2.9060692533010752,-0.049707587768751976,-0.1064537541758288,-0.16042626369971832,-0.007297621717677752,0.012250567257315841,3.7923679197561175,0.03973010964003045,-0.13671818631921023
0.6666666666666666,0.1111111111111111,0.0,0.2222222222222222,0.1111111111111111,0.4444444444444444,0.1456740937667141,2.1204210042787595,2.0583423265358105,0.008955606825005865,-0.14422416703139027,0.002920566204944167,7.945105330320488,-0.19454766288077252,0.12420711036705523,0.06724576919035279,-0.05473792661788898,3.0548169262197815,-0.11137759428564734
0.1111111111111111,0.6666666666666666,0.2222222222222222,0.6666666666666666,0.7777777777777777,0.7777777777777777,-0.020178771819674757,2.986754754468799,1.9482746205167956,4.068243472390196,0.04015471368264872,-0.010463682518489354,0.0806326758533241,0.32693103741828716,6.19675739424607,-0.08270239653336939,-0.032008918266111935,0.08003943936763835,0.07138379724768701
0.8888888888888888,0.3333333333333333,1.0,0.6666666666666666,0.8888888888888888,1.0,-0.04800831273143356,8.12299830339619,-0.03411283461255114,-0.0919910260280618,0.009222560183527767,-0.003921126356123151,0.045857359388091934,0.058158855581957686,-0.03571873444342714,1.9242633655412906,0.13436444995050217,2.1028337754768684,2.9023596606426354
0.2222222222222222,0.2222222222222222,0.0,0.4444444444444444,0.6666666666666666,0.7777777777777777,1.0397855888837164,-0.025416961080481578,0.056796540578550096,6.902834409398057,0.12517259725701488,-0.019063109596736752,-0.09266994725837825,-0.04071144646497776,5.1088962616750155,1.960064708676209,-0.20237107973595655,0.164846276429794,0.018732030241918676
0.1111111111111111,0.3333333333333333,0.8888888888888888,0.6666666666666666,0.6666666666666666,0.4444444444444444,-0.04264056057784035,-0.10155659410106906,-0.04518201604126295,4.953527118299486,-0.13548094589154966,0.051335984232503885,6.139443619335443,0.09846554082096198,-0.17330087062539265,0.9531457819206264,-0.19543528359430593,-0.126952349839006,2.921021875294434
0.1111111111111111,0.4444444444444444,0.2222222222222222,1.0,0.8888888888888888,0.7777777777777777,-0.1503010000406171,0.11880561377305739,2.9475894409291454,-0.009384331746564549,-0.07489432523496004,0.09317843342629656,-0.03405916173255985,2.0747662224029177,10.059939422216518,0.11323022642535377,0.19556774984294867,-0.09674132575253364,0.04308640959781688
0.6666666666666666,0.7777777777777777,0.8888888888888888,0.2222222222222222,0.2222222222222222,0.2222222222222222,0.07855874224407977,0.03409617094084545,-0.0818224410877762,0.026494600401237436,1.1470859784279201,0.030167637981247858,0.12239687524975192,-0.03950099020610673,-0.034779581350957156,7.023620059214877,1.850432648092718,5.096088367482623,-0.018238525498095383
0.5555555555555556,0.5555555555555556,0.6666666666666666,0.6666666666666666,0.7777777777777777,0.7777777777777777,0.11491275553059853,6.090441724146371,0.14942950385142095,0.0368561006271055,0.05441912976086355,4.882799160934722,-0.07504237236757189,2.072723025327482,0.23522526852482947,-0.13191133254052534,0.06969116774626882,-0.2375224854324056,2.057620362912968
0.6666666666666666,1.0,0.3333333333333333,0.2222222222222222,0.3333333333333333,0.6666666666666666,0.04106349665769788,2.14394959119561,-0.12906941414194648,0.012863476457144033,1.9455237142734685,-0.2595178282448471,-0.01599867471691414,-0.07555246249406888,3.9763825958242753,0.0019102099099983375,-0.057709381141233335,-0.03825513369145055,7.067350633532538
0.3333333333333333,0.8888888888888888,0.0,0.0,0.5555555555555556,0.6666666666666666,-0.04710742829585421,0.11587428402058018,0.00809717549583993,0.08823087345796499,3.0360141227290707,0.10045499461622039,-0.001916463320368982,-0.09890990562471863,0.011798847639631967,6.0437508776293924,-0.02778426540795161,3.9803654192431495,2.0657598400533588
0.7777777777777777,0.2222222222222222,0.4444444444444444,0.0,0.6666666666666666,0.3333333333333333,0.11552049695635916,2.9685282992117896,-0.10016377668542119,0.17195622193731155,0.09116265021735692,-0.005130290360167021,-0.014287591427052316,0.09907243315835995,0.1094350690856574,0.04652810208625791,12.00027556360078,-0.09886428679810927,0.14127558940883295
0.1111111111111111,0.5555555555555556,0.4444444444444444,1.0,0.2222222222222222,0.8888888888888888,0.15519774517898866,-0.2448477967863888,1.1437880690901585,2.08862364175004,-0.061304715184637364,-0.13336638112676957,3.0315936630970595,-0.019317050116930204,-0.1451584311535103,-0.27829316220198774,-0.02385563771209417,0.024682445491897596,9.02433654100812
0.0,0.1111111111111111,0.3333333333333333,0.8888888888888888,0.8888888888888888,0.0,4.959884259769101,0.03901681613305369,-0.18189868799806372,-0.09797580625958564,0.084579590392554,-0.08276515844976017,0.19802751437388927,0.18083752665977895,-0.03191592423732025,-0.07625001859279504,5.124389407925833,0.13152402910539265,4.908562099890245
0.7777777777777777,0.5555555555555556,0.0,0.2222222222222222,0.7777777777777777,0.0,3.0054977736625257,-0.014387898238754908,2.9257592230304152,0.11239816366818929,-0.05401805877087856,-0.07027118015119241,-0.04405593223471761,0.10959071599951503,2.01711608571985,6.785076464795136,-0.07497991750435405,0.14184316440938616,0.09602047096386342
0.7777777777777777,0.0,0.5555555555555556,0.1111111111111111,0.2222222222222222,0.4444444444444444,0.057059734619493985,0.10191176630405162,5.111250664592452,4.19797370872577,-0.010275370601655594,-0.04212183652874494,-0.08964991465676764,-0.007567828622096689,-0.04172511969495829,2.805566906534586,-0.1204148585047127,-0.1337103386136877,3.1690077102804763
1.0,0.5555555555555556,0.2222222222222222,0.7777777777777777,0.8888888888888888,0.7777777777777777,0.06018176039871458,2.8641398860112512,0.06596945715719628,0.05181100134428188,0.03402194082684952,1.9427476303238467,-0.1287546167580564,0.18648387370709668,-0.05346852239576644,0.0005485198605601476,6.807532145435451,2.754267069145216,-0.016232358317547952
0.4444444444444444,0.7777777777777777,0.4444444444444444,0.0,0.1111111111111111,0.2222222222222222,4.038812875623795,-0.006351703242750304,4.162919422046501,-0.05366659112446446,-0.07041878167074495,1.1396581751771175,-0.1257433926027419,0.0485338901083169,-0.13219331317171645,-0.17646458980860782,-0.0013545214791959729,5.99767785902559,0.017557551573799682
1.0,0.7777777777777777,0.5555555555555556,1.0,0.7777777777777777,0.6666666666666666,0.05676322821569886,3.0881194394622744,0.03274986423445034,0.056327375026459736,0.048168067684148094,2.0157397303883187,5.930337459150508,-0.13737818869237342,-0.04006745363704234,-0.13671686649453782,0.21636953540121617,-0.007845524187670299,3.971343891147761
0.5555555555555556,1.0,1.0,0.6666666666666666,0.8888888888888888,0.5555555555555556,0.038409327191381765,-0.12102545089280421,2.957178508098505,-0.05977176161865824,3.32380974880963,-0.03130767652427824,5.8548680526816,0.18382763131876603,0.2399071733023396,3.095266073523406,-0.03837245233950909,-0.07898876484998706,-0.062753239071952
0.4444444444444444,0.3333333333333333,0.0,0.8888888888888888,0.3333333333333333,0.4444444444444444,0.02277754518192239,-0.12272281250209066,6.9250189436184595,0.024921124123826827,-0.0665227119130578,-0.05073764196627163,-0.06615201191920349,1.014210631380121,-0.007490313472770494,0.09259080243349417,4.037737077836127,2.965142954833979,-0.043419487833909455
0.0,0.6666666666666666,0.2222222222222222,0.2222222222222222,0.2222222222222222,0.4444444444444444,0.17562396888459483,4.049817489488405,1.9344097776584237,0.11475138456596908,1.9573413258857795,0.0556682979962335,-0.08178924044956586,0.06769546862800033,-0.10817170379856003,0.09447520580666723,0.00843092780161651,7.00257943267712,0.22100313642016234
0.3333333333333333,0.5555555555555556,0.0,0.6666666666666666,0.6666666666666666,0.0,2.1081538149635923,0.04664862214358859,4.032559834314185,6.92459364877131,0.05476897311940781,0.0661054613221078,0.22172240408076377,-0.06242221274374056,-0.042959333946384376,0.026228202313987887,2.0302093204333715,-0.022389947927530563,-0.09807980170924398
0.5555555555555556,0.7777777777777777,0.7777777777777777,0.6666666666666666,0.5555555555555556,1.0,-0.0432944028859128,7.0752437345178745,2.9969223734341806,-0.09517718078864598,0.13984779842032607,-0.0389444843267332,3.934178188227318,1.1844857340179384,0.04065015081537081,-0.05796770414542285,-0.01022428569904613,-0.025957386635896834,-0.02707578954366743
0.4444444444444444,0.1111111111111111,0.5555555555555556,1.0,0.4444444444444444,0.8888888888888888,-0.10347138215507222,-0.0649390390159057,1.0556372423678397,-0.04296322602398424,-0.04295929916289001,0.01715773500876202,0.11146632691134523,-0.16350574152963848,8.07625156766958,-0.1525575269305209,1.9444720124383703,-0.19711962859711274,3.773951324175068
0.8888888888888888,0.4444444444444444,1.0,0.6666666666666666,0.7777777777777777,0.5555555555555556,-0.01172633020289323,-0.10260843185511476,3.0319592811074143,-0.15548453490794267,-0.020481954011312187,0.088059339554835,3.02155322508979,6.996817211035524,-0.1365437135653948,2.0249953205710054,0.04825650265705477,0.12146518461686143,-0.08172159690596448
0.7777777777777777,0.0,0.7777777777777777,0.8888888888888888,0.6666666666666666,0.4444444444444444,-0.10011158717915146,-0.03209503564873425,0.07009116355888015,3.9934797639210218,1.9771560033250093,6.990773646550045,0.03836665943240878,-0.10368450810492175,0.0727086745351342,-0.06900188403487816,0.14742713756321757,2.0262212111792413,-0.07875536859599733
1.0,1.0,0.4444444444444444,0.5555555555555556,0.5555555555555556,1.0,-0.12640734937762796,0.9936391306254747,0.00274054642992169,0.04309703220838107,0.008853362889395663,-0.17541288168405575,0.1244711911691266,3.0483282422306788,-0.08464366719309203,6.90669557433341,0.01743255776444771,3.9046885923307926,0.044887448126743314
0.4444444444444444,0.7777777777777777,0.8888888888888888,0.8888888888888888,0.7777777777777777,0.5555555555555556,3.076460268495956,-0.1597752751833167,-0.03152925791890312,-0.050120563229903194,0.1543314811631297,6.997682736411071,0.09117153698207564,0.002629558375469636,1.907678984126252,-0.0009670189484531542,0.05768091999961081,0.014851038273108217,3.005194707181825
0.3333333333333333,0.4444444444444444,0.4444444444444444,0.7777777777777777,0.1111111111111111,0.0,0.030940921919583933,5.204869733579444,-0.06473353968471038,2.933471349676301,-0.07505200343763205,2.9621852372547997,-0.11078057045546295,0.027900972289687603,-0.051802361342561,-0.07537333887183349,-0.06586000008730107,0.06665984753498477,3.9313943221700907
0.2222222222222222,0.3333333333333333,0.5555555555555556,0.0,0.0,0.5555555555555556,0.01010687192746084,-0.10478566093354827,0.014276863514819528,-0.019931719548684942,0.10621364528694176,0.1511537960287506,9.91321248925976,0.04260480841965203,0.9840248186990369,1.1377574727850517,0.03397451112676616,0.009961164428806533,2.9440531475958505
0.7777777777777777,0.2222222222222222,0.6666666666666666,0.0,0.3333333333333333,1.0,1.9216503643507414,-0.06835618096115485,0.852056736014823,4.993930651193672,-0.05889951216499907,7.065392176721554,0.012811894538988662,0.2386167744754437,0.06487548600138719,-0.10598433545863528,-0.3140305430586053,0.06156912259600035,-0.01030361098475811
0.4444444444444444,0.6666666666666666,0.5555555555555556,0.7777777777777777,0.3333333333333333,0.4444444444444444,4.035409743711545,-0.08857574725878425,3.9302590252610345,-0.038337638470996735,0.1928536229005962,6.81938000309981,0.11610757645652044,-0.09936437840140548,0.011418171046365305,0.08953900133074011,-0.10678346070875676,0.08024671300537298,0.055797110916831594
0.3333333333333333,0.1111111111111111,0.1111111111111111,0.1111111111111111,0.1111111111111111,0.0,2.9422709048175792,0.1890385597426538,-0.08117152301337449,0.12338456071940712,0.007659426294714687,4.940548877210875,-0.10767734885535139,-0.096600616387905,3.016970426218325,4.155601677948209,0.029161409116866578,-0.05162725624306966,0.09531817597562868
0.6666666666666666,0.7777777777777777,0.6666666666666666,0.4444444444444444,0.7777777777777777,0.3333333333333333,6.032546123907903,0.02274295075693695,-0.05265429511763342,-0.10702460752503447,4.000909287323654,0.11035289852108697,3.954878356169707,0.11552348410625356,-0.1330098104507387,0.018703001711810326,0.00922957979842398,0.1558147269247675,1.1594230615866385
0.2222222222222222,0.4444444444444444,1.0,0.8888888888888888,1.0,0.5555555555555556,0.06030506100507802,0.0075707098372321665,3.0694594059526765,4.075875928260381,1.9875343438408728,0.12024670763338474,-0.01584632924453353,-0.04774808464444991,0.0498063494637138,0.051460857277404376,0.07033747819296433,0.08815623585105933,6.068074783231974
0.1111111111111111,0.8888888888888888,0.1111111111111111,0.0,1.0,0.8888888888888888,10.979362168387812,0.1910329875541304,1.9741550962878485,-0.010211364526835904,0.17719802796791428,-0.051105250571759735,-0.007717255428052572,2.0320549352581927,-0.03470727594812508,-0.0523995849386098,-0.08676357665352236,0.06655021931070151,0.08925327970829405
0.4444444444444444,0.8888888888888888,0.0,0.6666666666666666,0.4444444444444444,0.6666666666666666,-0.08619456107094627,-0.14679291017811336,6.03021503905093,2.934410416630324,5.091212405046913,0.06323988854619288,0.22348280729311765,0.981577374995784,0.01383137562233579,-0.014839610150386123,0.013867205160636057,0.04141232539769727,0.10207530339783762
0.0,0.8888888888888888,0.5555555555555556,0.3333333333333333,0.8888888888888888,1.0,0.14558561233962683,0.015830395041548814,0.08904985029649065,-0.11186867575735615,-0.04056866688192564,5.079859060049236,-0.013337373406619314,2.972260075267758,-0.11608598254234098,-0.061621792411526516,2.970082957892513,0.020029186029701395,4.084656518123561
0.7777777777777777,0.7777777777777777,0.8888888888888888,1.0,0.2222222222222222,0.5555555555555556,-0.13596127577378223,0.02376635187109123,3.091954383876919,-0.16343194655692028,2.969341078117914,3.0242450623916075,-0.07922355566022757,-0.015014704136052166,0.0858841063221705,6.020426328233684,-0.019664108179383435,-0.1416457966067106,0.09789455445388288
0.4444444444444444,1.0,0.8888888888888888,0.6666666666666666,1.0,0.5555555555555556,-0.10478298528340298,5.913908089225096,0.010836564918857435,-0.08499514119632072,-0.09327780774330169,0.10853217455610303,-0.028949455342535287,1.8952992535131021,-0.11000499712031574,4.194048670404642,-0.12703733200944162,3.002537716691625,-0.008853700535013347
0.4444444444444444,0.8888888888888888,0.5555555555555556,0.1111111111111111,0.0,0.7777777777777777,-0.011961477035716442,0.048836027642951585,7.098076129911497,0.05434413711312596,3.82845536280117,-0.04529786199451233,0.008643008234161037,-0.16701632491205473,1.9461618880571605,-0.10956528937804305,-0.24575140159995643,-0.07634551433900867,1.8706858097190189
0.0,0.4444444444444444,0.0,0.5555555555555556,0.4444444444444444,0.7777777777777777,0.8984846425901594,-0.1232189547368121,0.09188456387741076,7.9673221227974915,-0.027128460142126387,-0.12107776814977858,5.033512502922971,-0.08603562853300045,-0.07871191473835489,1.0594661892707233,-0.023063600071332097,0.2186132290213868,0.058752464880383305
0.1111111111111111,0.1111111111111111,0.0,0.3333333333333333,0.1111111111111111,0.0,-0.016281832939352685,-0.013491471721546978,0.03946338553081444,7.01148958489423,0.1512936017814717,2.7957018664406648,2.9422223541344903,2.2193405449103922,0.061209928877835454,-0.1352842874335517,0.0016132716963312092,0.10318769220081288,-0.0996347784108396
0.3333333333333333,0.1111111111111111,0.6666666666666666,0.1111111111111111,1.0,0.5555555555555556,0.022130987993605272,6.271582485846647,0.009684948116265225,-0.01465667111244455,-0.02271202354999444,-0.04703873197855138,-0.04337540477813567,4.990411890751709,1.0638951911195045,2.9666432017173214,-0.01951959996969995,0.0038391471869819796,-0.09445427423310651
0.5555555555555556,0.6666666666666666,0.4444444444444444,1.0,0.2222222222222222,0.2222222222222222,-0.12412491243748565,3.9493595694656207,0.06912413225200936,0.04762681007656427,1.8461906220304316,0.11329950378628569,7.13939646023047,2.00074974474438,0.043052600256583896,0.20186066157177193,0.05100535915460143,-0.12482451696190909,0.09934221576119825
0.8888888888888888,0.1111111111111111,0.1111111111111111,0.2222222222222222,0.5555555555555556,0.1111111111111111,1.9722884702830066,0.022753170638489334,4.062497157395313,-0.0772754530151823,1.9154678583160722,0.12054976478246467,-0.10397241914439803,0.034629719198078696,0.010304812095095272,-0.06521639445191832,7.106613640354764,0.22193627377635172,-0.054444870258424406
0.5555555555555556,0.7777777777777777,0.3333333333333333,0.0,0.6666666666666666,0.1111111111111111,-0.11607542876489069,0.2526406000589145,6.075165721771878,2.9068994480818136,0.007498168899789232,0.021533432244996265,-0.019356747881769786,2.929113552005787,2.963495615704062,0.02060600904139019,-0.022806383747113794,-0.10270166342221504,0.04273516755958986
0.6666666666666666,0.1111111111111111,0.7777777777777777,0.1111111111111111,0.7777777777777777,0.5555555555555556,0.08368063773057832,3.9238352795312488,3.2411869016267065,0.00872233360314493,0.18523693928913698,-0.11892959484585477,7.053295647551472,0.06981964849372034,1.0654797398404112,0.07260388042548999,-0.16722472578340603,-0.21011252404205802,0.06676918787411205
0.6666666666666666,0.8888888888888888,0.1111111111111111,0.4444444444444444,0.4444444444444444,0.2222222222222222,0.039314178779082845,2.996426788759898,-0.14103389583846412,5.948230434355079,-0.0787851687297572,-0.08469353728528943,0.12482575297279422,-0.046425624605695215,-0.08112805215609291,-0.1425750863672349,-0.030344231112172618,6.109964304354111,0.038956086808105875
0.7777777777777777,0.3333333333333333,0.8888888888888888,0.0,0.8888888888888888,0.7777777777777777,0.9008696076552734,-0.10637024164807914,0.0803587177534113,-0.007706309716800132,0.04246972030947015,7.951309879725336,0.9651231550163352,4.889872919077901,0.08178061128202808,-0.21793202210201434,0.17041986066288337,0.05861093436433082,-0.0814321522413257
0.8888888888888888,0.2222222222222222,1.0,1.0,0.6666666666666666,0.7777777777777777,1.9256937201008921,0.07180291257876632,0.15155589643690603,-0.032416451972950185,-0.008920130118321287,0.12971430266388725,6.033501654857534,-0.01922219913468345,0.010228776640992372,4.082286632768112,0.022294326509879545,2.956823026476682,-0.018441306137943182
0.6666666666666666,0.2222222222222222,0.4444444444444444,0.7777777777777777,0.3333333333333333,0.7777777777777777,0.028595615370592894,5.997256479882459,-0.1096871593459182,2.973995733723796,0.0719175595950476,-0.14696100407598592,5.07853075815204,0.04298193414733611,0.08005223274075575,-0.01867981377376967,0.16283577536232768,1.0020670682200632,0.03818969625220024
0.2222222222222222,0.8888888888888888,0.1111111111111111,1.0,0.0,0.4444444444444444,0.0564691726004976,1.8160225925401887,-0.048829837826777134,8.0703375316337,2.0468333302502306,-0.040137970633906506,-0.07552488988784077,0.11937593777468443,0.05854918998456167,0.06803764094250452,-0.062238908757131166,3.1666109096691994,0.08706079779837923
0.4444444444444444,0.7777777777777777,0.7777777777777777,0.3333333333333333,1.0,0.6666666666666666,0.027601808166040062,0.14111222594847425,3.0841314432473528,0.09956582023748164,3.0206768788151037,0.029860394353514563,5.9494564274008255,0.0733298299786756,3.0363804238049057,-0.018850657129509715,-0.1304808566243821,-0.12151804438411935,-0.11429070333062595
0.5555555555555556,0.7777777777777777,0.1111111111111111,0.1111111111111111,0.0,0.7777777777777777,3.01838824972374,-0.008696336495559252,7.88278609653221,-0.09550669480878679,3.0032318986655726,-0.0721453443549707,1.0582893705608272,0.06802030305102817,-0.039422226194501676,0.02312438121022753,0.02639449093197739,-0.09010087215546476,0.11369020962717358
0.2222222222222222,0.5555555555555556,0.7777777777777777,0.3333333333333333,0.0,1.0,0.9755728910574776,0.11085482379018732,-0.013342530565001166,7.151008393511587,0.09517892858833715,3.092697962687576,0.1662349816941089,0.17307648882396054,4.0112583752754425,0.04620591044060212,-0.21432698474187495,-0.1859900676748887,-0.007721073335561328
0.8888888888888888,0.1111111111111111,0.2222222222222222,0.4444444444444444,0.2222222222222222,0.3333333333333333,0.1949805582596556,1.0390749001685293,0.030213763124996962,0.021074773262280723,0.9269896842858409,4.933953981209348,-0.1579985069522802,8.049663811759018,-0.018424203605108717,0.17083104464443016,0.09571735914651584,-0.08620681437275439,0.029011269212219415
0.1111111111111111,0.8888888888888888,0.7777777777777777,0.4444444444444444,0.0,1.0,0.026347055771766593,-0.14873640087899923,-0.020498069741066598,-0.05256008598395058,0.022646416648952703,6.052465203061358,-0.08947242294306337,3.125025543605037,-0.026829745217886638,4.935952648764591,0.9479596728465297,0.08461728112374116,0.06244536484405294
0.7777777777777777,0.3333333333333333,1.0,0.2222222222222222,0.6666666666666666,0.2222222222222222,1.0105950560232098,8.079857532303162,0.15030184762850024,-0.01413277965936461,0.14702734421507865,0.025589233874829045,0.10056942375514354,-0.05511573639377152,3.0677680205743734,-0.009507673730099277,-0.08972710225001607,3.06668771607945,-0.07768716591326257
0.6666666666666666,0.1111111111111111,0.4444444444444444,0.3333333333333333,0.3333333333333333,0.4444444444444444,-0.01568307533085677,1.9869567452444028,0.059798653302362385,-0.0172650099783387,2.9894725102960495,-0.02514205387237475,6.9227443870723375,0.08204614946962852,0.02409420589801312,0.08824834499042628,-0.04913179472389603,2.8445403519915673,0.006659811858008358
0.0,0.6666666666666666,0.8888888888888888,1.0,0.7777777777777777,0.0,0.012303388755700084,2.9539272620695565,-0.19430383904200704,0.11648383849616413,-0.11878017024161154,0.026590811369736556,-0.062478934440121064,3.126674806397054,4.979647424147562,3.8707709907555645,0.1163250944152997,-0.11261888729090277,-0.0555659532100392
0.8888888888888888,0.8888888888888888,0.6666666666666666,1.0,0.1111111111111111,1.0,0.018450893705640483,0.02984149534418771,3.9707493814055925,6.131739486571168,-0.10676255599439394,-0.04747887058350604,-0.023194791618913177,2.847782026210764,-0.07146620756128015,-0.09741524685051614,1.9599001162339234,0.013708604073196913,-0.009655174012304497
0.5555555555555556,0.3333333333333333,0.8888888888888888,0.8888888888888888,0.3333333333333333,0.7777777777777777,0.026072836113792033,6.102158443576988,-0.017969338598433374,-0.11955568076155217,3.1428460907162172,0.052569911948655595,2.939948933022987,-0.13720876857705763,0.03426603230567453,0.008257394360108205,-0.22219582143170635,-0.001358013422160671,2.9676942086323934
1.0,0.5555555555555556,0.5555555555555556,0.5555555555555556,0.8888888888888888,0.2222222222222222,0.012473839464569722,-0.18241105351855189,-0.05683339611626605,0.11796743522531881,1.718702863722338,-0.1002946714770582,2.923796773239569,8.025457945682515,-0.11104918919325811,1.968245875397638,0.0801952836465122,-0.04265020169063098,-0.07823170314201944
0.1111111111111111,0.7777777777777777,0.1111111111111111,0.0,0.0,1.0,-0.044219590150157716,3.0028427169887912,-0.10536459212083121,0.13323352806868086,5.7275264359759905,-0.023996648724467794,0.17879336244225874,0.0030579872285780786,3.0008432770787055,0.04756140961959969,0.028085728050412463,-0.01026637557331535,2.9889157134908024
0.5555555555555556,0.5555555555555556,0.1111111111111111,0.6666666666666666,0.4444444444444444,0.2222222222222222,-0.031455267871378936,-0.15384953312563487,-0.13935922729984598,2.9279681734056844,2.924406851316982,-0.015259636322908346,-0.056869032309091384,2.899394388936305,6.086038385912661,0.012533579344209945,-0.04390804021014074,-0.05387385524949262,0.16540131686742032
0.0,0.6666666666666666,0.1111111111111111,0.2222222222222222,0.4444444444444444,0.3333333333333333,0.058440427761662764,-0.16361760159054206,0.04871646502468512,0.14787186997995116,0.00904138265174827,0.06273401811257594,0.05262675834301381,2.967403418479121,0.09956871574430357,6.092145583300631,-0.09948917897120658,3.241446814818602,3.0111038419914222
0.8888888888888888,0.1111111111111111,0.2222222222222222,1.0,0.5555555555555556,0.8888888888888888,1.98505424669612,6.26412149554526,3.1015327457020816,-0.04272699781748851,0.051064125980115,4.106128338431798,0.004135026587162772,-0.03048230170610742,0.08654272284655948,-0.05807934855634189,-0.023835021207222525,-0.033551124415450155,0.04092363835740344
0.2222222222222222,0.2222222222222222,0.1111111111111111,1.0,0.0,0.3333333333333333,0.021919377389255437,-0.032525835806030766,2.808356971997606,0.03382760678499069,-0.09592664044524653,0.3050858183232801,-0.07272616050184559,0.9985926608304736,9.881746481136442,-0.21742703778683709,-0.019079796678593303,0.8894214806280305,0.0749599056267579
0.3333333333333333,0.8888888888888888,0.6666666666666666,0.4444444444444444,0.6666666666666666,0.8888888888888888,7.150080883837893,-0.08027126804301019,-0.10602550992595175,3.1222827218587135,0.044018462973512584,0.1843710074285433,4.048325290409695,1.1700911735730974,-0.14616192458735663,0.07958860657644909,-0.08669002890667205,-0.07919833422249023,0.08361741472249558
0.2222222222222222,0.5555555555555556,0.7777777777777777,0.6666666666666666,0.1111111111111111,0.2222222222222222,0.00657468322764144,0.08221398624136757,5.076871112248144,0.17087403882309288,-0.0828414124347171,0.057164756491038776,-0.22683614960805595,0.10818167012669416,0.10594011438155904,0.05719282935520123,-0.026766290269833466,8.013447988067528,2.003529841278934
0.7777777777777777,0.3333333333333333,0.8888888888888888,0.4444444444444444,0.7777777777777777,0.5555555555555556,1.9029372251829462,0.004850899815140325,0.10645173036820924,0.0474889697675387,-0.020128473992767338,0.0402216344127149,0.16106091619240254,-0.09456219967178035,5.078422047762657,-0.06812857798744203,0.040448589797485356,3.8638769205365726,4.138746002867165
0.7777777777777777,0.6666666666666666,0.5555555555555556,0.8888888888888888,0.5555555555555556,0.2222222222222222,0.17325995586321427,5.941657475518133,-0.0727965695730458,3.037821870675171,0.23116140813591102,3.0478180633793497,0.054197127213351265,-0.05198331802316939,-0.018361357446928656,-0.09375758950513491,-0.045233467178075325,2.7745480924247117,0.07881003611540716
0.3333333333333333,0.5555555555555556,0.6666666666666666,0.3333333333333333,0.2222222222222222,0.1111111111111111,1.9546917991996202,0.05672926520073415,-0.08081835246504471,-0.027148991526632384,-0.07011058696076115,-0.08860592355137026,0.08258701342304764,-0.03201059208358849,5.019612803901725,3.9310982691652594,0.154168628258535,0.030868971110875845,4.0173849648379
0.7777777777777777,0.7777777777777777,0.3333333333333333,0.5555555555555556,0.1111111111111111,0.3333333333333333,0.027789857259764267,1.1955448975118852,2.808208109308192,8.089006166350854,-0.1671151075101631,0.12842309762529094,0.22634673877011596,-0.0117786614762744,2.9701377997267686,0.0013787181786082136,-0.10215587629425715,-0.04757639714127905,0.029063075136332623
0.4444444444444444,0.6666666666666666,0.3333333333333333,0.8888888888888888,0.2222222222222222,0.2222222222222222,0.20144210634482948,-0.16852374428409292,0.02808669485521914,-0.1405182974488785,0.0980119672715099,2.0560480718049936,0.10408785359421094,2.019391888843831,0.02727546381911407,8.81991349627026,2.0748425457256086,-0.02254014078779418,0.07287703652136916
0.1111111111111111,0.0,0.5555555555555556,0.6666666666666666,0.7777777777777777,0.3333333333333333,-0.04036037880160288,-0.12863150615311472,1.9293400425287819,-0.03224206003448871,-0.00184567131714858,7.958377831650699,5.006165726916411,-0.11525985134156386,-0.04782210055279325,0.012235205793166474,-0.032405237106853696,0.11529591814923086,0.037565883080817236
0.0,0.2222222222222222,0.0,0.3333333333333333,0.0,0.1111111111111111,-4.212585941238463e-05,4.02569153304197,-0.19507479484707285,-0.09023238042671725,-0.11891339463390888,-0.05584358022033538,-0.15393692581336912,2.874047739934642,-0.008610087738795175,-0.02441005853189626,1.0481679134608661,6.969077513354786,0.10450227668008394
0.4444444444444444,0.0,0.4444444444444444,0.8888888888888888,1.0,0.3333333333333333,0.08103626457257729,-0.07880378240923212,-0.14750202489968167,-0.10017302108130142,-0.13077554292003873,0.005166606956030478,-0.07492307994125871,2.981020430086704,2.1067629280661944,0.1356354603717371,7.732171450976649,-0.12537950176064125,1.92267840473865
0.4444444444444444,0.0,0.0,0.7777777777777777,0.2222222222222222,0.7777777777777777,3.1949547788329724,-0.0635684761175804,0.07378766190193947,3.0061052945268054,-0.15944504330438966,0.0076415013779054,5.058444720930414,0.11766108860382365,-0.0010362679732662246,-0.012644483531219825,-0.35434642632341057,-0.02069557338876031,4.108393362795642
1.0,0.7777777777777777,0.8888888888888888,0.7777777777777777,1.0,0.0,0.21499678448223314,0.09119293894794292,0.06999062686823379,0.1423727842561496,-0.03166562260635963,7.917240444336434,0.6877249489148425,-0.1092669830620108,0.08024021828020478,-0.015156538425657002,4.952714505942649,-0.12286793568612098,0.9673368863207671
0.6666666666666666,0.5555555555555556,0.6666666666666666,0.8888888888888888,0.7777777777777777,0.7777777777777777,1.8828724545773485,0.009324549853956676,-0.06982779418806605,0.03695953954681069,6.097816220892387,3.9982875021458093,-0.06427069837521066,3.072154902656437,0.13561391519918756,-0.16739267181029727,-0.003656118246073749,0.05039128153235936,-0.1139870390274498
1.0,0.3333333333333333,0.0,0.2222222222222222,0.0,0.5555555555555556,0.18478841043385114,6.005384091261702,3.1886312753861166,-0.14928559278355938,-0.1658611034636296,0.10544870716353993,-0.1030291893154358,2.132674104321427,-0.01670445120517288,0.09091354440964963,0.13264261276165148,0.11997421789136807,4.03389152426752
0.3333333333333333,0.1111111111111111,0.8888888888888888,0.2222222222222222,0.0,0.1111111111111111,0.040941429863389917,-0.07226299364738471,-0.03170187060314671,0.02606979665379916,1.093002873361855,-0.01714237690837675,0.22315778234029326,-0.15607361024461194,2.001576350131256,4.080913813950373,-0.0583988061864736,7.864140038638066,-0.050042038082615474
0.5555555555555556,0.3333333333333333,0.2222222222222222,0.3333333333333333,0.4444444444444444,0.1111111111111111,2.9679450662001248,-0.09407145733436093,0.077543829230728,0.0033955179400908747,2.952662769246904,0.0733917133361357,-0.011605279851872607,3.0182557990984256,-0.16970386988432562,5.94694969541772,0.03231261530994283,0.1544763978241298,-0.10546965312068556
0.2222222222222222,0.4444444444444444,0.6666666666666666,0.1111111111111111,0.2222222222222222,0.6666666666666666,-0.16009965651071334,2.9450344174586585,2.9335632164141776,0.03644804561016411,-0.1190788409755464,7.0817515914098035,2.0293683263266526,0.02744793708459456,-0.003672270256786302,0.0005450432059799936,0.08208966481191204,-0.05660294535502957,0.017624605288008466
0.4444444444444444,0.4444444444444444,0.3333333333333333,0.6666666666666666,0.4444444444444444,0.2222222222222222,-0.055903898693373304,2.779473680569476,0.005674423859281493,1.0307518529707758,-0.13866123595975027,4.008426406965027,-0.008883157858012957,-0.13196511467653704,-0.11287966323698558,6.96825660828336,0.09052636346892586,-0.08624168938048915,-0.01845177607234245
0.4444444444444444,0.8888888888888888,0.6666666666666666,0.0,0.6666666666666666,0.3333333333333333,0.12655241613134846,5.8640250798074955,0.15286567924969835,-0.22134304292298485,0.008518653879061347,-0.12200508947715819,-0.07306004872580657,-0.19003029117867595,0.04686054580005508,-0.04993114036819954,9.051442559451875,-0.06748996102688459,-0.07034946835680651
0.8888888888888888,0.4444444444444444,0.8888888888888888,0.2222222222222222,1.0,0.1111111111111111,-0.12849120943924977,1.8345324414177449,2.9180032471251676,-0.015128686601148425,0.01068889835921702,0.024529824359235633,-0.12153138087889144,-0.13051080088440273,0.2005824272546488,0.038307566079426605,8.121122184751004,-0.05905036475333462,1.9684965950628113
0.5555555555555556,0.4444444444444444,0.2222222222222222,1.0,0.7777777777777777,0.5555555555555556,1.1893701105149763,0.08915012208226275,4.016759435188492,0.06170815431764035,0.07992346887058181,-0.04852847277235818,-0.12261609710321367,3.0164207754326164,0.2161189315475241,0.13408246769364926,6.891219755627277,0.0349550153838931,0.006692490981071317
0.6666666666666666,0.6666666666666666,0.1111111111111111,0.4444444444444444,0.5555555555555556,0.1111111111111111,0.20960970798823536,0.08797075838634935,0.9392103235274344,4.016865017951578,0.028208411226319605,4.014499685664207,-0.1802531546548121,-0.0786694449868848,0.2297653630337867,-0.12250976914401016,-0.08061371069666762,6.136246637390295,-0.10059141358775765
0.5555555555555556,0.5555555555555556,0.1111111111111111,0.2222222222222222,0.0,0.7777777777777777,-0.08913574364799165,6.001998036405783,0.24394210140218778,2.9215070745312626,3.1632867793334998,0.05042219374832361,-0.041568319083613726,-0.15691728671308308,2.865182361426785,0.10020688229401674,0.004037666739562701,-0.014529731422584076,0.03327146291761386
0.4444444444444444,0.6666666666666666,0.4444444444444444,1.0,0.5555555555555556,0.3333333333333333,-0.08655022379710994,-0.0673782657480154,2.987100454507419,0.045124401944526805,0.06524631215900986,0.2509783704716949,0.08280839187500372,-0.23558189031696958,4.0196899858685695,4.998439262642126,-0.05432112403428944,2.8457139138731975,0.11851231705277508
0.0,0.1111111111111111,0.8888888888888888,0.0,0.1111111111111111,0.1111111111111111,-0.13874107761872506,0.008258012048449321,-0.0733284421823948,2.7774710542376986,0.11733740059704685,-0.01579028587502172,7.048203798964053,0.028620163360417256,1.9429804599970968,2.991278856886825,0.04707908080725686,0.06313298364043733,0.010153781605327795
0.3333333333333333,0.3333333333333333,0.4444444444444444,0.2222222222222222,0.7777777777777777,0.3333333333333333,0.11854137888526517,-0.1479320688487179,6.097335588907855,2.94203595445689,3.1373410461982996,0.015854747355387232,0.08995148694990668,-0.10506489298818514,3.093413222442294,-0.09490175961451719,0.08568091532224338,0.10643152449097606,-0.048219205816550995
0.7777777777777777,0.3333333333333333,0.7777777777777777,1.0,0.3333333333333333,0.6666666666666666,0.08478043331830269,5.946492402924722,0.05949090578479377,0.13022013287926398,2.9074486827579817,2.900111441017339,3.0068707958096366,-0.026575727129529464,0.02337424513908444,0.12620149316761778,-0.07722877515828318,0.06703128764438014,0.0923190201510672
0.4444444444444444,0.7777777777777777,0.7777777777777777,0.3333333333333333,0.4444444444444444,1.0,0.21252077624594992,6.02208237523112,-0.051121980499122026,0.018083512755279193,-0.07347537064247267,-0.051368319788372675,2.999841181919379,0.959845114868028,5.118469584784817,0.1554972919220614,-0.1536414246620689,-0.04273032016570322,-0.0015510685557941699
0.7777777777777777,0.3333333333333333,0.1111111111111111,0.2222222222222222,0.1111111111111111,0.7777777777777777,0.16256103105212993,-0.1184801482193362,2.9716064186029176,6.087135131789617,2.963404740470493,-0.04046495340237409,0.10368581414750598,-0.07291292772168648,3.097964109904549,-0.06154502485129936,0.06824622070612947,0.11367201955701921,0.11619514670121067
0.6666666666666666,0.6666666666666666,1.0,0.6666666666666666,0.1111111111111111,0.1111111111111111,-0.017898654908122546,2.0034638492380528,1.99119410011879,8.067415632832981,0.0004725082083505772,3.081441566483465,0.10421445416952076,0.11197342865341114,0.044065684137586304,0.018753100588023243,0.1548920299287639,-0.0031550861874135427,0.04126672001084352
0.1111111111111111,0.0,0.0,0.1111111111111111,0.6666666666666666,0.2222222222222222,-0.10575978188060907,0.0444267074082636,0.06782069133173455,-0.06732575988639987,0.09143121159676659,-0.21533905495258684,9.83186659476824,0.9781223098725799,3.0483952647093844,0.1867572674005676,-0.14381876606366342,0.1447573406376891,1.0915264167178185
0.7777777777777777,0.3333333333333333,0.5555555555555556,0.1111111111111111,0.7777777777777777,0.1111111111111111,0.20690894509488325,1.794718218530204,-0.14473864104097198,-0.15493442388786116,0.09368511011568739,7.070402410301211,-0.10368694245203106,0.04064937619067759,0.0479294120174452,4.00812270211951,0.00818860377574603,-0.04970257719206265,1.885928640627451
0.4444444444444444,0.6666666666666666,0.3333333333333333,0.4444444444444444,0.1111111111111111,0.2222222222222222,-0.0733967741164869,0.23367076633958928,0.07654996056213909,0.024245522290947064,3.104507904687602,3.09982925709483,-0.05812254744524719,-0.08914467149915141,9.06389006218386,-0.09290365735177865,-0.09738820715340529,0.11421242195272217,-0.09706659676401387
0.6666666666666666,0.0,0.4444444444444444,0.8888888888888888,0.2222222222222222,0.1111111111111111,-0.0005324023214195167,0.03955804586316991,0.08593447147906,-0.04898860430247293,-0.0423598358753669,2.0555133572414284,6.936770264452397,2.9928403597719115,-0.08444393840865622,-0.026401272221720187,0.04007693187235081,0.1265514600489028,2.9363726504890666
0.2222222222222222,0.6666666666666666,0.6666666666666666,1.0,0.1111111111111111,0.6666666666666666,0.17482992650111254,8.99252488512317,-0.010951587739809024,0.08945381783189914,0.022614019725222357,3.040729589051089,-0.11052153161081685,0.9503442895698118,-0.026232993470192874,1.9811461295847046,0.07471976431269174,0.015521654347427215,-0.15084888265217972
0.2222222222222222,0.6666666666666666,0.4444444444444444,0.2222222222222222,0.8888888888888888,0.3333333333333333,-0.16890931088209227,-0.05937117828446259,1.9704562200472473,-0.012305080883644334,-0.060447785979467254,0.13632637541952947,8.981727443685356,0.1087186323448238,2.1396768630215783,0.016534534865158806,-0.023538704239165924,-0.00847781344709434,1.9831773769181
0.1111111111111111,1.0,0.3333333333333333,0.8888888888888888,0.4444444444444444,0.1111111111111111,0.017435069583438306,-0.03198213003174499,4.119687377842086,-0.035103143548095926,-0.05885661919987187,0.12026894326342977,-0.11126392275526416,-0.10384048294594249,0.029078822963904724,1.958823200942846,2.0263435678296347,7.141167490032265,0.12597074754663803
0.3333333333333333,0.6666666666666666,0.0,0.3333333333333333,0.0,0.4444444444444444,-0.05131244782260655,-0.06506499791809595,0.03750354826126,9.150144331086238,3.946871103918191,-0.0550699783026844,-0.10696819770266744,0.9808816238918583,0.028098841643188478,-0.15032460898649597,0.9787652255307475,-0.0423472724741462,0.04115409044596469
1.0,0.4444444444444444,0.6666666666666666,0.1111111111111111,0.7777777777777777,0.1111111111111111,-0.030319486728375727,2.936946486332343,3.0419478523851757,-0.05059520832599729,-0.052190831679161435,5.944196855688056,2.8813337514415447,-0.023383508466814095,-0.13624629811347844,0.017881836690703232,0.11063419342696307,0.15815918753017186,-0.15736816858233207
0.4444444444444444,0.4444444444444444,0.0,0.4444444444444444,0.7777777777777777,0.4444444444444444,-0.010286489061741205,-0.21766957971594653,-0.049692827232027365,5.930223810202087,2.7780017783405873,-0.013193129982735117,-0.21419634952320538,3.076716859385077,-0.0565861384435201,-0.07409895200037846,2.871494590791883,-0.08056699887320554,0.09507760137085824
0.8888888888888888,0.8888888888888888,0.3333333333333333,0.8888888888888888,0.7777777777777777,0.5555555555555556,0.13455486362362462,0.06283100692661263,7.084045021673899,2.154749786045575,0.9826669562760273,-0.03238976806284795,-0.10583394018750775,-0.15905390497288685,-0.06515571952094008,5.0665283531072545,0.24720601293962693,-0.21155608951804206,0.027787837543136264
0.8888888888888888,0.1111111111111111,0.6666666666666666,0.6666666666666666,0.8888888888888888,0.8888888888888888,2.0433282076855153,7.024578933607,2.1873819201484457,3.9139312850764374,0.006499455744495729,-0.1024346341482627,0.13211360065342512,0.10505391425041953,0.06948466500623948,0.08568862946437841,0.09783748570389443,0.12439497301002894,0.0440242080691744
0.0,0.8888888888888888,0.3333333333333333,0.6666666666666666,0.6666666666666666,0.7777777777777777,-0.1264908850911241,6.007491735533314,5.118972896507952,0.03557013143876518,-0.09143431055453685,0.011537788024587506,0.03879195274541826,-0.16254343411225758,0.01684599958580515,0.020115302627994366,0.9356095768788255,3.05273659845841,0.06128929149381114
1.0,0.1111111111111111,0.2222222222222222,1.0,0.8888888888888888,0.5555555555555556,-0.007322575396705618,-0.014694144192256939,-0.1701156199651437,2.0879500295096394,1.933882436396426,0.08337131181992004,0.09404229449785499,-0.0594602474424335,0.11942247991547142,-0.02343075240971322,-0.06978399612322742,4.010805415972585,6.86427815359859
0.1111111111111111,0.6666666666666666,0.1111111111111111,0.0,1.0,0.6666666666666666,9.13173982981008,0.8895809497769529,0.0006999653762696327,-0.07874736222455603,0.09458576757955718,1.8806256199744178,-0.0001620611657041992,0.05728210254996344,0.169433533943242,0.13895479574518826,3.0186223319699295,0.0893011692511923,0.039426105817293
0.2222222222222222,0.3333333333333333,0.5555555555555556,0.2222222222222222,0.2222222222222222,0.4444444444444444,2.9324682607602996,-0.017366776628558688,3.8448392045186806,0.1749527248537608,0.21486498435671386,0.024593443763358896,-0.001495054262406026,-0.03558089249730046,0.9410739389452244,0.021661413732279346,0.15951499208521625,-0.08766408104615936,7.0221534960770216
1.0,1.0,0.8888888888888888,0.7777777777777777,0.7777777777777777,0.5555555555555556,0.15433449522741438,3.848329288755075,-0.01444966630926656,-0.08386640812342047,-0.09496153955005428,0.14057123268192434,0.14941920441246534,-0.055426795504356134,1.8825795647207189,5.966832563143201,0.05017502768730392,3.007472687678184,0.03549202963892501
0.5555555555555556,0.5555555555555556,0.3333333333333333,0.4444444444444444,0.0,0.2222222222222222,0.07512252518481641,-0.007152957773184636,-0.009865099077194309,-0.11726940298626734,3.1219586857993127,-0.09655837225935257,11.832182710307714,-0.00818033142853876,0.022196307526316756,0.004627154189746636,-0.22053616219405475,-0.0247808664475542,-0.07382638983084572
0.6666666666666666,0.1111111111111111,0.5555555555555556,0.7777777777777777,0.2222222222222222,0.8888888888888888,0.10708711362034587,0.18854342729310614,-0.06313424795483516,-0.147123296274063,-0.007162458732315301,3.0055250132480227,2.9376433176808954,-0.022817880908620636,-0.0037113653774728654,1.8891052920656919,0.07709911242356425,-0.04614263037792454,7.04185949108381
0.1111111111111111,0.6666666666666666,0.8888888888888888,0.5555555555555556,0.8888888888888888,0.3333333333333333,0.175601626388023,5.0809936336491734,0.17713705876532448,-0.06533549346125757,0.11425613253637952,0.06638837898668061,-0.0543031132049605,3.9395214615373693,4.050434325421888,2.08017596604122,-0.0251081427002554,-0.012319631874009132,0.25809139023476513
0.8888888888888888,0.0,0.5555555555555556,0.1111111111111111,0.8888888888888888,0.8888888888888888,-0.08423296830009891,4.874162641740824,0.2618170119807829,-0.09329975233880095,-0.029850624956758026,-0.014740290233085419,4.167627980938244,0.06310644698707853,0.02063920799931373,0.14763696171140836,-0.06675936634741461,3.9507729089465715,2.0831779267408006
0.3333333333333333,0.7777777777777777,1.0,1.0,0.7777777777777777,0.8888888888888888,1.999031487439333,-0.19447618561022073,0.057216385245845415,2.9965954607013328,0.11862915678283335,0.0043297799595754995,-0.139839096748533,0.07858841299679649,6.9967498422212095,2.995058740584781,0.007934407712866283,0.11324012849711247,0.005052845944370071
0.0,1.0,0.3333333333333333,0.8888888888888888,0.3333333333333333,1.0,0.061855720633039506,7.999840745822456,0.05531790041819397,-0.034514271826138525,-0.1456683819552889,0.02358925116408231,0.04652764819580091,-0.10738838733358841,-0.02203195174563062,1.9720878786603473,1.8727404763971451,2.7835208936297664,0.10516250522876303
0.0,0.4444444444444444,0.0,0.3333333333333333,1.0,0.4444444444444444,7.073009780769434,0.04382156349287216,2.867059007026678,0.0579027349598082,0.15333778156532893,0.0031251329857052614,0.0509802392247424,-0.003855865070282475,1.9910483646365573,-0.09898170881443852,2.826301000982462,0.05842987978183374,-0.13113992188074336
0.1111111111111111,0.6666666666666666,1.0,0.3333333333333333,0.8888888888888888,0.0,0.14614400304436492,0.029889585127960597,-0.023440687327121956,0.15317521034413964,1.1120658858735561,-0.11592123228252282,-0.07032085017614317,0.06720666273835728,5.926618284962442,0.22392009365115198,4.054586685915232,0.076166391306795,3.879820453119318
0.4444444444444444,0.6666666666666666,0.1111111111111111,0.3333333333333333,0.2222222222222222,0.0,-0.1404238322661559,0.004125646489201331,0.829472525065168,-0.023640205182234458,-0.1118969868279318,0.1514329221260603,0.16168302416815053,-0.038475483782268005,0.005886996413905286,7.986325697018491,2.00149736901082,3.84581845898784,-0.1877479305730483
1.0,0.3333333333333333,0.2222222222222222,0.1111111111111111,0.7777777777777777,0.0,-0.0834559380808566,3.961918674482072,0.05659259970490228,-0.1502825858467123,-0.059950641555671924,3.893352228675682,-0.04050538169374715,0.1168933229121848,-0.09838142406456962,0.0027190633910289283,7.0417400324489545,0.07242686939673244,-0.08938852547099117
0.0,1.0,0.5555555555555556,1.0,0.3333333333333333,0.7777777777777777,5.8704143965187,0.05127550698794647,0.09645295047299679,-0.01206988931706183,-0.006992626003637631,-0.13027652674603346,4.052595407046134,3.0384132751423105,0.03569301616978499,1.8352234146479804,0.0173259927547575,-0.02252221990784545,-0.09336719579535821
0.8888888888888888,0.2222222222222222,0.3333333333333333,0.4444444444444444,0.3333333333333333,0.1111111111111111,0.06313131235574047,0.05855765157033095,1.050642694112304,-0.09990983459204315,-0.03725472370212592,0.022163827807500956,6.98967094778024,-0.1252612220059622,2.8760163885450303,4.040153995100038,0.020335644315366268,0.06207527588687985,-0.01772389407833185
0.0,0.4444444444444444,0.6666666666666666,0.6666666666666666,0.3333333333333333,0.8888888888888888,-0.012829564363283303,9.08435412532403,-0.040464972433402586,0.09036636771592854,1.8745888946211369,0.02702520467848475,-0.08283567656955364,-0.1395514067617261,0.0349465706765116,0.9311663343445569,-0.16003873917668626,0.05803413954650083,3.0666370462533967
0.6666666666666666,0.7777777777777777,0.1111111111111111,0.6666666666666666,0.4444444444444444,0.3333333333333333,0.057675177247518694,0.029532893376425652,-0.07776323991091275,2.947660486728128,0.1313163093259131,0.02101931032249238,0.0032138476838546176,0.13739093968470767,2.037073334161345,9.078525212042578,0.7659456096354065,-0.11351045936574425,-0.21595697268159686
0.6666666666666666,1.0,1.0,0.3333333333333333,0.3333333333333333,0.2222222222222222,-0.02294609990088762,0.036554008971315805,-0.11923230368477666,0.028496691379777412,0.03629016338463199,-0.08737352014309502,0.003966606034741227,-0.18539469828371377,2.0559510440624225,9.022329396446777,0.04757542211591037,2.9789054547226206,0.92728022971377
0.0,0.1111111111111111,0.0,0.6666666666666666,0.1111111111111111,0.2222222222222222,-0.12557184559167706,0.06458262213519582,3.0559879245859563,-0.06500441744846784,-0.01964746536053883,4.047854516470926,8.106031358221555,-0.07280878152258456,0.09261091894992239,-0.014922826271543337,-0.14688100672939564,-0.06113957463878861,-0.13743574467636469
0.4444444444444444,0.0,0.2222222222222222,0.3333333333333333,0.5555555555555556,0.5555555555555556,-0.12951941478758586,-0.13930026022188474,0.10973723554403776,2.0504177305204214,-0.08371953150718268,-0.030808991341662574,-0.1663821603576984,0.006049438658470077,0.029386423375576565,2.234743974134146,4.085512334681269,-0.19829858977418457,6.9940831374595085
0.8888888888888888,0.3333333333333333,0.3333333333333333,0.3333333333333333,0.4444444444444444,0.8888888888888888,-0.11198096702081606,2.0517849003334723,2.8401854532173987,7.064855311503367,0.02436488550600623,3.0133945201477697,-0.04418257100861539,-0.20611694343632658,0.11895207227202585,0.2546089239594404,0.03306916072116553,0.011028603489105594,-0.08688279825661345
0.5555555555555556,0.1111111111111111,0.5555555555555556,0.1111111111111111,0.7777777777777777,0.3333333333333333,-0.0878185497508682,3.0027050535383695,3.19617089996433,-0.04219869668547493,-0.04468639293493022,0.07695637428247973,-0.08030987261367073,6.937410287247001,0.09803848299732706,-0.15294211116546802,0.0463698020519547,0.09454899812071292,2.1137640189803886
0.1111111111111111,0.0,1.0,0.3333333333333333,0.4444444444444444,0.0,-0.0361259333228131,-0.09358620799758167,4.0357140028348,0.1382847713953501,-0.06201882978663486,0.1317356203225887,-0.13894556472515665,1.9316507810176444,0.013983255748011056,-0.08181292227203979,2.025905891450931,6.998458235364127,-0.11589774158002718
0.8888888888888888,0.0,0.7777777777777777,0.3333333333333333,0.3333333333333333,0.1111111111111111,3.0741710058023997,3.0395367704475333,3.0411317566669744,0.02848518722703769,-0.05395064919624886,-0.05103648192597174,-0.10133337265103107,0.12223622006027882,-0.038981258098061064,-0.04233924631507033,0.07506497361894399,5.980612463678083,0.1389353169115959
0.2222222222222222,1.0,0.1111111111111111,1.0,0.0,0.6666666666666666,2.2071640937890624,7.08769913103109,-0.05905877925777876,0.003040543869677935,3.9850121251102135,-0.08515397553921794,-0.12344815096224822,0.010020040013888652,-0.1385205652627859,1.9671815080004627,-0.08484215276271553,-0.2625473481435206,-0.12368549628449053
0.3333333333333333,0.0,0.8888888888888888,0.8888888888888888,0.6666666666666666,0.3333333333333333,-0.03232013025268448,-0.029506209553807464,-0.10700026447250566,-0.016347680210324823,0.0059068541481895045,8.757297742208273,0.052402860355640506,0.9658890064344251,0.015906105670028294,2.0086138379598077,0.04706831941472457,3.0319528854562594,0.09146101805350504
0.3333333333333333,0.4444444444444444,0.0,0.6666666666666666,0.6666666666666666,1.0,2.1312483770321724,-0.004925712314403717,5.918202480859088,0.10933585075832353,5.199846146101074,-0.08525801209767309,-0.10899423770956058,0.18131925704499116,-0.07311832856053577,0.16370120088411638,2.0894032909800115,-0.13064813067971387,-0.09004158172533423
1.0,0.0,0.3333333333333333,0.5555555555555556,0.4444444444444444,0.6666666666666666,0.039803981647145915,0.04395061915638457,-0.05003362564083816,2.088032795192142,-0.037958410219062676,0.10679967445166434,-0.03267827591699165,-0.02385902326150312,6.884323520612316,0.028158954363843292,-0.11642663914310925,3.946217929280302,1.9158074999940504
0.1111111111111111,0.8888888888888888,0.8888888888888888,0.2222222222222222,0.0,0.5555555555555556,0.02445208725933111,-0.04934908984348777,-0.08028201244101202,-0.034457635876826896,2.9141372410305677,3.0217195112593638,0.019099610615351648,2.9600525540731595,0.01566538945635973,5.954790386450878,-0.005606997445265862,0.06292499760631083,0.07073972460497113
0.1111111111111111,0.8888888888888888,0.1111111111111111,0.1111111111111111,1.0,0.4444444444444444,9.666503478059635,1.856819908231894,-0.008137064307524085,-0.08048783519481285,0.10286040606249099,-0.058788519126434416,-0.04102018103304124,0.00904133051913386,-0.20186886147571476,-0.03987727281947863,3.0972314203548184,0.011295923063335446,0.24666611186302273
0.3333333333333333,0.1111111111111111,0.5555555555555556,0.8888888888888888,0.7777777777777777,0.6666666666666666,0.04761183621211165,6.00255151836726,0.07829886558000394,0.03851693657212658,3.0572532194682496,0.10372343643079317,-0.09002624386277418,-0.00956328894274317,3.957761530098193,1.9865274131823891,-0.0069475919273722965,0.11061020283974793,-0.0740804442091774
0.5555555555555556,0.3333333333333333,0.7777777777777777,0.3333333333333333,0.8888888888888888,0.1111111111111111,0.04527721669065947,0.11848520741109687,2.08728425547442,-0.3582358512610616,-0.11131091826951485,8.932409317959662,0.12542907665183664,-0.060247747087093156,1.9623295495408715,0.015607623756598424,-0.0063102356249620855,0.00036807672783286863,1.9757802292413738
0.6666666666666666,0.8888888888888888,0.1111111111111111,0.7777777777777777,0.1111111111111111,0.5555555555555556,0.012087513824253548,2.813124624054503,3.1352596085348137,5.034817259189176,0.02036995810275822,-0.14893579255582998,-0.16488987336527852,0.0764877812639282,3.8227109095032596,0.06755702947393903,0.040849790365780174,-0.10203244061719965,0.02011956032706787
0.1111111111111111,0.3333333333333333,0.7777777777777777,0.3333333333333333,0.3333333333333333,0.2222222222222222,-0.05680453999875789,0.06591972080005895,-0.032778941512685254,10.175675423398362,2.9032400706170836,-0.15378207269917935,0.12767235937185764,-0.10302329909031407,-0.0995101948312795,0.9706158629260117,0.013544560284161226,-0.06725541651762428,0.8645887790575043
0.4444444444444444,0.2222222222222222,0.7777777777777777,0.2222222222222222,0.3333333333333333,0.1111111111111111,3.0461270407591434,0.016986146384260208,-0.052846504714522693,-0.1553888857746979,0.773668215386405,0.05934449752914787,8.084219355313223,0.08708628447335848,2.889788502924199,0.15766756068177443,-0.0775428220570564,-0.0666895604517316,-0.02799073502074035
0.8888888888888888,1.0,0.3333333333333333,0.4444444444444444,0.6666666666666666,0.0,6.035998124537061,-0.005129273443080693,-0.00294511642749788,-0.040244581418394244,-0.09382230297713084,0.07234118233669334,0.00846424127069983,-0.06419865216936878,2.9554107102776217,-0.1371999085156793,4.2037487264309945,2.0850563041181203,0.050936344165240156
1.0,0.8888888888888888,0.5555555555555556,0.8888888888888888,0.0,0.7777777777777777,-0.1389878625635015,3.143369636750047,0.008018014145864212,0.0035414210613999818,0.09388096775463506,0.04018680327596638,-0.09939977025450511,0.1165401065408087,3.0888917754318688,6.959936108176533,-0.16374625089620043,1.887931380486815,0.08509981407693651
0.4444444444444444,0.6666666666666666,0.6666666666666666,0.2222222222222222,0.4444444444444444,0.2222222222222222,2.9074230919770554,-0.09014328286305617,-0.10080492714382139,-0.13934510591431928,0.04225853091503115,0.24510034502145844,-0.06049282687335868,0.14150949728246273,2.1420459199696507,0.09508237190965191,3.0012019956811953,7.102192392755901,-0.01371733217674191
0.2222222222222222,0.7777777777777777,0.1111111111111111,0.8888888888888888,0.4444444444444444,0.0,3.2278525761400365,2.0032457598572346,-0.2167447636922062,6.773210081470293,-0.0946388092129075,3.027223855481427,-0.07169357817387921,0.17161095046013672,-0.0032737819783070876,0.10465001160227527,-0.20592812441482114,0.16434108431939976,0.1439757148374933
0.0,0.1111111111111111,0.4444444444444444,0.2222222222222222,0.5555555555555556,0.1111111111111111,0.8867398524020405,0.040647035187212105,4.03154885851336,-0.06274158982588054,0.00723841145363487,0.03951485849587652,9.064399021927274,1.183752270783773,0.254262843378719,-0.02347536624815903,-0.16772109155111525,0.03358524015550552,0.039469739751008585
0.1111111111111111,0.1111111111111111,0.2222222222222222,0.0,0.4444444444444444,0.0,-0.04015707156154989,2.9337962481870083,-0.004835508029057977,-0.011094629493255001,-0.017448138663151258,0.03854565952963518,-0.14514187124598898,-0.08242861678546523,2.8155136270086425,0.1528286957261036,-0.05868566069878015,6.143601040112672,3.005789059416743
0.3333333333333333,0.1111111111111111,0.0,0.7777777777777777,0.2222222222222222,0.3333333333333333,0.11369891536673127,6.0712150598075985,4.048739780398029,-0.25861022033104614,0.0482402535436869,-0.02848570696390304,-0.0432839332097042,-0.08535469157732564,3.956041857491708,0.029829626129503517,0.8341457107371815,0.047702692460135705,0.046610359076177096
0.5555555555555556,0.2222222222222222,0.8888888888888888,0.7777777777777777,0.6666666666666666,0.5555555555555556,0.7820911536568198,-0.06889103389224653,-0.05005270567898143,3.9465200958081947,-0.30456615172822965,-0.03683339531422435,6.036731386416715,-0.044016301199390206,0.042930019830172646,-0.04697244024159064,3.984054105063744,-0.002730361858956363,0.03560482684851558
0.5555555555555556,0.7777777777777777,0.7777777777777777,0.0,0.8888888888888888,0.1111111111111111,-0.020844185838605554,-0.02628689003487421,0.06331981653960185,0.17924912533098225,1.8904156472527098,-0.08057976539191615,1.879434479177732,-0.048186228298947247,0.06902246997896967,6.93543049373933,3.964425130700377,0.08881068337977233,-0.04541251144868905
0.3333333333333333,0.6666666666666666,0.6666666666666666,0.0,0.2222222222222222,1.0,0.11422158852962726,3.972306213297895,0.1293829429275749,-0.10276748056894369,0.07811419383386746,6.946592618776357,-0.05025175493849461,-0.03771355421941239,2.1009320827936135,0.1989797632506855,0.19126151850705939,0.059850111351611605,1.964795294945974
0.8888888888888888,0.4444444444444444,0.6666666666666666,1.0,0.0,0.8888888888888888,0.054687511506187496,0.0634194351989532,-0.02927279328102536,0.005752801244473444,7.003593477688893,-0.06770174739985377,-0.0763586434698248,0.8626515009071468,-0.21464234918817793,-0.17447817054329,0.015207634868647197,2.015016864354205,4.8844341565514195
0.2222222222222222,0.2222222222222222,0.0,0.3333333333333333,0.8888888888888888,0.6666666666666666,-0.14167045855505708,2.022896879937728,-0.1042131136056641,8.168837084740133,2.8946521205653672,0.0430380319718682,0.04368556445275967,-0.022622950130685788,1.9530491604853393,0.1090743107446509,0.035575015975890543,0.018883509604891047,0.04718003939431372
0.5555555555555556,0.7777777777777777,0.5555555555555556,0.1111111111111111,1.0,0.5555555555555556,0.06132759241520001,3.972875892988015,6.092308292547358,0.15014688047598893,-0.13448413475395457,-0.09045909293160037,0.09692659801558694,-0.1543384972572406,1.2705733330451277,0.019510904269151523,0.038736337965845684,-0.07644956261212618,3.8688880842065574
1.0,0.5555555555555556,0.1111111111111111,0.0,0.5555555555555556,0.8888888888888888,1.7815799053615444,0.16606626502320274,-0.00016594135511864596,6.954896203187364,0.013984021446887603,0.12477474607813786,0.04213531038682096,0.10164348848271652,4.036570030739013,0.0825777673561435,0.1464751492008662,-0.11274299593056913,1.9837097651139837
0.2222222222222222,0.8888888888888888,0.1111111111111111,0.7777777777777777,0.8888888888888888,0.4444444444444444,-0.001609414353569512,-0.030517500526628,-0.06632348718890849,5.152679778994471,0.07605718040524462,2.9932906119484355,0.027634069906430237,0.10705084118789457,-0.2610564496385132,-0.040296253134845306,0.03806021824193945,2.9836482287240695,3.840171847393222
0.3333333333333333,0.5555555555555556,0.6666666666666666,0.5555555555555556,0.6666666666666666,0.3333333333333333,-0.0641334417890099,0.07219489437536991,-0.10902532603126017,0.0042370483305311825,3.9714464057675634,0.0649083313596046,7.975081727007882,-0.005771118943635277,0.015923410467656367,0.11539253441580544,0.013524746051207171,1.850005139580833,0.9955021461969181
0.5555555555555556,0.2222222222222222,0.3333333333333333,0.6666666666666666,0.1111111111111111,0.0,-0.010458650631343002,0.0004782558336875664,0.10152962885185951,0.012690986374388598,0.05635420079385568,-0.009296653116374112,-0.11214988000502123,4.056537783840347,0.010707263166851153,7.010763044633658,-0.1561952988290075,3.8552743039829913,-0.19944688886623135
0.4444444444444444,0.5555555555555556,0.7777777777777777,0.8888888888888888,0.1111111111111111,0.1111111111111111,-0.04138182003761884,0.017768227547825796,5.9776406953069685,3.9233795798265922,0.07613581124808477,-0.05082955132500714,-0.006986131287963116,-0.1657052352082713,-0.09645586192766462,4.1727658195930495,0.9355705595492755,-0.08905143678489326,0.005297562580775306
0.4444444444444444,0.3333333333333333,1.0,0.1111111111111111,0.7777777777777777,0.6666666666666666,-0.05791614848890726,0.006950811452618208,0.13216486858084545,3.0342452079092532,0.11109088663479293,6.863727536288953,0.1291030893745933,-0.11395668468840643,0.0063329681446142915,2.8908817122365718,0.03184271197860604,-0.017974766669191986,2.003886642224103
1.0,0.5555555555555556,0.5555555555555556,0.5555555555555556,0.1111111111111111,0.2222222222222222,1.9327725732910632,-0.048648171331142236,-0.06161177577190489,-0.06492181037649866,0.05384125104053217,7.07567435359606,-0.02608777053788458,-0.024747252897779848,6.000265156325495,-0.011472845348133962,0.07630689532991153,0.029840299131627654,0.06770020693241922
0.7777777777777777,0.2222222222222222,0.1111111111111111,0.5555555555555556,0.2222222222222222,0.2222222222222222,4.953578446166729,4.129212395840325,-0.17092177134001194,-0.02843679928825567,4.0696733447003055,-0.11377578823787578,-0.07393402031424873,-0.006750244037217167,0.16259625689866045,0.08458177189199341,1.9211598441621656,0.038071004433005,-0.12715688844449483
0.4444444444444444,0.7777777777777777,1.0,0.8888888888888888,0.6666666666666666,0.2222222222222222,-0.18426000027709355,-0.023091544952363943,0.13268774839251782,0.06805165607222244,-0.017070318805556265,0.028931057450880718,-0.09453382401133881,2.269395060508258,2.957205371002867,-0.06829839661741059,0.04758297009446949,7.036481880416034,2.925723075615948
1.0,0.8888888888888888,0.1111111111111111,0.7777777777777777,1.0,0.6666666666666666,8.968301284505403,1.9203243253257989,-0.07921195993390764,1.0249648685886015,-0.02807397510503743,-0.0638207060424029,0.05634811647694085,-0.04614042710158267,3.004035234111769,0.04266271209573256,-0.17952264584392508,0.01252463754200797,-0.1259635631102218
0.1111111111111111,0.7777777777777777,0.4444444444444444,0.1111111111111111,0.8888888888888888,0.3333333333333333,-0.004248000558027861,0.057941288861472075,-0.07489150037860659,-0.06310293551996742,2.0570268649790724,6.141670202545578,0.10528911139980086,-0.27391523769764675,0.004973753847767337,2.826511545769449,4.074913585632982,0.12342896550604437,0.13337720726877883
0.0,0.8888888888888888,0.2222222222222222,0.0,0.1111111111111111,0.6666666666666666,4.96170426828084,2.1164965666471542,0.060608372527567046,3.9343680854130803,0.05779039636482537,0.09064657587719466,-0.1869556098312234,0.058441885043550294,0.022476544418896422,4.064963424306821,0.06100712610962218,-0.20651396189555682,-0.12298097429910433
0.7777777777777777,0.4444444444444444,0.2222222222222222,1.0,0.1111111111111111,0.6666666666666666,0.0002016011732550097,0.029131661480530615,0.12348051163170833,3.7354032134120074,1.9613403442117634,-0.1279996275813647,-0.09104347452184514,0.11685515549652953,9.103311293330956,0.07863249733810314,0.1153816564541534,0.03396347505075629,-0.03605959284050625
0.4444444444444444,0.4444444444444444,0.6666666666666666,0.4444444444444444,0.0,0.5555555555555556,-0.0331551656887591,-0.006338054073349246,0.08570388094898285,1.08093671744391,8.017098084220214,-0.07902862095473301,-0.08109751805144734,-0.012067401177494712,-0.0977646351795961,-0.03483228568064457,-0.027022853410477124,-0.05335432880100043,5.9073419649604215
0.3333333333333333,0.7777777777777777,0.6666666666666666,0.8888888888888888,0.1111111111111111,0.6666666666666666,3.010682023070982,0.17775609743297976,-0.028612366256985763,2.919739464514628,-0.09237107627334878,7.045957675302388,-0.09234333360489408,0.046806156817660385,-0.09592536862808873,0.2138728642666374,2.084503389439804,0.11483755470888071,-0.05528101520952116
1.0,0.0,0.2222222222222222,0.6666666666666666,0.4444444444444444,0.5555555555555556,-0.2071879623822726,0.11767160287338894,4.050298421567712,-0.17313491994452554,-0.17039270352279323,-0.021141993903115774,-0.18013415928570678,-0.052983669068291876,0.21712635243061504,0.0728391818962858,3.086944650015875,8.053827098031718,0.03882417300626098
0.1111111111111111,0.0,0.4444444444444444,0.7777777777777777,0.6666666666666666,0.6666666666666666,-0.04558975580862657,6.901015525741344,3.06180129062005,0.011840854977960615,0.022585253654210304,-0.12692490998380226,0.07624151038424619,-0.046931564799544814,-0.06137872756735877,0.9463815508334256,0.022689608268425598,-0.03334057533117712,4.0994932201915635
0.1111111111111111,0.0,0.6666666666666666,1.0,0.0,0.4444444444444444,1.9156091400542012,0.0334639062535402,-0.09897624969514618,2.8917568620522514,0.11854225566222157,2.896541106059777,-0.015206362742236527,-0.08059872382262812,-0.16508681533685643,0.04322864959905798,0.09152169217380926,-0.05916919022552228,6.8354349394820115
0.0,0.0,0.3333333333333333,0.3333333333333333,0.7777777777777777,0.7777777777777777,-0.1247632977089578,1.9371642958628894,3.0595695514161525,0.0074866117136256575,0.0790603259914886,-0.008439848301068273,0.000947785741380035,-0.02007372718904959,6.927691182091079,0.1996699078532031,0.20078132441722316,2.9041996910539942,-0.05686005086150991
0.4444444444444444,0.7777777777777777,0.1111111111111111,0.1111111111111111,0.8888888888888888,0.7777777777777777,0.11214830204620854,0.1430962701019107,0.0699769437633743,-0.08158607615252274,-0.17425037877808042,-0.07105061062132055,0.05749039717297353,3.954862924475376,0.012131799091994867,5.908023072518248,0.012082251265855298,2.9995751428282817,1.8745602962073349
0.3333333333333333,0.7777777777777777,0.6666666666666666,0.0,0.3333333333333333,0.2222222222222222,0.10221857217448777,0.02105273375070686,0.006615291091172992,-0.22175391727610855,0.04624742532072147,0.2044484451297871,-0.06540828479264459,0.9173638194338778,0.9358498399810357,11.827740059901055,0.005890480597045909,0.019465238312972432,1.0863976917196445
0.0,0.1111111111111111,0.5555555555555556,0.6666666666666666,0.7777777777777777,0.1111111111111111,3.1185237926770464,5.0807318574548805,0.0809300122149948,-0.18913599272396314,-0.07049769012060085,0.054265376000347004,-0.06124769962001574,0.030692596464851857,3.9876755882379307,-0.1473471522859472,3.1884296768226243,-0.005742124900215922,-0.022644804634018075
1.0,0.8888888888888888,0.6666666666666666,0.0,0.0,0.4444444444444444,0.8691034370226345,2.149926528052022,-0.008109200440623989,0.22879400279649784,-0.010170233295105245,0.11440598326906803,0.9818889450062579,0.09309706514507798,-0.007075587382963708,10.911508302417845,0.0889980986444806,-0.1126686462567753,0.10949271721795434
1.0,0.8888888888888888,0.4444444444444444,0.3333333333333333,0.6666666666666666,0.6666666666666666,-0.0257496665524464,1.0479964098477224,-0.1364703666798486,-0.04399082494471154,0.028117467674367125,0.058949836890746544,0.035471263377177376,3.876144236023921,-0.06241931303421111,0.04193306110503445,0.007440043494958307,7.002178931610238,3.0938318918889185
0.7777777777777777,0.7777777777777777,0.6666666666666666,0.6666666666666666,0.6666666666666666,0.4444444444444444,0.10337110808534784,2.8308351390994413,0.0562580396509994,0.017457963976596807,0.14724686893029199,3.8931016679884882,0.05532007725443755,-0.03031401352599743,0.007244854371815531,5.906720375649563,1.821459222918512,-0.0012530716840852868,0.11753756608591633
0.5555555555555556,0.0,0.5555555555555556,0.4444444444444444,0.7777777777777777,0.8888888888888888,-0.031947309291729724,0.07860763392592307,3.0647047427316587,0.9174828330059869,-0.005126802817653226,0.0973026234021814,0.15713930886033298,0.04785035768199346,0.1214548391361528,-0.06249796592994648,-0.026100679446320687,8.00259443907177,2.886949807535637
0.3333333333333333,0.2222222222222222,0.0,0.4444444444444444,0.5555555555555556,0.2222222222222222,-0.11359924107081505,-0.0027630575559560717,-0.02755879229543284,0.08231031532930552,-0.05483214316717212,0.007670528841911423,8.076956312027301,0.9776601369205469,-0.07429130234533661,0.08955531003531896,2.0024371377963286,3.954079588679724,-0.024656145699028967
0.2222222222222222,0.3333333333333333,0.5555555555555556,0.3333333333333333,0.1111111111111111,0.2222222222222222,0.05147274298974702,-0.051825564145691,5.917012189795697,-0.03598706760830816,-0.07815347213785506,-0.1308208548066134,0.1492103572975409,4.975723157362856,-0.14215241769331005,1.8403769997985289,-0.11768768027242055,-0.06039838472087039,1.826769594578623
0.1111111111111111,1.0,0.6666666666666666,0.5555555555555556,0.5555555555555556,1.0,0.1035245489676314,-0.09067013991108269,1.0256982853335317,0.12322551602748195,3.8054618928477413,0.1334293354023046,0.0765690573490921,-0.01661434597598292,-0.05042421347134057,3.0473655276240317,-0.07686752085108715,7.217912840773397,-0.024031909256695707
0.0,0.4444444444444444,0.1111111111111111,0.2222222222222222,0.2222222222222222,0.5555555555555556,0.03151225732125256,0.08540767056789828,0.0025361660240819936,-0.05392920407985266,0.02375405091445183,5.970838268984065,0.006529083543283615,3.998060664347603,-0.0742832160926019,0.9628166001696508,-0.11712379789320826,3.812079551098905,-0.1340813450561236
0.7777777777777777,0.1111111111111111,0.7777777777777777,0.0,0.5555555555555556,0.0,-0.06236561145996557,0.12200809116018763,1.7721403044551503,0.031007588647848763,0.24439738162155208,0.055823281485969704,6.114365219633395,0.004917831649280539,2.063282538388246,0.08962929875594809,-0.07453168632754947,5.09895307510083,0.037299259057806795
0.4444444444444444,0.1111111111111111,0.2222222222222222,0.0,0.3333333333333333,0.0,0.027834787017087664,0.007701076640276173,2.946141948851486,3.033786209993252,0.16596727876279202,5.948335507836748,-0.233114404695573,-0.13871648319930485,2.9492078737933674,-0.04593125086918848,-0.018047042961459554,-0.09415842589985186,-0.14534538331787772
0.5555555555555556,0.0,0.6666666666666666,1.0,0.0,0.1111111111111111,2.063155726339364,0.059055059473324005,0.04726615384568949,0.058025816310205106,-0.008814567820071369,-0.08686518307369792,7.917013472877782,-0.019073260053302333,0.1954589538626872,0.9886758068115221,-0.12770692255869057,0.2127269955265538,4.346447725573856
0.2222222222222222,0.0,0.6666666666666666,0.7777777777777777,0.7777777777777777,0.1111111111111111,-0.1543400371944417,0.011070917401576301,6.900215255752975,-0.0017850139332668095,2.079200235428686,-0.16424295832353286,-0.042009914315499906,2.019599020399708,0.17947799090606908,0.09883567861676675,3.853280855216378,-0.11413075250027044,-0.05588148705500956
0.1111111111111111,0.4444444444444444,0.4444444444444444,0.2222222222222222,0.6666666666666666,0.3333333333333333,-0.041814808997648556,-0.16168112918310257,-0.16983768435360583,4.8643115522630636,0.08018282275836376,-0.0052309662870066356,0.24662568002808044,2.9163289211680175,0.1539685837201169,0.10411955845678914,3.913304162436227,-0.041817597155952305,2.901552810787165
0.3333333333333333,0.0,0.1111111111111111,0.3333333333333333,0.6666666666666666,0.8888888888888888,0.17995589374408028,-0.10959796653694871,-0.08178590596691193,-0.02053639058118526,0.05859640140666268,0.010264628132913123,7.0584381463153925,1.0207234542624166,4.989176509779486,2.101994095157568,0.013316309600419303,0.1908294519874918,-0.1358369708878258
0.2222222222222222,0.5555555555555556,1.0,1.0,0.6666666666666666,0.0,0.006887664319792807,1.8770848535910265,7.036109596119341,0.014517873550559633,0.18111560391822434,0.05805061111471919,3.8092993767163823,-0.06080177209595881,0.17530351767806457,1.8709567224382582,-0.2499136912039059,0.026746556375296715,0.020564178354528614
0.3333333333333333,0.3333333333333333,0.8888888888888888,0.0,0.8888888888888888,0.5555555555555556,3.850351623465101,3.0475422370099396,-0.03149728827401783,-0.00958457419590359,0.06373247373687954,0.017846052203747728,6.88321023618117,-0.16166893726200565,0.8602072732208556,0.09450963906205663,-0.05396004720570571,-0.07519364132690785,-0.008592584866459549
0.5555555555555556,0.7777777777777777,1.0,0.3333333333333333,1.0,0.1111111111111111,-0.14327529843799566,0.0443841863501601,0.10555092148834813,0.04627792078411745,-0.15851394351224732,0.23198675776439026,3.050792493993365,7.104439040880654,3.039702167604319,0.00822888953397995,0.00017687331493213533,-0.03516134312536558,1.9906921328880411
0.2222222222222222,0.4444444444444444,0.6666666666666666,0.7777777777777777,1.0,0.5555555555555556,0.12144097944689083,0.1322291460882802,0.07284933151917083,0.19943509444258362,3.0830714528542895,7.113117572754232,0.02369755908847712,2.1605821425425615,3.116399997682721,-0.039517831937052966,0.01173925039480865,0.1175309661993937,-0.047518811410856426
0.8888888888888888,0.6666666666666666,0.4444444444444444,0.3333333333333333,0.4444444444444444,0.0,-0.14374819539631323,-0.0791263468828,0.060290899044486757,-0.05506801297424684,3.0188184127780304,3.9273822904764524,0.9216243973258914,6.912138869481284,-0.09431920797746349,-0.1328504568731048,0.10741932721606195,0.06911269812608234,0.04153346667132843
0.7777777777777777,0.1111111111111111,0.0,0.0,1.0,0.4444444444444444,3.9973310072372117,0.12533012530219534,1.941535898099384,-0.01310043152767746,0.13403303967951932,0.0844009939968467,6.709280293822485,0.02975277971084177,0.03424721559614762,0.040170718242069206,0.2884269045706655,0.019264317065370143,1.96410402929179
0.5555555555555556,0.7777777777777777,0.4444444444444444,0.8888888888888888,0.1111111111111111,0.4444444444444444,0.037150983455424065,6.929603122246711,-0.026377239616763266,0.9862084396594992,-0.06493910467404626,1.9687646342570084,0.018456362378047778,-0.010241702374356149,4.875357662908434,-0.01546679649247672,-0.07407608273761404,-0.06778577384624705,0.07819869440121835
1.0,0.6666666666666666,0.2222222222222222,0.5555555555555556,0.7777777777777777,0.8888888888888888,4.217435433630333,1.875902792163851,0.22734586479788202,0.012217555632983058,0.06478011802121168,2.9352550002402564,0.044649016513217614,0.133891626673894,-0.06262470648402027,0.10079113768256308,5.908071066394704,0.058201502052019884,0.08920852875039051
