X1,X2,X3,X4,X5,X6,X7,X8,X9,X10,X11,X12,y1,y2,y3,y4,y5
0.8,0.8,0.6,0.2,0.8,0.7,0.2,0.1,0.5,1.0,0.4,0.4,1.0985837849408158,-0.2406136998556988,-0.40513875682072786,3.1438065005863685,3.0925019870247525
0.5,0.7,0.3,0.6,0.4,1.0,0.3,0.7,0.6,1.0,0.1,1.0,-0.3217726529629285,1.2265176116158534,1.3539000609346965,3.0346364665592924,2.8505672247569103
0.3,0.5,0.8,0.4,0.6,0.3,0.9,0.2,0.0,0.4,0.2,0.4,0.2682332092292885,0.7530495568960313,0.8111561007053738,3.0976247253383815,3.010433331651655
1.0,0.1,0.7,0.8,0.2,1.0,0.9,0.8,0.7,0.1,0.6,0.8,-3.0530429070988636,3.951519723874092,3.8499127649919886,3.574962439194634,3.467972252907748
1.0,0.5,0.9,0.9,0.9,1.0,0.3,0.0,0.0,1.0,0.2,0.8,-2.8871115995820213,3.5728827731005506,3.54357081683571,3.9192158476190526,3.4783106918080975
1.0,0.8,0.2,0.9,0.6,0.5,0.6,0.6,0.6,0.3,0.8,0.2,-2.1714139351255533,3.2530698205133226,3.129768781151289,4.353853093765094,4.328840243934131
0.1,0.4,0.8,0.1,0.6,0.9,0.5,0.1,0.2,0.4,1.0,0.7,1.1654271950186537,-0.2096213718364011,-0.45780920347011245,4.626292744700845,4.230418636137503
0.6,0.4,0.5,1.0,0.8,1.0,0.3,0.0,0.0,0.5,0.7,0.5,-1.3940716023624657,2.5166356111047072,2.424091414995787,2.521836979663572,2.314267987639956
0.0,0.8,0.6,1.0,0.5,0.1,1.0,0.7,0.4,0.3,0.6,0.1,-2.319598616891987,3.4709110804397647,3.2680133944330962,4.333026285335498,4.07836763752531
0.4,1.0,0.0,0.8,1.0,0.5,0.4,0.2,0.9,0.7,0.1,0.9,-1.4196733619978272,2.216786898678769,2.171054262349308,2.6224407606868536,2.361198073370449
0.2,0.1,0.0,0.7,0.1,0.8,0.9,0.0,0.7,0.0,0.5,1.0,-0.34446155646643817,1.4321393248816576,1.2319443520910736,1.4220160669331419,1.5103568261241969
0.2,0.5,1.0,0.1,0.3,0.3,0.1,0.8,0.6,0.8,0.1,0.5,0.10622873977762247,1.064453737621142,0.8501305432960977,2.1224571653400863,1.8327134740441855
0.7,0.0,0.9,1.0,0.1,0.5,0.9,0.2,0.0,1.0,0.0,0.4,-1.6239646013356899,2.5787436302584603,2.561442933447924,4.885233132213133,4.852015032150049
0.6,0.3,0.1,0.8,0.5,0.9,0.5,0.4,0.2,0.7,0.8,0.7,-1.014497550663657,2.130858551126265,2.02279789665017,0.8603080120777328,0.7063021287006696
0.3,1.0,0.4,0.8,0.6,0.3,0.8,0.8,0.5,0.1,0.3,0.3,0.2937490552700633,0.7137044420526127,0.6896470831912138,3.652620564183011,3.4242311834575365
0.3,0.2,0.6,0.5,0.5,0.2,0.5,0.6,0.1,0.5,0.0,0.5,-0.5575968759260027,1.4259674883299902,1.4650536484899273,2.6819745722358865,2.3390213789515184
0.4,0.8,1.0,0.3,0.7,0.5,0.9,0.4,0.5,0.2,0.6,0.0,-0.13085097605758503,0.9993931743333937,1.2275992736461288,2.4311416893377498,2.380888021866655
0.5,0.7,0.1,0.6,0.7,0.0,0.1,0.2,0.4,1.0,0.0,0.6,0.24477484580768388,0.5485924736844255,0.3172407430893792,2.3452897773094485,2.1762530500063133
0.6,0.8,0.6,0.9,0.5,0.1,0.5,0.9,0.4,0.9,0.8,0.3,-2.8761492449927553,3.743996324075713,3.637282945862777,3.1477124676835366,3.1690303962720314
0.4,0.6,0.2,1.0,0.4,0.7,0.5,0.1,0.3,0.7,0.4,0.5,0.6889084595940501,0.25823981030082965,-0.13594037969983036,0.4502930943922719,0.2735233817271101
0.1,0.2,0.3,1.0,0.6,1.0,1.0,0.1,0.2,0.9,0.6,0.0,-1.853114447887905,2.933946160234384,2.8473908051839785,4.026317968588815,3.909186824464368
0.5,0.3,0.5,0.2,1.0,0.8,0.9,1.0,0.7,1.0,0.3,0.0,-0.6218690835649855,1.8606879012802617,1.5784892898810023,3.1991433825802065,3.054773623911461
0.4,0.6,0.2,0.7,0.9,0.3,0.1,0.1,0.9,0.9,0.0,0.8,-0.3544100984670574,1.3250435806290992,1.2902849008811454,2.4661845022164797,1.9744693581124022
0.0,1.0,0.8,0.5,0.3,0.5,0.8,0.3,0.6,0.1,0.6,0.1,-0.33597877303272594,1.5047918197113739,1.257352376440422,2.521953297167976,2.155429581586543
0.2,0.1,0.2,0.6,0.6,0.1,0.3,1.0,0.3,1.0,0.2,0.3,-0.08388183590748743,1.2266967585558908,1.1579798103314325,4.140057111181677,3.7922346351303413
0.2,1.0,1.0,1.0,0.3,1.0,0.3,0.0,0.5,1.0,1.0,0.1,-1.3980504254963715,2.0725160906431026,2.223595616341104,4.814754624466458,4.802402358631789
0.2,0.1,0.6,0.2,0.1,0.3,0.6,0.3,0.9,0.0,0.4,0.2,0.7863939322882484,0.1068907249272593,-0.02526375815811628,1.8235686457041784,1.6522737392276279
0.7,0.5,0.5,0.3,0.9,0.1,0.8,1.0,0.1,0.4,0.6,0.2,-1.329208627189114,2.3864887265402728,1.94811192527777,3.5562294640068646,3.3011608155422882
0.6,0.7,0.5,1.0,0.0,0.1,0.5,0.6,0.9,0.8,0.8,0.2,-3.71302409848587,4.735208105796881,4.601146165917,4.208629856396213,3.852437956842178
0.6,0.0,0.6,1.0,0.0,0.4,0.3,0.3,0.7,0.0,0.9,0.2,-1.2164239421257637,2.392633223931463,2.2617887982650458,2.9274022453575106,2.885646243891617
0.2,1.0,0.3,0.5,0.6,0.0,0.6,0.0,0.3,0.7,0.3,0.8,0.6746708555092537,0.21455167603545414,0.19924891931390556,2.3010190406882822,2.1703737717578764
0.0,0.3,0.8,0.5,0.7,0.5,0.7,0.4,0.1,0.0,0.6,0.7,-0.5475883102786412,1.4846051860007574,1.3816269941697923,2.7424717781077264,2.494823408814414
0.7,0.8,0.4,0.9,0.2,0.7,0.5,0.9,1.0,0.3,0.6,0.4,-0.8341598406072135,1.7019561895131243,1.6871428751384498,1.622056735229708,1.4768892775049622
0.0,0.6,1.0,1.0,0.1,0.8,0.5,0.1,0.0,0.5,0.0,0.9,-2.112515618936644,3.3064154420252496,3.2258980252526115,2.130269827763794,2.0383075671963753
0.8,0.2,0.6,0.9,0.9,0.8,0.2,0.4,0.1,0.1,0.2,0.2,-0.13908110839316634,0.7878399006597582,0.8843934733485463,2.904769725797426,2.7772507055744757
0.6,0.7,0.9,0.8,0.3,0.9,0.4,0.8,0.4,0.0,0.0,0.4,1.159051754782782,-0.36032382383741135,-0.42541651460174346,1.8156994754779066,1.693351666448378
0.7,0.5,0.9,0.2,1.0,0.9,0.6,0.0,0.3,0.6,0.8,0.2,1.05520168951199,0.011915716602583726,-0.11113058578616576,2.7597119770922136,2.733209306062425
1.0,0.1,0.0,0.7,0.5,0.7,0.6,0.9,0.3,0.0,0.4,0.9,-1.5522834831860195,2.4439522993435867,2.486702632090574,0.5061845693492263,0.47016750382042094
0.0,0.2,0.0,1.0,0.9,0.4,0.7,0.4,0.6,0.5,0.9,0.5,-1.750798513700128,2.660929664461368,2.525276245961333,2.94608938821401,2.565031275841494
0.5,0.9,0.2,0.6,1.0,0.2,0.9,0.4,0.0,0.9,0.8,0.2,-2.236888815716869,3.2190088672471595,3.243735026855389,1.3679728434276621,1.0566869048902015
0.1,1.0,0.6,0.1,0.9,0.3,0.9,0.2,0.2,1.0,0.8,0.2,-2.136237585079998,3.0092294702954563,2.710407492444927,3.2665482806548067,3.287176264082411
0.5,0.2,1.0,0.9,0.6,0.6,0.5,0.0,0.5,1.0,1.0,0.3,-0.8007295024108707,1.7669352049218883,1.805543060110328,4.747841284492313,4.463081049913425
1.0,0.9,0.0,0.7,0.6,1.0,0.5,0.7,0.0,0.1,0.9,0.1,-2.3273838223551016,3.2392623531563567,2.9509241759168985,3.79139994571396,3.5821856213704226
0.6,0.0,0.2,0.1,0.6,0.5,0.5,0.5,0.8,0.9,1.0,0.1,0.09193085554929573,0.8340547894235738,0.8977716812763668,3.036322162205517,3.0077455949948577
0.4,0.1,0.5,1.0,0.9,0.9,0.5,0.3,0.4,0.0,0.3,0.5,0.9888613674357992,-0.16921928719011925,-0.3832314164980566,3.0141806499578423,2.6163038588696326
0.9,0.7,0.8,0.6,0.1,0.2,0.0,0.9,0.1,0.0,0.1,0.5,-1.3518794924737283,2.629835465605765,2.495151032576815,2.762538298834942,2.377281712597535
0.4,0.2,0.8,0.1,0.9,0.8,0.6,0.6,0.4,0.2,0.2,0.3,2.272451936625069,-1.3246907974216924,-1.3847007797746915,3.4393555348894145,3.116267859976021
1.0,0.7,0.4,0.3,0.0,0.2,0.1,0.5,0.2,0.2,0.0,0.3,-0.8197176732645404,1.8327224710995205,1.5474564284199175,0.19869957916922448,0.16706552148151582
0.9,0.5,0.1,0.8,0.2,0.8,0.1,0.0,0.9,0.2,0.5,0.2,-0.2754458375467995,1.2078298449388796,1.164471861244288,0.7590130776223525,0.7371231402883419
0.4,0.6,0.5,0.3,0.6,0.9,0.3,0.0,0.8,1.0,0.4,0.0,0.48638225317423633,0.4113965266497872,0.45515925772979765,2.1379250977037763,2.0244687638749497
0.2,0.1,0.5,0.5,1.0,0.4,0.8,0.8,0.8,0.6,0.5,0.8,-0.8255217926421059,1.9455003619839508,1.7435064133649723,3.166896666015704,3.20105994662802
0.7,0.4,0.1,0.1,0.2,0.7,0.9,0.6,0.8,1.0,0.9,0.6,-1.005911195230332,1.967703466153703,1.7085161453283186,3.309227509033868,2.9865304627235787
0.7,0.7,0.7,0.3,1.0,0.8,1.0,0.4,0.0,0.9,0.4,1.0,0.2617312378464368,0.7359989896340012,0.6442201706784539,1.4154660336796174,1.386602610629026
0.4,0.2,0.0,0.7,0.4,0.2,1.0,0.5,0.5,1.0,0.1,0.0,-2.958287652460324,3.8823765723281793,3.677865951936748,1.9915768631275508,1.8003472455886969
0.0,0.8,0.1,0.1,1.0,1.0,0.3,0.0,0.2,0.8,0.9,0.0,0.1708337670924729,0.7109836644351251,0.8503920862139162,1.1079656600956025,0.7737896417935559
0.5,0.2,0.9,0.7,0.8,0.2,0.3,0.2,0.2,0.9,0.8,0.3,-1.5373981327465394,2.7535432575391545,2.43038120982503,2.8557490977178617,2.5925599964602504
0.0,1.0,0.1,0.7,0.8,0.5,0.0,0.7,1.0,0.4,0.2,0.8,-0.5121968127702416,1.5663515378564163,1.3183990007364659,5.412329062508611,4.9417462161166394
0.3,0.2,0.3,0.1,0.7,0.3,1.0,0.5,0.7,1.0,0.7,0.9,-1.5298850708404803,2.725166651557505,2.5101519617276984,2.148031329983721,1.8275931848824032
0.4,0.6,0.3,0.4,0.8,0.3,0.9,0.6,0.5,0.1,0.8,0.2,-0.13266258323218566,1.1646711288640925,1.0111919856710807,2.3643959734206534,2.3260221058673944
0.8,1.0,0.6,0.6,0.6,1.0,0.2,0.0,0.9,0.5,0.0,0.1,-0.0011251320328382781,1.044669127247517,0.8027541210285296,3.9677851539691438,3.8163532207500257
0.5,0.1,0.3,0.2,0.5,0.6,0.2,0.1,0.0,1.0,1.0,0.3,0.5577425271942018,0.48708032380335203,0.16936094135210902,2.1248945751612287,1.927370539230896
0.6,0.1,1.0,0.6,0.7,0.4,0.3,0.8,0.2,1.0,0.3,0.8,-1.8450024821484923,2.7495735000255475,2.6953739902744545,3.52866957287673,3.2550118889134128
0.0,0.3,0.8,0.8,0.2,1.0,0.8,0.7,1.0,0.9,0.9,0.5,-1.6445622390762862,2.710007530973984,2.4679991945051603,5.596908657797691,5.36139390416284
0.5,1.0,0.0,0.6,0.3,1.0,0.5,1.0,0.9,0.3,0.7,0.7,-2.3372988051332615,3.445277703102058,3.566441273853019,2.397696349030103,2.4258887189086593
0.4,0.0,0.8,0.0,1.0,0.8,0.8,0.0,0.7,0.0,0.8,0.8,1.0108506081641606,-0.16832071706509988,-0.22389919879807008,2.8235681699670936,2.591113848948836
0.1,0.6,0.5,0.7,0.3,0.5,0.2,0.9,0.3,0.1,0.3,0.1,-0.46061016210392913,1.3939345971818247,1.3521483534212695,2.6800018912942205,2.494510309409172
0.3,0.3,0.5,0.4,0.2,0.0,1.0,1.0,0.2,0.9,0.5,1.0,-1.9427740982713246,2.81840526492965,2.6976190928947186,1.4464572154275146,1.2246855296160422
0.5,0.9,0.8,0.4,0.2,0.0,0.0,0.1,1.0,0.4,0.8,0.6,-0.8848133333426559,1.9687487430826598,1.6527444490281795,2.9672655441388476,2.6008961019336585
0.8,0.6,0.4,0.3,0.2,0.7,0.4,1.0,0.3,0.9,0.0,0.2,0.570990859507154,0.4414111864828729,0.3647765403809205,0.755917192061151,0.4585568608805323
0.3,0.0,0.1,0.1,0.9,0.6,0.2,0.1,0.5,0.3,0.4,1.0,2.59742735674225,-1.6978338567889677,-1.6531166299976752,2.87588296971488,2.568847756607858
0.7,0.1,0.1,0.1,0.9,0.6,0.9,0.7,1.0,0.2,0.2,0.9,0.8785175559780998,0.4983937774033377,0.1437573203619729,4.917100104664107,4.757078347306999
0.2,0.7,0.1,0.9,0.8,0.8,0.2,0.8,0.2,0.9,0.2,0.9,-0.03312192919917845,1.0665471238952782,0.9575571183970497,3.6143412352437503,3.329314193098657
0.6,0.9,0.6,0.7,1.0,0.0,0.7,0.1,0.7,0.1,0.6,0.9,-2.000995713079625,3.2377949254465657,3.294047802405049,3.519581903740041,3.547046471028782
0.3,0.1,0.6,0.5,0.2,0.2,0.5,1.0,0.1,0.6,0.8,1.0,-3.015841008762677,4.043851357475807,3.981883524268461,2.207646473820592,1.9988278872732395
0.0,1.0,0.7,0.1,0.5,0.0,0.4,1.0,0.0,0.8,0.7,0.9,-2.8691295721578656,3.9227163546232418,3.7299086553547154,0.636907892984706,0.5366486567018767
0.0,1.0,0.2,0.7,0.6,0.3,0.1,0.9,0.8,0.0,0.7,0.3,-1.725732596960926,2.888858643717642,2.7462271708837114,1.4143116156148765,1.2109467968433247
0.4,0.6,0.0,0.2,0.5,0.9,1.0,0.0,0.1,0.6,0.7,0.6,-0.4181132863322317,1.806198434301887,1.4447696144007458,0.4113952160930097,0.1181884330574316
0.7,0.4,1.0,1.0,0.9,0.4,0.2,0.8,0.9,0.7,0.5,0.6,-1.312619722634314,2.2152645842381933,2.1307588199362826,3.505071654828478,3.2026475937090924
0.0,0.2,0.5,0.7,0.3,0.5,0.6,0.5,0.8,0.1,0.2,0.5,-2.0450819988177065,3.276098898710415,2.9449917708538638,3.0874661570766264,2.8642257660298607
0.1,0.7,0.1,0.4,0.8,0.0,0.3,1.0,0.5,0.5,0.0,0.3,0.9994718692400308,-0.048013003705709316,-0.1949425669672692,1.900752021112818,1.708939155198546
0.0,1.0,1.0,0.2,0.2,0.2,0.0,0.5,0.1,0.9,0.7,1.0,-3.8866744244248115,4.870746663605857,4.89101954684959,1.2073766401441146,1.0837397732135934
0.8,0.6,0.1,0.7,0.9,0.4,0.0,0.2,1.0,0.8,0.6,1.0,-1.4697542130279446,2.2525716732392906,2.1800032360795245,2.0472790062974893,1.888971087182759
0.5,0.5,0.5,0.5,0.5,0.0,1.0,0.0,0.3,0.2,0.3,0.9,-1.110014006098707,1.9473588895883525,1.8399605231412655,1.7650639959654402,1.3803819812251086
0.3,0.5,0.7,0.9,1.0,0.9,0.0,0.9,0.6,1.0,0.3,0.6,0.34639170564311217,0.7591850874766913,0.7521726285100504,5.731248641296775,5.553399309196882
0.7,0.0,0.4,0.0,0.8,0.9,0.7,0.5,0.0,0.6,0.1,0.7,0.49115499130652157,0.4653095339083707,0.6511510659166011,2.9903776443904255,3.0363480863671217
0.1,0.8,0.4,0.7,0.1,0.7,0.4,0.0,0.2,0.1,1.0,0.4,0.4785197509415883,0.3543253912131597,0.3951323815298736,1.578548838104142,1.3506680796614408
0.3,0.9,0.0,0.4,0.8,0.8,0.0,0.1,0.2,0.0,0.0,0.7,1.9078295822934142,-0.9761523087730685,-1.049785771673807,2.2253162781092497,2.160332187321466
0.1,0.9,0.9,1.0,0.5,0.4,1.0,0.1,0.1,0.7,0.6,0.7,-3.2813337375079548,4.253597449278319,4.253919986375304,3.0837685831074477,2.94062219547997
0.5,0.5,0.8,0.1,0.4,0.9,0.4,0.7,0.7,1.0,0.9,0.5,0.34624513756298636,0.5376540053690063,0.4556517916296215,3.3095168441063327,3.2552449358465294
0.5,0.5,0.7,1.0,0.2,0.2,0.7,0.6,0.6,0.7,0.6,0.5,-2.724934074230699,3.6725491777901897,3.7345497898733604,3.021505780407056,2.9068866895722625
0.5,0.4,0.0,0.7,0.4,0.7,0.8,1.0,0.9,0.8,0.7,0.2,-2.56340436397794,3.409282928703028,3.317279097113058,1.3059614879599135,1.1777933531870013
0.3,0.3,0.2,0.9,0.8,0.3,0.9,0.7,0.3,0.8,0.7,0.9,-1.6372103844024768,2.7754763796782176,2.5266385607426995,2.779871211332222,2.5831112954631896
0.1,0.0,0.5,0.9,0.4,0.5,0.2,1.0,0.6,0.3,0.4,0.8,-1.0865730278317753,1.960425073113784,1.6743809630175668,4.301903812301949,4.269797759354137
0.3,0.6,0.3,0.0,0.1,1.0,0.0,0.4,0.9,0.7,0.2,0.9,1.5362241386671924,-0.5391505162015471,-0.7659741338187304,2.0451955889323137,1.6899970223993865
0.9,0.0,0.8,0.1,0.9,0.4,0.3,0.1,0.9,0.6,1.0,0.9,-0.8525384972837751,1.6217905144856468,1.606053277343019,2.9444780643099326,2.5594864946068836
0.0,0.7,0.6,0.9,0.9,0.1,0.4,0.9,0.9,0.4,0.7,0.9,-3.580115262717771,4.577574940879914,4.249755099134437,3.7577733833748823,3.5692452616935975
0.7,1.0,0.9,0.1,0.0,0.8,0.1,0.2,0.7,0.5,0.5,0.0,1.1399425376143584,-0.27819433152428263,-0.3959611195655214,1.7992903830414577,1.733807520525045
0.4,0.6,0.5,0.2,0.1,1.0,0.3,0.3,0.9,0.4,0.9,1.0,0.24675668447934354,0.9075515142727552,0.6656273540651702,2.1001800553786647,1.8055408980677545
0.0,0.5,0.1,0.0,0.9,0.6,0.5,0.8,0.7,0.1,0.1,0.1,1.2718097822231382,-0.18953864925709488,-0.08026836820945021,3.3263044400112975,2.939025298760468
0.7,0.5,1.0,0.1,0.4,0.5,0.8,0.8,0.4,0.3,1.0,0.0,0.17152872142392345,1.0088949106354044,0.6901495274985632,4.018065533063974,3.875609353421029
0.4,0.2,0.9,0.0,0.5,0.1,0.4,0.4,0.4,0.9,0.1,0.6,0.6801400551415917,0.3710785822793984,0.07951529320237141,1.1518252210066497,1.0296856276686783
1.0,0.6,0.2,0.6,0.3,0.6,0.3,0.1,0.4,1.0,0.5,0.5,-0.7291727964918479,1.652449589940831,1.6109638911873883,0.00759245382173987,-0.23257282378131974
0.6,0.4,0.3,0.8,0.2,0.2,0.1,0.2,0.3,0.4,0.0,0.8,0.2006567140244617,0.8001886607644524,0.6841796493159863,1.5727008994980245,1.405315782812108
0.9,0.4,0.8,0.5,0.5,1.0,0.6,0.0,0.1,0.5,0.6,0.5,-0.7046370374959965,1.7766440769853589,1.549203350247672,2.1015650826021943,1.9840202300779053
0.5,0.9,1.0,0.1,0.7,0.2,0.0,0.5,0.4,0.4,0.3,0.9,-0.3125366584501972,1.2640075781200333,1.141052248855775,2.8208335762991807,2.7150472757773865
0.2,0.5,0.0,0.0,0.7,0.0,0.0,0.1,0.7,1.0,0.7,0.1,-0.3770894183938986,1.3962467642180838,1.3123046490757622,3.3279600787069348,3.2023534644318135
0.4,0.7,0.8,0.1,0.0,0.3,0.3,0.8,0.9,0.9,0.3,0.4,0.41338788662430603,0.8283786734181323,0.6966811354669736,1.522131598391332,1.0464561526164777
0.9,0.5,0.3,0.7,0.4,0.3,0.1,0.5,0.6,0.6,0.7,0.6,-2.4881970723680484,3.261298031501351,3.3002044304258558,-0.09427391352697216,-0.3444424063908076
0.8,0.0,0.1,0.1,0.1,0.9,0.0,0.3,0.0,0.0,0.2,0.9,0.9680482848374983,0.15634840590330976,-0.17911655527185985,1.5542383330561853,1.395116757322606
0.2,0.4,0.0,0.2,0.4,0.9,0.7,0.7,0.5,0.9,1.0,0.0,0.39082702080325016,0.6089828657446128,0.2964955624338194,3.7088435433484443,3.6890105288338155
0.8,0.0,0.5,0.8,0.3,0.6,0.3,0.2,0.7,0.5,0.4,0.6,0.14594594150320334,0.9365953914502277,0.9816004122760639,3.0112854223093795,2.7401938218072766
0.2,0.3,0.4,0.2,0.0,0.5,0.1,0.7,0.9,0.2,0.6,0.1,0.9708315290026411,0.07838258258298543,0.007167836345068096,3.3066369795987938,3.1818230799813425
1.0,0.1,1.0,0.3,0.4,0.9,0.2,0.2,0.8,0.9,0.3,0.3,-1.0761387324165763,2.076176823836511,2.02176043642413,2.2773522221599323,1.88236141659734
0.7,0.6,0.5,0.6,0.6,0.5,0.3,0.1,0.6,0.1,0.8,0.6,-0.4478935452075413,1.592940154797537,1.4146167824113602,3.854381316482284,3.7875977820437874
0.8,0.7,0.2,1.0,0.3,0.2,0.6,0.3,0.4,0.5,0.4,0.1,0.09615782063369406,0.7671687861558201,0.7950648627010688,1.6817395596099707,1.6058260124665185
0.2,1.0,0.9,0.0,0.9,0.5,0.6,0.1,0.6,0.6,0.3,0.9,0.9864241447921583,-0.18073105337272197,-0.1050731795632891,4.784522830320325,4.454798813818678
0.2,0.7,0.9,0.3,0.9,0.9,0.3,0.9,1.0,0.4,0.3,0.7,1.8700440363137667,-0.6038061980699103,-0.6522754448258562,4.292464121764856,4.16621745755546
0.7,0.7,0.7,0.1,0.1,0.6,0.5,0.1,1.0,0.5,1.0,0.2,0.9330063921525164,0.10694303016387818,-0.17310308818947662,4.047087629107334,3.8391110532327093
1.0,0.4,0.4,0.2,0.2,0.9,0.5,0.6,0.2,0.2,0.2,0.3,-0.672071291027791,1.7356043767917928,1.4499609030346408,1.43563740880498,1.0490934476376186
0.9,0.2,0.6,0.5,0.9,0.1,0.6,0.0,0.4,0.9,0.4,0.5,-0.8819081252411355,1.8223813312781072,1.7782983356097228,2.697247830298645,2.7138839611094747
1.0,0.1,0.4,0.5,0.8,0.3,0.8,0.8,0.1,0.6,1.0,0.8,-2.6715645920130946,3.615322226599718,3.2377192763027924,2.000804654316853,2.084262494643247
0.4,0.6,0.5,0.6,0.0,0.1,0.6,0.7,0.1,0.7,0.6,0.0,-2.474329255254921,3.4061718505499368,3.2513880848543253,2.2641937681359954,1.8288231446945402
0.6,0.7,0.0,0.8,0.9,0.3,0.5,1.0,0.9,0.4,0.0,0.2,-0.9697447580464048,1.9302753980158274,1.930667826820289,2.4173441374964137,2.328645147465809
0.1,0.9,0.6,0.0,0.1,0.7,0.4,0.4,0.2,0.0,0.1,0.8,0.5835990345324161,0.621448073251489,0.18488763604622957,0.6900234930558662,0.6211853637835467
0.2,0.6,0.3,0.3,0.8,0.6,0.7,0.3,0.3,0.2,0.2,0.9,2.579573567097572,-1.5908503730434853,-1.6957527788514133,3.901036604245781,3.8890294268784302
0.2,1.0,0.4,0.8,0.9,0.6,0.2,0.7,0.7,0.4,1.0,0.6,1.051706826353761,0.08025586312835231,-0.18574515217799517,5.972265229848296,5.748039600734734
0.0,1.0,0.6,0.7,0.0,0.7,0.3,0.4,0.0,0.6,0.6,0.0,-2.189419301282994,2.9918699544481173,2.950344102669446,-0.6852614775199397,-0.806708530693245
0.8,1.0,0.1,0.8,0.0,0.3,1.0,0.4,0.2,0.4,1.0,0.8,-2.6134949426540195,3.5437381291784797,3.6409878926152124,2.1545701593030397,1.670161767027438
0.5,0.0,1.0,0.9,0.1,0.1,0.3,0.9,0.0,1.0,0.3,0.9,-3.789651334150926,4.851985950000415,4.88549476881391,3.4849297145804536,3.347077358484426
0.0,1.0,0.9,0.2,0.7,0.5,0.4,0.3,0.2,0.0,0.7,0.1,-0.0508260726213248,0.8040725539136722,0.8556121172194107,1.7452768382500516,1.3374246605104532
0.0,0.0,0.1,0.2,0.2,0.5,0.9,1.0,0.5,0.3,0.0,0.7,-0.07760649901156091,1.0790016786882222,0.947400555347027,2.5416185196216725,2.2297384270725327
0.8,0.6,0.0,0.5,0.7,0.2,0.8,0.8,0.5,0.6,0.6,0.2,-0.9516520933160095,2.053802065575941,1.8933950371880677,2.7079016301100003,2.3617587756546508
0.7,0.9,0.6,0.4,0.5,1.0,1.0,0.5,0.4,1.0,0.9,0.9,-2.160799114729738,3.1534812284447105,2.987684460845665,4.626262563910355,4.325328315043135
0.2,0.9,0.2,1.0,0.7,0.5,0.1,0.4,0.5,0.8,0.9,0.6,0.4205815260943886,0.5152929353654383,0.4932070545042626,4.1059845457681545,4.059736160419372
0.7,0.1,0.8,0.1,0.4,0.3,0.6,0.7,0.8,1.0,0.3,0.0,-0.6508494462902474,1.421703203001231,1.3538336561000088,3.748886562985791,3.4729699967116483
0.0,0.5,0.0,0.2,0.9,0.4,0.7,0.6,0.2,0.7,0.5,0.2,-0.39795943393127964,1.7376962102479117,1.5438673874602593,0.9881662111378751,0.8891046935473199
0.3,0.3,0.5,0.7,0.6,0.7,0.8,0.1,0.7,0.1,0.5,0.7,0.18188043087700673,0.5704272318920569,0.649267061408725,3.8514585288280085,3.6772522110756998
0.3,0.6,1.0,0.4,1.0,0.1,0.9,0.5,0.1,0.2,0.5,0.2,-0.6216747385210228,1.553355732369225,1.326836269277902,3.3610312686348207,3.040472397840868
0.5,0.0,0.3,0.6,0.5,0.2,0.0,0.6,0.2,0.3,1.0,1.0,-0.5579218042793136,1.5970618529696903,1.5187543567285122,3.104333674002993,2.9785265041061195
0.1,0.6,0.3,0.3,1.0,1.0,0.5,0.6,0.6,0.4,1.0,0.2,1.5460892452414334,-0.5262286277265297,-0.5161928687620236,4.723308850205161,4.504555325745242
0.3,0.3,0.5,0.7,0.5,0.4,0.8,0.9,0.8,0.4,0.8,0.7,-2.455829801407119,3.591446712120207,3.364040442742625,3.7655416538215194,3.409249563527179
0.2,0.5,0.0,0.2,1.0,0.3,0.2,0.6,0.2,0.5,0.3,0.7,0.40736364390403834,0.6280810843860805,0.40759021482967933,2.0349365793247243,1.4387215462536433
0.4,0.5,0.4,0.4,0.9,0.3,0.0,0.5,0.1,0.8,0.6,0.5,-0.693398565984502,1.8348003055918136,1.422773966242597,-0.17356031247952847,-0.30777642783260284
1.0,0.2,0.2,0.1,0.2,0.8,0.2,1.0,0.9,0.0,0.5,0.0,-0.10675585963885428,0.9920152629901122,0.9617741915929,-1.1027377167492454,-1.0775565369520155
0.0,0.7,0.8,0.2,0.2,0.2,0.4,0.9,0.2,0.2,1.0,0.6,-0.6012993535635884,1.576222232239036,1.3720240491895137,2.062380440407334,1.6322865175512673
0.5,0.9,0.1,0.4,0.8,1.0,0.8,0.7,0.4,1.0,0.5,0.1,-0.07272948194710266,1.042808152221417,0.9427824412015738,3.9477677044078083,3.684231573575534
0.4,0.3,0.0,0.4,0.3,0.1,0.9,0.0,0.5,0.3,0.6,0.9,-1.0993804209750522,2.0490994909558755,1.8962452653743966,0.6719060225914142,0.4246695068281065
0.9,0.1,0.6,0.1,0.8,0.6,0.9,0.0,0.3,0.1,0.2,0.8,-0.20268556369021287,1.2267045779344397,1.0519079536580853,3.8440809414695605,3.536532949605313
0.3,1.0,0.4,0.4,0.0,0.3,0.9,0.8,0.9,0.1,0.9,0.4,-0.8646903034353434,1.8205682780654109,1.7858777114131972,2.7694980689915893,2.454262869100448
1.0,0.3,0.1,0.9,0.9,1.0,0.9,0.5,0.2,0.5,0.3,0.0,-2.3074003324163623,3.2079365012709014,3.235139763939215,2.717640811682168,2.4460505409865667
0.5,0.5,0.3,0.7,0.2,0.8,0.1,0.3,0.7,0.5,0.2,0.2,1.23001462735872,-0.5078659157290504,-0.5103572527733466,0.8834521833230712,0.8037214039463502
0.5,0.7,0.6,1.0,0.5,0.6,0.8,0.9,0.8,1.0,1.0,0.4,-2.2819678673169785,3.1984415189833832,3.296718101238443,5.615893808616263,5.342055565503878
0.3,0.1,1.0,0.9,0.9,1.0,0.1,1.0,0.7,0.7,0.3,0.9,-0.9574485642644462,1.8439258304315775,1.957704033801595,6.244168964230781,5.803800974793466
0.7,0.9,0.2,0.8,0.1,0.6,0.8,0.0,0.0,0.9,0.2,0.9,-1.7559070673354704,2.626384273265261,2.675485487374189,3.0739881044967268,2.942410133707979
0.5,0.6,0.9,0.1,0.3,0.0,0.3,0.2,0.3,0.8,1.0,0.3,0.5822860088953989,0.29695118612781096,0.13350427205376153,0.37189223385742715,0.5065665184933343
0.5,0.0,0.5,0.1,0.1,0.2,0.5,0.5,0.0,0.8,0.9,0.5,-2.243643990605934,3.2352071663688853,3.096094793674882,0.9003885147368583,0.5846043588330949
0.1,0.9,0.8,0.1,1.0,1.0,0.6,0.7,0.2,0.9,0.3,0.8,0.7027716838209295,0.3088044371443884,0.1999146189326157,5.518346742062995,5.262344159459123
0.0,0.5,0.2,0.5,1.0,0.4,0.4,0.0,0.7,0.3,0.6,0.8,-0.4788919312132739,1.609067734147104,1.553335674268503,0.7354884446500394,0.42769018364890415
0.1,0.3,0.0,0.2,0.4,0.8,1.0,0.6,0.4,0.4,0.2,0.7,0.14649310333173532,0.9317279076529167,0.8118031676829893,2.221373510177895,1.8700083717513165
0.0,1.0,0.3,0.9,0.5,0.9,0.4,1.0,0.9,0.3,0.7,0.1,-1.8378247391614853,2.745822784700001,2.7148524164935335,2.936441797265907,2.631164799667116
0.1,0.2,0.4,0.1,0.6,0.9,0.6,0.6,0.7,0.0,1.0,0.5,1.2877720918734814,-0.06668234056873615,-0.43112056874394705,4.3529864848714945,4.444987130658942
0.8,0.7,1.0,0.5,0.5,0.8,0.2,0.5,0.4,0.2,0.5,0.3,0.8766484543432159,0.12073893038148323,-0.07605069024325262,1.2021379189287225,1.0604171743025996
0.5,0.3,0.3,0.3,0.6,0.3,0.6,0.2,0.0,0.5,0.4,0.7,0.6533946685317178,0.34411839830863594,0.27327898009238244,0.8566164525216617,0.6389514774129336
0.2,1.0,0.8,0.4,0.6,0.1,0.0,0.2,0.1,0.4,0.1,0.6,0.9836352454242445,0.11679801906679621,0.02926278836973853,5.0085598626231205,4.941779727254104
0.2,0.6,0.7,0.7,0.8,0.3,0.9,0.6,0.8,0.9,0.2,0.2,-1.7018383017736392,2.612075760400082,2.6551292317608284,5.6898797571581206,5.554780675222531
0.0,1.0,1.0,0.4,0.6,0.7,0.1,0.3,0.8,0.6,0.6,0.4,0.1960605722318081,0.839139901979598,0.9276720430775172,1.4407631268119598,1.2386366728528675
0.1,0.4,0.2,0.9,0.8,0.7,0.6,0.7,0.8,0.2,0.2,0.2,0.6427188371839203,0.3657626056727528,0.1648999582088726,5.576019426772266,5.518572982659733
0.5,0.5,0.6,0.6,0.7,0.7,0.6,0.9,1.0,0.3,0.2,0.3,-0.3407402163434229,1.1658099633283934,1.2012265690510457,4.00484275202835,3.974429365151015
0.6,0.3,0.8,0.0,0.0,0.5,0.6,0.7,0.2,0.4,0.0,0.6,1.3551681273296325,-0.42905983398983477,-0.6111030380157833,3.320877733323766,3.230067898956521
0.3,0.1,0.5,0.4,0.9,0.2,1.0,1.0,0.8,0.0,0.1,0.3,-0.8366808729065783,1.8171640486450895,1.7200576731949802,4.287821600889117,4.098577930458432
0.8,0.8,0.0,0.7,1.0,1.0,0.5,1.0,0.0,0.2,0.7,0.0,-2.4180800974333296,3.2754665025330314,3.2406325701894994,3.315311581358056,3.140347283008291
0.7,0.0,0.5,0.1,0.2,0.4,0.9,0.5,0.2,0.7,0.8,0.7,-2.092761819650452,3.392463785623378,3.236420523601027,0.984408858591581,0.8941253070264135
0.4,0.7,1.0,0.4,0.0,0.1,0.2,0.9,0.7,0.5,0.9,0.7,-1.9201480209968795,2.9459104184665095,2.619777864244442,3.3511967638759224,3.487124644607063
1.0,0.6,0.5,1.0,0.9,0.9,0.6,0.8,0.5,0.4,0.3,0.0,-1.4532761485237593,2.4281605628262346,2.1586880753872393,4.027425855566017,3.7827835731671766
0.8,0.3,0.4,0.0,0.6,0.2,0.2,0.2,0.4,0.3,0.5,0.0,1.547418495319447,-0.6084660263625428,-0.6369138518413523,1.1279303133455298,1.0459470563096684
0.6,0.6,0.0,0.5,0.7,0.7,0.6,0.5,0.9,0.4,0.1,0.5,0.17551755325174537,1.145508203120796,0.6349669460363203,2.7856627048398552,2.826694029091724
0.9,0.4,0.8,0.8,0.4,0.9,0.6,0.7,0.5,0.7,0.0,1.0,-0.7452935518075947,1.755404859098539,1.5452152271808077,3.2995622831774214,3.0537822895058278
0.7,1.0,0.8,0.6,0.4,0.9,0.9,0.4,0.5,0.5,0.9,0.4,0.2631832875196654,0.7109421499041048,0.8079108735558682,2.718841996279395,2.431771808975089
0.7,0.8,0.8,0.7,0.5,0.3,0.4,0.4,0.7,0.1,0.0,0.2,0.5398261871713422,0.539176694137726,0.5502155940154293,1.6907362619919377,1.64925045343407
0.3,0.5,0.0,0.0,0.5,0.7,0.2,0.6,0.0,0.3,0.9,1.0,0.7484010125288316,0.7339643911923475,0.2492409514423879,1.5590223787915747,1.784880628744657
0.4,0.6,0.5,0.7,0.3,0.4,1.0,0.3,0.1,0.1,0.1,1.0,-1.8694383909379964,2.990953028552082,2.5680827383676506,1.1738397316166036,0.9916670352690329
0.1,0.0,0.6,0.7,1.0,0.6,0.4,0.7,1.0,0.3,0.2,0.4,0.40465188053932166,0.697365749632904,0.6179828087809489,5.817046026670124,5.541895234088506
0.9,1.0,0.8,0.9,0.5,0.1,1.0,0.8,0.1,0.0,0.9,1.0,-3.357363234260848,4.517702538589226,4.311129773872632,4.624114471421866,4.253304561660652
0.8,1.0,0.4,0.8,0.0,0.6,0.4,0.6,0.0,0.8,1.0,0.5,-1.8943260108215183,2.680991192498144,2.6811933260696357,3.2118646768569854,2.9099828014337916
0.3,0.8,0.9,1.0,0.7,0.7,0.8,0.9,0.2,0.5,0.4,0.9,-0.2350355905286221,1.1163608516152366,1.0980900762808472,4.320797853988896,4.144810122148599
1.0,0.8,0.6,0.9,0.5,0.4,0.8,1.0,0.5,0.1,0.0,0.7,-2.812222796030146,3.6698692249292018,3.7601896317411203,3.211896107819833,3.2077854178154155
0.0,0.4,0.0,0.5,0.4,0.7,0.1,0.1,0.0,0.3,1.0,0.1,-0.2424938769577103,1.3880619599533448,1.1060907403357136,1.5119563753713452,1.4807534305631498
0.0,0.3,0.1,0.6,0.1,0.9,0.5,0.5,0.6,0.4,0.9,0.2,-1.0114008247045214,1.8548264983401306,1.871515195336661,2.480096616511458,2.1441085603913894
0.2,0.8,0.1,0.1,0.2,0.5,1.0,0.1,0.5,0.7,0.3,0.0,0.3414214930230267,0.6958308241150484,0.4669496584636908,2.216797366832212,2.011431396624014
0.6,0.1,0.6,0.1,0.7,0.1,0.7,0.5,0.6,1.0,0.8,0.1,-2.110622296143387,3.1179239684648694,3.080349363414684,4.620985510700591,4.447134327424913
0.4,1.0,0.4,1.0,0.2,0.7,0.3,0.8,0.0,0.8,0.7,0.8,-2.3769113007864577,3.441409675701056,3.2021550815193986,0.8100847793784816,0.5484553455030671
0.2,0.9,0.9,0.6,0.7,0.6,0.2,0.4,0.7,0.3,1.0,0.7,1.1557224978023108,-0.031896858577367126,-0.3556022485486694,5.386822726730533,5.320260120317272
0.2,0.8,0.1,0.9,0.0,0.4,0.4,0.7,0.7,0.3,0.9,0.6,-1.1117558365137532,2.0426322034142563,1.8686597176703497,4.21714054676739,4.011363084933374
0.5,0.7,0.1,0.1,0.0,0.7,0.2,0.5,0.7,0.3,0.0,0.9,0.768963217306092,0.187798383085139,0.016320677685795912,0.4125557758740432,0.35708052404973156
0.8,0.1,0.2,0.4,0.2,0.3,0.1,0.8,0.7,0.4,0.0,0.9,0.10078606332993441,0.894894553606842,1.008947287854498,1.7374572461124957,1.509613633990403
0.7,0.3,0.9,0.2,0.6,0.2,0.6,0.1,0.4,0.3,1.0,0.3,1.0775459599025794,0.06477845659780404,0.05260456387443049,4.4331126449683484,4.236203925609479
0.4,0.0,0.6,0.8,0.9,0.7,0.0,0.8,0.8,0.6,0.9,1.0,-0.6753072188105298,1.7702291229639464,1.4195939367129813,4.53617105810559,4.0248099182081685
0.1,0.9,0.5,0.3,0.8,0.8,0.3,1.0,1.0,1.0,0.7,0.9,-1.9169593846435335,3.0780797676432767,2.7943499581073468,3.1257580635264732,2.7613763965506255
0.5,0.5,0.5,0.8,0.2,0.1,0.7,0.1,0.0,1.0,0.0,0.9,-3.296821541139387,4.376620327821957,4.428368741032921,3.1022098230884736,2.9431066320770936
1.0,0.5,0.5,0.1,1.0,0.6,0.4,0.2,0.0,0.6,0.1,0.2,-0.513878836302791,1.2622277219732547,1.1396776728507592,1.0081670032477514,0.6733907605541121
0.4,0.3,0.8,0.1,0.2,0.9,1.0,0.5,0.8,0.2,1.0,1.0,-0.1510901065317247,0.9042748395260569,1.0316167693801208,3.4324518798529087,3.130622012761443
0.2,0.1,0.9,0.0,0.3,1.0,0.3,0.8,0.6,0.4,0.6,0.8,1.08392306896306,0.03332686081839886,-0.07747342192610819,2.6931250128048165,2.7118969386316287
0.2,0.5,0.7,0.6,0.1,1.0,0.2,0.7,0.3,0.8,0.4,0.7,0.8933939735776423,-0.04147782102195552,-0.003374427957794149,4.146182209740652,3.918515553136569
0.5,0.7,0.6,0.5,0.8,0.5,0.2,0.3,0.5,0.6,1.0,0.3,1.4143094322961702,-0.16476135451935137,-0.5781183885175558,2.814488556440512,2.5461304298625476
0.2,0.1,0.7,0.7,0.3,1.0,0.5,0.1,0.3,0.4,0.6,0.3,-0.017034802439638192,0.9632340551356473,0.9643172596779311,3.158451544768666,3.0174270896093565
0.8,0.2,0.2,0.1,0.0,0.5,0.6,0.7,1.0,0.3,0.0,0.2,1.387426385388789,-0.5076446088744726,-0.5864170815008056,3.4489577081830594,3.4273417886467357
0.0,1.0,0.3,1.0,0.0,1.0,0.1,0.4,0.0,0.4,0.8,0.9,-2.2958665598002397,3.0455485424013333,3.1229062877025204,2.4669612972368737,2.381716301216862
0.3,0.4,1.0,0.0,0.0,0.7,0.2,0.7,0.9,0.7,0.8,0.7,-0.0024076093941711035,0.8280449554698244,0.8703771324434457,2.9280349454407992,2.4723323664931156
0.9,0.0,0.6,0.5,0.6,1.0,0.8,0.7,1.0,0.7,0.9,0.3,-1.3535179859689364,2.632953863757336,2.3927861022168657,5.971077159548678,5.6950982247038935
1.0,0.0,0.2,0.0,1.0,1.0,0.5,0.3,0.1,0.8,0.2,0.0,0.18701592995860877,0.8496707190664208,0.8593368788114505,1.0037829108605751,0.6960448771914962
0.1,0.5,0.3,1.0,0.2,0.3,0.4,0.1,0.2,0.4,0.6,0.1,-1.803644220947014,2.653975966703843,2.5399182917863508,0.7184407366221953,0.618808279456369
0.2,0.6,0.4,0.4,0.3,0.6,0.4,0.2,0.4,1.0,1.0,1.0,0.6078156865419366,0.3792862481818409,0.38411648249301694,2.679680912196904,2.4800923197866585
0.8,1.0,0.6,0.0,0.6,0.3,0.8,0.4,0.8,0.2,0.9,0.1,-0.9291608645163957,1.8819839866917618,1.8324885564169233,3.307806314198004,3.0073989207642886
0.5,0.4,0.2,0.9,0.7,0.5,0.6,0.6,0.1,0.4,0.5,0.1,-0.4676704202443909,1.485460878229737,1.4931353300398402,3.366258631374681,3.1244075588395814
0.5,0.5,0.1,1.0,1.0,0.2,0.0,0.7,0.4,0.6,0.4,0.9,-0.42786099782687004,1.2417802305140908,1.1379516684385247,2.783977953377617,2.6006300594905323
0.5,0.3,0.0,0.1,0.8,0.0,0.1,0.1,0.3,0.3,0.4,0.2,1.6282953974657755,-0.7570879117828694,-0.9532896333710188,1.392379371943982,1.3049413299952421
0.7,0.3,0.7,0.3,0.7,0.9,0.3,0.6,0.4,0.7,0.7,0.3,0.8398441836827324,0.44943106822493384,0.3928378771956004,2.469511553935268,2.3350069306217596
0.4,0.9,0.7,0.3,0.1,0.2,0.1,0.7,0.6,0.6,0.9,0.6,-0.2463934007749991,1.301770485757944,1.394867431545968,3.784154294572229,3.584826712608901
0.1,1.0,0.1,1.0,1.0,1.0,0.1,0.0,0.0,0.1,0.6,0.2,-0.6650899688644347,1.613415078689386,1.5016416190426207,3.2840396164243453,3.1195323270185886
0.7,0.3,0.5,0.1,0.7,0.1,0.4,0.6,0.3,0.4,0.1,1.0,-0.41732349111661526,1.0708105220043498,0.8755144063655864,3.1778922849399382,3.193858579027971
0.2,0.6,0.0,0.4,0.8,0.2,0.1,0.2,0.6,0.6,0.9,0.1,0.27951164161747233,0.3099769044257745,0.5311694804983245,3.6959158986431384,3.531706639166886
0.6,0.2,0.6,0.4,0.2,0.8,0.3,0.1,0.9,0.3,0.8,0.4,-0.590011511982655,1.4159430308757335,1.4326605620676771,1.4375490687396038,1.3402763374696398
0.1,0.3,0.6,0.0,0.3,0.0,0.4,0.9,0.4,1.0,1.0,0.6,-0.9438038798425955,1.723064924759213,1.6237992381167436,1.9908384901918494,1.789000370756653
0.1,0.7,0.1,1.0,0.4,0.4,0.0,0.4,0.7,0.4,0.8,0.8,-1.8049453836636387,2.796117796748552,2.6926132935000404,2.4604621841530046,2.2809240419010135
0.3,0.8,0.7,0.5,0.8,1.0,0.1,0.6,0.6,0.8,0.8,0.0,-0.20918652805702298,1.236699814505949,1.1224995045019082,5.4874411360944535,5.300668195309779
0.8,0.3,0.6,0.6,0.7,0.9,0.1,0.2,0.9,0.8,0.5,0.1,0.3255169710246212,0.9281020926135767,0.733847097794624,3.933561129206242,3.715045565143914
0.6,0.1,0.0,0.9,0.6,0.2,0.3,0.5,0.2,0.2,0.4,0.9,-1.5599976776054796,2.484516427244093,2.4417494732215137,1.8851483210686752,1.680919882861536
0.9,0.8,0.7,0.7,0.5,0.5,0.5,0.3,0.4,0.0,1.0,0.2,0.2517372144980118,0.8747408103516451,0.6473793702134361,3.1660061856044575,2.7829985990963033
0.6,0.1,0.5,0.7,0.2,0.8,0.1,0.6,1.0,0.8,0.5,0.8,-0.8975120993200808,2.0185600438763873,1.8704691323008678,1.772358315950179,1.572381658044633
0.3,0.8,0.0,0.5,0.1,0.8,0.8,0.3,0.7,0.9,0.9,0.7,-0.27027536220568277,1.255043901691798,1.25514290852331,2.5721481212315944,2.339745980579175
0.8,0.0,0.9,0.3,0.8,0.3,0.9,1.0,0.0,0.4,0.0,0.3,-0.7948896141709269,1.5768506963628295,1.4462430101351764,3.52415900308386,3.2672063099270883
0.9,0.4,0.1,0.6,0.9,0.3,0.8,0.0,0.4,1.0,0.6,0.1,-2.1363980281294324,3.298131839913871,3.212518869498289,1.0656140144413508,0.8837894559243575
1.0,0.3,0.2,0.0,0.9,0.3,0.2,1.0,0.1,0.7,0.0,0.0,-0.5877098962799293,1.6812482414094192,1.648873116088408,-1.1032464653662164,-1.150024891240248
0.9,0.5,0.9,0.3,1.0,0.7,0.8,1.0,0.2,0.3,0.4,0.3,0.4655481724492415,0.45229936259848874,0.47568626125073815,3.3196327852288827,2.8964812190724007
0.1,0.0,0.4,0.6,0.6,0.3,0.8,0.6,0.7,0.1,0.6,0.4,-1.1166287238740398,2.2549899287122983,2.1643801066925903,3.412820091560041,3.165749033616154
0.3,0.6,0.9,0.9,0.3,0.3,0.2,0.0,0.1,1.0,1.0,0.0,-1.8659677978507938,2.4819226154130325,2.664322016714447,2.436046799446209,2.2968512798318717
0.6,0.1,0.2,0.4,0.0,0.2,0.3,0.5,0.5,0.8,0.3,0.3,-0.2084297241769722,0.9291680391040817,0.9688943655017005,0.4347603802070737,0.20415550263638912
0.3,0.4,0.8,0.5,0.1,1.0,0.5,0.1,0.7,0.3,0.1,0.0,0.32823732215445633,0.5996583240516513,0.5084546405161502,4.607856403777131,4.613666630267861
0.9,0.3,0.4,0.0,0.8,0.0,0.7,0.3,0.3,0.1,0.2,0.9,0.4872479539134093,0.6628558727352727,0.39021097456821796,1.9557347619512004,1.7829072034043374
0.1,0.9,0.0,0.6,0.3,0.0,0.8,0.8,0.6,0.3,0.3,0.4,-0.7054625999015284,1.8408948903026001,1.4227777466915343,3.148347823044566,2.6835831949837257
1.0,0.0,0.6,0.6,0.9,0.9,0.0,0.3,0.5,0.4,0.6,1.0,-0.6729331593387557,1.5843139438848404,1.4383869212211016,2.079329960140501,1.9474780729596877
1.0,1.0,0.1,0.8,0.8,0.2,0.0,0.5,0.1,0.8,0.1,0.1,-3.312719130890315,4.1963451632616735,4.029954687759019,1.9812193962724134,1.720538619594413
0.9,0.4,0.3,0.1,0.5,0.8,0.7,1.0,0.6,0.5,0.3,0.7,0.5459691320578289,0.4062972307980323,0.27778872481100275,2.101991351614252,1.9569316189460695
0.3,1.0,0.8,1.0,1.0,0.1,0.6,0.8,0.1,0.7,0.1,0.5,-0.9168331589135773,1.9689060821722346,1.9752663140470799,4.81527376348815,4.835346162526056
0.1,0.3,0.7,0.3,0.3,0.2,0.4,0.2,1.0,0.7,0.2,0.3,-0.23653152948228384,1.245858759100551,1.4056045475657652,2.093735335164048,1.9541775010007594
0.1,0.8,1.0,0.9,0.3,0.4,0.6,1.0,0.0,0.9,0.8,0.5,-4.218236744451104,5.106181620992867,4.855980633575692,3.3537894938075703,2.8882485979799712
0.8,0.0,0.7,0.4,0.6,0.6,0.2,0.4,0.2,0.2,0.7,0.1,0.5483852187952752,0.5611505057855498,0.39104061838121634,2.735309152350645,2.7382123542179713
0.8,0.4,0.0,0.0,0.1,0.4,0.2,0.5,1.0,0.1,0.1,0.1,-0.15955041988986018,1.3852521985325985,1.2794789217994484,1.2200979438771806,0.6757239196576059
1.0,0.2,0.0,0.4,0.0,0.3,0.1,0.0,0.7,0.2,0.3,0.5,-1.0985934744482746,2.277874358857637,1.9071576025468988,0.25665861771218257,0.2512957450240183
1.0,0.2,0.8,0.7,0.6,0.5,0.5,0.7,0.7,0.0,0.8,0.1,-1.6980942154086676,2.587712877046542,2.474813583518644,4.527006674185436,4.17200215162732
0.3,0.6,0.6,0.0,0.2,0.9,0.8,0.4,0.6,0.9,0.0,0.8,0.9247543610290567,0.2314099309273946,-0.046245468816981314,2.2162922200333193,2.209253545668799
0.2,0.2,0.0,0.3,0.8,0.6,0.5,1.0,0.7,0.5,1.0,0.1,0.7783297794912574,0.2985718108024036,0.23839796958441423,4.77835862614479,4.579910184163099
0.9,1.0,0.5,0.9,0.5,0.1,0.0,0.5,0.8,0.2,0.8,0.1,-3.5555974398986763,4.6006510042487045,4.305575879900652,4.148873498156455,3.9877754944453363
0.7,0.8,0.4,0.3,0.5,0.6,0.5,0.6,0.3,0.5,0.2,0.3,1.0956000721342274,-0.1422656231908412,-0.3863917514772721,3.01100306880549,2.6798350495607135
0.6,0.1,1.0,0.0,0.4,1.0,0.5,0.7,0.8,0.1,0.1,0.4,0.38110984195619163,0.40829357490972307,0.1575091329981922,4.067103980562667,3.4696598322986283
0.3,0.9,0.1,1.0,0.7,0.6,0.9,0.5,0.5,0.5,0.1,0.2,-0.21263904694323704,1.167636655392373,1.1049898349579799,4.489013982601149,4.32416669612428
0.7,0.2,0.1,1.0,0.5,0.2,0.2,0.4,0.7,0.9,0.8,0.6,-2.4311419170720576,3.2818214338773117,3.107870773213061,2.445092405362135,2.4166576966355136
0.2,0.9,0.8,1.0,0.1,0.7,0.9,0.6,0.1,0.7,0.4,0.1,-0.6605078648629805,1.6486361523225264,1.7380289897371788,3.847644611052575,3.8370018416070573
0.8,0.3,0.0,0.8,0.2,0.0,0.1,0.6,0.7,0.4,0.2,1.0,-2.1444735445576377,2.9937665033369143,3.112966810835325,3.472339692646226,3.405235272833142
0.9,0.1,0.6,0.4,1.0,0.4,0.6,0.4,0.0,0.5,0.3,0.7,-1.589151741877262,2.44826846816172,2.5876277739589875,1.8501215846714152,1.4016485382718782
0.6,0.8,0.1,0.6,0.9,0.0,0.2,0.6,1.0,0.4,0.5,1.0,-0.6250384702365204,1.5547349771796999,1.5873039751263882,2.061927423216638,1.8851780635544597
0.1,1.0,1.0,1.0,1.0,0.0,0.4,0.7,0.6,0.6,0.1,0.0,-1.8541645847319186,2.940518958365831,2.8730539044167838,4.56097476401803,4.615955232137495
0.6,0.9,0.0,0.4,0.0,0.0,0.3,0.3,0.7,0.7,0.4,0.7,-0.030695229886466807,0.8187439482285306,1.0019361550159727,-0.00023291223857398874,-0.2559029505419729
0.1,0.1,0.8,0.7,0.3,0.7,0.6,1.0,0.0,0.3,0.2,0.0,-1.1101657474702749,2.0558078205822596,1.9711951456924834,3.8182643352269245,3.5821998290724903
0.1,0.5,0.6,0.7,0.1,0.9,0.8,0.6,0.0,1.0,0.0,0.4,-2.1475383639931986,3.0558290216178676,2.7730979298581007,4.226554245018867,4.110307152008298
0.9,0.8,0.4,0.3,0.6,0.6,0.7,0.7,0.6,0.6,0.6,0.4,0.31455556978698734,0.9741557698611678,0.8397287304940941,2.911166842013496,2.78511038255845
0.5,0.0,0.5,0.4,0.7,0.8,0.3,0.2,0.0,0.4,0.5,0.2,0.9558897749494801,-0.11720549387904788,-0.19651662355041732,0.8262871656197528,0.7309750442380646
0.2,0.3,0.5,0.3,0.1,0.2,1.0,0.1,0.9,0.6,1.0,0.5,-1.2523127421728533,2.1461509414842586,1.9496633357947233,3.337578531763171,3.3780873526440844
0.5,0.9,0.0,0.4,0.1,0.2,1.0,0.2,0.5,0.7,0.1,0.7,-1.65650323862295,2.7898402919753647,2.6363220627198674,1.4174070438420732,1.4003522340354757
0.0,0.5,0.0,0.4,0.1,0.2,0.0,0.3,0.0,0.5,1.0,0.0,-1.1145023068523872,2.2374564356808455,1.8455844728817428,0.888229591706238,0.6058345802648485
0.6,0.9,0.0,0.1,0.2,0.0,0.6,0.7,0.7,0.1,0.1,1.0,-0.7842216395974362,1.8509733304245288,1.4582214634695803,2.3888795020080096,2.4528891156895267
0.4,1.0,0.4,0.2,0.6,0.3,0.3,0.0,0.1,0.3,0.6,0.8,-0.319022959639293,1.2708075178619285,1.2257382424845427,-0.5605747850052102,-0.8258357333333964
0.2,0.5,0.9,0.9,0.6,0.0,0.3,0.3,0.8,0.0,0.8,0.5,-0.31118566679417203,1.295325415620409,1.1219577736883783,3.236352193920253,3.0820666297979273
0.5,0.7,0.9,0.3,1.0,0.9,0.1,0.2,0.4,0.6,0.7,0.9,0.7705824216423961,0.23294118148569637,0.08194920430261218,2.0130470440887756,1.5962138865361728
0.5,0.8,0.6,0.4,0.3,0.4,0.0,0.7,0.1,0.0,0.0,0.9,-0.4233332152519478,1.373782261317884,1.4803936479628694,1.5915138478017814,1.3180984123203214
0.4,0.5,0.7,0.4,0.8,0.1,0.4,0.9,0.6,0.2,0.5,0.7,0.24470873236932947,0.7617741824664276,0.6846135563927913,3.0850909462105056,3.1596985978556758
0.8,0.9,1.0,0.1,0.3,0.8,0.4,0.4,0.7,0.5,0.7,0.9,-1.052847073030181,2.1801508473293785,1.9363502528469239,-0.017910054274793766,-0.0836761101108959
0.6,0.1,0.4,0.3,0.3,1.0,1.0,0.0,0.1,0.8,0.6,0.4,-0.6254221539634189,1.704555771859898,1.6220324507195636,0.34818020310623776,0.16898030078075454
0.8,0.2,0.9,0.8,0.8,0.2,0.6,0.7,0.0,0.8,0.8,0.4,-2.2786703767732064,3.372667540302003,3.1884994927952794,4.917433774787081,4.655202278698957
0.7,0.9,0.1,0.9,0.6,0.7,0.4,0.1,0.6,0.6,0.9,1.0,-0.9177915639621305,1.865540938795417,1.9189831635190437,3.2071116269855917,2.916725536503773
0.2,0.7,1.0,0.2,0.4,0.0,0.8,0.2,0.4,0.2,0.2,1.0,0.027205583969247438,1.1356332761861327,0.8352444731178916,3.519078413298782,3.110833760282495
0.1,0.1,0.0,0.7,0.8,0.9,0.5,0.3,0.8,0.7,0.3,0.8,0.03723770574625123,1.0152676625711299,0.9092072681414387,3.2471235714503623,3.237881366825529
0.5,0.6,1.0,0.4,0.6,0.7,0.8,0.9,0.3,0.9,0.4,0.1,-0.20696119245217998,1.1533774960473704,1.385894347396613,2.4586040854607347,2.4930267339347516
0.0,1.0,0.7,0.8,0.3,0.8,0.6,0.6,0.7,0.8,0.8,0.6,-2.7878001064608524,3.6430498158800213,3.809946388230117,3.330426110955635,3.187268216032271
0.5,0.4,0.1,0.4,0.7,0.5,0.9,1.0,0.6,1.0,0.0,0.5,-0.36945239328286467,1.4385933430889732,1.3152033804946381,3.6445454915113564,3.4900483880912545
1.0,0.0,0.8,0.0,0.7,0.1,0.3,0.4,0.1,0.0,0.0,0.6,0.5544587642302592,0.6125446717796046,0.553874762403603,1.0955852460313908,0.8512572815785964
0.6,0.5,0.5,0.9,0.4,0.0,1.0,0.1,0.4,0.1,0.0,0.0,-1.2731095467403328,2.418487350391411,2.3455720615100417,2.0602568350640924,1.884527517303192
0.4,0.3,0.4,0.7,0.6,0.7,0.6,0.0,0.2,0.6,0.7,0.1,-0.29833108034211453,1.1912030607979374,1.088074958749651,1.0217567146885143,0.9427153650057386
1.0,0.2,0.1,0.4,0.6,0.3,0.3,0.4,1.0,0.3,0.0,1.0,-0.9993790845778362,2.028425760673373,1.7409922748361542,-0.46467977982448083,-0.7488393892000207
0.7,0.5,0.8,0.1,0.7,0.6,0.9,1.0,0.7,0.4,0.1,0.4,1.035819942225757,-0.15132361803587518,-0.12642817507634851,5.374374480959438,5.112604595870324
0.2,1.0,0.0,0.8,0.3,0.2,0.6,0.9,0.8,0.0,0.0,0.0,-1.8536830376561255,2.9943902394490727,2.7895487183287284,2.5353795873210108,2.5343069835384298
0.7,0.7,1.0,0.4,0.3,1.0,0.2,1.0,0.1,0.5,0.8,0.7,-1.6268604233973434,2.552405334845064,2.4334079704891565,3.3880756958427005,3.077186995142629
0.6,0.4,0.5,0.4,0.4,0.8,0.9,1.0,0.4,0.7,0.4,0.1,0.005927566159815281,0.9081868016996234,0.8017267658182645,0.7315260653259573,0.4722982150226829
0.3,0.5,0.9,0.1,1.0,1.0,0.9,0.4,0.1,0.1,0.1,0.5,1.5881851217285496,-0.6968208058450457,-0.5559120027731057,3.467021964764877,2.87151914504092
0.7,0.2,0.2,0.1,1.0,0.7,0.2,0.9,0.6,0.1,0.3,0.5,2.9786485597871684,-1.765110136802006,-1.9985023903318728,1.744915268516637,1.6089666653412227
0.7,0.5,0.7,0.7,0.2,0.6,0.0,0.2,1.0,0.7,0.1,1.0,-0.41811891152725006,1.2926282715456128,1.3495074103976588,4.043166885765207,3.617021029174482
0.6,0.9,0.5,0.6,0.0,0.0,0.4,0.9,0.8,1.0,0.1,0.5,-2.8663764348578633,3.9319092290225655,3.7179096708530612,2.534456604983248,2.1104801660503374
0.9,0.8,0.3,0.1,0.1,1.0,0.6,0.9,0.0,0.5,0.9,0.5,-0.8496697428646938,1.9526403047966483,1.7422348204412648,2.0364289828404902,1.8441932847065992
0.5,0.9,0.6,0.8,0.1,0.8,0.9,0.2,0.4,0.2,0.8,0.0,-1.942797981659162,2.8948651951854525,2.6933412989955303,2.535265400142591,2.255299588908276
0.3,0.9,0.8,0.7,0.3,0.1,0.6,0.3,0.3,0.1,0.9,0.8,-0.38237875372918606,1.0272325221283354,1.058780580021513,3.552234896513175,3.5035195142628197
0.8,0.3,0.8,0.2,0.6,0.6,0.3,1.0,0.6,0.5,0.8,0.5,0.6144768879210591,0.5126408785979484,0.39820185019971066,3.7386856400049067,3.538872268791119
1.0,0.2,0.9,0.3,1.0,0.6,0.0,1.0,0.1,0.3,0.8,0.2,-0.8964609144943215,1.9217371739344782,1.9108449279468427,3.519395314757973,3.126326237776402
0.8,0.7,0.8,0.7,0.5,0.5,0.1,0.7,1.0,0.7,0.0,0.1,0.824824777310652,0.3466469517688467,0.23143705009228213,4.5592453774216875,4.536030664744438
0.2,0.8,0.1,0.0,0.1,0.0,0.1,1.0,1.0,0.2,0.4,0.5,1.5955972066029804,-0.4990330957738796,-0.7200516641603584,2.0422623132935556,2.008876617000894
0.6,0.3,1.0,0.5,0.8,0.5,0.7,0.8,0.8,0.8,0.3,0.2,-0.6806668398159287,1.629117720293276,1.3450578322725502,5.352859813816912,4.9069895411659665
0.3,0.0,0.5,0.3,0.7,0.2,0.4,0.7,0.9,0.6,0.1,0.9,-0.547764322852814,1.3523554648255374,1.1744626835919834,4.00917590992673,3.864073178063
0.7,0.1,1.0,0.1,1.0,0.5,0.4,0.4,0.5,0.0,0.7,0.0,0.203147420533775,0.8694459244122176,0.6872604885491904,1.4169806378616077,0.9758884919281424
0.1,0.6,0.0,0.9,0.5,0.4,1.0,0.3,0.3,0.8,0.0,0.1,-0.7884865225472076,1.8584019469477577,1.7840214986359877,1.3216461003960838,1.1620368429102599
0.1,0.2,0.5,0.4,0.9,1.0,0.8,0.7,0.2,0.7,1.0,0.5,-0.07638531721358481,1.1498051919766716,0.8350067506218308,5.075476208131092,4.807212407932001
0.5,0.0,0.8,0.3,0.4,0.3,0.2,1.0,0.3,0.1,0.4,0.0,0.5001351524147954,0.5490646796652175,0.5568783871779623,0.694218497443827,0.5414917128067995
0.2,0.2,0.1,0.5,0.3,0.7,0.7,1.0,1.0,0.3,0.5,1.0,-0.05912818758389146,0.9479628988535213,0.9102995435830489,2.4468652534357913,2.3377963141424716
0.5,0.2,0.8,0.7,1.0,0.0,0.1,0.1,0.3,0.0,0.8,0.6,-0.44907085634231614,1.1685521210773024,1.3394220784988642,2.7997677743814586,2.4996018674724625
0.2,0.7,0.2,0.8,0.5,0.8,0.0,0.9,0.3,0.7,0.1,0.5,1.1591766731976214,-0.06653445796104493,-0.39820549179604603,1.964352679549767,1.6798529050422877
0.7,0.8,0.1,0.3,0.6,0.2,0.4,0.9,0.9,0.8,0.5,1.0,-1.312741009132973,2.161944961031639,1.9879802629520729,1.0612791188219384,0.9500572877995684
0.7,0.3,0.7,0.9,0.3,0.0,0.6,0.4,0.1,0.4,0.7,0.9,-2.441902166913446,3.581049897922744,3.312077900381519,1.6761429627555107,1.2803409958897682
0.1,0.7,0.4,0.7,0.7,0.5,1.0,0.3,0.0,0.5,0.6,0.8,-0.9424203267927853,1.9868787529495995,1.8131082574586617,2.597774539725211,2.295911821283151
0.0,0.3,0.2,1.0,0.8,0.3,0.0,0.4,0.1,0.4,0.3,1.0,-0.9887338289273268,1.91705485373883,1.6726391671324838,1.7502140874832042,1.6583341178071938
0.7,0.0,0.7,0.6,0.3,0.5,0.5,0.4,0.2,0.6,0.2,0.5,-0.056770074694543066,1.3294869275812953,1.0810898023743647,2.0971944108413036,1.8721153344819566
0.1,0.1,0.5,0.2,0.0,0.3,0.9,0.3,0.3,0.0,0.5,0.5,0.2196530934301856,0.763221604190748,0.5704056791785599,0.17305525671589156,-0.09504979983028194
0.4,0.5,0.2,0.5,0.6,0.2,0.0,0.3,0.6,0.8,0.5,0.6,1.2850268339600137,-0.4848155745472563,-0.6015280896045403,1.287199561744668,1.0005378554083573
0.0,0.0,0.4,0.8,0.7,0.5,0.9,0.4,1.0,0.9,0.2,0.2,-1.2514946022324829,2.398120951591144,2.388417446592561,4.049260840036514,3.607122651820351
1.0,0.8,0.3,0.7,1.0,0.5,0.0,0.8,0.2,0.1,0.3,0.2,0.3727303233654287,0.7568102439530823,0.5182840162896762,2.8228112972717514,2.685114545750372
0.5,0.3,0.1,0.8,0.2,0.9,0.7,0.8,0.1,0.2,0.0,0.7,-0.4040238884217273,1.4119214693341844,1.4724307654959135,2.670614890678295,2.591494020914703
0.3,0.6,0.5,0.6,0.5,0.0,0.6,0.6,0.9,1.0,0.5,0.2,-1.3182220429775073,2.251392517800225,2.2399950781548084,3.8072311595103097,3.5923139876345584
0.1,0.5,0.8,0.8,0.2,0.8,0.1,0.0,0.5,0.5,0.2,0.3,0.9735684211477872,-0.07044094655164726,-0.13347265266695377,2.51640537354765,2.2953255007256477
1.0,0.6,0.4,0.7,0.2,1.0,0.3,0.3,0.8,0.9,0.7,0.4,-2.371105013559337,3.122280957248698,3.071562531304663,0.531816090567508,0.11419672329435074
0.6,0.7,0.8,0.8,0.6,0.4,1.0,0.3,0.5,0.0,0.3,0.9,0.050658429538278635,0.749793631093131,0.6876507749152722,3.089077532790075,2.9160322912516787
0.8,0.9,0.6,0.8,0.4,0.9,0.1,0.1,1.0,0.2,0.9,0.2,-0.8114622750097237,1.9868898763007061,1.973336513220489,4.901970649612538,4.556302956466872
0.8,0.6,1.0,0.1,0.4,0.9,0.8,0.0,0.6,0.8,0.3,0.3,0.5107763743877966,0.5014948092312705,0.5931933371620561,2.906952118959774,2.6908323048794136
0.2,0.3,0.4,0.1,0.6,0.6,0.5,0.9,0.5,0.7,1.0,1.0,1.0019656841819213,-0.2004844113026698,-0.10478932894416856,2.9231328694651073,2.902306243621524
0.5,0.7,0.9,0.9,0.2,0.6,0.0,0.4,0.7,0.2,0.4,0.0,0.6588261564597268,0.47775606781216834,0.33664717805831545,3.1445867622493298,2.7443262314459167
0.8,0.1,0.7,0.3,1.0,0.1,0.2,0.6,0.4,0.4,0.8,0.8,-0.8476012894077806,1.8713156980234686,1.7600800112496813,4.248071963818861,4.001513619160292
0.6,1.0,0.4,0.4,0.6,0.6,0.8,0.8,0.2,0.6,0.6,0.1,-0.3064644789765867,1.1618407364670236,1.051692532246779,2.3462249955725114,2.275805580290999
0.0,0.2,0.4,0.0,0.7,0.1,0.9,0.4,0.8,0.4,0.8,0.3,-0.5535809070635378,1.548963805086883,1.553685934064066,2.3810458416885276,2.0781170638038784
0.1,0.9,0.8,0.0,0.6,0.9,0.8,0.2,1.0,0.2,0.0,0.1,2.2449562143747217,-1.0329788524519188,-0.886779074429705,4.779446205138237,4.6722335262715795
0.1,1.0,0.5,0.6,1.0,0.5,0.3,0.6,0.1,0.1,0.5,0.9,-0.9537808685525067,2.240455161260285,1.9095598128658404,2.8813938169622513,2.7965647688915016
0.4,1.0,0.7,0.5,1.0,0.9,0.1,0.5,0.1,0.4,0.0,0.3,1.1229018124566639,-0.07336729173469059,-0.13815656841527982,2.5407036468977795,2.5072536260497476
0.8,0.3,1.0,0.4,0.1,0.1,0.2,0.6,0.9,0.6,0.2,0.3,-1.730920377018423,2.5254992277353288,2.411816583835734,3.7456935158383224,3.6587903469766316
0.5,0.1,0.3,0.9,0.0,0.8,0.8,0.9,0.3,0.5,0.0,0.0,-0.452218659767585,1.5822647824545983,1.2921794870688055,1.1489933269018917,0.8321418726555951
0.9,0.6,0.5,0.3,0.0,0.1,0.7,1.0,0.3,0.4,0.7,0.0,-3.4050374488524517,4.22106948114953,4.048532453647829,2.5694671986858775,2.184159262530982
0.4,0.3,0.3,0.8,0.3,0.1,1.0,0.1,0.0,0.5,0.4,1.0,-1.5430316939121396,2.4317363937026695,2.4882569249601216,1.379821470038562,1.3534715556295527
0.0,0.4,0.4,0.8,0.8,0.4,0.5,0.6,0.3,1.0,0.0,0.3,-1.2999551442910664,2.186843216910857,2.020059198954721,2.6951496324164657,2.557368825417069
0.7,1.0,0.2,0.6,1.0,0.2,0.2,0.2,0.0,0.0,1.0,0.0,-0.15704123035285772,1.0995845187087516,1.0471336652126098,2.357591299961379,2.2289310788999783
0.3,0.2,0.7,0.6,0.3,0.5,0.4,1.0,0.1,0.8,0.3,0.4,-0.5246289960931139,1.5396357482564444,1.3412498247439715,2.40360829506512,2.2183394359875157
0.7,0.7,0.6,0.6,0.0,0.7,0.3,0.0,0.5,0.8,0.6,0.3,0.051181714719054104,0.898229243245432,0.6801725245134557,0.7039573002821147,0.4617597786319866
0.3,0.5,0.5,0.9,0.2,0.6,0.2,0.7,0.0,0.9,0.9,0.6,-1.1898132242846733,2.42210431188278,2.2236393637710767,4.165166987522136,3.658200016032185
0.6,0.4,0.9,0.2,0.6,1.0,0.7,0.5,0.5,0.0,1.0,0.5,1.072930379666101,-0.20120224146249177,-0.19017535003608788,4.3158739289600785,4.082047282719753
1.0,1.0,0.6,0.3,0.8,0.8,0.5,0.6,1.0,0.3,0.0,0.1,-0.6201448720346076,1.4858992702701481,1.4540191831162617,2.910981311366471,2.6887413980891033
0.5,0.9,0.7,0.4,0.7,0.0,0.0,1.0,0.2,0.0,0.9,0.1,-0.3021628848854777,1.3036823225068788,1.3891937361553859,3.8051009335618664,3.6679322451692387
0.7,0.9,0.8,0.6,0.1,0.6,0.1,0.9,0.0,0.8,0.5,1.0,-1.069384885526741,1.9806519423706341,1.9998591972803985,2.257418317875144,2.2520316887885867
0.3,0.3,0.9,0.9,0.2,0.2,0.6,0.0,0.6,1.0,0.0,0.8,-1.2205708660417631,2.197547698473596,2.2171635968963868,4.047245431088747,3.9425909556743353
0.5,0.9,0.9,1.0,0.0,0.0,1.0,0.3,0.4,0.0,0.6,0.7,-1.633851839403349,2.869095754569966,2.5968690512242643,1.7492876959609973,1.77392481440341
0.1,0.0,0.7,0.1,0.6,0.7,0.8,0.5,0.5,0.0,0.9,0.2,1.0921001316207324,-0.09298552207156636,-0.337743750638166,4.060039057708682,3.7738644852119396
0.4,0.8,0.4,0.9,0.0,0.4,0.4,0.4,0.8,0.9,0.4,0.7,-1.309154344224859,2.3305844352403207,2.2559692385062,0.7583208115532993,0.5414998518817976
0.9,0.1,1.0,0.3,1.0,0.1,0.2,0.5,0.7,0.8,0.2,0.6,-1.855232489939047,3.213319595340012,2.878721846824969,3.3674547067396214,3.4091438476551206
0.0,0.2,0.0,0.2,0.3,1.0,0.4,0.3,0.0,1.0,1.0,0.7,-0.8196990914128299,1.9809615040582624,1.672704512750678,1.3475066625831291,1.1254615172780655
0.7,1.0,0.3,0.0,0.9,0.1,0.5,0.0,0.1,0.0,0.4,0.9,1.2660626727358055,-0.32189635411526724,-0.4261367312780703,1.36856551244508,1.1838613713518247
0.2,0.2,0.3,0.3,0.0,1.0,0.9,0.0,0.7,0.9,1.0,0.3,0.8025476825822775,0.31441216759567997,-0.08943752649927272,3.918761578757209,3.6636191794725885
0.8,0.0,0.8,0.4,0.0,1.0,0.2,0.4,0.5,0.0,0.3,0.0,1.4263854670979583,-0.2732989280069299,-0.3416064389962344,2.8810029996869573,2.757900983077825
0.3,0.1,0.4,0.0,0.4,0.8,0.3,0.7,0.1,0.8,0.0,0.4,2.245613088887192,-1.2919693347833061,-1.4416079331673604,-0.31409407137467527,-0.42996208662793706
0.8,0.6,0.5,0.0,0.2,0.9,0.9,0.2,0.9,0.6,0.7,0.6,-0.7877669370726235,1.9208006722650546,1.737784381790609,2.155736690360661,1.7759166256799415
0.5,1.0,0.2,0.0,0.8,1.0,0.3,0.0,0.7,0.0,0.4,0.6,2.5377672938847797,-1.5659866039890806,-1.6688289093225341,1.4610656280637468,1.2341838046852804
0.1,0.2,0.2,0.2,0.6,0.6,0.6,0.0,0.1,0.1,1.0,0.3,1.836901240144,-0.773740558771145,-0.8286233150258261,3.3269833628536123,3.126728096054633
0.5,0.6,0.7,0.7,0.6,0.5,0.0,0.1,0.1,0.7,0.9,0.5,-0.5690946259572145,1.7226760418452132,1.5808872981931092,3.8804710823660984,3.6789442850138405
0.8,0.9,0.9,1.0,1.0,0.4,0.0,0.9,0.9,0.4,0.0,0.7,-1.3078573527076123,2.05716837589299,2.111702990604332,4.599227067913965,4.778939499744375
0.7,0.3,0.5,0.0,0.7,0.6,0.8,0.0,0.8,1.0,0.1,0.0,0.028121475269058366,0.9275866476958139,0.9818433606424263,4.619473556495599,4.2533838895447404
0.9,0.5,0.8,0.2,0.2,0.4,0.3,0.7,0.4,0.1,0.7,0.4,-0.3819173028270822,1.32888916876542,1.1574151977881304,0.6642083165048175,0.42962978070729946
0.6,0.9,0.7,0.5,0.5,0.9,0.9,1.0,0.5,0.3,0.6,0.7,-0.6170303599472099,1.8927472209950005,1.6515432728274397,3.530758398661552,3.468447016831741
0.3,0.0,0.7,0.4,1.0,0.8,0.1,0.0,0.8,1.0,0.8,0.5,0.6302410916588554,0.34563352981597717,0.42097206370706214,3.7152485964489035,3.3440712301982822
0.2,0.0,0.3,0.5,0.0,0.2,0.8,0.2,0.8,0.3,0.1,0.3,0.1056830349160338,0.8733561652211403,0.7039688394062975,4.039092559450145,3.903788618444818
0.9,0.7,0.3,1.0,0.6,0.3,0.6,0.9,0.0,0.7,0.5,0.2,-2.1546669817243,3.3105016782070154,3.0790951878905863,1.0697112787429397,1.1179158385572692
0.7,0.5,0.9,1.0,0.5,0.7,0.9,0.4,0.2,0.8,0.0,0.4,-0.03451670459561721,1.0270262385212872,0.8582388251342175,2.1055100781667466,1.97810725370337
1.0,0.4,0.1,0.7,0.7,0.1,0.2,0.5,0.4,0.7,0.7,0.0,-3.010768655020791,4.293427239510791,3.8635769195598475,0.49933296862460264,0.2501890419250697
0.7,0.4,1.0,0.5,0.5,1.0,0.2,0.9,0.6,0.3,0.4,0.3,0.7918374218904279,0.15382685711884908,0.20731016101007352,3.8406989613113094,3.5822978916027197
0.9,1.0,0.7,0.9,0.5,0.6,0.4,0.8,0.5,0.7,0.2,1.0,-1.811039703112996,2.723767989116961,2.5534507171191034,3.669139880381519,3.3112788944901363
0.7,1.0,0.6,0.6,0.1,0.0,0.3,0.2,0.3,0.6,0.8,0.0,-1.9247990110262216,3.1608072261462916,2.85166833776215,1.5162432850790306,1.4539649087242843
0.4,0.1,0.5,0.3,0.1,1.0,0.8,0.2,0.0,0.6,0.0,0.0,-0.38711023559067836,1.3252861118836192,1.3385175561056213,2.2387904257229865,1.9410980907929132
0.1,0.1,0.2,0.1,0.4,1.0,0.5,0.4,0.2,0.4,0.3,0.1,1.6149340635663119,-0.6764832092940057,-0.6809096712371697,1.3009849810906673,1.1465460839503645
0.6,0.4,0.0,1.0,0.1,0.7,0.3,0.8,0.4,0.3,0.9,0.8,-0.7249843465072393,1.886490194281869,1.5449336341804651,2.3654213387089116,2.1630183899528865
0.3,0.2,0.6,0.8,0.5,0.0,1.0,0.0,0.4,0.2,0.1,0.6,-0.3551054359468523,1.6233197585343784,1.3930974422698748,3.389439714987756,3.224449867021019
0.2,0.4,0.1,0.7,0.0,0.1,0.7,0.6,0.9,0.9,0.0,0.2,-1.4103430170352922,2.474804947934818,2.471675846052903,4.279645023406599,3.963818889368366
0.0,0.1,0.5,1.0,0.4,0.7,0.3,0.3,0.1,0.8,0.4,0.1,-0.6026636110284639,1.6632191128933795,1.6183424879535784,0.6389081291884992,0.09054613651575831
0.1,0.4,0.3,0.3,0.9,0.0,0.1,0.3,0.1,0.0,0.0,0.5,2.4689706149835544,-1.5408950853257954,-1.6695635892476521,1.0000104602168813,0.754228817978428
0.1,0.8,0.7,0.2,0.6,0.6,0.6,0.6,0.0,0.6,0.0,0.6,0.7136694168798045,0.3422653646553551,0.19047641540673196,4.187853638710421,3.732655627237961
0.0,0.2,0.0,0.4,0.3,0.0,0.0,1.0,0.9,0.4,0.8,0.4,-1.586195481185844,2.788658780299788,2.6240795830120183,1.474062730579676,1.2222197574558809
0.6,0.7,0.5,0.0,0.0,0.3,0.8,0.4,0.1,0.5,0.4,0.8,-0.6696169322347225,1.755112070707236,1.4394964275413196,-0.13547788075533745,-0.32382592525108445
1.0,1.0,0.8,0.9,0.7,1.0,0.6,1.0,0.4,0.3,0.5,0.3,-1.0641931115685004,2.1872326050571704,1.9915592087348175,4.68069745919153,4.25978833058743
0.5,0.6,0.5,0.7,0.7,0.4,0.1,0.5,0.3,0.7,0.3,0.2,-0.5346659634046117,1.429344399031121,1.5145068281435177,1.8615996776886976,1.4803183351262108
0.6,1.0,0.9,0.7,0.2,0.0,0.8,0.0,0.6,0.9,0.4,0.3,-0.8616953927662502,1.9024549052101543,1.8031172042342454,2.619446968242404,2.3993700727360903
0.9,0.9,0.7,0.9,0.1,0.3,0.1,0.9,0.1,0.0,0.6,0.1,-3.504275760642234,4.207681514412584,4.1662454477287305,1.4368709814759475,1.1100058324788609
0.4,0.6,0.7,0.5,0.0,1.0,0.9,0.9,1.0,0.6,1.0,0.6,-0.7055098690688681,1.9299805231834792,1.9291761231635511,4.178649656390708,4.243222356463455
0.8,0.0,0.1,1.0,0.5,0.3,0.7,0.9,0.2,0.7,0.3,0.4,-2.053273476661249,3.075205547748699,3.1548808504955295,2.522097354403403,2.2431678362023755
1.0,0.7,0.5,1.0,0.1,0.3,0.6,0.7,0.5,0.3,0.0,0.2,-2.1822019676119755,3.293758241862516,3.1651321867216224,2.5923333779424076,2.4900298903344704
0.8,1.0,0.7,0.6,0.6,0.4,0.3,0.1,0.3,0.0,0.8,0.1,-1.3886986722294428,2.3988027693275713,2.1716712489320464,2.8283257714059724,2.5121481456475787
0.1,0.1,0.9,0.4,0.0,0.9,0.4,0.6,0.8,0.8,0.5,0.5,-0.35879969421121255,1.3594588327465917,1.362120883988853,2.84659846626549,2.632685701737839
0.6,0.6,0.7,0.8,1.0,0.9,0.0,0.4,0.7,0.2,0.5,1.0,0.6294703111444777,0.2228711203913394,0.2375050058386311,3.1836833775690363,3.0517019265388714
0.7,0.2,0.5,0.7,0.1,0.3,0.7,0.1,0.1,0.9,0.1,0.2,-2.733811812701988,3.5259212310657464,3.630960331286099,2.9985370454764673,2.67602264218351
0.3,0.4,0.5,0.5,0.3,0.6,0.2,1.0,0.5,0.6,0.3,0.6,0.7769290246178803,0.29525063526922224,0.10228862132633848,2.4768506184849466,2.2174272417874805
1.0,0.2,0.0,0.9,1.0,0.2,0.9,0.3,0.5,0.6,0.7,0.2,-2.9173131117420503,3.7551071773913183,3.821912840637299,0.8232095131736856,0.7970740037978381
0.4,0.9,1.0,1.0,0.4,0.2,0.2,1.0,0.4,0.7,0.7,0.7,-3.330732516971885,4.2862796639115475,4.110354806337121,2.231628372053955,1.889734336362608
1.0,0.2,0.5,0.3,0.4,0.3,0.4,0.8,0.4,0.4,0.9,0.3,-1.2931468614088115,2.5406178955403274,2.352478111969097,-0.20108566616681603,-0.35842221147078046
0.3,0.0,0.6,0.5,0.0,0.0,0.4,0.8,0.0,0.6,0.2,0.0,-1.2718352126873405,2.334776940810902,2.139840758765995,2.219767942726736,1.7570210316011785
0.5,0.0,0.6,0.4,0.8,0.2,0.4,0.7,0.2,0.5,0.9,0.2,-0.6058953453547076,1.6725287960621558,1.606283168047338,3.690097575451081,3.6152543351264934
0.4,0.1,0.2,0.4,0.5,1.0,0.6,0.0,0.1,0.8,0.0,0.5,1.2447552540497115,0.08365453062823502,0.058100332606418725,1.3508000269457925,1.1596028275617607
1.0,0.2,0.1,0.6,0.8,0.1,0.3,0.9,0.7,0.2,0.2,0.4,-1.7413792307063964,2.7017306317894905,2.8442853190335917,2.511497530740041,2.278867791663345
0.5,0.8,0.2,0.0,0.8,0.3,0.1,0.9,0.1,0.2,0.6,0.8,-0.16454654247350636,0.9833178430766478,1.0472213465845643,0.3094805267450731,-0.11000123798857186
1.0,0.1,0.5,0.9,0.0,0.2,1.0,1.0,0.6,0.6,0.0,1.0,-4.423110840944901,5.382231304843175,5.167425444155144,2.4757613832238223,2.2860682782706623
0.2,0.3,0.1,0.4,0.6,1.0,0.3,1.0,0.7,0.7,0.3,0.4,1.0613386310143935,0.0083844264902532,-0.13455179139820073,3.530081541779262,3.274665538908805
0.8,0.0,0.8,0.0,0.7,0.4,0.7,0.5,0.1,1.0,0.2,1.0,-1.5613077267121378,2.4940676788737433,2.5615535515817283,4.307698532031537,3.837679128431715
0.9,0.1,0.9,0.2,0.1,0.9,0.7,0.6,0.8,0.0,0.4,0.7,-0.45445430301779965,1.3426207948026936,1.2664830361464492,4.067511439744403,4.071016066093695
0.5,0.3,0.0,0.9,0.2,0.1,0.5,0.1,0.6,0.5,0.2,0.2,-1.8717686484784948,2.7261113366940926,2.508839752227659,2.6514432290078496,2.6881321662745745
0.1,1.0,0.1,0.6,0.0,0.3,0.8,0.9,0.2,0.7,0.8,0.3,-3.239805202567663,4.2675152346024126,4.079644604137058,1.381471451771354,1.325529711888378
0.5,0.6,0.5,0.8,0.0,1.0,0.4,0.6,0.7,0.6,0.5,0.9,-1.8808468540961336,3.0115632740819214,2.5368861264630085,2.562356650429938,2.441485882986683
0.2,0.8,0.8,0.1,0.4,0.2,0.7,0.0,0.8,1.0,0.1,0.4,-0.1633133175329238,1.0749593211290533,1.069739811360835,3.7795141793662967,3.6191275108973455
0.4,0.3,0.2,0.2,0.3,0.6,0.2,1.0,0.5,0.1,0.1,0.7,1.4761996893427534,-0.589089661238485,-0.6782300567662068,1.7578336610281193,1.5633728653333232
0.5,0.2,0.8,0.5,0.3,0.3,0.3,0.3,0.2,0.6,1.0,0.5,0.2792368871031778,0.8310855698994256,0.6089704732181499,-0.4857878920338826,-0.53344222025699
0.9,0.3,0.9,0.2,0.0,0.2,0.1,0.5,0.4,0.7,0.4,0.7,-0.49595948256353717,1.7327426963160952,1.5903512302198037,1.2458793175440244,0.9824570074710922
0.2,1.0,0.3,0.8,0.6,0.6,0.2,1.0,0.7,0.3,0.1,0.8,0.37664629439647684,0.6287384955079535,0.52232597437884,5.502839015502927,5.162726317299161
0.7,0.3,0.8,0.4,0.7,0.4,0.6,0.8,0.9,0.9,1.0,0.7,-0.5044812710877196,1.3892736624700635,1.5040738688915567,5.288900861158608,5.070416922187231
0.2,1.0,0.4,0.7,0.8,0.6,0.6,0.6,0.5,0.5,0.5,0.6,0.7182043749625109,0.11965524271303203,-0.01642564714498622,4.672152941683923,4.079490263984427
0.2,0.7,0.1,1.0,0.3,0.2,0.7,1.0,0.1,0.2,0.8,0.1,-2.6691688094818806,3.596759389181114,3.6386854928550085,4.138524710453773,3.5730235719778283
0.1,0.7,0.0,0.8,1.0,0.5,0.2,0.8,0.1,0.4,1.0,1.0,-0.6406235638590904,1.6469576356760682,1.7648637445745932,3.989888586994053,3.8059212056018485
0.1,0.9,0.0,0.8,0.8,0.5,0.7,0.6,0.1,0.8,0.2,0.0,-2.2760047898409295,3.3404690814418068,3.40782403243414,4.896859048900505,4.6004502072285245
0.6,0.7,0.5,0.3,0.4,0.5,0.6,0.1,0.6,0.4,0.6,0.8,-0.8051373038771837,1.7153194788017037,1.5637230887219808,2.655933942778968,2.3361374988428505
0.7,0.4,0.6,0.4,0.2,0.1,0.1,0.1,0.3,1.0,0.6,0.5,-1.446766149263979,2.497201435715278,2.356429842816335,2.2577279874473732,2.2803413384526654
0.3,0.8,0.4,0.0,0.7,0.0,1.0,1.0,0.5,0.6,1.0,0.4,1.1612345382524645,-0.04104873816654288,-0.11647929521874588,3.000593744539846,2.742030518902813
1.0,0.5,0.0,0.1,0.2,0.8,0.4,1.0,0.0,0.1,0.6,1.0,-2.2010647134063137,3.0021574691141995,3.035600946276414,-1.8493072192989817,-1.9272601066458848
0.5,1.0,0.0,0.4,0.3,0.7,0.3,0.4,0.6,0.9,0.3,0.2,0.32649664176610443,0.6075069557948511,0.6589452728040383,-0.33010033072953493,-0.3847085345858061
0.5,0.6,0.6,0.6,0.8,1.0,0.8,0.7,0.3,0.2,0.2,0.7,-0.13785533595331614,1.102920651633554,1.280994857519238,6.081013147913908,5.850753022171509
0.4,0.7,0.5,0.6,0.2,0.4,0.5,0.5,0.5,0.0,0.3,0.7,-0.8233628835673118,1.6459176727739093,1.724820117850459,1.053339817695324,0.7888923354436177
0.3,0.9,0.6,0.3,0.2,0.6,0.2,0.9,0.0,0.7,0.0,0.3,0.29453996890880696,0.7477573982365444,0.568801651172244,1.4228414560478404,1.2170143123624335
0.5,0.8,0.5,1.0,0.7,0.7,0.1,0.0,0.5,0.5,0.0,0.2,0.9263912981485629,-0.009134170526535972,-0.06452277459357361,2.716411394261728,2.6167149033879875
0.0,1.0,1.0,0.1,0.8,0.5,0.9,0.3,0.4,0.7,0.8,0.2,-0.5987667778378731,1.61309866624162,1.5596614415315981,2.7104268610574915,2.4763214898601924
0.4,0.6,1.0,0.1,0.0,0.8,0.1,0.7,0.3,0.6,0.7,0.5,0.738380897592626,0.39485484347019795,0.2831086748453904,1.094398611949036,0.8210089973269218
1.0,0.1,0.8,0.1,0.3,0.8,1.0,0.0,0.3,0.1,0.2,0.0,-0.20195331407921965,1.401088877919829,1.388777442234601,0.46956423712904893,0.3982603561932441
0.8,0.6,0.1,0.6,0.9,0.0,0.9,0.0,0.7,0.7,1.0,0.7,-1.1268507428615744,2.0518052005074376,1.7393673659427458,3.2744020890922503,3.0556793359157113
0.1,0.6,0.4,0.3,0.4,0.7,0.0,0.9,0.4,1.0,0.9,0.4,0.4380523329312131,0.37099699788748425,0.41159119313575593,1.9889079641960077,1.687951832427888
0.6,0.0,0.6,0.1,0.0,0.7,0.4,0.2,0.2,0.3,1.0,0.3,1.0844131607551664,-0.08515202287031476,-0.2843111002655967,2.146235541074224,1.8860490599808375
1.0,0.8,0.4,0.1,0.8,0.3,0.3,0.0,0.1,0.5,0.1,0.7,-1.0270095381491118,1.839462028195663,1.4734379624655758,-0.234649281376834,-0.28016805901497477
0.7,0.5,0.4,0.0,0.8,0.2,1.0,0.1,0.1,1.0,1.0,1.0,-1.6201306446288406,2.3335585040398095,2.4355630491285374,3.5950514646384044,3.776469739616883
0.1,0.0,1.0,0.3,0.3,0.5,0.0,1.0,0.3,0.5,0.5,0.4,0.3884800082444301,0.8889538380803874,0.47251558145918726,2.6144315066536814,2.313807029454719
0.8,0.7,0.2,1.0,0.7,0.2,0.3,0.2,0.4,0.5,0.8,0.1,-0.9701753396741275,2.0078897034032006,1.81249371920806,3.128867612740642,2.9295449189542846
0.0,1.0,0.0,0.4,1.0,0.3,0.8,0.0,0.8,0.8,0.6,0.9,-2.692643073629416,3.747099391600435,3.6628802053900076,0.8814745751242345,0.3471975298884016
0.2,0.0,0.6,0.2,0.1,0.0,0.3,0.7,0.6,0.8,0.5,1.0,-0.033074791628708564,1.2364871525244339,0.9279045806884723,2.3094656266959572,1.8571485468888904
0.0,0.1,0.1,0.9,0.1,1.0,0.7,0.1,0.3,0.8,0.1,0.7,-2.15952257893813,3.028017647848313,2.9448187667589742,3.6502787457678503,3.552102937032638
0.3,0.8,0.9,0.9,0.1,0.9,0.1,0.2,0.7,0.4,1.0,0.2,0.9326412551522035,0.31971261051862154,0.023794006042496763,5.361768932149087,5.129386139709612
0.2,0.7,0.4,0.7,0.7,0.0,1.0,0.4,0.5,0.6,0.6,0.2,-0.04977190352251115,0.9729334867818147,0.7385581939874993,1.7360345400194945,1.6482894461688273
0.6,0.4,0.3,0.4,0.5,0.9,0.5,0.9,0.9,0.0,0.5,0.3,1.05165121328337,-0.3441314531744531,-0.37477555178685107,0.9545534191585984,0.8760509200769971
1.0,0.9,1.0,0.5,0.3,0.9,0.1,0.4,0.4,0.8,0.1,0.7,-1.5692173950437578,2.459015904786853,2.3515599605063415,0.8681696451280612,0.516162537220674
0.9,0.2,0.2,0.1,0.2,1.0,0.3,0.0,0.6,0.7,0.6,0.3,0.39475745008839447,0.6136258269760619,0.43162831280095815,-0.40231673795203776,-0.6711494770119596
0.2,0.2,0.2,0.3,0.1,0.9,1.0,0.3,0.8,0.8,0.1,0.0,0.5826872765716465,0.27797183309221074,0.3222339452887244,2.2558629531816115,2.03734089261223
0.9,0.1,0.7,0.1,0.1,0.4,0.4,1.0,0.3,0.6,0.4,0.9,-1.1917104711015143,2.1818749592206927,2.0368664858380328,0.6829251306953111,0.426549931512391
0.0,0.6,0.5,0.1,1.0,0.1,0.1,0.5,0.0,0.1,0.9,1.0,-1.50060911163041,2.411126083840667,2.378586420885993,2.2902485451430263,2.1488558813325644
0.7,0.3,0.3,0.0,0.1,0.7,0.2,0.6,0.5,0.9,0.8,0.3,1.1303587652313711,-0.24806076017335874,-0.25927732579113727,1.1709828752941163,0.9340509211017236
0.6,0.8,0.5,0.1,0.9,0.6,0.3,0.7,0.2,0.8,0.3,0.3,1.6195918169085977,-0.4805602406417183,-0.6080237330736502,2.459164039839394,2.215455739558796
0.4,0.9,0.2,0.3,0.5,1.0,1.0,0.9,0.7,0.8,0.0,0.8,-0.3051818217293737,1.1219274180185401,1.128856920274239,2.7184917237919266,2.4949502464218116
0.8,0.4,0.1,1.0,0.5,0.6,0.6,0.0,0.5,0.3,0.7,0.0,-0.9412147988620612,2.203583297094047,2.16280378781006,3.1042911513605964,2.868204969840413
0.2,0.2,0.6,0.7,0.5,0.3,0.1,0.1,1.0,0.4,0.2,0.1,-0.8508245202247049,1.6387846196121345,1.7145888216034828,4.015275736293815,3.9627650445615927
0.0,0.3,0.4,0.4,0.3,0.2,0.2,1.0,1.0,0.9,1.0,0.3,-1.4490591225919023,2.366460036724883,2.4150191245418835,1.8947428142852893,1.5638333255837045
0.4,0.8,0.1,0.5,0.9,0.7,0.4,0.5,1.0,0.1,0.1,0.3,1.0948039282511397,0.12857625769299544,-0.16990832990076712,1.6412388194914593,1.38699893321923
0.8,1.0,0.0,0.3,0.7,0.8,0.2,0.3,0.7,0.3,0.3,0.4,2.0631626146960715,-0.947110403606994,-1.0233778542339544,2.1097918015593997,1.9581030035718454
0.6,0.0,0.0,0.9,0.0,0.7,0.8,0.1,1.0,0.8,0.0,0.4,-0.9390081400024476,1.878356463247666,2.0022003357482347,2.5758734343608607,2.5784524107284135
0.7,0.0,0.0,0.5,0.9,0.5,0.4,0.0,0.5,0.2,0.6,0.3,1.0416133349960313,0.14514780918525558,-0.133514289922495,1.875075089643248,1.7275054020757834
0.6,0.4,0.1,1.0,0.9,0.1,1.0,0.0,0.4,0.9,0.0,0.9,-1.4983042373798,2.412785019182528,2.3273372588393615,2.9479895509360605,2.863215908948021
0.0,0.5,0.6,0.2,0.8,0.5,0.6,0.7,0.2,0.0,0.6,0.1,-0.2796905698135272,1.2568758154442117,1.1760481516454857,3.3680501404270236,3.1086667145705666
1.0,0.5,0.2,0.6,0.6,0.7,0.7,0.6,0.9,0.4,0.0,0.8,-0.8064125423951537,1.8342131256957275,1.8557352478908706,2.963898686241774,2.741164388429873
0.1,0.4,0.2,0.2,0.6,0.0,0.0,0.2,0.8,0.0,0.0,0.7,1.8605091444984048,-0.787742886252216,-0.9324063524192354,2.736982782439595,2.6747565840502237
0.6,0.3,0.3,0.6,0.7,0.6,0.1,0.4,1.0,0.6,0.4,0.2,2.4196721239618193,-1.1648766418174108,-1.4875937038491167,1.8451502864124392,1.8672170216308688
0.0,0.4,0.6,1.0,0.1,1.0,0.2,0.1,0.7,0.9,0.9,0.4,-2.3840490603621416,3.5033257195005936,3.338863114165678,4.956611698385546,4.7788196553640745
0.0,0.4,0.2,0.8,0.0,0.5,0.0,0.9,0.6,0.6,0.0,0.5,-0.01726250552277578,1.0396222030839812,1.0502819591847123,2.0762457081422974,1.781179966563162
0.6,0.6,0.7,1.0,0.9,0.7,0.6,0.0,0.6,0.3,0.2,0.7,0.15491501048516385,0.7213432717117231,0.6272768448691333,5.085936533354347,4.9309230090658165
0.7,0.9,0.2,0.4,1.0,0.5,0.0,0.2,0.4,0.8,0.7,0.4,0.8023272884127974,0.035183048047635154,0.01485895866343373,1.7848364667196666,1.53117548746598
0.9,0.1,0.5,0.3,0.7,0.5,0.3,1.0,0.8,0.6,0.8,0.0,-2.218750158317912,3.3404930858533746,3.3543064611972317,3.0499166553261428,2.8621564931813532
1.0,0.1,0.6,0.5,0.6,0.7,0.5,0.2,0.6,0.6,1.0,0.5,-0.5580075484603227,1.6211524888909463,1.484423371397293,2.5965563877743296,2.332610485200143
0.1,0.4,0.3,0.4,0.7,0.2,0.5,0.6,0.5,0.0,0.2,0.2,0.5856940447550044,0.24602339040811633,0.23652638415496657,3.51482553705925,3.3691603592245367
0.4,0.2,0.2,0.0,0.0,1.0,0.4,0.2,1.0,0.1,0.1,0.3,1.9900860381409224,-1.0371321581474833,-1.15726630026624,1.8122860846740283,1.5061262261899393
1.0,0.2,0.8,0.9,0.5,0.7,0.7,1.0,0.4,0.4,0.5,0.0,-1.299374139733135,2.137155046336764,2.1656379696400645,2.463590953265528,2.2051079898345747
1.0,0.0,0.4,0.9,1.0,0.8,0.0,0.5,0.6,0.8,0.1,0.0,-1.5359935395674431,2.422084491176047,2.40413127195028,2.0148680888647874,1.8054440441139303
0.9,0.2,0.7,0.3,0.2,1.0,0.2,0.0,0.1,0.4,0.3,0.4,0.2366052900626538,0.610561549940852,0.5392294624834311,2.070516392543007,1.924543507463864
0.3,0.5,0.6,0.6,0.9,0.4,0.2,1.0,0.4,0.5,0.8,0.6,-0.9778823821071232,1.9158902040828085,1.766458218607632,2.972584027071776,2.6822055038119004
0.3,0.6,0.5,0.6,0.0,0.6,0.1,0.1,0.3,0.8,0.4,0.5,0.8426096280457839,0.08433865628344364,-0.1280561581897805,2.513599026380271,2.3122649074326582
0.1,1.0,1.0,0.7,0.3,0.3,0.2,0.5,0.5,0.7,0.7,0.4,-2.795046940972463,3.748462464864854,3.669552499833565,0.6879504152921005,0.29159486045890803
1.0,0.2,1.0,0.3,0.9,0.5,0.5,0.6,0.2,0.1,0.8,0.2,-2.087042325431878,3.0236404369544463,2.960095480891744,3.3233757651813867,3.0501223068070207
0.7,0.3,0.4,1.0,0.1,0.3,0.5,0.2,0.3,0.8,0.3,0.7,-1.1247719033018164,2.3428234618163994,2.211324766273954,1.959390768098447,1.726309821381016
0.0,0.1,0.1,0.1,0.8,0.2,0.5,0.1,0.3,0.7,0.7,0.9,-1.6365207801524781,2.728354021728556,2.4742970001206404,0.8344455511455975,0.6213153067932172
0.0,0.2,0.7,0.4,0.6,0.8,0.2,0.1,0.4,0.7,0.3,0.3,1.3134513119588311,-0.36686296663930057,-0.2986264437423328,1.605623376954508,1.6577904984691318
0.1,1.0,0.2,0.6,0.4,0.6,1.0,0.2,0.7,1.0,0.4,0.5,-0.2287653570392609,1.1452696195417655,1.0247482263458845,3.5038895654880617,3.1215187599414764
0.8,0.0,0.0,0.9,0.0,1.0,0.5,0.2,0.4,0.0,0.5,0.8,-0.39325545785528626,1.4876893312916797,1.3245109656973706,2.900530188592272,2.6767197798978564
0.9,0.9,0.3,1.0,1.0,0.5,0.6,0.2,0.0,0.2,1.0,0.3,-0.896954430521226,1.8967267721039989,1.968417298613085,4.352151004567349,4.089496058609425
0.6,0.4,0.9,1.0,0.8,0.1,0.5,0.9,0.0,0.5,0.9,0.8,-2.748542381706986,3.456880678452965,3.453757834609696,4.746518247998953,4.565751021374437
0.6,0.8,0.7,1.0,0.9,0.9,0.7,1.0,0.7,0.0,0.8,0.4,-1.2701920798034745,2.234871932150395,2.3138415247050457,5.758373088736608,5.68988789919377
0.5,0.2,0.1,0.2,0.3,0.4,0.1,1.0,1.0,0.8,0.2,0.0,-1.2339775892601916,2.032189314581449,1.9089206252072846,0.7369851610539202,0.61560894932859
0.3,0.6,0.5,0.5,0.2,0.0,0.7,0.5,1.0,0.8,0.8,1.0,-3.0245338827372117,3.780650520214088,3.5322497594972733,2.1410777319174485,2.011717666320024
0.1,1.0,0.4,0.9,0.9,0.7,0.4,0.9,0.9,0.7,0.0,0.4,-0.12712337045252614,1.104199319347734,1.1408693187537509,2.2573512889630103,2.031169747866093
0.3,0.6,0.5,0.4,0.9,0.0,1.0,0.6,0.0,0.0,0.5,0.9,-0.824422233703684,1.6311378476122391,1.7331589405086063,2.382219038451839,2.209065936250923
0.3,0.8,0.5,0.3,0.3,0.7,0.1,0.7,0.5,0.7,0.9,0.3,1.3824025913743565,-0.5673351447060876,-0.5841413409828038,2.3156428374082307,2.2208179692645653
0.7,1.0,0.9,0.1,0.3,1.0,0.5,0.4,0.1,0.5,0.4,0.6,0.9706198419019497,-0.0625427460002422,-0.12037189100138371,1.3992351898564481,1.2802467510328144
0.3,0.4,0.9,0.8,0.9,0.5,0.0,0.2,0.2,0.9,0.5,0.0,0.31010927929366294,0.7655753610977425,0.4262399149521552,4.0904833056616665,3.7259598156356524
0.0,0.6,0.0,1.0,0.8,0.6,0.1,0.2,0.5,0.0,0.4,0.5,1.1996003243482896,-0.12464952630164648,-0.21060478027068752,3.4314134920864676,3.3578354738090685
0.7,0.2,0.2,1.0,0.8,0.9,0.7,0.5,0.2,0.3,0.9,0.1,-0.4840975940531425,1.4665014221326906,1.3757143278544435,4.991567510610575,4.674291717293353
0.5,0.3,0.1,0.0,0.7,0.6,0.5,0.8,1.0,0.0,1.0,1.0,1.349603995108116,-0.09224946443627975,-0.41250124377860486,2.89002497502893,2.6726238819557664
0.7,0.1,0.1,1.0,0.2,0.3,0.0,0.9,0.8,0.6,1.0,0.6,-2.080336481248049,3.031241997411154,2.752295058937084,2.5222879574728583,2.81481475778186
0.1,0.2,0.9,0.9,0.7,0.6,0.9,0.4,0.9,0.9,0.3,0.5,-0.647574620770477,1.5401981692407245,1.504787505204525,5.327678135212047,4.993576708561292
0.1,0.2,0.3,0.9,0.7,0.3,0.5,1.0,0.9,0.4,0.9,0.4,-1.3859693917284337,2.34391462457841,2.310034638647343,4.044210420623722,3.6630218203190186
1.0,0.1,0.4,0.4,0.0,0.2,0.7,0.0,0.3,0.8,0.1,0.6,-2.1813304441741552,3.317140661002707,3.083362749651948,0.9878432278440341,0.6515030218494485
0.2,0.4,0.3,0.6,0.4,0.4,0.2,0.8,0.2,0.8,0.2,0.0,-0.18064088842584464,1.0151914467731014,0.8862820668378608,1.2628086148695963,0.9878225972403558
0.4,0.8,0.8,0.3,0.3,0.8,0.0,0.9,0.5,0.2,0.5,0.0,1.6828736166790008,-0.8200529958190238,-0.9329557319147194,0.9151329728945643,0.7302031318936961
0.3,0.5,0.9,0.2,0.5,0.9,0.9,0.2,0.1,0.8,0.8,0.0,-0.3550059011300376,1.5100510589626777,1.3888642461172316,2.907281547720076,2.7475824773622333
0.6,1.0,0.5,0.9,0.4,0.3,0.1,0.0,0.8,1.0,0.2,0.9,-3.073359653084047,4.102317503227754,3.94138115377076,2.6407440959283246,2.6702360893558357
0.8,0.4,1.0,0.4,0.1,0.0,0.9,1.0,0.1,0.7,0.4,0.9,-2.4140480475525585,3.530111840276476,3.4600370635736457,2.3460879709360314,2.0106691049490517
0.7,0.5,0.4,0.4,0.7,0.5,0.1,0.5,0.1,0.2,0.7,0.6,-0.4253098412996298,1.4636752022070136,1.325161140779168,2.8562330175208337,2.4959867799707527
0.9,0.3,0.0,0.8,0.6,1.0,0.1,0.5,0.5,0.5,0.3,0.7,-0.7713788347771816,1.916784016111058,1.609689465116711,3.501236185146723,3.529232157169745
0.7,0.1,0.4,0.3,0.6,0.8,0.5,0.2,0.9,0.6,0.1,0.0,0.7603790072711807,0.0469944997832326,0.04099842781483143,2.2351959562535773,1.7606085209931799
0.1,1.0,0.6,0.6,0.9,0.8,0.4,0.6,0.6,0.1,0.9,0.5,-0.3289671368007935,1.1630727178116818,1.0837744744920657,4.230132300955191,4.053605912230883
0.7,0.0,0.4,0.7,0.5,0.2,0.1,0.0,0.8,0.7,0.6,0.3,-0.6284785117521767,1.6444560143001803,1.4659804200636977,1.6080824579941522,1.4372684106803395
0.6,0.9,1.0,0.6,0.9,0.4,0.3,0.6,0.1,0.0,0.2,0.5,-1.406691163003545,2.460530642080629,2.3514429993606627,2.628480139011485,2.7845673522009142
0.8,0.8,0.3,0.1,0.6,0.1,0.8,0.8,1.0,0.2,0.3,0.7,0.8366582902900285,0.08164417837721341,0.14169431707937696,4.87414441102497,4.531576366603302
0.0,0.3,0.1,0.7,0.1,0.5,0.5,0.9,0.3,0.3,0.9,0.3,-1.3603099940916068,2.308964214889463,2.2848382380090038,2.130387131722597,2.2388757594980966
0.4,0.8,0.0,0.4,0.1,0.8,0.1,0.9,0.2,0.4,0.6,0.4,0.376175494547126,0.825634346165504,0.651010419584286,-0.34763496347940354,-0.5305027620013035
0.7,0.4,0.2,0.6,0.1,0.7,0.9,0.9,1.0,0.8,0.4,0.2,0.015398975405246713,0.7469259006033502,0.8277861436564987,1.7540954801189403,1.526821882512801
0.6,0.6,0.4,0.3,0.0,0.9,0.0,0.5,0.6,0.9,0.2,0.8,-0.09679186875456527,1.1496907884792409,1.1075618569590058,2.667184339175701,2.328033183144103
0.6,0.2,0.0,0.2,1.0,0.9,1.0,0.0,0.6,0.4,0.2,0.0,0.5079057050490163,0.4891173392094713,0.25812118577639864,2.7299125259301533,2.337130060786282
0.6,0.5,0.3,0.5,1.0,0.3,0.0,0.3,0.9,0.4,0.3,0.5,1.425442723753291,-0.6200448819551471,-0.7428288122182785,1.4160422016101195,1.3259136087408487
0.3,0.6,0.0,1.0,0.9,0.4,0.4,0.6,0.1,0.9,0.7,0.9,-3.117342730220406,4.108342947959394,4.073328548313186,2.3164721849742884,2.033084161478593
0.6,0.7,0.3,0.1,0.4,0.3,0.3,0.1,0.4,0.4,0.9,0.9,0.3542841538441263,0.23959829694239154,0.39947242927012294,-0.16086647212720065,-0.2463636528416615
0.2,0.9,0.2,0.8,0.1,0.3,1.0,1.0,0.3,0.0,0.1,0.7,-1.5124183125608945,2.3491828368321843,2.309308549899374,2.7385016048502298,2.4494653835537314
0.8,0.8,0.4,0.3,0.8,1.0,1.0,0.2,0.8,1.0,0.9,1.0,-1.227813308079123,2.4761084085996523,2.294213291358603,5.487244018766815,5.3717922275442636
0.8,0.7,0.9,0.9,0.8,0.8,0.3,0.9,0.5,0.6,0.0,0.4,0.7082861168654647,0.49433596840759403,0.2166118720786191,2.6791597091963792,2.300560248800725
0.2,0.6,0.4,0.1,0.3,0.3,0.8,0.9,0.0,0.8,0.0,0.8,-0.8776993135468787,1.7893451106052272,1.7555151839038428,0.466488778675664,0.32891671388080634
0.9,0.2,0.8,0.4,0.9,0.0,0.2,0.1,1.0,1.0,0.1,0.0,-1.3414162314246856,2.304751454722202,2.276432707770895,3.6414033975471543,3.5728323456438655
0.1,0.3,0.8,0.0,0.7,0.3,0.5,1.0,0.1,0.9,0.2,0.3,-0.23164129526243268,1.404979163559041,1.146155241750655,3.183158407999967,2.754684764158439
1.0,0.5,1.0,0.5,0.6,0.3,0.9,1.0,0.4,0.8,0.9,1.0,-4.034743610153142,5.222323739467997,4.892614218382589,2.285713035370389,2.22439698823313
0.5,0.9,1.0,0.2,0.7,0.8,0.8,0.9,0.5,0.8,0.9,0.3,-0.5659172553891112,1.7012898858643664,1.2752771455462022,3.06697167137789,2.7473385097474887
0.5,0.5,0.2,0.9,0.1,0.5,0.0,0.7,1.0,0.0,0.6,0.8,-0.48222819638974945,1.440603897362036,1.5629570179942194,2.932571525033001,2.6847971041356957
0.8,0.7,0.0,0.9,0.0,0.3,0.1,0.9,0.2,0.5,0.2,0.3,-2.0089689192957123,3.060896297989952,2.9957016411108457,1.9676329195371474,1.66354235296743
0.8,1.0,0.8,0.7,0.5,0.9,0.0,0.0,0.3,0.9,0.9,0.5,-0.1132659560169052,0.8327527521536293,0.9972134094246278,3.7884655884278753,3.777154489195306
0.8,0.3,0.9,0.5,0.6,0.3,0.9,0.0,1.0,0.9,0.7,0.6,-1.9738187401269052,2.9749180128280397,2.8679534078223186,2.9470924906436737,2.720439163359831
0.9,0.9,0.5,0.1,0.0,0.4,0.5,0.6,0.9,1.0,0.0,0.3,-2.391299114635768,3.1954892302584503,3.0522337883567916,2.1343929922309655,2.110363389951171
0.8,0.9,1.0,1.0,0.3,0.4,0.1,0.8,1.0,0.6,0.4,0.3,-1.581820439162293,2.470042486991213,2.2053351796140865,3.1671588628961937,2.9180203881063447
0.0,0.7,0.9,0.0,0.2,0.3,0.1,0.7,0.3,0.4,0.6,0.3,0.4109929929573186,0.45719432196378357,0.48827027084664687,0.5662565228978846,0.48233252022051865
0.4,0.8,0.2,0.2,0.6,0.7,0.2,0.2,0.3,0.9,1.0,0.2,2.381135645494525,-1.2561173924186038,-1.665260979528513,1.7268820902199538,1.5061674413891273
0.3,0.9,0.4,0.0,0.8,0.5,0.5,0.8,0.2,0.7,0.9,0.3,1.236878935595902,-0.3664245230604119,-0.42547537126409407,2.9766951559389705,2.9018936822002472
0.2,0.9,0.8,0.1,0.2,0.8,0.7,0.6,0.3,0.5,0.1,0.0,1.1676904387308211,0.12292596848743498,0.06494089099050046,2.9515847695223276,2.6238793760101067
0.4,0.7,0.5,0.4,0.9,0.7,0.4,0.9,0.5,0.7,0.9,0.0,-0.07770891114080958,0.9396152563809902,0.9524592438182455,1.4839239756423732,1.2788195654592576
0.7,0.4,0.8,0.1,0.9,0.3,0.0,0.8,1.0,0.8,0.1,0.2,1.0970388086933565,-0.009087126700854986,-0.041298770307582194,3.3508628210385574,3.100121499653322
0.9,1.0,0.4,0.4,0.1,0.9,1.0,0.1,0.5,0.8,0.9,0.6,-1.7373962956386382,2.6282709705723546,2.583936505269363,2.838194970278971,2.588001824130096
0.5,0.0,0.1,0.5,0.8,0.1,0.5,0.4,0.7,0.7,0.3,0.8,-0.5463099514609614,1.3581128253612158,1.3415668566077554,2.429877709167592,2.0594070519152043
0.2,0.6,0.8,0.6,0.1,0.2,0.2,1.0,0.2,0.8,0.0,0.7,-0.5561214737644887,1.4235098963123978,1.5683727672315038,3.201666066714165,2.8492922352681074
0.3,1.0,0.3,0.2,0.9,0.0,0.0,0.0,0.5,0.8,0.0,0.3,2.7763415455118596,-1.802530458719107,-1.8916447267612884,1.3735243780256035,1.0480787280519115
0.3,0.0,0.8,1.0,0.0,0.0,0.4,0.2,0.4,0.6,0.6,1.0,-0.8330894534646133,2.0245172945133234,1.8917219693976395,2.1538449624037037,1.6594524515704816
0.6,0.7,1.0,0.7,0.8,0.8,0.3,0.8,0.7,0.8,0.9,0.2,-0.4933725417710185,1.4894423197119764,1.2504729907140741,3.6842737070903673,3.5344491859243523
0.4,0.9,0.8,0.8,0.7,0.3,0.8,0.0,0.8,1.0,0.8,0.6,-2.598245047409256,3.441573280919879,3.3689686389044273,4.359420709608035,4.113735468304968
0.0,0.7,0.6,0.6,0.7,0.6,0.4,0.5,1.0,0.5,0.8,0.1,-1.567985310181974,2.494294621068657,2.442541281951009,3.422495829520484,3.32111352056794
0.1,0.2,0.2,0.8,0.0,0.3,0.8,0.9,1.0,0.2,0.6,1.0,-2.6287904578007137,3.561286357439028,3.661562101071609,2.1217728447025257,1.8810677746581135
0.6,1.0,0.1,0.6,1.0,0.1,0.6,0.0,0.7,0.1,0.6,0.3,-0.7190325101237454,1.5503418373067304,1.4436488823118048,2.323591568474874,2.074330819955624
0.0,0.0,0.0,0.7,1.0,0.9,0.2,0.9,0.5,1.0,0.4,0.2,-0.35155445940586355,1.4238830717248592,1.1762366473216912,2.8826490563143254,2.5353057703213557
0.1,0.3,1.0,0.0,0.5,1.0,0.8,0.0,0.6,0.1,0.0,0.9,0.843717953637688,0.18920175033347914,0.13823363025471758,3.922492639268405,3.826684792468991
0.2,0.9,0.9,1.0,0.6,0.7,0.5,0.7,0.5,0.0,1.0,0.4,1.0894804909803892,-0.17450966768405202,-0.20843840458243154,5.573385290979082,5.335211978370837
0.1,1.0,0.0,0.5,0.5,0.1,0.8,0.8,0.7,0.1,0.3,0.4,-0.488743404017515,1.755923660201187,1.573557747261334,4.193197915269765,4.1671437879446485
1.0,0.0,0.0,1.0,1.0,0.9,0.2,0.3,0.9,0.0,0.7,0.6,-1.4978593887578995,2.7793463482594754,2.471596323306505,1.75463369493033,1.5344958771443347
0.3,0.7,0.2,0.8,0.4,1.0,0.0,0.9,1.0,0.0,0.9,0.7,0.1932989947382815,0.8383502780867913,0.25562618493733175,4.149811311862937,3.81437376871398
0.3,0.5,0.1,1.0,0.2,1.0,0.3,0.4,0.0,0.7,0.5,0.3,-0.28323830735037336,1.235183731599017,1.1581945727768899,0.20096390173287193,0.10295473484456821
0.8,0.6,0.4,1.0,0.5,0.7,0.2,0.1,0.3,0.3,0.3,0.0,0.18677427057337642,0.7748907103492929,0.6248200101235779,2.7953583468964385,2.561341282005529
0.3,0.1,0.0,0.8,0.5,0.4,0.6,0.5,0.9,1.0,0.2,1.0,-3.02834820769021,3.8437923499710265,3.6538740510797245,3.3530210806363026,3.2693654196483144
0.4,0.7,0.6,0.0,0.4,0.3,0.4,0.4,0.4,0.7,0.4,0.5,1.135343479147572,-0.253432177731703,-0.4730749197127397,-1.956134841507702,-1.998459773368746
0.1,0.9,0.8,0.3,0.1,0.6,0.7,0.6,0.9,0.3,0.1,0.7,-0.4912598642419864,1.3258295486057472,1.1404425850829663,5.845839548463949,5.709946140693872
0.7,0.9,0.9,0.8,0.9,0.0,0.3,0.0,0.6,0.7,0.4,0.3,0.46650058527673277,0.5392275646763373,0.38334802931329104,2.731914563059667,2.3100771485493206
0.1,1.0,0.9,0.3,0.4,0.9,0.9,1.0,0.4,0.4,0.4,1.0,-0.08088670357614983,1.120110470509928,0.6422993595312447,3.294534294905431,3.018124348833768
0.9,0.1,0.6,0.8,0.1,0.5,0.3,0.9,0.4,0.7,0.0,0.1,-2.062656372891314,2.8693690537297645,2.7287899806620883,1.7340913934783286,1.6117214266194557
0.4,0.6,0.5,0.2,0.2,0.6,0.9,0.9,1.0,0.4,0.4,0.6,0.1839276139480135,0.5159430765821709,0.5944774189052632,2.2477962554321285,2.1746329679371157
1.0,0.8,0.8,0.0,0.5,0.3,0.7,0.9,0.7,0.7,0.6,0.4,-1.8828323973169598,2.783777585081683,2.840297373378665,0.3295498752640359,0.16692286727756
0.6,0.9,0.2,0.1,0.8,0.1,0.7,0.0,0.7,0.7,0.4,0.4,1.1046752540996425,-0.36355962186322666,-0.2652040338740837,2.155150242111418,2.061030811508617
0.0,0.0,0.2,0.9,0.9,0.0,1.0,1.0,0.8,0.0,1.0,0.4,-1.4099267310282722,2.5598776145962123,2.2310161346573083,4.254400910154305,4.161865718234939
0.8,0.0,0.8,0.9,0.1,0.4,0.7,0.6,0.8,1.0,0.7,0.4,-3.633443145673982,4.568561713574144,4.66634288088918,4.798415338023616,4.709316044699257
0.1,0.7,0.7,0.4,0.4,0.5,0.6,0.8,0.6,0.4,0.7,0.0,-0.5851797334899773,1.81310688728794,1.6671712225440187,3.5827769977808988,3.651521669490728
0.0,0.8,0.5,0.0,0.6,0.7,0.8,0.8,0.1,0.0,0.0,0.8,0.47085150472167286,0.5840145003172468,0.4910731167770246,2.350810876679582,2.100326346448566
0.4,0.9,0.4,0.2,0.8,0.8,0.3,0.3,0.0,1.0,0.8,0.3,0.44694488533043497,0.2678504383657404,0.5113021065069827,0.5545406271262254,0.4616166576717947
0.2,0.6,0.7,0.4,0.1,0.0,0.6,0.6,0.4,0.7,0.8,0.6,-0.780238741237431,1.8930222348800072,1.9647636404775917,3.1804528382024393,3.0308618254320274
0.3,1.0,0.5,0.7,0.6,0.4,0.3,1.0,0.1,0.7,0.7,0.5,-2.317051784156744,3.194333769111287,3.034849602144254,1.5531323302912523,1.3234475813587863
1.0,1.0,1.0,0.7,0.8,0.9,1.0,0.0,0.8,0.5,1.0,0.6,-2.5938292876245366,3.3970257171808442,3.1750527003791804,4.313043492850234,4.177839584309614
0.8,0.8,0.3,0.7,0.4,0.5,0.3,0.0,0.9,0.0,0.5,0.2,0.8614889953505938,0.29325704019237875,0.37880885934641884,0.9069238292051436,0.8819912186072913
0.5,0.9,0.5,0.3,0.6,0.8,0.7,0.7,0.2,1.0,0.6,0.4,-0.921710001105236,1.5168827469600101,1.6472055400991676,2.355000499126213,2.073026244620142
0.2,1.0,0.4,0.6,0.8,1.0,1.0,0.9,0.3,0.2,0.3,0.1,0.21762017759335067,0.8665408887906522,0.5650866739868601,5.101667950505089,4.815965023172059
0.1,0.7,0.4,0.3,0.2,0.0,0.6,0.2,1.0,0.4,0.1,0.7,0.09828430395137008,1.1176532093188196,0.7320469801160019,2.731614558388442,2.7706375977158286
0.9,1.0,0.9,0.1,1.0,0.5,0.8,0.4,0.6,0.2,0.2,0.8,-0.3410513820022684,1.268059902365254,1.3407268258813256,4.078598562329069,3.76418374493652
0.1,0.9,0.5,0.8,0.0,0.0,0.1,0.8,0.6,0.7,0.0,0.6,-1.053097190976719,2.0103403825549746,1.9544635578527034,3.0237880841077684,2.8187617717061277
0.7,0.2,1.0,0.9,0.8,0.5,0.2,0.1,0.5,0.3,1.0,0.2,0.040132564528652465,1.1191664291731938,0.8423076426112918,5.943537805760124,5.741462354629494
0.7,0.0,0.7,0.5,0.0,0.4,0.7,0.9,0.1,0.9,0.7,0.9,-3.4398021544069337,4.593631239161557,4.40084236104321,2.7081141262357833,2.4870642019208598
0.7,0.2,0.1,0.7,0.6,0.8,0.8,0.9,1.0,0.8,0.1,0.9,-1.220043069246427,2.2885014119613345,2.2025238823627675,3.15270711326833,2.878533904119331
0.1,0.8,0.4,0.9,0.7,1.0,0.7,0.0,0.8,0.1,0.4,0.4,0.6290069998403673,0.5490862594202013,0.12613028861757103,5.163594432951353,5.021327901651782
0.4,0.4,0.4,0.2,0.4,0.1,0.5,0.9,0.3,0.3,0.7,0.5,-0.5746301798210036,1.678608743319348,1.5310839538645364,0.3770674809765039,0.18060047332184542
1.0,0.7,0.5,0.5,0.1,0.1,0.5,0.9,0.0,0.7,0.6,0.2,-3.612837450165297,4.800201509110541,4.542134454219313,0.04386012718925465,-0.08378528403160773
0.6,0.3,0.1,0.4,0.6,0.4,0.2,0.5,0.5,0.6,0.7,0.9,-1.217562044808132,2.0423465312391236,2.0541362232935994,-0.003077288660334347,-0.16590717190741588
0.0,0.3,0.7,0.7,0.5,0.5,0.5,0.0,0.0,0.3,0.9,0.3,-1.0020560022398768,1.7745657383372717,1.8213119003788365,3.1395286725096105,2.903634198385895
0.1,0.4,1.0,1.0,1.0,0.1,0.8,0.9,0.7,0.5,0.3,0.3,-2.104703634277895,3.172424616767372,2.8499185300112417,5.754900991145425,5.726051815137113
1.0,0.3,1.0,0.9,0.8,0.4,0.3,0.1,0.9,0.1,1.0,0.6,-2.521927557078982,3.5318842265771204,3.5553648448180564,3.6436062565536425,3.4544360340620086
0.2,0.5,0.0,0.8,0.1,0.7,0.8,0.7,1.0,0.3,0.3,0.3,0.2786878036281826,0.6259919676079077,0.37655244963955936,4.394668363191176,4.214359670988157
0.5,0.6,1.0,1.0,0.5,0.7,1.0,0.2,0.7,0.1,0.1,0.2,-0.8911757198413782,1.8823435945886622,1.8386451044667655,4.39960993116541,4.132143857908314
0.6,0.9,0.7,0.7,1.0,0.1,1.0,0.1,0.8,0.6,0.4,0.3,-1.0865360165174278,1.8051324710345842,1.778726895812923,4.137582694699136,4.008073739132701
0.9,0.5,0.2,1.0,0.1,1.0,0.8,0.2,0.7,0.8,0.0,0.9,-1.6781050834006648,2.97081445553074,2.9496383096776393,3.866916826737552,3.713579028779538
0.9,0.2,0.0,0.4,0.1,0.7,0.2,0.4,0.7,0.1,1.0,0.8,-0.3524374137917657,1.285549880476334,1.2427862555122493,1.1762343230670065,0.9800674483540227
0.5,0.1,0.0,0.2,0.4,0.8,0.7,0.8,0.3,0.1,0.4,0.0,1.0122511243987575,-0.12269004904015055,-0.2720266993899937,0.3746673802081891,0.13984175766865273
0.3,0.0,0.3,0.2,0.5,0.3,0.7,0.6,0.2,0.1,0.1,0.7,0.524204731084467,0.38028625331607,0.5114717559324042,2.6909503967490647,2.492815300156007
0.4,0.6,0.1,0.1,1.0,0.7,0.6,0.2,0.2,0.4,0.6,0.5,1.8842665700306152,-0.7486052492652677,-0.8883809582360633,0.4533200059906304,0.1900553670693877
0.0,0.4,0.6,0.4,0.4,0.1,0.2,0.1,0.6,0.2,0.1,0.1,-0.8084585733274712,1.7091532246170584,1.8088411809975276,3.1256343961936675,3.116258042225988
0.5,0.1,0.9,0.5,0.9,1.0,0.4,0.7,0.1,0.5,0.8,0.3,-0.40592537501092163,1.2805712627193762,1.3208497954997753,3.8899639812901,3.5706976794605962
0.4,0.5,1.0,0.9,1.0,0.2,0.0,0.7,0.2,0.1,0.7,0.4,-1.3157069748114996,2.239779245000173,2.2723358619182914,3.9426416750391224,3.6453689313615536
0.2,0.2,0.2,0.1,0.5,0.1,0.4,0.9,0.5,0.7,0.5,1.0,0.7337610644403746,0.1495118346054198,0.17271639337571965,0.3983794356443412,0.42866926605385586
0.6,0.5,0.0,0.4,0.1,0.9,0.9,0.4,0.5,0.4,0.2,0.7,-0.21312927755854696,0.975451162084922,0.7412470470802429,1.7653234865491712,1.6651179620867995
0.3,0.7,0.7,0.3,0.4,0.3,0.0,0.6,0.8,0.2,0.6,0.1,0.12816261880952173,0.9122641128229863,0.9686140355371023,2.4682367091882744,2.43759600984545
0.3,0.6,1.0,0.0,0.6,0.7,0.1,0.9,0.3,0.6,0.6,0.6,1.3985294669947408,-0.22577323229607552,-0.26373940341661417,1.5138468070224294,1.1713873251988591
0.7,0.9,0.5,0.0,0.8,1.0,1.0,0.6,0.4,0.0,0.5,0.6,0.703790346077049,0.03811260152455525,-0.11047581715584717,3.4868572018818447,3.463937099640668
0.0,1.0,1.0,0.7,0.2,0.8,0.6,0.3,0.9,0.2,0.6,0.9,-2.0406136479412504,2.8251092192775724,2.951603227356181,1.8712516395010759,1.647119586767643
0.5,0.1,0.2,0.0,1.0,0.8,0.2,0.4,0.6,0.4,0.5,1.0,2.4046288349638214,-1.4990335380952193,-1.5584945202913825,-0.9824347747566206,-1.0345483405319336
0.6,0.6,0.0,0.7,0.8,0.3,0.1,0.2,0.7,0.4,0.3,0.8,-0.2794943118238109,1.150218175712386,1.2484445645287647,3.10999193618825,3.015886563440144
0.6,0.7,0.8,0.2,1.0,0.5,0.2,0.0,0.6,1.0,0.7,0.9,-0.0565419584460969,1.0948561040764564,1.1419730832948554,2.6587896420794883,2.7659876528867695
0.5,0.1,0.4,0.7,0.8,0.7,0.8,0.0,0.7,0.1,0.8,0.5,-0.19562808354167663,1.0851566216183197,1.1609303806793672,3.0530471616986286,3.049610339864519
0.0,0.0,0.0,0.8,1.0,1.0,0.0,0.8,0.1,0.7,0.7,0.2,-1.591799601217525,2.429692341432487,2.4984034036326035,3.0982671817316807,2.7509321103830158
0.0,0.1,0.6,0.0,0.8,0.1,0.3,0.5,1.0,0.4,0.3,0.7,-0.6030766032437195,1.6110853897780109,1.495824115258112,3.308341603654877,3.0573858905669784
1.0,0.2,0.4,0.9,0.7,1.0,0.4,0.4,0.5,1.0,0.7,0.9,-2.970617496980136,3.964422393009501,3.692477794859798,1.8943546478143136,1.9095407197184313
0.5,1.0,0.7,0.6,0.2,0.0,0.1,0.4,0.1,0.0,0.4,0.8,-0.5552550038221715,1.5177376708634807,1.4055690809977068,0.6648700466105545,0.4211172003024134
1.0,0.1,0.9,0.2,0.3,0.8,0.2,0.9,0.7,1.0,0.7,0.1,-2.262647216638045,3.223764490116864,3.2854957078346496,0.8621205329287226,0.4179479680183912
0.0,0.0,0.3,0.9,0.4,0.0,0.0,1.0,0.6,0.9,0.4,0.9,-1.3622145123275908,2.354520871343392,2.2193092162065797,2.712827213229623,2.406835281934786
0.4,0.2,0.0,0.8,0.2,0.7,0.9,0.0,0.3,0.2,0.5,0.0,-0.13641607793772145,1.0264309403533187,1.0832505572014612,0.1882014531899188,0.09126669389447625
0.2,0.9,0.4,0.8,0.7,0.1,0.8,0.0,1.0,0.0,0.3,0.4,0.2498684889297001,0.6375566347195154,0.8820123186407116,4.611229465529837,4.434017347427248
0.2,0.5,0.4,0.2,0.8,0.9,0.0,0.9,0.5,0.4,0.2,0.6,2.3114816184220563,-1.231079619161847,-1.3364038247442234,4.042047950818256,3.7908063069418376
0.3,0.4,0.4,0.7,0.9,0.0,0.6,0.8,0.3,0.0,0.9,0.5,0.590496114954925,0.5715195349877307,0.44307965475640665,3.195685288252527,3.0252484132936233
1.0,0.5,0.6,0.9,1.0,0.7,0.8,0.7,0.6,0.8,0.6,1.0,-2.7712043475982355,3.9494228429320843,3.889873362877962,3.144637232976929,2.9108724270752893
0.0,0.2,0.5,0.3,0.2,0.1,0.1,0.5,0.9,0.1,0.7,1.0,-2.876972836738751,3.6538220896902005,3.4017997342633883,1.5289307828375691,1.482972763037242
0.9,0.6,0.6,0.9,0.2,0.1,0.7,0.2,0.3,0.0,0.4,0.9,-2.0701219819858974,3.2636157451030523,2.9390583358472466,3.402244317749484,2.957531755825891
0.1,0.6,0.9,0.1,0.4,1.0,0.5,0.7,0.6,1.0,0.8,0.7,-0.5463462975803008,1.575293778990355,1.332843341801436,4.963184952491985,4.8323289909292395
0.1,1.0,0.9,0.7,0.2,0.3,0.0,0.6,0.4,0.8,0.3,0.0,-1.426506272658386,2.3625192790507854,2.13946673248213,2.9205381025736665,2.693810231312737
0.5,1.0,0.7,0.4,0.8,0.6,0.9,0.5,0.5,1.0,0.0,0.4,-0.04773630230677097,1.0444705617729493,0.9170163520129625,3.8129537614581452,3.603233152133746
0.1,0.6,0.3,0.8,0.6,0.3,0.5,0.7,0.7,0.4,0.2,1.0,-0.8787295388092837,1.793820744174653,1.8053271339589543,4.224225706238853,3.9729766933403976
0.2,0.5,0.7,1.0,0.9,0.2,0.0,0.0,0.5,0.1,0.1,0.9,0.033251571347024396,1.0154483365642097,0.84883740494428,5.208581673910687,5.0503580392005665
0.4,1.0,0.5,0.1,1.0,0.2,1.0,0.4,0.0,1.0,0.0,0.6,-1.1673598732298482,1.972014309152065,2.0666698697162174,1.6488627592029608,1.0848134696265626
0.5,0.5,0.7,0.3,0.2,0.1,0.5,0.3,0.3,1.0,1.0,0.1,-0.4526540685068848,1.4793556527111156,1.4263518459268794,2.1648172598724593,2.222628346796572
0.4,0.6,0.1,0.8,0.6,0.5,0.3,0.4,1.0,0.1,0.3,0.2,0.8371298683840527,0.2572246371431902,0.03614018234622729,2.1706985820917892,1.991415673616905
0.3,0.3,0.2,0.1,0.8,0.4,0.5,1.0,0.7,0.2,0.7,0.5,0.7284333436731096,0.1957780057570957,0.29099126795816144,2.2799865911042088,2.060596766070405
1.0,0.4,1.0,0.6,0.2,0.9,0.3,0.0,1.0,0.5,0.8,0.2,-2.238533135644397,3.1402093321560094,3.068273596301752,1.2930241437192214,1.0561127725700707
0.8,0.2,0.0,0.4,0.8,0.0,0.1,0.4,1.0,0.4,0.9,1.0,-0.3678819396992365,1.3241364620518856,1.3749567304591395,2.538057859538259,2.370795887447626
0.8,1.0,0.5,1.0,0.6,0.6,0.5,0.7,0.6,1.0,0.9,0.3,-1.6660788498956092,2.609326015755804,2.654274445681575,6.768658887919409,6.441234226975165
0.0,0.4,0.2,0.6,0.4,0.6,0.6,0.4,0.7,0.4,0.2,0.6,0.18543997533717238,0.794379611149005,0.8195292428989183,2.099302321874161,1.9531151550499664
0.1,0.7,1.0,1.0,0.5,0.8,0.0,0.5,0.8,0.4,0.4,0.9,-0.7313776106040744,1.9895932308284363,1.6708296882004763,4.033612937798561,3.813129017516256
0.3,0.1,0.8,0.7,0.1,0.2,0.2,0.5,0.2,0.1,1.0,0.7,-0.7825358659708428,1.8700768308409013,1.5989091989896438,3.600168904370268,3.2458248023385288
0.2,0.3,0.5,0.8,0.8,0.5,1.0,0.5,0.3,1.0,0.1,0.0,-1.8759512759999952,3.0680797948143073,2.9606140577274602,4.8910721436100655,4.764216734066414
0.7,0.3,0.0,0.9,0.2,0.2,0.0,0.3,0.7,0.7,0.4,0.3,-0.13410244747524694,1.0051390324135658,0.6523477366743287,1.7745307732238529,1.4504685704600357
0.0,0.4,0.0,1.0,0.8,0.1,0.2,0.2,0.7,0.8,0.8,0.4,-2.2084798637193974,3.3331753065064342,3.1770535358026772,3.45638370612927,3.1649309689468663
0.9,0.9,0.8,0.3,0.5,0.7,1.0,0.7,0.5,0.5,0.8,0.9,-1.1159164039421172,1.929433427487959,2.101010427799315,3.1732894527519733,2.9985206563225915
0.9,0.5,0.3,0.4,0.0,0.6,0.5,0.2,0.9,0.8,0.5,0.4,-0.12168209473288688,0.8459279960502459,0.9492620239569032,1.1000235217706744,0.8822958857011978
0.7,0.4,0.5,1.0,0.0,0.2,0.2,0.9,0.3,0.6,0.9,0.7,-2.6549985988418987,3.8050521872019867,3.5362977805283706,3.006731532777836,2.9471857893300304
0.2,0.4,0.1,0.0,0.9,0.1,0.7,0.8,0.3,0.9,0.4,0.2,1.382346430726251,-0.33386912425378096,-0.6488770299037425,3.148038920296453,2.8262831637213273
0.9,0.5,0.1,0.1,0.5,0.4,0.4,0.7,0.8,0.4,0.4,0.0,-0.2517896342128934,0.9689815128507058,0.9485620230560202,1.0312012628659397,0.8076004083385188
0.3,0.9,0.4,0.7,0.1,0.8,0.5,0.6,0.1,0.6,0.9,0.1,-0.8073963669941174,1.7739880068743772,1.749265702375051,2.2529001718044257,1.9299458633719477
0.6,1.0,0.6,0.3,0.9,0.5,0.4,1.0,0.8,0.6,0.2,0.7,-1.0513156444060292,1.9594465013774545,1.8515391526769656,4.277775946119565,3.8546735781100385
0.0,0.3,0.7,0.4,0.4,0.6,0.7,0.4,0.8,0.0,1.0,0.3,0.27709703947523007,0.6579122267802852,0.6408866735915708,3.051256253083612,2.7817268292642803
0.7,0.1,0.6,1.0,0.7,0.1,0.4,0.9,0.8,0.7,1.0,0.8,-2.6260863365304736,3.6563035887258,3.6142465721551056,5.398768881067957,5.210158857813552
0.9,0.0,0.9,1.0,0.4,0.4,0.2,1.0,1.0,0.0,0.5,1.0,-2.6421303176136894,3.38114977869895,3.355275225588264,2.269436284591889,2.1655663668583545
0.6,0.6,0.2,0.4,0.6,0.4,0.6,0.7,0.2,0.0,0.0,0.5,1.2717016123846132,-0.4568188991486522,-0.3852059936384339,1.9162425077984349,2.039662414770782
0.2,0.3,0.3,0.7,0.9,0.4,0.2,0.3,0.8,1.0,0.5,0.3,1.0546305805615137,0.10645432873217606,-0.0014308475627853312,1.953609629986937,1.476787145703049
0.7,0.6,0.2,0.6,0.7,0.6,0.5,0.1,0.9,0.5,0.6,0.8,0.13609128493619146,0.832703153064989,0.7910656965255907,3.3450209981430663,2.961444397366474
0.8,0.2,0.7,0.0,0.8,0.7,1.0,0.3,0.2,0.0,0.1,0.5,1.8109560436677659,-0.8235761208247339,-1.0878617350058093,2.520230471187269,2.432134576391826
0.7,0.6,0.2,0.4,0.2,0.9,0.3,0.5,0.3,0.3,0.5,0.9,1.1640527021968055,0.1661744656575899,-0.16095967218264298,0.15859143853497878,0.026997131678044697
0.0,1.0,0.9,0.0,0.2,0.9,0.9,0.4,0.8,0.8,1.0,0.3,-0.24527632840566838,1.288244135906411,1.1679166430475107,2.178392163298052,2.0120943533218707
0.8,0.2,0.5,0.5,0.5,0.6,1.0,0.6,1.0,0.1,0.1,0.8,-1.1305368540893495,2.0651731345888367,2.035238183389169,5.02229719981305,4.748151393043742
0.0,0.3,0.1,0.8,0.7,0.2,0.4,0.9,0.2,0.0,0.7,0.2,-2.3365210361158884,3.225262959828653,3.00302582388248,1.2679993609734341,0.9482358875289201
0.1,0.7,0.4,0.8,0.2,0.3,0.7,0.5,0.7,0.5,0.2,0.9,-2.7450036768762534,3.54810228939115,3.486966973772978,2.872037705709291,2.431842537481906
0.7,0.7,0.4,0.1,0.2,0.9,0.0,0.9,0.8,0.2,0.4,0.0,1.519791079821902,-0.37777423376778313,-0.633482795139871,2.1665279939125424,2.0264195158901006
0.9,0.5,0.2,0.8,0.3,0.6,0.4,1.0,0.8,0.5,0.5,0.1,-1.1295196133251495,2.026345300520323,2.0699433340897584,1.715282345642412,1.3327160801784799
0.2,1.0,0.9,1.0,0.2,0.5,0.1,0.9,0.8,0.9,0.8,0.2,-2.3242373670102334,3.674333941948091,3.254158393729373,5.106253174518471,5.151172614092761
0.2,0.7,0.9,0.6,0.1,0.8,0.6,0.4,0.5,0.5,0.8,0.1,0.33245977122319864,0.6878447072960067,0.5362982256439952,2.386079833883235,1.9446885889371117
0.9,0.7,0.6,0.0,0.4,0.0,0.2,0.1,0.9,1.0,0.0,0.6,-1.1331341180419026,2.162718556649874,1.9857895016378355,1.698565315659532,1.8185013869797033
0.2,0.0,0.3,0.9,0.6,0.4,0.5,0.6,0.8,0.5,0.4,1.0,-0.3761442266713909,1.381392586599517,1.2842240931992004,3.900122191963366,3.723341646803589
1.0,0.6,0.6,0.9,0.1,0.7,0.6,1.0,0.3,0.8,0.7,0.9,-4.0958413117200205,5.246911684549756,5.033688561852447,1.7443466001115324,1.5381663666037877
0.3,0.5,0.5,0.2,0.0,0.5,0.1,0.2,0.8,0.0,0.0,0.9,0.6544204669206644,-0.017835607563536193,-0.06003010470329663,2.6949397418061785,2.6559304503465353
0.7,0.2,0.2,0.4,0.7,0.0,1.0,0.1,0.0,0.2,0.2,0.4,0.052257205007970625,1.1250774437129525,0.8890118081076425,3.0794344662366986,2.9204322863473267
1.0,0.1,0.4,0.8,0.1,0.1,0.8,0.1,0.3,0.7,0.2,0.5,-3.0395296568895547,4.1817906976505865,3.966350831892378,2.1222573037579378,1.9987146095728912
0.6,0.7,0.6,0.4,0.7,0.4,0.4,0.1,0.7,0.4,0.8,0.0,-1.3011249006694252,2.5827407718954145,2.3019629124417356,2.9857696291846834,2.8801228835152193
0.5,0.0,0.4,1.0,0.6,0.0,0.3,0.7,0.9,0.6,0.4,1.0,-1.0091062286201007,1.7840715785911938,1.6762497683039221,2.8567484119788946,2.720369385637759
0.4,1.0,0.3,0.8,0.2,0.2,0.4,0.5,0.2,0.0,0.0,0.3,-0.560405179639119,1.5355339047403187,1.3863870014965396,0.21246165088054264,-0.1399450012893852
0.3,1.0,0.2,0.8,0.6,0.5,0.2,0.8,0.5,0.8,1.0,0.9,0.33853784834160483,0.7106834190902437,0.7489919621848147,4.111981856996342,3.809908090549381
1.0,0.4,0.3,0.8,0.5,1.0,0.2,0.4,0.8,0.6,0.6,0.7,-1.4396261916411461,2.223034582362699,2.1462543711877644,0.5381943280350897,0.4420266547426682
1.0,0.8,0.8,0.5,1.0,0.3,0.4,0.2,0.4,0.1,1.0,0.0,-0.6373821958821586,1.7080757151713086,1.480238036680015,1.4242013887610085,1.4130933668151238
1.0,0.6,0.2,0.8,0.8,0.8,0.4,1.0,0.8,0.3,0.4,1.0,-0.9186701126437076,2.010808020136357,1.7577265341869486,1.9364580627082326,1.5138186314334185
1.0,0.2,0.4,0.9,0.3,0.8,0.0,0.0,0.4,0.0,0.5,0.5,0.14616013311287535,0.9030837390409456,0.8716753504255575,-1.0175381164852217,-1.0648355661075308
0.6,0.6,0.8,0.4,0.7,0.5,0.5,0.4,0.0,0.4,0.6,0.4,0.5674234819737495,0.42548166030656964,0.31063272490560967,1.6456084479398787,1.4059583214476188
1.0,1.0,0.7,0.3,0.8,0.4,0.8,1.0,0.1,0.1,0.7,0.8,-3.4589847024532694,4.396902938296105,4.2809945102358276,2.6194384777752258,2.489595697418946
0.6,0.4,0.0,0.5,0.5,1.0,0.0,0.6,1.0,0.0,0.2,0.5,0.43036924688136424,0.7652485473627152,0.5740985879947945,3.801935239175429,3.711155251621445
0.1,0.4,0.6,0.6,1.0,0.6,0.9,0.8,0.3,0.3,0.4,1.0,0.13104392745294938,0.912322411365398,0.7361645960024977,4.240971839000251,4.3809527328532845
0.6,0.6,0.9,0.8,0.6,0.8,0.0,0.8,0.4,0.2,0.2,0.5,1.388701214973572,-0.5435010938678004,-0.5687003176641356,4.106079586518724,4.022716723729964
0.4,0.5,0.1,0.5,0.4,0.7,0.8,0.2,0.3,0.5,0.4,0.5,1.4162014042630018,-0.41671031957924914,-0.5466266447372646,0.4151528804110102,0.21761727990980123
0.9,0.2,0.5,0.6,0.2,0.5,1.0,0.2,0.6,0.7,0.3,0.6,-1.8118812538852984,2.7611503411713976,2.70467045021711,2.926296418139317,2.6915430135852545
0.6,0.2,0.5,0.1,0.3,0.2,0.3,0.6,0.5,0.0,0.8,1.0,-1.413531097405459,2.5049871274773077,2.4702496362788025,0.8749671355961964,0.680500757083082
0.3,1.0,0.9,0.4,0.4,0.8,0.4,0.3,0.9,0.1,1.0,0.9,1.0805320633652216,-0.31234494764168536,-0.4277152655091801,1.787775038143825,1.95561293015659
0.6,0.4,0.9,0.7,0.1,1.0,0.7,0.7,0.0,0.3,0.3,0.1,-0.4349935452596231,1.7046862219540826,1.27462174369438,5.37734599673266,5.099621471845658
0.6,1.0,0.3,0.3,0.8,0.5,0.0,0.5,0.9,0.0,0.3,0.7,1.0100906676204333,-0.05626788482787494,-0.09554940852887153,3.400537272093314,3.3083734826422093
0.3,0.1,1.0,1.0,0.1,0.1,0.3,0.6,0.3,0.1,0.8,0.0,-2.7528156923110276,3.644218537360651,3.512969880263843,4.036210874638893,3.8308198950317838
0.1,0.5,0.9,0.1,0.0,0.2,0.7,0.8,0.2,0.8,0.7,0.1,-1.837651030886523,2.9633284188633877,2.521534860457856,2.7794038041859497,2.465742691809407
0.6,0.4,0.7,0.9,0.0,0.0,0.3,0.1,0.3,0.9,0.0,0.3,-1.1964838999390617,2.010163432747602,2.00896068345981,1.9446546123168251,1.6842321322289822
0.8,0.2,0.9,0.8,0.5,0.4,0.8,0.8,0.9,0.2,0.2,0.6,-1.4367996631337163,2.437098479516411,2.320208121954798,5.114312725920535,5.001458371379716
0.7,0.9,0.1,0.6,0.4,0.2,0.8,0.2,0.9,0.9,0.2,0.3,-1.895864411521754,2.7274701136386015,2.490375924901245,3.282573878481708,2.9934608862768557
0.5,0.5,0.7,0.2,0.8,0.5,0.2,0.6,0.9,0.6,0.9,1.0,-0.6094729811260989,1.6287173256684226,1.5170430128483,3.9542245911922493,3.525270780020338
0.5,1.0,1.0,0.9,0.9,1.0,0.1,0.9,0.3,1.0,0.4,0.0,-1.431638883583358,2.9077958129263064,2.581580353051084,4.4519004061774945,3.918693389424452
0.8,0.7,0.2,0.3,0.3,0.4,0.0,1.0,0.2,0.0,0.4,0.2,1.1319507641322861,-0.10498175937263737,0.028881968498169125,0.8991215028287481,0.7627646891240594
0.6,0.8,0.0,0.6,0.9,0.5,1.0,0.1,0.3,0.9,0.4,0.9,-1.0120372141643157,1.9483435852908242,1.9509022606817163,3.054582907022361,2.586261992688497
0.9,0.9,0.6,0.1,0.7,0.9,0.3,0.5,0.8,0.4,0.0,0.4,0.05601121935090096,0.7551889207090963,0.8109673795818715,2.3061921095775095,2.2116045289843
0.5,0.3,0.1,0.7,0.3,0.0,0.3,0.2,0.0,0.5,0.5,0.6,-0.755558181500845,1.7674757618363013,1.5206370788390942,-0.9821480723389548,-1.1983064795711456
0.4,0.8,0.5,0.9,0.6,0.2,0.4,0.7,0.7,0.3,0.7,0.8,-2.301779917414891,3.270222364728318,3.1658878464867364,4.184821463580468,4.020145209557834
0.7,0.0,1.0,0.8,0.7,0.1,0.7,0.1,0.0,0.4,0.4,0.0,-1.8599996787265853,2.8409220313566284,2.528253799912561,5.444009883046382,4.9534173034627695
0.5,0.8,0.2,0.1,0.7,0.2,1.0,0.4,0.2,0.8,0.2,0.3,0.06312659546909906,0.9800081933848056,0.7775405456464374,1.0558884839468894,0.8215382815686231
0.3,1.0,0.5,1.0,0.4,0.0,1.0,0.8,0.5,0.3,0.2,0.6,-1.555426339252679,2.3828662384502457,2.4748411026972996,4.196479030919067,3.894635871761616
0.0,0.6,0.3,0.4,0.8,0.4,0.6,0.7,0.2,0.0,0.1,0.3,0.5495141873724759,0.5230353362370042,0.24776539308458953,2.6250840587103714,2.3888710288903967
0.8,0.2,0.0,0.2,0.1,0.3,0.1,0.0,0.3,0.2,0.9,0.5,-0.0073991107634636885,0.8719870442882047,0.881737701402508,0.7223464163754258,0.6695854701016747
0.8,0.3,0.6,0.8,0.9,0.5,0.9,1.0,0.2,1.0,0.9,0.8,-3.191493264366192,4.127500709700831,4.108480334312654,6.0991348148139,6.034124359170808
0.1,1.0,0.6,0.0,0.8,1.0,0.7,0.9,0.6,1.0,0.6,0.6,-1.039960504535269,1.9244047119713286,1.9770474535239384,5.028122310282568,4.792924904764055
0.1,0.9,0.6,0.8,0.7,0.5,0.7,0.9,0.8,0.0,0.9,0.9,-2.6449744494871883,3.4330927846256145,3.531149267328316,6.5256753638359895,6.292244460522419
0.3,1.0,0.2,0.3,0.0,0.3,0.5,0.8,0.8,0.6,0.3,0.2,0.550278759182724,0.879973405614947,0.7436246424026465,1.4396710241344244,1.3588674088646149
0.1,0.9,1.0,0.3,0.2,0.6,0.2,0.2,0.7,0.9,0.9,1.0,-1.2541930757705746,2.256431232593128,2.334943957536809,3.9087316590169476,3.960451202873649
0.8,1.0,0.1,0.0,0.7,0.1,0.9,0.8,0.3,0.5,0.5,0.3,0.46342189464362615,0.5407857729898062,0.4021590906379454,2.3203072551019694,2.175536389652242
0.5,0.9,0.6,0.0,1.0,0.4,0.3,1.0,0.9,0.6,0.3,0.5,0.10804798657805309,1.1737775780890574,1.0141574088086414,1.3488231053531416,1.3901572969795206
0.9,0.6,0.8,0.6,0.7,0.8,0.3,0.5,0.6,0.3,0.6,1.0,-0.9388922544092759,1.7422143527737117,1.6975667999855584,1.9856620525226236,1.8359019742446094
0.7,0.2,0.4,0.8,0.1,0.3,0.6,0.5,0.5,1.0,0.0,0.1,-1.6549990049946872,2.838982226400372,2.8501039191727133,2.133344331544192,1.817108166281317
0.5,0.5,0.3,0.3,0.4,0.8,0.8,0.9,0.7,0.8,0.6,0.0,-0.807253821133036,1.7330188930171146,1.6715182965363624,-0.20034130019313656,-0.43880417539542577
0.5,0.4,0.5,0.7,0.4,0.3,0.9,0.9,1.0,1.0,0.8,1.0,-4.618356713074585,5.693200255488074,5.717736049189549,1.9823462491201673,1.6360206535792783
0.8,0.5,0.7,0.6,0.4,1.0,0.7,0.5,0.7,0.2,0.4,0.2,-0.17884054335314917,1.3775002389738877,1.1441260766641972,4.638243971624106,4.077689892530014
0.6,0.0,0.1,0.7,0.7,0.8,0.4,0.2,0.5,0.2,0.6,1.0,0.32260819854909806,0.832867548914668,0.5726025712358341,1.4569413257485182,1.3589366875175193
0.6,0.6,0.0,0.9,0.5,0.0,0.3,0.2,0.8,0.4,1.0,0.9,-1.3639594744182946,2.255619748763255,2.289280287932545,2.582473381648745,2.5189800585022204
0.5,0.4,0.3,0.8,0.5,0.7,0.8,0.2,0.0,0.6,0.4,0.9,-0.1499613521077503,1.0296072587540628,0.9324887814312599,1.1093383304463071,0.8228261215642967
0.5,0.0,0.6,0.4,0.7,0.0,0.8,0.8,0.1,0.5,0.8,0.7,-1.8421797382529366,3.0278552900159412,2.9233431729433264,3.769005954570563,3.512376609617477
0.5,0.4,0.8,1.0,0.7,0.4,1.0,0.5,0.2,1.0,0.8,0.7,-3.5234885055271317,4.6385393719417625,4.590576783248426,4.12680033216617,4.01442358769343
0.6,1.0,0.6,0.0,0.6,0.1,0.1,0.1,0.4,0.9,0.5,0.2,0.45166191934869004,0.7063097897392294,0.6978377501702061,2.7024706582347577,2.3507776981040016
0.6,0.2,0.7,0.6,0.7,0.6,0.4,0.3,0.7,0.7,0.7,0.8,-0.35953741943060585,1.2715301142258812,1.1371445836851732,2.6184796350089736,2.76773397805517
0.7,1.0,0.6,0.3,0.6,0.1,0.2,0.1,0.0,0.6,1.0,1.0,-1.3585828731051157,2.3352351868514676,2.1479843537172707,3.6801786866543194,3.3186702188616297
0.5,0.9,0.3,0.7,0.8,1.0,0.3,0.4,0.6,0.8,0.2,0.8,-0.03273414779044817,0.8266920380489089,0.8910822298140906,2.617111991934365,2.316630097987228
0.0,1.0,0.5,0.3,0.0,0.1,0.2,0.1,0.7,0.0,0.9,0.5,-1.5058305723770395,2.5584048132303554,2.3313531127337406,2.8669206016925015,2.6054133961125925
0.0,0.8,0.0,0.7,0.0,0.9,0.7,0.9,0.3,0.4,0.7,0.9,-2.765510591984352,3.5548781543091694,3.785441675095547,2.0725836710658645,1.76963223956683
0.2,0.4,0.7,0.5,0.6,0.1,0.6,0.8,0.1,1.0,0.0,0.0,-0.730762424891798,1.648241120995113,1.6628249542906273,4.928809878207642,4.788620081221902
1.0,0.4,0.3,0.9,0.4,0.5,0.2,0.5,0.7,0.5,0.7,0.1,-2.540467112480457,3.6594971372434633,3.5522947634627435,0.6882959622294439,0.5364084526855583
0.6,0.9,0.1,0.3,0.7,0.5,0.3,0.3,0.8,0.4,0.2,0.2,1.1217205180188141,-0.22959595267869481,-0.17146264997209537,2.4869840037452557,2.4652644765314866
0.9,0.9,0.0,0.9,0.0,0.0,0.8,1.0,0.2,0.5,0.5,0.1,-3.245009718418228,4.298296952324411,4.082350488928879,1.7235882115947694,1.7662041752944615
0.0,0.6,0.8,0.1,0.7,0.5,0.6,0.3,0.9,0.0,0.3,0.3,1.7754348928158035,-1.0024032798673674,-0.892845775712045,3.6602776027622865,3.1731328565035115
0.4,0.1,0.4,0.0,0.7,1.0,0.6,0.7,0.3,0.6,0.4,0.5,2.4095673111078413,-1.4710658907319452,-1.5986889064378542,2.9702393832990532,2.748038556491459
0.3,0.2,0.2,0.9,0.3,0.6,0.1,1.0,1.0,0.9,0.3,0.1,0.18754669826602544,0.8310582975156607,0.8147709085728303,3.792215425664123,3.537803106925606
0.5,0.2,0.9,0.4,0.5,0.1,0.2,0.1,0.9,0.2,0.6,0.8,-0.9853097574206036,1.9103224835505068,2.023004701887353,2.7538035058931074,2.4614550093527208
1.0,0.8,1.0,0.4,0.6,0.3,0.9,0.1,0.5,0.3,0.9,1.0,-3.2011709253970837,3.9971505744310023,3.982357718414117,3.036722438487486,2.990927416458428
0.1,0.0,0.5,0.0,0.5,0.0,1.0,0.7,0.1,0.6,0.0,0.9,-0.7942355589221951,1.7218877883142962,1.3994716708538815,2.48808080585052,2.239527032835114
0.7,0.6,0.7,0.2,0.3,0.0,0.8,0.4,0.3,0.0,0.2,0.6,0.4033635325245036,0.576677987297742,0.5292843932847475,1.6173940243716045,1.5984133558143472
0.8,0.9,0.2,0.0,0.9,0.0,0.7,0.6,0.5,0.4,0.4,0.7,1.2504950095198777,-0.13591116541604606,-0.27648925073378977,3.367013911992944,2.947306400972791
0.6,0.3,0.1,0.7,0.2,0.1,1.0,1.0,0.2,0.8,0.8,0.0,-3.648605291003778,4.509194599794083,4.548904802798762,2.0644106900463344,2.080741020129063
0.2,0.7,0.7,0.6,0.9,0.0,1.0,0.3,0.3,0.9,0.4,0.8,0.24282895005863492,0.6196533187537165,0.4034858568561602,3.292487231349238,3.0509371521468007
0.2,0.5,0.1,0.9,0.5,0.5,0.6,0.0,0.3,0.6,0.6,0.4,-0.09258539068503734,1.140508242465439,1.0953333802099792,1.7176372877428001,1.594388920011273
0.1,0.3,1.0,0.2,1.0,0.5,0.4,0.9,0.4,0.9,0.8,0.8,-1.1862894784763383,2.4707699708413933,2.292773364675802,3.1791486498016033,2.9684404486228586
0.2,0.9,0.5,0.9,1.0,0.5,0.2,0.6,0.0,0.4,0.7,0.3,-1.5402796522226379,2.5189296039815003,2.4329922212126527,4.062456075501715,3.590507292576449
0.4,0.5,1.0,0.5,0.0,0.7,0.8,0.2,0.6,0.5,0.7,0.4,-0.9516614891510854,1.6465322149214452,1.6511342729581284,2.3099193836026717,2.0832775043507494
0.6,0.4,0.1,0.0,0.2,0.2,0.3,0.3,0.4,0.2,0.1,0.1,1.3590069817423407,-0.23775833559623266,-0.38845924187012737,-0.34439600048081387,-0.4438997034024865
0.8,0.3,0.4,0.7,0.2,0.3,1.0,0.8,0.3,0.9,0.4,0.0,-1.6517637647044254,2.693522078586959,2.7029057534040697,1.124780267991639,1.0677150869117904
0.4,0.7,0.1,0.4,0.1,0.3,0.4,0.0,1.0,0.3,0.2,1.0,-0.5189703574875163,1.609291720040019,1.6550753340732456,0.5751607037571631,0.33618014068528057
0.2,0.4,0.5,0.1,0.2,0.3,0.3,0.9,0.2,0.7,0.0,0.0,-0.35223579093635987,1.3840382304424665,1.2963828551651013,-0.4943259719591796,-0.8319731623798826
0.9,0.5,0.5,0.1,0.8,0.8,0.3,0.5,0.3,0.8,0.7,0.5,-0.8765593804428153,2.105337927959977,1.779737367497838,-0.13433119400554644,-0.5064663489731166
0.0,0.8,0.5,0.0,0.8,0.8,0.1,0.0,0.8,0.7,0.2,0.7,0.6698052262812484,0.3801318789752587,0.33280110117610673,2.344256277329812,1.8631278402800362
0.7,0.8,0.6,0.0,0.2,0.5,0.8,0.3,0.1,0.8,0.7,0.8,-1.365567696025233,2.273774733352112,2.100383395045866,1.6129622838616149,1.3787284490441418
0.3,0.6,0.9,0.2,0.7,0.1,0.0,1.0,0.3,0.3,0.7,0.5,0.5642139822558034,0.17821811461607132,0.19301119827792618,4.324702255617343,3.8134589612816803
0.8,0.7,0.2,0.6,0.3,0.5,0.6,0.7,0.4,0.1,0.1,1.0,0.06731486844874553,0.8994834573109389,0.9644849454361621,3.609552448848739,2.927633317904241
0.5,0.4,1.0,0.4,0.8,0.0,1.0,0.8,1.0,0.0,0.2,0.3,-0.7237997896890659,1.5662338981359185,1.6394968771449483,4.09462354052243,3.6115020375472975
0.9,1.0,0.0,0.3,0.9,0.6,0.7,0.5,0.2,0.9,0.8,0.7,-2.66051118510739,3.589003672783374,3.3915811342551567,2.893331764661079,2.7869472736666023
0.3,0.7,0.8,0.1,0.7,0.0,0.2,0.7,0.8,0.3,0.8,0.3,1.442827264214529,-0.5077573564855352,-0.7152687712404628,4.280126134841386,4.167214472897673
0.7,0.9,0.9,0.8,0.3,0.6,0.6,0.9,0.1,1.0,0.4,0.4,-1.3509099162429787,2.323775679408938,2.1929774749797772,3.8928494541591756,3.6139481513815683
0.4,0.3,0.5,1.0,0.1,0.0,0.0,0.9,0.6,0.9,0.9,0.3,-2.126046451419867,3.1218378562421827,3.038814361176062,3.4375734556751896,3.1055760065213565
0.4,0.2,0.6,1.0,0.7,0.6,0.6,0.9,0.0,0.5,0.0,0.3,-0.8023147269158499,1.8065172641038243,1.55302719470003,4.016187753151063,4.156258280121284
0.9,0.4,0.3,0.6,0.6,0.2,0.5,0.1,0.2,0.9,1.0,0.0,-1.8582965164337912,3.061579141786425,2.920869184072637,2.5927612771169204,2.5002613851638724
1.0,0.1,0.1,0.8,0.4,1.0,0.5,0.5,0.8,0.6,0.7,0.8,-3.828790011468342,4.758426785816842,4.790667206981427,1.166449144404342,0.929622378965349
0.5,0.3,0.1,0.7,0.8,0.9,0.3,0.4,0.4,0.4,0.1,0.7,0.7976978731258995,0.043784286598126346,0.1148063544349075,1.4146634959569642,1.2587760511501676
0.8,0.7,0.6,0.3,0.4,1.0,0.7,1.0,0.2,0.8,0.4,0.7,-0.47156355693754987,1.809247991473698,1.6888428665265356,3.7184021046871822,3.6441018479769176
0.7,0.4,0.9,0.4,0.5,0.1,0.9,0.3,0.6,0.1,0.8,0.8,-0.48905129969129413,1.60109949943311,1.5594032093252108,4.032360754134325,3.7025263692766543
0.8,0.4,0.0,0.8,0.1,0.4,0.3,0.7,0.1,0.8,0.2,0.8,-2.489873575728419,3.5684469946489403,3.333704547751764,2.1872631867039156,1.7218522460572978
0.8,0.9,0.9,0.6,0.4,0.2,0.7,0.5,0.8,0.4,0.4,0.5,-1.493136277832037,2.2875366208998766,2.426027152738654,3.3321700066705655,3.0385911071991334
0.3,0.5,1.0,0.6,0.8,0.3,0.5,0.2,0.2,0.4,0.7,0.6,-1.2184718027475903,2.14864871644356,2.0974818205430346,2.618313361245524,2.4871912650846473
1.0,0.0,0.8,0.9,0.9,0.9,0.2,0.0,0.4,0.0,0.0,0.8,0.15453920079586897,0.5899322490541764,0.7133194004052108,2.6270770965059995,2.4893298690832233
0.5,0.0,0.4,0.2,1.0,0.7,0.2,0.2,0.2,0.8,0.6,0.7,0.7740541017962124,0.0776022989180141,-0.0982098647899885,0.17426925180260017,0.09360264950533168
0.7,0.4,0.3,0.0,1.0,0.2,0.2,0.4,0.6,0.7,0.8,0.5,1.1249401400956343,-0.06375529242487188,-0.2648823081658833,0.36990953013978617,0.24827558027186114
0.0,0.3,0.0,0.6,0.2,0.1,0.6,0.7,0.4,0.7,0.5,1.0,-1.723092580948433,2.7704253476235072,2.450152715753479,1.2188144948815456,1.1042699078603286
0.5,0.5,0.8,0.2,1.0,0.7,0.3,0.9,0.9,1.0,0.5,0.4,0.9017567606874306,0.35671695060665387,0.13479717076600195,1.2284072412042684,1.2897279284657643
0.0,0.1,0.4,0.1,0.1,1.0,0.7,1.0,0.6,0.8,0.2,0.5,-0.5562062344831491,1.7325512450276488,1.678481096362213,3.4128932033436565,3.1242959651096145
1.0,0.6,0.2,0.7,0.8,0.1,1.0,0.3,0.7,0.2,1.0,1.0,-1.6372710324267146,2.6346980166514538,2.5189496363083634,3.5300793275797457,3.1334605020415847
0.9,0.2,0.8,0.1,0.4,0.9,0.1,0.0,0.1,0.4,0.7,0.2,0.06428961180116102,0.9466042305233031,0.7111139563278542,1.2045163594515509,1.006700170863247
0.1,0.8,0.3,0.1,1.0,0.0,0.4,0.6,0.4,0.2,0.5,0.7,1.6525636564949282,-0.5810357518816575,-0.6294813528400486,1.4464938865594517,1.2881054696796383
1.0,0.2,0.7,0.0,0.1,0.9,0.7,0.9,0.3,0.0,0.1,0.8,-1.0054951197148498,2.004485904403334,1.9592507040926748,1.9943551910678796,1.746092991170248
0.7,0.6,0.1,1.0,0.0,0.2,0.0,0.8,1.0,0.7,0.0,1.0,-1.4091913961453837,2.438747459037968,2.4707950170226183,3.0770759521371853,2.8904920521609707
1.0,0.8,0.1,0.5,0.7,0.8,0.1,0.3,0.2,0.8,1.0,0.1,0.11668697884145325,0.9044784344599253,0.6328867091323023,0.9767016804372033,0.6833872161081597
1.0,0.0,0.6,0.8,0.4,0.1,0.9,0.1,0.5,0.2,0.9,0.8,-3.6991191488364614,4.721920950927018,4.43911762524661,4.1319051246749545,3.717948543286519
0.0,0.6,1.0,0.3,0.5,0.1,0.4,0.4,0.5,0.1,0.9,0.2,-0.5070584883135391,1.3139697643060024,1.2412547665701839,2.085286750366207,1.9469490076201132
0.5,0.5,0.3,0.4,0.0,0.2,0.0,0.2,0.9,0.1,0.6,0.6,-0.02640034024400065,1.0628933372506433,0.8772223272032209,1.2980535631944343,1.046224908604737
0.5,0.5,0.9,0.3,0.1,0.1,0.1,0.5,0.7,0.9,0.3,1.0,-1.559371721929991,2.3783616388034967,2.3125757022496054,2.9845919428057046,2.7938105492597325
1.0,1.0,0.8,0.8,1.0,0.2,0.2,0.7,1.0,0.4,0.7,0.7,-2.776580231458657,3.770640782393735,3.620958243710587,3.618575278499153,3.4113756958293524
0.0,1.0,0.2,0.2,1.0,0.5,0.9,0.2,0.5,0.9,0.0,1.0,0.005933712979205516,0.7234284628839879,0.86894429722235,2.2388431835165914,2.1502281792445865
0.7,0.5,0.1,0.1,0.2,0.7,0.4,0.7,0.3,0.0,0.7,0.5,1.1128666356818278,-0.027434580365411187,-0.21996369124210613,-0.1282279020786471,-0.16598970849914108
0.6,0.7,0.5,0.3,0.4,0.9,0.3,0.5,0.0,0.8,0.6,0.6,-1.0817408257102474,2.18105242701266,2.0513010872707262,-0.543726415980238,-0.6561633487055705
0.3,0.3,0.4,0.1,0.0,0.8,0.6,0.5,0.0,0.3,0.3,1.0,0.5867422831253475,0.508746650117422,0.46666431948023546,1.229000883969474,0.9115012466837146
0.4,0.0,0.4,0.6,0.5,0.0,0.1,0.5,0.0,0.7,0.0,0.1,-0.3473644330001179,1.3182114475149755,1.313638515823766,0.6010109786294805,0.5273943445701825
0.6,0.6,0.9,0.9,0.5,0.4,0.7,1.0,0.0,0.4,0.7,0.9,-3.208637262716018,4.4102033652950245,4.161294786787507,3.3155393783585607,3.090752969012473
1.0,1.0,0.2,0.5,0.5,0.2,0.1,0.5,0.1,0.0,0.4,0.9,-1.532795866853936,2.6837851754682935,2.6210977937675364,0.288289991959802,0.043710352665840085
0.5,0.0,0.9,0.7,1.0,0.2,1.0,0.7,0.9,0.5,0.5,0.6,-1.0198334155890663,2.0732927046220477,1.9331987022314459,4.1408549499006435,3.880295859223634
0.8,0.4,0.8,1.0,0.7,0.5,0.2,0.9,0.8,0.8,0.6,0.2,-1.4039030130660575,2.4151344343010615,2.331982468913377,4.369199383385672,4.255514011089916
0.3,0.5,0.0,0.1,0.4,0.2,0.7,0.7,0.6,0.6,1.0,0.7,0.23428417061169438,0.9672976110064818,0.8706076483035606,3.2483711968048934,3.141102043658962
0.8,0.2,0.6,0.1,0.6,0.8,0.1,1.0,0.2,0.5,0.7,0.7,-0.4688293196488913,1.302883670928418,1.238430111546876,2.552514993837006,2.242785686287906
0.4,0.3,0.1,1.0,0.3,0.3,0.2,0.0,0.5,0.9,0.9,0.0,-1.4664832709189948,2.8478276491807533,2.7899895028174018,0.5741194815481816,0.48745081282722397
0.5,0.7,0.3,0.3,0.4,1.0,0.3,0.9,0.6,0.1,0.5,0.2,1.6340308809448485,-0.5580721468004257,-0.7882996504483323,0.4797677323184245,0.28516755134595373
0.8,1.0,0.0,0.6,0.6,0.7,0.6,0.3,0.5,0.9,0.2,0.2,0.22202013752663965,0.7383955421812429,0.8062698326703774,2.8961695470417084,2.6991097198412426
0.3,0.6,0.0,0.0,0.3,0.3,0.9,1.0,0.5,0.9,0.0,0.5,-0.03231781004314012,0.9901640237179665,0.9747199286558476,0.5152392647036959,0.36547600165894406
0.4,0.3,0.3,0.1,0.6,0.1,0.2,0.2,0.6,0.1,0.7,0.6,1.2235077884507135,-0.30051675120612603,-0.31033322545636777,1.7854672216514178,1.5299355633051914
0.1,0.2,0.6,0.9,0.8,0.6,1.0,0.7,0.2,0.2,0.4,0.4,0.14599986913279478,0.8666455313060478,0.9349743256807805,5.795567067553697,5.464934308466989
0.1,0.4,0.7,0.3,0.9,0.4,0.9,0.4,0.4,1.0,0.7,0.3,-0.9885351609092635,1.8885325349659248,1.7918594878373992,2.0661972496263843,2.1297618407978356
0.6,0.7,1.0,1.0,0.2,0.0,0.6,0.4,1.0,1.0,0.1,0.0,-3.069769094620215,4.036720699391139,3.6296365927761536,3.431003156452507,3.1104812896171232
0.2,1.0,0.7,0.8,0.8,0.5,0.7,0.6,0.3,0.2,0.1,1.0,-0.7621399697042848,1.7362932951918921,1.539735729039423,6.474036872559127,6.334991536523881
0.7,0.1,0.7,0.5,0.0,0.4,0.6,0.0,0.2,0.9,0.2,0.7,-1.5132509321267822,2.556100654086271,2.184290311078956,3.1055746700609577,2.794056924610393
0.7,0.9,1.0,0.5,0.3,0.6,0.0,0.2,0.9,0.8,0.3,0.0,-0.47687051178023476,1.3316780969074102,1.1982407568754188,3.6818949841568274,3.5483893363605974
0.5,0.5,0.9,0.7,0.4,0.9,0.4,0.4,0.9,0.2,0.3,0.6,0.2211548774559005,0.7409301376740448,0.5750491590485938,2.111167816262453,1.7126658777729238
0.6,0.9,0.3,1.0,0.7,0.0,0.9,0.8,0.6,0.5,0.1,0.7,-0.8851017051169023,1.8736052897701725,1.9345947448344245,4.241979483699886,4.2415778280247
0.2,0.1,0.9,0.2,0.9,0.8,0.9,0.7,0.1,0.4,0.9,0.0,0.73646587393368,0.23688435552856815,0.19591270674058897,4.552145206769795,4.440747708432856
0.8,0.6,0.5,0.3,0.7,0.4,0.5,0.0,0.8,0.9,0.1,0.4,-0.6344115035836637,1.722605986928094,1.4258791930293104,2.767224572605336,2.437179995215399
0.3,0.5,0.3,0.1,0.6,0.1,0.5,0.6,0.9,0.2,0.5,0.1,1.285802297572725,-0.46001520654583583,-0.5691615524968368,2.9104059250158283,2.6582597893648385
0.0,0.5,0.9,0.7,0.2,0.7,0.3,0.5,0.8,0.5,0.0,0.4,-0.43410309969421523,1.456977393324138,1.2954155388726607,1.0971737412224947,0.693998426974965
0.9,0.2,1.0,0.0,0.8,0.7,0.9,0.9,1.0,1.0,0.6,1.0,-2.2927921143722365,3.65819535771966,3.242701465754619,2.835187340104384,2.7220295180041902
0.6,0.4,0.8,0.0,0.5,0.6,0.1,0.9,0.8,0.5,0.8,0.2,0.5380777323315046,0.22876655790524897,0.20322428573750173,3.0975711942860813,2.8468310586715933
0.3,0.5,0.6,0.9,0.8,0.8,0.2,0.9,0.0,0.2,0.7,0.8,-1.4422264780175136,2.316540926537223,2.2187672034719386,3.049632382546625,2.8619342495443534
0.7,1.0,0.0,0.9,0.4,0.6,1.0,0.4,0.4,0.8,0.9,0.4,-1.2461035039053452,2.128575106638796,2.122240511414134,2.085671210605126,1.684166207317663
0.6,0.1,0.1,0.6,0.9,0.3,0.3,1.0,0.6,0.8,0.3,0.1,-0.8391668732770171,1.8712168990460671,1.9143823072022452,1.6915687548540268,1.6664675585476376
0.4,0.6,0.3,0.4,0.3,1.0,0.4,0.9,0.6,0.9,0.8,0.6,-0.5987990524108778,1.6245922830908794,1.5720748224749717,1.8712967653597798,1.4384237170825953
0.1,1.0,0.1,1.0,0.6,0.2,0.9,0.2,0.0,1.0,0.1,0.5,-2.82010048497749,3.9113458608211364,3.7526226854167306,4.601135836402115,4.2748622115310155
0.1,1.0,0.6,1.0,0.7,0.9,0.6,0.2,1.0,0.8,0.6,0.2,-1.520138772167254,2.4791135272492086,2.3989978727595083,5.040359576378793,4.940597268442301
0.4,0.4,0.0,0.8,1.0,0.1,0.8,0.9,0.6,0.7,0.3,0.5,-1.3200843677972651,2.2071745074329225,2.118390820629468,3.2127150811693785,3.0351892525385527
0.5,0.6,0.0,0.5,0.6,0.6,0.1,0.4,0.2,0.0,0.7,0.7,-0.03839114318436017,0.8342795823099372,0.9469339033779639,0.9510043257679272,0.7237339684125313
0.3,0.9,0.9,0.7,0.0,0.2,0.4,0.9,0.3,0.3,0.9,0.8,-1.5949806988321005,2.8070642991077954,2.717024909003015,3.496644896405126,3.1854346930716027
0.9,0.3,0.9,0.3,0.9,0.3,0.7,0.5,0.3,1.0,0.7,0.0,-2.8742292648894114,4.103257923579034,4.052111329772137,2.004578756847819,2.0598278659117795
0.8,0.5,0.8,1.0,0.4,0.1,0.8,0.7,0.9,0.3,0.2,0.7,-1.8698641861227279,3.0171977188077954,2.823927317577589,6.875818412253526,6.369537739388465
0.2,0.1,0.7,0.5,0.1,0.3,0.1,0.4,0.0,0.8,0.6,0.2,-0.811038454096175,2.1995657266785384,1.7298589660941461,0.6914144862587246,0.20261550345668428
0.9,1.0,1.0,0.1,0.8,0.1,0.7,0.9,0.4,0.5,1.0,0.9,-1.960237809023062,3.007057015543535,2.7768484480289253,4.268460456151744,4.1584554047584446
1.0,0.3,0.9,0.2,0.0,0.0,0.3,0.9,0.3,0.2,0.3,0.1,-1.0961971749713644,1.8073352525839113,1.8205511196430535,0.9466367130534257,0.5472465624204101
0.8,0.0,0.8,0.7,0.6,0.0,1.0,1.0,0.8,0.1,0.1,0.0,-1.615170831452304,2.921012744916479,2.584384909504933,5.490805169999985,5.3483661422893825
0.5,0.8,0.1,0.4,0.3,0.2,0.2,0.2,0.5,0.9,0.3,0.7,-0.47078004752475,1.6283471329247112,1.2210130202780405,0.9273300355658571,0.776955007914096
1.0,0.9,0.8,0.0,0.9,0.2,0.4,0.5,0.7,0.7,0.1,0.0,-1.486290657981355,2.6082296907693765,2.655959381217779,1.4889654910305192,1.032940662830191
0.1,0.9,0.3,0.6,1.0,0.5,0.2,0.6,0.5,0.4,1.0,0.4,1.137146799399277,-0.02288587740944109,-0.27834649559890123,4.054045220258499,3.7089062900393404
0.7,0.0,0.4,0.2,0.3,0.4,0.5,0.9,0.4,1.0,0.3,1.0,-0.8756083517372287,2.1363384786426356,1.960518578481076,1.1889260189913973,0.9615766389860139
0.9,0.0,0.9,0.5,0.1,0.9,0.7,0.8,0.8,0.8,1.0,0.2,-1.389062005006625,2.342422093728105,2.36113077808643,4.85064157207419,4.860491135432516
0.3,1.0,0.4,0.4,1.0,0.1,0.3,0.8,0.0,0.2,0.9,0.8,-0.09147209313642879,1.2408624657438712,1.2116041791731753,3.2295266620221983,2.9462205783705886
0.1,1.0,0.5,0.2,0.4,0.8,0.0,0.2,0.3,0.1,0.0,0.1,1.7281300172697858,-1.0114944742310776,-1.0746914151430245,1.64311159308701,1.137950399682529
1.0,0.9,0.5,0.6,0.4,0.1,0.9,0.5,0.3,0.3,0.5,0.6,-2.998527009094568,3.934332477388197,3.801209269555684,0.9069970556738784,1.0615507892234004
0.6,0.4,0.1,0.3,0.6,0.8,0.4,0.8,0.6,0.0,0.6,0.4,1.3802068278030448,-0.5277610098430618,-0.8129113916563948,0.23049927693050376,0.14906624578926564
0.0,0.1,0.3,0.6,0.9,0.0,0.3,0.0,0.2,0.8,0.6,0.5,-0.6191165940561494,1.5440335105893948,1.3455826698846287,-0.487680163262754,-0.6133909067841602
0.1,0.6,0.3,0.5,0.4,1.0,0.3,0.9,0.4,0.3,0.3,0.4,1.4184843201945305,-0.5318523590546204,-0.5712338216260041,1.967304260887685,1.8357594675636726
0.7,0.1,0.5,0.3,0.0,0.4,0.7,1.0,0.5,0.7,0.1,0.8,-1.6378569335950768,2.510053239245995,2.508155928258391,2.8235711461732618,2.681717157484516
0.8,0.1,0.1,1.0,0.0,0.8,0.8,0.4,0.6,1.0,0.1,0.4,-1.6075872059549792,2.538789355238663,2.4221841365895567,3.0899670901409766,2.7333487733208983
0.7,0.3,0.9,0.9,0.4,0.2,0.3,0.3,0.5,0.2,0.7,0.3,-0.4723758238486749,1.4137751215249106,1.0853383175936744,1.919819505275822,1.4687971772582165
0.7,0.8,0.9,0.9,0.7,0.9,0.0,0.6,0.6,0.6,0.0,1.0,0.331164040570684,0.6984086555719304,0.8587450195724127,5.571478303974111,5.380658350216856
0.7,0.4,0.9,0.3,0.8,0.7,0.7,0.6,0.8,0.7,0.2,1.0,-0.370452870273134,1.1790744922726113,1.1377195559798745,4.829011567226127,4.5329901591905895
0.9,0.9,0.3,0.5,0.7,1.0,0.4,0.8,0.0,0.6,0.8,0.5,-1.112475012175739,2.006313887102981,1.849478467449465,2.3706607980121563,2.370316640812788
0.5,0.5,0.6,0.6,0.5,0.0,0.5,0.6,0.7,0.7,0.2,0.0,-2.1184688621261154,3.124851845118749,2.9402159543408697,2.875378463929468,2.628625369394574
0.3,0.1,0.0,0.4,0.9,0.8,0.9,0.7,0.8,1.0,0.5,0.3,0.5403959285124816,0.36033940476250637,0.40399565226348144,3.3720410823289764,2.980769872416013
0.9,1.0,0.6,1.0,0.8,0.0,0.7,0.8,0.4,0.7,0.9,0.5,-2.6459417472381035,3.783074409061734,3.464264068583393,4.613047926038915,4.191334595852263
0.7,1.0,0.6,0.8,0.1,0.8,0.5,0.2,0.8,0.2,0.2,0.4,-0.6318269049141662,1.6787064736343225,1.5612577570541857,3.722099637096229,3.4106213503480363
1.0,0.1,0.5,0.0,0.9,0.1,0.1,0.3,0.0,0.7,0.2,0.5,-0.6456452001172858,1.6427072976147619,1.4918670054106662,0.8468713573882131,0.6195342141625709
0.0,0.9,0.3,0.4,0.9,0.6,0.6,0.6,0.3,0.4,0.8,0.6,-0.03473789796010113,1.2333167479081253,1.0161773881998908,3.3724188606049945,3.3350142252339863
0.7,0.2,0.6,1.0,0.2,0.6,0.3,1.0,1.0,0.8,0.2,0.5,-1.7440743236642553,2.6394339871962704,2.5384761403150398,4.02637631206193,3.885924459213336
0.8,0.1,0.5,1.0,0.9,0.2,0.5,0.6,0.7,0.7,0.8,0.8,-3.658854132589679,4.574416510142304,4.55154411846006,4.788114757733803,4.808167119123434
1.0,0.0,0.3,0.6,0.9,0.7,0.7,0.6,0.1,0.8,0.7,0.0,-2.2837638134093146,3.4123646606310314,3.4118920918247806,1.6096003785378887,1.4942487491922039
0.1,0.9,1.0,1.0,0.1,0.5,0.5,0.2,0.9,0.9,0.8,0.0,-3.627064421403465,4.858332573467197,4.5634096021877,5.010600935962838,4.830751937901678
0.3,0.7,1.0,0.1,0.3,0.4,0.0,0.9,0.4,0.3,0.5,0.3,1.28548859066187,-0.32063337047473517,-0.4072078493311586,0.8946639866187706,0.7507707940413497
0.2,0.2,0.3,1.0,0.8,0.6,0.2,0.3,0.1,0.3,0.4,0.3,2.58234939147115,-1.5184947292095956,-1.5472861431804135,3.36848657350775,3.2672497916589336
1.0,0.8,0.3,0.8,0.7,0.5,0.6,0.0,0.2,0.7,0.7,0.3,-1.8379988857590757,2.766288705565207,2.777646016557306,1.4408663440855276,1.3780825532534673
0.4,1.0,0.6,0.0,0.3,0.9,0.0,0.3,0.2,0.7,0.9,0.0,0.7045275976699259,0.3175430914380567,-0.0662096918598139,1.1781238901212525,0.7883597677187296
0.4,0.7,0.4,0.5,0.7,0.8,0.7,0.5,0.7,0.8,0.3,0.1,0.603489601757805,0.545822960305514,0.5091003951425699,2.7625711073309356,2.610537344524467
0.2,0.4,1.0,0.2,0.4,0.0,1.0,0.6,1.0,0.1,0.6,0.6,-0.9523385652324218,2.20149098848986,1.8777135702457792,2.8938987104966616,2.6695753427004756
0.1,0.2,0.9,0.9,0.7,0.5,0.8,0.2,0.3,0.8,0.9,0.4,-0.6913920631208716,1.7282017266632415,1.6188171193646486,5.527040037192652,5.461573594176439
0.0,0.6,0.2,0.8,0.1,0.0,0.4,0.6,0.9,1.0,0.0,0.8,-2.206982936141388,3.2937386807162126,3.225142984114763,2.440992739930177,1.9813657424980422
0.9,0.5,0.6,0.2,0.8,0.6,0.0,0.4,0.8,0.4,1.0,0.3,0.767431929799614,0.2707757097972398,0.12371540265679148,3.9801754748667117,3.7638631317327453
0.9,0.7,0.7,0.8,0.3,0.5,0.3,0.5,0.3,0.8,0.3,0.2,-1.5562558765231524,2.631596187224238,2.5122164825086863,1.808825519673521,1.6504708733582991
0.4,0.0,0.1,0.8,0.4,0.9,0.6,0.6,0.6,0.2,0.0,0.0,-0.09196683006591286,0.9263887791166906,0.9816923374192291,3.4358208604468934,2.8753443580578844
1.0,0.7,0.2,0.7,0.9,0.4,1.0,0.3,0.9,0.1,0.2,0.0,-1.166485805773688,2.500043577020863,2.3281586290013694,1.9373421262139026,1.5785233151074025
0.1,0.7,0.6,0.3,0.5,0.3,0.4,0.9,0.6,0.0,0.2,0.2,-0.47939041981425623,1.5107752784104902,1.4205093744148638,2.491126021521728,2.135449549300674
0.4,0.0,0.0,0.7,0.0,0.9,0.5,0.2,0.7,0.0,1.0,0.7,-0.34423322438836135,1.3033180171156975,1.2069022256564026,3.5273969118690576,3.1271273492936396
0.1,0.4,0.8,0.2,0.6,0.4,0.7,0.8,0.7,0.7,0.1,0.6,0.1655572272231543,1.1344633502073973,0.8800860004504669,4.283422933920755,3.9822401975374477
0.7,0.0,0.6,0.3,0.2,0.8,0.2,0.6,0.3,0.4,0.8,0.3,0.07881901041258531,0.8476124934092305,0.9303887212147696,2.0086874956092067,1.8588427700473706
0.3,0.5,0.4,0.4,0.5,0.4,0.1,0.0,0.8,0.5,0.8,0.6,0.13952890541364898,0.9866385721061914,0.8171173505066337,1.4679959212812281,1.3782541878728687
0.1,0.1,0.7,0.8,0.0,0.9,0.3,0.5,0.7,0.0,0.9,0.7,-1.3850093387351363,2.248733783908139,2.1113064105761796,4.135696794878881,4.046368592507901
0.3,0.9,0.4,0.5,0.6,0.3,0.6,0.7,0.9,0.2,0.4,0.8,0.36819056655592686,0.6507518486910996,0.6122345038554671,3.7445923125135216,3.492393657664981
0.8,0.7,0.7,0.1,0.5,0.6,0.3,0.8,0.3,0.9,0.1,0.1,0.84881220343034,0.07387592996117646,-0.15571651977843973,2.865220088781392,2.751394876535822
0.6,0.7,0.4,1.0,0.2,0.5,0.1,0.1,0.8,0.3,0.7,0.1,-1.6019939805501524,2.4775754646392416,2.6411116320093297,3.360724993969419,3.235022803531227
0.3,0.4,1.0,0.7,0.0,1.0,0.6,0.6,0.6,0.3,0.7,0.7,-1.7435294718447185,2.8102983890368947,2.6180635490503503,5.533892546861143,5.213874344413253
0.9,0.7,0.7,0.4,0.9,0.0,0.2,0.1,0.0,0.5,0.8,1.0,-2.2862382319990453,2.967918174157464,2.979300753893292,2.3836508031638526,1.8814848820609198
0.3,0.6,0.8,0.1,0.5,0.6,0.2,0.1,0.7,0.1,0.0,0.3,3.1241862805519136,-1.9448107191641604,-2.189271294641618,3.471018336175919,3.287698410541911
0.6,0.0,0.5,0.3,0.6,0.0,0.1,0.1,0.7,0.1,0.2,0.8,-0.17757844975617812,1.1401119317456114,0.901463307817615,3.9797714274632616,3.810949896686029
0.0,0.4,0.5,0.8,0.7,0.2,0.7,0.9,1.0,0.5,0.8,0.9,-3.8168059236596177,4.769039294571401,4.747565168041098,4.055999127325874,3.6597001125912643
0.7,0.4,0.3,0.2,1.0,0.5,0.1,0.0,0.0,0.0,0.2,0.6,2.0085356871458337,-0.977918969383105,-1.2101027667647712,2.138691871773319,2.1263460814949364
1.0,0.2,0.9,1.0,0.4,0.4,0.6,0.1,0.1,0.1,0.8,0.1,-3.9595199811571713,4.926467192836708,4.85283208440487,2.545349736160805,2.2969577372858585
0.3,0.6,0.0,0.5,0.9,0.3,0.4,0.6,0.4,0.4,0.5,0.5,0.6634950755644667,0.2866616430767914,0.09370661271777639,0.8612529294078786,0.5485380273034133
0.0,0.1,0.0,0.4,0.0,0.6,0.9,1.0,0.5,0.2,0.0,0.0,-0.6557406978117278,1.5914084083823024,1.6127571130790566,2.773442019799942,2.5986007694690465
0.2,0.7,0.8,0.8,0.2,0.4,0.7,0.2,0.8,0.3,1.0,0.0,-0.3460443176806388,1.6962417796472835,1.6634812954354787,5.087972363652316,4.864277039881255
0.9,0.0,0.8,0.7,1.0,0.9,0.8,0.6,0.1,0.6,0.4,0.0,-1.0735973423938465,1.8529464010843626,1.8883832206012245,4.085811909005314,3.8251171693399653
0.3,0.1,0.9,0.3,0.4,0.7,0.8,0.7,0.3,0.0,0.1,0.3,1.7279306391282472,-0.8389189661262922,-1.2644388090912853,3.1005120313174515,3.209206024147374
1.0,1.0,0.0,0.7,0.6,0.1,1.0,0.5,0.9,0.2,0.9,0.7,-3.9790661056990566,5.048039494091343,4.856813981071635,3.704343146618498,3.697466784441044
0.9,0.0,0.0,0.5,0.1,0.0,0.1,0.8,0.6,0.5,0.4,0.5,-0.45945474838243366,1.5813706958542337,1.4167582382650583,1.550291792240085,1.5075985626127257
0.8,0.8,0.2,0.9,0.3,0.5,0.9,0.2,0.0,0.5,0.5,0.8,-1.2830061130358443,2.1589424593580024,2.1566529707339748,2.1889858227153858,2.043037929333974
0.4,0.8,0.5,0.4,0.9,0.0,0.9,0.8,0.9,0.7,1.0,0.6,-0.9592774991035012,1.6870825847143485,1.6017042425759012,3.512464602267085,3.358188652529315
0.5,0.8,0.6,0.4,0.9,0.1,0.3,0.8,0.6,0.8,1.0,0.3,-0.3332896299702554,1.1892132704454645,1.1548251741330269,3.361162049784184,3.376808284424084
0.2,0.9,0.8,0.2,0.2,0.1,0.3,0.8,1.0,0.9,0.7,0.3,-0.6539306836487382,1.5860824023752613,1.4776047217630934,2.7673643648738073,2.5319264852269017
0.0,0.5,0.8,0.7,0.5,0.3,0.3,0.0,0.7,0.3,0.8,0.4,-1.3523640360783162,2.23465030452408,1.9521368968960655,1.8357233486704037,1.2618797830557797
0.4,0.0,0.5,0.4,0.8,0.8,0.4,0.3,0.5,0.9,0.5,0.5,1.7345209322531945,-0.7807217815300139,-0.7701232115218367,0.4449094725082144,0.46294077811225
0.5,0.6,0.6,0.2,0.4,0.3,0.4,1.0,0.5,1.0,0.8,0.0,-2.49052060495846,3.301739813595936,3.412631118149712,0.816216835583328,0.7277699935825898
0.8,0.2,1.0,0.7,0.9,0.5,0.1,1.0,0.3,0.3,0.4,0.7,-0.2937873751775242,1.0384890867870689,1.3206270736080161,4.972725587321755,5.017062244420995
0.2,0.5,0.2,0.9,0.3,0.0,0.1,0.5,0.6,0.8,0.5,0.3,-0.34485047041819933,0.8366527870899033,0.9976549032190192,1.3079864603929163,1.105093817883248
0.0,0.1,0.5,0.7,0.5,1.0,0.5,0.8,0.9,0.9,0.2,0.4,-1.7099738303919856,2.8393123727699097,2.6535784571064753,4.190653855499139,3.982902548087408
0.9,1.0,0.6,0.8,0.2,1.0,0.3,1.0,0.0,0.9,0.0,0.6,-2.958306614992889,3.9902544137720932,3.8359663231398167,2.8760917110636246,2.7882259862453584
0.5,0.3,0.3,0.7,0.1,1.0,0.4,0.9,0.8,0.8,0.4,0.7,-0.48829382460406423,1.5053927009242762,1.5119134148782636,1.680384689484033,1.6377642144180735
0.1,0.0,0.5,0.1,0.1,0.0,0.9,0.3,0.6,0.7,1.0,0.6,-0.005119096065006878,1.2968397758654717,1.0770609935564817,2.4742978778531985,2.2889929434232514
0.4,0.0,0.4,0.2,0.9,0.4,0.0,0.8,0.2,0.7,0.7,0.1,-0.03213178120978011,0.8685816307126731,0.6295932430496485,1.1040211671710634,0.9661820785323907
0.9,0.3,1.0,0.8,0.8,1.0,0.2,0.9,0.2,0.0,0.6,0.6,-1.791613392225747,3.028737075760874,2.9003035983198866,3.325457847296428,3.257653385137349
0.8,0.5,0.2,0.8,0.6,0.5,0.3,0.7,0.0,0.6,0.8,0.5,-0.8850205086333351,1.8372752248846067,1.9352097602186569,2.80327243014299,2.6739055967610743
0.5,0.2,0.3,0.2,0.4,0.8,0.1,0.7,1.0,0.9,0.2,0.5,1.360731448882905,-0.47750937980709235,-0.4958400122080323,1.5209601478902024,1.2214609058023744
0.7,0.2,0.4,0.1,0.3,0.5,0.7,0.1,0.3,0.3,0.3,0.9,0.5046413195988195,0.39217212948921176,0.30672712768260196,2.591540491613841,2.389341008876011
0.2,0.5,0.1,0.7,0.7,0.2,0.1,0.5,0.4,0.7,0.2,0.0,-0.859484552811693,1.540219379967925,1.4340252589678302,3.04466023949625,2.5965036736174345
0.3,0.7,0.3,0.1,0.8,0.1,0.5,0.3,0.2,0.8,0.1,0.3,1.881455382482914,-1.0881464169625308,-1.3786024695249295,1.73736973885159,1.613886503404621
0.8,0.4,0.4,0.0,0.9,0.7,0.5,0.8,0.2,0.8,0.0,0.8,1.61589180515418,-0.5517419243479883,-0.503226519949708,1.3674415372454067,1.2257967415132234
0.5,0.9,0.7,0.0,0.4,0.9,0.2,1.0,0.2,0.8,0.1,0.6,-0.046601656357889154,0.920565593506311,0.7310010549491146,1.4734864169420332,1.4311486188369815
0.8,0.4,0.6,0.7,0.2,0.9,0.9,1.0,0.9,0.0,0.5,0.9,-2.0850768632913215,2.9623310524197657,2.916758251555262,3.3562505168035615,3.085933701111152
0.0,0.9,0.1,0.6,0.7,0.7,0.0,0.9,0.2,0.9,0.8,0.9,-1.9800923756035322,2.984873552978289,2.752190873412438,2.396706334780335,2.169717938047436
0.1,0.6,0.3,0.4,0.6,0.1,0.8,0.0,0.0,0.2,0.9,0.1,-0.15815483825912902,1.1845369897282907,1.0875927159831882,3.7438039997768486,3.6183374915168196
0.1,0.1,0.8,0.4,0.8,0.7,0.4,0.4,0.1,0.8,1.0,0.9,0.333914639324052,0.652135839792737,0.30440372042418484,2.460125453741826,2.2158354735043644
0.3,1.0,0.6,0.5,0.7,0.9,0.1,0.9,0.3,0.5,0.7,0.0,-0.600227636403284,1.5063980584847116,1.3224266684225592,3.0918077535856523,2.889260888309927
1.0,0.2,0.1,0.8,0.7,0.2,0.1,0.3,0.9,0.7,0.9,0.4,-1.701789800564494,2.8516876817143104,2.6780808411729784,1.8483566479945919,1.8388330081913509
0.4,0.7,0.4,0.1,0.8,0.7,0.0,1.0,0.7,0.2,0.5,0.7,2.3248690797774203,-1.357164295400982,-1.5034808788597442,2.833841709385897,2.447554451777575
0.5,0.6,0.8,0.3,0.5,1.0,0.6,0.8,1.0,1.0,0.3,0.1,0.24231294359495575,0.7575996511032196,0.6973149753182296,4.782982316844481,4.61425778967358
0.0,0.3,0.7,0.5,0.3,0.4,0.0,0.3,0.0,0.2,0.6,0.3,-0.22730691958393212,1.3849085666580574,1.1180217921459734,0.21775975690965627,0.0326542272923195
0.7,0.1,0.4,0.6,0.9,0.9,0.7,0.8,0.5,1.0,0.4,0.0,0.5118064280294237,0.5092604417297077,0.5532753152211061,4.324977358270019,4.0193030362917135
0.8,0.0,0.2,0.3,0.9,0.3,0.2,0.1,1.0,0.4,0.7,1.0,-0.949893388832463,1.877732207127839,1.890992106458966,1.7361055970240622,1.326795191999253
0.1,0.6,0.8,0.2,0.3,0.2,0.2,0.1,0.8,0.6,0.8,1.0,-1.5690819024083094,2.332118459857667,2.468696337143969,2.3354439998393546,2.0278819004698714
0.1,0.5,0.9,0.8,1.0,0.9,0.0,0.0,0.7,0.1,0.1,0.7,0.797116685078749,0.49914601051312296,0.2243120869748438,5.306232411498697,5.0543258930968715
0.0,0.5,0.9,0.3,0.0,0.1,0.7,0.4,0.3,1.0,1.0,0.4,-1.3921362831080506,2.307255348078071,2.1401900389846444,3.1397513792708778,2.928207137319423
0.1,1.0,0.4,0.3,0.4,0.0,0.0,0.2,0.9,0.1,0.0,0.3,1.0602971712357627,-0.0529655668603292,-0.2147553423002187,1.9361804215648073,1.7844923735046632
0.8,0.2,0.7,0.1,0.8,0.9,0.2,0.3,0.4,0.4,0.8,1.0,1.2193070423148702,-0.24329281812647235,-0.3436484165850616,2.6790118408166492,2.3591418667143125
0.4,0.5,0.2,0.0,0.7,0.7,0.7,0.4,1.0,0.1,1.0,0.0,2.2937158070351744,-1.4097201749668136,-1.2629685459408755,2.0902886867838406,1.8496269214441001
0.7,1.0,1.0,0.5,0.7,0.5,0.0,0.3,0.3,0.8,0.1,1.0,-0.02825893262391116,1.102832048786576,1.0281054998378962,3.8715035880805266,3.3700536289609286
0.2,0.3,0.6,1.0,0.8,0.1,0.5,0.5,0.3,0.1,0.6,0.6,-1.3759599013500734,2.338119599506626,2.271337708366673,3.952622575425435,3.8965534935333213
1.0,0.9,0.9,0.4,0.4,0.8,0.7,1.0,0.3,0.8,0.7,0.7,-2.6502917988196044,3.7596929837771453,3.5115125408398886,1.1975033817844805,0.9206932539204921
0.8,1.0,0.4,0.1,1.0,0.1,0.3,0.7,0.5,0.6,0.2,0.7,0.496786156486493,0.3569073806273624,0.5256819110959255,3.044882004248444,2.97496985985623
0.0,0.8,0.4,0.7,0.8,0.8,0.7,0.8,0.4,0.8,0.0,0.4,0.6534670947160133,0.3982675858855178,0.23324565994708235,2.2535791649374466,1.7732489214839762
0.9,0.9,1.0,0.7,0.3,0.3,0.7,0.5,0.2,0.4,0.8,0.0,-4.567974773321735,5.686240246966903,5.337530940737238,1.7754164041301037,1.491407387968783
0.6,0.9,0.0,0.5,0.8,0.8,0.3,0.6,0.4,0.5,0.2,0.9,0.09609411778625784,0.9560717691333762,1.1940385553244413,1.8441478077369857,1.6688153300718473
0.3,0.9,0.8,0.3,0.1,0.1,0.7,0.0,0.1,0.9,0.6,0.9,-1.5503479204097355,2.4330870218903455,2.444039670149937,2.6432391503976707,2.2153493820668144
0.8,0.5,1.0,0.4,0.8,0.3,0.9,0.5,0.4,0.6,1.0,0.9,-2.100877767928333,3.0455918896073877,3.028427112112956,3.129830581399714,2.834430659801907
0.2,1.0,0.2,0.6,0.5,0.5,0.6,1.0,1.0,1.0,0.5,0.0,-0.6350440021799291,1.6795051522029043,1.643668926997401,3.920244986268001,3.7677960428703248
1.0,0.1,0.1,0.9,0.9,0.6,0.5,0.7,0.2,1.0,0.6,0.3,-2.2677526609589833,3.1160528145184534,3.164154095904875,2.788023974371797,2.7080507672332774
0.5,0.4,0.4,1.0,0.9,0.7,0.6,0.0,0.0,0.2,0.4,0.6,0.6908438151671125,0.48044826020691667,0.39517960532557994,2.2543102622598767,2.1200913067685327
0.3,0.6,0.9,0.5,0.4,0.5,0.3,0.8,0.6,0.2,1.0,1.0,0.627854008913583,0.3297689157005662,0.33020584586597224,3.991822747524992,3.8129931296192554
0.8,0.7,0.2,0.8,0.6,0.6,0.7,0.3,0.5,0.0,0.9,0.8,0.7775422592466974,0.3137317098821317,0.3029016137464858,4.383161468193013,3.8957016123854946
1.0,0.0,1.0,0.5,0.0,1.0,0.6,0.2,0.9,0.6,0.5,0.3,-1.910714449384005,2.7702530954963382,2.539578013738032,2.7490754356032325,2.485134262544228
0.7,0.0,0.1,1.0,0.1,0.6,0.9,0.0,0.5,0.8,0.2,0.9,-1.3773302596868804,2.4941849657517765,2.4112272637330006,3.5766605116262467,3.4621310325211665
0.9,0.9,0.5,0.7,0.6,0.0,0.9,0.4,0.6,0.1,0.6,0.0,-2.4828088864944853,3.5397342433696593,3.305873251298827,2.0180430493671917,1.6725057308603977
0.4,0.9,0.2,0.6,0.8,0.4,0.2,0.3,0.3,0.1,0.8,0.0,0.4005424425538574,0.4108644905134608,0.5028645038955712,0.821827622546548,0.6896947988440535
0.6,0.9,0.9,1.0,0.2,0.7,0.8,0.4,0.9,0.2,0.9,0.5,-0.985096263490655,2.1654111084181555,1.9663637173939055,3.628655583517609,3.5547167634895445
0.6,0.1,0.6,0.3,0.1,0.8,0.2,1.0,0.6,0.0,0.0,0.6,1.0255969326915377,0.1386644288086033,0.17008614546930717,1.7303127079710316,1.5311611114281771
0.8,0.9,1.0,0.9,0.0,0.5,0.9,0.1,0.2,0.1,0.8,0.1,-3.2363129406628044,4.091823633654087,4.329946479663435,4.950492348252704,4.623130231467559
0.2,0.0,0.8,0.4,0.8,0.9,1.0,0.7,0.7,0.3,0.2,0.1,1.2972235389439288,-0.2911529627506275,-0.3282347739563801,7.177178993364668,6.937670318508131
0.8,0.5,0.3,0.5,0.3,0.6,0.0,1.0,0.3,0.9,0.8,0.7,-0.6463889057010843,1.6476288907028134,1.577323598393591,2.8465638196332033,2.455465133950842
0.9,0.8,0.6,0.1,0.7,0.1,0.7,0.5,0.1,1.0,0.9,0.3,-2.68355724554488,3.716053774637173,3.6951469512107025,4.317318782505158,4.174426936861826
0.4,0.7,0.2,0.4,0.7,0.8,0.5,0.1,0.5,0.1,1.0,0.5,2.335735565491373,-1.2746944451340916,-1.555464629154148,2.48228232155147,2.1991279638919963
0.0,0.0,0.1,0.2,0.5,0.7,0.8,0.3,0.8,0.9,0.0,0.9,-0.007062848967020252,1.028156049271646,0.780231101971772,1.4189392082576364,1.264850543748208
0.7,1.0,0.4,0.2,0.3,0.0,0.9,0.0,0.3,0.6,0.5,1.0,-0.4300906208529493,1.5016899550225151,1.2693495985949204,-0.49546137802505286,-0.9709860584836545
1.0,0.0,0.9,0.7,0.3,0.1,0.9,0.8,0.7,0.0,0.0,0.5,-1.7521868559377511,2.9571325239402966,2.712541100924611,3.270599009739175,3.041348698736383
0.2,0.4,0.2,0.4,0.4,0.0,0.3,0.3,0.9,0.4,0.0,0.9,1.559199863485119,-0.351508233003977,-0.7040201874878814,0.46443087820477463,0.07525088714875161
0.6,0.2,0.2,0.5,1.0,0.7,0.9,0.2,0.1,0.2,0.4,0.8,1.2244673714525947,-0.2886053537463654,-0.3907848465860551,2.1038950217398193,2.0077934924807
0.6,0.7,0.9,0.0,0.3,0.3,0.9,0.7,0.2,1.0,0.5,0.7,-0.5580559729356973,1.7442927715282648,1.7597416652694873,1.785876323219305,1.5143853506017484
0.6,0.0,0.1,1.0,0.8,0.2,0.5,0.8,0.7,0.2,0.4,0.2,-0.39216231078563424,1.1904167740982687,1.3010405242633265,4.344335693669286,4.261764839026197
0.7,0.8,0.0,0.8,0.6,0.6,0.3,0.6,0.6,0.7,0.7,0.8,-1.4846906130323012,2.392592921026339,2.3291709269804484,3.342162030957719,2.963861668540528
0.8,0.0,0.2,0.2,0.3,0.0,0.1,1.0,0.6,0.9,1.0,0.7,-0.1885668165953604,1.2949572364774584,1.2576196021757284,2.95851060427118,2.678081582007649
0.2,0.1,0.6,0.8,0.5,0.9,0.8,0.4,0.7,0.2,0.2,0.5,-0.15511672440387098,1.0210190367647891,0.8643510318062683,4.957476142592535,4.898016266908889
0.2,0.8,0.3,0.8,0.8,0.8,0.9,0.4,0.3,0.2,0.7,0.6,0.7400178783763671,0.3349439406334093,0.1699474055007259,2.1895375618065085,1.893084134903035
0.7,0.5,0.3,0.2,0.4,0.0,0.4,0.7,0.3,0.7,0.1,0.8,0.5977009586576685,0.3742799494307631,0.06344573593583913,0.7249672704010192,0.5890306031407243
0.7,0.0,0.6,0.0,1.0,0.7,0.4,1.0,0.0,0.4,0.1,1.0,0.13431191335005507,0.7432291748958897,0.7344480121664634,2.7661156071270296,2.5438059095200254
1.0,0.2,0.1,0.9,0.8,0.4,0.3,0.9,0.3,0.8,0.3,0.3,-2.0058388844994037,3.1177204529808953,2.8997104086463668,0.9098661226723096,0.5352650130731678
1.0,0.9,0.3,0.9,0.3,0.6,0.3,0.0,0.8,0.0,0.4,0.2,-0.5069708462422,1.4965580852517202,1.2619727519757407,0.6863554734291705,0.5193020838530535
0.2,0.2,1.0,1.0,0.5,0.5,0.6,0.8,1.0,0.5,1.0,0.3,-0.8047827760930851,1.6426521781512606,1.6006305860248675,6.328327187190176,6.009504672900776
0.6,0.5,0.1,1.0,0.8,0.3,0.0,0.4,0.2,0.3,0.1,0.0,-0.8247244133964717,1.564131393838792,1.6632278306417094,2.0969020496698794,1.7633051073206605
0.0,0.6,1.0,0.2,0.7,0.1,0.4,1.0,0.3,0.2,0.7,0.9,-2.035006235125784,3.103140611331786,2.968650128189225,2.742977548516523,2.5842469027572705
0.6,0.2,0.3,0.9,0.4,0.8,1.0,0.3,0.1,0.3,0.1,1.0,-0.502596392147045,1.38819193326702,1.2372772188447325,1.222792225300826,1.0287912992857091
0.6,0.1,1.0,0.0,0.9,0.6,0.8,0.5,0.0,0.3,0.4,0.3,0.5484260665349878,0.3191902652832821,0.22667971749635507,3.087868956667603,3.030772153366984
0.3,0.8,0.0,0.9,0.2,0.5,0.1,0.6,1.0,0.1,0.7,0.6,-1.403339146617457,2.335717642351317,2.06749197915556,3.492768926034663,3.3447653813669382
0.5,0.0,0.3,0.0,0.4,0.8,0.7,0.3,0.4,0.5,0.5,0.7,2.69719627108415,-1.6624234818244863,-1.7385218019838902,-1.0107336540412906,-1.1971023483491312
0.1,0.7,0.6,0.2,0.1,0.1,0.8,0.4,0.5,0.9,0.0,0.0,-0.697794788995606,1.6329155892563378,1.448315039123145,2.4614065106561207,2.3170008346472692
1.0,0.0,0.3,0.4,0.1,0.0,0.8,0.6,0.4,0.4,0.1,0.0,-1.53798331869265,2.552315060181961,2.5101069952103177,1.7158990639733804,1.4090358008352948
0.1,0.3,0.2,0.6,0.2,0.1,0.9,0.8,1.0,0.8,0.7,0.7,-2.2177946650446945,3.267916415821271,3.1455826695091353,2.8442676382830707,2.356718952558613
0.1,1.0,0.7,0.9,0.2,0.9,0.5,0.1,1.0,0.3,0.1,1.0,-1.6871341839054632,2.535273221248831,2.435232921256913,4.968663394827751,4.631537238090442
0.1,0.5,0.9,0.1,0.6,0.4,0.7,0.7,0.2,1.0,0.9,1.0,-1.329500072063735,2.4528769991989914,2.2768972987622784,4.821099762397739,4.5662810747796865
1.0,1.0,0.4,0.2,0.4,0.1,0.0,0.3,0.6,0.6,0.4,0.8,-0.08971945365621192,1.2629763003520784,0.948491512174755,0.10066647683911578,0.15256761607375735
0.6,0.7,0.0,0.2,0.9,0.0,1.0,0.1,0.5,0.4,0.0,0.8,0.29345839030898063,0.600508814634831,0.38226387733750816,2.124391324553805,2.034653362966894
0.8,0.1,0.8,0.0,1.0,0.7,1.0,0.5,0.4,0.1,0.8,0.2,0.8364288638391564,0.26382712102899647,0.16505853608507612,2.7472151857486287,2.5929708951275066
0.7,1.0,0.9,0.8,0.0,1.0,0.6,0.9,0.8,0.0,0.2,1.0,-2.1215402999973927,3.0981786693414657,3.102443777687124,5.423011369780837,5.284064019984225
0.3,1.0,0.1,0.5,0.5,1.0,0.7,0.2,0.0,0.5,1.0,0.6,0.25018093152593235,0.8126427287548874,0.7767465994868513,3.746809014430756,3.628620863230747
0.2,0.2,1.0,0.1,1.0,0.3,0.2,0.9,0.1,0.8,0.5,0.0,-0.6855709074152594,1.6151147725121977,1.4794414226455304,0.704785219292722,0.6820998085889941
0.5,0.7,0.8,0.6,0.9,0.6,0.8,0.7,0.6,0.0,0.7,0.3,0.4484105869145782,0.5731670297444555,0.4586227159320337,4.721218918415931,4.566495332411872
0.7,0.7,0.1,0.0,0.3,0.3,0.9,0.3,0.6,0.0,0.3,0.5,1.4993486431537308,-0.24603036494488645,-0.598540625009321,0.13375080178401447,-0.048794811161890876
