X1,X2,X3,X4,X5,X6,y1,y2,y3,y4,y5
0.8,0.8,0.6,0.2,0.8,0.7,0.9000000000000064,0.09999999999999368,0.0,2.5455246600649373,2.3455246600649375
0.2,0.1,0.5,1.0,0.4,0.4,0.0,1.0000000000000013,0.9000000000000015,2.985015951526569,2.785015951526569
0.5,0.7,0.3,0.6,0.4,1.0,0.9000000000000005,0.09999999999999966,0.0,1.1818526835101344,0.9818526835101342
0.3,0.7,0.6,1.0,0.1,1.0,0.688315752225968,0.3116842477740315,0.21168424777403194,2.291482263260815,2.091482263260815
0.3,0.5,0.8,0.4,0.6,0.3,0.9,0.09999999999999999,0.0,2.5563902909646163,2.356390290964616
0.9,0.2,0.0,0.4,0.2,0.4,0.0,0.999999999999995,0.899999999999995,1.6659719390531151,1.4659719390531154
1.0,0.1,0.7,0.8,0.2,1.0,0.0,0.9999999999999996,0.8999999999999996,3.6100955378401824,3.4100955378401827
0.9,0.8,0.7,0.1,0.6,0.8,0.9000000000000077,0.09999999999999248,0.0,2.7158682112690498,2.5158682112690496
1.0,0.5,0.9,0.9,0.9,1.0,0.5841860986534567,0.41581390134654317,0.3158139013465433,5.604802767662326,5.404802767662327
0.3,0.0,0.0,1.0,0.2,0.8,0.6184980797789041,0.38150192022109564,0.2815019202210953,2.2597967825760534,2.0597967825760533
1.0,0.8,0.2,0.9,0.6,0.5,0.018158145795004188,0.9818418542049958,0.881841854204996,4.3446302245576645,4.144630224557665
0.6,0.6,0.6,0.3,0.8,0.2,0.4083552458508406,0.5916447541491591,0.491644754149159,2.612138480702418,2.412138480702418
0.1,0.4,0.8,0.1,0.6,0.9,0.8999999999999987,0.10000000000000123,0.0,1.3789912543621692,1.1789912543621688
0.5,0.1,0.2,0.4,1.0,0.7,0.8999999999999966,0.1000000000000035,0.0,2.411729158233331,2.2117291582333314
0.6,0.4,0.5,1.0,0.8,1.0,0.8270751210763789,0.17292487892362052,0.0729248789236201,3.6851739042905476,3.485173904290548
0.3,0.0,0.0,0.5,0.7,0.5,0.8999999999999999,0.1,0.0,1.6661380284161031,1.466138028416103
0.0,0.8,0.6,1.0,0.5,0.1,0.0,0.9999999999999987,0.8999999999999987,3.283145551340663,3.0831455513406634
1.0,0.7,0.4,0.3,0.6,0.1,0.18034570204431366,0.8196542979556863,0.7196542979556864,2.7202316506063675,2.5202316506063673
0.4,1.0,0.0,0.8,1.0,0.5,0.6382202704885422,0.36177972951145754,0.2617797295114572,4.158005266765815,3.9580052667658148
0.4,0.2,0.9,0.7,0.1,0.9,0.7233689362475868,0.2766310637524132,0.17663106375241328,1.7000192803231324,1.5000192803231327
0.2,0.1,0.0,0.7,0.1,0.8,0.536881885184886,0.46311811481511445,0.3631181148151146,1.642494512988245,1.4424945129882447
0.9,0.0,0.7,0.0,0.5,1.0,0.8999999999999999,0.10000000000000006,0.0,2.049286492680017,1.849286492680017
0.2,0.5,1.0,0.1,0.3,0.3,0.26360488844902236,0.7363951115509777,0.6363951115509774,1.6913240208462237,1.491324020846224
0.1,0.8,0.6,0.8,0.1,0.5,0.0,0.9999999999999997,0.8999999999999997,1.6617803247960552,1.4617803247960552
0.7,0.0,0.9,1.0,0.1,0.5,0.0,0.9999999999999998,0.8999999999999999,3.143494344880458,2.9434943448804582
0.9,0.2,0.0,1.0,0.0,0.4,0.0,0.9999999999999656,0.8999999999999657,3.3741605443633267,3.1741605443633274
0.6,0.3,0.1,0.8,0.5,0.9,0.8999999999999998,0.10000000000000009,0.0,1.8006947829427817,1.6006947829427816
0.5,0.4,0.2,0.7,0.8,0.7,0.8999999999999992,0.10000000000000085,0.0,2.3146443280595808,2.1146443280595806
0.3,1.0,0.4,0.8,0.6,0.3,0.4186622203187602,0.5813377796812396,0.48133777968123975,3.7609573793685,3.5609573793685003
0.8,0.8,0.5,0.1,0.3,0.3,0.02157986070898016,0.9784201392910199,0.8784201392910198,1.4273178746226862,1.2273178746226858
0.3,0.2,0.6,0.5,0.5,0.2,0.0,1.0,0.8999999999999999,1.447799263384694,1.247799263384694
0.5,0.6,0.1,0.5,0.0,0.5,0.0,1.0,0.9,1.399561238808293,1.199561238808293
0.4,0.8,1.0,0.3,0.7,0.5,0.9000000000000002,0.09999999999999987,0.0,2.3651378805585486,2.1651378805585484
0.9,0.4,0.5,0.2,0.6,0.0,0.06604695780807646,0.9339530421919235,0.8339530421919235,2.4973166211377507,2.2973166211377505
0.5,0.7,0.1,0.6,0.7,0.0,0.7000263815745207,0.299973618425479,0.19997361842547923,2.3671729647261346,2.1671729647261344
0.1,0.2,0.4,1.0,0.0,0.6,0.0,0.9999999999999998,0.8999999999999997,2.1254471055309785,1.9254471055309788
0.6,0.8,0.6,0.9,0.5,0.1,0.0,1.0000000000000004,0.9000000000000006,3.2629916333040327,3.062991633304033
0.5,0.9,0.4,0.9,0.8,0.3,0.0,0.9999999999999999,0.8999999999999999,4.413741885450394,4.213741885450394
0.4,0.6,0.2,1.0,0.4,0.7,0.9000000000000001,0.10000000000000005,0.0,3.1352720482014096,2.9352720482014094
0.5,0.1,0.3,0.7,0.4,0.5,0.18797628827141988,0.8120237117285801,0.7120237117285801,2.0198082343987087,1.819808234398709
0.1,0.2,0.3,1.0,0.6,1.0,0.9,0.09999999999999994,0.0,3.158257202043496,2.958257202043496
1.0,0.1,0.2,0.9,0.6,0.0,0.0,1.0,0.9,4.954770606064779,4.754770606064779
0.5,0.3,0.5,0.2,1.0,0.8,0.9000000000000057,0.09999999999999434,0.0,1.1000660948563528,0.9000660948563526
0.9,1.0,0.7,1.0,0.3,0.0,0.0,0.9999999999999977,0.8999999999999976,5.332631295252158,5.132631295252158
0.4,0.6,0.2,0.7,0.9,0.3,0.7045654144104487,0.2954345855895514,0.1954345855895513,2.9525846076443663,2.752584607644366
0.1,0.1,0.9,0.9,0.0,0.8,0.0,1.0,0.9,2.6872169802519945,2.487216980251995
0.0,1.0,0.8,0.5,0.3,0.5,0.21008023577950058,0.7899197642204994,0.689919764220499,2.376042829858634,2.1760428298586336
0.8,0.3,0.6,0.1,0.6,0.1,0.44501415846020054,0.5549858415397996,0.4549858415397995,1.6373176060471846,1.4373176060471844
0.2,0.1,0.2,0.6,0.6,0.1,0.6619875737053931,0.3380124262946069,0.23801242629460662,2.443746750936426,2.2437467509364257
0.3,1.0,0.3,1.0,0.2,0.3,0.08746946939754308,0.9125305306024565,0.8125305306024564,3.7170552915439408,3.5170552915439406
0.2,1.0,1.0,1.0,0.3,1.0,0.7814149331112139,0.21858506688878598,0.118585066888786,4.341002579807297,4.141002579807297
0.3,0.0,0.5,1.0,1.0,0.1,0.0,1.0,0.9,3.5473285191568484,3.3473285191568483
0.2,0.1,0.6,0.2,0.1,0.3,0.0,1.0,0.9,0.9245487051442882,0.7245487051442883
0.6,0.3,0.9,0.0,0.4,0.2,0.6957041740190598,0.30429582598094007,0.20429582598093976,0.7969405261058036,0.5969405261058036
0.7,0.5,0.5,0.3,0.9,0.1,0.6755006122860354,0.32449938771396475,0.22449938771396472,3.0317776143948554,2.8317776143948548
0.8,1.0,0.1,0.4,0.6,0.2,0.4667222690503104,0.5332777309496896,0.43327773094968963,3.7425721765689834,3.5425721765689837
0.6,0.7,0.5,1.0,0.0,0.1,0.0,0.9999999999999976,0.8999999999999976,2.6583170588888514,2.458317058888851
0.5,0.6,0.9,0.8,0.8,0.2,0.004357184859614449,0.9956428151403858,0.8956428151403855,3.866872424424635,3.666872424424635
0.6,0.0,0.6,1.0,0.0,0.4,0.0,1.0,0.9000000000000002,2.5719343067524907,2.3719343067524914
0.3,0.3,0.7,0.0,0.9,0.2,0.9000000000000008,0.09999999999999915,0.0,1.1293941012714566,0.9293941012714565
0.2,1.0,0.3,0.5,0.6,0.0,0.9,0.10000000000000006,0.0,3.2141458664423515,3.0141458664423513
0.6,0.0,0.3,0.7,0.3,0.8,0.9000000000000002,0.09999999999999974,0.0,1.4029782931597465,1.2029782931597466
0.0,0.3,0.8,0.5,0.7,0.5,0.5511290451803995,0.4488709548196006,0.3488709548196004,1.3368721430593458,1.136872143059346
0.7,0.4,0.1,0.0,0.6,0.7,0.9000000000000075,0.09999999999999246,0.0,1.658065674478511,1.4580656744785105
0.7,0.8,0.4,0.9,0.2,0.7,0.9,0.1,0.0,2.5731281028392137,2.3731281028392135
0.5,0.9,1.0,0.3,0.6,0.4,0.2319956420225533,0.7680043579774465,0.6680043579774465,3.377017305843744,3.1770173058437443
0.0,0.6,1.0,1.0,0.1,0.8,0.0,1.0000000000000002,0.9000000000000001,3.3127592622419395,3.1127592622419398
0.5,0.1,0.0,0.5,0.0,0.9,0.17981188019562255,0.8201881198043777,0.7201881198043778,1.4276085498320144,1.2276085498320144
0.8,0.2,0.6,0.9,0.9,0.8,0.7182463315755732,0.28175366842442695,0.18175366842442708,3.862054888471051,3.662054888471051
0.2,0.4,0.1,0.1,0.2,0.2,0.5305677598501461,0.46943224014985385,0.36943224014985365,0.2936217214037359,0.09362172140373592
0.6,0.7,0.9,0.8,0.3,0.9,0.9000000000000002,0.09999999999999987,0.0,2.227750331919592,2.0277503319195924
0.4,0.8,0.4,0.0,0.0,0.4,0.6851818590529768,0.3148181409470232,0.21481814094702334,0.5382865750976864,0.3382865750976862
0.7,0.5,0.9,0.2,1.0,0.9,0.8999999999999886,0.10000000000001197,0.0,3.2885691860046653,3.088569186004665
0.6,0.0,0.3,0.6,0.8,0.2,0.4732228131677395,0.5267771868322605,0.4267771868322605,2.28588715453359,2.0858871545335904
1.0,0.1,0.0,0.7,0.5,0.7,0.0,1.0000000000000002,0.9000000000000001,3.6338819723230382,3.433881972323038
0.6,0.9,0.3,0.0,0.4,0.9,0.8999999999999835,0.10000000000001691,0.0,2.121703044191036,1.9217030441910354
0.0,0.2,0.0,1.0,0.9,0.4,0.0,1.0000000000000009,0.9000000000000008,3.436281569020633,3.2362815690206332
0.7,0.4,0.6,0.5,0.9,0.5,0.714974170531643,0.28502582946835664,0.18502582946835677,2.312620808292024,2.1126208082920237
0.5,0.9,0.2,0.6,1.0,0.2,0.5576766073711501,0.4423233926288501,0.34232339262885003,3.6191677078762585,3.4191677078762583
0.9,0.4,0.0,0.9,0.8,0.2,0.0,0.9999999999999992,0.8999999999999992,4.030424281677777,3.830424281677778
0.1,1.0,0.6,0.1,0.9,0.3,0.5718405631746595,0.42815943682534074,0.32815943682534077,2.90485675926108,2.70485675926108
0.9,0.2,0.2,1.0,0.8,0.2,0.0,1.0000000000000002,0.9000000000000002,4.574323203855222,4.374323203855223
0.5,0.2,1.0,0.9,0.6,0.6,0.019745131419561357,0.9802548685804389,0.8802548685804388,3.527208589207084,3.327208589207084
0.5,0.0,0.5,1.0,1.0,0.3,0.0,1.000000000000004,0.9000000000000041,3.596321597899444,3.396321597899444
1.0,0.9,0.0,0.7,0.6,1.0,0.32495267561088426,0.6750473243891155,0.5750473243891161,4.786980356606302,4.586980356606302
0.5,0.7,0.0,0.1,0.9,0.1,0.9,0.09999999999999994,0.0,1.7819283992076032,1.5819283992076032
0.6,0.0,0.2,0.1,0.6,0.5,0.8999999999999991,0.100000000000001,0.0,1.4444316197163758,1.2444316197163756
0.5,0.5,0.8,0.9,1.0,0.1,0.17186357488229587,0.8281364251177044,0.7281364251177043,4.479124606027378,4.279124606027378
0.4,0.1,0.5,1.0,0.9,0.9,0.7630462391564938,0.23695376084350606,0.13695376084350652,4.071662917952759,3.871662917952759
0.5,0.3,0.4,0.0,0.3,0.5,0.8999999999999999,0.10000000000000007,0.0,0.19999999999999993,0.0
0.9,0.7,0.8,0.6,0.1,0.2,0.0,0.9999999999999984,0.8999999999999986,2.21041001008605,2.0104100100860505
0.0,0.9,0.1,0.0,0.1,0.5,0.40067706366829947,0.599322936331701,0.4993229363317009,1.485240825096545,1.2852408250965448
0.4,0.2,0.8,0.1,0.9,0.8,0.8999999999999801,0.10000000000002011,0.0,1.9039396715032018,1.7039396715032014
0.6,0.6,0.4,0.2,0.2,0.3,0.30035488009558914,0.6996451199044109,0.5996451199044107,1.255417372925622,1.055417372925622
1.0,0.7,0.4,0.3,0.0,0.2,0.0,1.000000000000001,0.900000000000001,1.6712821845295935,1.4712821845295938
0.1,0.5,0.2,0.2,0.0,0.3,0.005255933057526807,0.9947440669424732,0.894744066942473,1.0023304696402582,0.8023304696402582
0.9,0.5,0.1,0.8,0.2,0.8,0.08933227858024251,0.9106677214197576,0.8106677214197575,3.2962799437675874,3.096279943767587
0.1,0.0,0.9,0.2,0.5,0.2,0.2568863214324909,0.7431136785675091,0.6431136785675093,1.2732779247328894,1.0732779247328894
0.4,0.6,0.5,0.3,0.6,0.9,0.8999999999999904,0.10000000000000958,0.0,1.9821016941698817,1.7821016941698815
0.3,0.0,0.8,1.0,0.4,0.0,0.25847357306970253,0.7415264269302975,0.6415264269302974,3.052575802368019,2.852575802368019
0.2,0.1,0.5,0.5,1.0,0.4,0.15097251765626885,0.8490274823437314,0.7490274823437313,2.3239650664202562,2.1239650664202565
0.8,0.8,0.8,0.6,0.5,0.8,0.8999999999999997,0.10000000000000042,0.0,2.785049207127828,2.585049207127828
0.7,0.4,0.1,0.1,0.2,0.7,0.8999999999999979,0.1000000000000021,0.0,0.7725336648857687,0.5725336648857686
0.9,0.6,0.8,1.0,0.9,0.6,0.8362660979233877,0.16373390207661243,0.06373390207661216,5.352124983015767,5.152124983015767
0.7,0.7,0.7,0.3,1.0,0.8,0.8999999999999818,0.10000000000001841,0.0,2.218347878501381,2.018347878501381
1.0,0.4,0.0,0.9,0.4,1.0,0.0,0.9999999999999999,0.8999999999999999,3.410220245171907,3.2102202451719073
0.4,0.2,0.0,0.7,0.4,0.2,0.0,1.0000000000000022,0.9000000000000024,1.6120931508012983,1.4120931508012986
1.0,0.5,0.5,1.0,0.1,0.0,0.0,1.0000000000000264,0.9000000000000266,4.7043654872629626,4.504365487262962
0.0,0.8,0.1,0.1,1.0,1.0,0.899999999999997,0.10000000000000296,0.0,1.7279600661217362,1.5279600661217363
0.3,0.0,0.2,0.8,0.9,0.0,0.8999999999999999,0.10000000000000005,0.0,2.8031365088952094,2.603136508895209
0.5,0.2,0.9,0.7,0.8,0.2,0.0,1.0000000000000002,0.9000000000000001,3.022752107157647,2.822752107157647
0.3,0.2,0.2,0.9,0.8,0.3,0.41450086683555454,0.5854991331644455,0.4854991331644454,3.014510394119957,2.814510394119957
0.0,1.0,0.1,0.7,0.8,0.5,0.21029489925211742,0.789705100747883,0.6897051007478829,3.582930194506684,3.382930194506684
0.0,0.7,1.0,0.4,0.2,0.8,0.6357930528922304,0.36420694710776985,0.2642069471077699,0.9054328477812814,0.7054328477812812
0.3,0.2,0.3,0.1,0.7,0.3,0.9000000000000005,0.09999999999999953,0.0,1.3971940076032014,1.1971940076032013
1.0,0.5,0.7,1.0,0.7,0.9,0.3907036925635907,0.6092963074364094,0.5092963074364092,5.697793223721663,5.497793223721663
0.4,0.6,0.3,0.4,0.8,0.3,0.9000000000000004,0.0999999999999997,0.0,2.2738701462752857,2.0738701462752855
0.9,0.6,0.5,0.1,0.8,0.2,0.13064403350225284,0.8693559664977472,0.7693559664977472,3.113254549175294,2.9132545491752944
0.8,1.0,0.6,0.6,0.6,1.0,0.9000000000000004,0.09999999999999987,0.0,4.089393432992634,3.889393432992634
0.2,0.0,0.9,0.5,0.0,0.1,0.0,1.0,0.9,1.1051599532730432,0.9051599532730433
0.5,0.1,0.3,0.2,0.5,0.6,0.8999999999999979,0.10000000000000228,0.0,1.5792703516027258,1.3792703516027256
0.2,0.1,0.0,1.0,1.0,0.3,0.0,1.0,0.9,4.040488846055216,3.8404888460552162
0.6,0.1,1.0,0.6,0.7,0.4,0.0,1.0000000000000002,0.9000000000000002,3.3850272068476093,3.185027206847609
0.3,0.8,0.2,1.0,0.3,0.8,0.8999999999999965,0.10000000000000377,0.0,2.612884221316006,2.412884221316006
0.0,0.3,0.8,0.8,0.2,1.0,0.25187450660322747,0.7481254933967725,0.6481254933967726,1.1301273820406308,0.9301273820406306
0.8,0.7,1.0,0.9,0.9,0.5,0.30479638302758594,0.6952036169724143,0.5952036169724144,4.1928022883303,3.9928022883303003
0.5,1.0,0.0,0.6,0.3,1.0,0.8462417111780365,0.15375828882196385,0.05375828882196343,2.6521912251970283,2.4521912251970286
0.5,1.0,0.9,0.3,0.7,0.7,0.8999999999999941,0.10000000000000603,0.0,3.522598821632392,3.3225988216323916
0.4,0.0,0.8,0.0,1.0,0.8,0.8999999999999986,0.10000000000000173,0.0,1.7871214036215142,1.587121403621514
0.8,0.0,0.7,0.0,0.8,0.8,0.8999999999999957,0.1000000000000041,0.0,2.2770311061166377,2.0770311061166375
0.1,0.6,0.5,0.7,0.3,0.5,0.0,1.0,0.9000000000000001,1.651681960597145,1.451681960597145
0.2,0.9,0.3,0.1,0.3,0.1,0.9000000000000006,0.09999999999999964,0.0,1.7487648740031807,1.5487648740031807
0.3,0.3,0.5,0.4,0.2,0.0,0.1460085311219178,0.8539914688780822,0.7539914688780822,0.22865739664953655,0.028657396649536593
1.0,1.0,0.2,0.9,0.5,1.0,0.7441705677804376,0.25582943221956245,0.15582943221956214,5.220497889143768,5.020497889143769
0.5,0.9,0.8,0.4,0.2,0.0,0.466855603559544,0.5331443964404561,0.4331443964404558,2.6562441837167436,2.456244183716744
0.0,0.1,1.0,0.4,0.8,0.6,0.3492569209102476,0.6507430790897523,0.5507430790897524,2.628115267579951,2.428115267579951
0.8,0.6,0.4,0.3,0.2,0.7,0.9000000000000015,0.09999999999999898,0.0,1.691950675825244,1.4919506758252439
0.4,1.0,0.3,0.9,0.0,0.2,0.0,1.0,0.9000000000000001,3.3348771041038243,3.1348771041038246
0.3,0.0,0.1,0.1,0.9,0.6,0.8999999999999978,0.10000000000000206,0.0,1.371549817072689,1.1715498170726888
0.2,0.1,0.5,0.3,0.4,1.0,0.9000000000000001,0.09999999999999995,0.0,1.1509115606141682,0.950911560614168
0.7,0.1,0.1,0.1,0.9,0.6,0.8999999999999941,0.10000000000000613,0.0,2.54096844500619,2.34096844500619
0.9,0.7,1.0,0.2,0.2,0.9,0.9,0.09999999999999999,0.0,1.8852861253481028,1.6852861253481026
0.2,0.7,0.1,0.9,0.8,0.8,0.899999999999999,0.10000000000000107,0.0,2.8196872050974378,2.6196872050974376
0.2,0.8,0.2,0.9,0.2,0.9,0.9000000000000006,0.09999999999999938,0.0,2.063155363935143,1.8631553639351428
0.6,0.9,0.6,0.7,1.0,0.0,0.13622977352943022,0.8637702264705693,0.7637702264705692,4.327926078897551,4.127926078897551
0.7,0.1,0.7,0.1,0.6,0.9,0.9000000000000159,0.09999999999998463,0.0,2.5099801572233136,2.3099801572233134
0.3,0.1,0.6,0.5,0.2,0.2,0.0,1.0000000000000007,0.9000000000000008,1.3978696368933572,1.197869636893357
0.5,1.0,0.1,0.6,0.8,1.0,0.9000000000000021,0.0999999999999978,0.0,3.6789740467306538,3.4789740467306536
0.0,1.0,0.7,0.1,0.5,0.0,0.7093080721528655,0.2906919278471344,0.19069192784713435,2.7075185975046505,2.5075185975046503
0.4,1.0,0.0,0.8,0.7,0.9,0.9000000000000012,0.09999999999999884,0.0,4.07565024059501,3.87565024059501
0.0,1.0,0.2,0.7,0.6,0.3,0.0,1.0,0.8999999999999999,3.3928938304368508,3.1928938304368506
0.1,0.9,0.8,0.0,0.7,0.3,0.9000000000000001,0.10000000000000014,0.0,2.9194043940436174,2.7194043940436172
0.4,0.6,0.0,0.2,0.5,0.9,0.8999999999999958,0.10000000000000406,0.0,1.6265936235203267,1.4265936235203267
1.0,0.0,0.1,0.6,0.7,0.6,0.16557653526123062,0.8344234647387693,0.7344234647387693,3.2128437386046245,3.0128437386046247
0.7,0.4,1.0,1.0,0.9,0.4,0.0,1.0000000000000004,0.9000000000000004,4.442346610531965,4.242346610531965
0.2,0.8,0.9,0.7,0.5,0.6,0.899999999999998,0.10000000000000205,0.0,2.3248848503126944,2.1248848503126943
0.0,0.2,0.5,0.7,0.3,0.5,0.0,0.9999999999999941,0.8999999999999941,1.1165669572552432,0.9165669572552433
0.6,0.5,0.8,0.1,0.2,0.5,0.9000000000000004,0.0999999999999997,0.0,1.7401622024870071,1.540162202487007
0.1,0.7,0.1,0.4,0.8,0.0,0.8999999999999999,0.10000000000000006,0.0,1.7906580679524102,1.5906580679524103
0.3,1.0,0.5,0.5,0.0,0.3,0.0,0.9999999999999997,0.8999999999999997,2.0669587338603748,1.8669587338603748
0.0,1.0,1.0,0.2,0.2,0.2,0.0,1.0,0.9000000000000001,2.348553185641781,2.1485531856417808
0.0,0.5,0.1,0.9,0.7,1.0,0.6580190831357209,0.34198091686427856,0.24198091686427858,3.6367571793112883,3.436757179311288
0.8,0.6,0.1,0.7,0.9,0.4,0.28944492004187494,0.7105550799581253,0.6105550799581252,3.639350879915659,3.4393508799156587
0.0,0.2,1.0,0.8,0.6,1.0,0.0,1.0,0.9,2.916917574979977,2.716917574979977
0.5,0.5,0.5,0.5,0.5,0.0,0.0,1.0,0.9,2.4963319515766926,2.296331951576693
1.0,0.0,0.3,0.2,0.3,0.9,0.8999999999999998,0.10000000000000031,0.0,1.66175240162482,1.4617524016248198
0.3,0.5,0.7,0.9,1.0,0.9,0.9000000000000042,0.09999999999999588,0.0,3.989781387828168,3.789781387828168
0.0,0.9,0.6,1.0,0.3,0.6,0.0,0.9999999999999998,0.8999999999999999,3.611544866350779,3.411544866350779
0.7,0.0,0.4,0.0,0.8,0.9,0.9000000000000061,0.09999999999999414,0.0,1.8178039503862933,1.617803950386293
0.7,0.5,0.0,0.6,0.1,0.7,0.7065195130428525,0.29348048695714735,0.19348048695714726,2.183407936623623,1.9834079366236228
0.1,0.8,0.4,0.7,0.1,0.7,0.7130123293161796,0.28698767068382036,0.18698767068382055,1.2162335878017985,1.0162335878017983
0.4,0.0,0.2,0.1,1.0,0.4,0.9000000000000015,0.09999999999999867,0.0,1.4653527986225117,1.2653527986225117
0.3,0.9,0.0,0.4,0.8,0.8,0.8999999999999924,0.10000000000000786,0.0,2.9696923562288453,2.769692356228845
0.0,0.1,0.2,0.0,0.0,0.7,0.9000000000000001,0.09999999999999995,0.0,0.6712332807606801,0.47123328076068005
0.1,0.9,0.9,1.0,0.5,0.4,0.0,1.0000000000000004,0.9000000000000004,4.50824371372721,4.308243713727211
1.0,0.1,0.1,0.7,0.6,0.7,0.08622976224468537,0.9137702377553145,0.8137702377553144,3.9634394013325482,3.763439401332548
0.5,0.5,0.8,0.1,0.4,0.9,0.8999999999999888,0.10000000000001154,0.0,1.8309227844320728,1.6309227844320726
0.4,0.7,0.7,1.0,0.9,0.5,0.808802491255391,0.19119750874460917,0.09119750874460908,3.5991039460266476,3.3991039460266474
0.5,0.5,0.7,1.0,0.2,0.2,0.0,0.999999999999999,0.8999999999999991,3.5580917244920327,3.3580917244920325
0.7,0.6,0.6,0.7,0.6,0.5,0.4180117688064584,0.5819882311935413,0.4819882311935414,3.1994752142753615,2.999475214275362
0.5,0.4,0.0,0.7,0.4,0.7,0.5406948385142671,0.4593051614857331,0.35930516148573277,1.4753205862663876,1.2753205862663877
0.8,1.0,0.9,0.8,0.7,0.2,0.0663075952904218,0.9336924047095783,0.833692404709578,5.232832355553531,5.0328323555535315
0.3,0.3,0.2,0.9,0.8,0.3,0.570078064361197,0.42992193563880265,0.3299219356388026,2.3668345080806956,2.166834508080696
0.9,0.7,0.3,0.8,0.7,0.9,0.9000000000000011,0.09999999999999892,0.0,3.4166741230554267,3.216674123055427
0.1,0.0,0.5,0.9,0.4,0.5,0.0,1.000000000000002,0.9000000000000019,1.842071105404975,1.642071105404975
0.2,1.0,0.6,0.3,0.4,0.8,0.8999999999999949,0.10000000000000502,0.0,2.0734808127003106,1.8734808127003106
0.3,0.6,0.3,0.0,0.1,1.0,0.9000000000000323,0.0999999999999677,0.0,0.8430960692682445,0.6430960692682444
0.0,0.4,0.9,0.7,0.2,0.9,0.29807841990143036,0.7019215800985696,0.6019215800985698,1.4165140635924616,1.2165140635924612
0.9,0.0,0.8,0.1,0.9,0.4,0.7218029979426437,0.2781970020573563,0.17819700205735622,2.728526347545667,2.5285263475456667
0.3,0.1,0.9,0.6,1.0,0.9,0.9000000000000039,0.09999999999999615,0.0,3.058174442226171,2.858174442226171
0.0,0.7,0.6,0.9,0.9,0.1,0.0,1.0000000000000018,0.9000000000000018,3.0442595910383834,2.8442595910383837
0.4,0.9,0.9,0.4,0.7,0.9,0.9000000000000173,0.09999999999998278,0.0,3.4168552190624126,3.2168552190624125
0.7,1.0,0.9,0.1,0.0,0.8,0.9000000000000064,0.09999999999999373,0.0,2.6612767715058214,2.4612767715058212
0.1,0.2,0.7,0.5,0.5,0.0,0.014650026102880909,0.9853499738971191,0.8853499738971191,1.7002585162915556,1.5002585162915556
0.4,0.6,0.5,0.2,0.1,1.0,0.9000000000000001,0.09999999999999976,0.0,1.0079213692719744,0.8079213692719744
0.3,0.3,0.9,0.4,0.9,1.0,0.8999999999999881,0.10000000000001202,0.0,1.5550191630123462,1.355019163012346
0.0,0.5,0.1,0.0,0.9,0.6,0.9000000000000008,0.09999999999999941,0.0,2.125099726551953,1.9250997265519527
0.5,0.8,0.7,0.1,0.1,0.1,0.32162551136101825,0.6783744886389816,0.5783744886389816,1.1251382915743546,0.9251382915743545
0.7,0.5,1.0,0.1,0.4,0.5,0.8999999999999999,0.09999999999999999,0.0,2.374101570933885,2.1741015709338853
0.8,0.8,0.4,0.3,1.0,0.0,0.8999999999999992,0.10000000000000081,0.0,2.8754449811124108,2.675444981112411
0.4,0.2,0.9,0.0,0.5,0.1,0.9,0.09999999999999999,0.0,1.6167685264645588,1.4167685264645586
0.4,0.4,0.4,0.9,0.1,0.6,0.2192652223882463,0.7807347776117538,0.6807347776117537,1.7209398347582505,1.5209398347582508
1.0,0.6,0.2,0.6,0.3,0.6,0.382542384201476,0.6174576157985239,0.5174576157985239,2.845948604413937,2.6459486044139373
0.3,0.1,0.4,1.0,0.5,0.5,0.28160716679256526,0.7183928332074347,0.6183928332074348,3.327333246988451,3.1273332469884507
0.6,0.4,0.3,0.8,0.2,0.2,0.0,0.9999999999999999,0.8999999999999999,1.7549808161948441,1.5549808161948442
0.1,0.2,0.3,0.4,0.0,0.8,0.9,0.10000000000000009,0.0,0.3810540214596763,0.18105402145967625
0.9,0.4,0.8,0.5,0.5,1.0,0.8999999999999999,0.10000000000000012,0.0,2.546335820011681,2.3463358200116806
0.6,0.0,0.1,0.5,0.6,0.5,0.6300392877327896,0.3699607122672107,0.26996071226721063,1.8476201333705045,1.6476201333705043
0.5,0.9,1.0,0.1,0.7,0.2,0.4868413748320459,0.5131586251679543,0.4131586251679542,3.5128333252263086,3.312833325226309
0.0,0.5,0.4,0.4,0.3,0.9,0.8999999999999999,0.09999999999999999,0.0,1.2277651406248236,1.0277651406248236
0.2,0.5,0.0,0.0,0.7,0.0,0.8999999999999985,0.1000000000000018,0.0,2.4251694119415927,2.225169411941593
0.0,0.1,0.7,1.0,0.7,0.1,0.0,0.9999999999999976,0.8999999999999975,4.17757260959633,3.97757260959633
0.4,0.7,0.8,0.1,0.0,0.3,0.6319163129998967,0.36808368700010297,0.2680836870001033,0.5998208309829656,0.3998208309829654
0.3,0.8,0.9,0.9,0.3,0.4,0.067261776593033,0.9327382234069672,0.832738223406967,2.611435409346514,2.411435409346514
0.9,0.5,0.3,0.7,0.4,0.3,0.0,0.9999999999999996,0.8999999999999997,3.1406261074042705,2.9406261074042703
0.1,0.5,0.6,0.6,0.7,0.6,0.6667416912044533,0.3332583087955472,0.23325830879554732,2.6647096238469064,2.464709623846906
0.8,0.0,0.1,0.1,0.1,0.9,0.8999999999999986,0.10000000000000156,0.0,1.0096881056388705,0.8096881056388703
0.0,0.3,0.0,0.0,0.2,0.9,0.9,0.10000000000000006,0.0,0.19999999999999926,0.0
0.2,0.4,0.0,0.2,0.4,0.9,0.8999999999999997,0.10000000000000045,0.0,0.475843505951476,0.2758435059514759
0.7,0.7,0.5,0.9,1.0,0.0,0.3617076060762312,0.6382923939237689,0.5382923939237689,3.7417240710500135,3.5417240710500137
0.8,0.0,0.5,0.8,0.3,0.6,0.0,1.0000000000000002,0.9000000000000001,2.1537363335836246,1.9537363335836249
0.3,0.2,0.7,0.5,0.4,0.6,0.9000000000000004,0.09999999999999976,0.0,1.1046881865768072,0.9046881865768073
0.2,0.3,0.4,0.2,0.0,0.5,0.8390931333490739,0.16090686665092607,0.06090686665092607,0.20000000000000018,0.0
0.1,0.7,0.9,0.2,0.6,0.1,0.9000000000000002,0.09999999999999978,0.0,1.7005720450262758,1.5005720450262758
1.0,0.1,1.0,0.3,0.4,0.9,0.1591871833316566,0.8408128166683435,0.7408128166683434,3.12707475405565,2.9270747540556497
0.2,0.2,0.8,0.9,0.3,0.3,0.0,0.9999999999999999,0.8999999999999999,2.250101948642996,2.0501019486429963
0.7,0.6,0.5,0.6,0.6,0.5,0.604861550511389,0.39513844948861143,0.2951384494886113,2.8546801275838494,2.6546801275838496
0.3,0.1,0.6,0.1,0.8,0.6,0.8999999999999999,0.10000000000000024,0.0,2.0184272392258586,1.8184272392258587
0.8,0.7,0.2,1.0,0.3,0.2,0.0,0.9999999999999999,0.8999999999999999,3.1101634687766633,2.9101634687766635
0.6,0.3,0.4,0.5,0.4,0.1,0.0,1.0,0.9,0.7588638351471848,0.5588638351471849
0.2,1.0,0.9,0.0,0.9,0.5,0.9000000000000116,0.09999999999998867,0.0,3.2423155805189783,3.042315580518978
0.6,0.1,0.6,0.6,0.3,0.9,0.346400125491358,0.6535998745086418,0.5535998745086417,1.9251745178800634,1.7251745178800635
0.2,0.7,0.9,0.3,0.9,0.9,0.9000000000000457,0.0999999999999545,0.0,1.872658495368442,1.6726584953684418
0.3,0.9,1.0,0.4,0.3,0.7,0.8999999999999984,0.10000000000000155,0.0,2.4308898172585134,2.2308898172585137
0.7,0.7,0.7,0.1,0.1,0.6,0.900000000000002,0.09999999999999842,0.0,0.8948652985938792,0.694865298593879
0.5,0.1,1.0,0.5,1.0,0.2,0.0,1.0,0.8999999999999999,3.2486287578084654,3.0486287578084657
1.0,0.4,0.4,0.2,0.2,0.9,0.8552058467269414,0.14479415327305856,0.04479415327305852,1.593470552403658,1.3934705524036581
0.5,0.6,0.2,0.2,0.2,0.3,0.507822011741293,0.49217798825870673,0.39217798825870664,1.1499859918842783,0.9499859918842783
0.9,0.2,0.6,0.5,0.9,0.1,0.0,0.9999999999999993,0.8999999999999992,3.161801556603805,2.9618015566038047
0.6,0.0,0.4,0.9,0.4,0.5,0.0,1.0,0.9,2.231473180768592,2.031473180768592
1.0,0.1,0.4,0.5,0.8,0.3,0.0,1.0000000000000016,0.9000000000000015,3.6767591572948968,3.476759157294897
0.8,0.8,0.1,0.6,1.0,0.8,0.9000000000000021,0.09999999999999776,0.0,3.104491219051883,2.904491219051883
0.4,0.6,0.5,0.6,0.0,0.1,0.0,0.9999999999999993,0.8999999999999995,1.6439180303400949,1.443918030340095
0.6,0.7,0.1,0.7,0.6,0.0,0.5880537475413551,0.411946252458645,0.31194625245864493,2.6255049533186714,2.4255049533186717
0.6,0.7,0.0,0.8,0.9,0.3,0.0,1.0,0.9,2.9218546563583736,2.7218546563583734
0.5,1.0,0.9,0.4,0.0,0.2,0.0,1.0,0.9000000000000001,2.631656222735264,2.431656222735264
0.1,0.9,0.6,0.0,0.1,0.7,0.9000000000000004,0.09999999999999984,0.0,1.542199759469254,1.3421997594692539
0.4,0.4,0.2,0.0,0.1,0.8,0.9000000000000017,0.09999999999999867,0.0,0.2502132477619059,0.05021324776190572
0.2,0.6,0.3,0.3,0.8,0.6,0.9000000000000341,0.0999999999999667,0.0,1.9728165823769652,1.772816582376965
0.7,0.3,0.3,0.2,0.2,0.9,0.8999999999999886,0.10000000000001119,0.0,0.2603767252901641,0.06037672529016391
0.2,1.0,0.4,0.8,0.9,0.6,0.9000000000000006,0.09999999999999924,0.0,3.8862789446754524,3.6862789446754523
0.2,0.7,0.7,0.4,1.0,0.6,0.8999999999999995,0.10000000000000088,0.0,1.7158626135095312,1.5158626135095312
0.0,1.0,0.6,0.7,0.0,0.7,0.0,1.0000000000000007,0.9000000000000006,2.4675005292546652,2.267500529254665
0.3,0.4,0.0,0.6,0.6,0.0,0.6262611627520049,0.3737388372479952,0.2737388372479951,2.0427674111607548,1.8427674111607548
0.8,1.0,0.1,0.8,0.0,0.3,0.0,0.9999999999999959,0.8999999999999959,3.649636890962289,3.4496368909622888
1.0,0.4,0.2,0.4,1.0,0.8,0.9000000000000004,0.09999999999999966,0.0,2.9557010752830974,2.7557010752830973
0.5,0.0,1.0,0.9,0.1,0.1,0.0,0.9999999999999936,0.8999999999999936,2.6663360977909853,2.466336097790986
0.3,0.9,0.0,1.0,0.3,0.9,0.8999999999999999,0.1,0.0,3.7179016170441668,3.5179016170441666
0.0,1.0,0.9,0.2,0.7,0.5,0.8999999999999999,0.10000000000000003,0.0,3.1611832750749937,2.9611832750749936
0.4,0.3,0.2,0.0,0.7,0.1,0.9000000000000012,0.099999999999999,0.0,1.00593232493766,0.8059323249376598
0.0,0.0,0.1,0.2,0.2,0.5,0.0,1.0,0.8999999999999999,0.19999999999999998,0.0
0.9,1.0,0.5,0.3,0.0,0.7,0.28601104141597433,0.7139889585840258,0.6139889585840259,2.7998254751933214,2.599825475193321
0.8,0.6,0.0,0.5,0.7,0.2,0.131966610509328,0.8680333894906721,0.7680333894906721,3.204000483702872,3.004000483702872
0.8,0.8,0.5,0.6,0.6,0.2,0.0,0.9999999999999998,0.8999999999999998,2.8903383344638085,2.6903383344638083
0.7,0.9,0.6,0.4,0.5,1.0,0.9000000000000006,0.09999999999999949,0.0,3.027943211940318,2.8279432119403176
1.0,0.5,0.4,1.0,0.9,0.9,0.5763762718544025,0.4236237281455973,0.32362372814559714,5.538450740469899,5.338450740469899
0.2,0.9,0.2,1.0,0.7,0.5,0.8999999999999998,0.10000000000000007,0.0,4.55741122901465,4.35741122901465
0.1,0.4,0.5,0.8,0.9,0.6,0.44920934968271764,0.5507906503172826,0.45079065031728205,2.376536389684332,2.176536389684332
0.7,0.1,0.8,0.1,0.4,0.3,0.6490418650225204,0.35095813497747974,0.25095813497747965,1.961724919598388,1.7617249195983877
0.6,0.7,0.8,1.0,0.3,0.0,0.14424450221082546,0.8557554977891746,0.7557554977891745,3.2428388851660164,3.0428388851660166
0.0,0.5,0.0,0.2,0.9,0.4,0.17754543941140621,0.8224545605885938,0.7224545605885935,2.2119265995459685,2.0119265995459683
0.7,0.6,0.2,0.7,0.5,0.2,0.4568963192891499,0.54310368071085,0.44310368071085005,2.879094553916945,2.6790945539169453
0.3,0.3,0.5,0.7,0.6,0.7,0.8999999999999997,0.10000000000000048,0.0,1.405556111108475,1.205556111108475
0.8,0.1,0.7,0.1,0.5,0.7,0.8999999999999992,0.10000000000000109,0.0,2.359152306928611,2.1591523069286107
0.3,0.6,1.0,0.4,1.0,0.1,0.8999999999999999,0.10000000000000003,0.0,3.016306087121015,2.8163060871210153
0.9,0.5,0.1,0.2,0.5,0.2,0.0,1.0,0.9,2.8402017353323497,2.6402017353323495
0.5,0.0,0.3,0.6,0.5,0.2,0.0,1.0,0.9,1.5867042251136365,1.3867042251136366
0.0,0.6,0.2,0.3,1.0,1.0,0.8999999999999999,0.10000000000000048,0.0,2.1004277289977153,1.9004277289977152
0.1,0.6,0.3,0.3,1.0,1.0,0.8999999999999974,0.10000000000000268,0.0,2.0724025457861277,1.8724025457861273
0.5,0.6,0.6,0.4,1.0,0.2,0.10511249056398242,0.8948875094360178,0.7948875094360179,2.633024563036529,2.4330245630365295
0.3,0.3,0.5,0.7,0.5,0.4,0.0,1.0000000000000002,0.9000000000000002,1.074414365206941,0.8744143652069408
0.8,0.9,0.8,0.4,0.8,0.7,0.9000000000000004,0.09999999999999953,0.0,3.9968585959519536,3.7968585959519534
0.2,0.5,0.0,0.2,1.0,0.3,0.9,0.1,0.0,2.3162224333445955,2.1162224333445954
0.2,0.6,0.2,0.5,0.3,0.7,0.899999999999993,0.10000000000000718,0.0,1.2298565905776182,1.029856590577618
0.4,0.5,0.4,0.4,0.9,0.3,0.6928785159263651,0.30712148407363515,0.20712148407363506,2.4981532592507096,2.29815325925071
0.0,0.5,0.1,0.8,0.6,0.5,0.0,0.9999999999999998,0.8999999999999998,3.041278407883334,2.841278407883334
1.0,0.2,0.2,0.1,0.2,0.8,0.9000000000000004,0.09999999999999976,0.0,1.7212515820672931,1.5212515820672932
0.2,1.0,0.9,0.0,0.5,0.0,0.8999999999999907,0.10000000000000936,0.0,2.9878467867275513,2.7878467867275516
0.0,0.7,0.8,0.2,0.2,0.2,0.04314145646777867,0.9568585435322212,0.8568585435322214,0.5826458118292179,0.38264581182921753
0.4,0.9,0.2,0.2,1.0,0.6,0.8999999999999944,0.1000000000000057,0.0,2.862316542956844,2.6623165429568436
0.5,0.9,0.1,0.4,0.8,1.0,0.8999999999999937,0.10000000000000661,0.0,3.1947491918678717,2.9947491918678715
0.8,0.7,0.4,1.0,0.5,0.1,0.0,1.0,0.8999999999999999,3.6492573730758715,3.4492573730758718
0.4,0.3,0.0,0.4,0.3,0.1,0.0,1.0,0.9,0.29847099975071334,0.09847099975071337
0.9,0.0,0.5,0.3,0.6,0.9,0.9000000000000001,0.1,0.0,2.2795714774777864,2.0795714774777867
0.9,0.1,0.6,0.1,0.8,0.6,0.8270680856606719,0.17293191433932797,0.072931914339328,3.0596792889333035,2.859679288933304
0.9,0.0,0.3,0.1,0.2,0.8,0.8999999999999992,0.10000000000000098,0.0,1.2224655696179534,1.0224655696179532
0.3,1.0,0.4,0.4,0.0,0.3,0.14362486203628455,0.856375137963715,0.7563751379637151,1.8752224428394597,1.6752224428394593
0.9,0.8,0.9,0.1,0.9,0.4,0.9000000000000001,0.1,0.0,3.2062498947715277,3.006249894771528
1.0,0.3,0.1,0.9,0.9,1.0,0.35550683199924693,0.644493168000753,0.5444931680007525,3.817098604583876,3.617098604583876
0.9,0.5,0.2,0.5,0.3,0.0,0.0,1.0,0.8999999999999999,2.8497105916559637,2.649710591655964
0.5,0.5,0.3,0.7,0.2,0.8,0.8999999999999999,0.1000000000000002,0.0,2.0561178656863763,1.8561178656863764
0.1,0.3,0.7,0.5,0.2,0.2,0.0,1.0000000000000018,0.9000000000000019,0.28531349641404213,0.08531349641404226
0.5,0.7,0.6,1.0,0.5,0.6,0.2831966046762746,0.7168033953237263,0.6168033953237257,3.005758991200076,2.805758991200076
0.8,0.9,0.8,1.0,1.0,0.4,0.2917925822695302,0.7082074177304696,0.6082074177304696,5.847546749205775,5.647546749205775
0.3,0.1,1.0,0.9,0.9,1.0,0.9000000000000001,0.09999999999999994,0.0,4.133767607219877,3.9337676072198766
0.1,1.0,0.7,0.7,0.3,0.9,0.9,0.1,0.0,2.750287625877477,2.550287625877477
0.7,0.9,0.2,0.8,0.1,0.6,0.9,0.1,0.0,3.2181271104057205,3.018127110405721
0.8,0.0,0.0,0.9,0.2,0.9,0.15225380237299996,0.847746197627,0.7477461976269997,2.5850291451056124,2.3850291451056123
0.5,0.6,0.9,0.1,0.3,0.0,0.9,0.09999999999999996,0.0,1.9021880696172526,1.7021880696172527
0.3,0.2,0.3,0.8,1.0,0.3,0.6270324984286044,0.3729675015713958,0.2729675015713956,2.6546975252108616,2.4546975252108614
0.5,0.0,0.5,0.1,0.1,0.2,0.0,1.0000000000000002,0.9000000000000001,0.4737217095741432,0.2737217095741433
0.5,0.5,0.0,0.8,0.9,0.5,0.1667915079807809,0.8332084920192188,0.7332084920192181,3.5858975583141923,3.385897558314192
0.1,0.9,0.8,0.1,1.0,1.0,0.8999999999999987,0.10000000000000134,0.0,3.0584797616501476,2.8584797616501474
0.6,0.7,0.2,0.9,0.3,0.8,0.9000000000000015,0.09999999999999871,0.0,2.1361773753520596,1.9361773753520597
0.0,0.5,0.2,0.5,1.0,0.4,0.34489813790431123,0.6551018620956891,0.555101862095689,2.5104843947396,2.3104843947396
0.4,0.0,0.7,0.3,0.6,0.8,0.8999999999999909,0.10000000000000928,0.0,1.5083870285418381,1.308387028541838
0.1,0.3,0.0,0.2,0.4,0.8,0.9000000000000001,0.10000000000000009,0.0,0.2000000000000003,0.0
1.0,0.6,0.4,0.4,0.2,0.7,0.5997448449595041,0.4002551550404959,0.30025515504049594,2.4014168818135753,2.2014168818135755
0.0,1.0,0.3,0.9,0.5,0.9,0.9,0.1,0.0,3.696978911372895,3.4969789113728953
0.4,1.0,0.9,0.3,0.7,0.1,0.8999999999999997,0.10000000000000019,0.0,3.6071247871602266,3.4071247871602264
0.1,0.2,0.4,0.1,0.6,0.9,0.9000000000000016,0.09999999999999841,0.0,1.142321139312566,0.9423211393125659
0.6,0.6,0.7,0.0,1.0,0.5,0.9000000000000021,0.09999999999999815,0.0,2.566577914611129,2.366577914611129
0.8,0.7,1.0,0.5,0.5,0.8,0.8999999999999989,0.10000000000000114,0.0,2.4643450463442047,2.2643450463442045
0.2,0.5,0.4,0.2,0.5,0.3,0.9,0.09999999999999999,0.0,1.6018009709801893,1.401800970980189
0.5,0.3,0.3,0.3,0.6,0.3,0.7968858839407045,0.20311411605929575,0.10311411605929555,0.9045072033577735,0.7045072033577734
0.6,0.2,0.0,0.5,0.4,0.7,0.843091271908293,0.1569087280917073,0.056908728091707106,1.308979841442441,1.108979841442441
0.2,1.0,0.8,0.4,0.6,0.1,0.9,0.09999999999999998,0.0,3.3062464550015775,3.1062464550015774
0.0,0.2,0.1,0.4,0.1,0.6,0.0,1.0,0.9,0.4580720872359569,0.25807208723595687
0.2,0.6,0.7,0.7,0.8,0.3,0.4836138605907063,0.5163861394092932,0.4163861394092934,2.9868223803358793,2.786822380335879
0.9,0.6,0.8,0.9,0.2,0.2,0.0,1.0000000000000002,0.9000000000000002,3.874622258299245,3.6746222582992454
0.0,1.0,1.0,0.4,0.6,0.7,0.9,0.1,0.0,3.3109342178724206,3.110934217872421
0.1,0.3,0.8,0.6,0.6,0.4,0.20667116472042668,0.7933288352795733,0.6933288352795735,1.4169405718925374,1.2169405718925375
0.1,0.4,0.2,0.9,0.8,0.7,0.9000000000000011,0.09999999999999885,0.0,2.7377620774847746,2.5377620774847744
0.6,0.7,0.8,0.2,0.2,0.2,0.6858735878625343,0.31412641213746584,0.2141264121374653,1.0223699071553838,0.8223699071553834
0.5,0.5,0.6,0.6,0.7,0.7,0.8999999999999999,0.1,0.0,2.9521879672094453,2.752187967209445
0.6,0.9,1.0,0.3,0.2,0.3,0.0,1.0,0.9,2.6653449959615423,2.4653449959615426
0.6,0.3,0.8,0.0,0.0,0.5,0.9,0.09999999999999999,0.0,0.2951308159230864,0.09513081592308632
0.6,0.7,0.2,0.4,0.0,0.6,0.9000000000000006,0.09999999999999948,0.0,0.6844805545088952,0.4844805545088951
0.3,0.1,0.5,0.4,0.9,0.2,0.23477465663048336,0.7652253433695164,0.6652253433695163,2.292451840654703,2.092451840654703
1.0,1.0,0.8,0.0,0.1,0.3,0.0,1.0,0.9000000000000001,3.4265902118145872,3.2265902118145875
0.8,0.8,0.0,0.7,1.0,1.0,0.8999999999999992,0.10000000000000078,0.0,3.4235047973597226,3.2235047973597224
0.5,1.0,0.0,0.2,0.7,0.0,0.8999999999999999,0.09999999999999999,0.0,3.380863373581766,3.180863373581766
0.7,0.0,0.5,0.1,0.2,0.4,0.0,1.0,0.9,0.7509972129429312,0.5509972129429311
0.9,0.5,0.2,0.7,0.8,0.7,0.9000000000000001,0.09999999999999996,0.0,4.023361355882242,3.8233613558822426
0.4,0.7,1.0,0.4,0.0,0.1,0.0,0.9999999999999999,0.8999999999999999,1.202549906441137,1.002549906441137
0.2,0.9,0.7,0.5,0.9,0.7,0.8999999999999972,0.1000000000000027,0.0,3.23349109998518,3.03349109998518
1.0,0.6,0.5,1.0,0.9,0.9,0.23759603265311968,0.7624039673468802,0.6624039673468807,5.382557663349781,5.1825576633497805
0.6,0.8,0.5,0.4,0.3,0.0,0.08823282436417687,0.911767175635823,0.8117671756358231,1.49719547192965,1.29719547192965
0.8,0.3,0.4,0.0,0.6,0.2,0.9,0.10000000000000003,0.0,1.4078641000622463,1.2078641000622463
0.2,0.2,0.4,0.3,0.5,0.0,0.8999999999999999,0.1000000000000001,0.0,1.2238500623327835,1.0238500623327835
0.6,0.6,0.0,0.5,0.7,0.7,0.8999999999999982,0.10000000000000174,0.0,2.675589678360399,2.475589678360399
0.6,0.5,0.9,0.4,0.1,0.5,0.39861547858754875,0.6013845214124511,0.5013845214124509,2.0419373448639573,1.8419373448639575
0.9,0.4,0.8,0.8,0.4,0.9,0.6470140243442499,0.35298597565575013,0.25298597565575015,2.9496700121462607,2.749670012146261
0.6,0.7,0.5,0.7,0.0,1.0,0.35415250177199953,0.6458474982280004,0.5458474982280004,1.3553405391407787,1.1553405391407783
0.7,1.0,0.8,0.6,0.4,0.9,0.8999999999999988,0.1000000000000014,0.0,3.3887419868526947,3.1887419868526945
0.9,0.4,0.5,0.5,0.9,0.4,0.0,0.9999999999999991,0.899999999999999,2.749049117325999,2.5490491173259993
0.7,0.8,0.8,0.7,0.5,0.3,0.3263661620133742,0.673633837986626,0.5736338379866259,2.847573585725642,2.6475735857256417
0.4,0.4,0.7,0.1,0.0,0.2,0.0,1.0,0.9,0.5322224987717366,0.3322224987717365
0.3,0.5,0.0,0.0,0.5,0.7,0.89999999999999,0.10000000000001008,0.0,1.6584771637455948,1.4584771637455949
0.2,0.6,0.0,0.3,0.9,1.0,0.9000000000000005,0.09999999999999952,0.0,2.1673437229220642,1.9673437229220638
0.4,0.6,0.5,0.7,0.3,0.4,0.0,1.0,0.9000000000000001,1.8364439296422206,1.6364439296422204
1.0,0.3,0.1,0.1,0.1,1.0,0.6587986373985311,0.34120136260146905,0.24120136260146907,1.1252291521746176,0.9252291521746172
0.1,0.0,0.6,0.7,1.0,0.6,0.40222544484838973,0.5977745551516098,0.49777455515160995,2.1820910381933527,1.9820910381933527
0.4,0.7,1.0,0.3,0.2,0.4,0.057885268247795496,0.9421147317522045,0.8421147317522044,0.9761695342630607,0.7761695342630603
0.9,1.0,0.8,0.9,0.5,0.1,0.0,1.0000000000000002,0.9000000000000002,5.367114341926763,5.167114341926764
1.0,0.8,0.1,0.0,0.9,1.0,0.9000000000000024,0.09999999999999754,0.0,3.148617029837942,2.948617029837942
0.8,1.0,0.4,0.8,0.0,0.6,0.22947663511841843,0.7705233648815812,0.6705233648815812,3.508324072380932,3.308324072380932
0.4,0.6,0.0,0.8,1.0,0.5,0.6183514382924882,0.38164856170751116,0.2816485617075113,3.3043098135689366,3.104309813568937
0.3,0.8,0.9,1.0,0.7,0.7,0.9000000000000004,0.09999999999999974,0.0,4.043888228904525,3.8438882289045244
0.8,0.9,0.2,0.5,0.4,0.9,0.9000000000000015,0.09999999999999876,0.0,2.951748281003451,2.751748281003451
1.0,0.8,0.6,0.9,0.5,0.4,0.0,0.9999999999999847,0.8999999999999848,4.101303739592927,3.901303739592927
0.8,1.0,0.5,0.1,0.0,0.7,0.9000000000000001,0.09999999999999987,0.0,2.417519457993278,2.217519457993278
0.0,0.4,0.0,0.5,0.4,0.7,0.3937572641871452,0.6062427358128548,0.506242735812855,0.7280532846573204,0.5280532846573205
0.1,0.1,0.0,0.3,1.0,0.1,0.16060160461740147,0.8393983953825986,0.7393983953825983,2.2796588783501366,2.079658878350136
0.0,0.3,0.1,0.6,0.1,0.9,0.14872433996921053,0.8512756600307894,0.7512756600307893,0.20257823721538215,0.0025782372153819733
0.5,0.5,0.6,0.4,0.9,0.2,0.0,1.0,0.9,2.8004863659952397,2.6004863659952395
0.2,0.8,0.1,0.1,0.2,0.5,0.9000000000000007,0.0999999999999994,0.0,0.5420230740091874,0.34202307400918724
1.0,0.1,0.5,0.7,0.3,0.0,0.0,1.000000000000008,0.9000000000000079,3.4069690250216356,3.2069690250216363
0.6,0.1,0.6,0.1,0.7,0.1,0.37419771609735863,0.6258022839026414,0.5258022839026413,2.513574560969192,2.313574560969192
0.7,0.5,0.6,1.0,0.8,0.1,0.0,0.9999999999999998,0.8999999999999999,4.964661556174702,4.764661556174703
0.4,1.0,0.4,1.0,0.2,0.7,0.8560227431532073,0.1439772568467934,0.04397725684679332,3.7418801740045713,3.5418801740045716
0.3,0.8,0.0,0.8,0.7,0.8,0.8999999999999988,0.10000000000000134,0.0,2.812227093665818,2.6122270936658176
0.2,0.9,0.9,0.6,0.7,0.6,0.8999999999999975,0.1000000000000027,0.0,3.5899732540632097,3.3899732540632095
0.2,0.4,0.7,0.3,1.0,0.7,0.9000000000000062,0.09999999999999389,0.0,1.617940997629794,1.417940997629794
0.2,0.8,0.1,0.9,0.0,0.4,0.0,1.0000000000000004,0.9000000000000004,2.0205392924681997,1.8205392924681998
0.4,0.7,0.7,0.3,0.9,0.6,0.8999999999999956,0.10000000000000459,0.0,1.7165743830418227,1.5165743830418226
0.5,0.7,0.1,0.1,0.0,0.7,0.9000000000000009,0.09999999999999935,0.0,0.369046081504387,0.16904608150438694
0.2,0.5,0.7,0.3,0.0,0.9,0.8999999999999992,0.10000000000000078,0.0,1.2901028085715545,1.0901028085715545
0.8,0.1,0.2,0.4,0.2,0.3,0.0,1.0,0.9000000000000001,1.867628795599548,1.6676287955995481
0.1,0.8,0.7,0.4,0.0,0.9,0.9,0.09999999999999994,0.0,0.862993481718688,0.6629934817186879
0.7,0.3,0.9,0.2,0.6,0.2,0.9,0.1,0.0,1.7263059492007744,1.5263059492007744
0.6,0.1,0.4,0.3,1.0,0.3,0.45653582137486626,0.5434641786251335,0.4434641786251333,2.461434342468503,2.261434342468503
0.4,0.0,0.6,0.8,0.9,0.7,0.8778102398730061,0.12218976012699356,0.022189760126993363,2.644131742909602,2.444131742909602
0.0,0.8,0.8,0.6,0.9,1.0,0.8999999999999999,0.10000000000000017,0.0,2.5559371005448535,2.3559371005448537
0.1,0.9,0.5,0.3,0.8,0.8,0.9000000000000012,0.09999999999999884,0.0,2.718432097227111,2.5184320972271115
0.3,1.0,1.0,1.0,0.7,0.9,0.9000000000000019,0.09999999999999812,0.0,5.358470457080258,5.1584704570802575
0.5,0.5,0.5,0.8,0.2,0.1,0.0,1.0000000000000058,0.9000000000000057,2.5931272595024746,2.3931272595024744
0.7,0.1,0.0,1.0,0.0,0.9,0.0,1.0,0.9,3.3861489195879297,3.18614891958793
1.0,0.5,0.5,0.1,1.0,0.6,0.9,0.10000000000000002,0.0,3.583892190800824,3.383892190800824
0.4,0.2,0.0,0.6,0.1,0.2,0.0,1.0000000000000049,0.900000000000005,1.118588699217226,0.9185886992172261
0.4,0.3,0.8,0.1,0.2,0.9,0.9000000000000037,0.09999999999999656,0.0,0.20000000000000007,0.0
1.0,0.5,0.8,0.2,1.0,1.0,0.8999999999999964,0.1000000000000037,0.0,4.023720007390223,3.8237200073902224
0.2,0.1,0.9,0.0,0.3,1.0,0.9000000000000006,0.09999999999999976,0.0,1.3468276791052896,1.1468276791052894
0.3,0.8,0.6,0.4,0.6,0.8,0.9000000000000139,0.09999999999998613,0.0,1.7675339590726227,1.5675339590726227
0.2,0.5,0.7,0.6,0.1,1.0,0.9000000000000002,0.09999999999999992,0.0,1.8026309435270635,1.6026309435270636
0.2,0.7,0.3,0.8,0.4,0.7,0.899999999999991,0.10000000000000916,0.0,1.4455033658232008,1.2455033658232009
0.5,0.7,0.6,0.5,0.8,0.5,0.6919813118287603,0.3080186881712401,0.20801868817124025,1.9386682153149342,1.7386682153149344
0.2,0.3,0.5,0.6,1.0,0.3,0.0,1.0,0.9,1.4123794688359799,1.21237946883598
0.2,0.1,0.7,0.7,0.3,1.0,0.9,0.1,0.0,1.9257685829807287,1.7257685829807285
0.5,0.1,0.3,0.4,0.6,0.3,0.37096921749743716,0.629030782502563,0.5290307825025629,2.158833968031998,1.9588339680319984
0.8,0.2,0.2,0.1,0.0,0.5,0.7720083622171733,0.22799163778282683,0.12799163778282718,1.0385326010010822,0.8385326010010823
0.6,0.7,1.0,0.3,0.0,0.2,0.0,1.0000000000000004,0.9000000000000005,1.2703223914430395,1.0703223914430395
0.0,1.0,0.3,1.0,0.0,1.0,0.3178933287952219,0.6821066712047777,0.5821066712047775,3.5686375294744623,3.368637529474462
0.1,0.4,0.0,0.4,0.8,0.9,0.9,0.09999999999999983,0.0,1.517868803154086,1.317868803154086
0.3,0.4,1.0,0.0,0.0,0.7,0.900000000000002,0.09999999999999812,0.0,0.7004409969066785,0.5004409969066784
0.2,0.7,0.9,0.7,0.8,0.7,0.9000000000000172,0.09999999999998314,0.0,2.5182378619284678,2.3182378619284676
0.9,0.0,0.6,0.5,0.6,1.0,0.45239302169302564,0.5476069783069745,0.4476069783069747,2.650474378249294,2.450474378249294
0.8,0.7,1.0,0.7,0.9,0.3,0.0,1.0000000000000002,0.9000000000000001,3.541735550584186,3.3417355505841857
1.0,0.0,0.2,0.0,1.0,1.0,0.9000000000000032,0.09999999999999679,0.0,2.783601084707282,2.583601084707282
0.5,0.3,0.1,0.8,0.2,0.0,0.0,0.9999999999999998,0.8999999999999997,1.3939113183669933,1.1939113183669934
0.1,0.5,0.3,1.0,0.2,0.3,0.0,1.0,0.9000000000000001,2.9758243131499214,2.7758243131499216
0.4,0.1,0.2,0.4,0.6,0.1,0.7646619104688748,0.23533808953112523,0.1353380895311252,2.2295898577979614,2.029589857797961
0.2,0.6,0.4,0.4,0.3,0.6,0.900000000000001,0.09999999999999898,0.0,1.028999159227082,0.828999159227082
0.4,0.2,0.4,1.0,1.0,1.0,0.8999999999999999,0.10000000000000002,0.0,3.5852931162365866,3.3852931162365865
0.8,1.0,0.6,0.0,0.6,0.3,0.6814049523305247,0.3185950476694752,0.2185950476694751,3.5059740750442008,3.3059740750442006
0.8,0.4,0.8,0.2,0.9,0.1,0.9000000000000008,0.09999999999999931,0.0,2.666179135625049,2.466179135625049
0.5,0.4,0.2,0.9,0.7,0.5,0.6551592686015191,0.3448407313984807,0.24484073139848084,2.9609323894006,2.7609323894005997
0.6,0.6,0.1,0.4,0.5,0.1,0.5258231046528179,0.474176895347182,0.374176895347182,2.2124535075015306,2.012453507501531
0.5,0.5,0.1,1.0,1.0,0.2,0.0,0.9999999999999998,0.8999999999999998,4.55615921485902,4.35615921485902
0.0,0.7,0.4,0.6,0.4,0.9,0.9,0.10000000000000003,0.0,0.8596930925234697,0.6596930925234696
0.5,0.3,0.0,0.1,0.8,0.0,0.9,0.10000000000000003,0.0,1.3724774034094986,1.1724774034094987
0.1,0.1,0.3,0.3,0.4,0.2,0.18078049884083713,0.8192195011591629,0.7192195011591627,1.1362846073911088,0.9362846073911089
0.7,0.3,0.7,0.3,0.7,0.9,0.9000000000000073,0.09999999999999266,0.0,1.6155194411708136,1.4155194411708134
0.3,0.6,0.4,0.7,0.7,0.3,0.6296523755237429,0.37034762447625713,0.2703476244762572,2.7364228399399746,2.5364228399399744
0.4,0.9,0.7,0.3,0.1,0.2,0.0,1.0,0.9,2.055212679645394,1.8552126796453936
0.1,0.7,0.6,0.6,0.9,0.6,0.9000000000000001,0.09999999999999995,0.0,1.8878556627512704,1.6878556627512702
0.1,1.0,0.1,1.0,1.0,1.0,0.8999999999999999,0.10000000000000009,0.0,4.8818325331498205,4.68183253314982
0.1,0.0,0.0,0.1,0.6,0.2,0.22550512347231932,0.7744948765276807,0.6744948765276808,1.1830045829990685,0.9830045829990686
0.7,0.3,0.5,0.1,0.7,0.1,0.8428268872169085,0.15717311278309154,0.05717311278309167,1.4657203907884298,1.2657203907884298
0.4,0.6,0.3,0.4,0.1,1.0,0.9000000000000012,0.09999999999999885,0.0,1.149056256041413,0.949056256041413
0.2,0.6,0.0,0.4,0.8,0.2,0.815065671914599,0.18493432808540133,0.08493432808540147,2.2899912938706866,2.0899912938706864
0.1,0.2,0.6,0.6,0.9,0.1,0.0,0.9999999999999999,0.8999999999999999,2.236527702032266,2.036527702032266
0.6,0.2,0.6,0.4,0.2,0.8,0.6929759728939503,0.3070240271060497,0.20702402710604972,0.9979056866621978,0.797905686662198
0.3,0.1,0.9,0.3,0.8,0.4,0.9000000000000001,0.0999999999999999,0.0,2.5176011234701505,2.3176011234701503
0.1,0.3,0.6,0.0,0.3,0.0,0.2702872180836278,0.7297127819163721,0.6297127819163721,0.20000000000000004,0.0
0.4,0.9,0.4,1.0,1.0,0.6,0.9000000000000002,0.09999999999999974,0.0,4.765654750282846,4.565654750282846
0.1,0.7,0.1,1.0,0.4,0.4,0.0,1.0,0.9,2.3542282813651627,2.154228281365163
0.0,0.4,0.7,0.4,0.8,0.8,0.8999999999999999,0.10000000000000019,0.0,1.6362246500278692,1.436224650027869
0.3,0.8,0.7,0.5,0.8,1.0,0.899999999999984,0.10000000000001634,0.0,2.2864389153857325,2.0864389153857323
0.1,0.6,0.6,0.8,0.8,0.0,0.0,1.0,0.9,3.4315413799490035,3.2315413799490034
0.8,0.3,0.6,0.6,0.7,0.9,0.9,0.09999999999999999,0.0,2.1843994911337337,1.9843994911337335
0.1,0.2,0.9,0.8,0.5,0.1,0.0,0.9999999999999996,0.8999999999999996,2.5989265483602195,2.39892654836022
0.6,0.1,0.0,0.9,0.6,0.2,0.0,1.0000000000000004,0.9000000000000005,3.7730824703965826,3.573082470396583
0.3,0.5,0.2,0.2,0.4,0.9,0.9000000000000097,0.0999999999999903,0.0,1.3372392175561472,1.1372392175561468
0.9,0.8,0.7,0.7,0.5,0.5,0.0,1.0,0.9000000000000001,3.1726993214627086,2.9726993214627084
0.5,0.3,0.4,0.0,1.0,0.2,0.8999999999999998,0.10000000000000009,0.0,1.1064725856652973,0.9064725856652971
0.6,0.1,0.5,0.7,0.2,0.8,0.1034653014625686,0.8965346985374316,0.7965346985374313,2.016914020172916,1.8169140201729161
0.1,0.6,1.0,0.8,0.5,0.8,0.7770092374943407,0.2229907625056594,0.12299076250565921,3.059835955645974,2.8598359556459743
0.3,0.8,0.0,0.5,0.1,0.8,0.8999999999999992,0.10000000000000078,0.0,0.9592752765876926,0.7592752765876927
0.8,0.3,0.7,0.9,0.9,0.7,0.9,0.10000000000000009,0.0,3.3196401421351087,3.1196401421351085
0.8,0.0,0.9,0.3,0.8,0.3,0.529278907970179,0.47072109202982104,0.37072109202982095,2.682488841664461,2.4824888416644613
0.9,1.0,0.0,0.4,0.0,0.3,0.0,1.0000000000000038,0.9000000000000038,3.017566594623073,2.817566594623073
0.9,0.4,0.1,0.6,0.9,0.3,0.0,0.9999999999999996,0.8999999999999996,3.0279320181916924,2.8279320181916927
0.8,0.0,0.4,1.0,0.6,0.1,0.0,1.0000000000000002,0.9000000000000001,4.004247647542484,3.804247647542484
1.0,0.3,0.2,0.0,0.9,0.3,0.6201176283860448,0.3798823716139552,0.2798823716139551,2.2329487403610315,2.0329487403610313
0.2,1.0,0.1,0.7,0.0,0.0,0.0,1.0,0.9,2.7883551964135553,2.5883551964135556
0.9,0.5,0.9,0.3,1.0,0.7,0.8999999999999966,0.10000000000000374,0.0,3.8298017015061636,3.6298017015061634
0.8,1.0,0.2,0.3,0.4,0.3,0.7184897650687169,0.281510234931283,0.18151023493128315,2.8437468440202833,2.643746844020283
0.1,0.0,0.4,0.6,0.6,0.3,0.0,1.0,0.9000000000000001,1.5868546640408614,1.3868546640408614
0.8,0.6,0.7,0.1,0.6,0.4,0.9000000000000001,0.09999999999999995,0.0,2.7473245685823136,2.5473245685823134
0.3,0.6,0.9,0.9,0.3,0.3,0.0,1.0,0.9,2.9537265630199783,2.7537265630199785
0.2,0.0,0.1,1.0,1.0,0.0,0.3976125428274162,0.6023874571725839,0.5023874571725838,3.6642012656393423,3.464201265639342
0.6,0.1,0.2,0.4,0.0,0.2,0.0,1.0000000000000002,0.9000000000000004,1.4441082639809344,1.2441082639809344
0.3,0.5,0.5,0.8,0.3,0.3,0.0,1.000000000000001,0.9000000000000012,2.3046496523844318,2.104649652384432
0.3,0.4,0.8,0.5,0.1,1.0,0.8999999999999999,0.10000000000000002,0.0,0.9212893557168329,0.7212893557168328
0.5,0.1,0.7,0.3,0.1,0.0,0.0,0.9999999999999999,0.8999999999999999,1.64016738472053,1.44016738472053
0.9,0.3,0.4,0.0,0.8,0.0,0.9,0.10000000000000003,0.0,2.1050328551737163,1.9050328551737163
0.7,0.3,0.3,0.1,0.2,0.9,0.8999999999999865,0.10000000000001372,0.0,0.22346678584617263,0.02346678584617251
0.1,0.9,0.0,0.6,0.3,0.0,0.0,1.0000000000000002,0.9000000000000002,2.5052350341622756,2.305235034162276
0.8,0.8,0.6,0.3,0.3,0.4,0.0,1.0,0.9,1.5859896304773184,1.3859896304773185
1.0,0.0,0.6,0.6,0.9,0.9,0.2511312376704715,0.7488687623295287,0.6488687623295284,3.3891675720148613,3.1891675720148616
0.0,0.3,0.5,0.4,0.6,1.0,0.7831515736816157,0.2168484263183844,0.11684842631838421,0.7641226323199615,0.5641226323199615
1.0,1.0,0.1,0.8,0.8,0.2,0.0,0.9999999999999999,0.8999999999999999,5.474216581187137,5.274216581187137
0.0,0.5,0.1,0.8,0.1,0.1,0.0,0.999999999999992,0.8999999999999919,2.3116731536574315,2.1116731536574314
0.9,0.4,0.3,0.1,0.5,0.8,0.8999999999999908,0.10000000000000901,0.0,1.7664840879976085,1.5664840879976083
0.7,1.0,0.6,0.5,0.3,0.7,0.9,0.09999999999999992,0.0,2.7577738413754815,2.557773841375482
0.3,1.0,0.8,1.0,1.0,0.1,0.9,0.1,0.0,5.399069546661068,5.199069546661068
0.6,0.8,0.1,0.7,0.1,0.5,0.0,1.0,0.9,1.7285232266528665,1.5285232266528663
0.1,0.3,0.7,0.3,0.3,0.2,0.0,1.0,0.9000000000000001,0.19999999999999996,0.0
0.4,0.2,1.0,0.7,0.2,0.3,0.0,1.0000000000000033,0.9000000000000035,1.869623560104222,1.6696235601042222
0.1,0.8,1.0,0.9,0.3,0.4,0.0,1.0000000000000013,0.9000000000000012,2.646264887351332,2.446264887351332
0.6,1.0,0.0,0.9,0.8,0.5,0.4140029704874051,0.5859970295125954,0.4859970295125948,4.744042696092069,4.544042696092069
0.8,0.0,0.7,0.4,0.6,0.6,0.8999999999999995,0.10000000000000048,0.0,2.2766924740411993,2.076692474041199
0.2,0.4,0.2,0.2,0.7,0.1,0.900000000000001,0.09999999999999912,0.0,1.4233025944391455,1.2233025944391456
0.8,0.4,0.0,0.0,0.1,0.4,0.09578098724238898,0.9042190127576111,0.8042190127576111,0.9907973319603027,0.7907973319603028
0.2,0.5,1.0,0.1,0.1,0.1,0.2463590060160334,0.7536409939839666,0.6536409939839666,1.7492168597402833,1.5492168597402833
1.0,0.2,0.0,0.4,0.0,0.3,0.0,0.9999999999999931,0.8999999999999932,1.9641370683865995,1.7641370683865998
0.1,0.0,0.7,0.2,0.3,0.5,0.46836223416920497,0.5316377658307949,0.43163776583079494,0.4153001256846213,0.2153001256846213
1.0,0.2,0.8,0.7,0.6,0.5,0.0,1.0000000000000004,0.9000000000000004,3.7552141751554124,3.5552141751554123
0.5,0.7,0.7,0.0,0.8,0.1,0.8999999999999995,0.10000000000000057,0.0,1.8849978873735427,1.6849978873735427
0.3,0.6,0.6,0.0,0.2,0.9,0.8999999999999998,0.10000000000000037,0.0,0.9747963504082802,0.77479635040828
0.8,0.4,0.6,0.9,0.0,0.8,0.0,1.0,0.8999999999999999,2.5237286074329566,2.3237286074329564
0.2,0.2,0.0,0.3,0.8,0.6,0.8999999999999997,0.10000000000000035,0.0,1.5413445125483174,1.3413445125483172
0.5,1.0,0.7,0.5,1.0,0.1,0.5740933852856072,0.42590661471439273,0.32590661471439286,3.845871871412394,3.645871871412394
0.9,1.0,0.5,0.9,0.5,0.1,0.0,0.9999999999999942,0.899999999999994,5.0303455710680804,4.830345571068081
0.0,0.5,0.8,0.2,0.8,0.1,0.740586247512552,0.259413752487448,0.15941375248744816,2.6378831799756686,2.4378831799756684
0.7,0.8,0.4,0.3,0.5,0.6,0.9000000000000088,0.09999999999999153,0.0,1.6981160185272346,1.4981160185272346
0.5,0.6,0.3,0.5,0.2,0.3,0.05288193370617106,0.947118066293829,0.847118066293829,1.4389466798474486,1.2389466798474484
0.6,0.1,1.0,0.0,0.4,1.0,0.9000000000000008,0.09999999999999912,0.0,2.014028436031879,1.8140284360318792
0.5,0.7,0.8,0.1,0.1,0.4,0.7548231032634573,0.24517689673654264,0.14517689673654277,0.7079910071149522,0.5079910071149523
0.3,0.9,0.1,1.0,0.7,0.6,0.8999999999999996,0.10000000000000044,0.0,4.647853605837618,4.447853605837619
0.9,0.5,0.5,0.5,0.1,0.2,0.0,0.999999999999991,0.899999999999991,2.539730218431169,2.3397302184311695
0.7,0.2,0.1,1.0,0.5,0.2,0.0,0.9999999999999994,0.8999999999999995,3.55743163538786,3.3574316353878597
0.2,0.4,0.7,0.9,0.8,0.6,0.8999999999999998,0.10000000000000007,0.0,2.9666768668471595,2.7666768668471593
0.2,0.9,0.8,1.0,0.1,0.7,0.9000000000000001,0.09999999999999992,0.0,3.815731410401076,3.6157314104010765
0.9,0.6,0.1,0.7,0.4,0.1,0.0,0.9999999999999982,0.8999999999999982,3.1685855709865205,2.9685855709865203
0.8,0.3,0.0,0.8,0.2,0.0,0.0,1.0000000000000024,0.9000000000000026,1.9790748981531332,1.7790748981531335
0.1,0.6,0.7,0.4,0.2,1.0,0.8999999999999997,0.10000000000000017,0.0,1.2583925260767281,1.0583925260767282
0.9,0.1,0.6,0.4,1.0,0.4,0.0,0.9999999999999997,0.8999999999999997,3.3574861396972753,3.157486139697275
0.6,0.4,0.0,0.5,0.3,0.7,0.8896223711196423,0.1103776288803574,0.010377628880357426,1.0203929342520792,0.8203929342520792
0.6,0.8,0.1,0.6,0.9,0.0,0.8342389627647222,0.16576103723527752,0.06576103723527771,2.969063056751385,2.7690630567513854
0.2,0.6,1.0,0.4,0.5,1.0,0.8999999999999944,0.10000000000000578,0.0,2.209678767070425,2.009678767070425
0.1,1.0,1.0,1.0,1.0,0.0,0.0,1.0,0.9,5.685618490651331,5.485618490651332
0.4,0.7,0.6,0.6,0.1,0.0,0.0,1.0000000000000002,0.9000000000000001,1.220743258444318,1.0207432584443181
0.6,0.9,0.0,0.4,0.0,0.0,0.0,1.0,0.9,2.465316987843448,2.2653169878434483
0.3,0.3,0.7,0.7,0.4,0.7,0.9000000000000001,0.09999999999999992,0.0,0.92021174443432,0.7202117444343199
0.1,0.1,0.8,0.7,0.3,0.7,0.6604774270372993,0.3395225729627007,0.23952257296270052,1.9646666622542508,1.7646666622542506
0.6,1.0,0.0,0.3,0.2,0.0,0.3346794349793101,0.6653205650206899,0.5653205650206901,2.555147613119383,2.355147613119383
0.1,0.5,0.6,0.7,0.1,0.9,0.09149714933892827,0.908502850661072,0.8085028506610719,1.8842798374763294,1.6842798374763293
0.8,0.6,0.0,1.0,0.0,0.4,0.0,0.9999999999999978,0.8999999999999979,3.623493360749242,3.4234933607492417
0.9,0.8,0.4,0.3,0.6,0.6,0.9000000000000006,0.09999999999999942,0.0,2.551905323832471,2.3519053238324714
0.7,0.7,0.6,0.6,0.6,0.4,0.1871940086780577,0.8128059913219423,0.7128059913219423,2.2912219152997517,2.0912219152997515
0.5,0.0,0.5,0.4,0.7,0.8,0.9,0.10000000000000003,0.0,1.6686527016573025,1.4686527016573023
0.3,0.2,0.0,0.4,0.5,0.2,0.1357557827756376,0.8642442172243624,0.7642442172243624,1.2687343090599512,1.0687343090599515
0.2,0.3,0.5,0.3,0.1,0.2,0.0,0.9999999999999998,0.8999999999999998,0.19999999999999996,0.0
1.0,0.1,0.9,0.6,1.0,0.5,0.0,1.0000000000000002,0.9000000000000001,4.388663290927604,4.188663290927604
0.5,0.9,0.0,0.4,0.1,0.2,0.0,1.0,0.9,2.1280820544441226,1.9280820544441228
1.0,0.2,0.5,0.7,0.1,0.7,0.0,1.0000000000000022,0.9000000000000021,2.4901881458989243,2.2901881458989246
0.0,0.5,0.0,0.4,0.1,0.2,0.0,1.000000000000004,0.9000000000000041,1.3140830557506513,1.1140830557506514
0.0,0.3,0.0,0.5,1.0,0.0,0.0,1.0,0.9,1.5086977850169228,1.3086977850169228
0.6,0.9,0.0,0.1,0.2,0.0,0.5615570221706496,0.4384429778293503,0.3384429778293504,2.316323977262593,2.116323977262593
0.6,0.7,0.7,0.1,0.1,1.0,0.900000000000001,0.09999999999999938,0.0,0.7728606033407486,0.5728606033407484
0.4,1.0,0.4,0.2,0.6,0.3,0.8999999999999998,0.10000000000000012,0.0,2.742150129090967,2.5421501290909667
0.3,0.0,0.1,0.3,0.6,0.8,0.9000000000000105,0.09999999999998979,0.0,1.2607785700630687,1.0607785700630685
0.2,0.5,0.9,0.9,0.6,0.0,0.5976571496918128,0.40234285030818717,0.3023428503081873,4.2130665050147,4.0130665050147
0.3,0.3,0.8,0.0,0.8,0.5,0.9000000000000137,0.0999999999999864,0.0,1.1123277579911055,0.9123277579911054
0.5,0.7,0.9,0.3,1.0,0.9,0.899999999999992,0.10000000000000836,0.0,2.1533058613134965,1.9533058613134964
0.1,0.2,0.4,0.6,0.7,0.9,0.8999999999999996,0.10000000000000045,0.0,1.8533302764083737,1.6533302764083737
0.5,0.8,0.6,0.4,0.3,0.4,0.0,0.9999999999999999,0.8999999999999999,1.1246723749231773,0.9246723749231773
0.0,0.7,0.1,0.0,0.0,0.9,0.9000000000000006,0.09999999999999953,0.0,0.2,0.0
0.4,0.5,0.7,0.4,0.8,0.1,0.7868122940558812,0.21318770594411895,0.11318770594411903,2.860926415628906,2.6609264156289063
0.4,0.9,0.6,0.2,0.5,0.7,0.899999999999997,0.1000000000000029,0.0,2.3409154927808253,2.140915492780825
0.8,0.9,1.0,0.1,0.3,0.8,0.9000000000000001,0.0999999999999999,0.0,2.997398968284179,2.797398968284179
0.4,0.4,0.7,0.5,0.7,0.9,0.8999999999999998,0.10000000000000034,0.0,1.9277431425238762,1.727743142523876
0.6,0.1,0.4,0.3,0.3,1.0,0.8999999999999999,0.10000000000000003,0.0,1.362877518389281,1.1628775183892808
1.0,0.0,0.1,0.8,0.6,0.4,0.0,0.999999999999994,0.899999999999994,3.661894058757002,3.4618940587570024
0.8,0.2,0.9,0.8,0.8,0.2,0.0,0.9999999999999999,0.8999999999999999,3.909032300271553,3.709032300271553
0.6,0.7,0.0,0.8,0.8,0.4,0.09345564452166011,0.9065443554783403,0.8065443554783398,2.852410372900154,2.6524103729001545
0.7,0.9,0.1,0.9,0.6,0.7,0.9000000000000002,0.09999999999999984,0.0,4.581032724745022,4.381032724745022
0.4,0.1,0.6,0.6,0.9,1.0,0.9,0.1,0.0,2.7646600421283902,2.56466004212839
0.2,0.7,1.0,0.2,0.4,0.0,0.9000000000000001,0.09999999999999994,0.0,1.2851294295997864,1.0851294295997862
0.8,0.2,0.4,0.2,0.2,1.0,0.8999999999999994,0.10000000000000081,0.0,1.1570566255328156,0.9570566255328155
0.1,0.1,0.0,0.7,0.8,0.9,0.9,0.1,0.0,2.766500121360367,2.566500121360367
0.5,0.3,0.8,0.7,0.3,0.8,0.8999999999999998,0.10000000000000014,0.0,1.1125458337113046,0.9125458337113045
0.5,0.6,1.0,0.4,0.6,0.7,0.9,0.10000000000000019,0.0,2.7476203930866703,2.54762039308667
0.8,0.9,0.3,0.9,0.4,0.1,0.007953458266783286,0.9920465417332166,0.8920465417332168,4.239599039265255,4.039599039265256
0.0,1.0,0.7,0.8,0.3,0.8,0.40272280540487215,0.5972771945951277,0.49727719459512765,3.0388708831182143,2.838870883118214
0.6,0.6,0.7,0.8,0.8,0.6,0.8999999999999999,0.10000000000000023,0.0,3.64817243416079,3.44817243416079
0.5,0.4,0.1,0.4,0.7,0.5,0.9,0.1,0.0,1.6892077050423189,1.4892077050423187
0.9,1.0,0.6,1.0,0.0,0.5,0.0,0.9999999999999997,0.8999999999999998,4.764461433087536,4.564461433087536
1.0,0.0,0.8,0.0,0.7,0.1,0.5345931394941839,0.46540686050581614,0.36540686050581606,3.1370994593251518,2.9370994593251516
0.3,0.4,0.1,0.0,0.0,0.6,0.9000000000000037,0.09999999999999643,0.0,0.199999999999999,0.0
0.6,0.5,0.5,0.9,0.4,0.0,0.0,1.0000000000000009,0.9000000000000008,3.4601763972036914,3.2601763972036917
1.0,0.1,0.4,0.1,0.0,0.0,0.0,1.0000000000000009,0.9000000000000009,2.4265855019480354,2.2265855019480356
0.4,0.3,0.4,0.7,0.6,0.7,0.9000000000000002,0.09999999999999996,0.0,1.4469578131129521,1.2469578131129522
0.6,0.0,0.2,0.6,0.7,0.1,0.5288585189178654,0.47114148108213466,0.3711414810821346,2.356294086004566,2.156294086004566
1.0,0.2,0.1,0.4,0.6,0.3,0.0,0.999999999999999,0.899999999999999,2.907023842783187,2.7070238427831868
0.3,0.4,1.0,0.3,0.0,1.0,0.8999999999999999,0.10000000000000016,0.0,0.8769911291794956,0.6769911291794956
0.7,0.5,0.8,0.1,0.7,0.6,0.9000000000000065,0.09999999999999365,0.0,2.968092382095973,2.768092382095973
0.9,1.0,0.7,0.4,0.1,0.4,0.0,1.000000000000001,0.900000000000001,3.159607010169262,2.9596070101692624
0.2,1.0,0.0,0.8,0.3,0.2,0.0,0.9999999999999998,0.8999999999999999,3.025538280198146,2.8255382801981463
0.6,0.9,0.8,0.0,0.0,0.0,0.9,0.09999999999999995,0.0,2.518642857662827,2.3186428576628266
0.7,0.7,1.0,0.4,0.3,1.0,0.899999999999999,0.10000000000000098,0.0,1.6346351730949331,1.4346351730949332
0.2,1.0,0.1,0.5,0.8,0.7,0.9000000000000061,0.09999999999999369,0.0,3.1675162391384957,2.9675162391384955
0.6,0.4,0.5,0.4,0.4,0.8,0.9000000000000001,0.10000000000000003,0.0,0.9714592713127186,0.7714592713127185
0.9,1.0,0.4,0.7,0.4,0.1,0.0,1.0,0.9000000000000001,3.9382959003471614,3.738295900347161
0.3,0.5,0.9,0.1,1.0,1.0,0.8999999999999215,0.1000000000000784,0.0,2.742642343058105,2.542642343058105
0.9,0.4,0.1,0.1,0.1,0.5,0.08296004586688849,0.9170399541331116,0.8170399541331115,1.2435037626758079,1.043503762675808
0.7,0.2,0.2,0.1,1.0,0.7,0.9000000000000397,0.09999999999996081,0.0,2.036831903724771,1.8368319037247707
0.2,0.9,0.6,0.1,0.3,0.5,0.9,0.09999999999999998,0.0,1.6707688447237854,1.4707688447237852
0.7,0.5,0.7,0.7,0.2,0.6,0.585595800601256,0.41440419939874396,0.3144041993987438,2.615417603515208,2.415417603515208
0.0,0.2,1.0,0.7,0.1,1.0,0.0,0.9999999999999994,0.8999999999999995,1.6682353999939965,1.4682353999939965
0.6,0.9,0.5,0.6,0.0,0.0,0.0,1.0000000000000002,0.9000000000000004,2.7564720630132946,2.556472063013295
0.4,0.9,0.8,1.0,0.1,0.5,0.0,1.0,0.9,3.950516422278833,3.750516422278833
0.9,0.8,0.3,0.1,0.1,1.0,0.8999999999999957,0.10000000000000446,0.0,1.5885209167988932,1.3885209167988932
0.6,0.9,0.0,0.5,0.9,0.5,0.879765528405362,0.12023447159463818,0.020234471594638093,3.483747713513389,3.283747713513389
0.5,0.9,0.6,0.8,0.1,0.8,0.098539661497691,0.9014603385023092,0.8014603385023094,2.986862093410538,2.7868620934105377
0.9,0.2,0.4,0.2,0.8,0.0,0.5578763840771161,0.44212361592288396,0.342123615922884,2.8005919058970736,2.6005919058970735
0.3,0.9,0.8,0.7,0.3,0.1,0.3787587569623287,0.6212412430376713,0.5212412430376713,2.9944502746328094,2.7944502746328093
0.6,0.3,0.3,0.1,0.9,0.8,0.9000000000000274,0.0999999999999732,0.0,1.1485263188044055,0.9485263188044053
0.8,0.3,0.8,0.2,0.6,0.6,0.9000000000000035,0.0999999999999972,0.0,1.7176095190540508,1.5176095190540504
0.3,1.0,0.6,0.5,0.8,0.5,0.8999999999999999,0.10000000000000006,0.0,3.2653348590031057,3.0653348590031055
1.0,0.2,0.9,0.3,1.0,0.6,0.9,0.1,0.0,3.426756289544292,3.2267562895442916
0.0,1.0,0.1,0.3,0.8,0.2,0.23208211058252104,0.7679178894174791,0.667917889417479,2.980570484511757,2.7805704845117574
0.8,0.7,0.8,0.7,0.5,0.5,0.891341265949494,0.10865873405050586,0.00865873405050599,2.6621173140517373,2.462117314051737
0.1,0.7,1.0,0.7,0.0,0.1,0.0,1.0000000000000009,0.900000000000001,1.6430296427491142,1.4430296427491145
0.2,0.8,0.1,0.0,0.1,0.0,0.9000000000000005,0.0999999999999997,0.0,0.826422109266238,0.6264221092662379
0.1,1.0,1.0,0.2,0.4,0.5,0.6115193930026857,0.3884806069973141,0.2884806069973141,2.4490504764824994,2.2490504764824992
0.6,0.3,1.0,0.5,0.8,0.5,0.49764946281076083,0.5023505371892389,0.4023505371892391,2.0749975234738858,1.8749975234738858
0.7,0.8,0.8,0.8,0.3,0.2,0.0,1.0,0.9,2.730431070977517,2.530431070977517
0.3,0.0,0.5,0.3,0.7,0.2,0.4738049689808269,0.5261950310191731,0.42619503101917317,1.4606753077626267,1.2606753077626267
0.4,0.7,0.9,0.6,0.1,0.9,0.9000000000000001,0.09999999999999964,0.0,1.2999388622394779,1.0999388622394777
0.7,0.1,1.0,0.1,1.0,0.5,0.9,0.10000000000000009,0.0,3.1111129348196616,2.9111129348196614
0.4,0.4,0.5,0.0,0.7,0.0,0.8999999999999995,0.1000000000000005,0.0,1.6380713005273244,1.4380713005273245
0.1,0.6,0.0,0.9,0.5,0.4,0.0,0.9999999999999988,0.8999999999999988,2.9277243232262604,2.7277243232262607
1.0,0.3,0.3,0.8,0.0,0.1,0.0,0.9999999999999942,0.8999999999999942,2.2954159618582333,2.095415961858233
0.1,0.2,0.5,0.4,0.9,1.0,0.8999999999999999,0.10000000000000003,0.0,1.6581467735374864,1.4581467735374865
0.8,0.7,0.2,0.7,1.0,0.5,0.9,0.09999999999999992,0.0,2.9414847515714118,2.7414847515714116
0.5,0.0,0.8,0.3,0.4,0.3,0.09895670114697697,0.901043298853023,0.801043298853023,1.0946798787947736,0.8946798787947736
0.2,1.0,0.3,0.1,0.4,0.0,0.8999999999999981,0.10000000000000209,0.0,2.1577032915076626,1.9577032915076624
0.2,0.2,0.1,0.5,0.3,0.7,0.9,0.10000000000000002,0.0,0.7440342902710957,0.5440342902710956
0.7,1.0,1.0,0.3,0.5,1.0,0.900000000000001,0.09999999999999898,0.0,3.545242713608175,3.3452427136081746
0.5,0.2,0.8,0.7,1.0,0.0,0.4298957124205427,0.5701042875794574,0.47010428757945744,3.1804216259115714,2.9804216259115712
0.1,0.1,0.3,0.0,0.8,0.6,0.9000000000000051,0.09999999999999487,0.0,1.800063859070781,1.6000638590707807
0.2,0.7,0.2,0.8,0.5,0.8,0.9000000000000143,0.09999999999998585,0.0,1.8437137282394687,1.6437137282394685
0.0,0.9,0.3,0.7,0.1,0.5,0.0,1.0,0.8999999999999999,2.2388953593048266,2.038895359304827
0.7,0.8,0.1,0.3,0.6,0.2,0.9,0.1,0.0,2.244775819659694,2.044775819659694
0.4,0.9,0.9,0.8,0.5,1.0,0.9000000000000006,0.09999999999999942,0.0,3.8736580365417543,3.6736580365417546
0.7,0.3,0.7,0.9,0.3,0.0,0.0,1.0,0.9000000000000001,2.338360229491168,2.1383602294911683
0.6,0.4,0.1,0.4,0.7,0.9,0.8999999999999982,0.10000000000000202,0.0,1.8754756977974527,1.6754756977974525
0.1,0.7,0.4,0.7,0.7,0.5,0.8213249539214693,0.17867504607853069,0.07867504607853071,1.9290728037442415,1.7290728037442415
1.0,0.3,0.0,0.5,0.6,0.8,0.570831986425623,0.4291680135743769,0.32916801357437664,2.390376318446821,2.190376318446821
0.0,0.3,0.2,1.0,0.8,0.3,0.0,1.0000000000000004,0.9000000000000006,2.7329617836796807,2.532961783679681
0.0,0.4,0.1,0.4,0.3,1.0,0.7177157032631468,0.28228429673685307,0.18228429673685298,0.4727643234726093,0.27276432347260937
0.7,0.0,0.7,0.6,0.3,0.5,0.11871716226931972,0.8812828377306802,0.7812828377306801,1.5606745266307778,1.360674526630778
0.5,0.4,0.2,0.6,0.2,0.5,0.26929944002726913,0.7307005599727308,0.6307005599727309,0.9563867173616596,0.7563867173616597
0.1,0.1,0.5,0.2,0.0,0.3,0.0,0.9999999999999988,0.8999999999999987,0.7765413222063695,0.5765413222063698
0.9,0.3,0.3,0.0,0.5,0.5,0.8999999999999998,0.10000000000000031,0.0,1.2325335815911973,1.0325335815911973
0.4,0.5,0.2,0.5,0.6,0.2,0.7020275648393637,0.2979724351606362,0.19797243516063628,2.5142489439736844,2.3142489439736846
0.0,0.3,0.6,0.8,0.5,0.6,0.0,1.0000000000000002,0.9000000000000002,1.3654710643310266,1.1654710643310267
0.0,0.0,0.4,0.8,0.7,0.5,0.0,1.0,0.9,2.2464041031644753,2.046404103164475
0.9,0.4,1.0,0.9,0.2,0.2,0.0,0.9999999999999882,0.8999999999999884,3.4501319941966027,3.250131994196603
1.0,0.8,0.3,0.7,1.0,0.5,0.5145405136356315,0.48545948636436864,0.3854594863643687,3.8697704824380788,3.6697704824380786
0.0,0.8,0.2,0.1,0.3,0.2,0.35057937656056143,0.6494206234394386,0.5494206234394385,0.6303685390658753,0.43036853906587513
0.5,0.3,0.1,0.8,0.2,0.9,0.4864302637820339,0.5135697362179659,0.413569736217966,1.1015117268629095,0.9015117268629096
0.7,0.8,0.1,0.2,0.0,0.7,0.9000000000000024,0.09999999999999758,0.0,1.1062539356743835,0.9062539356743834
0.3,0.6,0.5,0.6,0.5,0.0,0.49455789458528154,0.5054421054147183,0.4054421054147185,2.3032142522711356,2.103214252271136
0.6,0.6,0.9,1.0,0.5,0.2,0.0,0.9999999999999998,0.8999999999999999,4.312309406931126,4.112309406931126
0.1,0.5,0.8,0.8,0.2,0.8,0.8875803426193654,0.11241965738063453,0.012419657380634483,2.46438284935836,2.26438284935836
0.1,0.0,0.5,0.5,0.2,0.3,0.0,1.0000000000000084,0.9000000000000086,0.530942423138579,0.33094242313857924
1.0,0.6,0.4,0.7,0.2,1.0,0.111055271106829,0.8889447288931708,0.7889447288931708,3.068769332889098,2.868769332889098
0.3,0.3,0.8,0.9,0.7,0.4,0.607186554265441,0.3928134457345589,0.29281344573455914,2.6095134468680747,2.409513446868075
0.6,0.7,0.8,0.8,0.6,0.4,0.5050529668404723,0.4949470331595276,0.39494703315952745,2.926014367393912,2.7260143673939123
1.0,0.3,0.5,0.0,0.3,0.9,0.7503900357494961,0.2496099642505038,0.1496099642505037,1.1360100116126088,0.9360100116126089
0.8,0.9,0.6,0.8,0.4,0.9,0.5841247645609018,0.4158752354390982,0.3158752354390981,3.8124709377930057,3.612470937793006
0.1,0.1,1.0,0.2,0.9,0.2,0.0,1.0,0.9,2.6117256717717927,2.411725671771793
0.8,0.6,1.0,0.1,0.4,0.9,0.8999999999999958,0.10000000000000417,0.0,2.444591694484791,2.244591694484791
0.8,0.0,0.6,0.8,0.3,0.3,0.0,0.9999999999999944,0.8999999999999946,2.2994847043017694,2.0994847043017697
0.2,0.3,0.4,0.1,0.6,0.6,0.9000000000000004,0.0999999999999998,0.0,0.48365811542152487,0.28365811542152475
0.5,0.9,0.5,0.7,1.0,1.0,0.8999999999999999,0.09999999999999998,0.0,3.8228740732169557,3.622874073216956
0.5,0.7,0.9,0.9,0.2,0.6,0.47631224186874,0.5236877581312602,0.42368775813126014,2.367635345553106,2.1676353455531054
0.0,0.4,0.7,0.2,0.4,0.0,0.10326193158438168,0.8967380684156182,0.7967380684156182,0.876969519146405,0.6769695191464049
0.8,0.1,0.7,0.3,1.0,0.1,0.5141515417884918,0.4858484582115081,0.3858484582115078,3.2768756079120847,3.0768756079120845
0.2,0.6,0.4,0.4,0.8,0.8,0.9000000000000136,0.09999999999998666,0.0,2.0935056710469695,1.8935056710469695
0.6,1.0,0.4,0.4,0.6,0.6,0.8999999999999997,0.10000000000000037,0.0,3.1238618210403204,2.92386182104032
0.8,0.8,0.2,0.6,0.6,0.1,0.7589173869849068,0.24108261301509326,0.14108261301509306,2.982100881093015,2.7821008810930152
0.0,0.2,0.4,0.0,0.7,0.1,0.5436275759346655,0.4563724240653345,0.3563724240653346,1.433441438478643,1.2334414384786432
0.9,0.4,0.8,0.4,0.8,0.3,0.11507426936393939,0.8849257306360606,0.7849257306360606,2.9367229294963892,2.7367229294963895
0.1,0.9,0.8,0.0,0.6,0.9,0.9000000000000099,0.09999999999999024,0.0,2.75573099249545,2.55573099249545
0.8,0.2,1.0,0.2,0.0,0.1,0.0,0.9999999999999984,0.8999999999999986,1.8528668793744019,1.652866879374402
0.1,1.0,0.5,0.6,1.0,0.5,0.44465088586784063,0.5553491141321594,0.4553491141321595,3.3563811679158513,3.156381167915851
0.3,0.6,0.1,0.1,0.5,0.9,0.8999999999999697,0.10000000000003043,0.0,1.4900712875890105,1.2900712875890101
0.4,1.0,0.7,0.5,1.0,0.9,0.9000000000000057,0.09999999999999451,0.0,3.567818483901502,3.3678184839015017
0.1,0.5,0.1,0.4,0.0,0.3,0.0,1.0000000000000009,0.9000000000000008,1.2179765882816782,1.0179765882816785
0.8,0.3,1.0,0.4,0.1,0.1,0.0,1.0000000000000009,0.900000000000001,1.4102977365927511,1.2102977365927514
0.2,0.6,0.9,0.6,0.2,0.3,0.0,1.0,0.9,1.8827975963370756,1.6827975963370756
0.5,0.1,0.3,0.9,0.0,0.8,0.4251562170864813,0.5748437829135188,0.4748437829135187,2.4739284616570605,2.2739284616570608
0.8,0.9,0.3,0.5,0.0,0.0,0.2933068907102039,0.7066931092897961,0.606693109289796,2.940239413911045,2.740239413911045
0.9,0.6,0.5,0.3,0.0,0.1,0.0,1.0000000000000044,0.9000000000000046,2.144781899508488,1.9447818995084887
0.7,1.0,0.3,0.4,0.7,0.0,0.9000000000000004,0.0999999999999996,0.0,3.799505785344917,3.599505785344917
0.4,0.3,0.3,0.8,0.3,0.1,0.0,1.0,0.9,1.1297874234644598,0.9297874234644598
1.0,0.1,0.0,0.5,0.4,1.0,0.0,1.0,0.9,2.8901672870682025,2.6901672870682023
0.0,0.4,0.4,0.8,0.8,0.4,0.0,1.0000000000000004,0.9000000000000004,2.314097821986875,2.1140978219868747
0.5,0.6,0.3,1.0,0.0,0.3,0.0,1.000000000000001,0.9000000000000012,2.9965027997866196,2.7965027997866194
0.7,1.0,0.2,0.6,1.0,0.2,0.9,0.09999999999999998,0.0,4.089745012562937,3.8897450125629374
0.2,0.2,0.0,0.0,1.0,0.0,0.8999999999999981,0.10000000000000193,0.0,1.821556295878552,1.6215562958785519
0.3,0.2,0.7,0.6,0.3,0.5,0.34451067387532947,0.6554893261246706,0.5554893261246707,1.1619274080250306,0.9619274080250305
0.4,1.0,0.1,0.8,0.3,0.4,0.0,0.9999999999999999,0.8999999999999999,3.051244083976908,2.851244083976908
0.7,0.7,0.6,0.6,0.0,0.7,0.6305296660517583,0.36947033394824147,0.26947033394824166,1.315705620524622,1.1157056205246219
0.3,0.0,0.5,0.8,0.6,0.3,0.0,0.9999999999999997,0.8999999999999997,2.287088913471664,2.0870889134716637
0.3,0.5,0.5,0.9,0.2,0.6,0.23872705508588998,0.76127294491411,0.6612729449141102,2.5775877300813566,2.377587730081357
0.2,0.7,0.0,0.9,0.9,0.6,0.9,0.09999999999999995,0.0,2.8501307006671586,2.650130700667159
0.6,0.4,0.9,0.2,0.6,1.0,0.8999999999999952,0.10000000000000485,0.0,1.994764445734058,1.794764445734058
0.7,0.5,0.5,0.0,1.0,0.5,0.8999999999999988,0.10000000000000131,0.0,2.743744300107884,2.5437443001078837
1.0,1.0,0.6,0.3,0.8,0.8,0.9,0.09999999999999992,0.0,4.3918816461978345,4.191881646197834
0.5,0.6,1.0,0.3,0.0,0.1,0.0,1.0000000000000004,0.9000000000000004,1.8795390974643573,1.6795390974643574
0.5,0.9,0.7,0.4,0.7,0.0,0.8685837573908868,0.13141624260911333,0.031416242609113354,3.5713493326307875,3.3713493326307873
0.0,1.0,0.2,0.0,0.9,0.1,0.8999999999999997,0.10000000000000046,0.0,2.94668996683182,2.74668996683182
0.7,0.9,0.8,0.6,0.1,0.6,0.8999999999999999,0.10000000000000003,0.0,2.9774911165697833,2.777491116569783
0.1,0.9,0.0,0.8,0.5,1.0,0.7755107303077002,0.22448926969229954,0.12448926969230012,3.306592370985649,3.1065923709856493
0.3,0.3,0.9,0.9,0.2,0.2,0.0,1.0000000000000002,0.9000000000000001,1.783044335913678,1.5830443359136783
0.6,0.0,0.6,1.0,0.0,0.8,0.0,0.9999999999999999,0.8999999999999999,2.570714288728839,2.370714288728839
0.5,0.9,0.9,1.0,0.0,0.0,0.0,1.0000000000000004,0.9000000000000004,4.487679796308288,4.287679796308288
1.0,0.3,0.4,0.0,0.6,0.7,0.9000000000000012,0.09999999999999873,0.0,1.9008946469751342,1.7008946469751343
0.1,0.0,0.7,0.1,0.6,0.7,0.9000000000000012,0.09999999999999878,0.0,1.2213046001280223,1.0213046001280222
0.8,0.5,0.5,0.0,0.9,0.2,0.7256398462790297,0.27436015372097033,0.17436015372097038,3.0566676459772184,2.8566676459772187
0.4,0.8,0.4,0.9,0.0,0.4,0.0,0.9999999999999993,0.8999999999999992,2.0735404235722306,1.8735404235722306
0.4,0.4,0.8,0.9,0.4,0.7,0.8999999999999999,0.10000000000000012,0.0,2.342256874757068,2.1422568747570683
0.9,0.1,1.0,0.3,1.0,0.1,0.0,1.0000000000000004,0.9000000000000006,3.924833195448704,3.724833195448704
0.2,0.5,0.7,0.8,0.2,0.6,0.6470546254280741,0.35294537457192576,0.2529453745719259,2.3450332067383846,2.145033206738385
0.0,0.2,0.0,0.2,0.3,1.0,0.6436584922943742,0.3563415077056258,0.2563415077056259,0.45550204012052015,0.25550204012052025
0.4,0.3,0.0,1.0,1.0,0.7,0.8999999999999999,0.1,0.0,2.97887441391814,2.77887441391814
0.7,1.0,0.3,0.0,0.9,0.1,0.9000000000000113,0.09999999999998888,0.0,3.5373242240297254,3.337324224029725
0.5,0.0,0.1,0.0,0.4,0.9,0.900000000000001,0.09999999999999906,0.0,0.6677882861905348,0.4677882861905346
0.2,0.2,0.3,0.3,0.0,1.0,0.9000000000000022,0.09999999999999784,0.0,0.3498984621683512,0.14989846216835104
0.9,0.0,0.7,0.9,1.0,0.3,0.0,1.0000000000000013,0.9000000000000012,4.189048543220931,3.9890485432209313
0.8,0.0,0.8,0.4,0.0,1.0,0.8999999999999998,0.10000000000000014,0.0,1.5116323593416268,1.3116323593416266
0.2,0.4,0.5,0.0,0.3,0.0,0.8999127197685455,0.10008728023145452,8.728023145443409e-05,0.5129874886369867,0.31298748863698667
0.3,0.1,0.4,0.0,0.4,0.8,0.8999999999999877,0.10000000000001232,0.0,1.0020409536969725,0.8020409536969724
0.3,0.7,0.1,0.8,0.0,0.4,0.0,1.0,0.9,1.326159752368675,1.126159752368675
0.8,0.6,0.5,0.0,0.2,0.9,0.9000000000000006,0.09999999999999964,0.0,1.6510638781592577,1.4510638781592575
0.9,0.2,0.9,0.6,0.7,0.6,0.556562699333286,0.44343730066671383,0.3434373006667135,3.439195698153771,3.2391956981537713
0.5,1.0,0.2,0.0,0.8,1.0,0.9000000000000274,0.09999999999997268,0.0,3.0643013173031757,2.8643013173031755
0.3,0.0,0.7,0.0,0.4,0.6,0.8999999999999999,0.10000000000000041,0.0,0.5952210486457051,0.39522104864570506
0.1,0.2,0.2,0.2,0.6,0.6,0.9000000000000002,0.09999999999999987,0.0,1.182102829655411,0.9821028296554111
0.6,0.0,0.1,0.1,1.0,0.3,0.815337773392461,0.18466222660753895,0.08466222660753897,1.8043861205547982,1.6043861205547982
0.5,0.6,0.7,0.7,0.6,0.5,0.5100334615328559,0.4899665384671441,0.38996653846714424,2.981543168432302,2.781543168432302
0.0,0.1,0.1,0.7,0.9,0.5,0.0,1.0,0.8999999999999999,2.7372024796063257,2.5372024796063255
0.8,0.9,0.9,1.0,1.0,0.4,0.09055450881254024,0.9094454911874599,0.8094454911874598,5.97079378628943,5.770793786289429
0.0,0.9,0.9,0.4,0.0,0.7,0.5523669796507416,0.447633020349258,0.34763302034925797,2.098496425445032,1.8984964254450314
0.7,0.3,0.5,0.0,0.7,0.6,0.8999999999999988,0.10000000000000141,0.0,1.2497809212909652,1.049780921290965
0.8,0.0,0.8,1.0,0.1,0.0,0.0,1.0,0.9000000000000001,3.5801339056217882,3.380133905621789
0.9,0.5,0.8,0.2,0.2,0.4,0.0,1.0,0.9,2.4900747459386467,2.2900747459386466
0.3,0.7,0.4,0.1,0.7,0.4,0.8999999999999988,0.10000000000000125,0.0,1.211329980512875,1.011329980512875
0.6,0.9,0.7,0.5,0.5,0.9,0.9000000000000032,0.09999999999999702,0.0,3.084875542408688,2.884875542408688
0.9,1.0,0.5,0.3,0.6,0.7,0.9,0.10000000000000012,0.0,3.7598192278298406,3.559819227829841
0.3,0.0,0.7,0.4,1.0,0.8,0.9000000000000036,0.09999999999999645,0.0,1.7992862222496866,1.5992862222496864
0.1,0.0,0.8,1.0,0.8,0.5,0.3448064622347953,0.655193537765205,0.5551935377652049,3.535223035052343,3.335223035052343
0.2,0.0,0.3,0.5,0.0,0.2,0.0,1.0,0.9,0.5217516850159134,0.3217516850159134
0.8,0.2,0.8,0.3,0.1,0.3,0.0,1.0,0.9000000000000001,1.56098647624658,1.36098647624658
0.9,0.7,0.3,1.0,0.6,0.3,0.0,1.0,0.9,4.131514455015488,3.931514455015488
0.6,0.9,0.0,0.7,0.5,0.2,0.0,0.9999999999999999,0.8999999999999999,3.468736051434205,3.2687360514342054
0.7,0.5,0.9,1.0,0.5,0.7,0.8999999999999997,0.10000000000000023,0.0,4.5877638973668775,4.387763897366877
0.9,0.4,0.2,0.8,0.0,0.4,0.0,1.0000000000000022,0.9000000000000022,2.3298408592596154,2.129840859259615
1.0,0.4,0.1,0.7,0.7,0.1,0.0,1.0000000000000004,0.9000000000000005,3.6683618794857344,3.4683618794857347
0.2,0.5,0.4,0.7,0.7,0.0,0.8784605809908428,0.12153941900915705,0.02153941900915704,3.1550497303206724,2.955049730320672
0.7,0.4,1.0,0.5,0.5,1.0,0.9000000000000001,0.09999999999999985,0.0,2.2818199046161367,2.081819904616137
0.2,0.9,0.6,0.3,0.4,0.3,0.13636043414464438,0.8636395658553554,0.7636395658553554,1.9771101184173547,1.7771101184173546
0.9,1.0,0.7,0.9,0.5,0.6,0.20260303736687102,0.797396962633129,0.6973969626331291,5.033363655426149,4.83336365542615
0.4,0.8,0.5,0.7,0.2,1.0,0.6494630157401882,0.3505369842598117,0.25053698425981175,1.5181636058162369,1.3181636058162365
0.7,1.0,0.6,0.6,0.1,0.0,0.0,1.0000000000000002,0.9000000000000001,3.195663155758178,2.9956631557581783
0.3,0.2,0.3,0.6,0.8,0.0,0.8999999999999997,0.10000000000000042,0.0,2.2927217860946656,2.0927217860946654
0.4,0.1,0.5,0.3,0.1,1.0,0.706279918578756,0.2937200814212443,0.1937200814212443,1.0507678082164504,0.8507678082164504
0.8,0.2,0.0,0.6,0.0,0.0,0.0,0.999999999999999,0.8999999999999989,1.9886642305749365,1.7886642305749367
0.1,0.1,0.2,0.1,0.4,1.0,0.9000000000000018,0.09999999999999848,0.0,1.0179246848398726,0.8179246848398725
0.5,0.4,0.2,0.4,0.3,0.1,0.2680815353389351,0.7319184646610649,0.6319184646610648,0.8618889922871836,0.6618889922871837
0.6,0.4,0.0,1.0,0.1,0.7,0.03798440773052025,0.9620155922694801,0.8620155922694799,2.5516919507836957,2.3516919507836955
0.3,0.8,0.4,0.3,0.9,0.8,0.9000000000000474,0.09999999999995275,0.0,1.7683999935093369,1.5683999935093365
0.3,0.2,0.6,0.8,0.5,0.0,0.0,1.0,0.9000000000000001,2.4403360558194462,2.240336055819446
1.0,0.0,0.4,0.2,0.1,0.6,0.12613129774865472,0.8738687022513453,0.7738687022513453,1.5243007144890082,1.3243007144890084
0.2,0.4,0.1,0.7,0.0,0.1,0.0,1.0000000000000004,0.9000000000000005,1.1390881718601173,0.9390881718601176
0.7,0.6,0.9,0.9,0.0,0.2,0.0,1.0000000000000009,0.900000000000001,3.427255760314152,3.227255760314152
0.0,0.1,0.5,1.0,0.4,0.7,0.0,1.0000000000000004,0.9000000000000004,2.9302235008664446,2.730223500866445
0.3,0.3,0.1,0.8,0.4,0.1,0.0,1.0,0.9,1.2719842291620358,1.0719842291620358
0.1,0.4,0.3,0.3,0.9,0.0,0.9000000000000007,0.09999999999999931,0.0,1.6430575029623222,1.443057502962322
0.1,0.3,0.1,0.0,0.0,0.5,0.5092312587113017,0.4907687412886983,0.39076874128869826,0.20000000000000034,0.0
0.1,0.8,0.7,0.2,0.6,0.6,0.8999999999999955,0.10000000000000472,0.0,1.6063767723758726,1.4063767723758724
0.6,0.6,0.0,0.6,0.0,0.6,0.2075952373179133,0.7924047626820871,0.6924047626820871,1.7624079249664544,1.5624079249664544
0.0,0.2,0.0,0.4,0.3,0.0,0.0,1.0000000000000009,0.9000000000000008,0.8983630171195387,0.6983630171195389
0.0,1.0,0.9,0.4,0.8,0.4,0.377835847580657,0.6221641524193429,0.5221641524193429,3.4102710261521367,3.210271026152137
0.6,0.7,0.5,0.0,0.0,0.3,0.0,1.0,0.9,0.5155467369462484,0.31554673694624846
0.8,0.4,0.1,0.5,0.4,0.8,0.9,0.09999999999999999,0.0,1.5836876714373198,1.3836876714373196
1.0,1.0,0.8,0.9,0.7,1.0,0.9,0.1,0.0,6.048508679794157,5.848508679794157
0.6,1.0,0.4,0.3,0.5,0.3,0.6077976906172756,0.3922023093827247,0.2922023093827245,2.727785822148599,2.527785822148599
0.5,0.6,0.5,0.7,0.7,0.4,0.0,0.9999999999999998,0.8999999999999997,2.938667160157876,2.738667160157876
0.1,0.5,0.3,0.7,0.3,0.2,0.0,1.0,0.9,1.9261397718493711,1.7261397718493712
0.6,1.0,0.9,0.7,0.2,0.0,0.0,1.0,0.9,3.669432495085963,3.469432495085963
0.8,0.0,0.6,0.9,0.4,0.3,0.0,0.999999999999997,0.8999999999999971,2.832927224903347,2.632927224903347
0.9,0.9,0.7,0.9,0.1,0.3,0.0,1.0000000000000075,0.9000000000000075,4.373815377811411,4.173815377811411
0.1,0.9,0.1,0.0,0.6,0.1,0.9,0.09999999999999995,0.0,2.6257709855474944,2.4257709855474947
0.4,0.6,0.7,0.5,0.0,1.0,0.8999999999999999,0.10000000000000006,0.0,1.512574468870242,1.312574468870242
0.9,0.9,1.0,0.6,1.0,0.6,0.43759769538302695,0.5624023046169734,0.4624023046169733,4.924349085085875,4.7243490850858745
0.8,0.0,0.1,1.0,0.5,0.3,0.0,1.000000000000001,0.900000000000001,3.5939299934309785,3.393929993430979
0.7,0.9,0.2,0.7,0.3,0.4,0.22127273880712722,0.7787272611928726,0.6787272611928723,3.0114860638343215,2.8114860638343213
1.0,0.7,0.5,1.0,0.1,0.3,0.0,0.9999999999999796,0.8999999999999797,3.5616551500595044,3.361655150059505
0.6,0.7,0.5,0.3,0.0,0.2,0.0,1.0000000000000004,0.9000000000000004,0.6909446081217829,0.490944608121783
0.8,1.0,0.7,0.6,0.6,0.4,0.273754308461988,0.7262456915380122,0.6262456915380121,4.164644802550559,3.9646448025505596
0.3,0.1,0.3,0.0,0.8,0.1,0.8999999999999975,0.10000000000000253,0.0,2.0895628391208456,1.8895628391208457
0.1,0.1,0.9,0.4,0.0,0.9,0.718405947110935,0.281594052889065,0.18159405288906494,1.3958398675805999,1.1958398675806
0.4,0.6,0.8,0.8,0.5,0.5,0.8137534280154242,0.18624657198457606,0.0862465719845759,2.9677610022188867,2.767761002218887
0.6,0.6,0.7,0.8,1.0,0.9,0.8999999999999989,0.10000000000000114,0.0,3.752699869706745,3.552699869706745
0.0,0.4,0.7,0.2,0.5,1.0,0.9000000000000006,0.0999999999999995,0.0,0.9563444936338716,0.7563444936338716
0.7,0.2,0.5,0.7,0.1,0.3,0.0,1.000000000000003,0.9000000000000034,1.707913923183237,1.5079139231832372
0.7,0.1,0.1,0.9,0.1,0.2,0.0,0.9999999999999977,0.8999999999999977,3.013670769882898,2.813670769882898
0.3,0.4,0.5,0.5,0.3,0.6,0.8534035042690504,0.1465964957309499,0.046596495730949844,0.608117010375662,0.4081170103756617
0.2,1.0,0.5,0.6,0.3,0.6,0.8303173002738833,0.16968269972611671,0.06968269972611674,2.2749417151641707,2.0749417151641705
1.0,0.2,0.0,0.9,1.0,0.2,0.0,1.000000000000007,0.900000000000007,4.561277764588473,4.361277764588474
0.9,0.3,0.5,0.6,0.7,0.2,0.0,1.0000000000000022,0.9000000000000024,2.4475143859776645,2.2475143859776647
0.4,0.9,1.0,1.0,0.4,0.2,0.0,1.0000000000000009,0.9000000000000009,4.542152998225289,4.342152998225289
0.2,1.0,0.4,0.7,0.7,0.7,0.8999999999999897,0.10000000000001034,0.0,3.484624098641849,3.284624098641849
1.0,0.2,0.5,0.3,0.4,0.3,0.0,0.9999999999999881,0.8999999999999881,2.0640744833151987,1.8640744833151992
0.4,0.8,0.4,0.4,0.9,0.3,0.8973738735248311,0.10262612647516911,0.0026261264751690216,1.9943560384707695,1.7943560384707693
0.3,0.0,0.6,0.5,0.0,0.0,0.0,0.9999999999999999,0.8999999999999999,0.916517837303954,0.716517837303954
0.4,0.8,0.0,0.6,0.2,0.0,0.0,0.9999999999999999,0.8999999999999999,1.5890666821421549,1.389066682142155
0.5,0.0,0.6,0.4,0.8,0.2,0.0,1.0,0.8999999999999999,1.9082591970807141,1.7082591970807142
0.4,0.7,0.2,0.5,0.9,0.2,0.9,0.09999999999999991,0.0,1.884779339202503,1.684779339202503
0.4,0.1,0.2,0.4,0.5,1.0,0.9000000000000052,0.09999999999999479,0.0,1.7441085211941476,1.5441085211941477
0.6,0.0,0.1,0.8,0.0,0.5,0.0,1.0000000000000007,0.9000000000000008,1.6627351239589503,1.4627351239589506
1.0,0.2,0.1,0.6,0.8,0.1,0.0,0.9999999999999999,0.8999999999999999,3.6089821693243946,3.408982169324395
0.3,0.9,0.7,0.2,0.2,0.4,0.7893790202721772,0.2106209797278229,0.11062097972782259,1.8436549388168428,1.6436549388168427
0.5,0.8,0.2,0.0,0.8,0.3,0.8999999999999966,0.10000000000000335,0.0,1.8949843529733346,1.6949843529733346
0.1,0.9,0.1,0.2,0.6,0.8,0.9000000000000035,0.09999999999999645,0.0,2.489304677625201,2.289304677625201
1.0,0.1,0.5,0.9,0.0,0.2,0.0,1.0000000000000961,0.9000000000000965,3.7745417735891156,3.5745417735891163
1.0,1.0,0.6,0.6,0.0,1.0,0.0,0.9999999999999998,0.8999999999999998,3.732126421143117,3.5321264211431167
0.2,0.3,0.1,0.4,0.6,1.0,0.9000000000000086,0.09999999999999139,0.0,0.8462737696208722,0.6462737696208721
0.3,1.0,0.7,0.7,0.3,0.4,0.12583216177679768,0.8741678382232023,0.7741678382232021,2.8156180547885636,2.6156180547885635
0.8,0.0,0.8,0.0,0.7,0.4,0.9,0.10000000000000003,0.0,2.3512435023740044,2.151243502374004
0.7,0.5,0.1,1.0,0.2,1.0,0.6869687711175687,0.3130312288824312,0.21303122888243142,3.680623170557274,3.480623170557274
0.9,0.1,0.9,0.2,0.1,0.9,0.7803897038501284,0.2196102961498716,0.11961029614987151,2.3755879800387087,2.1755879800387086
0.7,0.6,0.8,0.0,0.4,0.7,0.9000000000000075,0.09999999999999291,0.0,1.9257235296124784,1.7257235296124782
0.5,0.3,0.0,0.9,0.2,0.1,0.0,1.0000000000000013,0.9000000000000015,1.6686039276741402,1.4686039276741405
0.5,0.1,0.6,0.5,0.2,0.2,0.0,1.000000000000002,0.9000000000000019,1.5945011161365739,1.3945011161365741
0.1,1.0,0.1,0.6,0.0,0.3,0.0,1.0000000000000018,0.9000000000000017,2.225818366391936,2.0258183663919365
0.8,0.9,0.2,0.7,0.8,0.3,0.43332802062605114,0.5666719793739488,0.4666719793739485,4.321427638211494,4.121427638211494
0.5,0.6,0.5,0.8,0.0,1.0,0.0,1.0,0.9,2.193824869970546,1.993824869970546
0.4,0.6,0.7,0.6,0.5,0.9,0.8999999999999971,0.10000000000000306,0.0,2.3013044970368317,2.1013044970368315
0.2,0.8,0.8,0.1,0.4,0.2,0.8999999999999999,0.10000000000000031,0.0,1.150984860790849,0.9509848607908489
0.7,0.0,0.8,1.0,0.1,0.4,0.0,1.0000000000000009,0.900000000000001,3.0379712569122646,2.837971256912265
0.4,0.3,0.2,0.2,0.3,0.6,0.8999999999999981,0.10000000000000206,0.0,0.200000000000001,0.0
0.2,1.0,0.5,0.1,0.1,0.7,0.8999999999999977,0.10000000000000232,0.0,1.627885411706016,1.4278854117060158
0.5,0.2,0.8,0.5,0.3,0.3,0.0,0.9999999999999999,0.8999999999999999,1.3400474613851192,1.1400474613851193
0.3,0.3,0.2,0.6,1.0,0.5,0.9000000000000007,0.09999999999999933,0.0,1.4164521653225775,1.2164521653225775
0.9,0.3,0.9,0.2,0.0,0.2,0.0,1.000000000000001,0.9000000000000011,1.2734371542246992,1.0734371542246994
0.1,0.5,0.4,0.7,0.4,0.7,0.8992444871867478,0.10075551281325201,0.000755512813252035,1.9571608755243606,1.7571608755243604
0.2,1.0,0.3,0.8,0.6,0.6,0.8999999999999982,0.10000000000000206,0.0,3.655816115322098,3.4558161153220976
0.2,1.0,0.7,0.3,0.1,0.8,0.8999999999999951,0.10000000000000495,0.0,1.95591449153235,1.75591449153235
0.7,0.3,0.8,0.4,0.7,0.4,0.9,0.10000000000000003,0.0,1.831841399361676,1.631841399361676
0.6,0.8,0.9,0.9,1.0,0.7,0.9000000000000004,0.09999999999999956,0.0,4.049264415687602,3.8492644156876015
0.2,1.0,0.4,0.7,0.8,0.6,0.8999999999999995,0.10000000000000045,0.0,3.534102123731633,3.3341021237316326
0.6,0.6,0.5,0.5,0.5,0.6,0.9,0.1,0.0,2.1152385496381485,1.9152385496381485
0.2,0.7,0.1,1.0,0.3,0.2,0.0,1.0,0.9000000000000001,2.331069058643517,2.131069058643517
0.7,1.0,0.1,0.2,0.8,0.1,0.8999999999999992,0.10000000000000075,0.0,3.628571985980016,3.4285719859800157
0.1,0.7,0.0,0.8,1.0,0.5,0.4522151026611332,0.5477848973388673,0.44778489733886717,2.4676690493989932,2.2676690493989935
0.2,0.8,0.1,0.4,1.0,1.0,0.9000000000000034,0.0999999999999966,0.0,1.97971121990571,1.77971121990571
0.1,0.9,0.0,0.8,0.8,0.5,0.21131909366121926,0.7886809063387812,0.6886809063387811,3.794397126556614,3.594397126556614
0.7,0.6,0.1,0.8,0.2,0.0,0.0,1.0,0.9,2.9049796919209414,2.7049796919209417
0.6,0.7,0.5,0.3,0.4,0.5,0.7181875697638274,0.2818124302361724,0.18181243023617238,0.8457123179374928,0.6457123179374924
0.6,0.1,0.6,0.4,0.6,0.8,0.8999999999999999,0.1,0.0,2.3943222455217246,2.1943222455217244
0.7,0.4,0.6,0.4,0.2,0.1,0.0,1.0000000000000004,0.9000000000000004,1.229206305634401,1.029206305634401
0.1,0.1,0.3,1.0,0.6,0.5,0.2639220188806225,0.7360779811193774,0.6360779811193774,3.596132334848412,3.396132334848412
0.3,0.8,0.4,0.0,0.7,0.0,0.899999999999999,0.1000000000000009,0.0,1.8747608661737174,1.6747608661737172
1.0,1.0,0.5,0.6,1.0,0.4,0.0,1.0000000000000016,0.9000000000000015,4.826052391278359,4.626052391278359
1.0,0.5,0.0,0.1,0.2,0.8,0.7293126815132989,0.27068731848670113,0.17068731848670105,2.5013266984774005,2.301326698477401
0.4,1.0,0.0,0.1,0.6,1.0,0.9000000000000039,0.09999999999999629,0.0,2.815153792671726,2.615153792671726
0.5,1.0,0.0,0.4,0.3,0.7,0.8999999999999998,0.10000000000000013,0.0,2.2412132183676023,2.0412132183676026
0.3,0.4,0.6,0.9,0.3,0.2,0.0,0.999999999999998,0.899999999999998,1.973714793117058,1.7737147931170583
0.5,0.6,0.6,0.6,0.8,1.0,0.9000000000000001,0.09999999999999974,0.0,2.870817947595148,2.6708179475951477
0.8,0.7,0.3,0.2,0.2,0.7,0.8999999999999924,0.10000000000000758,0.0,0.9601828705005833,0.7601828705005831
0.4,0.7,0.5,0.6,0.2,0.4,0.0,1.0,0.9000000000000001,0.8546743046172455,0.6546743046172456
0.5,0.5,0.5,0.0,0.3,0.7,0.8999999999999995,0.10000000000000063,0.0,1.3010717021979306,1.1010717021979304
0.3,0.9,0.6,0.3,0.2,0.6,0.9,0.0999999999999999,0.0,1.7710865122055828,1.5710865122055826
0.2,0.9,0.0,0.7,0.0,0.3,0.0,1.0000000000000013,0.9000000000000015,2.396269653368163,2.196269653368163
0.5,0.8,0.5,1.0,0.7,0.7,0.8277980591760672,0.17220194082393292,0.07220194082393272,3.7805038704030727,3.580503870403073
0.1,0.0,0.5,0.5,0.0,0.2,0.0,1.000000000000002,0.900000000000002,0.5261367414069051,0.32613674140690535
0.0,1.0,1.0,0.1,0.8,0.5,0.8523548945845534,0.14764510541544706,0.04764510541544681,3.2994275836357216,3.0994275836357215
0.9,0.3,0.4,0.7,0.8,0.2,0.0,0.9999999999999997,0.8999999999999997,2.718577192891562,2.518577192891562
0.4,0.6,1.0,0.1,0.0,0.8,0.9000000000000004,0.09999999999999981,0.0,1.4753219775161286,1.2753219775161286
0.1,0.7,0.3,0.6,0.7,0.5,0.9000000000000005,0.09999999999999956,0.0,1.6793655374827698,1.4793655374827699
1.0,0.1,0.8,0.1,0.3,0.8,0.9000000000000001,0.09999999999999995,0.0,2.6109171312906536,2.410917131290654
1.0,0.0,0.3,0.1,0.2,0.0,0.12342642682119598,0.8765735731788034,0.776573573178803,1.8614499002684026,1.6614499002684027
0.8,0.6,0.1,0.6,0.9,0.0,0.7516889364749191,0.2483110635250809,0.14831106352508094,3.6945780658343392,3.494578065834339
0.9,0.0,0.7,0.7,1.0,0.7,0.7102066633473318,0.2897933366526682,0.18979333665266823,3.433753578585581,3.233753578585581
0.1,0.6,0.4,0.3,0.4,0.7,0.8999999999999981,0.10000000000000196,0.0,1.0459066968096373,0.8459066968096373
0.0,0.9,0.4,1.0,0.9,0.4,0.0,1.0000000000000004,0.9000000000000004,4.5817002072774775,4.381700207277477
0.6,0.0,0.6,0.1,0.0,0.7,0.8275137042378868,0.1724862957621135,0.07248629576211345,0.5722531280166552,0.3722531280166552
0.4,0.2,0.2,0.3,1.0,0.3,0.8999999999999999,0.10000000000000006,0.0,1.7419656956139489,1.541965695613949
1.0,0.8,0.4,0.1,0.8,0.3,0.3512405911272015,0.6487594088727985,0.5487594088727985,3.0328303413124673,2.832830341312467
0.3,0.0,0.1,0.5,0.1,0.7,0.8999999999999999,0.1,0.0,0.5733894131022161,0.37338941310221613
0.7,0.5,0.4,0.0,0.8,0.2,0.8999999999999995,0.10000000000000059,0.0,2.751049383790223,2.5510493837902226
1.0,0.1,0.1,1.0,1.0,1.0,0.0635244711772518,0.9364755288227483,0.8364755288227479,5.454098818416912,5.254098818416912
0.1,0.0,1.0,0.3,0.3,0.5,0.0,1.0,0.9,0.8555258382401135,0.6555258382401136
0.0,1.0,0.3,0.5,0.5,0.4,0.2571319698895206,0.7428680301104797,0.6428680301104797,2.516610099320558,2.3166100993205583
0.8,0.7,0.2,1.0,0.7,0.2,0.3456256465627664,0.6543743534372336,0.5543743534372337,4.098260958671513,3.898260958671513
0.3,0.2,0.4,0.5,0.8,0.1,0.8246390892788367,0.17536091072116333,0.07536091072116324,1.9570715015994011,1.757071501599401
0.0,1.0,0.0,0.4,1.0,0.3,0.0,1.0,0.9,3.109222788498613,2.9092227884986133
0.8,0.0,0.8,0.8,0.6,0.9,0.9000000000000005,0.09999999999999958,0.0,3.372256988116946,3.1722569881169465
0.2,0.0,0.6,0.2,0.1,0.0,0.1412646091421349,0.8587353908578652,0.7587353908578651,0.5653681029683397,0.36536810296833966
0.3,0.7,0.6,0.8,0.5,1.0,0.8999999999999996,0.10000000000000038,0.0,2.0293408280338765,1.8293408280338763
0.0,0.1,0.1,0.9,0.1,1.0,0.0,1.0000000000000002,0.9000000000000004,2.3359316869050604,2.13593168690506
0.7,0.1,0.3,0.8,0.1,0.7,0.8926826779336406,0.10731732206635947,0.007317322066358933,2.4405987639032607,2.240598763903261
0.3,0.8,0.9,0.9,0.1,0.9,0.9000000000000001,0.09999999999999999,0.0,2.540891796993668,2.3408917969936684
0.1,0.2,0.7,0.4,1.0,0.2,0.09414843858610544,0.9058515614138949,0.8058515614138948,1.9455274574829682,1.745527457482968
0.2,0.7,0.4,0.7,0.7,0.0,0.9000000000000001,0.10000000000000005,0.0,2.288450043705707,2.088450043705707
1.0,0.4,0.5,0.6,0.6,0.2,0.0,0.9999999999999988,0.8999999999999988,3.132766047288582,2.9327660472885824
0.6,0.4,0.3,0.4,0.5,0.9,0.8999999999999853,0.10000000000001474,0.0,1.3041091373835914,1.1041091373835912
0.5,0.9,0.9,0.0,0.5,0.3,0.8893435756549999,0.11065642434500012,0.010656424345000137,2.829766644170713,2.6297666441707133
1.0,0.9,1.0,0.5,0.3,0.9,0.06271369466862481,0.9372863053313751,0.8372863053313753,3.983661615598315,3.783661615598315
0.1,0.4,0.4,0.8,0.1,0.7,0.33948988514180334,0.6605101148581967,0.5605101148581967,1.1741581514072679,0.9741581514072678
0.9,0.2,0.2,0.1,0.2,1.0,0.8999999999999999,0.1000000000000002,0.0,1.440621308746832,1.240621308746832
0.3,0.0,0.6,0.7,0.6,0.3,0.0,1.0000000000000004,0.9000000000000005,2.0572860090528633,1.8572860090528631
0.2,0.2,0.2,0.3,0.1,0.9,0.900000000000001,0.09999999999999887,0.0,0.39156669508011027,0.1915666950801102
1.0,0.3,0.8,0.8,0.1,0.0,0.0,0.9999999999999982,0.8999999999999984,2.8246287647871093,2.62462876478711
0.9,0.1,0.7,0.1,0.1,0.4,0.0,0.9999999999999998,0.8999999999999999,2.067444403397827,1.8674444033978275
0.4,1.0,0.3,0.6,0.4,0.9,0.8999999999999958,0.10000000000000464,0.0,2.5659147357152063,2.365914735715206
0.0,0.6,0.5,0.1,1.0,0.1,0.3626441212728706,0.6373558787271292,0.5373558787271291,2.1306960451020194,1.9306960451020194
0.1,0.5,0.0,0.1,0.9,1.0,0.8999999999999966,0.10000000000000378,0.0,2.22854722455435,2.02854722455435
0.7,0.3,0.3,0.0,0.1,0.7,0.899999999999993,0.10000000000000683,0.0,0.20000000000000037,0.0
0.2,0.6,0.5,0.9,0.8,0.3,0.0,1.0,0.9,3.4831197181583247,3.283119718158325
0.6,0.8,0.5,0.1,0.9,0.6,0.8999999999999952,0.10000000000000461,0.0,2.0291186571635196,1.8291186571635196
0.3,0.7,0.2,0.8,0.3,0.3,0.36288540084106563,0.6371145991589342,0.5371145991589339,1.4408567244526103,1.2408567244526103
0.4,0.9,0.2,0.3,0.5,1.0,0.9000000000000098,0.09999999999999062,0.0,2.383968114671292,2.1839681146712917
1.0,0.9,0.7,0.8,0.0,0.8,0.0,1.0,0.9000000000000001,4.247673922893191,4.047673922893191
0.8,0.4,0.1,1.0,0.5,0.6,0.47283288239843846,0.5271671176015618,0.4271671176015618,3.5307798404704815,3.3307798404704814
0.6,0.0,0.5,0.3,0.7,0.0,0.5006159480198549,0.4993840519801451,0.3993840519801452,2.0240768449199322,1.8240768449199325
0.2,0.2,0.6,0.7,0.5,0.3,0.0,1.0000000000000004,0.9000000000000005,1.791520991871543,1.591520991871543
0.1,0.1,1.0,0.4,0.2,0.1,0.0,0.9999999999999989,0.8999999999999989,1.742617746882888,1.542617746882888
0.0,0.3,0.4,0.4,0.3,0.2,0.0,1.0000000000000002,0.9000000000000002,0.2,0.0
0.2,1.0,1.0,0.9,1.0,0.3,0.0,1.0,0.9,4.979681502282438,4.779681502282438
0.4,0.8,0.1,0.5,0.9,0.7,0.9000000000000101,0.09999999999999014,0.0,2.1779603196782404,1.9779603196782403
0.4,0.5,1.0,0.1,0.1,0.3,0.0,1.0,0.8999999999999999,1.7385646992787533,1.5385646992787534
0.8,1.0,0.0,0.3,0.7,0.8,0.9000000000000039,0.09999999999999608,0.0,3.704930286765896,3.504930286765896
0.2,0.3,0.7,0.3,0.3,0.4,0.46319526122496857,0.5368047387750314,0.43680473877503145,0.20000000000000023,0.0
0.6,0.0,0.0,0.9,0.0,0.7,0.0,1.0,0.9,2.0681013754296442,1.868101375429644
0.8,0.1,1.0,0.8,0.0,0.4,0.0,1.0000000000000044,0.9000000000000047,3.2709616855641617,3.0709616855641624
0.7,0.0,0.0,0.5,0.9,0.5,0.7808067945272781,0.2191932054727216,0.11919320547272177,2.2900107416743487,2.0900107416743485
0.4,0.0,0.5,0.2,0.6,0.3,0.13896014617421515,0.8610398538257846,0.7610398538257848,1.2682816631941298,1.0682816631941299
0.6,0.4,0.1,1.0,0.9,0.1,0.0,1.0,0.8999999999999999,3.9008257388352763,3.7008257388352765
1.0,0.0,0.4,0.9,0.0,0.9,0.0,0.9999999999999998,0.8999999999999999,3.0231752660127835,2.823175266012784
0.0,0.5,0.6,0.2,0.8,0.5,0.4473925047144762,0.5526074952855238,0.4526074952855239,2.188681752172341,1.988681752172341
0.6,0.7,0.2,0.0,0.6,0.1,0.900000000000001,0.09999999999999908,0.0,1.6259856636677017,1.4259856636677015
1.0,0.5,0.2,0.6,0.6,0.7,0.8999999999999999,0.10000000000000006,0.0,3.8899728459386234,3.6899728459386236
0.7,0.6,0.9,0.4,0.0,0.8,0.8999999999999992,0.1000000000000007,0.0,2.0200628317922975,1.8200628317922973
0.1,0.4,0.2,0.2,0.6,0.0,0.8999999999999999,0.10000000000000009,0.0,1.3743387582335456,1.1743387582335454
0.0,0.2,0.8,0.0,0.0,0.7,0.9,0.09999999999999995,0.0,0.5052839689095502,0.3052839689095502
0.6,0.3,0.3,0.6,0.7,0.6,0.8999999999999986,0.10000000000000142,0.0,1.6017886173066103,1.4017886173066103
0.1,0.4,1.0,0.6,0.4,0.2,0.0,0.9999999999999979,0.8999999999999979,1.5668680547883036,1.3668680547883039
0.0,0.4,0.6,1.0,0.1,1.0,0.0,0.9999999999999998,0.8999999999999997,2.200235030424992,2.0002350304249923
0.2,0.1,0.7,0.9,0.9,0.4,0.005215593313237066,0.9947844066867628,0.8947844066867628,3.6635809694067643,3.463580969406764
0.0,0.4,0.2,0.8,0.0,0.5,0.0,0.9999999999999984,0.8999999999999986,1.1771140705188317,0.9771140705188318
0.0,0.9,0.6,0.6,0.0,0.5,0.0,0.9999999999999917,0.8999999999999917,2.0758430457534667,1.875843045753467
0.6,0.6,0.7,1.0,0.9,0.7,0.8999999999999996,0.10000000000000042,0.0,4.534376058910545,4.334376058910545
0.6,0.0,0.6,0.3,0.2,0.7,0.7873331399732117,0.21266686002678803,0.11266686002678812,0.7414836344976947,0.5414836344976948
0.7,0.9,0.2,0.4,1.0,0.5,0.9000000000000018,0.09999999999999817,0.0,3.4936225568491936,3.2936225568491935
0.0,0.2,0.4,0.8,0.7,0.4,0.0,1.0000000000000004,0.9000000000000006,2.399507995918865,2.1995079959188653
0.9,0.1,0.5,0.3,0.7,0.5,0.0,1.0,0.9,3.0253213223079323,2.825321322307932
0.3,1.0,0.8,0.6,0.8,0.0,0.9000000000000006,0.09999999999999958,0.0,4.04351945292173,3.84351945292173
1.0,0.1,0.6,0.5,0.6,0.7,0.0,1.0,0.9,3.5520935590332128,3.3520935590332126
0.5,0.2,0.6,0.6,1.0,0.5,0.0,1.0,0.9,2.346373578290083,2.146373578290083
0.1,0.4,0.3,0.4,0.7,0.2,0.7608333087958966,0.2391666912041034,0.1391666912041032,1.442623398325486,1.2426233983254857
0.5,0.6,0.5,0.0,0.2,0.2,0.0,1.0,0.9,1.1579787406762887,0.9579787406762887
0.4,0.2,0.2,0.0,0.0,1.0,0.8999999999999985,0.10000000000000167,0.0,0.4074128746383597,0.20741287463835953
0.4,0.2,1.0,0.1,0.1,0.3,0.0,1.0,0.9,1.0156710461059886,0.8156710461059887
1.0,0.2,0.8,0.9,0.5,0.7,0.12927971195291527,0.8707202880470848,0.7707202880470847,4.115032848771276,3.915032848771276
0.7,1.0,0.4,0.4,0.5,0.0,0.8999999999999999,0.10000000000000012,0.0,3.298789784181771,3.098789784181771
1.0,0.0,0.4,0.9,1.0,0.8,0.45265120416896,0.5473487958310399,0.4473487958310398,4.229412108718857,4.029412108718858
0.0,0.5,0.6,0.8,0.1,0.0,0.0,1.0000000000000056,0.9000000000000057,2.4856848025101472,2.285684802510147
0.9,0.2,0.7,0.3,0.2,1.0,0.5895514378642248,0.4104485621357751,0.3104485621357751,1.7515407928506868,1.551540792850687
0.2,0.0,0.1,0.4,0.3,0.4,0.17326120355347402,0.826738796446526,0.7267387964465261,0.47354434379508953,0.2735443437950895
0.3,0.5,0.6,0.6,0.9,0.4,0.34418709303576844,0.6558129069642314,0.5558129069642314,2.860824532106857,2.6608245321068567
0.2,1.0,0.4,0.5,0.8,0.6,0.9000000000000066,0.09999999999999334,0.0,3.0772169273708783,2.8772169273708785
0.3,0.6,0.5,0.6,0.0,0.6,0.49182774636850146,0.5081722536314981,0.4081722536314981,1.3564463082307066,1.1564463082307066
0.1,0.1,0.3,0.8,0.4,0.5,0.03932544178728864,0.9606745582127112,0.860674558212711,2.05686784934909,1.85686784934909
0.1,1.0,1.0,0.7,0.3,0.3,0.0,0.9999999999999999,0.8999999999999999,3.137970096004707,2.9379700960047073
0.2,0.5,0.5,0.7,0.7,0.4,0.05134581348442113,0.9486541865155786,0.848654186515579,2.884551935608091,2.6845519356080914
1.0,0.2,1.0,0.3,0.9,0.5,0.0,1.0,0.9,3.5206961337045217,3.3206961337045215
0.5,0.6,0.2,0.1,0.8,0.2,0.8999999999999997,0.1000000000000005,0.0,2.27144057348144,2.0714405734814396
0.7,0.3,0.4,1.0,0.1,0.3,0.0,0.9999999999999976,0.8999999999999976,2.1832936430738634,1.9832936430738632
0.5,0.2,0.3,0.8,0.3,0.7,0.8722736035637588,0.12772639643624073,0.027726396436240863,1.6929373886793808,1.492937388679381
0.0,0.1,0.1,0.1,0.8,0.2,0.03194124019032496,0.9680587598096749,0.8680587598096751,1.995147551557911,1.7951475515579105
0.5,0.1,0.3,0.7,0.7,0.9,0.899999999999998,0.10000000000000227,0.0,2.8974471992830826,2.6974471992830824
0.0,0.2,0.7,0.4,0.6,0.8,0.9,0.10000000000000006,0.0,1.5742504229319363,1.374250422931936
0.2,0.1,0.4,0.7,0.3,0.3,0.0,0.9999999999999997,0.8999999999999997,1.6678591042290438,1.4678591042290439
0.1,1.0,0.2,0.6,0.4,0.6,0.8999999999999994,0.10000000000000062,0.0,2.3950812737986613,2.195081273798661
1.0,0.2,0.7,1.0,0.4,0.5,0.0,0.9999999999999911,0.8999999999999911,4.0972605013563985,3.897260501356399
0.8,0.0,0.0,0.9,0.0,1.0,0.0,1.0,0.8999999999999999,2.546650875451027,2.346650875451027
0.5,0.2,0.4,0.0,0.5,0.8,0.8999999999999919,0.10000000000000812,0.0,1.045425396953671,0.8454253969536709
0.9,0.9,0.3,1.0,1.0,0.5,0.4353521302569059,0.5646478697430938,0.4646478697430938,5.735181415187885,5.5351814151878855
0.6,0.2,0.0,0.2,1.0,0.3,0.37390584716087094,0.626094152839129,0.5260941528391289,1.9937829520753279,1.7937829520753281
0.6,0.4,0.9,1.0,0.8,0.1,0.0,1.0,0.9,4.284006835302378,4.084006835302378
0.5,0.9,0.0,0.5,0.9,0.8,0.899999999999999,0.1000000000000011,0.0,3.35090958002154,3.1509095800215396
0.6,0.8,0.7,1.0,0.9,0.9,0.8999999999999999,0.10000000000000017,0.0,4.262300182490603,4.062300182490603
0.7,1.0,0.7,0.0,0.8,0.4,0.9000000000000006,0.09999999999999948,0.0,3.562662466549224,3.3626624665492244
0.5,0.2,0.1,0.2,0.3,0.4,0.0,1.0,0.9,0.6844650293307616,0.4844650293307615
0.1,1.0,1.0,0.8,0.2,0.0,0.0,1.0000000000000002,0.9000000000000001,3.67651216984322,3.4765121698432204
0.3,0.6,0.5,0.5,0.2,0.0,0.22241819004953606,0.7775818099504639,0.6775818099504639,1.5528625533637728,1.3528625533637728
0.7,0.5,1.0,0.8,0.8,1.0,0.8999999999999999,0.10000000000000019,0.0,4.470865739067851,4.270865739067851
0.1,1.0,0.4,0.9,0.9,0.7,0.9000000000000001,0.09999999999999981,0.0,4.2485996064004174,4.048599606400417
0.4,0.9,0.9,0.7,0.0,0.4,0.0,0.9999999999999996,0.8999999999999997,2.897792782974883,2.6977927829748833
0.3,0.6,0.5,0.4,0.9,0.0,0.8999999999999997,0.10000000000000037,0.0,2.535865369768212,2.3358653697682117
1.0,0.6,0.0,0.0,0.5,0.9,0.8999999999999996,0.10000000000000044,0.0,2.8636195939443643,2.6636195939443645
0.3,0.8,0.5,0.3,0.3,0.7,0.8999999999999972,0.10000000000000275,0.0,0.7173580372783122,0.517358037278312
0.1,0.7,0.5,0.7,0.9,0.3,0.0,1.0000000000000002,0.9000000000000002,2.1131370698901133,1.9131370698901136
0.7,1.0,0.9,0.1,0.3,1.0,0.8999999999999903,0.10000000000000968,0.0,2.8260898369663883,2.626089836966388
0.5,0.4,0.1,0.5,0.4,0.6,0.7936886434239332,0.20631135657606703,0.10631135657606694,0.9950142237343282,0.7950142237343284
0.3,0.4,0.9,0.8,0.9,0.5,0.9000000000000001,0.09999999999999984,0.0,2.925197550461104,2.725197550461104
0.0,0.2,0.2,0.9,0.5,0.0,0.0,0.9999999999999998,0.8999999999999997,2.6470296060210843,2.4470296060210845
0.0,0.6,0.0,1.0,0.8,0.6,0.23363903017221244,0.7663609698277876,0.6663609698277875,3.9063881266575518,3.7063881266575516
0.1,0.2,0.5,0.0,0.4,0.5,0.4935780210510755,0.5064219789489246,0.4064219789489247,0.4421971707670466,0.2421971707670466
0.7,0.2,0.2,1.0,0.8,0.9,0.8999999999999995,0.10000000000000056,0.0,3.992226633119959,3.792226633119959
0.7,0.5,0.2,0.3,0.9,0.1,0.9000000000000018,0.09999999999999831,0.0,3.0345843581768404,2.83458435817684
