X1,X2,X3,X4,X5,X6,y1,y2,y3,y4,y5
0.8,0.8,0.6,0.2,0.8,0.7,1.9565053134092099,-1.1960090654993687,-1.1905065988567138,2.6936736290835666,2.496989332888468
0.2,0.1,0.5,1.0,0.4,0.4,-0.819781428551408,2.2600984769112924,1.8376520053475116,2.952013531308067,2.651714904550157
0.5,0.7,0.3,0.6,0.4,1.0,1.9311901258442605,-1.014439591249781,-0.8598636726373556,1.2001960597541133,0.9205404333472209
0.3,0.7,0.6,1.0,0.1,1.0,0.6038420269019413,0.30522735509933246,0.1924627351631088,2.294517697573924,2.234522661209472
0.3,0.5,0.8,0.4,0.6,0.3,0.9581673932307209,-0.1462143300546804,-0.4231910272493855,2.643449724637185,2.551466505076589
0.9,0.2,0.0,0.4,0.2,0.4,-1.372711945875787,2.0699022907877196,1.9611841447559657,1.6843186847770115,1.6807918014391792
1.0,0.1,0.7,0.8,0.2,1.0,-0.5721173343078161,1.6803881180701603,1.4329324313555423,3.62217216179827,3.683724613902633
0.9,0.8,0.7,0.1,0.6,0.8,2.1200258036239132,-1.017296800878175,-1.0932450862851846,2.7551783245346657,2.575656407221253
1.0,0.5,0.9,0.9,0.9,1.0,0.5051513327515637,0.4182320134039916,0.3387978277025482,5.687079170602966,5.485159068574282
0.3,0.0,0.0,1.0,0.2,0.8,0.7448470584620166,0.3502051328715109,0.303185483983556,2.197645796992625,2.1569046153328824
1.0,0.8,0.2,0.9,0.6,0.5,-0.030543480930614937,0.9651106429889705,0.7209081688211427,4.25336629630095,4.106783298933849
0.6,0.6,0.6,0.3,0.8,0.2,0.36279025436138534,0.7339599404209907,0.5219003757492537,2.673681574982147,2.5166692803149378
0.1,0.4,0.8,0.1,0.6,0.9,2.6671822942781147,-1.5386776164486045,-1.8514584258478037,1.4224340253491414,1.2092200078177473
0.5,0.1,0.2,0.4,1.0,0.7,2.067041330786843,-1.0694114235748988,-1.0417087216150236,2.3127313292434972,2.3156110152338805
0.6,0.4,0.5,1.0,0.8,1.0,0.7933676476365976,0.16323201705375506,0.300214710346759,3.673543201018093,3.4484067860025713
0.3,0.0,0.0,0.5,0.7,0.5,1.0050644399994497,0.047446271626078174,-0.05246300863561026,1.8104250254606569,1.358235742464934
0.0,0.8,0.6,1.0,0.5,0.1,-1.3207207308040239,2.3271264702642513,2.290893879679762,3.301421304843508,2.9221427799346884
1.0,0.7,0.4,0.3,0.6,0.1,0.1745129671682944,0.9019202721402564,0.7323903980744829,2.7990544122361714,2.6316913505561477
0.4,1.0,0.0,0.8,1.0,0.5,0.5035596733437986,0.2640010896194205,0.24222233013203473,4.18047740530489,3.9085244528466574
0.4,0.2,0.9,0.7,0.1,0.9,0.5813695952770562,0.22165882724150476,0.272292089288084,1.8295417638254352,1.451050533797957
0.2,0.1,0.0,0.7,0.1,0.8,0.6186318328342884,0.47138884853808766,0.32757838808890727,1.6597600139035704,1.4562468845199796
0.9,0.0,0.7,0.0,0.5,1.0,1.5767080488367669,-0.4854357738251244,-0.7017244337150891,2.1400888239731555,1.8995705951858282
0.2,0.5,1.0,0.1,0.3,0.3,0.35923741315156427,0.8089720960702648,0.7400124226054212,1.8252571778366318,1.4329675524175318
0.1,0.8,0.6,0.8,0.1,0.5,-1.0633068425251393,1.8761488373584456,1.6807002804540914,1.4588440322007143,1.631174857953435
0.7,0.0,0.9,1.0,0.1,0.5,-0.41340609224145153,1.462154270087638,1.1413458037447897,3.2584425101038215,2.8974894520781023
0.9,0.2,0.0,1.0,0.0,0.4,-2.3834716786077514,3.250682268810444,3.118623692531357,3.2932726359313493,3.0662240503281293
0.6,0.3,0.1,0.8,0.5,0.9,0.9935845849878359,-0.05158276750431125,-0.20211877502218878,1.9311028239924715,1.6944271144201015
0.5,0.4,0.2,0.7,0.8,0.7,1.741696454856908,-0.735574119476349,-0.9213107689287222,2.5038484433185806,2.038506642777356
0.3,1.0,0.4,0.8,0.6,0.3,0.36826346187298836,0.6027414684507567,0.37123950185784527,3.882328293941756,3.5736569694138476
0.8,0.8,0.5,0.1,0.3,0.3,-0.06021732462647392,0.7828984674029944,0.9536163836420662,1.220153717098749,1.2358927152483021
0.3,0.2,0.6,0.5,0.5,0.2,-0.1861954678989738,1.1988229801062351,1.1624001164725668,1.4290548774663774,1.2092959620328543
0.5,0.6,0.1,0.5,0.0,0.5,-0.033937085929290615,1.2072473985342902,1.102597856737339,1.4324589466831272,1.0627153431173164
0.4,0.8,1.0,0.3,0.7,0.5,1.1809806270304384,-0.29221976707804254,-0.28193537748850545,2.3377017814398853,2.1677780573211387
0.9,0.4,0.5,0.2,0.6,0.0,0.028385161218808096,1.1329573318568555,0.9382266017517016,2.4969442393343715,2.40680551694046
0.5,0.7,0.1,0.6,0.7,0.0,0.6548973107545036,0.369948561475648,0.16053117396756655,2.2720153196228887,2.25109829080385
0.1,0.2,0.4,1.0,0.0,0.6,-0.4711911873793064,1.4766471422330782,1.3593631217026911,2.0997691572497303,1.8354609288490884
0.6,0.8,0.6,0.9,0.5,0.1,-0.5905559490479827,1.6744918366574677,1.498579090837218,3.2539491069016515,3.169000125912913
0.5,0.9,0.4,0.9,0.8,0.3,-0.21479915359773633,1.2121768623332607,1.1642887725849198,4.359652647206529,4.1915984330297595
0.4,0.6,0.2,1.0,0.4,0.7,1.399869538068995,-0.590313452295504,-0.5745394847432451,3.1282462188320626,2.828710229980956
0.5,0.1,0.3,0.7,0.4,0.5,0.28724772430471324,0.8525908292833485,0.8256452724367984,2.1630980850291803,1.8996999829379213
0.1,0.2,0.3,1.0,0.6,1.0,1.240367665572632,-0.14417616155575863,-0.19605956601910346,3.122602903463642,3.0002428069743843
1.0,0.1,0.2,0.9,0.6,0.0,-0.6123591202662493,1.7650131865999823,1.735569716409631,4.961076288888396,4.699777727646266
0.5,0.3,0.5,0.2,1.0,0.8,1.9751573044899104,-1.0460695300374399,-1.1289460591497058,1.1864743520693923,1.106217833116616
0.9,1.0,0.7,1.0,0.3,0.0,-0.9208970024085505,2.062832217913893,1.8176292286700426,5.340772779447535,5.127054446060039
0.4,0.6,0.2,0.7,0.9,0.3,0.6911884215941567,0.1991761192306078,-0.047788631556392264,2.837703939084816,2.5920056835862093
0.1,0.1,0.9,0.9,0.0,0.8,0.029061847482178688,1.109231420957214,0.7575224853558054,2.8707408614194843,2.493975444430299
0.0,1.0,0.8,0.5,0.3,0.5,0.30554719323031415,0.7010492598022169,0.8618622264808689,2.3013474844727804,2.3131427613574225
0.8,0.3,0.6,0.1,0.6,0.1,0.5343468512032129,0.7788353907415364,0.5040922189993853,1.7556463937242028,1.5715318162251322
0.2,0.1,0.2,0.6,0.6,0.1,0.5808495659694849,0.38482051018724456,0.33539532938027106,2.3161815675355304,2.397653805431166
0.3,1.0,0.3,1.0,0.2,0.3,0.049317180147998935,1.0930537097105926,0.76850055106448,3.963546706482056,3.5051154009549084
0.2,1.0,1.0,1.0,0.3,1.0,0.587558059454292,0.29082436740641465,0.027353188007770257,4.395025551251087,3.973279293375489
0.3,0.0,0.5,1.0,1.0,0.1,-0.12831427956804717,1.3178940849476413,1.2231584679947365,3.601587143322387,3.2918902615810977
0.2,0.1,0.6,0.2,0.1,0.3,-0.4786543682973707,1.4826902751385775,1.3408125175991912,0.971521879026471,0.8014430109942051
0.6,0.3,0.9,0.0,0.4,0.2,0.5412562305348316,0.26636563290507753,0.35894990661571835,0.7423352080539185,0.5705548513854997
0.7,0.5,0.5,0.3,0.9,0.1,0.585178859899073,0.37002636063560324,0.12691932701303113,2.9709708228273604,2.981521936651662
0.8,1.0,0.1,0.4,0.6,0.2,0.553020970709924,0.5943066244971731,0.5112188468582968,3.827353520808474,3.554818525009864
0.6,0.7,0.5,1.0,0.0,0.1,-1.415329372831223,2.3779609933132075,2.3158321679343676,2.7250771320451244,2.284290059883266
0.5,0.6,0.9,0.8,0.8,0.2,-0.12911410256092418,0.9923119806628783,0.8269356246379113,3.9490759559017343,3.705523688454324
0.6,0.0,0.6,1.0,0.0,0.4,-1.906829505689723,2.821701559174341,2.8601714712999207,2.557322510535778,2.3552297024695035
0.3,0.3,0.7,0.0,0.9,0.2,1.6141532788799349,-0.49027346215740125,-0.6969865073337282,1.0567232715450796,0.9659137616587464
0.2,1.0,0.3,0.5,0.6,0.0,1.6173208780240165,-0.7255852546509025,-0.8339650154495832,3.2890031119734076,3.0493390203275528
0.6,0.0,0.3,0.7,0.3,0.8,1.4164315951976514,-0.21122508534277995,-0.4710816457173166,1.3712477244007684,1.282981787309748
0.0,0.3,0.8,0.5,0.7,0.5,0.5609442403073597,0.45447481538255763,0.2507399035253437,1.1872444466451753,1.1636011262500432
0.7,0.4,0.1,0.0,0.6,0.7,2.8987346600106365,-1.7735480093918263,-2.0294635465515785,1.7602322802928096,1.5984064162773395
0.7,0.8,0.4,0.9,0.2,0.7,1.0469018815613989,-0.07748659209207952,-0.09385902659906949,2.6673401739198477,2.1802254914873362
0.5,0.9,1.0,0.3,0.6,0.4,0.19484159752337266,0.7949295017503868,0.5255976669010212,3.421558726792031,3.1866386426069813
0.0,0.6,1.0,1.0,0.1,0.8,-0.3127695802556042,1.4671321830093436,1.3321133979037942,3.2207624216837005,3.3091148251996083
0.5,0.1,0.0,0.5,0.0,0.9,0.21716012798787224,0.8475635441264908,0.6400015899527283,1.4625132147709483,1.1249603659197542
0.8,0.2,0.6,0.9,0.9,0.8,0.7748608127937203,0.33682964599140147,0.17779661817929052,3.942137405969486,3.6593388322911125
0.2,0.4,0.1,0.1,0.2,0.2,0.5500611600772604,0.3215063213562966,0.4481147334121893,0.3108923913903219,-0.13277068436808548
0.6,0.7,0.9,0.8,0.3,0.9,1.2600846630668512,-0.512177674175146,-0.4725375035045361,2.239384680623708,2.19529067693622
0.4,0.8,0.4,0.0,0.0,0.4,0.5847773089505515,0.3755247724959424,0.3424258497710135,0.43087960507766765,0.16484205597916762
0.7,0.5,0.9,0.2,1.0,0.9,2.98160657571621,-2.1161849307441556,-2.000349087242066,3.161528933066818,3.0708305606158213
0.6,0.0,0.3,0.6,0.8,0.2,0.5323904588133452,0.614684477226798,0.3392002881330849,2.3436102929947578,2.1690707321943434
1.0,0.1,0.0,0.7,0.5,0.7,-0.4259999376376039,1.4585599633299544,1.263546228631453,3.641275636519322,3.4137986736964447
0.6,0.9,0.3,0.0,0.4,0.9,3.0818769563000123,-1.8667449131308187,-2.0950708402445257,2.175814931224322,1.9180256953546826
0.0,0.2,0.0,1.0,0.9,0.4,-1.1195702700750372,2.382331583464739,2.1595173085940353,3.4568024591095416,3.2991058096515165
0.7,0.4,0.6,0.5,0.9,0.5,0.8291533344376213,0.20722174135600357,0.3163028330432885,2.4210522304119295,2.028555292411929
0.5,0.9,0.2,0.6,1.0,0.2,0.5032367112827993,0.5157242866258323,0.34607041504180835,3.388529523713097,3.373407003578698
0.9,0.4,0.0,0.9,0.8,0.2,-1.3898445836199718,2.070414580147698,2.1828049291533174,3.9591829779699106,3.9824162674318204
0.1,1.0,0.6,0.1,0.9,0.3,0.5528445989543269,0.3665492746838217,0.24701220248637942,2.927849169803873,2.787805843783564
0.9,0.2,0.2,1.0,0.8,0.2,-0.7600099423257008,1.7093062902115912,1.6748111618741024,4.434029948176749,4.14845197851015
0.5,0.2,1.0,0.9,0.6,0.6,-0.09307786157215742,0.9092012456516336,0.8088081701070112,3.514050101075217,3.3992642984104386
0.5,0.0,0.5,1.0,1.0,0.3,-1.0577778569341485,2.1385308113126458,2.1197408675305875,3.650313561515473,3.4513211166793387
1.0,0.9,0.0,0.7,0.6,1.0,0.1381798585384001,0.7771147613574947,0.7180954954776904,4.725713909344638,4.716708330624146
0.5,0.7,0.0,0.1,0.9,0.1,1.0473710221585075,-0.14348045724279768,-0.29793330854306477,1.643176129021742,1.5036759838394433
0.6,0.0,0.2,0.1,0.6,0.5,1.7565879831213176,-0.7749994877152143,-1.010701272212561,1.3287058607649063,1.128379786082944
0.5,0.5,0.8,0.9,1.0,0.1,0.2640009789876608,0.6474882033233442,0.6476791859250561,4.43696789741853,4.161767453894424
0.4,0.1,0.5,1.0,0.9,0.9,0.8213660246879212,0.31531727908838203,0.06331296334663424,4.03557878878248,3.814401505478742
0.5,0.3,0.4,0.0,0.3,0.5,0.945541986857915,-0.12776790705427502,-0.2628884913410482,-0.0802214296721501,-0.4297657670362442
0.9,0.7,0.8,0.6,0.1,0.2,-0.9381253022677211,1.8508980752041093,1.8056328126077066,2.121340547604151,2.090395971222249
0.0,0.9,0.1,0.0,0.1,0.5,0.34584591907255735,0.5485317349312836,0.5899289556780012,1.4406617851218402,1.4373995752025177
0.4,0.2,0.8,0.1,0.9,0.8,3.061481170491713,-2.0106113323934847,-1.8952838699291308,2.015586652187425,1.6364109063413856
0.6,0.6,0.4,0.2,0.2,0.3,0.30309311650594545,0.6730009364186411,0.8462938971489752,1.2087970882193528,1.034263784702816
1.0,0.7,0.4,0.3,0.0,0.2,-0.7958015615748465,2.1000917323374564,1.7894026126336295,1.5409922079616327,1.3341630020126345
0.1,0.5,0.2,0.2,0.0,0.3,0.020435301685303088,0.9317948457504148,0.7168386968333627,1.0183727576862147,0.7579468872287325
0.9,0.5,0.1,0.8,0.2,0.8,0.032027721933889884,1.1112441163738747,1.0811664680102977,3.404877856607161,2.9616631435445866
0.1,0.0,0.9,0.2,0.5,0.2,0.18918152996354543,0.725190739419062,0.6620170548665149,1.3657889429988803,1.0174395085189862
0.4,0.6,0.5,0.3,0.6,0.9,2.152558814936918,-0.9944654942109079,-1.0569369451214259,1.977251789717255,1.9372114332088146
0.3,0.0,0.8,1.0,0.4,0.0,0.03784456269261993,0.9754743806899626,0.5258559385424858,3.1566758129472565,3.024340221295013
0.2,0.1,0.5,0.5,1.0,0.4,0.22969364460803193,0.7945610338839166,0.7324185339935869,2.26622988133057,2.1656440085013116
0.8,0.8,0.8,0.6,0.5,0.8,2.0397405672874482,-1.063726809566094,-1.031748105830827,2.9166383417127926,2.7021990898722685
0.7,0.4,0.1,0.1,0.2,0.7,1.8510662898015078,-0.9312521457060198,-1.039609977389446,0.796417081276043,0.7008408736385116
0.9,0.6,0.8,1.0,0.9,0.6,0.8698405863872738,0.17079774230718164,0.13491854029403288,5.10920188819765,5.247794063273712
0.7,0.7,0.7,0.3,1.0,0.8,3.009623671232096,-1.7902264937863885,-2.1697828616347064,2.139523994945193,2.236923184956503
1.0,0.4,0.0,0.9,0.4,1.0,-0.3496520390600517,1.4078558885133752,1.2273264096555678,3.648048220697789,3.3279948006347855
0.4,0.2,0.0,0.7,0.4,0.2,-1.218771768318186,2.0098711306165766,1.786479747429654,1.5301981908649152,1.1985259524116578
1.0,0.5,0.5,1.0,0.1,0.0,-2.129253694034471,3.036879699114152,2.96865514051215,4.859161005847326,4.523039695076181
0.0,0.8,0.1,0.1,1.0,1.0,2.1493415789947394,-1.435895295964901,-1.3244692384065635,1.8852585385070109,1.5597371610639685
0.3,0.0,0.2,0.8,0.9,0.0,1.095610626955243,-0.07585839599758332,-0.10249752403095434,2.7372351646607482,2.434647955011649
0.5,0.2,0.9,0.7,0.8,0.2,-0.2534548985910632,1.3422545937850152,1.2387494571566464,2.9758500828073533,2.5223925336629893
0.3,0.2,0.2,0.9,0.8,0.3,0.3214698086954507,0.6512701282096691,0.5152359073610201,2.9382749237467305,2.897953513049359
0.0,1.0,0.1,0.7,0.8,0.5,0.26767708683037583,0.7560502649204743,0.6748793015349548,3.541920608470439,3.3259651142185365
0.0,0.7,1.0,0.4,0.2,0.8,0.6274828317868414,0.1233984610778999,0.12470669354309238,1.057338272810932,0.5583374710747769
0.3,0.2,0.3,0.1,0.7,0.3,1.7338217325058742,-0.5313390592309459,-0.7171287136822204,1.3711314033844515,1.0544162856301649
1.0,0.5,0.7,1.0,0.7,0.9,0.5372757952433417,0.7219133978216347,0.2927513088313143,5.677755354217833,5.52636069165552
0.4,0.6,0.3,0.4,0.8,0.3,1.3086132513171962,-0.33123289770135556,-0.321371407772352,2.342781085903975,2.0357313434441715
0.9,0.6,0.5,0.1,0.8,0.2,-0.05056169197043439,1.0347412941493435,0.8119751398070306,3.0980676980097903,2.9980228734103105
0.8,1.0,0.6,0.6,0.6,1.0,1.1631830787022732,-0.3555697802548863,-0.4416364881634535,4.147378596702301,3.8709816732068223
0.2,0.0,0.9,0.5,0.0,0.1,-0.42723987176650613,1.1112331312007862,1.053682796810314,1.109279314678368,0.867820736224945
0.5,0.1,0.3,0.2,0.5,0.6,1.8529128388186293,-0.6883434189567362,-0.7915398998423906,1.7572917949082085,1.3728662547562382
0.2,0.1,0.0,1.0,1.0,0.3,-0.3985658033394837,1.53651432020118,1.468058454935809,3.97688533359013,3.8881464365196323
0.6,0.1,1.0,0.6,0.7,0.4,-0.69923914263687,1.4793856077542034,1.3969071900827146,3.5610590964099003,3.340417981832201
0.3,0.8,0.2,1.0,0.3,0.8,1.8275103931572447,-1.0190182130154735,-0.9481385286309457,2.5904247910937275,2.190790035905622
0.0,0.3,0.8,0.8,0.2,1.0,0.2968783982524317,0.6805118361759654,0.6568120536084844,1.2391825860835033,0.8797523457385225
0.8,0.7,1.0,0.9,0.9,0.5,0.17128011265847032,0.6116054883627764,0.5759274383646661,4.3710084920892625,3.976810608931869
0.5,1.0,0.0,0.6,0.3,1.0,0.7723737141724702,0.040126089046832236,0.15109321483593507,2.5427519280288067,2.439192859995205
0.5,1.0,0.9,0.3,0.7,0.7,2.338812647448765,-1.4320423054390945,-1.5952225094516608,3.492148901025257,3.304621627080436
0.4,0.0,0.8,0.0,1.0,0.8,3.0827558226429477,-2.185194085751308,-2.299933013478869,1.8009620942386702,1.5590088799979183
0.8,0.0,0.7,0.0,0.8,0.8,2.6493380019163015,-1.5528628017040949,-1.8337988377268928,2.234006864504115,2.1254411643541413
0.1,0.6,0.5,0.7,0.3,0.5,-0.4166416458135913,1.5201809240057051,1.306359618049704,1.6202699502010587,1.5420886417684645
0.2,0.9,0.3,0.1,0.3,0.1,1.558248857902486,-0.4824234640780965,-0.5618676520432486,1.792136410725171,1.3034111154598624
0.3,0.3,0.5,0.4,0.2,0.0,0.10322317549957363,1.015156633782881,0.6852605677532242,0.2550254910469153,0.01236506352294298
1.0,1.0,0.2,0.9,0.5,1.0,0.6267644272440535,0.4743061822470609,0.24056734014742326,5.287232400550725,4.987745685606278
0.5,0.9,0.8,0.4,0.2,0.0,0.5722518568222192,0.6659768411915664,0.27388831506012284,2.5339625714655893,2.3577440224140114
0.0,0.1,1.0,0.4,0.8,0.6,0.4427838326158392,0.508360729041997,0.5911292065824052,2.5619623487305847,2.4582089731687446
0.8,0.6,0.4,0.3,0.2,0.7,1.6742624069929526,-0.6786990361699432,-0.6740298407523462,1.7061301501080905,1.515853448385262
0.4,1.0,0.3,0.9,0.0,0.2,-0.5491803147677445,1.3841823177561954,1.3588563007185972,3.4091431639299308,3.2359822401103635
0.3,0.0,0.1,0.1,0.9,0.6,2.557560217463914,-1.5842987905290555,-1.545369406868324,1.455707638462773,1.2087629838867333
0.2,0.1,0.5,0.3,0.4,1.0,1.2080495667550273,-0.47268555697940806,-0.5017627991455038,1.2813538762455514,0.7943301126181906
0.7,0.1,0.1,0.1,0.9,0.6,2.1630221053104655,-1.2751324602230565,-1.091440059985827,2.423326857101686,2.270294116172796
0.9,0.7,1.0,0.2,0.2,0.9,1.0585213255970327,0.19139286223728905,-0.23734531584891955,2.0504559523981065,1.6733354941711485
0.2,0.7,0.1,0.9,0.8,0.8,2.0373589781292982,-1.1528874897039723,-1.1969072909562888,2.6891731054593158,2.6918385282419273
0.2,0.8,0.2,0.9,0.2,0.9,1.6977253240089376,-0.7340584192295306,-0.7800966569531174,1.9979169369415435,2.049373616815823
0.6,0.9,0.6,0.7,1.0,0.0,0.059755349020536086,0.7359793988979333,0.5789722634021746,4.351972698731517,4.067796307479928
0.7,0.1,0.7,0.1,0.6,0.9,2.3518952316789,-1.4094334349564626,-1.5423189450977484,2.5576479164669905,2.3511753270391624
0.3,0.1,0.6,0.5,0.2,0.2,-0.9022015130619786,1.7012947998566461,1.6466391400322231,1.5075963166402302,1.3288998319715075
0.5,1.0,0.1,0.6,0.8,1.0,1.7945258625447973,-0.7524844641508587,-0.8076063549337233,3.6484099805038355,3.489905210019074
0.0,1.0,0.7,0.1,0.5,0.0,0.804878373409293,0.396208681257936,0.24505793180706478,2.716261341261782,2.504160719343252
0.4,1.0,0.0,0.8,0.7,0.9,1.704746028377746,-0.6555582597982852,-0.7135329820315468,3.9852763251639565,3.9655116681484577
0.0,1.0,0.2,0.7,0.6,0.3,-0.43000443446421477,1.0942425700679075,1.254898577309279,3.569433912960355,3.1758127397043494
0.1,0.9,0.8,0.0,0.7,0.3,1.1688325852793338,-0.29420310026932067,-0.5669702493105739,2.870088304293564,2.7050812286240635
0.4,0.6,0.0,0.2,0.5,0.9,2.1204744268725215,-1.2317147945749156,-1.2915780650301634,1.6730585730317098,1.4201291016411526
1.0,0.0,0.1,0.6,0.7,0.6,0.0509079456695825,0.8150745061346788,0.809609486457896,3.2725520879055545,2.983077859676219
0.7,0.4,1.0,1.0,0.9,0.4,-0.42539836341985204,1.3939486644486858,1.263090444478431,4.555744178145403,4.211003500102158
0.2,0.8,0.9,0.7,0.5,0.6,1.4501559472368264,-0.6814658332973527,-0.644449531058886,2.3967022343266104,2.0924036625612152
0.0,0.2,0.5,0.7,0.3,0.5,-1.3491648760347263,2.2534417975461856,2.1885864982179477,1.0535095572472815,0.9335070426745866
0.6,0.5,0.8,0.1,0.2,0.5,1.201634736829173,-0.1338952404629544,-0.34246308880891246,1.6116042260257906,1.5188568990552338
0.1,0.7,0.1,0.4,0.8,0.0,1.065909694445261,-0.08846486012747805,-0.3897341136851344,1.7542850083653427,1.6522400577602891
0.3,1.0,0.5,0.5,0.0,0.3,-0.46495559197597636,1.5836819345366928,1.3855717262197755,1.9998982023309688,1.9472276870414367
0.0,1.0,1.0,0.2,0.2,0.2,-0.7235763474245318,1.7462151352702318,1.597095529208394,2.3532679913798735,2.241134523611015
0.0,0.5,0.1,0.9,0.7,1.0,0.6639687427005397,0.40940582801251585,0.2592337441463403,3.6348662246119217,3.400935182697986
0.8,0.6,0.1,0.7,0.9,0.4,0.30060697174644463,0.9592527357886997,0.8210150511483751,3.6016968944570733,3.251360735933971
0.0,0.2,1.0,0.8,0.6,1.0,-0.006838061864643233,0.7982701076735397,0.97305039200547,2.920865619923886,2.596881111886946
0.5,0.5,0.5,0.5,0.5,0.0,-0.19378026296623907,1.1426127827160755,1.1655394968600707,2.427064959196275,2.1728472181023246
1.0,0.0,0.3,0.2,0.3,0.9,1.262754495856906,-0.3059656120574593,-0.23922884478106266,1.5912257227725182,1.4472504515581774
0.3,0.5,0.7,0.9,1.0,0.9,1.851191056424957,-0.9386440598926938,-1.0533395915205919,3.9848360012614368,3.7967987972454873
0.0,0.9,0.6,1.0,0.3,0.6,-0.8178086849486056,1.7056173561102679,1.7849537174197676,3.539873345547025,3.3444014728743894
0.7,0.0,0.4,0.0,0.8,0.9,2.748082213407673,-1.992246084853555,-1.9791315298614789,1.8378210543259879,1.5605936926494324
0.7,0.5,0.0,0.6,0.1,0.7,0.7384167601504867,0.5382523658050796,0.2328852260673298,2.2150018820659225,1.8835608077420765
0.1,0.8,0.4,0.7,0.1,0.7,0.7040334329967347,0.3864866036611596,0.18925635201124177,1.2853564576435623,0.7999625706793989
0.4,0.0,0.2,0.1,1.0,0.4,1.614729857975117,-0.662013502270305,-0.6972865586821692,1.377352968206465,1.275563890299653
0.3,0.9,0.0,0.4,0.8,0.8,2.725855238230452,-1.6261655059260047,-1.5963671013011087,3.067384533484952,2.78109321748217
0.0,0.1,0.2,0.0,0.0,0.7,1.1309281336006398,-0.21413349050256275,-0.33879511728025913,0.5753120624666175,0.4416052105442051
0.1,0.9,0.9,1.0,0.5,0.4,-0.28503035865715437,1.4388012256083549,1.2735146587497168,4.5081506414969565,4.378274399805296
1.0,0.1,0.1,0.7,0.6,0.7,-0.053532305492972776,1.0009947496582876,1.005504096974606,4.067418971449198,3.950720191668506
0.5,0.5,0.8,0.1,0.4,0.9,2.2212546262499164,-1.3596114074860894,-1.4784726145727332,1.871002219641937,1.6116838727235114
0.4,0.7,0.7,1.0,0.9,0.5,0.8411301270438347,0.2615690330463109,0.17927557547108747,3.6206601038940684,3.3834283713728968
0.5,0.5,0.7,1.0,0.2,0.2,-1.1628495332781743,2.5303207413785973,2.2133604696341895,3.5628050307112904,3.3828330369978707
0.7,0.6,0.6,0.7,0.6,0.5,0.59421302920488,0.5739144394358272,0.4854611862102846,3.247012675776358,2.9789643020490124
0.5,0.4,0.0,0.7,0.4,0.7,0.5122845262441663,0.5725772392946427,0.3563741718961182,1.476343728951129,1.2129438551873413
0.8,1.0,0.9,0.8,0.7,0.2,0.03305297489715846,1.0626355531955682,0.8257571559643754,5.1836385544714885,5.068526348601097
0.3,0.3,0.2,0.9,0.8,0.3,0.7164969954497873,0.46912219862564414,0.3391311710861549,2.419885413138336,2.0635761353675184
0.9,0.7,0.3,0.8,0.7,0.9,1.6469975709873899,-0.8255563197257996,-0.8267656648097517,3.5090013926145573,3.308746220542376
0.1,0.0,0.5,0.9,0.4,0.5,-0.9155231259035423,1.9031201154472082,1.7274025672766409,1.9114246504563082,1.5070349820234141
0.2,1.0,0.6,0.3,0.4,0.8,1.9525771992076213,-0.9397385359153938,-0.9948780923384544,2.042499918020358,2.027630629699404
0.3,0.6,0.3,0.0,0.1,1.0,2.9800285336337433,-2.2340754489671366,-2.1668411057512795,0.8891924206628744,0.7538778446667225
0.0,0.4,0.9,0.7,0.2,0.9,0.3746116100655622,0.640106095324603,0.7059795646781379,1.4055447073474685,1.083478914685221
0.9,0.0,0.8,0.1,0.9,0.4,0.5094099870898514,0.4393772358785315,0.19306325435109453,2.689944574489062,2.3164163159131865
0.3,0.1,0.9,0.6,1.0,0.9,2.1690714179102595,-1.2845702222540059,-1.349847001164488,2.995551175226661,2.6943242817409114
0.0,0.7,0.6,0.9,0.9,0.1,-0.7224947164144992,1.8554573553956617,1.8758211172273132,3.2073543024041515,2.940230430249225
0.4,0.9,0.9,0.4,0.7,0.9,2.536861209338124,-1.3961233583144386,-1.2561922180184695,3.4798996414983265,3.190581798197049
0.7,1.0,0.9,0.1,0.0,0.8,2.055863667695282,-1.0443316290380478,-1.2020195732466301,2.5191598706761753,2.4851448228583806
0.1,0.2,0.7,0.5,0.5,0.0,0.006903128298645277,1.0721722088412895,0.9209688156723662,1.4786265521315407,1.4483580313544517
0.4,0.6,0.5,0.2,0.1,1.0,1.305575343330933,-0.4820157726966182,-0.6673367666675751,0.9440394190141363,0.6796763478474438
0.3,0.3,0.9,0.4,0.9,1.0,2.5912886572264897,-1.7756240980542974,-1.8354470152710334,1.717268847975754,1.195109406687095
0.0,0.5,0.1,0.0,0.9,0.6,1.7128825758345656,-0.8673273857164958,-0.8701914765515221,2.047957558387966,1.718547343046411
0.5,0.8,0.7,0.1,0.1,0.1,0.2447537001839779,0.6017280472686339,0.653417800303256,1.0947153958309959,1.0167797252927486
0.7,0.5,1.0,0.1,0.4,0.5,0.8153703440310597,0.05373053823568762,-0.026926727034836093,2.365051610459728,2.12845148111182
0.8,0.8,0.4,0.3,1.0,0.0,1.488991116547829,-0.5907718540031919,-0.6072501272068859,2.711283062620497,2.6627401003844673
0.4,0.2,0.9,0.0,0.5,0.1,0.9804536624605313,-0.04142293860548622,-0.2553149335476257,1.64194264079161,1.4035599771392127
0.4,0.4,0.4,0.9,0.1,0.6,0.22738051866038506,0.8562271844632097,0.8947727550471392,1.6915344775742884,1.4533791077377392
1.0,0.6,0.2,0.6,0.3,0.6,0.3607195864876075,0.6098558230166993,0.4943307914124779,2.9959202097968403,2.393570395818701
0.3,0.1,0.4,1.0,0.5,0.5,0.12033803603943549,0.6534321329445961,0.674890192343532,3.4562516118309095,3.2351518950148597
0.6,0.4,0.3,0.8,0.2,0.2,-0.36571386736871986,1.622615441622155,1.2973106384563686,1.8722353474910585,1.3938448000361578
0.1,0.2,0.3,0.4,0.0,0.8,1.1774646692449022,-0.17919210305214314,-0.49303569742188225,0.2498550675508248,0.07349500902159413
0.9,0.4,0.8,0.5,0.5,1.0,1.2353215664726098,-0.18785650204324372,-0.33836886305449687,2.5418678089206943,2.598727976203144
0.6,0.0,0.1,0.5,0.6,0.5,0.6690248939534311,0.45567360789208566,0.23883364875753305,1.9717399572582222,1.7851339172831195
0.5,0.9,1.0,0.1,0.7,0.2,0.5069711498363147,0.5230689729527035,0.46200628310849223,3.500374186896215,3.412684679006409
0.0,0.5,0.4,0.4,0.3,0.9,0.7156744227183388,0.1261869871108714,-0.2220956299385752,1.2016423009555026,1.1171421989920491
0.2,0.5,0.0,0.0,0.7,0.0,2.0319738456523524,-0.8278510340018741,-0.7509292033320683,2.5283587260421125,1.9940189391813699
0.0,0.1,0.7,1.0,0.7,0.1,-1.2854968178228936,2.0888594080996685,1.944728301088669,4.160809422521492,4.00548665241531
0.4,0.7,0.8,0.1,0.0,0.3,0.5595345267653774,0.23620657562320582,0.22088397851012756,0.33960723319146907,0.3811990397728509
0.3,0.8,0.9,0.9,0.3,0.4,0.07940401496839176,1.0184197521503981,0.7784444003602073,2.555251065386545,2.3481010393077573
0.9,0.5,0.3,0.7,0.4,0.3,-0.601321445196824,1.7654700141650568,1.5659260532811214,3.0560763158175215,2.741728200841284
0.1,0.5,0.6,0.6,0.7,0.6,0.753926763882945,0.4637488711149242,0.19437816395751256,2.6823772253732194,2.4793600197817725
0.8,0.0,0.1,0.1,0.1,0.9,1.5432124494023112,-0.4804937310813235,-0.5246736449418161,1.051071795151742,1.0055284261516793
0.0,0.3,0.0,0.0,0.2,0.9,1.1584512534490579,-0.02416617393578352,-0.24160047219469138,-0.46794305872779474,-0.35390105935826477
0.2,0.4,0.0,0.2,0.4,0.9,2.1309017116541575,-1.1759162295382841,-1.3333187728362852,0.5152481064041364,0.19016703621983944
0.7,0.7,0.5,0.9,1.0,0.0,0.48524564311757595,0.49877204372174244,0.6129641935492522,3.9826381521222336,3.5036550019446895
0.8,0.0,0.5,0.8,0.3,0.6,-0.41646342046818086,1.2743868920291288,1.320244667525854,2.119836447521331,2.081747366177774
0.3,0.2,0.7,0.5,0.4,0.6,1.1792844734091321,-0.3172927101749584,-0.21475172787910746,1.1979809424761407,0.8998427269953958
0.2,0.3,0.4,0.2,0.0,0.5,0.9732930489464009,0.20459995132673253,0.11540725570544483,-0.3177752633799392,-0.5065707303657248
0.1,0.7,0.9,0.2,0.6,0.1,1.2535773529841026,-0.20673494879024004,-0.37262780462032224,1.6512941185574506,1.381028003833971
1.0,0.1,1.0,0.3,0.4,0.9,0.30382653776645063,0.9465284574620993,0.5259421582642703,3.165937634066162,2.884550118550204
0.2,0.2,0.8,0.9,0.3,0.3,-0.3831507296749423,1.4651594857729362,1.4381700866463167,2.1590399266307148,2.145677664356295
0.7,0.6,0.5,0.6,0.6,0.5,0.7375766879115007,0.3164305224202697,0.35266432950623283,2.999966971103287,2.6634720352660226
0.3,0.1,0.6,0.1,0.8,0.6,2.2101698121431097,-1.0566240708958055,-0.898792616448382,1.956118445938917,1.9183961799504161
0.8,0.7,0.2,1.0,0.3,0.2,-0.1364865482084369,1.369550555853792,1.3884612919675454,3.165367631637814,3.015846018034986
0.6,0.3,0.4,0.5,0.4,0.1,-0.08394530332487761,0.9736421616204481,0.9031440062989856,0.7518852553739305,0.6915166032964097
0.2,1.0,0.9,0.0,0.9,0.5,2.5215345165653096,-1.5493871127792862,-1.7569448223407373,3.2348493573207615,2.933536489534181
0.6,0.1,0.6,0.6,0.3,0.9,0.30437893489577866,0.7272891195575807,0.5670758192929541,1.8152342764560827,1.8652424956716245
0.2,0.7,0.9,0.3,0.9,0.9,3.3057987007635443,-2.2392612116038273,-2.1148830841899446,1.8051302806592249,1.4012608973930325
0.3,0.9,1.0,0.4,0.3,0.7,1.4682306586695106,-0.7124035071882487,-0.7047826570754293,2.4281052352011203,2.255842265475794
0.7,0.7,0.7,0.1,0.1,0.6,1.7652954368362286,-0.6788250997156674,-0.7060526543647442,0.7794069047114479,0.6107137305911517
0.5,0.1,1.0,0.5,1.0,0.2,-0.4722449928532337,1.3039758054595352,1.4419349427562365,3.1317061178272865,2.873888388036861
1.0,0.4,0.4,0.2,0.2,0.9,0.7629713172767922,0.04595399189926028,0.05380263370169891,1.486374167606787,1.2535752246583818
0.5,0.6,0.2,0.2,0.2,0.3,0.584887285816978,0.4134416296193895,0.4450692889776087,1.141126260088027,0.7712028249431412
0.9,0.2,0.6,0.5,0.9,0.1,-0.8936525599534222,1.659251062756391,1.7016494045924107,3.115174870660286,2.95106231276801
0.6,0.0,0.4,0.9,0.4,0.5,-0.1390688551035485,1.0270652221584866,0.9654496231231599,2.252928305515476,1.9162369209838612
1.0,0.1,0.4,0.5,0.8,0.3,-0.9672340457402273,2.106848289318952,1.868710186394247,3.7706377313467287,3.519325457939538
0.8,0.8,0.1,0.6,1.0,0.8,1.9652854248763627,-0.8581246641943236,-1.0772133183494248,3.1509127922136635,2.9827461909950896
0.4,0.6,0.5,0.6,0.0,0.1,-1.0099031899981472,2.07088002534302,1.811273124372864,1.7297739477506213,1.3848284677708291
0.6,0.7,0.1,0.7,0.6,0.0,0.7736819278676879,0.29306690649272693,0.44528877775958886,2.5552301970042417,2.5951237715769384
0.6,0.7,0.0,0.8,0.9,0.3,-0.14362555363265583,1.203890563856188,0.9634058423054064,2.938746620174809,2.785132316889481
0.5,1.0,0.9,0.4,0.0,0.2,-0.40896927047700143,1.219901652371823,1.1289995781815299,2.4883012798952726,2.4997918467906217
0.1,0.9,0.6,0.0,0.1,0.7,1.2731089821317143,-0.19991004040341473,-0.2003166320674421,1.3646015770323876,1.325922781514897
0.4,0.4,0.2,0.0,0.1,0.8,2.4489867067907602,-1.379798354130279,-1.6376927956510263,0.20071223203128072,0.006177539889144622
0.2,0.6,0.3,0.3,0.8,0.6,3.0143882486491616,-2.0951296705326956,-2.077271227119168,1.9261245004279945,1.6572262855706932
0.7,0.3,0.3,0.2,0.2,0.9,2.5168741935376535,-1.2737443131195259,-1.5848732658294322,0.4112298499150696,0.13717089925027875
0.2,1.0,0.4,0.8,0.9,0.6,1.7179115947899968,-0.6532229764194721,-0.9520104349958681,3.9389430438461974,3.5887364907541097
0.2,0.7,0.7,0.4,1.0,0.6,2.4775713100727383,-1.3627948588846734,-1.4453315646702742,1.7334520519118175,1.44216208903804
0.0,1.0,0.6,0.7,0.0,0.7,-0.5957243052890207,1.4384245592568332,1.165746892915417,2.5153858192048384,2.2801183925181374
0.3,0.4,0.0,0.6,0.6,0.0,0.6663761723804768,0.324924325537481,0.2199689471765332,1.9693468905545217,1.962269882926022
0.8,1.0,0.1,0.8,0.0,0.3,-1.1361406455392378,2.1129274001184135,2.0871469673186516,3.660079867024237,3.407448486684898
1.0,0.4,0.2,0.4,1.0,0.8,1.6114178578215963,-0.6033126566214676,-0.771783193887688,2.7291652733183414,2.6386918823249723
0.5,0.0,1.0,0.9,0.1,0.1,-1.643048061234142,2.6332787986677424,2.6773551622412897,2.6255492829404616,2.4029522614813064
0.3,0.9,0.0,1.0,0.3,0.9,1.0916986475612478,0.024469351589609348,-0.12646781393093984,3.53802802935095,3.4450596257168664
0.0,1.0,0.9,0.2,0.7,0.5,1.2096925742115876,-0.2783969493076778,-0.2878505704121188,3.1935153866293544,3.0891982157510576
0.4,0.3,0.2,0.0,0.7,0.1,1.6029480360663164,-0.8802609882171137,-0.9509382892453937,1.0303409850434664,0.8949794795890359
0.0,0.0,0.1,0.2,0.2,0.5,-0.11792195816051061,1.1571758926882763,1.0982538044058816,0.2715984142142309,-0.02987938543229035
0.9,1.0,0.5,0.3,0.0,0.7,0.23423194922275573,0.843807405688919,0.5823583380136615,2.831743534620624,2.5984810593679275
0.8,0.6,0.0,0.5,0.7,0.2,0.10752201365991211,0.8661722286465044,0.7182946084365354,3.2633983068568257,3.0529480901891333
0.8,0.8,0.5,0.6,0.6,0.2,-0.268716856358285,1.3076761965425836,1.0145548567374407,2.9157571973566503,2.664296052591774
0.7,0.9,0.6,0.4,0.5,1.0,1.6242313714332761,-0.5412683253140701,-0.5653951167297687,2.9246839036206485,2.864160576807405
1.0,0.5,0.4,1.0,0.9,0.9,0.5926262344568359,0.5466414687468235,0.5518801728490376,5.560672111845108,5.252389771926213
0.2,0.9,0.2,1.0,0.7,0.5,1.1294995743354996,-0.29294815335668334,-0.34537652320050044,4.58358139558023,4.292694111324622
0.1,0.4,0.5,0.8,0.9,0.6,0.15300673044128416,0.6511680487661667,0.33972911720087146,2.497526864242438,2.1376050000601268
0.7,0.1,0.8,0.1,0.4,0.3,0.6287642757944318,0.38471669018910126,0.24285167606182526,1.9462951333047098,1.7066137657017104
0.6,0.7,0.8,1.0,0.3,0.0,0.03972609228367448,0.9498522391427278,0.6179966212636718,3.2180545467611803,3.048584065728917
0.0,0.5,0.0,0.2,0.9,0.4,0.12478114776822088,0.6443712069323955,0.7342809023099992,2.1410298148841393,2.0210767255630455
0.7,0.6,0.2,0.7,0.5,0.2,0.3678524967679576,0.4481450543572472,0.36751601346180696,2.7737265570681293,2.7443158414668116
0.3,0.3,0.5,0.7,0.6,0.7,1.3386389601922604,-0.27952621993766946,-0.5656081319323607,1.4427577047547766,1.0691323626331701
0.8,0.1,0.7,0.1,0.5,0.7,1.904803726204385,-0.9785676016684408,-0.8407440658474219,2.5493366659770356,2.110572545149522
0.3,0.6,1.0,0.4,1.0,0.1,1.095342687796778,-0.1403192739190594,-0.014505030488858872,3.182449168768379,2.8526352799173536
0.9,0.5,0.1,0.2,0.5,0.2,-0.12249822435811664,1.0793697221349836,1.0315647773027259,2.769619745806866,2.688218488729047
0.5,0.0,0.3,0.6,0.5,0.2,-0.07104411878541717,0.9233751124575879,0.9363906592858178,1.6059190855640018,1.4374983178688772
0.0,0.6,0.2,0.3,1.0,1.0,2.359803203137955,-1.3246830686768984,-1.2931844943931678,2.14809606763161,1.985983962551785
0.1,0.6,0.3,0.3,1.0,1.0,2.6415255983864543,-1.8418140166332486,-1.944979318686281,1.9645047127507458,1.8261883359602575
0.5,0.6,0.6,0.4,1.0,0.2,0.19700597583198842,0.7907000746764237,0.6811433201078283,2.7248723392103673,2.4172080259569375
0.3,0.3,0.5,0.7,0.5,0.4,-0.22497825025269685,1.297565119134055,1.1201295030892062,0.9436865784223697,0.8141349062552561
0.8,0.9,0.8,0.4,0.8,0.7,2.3580412849528303,-1.5915838592601645,-1.582423977226828,3.9405163565478336,3.860341313592518
0.2,0.5,0.0,0.2,1.0,0.3,1.0159381192599413,0.06182123329792771,-0.2938560222151999,2.3494973939131123,2.1514100144754464
0.2,0.6,0.2,0.5,0.3,0.7,2.113560519359113,-1.1811153644458683,-1.2040971216455945,1.4337975708094899,0.9729634853803458
0.4,0.5,0.4,0.4,0.9,0.3,0.6128750290837308,0.2014360548706055,0.3351129684291875,2.401243226476848,2.3645362966618215
0.0,0.5,0.1,0.8,0.6,0.5,-0.44604053515321196,1.469358018588308,1.2104904167244186,3.062098527660425,2.8729385947096584
1.0,0.2,0.2,0.1,0.2,0.8,1.2112684325351464,-0.259835767181882,-0.38258606731214806,1.779521001500097,1.4292919761137477
0.2,1.0,0.9,0.0,0.5,0.0,2.0918690958484816,-1.0843763388842809,-1.1787226258373602,2.9454512737504435,2.846350523247977
0.0,0.7,0.8,0.2,0.2,0.2,0.20575441587453502,0.9457012373965733,0.8728745754266588,0.58939618058165,0.21650729091252027
0.4,0.9,0.2,0.2,1.0,0.6,2.850573460870896,-1.9199097516609225,-2.021033876755,2.8870533755039807,2.6375525893720666
0.5,0.9,0.1,0.4,0.8,1.0,1.9880540742810102,-0.9520107883220236,-0.8730824372449237,3.1322032446155457,2.9785882691557997
0.8,0.7,0.4,1.0,0.5,0.1,-0.2416087969097773,1.2145304875567247,1.0122563454464628,3.4870362093256433,3.4052250766845846
0.4,0.3,0.0,0.4,0.3,0.1,-0.45076899424407424,1.2255144355199914,1.1263488366751333,0.4083723939192135,0.18011177318522956
0.9,0.0,0.5,0.3,0.6,0.9,0.9574819650136349,0.1921636288776237,-0.03235674141927871,2.3638164290716586,1.896897334543956
0.9,0.1,0.6,0.1,0.8,0.6,0.5987058737281763,0.28913481127586255,0.037737726019419875,3.0057738167093957,2.80755990565644
0.9,0.0,0.3,0.1,0.2,0.8,1.5108422284009508,-0.7394591357672227,-0.3276637678816387,1.2254627761918613,1.0985092169997361
0.3,1.0,0.4,0.4,0.0,0.3,0.2414230874515362,0.9002100137024904,0.6787301835899658,1.7794101129113404,1.7195087701951026
0.9,0.8,0.9,0.1,0.9,0.4,0.9986546471383088,0.04000102135310846,-0.02301930879952838,3.100855937370394,3.011489898489872
1.0,0.3,0.1,0.9,0.9,1.0,0.42062475433766444,0.6784352040463306,0.7299768334275408,3.793368585248418,3.7036493582682195
0.9,0.5,0.2,0.5,0.3,0.0,-0.2008992020094091,1.148423734286801,0.9566131979248002,2.591912115456851,2.68692062867402
0.5,0.5,0.3,0.7,0.2,0.8,1.2979600162779668,-0.050078113589973855,-0.31480961719275335,2.044233271609482,1.7865213274124796
0.1,0.3,0.7,0.5,0.2,0.2,-0.8189097864873508,1.689869738975482,1.5672379513326455,0.3247230228688951,0.0827023406065341
0.5,0.7,0.6,1.0,0.5,0.6,0.2705027840430209,0.8232167613615726,0.551785935641699,3.0711859473966996,2.7754530572776597
0.8,0.9,0.8,1.0,1.0,0.4,0.26975039644311055,0.8695012676667491,0.58488465981397,5.894539842749986,5.762880762021897
0.3,0.1,1.0,0.9,0.9,1.0,1.1291574174869263,-0.30470327164413036,-0.25922331736080295,4.095363281926276,3.8547893698365083
0.1,1.0,0.7,0.7,0.3,0.9,1.0686621808665158,-0.12145934266763864,-0.1376193546789051,2.5877757810623034,2.6470884128406063
0.7,0.9,0.2,0.8,0.1,0.6,0.9454571063658638,0.08585479513479694,0.010355167829382304,3.156129272142485,3.0976489642790517
0.8,0.0,0.0,0.9,0.2,0.9,-0.0005555549624088052,0.7137253068368027,0.6133488043539799,2.6595311193415205,2.273779033135883
0.5,0.6,0.9,0.1,0.3,0.0,1.0426293024378415,0.14795533221566312,-0.037693112907719484,1.789590154262891,1.7332371790541627
0.3,0.2,0.3,0.8,1.0,0.3,0.4993156647234073,0.37243268219759046,0.17587932790614608,2.6400858444493887,2.604671827931727
0.5,0.0,0.5,0.1,0.1,0.2,-0.7065154295369748,1.6276615162532913,1.705551845542231,0.4889914462310146,0.32014756734391836
0.5,0.5,0.0,0.8,0.9,0.5,0.09142379018229822,0.8502372083104942,0.7397073135421771,3.726894481042585,3.4170664444800014
0.1,0.9,0.8,0.1,1.0,1.0,2.7889889817831723,-1.9592844580319628,-1.9981637919511706,3.104660079498661,2.9051911201164744
0.6,0.7,0.2,0.9,0.3,0.8,1.3075312301193802,-0.5642787930539503,-0.670599504831595,2.089473109818378,1.9320077911931233
0.0,0.5,0.2,0.5,1.0,0.4,0.27283605040570463,0.6626079148160987,0.5878807505679278,2.4971439739410313,2.23753051306084
0.4,0.0,0.7,0.3,0.6,0.8,2.2440513537709337,-1.1104183877449876,-1.1405866569824905,1.589391890677149,1.1547454334691327
0.1,0.3,0.0,0.2,0.4,0.8,1.5577272797934811,-0.5758802356020444,-0.6083204492632693,-0.1828597359119789,-0.40816805991943217
1.0,0.6,0.4,0.4,0.2,0.7,0.5529276619025126,0.49535461454614815,0.35945377013066865,2.4272155918983116,2.233303876706804
0.0,1.0,0.3,0.9,0.5,0.9,1.3261747210692691,-0.2517500359495196,-0.43180747678734077,3.816904797721416,3.616413747685741
0.4,1.0,0.9,0.3,0.7,0.1,1.1819506736717833,-0.3103953808784521,-0.1750979140749761,3.4499381676976544,3.3747334876592743
0.1,0.2,0.4,0.1,0.6,0.9,2.259672607106555,-1.2083881397289975,-1.3971747693287149,1.0164088839149708,1.0068730030926685
0.6,0.6,0.7,0.0,1.0,0.5,2.1163115725802366,-1.1022806347205245,-1.4090355720357581,2.6240470456315492,2.357198025257445
0.8,0.7,1.0,0.5,0.5,0.8,1.4931635195485007,-0.4989079572337337,-0.3679456215979481,2.3619357957723603,2.275880262803852
0.2,0.5,0.4,0.2,0.5,0.3,0.9454048475682524,0.07023131515229725,-0.01589551325146544,1.4844370961114468,1.454612890081626
0.5,0.3,0.3,0.3,0.6,0.3,0.864603188458872,0.34542902038404266,0.01959775406252398,0.9545459105878202,0.6889458278697176
0.6,0.2,0.0,0.5,0.4,0.7,0.6521983940781038,0.36359988782100905,-0.010149879000478909,1.410007915504898,1.1319615231551785
0.2,1.0,0.8,0.4,0.6,0.1,1.4864486360827391,-0.5540415413623462,-0.6254192067644152,3.351646904608448,3.1106624705469836
0.0,0.2,0.1,0.4,0.1,0.6,-0.14630453537470875,1.0828177140183637,0.9799216210468447,0.34789148257190927,0.151439947990057
0.2,0.6,0.7,0.7,0.8,0.3,0.4772042160273069,0.5788865559498049,0.47029014636028427,3.1961655916863783,2.5465112372027017
0.9,0.6,0.8,0.9,0.2,0.2,-1.0754851554830167,2.0676703564837857,2.0871507123387008,3.910068176824564,3.5890695194779663
0.0,1.0,1.0,0.4,0.6,0.7,0.884001354643347,0.048550147764460275,-0.12669031552518112,3.443036687119085,3.089713744228399
0.1,0.3,0.8,0.6,0.6,0.4,0.13697596410381518,0.8269891890387703,0.7405670149710082,1.5817469295526418,1.216711059139992
0.1,0.4,0.2,0.9,0.8,0.7,1.7077465674776209,-0.5224670868785279,-0.5615251207346182,2.600298756574519,2.577143997225832
0.6,0.7,0.8,0.2,0.2,0.2,0.8688034125312112,0.1398778366752662,0.1171862946780809,0.9955781968274268,0.7844057230234651
0.5,0.5,0.6,0.6,0.7,0.7,0.9687220881857409,0.10065872195638542,0.009004473524828582,3.027500574707523,2.7683507939355887
0.6,0.9,1.0,0.3,0.2,0.3,-0.5602941325878172,1.4823085866202066,1.3143038477525406,2.6264933961132777,2.4534541133497836
0.6,0.3,0.8,0.0,0.0,0.5,0.7882270709412327,-0.021497952319083635,-0.08717215493426242,0.4335917089393765,0.13982089927614982
0.6,0.7,0.2,0.4,0.0,0.6,1.4587413401001423,-0.33578572524038114,-0.3447836561235289,0.5623763612603557,0.5259205986932909
0.3,0.1,0.5,0.4,0.9,0.2,0.21319419162095704,0.8280697186562515,0.6206163383670287,2.4305771257444184,1.9963223106431354
1.0,1.0,0.8,0.0,0.1,0.3,-0.19777669444361987,1.0537177620609082,0.8631581580171257,3.3779647639469386,3.315856951462691
0.8,0.8,0.0,0.7,1.0,1.0,1.496192599760794,-0.5829432867316449,-0.6206105509023834,3.632969204708305,3.166157178240031
0.5,1.0,0.0,0.2,0.7,0.0,1.2696207271774262,-0.02120912936295359,-0.09088644685390132,3.2727946229660176,3.1415272952819295
0.7,0.0,0.5,0.1,0.2,0.4,0.03125822914398694,0.9458720087363568,0.8705504170010512,0.7477001506360529,0.48061394919149625
0.9,0.5,0.2,0.7,0.8,0.7,1.4396061425675613,-0.31528956013592446,-0.457848831105577,4.042185571607798,3.828727966729041
0.4,0.7,1.0,0.4,0.0,0.1,-0.46789592809554037,1.3626878402851395,1.173111543744377,1.181104140445967,0.9701116542502466
0.2,0.9,0.7,0.5,0.9,0.7,2.3364049642987474,-1.341015052036837,-1.4400135085214298,3.137820784620494,3.1004378193273743
1.0,0.6,0.5,1.0,0.9,0.9,0.2233377409613609,0.7011954052443771,0.635076602020092,5.379662433417841,5.188305636239235
0.6,0.8,0.5,0.4,0.3,0.0,0.16786688412056114,0.7749572463098382,0.8745846141697704,1.3253494870001163,1.1705681242574826
0.8,0.3,0.4,0.0,0.6,0.2,0.9540323986384609,0.10238399039192385,-0.05172353008888632,1.2787776935420945,1.2438066466330633
0.2,0.2,0.4,0.3,0.5,0.0,1.144208278790622,-0.0654362042447406,-0.08305791360515885,1.3507340507476857,0.9611252786689303
0.6,0.6,0.0,0.5,0.7,0.7,1.7088288724991607,-0.7132900701772157,-1.0571958412818654,2.5883153033952584,2.6332763958127514
0.6,0.5,0.9,0.4,0.1,0.5,0.46459615894814876,0.70292609374156,0.3122122005252494,2.0830524427421104,1.8626562457486118
0.9,0.4,0.8,0.8,0.4,0.9,0.7528283279046394,0.4467958737160248,0.2499266192094311,2.9943977366823638,2.809619623472969
0.6,0.7,0.5,0.7,0.0,1.0,0.31776065715266694,0.8185274397283959,0.6290238426018709,1.4586292007288,1.0560995083423248
0.7,1.0,0.8,0.6,0.4,0.9,2.033601554691487,-0.8689035233137938,-1.1630080089800747,3.29146951875787,3.194417658115635
0.9,0.4,0.5,0.5,0.9,0.4,-0.44042212934174985,1.7607167720152526,1.4089646716294257,2.5237871225156776,2.6836760416246195
0.7,0.8,0.8,0.7,0.5,0.3,0.38727254274542056,0.8608965544983697,0.5556006726184144,2.87435897162387,2.64465345055235
0.4,0.4,0.7,0.1,0.0,0.2,0.030034643225977417,0.9715516751778007,0.9469667233435225,0.48584188621698365,0.3453416284262574
0.3,0.5,0.0,0.0,0.5,0.7,2.7009225978443756,-1.7389542592343623,-1.6587147242809792,1.579167607607874,1.681420159418446
0.2,0.6,0.0,0.3,0.9,1.0,2.568470294812993,-1.6337573336945228,-1.7470818827317167,2.20410885464087,2.051320722166012
0.4,0.6,0.5,0.7,0.3,0.4,-0.6788691546583334,1.6027005287357252,1.6719076424032,1.8171286534081357,1.5673820765399076
1.0,0.3,0.1,0.1,0.1,1.0,0.6366489853764562,0.26065013048835256,0.15689492939349636,1.1356087833475093,0.9358441332949273
0.1,0.0,0.6,0.7,1.0,0.6,0.45251145174627116,0.5799662259631023,0.5015201977915785,2.3355533474665484,2.0484628979057855
0.4,0.7,1.0,0.3,0.2,0.4,-0.003266985462830989,1.0433773815182918,0.7015118459897638,0.892090439109408,0.6783645380254616
0.9,1.0,0.8,0.9,0.5,0.1,-0.6323642815869533,1.4312541604185278,1.6176642630350744,5.332318154635294,5.143748184878115
1.0,0.8,0.1,0.0,0.9,1.0,1.9851268929458454,-1.0464512443831233,-1.1991827524722163,3.081669103647958,2.861161877757746
0.8,1.0,0.4,0.8,0.0,0.6,0.3302951476582078,0.9427870618555136,0.8243187714138102,3.50531126335195,3.1377903325392493
0.4,0.6,0.0,0.8,1.0,0.5,0.630439037519471,0.2811197926324863,0.4262752815656125,3.3161264528450536,2.98390647499399
0.3,0.8,0.9,1.0,0.7,0.7,1.8139332582508099,-0.9575305387872858,-1.035618964578703,4.21823580179262,3.7698239270036566
0.8,0.9,0.2,0.5,0.4,0.9,1.9828848067587026,-0.8994953259910277,-1.055006991718083,2.876512420993083,2.8567876278298674
1.0,0.8,0.6,0.9,0.5,0.4,-1.568471579638127,2.6047086009096043,2.624259968381641,4.042583761188362,3.9747361100445397
0.8,1.0,0.5,0.1,0.0,0.7,1.1728378355830191,-0.07770798911422207,-0.24887330707387298,2.4870744530070934,2.262959574729264
0.0,0.4,0.0,0.5,0.4,0.7,0.33284475384115286,0.6264417055306384,0.43968261639069717,0.5707370040442432,0.43798139246252665
0.1,0.1,0.0,0.3,1.0,0.1,0.2859435914868228,0.7958955717423986,0.7464322323766537,2.2935578872891718,2.0597914670435102
0.0,0.3,0.1,0.6,0.1,0.9,0.20283382719519932,0.9382001924992468,0.7835754800806831,0.20606346988377486,-0.14676814616128944
0.5,0.5,0.6,0.4,0.9,0.2,-0.1657257337841763,1.0747706643710115,0.9003960619785494,2.7871849260224835,2.6721923828116405
0.2,0.8,0.1,0.1,0.2,0.5,1.4328749885406624,-0.5668559180547919,-0.587184431095386,0.561127176606855,0.27655440357767747
1.0,0.1,0.5,0.7,0.3,0.0,-1.9589211991836224,3.000287141402187,2.75424959409183,3.3775765024645286,3.099089487980353
0.6,0.1,0.6,0.1,0.7,0.1,0.30690369025953407,0.5918579628690139,0.46132834788866733,2.595142318018506,2.0962346406328094
0.7,0.5,0.6,1.0,0.8,0.1,-0.31157599768796435,1.3276179664619414,1.1223473865429112,4.8494957474593,4.732805283108342
0.4,1.0,0.4,1.0,0.2,0.7,0.7686295546597458,-0.030999914547812868,0.054732104664796104,3.9262972802651177,3.4970847800640796
0.3,0.8,0.0,0.8,0.7,0.8,1.8967762373875678,-1.0868491129655267,-0.995367328285586,3.0115033828892104,2.5939431154494077
0.2,0.9,0.9,0.6,0.7,0.6,1.8314158622418537,-1.114109482449083,-0.9402989519790683,3.5769059463059576,3.4637738805948746
0.2,0.4,0.7,0.3,1.0,0.7,2.520871866602958,-1.867141747973644,-1.9109535654706793,1.5818076522804025,1.4071972210372736
0.2,0.8,0.1,0.9,0.0,0.4,-0.5324398639816488,1.6093312395182098,1.2898517890689094,2.103001328455759,1.6848732438557361
0.4,0.7,0.7,0.3,0.9,0.6,2.418377724651686,-1.2753420602087637,-1.243424451668948,1.6534098268156567,1.548131942744318
0.5,0.7,0.1,0.1,0.0,0.7,1.6609563131633387,-0.7122472226379393,-0.8050223006936186,0.3369949574458623,0.2055650360326177
0.2,0.5,0.7,0.3,0.0,0.9,1.61471091628956,-0.5701291866574272,-0.7816707266439098,1.205729943399908,0.9518463566856901
0.8,0.1,0.2,0.4,0.2,0.3,-0.44100752034326307,1.1737723466056762,1.0679351692914396,1.858585450783466,1.777428305459125
0.1,0.8,0.7,0.4,0.0,0.9,1.1084625327187256,0.14370779618042462,-0.11508477704174172,0.8792822224504663,0.6719428362454178
0.7,0.3,0.9,0.2,0.6,0.2,0.9147337872974691,0.043904627983140446,0.09467673184214709,1.968485360503101,1.4484857514033485
0.6,0.1,0.4,0.3,1.0,0.3,0.6685867719536545,0.7432919658867104,0.6221083899023059,2.507435302929123,2.4482037084405146
0.4,0.0,0.6,0.8,0.9,0.7,0.9806739688985439,0.13588271812781422,-0.004177885703304147,2.655498781009539,2.4230628273450554
0.0,0.8,0.8,0.6,0.9,1.0,1.6853209016521287,-0.4304217840404394,-0.7717758509833363,2.7285052880607217,2.3532308655111
0.1,0.9,0.5,0.3,0.8,0.8,1.9763392685570538,-0.967523958064592,-0.936923785907166,2.720819002823343,2.3873381051993503
0.3,1.0,1.0,1.0,0.7,0.9,1.5940897626657387,-0.5279795523614274,-0.4605242556669782,5.482547233608277,5.13157675021393
0.5,0.5,0.5,0.8,0.2,0.1,-1.4442518423352988,2.3741074981721697,2.1904203607282366,2.72471402584084,2.4301015813967464
0.7,0.1,0.0,1.0,0.0,0.9,-0.14415864086233138,1.179234698855007,0.9285292262634192,3.1844919735140627,3.222417127825338
1.0,0.5,0.5,0.1,1.0,0.6,0.9905871525541059,-0.039274104233586515,0.10961582695623459,3.4771907009987206,3.2988131550851123
0.4,0.2,0.0,0.6,0.1,0.2,-1.1159295362412582,2.09953945814232,2.1131523233228355,1.1010169781833692,0.9704954968635017
0.4,0.3,0.8,0.1,0.2,0.9,2.2760005596493063,-1.3087685810342733,-1.4804457492595207,0.2744611869777689,-0.18282753431991555
1.0,0.5,0.8,0.2,1.0,1.0,1.9852149925204303,-0.8177611778863958,-1.014413531675121,4.190488831455603,3.872569242533494
0.2,0.1,0.9,0.0,0.3,1.0,2.3242046377815204,-1.1050517585563424,-1.4571135865477314,1.2648097820183224,1.0000468135635576
0.3,0.8,0.6,0.4,0.6,0.8,2.2490703710287017,-1.3530138230019713,-1.0774828319736007,1.7465761675646692,1.4888762692988418
0.2,0.5,0.7,0.6,0.1,1.0,1.2594525786227966,-0.2517165451107472,-0.2861357771672827,1.852817067928429,1.7311542616319249
0.2,0.7,0.3,0.8,0.4,0.7,2.166492846010609,-1.29181537319818,-1.225746266257408,1.3349068491689648,1.2889030002446777
0.5,0.7,0.6,0.5,0.8,0.5,0.6393505902823579,0.36842887095364796,0.16080900781164978,1.9531059757049123,1.7997134539186528
0.2,0.3,0.5,0.6,1.0,0.3,0.09585089098128777,0.9239225635569309,1.1113173195902615,1.280383291638495,1.2123721236194331
0.2,0.1,0.7,0.7,0.3,1.0,1.0039950441264114,-0.05718424352954646,-0.11575745931223633,2.1027554123786447,1.6525999650139689
0.5,0.1,0.3,0.4,0.6,0.3,0.3334758423240469,0.8494824626020978,0.2926435844850132,2.1543289612173724,1.7227629790181893
0.8,0.2,0.2,0.1,0.0,0.5,0.7763417499259542,0.25166612305381686,0.0693524651012532,0.9073502208434909,0.6682123941227672
0.6,0.7,1.0,0.3,0.0,0.2,-0.22010455431859643,1.6268311352863765,1.3497476867023774,1.2977755358988299,1.1117336242116205
0.0,1.0,0.3,1.0,0.0,1.0,0.17165023477423283,0.790530387003948,0.7627870809171142,3.710571705544681,3.353016568859288
0.1,0.4,0.0,0.4,0.8,0.9,1.9355028652410893,-0.7444054373790632,-0.912410317632059,1.5864657946885776,1.4587184591674676
0.3,0.4,1.0,0.0,0.0,0.7,1.6756292948945755,-0.791981582079672,-0.7480880646526277,0.7832959339126571,0.4766362801231291
0.2,0.7,0.9,0.7,0.8,0.7,2.4340154611953975,-1.3101625706857467,-1.3859418933102425,2.59920340643985,2.341944803109654
0.9,0.0,0.6,0.5,0.6,1.0,0.5626741878283099,0.4725825557239367,0.47263436968656064,2.6714267124831195,2.6295541630229775
0.8,0.7,1.0,0.7,0.9,0.3,-0.16437005902819013,1.0606236659112538,1.1176995801818228,3.4839849733784676,3.363435175804303
1.0,0.0,0.2,0.0,1.0,1.0,2.2598248451612375,-1.3504964679224911,-1.26367254827939,2.721417818271598,2.4843441097710315
0.5,0.3,0.1,0.8,0.2,0.0,-0.6812722043015995,1.8044619829810737,1.5198505563832119,1.2029305991079229,1.154773362684788
0.1,0.5,0.3,1.0,0.2,0.3,-0.7682323372590721,1.7903844786417586,1.485227534703376,2.811575851559234,2.8153719048055503
0.4,0.1,0.2,0.4,0.6,0.1,0.7508624456484394,0.08177022630446171,0.14736436894386662,2.156022211088627,2.0035273899230748
0.2,0.6,0.4,0.4,0.3,0.6,1.5026350891116267,-0.5280466923351879,-0.7387023361666254,1.020732427555195,0.7968866605147453
0.4,0.2,0.4,1.0,1.0,1.0,1.2396727625540145,-0.27099062441480026,-0.3387466905218832,3.6630204015643932,3.3695513494700347
0.8,1.0,0.6,0.0,0.6,0.3,0.583271370283125,0.36800922566500366,0.3136081778484511,3.426224605792542,3.268977105754009
0.8,0.4,0.8,0.2,0.9,0.1,1.2091930401185293,-0.3907004701923139,-0.4637283198346788,2.6295659988534354,2.5297461263012906
0.5,0.4,0.2,0.9,0.7,0.5,0.6827670662343571,0.19589227509555163,0.42835805829262263,2.985842545095122,2.6198213478630743
0.6,0.6,0.1,0.4,0.5,0.1,0.4380428135816538,0.372398200155739,0.4286410859927658,2.029706031719817,2.005234799391698
0.5,0.5,0.1,1.0,1.0,0.2,-0.3866215318983155,1.6332804868423012,1.514928062606363,4.661303545640415,4.2972264716489095
0.0,0.7,0.4,0.6,0.4,0.9,1.1272119487787875,-0.1274362972175203,-0.18162519356848517,0.784609801838019,0.6067730095852155
0.5,0.3,0.0,0.1,0.8,0.0,0.9752529621595666,-0.1154794704944804,-0.16043238348478528,1.2207295716179292,1.1293453181627235
0.1,0.1,0.3,0.3,0.4,0.2,0.17908807951817893,0.8290129891829008,0.7403443918286242,1.1497860199667194,1.0342146143107127
0.7,0.3,0.7,0.3,0.7,0.9,2.3495109396365006,-1.6104799514227248,-1.4297123461128463,1.6746527405924692,1.272812449306985
0.3,0.6,0.4,0.7,0.7,0.3,0.6586317347915569,0.28528095720712615,0.36014138681778585,2.8064383625895184,2.7530973468542284
0.4,0.9,0.7,0.3,0.1,0.2,0.17131000579966252,0.8548917007530124,1.0690943750605975,1.9301929099900146,1.7136804730852437
0.1,0.7,0.6,0.6,0.9,0.6,0.9310915077368369,0.18938852145370155,-0.09259281990284493,1.89759679593263,1.7755328563593828
0.1,1.0,0.1,1.0,1.0,1.0,1.3513416968509746,-0.40853040372951965,-0.35687177001604636,4.7060937878032085,4.597383844261025
0.1,0.0,0.0,0.1,0.6,0.2,0.24328667385297384,0.7306813621445778,0.5838824805969305,1.0174565710816792,1.073981021064196
0.7,0.3,0.5,0.1,0.7,0.1,0.7512832601543198,0.13928834541023905,0.008905714156117774,1.5192874914500443,1.3152697397475406
0.4,0.6,0.3,0.4,0.1,1.0,1.9885437334746483,-1.058412516109062,-1.0455814475362641,0.9457919806913982,0.7511006325575953
0.2,0.6,0.0,0.4,0.8,0.2,0.9741706591977226,0.2417897198990484,-0.006975720651559519,2.1894608281279018,2.051594336127848
0.1,0.2,0.6,0.6,0.9,0.1,-0.41814417901308765,1.5634238964398346,1.3711114378420166,2.2490180659686634,2.0374332325921323
0.6,0.2,0.6,0.4,0.2,0.8,0.6869767466039566,0.28860109531069117,0.24095899310282412,1.2120928017492856,0.7200604024198947
0.3,0.1,0.9,0.3,0.8,0.4,1.1763029117458306,-0.12074945958246962,-0.29232395438462033,2.639596126447616,2.417027813803328
0.1,0.3,0.6,0.0,0.3,0.0,0.4048651304346457,0.7192807853380552,0.5083925644401556,0.1943708292342603,-0.14081884560930935
0.4,0.9,0.4,1.0,1.0,0.6,1.120797144492915,-0.2976220213869829,-0.3486976045998338,4.757670235959652,4.497310606495249
0.1,0.7,0.1,1.0,0.4,0.4,-0.5786698158219848,1.5322701730512713,1.1831946847753763,2.4424133041563048,2.2365611553261244
0.0,0.4,0.7,0.4,0.8,0.8,1.4749099551874039,-0.474004042937704,-0.6035475965745095,1.541158210557036,1.3579313598542742
0.3,0.8,0.7,0.5,0.8,1.0,2.523279350729773,-1.4538242428872588,-1.739515136109875,2.181711321878371,2.0130715061993376
0.1,0.6,0.6,0.8,0.8,0.0,-0.27688469412521255,1.2118075315597385,0.9656186069526156,3.6872759592280793,3.047736814922217
0.8,0.3,0.6,0.6,0.7,0.9,0.9600192252216315,-0.29203248901822726,-0.16797554235884976,2.1991430599598383,2.1593308278806904
0.1,0.2,0.9,0.8,0.5,0.1,-0.558892670446671,1.6269489860296957,1.5867772151400314,2.752863046429871,2.49232812404324
0.6,0.1,0.0,0.9,0.6,0.2,-0.9716352356162684,2.098999088044256,1.817516891567965,3.967531984475534,3.577020363362172
0.3,0.5,0.2,0.2,0.4,0.9,3.120421236340312,-1.6689714596513703,-2.0134598341679113,1.3129409711531734,0.9971864809048832
0.9,0.8,0.7,0.7,0.5,0.5,-0.1505613696564892,1.328329776759744,0.8278119043659371,3.2380106268114845,2.9070535792609173
0.5,0.3,0.4,0.0,1.0,0.2,1.15953158500764,-0.12161125589817967,-0.2858684709645848,1.199042162313678,0.9063705959338961
0.6,0.1,0.5,0.7,0.2,0.8,-0.06655533135645075,0.8233212742103331,1.0051010394402635,1.9280240845936605,1.7884888280122389
0.1,0.6,1.0,0.8,0.5,0.8,0.750368983086839,0.04607808532893598,0.005453734946538932,3.2057367188541463,2.7586305652129957
0.3,0.8,0.0,0.5,0.1,0.8,1.2025962416148361,-0.5568941722696299,-0.657528029371866,1.0501836232938078,0.5072537925647815
0.8,0.3,0.7,0.9,0.9,0.7,1.0919479003867107,-0.22267252249526742,-0.2979089366470288,3.3557424982066446,3.1932536019822533
0.8,0.0,0.9,0.3,0.8,0.3,0.5608925142366218,0.46774246328591057,0.3101256431732436,2.6278139136091703,2.3498821838569484
0.9,1.0,0.0,0.4,0.0,0.3,-1.318933494018334,2.4057413092613475,2.2347143959707245,2.9550881613346256,2.8034937114344536
0.9,0.4,0.1,0.6,0.9,0.3,-0.646357783309642,1.6281148872972027,1.4318219352248334,2.9813315880313884,2.8443568435135718
0.8,0.0,0.4,1.0,0.6,0.1,-0.445511187252695,1.430812635528407,1.2502938240216028,4.0472510799750525,3.7858391765789383
1.0,0.3,0.2,0.0,0.9,0.3,0.6791850281029203,0.32216085486801904,0.3611022367043799,2.303109403418135,1.862601583896313
0.2,1.0,0.1,0.7,0.0,0.0,-0.0978138649129594,1.135902505704433,0.9382553501731695,2.7011991156707853,2.714979896236596
0.9,0.5,0.9,0.3,1.0,0.7,1.6694043981115911,-0.6846837040534182,-0.9635696538852851,3.963496759317178,3.6879002389715487
0.8,1.0,0.2,0.3,0.4,0.3,0.664940414769998,0.34813435925755504,0.09405468275215545,2.965152984016787,2.73406607126572
0.1,0.0,0.4,0.6,0.6,0.3,-0.18196859585719857,1.181177699794436,1.3525723931619364,1.6189123423641434,1.4993664312432835
0.8,0.6,0.7,0.1,0.6,0.4,1.2664021134918735,-0.17102693359325272,-0.22328387100485925,2.889774915406319,2.7401963897084363
0.3,0.6,0.9,0.9,0.3,0.3,-0.10264171967945535,0.9684562694428389,1.028035369488201,2.880761530783166,2.6215602527245316
0.2,0.0,0.1,1.0,1.0,0.0,0.4585332983448962,0.5859961314098696,0.5528853621655083,3.7200125962451907,3.5633437893644335
0.6,0.1,0.2,0.4,0.0,0.2,-0.5988864778425258,1.549725773835561,1.3242507958612606,1.3339041878874298,1.1463054339105871
0.3,0.5,0.5,0.8,0.3,0.3,-0.8539641761047021,1.693183212539786,1.6813118625290484,2.311202096741045,2.1465626207081
0.3,0.4,0.8,0.5,0.1,1.0,1.6592816955242309,-0.763146184362244,-0.7836666158600015,1.110965258092813,0.7724257576238422
0.5,0.1,0.7,0.3,0.1,0.0,-0.2511537020440443,1.3474899094050536,1.0378790920028613,1.620152338540802,1.395062070667339
0.9,0.3,0.4,0.0,0.8,0.0,0.7083224399922561,-0.0326594019545015,0.0062973151448890985,2.083437437308786,1.8060583475961183
0.7,0.3,0.3,0.1,0.2,0.9,2.730090107118302,-1.5851746533017015,-1.8227434340934283,0.377963235036205,-0.07909175623875545
0.1,0.9,0.0,0.6,0.3,0.0,-0.30941200625040693,1.4196799320708826,1.3554273583771939,2.522624377227994,2.3143634038841827
0.8,0.8,0.6,0.3,0.3,0.4,-0.1793105810577333,1.2198717736772,1.1505124017769277,1.4671188965754585,1.3971605574010117
1.0,0.0,0.6,0.6,0.9,0.9,0.14207989848391353,0.7011162429619797,0.718314538143141,3.360182575892541,3.017852247690817
0.0,0.3,0.5,0.4,0.6,1.0,0.5926632126443891,0.36415233166243643,0.25228827051853814,0.8185233403842376,0.5456073064253596
1.0,1.0,0.1,0.8,0.8,0.2,-0.7953938862314756,1.7489635195692896,1.8246167084507157,5.576689001358657,5.340896277609582
0.0,0.5,0.1,0.8,0.1,0.1,-1.434383331529401,2.4874689773017136,2.484727488353228,2.3953116788753137,2.2346288535231253
0.9,0.4,0.3,0.1,0.5,0.8,2.2576691485080396,-1.1608121127873865,-1.2760863555886952,1.8698587284023984,1.615186557672105
0.7,1.0,0.6,0.5,0.3,0.7,1.3572195724300833,-0.2783189165549964,-0.14360887482358797,2.8041865875639655,2.6734701769719913
0.3,1.0,0.8,1.0,1.0,0.1,0.7540043861832566,0.02143225097728755,0.0002928872899570084,5.436514610755603,5.066061570133188
0.6,0.8,0.1,0.7,0.1,0.5,-0.1213890125241337,1.0618144917193262,0.9083726341601842,1.7730140920002153,1.4555801547850746
0.1,0.3,0.7,0.3,0.3,0.2,-0.22511035028621043,1.33394136712262,1.3342434533891794,0.13714335490016183,0.04740445188110959
0.4,0.2,1.0,0.7,0.2,0.3,-1.5036800951175462,2.4483436968943746,2.539713415001848,2.0679004140454715,1.6415267663898645
0.1,0.8,1.0,0.9,0.3,0.4,-1.174514632411747,2.169174384957923,2.2737609452187155,2.4633016194636093,2.4943026401494746
0.6,1.0,0.0,0.9,0.8,0.5,0.44086250026800483,0.6221347342183499,0.3890068190251207,4.942985650703893,4.4636758645248396
0.8,0.0,0.7,0.4,0.6,0.6,1.1718554217872659,-0.14996357581230516,-0.5186078834457721,2.2600013539488475,1.9927234341839948
0.2,0.4,0.2,0.2,0.7,0.1,1.9220387614580035,-0.8636031233103756,-0.8571397428487693,1.4851728907404398,1.1606626856246507
0.8,0.4,0.0,0.0,0.1,0.4,0.17287975138820444,0.7474366453996637,0.8317932889163647,1.1360861917495948,0.8007279149028425
0.2,0.5,1.0,0.1,0.1,0.1,0.35963889345623123,0.7904595744075799,0.5849611487480901,1.6347684624018846,1.4843447408340498
1.0,0.2,0.0,0.4,0.0,0.3,-2.0226844813449487,2.9146819006576687,3.1503235719222022,1.8847166627126786,1.8453339310388341
0.1,0.0,0.7,0.2,0.3,0.5,0.3875567786158314,0.5932205087590644,0.37667540290770185,0.38468934138735805,0.2308881209218189
1.0,0.2,0.8,0.7,0.6,0.5,-0.48067478146584075,1.4563339306522636,1.1988427937024217,3.903208016514457,3.5306065551260475
0.5,0.7,0.7,0.0,0.8,0.1,1.5584486831050455,-0.4476582791295594,-0.6582400939216243,1.852589844433582,1.6194844758359137
0.3,0.6,0.6,0.0,0.2,0.9,2.3925949927461274,-1.2460624125554722,-1.2971336444584545,1.021781946877982,0.8121770185271936
0.8,0.4,0.6,0.9,0.0,0.8,-0.09681164509079876,1.2435877329985674,1.0618261776324918,2.544734729990545,2.3201427367112863
0.2,0.2,0.0,0.3,0.8,0.6,1.8277686671268192,-0.9078273563821866,-0.8059230368195602,1.7714571796414398,1.2575442634660148
0.5,1.0,0.7,0.5,1.0,0.1,0.4732589363357306,0.4833392233055441,0.41965292350731476,3.7474061293564125,3.6235606847655584
0.9,1.0,0.5,0.9,0.5,0.1,-1.0196274405321064,2.3539375782632215,2.13504154323526,4.9235852904250414,4.761791563325928
0.0,0.5,0.8,0.2,0.8,0.1,0.5769745009914277,0.17723521054796582,0.08949308324012858,2.6590478843029097,2.290020120398408
0.7,0.8,0.4,0.3,0.5,0.6,1.964566028437259,-1.0741428552894414,-1.3319263093510718,1.5154953609707216,1.460986742845817
0.5,0.6,0.3,0.5,0.2,0.3,-0.08770639131232918,0.8651495233201719,0.7475274942145633,1.5749246616858386,1.319106937477146
0.6,0.1,1.0,0.0,0.4,1.0,1.59846664700901,-0.3566778003582918,-0.5855450601565731,2.1395220834259163,1.9826462390443391
0.5,0.7,0.8,0.1,0.1,0.4,0.878698237653089,0.29280899040774,0.17026853429711294,0.892296457544594,0.7030605292976508
0.3,0.9,0.1,1.0,0.7,0.6,1.352178943715165,-0.2828552661758956,-0.6404133473101247,4.426689728269421,4.547859153222952
0.9,0.5,0.5,0.5,0.1,0.2,-1.6286127190692485,2.6425389077216384,2.5341237093873166,2.6895569015408,2.158109847157315
0.7,0.2,0.1,1.0,0.5,0.2,-0.6188644354007427,1.806906933363868,1.6454344787735027,3.520170751373925,3.4995154104995354
0.2,0.4,0.7,0.9,0.8,0.6,1.4095803373278188,-0.35961473100993513,-0.3964349048848496,2.961288571415242,2.686471594087585
0.2,0.9,0.8,1.0,0.1,0.7,1.118301845257137,-0.15885389956435048,-0.3530098459658945,3.6455479366194092,3.637413754382107
0.9,0.6,0.1,0.7,0.4,0.1,-0.9159979532847311,1.7073471704699301,1.5658459541386236,3.2773765346504944,3.015276632951687
0.8,0.3,0.0,0.8,0.2,0.0,-0.7560453930876657,1.7505574778124677,1.853010324384376,1.75225458426066,2.0197554221078224
0.1,0.6,0.7,0.4,0.2,1.0,1.1942984011142614,-0.26294226092779693,-0.4070357994927353,1.1323021654554113,1.0890523617444046
0.9,0.1,0.6,0.4,1.0,0.4,-0.814119318735199,1.872721680217424,1.4776331094619146,3.2438820249627898,2.988993460260769
0.6,0.4,0.0,0.5,0.3,0.7,0.786861675329444,0.21495356520950995,-0.017865693324417776,1.0572604852894651,0.6914413439109469
0.6,0.8,0.1,0.6,0.9,0.0,0.8613932903988051,0.07365595153468914,0.04841329063537715,3.003254216227606,2.599448753130123
0.2,0.6,1.0,0.4,0.5,1.0,1.8715312041189958,-0.8825887581104894,-0.8396112734933231,2.278703033839671,1.9232485801859815
0.1,1.0,1.0,1.0,1.0,0.0,-0.15503997758609625,1.1631365386991361,1.0910049271164184,5.664477173404244,5.392465941805375
0.4,0.7,0.6,0.6,0.1,0.0,-0.45077197503658584,1.415915900339463,1.2826289237989283,1.287968295189091,0.9471153587981073
0.6,0.9,0.0,0.4,0.0,0.0,-0.5067410494304085,1.1452256484853054,1.1727215398030508,2.4947822817779923,2.239424380166823
0.3,0.3,0.7,0.7,0.4,0.7,1.3972338298383522,-0.44326381514367025,-0.38499866500565527,0.9813316328354008,0.6527403747159097
0.1,0.1,0.8,0.7,0.3,0.7,0.7357670165277794,0.33358494693691887,0.17301386883177944,1.9734321590320294,1.7461209709704968
0.6,1.0,0.0,0.3,0.2,0.0,0.3632487114824353,0.5640938571602758,0.527476502736858,2.666139678737967,2.241444720338275
0.1,0.5,0.6,0.7,0.1,0.9,0.035780843893673,0.8458285347890699,0.8593659111665488,1.903815313778968,1.6257682133351228
0.8,0.6,0.0,1.0,0.0,0.4,-1.161699098036369,2.237889140800876,2.176344760997452,3.685115464180452,3.491825508227122
0.9,0.8,0.4,0.3,0.6,0.6,1.3146028771610092,-0.5842871317534555,-0.38228380320469796,2.5351433561783434,2.5020124322515986
0.7,0.7,0.6,0.6,0.6,0.4,0.1155203124052833,0.751007768088672,0.6389846463402291,2.2904540559640667,2.1011274676077543
0.5,0.0,0.5,0.4,0.7,0.8,1.2512713645511528,-0.4125983364424165,-0.3469311232051166,1.6441512806574472,1.3793974319148636
0.3,0.2,0.0,0.4,0.5,0.2,0.09271737858270729,0.9473410324399808,0.5719401913767035,1.393130955675689,1.1333134323293115
0.2,0.3,0.5,0.3,0.1,0.2,-0.4037687899845173,1.4878644625132866,1.2338916756741158,-0.16422164526291172,-0.3416886004008512
1.0,0.1,0.9,0.6,1.0,0.5,-0.13843326126335095,1.3715299045031664,1.1657671199332822,4.306827905329488,4.171646352937784
0.5,0.9,0.0,0.4,0.1,0.2,-0.8034388465047125,1.8089068795097725,1.783819385397349,2.2636005876556182,1.8110931991005101
1.0,0.2,0.5,0.7,0.1,0.7,-0.9933981349262583,1.8652343162465694,1.9565176402139142,2.4811673662468867,2.252394186756366
0.0,0.5,0.0,0.4,0.1,0.2,-1.2713033726118081,2.3293047489767753,2.2410901507382524,1.2697458045802865,1.145228608989417
0.0,0.3,0.0,0.5,1.0,0.0,0.010543935292645745,1.06631017977769,0.8673813054883381,1.6928144587470118,1.4396431481704164
0.6,0.9,0.0,0.1,0.2,0.0,0.584362185528465,0.5824309913513126,0.2901788118965199,2.2040273293332207,2.1451326199773897
0.6,0.7,0.7,0.1,0.1,1.0,1.9942798108770374,-0.9118009555594856,-1.1062629352259732,0.8117376783274096,0.5421099047650864
0.4,1.0,0.4,0.2,0.6,0.3,1.0579912646235707,-0.04505828303702533,-0.0764927297023402,2.864688982531479,2.4497517867313823
0.3,0.0,0.1,0.3,0.6,0.8,2.3337651857457455,-1.5436069575126312,-1.6854378664187109,1.031394187117401,1.0661122496461957
0.2,0.5,0.9,0.9,0.6,0.0,0.4865519705203539,0.7269284745771103,0.33982820635208516,4.219548149035795,3.9519037209027337
0.3,0.3,0.8,0.0,0.8,0.5,2.5353946494556547,-1.3575406445577038,-1.58682953566524,1.0778869982653059,0.8743973494210672
0.5,0.7,0.9,0.3,1.0,0.9,2.5451943161185193,-1.7112164691608054,-1.8215071848897677,2.1540633946191394,1.9380636501309836
0.1,0.2,0.4,0.6,0.7,0.9,1.5158431366389058,-0.39395480162628715,-0.6503906655329853,1.99031886654576,1.677976188413234
0.5,0.8,0.6,0.4,0.3,0.4,-0.3298956719804193,1.3991304849476744,1.2727444148594393,1.0365771477571188,0.8082669423513972
0.0,0.7,0.1,0.0,0.0,0.9,1.508364755418517,-0.45924859453368183,-0.4609516402035807,0.04280771414558784,-0.0992447258656709
0.4,0.5,0.7,0.4,0.8,0.1,0.746011163114654,0.1074096154226942,-0.09228258280468421,2.7874013821054215,2.677986951986664
0.4,0.9,0.6,0.2,0.5,0.7,1.7310395395657385,-1.0673578950566025,-0.8255118776662782,2.290784212912459,2.155527869809648
0.8,0.9,1.0,0.1,0.3,0.8,1.650833250943232,-0.6217167070859997,-0.7969685524235259,2.8903028809750966,2.7986136122877117
0.4,0.4,0.7,0.5,0.7,0.9,2.055523569430122,-1.3182663558337513,-1.0036550640718982,1.8380496782753406,1.7918864101881886
0.6,0.1,0.4,0.3,0.3,1.0,1.2681342366508384,-0.3250827777117337,-0.5187840258826573,1.3974674128073366,1.138582103914942
1.0,0.0,0.1,0.8,0.6,0.4,-1.2998419086436712,2.3778286736321617,2.1022178766645667,3.573706670520192,3.4917058482415126
0.8,0.2,0.9,0.8,0.8,0.2,-0.27300215522692795,1.2453664972349172,1.4090445674411014,3.869062447957114,3.554324525581666
0.6,0.7,0.0,0.8,0.8,0.4,0.022322950478180323,0.8767556980479918,0.9041105762898342,2.9459141788650345,2.6074779488293705
0.7,0.9,0.1,0.9,0.6,0.7,1.3862204960359719,-0.3996111898886654,-0.4224409197932108,4.482098986858436,4.406536336608722
0.4,0.1,0.6,0.6,0.9,1.0,1.038181322840955,-0.1374944677684526,-0.17062214242239734,2.5648246447961753,2.7778699077067985
0.2,0.7,1.0,0.2,0.4,0.0,1.1434949205715677,0.00548263434042974,-0.13142403773540393,1.2966671723931291,1.1939526643174294
0.8,0.2,0.4,0.2,0.2,1.0,1.4495002560351817,-0.387410446445015,-0.3815054019587717,1.2497457816061894,0.8971773468578972
0.1,0.1,0.0,0.7,0.8,0.9,0.8580541664406209,0.044925816557529835,-0.012154556554739132,2.8538400422181254,2.643820217483651
0.5,0.3,0.8,0.7,0.3,0.8,1.0045737474823138,-0.15297910105009105,-0.17205396002538165,1.309282094574188,0.8424394126088768
0.5,0.6,1.0,0.4,0.6,0.7,1.7008436778921965,-0.535295436414229,-0.7101711514281999,2.9197658062074625,2.76097429941711
0.8,0.9,0.3,0.9,0.4,0.1,-0.05007480448422518,1.0455254744707885,1.017762315150004,4.208357648230175,4.107534264101438
0.0,1.0,0.7,0.8,0.3,0.8,0.4008465983516191,0.6397061408075718,0.3540224185153526,3.1320945036590238,2.917617942070913
0.6,0.6,0.7,0.8,0.8,0.6,1.2207553050738407,-0.30760263021374845,-0.4056224524035742,3.729982838226464,3.4227791211001044
0.5,0.4,0.1,0.4,0.7,0.5,0.8900471618604018,0.04958168361594874,0.12455265594455253,1.6451034825601498,1.402697903588242
0.9,1.0,0.6,1.0,0.0,0.5,-1.5687342342144162,2.814492973672892,2.5762420951135496,4.795984249744218,4.630103412603899
1.0,0.0,0.8,0.0,0.7,0.1,0.579163570474304,0.3759390201502495,0.35103156451683215,3.1357934505970917,2.9436409294694768
0.3,0.4,0.1,0.0,0.0,0.6,1.6505965621626772,-0.8068578594307398,-0.7238203104705173,0.05703995906599707,0.11407250017299553
0.6,0.5,0.5,0.9,0.4,0.0,-0.7751627074991401,1.7945531963781831,1.737737196370578,3.5543566102131248,3.2821959246730197
1.0,0.1,0.4,0.1,0.0,0.0,-0.7393705560451819,1.7499970234950952,1.7153900660738848,2.424694554444663,2.1905870271498253
0.4,0.3,0.4,0.7,0.6,0.7,1.494375401389255,-0.5418118696197693,-0.46167987995984755,1.5377847707333183,1.354835960357409
0.6,0.0,0.2,0.6,0.7,0.1,0.5720346093438862,0.6736201141730593,0.23380361978861577,2.416285687491191,2.0360685844570776
1.0,0.2,0.1,0.4,0.6,0.3,-0.8141433198672429,1.929690613203589,1.7172522976402578,2.720429897866389,2.7800561402396022
0.3,0.4,1.0,0.3,0.0,1.0,1.1947498631764162,-0.2632257848543894,-0.2324268239668422,0.9440222772626958,0.6521064673392266
0.7,0.5,0.8,0.1,0.7,0.6,2.766385863554077,-1.8187290881454268,-1.9146820255961716,3.1770237154633287,2.687254554087742
0.9,1.0,0.7,0.4,0.1,0.4,-0.6316240839165349,1.7438428743528558,1.4696643267233362,3.2355886135825154,3.0227733293380545
0.2,1.0,0.0,0.8,0.3,0.2,-0.4963683923525864,1.6393355826367537,1.5560927658240031,3.050510701064379,3.016644886324089
0.6,0.9,0.8,0.0,0.0,0.0,1.0145851181794938,-0.002749018742121096,-0.09958075640509811,2.5340111647694394,2.2540076789649564
0.7,0.7,1.0,0.4,0.3,1.0,1.5021814627089294,-0.5719040320949629,-0.5338532954110118,1.6923353401990635,1.4432297338083937
0.2,1.0,0.1,0.5,0.8,0.7,2.325006145436859,-1.5355522834956368,-1.677320380497347,3.0477649989340003,2.894115289305147
0.6,0.4,0.5,0.4,0.4,0.8,1.3779428585815692,-0.08211659717838082,-0.3835431274166837,0.8578276447342629,0.6826172212468435
0.9,1.0,0.4,0.7,0.4,0.1,-0.7897918536693205,1.714120374045681,1.459563536494564,3.896457393067167,3.725830806041294
0.3,0.5,0.9,0.1,1.0,1.0,3.1570972344176425,-2.421193441804947,-2.3956861418115167,2.698780297070148,2.6918533798995137
0.9,0.4,0.1,0.1,0.1,0.5,0.2413281470065621,1.0024551926630494,0.7940213254472496,1.2778710642024502,1.0939163738910025
0.7,0.2,0.2,0.1,1.0,0.7,3.008756098482824,-2.042469383816238,-2.140668326294172,2.0699870020235553,1.8018895734420461
0.2,0.9,0.6,0.1,0.3,0.5,0.9760182197129168,0.006765271103785678,-0.06068763095691228,1.881776265065746,1.527572579918812
0.7,0.5,0.7,0.7,0.2,0.6,0.6223057839344428,0.45783890563955715,0.5413483833232503,2.6060994881588813,2.4817607486032993
0.0,0.2,1.0,0.7,0.1,1.0,-0.7462947027039595,1.7465930763572735,1.5913769363161112,1.7372939091219486,1.3442115030576862
0.6,0.9,0.5,0.6,0.0,0.0,-0.9613310292441846,1.7405069810208682,1.8423906480576868,2.723766796174133,2.533648107754033
0.4,0.9,0.8,1.0,0.1,0.5,0.1202124785871444,1.14266196060119,0.8983091614869679,3.9735536133539138,3.783457432156725
0.9,0.8,0.3,0.1,0.1,1.0,1.7204781596834737,-0.6870962838493103,-0.8414112019054932,1.4962309660111082,1.2568927898241837
0.6,0.9,0.0,0.5,0.9,0.5,1.0502536050041378,-0.030795786451620566,-0.04043992360875014,3.5745874706292233,3.452355106480662
0.5,0.9,0.6,0.8,0.1,0.8,0.16789191541552867,0.8972154755819427,0.8839672401546418,2.8953720059374652,2.828489077924341
0.9,0.2,0.4,0.2,0.8,0.0,0.6566933821337149,0.41375785212346317,0.2268045509961286,2.800027503198711,2.6402828400733735
0.3,0.9,0.8,0.7,0.3,0.1,0.44443297959971284,0.6301886552387068,0.6236768990095223,2.9967653049597875,2.6300140982160993
0.6,0.3,0.3,0.1,0.9,0.8,3.2284945378337673,-2.31240210189265,-2.347929415430913,1.1510587965885253,0.805031384730369
0.8,0.3,0.8,0.2,0.6,0.6,2.000764674612646,-1.000281483692576,-1.1391796214970535,1.7749579867185297,1.6185224016422148
0.3,1.0,0.6,0.5,0.8,0.5,1.3980699052963184,-0.1601935742050242,-0.24753887673474406,3.3551295429316053,3.134209755821356
1.0,0.2,0.9,0.3,1.0,0.6,1.0725036114621342,0.0208776337480662,-0.24809597815243914,3.331219162754104,3.1835483266159312
0.0,1.0,0.1,0.3,0.8,0.2,0.07501258544968778,0.8530327619003388,0.7071383585548339,3.119818409852222,2.833406219157774
0.8,0.7,0.8,0.7,0.5,0.5,1.0361358922664499,0.07717415808581796,0.17578045631775446,2.6241701349907953,2.580485632701866
0.1,0.7,1.0,0.7,0.0,0.1,-1.1889005561043255,2.2587091290979204,2.030742159603642,1.5253091433211878,1.506368640872934
0.2,0.8,0.1,0.0,0.1,0.0,1.1913425926811114,-0.23772479748580622,-0.2499299999388031,0.7475384652928568,0.5661345582368884
0.1,1.0,1.0,0.2,0.4,0.5,0.48863971248302535,0.4991459257667898,0.24937518198463443,2.638145506945297,2.1595727115542744
0.6,0.3,1.0,0.5,0.8,0.5,0.5757530616772468,0.4893450473948698,0.4578427270018427,2.096915920960257,1.9668250007393713
0.7,0.8,0.8,0.8,0.3,0.2,-0.297413497905262,0.9269899683156089,1.2576872452394523,2.5547710356557056,2.550855832551791
0.3,0.0,0.5,0.3,0.7,0.2,0.4441267752966799,0.44820213498418754,0.4361439865908387,1.3009825882267096,1.3543866139238687
0.4,0.7,0.9,0.6,0.1,0.9,1.5421568145664382,-0.5934512255351896,-0.36768067585216957,1.3932512828278025,1.1617961377207504
0.7,0.1,1.0,0.1,1.0,0.5,1.1467065435487434,-0.1595854097420648,-0.1275142776038306,2.9824725397644323,2.9319313348095344
0.4,0.4,0.5,0.0,0.7,0.0,1.3018116532693798,-0.3750483220005201,-0.36938443571827584,1.640378407113443,1.5540086796125758
0.1,0.6,0.0,0.9,0.5,0.4,-0.5365043630417698,1.6156578576146232,1.5943438436936501,2.8999498935581456,2.6807476114847253
1.0,0.3,0.3,0.8,0.0,0.1,-1.5118953626218223,2.6819624975706327,2.319120620677962,2.318595517838827,2.1424833391471445
0.1,0.2,0.5,0.4,0.9,1.0,1.1624397905188724,-0.2896200956132438,-0.47560951193367873,1.7328487195748428,1.477682805082247
0.8,0.7,0.2,0.7,1.0,0.5,1.1702147944295453,-0.5234367503634455,-0.46025544110470784,3.003180894066936,2.7971646191489974
0.5,0.0,0.8,0.3,0.4,0.3,-0.009686239796194096,1.087708179360963,0.8194450019507146,1.1130894772184563,0.7973590823130324
0.2,1.0,0.3,0.1,0.4,0.0,2.0577750613413386,-1.1232893041644472,-1.1692841721087714,2.161492798393627,1.8852322556578087
0.2,0.2,0.1,0.5,0.3,0.7,1.4378334738172134,-0.32302649665422856,-0.4682217428351207,0.8104123547661418,0.3733181551831839
0.7,1.0,1.0,0.3,0.5,1.0,2.0515710441277073,-0.8696452788923826,-1.050949467304592,3.6180661237436404,3.3484990892059985
0.5,0.2,0.8,0.7,1.0,0.0,0.41565200608988107,0.6072678026824591,0.4122450668000309,3.1441460740409486,3.018911721672047
0.1,0.1,0.3,0.0,0.8,0.6,2.518081742859791,-1.5324681353945082,-1.5560862513329974,1.9047807479824819,1.4426112588803277
0.2,0.7,0.2,0.8,0.5,0.8,2.2702319582396853,-1.424469343507242,-1.5166950467503648,1.7314411667650085,1.6452559747091182
0.0,0.9,0.3,0.7,0.1,0.5,-0.11843958579107203,1.2494926838110456,1.0770123988544613,2.302275574955598,2.0670552469129078
0.7,0.8,0.1,0.3,0.6,0.2,0.928304353463895,0.2907517926881307,-0.08050128336349813,2.3022801535099124,2.0685735420742644
0.4,0.9,0.9,0.8,0.5,1.0,1.5637936909525236,-0.2811838229868492,-0.34364539262769095,3.801393211545191,3.8082460753891403
0.7,0.3,0.7,0.9,0.3,0.0,-0.4532131637103032,1.2789985504892647,1.2667818556665558,2.386537483161553,2.250056963690856
0.6,0.4,0.1,0.4,0.7,0.9,1.960792249623689,-0.9852069832392846,-1.014293435493339,1.8974287223527944,1.7758410036124306
0.1,0.7,0.4,0.7,0.7,0.5,0.8428565242870975,0.14567159963212165,0.11148974822884065,1.7436698399298924,1.7545371741951945
1.0,0.3,0.0,0.5,0.6,0.8,0.594316864866681,0.435472543236777,0.38544850011497744,2.4281795413459006,2.124381236964668
0.0,0.3,0.2,1.0,0.8,0.3,-0.4942834151874175,1.5478929297156767,1.3360976151681425,2.6640176580264017,2.4769414447547313
0.0,0.4,0.1,0.4,0.3,1.0,0.6279878603640852,0.3614017568700203,0.1629864945012659,0.6652376623890268,0.33672823985078515
0.7,0.0,0.7,0.6,0.3,0.5,0.20512646286035552,0.9042923843643272,0.708216729302305,1.5548078513880244,1.289032716154527
0.5,0.4,0.2,0.6,0.2,0.5,0.30247604346874113,0.8094473820211823,0.7515403789794368,0.8183200671667662,0.6488674284952425
0.1,0.1,0.5,0.2,0.0,0.3,-1.315836326221271,2.14202177055752,2.071524413248411,0.7793524265409292,0.5796255599965059
0.9,0.3,0.3,0.0,0.5,0.5,1.4464473811992367,-0.330885943448384,-0.5410522479505939,1.3400150913319597,0.9997741145504746
0.4,0.5,0.2,0.5,0.6,0.2,0.7118303152173725,0.28406282632121327,0.2848808938937918,2.4579432590362837,2.4176817688604273
0.0,0.3,0.6,0.8,0.5,0.6,-0.4140436186185629,1.3941544542119126,1.3909392372373264,1.4367836997796513,1.2268135534002993
0.0,0.0,0.4,0.8,0.7,0.5,0.028054871773239842,1.265061503404507,1.1104829724038803,2.346715370420302,1.969169776182814
0.9,0.4,1.0,0.9,0.2,0.2,-2.1596361455632844,2.8828125497234374,3.0755416661783217,3.4018668553487847,3.3449644625785804
1.0,0.8,0.3,0.7,1.0,0.5,0.4476181576607836,0.6270910246057124,0.5336485940062393,3.7692295443293307,3.5381136217083773
0.0,0.8,0.2,0.1,0.3,0.2,0.42344317582935254,0.6951373184195435,0.4604088735696878,0.6277354256669448,0.41514087467017363
0.5,0.3,0.1,0.8,0.2,0.9,0.4308559175619906,0.5103805328887642,0.5230222696492255,1.01094495633852,0.7587608017213093
0.7,0.8,0.1,0.2,0.0,0.7,1.7887419894031762,-0.783020930108903,-0.9321925712534781,1.1739472895181653,0.8160922606636878
0.3,0.6,0.5,0.6,0.5,0.0,0.5233373595104153,0.4952329641097107,0.40237788266764263,2.2966420704458907,1.9377638353754258
0.6,0.6,0.9,1.0,0.5,0.2,-0.3555120846651308,1.411275823485822,1.487778216582925,4.357575883107936,4.242094775156592
0.1,0.5,0.8,0.8,0.2,0.8,0.819294661211495,0.10307114488635692,-0.06828578322088609,2.4531485688083228,1.9500840511488802
0.1,0.0,0.5,0.5,0.2,0.3,-1.2629788235965955,2.348451634192396,2.2329184590721867,0.487289818425639,0.28192653870472256
1.0,0.6,0.4,0.7,0.2,1.0,0.1856235463228617,0.9503724593463471,0.7840535592167189,2.9655295160961157,2.9230113974956313
0.3,0.3,0.8,0.9,0.7,0.4,0.6801993940523691,0.2350235789718253,0.14943167976302688,2.6117598994178794,2.4912166530779203
0.6,0.7,0.8,0.8,0.6,0.4,0.6113599474945638,0.4344050802810862,0.3976151871522288,3.0783942355797826,2.5958124423728557
1.0,0.3,0.5,0.0,0.3,0.9,0.6625471558633447,0.23679603428539223,0.3085056494160681,1.2532834922319196,0.9512576016239913
0.8,0.9,0.6,0.8,0.4,0.9,0.6244892315797905,0.5756271406895865,0.23468945613729467,3.6803505129973537,3.6469288802713984
0.1,0.1,1.0,0.2,0.9,0.2,-0.11889004700684415,1.1924454468262344,1.0391387497160116,2.7101011848848477,2.5221610897331814
0.8,0.6,1.0,0.1,0.4,0.9,1.836035938711692,-0.8875101780001976,-0.9568770884246993,2.469482743706678,2.249692761920663
0.8,0.0,0.6,0.8,0.3,0.3,-1.5713918508622238,2.7164040920342374,2.457480323051596,2.2462295071785237,1.8895941098288196
0.2,0.3,0.4,0.1,0.6,0.6,2.4707358008805365,-1.3821900711560207,-1.5647705257849727,0.514745185603293,0.4191799089767796
0.5,0.9,0.5,0.7,1.0,1.0,1.167226612963058,-0.04332498815715445,-0.21845059646371157,3.7556057464112964,3.8321853078931705
0.5,0.7,0.9,0.9,0.2,0.6,0.6376256417182916,0.60897211763854,0.42336983461811606,2.4030855923107475,2.3534435116694614
0.0,0.4,0.7,0.2,0.4,0.0,0.14594847058991453,1.1054147086922166,0.8261466896185597,0.789404543505778,0.7854928619108899
0.8,0.1,0.7,0.3,1.0,0.1,0.4793656360584664,0.6285112429523181,0.27588802852506955,3.199692484333842,2.9783774621159957
0.2,0.6,0.4,0.4,0.8,0.8,2.8637343544235843,-1.8173715160373387,-1.8566241667972685,2.007299469879389,1.9999624375187661
0.6,1.0,0.4,0.4,0.6,0.6,1.7057872318027625,-0.9199930088723185,-1.1513702456176702,3.1642226116269803,2.695285868495007
0.8,0.8,0.2,0.6,0.6,0.1,0.7302267237025837,0.2257255807500032,0.17823643412771834,2.9704530592650538,2.6848639006293094
0.0,0.2,0.4,0.0,0.7,0.1,0.7142873717019915,0.40089507900416094,0.37893409534218336,1.3472856262301534,1.3239497371546964
0.9,0.4,0.8,0.4,0.8,0.3,-0.03070565077180057,0.9647894397839745,0.7562548559280781,2.9845327787363902,2.751186314192437
0.1,0.9,0.8,0.0,0.6,0.9,3.001080124140423,-1.9161181619444458,-1.9814167544946781,2.8587904861787696,2.309986704007278
0.8,0.2,1.0,0.2,0.0,0.1,-0.615529212504005,1.5544297750794285,1.5067845406030844,1.9412897933008373,1.545397650659358
0.1,1.0,0.5,0.6,1.0,0.5,0.47404908516222466,0.589778485972265,0.3172947747629484,3.274745718767761,3.1193615183637267
0.3,0.6,0.1,0.1,0.5,0.9,2.9088059555824697,-2.11092153495391,-1.9909171978205493,1.5344113995878161,1.409285523548988
0.4,1.0,0.7,0.5,1.0,0.9,2.19382372974227,-1.4360017671669627,-1.3441088922592093,3.475840452868299,3.5986206424815625
0.1,0.5,0.1,0.4,0.0,0.3,-0.8533603281032844,1.7912802792882605,1.7550903438012313,1.104349001746077,0.9682929024322257
0.8,0.3,1.0,0.4,0.1,0.1,-0.7208443423414023,1.8298827490717893,1.6167024491348978,1.3848217791046418,1.2352252801607004
0.2,0.6,0.9,0.6,0.2,0.3,-0.06881304840060407,1.0535852529990235,0.7474235732984145,1.7627866644027248,1.6493891435769625
0.5,0.1,0.3,0.9,0.0,0.8,0.46668555148984303,0.5129003326098828,0.4596614294218848,2.3816734764155107,2.1731530989165897
0.8,0.9,0.3,0.5,0.0,0.0,0.2776315181260872,0.7011883619445103,0.5654498821590354,3.0395414087022754,2.5140159754487916
0.9,0.6,0.5,0.3,0.0,0.1,-1.0582185138009126,2.1638897199833464,1.9796162661101402,2.372347476627498,2.006531712165748
0.7,1.0,0.3,0.4,0.7,0.0,1.8879372040865599,-0.75503299218919,-0.9135549975171551,3.695550057618875,3.5499334315553317
0.4,0.3,0.3,0.8,0.3,0.1,-0.07134147451536774,0.9662763153204444,1.0375587113577243,1.1614197333997713,0.7242604558201523
1.0,0.1,0.0,0.5,0.4,1.0,-0.16272119624393822,1.239669550798558,1.04614467543807,2.9841896541889192,2.7167920268632644
0.0,0.4,0.4,0.8,0.8,0.4,-0.5024332789619298,1.576419298788021,1.4671910553261753,2.46386469670282,1.9941233217570002
0.5,0.6,0.3,1.0,0.0,0.3,-0.7136473261421805,1.8677534547991974,1.6630586743996492,2.9696841620979666,2.9580531792934073
0.7,1.0,0.2,0.6,1.0,0.2,1.0273509946761095,0.1416445050016721,-0.09656774830921361,4.224967272483788,3.8705387502868693
0.2,0.2,0.0,0.0,1.0,0.0,1.6631819587325947,-0.5356175833793311,-0.783196631528243,1.9331950720285092,1.5912784175953025
0.3,0.2,0.7,0.6,0.3,0.5,0.22787754284022144,0.7773958220210456,0.6498977861745787,1.1468981872710307,1.0163904108774755
0.4,1.0,0.1,0.8,0.3,0.4,-0.3762939648927784,1.281324869534456,1.070480256646557,3.169547507465013,2.9274687403759403
0.7,0.7,0.6,0.6,0.0,0.7,0.6841704530420692,0.32845503970913054,0.2383641364802738,1.2605437415340501,1.0536941727278042
0.3,0.0,0.5,0.8,0.6,0.3,-0.5471559649345143,1.4286946748563392,1.375725045284394,2.312220221324971,2.207643800212105
0.3,0.5,0.5,0.9,0.2,0.6,0.04904413927635595,0.7345553886142577,0.5658732572103065,2.639652562108861,2.406255318794953
0.2,0.7,0.0,0.9,0.9,0.6,1.384659291802872,-0.5443409907917929,-0.6448323686074262,2.8491603887306383,2.7987933708753427
0.6,0.4,0.9,0.2,0.6,1.0,2.5880672093148887,-1.2633457694043568,-1.3273627753577024,1.8921029320621738,1.8743462043790295
0.7,0.5,0.5,0.0,1.0,0.5,1.6277853570929577,-0.5897061467490352,-0.8665772692638329,2.6326974167776065,2.3880798658684372
1.0,1.0,0.6,0.3,0.8,0.8,1.1338025824644844,-0.25330231483296833,-0.3780086454858954,4.309026684001043,4.180160899537744
0.5,0.6,1.0,0.3,0.0,0.1,-0.6088624716356643,1.6599698744633633,1.5861422055449408,1.7758206070516789,1.542515006085043
0.5,0.9,0.7,0.4,0.7,0.0,0.8668557354600027,0.16735092836633697,-0.07580432497254452,3.587862181497245,3.3361894992107937
0.0,1.0,0.2,0.0,0.9,0.1,1.4024709160475992,-0.49408930713996674,-0.41919512975220896,3.0487799030366562,2.702733840682421
0.7,0.9,0.8,0.6,0.1,0.6,1.144326192051887,-0.12920832294394927,-0.024574333728854092,3.004405916863353,2.846485599844525
0.1,0.9,0.0,0.8,0.5,1.0,0.5135127198145917,0.38165686157381706,0.13099199400781183,3.2806370480046296,3.0400083471687482
0.3,0.3,0.9,0.9,0.2,0.2,-0.49137936922728226,1.6270489256908585,1.3233567682936087,1.685913275799508,1.6375675796233669
0.6,0.0,0.6,1.0,0.0,0.8,-0.33491858817128817,1.3023602319875187,1.2601463886511113,2.7270043489920743,2.4024413893065613
0.5,0.9,0.9,1.0,0.0,0.0,-0.8980601025315251,1.8685373363712736,1.655985653995697,4.522234255222969,4.183427699624482
1.0,0.3,0.4,0.0,0.6,0.7,1.56919512317936,-0.5853313490510703,-0.6890972899446534,1.8842007609914924,1.708201711382472
0.1,0.0,0.7,0.1,0.6,0.7,1.9678617055618424,-1.0677368102329599,-1.1318716158846232,1.3498868059071096,1.0179764675173386
0.8,0.5,0.5,0.0,0.9,0.2,0.734281817507489,0.2927687484636595,0.09199745589010908,2.9042463531501497,3.0827558317093517
0.4,0.8,0.4,0.9,0.0,0.4,-0.7000003349868493,1.7675285152471314,1.6653583472074818,2.121808379936871,1.983982760116467
0.4,0.4,0.8,0.9,0.4,0.7,1.3556573865682782,-0.2043772097969475,-0.24860423429396944,2.3547088150541176,2.261429896526526
0.9,0.1,1.0,0.3,1.0,0.1,-0.3853007190537645,1.4857057181125972,1.3978560491972631,3.8388617515326096,3.768315708146062
0.2,0.5,0.7,0.8,0.2,0.6,0.6708011850005954,0.401013327329508,0.29009066412807244,2.3580571767566743,2.2386788739614585
0.0,0.2,0.0,0.2,0.3,1.0,0.6014065697044645,0.22938044186874712,0.33377980598047446,0.4130655967184413,0.1896292605266912
0.4,0.3,0.0,1.0,1.0,0.7,0.9728041129488545,-0.06053741617711688,-0.1436162316859314,3.0512369966385524,2.8615948286187574
0.7,1.0,0.3,0.0,0.9,0.1,2.5169996388326625,-1.3618621926448682,-1.4729157498590406,3.5785561385600193,3.4531717450842505
0.5,0.0,0.1,0.0,0.4,0.9,1.9606123764078542,-0.9725721766886106,-0.9730211067956058,0.6042470075987751,0.5852925337491647
0.2,0.2,0.3,0.3,0.0,1.0,1.8444427775075494,-0.8941982861209238,-0.9506936934920938,0.2942834782379402,0.1101354560730563
0.9,0.0,0.7,0.9,1.0,0.3,-1.0564012525404014,1.944630672400886,1.9895860399920418,4.263219169454539,3.9516625109011065
0.8,0.0,0.8,0.4,0.0,1.0,1.0850635216380318,-0.15424982043106036,-0.23288773755342457,1.6072666268125537,1.3814088688295294
0.2,0.4,0.5,0.0,0.3,0.0,0.925521044707762,0.1283369859974519,0.007980560872180275,0.5420015397747519,0.3232502788128679
0.3,0.1,0.4,0.0,0.4,0.8,2.6422210524131766,-1.4726488174580639,-1.638931080243768,0.9766478670784121,0.77684405881544
0.3,0.7,0.1,0.8,0.0,0.4,-0.3842018450385059,1.6084442107674506,1.3017522722434793,1.391973234450255,1.245705251833229
0.8,0.6,0.5,0.0,0.2,0.9,1.748049717251987,-0.8633109701246842,-1.070446684356761,1.5800340264622061,1.283401258783957
0.9,0.2,0.9,0.6,0.7,0.6,0.5943370602200668,0.3305383226059754,0.31231778867941073,3.5771554868521647,3.3129941753716503
0.5,1.0,0.2,0.0,0.8,1.0,2.937228148412495,-2.3517940680720733,-2.451005369772169,2.987535564508362,2.751304169233453
0.3,0.0,0.7,0.0,0.4,0.6,2.224402710343094,-0.9717856819405029,-1.1754040095713998,0.6341318053273107,0.4639677529721869
0.1,0.2,0.2,0.2,0.6,0.6,2.0659414253953647,-0.932086554141984,-0.9437637131069267,1.1586357190780405,0.8891824188545809
0.6,0.0,0.1,0.1,1.0,0.3,0.8335782916842349,0.07931940789649798,0.2049736803641127,1.700825884514691,1.6445941586662833
0.5,0.6,0.7,0.7,0.6,0.5,0.5632936315647791,0.42653808942146443,0.2657928662966784,3.064598290731806,2.8413757454691995
0.0,0.1,0.1,0.7,0.9,0.5,-0.22183769063504238,1.1836119891583832,1.2387462314469617,2.779062594639737,2.5840296406636396
0.8,0.9,0.9,1.0,1.0,0.4,0.10637890384365317,1.064533453858023,0.8394570502633654,6.185983738763182,5.564506774028647
0.0,0.9,0.9,0.4,0.0,0.7,0.6319800776723297,0.42750914418679886,0.272837080361894,2.139398394539139,1.9289386166888751
0.7,0.3,0.5,0.0,0.7,0.6,2.2292612012462674,-1.1930159301619876,-1.2063176297465539,1.480122395537161,1.0616944457710609
0.8,0.0,0.8,1.0,0.1,0.0,-0.5500408369157939,1.5991135019011704,1.364961395811748,3.5362723849158972,3.4308359789588216
0.9,0.5,0.8,0.2,0.2,0.4,-0.300560718357862,1.1357256203731527,1.0600549891235906,2.510909882021463,2.273817849693119
0.3,0.7,0.4,0.1,0.7,0.4,1.8815555694628083,-1.0787077854571594,-0.9374938822018927,1.2422524153898946,0.9768912609077824
0.6,0.9,0.7,0.5,0.5,0.9,1.7710499816999534,-0.5951533954862602,-0.8729798689249547,3.000702517204576,2.818969665982939
0.9,1.0,0.5,0.3,0.6,0.7,1.341547216475613,-0.24260572181736662,-0.16073561458521723,3.588846761595275,3.492743075995677
0.3,0.0,0.7,0.4,1.0,0.8,2.4061556402108635,-1.469876503913076,-1.5076719956855262,1.8365567709495936,1.5635871157231838
0.1,0.0,0.8,1.0,0.8,0.5,0.28892479096218415,0.6901688753955529,0.6311516386986702,3.3832742438106793,3.346884595303637
0.2,0.0,0.3,0.5,0.0,0.2,-0.17932899221295842,0.934881558259391,1.1753663669016032,0.6956973492328342,0.27641579243003156
0.8,0.2,0.8,0.3,0.1,0.3,-0.1791558880270619,1.1667884769685408,1.0696392091780407,1.7131226144020242,1.3336700002065507
0.9,0.7,0.3,1.0,0.6,0.3,-0.512015486533479,1.4369449793097246,1.19375195871749,4.025873472759857,4.013503034470348
0.6,0.9,0.0,0.7,0.5,0.2,-0.276532015466599,1.56080902304195,1.2850662703511975,3.5397015855046545,3.256029956963788
0.7,0.5,0.9,1.0,0.5,0.7,1.3825170991279108,-0.20890456760612094,-0.31234319515688025,4.618537340548808,4.428432131158364
0.9,0.4,0.2,0.8,0.0,0.4,-1.1942198505440222,2.255909854716846,2.2789900174111897,2.2702133085669787,1.9986752178046043
1.0,0.4,0.1,0.7,0.7,0.1,-0.8824731223013914,1.775570556648843,1.5673749012841012,3.712227646117854,3.37566674184543
0.2,0.5,0.4,0.7,0.7,0.0,0.7041771982739019,-0.02348191666411173,0.05410662822779559,3.249640105290785,3.0222513674875815
0.7,0.4,1.0,0.5,0.5,1.0,1.139241915491804,-0.3779751432499336,-0.5647943869700193,2.2850122797739245,2.17778441209339
0.2,0.9,0.6,0.3,0.4,0.3,0.17795078329563283,0.7396157963025768,0.8042901308492041,2.013680592295445,2.089294698542314
0.9,1.0,0.7,0.9,0.5,0.6,0.1232356020127105,0.8011976219748658,0.62980752254009,5.113374767548363,4.826316507118591
0.4,0.8,0.5,0.7,0.2,1.0,0.7115625861900328,0.40649288492554303,0.15339598615841613,1.5777323860892523,1.2843474807168445
0.7,1.0,0.6,0.6,0.1,0.0,-0.3893260694350766,1.2360148444426151,1.217310281113955,3.1878201269790574,3.1442573799852616
0.3,0.2,0.3,0.6,0.8,0.0,1.4365072749277386,-0.13753508926476216,-0.47046441445607884,2.311644277725402,2.0057937994407156
0.4,0.1,0.5,0.3,0.1,1.0,0.7070388005445298,0.06597112763466614,0.13571455830776938,1.1997200652204874,0.7623875499698717
0.8,0.2,0.0,0.6,0.0,0.0,-0.8422633858021364,1.9821740357028839,1.9311359926413234,2.058480863126325,1.9365575859708442
0.1,0.1,0.2,0.1,0.4,1.0,2.0146612870958216,-0.9844545407712574,-1.2015758781290578,0.761666371895919,0.7271862361696678
0.5,0.4,0.2,0.4,0.3,0.1,0.10504278434098716,0.5624125994409447,0.7342382252547021,1.04433444572381,0.6186734958210833
0.6,0.4,0.0,1.0,0.1,0.7,0.0161551560965016,1.0298397198036566,0.7166683491720938,2.384641120905939,2.380757489398765
0.3,0.8,0.4,0.3,0.9,0.8,3.112170374787224,-2.264175522689963,-2.1920751230475486,1.7273228514060628,1.5088423435895602
0.3,0.2,0.6,0.8,0.5,0.0,-0.3607791579301713,1.2714385895218048,1.167823504721476,2.3642415268061017,2.2198898790309256
1.0,0.0,0.4,0.2,0.1,0.6,0.21983081786429934,0.88264526833474,0.8996128835712838,1.6099786490525896,1.3194669005378263
0.2,0.4,0.1,0.7,0.0,0.1,-0.5723540311765123,1.4831997861211779,1.400421380342659,0.9773892796053149,0.9823066974530688
0.7,0.6,0.9,0.9,0.0,0.2,-0.7865411639760819,1.9018906579547108,1.5985810630795292,3.438001353623458,3.3507135623931807
0.0,0.1,0.5,1.0,0.4,0.7,-0.8679197498005847,1.6723894181931667,1.4681056820828466,2.9001052738096784,2.932946849644484
0.3,0.3,0.1,0.8,0.4,0.1,-0.02767108064415441,1.0333492119302057,0.9449146837039863,1.2542322000428952,1.0464882239141564
0.1,0.4,0.3,0.3,0.9,0.0,1.5917877931482045,-0.45471978729258156,-0.5622010251513907,1.6190167132578213,1.3635832951613427
0.1,0.3,0.1,0.0,0.0,0.5,0.44379873321902347,0.48010270490745055,0.49116448406652224,-0.3658034222124915,-0.46318429559116114
0.1,0.8,0.7,0.2,0.6,0.6,1.802166652948169,-0.902908033281435,-1.3852276226783666,1.5195171595750097,1.4285015959398042
0.6,0.6,0.0,0.6,0.0,0.6,0.22520706071766342,0.792022652919682,0.5534007638394861,1.841451451756675,1.677285917521872
0.0,0.2,0.0,0.4,0.3,0.0,-0.663034630679196,1.7038541637002482,1.4857923860456297,0.9591517007540716,0.7527324945277428
0.0,1.0,0.9,0.4,0.8,0.4,0.40294028561249096,0.6924038115196371,0.48715752091154757,3.5787521213650324,3.32255040896342
0.6,0.7,0.5,0.0,0.0,0.3,-0.061311997932876935,1.0510174364848273,1.1159763085279535,0.47095985402815393,0.4688656912499197
0.8,0.4,0.1,0.5,0.4,0.8,1.4822465162096845,-0.27885916998784777,-0.3475480533867515,1.3914148878259895,1.3808276186669395
1.0,1.0,0.8,0.9,0.7,1.0,0.993344782577332,0.30155446220890647,-0.032504298198517884,6.072717691586261,5.74250372365211
0.6,1.0,0.4,0.3,0.5,0.3,0.5700067676053866,0.3241337028941197,0.3759876286750121,2.7109512470799633,2.673615293693245
0.5,0.6,0.5,0.7,0.7,0.4,-0.21264788396053202,1.3430709708187243,1.2801167372272482,3.0652314604194864,2.8090653448266627
0.1,0.5,0.3,0.7,0.3,0.2,-0.3888598252064315,1.3844102175846609,1.161984182601499,1.9836118762072155,1.6580604223296327
0.6,1.0,0.9,0.7,0.2,0.0,-0.04348437322083531,1.0248365823061174,0.8924357826579257,3.53041635794694,3.5904770461437208
0.8,0.0,0.6,0.9,0.4,0.3,-1.5458993950708435,2.57212531133132,2.3760519745383304,2.7333517107531056,2.625343093726262
0.9,0.9,0.7,0.9,0.1,0.3,-1.6514154393893972,2.7179451148026277,2.5665057604335333,4.462820422468369,4.262097285869035
0.1,0.9,0.1,0.0,0.6,0.1,1.1972029091433776,-0.08695166944780958,-0.37152023626414943,2.601746720251253,2.5132052798748594
0.4,0.6,0.7,0.5,0.0,1.0,1.079816965496834,-0.09969057321568783,-0.07213144086386086,1.650159898568432,1.4646608636094196
0.9,0.9,1.0,0.6,1.0,0.6,0.5340831515020592,0.4112179544497103,0.2854974015624706,4.947732040051745,4.660122720786196
0.8,0.0,0.1,1.0,0.5,0.3,-1.137427190268519,2.0423713084476187,1.8045441429502682,3.6265490633072326,3.3648239787742784
0.7,0.9,0.2,0.7,0.3,0.4,0.19659797608739452,0.7856872840121856,0.6991154219827378,3.0607458045962477,2.653408786426915
1.0,0.7,0.5,1.0,0.1,0.3,-2.464436765618737,3.2039035477440083,3.038922778882603,3.49545559285724,3.2860724644928228
0.6,0.7,0.5,0.3,0.0,0.2,-0.5629592258956871,1.6124109588045143,1.5232381086962925,0.765876637282878,0.3141630298682211
0.8,1.0,0.7,0.6,0.6,0.4,0.4050875624972,1.030995391356647,0.7994689280435221,4.0921982389755005,3.9723301358422805
0.3,0.1,0.3,0.0,0.8,0.1,2.041167339756811,-1.083915504858055,-1.245658740006605,2.0315738692175267,1.961206576001418
0.1,0.1,0.9,0.4,0.0,0.9,0.5717913268377859,0.17149136782457658,0.042925140010979856,1.6403006723550704,1.2810537528527035
0.4,0.6,0.8,0.8,0.5,0.5,0.7874554583459413,0.07904816515348871,-0.13576807222898868,2.726654137300499,2.669241474155751
0.6,0.6,0.7,0.8,1.0,0.9,1.7401271294743774,-0.6110202136514374,-0.6945478696152582,3.7644438084499368,3.721857779436905
0.0,0.4,0.7,0.2,0.5,1.0,1.52319449782974,-0.3722206223353998,-0.5635690252145666,0.9366472572292739,0.7167151041070187
0.7,0.2,0.5,0.7,0.1,0.3,-1.350197309685767,2.5773473652019443,2.3404067329603087,1.7206615464248853,1.563825218435452
0.7,0.1,0.1,0.9,0.1,0.2,-1.4067874499423865,2.2251148544847457,2.1829268194426374,3.217953460857485,2.8440559131083356
0.3,0.4,0.5,0.5,0.3,0.6,0.996150721791547,0.12422018824227286,0.1928330314985151,0.6979297355890994,0.5694038569059834
0.2,1.0,0.5,0.6,0.3,0.6,0.9088460271810231,0.10852638227730652,0.04851625329729825,2.1392240076701325,2.2855633668784923
1.0,0.2,0.0,0.9,1.0,0.2,-1.5628730025051991,2.5849500460618,2.49021186847773,4.656617262740499,4.438508086464701
0.9,0.3,0.5,0.6,0.7,0.2,-1.0638623296314678,1.9866861946509455,1.9880130639472093,2.3566488405542976,2.407264486603215
0.4,0.9,1.0,1.0,0.4,0.2,-0.9969719856697797,1.9867312496355196,1.8987604261317177,4.349342014729767,4.2421273990468125
0.2,1.0,0.4,0.7,0.7,0.7,2.3753313267421436,-1.242486696087842,-1.3478802407153758,3.4331689992662686,3.246081625242814
1.0,0.2,0.5,0.3,0.4,0.3,-1.6203009382547782,2.5062856568925027,2.4519109061356423,1.852016956283773,1.9340422218119668
0.4,0.8,0.4,0.4,0.9,0.3,0.9053056434267306,-0.02466156094456054,-0.020099500995950113,2.0840080916065613,1.837727588523693
0.3,0.0,0.6,0.5,0.0,0.0,-0.3698702865889526,1.5906743293400014,1.2775739691808687,0.82607583507629,0.6635552364416782
0.4,0.8,0.0,0.6,0.2,0.0,-0.18919285241668438,1.0569845140864418,1.0662578361395536,1.5673477900465835,1.3582457568251864
0.5,0.0,0.6,0.4,0.8,0.2,-0.36465977602312183,1.242344591841258,1.0734163275706325,1.9822344616968308,1.8232988524790525
0.4,0.7,0.2,0.5,0.9,0.2,1.2541022535174329,-0.06371337517038597,-0.34600561338105196,1.9002251660772718,1.656847327049116
0.4,0.1,0.2,0.4,0.5,1.0,2.0669497994986035,-0.8178411200824267,-1.169782363659201,1.7645570717293044,1.403099727564192
0.6,0.0,0.1,0.8,0.0,0.5,-0.7658521030463723,1.8502417720635347,1.5772533834622406,1.8020449541757617,1.3682074193273508
1.0,0.2,0.1,0.6,0.8,0.1,-0.840642605980881,1.9746066372108313,1.5977168927734784,3.505615554386816,3.45307722210429
0.3,0.9,0.7,0.2,0.2,0.4,0.6678560587036461,0.31103209062249737,0.17689276809562376,1.9705901528645584,1.727972305569683
0.5,0.8,0.2,0.0,0.8,0.3,1.507545773393793,-0.5712099330204818,-0.623212367959363,1.989265318195002,1.6909921387600035
0.1,0.9,0.1,0.2,0.6,0.8,2.1985371403317746,-1.275504140757766,-1.5674754643640585,2.590698218711084,2.2058076998951006
1.0,0.1,0.5,0.9,0.0,0.2,-3.1656022552017626,3.966148310181998,4.060894476857374,3.8270596892973803,3.563709765441809
1.0,1.0,0.6,0.6,0.0,1.0,-0.7554329965741455,1.492010005990548,1.3577990701365186,3.7571851052520167,3.582643821502088
0.2,0.3,0.1,0.4,0.6,1.0,2.1857599609442326,-1.428444555716385,-1.390451168774524,0.7613414618399368,0.555255771686993
0.3,1.0,0.7,0.7,0.3,0.4,-0.03221039354752703,0.7451588763554018,0.8871454228671447,2.9083597363958704,2.6941440141154462
0.8,0.0,0.8,0.0,0.7,0.4,1.5297544061993955,-0.4641516703399969,-0.4094885548080186,2.342088750619884,1.9176468817798615
0.7,0.5,0.1,1.0,0.2,1.0,0.5735007434593056,0.4292953912841498,0.32765681655854373,3.7453993815140705,3.6355013218050614
0.9,0.1,0.9,0.2,0.1,0.9,0.8279894217234326,0.21423507162587335,0.11951530911781902,2.5618134595237256,2.253687835409095
0.7,0.6,0.8,0.0,0.4,0.7,2.8454132908048746,-1.882416484883128,-2.182832962511138,1.9480114689207237,1.6039019681304698
0.5,0.3,0.0,0.9,0.2,0.1,-1.1603914236176671,2.2097022568389706,2.159092682279401,1.672233371279493,1.506812818289704
0.5,0.1,0.6,0.5,0.2,0.2,-1.3169948272493939,2.4176836896459086,2.2071088128359877,1.592909327601789,1.3426375988570995
0.1,1.0,0.1,0.6,0.0,0.3,-1.0021955986206148,2.030021214001252,1.8696131064674664,2.1510886214524794,2.078179311343853
0.8,0.9,0.2,0.7,0.8,0.3,0.5472426975628921,0.575452742284629,0.5412600941481409,4.202073813478634,4.28471569301141
0.5,0.6,0.5,0.8,0.0,1.0,-0.054455762749842124,0.9918839618709947,0.9643008886374145,1.9920894584014792,1.9942037026416526
0.4,0.6,0.7,0.6,0.5,0.9,1.701703333853257,-0.8073865390612234,-0.8770151292051033,2.235196911737435,2.137760395473969
0.2,0.8,0.8,0.1,0.4,0.2,1.4032377445549407,-0.4200372459263916,-0.594336389333447,1.247392803765068,0.9587500093246094
0.7,0.0,0.8,1.0,0.1,0.4,-0.9072898480480048,1.5537431618201099,1.4437240543728178,2.9694431744736765,2.6357033252119715
0.4,0.3,0.2,0.2,0.3,0.6,2.0000720890260553,-0.8322119366963238,-0.8366700378292085,-0.4296884987268853,-0.4490869371720409
0.2,1.0,0.5,0.1,0.1,0.7,1.5872383009584088,-0.7499206572176388,-0.9202436183179902,1.3895951831399023,1.2898830913367374
0.5,0.2,0.8,0.5,0.3,0.3,-0.42106654993285136,1.4472142014917633,1.337920381130726,1.4332288822849701,0.9937361349941041
0.3,0.3,0.2,0.6,1.0,0.5,1.760054790038715,-0.6911800015101054,-0.5568013751966376,1.372868602427338,1.097450501438914
0.9,0.3,0.9,0.2,0.0,0.2,-0.9259538542272002,1.8113638132748209,1.7892405900099366,1.3080648344769275,1.0416205199311406
0.1,0.5,0.4,0.7,0.4,0.7,0.6648517119548549,0.05108353018818999,0.11357878854001922,2.1228152243833818,1.9133868894241113
0.2,1.0,0.3,0.8,0.6,0.6,2.2746630740080076,-0.9478590471345292,-1.2899319211264761,3.6532629902648193,3.4277671695049015
0.2,1.0,0.7,0.3,0.1,0.8,2.0618457019138487,-0.8827382526878638,-1.198723124872671,2.0045373566029507,1.7223546603773032
0.7,0.3,0.8,0.4,0.7,0.4,1.0554636855205646,-0.12460777561504885,-0.1000081765310011,1.95163171109817,1.8774138951725268
0.6,0.8,0.9,0.9,1.0,0.7,1.6372330226833534,-0.7747391421676817,-0.9097662232940071,4.0399805658276335,4.057363955533766
0.2,1.0,0.4,0.7,0.8,0.6,1.7573792151126817,-0.7651037634091082,-0.8808864966121275,3.4987092182807573,3.2286222203815256
0.6,0.6,0.5,0.5,0.5,0.6,1.03206924234835,-0.13050484959939457,0.004976323641556403,2.110587370297402,1.9340966491758083
0.2,0.7,0.1,1.0,0.3,0.2,-0.4092489355599118,1.356863388089565,1.2756895449634706,2.297878957927254,2.074462133713703
0.7,1.0,0.1,0.2,0.8,0.1,1.4640989421480963,-0.42718196921011653,-0.48461318346972426,3.620078333902675,3.29277208256556
0.1,0.7,0.0,0.8,1.0,0.5,0.2684137580489604,0.5984097798265432,0.49552751145159374,2.5357542124458208,2.259501575194804
0.2,0.8,0.1,0.4,1.0,1.0,2.696167792334486,-1.6015960854113351,-1.9162648127669426,1.934236363376621,1.619213837897854
0.1,0.9,0.0,0.8,0.8,0.5,0.1214238835973979,0.8263659605439899,0.6835571311988484,4.003148414097235,3.576822669838528
0.7,0.6,0.1,0.8,0.2,0.0,-0.09440651952189318,1.1024509808913765,0.9795775428328679,2.8666520094681225,2.7817537201222984
0.6,0.7,0.5,0.3,0.4,0.5,0.7601703846882331,0.26198536634836656,0.21992482537019487,0.8066812055811675,0.6125043914990381
0.6,0.1,0.6,0.4,0.6,0.8,1.272950756480235,-0.20227109584900413,-0.3635109375636649,2.4492168122544564,2.1980613859745053
0.7,0.4,0.6,0.4,0.2,0.1,-0.5289787135975307,1.3882726756911306,1.3437619332643311,1.2941016394580425,0.8800354616058043
0.1,0.1,0.3,1.0,0.6,0.5,0.21503217125320573,0.5744666260602059,0.7704211940084233,3.686004675528164,3.4907533338421284
0.3,0.8,0.4,0.0,0.7,0.0,2.280457102843036,-1.4259375884208232,-1.6199114991209556,1.971282145471438,1.5265019603771184
1.0,1.0,0.5,0.6,1.0,0.4,-0.7478831460249002,1.917831057270707,1.8031366531143425,4.749354770892557,4.661522690250724
1.0,0.5,0.0,0.1,0.2,0.8,0.9512361093497881,0.29233329944732084,0.24867697489223067,2.4128292426108184,2.1678019581118058
0.4,1.0,0.0,0.1,0.6,1.0,2.5991063750118863,-1.5440847996628781,-1.588859340678501,2.9301653984524627,2.589533156931835
0.5,1.0,0.0,0.4,0.3,0.7,1.32506828828823,-0.039830032936054,-0.4136233693932412,2.2752833462009425,1.8354667072661006
0.3,0.4,0.6,0.9,0.3,0.2,-1.0340991689412706,2.0447336341021947,1.8047787558749007,2.0230843008869397,1.8592815960198052
0.5,0.6,0.6,0.6,0.8,1.0,1.175020273990922,-0.39659545204464536,-0.33492693155229325,2.8915722983567993,2.6941864262617017
0.8,0.7,0.3,0.2,0.2,0.7,2.299762907931886,-1.3075727312204644,-1.5296917245559967,0.950028826055172,0.7701999523239832
0.4,0.7,0.5,0.6,0.2,0.4,-0.5912772426679387,1.6446796724476,1.5352941593061429,0.8920415406039947,0.5528035738506978
0.5,0.5,0.5,0.0,0.3,0.7,1.732570049108671,-0.43292471165927704,-0.373138821228773,1.2342284445373948,1.0820982381243167
0.3,0.9,0.6,0.3,0.2,0.6,1.1472318660411065,-0.17477478483454204,-0.2676193891962371,1.8760039573652094,1.5458610516771198
0.2,0.9,0.0,0.7,0.0,0.3,-0.8354102110687744,1.784928081228974,1.8212997656369017,2.3018898361067315,2.134872771913144
0.5,0.8,0.5,1.0,0.7,0.7,0.8482335075152164,0.3079768795527262,0.04972060855254388,3.8749116889828015,3.5870292224704747
0.1,0.0,0.5,0.5,0.0,0.2,-1.7119096797068711,2.4568946694220264,2.5651872335094694,0.6154369101546019,0.3363822117207144
0.0,1.0,1.0,0.1,0.8,0.5,0.9663239187174186,0.05314148104688615,0.019940458114306284,3.179463122742804,3.221607920277898
0.9,0.3,0.4,0.7,0.8,0.2,-0.6410737394872541,1.6328629281302773,1.5661057190647398,2.6384062427296593,2.574750767284846
0.4,0.6,1.0,0.1,0.0,0.8,1.4356439302772204,-0.5647322518255606,-0.6042290918716905,1.5073862780383958,1.3041691905013857
0.1,0.7,0.3,0.6,0.7,0.5,1.3430338623124571,-0.3435373024586267,-0.288205924062911,1.4373048040759615,1.4442292788459357
1.0,0.1,0.8,0.1,0.3,0.8,1.043777863494994,-0.22180159348149872,-0.3731928822178564,2.677503546271804,2.4590713161059417
1.0,0.0,0.3,0.1,0.2,0.0,0.0714727817781691,0.7986600531666364,0.8410921831720632,1.9369198171273836,1.6593092214616825
0.8,0.6,0.1,0.6,0.9,0.0,0.8031041641809764,0.3219226066658322,-0.04610228628047314,3.7102435316771847,3.746426892589486
0.9,0.0,0.7,0.7,1.0,0.7,0.6912356233056763,0.37349548999081844,0.03703412291030808,3.531529736561569,3.1957843795117453
0.1,0.6,0.4,0.3,0.4,0.7,1.8366097159989208,-0.9482576039211623,-0.8275825523022292,0.9025737639027155,0.8930868893203282
0.0,0.9,0.4,1.0,0.9,0.4,-0.5039761267665046,1.5668425110402693,1.4828430295605874,4.7086400318862065,4.5084952177019515
0.6,0.0,0.6,0.1,0.0,0.7,0.5698021215671631,-0.08926632455078698,0.09914319917280295,0.5999172886636173,0.24110354038382367
0.4,0.2,0.2,0.3,1.0,0.3,1.1482681845852971,-0.10490404083093387,-0.15784716233773743,1.8294778129088025,1.3200791630944322
1.0,0.8,0.4,0.1,0.8,0.3,0.34450706531948666,0.7253994483774576,0.4529845198470859,3.0483362609103466,2.788410124689626
0.3,0.0,0.1,0.5,0.1,0.7,1.1472062566481491,-0.18656023748061512,-0.2735115117070729,0.7236965454056538,0.4375253973693946
0.7,0.5,0.4,0.0,0.8,0.2,1.2480102454807882,-0.6133175670164388,-0.615033798331872,2.7044389456278535,2.587991254079811
1.0,0.1,0.1,1.0,1.0,1.0,0.13709882532025186,1.0552093115946237,0.8314888717354103,5.542587450980278,5.118097863652425
0.1,0.0,1.0,0.3,0.3,0.5,-0.07094942098050082,1.1126778330820086,1.1330556395711875,0.8831093936116858,0.6636633987905877
0.0,1.0,0.3,0.5,0.5,0.4,0.19094197874286167,0.7898275687503081,0.7448849033121618,2.6226360608468733,2.380153531867697
0.8,0.7,0.2,1.0,0.7,0.2,0.4005230975103937,0.8857072552972611,0.4912569952711051,4.165642876182263,3.8165962413688406
0.3,0.2,0.4,0.5,0.8,0.1,0.9888454212825314,0.0016750907328739462,0.08936537086603903,1.9712351794447844,1.6209540312474684
0.0,1.0,0.0,0.4,1.0,0.3,-0.3774883314095124,1.2601811110018821,1.1620976969463954,3.1244571150391707,2.9331332212351926
0.8,0.0,0.8,0.8,0.6,0.9,1.5934507778299123,-0.39500282161698663,-0.6058863731092419,3.3294095897371814,3.05325590378002
0.2,0.0,0.6,0.2,0.1,0.0,0.26388388356278664,0.839699302535929,0.7294509162342802,0.48365867096171533,0.4341194403106656
0.3,0.7,0.6,0.8,0.5,1.0,1.5440536169763988,-0.3890850613102258,-0.5404361462112731,2.0111052009548986,1.8201028551592957
0.0,0.1,0.1,0.9,0.1,1.0,-0.768440922949839,1.5141142449669025,1.4210508470971701,2.3604152777639436,1.8567995610089798
0.7,0.1,0.3,0.8,0.1,0.7,1.0288206920842462,-0.05265649715084261,-0.1607865820471483,2.438998377850034,2.0603789244752044
0.3,0.8,0.9,0.9,0.1,0.9,1.3866850135950102,-0.3514382720193428,-0.38305180416967527,2.461437969175118,2.4502177594701955
0.1,0.2,0.7,0.4,1.0,0.2,0.08299475753658865,0.9639721512595958,0.8091928375848212,1.9893332478314623,1.7396683047911399
0.2,0.7,0.4,0.7,0.7,0.0,0.9749820793335533,-0.10513720380655017,-0.3634603854861578,2.110440091880858,2.19847563326551
1.0,0.4,0.5,0.6,0.6,0.2,-1.593569818060272,2.2775617552015337,2.38636999133214,3.0550069547427414,2.86485536204054
0.6,0.4,0.3,0.4,0.5,0.9,2.4492353381227328,-1.2773703983490352,-1.421914704386687,1.3020410508614277,0.9819163969239617
0.5,0.9,0.9,0.0,0.5,0.3,0.8501207553177311,0.09534163865398054,-0.1944748229913777,2.8747407608076188,2.697593735339854
1.0,0.9,1.0,0.5,0.3,0.9,-0.019607157454108723,0.9814011228825255,0.8528926848817122,3.9536216902767096,3.7460324184077036
0.1,0.4,0.4,0.8,0.1,0.7,0.25889164553891636,0.6683953549997423,0.45475545777596715,1.1896026016637578,0.8058549442150763
0.9,0.2,0.2,0.1,0.2,1.0,1.3102079524902834,-0.46541098499425315,-0.45879789320175135,1.487526574423223,1.3302561863429805
0.3,0.0,0.6,0.7,0.6,0.3,-0.2635768928529342,1.3949097844203175,1.378718255280125,1.856412972774326,1.755498264504892
0.2,0.2,0.2,0.3,0.1,0.9,2.046601591317679,-1.1550323335528982,-1.1384736130878164,0.38405340378832686,0.11340424708222545
1.0,0.3,0.8,0.8,0.1,0.0,-1.23171153318616,2.1327104337931364,2.1473087486966835,2.9480877634629272,2.6631908031288622
0.9,0.1,0.7,0.1,0.1,0.4,-0.48767691682551695,1.5647009794633409,1.4998938024299642,1.8507241247350525,1.8951915338099075
0.4,1.0,0.3,0.6,0.4,0.9,2.0900365067308364,-1.0224916828623556,-1.1866980945485257,2.688590764002029,2.330538208500044
0.0,0.6,0.5,0.1,1.0,0.1,0.3039204531734405,0.6871624283231501,0.5299490363376202,1.9337494180306782,1.7904436747244854
0.1,0.5,0.0,0.1,0.9,1.0,2.232926642516756,-1.2253736441428893,-1.1287804867542275,2.4183489767180126,1.9443185574692947
0.7,0.3,0.3,0.0,0.1,0.7,2.2878368384106955,-1.4915350112350585,-1.6675071999333313,0.12559966256562485,-0.02116081878911319
0.2,0.6,0.5,0.9,0.8,0.3,-0.11640324121860149,1.1452139759441342,0.9544499652286242,3.3451983219812593,3.3258272481548663
0.6,0.8,0.5,0.1,0.9,0.6,2.0219312029450527,-1.0647828902764351,-1.136489955147142,2.1124794169894825,1.7398490397380797
0.3,0.7,0.2,0.8,0.3,0.3,0.41060725102177265,0.6291738533922808,0.6288619097926245,1.5044304301211142,1.1921204350854582
0.4,0.9,0.2,0.3,0.5,1.0,2.724579249909871,-1.7186048461169967,-1.9321545716817532,2.382653580964822,2.1590210065842146
1.0,0.9,0.7,0.8,0.0,0.8,-0.32933599259599916,1.279480921386909,1.243769817323968,4.1542273459757935,4.055044947148517
0.8,0.4,0.1,1.0,0.5,0.6,0.5023362768542367,0.6506710573274146,0.5002626091332314,3.5751120424298612,3.496729053647594
0.6,0.0,0.5,0.3,0.7,0.0,0.5701374595363874,0.6395218261900533,0.5342157728756618,2.006567956880287,1.904899374242735
0.2,0.2,0.6,0.7,0.5,0.3,-0.7746362966680297,1.7553173704678622,1.4721474103985897,1.6920324206923019,1.6343694970534686
0.1,0.1,1.0,0.4,0.2,0.1,-0.9307885008184623,2.156808543949774,1.9610282449439222,1.5963152770832643,1.4715457087685115
0.0,0.3,0.4,0.4,0.3,0.2,-0.6660316539852794,2.045773735938493,1.71409798356109,0.11700326212837225,-0.2878964358230614
0.2,1.0,1.0,0.9,1.0,0.3,-0.014966748683780534,1.0261171402197875,0.7844062558928786,4.796224620205649,5.013351865761552
0.4,0.8,0.1,0.5,0.9,0.7,2.1818843166653736,-1.0662712955908489,-1.2456600534466142,1.9449957889886715,2.1513526284710487
0.4,0.5,1.0,0.1,0.1,0.3,-0.0771618202112758,1.2230447797552009,1.2329707733844004,1.8166029731462945,1.406603623250402
0.8,1.0,0.0,0.3,0.7,0.8,2.215099199297525,-0.9965346797527419,-1.3710516317592356,3.886676899558945,3.43218567264349
0.2,0.3,0.7,0.3,0.3,0.4,0.4724556642384444,0.4985641915274542,0.41537350264903206,0.2171607928442235,-0.07056456671366
0.6,0.0,0.0,0.9,0.0,0.7,-0.21685275854740066,1.2946410314722507,0.9116815027047579,2.028759520978705,1.7076061481637939
0.8,0.1,1.0,0.8,0.0,0.4,-2.0007621662372155,2.8321889573639942,2.784557856351646,3.3333723053409066,3.2570574966444132
0.7,0.0,0.0,0.5,0.9,0.5,0.8591751906013826,0.218778850078817,0.24532647795777826,2.1384890792543962,2.0960896664514053
0.4,0.0,0.5,0.2,0.6,0.3,-0.04954138851410869,0.7215311404745501,0.7551220386839365,1.2058258520973224,1.053371050146199
0.6,0.4,0.1,1.0,0.9,0.1,-0.1946039650727809,1.095967677970329,0.9287871650683124,3.7841123119467457,3.7013411347551806
1.0,0.0,0.4,0.9,0.0,0.9,-0.5856463856097271,1.9434408242493018,1.7320448816134066,2.968154848695092,2.963017161165593
0.0,0.5,0.6,0.2,0.8,0.5,0.3746089365609983,0.5398791040137286,0.412304420797779,2.165766977461996,2.0763861638122836
0.6,0.7,0.2,0.0,0.6,0.1,2.149203344364364,-0.9457203639949505,-1.170747784678029,1.6872521069287325,1.4985215715907088
1.0,0.5,0.2,0.6,0.6,0.7,0.9910785063486103,0.03128176326697053,-0.17130113818579978,3.9223160807825246,3.75400829451393
0.7,0.6,0.9,0.4,0.0,0.8,1.699670844826752,-0.48094306922892155,-0.7101082955137351,2.0499059497616496,1.8820312324620287
0.1,0.4,0.2,0.2,0.6,0.0,1.3399341940189742,-0.21655557727277958,-0.6900481866970808,1.3119346204999465,1.1731177087829152
0.0,0.2,0.8,0.0,0.0,0.7,1.1093144519704496,-0.07729542218806881,-0.17925241785922036,0.4197144254727388,0.3623256934582581
0.6,0.3,0.3,0.6,0.7,0.6,1.7607299082930405,-0.9003006692863831,-0.8541952973173597,1.4740963407755623,1.3696975841920995
0.1,0.4,1.0,0.6,0.4,0.2,-1.1611919212920185,2.2145376189173676,2.124174120093672,1.4021150785979035,1.3595978724495454
0.0,0.4,0.6,1.0,0.1,1.0,-0.8179603538790173,1.699436334888628,1.7672139041435486,2.0745181926787177,1.8846529548613657
0.2,0.1,0.7,0.9,0.9,0.4,-0.11084255662688064,1.0231940655557445,0.978172267556545,3.661694001834689,3.4151866497020196
0.0,0.4,0.2,0.8,0.0,0.5,-0.8271503160763383,1.8287957770469534,1.9024694537167148,1.3406133885024123,0.7880541104890659
0.0,0.9,0.6,0.6,0.0,0.5,-1.2614585918804633,2.3285784106168803,2.069803295884408,2.143224967314126,1.8046541369661906
0.6,0.6,0.7,1.0,0.9,0.7,1.4086677288487337,-0.5590396976178642,-0.4161511890784403,4.373636538343452,4.383012888433383
0.6,0.0,0.6,0.3,0.2,0.7,0.7924686596171787,0.3013027818241604,0.0756459396169629,0.6493001427847898,0.6908913271272488
0.7,0.9,0.2,0.4,1.0,0.5,2.041386123201689,-1.0985254664413027,-1.1442011514600305,3.4620983026716114,3.552524701099804
0.0,0.2,0.4,0.8,0.7,0.4,-0.8667763979906449,1.867870309585595,1.549830838877813,2.275010292188314,2.1583914461086144
0.9,0.1,0.5,0.3,0.7,0.5,-0.0807398644697528,1.1537013777519423,1.0778947123594487,3.1522515709878753,2.6681105918909993
0.3,1.0,0.8,0.6,0.8,0.0,1.383333072688337,-0.7101442470529037,-0.7196759894882527,4.027592193830021,3.878070003240258
1.0,0.1,0.6,0.5,0.6,0.7,-0.03890822395629774,1.0904136752637825,0.7189578909585119,3.46768866641906,3.4867355540224034
0.5,0.2,0.6,0.6,1.0,0.5,0.28043681255850533,0.8385860367824578,0.8884572032899859,2.39154853049877,2.0481308539280536
0.1,0.4,0.3,0.4,0.7,0.2,0.8688385763529256,0.31017171122189624,0.1823553466097728,1.431014771585795,1.2806938015259817
0.5,0.6,0.5,0.0,0.2,0.2,0.15575666271016875,1.0126461397445399,0.9911208930154325,1.0971455710033586,1.0019183387288664
0.4,0.2,0.2,0.0,0.0,1.0,2.0698094488368004,-1.122877681147525,-0.9664481700121104,0.45433198431862504,0.31872673251036543
0.4,0.2,1.0,0.1,0.1,0.3,-0.33867446296068304,1.6042911210976076,1.4054282627547914,1.0533705783250151,0.8570989534911029
1.0,0.2,0.8,0.9,0.5,0.7,0.16875079350676392,0.8482697669624142,0.7828064110042801,4.163480372201591,3.8968338118313555
0.7,1.0,0.4,0.4,0.5,0.0,1.2264848242368986,-0.054951098686869704,-0.006283159055188614,3.3273057202856244,3.0658402291297344
1.0,0.0,0.4,0.9,1.0,0.8,0.5216920625060976,0.5353445042297811,0.38475433454870434,4.308339096415807,4.009845877688394
0.0,0.5,0.6,0.8,0.1,0.0,-1.5980865378433922,2.645190408820673,2.5796272344548647,2.301834896421835,2.345100033080696
0.9,0.2,0.7,0.3,0.2,1.0,0.454344337911671,0.32980089427535597,0.3148172775391028,1.787351310614932,1.6090395568297304
0.2,0.0,0.1,0.4,0.3,0.4,0.09532315979958772,0.6779376188945645,0.721869079430699,0.36738563890285797,0.10329430007871165
0.3,0.5,0.6,0.6,0.9,0.4,0.0763306625191898,0.7445088061993743,0.563587540113634,2.958144452796054,2.703474493801387
0.2,1.0,0.4,0.5,0.8,0.6,2.0433893182332517,-1.3053361991048682,-1.2663790503850847,3.150579804677283,2.882915679522516
0.3,0.6,0.5,0.6,0.0,0.6,0.41781315543272984,0.5415577706964875,0.4273627838754282,1.3536915582179594,1.1321612479942873
0.1,0.1,0.3,0.8,0.4,0.5,0.04261913652379289,0.7853140084395325,0.8863283342880561,1.878913568527244,1.9377133456331095
0.1,1.0,1.0,0.7,0.3,0.3,-1.0987183714919642,2.2068294865563103,1.9996345128768775,3.206498224912514,3.110236241734216
0.2,0.5,0.5,0.7,0.7,0.4,-0.0044735197731917975,1.020078507656431,0.9465866303702187,2.913584696790439,2.5749853015273345
1.0,0.2,1.0,0.3,0.9,0.5,-0.10274570827999227,1.122948990767329,1.092507731222812,3.5795486902682474,3.293241962656542
0.5,0.6,0.2,0.1,0.8,0.2,1.4719815521623185,-0.49033085106928054,-0.4694916157919856,2.201114554833529,1.959847793233593
0.7,0.3,0.4,1.0,0.1,0.3,-0.9388035767022418,2.092782108137504,1.9292680980565198,2.1935252509361063,1.99558808342198
0.5,0.2,0.3,0.8,0.3,0.7,0.9393429908909287,0.11299748862760982,0.19633466437270947,1.5965679354526858,1.427971012339945
0.0,0.1,0.1,0.1,0.8,0.2,-0.015061060954821397,0.9620081536754729,0.9156638718856044,1.9181143316285345,1.7704220164472348
0.5,0.1,0.3,0.7,0.7,0.9,1.4860210306434314,-0.7655115492391621,-0.7263825311951436,2.88831953863081,2.8066173516325206
0.0,0.2,0.7,0.4,0.6,0.8,1.2663910702154526,-0.15833918806225988,-0.41265476541013546,1.4437572202051372,1.2790998731917465
0.2,0.1,0.4,0.7,0.3,0.3,-0.6561774641088951,1.4930301418206504,1.4596869847106322,1.5233282881516375,1.3385678248544082
0.1,1.0,0.2,0.6,0.4,0.6,1.2771229957153365,-0.35018996865865437,-0.30512196485112264,2.4059591700627103,2.3203541058124832
1.0,0.2,0.7,1.0,0.4,0.5,-1.0800585772372215,2.3929922306983236,2.0759810510370666,4.107777471161851,3.7630247179615135
0.8,0.0,0.0,0.9,0.0,1.0,-0.12662679518021985,1.0132161306596676,1.2582983101617933,2.5018854955384757,2.4683651443623673
0.5,0.2,0.4,0.0,0.5,0.8,2.0856724094645815,-1.2785368579172305,-1.0852383593634245,0.9600894840793796,0.8525152072219775
0.9,0.9,0.3,1.0,1.0,0.5,0.4771843569770545,0.5306227871096862,0.5307619283336933,5.556643973798073,5.600564139217793
0.6,0.2,0.0,0.2,1.0,0.3,0.19128188370713362,0.6927148300869036,0.5605244807122878,2.029863655183679,1.7541573379121846
0.6,0.4,0.9,1.0,0.8,0.1,0.1358395227092397,1.058209168038446,1.00679958528966,4.144748573978193,3.974793481993842
0.5,0.9,0.0,0.5,0.9,0.8,1.8731952764408568,-0.6582657488925467,-1.0754790061482082,3.321272264877147,3.453120092570764
0.6,0.8,0.7,1.0,0.9,0.9,1.7003944215918798,-0.4985663273384462,-0.6055582180552312,4.232798217252003,4.213309161418935
0.7,1.0,0.7,0.0,0.8,0.4,1.5840226871070187,-0.7837966930239655,-0.7462949268505041,3.436835995752016,3.24089142935119
0.5,0.2,0.1,0.2,0.3,0.4,-0.02541106809627412,1.1623029464182157,1.0891973172356177,0.7220785274829027,0.33313947087744744
0.1,1.0,1.0,0.8,0.2,0.0,-1.0623716298213826,1.73753290428605,1.8726063173406768,3.6983283662465687,3.471360096464547
0.3,0.6,0.5,0.5,0.2,0.0,0.4083735200735457,0.9445691427032434,0.5431969760998626,1.3953198849210624,1.3537280550311759
0.7,0.5,1.0,0.8,0.8,1.0,1.3139466068569672,-0.4668419718615042,-0.28054089640598634,4.515099735312676,4.316562981837856
0.1,1.0,0.4,0.9,0.9,0.7,1.5352986466060692,-0.4071059351294263,-0.7090812992209987,4.334885539473497,3.9919926001079395
0.4,0.9,0.9,0.7,0.0,0.4,-0.6041454139711987,1.4985922252525383,1.5207994469022232,2.9581120460357773,2.6140186368050005
0.3,0.6,0.5,0.4,0.9,0.0,1.257367842420244,-0.26301909904132326,-0.402213439836821,2.5506874987299875,2.318530112013063
1.0,0.6,0.0,0.0,0.5,0.9,1.4605203022287898,-0.5164316491323787,-0.6074930706452848,3.0565426544968846,2.6201329343420245
0.3,0.8,0.5,0.3,0.3,0.7,1.7816734091485638,-0.8065846578123982,-0.8516173762007195,0.8168113392729226,0.5245771569292267
0.1,0.7,0.5,0.7,0.9,0.3,-0.3375065698473429,1.3998521495080387,1.2087808635983632,1.9996977892858856,1.833666681900552
0.7,1.0,0.9,0.1,0.3,1.0,2.4946263725614477,-1.4962129464604026,-1.6895405871757543,2.7736444713254205,2.7749580150570634
0.5,0.4,0.1,0.5,0.4,0.6,0.8157766013071542,0.18187325523030723,0.09373514628154439,0.8474593133033238,0.7498814948808278
0.3,0.4,0.9,0.8,0.9,0.5,1.1530641767785328,-0.031401141419678424,-0.03617514661576243,2.6983817076645784,2.7309259165376774
0.0,0.2,0.2,0.9,0.5,0.0,-0.6156437070181464,1.3857394900121875,1.374653835234479,2.662644105395969,2.459673228838391
0.0,0.6,0.0,1.0,0.8,0.6,0.13116068536182096,0.6594011353531768,0.61506797059373,4.023116209279587,3.572705548243607
0.1,0.2,0.5,0.0,0.4,0.5,0.5319997624976213,0.5187743247571084,0.5196759130102422,0.3622450319330556,0.27819430103269327
0.7,0.2,0.2,1.0,0.8,0.9,1.7431488099164236,-1.0415297599146438,-0.9759541320994615,3.977057499328503,3.902671490610187
0.7,0.5,0.2,0.3,0.9,0.1,1.5722661662845232,-0.4346182092708428,-0.7190016695450807,3.04657879009194,2.940897181505339
0.5,0.3,0.1,0.0,0.7,0.6,2.1574707309521943,-1.0932459670373935,-1.1345374536568003,0.9888357337514039,0.9645036509549854
0.5,0.8,1.0,0.0,1.0,1.0,2.531876680630965,-1.3887574203760655,-1.3675260249608414,2.5095427375907393,2.2797666248102613
0.7,0.1,0.1,1.0,0.2,0.3,-1.3803969240728138,2.2722409453715033,2.232608679136013,3.4653605824681213,3.2987985831221476
0.0,0.9,0.8,0.6,1.0,0.6,1.1746250856707263,-0.14976289048339347,-0.18534964078274252,3.4630056452546047,3.3958919349641112
0.1,0.2,0.9,0.9,0.7,0.6,0.5194458835535756,0.35827847589722756,0.3161955743797943,3.251105238748063,3.037415896016973
0.9,0.4,0.9,0.9,0.3,0.5,-0.7617445033647361,1.9914629916162554,1.5712856266819415,3.3644124532506803,3.096979442622002
0.1,0.2,0.3,0.9,0.7,0.3,-0.1707220349009973,1.160761827303981,1.119670555262724,3.055874927348191,2.7199282475863207
0.5,1.0,0.9,0.4,0.9,0.4,0.8801007322501849,-0.06095281647202322,-0.08308691928562374,3.718607624163972,3.3519581351164938
1.0,0.1,0.4,0.4,0.0,0.2,-1.7494984879667481,2.8647287285772185,2.7500766936364713,2.2745255115870684,2.0393675148194825
0.7,0.0,0.3,0.8,0.1,0.6,0.618819506602786,0.3327203870958678,0.16183252452913277,1.832356461296115,1.7211103427172447
0.2,0.4,0.3,0.6,0.4,0.4,0.7306352070630658,0.29835830633778426,0.11081386263115944,0.9063435801240569,0.754401948831469
0.2,0.8,0.2,0.8,0.2,0.0,0.6554163142097944,0.4241340818138637,0.24623452226266868,1.8042853467073066,1.8812268076118985
0.4,0.8,0.8,0.3,0.3,0.8,2.2965846020896628,-1.3353704849552868,-1.3615362196454506,1.1217322000559864,1.0478962828920184
0.0,0.9,0.5,0.2,0.5,0.0,-0.13740575548744705,0.8597586095500772,0.7349627925748099,2.2467715721898878,2.1635292187989283
0.3,0.5,0.9,0.2,0.5,0.9,2.818947043441399,-1.7739105403080804,-1.9319857053813532,2.319650800651434,1.8738531758152848
0.9,0.2,0.1,0.8,0.8,0.0,-0.5830663119911352,1.5629221744166324,1.4998262481621825,3.9600669469884373,3.7722001133413614
0.6,1.0,0.5,0.9,0.4,0.3,-1.1852145115409052,1.8894232429507323,1.9372968507958022,3.7187954098188793,3.7216444956093317
0.1,0.0,0.8,1.0,0.2,0.9,0.617348580624446,0.3971692735676016,0.5452615754337753,2.506902265380999,2.2539320160069463
0.8,0.4,1.0,0.4,0.1,0.0,-0.5057673263958974,1.2843809599644354,1.356547534522386,2.067712859909301,1.6513122367389668
0.9,1.0,0.1,0.7,0.4,0.9,0.7921026566313534,0.49470993874938274,0.23724123913676645,3.7094231810279927,3.6466211852466515
0.7,0.5,0.4,0.4,0.7,0.5,1.4837071605097718,-0.4875503415067952,-0.457579441003592,2.8959806901188925,2.56660831315926
0.1,0.5,0.1,0.2,0.7,0.6,1.8903038175727336,-0.8786977207723802,-0.8920598992296741,2.12419215312645,1.9162867154321688
0.9,0.3,0.0,0.8,0.6,1.0,0.2992536787951828,0.7346776734107678,0.570521479723254,2.8915802741367873,2.8871277166039118
0.1,0.5,0.5,0.5,0.3,0.7,0.5016472979005346,0.4365996144643525,0.4294956129001711,1.246436849694824,1.142358699542986
0.7,0.1,0.4,0.3,0.6,0.8,2.1595011489861555,-1.2508746850826022,-1.3370250147494074,2.433435919344476,2.2313033464084953
0.5,0.2,0.9,0.6,0.1,0.0,-0.5738924032480704,1.5221466183662251,1.5566693184052494,1.7017085306691886,1.6162920105241527
0.1,1.0,0.6,0.6,0.9,0.8,1.4884277594974815,-0.3766769373375524,-0.2464114162801574,3.441522221615629,3.1474944865914143
0.4,0.6,0.6,0.1,0.9,0.5,1.3628852338464927,-0.5884248930394403,-0.5109632680922815,2.1540700008836735,1.7876078801000777
0.7,0.0,0.4,0.7,0.5,0.2,-0.22337354819268987,1.1703352355686225,1.31453299630773,2.1841101188526344,1.8841854596745846
0.1,0.0,0.8,0.7,0.6,0.3,-0.24850216854128274,1.3276415088156577,1.170250339391916,2.1589071061284466,2.0740053788640336
0.6,0.9,1.0,0.6,0.9,0.4,0.124938997663329,0.9181787446983695,0.9538219503584402,4.233875665848318,4.001010808845975
0.3,0.6,0.1,0.0,0.2,0.5,1.75128567234878,-0.8520060204288598,-0.9277008764882346,0.9234565821756262,0.765287972333031
0.8,0.8,0.3,0.1,0.6,0.1,1.5286249623763895,-0.8588054288345539,-0.7760518863815876,2.351832004929349,2.2102391676111766
0.8,0.8,1.0,0.2,0.3,0.7,1.4487089939455622,-0.4995693061908061,-0.5144487726969618,2.2691685207821104,2.0364371450100234
0.0,0.3,0.1,0.7,0.1,0.5,-0.9676954047653901,2.0480736912864534,1.8783745194615846,0.3790731653667794,0.3965567554213361
0.5,0.9,0.3,0.3,0.9,0.3,1.1801483081299269,-0.06850602362481854,-0.2621655384993701,2.881715206631266,2.9125550405974394
0.4,0.8,0.0,0.4,0.1,0.8,1.2508753442597156,-0.3931915270854288,-0.49902000856904694,1.0376613315928707,0.566506100661232
0.1,0.9,0.2,0.4,0.6,0.4,0.6836818586983179,0.11833829321697184,0.09735107724875713,2.7359368257828773,2.4922238801609717
0.7,0.4,0.2,0.6,0.1,0.7,1.3672098603621594,-0.2669277241307633,-0.6328002011268294,1.2084950638875949,1.0444342245989369
0.9,0.9,1.0,0.8,0.4,0.2,-1.7221857594206544,2.8249102936683976,2.537796733426271,4.592056079117156,4.526138597655732
0.6,0.6,0.4,0.3,0.0,0.9,1.6886363170584575,-0.7207593303256232,-0.74403898579781,1.2656016537468853,0.9694236310801017
0.0,0.5,0.6,0.9,0.2,0.8,-0.40987010450872197,1.4581090257791833,1.4699129362113015,2.720229444448044,2.386024848028604
0.6,0.2,0.0,0.2,1.0,0.9,2.123950416206072,-1.0284613138879264,-1.2038819039250372,2.0922808232900105,1.7251707857659242
1.0,0.0,0.6,0.4,0.2,0.0,-1.408292001204095,2.195482973797198,2.026718314202653,2.077748324271011,2.153430535812229
0.6,0.5,0.3,0.5,1.0,0.3,0.9515191737994096,0.007673315826136479,-0.043767169108718904,2.986317684249548,2.675067610512951
0.0,0.3,0.9,0.4,0.3,0.5,-0.15870421541589239,1.156667933174406,0.9278229667537247,0.44951813341637803,-0.0002696839033045628
0.3,0.6,0.0,1.0,0.9,0.4,0.31150222648339065,0.7025124180381975,0.5513860831429878,4.043584173160811,3.804457346450063
0.4,0.6,0.1,0.9,0.7,0.9,1.7904816192943787,-0.7556829201015275,-1.0004693210692688,3.49080507709353,3.569721540189038
0.6,0.7,0.3,0.1,0.4,0.3,1.270656720886324,-0.23557246737728332,-0.37547636288883357,0.7675328245805648,0.5933012839883002
0.3,0.1,0.4,0.4,0.9,0.9,2.3272220732907845,-1.4873609890827437,-1.5364132043724203,2.0408180046360145,1.8906231381254872
0.2,0.9,0.2,0.8,0.1,0.3,-0.19857192036381557,1.1533927676245037,0.9639821033627071,2.714750826753074,2.4364323676669155
1.0,1.0,0.3,0.0,0.1,0.7,1.675425816352631,-0.6718161580716243,-0.5794126514859149,3.125098346578984,2.9042720969100677
0.8,0.8,0.4,0.3,0.8,1.0,2.521038842801691,-1.4451927845341423,-1.647466051855092,2.6164589292178553,2.3739604705478485
1.0,0.2,0.8,1.0,0.9,1.0,0.45537268975439,0.43295388166538273,0.45895520068848283,5.289411986688287,5.003043732667419
0.8,0.7,0.9,0.9,0.8,0.8,1.552494521803192,-0.7290120292843272,-0.7595654435251852,4.009054483581783,3.982058018435178
0.3,0.9,0.5,0.6,0.0,0.4,-0.6470358531057852,1.7165886937401682,1.418756256754467,2.0683407207458746,1.7627463358242002
0.2,0.6,0.4,0.1,0.3,0.3,0.8756631588880849,0.027668148294359207,-0.08856177239453072,0.9583552101591558,0.6064539417451296
0.8,0.9,0.0,0.8,0.0,0.8,0.25451262306929223,0.7312663888889039,0.7433165219658102,3.535211632137537,3.1881718927715026
0.9,0.2,0.8,0.4,0.9,0.0,0.6252895653444196,0.36847131343217,0.545034070998731,3.275022814508762,3.2672686741300163
0.2,0.1,1.0,1.0,0.1,0.0,-1.071879888984599,2.2673454540413944,2.0930457331469463,3.6718144190401385,3.4795594607709743
0.1,0.3,0.8,0.0,0.7,0.3,1.1086321268833959,-0.21717550121842533,-0.40685364100159516,1.1645533248127533,0.892548159473909
0.5,1.0,0.1,0.9,0.2,0.3,-0.9934523889583997,2.1239049809026698,1.818610732665303,3.5142856303340495,3.4999596797777293
1.0,0.5,1.0,0.5,0.6,0.3,-1.2839473145149203,2.1817582234635413,2.1391519427096615,4.343058843560915,4.076252300206796
0.9,1.0,0.4,0.8,0.9,1.0,1.0990617412171633,0.06244341327506028,-0.3700888989956132,4.93201180307766,4.736915612758375
0.5,0.9,1.0,0.2,0.7,0.8,1.987682096259808,-1.0323126908815368,-1.1114087137812887,3.4671763696498896,3.333854896697367
0.8,0.9,0.5,0.8,0.9,0.3,-0.6333827276578798,1.6860416639559426,1.3417408046619372,4.842126210926407,4.463894673535009
0.5,0.5,0.2,0.9,0.1,0.5,-0.10207536506171105,1.2490972661119348,1.0667974253165158,2.6617414550065495,2.447215949968992
0.0,0.7,1.0,0.0,0.6,0.8,1.9039459937343197,-1.046718517325142,-1.1262929500025474,1.465453992730043,1.427494303526631
0.8,0.7,0.0,0.9,0.0,0.3,-1.4736462045143446,2.3736298782523386,2.2516341262549293,2.5499660246644367,2.4817069679263595
0.1,0.9,0.2,0.5,0.2,0.3,-0.06995146949167318,1.149611967459442,1.0525867521106251,1.9136029208803966,1.7303163309819363
0.8,1.0,0.8,0.7,0.5,0.9,1.8881781293617257,-0.773202650621618,-1.0860184199166067,4.339350785013465,4.027745303307385
0.0,0.0,0.3,0.9,0.9,0.5,0.17343700531150982,0.9130677103707543,0.5696264258287718,2.812823049356723,2.4152060358297125
0.8,0.3,0.9,0.5,0.6,0.3,0.14501083553830035,0.9347563043555702,0.7123790493975177,2.0934258514526456,2.0195435410709894
0.9,0.0,1.0,0.9,0.7,0.6,-0.44423977072889853,1.2444891497666717,1.2149927796505964,4.39193573227093,4.329921965342834
0.9,0.9,0.5,0.1,0.0,0.4,-0.7200635263611582,1.894650071480864,1.785766151778711,2.5404889753305095,2.2110057043660554
0.5,0.6,0.9,1.0,0.0,0.3,-1.1420984781381447,2.5946069719949594,2.108565852373819,3.224382464955503,3.125109201204848
0.8,0.9,1.0,1.0,0.3,0.4,-1.0380408692801684,2.2533084315090206,2.0187771400092287,5.012393830372692,4.7490329869789205
0.1,0.8,1.0,0.6,0.4,0.3,-0.8395809253891624,1.8646646789404495,1.7906029401264685,1.9392397751988235,1.7891234562841023
0.0,0.7,0.9,0.0,0.2,0.3,0.06563036245993115,0.6175961982880777,0.7606786646896183,0.6253446018172341,0.3071016335615232
0.1,0.7,0.3,0.4,0.6,0.3,0.9216985449148778,-0.017620170932430824,-0.08514231980664629,1.4569545221455524,1.0891113866624689
0.4,0.8,0.2,0.2,0.6,0.7,3.0418641491053435,-1.9827371042593076,-2.166628371720373,1.6135072109383934,1.2500291886131298
0.2,0.2,0.3,0.9,1.0,0.2,0.6801623684811329,0.49443638849081284,0.43605147583100884,3.109739993224169,2.6986824383838677
0.3,0.9,0.4,0.0,0.8,0.5,2.6869422369732128,-1.5274581097580548,-1.6954614012875073,2.615953678757633,2.540989576363543
0.5,0.8,0.2,0.7,0.9,0.3,0.5290512071139295,0.6524347178300536,0.390666111226217,2.8274617315822255,2.704526730897203
0.2,0.9,0.8,0.1,0.2,0.8,2.754881282995176,-1.914036650586826,-1.9017452312227139,2.1447119701924975,1.4940211627508089
0.7,0.6,0.3,0.5,0.1,0.0,0.7998508384331832,0.3857684544197759,0.268212389102942,1.9821554849970615,1.7269140652686978
0.4,0.7,0.5,0.4,0.9,0.7,2.22368578233836,-0.9767593580815717,-1.0936085150301638,1.5784950133875582,1.4650400619835147
0.4,0.9,0.5,0.7,0.9,0.0,0.2337544113102888,0.8764548885825958,0.8267444246611153,3.960308313187101,3.5262605862320946
0.7,0.4,0.8,0.1,0.9,0.3,1.5238597416979627,-0.5899074327642042,-0.5728203587322261,2.2846931960272467,2.1195922524292827
0.0,0.8,1.0,0.8,0.1,0.2,-1.9811491925236617,2.8990217903756004,2.8631170690005465,2.4582292197791173,2.0546180431208976
0.9,1.0,0.4,0.4,0.1,0.9,0.8502160950121855,-0.02266667895540661,-0.08023665946455381,3.0028871642926878,2.637660105270249
1.0,0.1,0.5,0.8,0.9,0.6,-0.46296890371455435,1.760037348012831,1.4560186109205229,4.331669350604525,4.376351783360105
0.5,0.0,0.1,0.5,0.8,0.1,0.35996564987296675,0.868891393882693,0.6988609046102028,2.013496639018024,1.900667849288599
0.5,0.4,0.7,0.7,0.3,0.8,0.7866971618622752,0.09329076827071361,0.22053224805295957,1.3811889442908831,1.4853140494406294
0.2,0.6,0.8,0.6,0.1,0.2,0.17301924119980916,0.9592278549898581,0.8155219671244014,1.6835205545179626,1.4306229240933779
0.2,1.0,0.2,0.8,0.0,0.7,1.2776732580994197,-0.3269125359880598,-0.4416190132112138,2.760458833116693,2.6778194971665
0.3,1.0,0.3,0.2,0.9,0.0,2.636563798667515,-1.5814241909206357,-1.5772107158936224,3.1140192229241395,2.9592131269014987
0.0,0.0,0.5,0.8,0.0,0.3,-2.581720608544387,3.549905905275878,3.3563463386174224,1.316687534718891,1.106781415045812
0.3,0.0,0.8,1.0,0.0,0.0,-0.4421324339469199,1.399279293423346,1.3525318617930462,2.8374608325782016,2.6146462912343176
0.4,0.2,0.4,0.6,0.6,1.0,1.5508012616410067,-0.4787249171177996,-0.5973548003557176,1.8000696149894684,1.7331246208646094
0.6,0.7,1.0,0.7,0.8,0.8,1.6339308391647105,-0.5122955460606757,-0.6479525706586862,2.8087811210726628,2.826215132589208
0.3,0.8,0.7,0.8,0.9,0.2,0.4514136798437756,0.5041314908050689,0.1034356613049004,3.2724087244835776,2.8476042738049605
0.4,0.9,0.8,0.8,0.7,0.3,0.16796675537580155,0.5650657890596967,0.6408448067384452,4.145596349706147,4.056261667656775
0.8,0.0,0.8,1.0,0.8,0.6,1.0364265455897812,-0.17413472906042488,-0.20687734101389804,4.506249977365866,4.020048039434644
0.0,0.7,0.6,0.6,0.7,0.6,0.4500743813231891,0.37562478902100416,0.35169553362858963,1.6940579584343887,1.7193439652286133
0.4,0.5,1.0,0.5,0.8,0.1,0.23284699585582389,0.8519731742100071,0.75041781455497,3.2538350607690716,3.067075628256803
0.1,0.2,0.2,0.8,0.0,0.3,-1.1415479198983598,2.249184522958162,2.2269485321403737,1.3480148226922324,1.2062914080935412
0.8,0.9,1.0,0.2,0.6,1.0,1.714939360785967,-0.8707308910351585,-1.087735373400745,3.8818613571789236,3.5921798454169642
0.6,1.0,0.1,0.6,1.0,0.1,0.23162853654595167,0.43917410320415773,0.2898665182370771,3.9319639412437284,4.003738684076139
0.6,0.0,0.7,0.1,0.6,0.3,0.5836032874560624,0.31184622224598146,0.3889574879736487,1.6496338880104213,1.464128033339992
0.0,0.0,0.0,0.7,1.0,0.9,0.7700848170682308,0.47231619215350273,0.306202899080686,2.2817229712311953,1.9177976078755665
0.2,0.9,0.5,1.0,0.4,0.2,-0.9008368264291589,1.797356772881729,1.7980889805223992,3.9004300109582344,3.5583237368041676
0.1,0.3,1.0,0.0,0.5,1.0,1.775588306689227,-0.7294683853764957,-0.7632657078799701,0.7067142137018204,0.446367845850016
0.8,0.0,0.6,0.1,0.0,0.9,1.0027490386902147,0.1281603509727485,0.04337753187248551,1.1106288752902138,0.678790019528893
0.2,0.9,0.9,1.0,0.6,0.7,1.6372537557680775,-0.7155000303057578,-0.8085507387804204,4.9463167745980305,4.5686848937212785
0.5,0.7,0.5,0.0,1.0,0.4,1.1637870800540866,-0.13134602882035196,-0.33716538311595345,1.4849036352117253,1.36473820971273
0.1,1.0,0.0,0.5,0.5,0.1,-0.14533888472765638,1.1122751607121066,0.9025373940549832,2.8706813854212676,2.7671342511727453
0.8,0.8,0.7,0.1,0.3,0.4,0.5962227574090342,0.401246035416848,0.4292475619254724,1.6692696698400697,1.4299076316838022
1.0,0.0,0.0,1.0,1.0,0.9,0.019058448104703765,0.8985639719344094,0.6459257459428831,4.783023809092611,4.510982322556215
0.2,0.3,0.9,0.0,0.7,0.6,2.681799063267835,-1.8385439677695492,-1.7678612470263304,1.0175435852052033,0.9034000213633089
0.3,0.7,0.2,0.8,0.4,1.0,2.2385590563934623,-1.1223354323762078,-1.2114539103728368,1.6771251094476043,1.5265418074741426
0.0,0.9,1.0,0.0,0.9,0.7,1.9672464838633101,-0.8423374629913595,-0.7113675947409991,3.183225862524273,2.9520696455254902
0.3,0.5,0.1,1.0,0.2,1.0,0.97767602524236,0.012368018677092599,0.07029046764145785,3.0307757600807523,2.841840484943286
0.3,0.4,0.0,0.7,0.5,0.3,-0.24275374329555047,1.2161460517600673,1.2812387710709017,1.9366432088675474,1.478336085040582
0.8,0.6,0.4,1.0,0.5,0.7,1.1190303654012983,0.0021999828628804508,-0.27898487601556277,4.1213455112374895,4.045467096869317
0.2,0.1,0.3,0.3,0.3,0.0,1.0749041451211794,0.06794054670720437,-0.2382627847532166,1.2118206059464611,1.0726264380705826
0.3,0.1,0.0,0.8,0.5,0.4,-0.2977762591472744,1.5877982377046065,1.4182360968787833,2.54487128507228,2.4722050226000545
0.6,0.5,0.9,1.0,0.2,1.0,0.5791488569974153,0.4838388038611984,0.40497077718319163,3.7959951847518996,3.5938095040367313
0.4,0.7,0.6,0.0,0.4,0.3,0.5595197971958464,0.4430224634802398,0.4626271557099628,0.6940710167304972,0.36344830540773454
0.4,0.4,0.4,0.7,0.4,0.5,0.3060305157076933,0.7395054920171801,0.6021386233364252,1.3364796136427897,1.0827759247052609
0.1,0.9,0.8,0.3,0.1,0.6,1.3684208144911467,-0.09287969822517098,-0.3249529290101196,1.8354022477578542,1.8091544445610954
0.7,0.6,0.9,0.3,0.1,0.7,1.773764616256919,-0.8255458291407002,-0.8918663604610605,2.0202985865379595,1.6750555639985283
0.7,0.9,0.9,0.8,0.9,0.0,0.8158785679795645,0.08071273552071043,0.08580763597519005,5.205545160323692,4.833612537231478
0.3,0.0,0.6,0.7,0.4,0.3,-0.7098217470121959,1.8133910109269127,1.7105366727819986,1.485896208292992,1.07625814394734
0.1,1.0,0.9,0.3,0.4,0.9,1.76051924122219,-1.0049978203940046,-1.190061179534419,2.532627709949365,2.2963732147100284
0.9,1.0,0.4,0.4,0.4,1.0,1.1594843975795746,-0.20558191158011377,-0.3086323589216674,2.9921454693570593,3.071575582081397
0.9,0.1,0.6,0.8,0.1,0.5,-1.7624742823517965,2.8962644361278804,2.7153197375199793,2.8163492310917873,2.9809947049913825
0.3,0.9,0.4,0.7,0.0,0.1,-0.1864278405200776,1.2500670103935614,0.997716221073967,2.4565038064618268,2.071492860170984
0.4,0.6,0.5,0.2,0.2,0.6,1.1756628254254238,-0.18516947258772953,-0.22888912559353405,0.9799675363558839,0.9271236679926933
0.9,0.9,1.0,0.4,0.4,0.6,0.26120905365261843,0.6538851620556543,0.6970086378043672,3.682255967811227,3.4134045287288703
1.0,0.8,0.8,0.0,0.5,0.3,0.43164823290910614,0.5295034822099428,0.3991923504178012,3.048373386543514,2.7100846280468396
0.7,0.9,0.7,0.7,0.6,0.4,0.10179552427110539,0.634394873396797,0.32640968669250575,4.232069641912505,3.937345724502781
0.6,0.9,0.2,0.1,0.8,0.1,1.8373149946862326,-0.7592812504185628,-0.8268685990145093,3.2704486390356617,2.9934502611536993
0.7,0.0,0.7,0.7,0.4,0.4,-0.32333287941282557,1.47959935752892,1.3117534206325399,1.815342401660215,1.8233763127150429
0.0,0.0,0.2,0.9,0.9,0.0,-0.19264086275327616,1.071842453277096,1.0252335512825497,3.2583131015521998,2.8197477196851284
1.0,1.0,0.8,0.0,1.0,0.4,1.0593436853504528,0.09828837657825773,-0.0703100816375265,4.824495496698888,4.325404029361791
0.8,0.0,0.8,0.9,0.1,0.4,-0.9684307335564513,2.1446266091490274,1.7812359944424074,2.7103153476644577,2.6982650112891373
0.7,0.6,0.8,1.0,0.7,0.4,0.5986418913441075,0.6522585896352594,0.20018642145806642,4.590483528797412,4.525463954923832
0.1,0.7,0.7,0.4,0.4,0.5,0.6768024947157555,0.15071844781155547,-0.012873057608266791,0.6670928693071734,0.7057347966599065
0.6,0.8,0.6,0.4,0.7,0.0,0.5950979772012344,0.2262980633657557,0.1825267525910591,2.5320030561865123,2.2740187874605957
0.0,0.8,0.5,0.0,0.6,0.7,1.8577154938473344,-0.8188396810850666,-0.7537982123664093,1.4203818514150184,1.1234382913065288
0.8,0.8,0.1,0.0,0.0,0.8,1.9890245493945606,-0.8566102321807635,-0.962356263001662,1.2578979560456418,1.121453570640244
0.4,0.9,0.4,0.2,0.8,0.8,3.002046973663501,-1.8592183433464915,-2.1003000345934835,2.6041878903557985,2.5470126286790333
0.3,0.3,0.0,1.0,0.8,0.3,-0.22869152995522365,1.0675682579586585,1.221739909948976,3.03062094875678,2.8109047423435154
0.2,0.6,0.7,0.4,0.1,0.0,0.6520245156858366,0.4559649124570829,0.15414514908405777,1.6739573760074022,1.3521161011296041
0.6,0.6,0.4,0.7,0.8,0.6,1.4229443038869176,-0.4921360949096845,-0.47815907314670053,3.2209131265597777,2.896185879959099
0.3,1.0,0.5,0.7,0.6,0.4,0.10246817350487919,0.6869204204499663,0.8179721333670491,3.560902620862235,3.1590877025901487
0.3,1.0,0.1,0.7,0.7,0.5,1.254872459176979,-0.2819309534642769,-0.24717027479671289,3.5261017474830814,3.3412180593957923
1.0,1.0,1.0,0.7,0.8,0.9,0.5591571645774338,0.3890391989061736,0.29897146247685247,5.564915011817006,5.335231360059594
1.0,0.0,0.8,0.5,1.0,0.6,0.8421739169177271,0.28970471402307485,0.16019528717241954,3.297314035350388,3.307102656686534
0.8,0.8,0.3,0.7,0.4,0.5,0.6964299644460439,0.22967524900950526,0.18157154246147683,2.3081973403814735,2.0696272212935534
0.3,0.0,0.9,0.0,0.5,0.2,1.096986738422387,-0.11850390680610406,-0.4412380446717076,1.3192060729399282,1.185786389709887
0.5,0.9,0.5,0.3,0.6,0.8,1.553470329740136,-0.8216681334805144,-0.758984989230878,2.77327042444517,2.5020041319538566
0.7,0.7,0.2,1.0,0.6,0.4,0.6786769212019433,0.3267342050594563,0.30140593642499414,3.653945819790612,3.3037926090954923
0.2,1.0,0.4,0.6,0.8,1.0,2.2049790368948803,-1.4880097240446217,-1.5449467743050167,3.319427805893746,3.2347511461112473
1.0,0.9,0.3,0.2,0.3,0.1,0.029567269382580835,0.9429335012186868,0.8570704029342204,3.2123874993356,3.0246047591838248
0.1,0.7,0.4,0.3,0.2,0.0,0.5655144341285461,0.47300692305162395,0.2054819255106607,0.2810104112933337,0.2924485687322142
0.6,0.2,1.0,0.4,0.1,0.7,0.6979653235381575,0.5132962058864923,0.3995469229610178,1.459032489880419,1.3218676418184092
0.9,1.0,0.9,0.1,1.0,0.5,1.3872500326329995,-0.5071742209722604,-0.41597512334869213,4.440273948523543,4.037855245384869
0.8,0.4,0.6,0.2,0.2,0.8,1.1157115957485408,-0.09752821098072162,-0.29105207163129987,1.0735189876414322,0.7837162278020919
0.1,0.9,0.5,0.8,0.0,0.0,-1.1595337209967533,2.3518912833426504,2.0430066928837674,3.041501898374775,2.8111176565981424
0.1,0.8,0.6,0.7,0.0,0.6,-0.2243938017249078,1.3376720313399966,1.2333036189621918,1.3962425517476733,0.9650106432980365
0.7,0.2,1.0,0.9,0.8,0.5,-0.09128170019695254,1.0328842818556012,0.8257066962166434,3.964423320984282,3.8888882878976108
0.2,0.1,0.5,0.3,1.0,0.2,0.40471900547801004,0.6719150291059051,0.551744331578128,2.2384062121694908,1.891264485180625
0.7,0.0,0.7,0.5,0.0,0.4,-0.6003682108160164,1.667140926748694,1.4550170429412694,1.1255780318480566,1.1390410802961421
0.7,0.9,0.1,0.9,0.7,0.9,1.7067094753012368,-0.6514169571683084,-0.7507008119701718,4.792089668857563,4.449868891906983
0.7,0.2,0.1,0.7,0.6,0.8,1.3929297510121672,-0.3560558654029831,-0.5234913241324864,2.6042585310345605,2.3649093162860315
0.8,0.9,1.0,0.8,0.1,0.9,0.28561336356761335,0.6664399692999732,0.6093803671504107,4.1100205612765865,3.9077107619060287
0.1,0.8,0.4,0.9,0.7,1.0,1.4189910150109146,-0.3669991337866837,-0.426501334015939,2.9529317624378,2.8338959348701613
0.7,0.0,0.8,0.1,0.4,0.4,1.1010703372574742,-0.06648050647953145,-0.06747547574111724,1.0791917315099284,1.169862780921234
0.4,0.4,0.4,0.2,0.4,0.1,0.7740663104679956,0.4143185009842549,0.3150143489933288,0.6785591880246433,0.5680771720430211
0.5,0.9,0.3,0.3,0.7,0.5,1.6822981472466805,-0.763184329746536,-0.8444523757818987,2.7076402468518235,2.6347677161752197
1.0,0.7,0.5,0.5,0.1,0.1,-1.401174036062201,2.3977021818491746,2.352053806310982,2.1627727964494383,1.8778525897870966
0.5,0.9,0.0,0.7,0.6,0.2,-0.6448239518128372,1.5906963116554966,1.3668818690285622,3.6615288563370028,3.5221611045767562
0.6,0.3,0.1,0.4,0.6,0.4,0.5039032937783082,0.6506770894160832,0.4066714937811147,1.202208361989659,1.0821494971850087
0.2,0.5,0.5,0.6,0.7,0.9,1.694107496387274,-0.5591278019812626,-0.9502888623333112,2.6418239603327334,2.5322797226727314
0.0,0.3,0.7,0.7,0.5,0.5,-0.39719417723316786,1.5086706095376763,1.301609912834471,1.2275774381304938,0.8860222774550707
0.5,0.0,0.0,0.3,0.9,0.3,0.28878442455865316,0.8644672240881806,0.7467226722690798,1.7542345521556264,1.4686767812737465
0.1,0.4,1.0,1.0,1.0,0.1,-0.6359820282422373,1.6622125352685309,1.5594749386321343,3.9107626285733663,3.9627103559200245
0.8,0.9,0.7,0.5,0.3,0.3,-0.5034894878964729,1.4511201251645807,1.2017271658909272,3.1700211415260853,2.8902567940371444
1.0,0.3,1.0,0.9,0.8,0.4,-1.48308589530964,2.4471374401928165,2.5466805240132486,4.307159990705896,4.139546924410346
0.3,0.1,0.9,0.1,1.0,0.6,2.5076903338711767,-1.6761894840374543,-1.690977603522637,2.403329769023784,2.2261314908460523
0.2,0.5,0.0,0.8,0.1,0.7,0.6921825925759033,0.4713596177818552,0.1888310953684162,2.0695204871232997,2.1628287086326945
0.8,0.7,1.0,0.3,0.3,0.3,-0.28840765211483554,1.050783035405848,1.078889617365956,1.827356161882535,1.4011530164421813
0.5,0.6,1.0,1.0,0.5,0.7,0.5441903183840038,0.4249663969824533,0.29927287145138515,4.29408607523776,3.9059489846011655
1.0,0.2,0.7,0.1,0.1,0.2,-1.1715669567391214,2.135200070625285,1.987846208925201,1.9735981731967016,1.764809147223789
0.6,0.9,0.7,0.7,1.0,0.1,0.21151037606517303,0.650728554012953,0.6134795423824169,4.249254504308886,4.049056116830752
1.0,0.1,0.8,0.6,0.4,0.3,-1.2352621980736256,2.3908462808230166,2.2654190431664283,3.4673970180183447,3.2420666747151947
0.9,0.5,0.2,1.0,0.1,1.0,0.09762357034331248,0.6582122476110994,0.8079523934949818,4.317872927270358,3.9216967673136494
0.8,0.2,0.7,0.8,0.0,0.9,0.026698198762024478,1.0892233614365399,0.8836933685154567,2.3483999528503716,2.075652167504784
0.9,0.2,0.0,0.4,0.1,0.7,0.06784610416050982,0.9850348894654624,1.0203372459619204,1.6171211689822749,1.3661799938763672
0.2,0.4,0.7,0.1,1.0,0.8,3.064141534617432,-2.2012379344966715,-2.1380183368358696,1.5836004819885736,1.4879720179312002
0.5,0.1,0.0,0.2,0.4,0.8,1.204090351348397,-0.3634741417939414,-0.3560390922391192,1.413782389440671,1.1897343568472567
0.7,0.8,0.3,0.1,0.4,0.0,1.9274614481758425,-1.0499592850005783,-0.8630830052205086,1.6301072041706635,1.5001286140448147
0.3,0.0,0.3,0.2,0.5,0.3,1.270691278850644,-0.23134985905665684,-0.39264679255839446,0.7644026167626597,0.5739843683920322
0.7,0.6,0.2,0.1,0.1,0.7,2.533019932659564,-1.6224938176326802,-1.4949013419712665,1.5043941199747297,1.0704313284369007
0.4,0.6,0.1,0.1,1.0,0.7,2.8164947532752507,-2.0609113786080924,-2.014697158629721,2.0722878512909726,1.997338469266505
0.6,0.2,0.2,0.4,0.6,0.5,1.181756268531128,-0.33762589995361597,-0.3152553127551229,1.8917194926433416,1.562816573812854
0.0,0.4,0.6,0.4,0.4,0.1,-0.8736593040310477,1.9747414555068532,1.78892608415846,0.6738875821792072,0.6876005589889501
0.2,0.1,0.6,0.2,0.1,0.1,-0.18918733753348976,1.3006612150536725,1.0816973262309646,1.1043280971563665,0.9649832490021415
0.5,0.1,0.9,0.5,0.9,1.0,1.6489716783734736,-0.37458816879095247,-0.6775714327076642,3.1138653684125015,2.850772605533678
0.4,0.7,0.1,0.5,0.8,0.3,0.5249582615340451,0.2402303604934785,0.20335357304943644,1.7505253385827737,1.706763662810652
0.4,0.5,1.0,0.9,1.0,0.2,-0.45311711089638573,1.4085427637982122,1.3304358420397788,4.553010587185341,4.309936622984402
0.0,0.7,0.2,0.1,0.7,0.4,1.259835185434813,-0.17466439327983502,-0.35468208895653847,1.1692499685950206,0.9261684125374566
0.2,0.2,0.2,0.1,0.5,0.1,1.4491739923568008,-0.5771184951811671,-0.5731160384079713,1.132887966957424,0.8364680466424975
0.4,0.9,0.5,0.7,0.5,1.0,0.9587254167979367,-0.03393300241147118,-0.04922437454219784,2.9857388602525594,2.8465132076615793
0.6,0.5,0.0,0.4,0.1,0.9,0.914090308475149,0.003387948232469573,-0.09796355861890459,1.7752098040933886,1.4881412357841102
0.9,0.4,0.5,0.4,0.2,0.7,0.09433452168224785,0.9169228873809162,0.6962096377516096,1.3691334898873253,1.2107491551816607
0.3,0.7,0.7,0.3,0.4,0.3,1.0040174831647182,0.09293549777130752,-0.05013944717749233,0.7899192678849578,0.4806686997385107
0.0,0.6,0.8,0.2,0.6,0.1,0.7277183068212607,0.22349141877305972,0.06803715959683931,2.0658165507128308,2.225590701208106
0.3,0.6,1.0,0.0,0.6,0.7,2.8671882593417024,-1.8274272777578262,-1.9408249655552283,2.34556647364638,2.1720244327858205
0.1,0.9,0.3,0.6,0.6,0.6,1.6584925511969837,-0.8491998655888342,-0.7913290477690256,2.8712646739681333,2.7188795050539234
0.7,0.9,0.5,0.0,0.8,1.0,2.6659989993689384,-1.6909458214171167,-1.6858622112936887,3.3187386929252325,3.037220302843676
1.0,0.6,0.4,0.0,0.5,0.6,1.4835261380491016,-0.42737775279806267,-0.5995994927015944,2.7619360033546596,2.527630275045308
0.0,1.0,1.0,0.7,0.2,0.8,0.09870393705521929,0.8159238321839216,0.9475627372285772,3.103424790119894,2.828280525747175
0.6,0.3,0.9,0.2,0.6,0.9,2.543785076867649,-1.3015419360002913,-1.658677011939363,1.477215200871619,1.13004997438394
0.5,0.1,0.2,0.0,1.0,0.8,2.7967684770975416,-1.880951254711746,-1.8685449918455377,2.187124894024447,1.8888972163507431
0.2,0.4,0.6,0.4,0.5,1.0,1.714813458532304,-0.655403749810378,-0.507857946445995,0.9887310672220111,0.910190353378572
0.6,0.6,0.0,0.7,0.8,0.3,-0.23160878707444582,1.1724193608751365,0.8906287975533087,3.231059573300286,3.071423029661781
0.1,0.2,0.7,0.4,0.3,0.8,1.0332278097825334,-0.03670372105077918,-0.061299020634188614,0.7187199209166792,0.44517614040353787
0.6,0.7,0.8,0.2,1.0,0.5,2.1003246642659574,-1.0369578663449601,-1.3535138086786087,1.829446805905432,1.6335726549956235
0.2,0.0,0.6,1.0,0.7,0.9,1.0688328592540501,-0.11042851773319129,-0.13409208879921752,3.203586609884687,3.243300397932983
0.5,0.1,0.4,0.7,0.8,0.7,1.2941484039240223,-0.21400034393249973,-0.2575976248795239,2.884144147282618,2.5440376552333914
0.8,0.0,0.7,0.1,0.8,0.5,1.4598610348732954,-0.24205291495310455,-0.5077976111364078,2.316622608795948,2.0494511277839447
0.0,0.0,0.0,0.8,1.0,1.0,0.5307959638714209,0.5395027496046315,0.40729012775132006,2.5772251268574187,2.2859338111453806
0.0,0.8,0.1,0.7,0.7,0.2,-0.5364628775122664,1.5533392923695186,1.5115773253425366,2.472678721046341,2.315523862279166
0.0,0.1,0.6,0.0,0.8,0.1,0.08061386190307727,1.1377507702169267,0.7957704509204179,2.044116321930536,1.9394720015058795
0.3,0.5,1.0,0.4,0.3,0.7,1.5032848060516792,-0.19361088179339792,-0.4399138534816257,1.9787986154709298,1.84335075345592
1.0,0.2,0.4,0.9,0.7,1.0,0.15364076011856864,0.7197451154358155,0.4865439346841883,4.246752255739581,4.105978446733086
0.4,0.4,0.5,1.0,0.7,0.9,0.9120999443904757,0.0416212973650336,-0.07913440546362782,3.2835849935120742,3.2369650728785277
0.5,1.0,0.7,0.6,0.2,0.0,-0.04118988489950297,1.3461702537091358,1.0904585215924438,3.0666407443077386,2.831334409153398
0.1,0.4,0.1,0.0,0.4,0.8,2.17217927505029,-1.1034997266056583,-1.1071790269764485,0.32824684162673745,0.35841649188600044
1.0,0.1,0.9,0.2,0.3,0.8,0.8454035110240385,0.3755645584358751,0.07998187406801538,2.9104483525575158,2.4587431956730676
0.2,0.9,0.7,1.0,0.7,0.1,0.17612789018450095,0.8489997783874572,0.5209206803230771,5.110369632221298,4.73138792693673
0.0,0.0,0.3,0.9,0.4,0.0,-0.5658901912930311,1.454112700726382,1.3656054957105104,2.1042542897348357,1.9144999961267124
0.0,1.0,0.6,0.9,0.4,0.9,0.0006761871671651931,0.9494648754528101,0.8924130604942744,3.4269591718267884,3.1614388585272564
0.4,0.2,0.0,0.8,0.2,0.7,0.2793335271024963,0.9535422689520585,0.6187683046358912,1.4017653921500384,1.3763150228456331
0.9,0.0,0.3,0.2,0.5,0.0,0.7453280294277759,0.2997611531241825,0.3449696270694753,2.184147934485359,1.9312634377016649
0.2,0.9,0.4,0.8,0.7,0.1,0.46000938839167094,0.6711575612826572,0.3382093765107424,3.7127636617457305,3.658767049745216
0.8,0.0,1.0,0.0,0.3,0.4,0.010768881584827831,1.0800393289769994,0.9965029852341379,1.5551388769952204,1.2865583211551053
0.2,0.5,0.4,0.2,0.8,0.9,3.0060591304481035,-2.005850734610578,-2.022171219077944,2.0331131545353673,1.846555922494815
0.0,0.9,0.5,0.4,0.2,0.6,-0.23105917443318294,1.0321607627248621,1.0708493112267856,1.6991478043613706,1.4250329994094253
0.3,0.4,0.4,0.7,0.9,0.0,1.128949981393228,0.06895398192565004,-0.13760192260820187,2.596438755993755,2.3941942661055506
0.6,0.8,0.3,0.0,0.9,0.5,2.7315945066518186,-1.520233194952899,-1.7006099136771273,1.8746945145137708,1.71566130687892
1.0,0.5,0.6,0.9,1.0,0.7,0.012789128432212145,0.9420548044469412,0.7633963455308804,5.2610714679661115,4.932863114349183
0.8,0.7,0.6,0.8,0.6,1.0,1.048525042814477,-0.17156229107573912,-0.12222884489470462,3.1215890346327773,2.8737026471405533
0.0,0.2,0.5,0.3,0.2,0.1,-1.176721068987676,2.32281996475854,2.393729013486673,0.648931894813149,0.34479105259677423
0.1,0.5,0.9,0.1,0.7,1.0,2.466964126432426,-1.5411946853843586,-1.8465429748494016,2.599699736016431,2.3805884882805146
0.9,0.6,0.6,0.9,0.2,0.1,-1.6461258197326325,2.8172455080514864,2.565809214269862,3.6962787308358016,3.46402082244706
0.7,0.2,0.3,0.0,0.4,0.9,2.8360207113759905,-1.745241282454587,-2.1173351721222855,0.9327365094950191,0.7332752727039322
0.1,0.6,0.9,0.1,0.4,1.0,2.1730015883249743,-1.133422428102396,-1.2069589325379562,1.5120778588207067,1.1950759903632922
0.5,0.7,0.6,1.0,0.8,0.7,0.9436872487262657,0.19091360448132916,-0.05908716397103264,3.7220649273692845,3.35857505609278
0.1,1.0,0.9,0.7,0.2,0.3,-0.509150907561018,1.7627454152526905,1.5965873532362969,2.9024705748874595,2.642044882043372
0.0,0.6,0.4,0.8,0.3,0.0,-0.9154774621231401,1.6419129144230291,1.6316037981850573,2.173063223235146,2.244108829889553
0.5,1.0,0.7,0.4,0.8,0.6,1.69470127703428,-0.8112850273457165,-0.9611074698560199,3.381281675561231,3.226660978688395
0.9,0.5,0.5,1.0,0.0,0.4,-2.2382815075799227,3.245588716249209,3.0893094838572455,3.9577416364302618,3.7839903351915165
0.1,0.6,0.3,0.8,0.6,0.3,0.26000104091180365,0.7955924551790509,0.7164790749235476,2.8010494646903767,2.671392681120969
0.5,0.7,0.7,0.4,0.2,1.0,1.4345602653580536,-0.4006993055730055,-0.6317648059088705,0.8620656304686701,0.7226459607220592
0.2,0.5,0.7,1.0,0.9,0.2,-0.053364668648187674,0.9637995641231516,0.7330197552095485,4.518441905730015,4.353353340411788
0.0,0.0,0.5,0.1,0.1,0.9,0.38663655299787825,0.5806501883758706,0.3327464320833269,0.29628821884659307,-0.11477051360196619
0.4,1.0,0.5,0.1,1.0,0.2,0.9124681143237539,0.10819086392344986,0.09995573378976794,3.022144587846297,2.9769600514833763
1.0,0.4,0.0,1.0,0.0,0.6,-1.3244997096330666,2.3784392123203637,2.244341732938722,3.4721315617911546,3.1336892694158167
0.5,0.5,0.7,0.3,0.2,0.1,-0.10763358283764153,1.2526815126279398,1.0302135276564626,1.8686361193770322,1.5316483019595901
0.5,0.3,0.3,1.0,1.0,0.1,0.3677536431146925,0.6944481092352128,0.5992843293898554,3.4107657341802424,2.9045300286050835
0.4,0.6,0.1,0.8,0.6,0.5,0.5280662694302904,0.3669872599058722,0.1506175056309645,2.9350132952770247,2.9289183550914832
0.3,0.4,1.0,0.1,0.3,0.2,0.243248890503998,0.8747578448441906,0.5815443912941666,0.8760828068895282,0.719876815064187
0.3,0.3,0.2,0.1,0.8,0.4,1.9960483213486673,-1.0550616662879806,-1.039861041354435,0.7819359906573538,0.6128014393333581
0.5,1.0,0.7,0.2,0.7,0.5,1.691408065558018,-0.4356992049971226,-0.4670531033187456,3.148245843707667,3.1468570326383074
1.0,0.4,1.0,0.6,0.2,0.9,-0.2795991949768704,1.562685242714441,1.2301225573686771,2.7060248414972223,2.4039973812820423
0.3,0.0,1.0,0.5,0.8,0.2,0.2633491411496266,0.8561684108618668,0.8663905164344694,2.430910365512896,2.2701637318637293
0.8,0.2,0.0,0.4,0.8,0.0,0.5615930867489254,0.40967299409509805,0.40223390825802363,2.683680972847182,2.7258897820894075
0.1,0.4,1.0,0.4,0.9,1.0,1.2969495907503923,-0.5573009415124996,-0.646730521425281,2.002729576351496,1.9389521206070754
0.8,1.0,0.5,1.0,0.6,0.6,0.44341648845772746,0.4518709494737877,0.5407458850387051,5.204155527765138,5.198768501189376
0.5,0.7,0.6,1.0,0.9,0.3,-0.7357351199555013,1.5529322209480532,1.6871206060595831,3.5857937678480556,3.390407199628736
0.0,0.4,0.2,0.6,0.4,0.6,0.7382118573947944,0.5049381175279393,0.1736382590048969,0.9147464331443935,0.7063212676150066
0.6,0.4,0.7,0.4,0.2,0.6,0.7834984357144148,0.04719109719259762,0.07905874597356641,0.7941252487523558,0.770245998334969
0.1,0.7,1.0,1.0,0.5,0.8,0.7662159369610472,0.25568228972061857,0.27983918949809955,3.2011644933356846,3.0240230267834236
0.0,0.5,0.8,0.4,0.4,0.9,1.3359999633742818,-0.24550282540507537,-0.5500769584621173,1.5787146660427986,1.5654529841785825
0.3,0.1,0.8,0.7,0.1,0.2,-0.6005853654078616,1.5800145201808824,1.4842979828831149,2.131015030893176,1.9254011383086866
0.2,0.5,0.2,0.1,1.0,0.7,3.595013680694901,-2.46779613703369,-2.53440874160983,2.1120483895352433,1.9361661953026672
0.2,0.3,0.5,0.8,0.8,0.5,0.3971579300815741,0.570975783643168,0.4516258900986505,1.8636808569916772,1.7680667042448417
1.0,0.5,0.3,1.0,0.1,0.0,-1.3433169042479554,2.0015798181768383,2.0005008509524793,4.663309574946841,4.426909410393856
0.7,0.3,0.0,0.9,0.2,0.2,-1.3143092150864626,2.2556270616221843,2.0997136379163286,1.918005271156378,1.7557039848844835
0.0,0.3,0.7,0.7,0.4,0.3,-1.4458414905642325,2.4671910246756257,2.2112974492160506,1.0237450468265503,0.7509585108454742
0.0,0.4,0.0,1.0,0.8,0.1,-1.1310331419409512,2.0273875755481785,1.8024625616971892,3.3743682964647017,3.252410930373955
0.2,0.2,0.7,0.8,0.8,0.4,0.0921126989735242,1.019409897776946,0.6279423217764236,2.5998816214686897,2.606478698537685
0.9,0.9,0.8,0.3,0.5,0.7,1.7988426322365907,-0.6530186963135962,-0.7200586555059533,3.5481533216875203,3.181151261710818
1.0,0.7,0.5,0.5,0.8,0.9,0.8350207661283423,0.05659271127696393,0.16800704865952093,2.9931380376413004,2.888485490144685
0.9,0.5,0.3,0.4,0.0,0.6,0.7505841893410894,0.38127831526519723,0.2968814278000187,2.2662045340618464,2.0443464749768454
0.5,0.2,0.9,0.8,0.5,0.4,-0.7170988255304043,1.333764175812887,1.3963888894461483,2.84921575824356,2.3670485432754953
0.7,0.4,0.5,1.0,0.0,0.2,-1.5980491235590244,2.6481645296928766,2.7451123743690062,2.7555681195383332,2.5014705563121775
0.2,0.9,0.3,0.6,0.9,0.7,2.6924871858388695,-1.797198541453314,-1.983741661661852,3.1479398397487524,3.0090905965882087
0.2,0.4,0.1,0.0,0.9,0.1,1.7845029556509275,-0.8827715096219775,-0.734613695195393,1.5488397776134146,1.1951706051024038
0.7,0.8,0.3,0.9,0.4,0.2,0.30147392373677884,0.9045007142907552,0.7976884974738173,3.0009176131753947,2.692927260217274
0.9,0.5,0.1,0.1,0.5,0.4,0.23536948214012388,0.6854165477927874,0.8124590434781328,2.8089230005155037,2.7009542309715364
0.4,0.7,0.8,0.4,0.4,0.0,1.1121007535478795,-0.15229832363586698,-0.12748134068792372,1.3710405171893882,0.9862292800388328
0.3,0.9,0.4,0.7,0.1,0.8,1.4720952098355542,-0.4656423102700048,-0.3584285559100887,2.6517466170450787,2.2727006395984195
0.5,0.6,0.1,0.6,0.9,0.1,0.4019658016984957,0.7090764967695794,0.672456389146835,2.85004047629025,2.751807549609011
0.6,1.0,0.6,0.3,0.9,0.5,1.211555195219006,-0.04923189016671653,-0.23212017326301967,3.2444994211515,3.1746974487927373
0.4,1.0,0.8,0.6,0.2,0.7,1.5912985796820955,-0.5530631349642331,-0.6022097306100167,2.819708853215099,2.620828282112448
0.0,0.3,0.7,0.4,0.4,0.6,0.5021847763607243,0.6013187604230253,0.5406578974212068,0.3317477076746993,-0.015733350656029807
0.7,0.4,0.8,0.0,1.0,0.3,1.6899995495989162,-0.7413595029040908,-0.7297696656933943,2.180506724824473,2.0656465873134624
0.7,0.1,0.6,1.0,0.7,0.1,-0.9731978776987967,1.5901404897436384,1.9899677338628958,4.7967554858220804,4.347253766526351
0.4,0.9,0.8,0.7,1.0,0.8,2.1611018484926903,-1.2976835080002027,-1.321249532200173,4.121495000253121,3.5879920673094876
0.9,0.0,0.9,1.0,0.4,0.4,-1.4043035553461742,2.3365444172722105,2.0850672406832294,3.888959297673133,3.632775893785811
0.2,1.0,1.0,0.0,0.5,1.0,2.6229938662192716,-1.5734497086384596,-1.6780551948396805,2.8352373758785463,2.6824367268226945
0.6,0.6,0.2,0.4,0.6,0.4,1.0721898712354863,-0.12262707176904547,-0.3204299856267617,2.4360009447144932,2.086877225143091
0.6,0.7,0.2,0.0,0.0,0.5,1.5152987082153837,-0.6782251343379654,-0.7280248956904448,0.46089572627213105,0.34288207442020135
0.2,0.3,0.3,0.7,0.9,0.4,1.0326210427433502,-0.07332427086656615,-0.19854331436996098,1.634842669914819,1.2981090705111822
0.2,0.3,0.8,1.0,0.5,0.3,-0.13300012919541665,1.178995139816481,1.0619281265528775,2.5145901324062776,2.24207572604473
0.7,0.6,0.2,0.6,0.7,0.6,2.189876931558075,-0.9937887233319219,-1.2497462189575888,3.177976043714683,2.853991343764456
0.5,0.1,0.9,0.5,0.6,0.8,1.380042748568779,-0.47933101425674757,-0.4548773249048397,2.827576263241679,2.554484847413496
0.8,0.2,0.7,0.0,0.8,0.7,2.3563448540028875,-1.4022141872088465,-1.6947692433896022,2.5358670171266553,2.2102059116105788
1.0,0.3,0.2,0.0,0.1,0.5,0.5531270598131894,0.5632195957106269,0.5228042671883691,0.8909731625301801,0.8710774669628273
0.7,0.6,0.2,0.4,0.2,0.9,2.256184438641702,-1.1506951384080606,-1.2076312120714203,1.4890075547099326,1.454166942766566
0.3,0.5,0.3,0.3,0.5,0.9,3.101638707036831,-1.9732492538037558,-2.0993306537396315,1.7751396398289003,1.4208962149499387
0.0,1.0,0.9,0.0,0.2,0.9,1.5224332963210587,-0.8215820154702328,-0.9676946416671162,1.982181143433704,1.6161352707910055
0.9,0.4,0.8,0.8,1.0,0.3,-0.5474763194851943,1.5041434058843193,1.2907250648079935,3.843018297224313,3.8767507658794607
0.8,0.2,0.5,0.5,0.5,0.6,0.3429514128456692,0.4746949448452907,0.5838036680870012,2.0838543347863143,1.774210087881067
1.0,0.6,1.0,0.1,0.1,0.8,0.6777630134879353,0.3463954016377742,0.365096993821113,2.6068252075826113,2.4557207157994867
0.0,0.3,0.1,0.8,0.7,0.2,-0.9490917819371043,2.061966611558803,2.1525315681593766,1.9629881618210152,1.698865419621461
0.4,0.9,0.2,0.0,0.7,0.2,1.9795468656947035,-0.8721131305798747,-0.9381934089938192,2.919813309445297,2.5297662573685034
0.1,0.7,0.4,0.8,0.2,0.3,-0.7633704128187573,1.8342525161999528,1.4878121342624717,1.3216563957293586,1.0909959440000931
0.7,0.5,0.7,0.5,0.2,0.9,1.3915150395468259,-0.2897379539201165,-0.5225555917979499,2.450071999903172,2.0721542023904735
0.7,0.7,0.4,0.1,0.2,0.9,2.3805516308351016,-1.623745169613665,-1.4523975137627276,0.5238646730623784,0.3923483551797273
0.0,0.9,0.8,0.2,0.4,0.0,0.8769849497651003,0.4261621802396013,0.3012925038505411,2.512430448129649,2.0465866306949656
0.9,0.5,0.2,0.8,0.3,0.6,0.14196361610756858,0.636251293000133,0.6043593613317925,3.350196945472728,3.094379571167937
0.4,1.0,0.8,0.5,0.5,0.1,0.766420190400277,0.05524497628794761,0.1358781467469533,3.229076349282937,2.9636615328444145
0.2,1.0,0.9,1.0,0.2,0.5,0.07030248399088473,0.7690269836792988,0.5754086270471716,4.187320235143459,3.97012311812729
0.1,0.9,0.8,0.9,0.8,0.2,0.18121493992284654,1.1216064781807755,0.738196367084295,4.680746444951527,4.355071525372685
0.2,0.7,0.9,0.6,0.1,0.8,1.6913083254974357,-0.7416500981883674,-0.7796262380856497,1.195176152336469,1.1116282364223524
0.6,0.4,0.5,0.5,0.8,0.1,-0.002601473597493048,0.9760303936647945,0.8305679312169882,1.9824833453689608,2.0034916837285186
0.9,0.7,0.6,0.0,0.4,0.0,0.43223482580077355,0.6750982079485074,0.5983029496956098,1.8537765691824248,1.595365798932584
0.2,0.1,0.9,1.0,0.0,0.6,0.07915727295442694,0.8645416254341209,0.9711436790379173,3.235843123736711,3.072471128602934
0.2,0.0,0.3,0.9,0.6,0.4,0.4397693901044839,0.38036036710851107,0.33019397192999617,2.5699687108641545,2.399515442067081
0.5,0.6,0.8,0.5,0.4,1.0,1.6902126401978377,-0.5884050065164391,-0.8175952080456936,2.0983003335669395,1.6320685712154546
1.0,0.6,0.6,0.9,0.1,0.7,-0.9014830741650272,1.776875933384988,1.840897033955777,3.8357281088736594,3.4499284510986037
0.6,1.0,0.3,0.8,0.7,0.9,2.0466978174607577,-1.2470102305317141,-1.2366574963603947,4.1168330834251226,3.9633342902792505
0.3,0.5,0.5,0.2,0.0,0.5,0.5560576352383801,0.4284037249097521,0.38660294932519457,0.9693415069568386,0.7568547852698271
0.1,0.2,0.8,0.0,0.0,0.9,1.853116500485778,-0.6791103602615165,-0.8430459382294941,0.5294733024236251,0.2778014508720313
0.7,0.2,0.2,0.4,0.7,0.0,1.2873014971245675,-0.26494830432741157,-0.4605209724260676,2.512346892411937,2.2067476976634386
1.0,0.1,0.0,0.2,0.2,0.4,-1.0444876128475813,2.489368321632,2.207055936265686,2.3190333729448236,2.0975565192332164
1.0,0.1,0.4,0.8,0.1,0.1,-2.191021499235895,2.938993953068018,2.9475723801115685,3.2338371954620766,3.3330624227013215
0.8,0.1,0.3,0.7,0.2,0.5,0.04330707040262135,1.003076054655673,0.8804794985406322,2.2202825166032287,2.2209825124785083
0.6,0.7,0.6,0.4,0.7,0.4,0.4645166623389153,0.6589771821499739,0.38292711337580526,1.7962185921540277,1.7482219519391438
0.4,0.1,0.7,0.4,0.8,0.0,0.6089540272969854,0.08681844450809872,0.016313388035382154,2.6270969301930363,2.383226076181938
0.5,0.0,0.4,1.0,0.6,0.0,-0.2517521316105376,1.3354514101557524,1.0222938545645244,3.5718382576074226,3.445017795813137
0.3,0.7,0.9,0.6,0.4,1.0,2.00790074692984,-1.0888548384478058,-1.124791116080387,1.6210304423757473,1.1072362601858048
0.4,1.0,0.3,0.8,0.2,0.2,0.03061344894367285,1.0898863567312231,0.9785847058255075,2.918471274110384,2.778245355753487
0.4,0.5,0.2,0.0,0.0,0.3,0.4344944763693162,0.36338906399644316,0.28923466521469154,1.1280588398068525,0.8795686902724722
0.3,1.0,0.2,0.8,0.6,0.5,1.4648819826423605,-0.4775955496727096,-0.6403104605084015,3.692724339382118,3.3695172526946275
0.2,0.8,0.5,0.8,1.0,0.9,1.9558991255675577,-0.7271076481690815,-0.735656118479199,2.8340552550685505,2.7826081512253036
1.0,0.4,0.3,0.8,0.5,1.0,0.7547614892712207,0.48394171750590176,0.3289651838713086,3.329460076177232,2.9792548736494204
0.2,0.4,0.8,0.6,0.6,0.7,2.1825141447349856,-1.0029523799759945,-1.2834228734977502,2.061517161197955,1.880238065838595
1.0,0.8,0.8,0.5,1.0,0.3,-0.0888594898466448,1.1432718062243845,0.921241592953228,3.8316671330103644,3.6847646784898256
0.4,0.2,0.4,0.1,1.0,0.0,1.6585310245458167,-0.5105278183101087,-0.65573524416918,1.8100730067214248,1.45406151917095
1.0,0.6,0.2,0.8,0.8,0.8,1.086075398155585,-0.0458127749210068,-0.19548677966033395,4.631139577009977,4.252865110736452
0.4,1.0,0.8,0.3,0.4,1.0,2.164286911850663,-1.1875241646947,-1.2945543218674924,2.5206656111831793,2.2429383389220043
1.0,0.2,0.4,0.9,0.3,0.8,-0.27164320766066036,1.3141790040858548,1.1911648912723158,3.1709443257643586,2.93795297418526
0.0,0.0,0.4,0.0,0.5,0.5,0.7535700741738557,0.10623294623387716,0.09368969418324057,0.5335048490349151,0.4665138433520866
0.6,0.6,0.8,0.4,0.7,0.5,1.7679906283070628,-0.6846905428687983,-0.6236847374111754,2.6956292024194886,2.735691697218455
0.5,0.4,0.0,0.4,0.6,0.4,-0.01862865331635584,0.9254988834222198,0.7158288806413394,1.7548134343223132,1.3139555308883657
1.0,1.0,0.7,0.3,0.8,0.4,-0.013912713970980345,0.8292225947818416,0.707156212043866,4.453621477962471,4.30970449067757
0.8,1.0,0.1,0.1,0.7,0.8,2.846621813816648,-1.7370253322541886,-1.9202114807263306,3.6028893602058263,3.341376696492884
0.6,0.4,0.0,0.5,0.5,1.0,1.3602417326215643,-0.27842344712847533,-0.5193814175563828,1.630964789159519,1.2129374616930018
0.0,0.6,1.0,0.0,0.2,0.5,0.26278218441972845,0.6719099709364635,0.6909781968474933,1.3430235286435344,1.0815911943183056
0.1,0.4,0.6,0.6,1.0,0.6,0.6370440482222466,0.23713446931626025,0.17581229330721526,1.850124768581249,1.7933877167889145
0.9,0.8,0.3,0.3,0.4,1.0,1.7328670614479458,-0.8248463860695954,-0.8587976114867439,2.0182606233641867,1.7407186256597418
0.6,0.6,0.9,0.8,0.6,0.8,1.680078249563477,-0.46665375601767456,-0.8846066378019763,3.6091881471957086,3.4649450465197837
0.0,0.8,0.4,0.2,0.2,0.5,0.32830983659757573,0.6271875132321643,0.44135835608639773,0.42898123271672356,0.2951670157559585
0.4,0.5,0.1,0.5,0.4,0.7,1.5411070048920337,-0.5730035968230979,-0.46545439364544944,1.7810573446520475,1.4951263613490156
0.8,0.2,0.3,0.5,0.4,0.5,0.6173860052939497,0.29700469748621217,0.11287600916333364,1.731624573624972,1.3620352807220495
0.9,0.2,0.5,0.6,0.2,0.5,-1.3863561961439115,2.3508992232202672,2.0407513582571455,2.0021078126262943,1.6821020348741735
1.0,0.2,0.6,0.7,0.3,0.6,-1.041406818614988,2.226803500669101,1.97699989610254,2.736551933691471,2.4451048991111004
0.6,0.2,0.5,0.1,0.3,0.2,-0.15305889144750934,1.018433406740091,1.2208809948162236,0.8227056389270433,0.5344306858980556
0.3,0.6,0.5,0.0,0.8,1.0,2.973953462047595,-1.9354304203771426,-2.0438958259380278,1.7799527653289182,1.6738053951187126
0.3,1.0,0.9,0.4,0.4,0.8,2.3459329923479406,-1.6810872707741116,-1.6954266783309024,2.525849658826725,2.4673551106454545
0.4,0.3,0.9,0.1,1.0,0.9,2.963273789102872,-1.9737550675805906,-2.1032286546651764,1.313237266225746,1.136222210471555
0.6,0.4,0.9,0.7,0.1,1.0,0.7656618370427801,0.1900401208293929,0.23434545570552348,1.8103207150010026,1.6249381182958058
0.7,0.7,0.0,0.3,0.3,0.1,0.40192513403381974,0.5716499469721544,0.3054096145345153,1.3618932384758269,0.9897133149693553
0.6,1.0,0.3,0.3,0.8,0.5,2.146305957926039,-1.2875885102798788,-1.2586709485248446,3.223142995885801,3.1137773752920395
0.0,0.5,0.9,0.0,0.3,0.7,1.5109742360673803,-0.5289755579118471,-0.6458005025321455,1.3981765995567335,1.2535832879899522
0.3,0.1,1.0,1.0,0.1,0.1,-1.3574188948829105,2.292487776459922,2.037606806886832,3.3941014300259145,3.4166175460623753
0.3,0.6,0.3,0.1,0.8,0.0,2.7181295309986955,-1.5764936898733077,-1.818396184630748,2.3451010425174617,2.0241189911213877
0.1,0.5,0.9,0.1,0.0,0.2,-0.18941744379951758,1.0549598565598972,1.042520377040852,1.4510434859713568,1.3891301896104677
0.7,0.8,0.2,0.8,0.7,0.1,0.8462695152137845,0.13695959917191952,0.22213626310427337,3.251530526624219,3.3210792192883303
0.6,0.4,0.7,0.9,0.0,0.0,-1.084182917147698,1.8229677420360777,1.6947934809520049,2.5180365104475397,2.5072515655283594
0.3,0.1,0.3,0.9,0.0,0.3,-0.6912201586883049,1.723327403285128,1.4759837868705654,2.3478418985404943,1.8888531960912651
0.8,0.2,0.9,0.8,0.5,0.4,-0.5387424750594213,1.5488955305854974,1.3775148601644318,3.31233871196777,3.0933473417761337
0.8,0.8,0.9,0.2,0.2,0.6,1.5490248986595891,-0.5442939927979317,-0.701291347553087,1.8923674946029752,1.666542356986583
0.7,0.9,0.1,0.6,0.4,0.2,-0.39724689115161665,1.077371524604482,0.9846272784955686,3.113871759588693,2.4979986508570255
0.8,0.2,0.9,0.9,0.2,0.3,-1.3658647194787021,2.1826165681069116,2.079005260717139,3.0967804464344515,2.9387857841311584
0.5,0.5,0.7,0.2,0.8,0.5,1.3942369168091122,-0.31998302862662176,-0.3562654043208225,2.5781032664481787,2.4124636774582613
0.2,0.6,0.9,0.6,0.9,1.0,2.400834385352856,-1.5600464314580997,-1.6961374431440066,3.1622432838138046,2.795403502331261
0.5,1.0,1.0,0.9,0.9,1.0,1.01071984171841,0.004155169035909789,-0.11366372755422458,5.275753903783369,5.08193623232128
0.1,0.9,0.3,1.0,0.4,0.0,0.1606048339107101,0.9630862653235986,0.725823941834571,4.03550537408769,3.884244993952534
0.8,0.7,0.2,0.3,0.3,0.4,0.8447860444289659,0.046984626320409964,0.037501909025944025,1.089527225550528,1.0528700839489245
0.0,1.0,0.2,0.0,0.4,0.2,0.6817559629762858,0.3020110706453424,0.24922177597854941,1.9938391322305733,1.7931994339632114
0.6,0.8,0.0,0.6,0.9,0.5,0.9022633977809152,0.2688750065559975,-0.11597310057661558,2.735148062092267,2.632428843378644
1.0,0.1,0.3,0.9,0.4,0.9,0.3612565775778467,0.7237437471968657,0.7123826937563633,3.9555642492765957,3.7392179948085054
0.9,0.9,0.6,0.1,0.7,0.9,1.6287141200002255,-0.7045656283422264,-0.6557269974749588,3.8881708947521996,3.6221292806259155
0.3,0.5,0.8,0.4,0.0,0.4,0.334460138564518,0.6115545357312053,0.33663278754494896,1.3802429264889362,1.3901644165481613
0.5,0.3,0.1,0.7,0.3,0.0,-0.47495639019734864,1.3754189754467157,1.4730549879092665,1.0269737757857282,1.0290753699391382
0.3,0.2,0.0,0.5,0.5,0.6,1.0980107455413117,-0.13513251084674635,-0.11032288269986412,1.472093250278562,1.2193582654470074
0.4,0.8,0.5,0.9,0.6,0.2,-0.5957925741974347,1.6144522952463611,1.2751648128460489,3.195474266365264,2.9390593462950436
0.4,0.7,0.7,0.3,0.7,0.8,2.6005769380856343,-1.7680317471966347,-1.8305432250018587,1.7611026939175407,1.4318449876482244
0.7,0.0,1.0,0.8,0.7,0.1,-0.4864180761784085,1.373999609007014,1.4203903270131206,3.6089724343989675,3.583470934873345
0.7,0.1,0.0,0.4,0.4,0.0,0.19094412695534152,1.0281186847216623,0.8242902391288014,2.1630529942173706,2.0243586538626137
0.5,0.8,0.2,0.1,0.7,0.2,1.5345134470524058,-0.5151213179800076,-0.448268675975252,1.8524847808071656,1.700861369351983
1.0,0.4,0.2,0.8,0.2,0.3,-1.6576062676365508,2.5342691476857726,2.492959842845431,2.5754736281487234,2.490770944915238
0.3,1.0,0.5,1.0,0.4,0.0,-0.013068713121102679,1.1098282460935893,1.0893383684762263,4.294122276473816,4.024658933116702
1.0,0.8,0.5,0.3,0.2,0.6,0.048455311242230265,1.0694850929154318,1.0377829403605194,2.0618627861101104,1.7034629403691748
0.0,0.6,0.3,0.4,0.8,0.4,0.5645686804480388,0.09998379759277923,0.1264437966590317,1.980815677515083,2.0045779664209076
0.6,0.7,0.2,0.0,0.1,0.3,0.9318898916234045,0.1318566425982885,0.09079967813451484,0.5564569080882577,0.386227834003209
0.8,0.2,0.0,0.2,0.1,0.3,-0.6378438998614208,1.5854113735858875,1.63587217324797,1.2453444184083406,0.993491395292353
0.1,0.0,0.3,0.2,0.9,0.5,1.7073095108448986,-0.8274848678287856,-0.7635820828000484,1.1534144702396245,1.2497545498772953
0.8,0.3,0.6,0.8,0.9,0.5,-0.03561807384396889,1.1459853729706027,0.8506866217018507,2.8384499027187267,2.5777439426373996
0.9,1.0,0.2,1.0,0.9,0.8,1.5232362161123443,-0.285637285396394,-0.4794963188198693,5.767720394914413,5.6788043604375575
0.1,1.0,0.6,0.0,0.8,1.0,2.2724331635548327,-1.2577610704073663,-1.5070582960353613,2.795041100606118,2.4915118517176205
0.7,0.9,0.6,1.0,0.6,0.6,0.6040819321504879,0.40072647985967375,0.36846052276954455,4.951290593474093,5.1101528740632
0.1,0.9,0.6,0.8,0.7,0.5,0.013509191925164907,0.9763651717028806,0.9675347559079573,3.621407440017777,3.7514951102844045
0.7,0.9,0.8,0.0,0.9,0.9,3.551183249138198,-2.4218552781056952,-2.584927517621773,3.4680912040012,3.4115568676414356
0.3,1.0,0.2,0.3,0.0,0.3,0.5958567147738623,0.3950603475409342,0.3507859462107311,1.8648569509934128,1.606022346726525
0.5,0.8,0.8,0.6,0.3,0.2,-0.0736167455000446,1.3400322251650658,1.0197293309721112,1.7777381037632807,1.5813478546890003
0.1,0.9,1.0,0.3,0.2,0.6,0.7113383612749921,0.34964375207031057,0.26899252828045905,2.1786800343361765,1.8362524433264
0.2,0.2,0.7,0.9,0.9,1.0,1.6940321920198942,-0.49230239268484116,-0.6454484472201493,3.122157318359672,2.8798943542865825
0.8,1.0,0.1,0.0,0.7,0.1,1.5083156838616856,-0.4836855996097222,-0.6550750940774788,3.6897004041535304,3.6352927363449004
0.9,0.8,0.3,0.5,0.5,0.3,0.3028561875970564,1.0141117848998884,0.7442154442024457,2.547619241517549,2.5474979461441722
0.5,0.9,0.6,0.0,1.0,0.4,0.7149695314784396,0.27783082186559055,0.15960964580594073,3.0644333968174506,2.8082349389172725
0.3,1.0,0.9,0.6,0.3,0.5,0.8178394569946166,-0.02472830983860333,0.08841566869396145,2.9886916957072627,2.518293689605509
0.9,0.6,0.8,0.6,0.7,0.8,1.5334850143995706,-0.7876884819850253,-0.6367428584803938,3.9916782381377756,3.6233773426870064
0.3,0.5,0.6,0.3,0.6,1.0,2.1887321711666665,-1.0964429970513374,-1.0678090555529995,2.001316759814148,2.161205090546049
0.7,0.2,0.4,0.8,0.1,0.3,-1.1581878126444045,2.0956457611764847,2.107276339387679,1.962592608531866,1.774632982610615
0.6,0.5,0.5,1.0,0.0,0.1,-1.5439082034372351,2.5867570555751693,2.5085190618942543,3.454721038194172,3.1270980434591773
0.5,0.5,0.3,0.3,0.4,0.8,2.198657623694653,-1.291573590144749,-1.2048427775609365,1.56208349690195,1.2093438413158528
0.8,0.9,0.7,0.8,0.6,0.0,0.20978915370066464,0.7936185866471844,0.7521035413809467,5.139686063623005,4.633156791173994
0.5,0.4,0.5,0.7,0.4,0.3,-1.2877446544732698,2.2532989523977816,1.992312585407827,1.5905859450540398,1.0863033447855932
0.9,0.9,1.0,1.0,0.8,1.0,0.2965972460374575,0.5826325389733836,0.5927063132497297,6.310086183368803,6.2429747801430375
0.8,0.5,0.7,0.6,0.4,1.0,1.1576851964989203,-0.0791810389781946,-0.2714407312390382,3.113585881130853,2.6777504404169408
0.7,0.5,0.7,0.2,0.4,0.2,0.5586061777001938,0.5239352464216478,0.32021998469204527,2.1360361552920506,1.8662302469912162
0.6,0.0,0.1,0.7,0.7,0.8,1.3923941174619452,-0.4425782933544979,-0.35403065960728586,2.46477670022446,2.073101802692068
0.4,0.2,0.5,0.2,0.6,1.0,1.7976460588318521,-0.7763337063721356,-0.8127154746914766,1.3007632535991458,1.180667594360543
0.6,0.6,0.0,0.9,0.5,0.0,-0.09370625261770407,1.2866618388185456,0.8364761819221603,3.619771822150706,3.4487620349985435
0.3,0.2,0.8,0.4,1.0,0.9,2.704780704053746,-1.867033147022327,-1.860515625291479,1.926011109514571,1.7919962048956564
0.5,0.4,0.3,0.8,0.5,0.7,1.5201224140319642,-0.357284219227333,-0.5073538933012502,2.0730524129924586,1.7493587558903845
0.8,0.2,0.0,0.6,0.4,0.9,0.7076054341308652,0.5863287036963027,0.3319570384824697,1.8820115860487843,1.7184047252932924
0.5,0.0,0.6,0.4,0.7,0.0,0.07365408841420007,0.856806172663559,0.6805588021356453,2.1555625623628725,1.9055950005042657
0.8,0.8,0.1,0.5,0.8,0.7,1.9171983581468601,-1.173237430056465,-1.280449636902031,2.830170867276577,2.71947239570828
0.5,0.4,0.8,1.0,0.7,0.4,-0.1652394715714834,1.0130660794253035,0.907780437309868,3.8270768304648883,3.5096782744994597
1.0,0.5,0.2,1.0,0.8,0.7,0.6750549097880195,0.0818184217397259,0.012605883963508743,5.507417182329738,5.514799462594909
0.6,1.0,0.6,0.0,0.6,0.1,1.0742565418077537,0.26731557266542516,0.009065618721083538,3.3577184871159576,3.162701777653041
0.1,0.1,0.4,0.9,0.5,0.2,-0.8586534223836517,1.8582002341340882,1.7836633057120546,2.9222429910806875,2.727873340415557
0.6,0.2,0.7,0.6,0.7,0.6,1.0810652967512806,-0.0024214935700072604,-0.35669573956051753,2.3456693589307056,2.233795398133397
0.4,0.3,0.7,0.7,0.7,0.8,1.5717129692825114,-0.6790288997701813,-0.7562543254857061,1.9295071896025018,1.6066196078298938
0.7,1.0,0.6,0.3,0.6,0.1,0.5659160781281388,0.3469655501747587,0.30668204174652147,3.475978707828861,3.590197291949836
0.2,0.1,0.0,0.6,1.0,1.0,1.5328350372047646,-0.4468261418146766,-0.7334699013793877,2.713165311085676,2.262475906873816
0.5,0.9,0.3,0.7,0.8,1.0,2.093828046221339,-1.0028452454254402,-1.0831416362965551,3.777642299834296,3.5410551137511606
0.3,0.4,0.6,0.8,0.2,0.8,0.5176559006091312,0.3929601043194059,0.2011128362397999,1.57326117942207,1.104363414965676
0.0,1.0,0.5,0.3,0.0,0.1,-0.9905488043502377,2.004975452683055,1.879424307035966,1.8214538017766568,1.4924813834537352
0.2,0.1,0.7,0.0,0.9,0.5,1.8655409147378486,-0.956355499494871,-1.1434873036985536,2.129838280310113,1.9771872017084917
0.0,0.8,0.0,0.7,0.0,0.9,-0.03633068728311856,1.0578016543753586,1.0624434422659654,1.3621341615520595,1.1795999265811132
0.7,0.9,0.3,0.4,0.7,0.9,3.0365030736406693,-1.9210921581412554,-2.212041374639263,3.29616898934467,3.2231663718356405
0.2,0.4,0.7,0.5,0.6,0.1,0.6998101347385112,0.13316766379890813,0.14477077515153886,1.9566517523240372,1.7120714494620306
0.6,0.8,0.1,1.0,0.0,0.0,-0.7186079286898538,1.742698398645734,1.8636315851448924,3.3394544184435815,3.124796280862244
1.0,0.4,0.3,0.9,0.4,0.5,-0.6292542523098511,1.4683277185090955,1.2521384513541693,3.4205578007268604,2.955794351177579
0.2,0.5,0.7,0.5,0.7,0.1,0.6889570164375767,0.24825923257306826,0.08841852844435148,2.8469362944374303,2.4473145755938748
0.6,0.9,0.1,0.3,0.7,0.5,1.4776115790898015,-0.4723554598557849,-0.4195777329239473,3.0866371450675296,2.8970804867827655
0.3,0.3,0.8,0.4,0.2,0.2,0.44117319764136614,0.5218927250350168,0.6595246253222247,0.3223238102033642,-0.028799284676115894
0.9,0.9,0.0,0.9,0.0,0.0,-1.6561947343091268,2.5192341249168084,2.496023927577222,4.503232513743276,4.413893029631775
0.8,1.0,0.2,0.5,0.5,0.1,0.7993245652758206,0.18969493094372394,0.31189845044335207,3.5525317504159353,3.3491202287269117
0.0,0.6,0.8,0.1,0.7,0.5,1.6450923233871642,-0.5094942447568824,-0.6403680639239865,2.187025463453617,2.268531275842844
0.6,0.3,0.9,0.0,0.3,0.3,0.5892372341436182,0.5629321284868097,0.34770638591737907,0.3910602143733355,0.4890441831606164
0.4,0.1,0.4,0.0,0.7,1.0,2.5402295279857,-1.5474771820970523,-1.5641626628378429,2.01138062370619,1.7384205941939332
0.6,0.7,0.3,0.6,0.4,0.5,1.06137943788476,-0.221981231256203,-0.18939091658402016,1.275358316180259,1.083378750660382
0.3,0.2,0.2,0.9,0.3,0.6,1.037877889550891,0.015666523344210724,-0.23853936030109044,1.7675709801625807,1.618062699705001
0.1,1.0,1.0,0.9,0.3,0.1,-0.9887491770407794,2.0068639687339616,1.9851552276982467,3.9622818164315494,3.7780188982358185
0.5,0.2,0.9,0.4,0.5,0.1,0.0712775274047033,0.8419947592186037,0.8593072844379659,1.991693087614807,1.7812099043794078
0.2,0.1,0.9,0.2,0.6,0.8,2.6357299997629653,-1.7474013306820075,-1.6194002273792454,2.266123046671862,2.0105844110605786
1.0,0.8,1.0,0.4,0.6,0.3,-0.88173506425465,1.7826576584848197,1.7119648826502436,3.6736328925536963,3.40730619917207
0.9,0.1,0.5,0.3,0.9,1.0,0.9833194745596011,-0.0024915859852007033,-0.010955840440189143,3.320256957442636,2.9151843608870136
0.1,0.0,0.5,0.0,0.5,0.0,0.6316783773393091,0.5489939437242056,0.4553186202317804,1.16882620439827,0.7858283658415831
1.0,0.7,0.1,0.6,0.0,0.9,0.16830278659105108,0.7739859936266763,0.8475360207135865,2.1651474304722766,1.934367804152769
0.7,0.6,0.7,0.2,0.3,0.0,1.0040156903252049,0.10110648850717752,-0.2398588679233995,2.0524061183275046,1.7675786007110044
0.8,0.4,0.3,0.0,0.2,0.6,2.028525202436596,-0.8397285652924422,-1.2615709472004453,0.9284791703090117,0.7267553157145528
0.8,0.9,0.2,0.0,0.9,0.0,2.239194815790655,-1.2153639097107602,-1.233094351370364,3.639874531645584,3.6533688516412033
0.7,0.6,0.5,0.4,0.4,0.7,1.4553786228117285,-0.40959907414739216,-0.6451647592563674,1.9277376141005627,1.7384332736338473
0.6,0.3,0.1,0.7,0.2,0.1,-0.8783510554608043,1.6197934106503005,1.6668747017133803,1.0835202008856737,1.0138782958509995
1.0,1.0,0.2,0.8,0.8,0.0,-0.058502801148726996,1.0231064386456854,0.8398591516261078,5.735654578404232,5.416510014345143
0.2,0.7,0.7,0.6,0.9,0.0,1.1260460416391154,-0.3739597401568772,-0.4265531633488811,2.2955223300848107,2.152143184375909
1.0,0.3,0.3,0.9,0.4,0.8,0.37402659274993055,0.3945093948897093,0.4997281668524062,3.0074364718363378,2.7584974478223665
0.2,0.5,0.1,0.9,0.5,0.5,0.2644654841462991,0.554074196730618,0.29965252709853574,3.241955430308758,2.8742471958950917
0.6,0.0,0.3,0.6,0.6,0.4,0.380679723652903,0.30643484780600416,0.4065927276857169,1.9689965375579914,1.8549089804208927
0.1,0.3,1.0,0.2,1.0,0.5,0.6909764906033395,0.06831270443231752,-0.02355701705849035,1.3186611391423424,1.1825139884622196
0.4,0.9,0.4,0.9,0.8,0.8,1.6026780163049714,-0.7677203484386694,-0.7839224354944859,4.233112173958724,4.064803624731467
0.2,0.9,0.5,0.9,1.0,0.5,0.5029987445022757,0.5035334987391411,0.3652352655729478,4.273417853901773,3.9282023890600297
0.2,0.6,0.0,0.4,0.7,0.3,0.6818348892174838,0.28635916255183635,0.18273036482922242,2.2346745214716104,1.7416576178241145
0.4,0.5,1.0,0.5,0.0,0.7,0.49732183961212556,0.630040263355603,0.3885534215006612,1.8770509511482094,1.801194359764174
0.8,0.2,0.6,0.5,0.7,0.4,-0.30343780088271083,1.3828582187973777,1.043741597026033,2.625988687075659,2.3440146112810747
0.6,0.4,0.1,0.0,0.2,0.2,0.31114419101258983,0.48889011015539097,0.5479061141116881,0.7649317202361343,0.4178326627771796
0.3,0.3,0.4,0.2,0.1,0.1,0.5136256546938079,0.27874099943498803,0.2583143859613613,-0.08869530088728511,-0.1495939273352606
0.8,0.3,0.4,0.7,0.2,0.3,-0.9602017575749148,1.8654691620996822,1.998285624776636,1.3603786295592626,1.2069401642249877
1.0,0.8,0.3,0.9,0.4,0.0,-0.5223052556692696,1.473574444307831,1.1196728560386568,4.072110006477236,3.7059780205984154
0.4,0.7,0.1,0.4,0.1,0.3,-0.13618750964467352,0.9789805360507876,0.9165950523792872,0.6410042039917175,0.252364526083509
0.4,0.0,1.0,0.3,0.2,1.0,1.001038672014114,-0.08417038969753676,-0.04492696156450235,1.1071089242254104,0.9068381489590222
0.2,0.4,0.5,0.1,0.2,0.3,0.022523362998557298,0.9046476481948588,0.7830725190412513,0.17032118776600427,-0.022905978538896032
0.3,0.9,0.2,0.7,0.0,0.0,0.4515572163058664,0.5381840959088734,0.5583945024718019,2.598470223206358,2.408155367120631
0.9,0.5,0.5,0.1,0.8,0.8,1.5297531810136036,-0.711579203909975,-0.6802473158581543,3.4110992889801146,2.8199588726834595
0.3,0.5,0.3,0.8,0.7,0.5,1.4691042432027284,-0.32591551036896504,-0.6761776173615796,3.2467065391121754,3.277488843436088
0.0,0.8,0.5,0.0,0.8,0.8,2.0602231196335596,-0.951767350284324,-1.1685945016707624,1.585054995281049,1.149017773481495
0.1,0.0,0.8,0.7,0.2,0.7,0.724111108671096,0.3370262026391857,0.34766583506390336,1.2028113021424947,0.9422411109632419
0.7,0.8,0.6,0.0,0.2,0.5,1.0846282896529633,-0.08528855815080083,-0.09307270136919113,1.150501589585597,1.0257469202953176
0.8,0.3,0.1,0.8,0.7,0.8,1.2445226321540817,-0.4011918111732084,-0.4082662300677175,2.7423430544325664,2.5083097509539782
0.3,0.6,0.9,0.2,0.7,0.1,1.8842383448116822,-0.8070728275775458,-0.9721132200699694,2.647588802597337,2.357928170000816
0.0,1.0,0.3,0.3,0.7,0.5,1.5379330182729576,-0.49446687239385745,-0.5510956359506343,2.682196663894405,2.405216103331709
0.8,0.7,0.2,0.6,0.3,0.5,0.8057130489712405,0.2506999998820121,0.009084658870043491,1.4225525074032501,1.5381127752562116
0.6,0.7,0.4,0.1,0.1,1.0,2.131097737401016,-1.1296049134648547,-0.9883420770955178,0.34653094489858455,0.39352363558360604
0.5,0.4,1.0,0.4,0.8,0.0,0.3639651653381073,0.6485433665206021,0.4648081268119757,2.6940467375077177,2.458380309345544
1.0,0.8,1.0,0.0,0.2,0.3,-0.7619168145345034,1.834599097984934,1.6926313736299616,2.554297293121083,2.147778103964166
0.9,1.0,0.0,0.3,0.9,0.6,1.1508916185027267,-0.1940279929548154,-0.4142214492815216,3.8754034758858604,3.9191978697557803
0.7,0.5,0.2,0.9,0.8,0.7,1.8950675649431858,-0.8625070638529496,-1.0543057496945873,4.255147821090751,4.184215594511692
0.3,0.7,0.8,0.1,0.7,0.0,2.3279498881452256,-1.5866930009915985,-1.5345396280404242,1.9594386911619923,1.744836311441359
0.2,0.7,0.8,0.3,0.8,0.3,1.5005361002766922,-0.6050069190404124,-0.8327246475825948,1.7236312689510807,1.3938434449856643
0.7,0.9,0.9,0.8,0.3,0.6,0.794635366879874,0.20676204255395308,0.06736996551579694,3.6933537197574076,3.563642507109788
0.6,0.9,0.1,1.0,0.4,0.4,-0.5202859732189821,1.64405540678408,1.566911783514662,4.159125969425727,3.850661281274731
0.4,0.3,0.5,1.0,0.1,0.0,-1.1404177408692815,2.054227400934181,1.9890802457013423,1.9011674327542516,1.9827498693686316
0.0,0.9,0.6,0.9,0.9,0.3,-1.216487671511474,2.167676953487191,2.2271062199718736,4.188725484156705,4.152709872144997
0.4,0.2,0.6,1.0,0.7,0.6,0.08420019301628257,0.715273949264871,0.49880961111986144,3.454090649982858,3.4261166558451235
0.6,0.9,0.0,0.5,0.0,0.3,-0.891588863369823,2.007947059532435,1.8844686454450685,2.2934665730906927,2.1732563670559437
0.9,0.4,0.3,0.6,0.6,0.2,-0.1416186884784193,1.0841723947826643,1.052160978750797,2.648635404928681,2.5200318538443045
0.5,0.1,0.2,0.9,1.0,0.0,0.22519007721750683,0.645011847712937,0.4932629435301943,4.125960936509102,3.934547863857436
1.0,0.1,0.1,0.8,0.4,1.0,-0.4178115711057304,1.3649637452473042,1.2301554122635234,3.789513363432911,3.58958352872233
0.5,0.5,0.8,0.6,0.7,0.8,1.8493360005057409,-0.8959608152722469,-0.947605269305996,3.2624214113360503,3.0723951733388875
0.5,0.3,0.1,0.7,0.8,0.9,1.2833394991924645,-0.6063313302301905,-0.5229236591544626,1.8926289904351787,1.6601129647550457
0.3,0.4,0.4,0.4,0.1,0.7,1.616483430945569,-0.7352381496907291,-0.7860119121717485,0.34856293064872035,0.02927869701049869
0.8,0.7,0.6,0.3,0.4,1.0,1.7254921527835108,-0.4945857350825371,-0.5893783883903418,1.4418404705086136,1.2373742975142032
0.7,1.0,0.2,0.8,0.4,0.7,1.6665783016303675,-0.8174496013527873,-0.781874649180836,3.6369960657010236,3.26864863738476
0.7,0.4,0.9,0.4,0.5,0.1,0.5930583900625938,0.5940222703369271,0.18661845991354914,2.192468332727645,2.019126730152793
0.9,0.3,0.6,0.1,0.8,0.8,1.3542825456316738,-0.37638149923535935,-0.716167626191217,1.8604486935935034,1.694016588557592
0.8,0.4,0.0,0.8,0.1,0.4,-1.2344079959398118,2.3057645297713396,2.2738556849189338,2.183430200249575,1.9657420427022883
0.3,0.7,0.1,0.8,0.2,0.8,1.519395969231389,-0.5674121026940515,-0.6178531146712075,1.4395206394405011,1.1552511298085217
0.8,0.9,0.9,0.6,0.4,0.2,-0.16320410970508586,1.233545592846497,1.0508474030721304,3.618964652572489,3.55835152948392
0.7,0.5,0.8,0.4,0.4,0.5,1.181161596972324,-0.33160785909860124,-0.17633846928593933,2.4664110506055668,2.040427921532923
0.3,0.5,1.0,0.6,0.8,0.3,0.2379227680748583,0.6868999710385421,0.7366228331189167,3.445870617642558,3.207739731056231
0.5,0.2,0.2,0.4,0.7,0.6,1.6917958580039987,-0.5674095938375986,-0.9224609575472973,1.6871835752351407,1.7258708523199753
1.0,0.0,0.8,0.9,0.9,0.9,0.632329312194408,0.4662908061015373,0.25645780236718557,4.637519457513973,4.50302327405339
0.2,0.0,0.4,0.0,0.0,0.8,2.119456002935272,-0.8817918138883512,-1.2241588000555899,0.13018302507953117,-0.1126984914123419
0.5,0.0,0.4,0.2,1.0,0.7,2.1917217992544606,-1.2227642960954697,-1.2407206905671562,1.5335571705502622,1.4067027545977984
0.2,0.2,0.2,0.8,0.6,0.7,2.00044465309298,-0.5980788922351241,-1.0751996448539445,2.314228501821281,2.254179017931139
0.7,0.4,0.3,0.0,1.0,0.2,2.0284102175854897,-1.0087921814385297,-1.278514925941712,1.972119326376292,2.021740966316125
0.2,0.4,0.6,0.7,0.8,0.5,0.49926296803157283,0.5341013089781035,0.324511264253069,2.1289208571942666,1.8215117162832808
0.0,0.3,0.0,0.6,0.2,0.1,-1.3076983106467843,2.5005039430989444,2.3362476279107054,0.504948653604723,0.11317076967383259
0.6,0.7,0.4,0.7,0.5,1.0,1.6733464995966107,-0.8317737629946247,-0.6071847279452214,1.8198649292047981,1.624245809475162
0.5,0.5,0.8,0.2,1.0,0.7,2.8176002646743488,-1.8084967172360873,-1.6729375253010068,2.763694747825875,2.4515438249771964
0.3,0.9,0.9,1.0,0.5,0.4,0.24712492060847524,0.8779823780981912,0.5213085315061505,4.6082144336450535,4.460582068028557
0.0,0.1,0.4,0.1,0.1,1.0,0.9727331395027824,0.15096567022142754,0.05744044966631043,0.6935102495586558,0.5650051888873541
0.7,1.0,0.6,0.8,0.2,0.5,-0.3697338416990549,1.1309921402215295,1.0895732865423433,3.648524634355885,3.225633547691252
1.0,0.6,0.2,0.7,0.8,0.1,-0.1195476383499657,1.1893313460441424,1.0044096710710553,4.475522281228831,4.113433294318197
1.0,0.3,0.7,0.2,1.0,1.0,1.452474146746513,-0.2455148675045161,-0.5267761422910473,2.5732813964645183,2.3786395749051934
0.9,0.2,0.8,0.1,0.4,0.9,1.5706241439820507,-0.6503246257626925,-0.42909417889646756,2.061708826392218,1.8854956452892577
0.1,0.0,0.1,0.4,0.7,0.2,-0.02252045678916738,0.9951494464347673,0.8004200520021263,1.390745245246415,1.088245805426859
0.1,0.8,0.3,0.1,1.0,0.0,2.0514660506297973,-1.1982331821233045,-1.3434144252037934,1.8145998267789198,1.810259044249708
0.4,0.6,0.4,0.2,0.5,0.7,2.4508886769482103,-1.3474035212697086,-1.3945175346890666,1.545654884807522,1.1950580337120973
1.0,0.2,0.7,0.0,0.1,0.9,0.6433420482479918,0.12295791448091647,0.21379791025866665,2.0420431158337795,1.762129502798617
0.7,0.9,0.3,0.0,0.1,0.8,2.6460839628827295,-1.7812608453606882,-1.7857852655740039,1.8631111679094035,1.7058014411278044
0.7,0.6,0.1,1.0,0.0,0.2,-0.8385736940457285,1.9861864468576158,2.154346260584772,3.6726979754007645,3.3697484360987495
0.0,0.8,1.0,0.7,0.0,1.0,-0.3386296460410576,1.3997577121408151,1.2990391798831313,1.9147391679684271,1.5121018551244128
1.0,0.8,0.1,0.5,0.7,0.8,1.09998378392871,-0.16204245962853547,-0.3087243918429855,3.416807861850638,3.1639887126991995
0.1,0.3,0.2,0.8,1.0,0.1,0.5008585815181157,0.8349992548419339,0.5297013469837153,2.0077630091611023,1.8428685259786144
1.0,0.0,0.6,0.8,0.4,0.1,-2.200001695222798,2.930832274816757,3.097295608035819,3.2371343556295114,3.144614053128719
0.9,0.1,0.5,0.2,0.9,0.8,1.1695893717119827,-0.1826984719046739,-0.24007181564730856,3.0268144782484927,2.9340798210647843
0.0,0.6,1.0,0.3,0.5,0.1,-0.4098976990399187,1.2620945736788851,1.1476380408795053,2.271076330643205,1.9437721310923424
0.4,0.4,0.5,0.1,0.9,0.2,0.5335909426743355,0.5167633505986758,0.3274823704823786,1.7041020494823045,1.244996168960637
0.5,0.5,0.3,0.4,0.0,0.2,-0.2597968730769222,1.277611123132573,1.2765306246191477,1.4868969049077259,1.3204476931125895
0.0,0.2,0.9,0.1,0.6,0.6,1.3090145665134354,-0.24510452509991323,-0.3592419487895494,1.7731243795555287,1.5670095473988357
0.5,0.5,0.9,0.3,0.1,0.1,-0.009146856703989063,1.2072972849423473,1.0478973399271008,1.8832153963771656,1.918001403537093
0.1,0.5,0.7,0.9,0.3,1.0,0.44485837447366755,0.39843759059036143,0.38155863438549387,2.971819788096977,2.7633985685489155
1.0,1.0,0.8,0.8,1.0,0.2,-0.44456769345667846,1.3743248433054844,1.4449866693741307,5.981426676276211,5.668519721546414
0.2,0.7,1.0,0.4,0.7,0.7,2.2066859626474815,-1.3464125817278367,-1.4086117884337763,1.9805855416624445,1.7540255349076384
0.0,1.0,0.2,0.2,1.0,0.5,1.4851970481848529,-0.6315603765285294,-1.0053913596493138,2.8771365296918203,2.696566916307262
0.9,0.2,0.5,0.9,0.0,1.0,-1.1273561961411411,1.9138642095105018,2.0724198643386678,3.034913961829039,2.623548997521346
0.7,0.5,0.1,0.1,0.2,0.7,1.861679478314164,-0.8119174834197656,-1.0187672878022098,1.491974744802945,1.4654616083766028
0.4,0.7,0.3,0.0,0.7,0.5,2.8808971197603577,-1.7723501844262173,-1.9230379351820104,1.0924650350315548,1.1179240552219483
0.6,0.7,0.5,0.3,0.4,0.9,1.8832557034449662,-0.6130960788976096,-0.8180536025477511,0.7900858705230566,0.6340106341980948
0.3,0.5,0.0,0.8,0.6,0.6,1.2158194873691697,0.062137286281407994,-0.30237643149935345,3.0349851454015004,2.966009855194545
0.3,0.3,0.4,0.1,0.0,0.8,2.068676007175125,-1.0533515986055146,-1.2118121312203898,-0.2536843460549959,-0.6569105360852817
0.6,0.5,0.0,0.3,0.3,1.0,1.3426591388502669,-0.5980856008170601,-0.6672533131539258,1.6130852883107234,1.668245164572748
0.4,0.0,0.4,0.6,0.5,0.0,0.3021249061327504,0.738198414527318,0.6969924569725937,1.7385953102433849,1.3281926677383762
0.1,0.5,0.0,0.7,0.0,0.1,-1.4409016389196125,2.4647471647538923,2.26294120944443,2.122573417940366,1.7606090144238287
0.6,0.6,0.9,0.9,0.5,0.4,-0.2795120506264369,0.9618224502301631,0.8440077358472482,3.8773338964592456,3.5384536953578554
0.7,1.0,0.0,0.4,0.7,0.9,2.425031492616294,-1.331917502852701,-1.3121294708905535,3.625790339887146,3.5388926318195364
1.0,1.0,0.2,0.5,0.5,0.2,-0.27273661860823883,1.3918131236773692,1.2421429654667573,4.067818538242457,4.0143684598313385
0.1,0.5,0.1,0.0,0.4,0.9,2.0577457310931577,-1.133580129224968,-1.16151203240151,1.338900662482829,1.0903127791683729
0.5,0.0,0.9,0.7,1.0,0.2,-0.17179731721425265,1.4447385922062899,1.127596217343919,3.0028779871254816,2.8505822102361664
1.0,0.7,0.9,0.5,0.5,0.6,0.732277052269167,0.32193844600038646,0.11585597268676583,3.017770403689693,2.7837645143039462
0.8,0.4,0.8,1.0,0.7,0.5,0.6589533206246694,0.3988319059563517,0.3141879138909601,4.350789150833379,4.087614974975444
0.2,0.9,0.8,0.8,0.6,0.2,0.37344309578588286,0.5061851205051321,0.25369337439380546,4.095717823117342,3.801339877546906
0.3,0.5,0.0,0.1,0.4,0.2,0.6439806279778729,0.3747701680993804,0.16204891455192177,1.394721809148968,1.3861682170937308
0.7,0.7,0.6,0.6,1.0,0.7,1.7973503632326102,-0.7864016482109739,-0.8357245156191901,2.5608943920731844,2.215194236938379
0.8,0.2,0.6,0.1,0.6,0.8,1.7332487651254922,-0.6526344762931013,-0.9320741527114359,2.127890904730694,1.9053838787730288
0.1,1.0,0.2,0.5,0.7,0.7,2.2818494371887788,-1.142616516741331,-1.511104346116631,2.9536858319728525,2.697997519269146
0.4,0.3,0.1,1.0,0.3,0.3,-1.1071427268847094,1.875482338713275,1.918707626884742,1.9669799316654895,1.6486749990229541
0.2,0.0,0.5,0.9,0.9,0.0,0.03445374805324218,0.9253508433251532,0.933941693306931,2.9524333140667975,2.835625074572852
0.5,0.7,0.3,0.3,0.4,1.0,2.314354929771088,-1.501058034591427,-1.382473224210161,0.7592572083784376,0.4124785952770737
0.3,0.9,0.6,0.1,0.5,0.2,0.744517093324583,0.2281289752506371,0.2943222626922699,2.5110285059157524,2.073714029196251
0.8,1.0,0.0,0.6,0.6,0.7,1.4078692060976374,-0.4965161162891741,-0.527163003106855,4.1444648535628685,3.9244141720887353
0.6,0.3,0.5,0.9,0.2,0.2,-1.30404510579623,2.5589959046767197,2.412097247854533,1.7007860177069751,1.353717186684523
0.3,0.6,0.0,0.0,0.3,0.3,1.1479194781654762,0.0722799930625213,0.035267192357434446,1.0534205898161106,0.745394902020083
0.9,1.0,0.5,0.9,0.0,0.5,-1.4540622399312346,2.442573317036334,2.6177292702607886,4.219630969929993,3.996344655878154
0.4,0.3,0.3,0.1,0.6,0.1,1.663191828149593,-0.6977922823709317,-0.5281976056525411,0.7888227862169085,0.5416524318064906
0.2,0.2,0.6,0.1,0.7,0.6,1.799605680836132,-0.7775616450145983,-0.95386774641861,1.43226667935349,0.9772418489689032
0.1,0.2,0.6,0.9,0.8,0.6,0.10254885388504796,0.8920119826779574,0.8225932577325984,2.9640010072377985,2.642168262139476
1.0,0.7,0.2,0.2,0.4,0.4,0.19357422909726318,0.7634537861807783,0.6269567643982946,1.8588234772408603,1.6052300434673883
0.1,0.4,0.7,0.3,0.9,0.4,0.7191123693963254,0.43458324581794744,0.22709950432467013,1.6700408079015714,1.235702380398132
0.9,0.4,0.4,1.0,0.7,0.3,-0.8421645684054377,2.0497889110398364,1.7479674155753495,4.274854119175305,3.943095577649335
0.6,0.7,1.0,1.0,0.2,0.0,-0.8676342807945602,1.842208663913523,1.7462282176645678,3.5478987142352616,3.0265446635196724
0.6,0.4,1.0,1.0,0.1,0.0,-1.171675670031605,2.3277777151174335,2.2126569259655415,3.4237565539352777,3.1693066684071383
0.2,1.0,0.7,0.8,0.8,0.5,1.0915024220017517,-0.05728675457470861,-0.13090893854825814,4.096492501783899,3.818017892143026
0.7,0.6,0.3,0.2,0.1,1.0,2.2354375658359644,-1.3881230885265512,-1.4634309046984124,1.475869217127301,1.1901609942105278
0.7,0.1,0.7,0.5,0.0,0.4,-0.6997695797264011,1.7710492771276705,1.4881741702682452,1.6771215954315184,1.5858860648207858
0.6,0.0,0.2,0.9,0.2,0.7,0.7547666866822067,0.2802401390747823,0.09091495661585938,2.038688768982288,1.89890924784238
0.7,0.9,1.0,0.5,0.3,0.6,0.8197486937573395,0.14556422258392637,0.12893308857257765,2.8627104153549703,2.910505747117382
0.0,0.2,0.9,0.8,0.3,0.0,-0.9943110978933853,2.164372660062113,1.8161723941673125,2.029662779261086,1.982899611294463
0.5,0.5,0.9,0.7,0.4,0.9,1.0677883057520208,-0.02958683514453607,-0.07523481790828476,2.8622250071263178,2.6251994047542206
0.4,0.4,0.9,0.2,0.3,0.6,1.4896981242112375,-0.5921154764250827,-0.6270973206253713,0.8868685900000777,0.7731050487442086
0.6,0.9,0.3,1.0,0.7,0.0,0.856183631943203,0.3427714423168749,0.042943174528598554,5.228128938774879,5.051637734060366
0.9,0.8,0.6,0.5,0.1,0.7,0.05976679684818908,0.8911564122692583,0.8598322015715448,2.059753991286736,1.6895025264959347
0.2,0.1,0.9,0.2,0.9,0.8,2.8197931355209915,-1.8152566840518947,-1.9624178965120869,2.3566379159553486,2.255484542707193
0.9,0.7,0.1,0.4,0.9,0.0,0.708726727195775,0.5089869494225299,0.3262677656394736,2.9497386600916307,2.9102566959768215
0.8,0.6,0.5,0.3,0.7,0.4,0.5049982661947426,0.5166382996413221,0.35692150148669965,2.760158718618513,2.7372876242299653
0.5,0.0,0.8,0.9,0.1,0.4,-1.0229722115104414,1.8800457760564233,1.715118613673834,2.1039194850063607,2.1094231445382645
0.3,0.5,0.3,0.1,0.6,0.1,1.89098244314649,-0.9308484858782091,-1.0242486995743583,2.3670202722285243,1.8860132976319923
0.5,0.6,0.9,0.2,0.5,0.1,0.9232385556269953,0.14908394262549277,-0.12459141365014836,2.2576530239275883,2.0665331429920677
0.0,0.5,0.9,0.7,0.2,0.7,0.10772472246344456,0.8358179673440882,0.65667861371332,2.2358771127466888,2.1288821533842697
0.3,0.5,0.8,0.5,0.0,0.4,0.2980499007688535,0.7372795721025845,0.5457452858621867,1.7618647037939688,1.3464346253897401
0.9,0.2,1.0,0.0,0.8,0.7,1.5868507094894322,-0.4742080775479546,-0.5509713815343485,2.9270469680419247,2.9409015388678172
0.9,0.9,1.0,1.0,0.6,1.0,0.13347010250602737,0.9269026876025362,0.5511921411472925,6.141021884270359,6.015583787660331
0.6,0.4,0.8,0.0,0.5,0.6,2.4079012143814977,-1.3485989092379524,-1.487267759302583,1.0944134827255345,1.206402759492914
0.1,0.9,0.8,0.5,0.8,0.2,0.6052498869172083,0.47922914110546566,0.23373801639759106,3.19020794213062,3.2422530157746103
0.3,0.5,0.6,0.9,0.8,0.8,1.5680267535625316,-0.26551958054963487,-0.3799208921085274,3.6316807597530842,3.82534531284324
0.2,0.9,0.0,0.2,0.7,0.8,2.820382913641723,-1.7714916368066442,-1.8294258416628781,2.6372576541885495,2.4938870247599243
0.7,1.0,0.0,0.9,0.4,0.6,0.5135291928407757,0.4704801929920319,0.3128847397258386,3.947498665160411,3.6766151286425925
1.0,0.4,0.4,0.8,0.9,0.4,-0.8155235474430781,2.0054664338460095,1.8465513601621295,3.9133929140642145,3.6428733962645605
0.6,0.1,0.1,0.6,0.9,0.3,-0.18686793363457677,1.176405476007424,0.9562124389209691,3.0130871040863183,2.5829380534246917
0.3,1.0,0.6,0.8,0.3,0.1,-0.47349207265666926,1.4356671930926435,1.0908374095548532,3.169964284642783,3.1412232981437067
0.4,0.6,0.3,0.4,0.3,1.0,2.2818018963701494,-1.3198051188805107,-1.2217791635176658,1.1217381835510583,1.1661218516039582
0.4,0.9,0.6,0.9,0.8,0.6,0.7292117240543801,0.08518930518500079,0.1680398955214073,4.277473466810793,4.371840939298903
0.1,1.0,0.1,1.0,0.6,0.2,-0.36593975359493003,1.6076820646605725,1.4174221044757873,4.512054746361035,4.5192940877894
0.9,0.2,0.0,1.0,0.1,0.5,-1.59015071324134,2.860494159907142,2.543014852412682,3.387125838302321,3.2668882356080586
0.1,1.0,0.6,1.0,0.7,0.9,0.7875345060427313,0.10478284274823052,0.05608400327631711,4.725947846088272,4.753959185329903
0.6,0.2,1.0,0.8,0.6,0.2,-0.7403807148439211,1.925090938276703,1.8694468904060804,3.361040012522524,3.153699621607126
0.4,0.4,0.0,0.8,1.0,0.1,-0.058773914067467126,1.042978651035989,1.043336073203516,2.7790289738272125,2.570138557390129
0.8,0.9,0.6,0.7,0.3,0.5,-0.41089988539614747,1.4346750878711827,1.3485620462043941,3.4151295454230155,3.0092248273668614
0.5,0.6,0.0,0.5,0.6,0.6,1.2046295035843322,-0.24113721435349722,-0.3828930803955703,2.3209613599999286,2.1643832873158795
0.1,0.4,0.2,0.0,0.7,0.7,2.7568127523785413,-1.9613416933511107,-2.132086123499659,1.0760586505500644,0.8001536739534265
0.3,0.9,0.9,0.7,0.0,0.2,-0.47921203227878323,1.4415987341584917,1.3142570213840485,2.924289532753547,2.7523617866819015
0.4,0.9,0.3,0.3,0.9,0.8,3.2721683221736413,-2.1869887136258805,-2.2657332658886085,2.5681095228771413,2.8490471463834934
0.9,0.3,0.9,0.3,0.9,0.3,0.17564125750387105,0.9507787484178429,0.7671414279336707,2.464453540892991,2.4453600620626363
0.7,0.5,0.3,1.0,0.7,0.0,0.7710333728894604,0.19345218052947105,0.13845449597733397,4.825950125811826,4.829265784777746
0.8,0.5,0.8,1.0,0.4,0.1,-0.28011931028987275,1.518616831213813,1.2108950938565173,4.321035617077213,4.3749544721559035
0.8,0.7,0.9,0.3,0.2,0.7,1.8102416973417506,-1.0410266699377877,-0.9912989216171266,1.5908395528567978,1.4590515574811684
0.2,0.1,0.7,0.5,0.1,0.3,-0.6270264210604204,1.6487487475190625,1.6577140580296181,1.2460141056749499,1.164939880999642
0.1,0.4,0.0,0.8,0.6,0.2,-0.7527197492802735,1.6614873947043867,1.6724695655057777,2.3326377610870757,2.313791472089129
0.9,1.0,1.0,0.1,0.8,0.1,0.6683569824512751,0.6327997230787098,0.7573625731507825,4.743700227787649,4.412615727982222
0.7,0.9,0.4,0.5,1.0,0.9,2.537975995258827,-1.2959780253059203,-1.4146114479827063,3.691405450360379,3.682883650867094
1.0,0.3,0.9,0.2,0.0,0.0,-0.4240747083221769,1.6771849609532816,1.6149273939087863,1.9489037182390296,1.6039182591004648
0.3,0.9,0.3,0.2,0.3,0.1,1.446487851357207,-0.3892141431446349,-0.6070992928488679,1.8362628923662927,1.612612938992737
0.8,0.0,0.8,0.7,0.6,0.0,0.21442161417542105,0.5107971986037405,0.601112977364164,3.4548993182337777,2.978562455485874
1.0,1.0,0.8,0.1,0.1,0.0,0.12936099114266725,0.8551648404492292,0.6798114952628682,3.7338654360685544,3.6812497809915454
0.5,0.8,0.1,0.4,0.3,0.2,-0.06570152905726313,1.0907281440371845,0.9573971995025998,1.2518342910231082,1.0933570023482173
0.2,0.2,0.5,0.9,0.3,0.7,0.4792738970767343,0.8583558335054734,0.42008993495102875,1.9790786740339095,1.5477366378864355
1.0,0.9,0.8,0.0,0.9,0.2,0.7113723666085394,0.32641085871208936,0.06804663589604402,4.560601798329034,4.360840883896982
0.4,0.5,0.7,0.7,0.1,0.0,-0.4914975537764262,1.3173679139758292,1.1872702605499363,2.640624827616597,2.28525280505948
0.1,0.9,0.3,0.6,1.0,0.5,1.4016409958028888,-0.34884099415115066,-0.5624609799838787,3.2000885931034713,3.0721096479015184
0.2,0.6,0.5,0.4,1.0,0.4,0.8316350565970734,0.1279329105759885,0.27384031985541113,2.21709518456971,1.8952947675302472
0.7,0.0,0.4,0.2,0.3,0.4,0.37901125899053884,0.40883557056807973,0.625588294634072,0.8269196041325966,0.4904958754868619
0.5,0.9,0.4,1.0,0.3,1.0,0.749819590019805,0.22451558664925686,0.2047053744556725,3.875378148745456,3.5894353499567244
0.9,0.0,0.9,0.5,0.1,0.9,0.3184822693076266,0.9548176339268262,0.6095507138214636,2.0837689184866592,1.8647276519146263
0.7,0.8,0.8,0.8,1.0,0.2,0.8416527055361487,0.40181996393258834,0.30024857676711875,3.816615534122915,3.7157526925568156
0.3,1.0,0.4,0.4,1.0,0.1,1.524764849993022,-0.35193951501906795,-0.6214796956671249,3.2197865404833106,2.9204417951372843
0.3,0.8,0.0,0.2,0.9,0.8,3.180465262243363,-1.9415384314727184,-2.116182638415988,1.8569299335458511,1.557356891209119
0.1,1.0,0.5,0.2,0.4,0.8,1.4497568644793974,-0.4999242022850827,-0.7452852718681797,2.1556186527767913,1.5611267629485743
0.0,0.2,0.3,0.1,0.0,0.1,-0.34546755874990537,1.144458521488451,1.1614967249351154,0.39844240033967787,0.11018990082553899
1.0,0.9,0.5,0.6,0.4,0.1,-1.401471801654593,2.3178657139576413,2.483899267741455,3.935363682628557,3.7169815360797203
0.9,0.5,0.3,0.3,0.5,0.6,1.6824840132356633,-0.5907325664472185,-0.616455029087993,2.5773367657642057,2.563089071493265
0.6,0.4,0.1,0.3,0.6,0.8,2.1539814034562568,-1.1294595877683609,-1.0934030271745174,1.4168193651342773,1.5221953039625014
0.4,0.8,0.6,0.0,0.6,0.4,1.1041836934710858,0.08309538473070519,-0.09176429913002107,1.6327967381024087,1.4585591106866371
0.0,0.1,0.3,0.6,0.9,0.0,0.32113446471261226,0.9172073723589724,0.6817567278380058,2.6944314658234125,2.5500880303469597
0.3,0.0,0.2,0.8,0.6,0.5,1.063019267046973,-0.27330270498587395,-0.19584170054383945,2.1266032072967533,1.9851527855378182
0.1,0.6,0.3,0.5,0.4,1.0,1.9076267095335444,-0.9872118623565211,-1.06442408553382,1.3972609964406435,1.2493175430285732
0.3,0.9,0.4,0.3,0.3,0.4,0.8650790563461788,0.23318696854780535,0.07773315980804764,1.7190869650934735,1.5246666624188192
0.7,0.1,0.5,0.3,0.0,0.4,-0.8170967181141914,1.7943369329721253,1.6799666072008066,1.5780008376968249,1.2459030125988413
0.7,1.0,0.5,0.7,0.1,0.8,0.8408569210381743,0.35620159321130623,0.13436345276037184,3.0511541827607047,2.944483384187373
0.8,0.1,0.1,1.0,0.0,0.8,-0.2284230909409694,1.2417224078435585,0.9543472764498819,3.5488623240669708,3.2551541266682475
0.8,0.4,0.6,1.0,0.1,0.4,-1.7463217872762542,2.6714607087135955,2.474978710468114,2.9860573861363298,2.697539831363548
0.7,0.3,0.9,0.9,0.4,0.2,-0.5501809190794281,1.5508869420256175,1.41058331002412,2.524599684841058,2.4729592270955036
0.3,0.3,0.5,0.2,0.7,0.3,0.7970698373605626,0.18736798777753494,0.1805598998416314,0.7436992126790489,0.6282763228626504
0.7,0.8,0.9,0.9,0.7,0.9,1.981195109122108,-0.9971585759457383,-1.1393244529616666,3.9584324002097593,3.8382641078152777
0.0,0.6,0.6,0.6,0.0,1.0,-0.13682463639019327,1.221982508904485,1.1559726818186706,1.2593844629821314,1.228654468075393
0.7,0.4,0.9,0.3,0.8,0.7,2.5589511468335253,-1.7448152395173828,-1.7821764762621832,2.4463799685062364,2.219562700030748
0.7,0.6,0.8,0.7,0.2,1.0,1.4645263435104603,-0.45389613815641255,-0.4946665312854529,2.6569380234462145,2.391189480406393
0.9,0.9,0.3,0.5,0.7,1.0,1.948334766888014,-1.014380623354075,-1.0438176841931959,4.173739884706263,3.989350014311038
0.4,0.8,0.0,0.6,0.8,0.5,0.9557618053347336,0.0525016603843958,0.0370744231202988,2.3604419908627996,2.0807848486094636
0.5,0.5,0.6,0.6,0.5,0.0,-0.42023687987827174,1.3214473821926835,1.305894603311408,2.8048570569404214,2.57517551856136
0.5,0.6,0.7,0.7,0.2,0.0,-0.2135974314221064,1.4839455678077784,1.40971309576726,2.5276713790601963,2.1588308905680624
0.3,0.1,0.0,0.4,0.9,0.8,1.9868679875180144,-1.1130959695574734,-1.0334518649495275,2.2301080436656475,2.109223144304157
0.9,0.7,0.8,1.0,0.5,0.3,-0.6404409193768699,1.705078134319266,1.5659222208276917,4.379976814560675,3.839730118575247
0.9,1.0,0.6,1.0,0.8,0.0,-0.588640195244708,1.4376916435407578,1.6566390176402936,6.069179435017497,6.072218851003039
0.7,0.8,0.4,0.7,0.9,0.5,0.9646524752589478,-0.1641476295807752,-0.26579469896576713,3.133165617392086,2.6901941904658235
0.7,1.0,0.6,0.8,0.1,0.8,0.5583559946976393,0.31232248894213477,0.34395663171681395,3.5601444433722302,3.3272819252230508
0.5,0.2,0.8,0.2,0.2,0.4,0.12546834843325883,0.7927619198470341,0.640330476726523,0.9370676351498605,0.655967519010134
1.0,0.1,0.5,0.0,0.9,0.1,-0.41636243749960034,1.446997544362422,1.2372604150293678,3.445973836674409,3.267953723939254
0.1,0.3,0.0,0.7,0.2,0.5,-0.5149603588318787,1.509098985120945,1.5343364614468031,0.40996896008974915,0.3281587150875801
0.0,0.9,0.3,0.4,0.9,0.6,1.4798065041292978,-0.7966354771250846,-0.7658807856428764,2.784855491152158,2.500144378460713
0.6,0.6,0.3,0.4,0.8,0.6,2.6124986334949196,-1.3898044673966845,-1.5397788403105237,2.5126382395650713,2.3779402764320987
0.7,0.2,0.6,1.0,0.2,0.6,-0.4147246121438599,1.2484317988935327,1.459297149798901,3.090359301483937,2.5952176856290863
0.3,1.0,1.0,0.8,0.2,0.5,0.041787992516380684,1.1029089030519978,0.9780255791398288,3.4370876839155966,3.188051025114164
0.8,0.1,0.5,1.0,0.9,0.2,-1.0091834076882285,2.158492317711767,1.9981718766175833,4.856256585060278,4.4351294666209675
0.5,0.6,0.7,0.7,0.8,0.8,1.5368497078830967,-0.7249584779149808,-0.8857345907403069,3.2329664282390564,3.0691223390635485
1.0,0.0,0.3,0.6,0.9,0.7,1.2575744779801223,-0.23382582033138144,-0.2508290827391855,3.23913777027207,3.0038228963393787
0.7,0.6,0.1,0.8,0.7,0.0,0.6408223950570586,0.3052585663505597,0.12172985869070534,3.735530888649795,3.6437660336380264
0.1,0.9,1.0,1.0,0.1,0.5,-0.9507855791140122,2.1063467019626203,2.1362645199406787,4.0820555594038614,3.7270133016434364
0.5,0.2,0.9,0.9,0.8,0.0,0.15259419833127225,1.0131005255845607,0.7395706875235152,3.9835063968493754,3.7815153895091043
0.3,0.7,1.0,0.1,0.3,0.4,0.8561909615024778,0.11190838292186239,-0.10883163037886001,0.9707023171697761,0.7913341973444109
0.0,0.9,0.4,0.3,0.5,0.3,-0.13644042302309517,1.173195135723666,0.9934347480372172,2.2210817121861473,1.9842905428015702
0.2,0.2,0.3,1.0,0.8,0.6,1.5463269450099497,-0.5991082549191188,-0.6055899319479711,3.430568031947021,3.189463255922235
0.2,0.3,0.1,0.3,0.4,0.3,0.36785868487571083,0.8038839232498391,0.6031656490782097,0.02171100042571617,-0.25987985206521125
1.0,0.8,0.3,0.8,0.7,0.5,0.07943192204783245,0.6673559817527963,0.4831772859029922,3.943745799955079,3.995280855800509
0.6,0.0,0.2,0.7,0.7,0.3,-0.13603657168097644,0.7703721168064837,0.8182080290971885,2.5630272780974144,2.149139177886621
0.4,1.0,0.6,0.0,0.3,0.9,2.040877788232734,-1.1185503731521613,-1.2250713042406884,1.999491884236993,1.7721397056451516
0.0,0.3,0.2,0.7,0.9,0.0,0.22775762729115978,0.7730100992184199,0.620623693291071,1.8310714203614216,1.6001742449532876
0.4,0.7,0.4,0.5,0.7,0.8,2.530866880266816,-1.5124493468277234,-1.5596243573146291,1.5378582639591747,1.2830939199003022
0.7,0.5,0.7,0.8,0.3,0.1,-0.4621709483002161,1.5225356914821413,1.3627588458512077,3.2168626794015487,3.105813691987659
0.2,0.4,1.0,0.2,0.4,0.0,0.7851574280863926,0.37175882517473857,0.2229461119893742,1.1847617468821392,1.0852820445891005
1.0,0.6,1.0,0.1,0.6,0.6,0.9496079971726672,0.08671397399116651,0.16283876464344793,3.702708733908589,3.5565729995620434
0.1,0.2,0.9,0.9,0.7,0.5,0.19259018237143782,1.0600989223383799,0.68379417666156,3.2023561963354994,3.3201055857820405
0.8,0.2,0.3,0.8,0.9,0.4,0.3338158235692354,0.7736744394974986,0.43522324257081735,3.349395381203806,3.118505943044387
0.0,0.6,0.2,0.8,0.1,0.0,-0.5314382321889755,1.5594535422278495,1.4653630537557611,2.006444307393891,1.9212478709966923
0.4,0.6,0.9,1.0,0.0,0.8,0.6629925261661268,0.2839400259860286,0.15818230050085555,3.3169308102542225,3.1282671920623284
0.9,0.5,0.6,0.2,0.8,0.6,0.8259891866727044,0.09464242699486282,0.09937977082302696,3.1805737108873857,3.183496510386717
0.0,0.4,0.8,0.4,1.0,0.3,0.13398749620716946,0.8765892518279581,0.712642643369763,1.9041852273697086,1.5092215881589153
0.9,0.7,0.7,0.8,0.3,0.5,-0.5034592492313769,1.4660952998888144,1.404303969608567,2.6576078268924843,2.4847100458575206
0.3,0.5,0.3,0.8,0.3,0.2,0.18950999641121216,1.0408433789126579,0.6783712830805808,2.27075537909218,2.1823128580301323
0.4,0.0,0.1,0.8,0.4,0.9,0.801268877380616,0.13997053531717008,-0.0014016765749071377,1.8832830198240738,1.5855669141396294
0.6,0.6,0.6,0.2,0.0,0.0,-0.09302963335426416,0.9244313460635419,0.8837749550876769,1.6127236642962413,1.4755805004430589
1.0,0.7,0.2,0.7,0.9,0.4,-0.042380066288365104,0.9682006988465386,0.8867649143817036,3.571431650310503,3.3716735915904477
1.0,0.3,0.9,0.1,0.2,0.0,-0.23854952895737266,1.3050473417119832,1.1072933432930026,1.7229261056331837,1.530806539345044
0.1,0.7,0.6,0.3,0.5,0.3,0.020857678566307006,0.9099110259403386,0.9263572337459461,0.9676513541010636,0.7666324167051592
0.4,0.9,0.6,0.0,0.2,0.2,0.19487401541439903,0.9186505465102768,0.7128153673990155,1.681810190788255,1.504554002770404
0.4,0.0,0.0,0.7,0.0,0.9,0.1084045271680942,0.6027325271493422,0.628849080435663,0.9175031034279898,0.9448203524678825
0.5,0.2,0.7,0.0,1.0,0.7,2.4201071097424456,-1.3715656485366818,-1.397321253548454,1.8598085677116103,1.6299394637808433
0.1,0.4,0.8,0.2,0.6,0.4,0.9401969093481857,-0.002165814925845652,-0.11146966903593392,1.5450911862648748,1.257900476008382
0.7,0.8,0.7,0.7,0.1,0.6,0.5310851972732287,0.2910477584257187,0.11755518792437503,2.0851772730251903,1.9734822869906565
0.7,0.0,0.6,0.3,0.2,0.8,1.109109148797089,-0.12976800822319765,-0.2349986773462679,0.9147491335841827,0.7364385760582841
0.2,0.6,0.3,0.4,0.8,0.3,1.5447036603399367,-0.5967454874555443,-0.5503071745950121,1.9811765809563178,1.7972497907176646
0.3,0.5,0.4,0.4,0.5,0.4,0.7882771279400332,-0.0630606413180782,0.024324030818432176,1.9172148196263272,1.44234296632346
0.1,0.0,0.8,0.5,0.8,0.6,1.4203502534022232,-0.5794432330737207,-0.7075015903347948,1.881780046657892,1.5516094859635587
0.1,0.1,0.7,0.8,0.0,0.9,-0.23575333576402516,1.0535906967800142,0.933328613846081,2.02929666154536,1.7752515605725945
0.3,0.5,0.7,0.0,0.9,0.7,3.378042655620106,-2.129221341359117,-2.451363996894203,2.423837703212825,2.2672836839027273
0.3,0.9,0.4,0.5,0.6,0.3,0.8311260095564637,0.2209904535735476,0.005590370330442351,2.819603123659459,2.5884097138327857
0.6,0.7,0.9,0.2,0.4,0.8,2.4730797332511574,-1.5409663473228,-1.5974475566019841,1.312423985751757,1.0714876942764266
0.8,0.7,0.7,0.1,0.5,0.6,2.0981107755934243,-1.1458545809374687,-1.1206448507217306,1.489523437454154,1.5259786244101141
0.3,0.8,0.3,0.9,0.1,0.1,0.3150636645097734,0.848366153837067,0.6316989195257386,2.1227415819993345,1.984260486428288
0.6,0.7,0.4,1.0,0.2,0.5,-0.05330897822483028,0.9284909566973556,0.8909041908604626,2.4113347121690345,2.2781968388972715
0.1,0.1,0.8,0.3,0.7,0.1,0.5272103398310438,0.2074446025327491,0.18180804323653077,2.175296193808506,2.341589170332488
0.3,0.4,1.0,0.7,0.0,1.0,0.41273083930682125,0.586601514284845,0.4145256087073397,1.355167628298025,1.4488554569404808
0.6,0.6,0.6,0.3,0.7,0.7,1.7642483654315493,-0.9329276053754069,-0.9543322516384815,2.2952284616379752,2.1419211638585325
0.9,0.7,0.7,0.4,0.9,0.0,0.5541423115832362,0.3207490911497443,0.05311034693320077,3.0373411885340267,2.8952774846162366
0.2,0.1,0.0,0.5,0.8,1.0,1.7680403457353677,-0.7024595546087475,-0.7538227820911493,2.451539631346162,2.2508882500048153
0.3,0.6,0.8,0.1,0.5,0.6,2.8888739277489455,-1.8215790174369075,-2.0220063095949974,1.7341854535495103,1.4673404109813257
0.2,0.1,0.7,0.1,0.0,0.3,-0.14200853685585815,1.097911624419692,0.952705716677991,0.9949384278834889,0.6419209775911243
0.6,0.0,0.5,0.3,0.6,0.0,0.36675747284113075,0.5974134922156797,0.535592731545403,1.8718442902713215,1.6034825039837355
0.1,0.1,0.7,0.1,0.2,0.8,1.3103434540804264,-0.4581263283695177,-0.3510231179866302,0.9436543431632769,0.7319176715467498
0.0,0.4,0.5,0.8,0.7,0.2,-1.3289569778331922,2.2221004385682237,2.0892113947940874,2.31700340050465,2.1634396029254503
0.7,0.9,1.0,0.5,0.8,0.9,1.8914232194111198,-1.1121766470114505,-0.9531430581711109,4.1479465176702295,3.964348219971395
0.7,0.4,0.3,0.2,1.0,0.5,2.170020252826942,-1.332374117643182,-1.335548045519634,1.827385557666162,1.5255540730931316
0.1,0.0,0.0,0.0,0.2,0.6,1.0444142515760013,-0.055739177546697674,-0.08426395277444687,0.13656750299342796,0.09035906854011697
1.0,0.2,0.9,1.0,0.4,0.4,-1.8229897332810052,2.680351816720598,2.759123762857893,4.292601034140631,4.196258234729268
0.6,0.1,0.1,0.1,0.8,0.1,0.8638842824308013,0.1849361702863742,0.035063155052140034,2.3250489342146956,2.199628246870732
0.3,0.6,0.0,0.5,0.9,0.3,0.7117948485983654,0.38103306446242136,0.2827171802381294,2.537771895603328,2.4205176564660547
0.4,0.6,0.4,0.4,0.5,0.5,1.3305939355879723,-0.253997766491267,-0.28724444057549664,1.7798376194499912,1.3886654984281517
0.0,0.1,0.0,0.4,0.0,0.6,-0.37936780735747017,1.727257949557017,1.4877435594020785,1.0427416064191573,0.8933394550440293
0.9,1.0,0.5,0.2,0.0,0.0,-0.6083989518613413,1.6992498481856912,1.4922967155436861,3.0774925329143468,2.909987836074593
0.2,0.7,0.8,0.8,0.2,0.4,0.22038339916279348,0.6974173339303107,0.6438108772365997,1.5453614746561155,1.2863186776240667
0.7,0.2,0.8,0.3,1.0,0.0,1.5212327187919912,-0.3944179433712796,-0.6166210437757259,2.7405777270342506,2.6381106036185216
0.9,0.0,0.8,0.7,1.0,0.9,1.1550862983684673,-0.1969175134217696,-0.3186996733297854,3.595861934717642,3.3063806300370375
0.8,0.6,0.1,0.6,0.4,0.0,0.12819508096920482,0.9380144160426588,0.7753161784135344,2.8625876346406294,2.670635879267505
0.3,0.1,0.9,0.3,0.4,0.7,2.1580569775808716,-0.779401296252808,-1.091476299064502,1.5645351022248093,1.386567041162364
0.8,0.7,0.3,0.0,0.1,0.3,1.0444747819590763,-0.11707228905794534,-0.0829202923961931,0.9082408703952776,0.7864849047589119
1.0,1.0,0.0,0.7,0.6,0.1,-0.979062718176679,1.9405243908833116,2.051200110712809,5.148955859586249,4.882569064107912
1.0,0.5,0.9,0.2,0.9,0.7,1.6325668853755892,-0.7456390749075237,-0.7131701659151797,4.117287952206247,3.8453046324403064
0.9,0.0,0.0,0.5,0.1,0.0,-1.1726124458722111,2.24126305029458,2.063936662233501,1.808658198315892,1.6500486401201404
0.1,0.8,0.6,0.5,0.4,0.5,-0.02660923551734236,1.0185183316617068,0.8001156398518423,1.2486217616769675,0.9222691434377751
0.8,0.8,0.2,0.9,0.3,0.5,0.45574769524077063,0.592384857376033,0.49435889154005785,3.0944697431963615,2.7075443845568095
0.9,0.2,0.0,0.5,0.5,0.8,0.5520140181662347,0.46675350561530465,0.35316532172123427,2.3859254839081485,2.198486693933993
0.4,0.8,0.5,0.4,0.9,0.0,0.7353022334265544,0.018584890581260408,-0.039395094073293446,2.176192974970725,2.1946914856205093
0.9,0.8,0.9,0.7,1.0,0.6,0.9038287468646704,-0.13496844626434878,-0.14760043580477178,4.099749937905761,3.8123035296492267
0.5,0.8,0.6,0.4,0.9,0.1,0.30515597668072425,0.7337078045671339,0.47101747401764327,2.3832146078011123,2.246506088431228
0.3,0.8,0.6,0.8,1.0,0.3,0.12372927641897938,0.9630290711562437,0.8212634764988915,3.0787668841908444,2.859857934005054
0.2,0.9,0.8,0.2,0.2,0.1,0.8704711841350212,0.12280855946250838,-0.31566565883905306,1.968848950716552,2.0359726018787523
0.3,0.8,1.0,0.9,0.7,0.3,0.020244806714584007,1.0771695933093033,1.0286741032972477,3.7570200279378265,3.563413666509196
0.0,0.5,0.8,0.7,0.5,0.3,-0.692489495103688,1.7686094268669863,1.5169740630396502,2.6586252953829086,2.6142903518798737
0.3,0.0,0.7,0.3,0.8,0.4,0.9885648934080783,-0.030382187585644246,-0.10119875661017969,1.6356682229844848,1.4922711757819775
0.4,0.0,0.5,0.4,0.8,0.8,1.6669172596185897,-0.7880939360289565,-0.9030772378820638,1.73873236363505,1.4028883305218067
0.4,0.3,0.5,0.9,0.5,0.5,-0.24639047985120532,1.4177493895605944,1.2500253837755853,1.7275328933255765,1.5813857469417025
0.5,0.6,0.6,0.2,0.4,0.3,-0.23388843232158668,1.2793096571996259,0.9420851630533995,1.3863822847052931,1.0656127843123557
0.4,1.0,0.5,1.0,0.8,0.0,-0.09072091216391232,0.7112168137081648,0.7583924981608731,5.100728555950226,4.942361885821791
0.8,0.2,1.0,0.7,0.9,0.5,0.13602809668569255,0.9661588957109606,0.7167637873728991,3.721446055753854,3.4808779603120277
0.1,1.0,0.3,0.3,0.4,0.7,2.3597748062995243,-1.4007569964397075,-1.3680461766394063,1.8285962875581752,1.8145823739281957
0.2,0.5,0.2,0.9,0.3,0.0,0.4672705937325621,0.47641500054032293,0.42652399410036346,2.852477341507827,2.7091859179710998
0.1,0.5,0.6,0.8,0.5,0.3,-1.2635380025113243,1.9747299349691056,1.980948452705455,2.8684408583943175,2.6565551426865914
0.0,0.1,0.5,0.7,0.5,1.0,-0.23890752146759425,1.0897147370706588,0.9669814012443747,2.1734440267617434,1.8747735978082025
0.5,0.8,0.9,0.9,0.2,0.4,-0.7005783606166296,1.6274561027109564,1.7469749055476238,2.8043229621281163,2.494922073576793
0.9,1.0,0.6,0.8,0.2,1.0,-0.1966173899297284,1.2133343062155175,1.1865774217061165,3.978999621488882,3.9822611655392453
0.3,1.0,0.0,0.9,0.0,0.6,0.18739457500799023,0.7745881304327596,0.43802431638392025,3.160080114105658,3.0077470719266786
0.5,0.3,0.3,0.7,0.1,1.0,0.8777368939372243,0.11779116316756141,-0.0551040520247635,0.9068904415827985,0.5315582116277766
0.4,0.9,0.8,0.8,0.4,0.7,1.2968029063212547,-0.28093926964842647,-0.4535778982056925,3.3198291509736126,3.0170744517956507
0.1,0.0,0.5,0.1,0.1,0.0,-0.19171922136331304,1.3577839122735904,1.056332093761807,0.5723656615651374,0.12229294002201188
0.9,0.3,0.6,0.7,1.0,0.6,-0.024445589637737686,0.8766295581208793,1.0490171437445144,2.7273876236298507,2.4589101917721434
0.4,0.0,0.4,0.2,0.9,0.4,1.1505968429858981,-0.18994836781786079,-0.2439150173353302,1.494489323295274,1.121519067340716
0.0,0.8,0.2,0.7,0.7,0.1,0.09875635756240606,0.8075910369610985,0.6708642091916996,2.409319685677799,2.321078852857681
0.9,0.3,1.0,0.8,0.8,1.0,0.2848408806006537,0.875183763285091,0.7144103023798389,3.546197481016602,3.4455481572020332
0.2,0.9,0.2,0.0,0.6,0.6,3.2160434028678893,-2.2295093963411436,-2.3512003420396534,2.263544427936001,2.233233703710779
0.8,0.5,0.2,0.8,0.6,0.5,0.7845884337894367,0.24172176354776193,0.13936970994776482,3.9731341212717175,3.704174575023112
0.3,0.7,0.0,0.6,0.8,0.5,1.2202281672537187,-0.1862729263303208,-0.42807601917457117,1.8976624054403826,1.9366584399933586
0.5,0.2,0.3,0.2,0.4,0.8,2.0813113647828776,-1.0950399350417777,-1.2210874497250792,0.7984491678424464,0.6291594143702053
0.1,0.7,1.0,0.9,0.2,0.5,-0.5499519459947355,1.5566356780255428,1.6899231736738796,2.243465009244499,2.1199665938070975
0.7,0.2,0.4,0.1,0.3,0.5,1.0564997737103206,0.03962517309283149,-0.26618854950068316,0.8826049236751948,0.33912988575738423
0.7,0.1,0.3,0.3,0.3,0.9,2.1712937852464815,-1.104749190487169,-1.2222469526575717,1.3823542462898404,1.2167660665227118
0.2,0.5,0.1,0.7,0.7,0.2,0.3037527768999053,0.5927678142865125,0.6761928649317962,2.9466504509794986,2.9545038278937428
0.1,0.5,0.4,0.7,0.2,0.0,-0.31375357167432744,1.5333287381796814,1.1957857922098427,1.9662319811078648,1.755477337855873
0.3,0.7,0.3,0.1,0.8,0.1,2.654602976907927,-1.665821510505487,-1.5136132997100735,1.4998462514050375,1.1966522766582
0.5,0.3,0.2,0.8,0.1,0.3,-0.9137666548889581,1.7278890341163409,1.6855707175589212,1.0006793028267047,0.8925740974889381
0.8,0.4,0.4,0.0,0.9,0.7,2.801776899895949,-1.678516343734483,-2.0908762922132924,1.9239110663408105,1.8999048933971885
0.5,0.8,0.2,0.8,0.0,0.8,0.8752274008883079,0.10858330217302802,0.01961605913869316,1.9429724468995047,1.5628731337963289
0.5,0.9,0.7,0.0,0.4,0.9,2.414015114075113,-1.2634690725091382,-1.454088581519645,2.0998558115100496,1.9921650768249843
0.2,1.0,0.2,0.8,0.1,0.6,1.226641938000186,-0.17193172432334902,-0.3706766576868405,2.6791391217193183,2.596434152270406
0.8,0.4,0.6,0.7,0.2,0.9,0.347422103259794,0.7684544220252709,0.5330221290231143,1.8577647663715389,1.6488153338421627
0.9,1.0,0.9,0.0,0.5,0.9,2.128427853446581,-1.2762095732525967,-1.258692171644934,3.8452721693002596,3.57057153989758
0.0,0.9,0.1,0.6,0.7,0.7,1.0919211583711323,-0.20098758811484818,-0.08540045723769954,2.999916996907024,3.0955495746612733
0.0,0.9,0.2,0.9,0.8,0.9,1.295888101285862,-0.22989647728752008,-0.5429805313289197,4.183105763326693,4.041081701672022
0.1,0.6,0.3,0.4,0.6,0.1,0.8562150530255391,-0.21632680632872933,-0.4015915534608654,1.8982018973794705,2.0322434095789457
0.8,0.0,0.0,0.2,0.9,0.1,0.4508122802651293,0.32811303527147295,0.469109017429468,2.4273462954027227,2.167591780714727
0.1,0.1,0.8,0.4,0.8,0.7,1.8731211286502434,-0.7125915154615247,-0.9008539205234956,2.442928129639133,2.1085318126048125
0.4,0.4,0.1,0.8,1.0,0.9,1.4878174953288181,-0.6228847244082714,-0.6303513801804721,2.6437596658950375,2.2973366797326626
0.3,1.0,0.6,0.5,0.7,0.9,2.368949446773288,-1.0072872237422636,-1.2462046663095636,3.3068885874054454,3.0840698451795925
0.1,0.9,0.3,0.5,0.7,0.0,1.0755072668493026,-0.19484087179023868,-0.20209292999696463,3.244526122352387,2.8988709145758658
1.0,0.2,0.1,0.8,0.7,0.2,-1.4745785172143153,2.3258875819380838,2.123119166504549,3.9664167332189013,3.908487623401324
0.1,0.3,0.9,0.7,0.9,0.4,-0.0038505413355237814,0.8991236158644661,0.7232143875728778,1.9894835184899378,1.7910959205557062
0.4,0.7,0.4,0.1,0.8,0.7,3.1052636028874256,-2.0043801358765805,-2.173553495506086,1.2413521121874949,0.9991268076489281
0.0,1.0,0.7,0.2,0.5,0.7,1.7574047095149412,-0.563035576003397,-0.7656277372401172,2.4179320943961575,2.0333859257268383
0.5,0.6,0.8,0.3,0.5,1.0,2.2688001144977115,-1.437189283837256,-1.4857179209143057,2.1456210819122323,1.8629429992357327
0.6,0.8,1.0,1.0,0.3,0.1,-1.0321619459081839,1.9786400535006967,1.9008672170781165,3.818110882902132,3.3212287907729374
0.0,0.3,0.7,0.5,0.3,0.4,-1.0269780357256852,1.8381484271745747,1.7785017510796677,0.27417996874195855,-0.07301428018464065
0.0,0.3,0.0,0.2,0.6,0.3,-0.1760447746024219,1.4665927656975812,1.1501482669860217,0.6987307164291751,0.4786229001879253
0.7,0.1,0.4,0.6,0.9,0.9,1.717653770464091,-0.8837854505773333,-0.7957773534902561,3.025315688264649,2.8108330978447764
0.7,0.8,0.5,1.0,0.4,0.0,-0.3399453470293134,1.4663160162276114,1.1140321970705458,3.75466652470858,3.4001195836452545
0.8,0.0,0.2,0.3,0.9,0.3,0.8132049574785947,0.06170723182018703,0.03784115638787794,2.112332880429925,1.9964120710911422
0.2,0.1,1.0,0.4,0.7,1.0,1.736040930298808,-0.7236539485692747,-0.7639115376093415,2.738179590040174,2.5560066565782416
0.1,0.6,0.8,0.2,0.3,0.2,0.5254596286216388,0.3343659369244176,0.3595437661237416,1.329634965418287,1.24928319452949
0.2,0.1,0.8,0.6,0.8,1.0,2.092086006874002,-1.084014750053964,-1.1524859030725803,2.765626023123227,2.6729086380688525
0.1,0.5,0.9,0.8,1.0,0.9,1.3919918262278421,-0.6273198343287846,-0.6762932378545805,3.7312340292678976,3.481472095540769
0.0,0.0,0.7,0.1,0.1,0.7,0.7694624379375611,0.1674438559232693,0.0646556613622752,0.32823694272766224,-0.00867184130070936
0.0,0.5,0.9,0.3,0.0,0.1,-0.5031029224720258,1.7838061731693573,1.682322391966617,1.615191822818847,1.4550583925519307
0.7,0.4,0.3,1.0,1.0,0.4,0.4811440496913312,0.6077886669921346,0.43062737460932854,4.049614531969837,3.514028409594033
0.1,1.0,0.4,0.3,0.4,0.0,0.7166313591125147,0.25682273068516914,0.19664967021772045,2.135231485524881,2.0937827328103786
0.0,0.2,0.9,0.1,0.0,0.3,-0.9088214476670496,1.7073501498079358,1.9004850972705611,0.6090700919789647,0.35507586525150414
0.8,0.2,0.7,0.1,0.8,0.9,2.3498152588603785,-1.3826238162839202,-1.5918411193119566,2.6015818630405656,2.2064796721005453
0.2,0.3,0.4,0.4,0.8,1.0,2.5702967713407587,-1.5041929398595133,-1.6824039293994346,0.8906244257804005,0.7204413292772583
0.4,0.5,0.2,0.0,0.7,0.7,3.154049626747308,-2.1773000195717946,-2.5136755186452877,2.4008279812966253,1.9612589374723086
0.7,0.4,1.0,0.1,1.0,0.0,1.426021094220648,-0.10725920541121395,-0.41370511758012674,2.9183349195081743,2.533190465930877
0.7,1.0,1.0,0.5,0.7,0.5,0.8964097030681639,0.22555691681144852,-0.072363029165575,4.309945248980162,4.051324294498771
0.0,0.3,0.3,0.8,0.1,1.0,0.36559385911132986,0.593442760426852,0.4238270779716006,0.676199281671258,0.38095194733244264
0.2,0.3,0.6,1.0,0.8,0.1,-0.3437503009483955,1.3679899634763462,1.3087412703921133,3.0824997120113213,2.9032328083464303
0.5,0.5,0.3,0.1,0.6,0.6,2.3049156210944313,-1.5506634715049892,-1.5510942758103123,1.9614500779087465,1.907804170237282
1.0,0.9,0.9,0.4,0.4,0.8,0.7304722926081324,0.19661768751030892,-0.20555600033069116,3.9216310870331923,3.57776132583019
0.7,1.0,0.3,0.8,0.7,0.7,2.307263189910513,-1.3205264143566926,-1.4602413799389198,4.364782006759646,4.169322456012103
0.8,1.0,0.4,0.1,1.0,0.1,1.5798430939074966,-0.5624062875205691,-0.6563031903331245,3.7560708844304744,3.5087415831139284
0.3,0.7,0.5,0.6,0.2,0.7,1.1471298650057922,-0.05077485374507895,-0.22094037317842968,0.8007778131454594,0.5971636497277796
0.0,0.8,0.4,0.7,0.8,0.8,1.3874580811754347,-0.6438579621467866,-0.4300659356973525,2.292390324514366,2.0696211679104626
0.7,0.8,0.4,0.8,0.0,0.4,-0.5264928079710633,1.6413327987981339,1.553459982385252,2.2043746576295247,1.875366292333882
0.9,0.9,1.0,0.7,0.3,0.3,-1.5647726851867492,2.7164647141244727,2.657853157047234,4.173004063668281,3.97496183684766
0.7,0.5,0.2,0.4,0.8,0.0,1.8151527271079284,-0.6437397659229459,-0.7270726504406464,3.2908128939118804,2.9165262122368567
0.6,0.9,0.0,0.5,0.8,0.8,1.9149402019353967,-0.932627412039962,-0.9238420426732487,3.3631843778517636,3.2607982235493345
0.3,0.6,0.4,0.5,0.2,0.9,2.00875971932154,-0.9944283240154771,-1.018836232223925,1.135972054523877,1.2729322849491325
0.3,0.9,0.8,0.3,0.1,0.1,0.7785472750675029,0.2851765770033361,0.09936890371539892,2.1145557106390083,1.8114948507170807
0.7,0.0,0.1,0.9,0.6,0.9,1.0997800949995877,-0.27865992572199605,-0.46802014465931707,3.1849878965099703,2.964603888592605
0.8,0.5,1.0,0.4,0.8,0.3,0.010914956723133709,1.0413743845983017,1.0086612673832471,3.6292428331069084,3.5224940677857957
0.9,0.5,0.4,0.6,1.0,0.9,1.1752257071749395,-0.3118707239085353,-0.48429931887723676,3.8057358816561733,3.607544316593596
0.2,1.0,0.2,0.6,0.5,0.5,1.4240062506697435,-0.3939332764261675,-0.6679911943715987,2.634446254116302,2.4926552917338474
0.6,1.0,1.0,1.0,0.5,0.0,-0.22715557744891865,1.2430245479427076,1.2173271375877057,5.570686265897574,5.365003150410149
1.0,0.1,0.1,0.9,0.9,0.6,-0.1583072783443656,1.3038355487774698,1.2693969092234831,5.105642819133993,4.683695012727015
0.5,0.7,0.2,1.0,0.6,0.3,0.2291114997722491,0.8036843467092469,0.7615435449212389,3.2449158201915593,3.140093606638159
0.5,0.4,0.4,1.0,0.9,0.7,1.0303118202235153,-0.2138427681622011,-0.23042783330673902,3.6190798150117933,3.4048675942086075
0.6,0.0,0.0,0.2,0.4,0.6,1.1790854475216357,-0.18947027838345698,-0.4081824227284927,0.7170721100773134,0.5016058227191921
0.3,0.6,0.9,0.5,0.4,0.5,1.2217098792120804,-0.34965822882601394,-0.31977957608603647,1.940343043562328,1.8686850718238128
0.3,0.8,0.6,0.2,1.0,1.0,2.73421826608586,-1.5914900243804593,-1.913051093663463,1.7540379619872026,1.5427370834312026
0.8,0.7,0.2,0.8,0.6,0.6,1.549603660334094,-0.5640894584836518,-0.8367694165540392,2.812086702932362,2.747137744598699
0.7,0.3,0.5,0.0,0.9,0.8,2.733483477396517,-1.3661716466525207,-1.5281910881908827,1.4704111398274187,1.0582502280307238
1.0,0.0,1.0,0.5,0.0,1.0,-0.5873277846450053,1.6497133933163393,1.696602691110358,2.297607245822712,2.356477632520738
0.6,0.2,0.9,0.6,0.5,0.3,-0.23779247688905958,1.2457088700919186,1.1798048822813998,2.426907393670249,2.1630224672937834
0.7,0.0,0.1,1.0,0.1,0.6,-0.0391217055233553,1.0102687606420302,0.948309895240118,2.6508251555772215,2.628022079255601
0.9,0.0,0.5,0.8,0.2,0.9,-0.5466223849889192,1.6371284051471828,1.3616956992688818,2.2759791886950396,2.1900772411112905
0.9,0.9,0.5,0.7,0.6,0.0,-0.9047861388022448,1.8377281981405957,1.6799285591713975,4.844691158789586,4.374772156999683
0.9,0.4,0.6,0.1,0.6,0.0,0.28601453358357176,0.8626498205247726,0.893068637103552,2.6284538743319055,2.402876341271455
0.4,0.9,0.2,0.6,0.8,0.4,1.0515300556182872,0.18548041032614848,0.022618448246444003,3.2516161118906295,3.0586829387892154
0.2,0.3,0.3,0.1,0.8,0.0,2.1602543856204877,-1.3354572233250586,-1.5330124571529122,0.9945692316787867,0.8501192442207637
0.6,0.9,0.9,1.0,0.2,0.7,0.6747609086281452,0.3374901682766587,0.2932790713489565,4.347240640323057,4.298862531269738
0.8,0.4,0.9,0.2,0.9,0.5,1.4068607280623049,-0.6724025827860167,-0.7021536648545311,2.6704419729425606,2.2915078088754037
0.6,0.1,0.6,0.3,0.1,0.8,0.4525473080862731,0.4483977063492054,0.09382179414478259,1.3134418276807875,1.166291949196611
0.2,1.0,0.6,0.0,0.0,0.6,1.4876203411657292,-0.474246816908191,-0.4972989296628183,1.5284906591781253,1.4490127710679854
0.8,0.9,1.0,0.9,0.0,0.5,-1.0126004229353358,1.9263227007840948,2.003916161772322,4.327672349810206,4.09578852927482
0.9,0.1,0.2,0.1,0.8,0.1,0.4913298091195354,0.2774306446685088,0.4011866085451298,3.0745452362199495,2.926179697665321
0.2,0.0,0.8,0.4,0.8,0.9,2.6862907937093277,-1.5331185951570372,-1.5874596661524432,1.7665049374811512,1.5749596843492022
1.0,0.7,0.7,0.3,0.2,0.1,-0.6005546223877963,1.6204798279007948,1.5370039469943788,1.905781349728719,1.7998574786725132
0.8,0.5,0.3,0.5,0.3,0.6,1.4315166731624367,-0.08210412043373538,-0.4448683728701577,2.0513683225223005,2.0068978456428375
0.0,1.0,0.3,0.9,0.8,0.7,1.5498817915108538,-0.3861141083767644,-0.6128371589294244,4.2659981331996155,4.013499049834832
0.9,0.8,0.6,0.1,0.7,0.1,0.31714352823910025,0.5425179232996455,0.6205441484886545,2.9072514204105975,2.8562834554080525
0.7,0.5,0.1,1.0,0.9,0.3,-0.11318491652694013,1.0627065846142099,0.9217352382356969,4.990030003538843,4.610411561533275
0.4,0.7,0.2,0.4,0.7,0.8,2.8664800125768832,-2.2006642861099146,-2.078357508937841,1.4066709218807385,1.4642597839395377
0.5,0.1,0.5,0.1,1.0,0.5,0.6258823492568424,0.055007254500476915,0.03105737285124785,2.3585315322792386,1.9636233010300845
0.0,0.0,0.1,0.2,0.5,0.7,1.2513947365181246,-0.4165438333971162,-0.4014256787321411,0.7398333439201128,0.5496310745679506
0.8,0.3,0.8,0.9,0.0,0.9,0.45615891187867325,0.5328877143247339,0.3134098164961442,2.408747774717633,2.2786530202415256
0.7,1.0,0.4,0.2,0.3,0.0,1.056074886010198,-0.03607487320001916,-0.4380911958127264,2.5861286191271486,2.4314796572523245
0.9,0.0,0.3,0.6,0.5,1.0,1.0068293195021072,0.1046911231501638,-0.01962859481401505,2.420258148514569,2.1666999397700417
1.0,0.0,0.9,0.7,0.3,0.1,-1.2135658286897677,2.3098946162742644,2.330301553187681,3.195653542675667,2.8345885884252966
0.9,0.8,0.7,0.0,0.0,0.5,0.4494784393321638,0.7518691614180407,0.7587352174135977,1.7617769380450332,1.3985138663652599
0.2,0.4,0.2,0.4,0.4,0.0,1.4164801857601634,-0.25671426701794486,-0.31521215279992887,0.749046759634697,0.7563429660542906
0.3,0.3,0.9,0.4,0.0,0.9,1.616135385888875,-0.6496009752099424,-0.8757574614288789,0.3281831319686698,-0.04379556521500305
0.6,0.2,0.2,0.5,1.0,0.7,2.1697444532618153,-1.2340452985090165,-1.3031761307818432,2.2740250289233486,2.1675113783991997
0.9,0.2,0.1,0.2,0.4,0.8,1.1434949402554433,-0.07517282218441837,-0.11177416160369884,1.7496040953153404,1.4504717082049778
0.6,0.7,0.9,0.0,0.3,0.3,1.0991221800829367,0.22948139866626735,-0.012204357593676734,1.1347891901316396,0.9165900856975118
0.9,0.7,0.2,1.0,0.5,0.7,0.954786155672982,-0.11826514829758962,-0.25739986937524484,3.846048802184536,3.5782932738698268
0.6,0.0,0.1,1.0,0.8,0.2,-0.5229117143635638,1.373593984051927,1.5795247612997314,3.6858246106876633,3.669581773635277
0.5,0.8,0.7,0.2,0.4,0.2,0.3033264984720017,0.5074623646104287,0.5543876972633495,1.2626909484677131,0.9212504393523979
0.7,0.8,0.0,0.8,0.6,0.6,1.1260723911663297,-0.06521837431688705,-0.2185519090411689,3.2822971428009566,2.9227791879487723
0.3,0.6,0.6,0.7,0.7,0.8,1.8641227964839546,-0.7827634409991525,-0.7413503527818338,2.9346581452185503,2.7375017779635407
0.8,0.0,0.2,0.2,0.3,0.0,0.8719914901684189,0.138366864289226,0.4029131292940416,1.315214980475135,1.2132146911028818
0.1,1.0,0.6,0.9,1.0,0.7,1.007775213237918,0.09595042877635136,-0.1606237480273447,4.379209230358486,4.299738536267675
0.2,0.1,0.6,0.8,0.5,0.9,0.8121075088508595,0.3406194631110435,0.11223203823672784,2.5618959299779753,2.460983987264372
0.8,0.4,0.7,0.2,0.2,0.5,0.6214293360486665,0.4723186716143821,0.3025665272142769,1.1595152830165871,0.9583962334194325
0.2,0.8,0.3,0.8,0.8,0.8,2.7726909249622818,-1.7742891358407122,-1.7678890153158773,2.7631773091563314,2.4611813309200605
0.9,0.4,0.3,0.2,0.7,0.6,1.865580198359181,-0.8018580453801734,-1.2127415338380763,2.26560282209781,2.0118044629660767
0.7,0.5,0.3,0.2,0.4,0.0,1.506087584591391,-0.4013589035957589,-0.6465868388661484,2.021295074431274,1.8749475906988502
0.4,0.7,0.3,0.7,0.1,0.8,1.7409970505278278,-0.7318874827778558,-0.8288860187351431,1.0687410332723768,0.8680130044559939
0.7,0.0,0.6,0.0,1.0,0.7,2.3409726274307774,-1.195463294257821,-1.4356081417297304,1.9043393644320903,1.7740303649936588
0.4,1.0,0.0,0.4,0.1,1.0,1.249187763312403,-0.09341946562713349,-0.14454999832452503,2.07100488303045,1.852165380849181
1.0,0.2,0.1,0.9,0.8,0.4,-1.3087771459546016,2.227646804502974,2.210697100007051,4.4793341526099635,4.317063324218505
0.3,0.9,0.3,0.8,0.3,0.3,0.2992161508839895,0.5550583607415541,0.5357102105847192,2.807235003235714,2.5392538682850656
1.0,0.9,0.3,0.9,0.3,0.6,0.06191518760570649,0.9261962436783657,0.6802879364972192,4.50393916698584,4.368207797244095
0.3,0.0,0.8,0.0,0.4,0.2,1.3963063355424865,-0.29554925090277784,-0.47731556729998104,0.836139174796809,0.5695996132596857
0.2,0.2,1.0,1.0,0.5,0.5,-0.26452091782726794,1.1666290402337454,1.2040220834536695,3.345241882728197,3.1140836979606332
0.6,0.8,1.0,0.5,1.0,0.3,0.16456298685026913,1.056255478199463,0.8071916782563568,3.1187018739996892,3.091366649652893
0.6,0.5,0.1,1.0,0.8,0.3,-0.26832357451808386,1.435708460331963,1.3080937884491204,4.472483336728106,4.242672442091059
0.0,0.4,0.2,0.3,0.1,0.0,0.013224838963046392,0.9215265382974648,0.9433600875215209,0.4562827827578125,0.4184568211389923
0.0,0.6,1.0,0.2,0.7,0.1,0.16683757931971688,0.7358749385904181,0.7211525623560141,2.648156273620738,2.347357841086297
0.4,1.0,0.3,0.2,0.7,0.9,3.404025376984734,-2.287141914152087,-2.4569263571104245,2.91997254403101,2.593157148372706
0.6,0.2,0.3,0.9,0.4,0.8,1.1755745627163683,-0.07984485789943327,-0.4094648908939672,2.358062451054358,2.0988167497920194
1.0,0.3,0.1,0.3,0.1,1.0,0.22887154532244836,0.6250607685169576,0.48136414514765197,1.1060881613115219,0.9053228522550171
0.6,0.1,1.0,0.0,0.9,0.6,1.5996808373355258,-0.820213206457334,-0.8054781292673308,2.8725157724770614,2.6374345856980446
0.8,0.5,0.0,0.3,0.4,0.3,-0.11206875300132822,1.2209991711914145,0.9627428512533431,2.3641906446788363,2.1539372644402786
0.3,0.8,0.0,0.9,0.2,0.5,0.03941917020507684,0.815448033380123,0.8965536522313149,2.158911895278083,1.8752459597836018
0.1,0.6,1.0,0.1,0.7,0.6,1.675240668599263,-0.9510525190276639,-0.9659824261450755,2.391563186859278,2.1778722393520797
0.5,0.0,0.3,0.0,0.4,0.8,2.470751409834751,-1.595453700153822,-1.5880247519039088,0.6538656817104955,0.30519343839695307
0.7,0.3,0.4,0.5,0.5,0.7,1.7148571077904267,-0.7149750592990978,-0.8728696037303126,1.1447202217011938,0.624510557448082
0.1,0.7,0.6,0.2,0.1,0.1,-0.21073383525423242,1.2802723138594665,1.1948967144625318,0.570497350162097,0.08404076619722775
0.8,0.4,0.5,0.9,0.0,0.0,-1.44219546436646,2.2658842889978734,2.212183184608201,2.777852080895736,2.7416951835617405
1.0,0.0,0.3,0.4,0.1,0.0,-0.5977470316493856,1.4204808369493818,1.4917879176920992,1.981843145726971,1.9312829858887257
0.8,0.6,0.4,0.4,0.1,0.0,0.21196201216070176,0.672805905222009,0.5031589854031121,2.1845709954721526,1.9474542140382045
0.1,0.3,0.2,0.6,0.2,0.1,-0.18394190800583926,1.3344021902029648,1.2373706131174211,0.3068145571419767,0.07043985749546938
0.9,0.8,1.0,0.8,0.7,0.7,0.49863240256462643,0.5176531521642806,0.2924827089932957,4.280216740736809,4.306375424057121
0.1,1.0,0.7,0.9,0.2,0.9,0.7761645110791272,0.5146868080794338,0.27511070812007354,3.3403011331885843,3.2654508553632504
0.5,0.1,1.0,0.3,0.1,1.0,0.5469154984795611,0.3685848710098508,0.4580558552515979,1.7667970712716266,1.624306499749833
0.1,0.5,0.9,0.1,0.6,0.4,1.090641677669093,0.09276803225034003,-0.10948547273845192,2.233081482256301,2.298030481875641
0.7,0.7,0.2,1.0,0.9,1.0,2.1241956903123733,-1.200363692215152,-1.475632345129867,3.7980792145526077,3.8305705453454575
1.0,1.0,0.4,0.2,0.4,0.1,-0.1131787962943309,1.23111566103991,1.0760965385151948,3.4188915867353047,3.2472130673109807
0.0,0.3,0.6,0.6,0.4,0.8,0.06144734790847116,0.8600859975675292,0.8344195486940171,0.453679813924411,0.3239011112257348
0.6,0.7,0.0,0.2,0.9,0.0,1.5412191122153953,-0.3346355085620488,-0.5417183669221775,2.3378849104888513,1.8883254846421538
1.0,0.1,0.5,0.4,0.0,0.8,-0.7377795862414835,1.688592928218679,1.614807719915941,2.3009449448987827,2.2214529373183227
0.8,0.1,0.8,0.0,1.0,0.7,2.881147923189087,-1.875140659363753,-1.7663343874323776,3.0361784515021153,3.0268343626103227
1.0,0.5,0.4,0.1,0.8,0.2,0.22410726901849232,0.6611958801554061,0.6472411976684124,3.591810678164871,3.436143116553145
0.7,1.0,0.9,0.8,0.0,1.0,0.8846246692630266,0.13929731163683096,0.10312716824086743,3.9352946144630105,3.619227253222049
0.6,0.9,0.8,0.0,0.2,1.0,2.3467800826308567,-1.351950649367194,-1.3856933051439064,2.367708081993744,2.1749237404033077
0.3,1.0,0.1,0.5,0.5,1.0,2.0900919918026535,-1.166902987131504,-1.374610063639894,2.657936866383482,2.537630346678289
0.7,0.2,0.0,0.5,1.0,0.6,1.3483044699081363,-0.33146525672629723,-0.2036642729420192,2.3663433917734866,2.2029779374500498
0.2,0.2,1.0,0.1,1.0,0.3,0.9037628599307215,0.31771244862272074,0.3479906652834882,1.8828563064897306,1.6512885666798467
0.2,0.9,0.1,0.8,0.5,0.0,0.509449174630058,0.7556322101832185,0.5090433686251677,3.4722435264195153,3.4149997976439184
0.5,0.7,0.8,0.6,0.9,0.6,1.8992176149612754,-0.6635687904323475,-0.9526583580658169,2.306753534651839,2.220066511361433
0.8,0.7,0.6,0.0,0.7,0.3,0.7305500084420525,-0.10164597710431231,0.020311824901842072,2.0939187748592767,1.925139368936106
0.7,0.7,0.1,0.0,0.3,0.3,0.869335525548838,-0.02652305884352614,-0.10672566290267141,0.9456336862366359,0.5320040712910401
0.9,0.3,0.6,0.0,0.3,0.5,0.05796650190811285,0.9698343725731652,1.013309246302099,0.8733841805519788,0.6454427707051571
0.2,0.7,0.4,0.8,0.8,0.8,2.3436243982760505,-1.2371220258070523,-1.4632060914779788,2.3579434484900896,2.129041971418248
0.3,1.0,0.0,0.2,0.9,0.4,1.4978754005335886,-0.4403939488772054,-0.6458322731907141,2.9287947800409166,2.818683268573783
0.7,0.2,0.7,0.0,0.9,0.6,2.3766995640047077,-1.3685176289076761,-1.4737394677813098,2.323579312010585,1.891256699968999
1.0,0.5,0.4,0.1,0.3,0.0,-0.05013769530696666,1.1280919526969875,1.001047456704286,2.633895037756223,2.447734854568695
0.6,0.8,0.2,0.7,0.0,1.0,1.1689875766559261,-0.04787718868032663,-0.48159823352926645,1.7648176676662537,1.4403770883263338
0.3,0.7,0.9,0.3,0.8,0.4,1.8238571466426454,-0.7874112378636193,-0.8980172535646327,1.75148620464652,1.6782923978946136
0.5,1.0,0.3,0.5,0.7,1.0,2.423804731852765,-1.4963482005699655,-1.4628225173513054,3.3876892919223174,3.1848514721828813
0.1,0.3,0.1,0.8,0.7,0.4,-0.4015411082747077,1.3886926047133774,1.144532867663665,1.7940110020928763,1.5554477383477734
0.2,0.7,0.3,0.3,0.0,0.0,1.293158923385745,-0.1425608678736549,-0.4785711056568946,0.39173065817564545,0.2646195723932255
0.8,0.7,0.4,0.9,0.8,1.0,1.5064163625945155,-0.7099334380212682,-0.8502140145654751,3.8116530455945323,3.449147570605191
1.0,0.4,0.2,1.0,0.5,0.5,-0.3649756703135647,1.3228408807895962,1.3651724618151848,4.0701031699040975,3.9657381023406004
0.5,0.0,0.4,0.2,0.3,0.9,1.6405251856695795,-0.528704966292329,-0.6947692208371605,0.47838056625549413,0.3581035618416037
0.6,0.2,0.2,0.5,0.5,0.4,0.42391004433978796,0.6793995636800259,0.41743672129054504,1.553967550057482,1.1647413176589927
0.8,0.4,0.1,0.6,0.7,0.9,1.659000084660287,-0.6846333746968117,-0.6604546167263358,2.6836215365201737,2.4338129077335915
1.0,0.4,0.9,0.6,0.2,0.3,-1.619795614457414,2.5704116999818822,2.353218075889564,2.5723572497870473,2.3954473166219112
0.2,0.6,1.0,0.7,0.9,0.5,0.9197060267868572,0.13874430362311435,0.23107112714879255,3.415800517526207,3.1822806290595707
0.5,0.7,0.5,0.3,1.0,0.5,1.2038191650281618,-0.09909221419823891,-0.3936062926166418,1.8636112213751255,1.4447518430650343
1.0,0.3,0.8,0.5,0.8,0.5,0.16663310830075934,0.6989518554423502,0.6285260476068746,2.980686463659312,2.626200274136462
0.5,0.8,0.1,1.0,0.2,1.0,0.4484193417258035,0.4261021933017175,0.355353188498728,2.779468952558862,2.5135102731342878
0.1,0.1,0.7,0.7,0.9,0.3,-0.5972415769213729,1.7201348536287075,1.3640292714200766,3.0030050786589664,2.8813541887916747
0.0,0.4,0.1,0.9,0.8,0.4,-0.8111850818378955,1.982213230617569,1.651318159725963,2.720255838235642,2.5481292649474523
0.3,0.3,0.4,0.9,0.2,0.8,1.174501654531589,-0.15085119243853073,-0.207581600965128,1.038978937607486,1.0457947900676117
0.2,0.2,0.8,0.0,0.1,0.7,2.282912117937704,-1.2048886403630754,-1.4043472276311386,0.5322836685694542,0.22301638458179762
0.6,0.7,1.0,0.9,0.1,0.2,-1.205883887279753,2.366151100244847,2.2102362561445146,2.680155230440868,2.471569733377689
0.8,0.2,0.0,0.3,0.2,0.1,-0.34622005879408974,1.3807489930060446,1.1604267576765182,1.3874030475418284,1.4790551096897806
0.9,0.7,0.0,0.3,0.5,0.7,1.533987996842388,-0.3089114439640385,-0.41326416492616497,2.0281060654198613,1.773154386856869
0.5,0.3,1.0,0.1,0.3,1.0,1.3174974472961738,-0.19221876363637946,-0.25793643656187715,0.4490312891816799,0.4890403400636712
0.9,0.1,0.6,0.4,0.4,0.7,0.09118718182733326,0.9554844117607972,0.7708183610113175,2.30846162330147,2.1029131837613253
0.4,0.1,0.5,0.4,0.8,0.7,1.5078113616527011,-0.37996289700143354,-0.6860023120908716,2.1566519233157613,2.0303625529238203
0.2,0.4,0.8,0.2,1.0,0.3,1.6668231764720207,-0.5528989226759409,-0.545773434615262,1.6588277937027172,1.45543349973895
1.0,0.3,0.0,0.2,0.8,0.0,0.13183398013319278,1.046033624100651,0.7371572030585047,2.6391873166326993,2.168803820044449
1.0,0.7,1.0,0.0,0.1,0.9,0.8131022293231732,0.09271492971656528,0.07943877629282863,2.0985005992126093,1.9717099514158953
0.1,0.3,0.8,0.5,0.1,0.0,-0.09395532687815186,1.2161189066005107,1.1215957750615344,0.7849118412305152,0.5338602543220348
0.7,0.7,0.7,0.8,0.1,0.6,0.5241227744654212,0.4334578262682996,0.22824494852030217,2.1754999463920632,1.8227873122086946
0.2,0.3,0.8,0.0,0.4,0.0,1.6878211146983588,-0.8294317197145966,-0.800020319330244,0.5590542375414524,0.2651741607982549
0.5,0.7,0.2,0.5,0.1,0.4,0.38469277984325034,0.9407767242895935,0.6838715112828831,0.6606662326347214,0.45849245297403124
0.1,0.4,0.2,0.8,0.9,0.1,0.3658870365708187,0.6200869152303125,0.7274606803596458,2.5332329415892083,2.6045768700588248
0.0,0.1,0.5,0.7,0.3,0.5,-1.2989892677935473,2.268559081813191,2.408031328768079,1.5419316767068463,1.3802596024402902
0.6,0.1,0.9,0.7,1.0,0.1,-0.13329919444999258,1.0600127233307322,0.7769533706226115,3.9204995907324673,3.596167660179245
0.3,0.9,1.0,0.8,0.8,0.9,1.720315732633201,-0.7436578307400172,-0.8554601822975798,4.243547373212875,4.297339788781711
1.0,0.3,0.9,0.0,0.0,0.9,0.9498473740045936,0.020610256811643163,-0.10239845590901031,1.3880008622002697,1.2488024938694182
0.7,0.3,0.3,0.1,0.5,0.4,1.5056076070590745,-0.5207590636125923,-0.5263905483996918,0.7414320071696503,0.3226938563962914
0.2,0.2,0.3,0.3,0.3,0.8,2.3177115448078194,-1.2660132709096374,-1.5101796743774847,0.36967120078180693,0.12526215675673733
0.7,1.0,0.6,0.6,0.9,0.3,-0.017740438678915685,0.7620923090722967,0.7505351684484838,3.909239085094963,3.722828075267245
0.5,0.8,0.4,1.0,0.9,0.3,-0.32059742458230445,1.241638001622273,1.097768534430603,3.8020468054026884,3.9079315830700327
0.2,0.4,0.9,0.0,0.2,0.6,2.293576866515677,-0.9501366855821949,-1.0310417084390666,0.7726585926088971,0.5741684101917279
0.5,0.3,0.7,0.5,0.9,0.6,1.2297994262455885,-0.36469056534769895,-0.45165795773485873,1.6684264074694577,1.2813702742365587
1.0,0.7,0.6,0.4,0.6,0.6,0.5075511624684558,0.28222808162030943,0.4494789192414078,2.9605016087435447,2.5564792432842434
0.9,0.6,0.0,0.2,0.6,0.6,1.3005859011108458,-0.12463468613961476,-0.26282257377775037,2.754143332846924,2.5268081663991264
0.4,0.1,0.0,0.3,0.0,0.7,0.5669429321678072,0.39500453613659314,0.2246478761391921,1.0971225957055086,0.7797439730829193
0.6,0.9,0.4,0.1,0.5,0.1,1.0357288792052437,-0.09950293917794226,-0.07667588029518507,2.7089379786520684,2.6167584810947915
0.9,0.1,0.9,0.3,0.9,0.1,0.02929465085521979,1.056394264171854,0.8009605671907026,3.892967180610215,3.5978277630802866
0.0,0.7,0.3,0.6,0.8,0.8,2.0297290535398385,-1.1680257847076199,-1.0763022739739156,1.7137394775722035,1.501265323785163
0.8,0.0,1.0,0.2,0.9,0.7,1.7855261975584598,-0.7653925927214529,-0.8921049144058014,2.7056333715200758,2.487440086281915
0.6,0.0,0.4,0.0,0.2,0.0,0.8490678964843303,0.23321502898807892,0.05111829955200399,0.7792984212503062,0.7777000435994349
0.3,0.5,0.5,1.0,0.7,0.4,-0.30571764052128664,1.1868029372832367,1.2721594246897672,4.245594466488458,3.932498416574557
0.7,0.8,0.9,0.2,0.8,1.0,2.84457716749461,-2.0170817004564925,-2.04028555275305,2.741123993298198,2.6147696500287156
0.6,0.6,0.9,0.3,0.7,0.9,2.5921751101575747,-1.4636475069803547,-1.7979200999891303,2.8434662838696934,2.7313040368416375
0.7,0.4,0.5,0.9,0.2,0.5,-0.561881885973383,1.6777262449777905,1.6747929026858184,2.2779359477502,2.111885621495254
0.1,0.2,0.0,0.0,0.5,0.6,1.2588805700960488,-0.48550958541651906,-0.6112049471310292,0.8414904168585258,0.5060908203192358
0.7,0.8,0.3,0.7,0.3,0.4,0.3734157167218688,0.6667167911926721,0.46590666442250184,1.9873113672770804,1.577128395753843
0.5,0.2,0.1,0.9,0.5,0.5,-0.6303300150707576,1.1351054894308068,1.2298243552825727,2.455500281523424,2.488717553454143
0.8,0.9,0.0,0.0,0.6,0.2,0.9015607353863824,0.01660136116973568,0.08095755396102923,3.4236304735601912,3.1597934077939054
0.3,0.1,0.4,0.5,0.5,0.5,0.874149147589385,0.1416811924502114,0.05170143275325248,1.6503548163864938,1.470288911152221
0.5,0.2,0.6,0.2,0.8,0.7,1.4847716640805846,-0.500303419787592,-0.6401538789806254,1.7182386583155922,1.5574421623499028
1.0,0.5,0.2,0.5,0.1,0.6,0.38146327740735675,0.9546194237584262,0.8870062243571991,2.596590399222091,2.6703239039178235
0.7,0.6,0.6,0.0,0.0,0.1,0.3188733590794948,0.6505314406668841,0.8033118737913901,1.582517475561954,1.4201447068603716
0.1,0.3,0.7,0.2,1.0,1.0,2.252572161598593,-1.1324459918231866,-1.2649392489281475,1.2739557024039532,0.8714339321793219
0.7,0.9,0.7,0.8,0.7,0.6,1.1713362034367982,-0.3068241656760474,-0.31107525442020423,4.4346120890651175,4.263208499305947
0.4,0.7,0.1,0.2,0.4,0.5,1.3855834534317297,-0.3261999546349572,-0.502501813215598,0.689656427901214,0.3718768708742158
0.2,0.5,0.6,0.9,0.1,0.4,-1.1837987819992182,2.099348151141313,2.07658386234629,2.6488596438125374,2.362887826077037
0.3,0.2,0.7,0.1,0.5,0.2,0.8495530668126112,-0.006971243266634564,-0.14209886116291798,1.22224482076577,0.9591493457657052
0.0,0.3,0.6,0.3,0.8,0.0,-0.012449557816741487,1.0467018433590685,0.7653372910989402,1.289585456418088,1.071006099990454
0.5,0.1,0.0,0.2,0.3,0.1,-0.44264195029887826,1.563651596864693,1.1979066209670692,1.5010465536988629,1.3118427952403315
0.9,0.2,0.3,0.2,0.6,0.9,1.850975381162012,-1.0327103094369172,-1.0567123227647792,2.2227422637028122,2.185394540668825
0.6,0.0,0.7,0.5,0.9,0.8,1.729944370313112,-0.8697423591006956,-0.9609468964149281,2.2600383426791835,2.0526796625993584
0.1,0.5,0.7,0.0,0.6,0.2,0.8437758595485543,0.2229911182780064,-0.016262181641593557,2.280840352512131,1.8650749444249306
0.3,0.9,0.3,0.6,0.9,0.8,2.737914475068108,-1.873710147538787,-2.0890281162313356,3.2073114515916608,3.0351895348929196
1.0,0.7,0.1,0.9,0.9,0.7,0.6441422313723296,0.23555481574415427,0.19087748060796256,4.230039098965372,4.059820909282106
0.2,0.5,0.0,0.6,0.8,0.5,0.9818711057204575,-0.07989257090566268,0.10134610357308058,2.719329195467136,2.604849623291887
0.2,0.4,0.9,0.7,0.3,0.8,1.355670278463574,-0.39982094968956017,-0.4225851586920655,1.52851851861192,1.4319354534312636
0.6,0.4,0.2,0.8,0.3,0.3,-0.4528216469870421,1.3951094383232951,1.1525874968630478,1.748526635726673,1.541707139102514
0.2,0.0,0.8,0.8,0.6,0.2,0.06535421432194474,0.7889631904019924,0.6571747128244295,2.475669018150944,2.5404047864521857
0.0,1.0,0.4,0.1,0.4,0.7,1.7221749480180746,-0.6923291521642284,-0.7081785656643793,1.6148781545029587,1.6445126438768274
0.7,0.6,1.0,0.5,0.2,0.7,0.9519202815961942,0.07579254811036494,-0.11095177611483087,2.434144322231232,1.9812162926029449
0.4,0.7,0.9,0.5,0.1,0.5,0.6626833373119498,0.32968717680772597,0.24441384881227401,1.005839459111207,0.9368157556112164
0.0,0.6,0.1,0.1,0.9,0.5,1.2761050944815557,-0.17801426903774561,-0.40147727031211033,1.9212392927376785,1.5458465613982928
0.2,0.7,0.5,0.6,0.0,0.7,0.7502517607355864,0.22030807149056947,0.015368783877732994,0.7372829724915523,0.38611172532770155
0.3,0.6,0.2,0.4,0.4,0.3,1.0576009210410573,-0.05980588892062539,-0.23171905642252377,1.273662191030764,1.2876935486805348
0.0,0.2,0.5,0.6,0.1,0.3,-2.0230969582294085,2.990371420016355,2.953982214491123,0.8270340372454812,0.6852046167609438
0.1,0.2,1.0,0.7,0.4,0.0,-0.9253210439020496,1.9102980207406057,1.7944597121148107,2.1848244605435085,1.9198556402550482
0.7,0.8,0.2,0.4,0.3,0.1,0.6730051714211167,0.15383326675281744,0.08457751696120697,1.4608352187147515,1.3986602112687296
0.0,0.6,0.2,0.0,0.6,0.0,1.2503780117282062,-0.4951642244067642,-0.6823265362890198,1.9028530831647426,1.740133976020741
0.7,1.0,0.3,0.3,0.9,0.5,2.3948321179807297,-1.3735972958491798,-1.4785047208333406,3.4851892944719745,3.43510685267211
0.7,1.0,0.5,0.0,0.4,0.0,1.2581335910898737,-0.015346682313178484,-0.2792325226314405,2.615837385388821,2.6821317420987407
0.7,0.3,0.6,0.0,0.8,0.8,2.4436870077042587,-1.5621603969431503,-1.6698815444111639,1.491100193111906,1.259502528985686
0.9,1.0,0.5,1.0,0.0,0.1,-2.173936000906369,3.0919557043241666,2.778320693329874,4.871180240240537,4.618780844541472
0.9,0.9,0.0,0.3,0.5,0.0,0.03168575000586425,1.0115359296315778,0.8159567464283647,3.6463519398389903,3.258744577457659
0.2,0.3,0.0,0.7,0.6,0.7,1.2649197075751348,-0.33096806779301924,-0.38249651241214966,1.3746785940207196,1.2810839576522508
0.6,1.0,0.1,1.0,0.4,0.4,-0.539308019397759,1.5037361933539442,1.1968597480319536,4.552823606084283,4.014183739315018
0.8,1.0,0.8,0.7,0.0,0.2,-0.545215172708776,1.5872561694267566,1.4845154036126225,3.6320948841396006,3.565437556983163
0.5,0.4,1.0,0.3,0.6,0.4,-0.007959814395254852,0.968648071192572,0.7875729640138383,2.0861211807457476,1.7354539052157503
0.9,0.6,0.1,0.0,0.8,0.4,0.9596512602154494,0.04612397625400688,0.0966893382544154,3.028165005875219,2.666266690608638
0.1,0.3,0.5,0.0,0.0,0.5,0.10863359063855188,0.8895978179761473,0.6958601057902656,-0.5665190047751131,-0.6069179110161415
0.8,0.9,0.6,0.7,1.0,0.8,1.2701702455469894,-0.268243329703773,-0.6489821246722707,4.544683160347487,4.191170643378063
0.6,0.5,0.1,1.0,0.6,0.0,-0.1650648822341708,0.9363268054045211,0.7218820950515557,4.5975979603245385,4.376259372941698
0.9,0.8,0.5,0.6,0.9,0.8,0.9610384272302842,-0.0547024368214583,-0.07938113876052805,3.3627486481970323,3.0285350065052503
0.0,0.5,0.1,0.8,0.9,0.5,-0.17175867910118306,1.2724595983303904,1.110286738230701,3.2415161465961666,3.1353942794321514
0.1,0.7,0.7,0.1,0.3,0.8,2.1645781617623476,-1.2007547733839545,-1.2044175007765483,0.29602958841369414,0.11707591150556015
0.7,0.4,0.5,0.4,0.7,0.0,0.5339190545980144,0.32243913903976973,0.07336803636090183,2.3699845673990794,2.1269476499141584
0.0,0.4,0.8,0.4,0.2,0.7,0.8570964767701924,-0.027190903761746904,0.03876449814995282,0.6526577090909093,0.3881683051499412
0.0,0.3,1.0,1.0,0.5,0.1,-1.5898286511304984,2.5117263764669056,2.553130554200372,3.0808812821112284,2.6893676934151602
0.2,0.7,0.0,0.6,0.4,0.5,0.6102777879226131,0.3531796624153958,0.22462856581361046,0.8496375917527161,0.6927333817811128
0.5,0.3,0.4,0.8,0.3,0.4,-0.6338979836893707,1.8735916058111897,1.7701108844919693,0.9711011473670006,0.8807238235159209
0.3,0.0,0.2,0.5,1.0,0.0,1.623459655776164,-0.44297402833902144,-0.7134906829250217,2.002381043766125,1.9565710787218704
0.0,0.5,0.0,0.5,0.6,0.6,0.5489525385769705,0.5879514193953324,0.3666400762225724,2.3065823805398735,2.2975074900523946
0.9,0.4,0.1,0.5,0.0,0.8,0.16305948089258349,0.65470191686041,0.9033129891241601,1.6373296234778734,1.3961272372060864
0.8,0.8,0.0,0.4,0.6,1.0,1.7237748654329548,-0.8910017847150159,-0.9563794400575353,2.486000786389596,2.2523569167742874
0.1,1.0,0.2,0.4,0.3,0.1,0.6041717450931008,0.41939209050366444,0.36853870744771516,2.3071953867797665,1.8890979711852818
1.0,0.6,0.2,0.9,0.5,1.0,0.6292081473965019,0.22954021252075382,0.19645982254444785,4.25135123039551,4.143423886266669
0.6,0.3,1.0,0.2,0.6,0.2,0.2364358713965855,0.7243245523838125,0.6614731466033359,1.6434373256374364,1.2509082832964917
0.9,0.1,1.0,0.1,0.6,0.5,0.12386658179239202,0.9976958332818999,0.9404182305873768,3.477397304320503,2.9302671425520628
0.0,0.2,0.8,0.2,0.9,0.4,0.5152785677418097,0.34042226660016595,0.273533043952168,1.863914035973292,1.4766051438792283
0.2,0.2,0.5,0.7,0.0,0.3,-1.6198025323545648,2.355627034700418,2.2826728593053796,1.1664063179971529,0.8359069252154773
1.0,0.5,0.6,0.2,0.7,0.7,0.98991919006656,0.053459219120449694,-0.053556953685651054,3.571542342545954,3.510478982876532
0.5,1.0,0.7,0.9,0.0,0.0,-0.9471264666742775,1.7220852084242144,1.818469042163902,3.8558515658854,3.634973222297202
0.6,0.3,0.2,0.7,0.7,0.1,0.40628904362290613,0.33496279532859674,0.4108388643759225,1.9999529466457053,1.9869789440097805
0.3,0.5,0.5,0.0,0.9,0.8,3.0685176030610295,-1.9240346622860824,-2.1206404132320347,2.244047906309079,2.042805692784029
0.9,0.4,0.9,0.0,0.9,0.4,0.8155008790746225,0.33760451302698957,0.025118016019627425,2.8154536427692514,2.6102605365894944
0.5,0.1,0.6,1.0,0.8,0.3,-1.1414462322457775,2.109484788569975,2.1723093271285325,4.362818720951831,3.9817056352344586
0.0,0.5,0.1,0.9,0.9,0.4,-0.5834742430711275,1.7556998441713971,1.4951263064878275,3.739503901317494,3.49291635064151
0.6,0.8,0.9,0.3,0.2,0.6,1.4995846505236814,-0.33022632155541737,-0.663949276820945,1.387088210864842,1.2555854185617232
0.2,0.5,0.9,0.8,0.5,0.8,1.6637768590148136,-0.6836254857885073,-0.9696371687061274,3.175278614456042,2.8919294565245766
0.6,0.2,0.5,0.7,0.8,0.6,0.5340912504213913,0.36292978989497177,0.3853411280730483,2.7162519172500805,2.4525341610144813
0.9,1.0,0.8,0.2,0.0,0.9,1.2755688817713524,-0.210463215669398,-0.4478677348462177,3.1167619055381324,2.947296685434819
0.0,0.5,0.8,0.9,0.4,0.0,-0.5763847425442841,1.5893977718654222,1.4379454138361372,3.3120185512611644,3.19765971845143
0.7,0.6,0.1,1.0,0.3,0.5,0.1761695575041709,1.095793146880716,0.6672750411289532,3.4855251871862456,3.1280158485071183
0.5,1.0,0.2,0.7,0.6,0.6,1.6313326936597716,-0.3486975870649798,-0.6245332490326204,3.57222204700592,3.397210574513702
0.7,0.2,1.0,0.7,0.9,0.6,0.6209089803938301,0.2694240816500847,0.09058561076954824,3.4060822178720955,3.275878272055243
0.8,0.0,0.8,0.8,0.4,0.0,-0.1471456986904924,1.0833157068757513,1.1635836661956793,3.0790855872024787,2.887507454932443
0.8,0.4,0.7,0.1,1.0,0.3,0.870919585752362,0.0361108481154513,-0.16468590473730876,2.3222819907009384,2.1768516647751426
0.0,0.2,0.4,1.0,0.8,0.3,-1.0719040165627307,2.08987916348761,1.8325969248580924,3.0509059751245666,3.1990803459388495
0.9,0.4,0.2,0.8,0.9,0.3,-0.37776615312974493,1.2850873693651361,1.1581648178369854,3.5567622075865923,3.4498593304401575
0.5,0.1,0.7,0.0,0.9,0.3,0.656942486183409,0.21900232139853387,0.34228527552128263,2.2703054049591467,2.211758417271593
0.5,0.5,0.9,0.8,0.0,0.6,-0.019210931431029636,1.0421117030031788,0.9954980806548556,2.734784640359158,2.662116941432733
0.6,1.0,0.5,0.8,0.7,0.0,0.213810679061315,1.1057741869628954,0.7710575935976657,4.441737258762082,4.314101031416178
0.9,0.0,0.0,0.7,0.7,0.6,-0.023112739284510714,0.9926399119407376,0.9813883748492513,3.1960964278872037,2.7813792875486225
0.6,0.8,0.5,0.8,0.8,0.9,1.1888343551966243,-0.286915275827034,-0.38856471359224226,3.1250524049828075,2.892466453148377
0.9,0.0,0.6,0.6,0.0,0.0,-1.817159593075611,2.7634430407660475,2.5978140256869455,2.251816733719812,1.9775184485900918
0.6,0.1,0.4,0.6,0.4,0.3,-0.6481728344135742,1.7184526414228412,1.5877327670062031,1.9011892599154652,1.8616580287022293
0.1,0.5,1.0,0.1,0.6,0.1,0.2954474728108676,0.6579247290250494,0.36468037146708,2.671937149708296,2.2637520827096576
0.8,0.2,0.0,0.2,0.5,0.1,0.10091504776629384,0.8154299933568628,0.7599354899362769,1.8157602468986216,1.759696509518476
0.5,0.6,0.7,0.3,0.8,0.9,2.3369283167832204,-1.3563640525214775,-1.4792838109734758,2.5885498578079384,2.3381822114320197
0.7,0.0,0.8,0.9,0.3,0.5,0.09088664188648668,0.8712149262729365,0.8139562601811868,2.558082160577548,2.3980257355872703
0.1,0.4,0.8,0.7,0.1,1.0,0.7253495930314742,0.2847961660341848,0.2029127119778103,1.2927756521229734,1.0780169944896638
1.0,0.0,0.5,0.3,1.0,0.3,-0.881285638502645,1.8473143105031269,1.7531842900796477,2.756276866836673,2.6780678902398405
0.3,0.3,0.9,1.0,0.2,0.9,1.1190671522265667,-0.18481380362497413,-0.19928107711090035,2.1945523079023093,1.8533285889803177
0.5,0.9,0.3,0.7,0.1,0.9,1.0293439617529008,-0.1159079737190828,-0.22847355138064823,2.5562873129352304,2.3300118221325805
1.0,0.7,0.9,0.6,0.4,0.7,0.801154530601665,0.3842411428218893,0.30793008293618196,2.832378521912897,2.4857951691890285
0.2,0.7,0.7,0.0,1.0,0.8,3.5676826052405244,-2.71707251637129,-2.6012481504926046,1.5407422820563492,1.2230777150939525
0.7,0.5,0.4,0.8,0.6,0.3,-0.014516310458595347,1.1305897217035912,1.1234868646550593,3.7311974250782702,3.3888541099280567
0.8,1.0,0.1,0.9,0.7,0.0,0.1747520736185856,0.6883855286094085,0.5314970223350561,5.403603832265857,5.400848998717645
1.0,0.7,0.3,0.3,0.7,0.8,2.371176035047478,-1.2920918075071368,-1.5147885276492385,2.6550191803727183,2.4306108472675727
1.0,0.6,0.9,0.6,0.6,0.4,-0.5673723971409768,1.5002928448227335,1.122923594827489,4.228054969040663,3.8975035805539986
0.1,0.5,0.4,1.0,0.3,0.7,0.5245900045386866,0.5108847422400855,0.4912702900357108,2.964174777209418,2.687813263107663
0.0,1.0,0.4,1.0,0.4,0.3,-1.4644410162736075,2.3379815073550807,2.0675751662826856,3.8713137302841933,3.5472366209975212
0.0,0.5,1.0,0.5,0.0,0.3,-1.6985485132192095,2.8808243880916544,2.69063191725568,1.9437345016737446,1.57685725603277
0.5,0.8,0.9,0.9,0.7,0.4,-0.03568684830758828,0.9273268304774812,0.7288133139206158,3.8111959061210934,3.543090591677927
0.5,0.1,0.2,1.0,0.6,0.9,1.217786022587283,-0.03560659490725965,-0.11200019715042023,3.749161501250338,3.8492690718933003
0.7,0.1,0.5,0.1,0.1,0.4,-0.21943314019583385,1.3918884251987276,1.144807276141146,1.330569659238297,1.0686821516031164
0.2,0.4,0.1,0.9,0.7,0.5,0.7096061266417425,0.3274727636983993,0.05107528261047348,2.7827192790135515,2.6405891958184258
0.8,0.1,0.5,0.6,0.4,0.9,0.17604790375577845,0.5849875369398172,0.4942627774062698,2.3881913466817504,2.250556189881397
0.5,0.4,0.6,0.5,0.3,0.3,-1.140705167129458,2.023467477067875,1.9128055626631242,1.106147087985367,0.8626478919799346
0.3,0.2,0.0,0.8,0.4,0.4,-0.43510992763423134,1.5059661670475857,1.285762385067127,1.9101249949721075,1.6672228615062314
0.6,0.2,0.4,0.7,0.1,0.1,-0.8154419176839547,1.842285815911999,1.9132103293104854,1.6688570419334152,1.646563646970646
0.3,0.9,0.6,0.5,0.6,0.9,2.0294746857158983,-1.0084109167544044,-1.0031185814779497,3.0694529767400494,2.7551492830420066
0.0,0.8,0.1,0.7,0.2,0.1,-1.0088106583935867,2.0348398075738627,1.9873943183589045,1.5555577277587125,1.3459810308894304
0.5,0.3,0.6,0.0,0.1,0.3,-0.5452324763617856,1.4969504537275804,1.3924844713607307,0.04227819775230434,-0.3318401374402321
0.8,0.3,0.1,1.0,0.1,0.5,-0.6257585962500402,1.6516018959508645,1.4652536144648218,2.4126343178079304,2.3292969271813377
0.9,0.7,0.4,0.5,0.6,0.3,-0.11283787295761952,1.0945878127893909,0.9554003508587935,2.3105504102206678,2.258591235610809
0.4,0.4,0.2,0.7,0.8,0.7,1.9825985131161794,-1.1852103215411678,-1.0650025024893075,2.083934060157688,1.9984072243559077
0.6,0.2,1.0,0.6,0.9,0.9,1.122757227990796,-0.08752445752730614,-0.28151591403573456,3.3712036894673227,2.7570572451064326
0.4,0.9,0.6,0.0,0.0,0.5,0.4890385786492101,0.5530990287457999,0.4133345616786265,1.7543400092861812,1.4224852721999701
0.2,0.8,0.9,0.7,0.1,0.0,0.09917771601360742,0.715704039962735,0.6603175707205751,2.078404670210438,1.9610313298800726
0.8,0.6,1.0,0.8,1.0,0.3,-0.48652888379593817,1.4037239785281295,1.3075146560697168,4.5996016938725734,4.462845112823234
0.3,0.5,0.1,0.3,0.0,0.2,-0.08592706464625474,1.083109230067153,0.747008312007913,1.4661932529267925,1.0669707071492267
0.4,0.8,0.1,0.8,0.8,0.1,0.3775653104893594,0.490880399944285,0.6482803915592187,3.1535625262782485,2.9765804969530842
0.0,0.6,0.0,0.4,0.6,0.2,-0.28697439600221253,1.2627870548955542,1.3369244845107722,2.135652200397835,2.015726507261083
0.8,0.3,1.0,0.5,0.1,0.2,-1.2746006959144358,2.1731904821062846,2.2204503671407267,1.5435912709674264,1.3707386849655874
0.4,0.7,0.4,0.9,0.5,0.2,-0.10413075971261895,1.0892454995151386,1.0195234873630512,2.4066276479267956,2.3620589274225257
0.2,0.2,0.7,0.5,0.7,0.1,0.6696611599643327,0.5847902002805103,0.2907126336187954,2.0532666102715442,1.8168939878408616
0.0,0.7,0.1,0.0,0.4,0.8,1.89382495799092,-0.9652730947626775,-0.9621973631767,0.41683076700554633,0.18118176566398567
0.1,0.8,0.6,0.9,0.9,1.0,0.8917166751500256,0.16994775633840967,-0.1731769335948815,3.4459900554131813,3.225100681661834
0.3,0.8,0.8,0.9,0.1,1.0,1.3496481157580213,-0.523687564488085,-0.5368389144406412,2.2565371999382666,2.1830135669374027
0.7,0.4,0.7,0.6,0.8,0.1,0.4101034625372321,0.5170418054729585,0.4414482043960854,2.601835996643233,2.5387577015179716
0.3,0.6,0.5,1.0,0.5,0.4,-0.3187890008886464,1.2021754600848087,1.2284938934279277,3.499866174025763,3.2361139770868763
0.8,0.1,0.1,0.7,0.8,0.7,0.999069470508748,-0.008125172642267031,-0.20273358634096283,3.5369110395932797,3.377036287203231
0.6,0.7,0.9,0.1,0.9,0.1,1.730733047574319,-0.6246437378289128,-0.7259726111817214,2.3333810607007894,2.077229977236835
0.4,0.9,0.4,0.6,0.7,0.9,2.1119947275880593,-1.1802226731031247,-1.1237099235344072,3.4097473640636773,3.1415087725612936
0.0,0.3,0.4,0.3,0.5,0.1,-0.2964057145962743,1.2296328836587866,0.9838706509293863,0.35502256473520116,0.18174328178514612
0.8,0.9,0.8,1.0,0.1,0.0,-0.3367458893568399,1.3455413127996236,1.402519129895334,5.006360407638888,4.796348829742021
0.5,0.3,0.5,0.6,0.2,0.3,-1.531723277057275,2.584638987096965,2.2792491347619435,0.5282821293219047,0.3624708948133843
0.4,0.1,0.1,0.9,0.5,0.8,0.9275321777646489,0.10744916780106918,-0.042847964603472524,3.151164921052971,2.7395571971236867
0.1,0.6,0.7,0.6,0.9,0.7,1.5755062446572807,-0.6741469059897257,-0.9403280642592338,2.746597336865691,2.471245330580183
0.9,0.4,0.0,0.1,0.4,0.5,0.1118544477982158,0.604258764963058,0.7576952967391497,1.3080943589370935,1.1290406009046632
0.4,0.0,0.3,0.7,0.1,0.1,-0.19839955395995706,1.2539634143782443,1.2671061057789803,1.42159175702617,0.8889644701266114
0.7,0.0,0.7,0.9,0.1,0.3,-1.245007665098623,2.2466310869779624,2.1874833121253197,2.4243154324132004,2.5154753897623867
0.9,0.8,0.0,1.0,0.7,0.5,-0.39357089177992455,1.1070600658543202,1.2984255077804483,4.719612616890392,4.715509745032046
0.3,0.9,0.0,0.4,1.0,0.0,1.3735689909028324,-0.4654192053606183,-0.4569222328339017,3.401501431160371,3.180489776333921
0.6,0.0,0.0,0.2,0.1,0.5,0.02677076262663436,0.9058794844480457,0.6365051266692463,0.6001176552306323,0.27509202951216727
0.0,0.8,0.5,0.2,0.5,0.6,1.09252801748175,0.0253789726807519,0.029890246398219647,1.0592316164650117,0.8605877004235493
1.0,1.0,0.3,0.8,0.1,0.6,-0.041111504223421684,1.0072733802809264,0.8692330818781483,4.1524379504088085,3.853965042174981
0.5,0.1,0.1,0.9,0.6,0.0,-0.19167538802436404,1.390065434175039,1.4628198743876057,3.6420462175858486,3.5966923613153816
0.9,0.6,0.2,0.7,0.3,0.1,-0.5243421967040794,1.665942653813372,1.2696258565274485,3.0680431477695436,2.6903841165268982
0.3,0.5,0.8,0.6,0.0,0.1,3.5522799040274555e-05,1.0544695234769437,0.8555586211965688,2.205659490084984,1.8767437789560926
1.0,0.6,0.7,0.4,0.6,0.8,1.0971990740290347,-0.539349709685564,-0.33993512144393323,3.4850409134079268,3.2319467058393774
0.4,0.5,0.5,0.9,0.8,0.6,0.4672163601201084,0.14549844312607166,0.2126691111764813,3.8605521397654154,3.28498204711706
0.0,0.4,0.9,1.0,0.5,0.2,-1.0770332513111358,2.138244741011024,2.0751700765560597,3.219810604994841,2.9260398171728497
0.2,0.3,0.9,0.3,0.7,0.9,2.6643500699946663,-1.785270040844487,-1.9027066671762947,1.3635863055103266,1.0963812063306055
0.4,0.0,1.0,0.2,0.1,0.3,-0.5589551041991639,1.7534897386538975,1.4702462145574446,1.0319576868449618,0.823665119253641
0.5,0.1,0.9,0.9,1.0,0.6,0.7740524409493497,0.314041215556053,0.043267668306874785,4.093095964431215,3.998908333667261
0.5,0.8,0.7,0.4,0.0,0.2,-0.6875428656401656,1.461279762162257,1.435527123686233,1.1813036790270368,0.9205187660359229
0.6,0.8,1.0,0.2,0.7,1.0,2.1772557748701074,-1.2664932513444254,-1.0999684227514932,2.748185402002317,2.2274739133545376
0.4,0.2,0.9,0.6,0.2,0.2,-0.481087951742316,1.6778431606184898,1.56869078014805,1.4955261483058229,1.368081212013513
0.2,1.0,0.4,0.5,0.9,0.9,2.8271677994143296,-1.6642436301862091,-1.7216035827663987,3.3089494552496723,3.136094713435703
1.0,0.1,0.5,0.7,0.8,0.1,-1.3396412691470891,2.4476850667632415,2.4546119226384455,4.32866842867202,4.085976243299311
0.4,0.6,0.0,0.8,0.5,0.3,-0.4700776958542798,1.4814216465485912,1.4044567415558837,2.607397298030667,2.581721049501876
0.8,0.6,0.1,0.1,0.4,0.9,2.291616469149044,-1.295768269132844,-1.4753324170741815,1.6342281968224293,1.7622687530553711
0.9,0.5,0.2,0.7,0.9,0.5,0.608766432946378,0.45568559767257366,0.3775809524658338,4.298146559892259,3.9846587550263157
0.1,0.8,0.2,0.7,0.7,0.7,1.7723236644381846,-0.8899347885990103,-0.9493727897687222,2.4509937799585195,2.1981877345054843
0.2,0.2,0.9,0.7,0.1,1.0,0.8325853845236515,0.14135544170496567,0.06183729099699398,1.5070016752940703,1.4675658932779838
0.1,0.4,0.4,0.6,0.3,0.7,1.0474510656813587,0.06841808998030594,-0.04397012611944433,0.6171028034873535,0.532816118850381
1.0,0.3,0.7,0.2,0.5,0.5,0.19208787562448154,0.6374318770715964,0.7218273124102905,1.7600461097316855,1.6324381133520416
0.4,0.2,0.9,0.8,0.1,0.5,-0.36805253504830837,1.3069909365028674,1.2369772270493078,2.1110055038054285,1.7038999733496671
0.9,0.1,0.8,0.2,0.8,0.9,1.9193158388112423,-1.0095301439334408,-0.8452595460105015,3.2252872243612396,3.231060839753623
0.2,0.8,0.6,0.3,0.0,0.5,0.3671902253667126,0.5790247111752252,0.4669067471768957,0.6290292452829694,0.4618281752542564
0.2,0.7,0.5,0.1,0.4,0.2,0.6528087731287726,0.3483234232013182,0.19781804904620875,0.30744370008877575,0.43895468745508615
0.2,0.5,0.8,0.9,1.0,0.6,1.8030045887671995,-0.7726809914352972,-0.9553670193903482,4.0009238731144565,4.001700580922856
0.7,0.1,0.8,1.0,0.2,0.3,-0.8615090477011244,1.9552337831753275,1.9207336318164285,3.6089053724053284,3.663458153032323
0.3,0.0,0.8,0.1,0.3,0.1,1.1002232549485056,-0.18641300061772667,-0.26274821719771485,0.7994531467822656,0.6709749918384378
0.7,0.8,0.4,0.6,0.3,0.0,0.3977064274707156,0.49422859989441964,0.5221719293343187,1.9247117602837687,1.8609606556237992
0.5,0.4,0.9,0.9,0.8,0.5,0.39491682378641235,0.5081063067579807,0.541760474284476,3.53690591009947,3.2921910367820213
1.0,0.5,0.2,0.9,0.2,0.1,-1.287629248328432,2.2602779651271874,2.3205391597663665,4.229925332208427,3.8423469561820642
0.3,0.4,0.1,0.7,1.0,1.0,2.035305482412954,-1.0708538748038654,-1.1637473538496097,2.2414454456791417,2.050612605852739
1.0,1.0,0.8,0.5,0.6,0.6,1.090153663984502,-0.18577173179309253,-0.0635731812092407,4.423403873325141,4.469981319585948
0.4,1.0,0.4,0.7,0.1,0.9,1.1411812503599985,-0.341352055936311,0.056121490139348695,2.6693112350017447,2.3068626675458948
0.8,0.1,0.7,0.2,0.2,0.9,1.3347454593132502,-0.15027270683599037,-0.3907299936406097,2.0941579809156403,1.9000397795745114
0.6,0.9,0.0,0.0,0.4,0.6,1.7469776132012311,-0.6903502079601624,-0.777238989799478,2.2341252551744772,1.9066983663535892
0.0,0.9,0.8,0.8,1.0,0.9,1.2110729466723282,-0.2062687497406499,-0.5496808203405619,4.059449938379633,3.871250386892662
0.3,0.7,1.0,0.3,1.0,0.1,1.1621110479283034,-0.40244129210049684,-0.4665483853120936,2.433825329237975,2.05655232115472
0.5,0.1,0.5,0.4,0.6,0.9,1.2142415847560295,-0.026363106285655732,-0.15527138251394235,2.1547004809134687,1.9208244346319303
0.0,0.7,1.0,0.7,0.0,0.8,-0.08200204181987847,1.1303287254874144,1.184732422423725,1.4978315875396861,1.3352327433005322
0.8,0.9,0.1,0.5,0.1,0.7,0.8971096938952393,0.02249630834355862,0.07111748837409508,2.681558073936997,2.537865442644344
0.3,0.4,0.9,0.1,0.6,0.2,1.2162578903078922,-0.4018138588367363,-0.36510800372060276,1.5836533195341673,1.4635699676425107
0.6,1.0,0.7,1.0,0.4,0.5,0.07213869678845138,0.9087350248691402,0.7584568387831323,4.3376499274626115,4.285474215623168
0.1,0.3,0.0,0.9,0.5,0.1,-1.0116508312920023,1.8879056508750922,1.7679616719000346,1.9335157789587267,1.7973399622854664
0.7,1.0,0.5,0.0,0.1,0.0,0.7527706171061989,-0.014166850600732472,0.05552412247431826,2.5391809642657948,2.307807263973427
0.6,0.8,0.6,0.7,0.7,0.0,0.04142068175595638,0.9162979585510499,0.7658560038253795,3.124573996862333,3.030272238437434
1.0,0.5,0.0,1.0,0.0,0.6,-1.2659322243904456,2.2570401332123233,2.0985631375734948,4.34064947720834,4.199880957212907
0.8,0.3,0.6,0.7,0.2,0.6,-0.15907479583689596,1.2771802136335095,1.337042670447074,1.459586934173134,1.1653964985585894
0.8,0.0,0.1,1.0,0.8,0.5,0.08823224762425391,0.8264004023186914,0.7689709898781197,4.27576958865765,3.930505032481661
0.9,0.4,0.0,0.0,0.1,0.0,-0.10860254582329158,1.2031861964837103,0.9662365091806898,1.505307550347278,1.5610001088843426
0.6,0.7,0.7,0.2,0.5,0.5,1.5065980657976181,-0.5828368732993818,-0.7264688238805171,1.2000311570970232,1.3551262797429673
0.6,0.3,0.6,0.1,0.0,0.8,1.1731289222575825,-0.1462608732516848,-0.07637001195036605,0.10112727245374509,-0.024041874961721957
0.3,0.6,0.3,1.0,0.2,0.1,0.2852048986487947,0.8562767874636382,0.5181223239182663,3.0192642599534034,2.6305316492933306
0.6,0.8,0.7,0.9,0.1,0.8,0.5830795943678755,0.12171332216072647,0.22982977731521367,2.6077066827468336,2.2927655972472136
1.0,0.0,0.2,0.2,0.6,0.4,0.12605435891802552,0.7400815163742047,0.7521934985727718,2.5618518647697295,2.347505767667752
0.0,0.3,0.0,0.3,0.2,1.0,0.43483456682221894,0.4584250566004089,0.4813579803030406,-0.050062598057644236,-0.42843229872470606
0.5,0.9,0.1,0.1,0.3,0.7,2.1021673415707522,-0.7708180741432769,-0.871891915070564,1.7307510016112018,1.697382184232173
0.7,0.5,0.1,0.3,0.6,0.2,0.3376785927023269,0.33638277438260533,0.15538995398235994,2.7203028381810026,2.568982327068547
0.6,0.9,1.0,0.3,1.0,0.2,0.487644757836598,0.5968537921353285,0.5956419307362647,3.892866801835542,3.786263590751226
0.7,0.8,0.2,0.4,0.5,0.7,2.502100881275584,-1.6997001840027937,-1.8743307250377401,1.9165453837953106,1.8461813011599908
0.0,0.0,0.3,0.0,0.7,0.7,2.5243020532439404,-1.4125125396819997,-1.4682621570493941,1.0018863046977073,1.1194758779210672
0.7,0.5,0.8,0.7,0.4,0.5,0.6447532084580001,0.4301246282301996,0.20634617347480955,3.016643622619583,2.5082710986070444
0.9,0.1,0.1,0.6,0.6,0.3,-0.9037853933150584,1.8862353905444207,1.823372605593422,3.566875366656855,3.316342635347551
0.4,0.8,0.3,0.3,0.2,0.0,1.3777372612222856,-0.16246070385012829,-0.3468383078227311,1.1337179816886143,0.8025015325829687
0.4,0.8,1.0,1.0,0.5,0.6,0.5839463195504034,0.5136774292927926,0.2924511038467859,3.586430891318173,3.5064027277443404
0.4,0.7,0.1,0.9,0.9,0.3,-0.00059202109810505,0.8746486899302146,0.680629499058813,2.913822538725947,2.548171270413655
0.4,0.7,0.2,1.0,0.4,0.5,0.7465346048248339,0.235360736367658,0.18824941489544025,2.289998179087681,2.3598530435188017
0.0,0.0,0.2,0.6,0.9,0.3,-0.18689770770220665,1.2264648121522717,1.188990773026197,1.8160226450777461,1.827353348928001
0.7,0.0,0.8,0.9,0.5,0.4,-0.051456699378645304,1.012439367336717,0.9234188548830945,3.318699158467064,3.080525809158364
0.9,0.9,0.7,0.6,0.4,0.4,-0.8590932430115539,1.8014440839367176,1.658770085456584,3.6338278439849128,3.456624223463726
0.1,0.2,0.7,0.6,0.7,0.0,0.12405202198116566,0.9640374315440751,0.7659335290375452,2.3775961118042166,2.126789933978889
0.4,0.8,0.0,1.0,0.4,0.4,-0.601177491004159,1.4087857233364645,1.4017667924542767,2.9049742190735857,2.8113483242041553
0.4,0.7,0.2,0.4,0.2,0.7,2.1189857170143798,-0.9529346383000445,-1.413572100305533,0.37382927419219897,0.16462183714361056
0.8,0.8,1.0,0.8,0.7,0.8,1.0677157071012073,-0.2673686493788348,-0.26833581217968727,4.180783097053474,3.73544290818812
0.6,0.9,0.7,0.0,1.0,0.0,1.8100418089133057,-0.8483446762573703,-0.8555241845090543,3.6205866326201197,3.3876807764055616
0.8,0.9,0.4,0.8,0.7,0.1,0.3220649761357509,0.7544933348562489,0.8034656108060952,4.626858587075201,4.426780538078746
0.7,0.2,0.5,0.0,0.4,1.0,1.6683013472089239,-0.7370539773191263,-0.8506179283502743,1.1068765287606837,0.9225014527351935
0.8,0.2,0.7,1.0,0.6,0.3,-0.8108588369670519,1.8131060503432035,1.6798681477722996,4.221505552439998,3.7769467390014606
0.8,0.4,0.3,0.2,0.7,0.5,1.980724405122257,-0.9592427113976292,-0.9839348699149251,1.9545758335741326,1.7064717681577648
0.8,0.7,0.7,0.4,0.8,0.5,1.2698137549701458,-0.45664185329605944,-0.41858448234852175,2.1896076872426353,2.3942577072545173
0.3,0.5,0.8,0.7,0.6,0.6,1.762287688375034,-0.9651376265915685,-1.0137586101263714,3.259840258688269,2.8569411558168376
0.7,1.0,0.6,0.1,0.2,0.8,1.879700083649926,-0.7438446207734136,-1.1389949649795235,2.4833633164793256,2.0631967258199717
0.5,1.0,0.2,1.0,0.4,0.1,-0.02804036769106015,1.0764261086308704,1.069732639260956,4.167735346167723,4.096459969200604
0.2,0.4,0.0,0.3,1.0,0.0,1.3200508178772634,-0.20802162850997066,-0.5965112291910698,1.7473942959432385,1.5436186678392474
0.8,0.5,0.0,0.6,0.4,0.6,0.4169596903411534,0.406942472411139,0.3870194175343139,2.9062016038138943,2.487998156313863
0.1,0.6,0.7,0.6,0.5,0.9,1.483220503802284,-0.3849112822865015,-0.6557075380170442,2.0122374469839563,1.897392590720261
0.2,0.2,1.0,0.5,0.2,0.5,-0.17595313519610353,1.0995858842359925,1.1261113711897806,1.197220563341176,0.9065983338368466
0.3,0.0,0.2,0.7,0.3,0.7,1.494674458287299,-0.5602093508461022,-0.6547878544290439,1.1139576525929709,0.717149554294951
0.2,0.6,0.6,0.3,0.5,0.5,1.0608760215748485,-0.18307244629660993,-0.3438318381832113,1.7442842225906479,1.2744592056314628
0.8,0.5,0.1,1.0,0.1,0.0,-0.8163600034859937,1.619267625548847,1.8536192248588952,4.034439585086434,3.8396328530100066
0.5,0.0,0.9,0.7,0.1,0.3,-1.39612002534807,2.200613254172331,2.202236854125463,1.6712985693754674,1.5080202875565791
0.5,0.1,0.7,0.9,0.5,0.0,-0.5211746957142573,1.632994976241156,1.420442263483852,3.6364753488904946,3.3421491539954298
0.0,1.0,0.1,0.9,0.4,0.9,0.3524927509615789,0.6629960155764928,0.293405852076649,3.3654234989685645,3.285988969795278
1.0,0.2,0.4,0.8,0.3,0.6,-0.508156384670733,1.6224180292767172,1.6952295376343116,2.7542456895420293,2.7049674549241227
0.6,0.3,1.0,0.9,0.8,0.4,-0.6978318039497652,1.6893988806339038,1.3666924388794162,3.189559734228916,3.18973903226655
1.0,0.7,0.2,0.9,0.2,0.1,-0.8872270103300821,2.1228737329063843,2.0672126729043674,3.30003687125997,3.0984518051864267
0.7,1.0,0.5,0.6,0.9,0.4,0.23926546062356113,0.6197352207337616,0.6527700734034468,4.0359265352114475,3.7343342035136278
0.6,0.7,0.9,0.1,0.6,0.3,1.2379915366757552,-0.2944975892815333,-0.3690974338689376,1.7514092532666907,1.9146370488712345
0.6,0.0,0.3,0.7,0.0,0.6,0.4841210547926814,0.6445463783589347,0.3422192022778697,1.2171185043682333,1.2228002407460776
0.1,0.8,0.3,0.3,1.0,0.9,3.0811001683712744,-1.8645090915841496,-2.126535266616281,1.64420208045702,1.699600419034046
0.5,1.0,0.2,0.8,0.8,0.0,0.8300098689862259,0.16893872760168868,-0.026289239016201324,4.444822546568128,4.213780999067072
1.0,0.6,0.6,0.4,0.4,0.2,-1.366996465663281,2.426651120173028,2.275573086725001,2.8171790862768935,2.6701375410018415
0.1,1.0,1.0,0.8,0.7,0.7,0.888374377330492,0.1572102194680643,-0.12173903670591157,4.3342279052503105,4.278128665176872
0.8,0.4,0.9,0.7,0.1,0.5,-0.21411765440951316,1.1601994312384005,1.3500179978980535,2.138462020430151,2.12974969953414
0.6,0.3,0.8,0.6,0.6,0.4,0.4341607019455305,0.7161201273101122,0.40877410002047104,1.8804032705022755,1.4853377766736036
0.6,0.7,0.4,0.5,0.2,0.6,1.2021749901125178,-0.20337426598326877,-0.31551866152538716,0.9207174322364529,0.8101270022442004
1.0,1.0,0.8,0.4,0.2,0.5,0.1412970900039326,0.9817277628029836,0.8167904016925327,3.8785288451632085,3.487014940257116
0.8,1.0,1.0,0.9,0.8,0.8,1.3805057020627864,-0.12065034041341549,-0.20903796185632811,5.622007099329755,5.606602960431489
0.3,0.2,0.3,0.4,0.0,0.1,0.3021621520688973,0.5787289539453769,0.49498308435332006,0.5393242090267386,0.5329653183059408
0.7,0.2,0.4,0.1,0.1,1.0,1.9762835988252847,-0.6577639012651529,-0.8588808510534774,1.0589806888522086,0.5242031386991888
0.9,0.0,0.8,0.4,0.7,0.4,0.14560670211841856,0.8685479380793901,0.6070566719046021,2.8219873343576274,2.6318032163347174
0.4,0.2,0.2,0.1,0.4,0.4,1.0289358859989568,0.1737125536622065,-0.009555666186593939,0.7512706640687195,0.41946323346854136
0.6,0.1,0.5,0.6,0.5,0.8,0.753681329146986,0.1535004396008179,0.24587416078082,2.342659605336265,2.289763685768351
0.1,0.1,0.7,0.5,0.3,0.0,-0.49417473033300796,1.558513687823031,1.2548694651428105,1.6275535865451805,1.3665805966612803
0.4,0.0,0.8,0.1,0.4,0.8,2.2817751441293503,-1.4428066782935165,-1.56919364707436,0.9826879251193481,0.6357149271039586
0.2,0.7,1.0,0.3,0.1,0.4,0.1728338938068791,0.7524029551848459,0.6248950709903291,0.9203187159781286,0.5550808622902408
0.5,1.0,0.2,0.0,0.4,0.6,2.4222565652499504,-1.5215438925318576,-1.438015115206501,2.1828226653510225,1.7777420672136717
0.8,0.4,0.0,0.5,0.8,0.1,0.1334474782056132,0.7535224305607688,0.6258434941322386,2.5643491807487924,2.4686151082299346
0.4,1.0,0.6,0.2,0.4,0.2,0.1439140553588998,0.8552607763266158,0.537300440578818,2.2753861131551925,2.1609851727850047
0.4,0.0,0.7,0.8,0.6,0.0,-0.11720735707595514,0.994854648730285,0.7374079758041409,2.960276417569806,2.8183386364091776
0.0,0.5,0.2,0.1,1.0,0.8,2.506542492226166,-1.6232083160522395,-1.631550080816224,2.1303395179410547,1.9464271705256038
1.0,0.8,0.7,1.0,0.1,0.7,-0.43827734021797854,1.496034916090747,1.312629673889341,3.9002119868636234,3.8376251983486993
0.6,0.4,0.0,0.3,0.1,0.3,-0.5677261864700893,1.5776676805198955,1.370933319409987,0.610120149130308,0.47998384871211197
0.2,0.9,0.1,0.5,0.6,0.9,2.284967600870998,-1.0468832251950575,-1.6407050176784508,2.866585772026966,2.740351528580052
0.4,0.2,0.6,0.6,0.4,0.8,0.6422967914539921,0.3815484612036675,0.35525147243394034,1.3026015752551712,1.1311060590598783
0.3,0.3,0.4,0.4,0.8,0.0,1.3991930767793526,-0.4806962946386769,-0.5294814696989935,1.4295401397971474,1.0146511496155797
0.1,0.6,0.9,1.0,0.5,0.2,-0.7069922851229454,1.6018542046699547,1.241463579917487,3.964066682341359,3.692367232109158
0.8,0.8,0.1,0.1,1.0,0.6,2.44195058451939,-1.5958264746659967,-1.5310538053735618,2.425506282432044,2.20313767869123
0.9,0.3,0.5,0.5,0.6,0.7,0.5853421073474122,0.4718565304874419,0.492367538146006,2.021597977626092,1.8796509668409411
0.1,0.9,0.8,1.0,0.5,0.9,1.3902196204867192,-0.3100180276491475,-0.37618413030814457,4.262370397300759,4.341907582081072
0.4,0.5,0.2,0.8,0.9,0.6,1.6193788752431686,-0.6210798953228605,-0.803286638340734,3.289849911410624,3.1521220223891238
0.1,0.1,0.2,1.0,0.1,0.8,0.6904093490168961,0.43412897096612335,0.41794059546106627,2.561535462421154,2.5521804733955893
0.3,0.7,0.4,0.9,0.6,0.1,0.4281907017700526,0.3590713116582514,0.46680395124754237,2.7992596848580145,2.5435611203018182
0.5,0.8,0.7,1.0,0.6,0.2,-0.37917904078128295,1.6032178679669054,1.4247506270015426,3.8697578538648,3.795460508706878
0.1,0.2,0.4,0.1,0.7,0.6,1.9156177039280244,-0.9461238139273174,-1.029478547640965,1.262204984752452,1.0787688496007264
0.7,0.3,0.0,0.4,0.1,0.9,1.0440476379788124,-0.20124560427525956,-0.07430000957102839,0.46069788915414883,0.3552187970448071
1.0,0.6,0.3,0.5,0.5,0.9,1.4107264221859281,-0.501675611101924,-0.6275727698572241,3.2930811854516175,2.9818802999551015
0.3,0.8,0.1,0.8,0.5,0.1,0.4580595583649025,0.6150005803610101,0.5690626769700102,2.4821674670645395,2.1003672379317644
0.5,0.2,1.0,0.1,0.4,0.7,1.301748241849204,-0.3219927742340848,-0.08185557221617468,1.3275613933103787,1.2215205451143807
0.2,0.9,0.6,0.6,0.5,0.1,-0.004387899315032406,0.9425397225022494,1.0768343256935917,2.952767942405318,2.699333766462099
0.6,0.6,0.1,0.5,0.9,0.1,0.7281201404422359,0.19975421701095009,0.17198730378452778,2.996782288954659,2.830962885647867
0.0,0.6,0.5,0.6,0.6,0.3,-1.0556806916765946,1.972433591406923,1.8213923717596079,2.2149972451151645,2.1894425632249073
0.5,0.0,0.9,0.0,0.7,0.9,2.539211566718701,-1.5836681249276792,-1.6333417570415578,1.998887164691079,1.5925648667806236
0.8,0.6,0.2,0.1,0.0,0.1,0.5596253388884579,0.1452987387172059,0.25277603505863366,1.8032986763320635,1.481427654022549
0.8,0.7,0.7,0.2,0.6,0.3,0.9028316844747023,0.2772812984037508,0.050221910420424704,1.966788291628973,1.9021523903303006
0.6,0.2,0.0,0.9,0.1,0.7,-0.10448144340434586,1.1966595607827526,1.1074315428838029,2.2275056965003417,2.077127050862361
0.5,1.0,0.5,0.1,0.9,0.9,2.256262485127464,-1.4181283569046488,-1.5332901835054447,2.8640096144202625,2.9120174883113696
0.8,0.2,0.4,0.2,0.1,0.6,0.8720364213203718,0.1269485426394639,-0.21249894400184222,1.2236505279055698,0.8633933050333155
0.4,0.3,0.5,0.0,0.4,0.6,1.38443320819472,-0.5303163771297177,-0.5985940071280335,-0.03702914325021666,-0.16733387424877746
0.3,0.4,0.2,0.4,0.1,0.8,2.1635412661833864,-1.148091971690701,-1.2627729176048221,0.4542523775855328,0.24130784554292456
0.4,0.9,0.4,0.6,0.1,0.3,-0.5225752599750201,1.5568189554090928,1.3570257740815383,2.18634534805752,1.7779496596808966
0.0,0.7,0.2,0.2,0.6,1.0,2.5022502930932125,-1.4195350131678024,-1.4178973519829032,1.1471111560380132,0.8182826809936613
0.5,0.7,0.8,0.0,0.7,0.7,3.196122651513611,-2.156572385797755,-2.1694272619825976,1.7592729705954158,1.4061839352918155
0.8,0.4,0.7,0.9,1.0,0.3,-0.26165910876663406,1.3552773948865402,1.34792635937771,3.9614218708851747,3.586914331551809
1.0,0.4,0.2,0.1,0.5,0.4,0.24522328578002087,0.542727152407603,0.592032109708368,2.0483505443582337,1.8616520411789723
0.1,0.3,0.7,0.8,0.5,0.3,-0.7682403810413386,1.6945835457614098,1.6668412289934396,1.5536670811219617,1.6478562128160976
0.0,1.0,0.6,0.5,0.4,0.0,-0.5415491756936234,1.661929102145517,1.5361949115593665,2.4535244528044315,2.4715949928011347
0.8,0.5,0.0,0.9,0.3,0.3,-1.45803549540246,2.2962730586205087,2.2890393974492507,3.2984693705800137,3.4127358389801294
0.6,0.8,0.7,1.0,0.6,0.1,-0.17846094355892295,1.0953664078210494,0.9760945091680086,4.441373101048729,3.870928063064867
0.1,0.3,0.1,0.5,0.4,0.3,-0.6875804627120272,1.597930823203338,1.571803660008956,0.4813148908038106,0.028526762339118647
0.7,0.8,0.6,0.7,0.6,0.5,0.3343317912410152,0.47827570188717594,0.3520731800669832,2.990743648042316,2.6716888725544723
0.5,0.6,0.3,0.2,0.4,0.3,0.8836488784736,0.371773089160483,-0.06868111572739194,1.340626293751745,0.8695360800702259
0.1,0.2,0.2,0.4,0.0,0.4,-0.19925511224893191,1.4681258127206955,1.4258009373243332,0.5329318207058386,0.17528779493504468
0.7,0.3,0.9,0.0,0.0,0.3,0.341264039640747,0.6588799620349526,0.5885619903587413,0.6686233608827435,0.44604977334178597
0.4,0.8,0.1,0.3,0.1,0.5,0.6770668301669212,0.1821191728063844,0.11682596789065439,0.7409633770390801,0.6075658790695699
0.2,0.5,0.5,0.3,0.1,0.6,0.9973368086519452,-0.10506979847165787,-0.0380783705978185,1.1471020656792772,0.805677871261038
1.0,0.6,0.3,0.3,0.3,0.7,1.499710332312267,-0.331301842101652,-0.4679699984594379,2.360644573417847,2.0298874057584126
0.0,0.1,1.0,0.6,0.8,0.3,-1.303585873296289,2.3080782663429185,2.3996296379476347,3.024222626590247,2.84089142226772
0.9,0.0,0.6,0.3,1.0,0.8,1.2242905244756146,0.0519370623613894,-0.19777626423721442,2.588039405777539,2.5608257626994706
0.4,0.5,0.2,0.2,0.5,0.2,0.9778962795362142,-0.008285225801802583,-0.1584235767552401,1.7584348991829182,1.5530079716367067
0.1,0.2,1.0,1.0,0.4,0.0,-1.136325951971566,2.2390506692998446,2.12100255750238,3.241975475614026,3.1010264544356523
0.5,0.4,0.7,0.7,0.8,0.4,-0.027216559003199893,1.2115280538268471,0.9115003924364178,2.475374760585917,2.2458721924631835
0.8,0.6,0.3,0.1,0.4,0.5,1.7413009150512058,-0.5986204218623794,-1.0568601866107312,1.6990064591334817,1.5667051015247
0.6,0.5,0.6,0.6,0.0,0.4,-1.122792140446569,2.2539245307798343,2.2616709358682687,1.9346520037978125,1.8381945048287038
0.3,0.9,0.7,1.0,0.3,0.2,-0.48358427861449454,1.484183326366029,1.317258717295275,3.9138192231874913,3.823758693903312
0.5,0.3,1.0,0.0,0.5,0.3,0.07812180419401799,0.7174845034727886,0.7594337638818923,1.0750808815371922,0.8761759621306391
0.3,0.8,0.0,0.2,0.9,0.7,2.9621665168430003,-1.7625467850912044,-1.8860649331077666,1.7316013315632939,1.7133676814465468
0.8,0.5,0.7,0.6,0.8,1.0,1.7496448750276685,-0.5699497803069762,-0.6890485077614821,3.7817752516749703,3.6518670165100957
0.2,0.0,0.5,0.6,0.8,0.4,0.12426387566386005,0.9084918050140698,0.8885948475274505,1.6399990120031795,1.599548588620598
0.1,0.5,0.4,0.5,0.4,0.5,0.37442736063790766,0.3979439474014421,0.6032797365742296,1.4823310508747582,1.2856233646706812
0.2,0.0,0.1,0.7,0.2,0.4,-0.4581296853352722,1.6139195653373348,1.4708229253192449,1.0544445636931952,0.850925900857492
0.1,0.8,0.7,0.6,0.1,0.9,1.0262430311126547,0.03214444031875574,-0.08597480042052387,0.9533035076453025,0.9459073815583415
0.9,0.6,0.5,0.5,0.2,0.5,-0.6594741718105894,1.7609493045933249,1.5808944580332351,2.2825845908194364,1.9869786337213973
0.4,1.0,0.7,0.8,0.6,0.0,0.4418956280148266,0.6721508229962594,0.624434502494441,4.3945258605164845,4.242926978027812
0.2,0.9,0.3,0.5,0.1,1.0,2.0855658896125324,-0.9636823561910717,-1.318499555116735,1.9566494056357848,1.553771349390241
0.3,0.6,1.0,0.8,1.0,0.2,0.0449447213124788,0.8910262346682889,0.8448615918099697,4.045182315695565,3.5559383573554255
0.5,1.0,1.0,0.6,1.0,0.7,1.231999617779375,-0.13388160074997826,-0.4981235276881684,4.280789630951239,3.8976889966872075
0.5,0.8,0.8,0.1,1.0,0.7,3.09431180133787,-1.9224871876057517,-2.23062321518016,2.2276251006690266,2.0525931840807585
0.0,0.4,0.9,0.7,0.0,1.0,-0.17609099067544937,1.042396622565125,1.2713151255666313,1.5155901520661108,1.287160182844022
0.1,0.4,0.3,0.4,0.9,0.1,0.9080842690215387,-0.12186213636580777,-0.1626249222255005,1.5650570040938498,1.5157317277344664
0.2,0.7,0.9,0.3,0.4,0.1,1.0704722864638738,-0.09876690262498808,-0.15265183891486533,1.0861079106299014,0.8777778497571004
0.8,0.3,0.8,0.2,0.5,0.0,1.1156648013776729,-0.3910821322983733,-0.4064509287759669,1.4806867459327098,1.58231572140267
0.6,0.8,0.6,0.2,0.5,0.0,0.8872967697296927,0.43729577935650243,0.26893268008341475,1.9480884477910407,1.6150266929630779
1.0,0.3,0.8,0.3,0.0,0.4,-0.9284989526550912,2.002763387354192,1.7721655907425955,1.4483657558301222,1.0869229807317882
0.2,0.2,0.1,0.1,0.6,0.3,0.9316236851659204,0.11062195271140263,0.043263430444029874,1.1297358828291064,1.1707932298788442
0.6,0.7,1.0,0.9,0.9,0.5,0.4464973422974529,0.6361036391500584,0.5764106840717809,3.7345696880693646,3.649032268769328
1.0,0.1,0.5,0.7,0.8,0.5,-1.1513480588442024,2.0843763814037874,2.2153968095428587,3.943044068291747,3.8523564139135575
0.6,0.4,1.0,0.3,0.9,0.0,0.8001175272522412,0.09495575483264951,-0.032104720958321536,2.7633478331017867,2.395791365491045
0.9,0.6,0.9,0.1,0.8,0.6,2.0763288993014335,-0.8756886142231323,-0.9201399692150704,3.425545080657209,3.2841515930225103
0.3,0.8,0.6,0.2,0.5,0.6,2.087403889827672,-1.0067120647454093,-1.0474329994538316,1.1829047828102264,1.0803329584231116
0.1,0.3,0.4,0.3,0.6,0.2,0.45092880830036297,0.5097590669779147,0.7492790898277011,0.6481321665800029,0.4084468883072446
0.0,0.1,0.5,0.7,0.0,0.3,-2.5570106470357783,3.5516587512306446,3.521308826891888,1.6561392002780788,1.3070798440683613
0.6,0.8,0.7,0.9,1.0,0.2,0.15028957136671361,1.1068555202614916,1.0400576678786837,4.021408409446865,3.9727704389654313
0.2,0.5,0.5,0.2,0.0,0.8,1.5559189810712295,-0.36950439430261234,-0.5641732270356472,0.8127620067166649,0.9598014346956572
0.4,0.0,0.2,0.3,0.7,0.1,1.0757746862381732,-0.09689252345700765,-0.06669471566107299,1.6535035599787409,1.4204509355824162
0.3,0.2,0.1,0.4,0.2,0.4,0.04771498688940168,0.8854222882188323,0.5984433589512352,0.48676122119312054,0.39515834404187705
0.4,0.5,0.8,0.9,0.1,0.4,-0.6875987752408921,1.7164397325522782,1.464413119731305,2.9402688616150643,2.715750156082907
0.1,0.8,0.4,0.9,0.7,0.2,-0.12062393284401056,1.02771671887052,1.098664584225155,3.0790704804447504,3.0875173867114767
0.0,0.4,0.9,0.6,0.0,0.9,0.15073940819980727,0.8270368745930328,0.8103051092337534,1.1331306031242443,0.8220242307725313
0.4,1.0,0.5,0.3,0.5,0.9,1.9148391996833767,-0.7136900796458502,-1.087083743112065,2.4447785115504597,2.35303702969303
0.5,0.0,1.0,0.2,0.6,0.9,1.7389835004498342,-0.8783384890968199,-0.7696976327617765,2.017518746360714,1.5261908414060996
0.9,0.4,0.4,0.2,0.8,0.3,0.18524121751467718,0.7020853451401575,0.6260612974725868,2.4331996533877907,2.2862315196727776
0.4,1.0,0.4,1.0,0.7,0.0,0.5110703714993748,0.3550906576769894,0.4926684943692228,5.001076995414915,4.962944419966082
0.2,0.7,0.9,0.5,1.0,0.9,2.881184933572519,-2.0181848230351855,-1.8876155282907654,2.0564745177012798,2.0725870167934035
0.0,0.6,0.6,0.2,0.5,0.2,-0.4494584041647401,1.5218047210378078,1.341987563643475,1.6430158837354678,1.440607235855143
0.5,0.1,0.8,0.8,0.9,0.0,0.1586076603585323,0.6089303981449699,0.5385657006635506,4.021439371735962,3.5268863115109266
0.7,0.9,0.8,0.8,0.1,0.7,1.1865393354030223,-0.10133342908530532,-0.20257934389616028,3.488079732221162,3.3212836158825234
0.5,0.5,0.3,0.9,0.8,0.3,0.04395755973267278,1.0375086179205169,0.685684461431544,3.8504440498742274,3.767896002502296
0.3,0.7,0.6,0.0,0.7,0.2,1.3917688066607807,-0.536167387970132,-0.4282344164176733,1.3960560360682561,1.3376849957792374
0.0,0.4,0.0,0.8,0.5,0.1,-1.377001139202723,2.138891096680144,1.9916210732272506,2.1052039089664945,1.9943363709522188
0.6,0.6,0.9,0.3,0.4,0.9,2.166683898190824,-1.141263976728043,-1.1556973859386948,2.1129910835688204,1.8933131176628606
0.8,0.8,0.7,0.0,0.0,0.0,0.735386518448493,0.18232209180103479,0.06483903280282026,1.7954676946108379,1.6210059772466223
0.1,0.5,0.8,0.5,0.0,0.3,-0.5896429591978883,1.6315235240232424,1.6414149182321989,1.476013393031077,1.4843432358058581
0.1,0.3,0.0,0.7,0.0,1.0,-0.010516308975081101,0.9972721693390056,1.0064915813000013,0.52073102019184,0.2980932773508374
0.9,0.8,1.0,0.2,1.0,0.6,1.2551042851116059,-0.36283254112963015,-0.3751438059178091,3.49614563461796,3.257761315812089
0.2,0.0,0.9,0.7,0.8,0.2,0.4376263129663249,0.7862385429251397,0.6585501286082643,2.5614867430079467,2.533506554630156
0.1,0.0,0.8,0.1,0.6,0.6,1.9719079227534315,-0.9191686155306105,-1.0821124042465589,1.3627138795229612,1.1279615923121469
0.3,0.1,0.0,0.6,0.6,0.4,0.11878973098704469,1.0513205446236955,0.8480166395227563,2.4425539133787972,2.078370113464162
0.7,1.0,0.0,1.0,0.0,0.0,-0.8285637946867055,1.9338112060727892,1.6575371326744386,4.541887726113028,4.215753959608016
0.3,0.8,0.1,0.5,0.3,0.9,1.9312687944578486,-0.9481412661415083,-1.032726073898823,1.0901451138637992,0.8211912675406576
0.4,1.0,0.2,0.9,0.5,0.6,1.3966494811464005,-0.4365961840813742,-0.4321077681230875,3.8128931445948315,3.575454932212399
0.7,0.0,0.3,0.3,0.1,0.4,0.5793855875670133,0.4614043258518218,0.38224975376919257,0.9340698066314523,0.5642402820077161
0.7,0.1,1.0,0.8,0.2,0.6,-0.2905175532223154,1.235806078752217,1.254471092346783,3.163593744938332,2.936239651516803
0.7,0.3,0.5,0.6,0.9,0.2,-0.24580122561550954,1.1078632346690762,1.0155274404914671,2.14499504268665,1.826594446117375
0.2,0.8,0.7,0.8,0.1,0.3,-0.5205308449742282,1.5677076749183232,1.6574568411441233,1.857934465172398,1.534501446303658
0.5,0.9,0.7,0.9,0.5,0.6,0.4186585946115638,0.4494826516819159,0.35345158862898085,3.9797188721190753,3.785403526811568
0.7,0.6,0.9,0.8,1.0,0.3,0.3448152560708992,0.5542510366697695,0.6233422341123093,4.012970764483115,4.159594475768225
0.7,0.6,0.8,0.3,0.7,0.1,1.309074852231573,-0.6099680348797295,-0.6947651832424788,3.0834826178714105,2.840933978550205
0.3,0.5,0.2,0.3,0.5,0.4,1.410694246523634,-0.3682661537718814,-0.3444739097832814,1.7295560899414324,1.338585910621738
0.2,0.9,0.4,0.1,0.0,0.8,2.021788764146633,-1.2196208361083998,-1.3176520091410358,1.3327543266547517,1.2196353717767763
0.4,0.3,0.9,0.2,0.1,0.3,0.010482652810615417,0.8306230363905396,0.7889939190674952,0.3642716753083112,0.13102056417327504
0.3,0.5,1.0,0.8,0.5,0.7,1.1946518702145832,-0.19182883319569502,-0.26139495280071084,3.3310353293707493,3.280025948382833
0.4,0.0,0.1,0.0,1.0,1.0,2.7202429525013865,-1.7347149522987553,-1.7548870520581492,1.6549486288607738,1.5445267347407141
0.1,0.4,0.6,0.4,0.4,1.0,0.9347691654922996,-0.04332452552851129,0.16547668074021096,0.5800170940124714,0.613758609200357
0.6,0.7,0.2,0.0,0.2,0.4,1.3303236816731197,-0.27940716164135004,-0.4697753897690974,0.4865287685930165,0.4711478308904648
1.0,0.8,0.1,0.5,0.1,0.8,0.4669423396903507,0.642071059475019,0.5807611856394267,2.3565593646608054,2.3698114824653804
0.5,0.3,0.8,0.8,0.7,0.2,-0.43548298991810175,0.9198485071828124,1.0971101276137063,2.366367356588314,2.4132048432183213
0.8,0.4,0.0,0.4,0.7,0.7,1.4985982946066199,-0.7943586874154482,-0.8345064956189241,2.200542029287866,2.1731705114518665
0.9,0.9,0.6,0.5,0.5,0.7,0.5815507095597594,0.44638265802784344,0.3246764434528169,3.6872222142593416,3.4135402290274386
0.5,0.2,0.4,1.0,0.4,0.8,0.47148139418492707,0.511023635722066,0.298522442112814,2.8783742772649,2.4752069808766297
0.1,0.3,0.1,0.7,0.5,0.0,-0.2727033045178662,1.1871987255604257,0.940415298268882,1.1872195022778165,1.4472534307953953
0.6,0.4,0.7,0.7,0.4,0.2,-0.7949314371441367,1.5815158337172341,1.5127854338015154,1.9674632213894003,1.7082994041321247
0.9,0.5,0.0,0.2,0.9,0.8,1.8247764611356367,-0.7818289814889885,-0.8058833791436961,3.328350171957869,3.219469899280961
0.9,0.6,0.0,0.2,0.1,0.3,-1.0170784248085192,1.7778952254293983,1.8132661760167401,2.120440921521019,1.811260549787344
0.8,0.9,0.2,0.7,0.1,0.1,-0.19401459874211782,1.2173186837017758,1.2227847118017041,3.4555311695837503,3.0056145862175985
0.9,0.4,1.0,0.5,0.9,0.4,-0.541288234851938,1.6469228477609736,1.4992298934730723,3.2125284316675913,3.222187132079517
0.6,0.0,0.2,0.0,1.0,0.7,2.8978269676938213,-2.223157780012519,-2.181535988685244,1.5073416194039342,1.405712131970386
1.0,0.8,0.9,0.4,0.0,0.8,0.4446280690234078,0.5156971797551886,0.34220829429043825,2.4851306884462425,2.1318666587909347
0.3,0.7,0.0,0.9,0.4,1.0,1.3142480693152525,-0.24640009335359753,-0.3893585179674998,1.9763541167540677,1.8110114440995944
1.0,0.1,0.2,0.3,0.7,1.0,1.3004094965419544,-0.49655072924843646,-0.3755523076209281,3.478457499830794,3.2356819609093495
0.1,0.5,0.7,0.6,0.6,0.7,1.3510376460232012,-0.37201596405822784,-0.40596103870533534,2.6586224383729022,2.424174132492731
0.4,0.5,0.1,1.0,0.9,0.5,0.549335640865928,0.41229094905454583,0.481242457838041,4.247474939460715,4.058574579461539
0.5,0.9,0.0,0.6,0.7,1.0,1.4186381525950305,-0.3758781240761841,-0.5282532934147843,3.535294368989778,3.4300958939172794
0.4,0.1,0.9,0.0,0.1,0.5,1.0874514129166202,0.025043637832649623,0.07569979379509229,1.2022427794844752,1.0602729202403562
0.5,0.6,0.3,0.1,0.1,0.1,0.9245949220205163,0.06981254550672297,0.12540765361485673,1.1586436021631892,1.0495796060817835
0.5,0.4,0.3,0.5,0.0,0.8,1.0836483532591739,-0.30959277360490906,-0.4433575635685598,0.516787710862997,0.3128053678869438
0.1,0.1,0.8,1.0,0.6,0.2,-0.64141492802149,1.717029683335344,1.50570796559685,4.113747782584382,4.003727147362238
0.9,0.7,0.2,0.3,0.9,0.4,1.012574035237395,0.0016269816608334535,-0.09052008314060744,2.573607241797477,2.173529154399875
0.1,0.3,0.7,0.2,0.1,0.3,-0.330180669253689,1.4473016096522522,1.223109688806068,-0.1770261451949623,-0.23453871049476382
0.3,0.2,0.1,0.0,0.4,0.8,2.460567488306572,-1.610638272266996,-1.5602456363840709,0.5727941481573883,0.4877772647787083
0.4,0.0,0.4,0.0,0.8,0.2,1.2396400244573575,-0.23181910377827938,-0.32983861802087666,1.301080991069884,1.4230970835823735
0.9,0.0,0.9,0.8,0.6,0.6,0.25446812271944347,0.8406505189466545,0.6591067738591303,3.6119172054903483,3.5885251625537045
0.1,0.2,0.3,0.5,0.9,0.2,0.4378748726013185,0.564139055014156,0.47132481238068114,1.869251274446412,1.5912346038384289
0.7,0.5,0.0,0.5,0.1,0.6,0.5448711798972394,0.6872564238932503,0.25313806919979476,1.8805709448585934,1.552909420311459
0.7,1.0,0.1,0.7,0.3,0.6,0.9562706969864474,0.17739961703641732,0.0804721308395903,3.1383794050519485,3.119088002289687
0.1,0.8,0.2,0.2,0.0,0.8,2.20127599863986,-1.0924355499561997,-1.0982854072013892,0.42807583201794736,0.3431613028566697
0.5,0.9,0.7,0.5,0.1,0.3,-0.8466280578993407,1.6652545718555245,1.5355483687362677,2.196275918618095,2.221136688396533
0.3,0.3,0.6,1.0,0.3,0.8,0.5527810938434818,0.20510817167944928,0.2853721805056146,1.7275876453843213,1.614757440690225
1.0,0.7,0.5,0.6,0.3,0.1,-1.2509695681634692,2.485568827730556,2.412663348357729,2.4851254855216585,2.2777205935090308
0.4,0.8,0.0,0.4,0.6,0.5,1.0729942585677148,-0.13640781001271132,-0.25087587298433583,1.7453769538279846,1.4557886608843351
1.0,1.0,0.8,0.2,0.1,0.0,0.06922721438589866,0.8272912055390087,0.7796188203188967,3.525972092981238,3.512957702753723
0.8,0.7,0.1,0.9,0.4,0.4,-0.22650799922074932,1.2495432220310354,1.2619426010761992,2.650588669474277,2.4433506562910083
1.0,0.3,0.1,0.7,0.2,0.5,-0.8691335260775819,2.019521038300078,2.0661753531922358,2.0654625162402485,1.6973848030209586
0.6,0.5,0.1,0.2,0.5,0.6,1.870038167959958,-0.7962567678303413,-0.693230683875414,1.898677130005374,1.8250524147451457
0.5,0.4,0.5,0.3,0.8,0.2,0.06493750262440934,1.1811196111945717,0.6936309529831196,1.632972881015398,1.5378683792059555
1.0,0.3,0.7,0.2,0.5,0.4,-0.2982652085624263,1.3829532698957896,1.2328537794761465,1.9258321104961187,1.6429877293387176
0.4,0.8,0.2,0.2,0.6,0.9,3.2576207695838098,-2.0665682305397812,-2.405926873852581,1.5352500204574702,1.4627756279621285
0.6,0.8,0.1,0.5,1.0,1.0,2.133952741450765,-1.091508381916023,-1.266948183151242,2.487833897893071,2.2090249541694504
0.9,0.7,0.7,0.5,0.6,0.8,1.4659074620275325,-0.40776017064511677,-0.4145415239271062,2.8831678439192236,2.530244968177266
0.5,0.1,0.7,0.9,0.2,0.2,-1.3595757888769386,2.6239102058750285,2.4626111684043104,2.757727913797102,2.7460168211764433
0.7,0.8,0.6,0.8,1.0,0.2,-0.2410338358662364,1.1030871445534336,0.9514759917108635,3.5847031500955895,3.481191118313413
0.3,0.5,0.1,0.1,0.4,0.7,2.782920429945633,-1.525939447332845,-1.6028830009725452,1.2057839484862498,1.007786674006265
0.4,0.6,0.9,0.6,0.7,0.9,2.13631070005604,-1.127797846755111,-1.2800528486412508,3.0697013994627644,2.7723249109427504
0.2,0.1,0.9,1.0,0.6,0.7,1.2980074995271875,-0.1736177066377812,-0.23550740360172598,4.049352456167587,3.786787437818222
1.0,0.1,0.2,0.1,0.3,0.6,0.8027459013106929,0.0848196467638812,0.042166898251354404,2.269906059141059,1.9707493569901031
0.5,0.2,0.9,1.0,0.2,0.6,-0.3292973751526932,1.370575224295304,1.0118874132913074,3.0055569745001,2.7086900527206423
0.1,1.0,0.2,0.1,0.8,0.8,3.2708109616002874,-2.2301720901673563,-2.208762870406754,2.687238824789165,2.5982876220832636
0.6,0.0,0.8,0.7,0.9,0.3,0.24073929236534652,0.8641807028015207,0.6430649784375846,2.9954558639135795,2.6366028561202333
0.3,0.7,0.5,0.5,0.6,0.8,2.2191900757670004,-1.1916347264516458,-1.2720195783970267,1.3768950167384229,1.2314838891712274
1.0,0.5,1.0,0.2,0.0,0.2,-1.6500357085327286,2.519397481534181,2.470993614000886,3.0804112229155423,2.6194066783134304
0.4,0.4,1.0,0.5,0.9,0.7,1.5565360178824692,-0.6504014644836349,-0.6973377875960367,2.3784485317366726,2.4315170428522426
0.2,0.7,0.8,0.0,0.7,0.8,3.6560143037432624,-2.7430908539921512,-2.9766558297361785,1.417749569787097,1.1473177553065688
0.8,0.6,0.7,0.6,0.0,0.8,0.8473984639953647,0.08678731036149023,0.1036393812858942,2.5461510668516816,2.284939821187667
1.0,0.3,0.4,0.7,0.7,0.0,-0.6586262799097626,1.4926334391371083,1.4598895309728093,3.172336630364828,2.981912968584205
0.5,1.0,0.3,0.3,0.5,0.5,1.707965423494675,-0.47172066323498557,-0.7844898211330688,2.4647447589658107,2.346699023253541
0.9,0.1,0.2,0.0,0.4,0.2,0.17393597309357614,0.7383143418306557,0.7875725673796411,2.14643004761534,1.8721276560088473
0.0,0.9,0.6,1.0,0.3,0.0,-1.570403039343127,2.4638851373772264,2.1843365740202496,3.964134508686306,3.685944769271912
0.3,0.5,0.2,0.0,1.0,0.6,3.310718910338726,-2.514248880895252,-2.3649562929862746,2.1997257449928065,1.9829134624382807
0.7,0.9,0.7,0.5,0.1,0.1,-0.21440311118142943,1.1689225498398594,0.933669403399696,2.750859201797133,2.7728866730204262
0.1,0.4,0.8,0.3,0.9,0.8,2.4598825828357533,-1.504753290414776,-1.6172881339992236,1.6831542449315173,1.628420018326794
1.0,0.8,0.0,0.7,0.1,0.9,-0.146053337344897,1.3031545818985397,1.1018521475426184,2.8779266118203797,2.7192921530267258
0.8,0.9,0.0,0.1,0.6,0.9,2.3067338263782142,-1.4921911775177459,-1.4554138729597002,3.245325360690896,3.069420086818939
0.6,0.1,0.4,1.0,0.5,0.6,0.19141690186597823,0.6693551792411414,0.5445478972552752,3.6790224311414867,3.4363736145842876
0.7,1.0,0.3,0.1,0.3,0.1,1.5458391882491123,-0.47681669815095934,-0.6046378189425904,2.4337520873515093,2.373764515135716
0.9,0.8,0.0,0.5,0.6,0.2,-0.47949954830216235,1.6922982997518492,1.4440159539511885,3.0629724688934084,2.9265531010543775
0.2,0.2,0.6,0.8,0.7,0.7,1.0892524007363145,0.030831931111586365,-0.22470109104998043,2.5699116777856164,2.31960441177048
0.4,0.8,0.2,0.6,0.2,0.8,1.8170150871264819,-0.6971650952299454,-0.8589819114543576,1.328147115034143,1.0878412179982049
0.1,0.7,0.1,0.0,0.3,0.9,2.4299159771913326,-1.3497490304299151,-1.412533345182607,0.3654180290175143,0.3142212742336584
0.2,0.2,0.2,0.0,0.8,0.4,1.7864165864543606,-0.9436859565265805,-1.0862468252308095,1.289978194033468,1.2069618177987336
0.3,0.7,0.2,0.8,0.9,0.0,1.4685328292165594,-0.5009404804871274,-0.6347437257823798,2.670159851449611,2.7855020323569692
1.0,0.7,0.5,0.1,0.9,0.4,0.07259051304190645,0.7364328870103427,0.8944929631308738,2.770792293312566,2.519210481899369
0.6,0.8,0.4,0.6,0.6,0.7,1.777369868068984,-0.9911889273677044,-0.8248211043389037,2.2738359580665883,2.18825563375729
0.0,0.5,0.5,1.0,0.9,0.4,-1.2351803614525694,2.1566888743775183,2.008101186701953,4.041961176784549,3.875137970509998
0.3,0.4,0.9,0.7,0.1,0.5,0.3003404232775883,0.8606318300984561,0.5805317450196504,1.365617302486621,1.384987268894072
0.4,0.4,0.1,0.8,0.7,0.0,0.442667104487348,0.6565458678559367,0.6005560154246524,2.772589973509895,2.6142412631362326
0.0,0.0,0.1,0.0,0.3,0.1,-0.04669439975216794,1.0617176241800075,1.1261506650973712,0.37729057016165585,0.23159286623118397
0.4,0.0,0.9,0.5,0.8,0.6,1.3386550616767652,-0.6603798704063162,-0.7498406789658789,2.1056408035121223,2.174316596425702
0.6,0.1,0.9,0.7,0.4,0.4,-0.43929173838014374,1.6804683199009978,1.654742101679982,2.460919927567479,2.3964213095248685
0.9,0.3,0.1,1.0,0.4,0.6,-0.46633771339466523,1.435275848648239,1.2390490341688565,2.9968912095609985,2.6901757951663896
1.0,0.0,1.0,0.0,0.2,0.1,-1.0100672822147032,2.072088437061279,1.6059542518082763,2.237711364804822,1.9662171182634893
0.7,0.1,0.9,0.6,0.4,0.0,-0.04951767438290597,0.8420658103381946,0.8776717460535991,3.023550974345804,2.85458434177861
0.4,0.6,0.0,0.3,0.5,0.8,2.085182749373653,-0.9914380737583066,-1.2679502610095164,1.6773307292340642,1.5404938669015
0.4,0.2,0.5,0.9,0.5,0.5,-0.35234021049566616,1.4396248969153682,1.4362472185146289,2.4501041136045876,2.2694611272866982
0.8,0.7,0.6,1.0,0.7,0.0,0.05369133279402277,1.0242355171582853,0.9609350257212473,4.396917705450434,3.9941346650445824
0.9,0.5,0.4,0.3,0.1,0.9,1.0751442818380612,0.2253943085543714,0.08775198193520112,2.1404037698729064,1.9159103573932914
1.0,0.4,0.9,0.0,0.8,0.6,1.600666825362926,-0.7557702269691143,-0.8153546689354885,3.124544657956173,2.8900848368951815
0.4,0.9,0.8,1.0,1.0,0.6,1.4272314736829868,-0.42548316362420324,-0.6950809163025444,5.26596223805314,4.992659205239638
0.2,0.1,0.9,1.0,1.0,0.3,-0.09439528704145006,1.3702740501440223,0.9783509293625651,4.67188159035745,4.397592735452312
0.9,0.8,0.4,0.9,0.3,0.3,-1.4699431845531286,2.21508441821979,2.2611648290843176,3.193350485188035,2.8528348915069044
0.7,0.2,0.3,0.6,0.3,0.4,0.021394911580797468,1.0747897084945341,0.8248564448601796,1.543542018861603,1.3190313670763703
0.1,0.1,0.0,0.1,0.9,0.2,0.22911184673597562,0.7594601553216046,0.6921103490377183,2.19880721557477,1.9739586276629395
0.3,0.6,0.6,0.3,0.2,0.5,0.6020713172750137,0.2829150244094477,0.17982289149366465,1.0654227583934768,0.9078190336556219
0.2,0.3,0.1,0.4,0.0,0.3,-0.4087080276692322,1.2785452305114566,1.0619938731020095,0.07152921678430899,-0.3935602882611947
0.2,1.0,0.8,0.3,0.2,0.4,0.8493036959569163,-0.02005793965683545,-0.08714521275376155,2.218356690237492,1.9133758609982978
0.5,0.9,0.2,0.2,0.7,0.2,1.3888892521082146,-0.09740657820602718,-0.4078295010826803,3.0518508582754857,2.793813041672683
0.6,0.8,0.0,0.6,0.9,0.5,0.7075149005248058,0.17082677141131167,0.18488198915699208,2.720031166080269,2.4185643937533956
0.3,0.9,0.7,0.2,0.3,0.5,1.615865283091477,-0.34252217532051177,-0.5111521348874806,1.9439601084574496,1.6126987758949014
0.8,0.5,0.2,0.4,1.0,0.1,1.0801815720048704,0.006637897124019854,-0.13512234268618833,3.3697343763912437,3.1947560640714086
0.8,0.0,0.6,1.0,0.1,0.0,-1.7107423055805973,2.532256397216258,2.2136028529934846,3.3612114343885535,3.178880178874104
0.8,0.0,1.0,0.1,0.5,0.3,-0.24526372837176233,0.9642592900061038,1.0088630259278402,2.1881514984797104,2.120078060409678
0.7,0.2,0.3,0.4,0.8,0.3,0.8652301120180446,0.12570028620072998,-0.08313814027395179,2.167060935610926,1.887023586856556
0.7,0.9,0.8,0.9,0.3,0.1,-0.06487456239767775,1.2311290173810898,1.1405401740118866,4.180432967022334,4.105918901658795
0.1,0.3,0.4,0.0,0.1,0.4,0.4104852275440486,0.9180312303088234,0.7992450364933458,-0.43923772958464297,-0.45806469915748893
0.9,0.5,0.9,0.8,0.3,0.7,0.25572040869135315,0.8995134889248546,0.848239352438198,3.759580271942981,3.520882261229954
0.7,0.7,0.2,0.2,0.4,0.5,1.8681135050141613,-0.8869637555844264,-1.1356076159631363,0.9926686294316249,0.6289864521846217
0.0,0.7,0.5,0.3,0.8,0.3,-0.07419754404148939,0.9847935573309633,1.1248857786499555,1.3587185167138507,1.1160880259765509
0.0,0.9,0.5,0.5,1.0,0.0,-0.05895672850932508,1.2976941143046563,0.9649839505200535,3.2385439307301733,3.2815049573161086
0.5,0.1,0.5,0.1,0.3,0.8,1.0336697714454028,-0.12910839673159757,-0.1267367427866825,1.0030523521871213,0.7348914988461019
0.2,1.0,0.6,0.3,0.1,1.0,1.5271686391002255,-0.456006943535554,-0.5438194360836833,1.7552261762611079,1.611727971623349
0.5,0.3,0.8,0.5,0.7,1.0,2.0798811120132954,-0.8462157368740911,-0.8643139595328939,1.650699118943671,1.5123201593908855
0.7,0.8,0.5,0.6,1.0,0.5,0.7879887198836177,0.20388848663051895,0.10883226280770905,2.729036210315967,2.623816110054732
0.3,0.1,1.0,0.9,0.9,0.0,0.028431659481525786,0.9741120796925113,0.8409682164004442,4.385995192166358,4.185607852380107
0.2,0.2,0.2,0.8,0.7,0.3,0.0645811939224864,0.6934767398816387,0.5834507799672194,2.3687748544789713,2.1970516144778283
0.3,0.8,0.8,0.9,1.0,0.7,2.4962743142297636,-1.3698398882572556,-1.6584648779146967,3.634959704060618,3.5310689354811498
0.3,0.0,1.0,0.2,0.0,0.1,-0.07859913109189913,1.125550154393223,1.3703330867467987,0.8504117983265636,0.7016747428483846
0.4,0.3,0.8,0.8,1.0,0.2,0.270617086123097,0.6810362295779372,0.6493410590394371,2.5834497085820605,2.175288561056202
1.0,0.7,0.2,0.8,0.6,0.2,-0.414490566640996,1.4746146009723653,1.3146577043226633,3.8405182877639708,3.455347741663284
0.7,0.1,0.5,0.8,0.1,0.5,-0.967476589955978,1.8943406764624373,1.9470019233694453,2.348572067062782,2.2614502333681963
0.3,0.5,0.2,0.8,0.3,0.4,0.2979365334679052,0.7198838511951026,0.6200735564257844,2.3159516622147716,2.080383061624254
0.4,0.4,0.9,0.0,0.4,0.2,0.9348805960573983,0.11391898021621472,0.08222853117982841,1.1128472182503688,0.7489437901988732
1.0,0.5,0.3,1.0,1.0,0.4,-0.18455661423307584,1.5285431533366818,1.381699705180541,5.514486834836774,5.250292618402729
0.5,0.3,0.6,0.9,0.7,0.6,0.27184940860019574,0.8617022786524294,0.7657315016582328,2.4407339103449925,2.192358435729543
0.5,0.4,0.0,0.9,0.6,0.2,-0.787241718474498,1.8222852122752902,1.8204422348349407,2.969916890835272,2.9067303211278945
0.9,0.4,0.4,0.9,0.1,0.1,-1.555703819694935,2.4896523280614136,2.413979624452036,2.9760087645649542,2.6176555493351503
0.2,0.2,0.0,0.9,0.3,0.4,-0.9151225444417306,1.8904321199530765,1.886400615088593,1.9826963844886893,1.7664747983956597
0.5,0.5,0.4,0.4,0.4,0.6,1.1259727493380374,-0.1249556873163601,-0.2564541529052027,1.68291071917142,1.419440804171574
0.5,0.5,0.7,0.1,0.0,0.9,1.410580367671118,-0.31542847355090403,-0.5351903732064094,1.4212235368120245,1.2028946945690822
0.5,0.4,0.9,0.8,0.1,0.9,0.643213255212647,0.45294741630753865,0.413062331868237,1.7397699789066399,1.7817624681595277
0.0,0.3,0.7,0.4,1.0,0.7,1.398243651021963,-0.04663614561204121,-0.4469565389694916,1.1356961270261603,0.9227784579164237
0.6,0.8,1.0,0.2,0.1,0.5,0.32006528268156426,0.5206704392156867,0.6476973659958961,1.4456281347769917,1.3985863358524124
0.6,0.2,0.7,0.3,0.9,0.7,1.8935129820916503,-0.9658242572345398,-1.1147795169396308,2.338623858663607,1.8289808843337783
1.0,0.0,0.1,0.6,0.2,0.1,-1.7082713037913544,2.74928720422903,2.527176790002496,2.3787577096446673,2.3370886140009075
0.8,0.9,0.6,0.1,0.8,1.0,2.2908507031993537,-1.087858597724805,-1.4180577098416984,3.6008657773642883,3.3141325989212858
0.6,0.9,0.2,0.5,0.1,0.9,1.629821885884156,-0.6508183151725372,-0.8823872313581116,2.3628060747536757,2.0434633795843493
0.1,0.9,0.9,0.6,0.1,0.4,-0.5166676854719132,1.498461237145171,1.3568850358461633,2.6873317263286927,2.272176282521098
0.5,0.2,0.4,1.0,0.1,0.2,-1.4449675145787522,2.297876448770432,2.3673300369978243,2.6201287025297137,2.3787518237119794
0.0,0.2,1.0,1.0,0.4,0.2,-2.0039669097284256,3.051878880762944,3.067464034049165,3.111578073477666,3.0123444090696414
1.0,0.2,0.2,0.5,0.4,1.0,0.6746122615271829,0.3688308164913073,0.26775891345816966,2.4514358180059275,2.156921129722748
0.2,0.4,0.2,0.7,0.7,1.0,2.363196602100538,-1.1966657723098657,-1.3283269636657211,2.0010333587435403,1.939661906419255
0.6,0.2,0.7,0.3,0.7,0.7,1.8299738206488603,-1.0277665971267713,-1.0605386024761676,2.0149889044048286,1.7347200107346523
0.3,0.1,1.0,0.5,0.1,0.7,0.5936987999931284,0.3428519594677184,0.07815065395946275,1.7595981514578831,1.4358118463776732
0.1,0.8,0.5,0.4,0.8,0.2,-0.031694340787254846,0.865235519215974,0.7788414627204625,1.9150783543177763,1.714217854589686
0.1,0.4,0.2,0.0,0.5,0.8,2.901387002773406,-1.7745678000574083,-1.8893703030625657,0.478048621992722,0.45823869361379815
0.7,0.1,0.7,0.7,0.9,0.0,0.3184351210293641,0.633446211789971,0.7336816772570225,3.9387019304065936,3.7067766945051814
0.3,0.8,0.0,0.0,0.9,0.1,1.882700416113864,-0.879048528242501,-1.0120944093782291,1.9255419712044684,1.860363783140178
0.3,0.3,0.0,0.6,0.5,0.8,1.5600176362372509,-0.42388787381372245,-0.7163761206211181,0.973805788461125,0.5742053474364028
0.3,0.4,0.6,1.0,0.6,0.4,-0.12493087383772075,1.2090120627249938,1.2028328929870968,3.3169078447426172,3.02135418986806
0.0,1.0,0.5,0.7,1.0,1.0,0.6279790492078197,0.3217455550684191,0.2279521489951946,3.57209991629278,3.4123368048093465
0.5,0.6,0.9,0.8,1.0,0.4,0.13628748922782494,0.8352298587124524,0.5253233121455813,3.9600238598558377,3.6187294593207833
0.6,0.6,0.8,0.3,0.4,0.1,0.7677060093220199,0.08726402913834758,0.1403303765326272,2.0910151659620704,1.7829444247905817
0.0,0.4,0.2,0.2,0.0,0.3,-0.4577580348334922,1.4969251397165109,1.3684737201380803,0.19698664148325057,0.0119807820612306
0.9,0.5,0.8,0.0,0.7,0.5,1.3745664387922556,-0.45063165928010424,-0.6821684008281613,3.4585398291896707,3.28704377852605
0.1,0.3,0.9,0.4,0.3,0.6,1.0163145681373287,0.07355368425090447,-0.06629443610212357,0.38619014312001554,0.18067896911297276
0.5,1.0,0.7,0.4,0.8,0.7,1.9763371482737762,-1.0394729829084939,-1.2052219573252863,3.5997170614276874,3.2483494599563887
0.9,0.0,1.0,0.0,0.0,0.2,-1.0943094112798408,2.3354315483274934,2.1796775523164396,1.8551663687223505,1.7004449885903339
0.5,0.4,0.4,0.9,0.1,0.9,0.4265441938711685,0.5267730715087147,0.4862514900426868,1.869874429128522,1.6473109244345705
0.9,0.3,0.7,1.0,0.8,0.3,-1.0406702070476304,2.0479282867617266,1.9554881040491787,3.9902536287419808,3.904404863452251
0.7,1.0,1.0,0.1,0.0,0.3,-0.016801314250737956,0.9296604609906771,0.9468524366286672,2.9530070214733564,2.5483923540661966
0.1,0.4,0.2,0.4,0.7,0.5,1.3791172366402493,-0.4165846358231995,-0.41448840434339823,1.3567560819170439,0.950454780179522
0.3,0.0,0.3,1.0,0.6,0.7,2.010398295222078,-0.9358196067248192,-0.9871380881346974,2.9884664440220083,2.8897363657031585
0.7,0.4,0.2,0.7,0.1,0.5,0.44588441948852914,0.6886967878372185,0.4903751647925928,1.5499369844976991,1.283876556223828
0.7,0.9,0.8,0.1,0.6,0.6,2.692755255907509,-1.8396569319157587,-1.9151830584336622,3.319205766204849,3.173548234180407
0.0,0.1,0.4,1.0,0.0,0.6,-1.053851594201793,1.9955256195445281,1.9583239291053287,2.7064934089915873,2.2351072864604893
0.4,0.2,0.3,0.4,1.0,1.0,2.4685704402277837,-1.596713995135583,-1.6444905816659234,1.8363525940210905,1.5314271237302706
0.4,0.9,1.0,0.0,0.5,0.3,0.49093135653693215,0.31977286293872464,0.36989595271137177,2.8606363163845163,2.5937243675920123
0.9,0.5,0.9,0.0,0.6,0.5,1.2582859768029764,-0.133616268305772,-0.2869906398396327,3.456109122403088,3.108780726257052
0.7,0.5,0.2,0.5,0.0,0.5,0.5887480856958069,0.34771238795890586,0.2278761296357797,1.800865157604012,1.6267656161856137
0.9,0.2,0.2,0.9,0.4,0.6,0.08985881074475724,1.0610756977091342,0.8611806575077758,3.0699018851664217,2.914601966792492
0.0,0.2,0.2,0.0,1.0,0.2,0.819828737686523,0.33600499396367656,0.01899656814352768,1.633759057633826,1.4877392397437472
0.5,0.6,0.5,0.3,0.3,0.7,1.2069787833125347,-0.10031467063292308,-0.25426440878354606,1.231893162856753,1.0115551761984312
1.0,0.1,0.1,0.8,0.6,0.8,0.1309946053681309,0.747097639695186,0.8550902371984508,4.318521222772477,4.186125430589316
0.9,0.4,0.2,0.2,0.9,0.6,1.8463613369333625,-0.8786166849447867,-1.1515617672065086,2.5105869033366774,2.2184941764634614
0.5,0.8,0.8,0.7,0.9,0.0,0.9056458678784178,0.07019782090369198,0.155166287444996,3.253847512211058,3.1083667550310508
0.8,0.0,0.5,0.4,0.7,0.0,0.3780830998601551,0.51725133122428,0.6979423406312333,2.4884460663224925,2.2969752841788535
0.4,0.2,0.1,0.3,0.6,1.0,2.1000510508863943,-0.8605278375668819,-1.1569373660393307,1.4635580230069347,1.4119127748125204
0.7,0.9,0.3,0.9,0.7,1.0,2.0150281331890643,-1.0799125513188343,-1.1541429411322337,4.649215647596442,4.62941565154471
1.0,0.0,0.0,0.3,0.3,0.1,-1.2672641790285866,2.0761550655880527,2.124000392835022,2.0630698177127984,1.9122655874988417
0.7,0.4,0.6,1.0,0.0,0.2,-1.6656031722301636,2.581864134937334,2.644280844888636,2.778207332617907,2.6078125352676405
0.6,0.3,0.4,0.5,1.0,0.7,1.8888618725216801,-0.8803443603458649,-1.0422300465817365,1.5950718452262136,1.1973921056876045
0.0,0.3,0.1,0.2,0.7,1.0,1.6430512702455233,-0.5410441841483147,-0.7346794846415035,0.6997661248101534,0.6698564119611908
0.2,0.5,0.5,0.6,0.0,0.2,-1.0251463372820928,2.072219525574084,1.8612657187478305,1.5556931109622896,1.2771948593217781
0.1,0.8,0.1,0.7,0.5,0.5,0.27386468563343047,0.6136568969458581,0.4555855209088501,1.9466210148659577,1.6389043424378935
0.1,0.2,0.5,0.5,0.3,0.5,-0.24379066461987214,1.4873393004481408,1.4362608504649725,0.7688627151120863,0.3602704382306156
0.6,0.1,0.7,0.2,0.5,0.3,0.20318494231975012,0.6100901258324458,0.8083329201076427,1.8965103864701476,1.7690338786127762
0.8,0.2,0.9,0.8,0.5,0.4,-0.3662314116159084,1.5827082665520185,1.30428342959664,3.101958504901299,3.0059972566136537
0.7,0.0,0.6,0.9,0.1,0.3,-1.8131807446855688,2.480284300055433,2.502524748695947,2.274624049578932,2.1227694053515345
1.0,0.4,0.7,0.0,0.0,0.2,-0.840606618305983,1.6314369594533744,1.9584636868462777,1.6943120312445903,1.7391034641233205
0.8,1.0,0.2,0.9,0.6,0.3,0.1074443624706107,0.8065600615928941,0.6782754815059997,4.8644205815464225,4.758776280934861
0.0,1.0,0.8,1.0,0.6,0.0,-0.17540875663082348,1.0207971625772962,0.8586800138736905,5.073746691438641,4.837563261090254
0.0,0.2,0.0,0.1,0.1,0.0,-0.5947783710902499,1.592151715522317,1.4293917232114408,0.5903071259846754,0.38992482904789616
0.0,0.8,0.3,0.5,0.5,0.6,1.2667100739179968,-0.401738211495935,-0.5111544481216816,1.2687250261040908,1.1035815763569996
0.1,1.0,0.0,0.0,0.1,0.0,0.6769450659011902,0.3728536353536759,0.407067229022393,1.9193554903820031,1.8313003180471894
0.7,0.6,0.6,0.8,0.5,0.8,1.1645501983176862,-0.22771791956374227,-0.38275485324457026,3.3007546222605915,2.9988858649658687
0.0,0.6,0.2,0.9,0.6,0.7,1.0872218251611323,-0.08858611197236521,-0.2886326424125172,3.3093747961248137,2.9263029746782556
0.3,0.4,0.3,0.9,0.3,0.5,0.640928879480845,0.25783116679856183,0.31183632609688705,1.803574346784503,1.623672616579158
0.4,0.1,0.3,0.4,0.0,0.1,-0.01221166921164217,0.989770829553732,0.9776259838937184,1.180496617898893,1.034735849640052
0.9,0.3,0.8,0.1,0.8,0.4,0.7957355410636087,0.21527222792070225,0.058767636424374325,2.1552739099389995,1.8668011454073397
0.5,0.3,0.0,0.0,0.3,0.5,0.9133488407885026,0.581412707873088,0.26796090795201144,0.07211892940940536,-0.1556783404547338
0.7,1.0,0.9,0.0,0.7,0.1,1.9278056278759381,-0.7267066230486107,-0.8734875554652808,4.0177767486603955,3.894487740872573
0.1,0.5,0.6,0.2,0.1,0.8,0.7705415112643431,-0.12482629584064414,0.000458485122716637,0.9921090499751694,0.887893382171737
1.0,0.0,0.0,0.5,0.3,0.3,-1.7710348327337415,2.8057144674698073,2.763121867470994,1.971750588854125,1.9570894148821951
0.5,0.4,0.3,0.9,0.6,0.1,0.06291294966185199,0.8051883726718624,0.740810375726349,3.0182837170950907,2.7187615517406494
0.7,0.6,1.0,0.0,0.3,0.4,0.7754349162455312,0.28246367374184556,0.22417644862140648,1.8892360178999978,1.8832166541836473
0.7,0.7,0.7,1.0,0.0,0.7,0.6420699384035091,0.39803042480913475,0.21538038572947638,2.70983998221947,2.6101514965693813
0.6,0.1,0.0,0.7,0.0,0.7,-0.10043818108610628,1.1287306312036933,1.0482861468911207,1.9964181707655604,1.8963455690470794
1.0,0.4,0.2,0.7,0.5,0.1,-0.8490124333144118,1.6854490540866671,1.5534843614579827,3.1429141559485765,2.984897524881519
0.5,0.5,0.2,0.1,0.9,0.3,1.33831397191585,-0.3984890265207396,-0.3095098690028341,2.5633827665194078,2.2747555432587467
0.0,0.4,0.8,0.8,0.4,0.7,0.5126496266616892,0.5941813405283115,0.39690421666449627,1.686699431771566,1.4861158306792368
0.3,0.0,0.2,0.0,0.9,0.6,3.244583293034058,-2.2250116002676,-2.1714801439029348,1.2656830380300914,1.1707814453249532
0.0,0.4,0.9,0.1,0.4,0.3,-0.09343087241051858,1.1680918553315411,1.155495259335929,0.8321428181829348,0.4719636221737328
0.6,0.0,0.1,0.2,0.4,0.8,1.608670496704806,-0.7235133541877299,-0.7945991235799582,0.943795245045004,0.6038650999211301
0.7,0.4,0.3,0.6,0.7,0.6,2.0972284439932656,-0.8730303118616921,-1.0001759831341572,2.3282947649700163,2.1872311791377186
0.9,0.5,0.9,0.0,0.5,0.1,0.49618487384780163,0.5115502229404247,0.32227075304681996,3.3343506357507056,3.260641363429818
0.9,0.3,0.2,0.6,0.8,0.5,0.5541699891686166,0.5641600709117865,0.4020854882063697,2.389700597637431,2.2763011510905145
0.0,0.6,0.3,0.3,0.9,0.0,1.3475480717809818,-0.18052495916976086,-0.5303339212700869,2.321819283486222,2.1361405678072307
0.4,0.0,0.9,0.6,0.2,0.3,-0.6494118004963793,1.742065077722175,1.5351270131045938,1.3309096878827844,1.0054471158679894
1.0,0.9,0.5,0.1,0.3,0.2,-0.9204202275681095,1.9152170613780768,1.6389549735118245,3.1022901907777642,2.849992066470761
0.4,0.8,0.9,1.0,0.8,0.5,0.7737234159266784,0.24255789553232215,0.0002443934165190509,4.177853125800361,4.141191115181066
0.9,0.4,0.8,0.6,0.9,0.4,-0.04368364128062624,1.1208559588710858,0.7572116203521061,3.435386174212091,3.1906001251276854
0.8,1.0,0.2,0.4,0.8,0.0,1.621682510997885,-0.6998544445195112,-0.5605311265786712,4.158191606746067,3.975849700124517
0.6,0.8,0.6,1.0,0.7,0.4,-0.3893722947959388,1.497191323271667,1.357975356301295,4.228095734800227,3.766940121331778
0.0,0.0,0.5,0.5,0.7,1.0,0.51000334818889,0.46459889834485346,0.35199097047149075,1.7630771119440602,1.4727707842020765
0.6,0.0,0.7,0.8,0.5,0.9,0.8501651593063441,0.020142796106880835,-0.19516778733097734,2.2721306300188333,2.25594270686209
0.0,0.5,0.0,0.0,1.0,0.8,1.8565230507301616,-1.0354828296424825,-1.152873930858071,2.292681371583548,1.942155347171432
0.9,0.8,0.1,0.9,0.3,0.6,-0.023930638514837344,1.1374762919493686,1.374895203448078,3.1688708650214985,3.031278164824342
0.0,0.7,0.9,0.3,0.6,0.1,0.528746719287473,0.4528233116843615,0.4873564808429973,1.676508054991134,1.4513006833375501
0.5,0.3,0.6,0.4,0.4,0.3,-0.7779389931092296,1.8492708812015757,1.6621338004112234,0.5584836320342008,0.18709469581153043
1.0,0.7,0.2,0.9,1.0,0.8,1.394117187357797,-0.30037823932138075,-0.2987976802189144,4.300018716426051,4.034441039881312
0.0,0.6,0.7,0.8,0.3,0.2,-1.241276012760757,2.2311626528897537,2.3262513925044814,2.388443691334434,2.202815423625896
1.0,0.3,0.7,0.3,0.0,0.5,-0.869910654016544,1.8411077179444022,1.573981688288065,1.4371099676208838,1.228256730196952
0.2,0.9,0.8,1.0,1.0,0.4,0.5815463124811172,0.2540253119890336,0.10372841259289854,4.914931496307204,4.779724064747909
0.8,0.7,0.7,0.6,0.1,0.4,-0.4501425005707994,1.2971899697383225,1.3185624342131992,1.6692337653694027,1.6642065553292005
0.3,1.0,1.0,0.6,0.0,0.5,-0.014705900309359924,0.9611261573678109,0.8410129442469141,2.7134400804805376,2.6642877155072893
0.2,0.4,0.9,0.6,0.7,0.0,1.1215165368253126,0.05979977898782356,-0.049698839189590324,2.737767190496022,2.4207891805286956
0.1,0.5,0.1,0.3,0.1,0.0,-0.16307641741859344,0.9742715664408632,0.8407139916274773,1.4263043456479965,1.2298374224908748
0.8,0.2,0.9,0.0,0.7,0.4,1.2097895642510634,-0.19952017083583534,-0.18182064087656577,2.5334853165393207,2.3714772494919707
0.5,0.8,0.0,0.3,0.4,0.4,0.2002856950746762,0.7574761580596683,0.6514079667313775,1.258643668171546,1.0151412092480345
0.8,0.3,0.3,0.7,0.3,0.2,-0.22195953330323445,1.3676869546008332,1.2477723166655639,1.3253429625607507,1.272825095293886
0.7,0.5,0.6,0.3,0.6,1.0,1.8938957403234646,-0.9495343432867798,-0.9967830406007261,2.7738195734315663,2.6301478636559525
0.0,0.4,0.3,0.4,0.7,0.4,0.5351305471885656,0.5453932005205134,0.26800523029315615,1.3527221374294403,1.19269285527709
0.5,1.0,0.8,0.9,0.0,0.4,-0.8661578744448748,1.8601558009846677,1.661888482562145,3.7997339540804385,3.646877708813427
1.0,0.4,0.3,0.6,0.9,0.4,-0.14071615704923857,1.0100010859226485,0.9781949993669702,3.0812675556213596,3.091953517421565
0.1,0.2,1.0,0.6,0.5,0.9,0.5352717038322767,0.2988433404273137,0.32975832696652796,1.9246962661277827,1.7557778751389823
0.3,0.9,0.2,1.0,0.3,0.7,1.6223998795518908,-0.7003757443334551,-0.7443568913119415,3.8579736003428002,3.444043967457832
0.1,0.6,0.0,1.0,0.9,0.3,-0.48302833872694373,1.620446641672894,1.2384653142752506,3.9859373414169923,3.928443436367074
0.0,0.7,0.1,0.9,0.8,0.3,-0.7117473294128797,1.6088815270561734,1.408264299460005,2.710363618278204,2.6615379316683128
1.0,0.7,0.1,0.3,0.0,0.8,0.6183521765642064,0.44064315286657907,0.2106120969863824,1.706882815431534,1.3802390472067865
0.7,0.0,0.9,0.3,0.4,0.0,0.9332027505308466,0.1489813062642683,0.2174015437770414,1.6678970344728117,1.707775725626321
0.3,0.3,0.3,1.0,0.4,0.8,1.789116029982857,-0.7589190447763406,-0.8804485581673324,1.8565657757402878,1.5707585735903766
0.7,0.8,0.3,0.4,0.1,0.9,2.3140093879728902,-1.289461747011637,-1.3944500020769928,1.237713056226638,1.1373499499152298
0.4,0.8,0.3,1.0,1.0,0.1,0.8099412988454149,0.26975195034451654,0.18767539082621748,4.0674520274659685,3.7003645521149378
0.3,0.5,0.2,0.1,0.7,0.7,3.3800713232404016,-2.4792634374927913,-2.4084652221042475,2.2877955734655075,1.938877460030371
0.6,0.4,0.8,0.6,0.2,0.1,-0.29507462713769617,1.2281464200753829,1.1773081358154653,1.7456774553906425,1.4381192186981218
0.1,0.9,0.0,1.0,0.2,0.3,-1.4166139059525489,2.4918801404905477,2.273226979726989,3.682307436242412,3.4167625928120513
0.6,0.0,0.0,1.0,0.8,1.0,1.0892130579669574,0.1938839272392387,-0.05455059064134932,3.7009480454997563,3.6426670289107133
0.0,1.0,0.8,0.4,0.7,0.1,0.3669307803762553,0.5523124384046999,0.1037020050864213,3.44291661373519,3.1364482572064545
0.6,1.0,0.5,1.0,0.3,0.1,-0.909006625559275,2.044577681973586,1.8873268186881889,4.222351515154021,4.028170833460933
0.9,0.2,0.4,0.2,0.8,0.7,1.6158066681429237,-0.7105534127838254,-0.6294055228911525,2.564544160081865,2.1582818884712984
1.0,0.6,0.9,0.1,0.1,0.2,-0.7050380372329502,1.3831341327800413,1.3378525084835489,2.817972519857649,2.5660558459230236
1.0,0.0,0.5,0.0,0.2,0.0,-0.6755274607082489,1.8241257975099738,1.5883303908308741,1.8357943748425745,1.7539126345675435
0.2,0.1,0.0,0.3,0.9,0.3,0.5363424601762112,0.16785735232965066,0.3323213754563604,2.230245166516097,1.9700712496414994
0.3,0.0,0.6,0.5,0.8,0.2,0.16785365297624427,1.1164153778450916,0.7793037595313307,1.8203701541251183,1.6345559289535514
0.1,0.7,0.9,0.7,0.2,0.4,-0.226149079876638,1.468718270926108,1.279736457995882,1.2233184484478836,1.2903555966239375
1.0,0.2,0.5,0.6,0.0,0.3,-2.4816635941672773,3.573515822432373,3.5259476992645125,2.3774798942865774,1.9958126642330773
0.2,0.5,0.5,0.2,0.1,0.4,0.05953698871146043,0.8857766196782142,0.642256491991034,0.9076879703820786,0.8679180258172878
1.0,0.9,1.0,1.0,0.2,0.9,-0.6604353718995963,1.6255685793817736,1.5634214549490981,5.694813131742896,5.377048147650171
0.5,0.4,0.7,0.5,0.1,0.2,-0.8375775062786565,1.858233133102586,1.7858543597827838,0.8856411398388936,0.9087865998588727
0.2,0.6,0.0,0.4,0.8,0.7,2.5318892125804893,-1.4905432630239455,-1.412477818538885,2.2138572974849104,1.9785105431164993
0.2,1.0,0.6,0.9,0.8,0.2,-0.056452980353947066,1.254393469651045,0.9752153909315091,4.479849629070967,4.366719756704958
0.7,0.8,0.0,1.0,0.2,0.6,0.3085654629961498,0.7189888154255027,0.7756682351084817,3.0450234993261494,2.932757327651489
0.6,0.7,0.3,0.9,0.2,0.6,0.9884443217768597,-0.12907433652229328,-0.06873274900915323,2.1140077539764857,1.9113587009188633
0.4,0.0,0.2,0.2,0.6,0.6,2.1557037304282507,-1.266964133024829,-1.2594567975386153,1.2439210837925574,0.8850667187374326
1.0,1.0,0.8,0.0,0.5,0.5,1.0382658531469335,-0.1905916136874931,-0.05764583579979654,3.949908548387723,3.730294503357952
0.4,0.2,0.2,0.9,0.8,0.8,1.7495087082546985,-0.9106668976736763,-0.7556894794916668,3.046633136864866,2.8499315812116586
0.8,0.0,0.1,0.4,0.9,0.2,0.30710720687598264,0.8803158959931595,0.7849014536095541,2.495630374291471,2.135088796039588
0.2,0.0,0.0,1.0,1.0,0.2,-0.3000792528480859,1.3646787214550447,1.2474679631380887,3.318846210401683,3.284136885724941
0.3,0.9,0.1,1.0,0.5,0.2,-0.06307212122928349,1.0708203325807781,0.8479180684111822,4.335357448958933,3.9749887463649496
0.7,0.3,0.9,0.2,0.4,0.9,2.1404958246211763,-1.2181142324515617,-1.2850082368275615,1.0404767188384567,0.7559395253777288
0.4,0.5,0.3,0.0,0.9,0.3,1.7795866547743013,-0.940782713643409,-0.780668627666747,2.2696105100538744,2.0144689897480528
0.7,0.5,0.3,0.7,0.7,0.9,2.1694065062510575,-1.21607492903548,-1.5728104938313845,3.3150420984046285,3.3517211969780454
0.1,0.6,0.4,0.8,0.4,0.7,0.9189593093898107,0.060298694272033285,-0.06664145020175077,2.07562716622838,1.772570316771998
1.0,0.4,0.8,0.5,0.8,0.6,0.880960594122281,0.14122142661221537,0.07237354990593271,3.414118095515555,3.226258391567043
0.0,0.8,0.3,0.0,0.5,0.0,1.3221727551834377,-0.4301332497853909,-0.3975057756009347,1.5931702126178118,1.0978279584495414
0.2,0.4,0.3,0.0,0.4,0.3,1.4728458399715358,-0.42780781125023504,-0.5595767503293753,0.5027186640864112,0.11731185678123365
0.1,0.9,0.4,0.3,0.6,0.9,2.2169830564271007,-1.3563546654259135,-1.3615070734947434,2.6023960439266225,2.290045363178931
0.7,0.2,0.0,1.0,0.1,0.3,-1.51017337838427,2.5736704874383327,2.385756158416839,2.9557137595470753,2.8649590411799646
0.6,0.3,0.7,0.0,0.3,0.9,2.1266023416698348,-1.2386913623460014,-1.2268781183239292,0.29503385890179423,0.1303373272983684
0.0,1.0,0.9,0.2,0.1,0.3,-0.4141543677990716,1.3066691877075878,1.282377947271903,2.075101506998008,1.8373692416106024
0.1,0.3,0.3,0.7,0.1,1.0,0.8703042850774646,0.21310580118020617,-0.052728819835665824,0.4824475048556467,0.026618583440277788
0.9,0.1,0.9,0.6,0.2,0.3,-1.5927076926891057,2.532583500500835,2.397270273012822,2.9849494047505085,2.7136374061319755
0.1,0.8,0.1,0.9,0.7,0.7,1.243341740787517,-0.4256267781968932,-0.27609713371086575,3.306198520859074,2.806536625160132
0.7,1.0,0.5,0.0,0.9,0.9,2.890677916976465,-1.9362049154190994,-1.9498788950746697,3.545941268591674,3.1642780638459547
0.4,0.4,1.0,0.7,0.2,1.0,0.41886424255808435,0.5775032623130102,0.4135997814606923,1.9313491271835739,1.3994264965327596
0.2,0.6,0.6,0.7,0.0,0.5,-0.2330286346705593,1.199542272562717,1.1421500445526507,1.7632158543023615,1.4116723520722574
0.7,0.4,0.6,0.3,0.9,0.0,0.8167661086664739,0.2701968838158293,-0.15913846121580796,2.3393544601061858,2.2150552958006378
0.3,0.2,0.2,0.6,0.9,0.9,2.546847958249754,-1.3592058490311136,-1.693504573248639,2.036949584582069,1.9543437211516197
0.1,0.7,0.4,0.0,0.8,0.8,3.0720621247376814,-2.3100466921516207,-2.052706624721913,0.9781304114994268,0.7690110999485985
0.9,0.9,0.4,0.5,0.1,0.6,0.03485373259844565,1.0067803829526836,0.8071379607054796,3.0218642317201865,2.5127696305460856
0.7,0.6,0.9,0.3,1.0,0.5,2.0119836945508207,-0.9502414443876563,-1.0348965669262953,3.250793394600349,3.04593048639796
0.3,0.9,0.8,0.7,0.5,0.0,0.9127279437454163,0.10312931193386654,-0.12057117253300129,3.646274773833709,3.376938977020722
0.1,0.5,0.6,0.6,0.9,0.6,0.8443490320806236,0.31860164254180057,0.15074133478849142,2.5455623494548365,2.551120016044326
0.6,0.1,0.3,0.7,0.5,0.5,0.5473128798368518,0.4500242300102785,0.28120025959995026,2.391484353164463,2.3893438884229057
0.6,0.2,0.5,0.9,0.4,0.0,-0.9507675787343373,1.8528090105602717,1.8602395183174498,2.762120713273015,2.51829944577525
0.8,0.5,0.0,0.4,0.1,0.3,-0.6634741275337382,1.8278878861142578,1.7073043189348363,2.174803201177614,1.926694124316366
0.5,0.3,0.0,0.0,0.6,0.4,0.575326728040042,0.19330696528861002,0.29927219336002486,0.8225886728568838,0.5222732167876191
0.1,0.0,0.9,0.4,0.7,0.5,0.7706440853732955,0.0065165498339576355,0.07376925259364807,1.8102356564259563,1.8598351536064175
0.0,0.2,1.0,0.2,0.2,0.0,-0.7055810220082492,1.7102605773048185,1.659775262069515,1.161952357549977,1.0658558156972051
0.3,0.7,0.7,0.9,0.2,0.4,-0.15734387406260533,1.0881368914354035,0.871347662720503,2.061143314498971,1.7527089873484796
0.0,0.4,0.0,0.2,0.2,0.6,0.2999884628185693,0.7181331629024315,0.49423144840875094,0.2568646196527299,-0.07287571069689217
0.3,0.9,0.4,0.7,0.0,0.4,-0.18835085127089352,1.3421404191150945,1.2992354526774408,2.335348291566426,2.26649923136598
0.2,0.1,0.7,0.5,0.7,0.4,0.5147957669545411,0.6175671814869546,0.530162568975997,2.4851595427185753,2.188703848959584
0.6,0.1,0.1,0.6,0.6,0.3,-0.3457591073662666,1.2926818444506918,1.4973890356969357,2.531716687988693,2.303966537703708
0.2,0.8,0.0,0.3,0.8,1.0,2.5725368443635532,-1.5147732863974093,-1.8949741658137293,1.6889187822132006,1.4129440885751636
0.6,0.5,0.3,0.9,0.7,0.7,1.9904552146054044,-0.9534549222926241,-0.929579550177973,4.020601197975278,3.6292811546287886
1.0,0.1,0.1,1.0,0.3,0.7,-0.7365275326606268,1.8212447061545542,1.5853297763952925,4.41440075868214,4.107042946161692
0.5,0.3,0.1,0.0,0.8,0.9,2.6114583690752324,-1.6313950460834645,-1.7898189902814028,0.9430846846980736,0.8935423391719166
0.5,0.2,0.5,0.8,0.6,0.5,-0.4369188408048219,1.390897149826992,1.129808818776837,2.5716752988638287,2.481431186073184
1.0,0.4,0.5,0.4,1.0,1.0,0.6754915108940975,0.2634075200039534,0.07003286244106292,3.074175342122235,2.85994497909292
0.6,0.8,0.3,0.3,0.2,0.3,0.580353211705431,0.4277623168760706,0.31626198056650495,1.053751927573266,0.9194975874741312
0.5,0.4,0.8,0.2,0.1,0.1,0.23733584467838162,0.8147827160471804,0.48327257411103786,0.7992277630251479,0.6685815341110554
0.5,0.5,0.6,0.8,0.4,1.0,0.35464876071690676,0.8202383040573754,0.6034089480705065,2.724491217587213,2.532056224162494
0.4,0.6,1.0,0.8,0.6,0.9,1.2694872966272595,-0.25542953064980456,-0.22337532510932512,3.4921740463633135,3.48574296084482
0.5,0.3,0.8,0.6,0.9,0.2,0.070670157295109,0.7585810761139233,0.3434791142854021,2.0559202822684437,1.9077436430000336
0.2,0.8,0.2,0.6,0.9,0.6,2.402503923910035,-1.5843334527844215,-1.4847652187967522,2.2060118617451594,1.9716866062800593
0.2,1.0,0.7,0.0,0.4,0.9,3.0007528868308024,-1.9686217382226254,-1.9801310665482263,2.1450597468605705,1.9453878133067055
0.4,1.0,0.3,0.1,0.0,1.0,2.426547084401514,-1.5352161959217125,-1.4778755518923532,1.577076137214717,1.4784642048345968
0.3,0.9,0.6,1.0,0.9,0.6,1.2136806758381424,0.031232389094649635,-0.07980390582701856,4.735952881200887,4.705604334302822
1.0,0.9,0.6,0.1,0.7,0.5,0.188125911365851,0.6759071481197918,0.5285016689037869,4.085994952709187,3.7849163620350383
0.5,0.6,0.2,0.8,1.0,0.5,1.0160957655636238,-0.02200222919394528,-0.22655504450576797,3.513722659524307,3.1898430065655914
0.4,0.1,0.7,0.1,0.5,0.7,2.065456736362544,-0.8999079789327378,-1.1729964254418106,1.6879582136055082,1.465350837961452
0.6,0.5,0.8,0.7,0.2,0.9,1.2617183676196233,-0.1381147723347777,-0.23128995043671696,2.7332159586024902,2.388456311711169
0.1,0.6,0.1,0.3,0.4,0.8,1.7319674273819756,-0.891321349511852,-0.8864183029806738,0.9658297477457596,0.9478487430938989
0.1,0.7,0.1,0.2,0.5,0.9,2.4853567268558145,-1.2164870514744397,-1.5092661047036016,0.8074771926072243,0.5109455060140915
0.5,0.0,1.0,0.4,0.6,0.3,-0.699197424688506,1.3566096174329756,1.2617267427478016,2.14409385528666,2.053166073844393
0.8,0.3,0.8,0.9,0.9,1.0,1.5021920495063898,-0.48523317155806783,-0.5437444171147615,3.439618924908765,3.3260745150201925
0.9,0.5,0.5,1.0,0.9,0.8,0.44432816743852793,0.540345063612745,0.6432662838823637,5.186904878913813,5.216424786742724
0.3,1.0,0.9,0.1,0.4,0.2,1.2753226984460835,-0.3021636048258005,-0.4776104829109236,2.579963510848651,2.187361170351772
1.0,0.5,0.1,0.3,0.4,0.6,0.4508491445130629,0.49586781089548315,0.36966215566341953,2.864176962165454,2.4776739051119137
0.5,0.5,1.0,0.7,0.0,0.5,-1.0416510511534827,2.021934113959239,2.0124745253917973,2.756901431864989,2.3316410549646625
1.0,0.9,0.2,0.0,0.2,0.5,0.7625607601044024,0.08891709725802038,0.13796405256899658,3.0680260383718525,2.897731672863369
0.5,0.1,0.7,0.9,0.4,0.7,0.1960952093089655,0.6486321039460746,0.4694198650898651,3.126845493739578,2.880235205840142
0.0,0.8,1.0,0.1,0.5,0.9,1.5480603419776353,-0.5163278253119059,-0.636447076550829,1.5254880301309373,1.4326248206034076
0.0,0.2,0.1,0.1,0.5,0.9,1.4269021823033718,-0.5043425842962599,-0.42181572844170306,0.7821962935193616,0.7227336847662358
0.7,0.0,0.2,0.1,0.7,0.3,1.2663865039598468,-0.6015386649560769,-0.24179613838354905,1.895983610762102,1.5926493635166368
0.7,0.0,0.6,0.8,1.0,1.0,0.928414089681006,0.03670828710804157,-0.13869060417608783,3.3293217868696208,2.8562427184317905
0.2,0.4,0.1,0.6,0.8,0.1,0.6254427506847963,0.41425918972756914,0.30237032226351146,2.080231889851405,2.00266070702559
0.4,0.4,0.0,0.9,0.7,0.0,0.01453109966294553,0.768490991318584,0.8896904810752893,3.3130343443672086,3.015327619166044
0.5,1.0,0.5,0.9,0.3,0.7,0.17454121864145195,0.8943544378992041,0.595992306224841,3.389354882938536,3.219879956710369
0.7,1.0,0.3,0.3,1.0,0.4,1.9476954738744077,-0.7228284516268995,-0.9300628525866114,3.486792983791204,3.398093730165043
0.3,1.0,0.3,0.0,0.1,0.1,1.630248393783898,-0.6199829629297277,-0.8783961118252723,1.8745121691455142,1.6648591826084786
0.9,0.1,0.1,0.1,0.8,0.9,1.7002500586583635,-0.7352659502853346,-0.796598003483868,2.9345127568526346,2.678308029619344
0.7,1.0,0.5,0.8,0.9,0.2,-0.3403523909166256,1.1798576897052495,1.2087206455742092,4.663691748938896,4.389640622771053
0.4,0.9,0.5,1.0,0.4,0.1,-0.9307552063430209,1.6367550821032903,1.549687672525717,4.080338799992477,3.7639465706347655
0.1,0.3,0.5,0.2,0.3,0.8,1.087152582691209,-0.25079556676005765,-0.3358140321267804,-0.31959065689616056,-0.49029772274570765
0.4,0.9,0.4,0.0,0.7,0.9,3.149918437351653,-2.2416155505053434,-2.123842301497514,2.601266006949694,2.5505046747279403
0.1,0.8,0.4,0.9,0.1,0.4,-1.0187034193032825,1.6591733004680282,1.6537644305720918,1.8570205561862947,1.6763537709857192
0.5,0.4,1.0,0.2,0.2,0.6,0.5717383586834934,0.2988382639336963,0.2897449412649723,0.8992606575580583,0.6936445582364132
0.6,0.9,0.0,0.5,1.0,0.7,1.9150102212910167,-0.7786854472938071,-0.9824747921775063,3.5328225515638914,3.3227623232025376
0.6,0.4,1.0,0.1,0.7,0.6,1.6714448328012066,-0.7480105468959246,-0.9139140118485011,1.974807553429834,2.040523741234571
0.1,0.6,0.5,0.2,0.6,0.2,0.20095295807821462,0.6984615527597511,0.6755314179750742,1.9453996924873564,1.6682040735486467
0.4,0.7,0.1,0.2,0.5,0.4,1.0700571588048529,-0.07148546045352788,-0.013244585376255474,0.8299129800556526,0.4893179220846643
1.0,0.8,0.1,0.5,0.8,0.7,0.9833746050966304,-0.11106931441698739,-0.12757564362546908,3.530992062306428,3.3394217221105627
0.5,0.3,0.3,0.8,0.8,0.3,0.15818586552620556,0.7738686196399969,0.841222539514959,2.1405643460119395,1.8950081887656933
0.7,0.0,0.1,1.0,0.0,0.0,-0.9881074653255236,1.9714186187724583,1.860058529196657,2.993166055007172,2.8372590651523186
0.2,0.4,0.0,0.5,0.8,0.2,0.38954619500002463,0.4951402624835205,0.5098435226001115,1.5704357306980823,1.4590760626000088
0.6,0.4,0.8,0.4,0.1,0.4,0.0693698192093455,1.0357119636333714,0.7954024209071314,1.1459211702172736,0.9579092110114953
0.8,0.2,0.6,1.0,0.3,0.5,-1.0793615505564957,2.093261407185395,1.8570486575966378,3.142260230720784,3.1315081978439663
0.2,0.2,0.6,0.4,0.9,0.8,1.9453183538936756,-0.876669246926645,-1.2071106571560501,1.711245339717463,1.4614050420485838
0.1,0.8,1.0,0.5,0.2,0.8,0.8553735935857069,0.25519450130045207,-0.07511532773519947,1.3514300823709484,1.2274791505251716
0.0,0.2,0.6,0.0,0.6,0.2,-0.398079427002425,1.3718547929343674,1.3908404080744468,1.3542399728034584,1.0855310680059047
0.0,0.5,0.9,0.2,0.7,0.0,0.71384311267967,0.089042101701198,0.09774430372720846,2.8551127460664656,2.4325111500966954
0.5,0.7,1.0,0.9,0.1,0.3,-1.411244409166902,2.4982125801024537,2.3534801633723603,2.419822632049632,2.2403648329961157
0.9,0.4,0.3,0.7,1.0,0.1,0.15006563431928677,0.9522980722908886,0.8885274188806064,3.472239153200335,3.192535977866764
0.1,0.2,0.0,0.2,0.9,0.7,1.818563281681601,-0.7061358595781878,-0.8817947134459913,1.634101550219741,1.2362435433239563
0.7,0.9,1.0,0.7,0.1,0.4,-0.8415897476510924,1.9531537475811853,1.7656447469734498,3.599408083454753,3.234575769525917
0.7,0.5,0.4,0.9,0.8,1.0,1.8184847788196474,-0.7556927704267615,-0.9238239418250546,4.285649399390701,3.9396368659528527
0.0,0.3,0.5,0.3,1.0,0.4,-0.2986595286016921,1.181665735951309,1.3322222063651803,0.7634463233674613,0.7034143748248127
0.2,0.2,0.2,0.5,0.6,0.8,2.417332263663461,-1.361578523274908,-1.6678825954901808,1.6143558323437617,1.3177340050486714
0.5,0.0,0.6,0.0,0.6,0.4,0.5212036285031507,0.6919857628413806,0.565464877933229,1.4776539094211618,1.1623531764924289
0.2,1.0,0.6,0.9,0.2,0.1,-0.8866314075132384,1.792006470445277,1.6763340849492887,3.367774165272539,3.418469715410661
1.0,0.4,0.1,0.1,0.2,0.3,-0.9740208706413755,1.9708673791803848,1.6459847612277956,1.742602750968287,1.521041605086011
0.4,0.8,0.6,0.8,0.8,0.5,0.3259835863191115,0.5540812757547134,0.3867309835958613,2.8204386585063723,2.675446258659064
0.3,0.4,0.5,0.4,0.5,0.1,0.21922071019838452,0.7615100782148466,0.6319972836434257,1.1576415849507837,0.8341341469894148
0.9,0.3,0.1,0.4,0.7,0.0,0.2514566409909113,0.7248739715195379,0.5352829263534511,2.186066991966235,2.034909816590851
0.7,0.2,0.1,0.4,0.4,0.6,1.286552163581753,-0.2580851260876417,-0.11277340192061755,1.313672034106088,1.3022351351976453
0.1,0.6,0.4,0.0,0.5,0.3,0.972530579868732,0.07424694611698286,-0.10177908545633914,1.3235504212021847,1.2277895239043548
0.9,0.0,0.8,0.4,0.9,0.5,0.8618782098436018,0.3547839182103297,0.19415571418239133,2.8460592717409416,2.8000274985488285
0.7,0.7,0.8,0.7,0.2,0.0,0.5012881097602191,0.5203209097581641,0.1640679924179339,2.170798180241886,1.9665925160335156
0.5,0.0,0.2,0.2,0.3,0.0,0.8517653534034954,0.3214920671306614,0.12381992375409609,1.0785375812542988,0.5188054234859422
0.1,0.6,0.8,0.7,0.7,1.0,1.8985381064206714,-0.9015273889268555,-0.9181235563691021,3.0725551501595803,2.7639146431629174
0.6,0.6,0.9,1.0,0.9,0.9,1.7503248657883268,-0.6633784294598248,-0.8961265025133855,4.782872272600358,4.486876493998801
0.7,0.1,0.5,0.3,0.6,0.9,1.6703602605561618,-0.6508545961215497,-0.6883242801094541,2.5062132426760653,2.1643430281605855
0.3,1.0,0.6,1.0,0.4,0.2,-0.5627566696179792,1.5090464543000388,1.5600195692702699,4.104033776996051,4.006593694549867
0.8,0.0,0.4,0.1,0.7,0.7,2.2960242937909086,-1.5908923201789107,-1.4356602972596963,2.0119815779168992,1.7386399852415726
0.3,0.0,0.0,0.7,0.0,0.3,-1.2346968056318999,2.1100633799152777,2.088415371457644,1.128949865328218,0.852666450369559
0.7,0.5,1.0,0.9,0.7,0.6,0.7197518639017516,0.33769751368554707,0.0134519893949413,4.819918571870789,4.68600616431166
0.5,0.7,0.0,0.9,0.3,0.5,-0.36300507355842604,1.2264091518397187,1.2892701294989954,2.098766556458199,1.8074421847392483
0.8,0.3,0.8,0.4,0.3,0.6,1.110208799374138,-0.4290266983777259,-0.37218049687499466,1.03841866377528,0.8201055610715486
0.1,1.0,0.9,0.0,0.8,0.0,1.8368764388258911,-0.9516426791936512,-0.863490790639084,3.622600085309916,3.253171490047104
0.7,0.2,0.6,0.5,0.8,0.1,0.06418759571691596,1.2521017376840677,0.7549572578447007,2.5153433286306695,2.372008830296007
0.1,0.0,0.0,0.3,0.4,0.3,-0.5416481707317629,1.639112632923145,1.2716516659373944,0.6692585210671584,0.3314822190502796
0.6,0.5,0.1,1.0,1.0,0.4,0.051976097207937916,1.0473525809976973,0.9398532538631945,4.654341381446305,4.208670501135383
0.8,1.0,0.5,0.8,0.7,0.2,-0.5284754727496618,1.4567553876053712,1.568542932519083,4.963189764700029,4.537319736781355
1.0,0.5,0.4,0.0,0.9,0.4,0.5951439500138936,0.4679453246223868,0.30641858149748824,3.4185696574618145,3.2827251073771797
0.2,0.1,0.4,0.7,0.3,0.4,-0.2090985684180452,1.4193596369962747,1.396617846538033,1.5800785588198365,1.5249567641418693
0.4,0.1,0.3,0.4,0.2,0.6,1.2994047997343767,-0.17618025271851,-0.3014390611391455,1.10479541863951,0.8507405830526644
0.3,0.4,0.8,0.3,0.7,0.2,1.380040252485521,-0.3352876077225304,-0.44965434504202223,1.6964646326986226,1.5060408193785484
0.1,0.2,0.5,0.1,0.8,0.2,0.3172286817576333,0.7543366296279654,0.8908630477072821,1.4983931286204966,1.1003043833463775
0.5,0.8,0.8,0.4,0.3,0.7,1.6354223274497661,-0.7252658083246678,-0.8148937799632735,1.4140097217324055,1.207286297003374
0.3,0.7,0.9,0.9,0.1,0.8,1.4980999011801834,-0.4925000615697463,-0.6281435479965147,2.107424451272751,1.9163024060598188
0.4,0.2,0.5,0.9,0.9,0.6,0.48976113306732894,0.4407630375042475,0.5768042087926305,2.8393728053635767,2.7515864003224784
0.2,0.3,0.1,0.9,0.0,0.5,-0.34524313388823064,1.4870433343218084,1.288418674375992,1.0540105429862194,1.0800596970590013
0.0,0.0,0.9,0.0,0.0,0.7,1.0190351582273232,-0.03621347766392226,-0.07206523821023247,0.7466783330897184,0.21286513270819798
0.2,0.4,0.4,1.0,0.3,0.5,0.24151349312687748,0.918172021632586,0.7729593639988452,2.288302305982993,1.9527665842595041
0.5,0.1,0.8,0.6,1.0,0.3,-0.15214293680640958,0.8599928568314905,0.9522935248732645,3.086184165259026,3.064455887798437
1.0,0.2,0.6,0.3,0.3,0.2,-1.69857358244884,2.6402974801207706,2.5910371409991484,2.17479087851374,1.7258582739836807
0.4,0.1,0.9,0.3,0.3,0.7,1.4684662203021728,-0.15546269350360453,-0.6254997762833073,1.3498413836536234,1.3924012083917934
0.2,0.1,0.5,0.3,0.3,0.6,1.0537898159852344,0.26910713655864815,-0.11894293346933629,0.7453277882338739,0.6765517382042445
0.3,0.8,0.8,0.4,0.2,0.7,2.0854224700539676,-1.1216311346219512,-1.4471082638178452,1.1265975450829093,0.9625982466339185
0.7,0.5,0.7,0.8,0.7,0.8,1.6738179406447604,-0.6876920512039658,-0.8310449376857465,3.99464290614171,3.8659805953821276
0.6,0.9,1.0,0.1,0.8,0.3,0.646874625390115,0.1804557398957772,0.3002969722034847,3.5828305172009927,3.4717686374969823
0.3,0.4,1.0,0.8,0.4,0.3,-0.6711908677444598,1.8098510532763092,1.6399976942176664,2.0597044149444304,2.0920086151056676
0.3,0.3,0.1,0.1,0.0,0.3,0.3537392656125081,0.8017375072450346,0.6461765043227337,-0.22494328731080293,-0.40318745571201375
0.9,0.2,0.8,0.9,0.2,0.1,-1.4099506234934691,2.5270750516261744,2.398758539821704,3.5265218913161624,3.145049460219826
1.0,0.4,0.5,0.2,0.7,1.0,0.7418595121082219,-0.22919596968504963,0.04060522088092197,2.7637379164048785,2.4598541371995126
0.5,0.0,0.8,0.3,0.5,0.5,1.0110431867890586,0.16566409056540987,-0.2877472268563963,1.3594545879977646,1.217981312732763
0.4,1.0,1.0,0.5,0.3,0.9,1.1986978189859083,-0.3101316688478088,-0.3905065244140717,2.7878061084515755,2.6775982390257242
0.3,0.8,0.6,0.0,0.8,0.5,2.195311924743746,-1.0372117470335416,-1.1690200738855718,1.7096987249294542,1.5453266856541794
0.9,0.6,0.3,0.1,0.4,0.0,1.1010361151435863,-0.11125474006045619,-0.30423500369023193,2.4070743238918904,2.3301582133105962
0.4,0.8,0.5,0.2,0.6,0.0,1.1374299205340843,0.060623915146099064,-0.039101047794927415,1.7182473491258514,1.631620349098015
1.0,0.2,0.5,0.0,0.2,0.4,-1.0473312298992172,2.084271241406381,1.8241005895983078,1.8139826149770037,1.2926302068236704
0.9,1.0,0.8,0.1,0.4,0.0,0.9052764939946631,0.06187972111034562,0.03211510958708173,3.4379694983483424,3.4333405798065373
0.7,1.0,0.5,1.0,0.9,0.4,-0.2485819754960218,1.2077258800321111,1.0899753477991099,5.454524104147812,5.183275768081654
0.7,0.0,0.3,0.8,0.8,0.3,0.431570871319375,0.7334811189104409,0.5525493816095602,2.9671052590980183,2.803266281958435
1.0,0.8,0.2,0.1,0.2,0.9,1.507224170782429,-0.6658079743301895,-0.7543538360606991,1.9882263432171936,1.8044083927175325
0.5,0.4,0.5,1.0,0.3,0.4,-1.279002177807671,2.4477124494475193,2.3256586695553794,2.4979675106851307,2.3210943146116936
0.6,0.7,0.9,0.4,0.8,0.8,2.583166087162632,-1.7456545125827891,-1.759654624157152,2.2274043675057924,2.311172382863619
0.5,0.3,0.3,0.5,0.9,0.0,1.2046625152827337,-0.20068572508766513,-0.21083446263334082,1.5651836670767494,1.3446570855544964
0.8,0.7,0.0,0.7,0.9,0.0,0.42989119581508983,0.36046582828930906,0.432580164258078,3.5212320049382178,2.9635184137095165
0.5,0.5,0.9,0.9,1.0,0.2,-0.2644240830736628,1.1678095689414152,0.9257688850838366,4.515710108011146,4.389992658700663
1.0,0.1,1.0,0.4,0.2,0.0,-1.3765179449710876,2.591922389751632,2.379410657214769,3.31049647721574,3.0990596593815085
0.3,0.0,0.4,1.0,0.8,0.4,0.19423761224822111,0.8263230505688903,0.6655495578962413,3.196015297910066,2.9364500060322474
0.3,0.7,0.6,0.5,0.4,0.0,0.576230295765279,0.47757010009886813,0.3287847595684198,1.1689133100586682,1.0354083391093107
0.0,0.0,0.4,0.1,0.5,0.2,-0.05007875043581671,1.048703618031291,1.0352545185420552,0.7873969855104656,0.4383373185253368
1.0,0.9,0.5,0.7,0.0,1.0,-0.7083249506862668,1.8935238311322427,1.8445695844435903,3.888888198716653,3.6365603885587756
1.0,0.5,1.0,0.9,0.8,0.0,-0.9316456737540386,2.135536956536698,2.0909266321423448,5.837279334745865,5.808620866838973
0.7,0.4,0.9,1.0,0.9,0.3,-0.03149456748175281,1.0321857077053158,0.9150064920285688,4.395937945870914,4.04708433210723
1.0,0.2,0.8,0.0,0.8,0.9,1.9616334054118607,-0.9235166302660318,-1.2479830464328934,3.2462850108505874,3.01939081471468
0.3,0.0,0.8,0.7,0.2,0.3,-0.27921806357156764,1.1871854032407478,1.1050717115749413,1.5257601321067833,1.1269785958434912
0.7,0.9,0.1,0.9,0.9,0.6,1.291914555292514,-0.3200443213826451,-0.23271879012302088,4.767105107071336,4.604622756011317
0.4,0.4,0.2,0.4,0.7,0.1,1.0692526154997652,-0.2221591234532429,-0.48132550878238545,1.56345985687247,1.3982594616197785
0.6,0.8,0.2,0.6,1.0,0.9,2.3149947249988356,-1.5152277309061648,-1.688085447393969,2.6501458105864684,2.4396039195884924
0.6,0.7,0.4,0.9,0.8,0.9,1.9161893031591308,-0.6881717934722731,-0.9880757734926991,3.2108479848873506,2.9595273813070535
0.3,1.0,0.7,0.4,0.1,0.7,1.7860847369774375,-0.6244088362434872,-1.0360939896521988,2.1042503668709034,1.8880471404758865
0.4,1.0,0.8,0.5,0.0,0.2,-0.10638818676502254,1.2512492567797435,1.1055171935440853,2.4955098722301177,2.395515573774914
0.4,0.4,0.0,0.9,0.1,0.2,-1.2631412913690516,2.292405015403735,2.249685888928145,1.8250243615851245,1.859043917862
0.4,0.7,1.0,0.8,0.1,1.0,0.3424703549831547,0.528420561652158,0.3823198239489144,1.9400715424613157,1.708552897238949
0.3,1.0,1.0,0.3,0.6,0.3,0.864370250823993,0.2112882526383408,0.023358620135747188,3.414318876800815,3.0473292294247196
0.3,0.9,0.9,0.9,0.3,0.6,1.0476761702778596,-0.09253144545414144,-0.12346457407995635,3.758626409168972,3.492654908934773
0.0,0.1,0.6,0.9,0.6,0.3,-1.7868839156034748,2.8054948186633744,2.6158790440273805,3.0954652887973215,3.0522538877635093
0.0,0.1,0.1,0.9,0.9,0.4,-0.9750885368884965,1.996541519406694,1.916137364644289,3.3367933109842145,3.2607207399281397
0.0,1.0,0.9,0.1,1.0,0.8,2.4183711874103873,-1.483768637346615,-1.3323690841822717,3.17371404646012,3.173260147790486
1.0,0.3,0.5,0.5,0.8,0.3,-1.053525031332158,2.293003331579406,1.8679040950215808,2.708708634691361,2.295316152894307
0.7,0.4,0.2,0.3,0.3,0.7,2.1865066654338827,-1.0653882778488957,-1.1801908629479918,0.9198788561352149,0.7687701095739378
0.4,0.2,0.0,0.5,0.9,0.3,-0.020360546919944253,0.9946233557562304,0.9078714520771215,1.9540007124907437,1.7510276525898891
0.0,0.8,0.7,0.9,0.7,0.7,0.8583189849863297,0.2633207827386344,0.052136454744483085,3.307644150360209,3.054523023534874
0.5,0.4,0.5,0.2,0.4,0.7,1.0947993106906986,-0.20172007850676638,-0.4239045038185788,0.5627252630375644,0.5772562896076965
0.8,0.5,0.6,0.0,0.8,0.0,1.067548594897266,-0.09068736996090775,-0.2257457951950405,3.258991730035695,3.1647267877748657
0.2,0.2,0.6,0.7,0.2,0.1,-0.8430424982403333,1.9521347300003147,2.0092447165866902,1.4605665400231314,1.3016888869914012
0.8,0.3,0.3,0.9,0.9,0.7,1.6950002979962506,-0.6875829968544271,-0.8844358890789219,2.8203222007874915,2.959876857526178
0.5,0.2,0.4,0.6,1.0,0.1,0.054700230445566295,0.980585916633218,0.8739426811803135,2.4980615094534526,2.3772835838808395
0.8,0.0,0.6,0.6,0.6,0.1,-0.5973375797707581,1.5437875169229573,1.452755779551952,2.5902658562421315,2.4175021083954706
0.6,0.0,0.2,0.7,0.2,0.7,0.8832675031083554,0.04857827095804509,-0.11775807316266368,1.2903199252754436,1.2167950565474333
0.9,0.3,0.3,0.9,0.6,1.0,1.0921953280075467,0.024930936463793137,-0.2322774609655679,3.105983763334553,2.9032737316590875
0.4,0.2,0.7,0.5,0.8,0.7,1.8078162012980719,-0.7301085001297363,-0.7495203365716856,2.1647822727411943,2.0220268234136305
0.4,0.7,0.7,0.6,0.0,1.0,0.9602370020500228,0.10776243394577437,0.02474254354651248,1.2618518321190135,0.8563922237258133
0.2,0.3,0.8,0.1,0.1,0.6,1.8206539644226114,-1.02922488207753,-1.0564809765032577,-0.03870655568289168,-0.3856120261727392
0.0,0.1,0.1,0.6,0.4,0.9,0.29817373680600123,0.7360331073306416,0.5907311582970259,1.4860400039102604,1.2275230201356595
0.6,0.1,0.9,0.1,0.1,0.8,1.5793627693595447,-0.5625462794686953,-0.6290943357019523,1.732767773660458,1.406945375471785
0.6,1.0,0.6,0.7,0.9,0.3,-0.24507625503828648,1.3295842182165083,1.1435249749412775,4.105271187664608,3.876064754737288
0.3,0.7,0.7,0.2,0.5,0.8,3.026004596531934,-2.2118084873989483,-2.127184950003615,1.0250653955115645,0.7659163642334391
0.4,0.2,0.2,0.4,0.3,0.3,0.06977020137686613,0.9140226014634832,0.7045459610998946,0.788793025265301,0.5530048795669291
0.9,1.0,0.7,0.5,1.0,0.4,-0.03659775308180724,0.9851434962750039,0.9408695359951995,4.3590668333449205,4.3846850351917475
0.2,0.0,0.3,0.2,0.4,0.1,1.1828096278234008,-0.2522822681262379,-0.21348627290518685,0.5472757141346615,0.22747810108903685
0.0,0.3,0.6,0.2,0.0,0.2,-1.4968661180682052,2.362612322739945,2.40230649027102,-0.2558288514913832,-0.32580856145318926
0.4,0.2,0.7,0.0,0.8,0.0,1.4497517487540854,-0.5563117693720512,-0.5222832065850329,2.0389797701638797,1.6033684140013955
0.3,0.2,0.1,1.0,0.7,0.9,1.5955418065046805,-0.5495451317933807,-0.679506733888308,3.558943447894171,3.230193471320727
0.0,0.0,0.6,0.5,1.0,0.9,0.9108256630883731,0.2164010239277163,0.19926689050351848,1.8172207293486058,1.8160014541988696
0.6,0.0,0.2,0.6,0.0,1.0,1.0953532186368389,0.00909682990033582,0.035073150164956324,1.2976651037394626,1.0089852153828813
0.1,0.0,0.6,0.5,0.8,0.0,-0.05920210667360702,0.985255999009897,0.8831830128789071,1.9344361622501967,1.8560833853065672
0.7,0.0,0.3,0.9,0.3,0.7,1.0913397974620347,-0.009969858173206225,-0.30900163196705543,2.3478108198467473,2.239691330732289
0.1,0.6,0.5,0.1,0.2,0.2,-0.3319416098564364,1.234374189898609,1.3006347736556407,0.9530745800337802,0.5339686630768199
0.0,0.3,0.5,0.8,0.3,0.8,-0.4148016146101669,1.380115520236959,1.1871328574916877,0.7916942298584146,0.6324093779139512
0.6,0.9,0.5,0.8,1.0,0.5,0.18275790094674382,0.7370065280010772,0.6501232952349407,4.130411198818749,4.0584516492506415
0.4,0.9,0.0,0.1,0.6,0.1,0.9452289914090651,0.07273556425329666,-0.03337790073611628,2.6621648391483057,2.530629535359031
0.0,0.0,0.0,0.7,0.8,1.0,0.4503023121946973,0.7490233781591777,0.552067079679204,2.0980241064317897,2.065255674554242
0.6,0.4,0.0,0.0,0.0,0.0,0.21328719261934076,0.657541181299967,0.4627151219708684,0.9207802602564318,0.6600989041840356
1.0,0.8,0.7,0.5,1.0,0.4,-0.11213251324503043,1.141009162312192,1.0579719861650758,3.6382967277262277,3.3872846621027057
0.8,0.9,1.0,0.6,0.3,0.7,0.6083274130033636,0.533941649421528,0.02328263021984689,3.5468748469686813,3.4656731950691237
0.1,0.3,0.2,0.5,0.2,0.2,-0.18343040087615717,1.341169990459133,1.2785807679763983,0.06703276867442987,-0.21370653643915816
0.8,0.5,0.4,0.9,0.9,0.7,1.4109546094078054,-0.260096429355856,-0.42006056074231957,4.308324794608895,4.255694729476985
1.0,0.5,0.7,0.9,1.0,0.7,0.3745661887295571,0.44663056211900876,0.4708145104390091,5.3089104552853765,5.023735552795453
0.6,0.4,0.4,0.1,0.8,0.6,2.23712158549243,-1.277233230426226,-1.4858001919954504,1.6491225045177471,1.4186904969758882
0.2,0.2,1.0,0.3,0.1,0.1,-0.4278709824874209,1.2598269235616846,1.2297069257984605,1.2202218148705841,0.61119664890943
0.6,1.0,0.5,0.2,0.5,0.0,0.7441607870311482,-0.040944840278251904,0.12360572046784017,3.037520603748533,2.7086281653552393
0.0,0.5,0.6,0.9,0.5,0.3,-1.8384292445790291,2.5906171206131927,2.4736919660625674,3.2295063327563764,3.147219615262569
0.7,1.0,0.5,0.4,0.8,0.1,0.7089160092735879,0.5756934182819525,0.08939854413633125,3.9323875187272943,3.5131714904593156
0.8,0.5,1.0,1.0,0.4,0.0,-0.869582215399272,1.910326029455187,1.895167560113276,4.9793164139873305,4.692551821116004
0.9,0.9,0.8,0.2,0.0,0.3,-0.33183717815512537,1.2851858947524613,1.4287740603072385,3.0164374463667403,2.7975050842547624
0.7,0.9,0.1,1.0,1.0,0.2,-0.000706614332814031,0.9858072656150113,1.0818050808869406,5.366349212282347,5.255045214402769
0.9,0.7,0.5,0.4,0.7,0.2,-0.2800591583436767,1.4439498645820392,1.3940430263578962,2.53671154404738,2.298681993145652
0.9,0.2,0.6,0.6,0.3,0.8,-0.10736017881324911,1.0320504218249524,1.1135661480713908,2.2496642648879424,1.8365152358256682
0.3,0.4,0.4,0.0,0.4,0.8,2.863733996536367,-1.777522588832045,-2.0040215330664406,0.4310848155041095,0.07199095692498209
0.2,0.3,0.9,0.1,0.7,0.2,1.5268117625334474,-0.3355384293202173,-0.6185300724888037,1.356361198578736,1.057839878615901
1.0,0.2,0.3,0.2,0.3,0.1,-0.18745889420714495,1.3558345388586484,1.0968163809007452,1.9072607621889512,1.8931423290947673
0.5,0.8,1.0,1.0,0.7,0.0,-0.2262814654571172,1.1678111277116507,1.0897932666013816,4.561961273750813,4.483343495459071
1.0,0.6,0.8,1.0,1.0,0.2,-0.8399155965137725,1.6193560323228944,1.4987963530410247,5.889453519665096,5.630246239463983
0.4,0.8,0.3,0.1,0.5,1.0,3.0682632021144456,-2.3342060227345445,-2.2208522102956216,1.1750518643566912,1.048222807268058
0.1,0.1,0.6,0.5,0.1,0.6,-0.2725280482229855,1.3282701654330593,1.2554609917232538,1.1525422439474393,0.9031892580739387
0.1,0.6,0.9,0.0,0.0,0.0,0.715204402953997,0.20596674830750017,0.20431428493371892,1.2937353632466508,1.196569872364367
0.2,0.0,0.5,0.3,0.3,0.3,-0.16129593162445344,1.3840409298867558,1.1970449200380313,0.37387024584418277,0.29865376919944403
0.1,0.8,0.2,0.7,1.0,0.4,0.5025008122425123,0.26752599605967436,0.1988199824551225,2.6347101046335366,2.4306339864660518
0.6,1.0,0.5,1.0,0.2,0.0,-0.7518902529291377,1.7818441304708132,1.7331363767603472,4.3338210786452995,4.171463662933962
0.8,0.3,1.0,0.4,0.1,0.4,-0.7407390365466568,1.8425439720971393,1.6704455100201792,1.2198414751755704,1.1676196954058773
0.3,0.7,0.1,0.5,0.5,1.0,2.32048178741818,-1.3588444057519973,-1.1444712707453253,1.139541999963841,1.0862245625923284
0.5,0.1,1.0,0.1,0.2,0.1,-0.6515001182943944,1.518525851708391,1.3786961059438712,1.694652989795195,1.5526155973215312
0.0,0.2,0.3,0.3,0.7,0.9,2.144525388480642,-0.8630403946903268,-0.8711314520666893,1.3846163686613198,1.1340256179854322
0.7,0.7,0.2,0.1,0.6,0.8,3.4291104561962054,-2.493505476501924,-2.6236046493929677,1.6856628920004222,1.4653601030662926
0.6,0.3,0.0,0.6,0.2,0.4,-0.7976964342951284,1.8170654286887822,1.657758388893018,0.5953746156531308,0.7135489431875514
0.2,0.4,0.4,0.5,0.3,0.6,1.2183849777564781,-0.12125479677877996,-0.4340581064653509,0.5551312579846244,0.39033243498710046
0.5,0.7,0.8,0.2,0.6,0.9,2.9778810009469607,-1.7441090674481243,-1.9659618290172034,1.5891417351077939,1.6265256212903623
0.4,0.4,0.9,1.0,0.1,0.2,-1.204530623432974,1.974564117018005,1.9275911582188512,2.826660141245191,2.627844214777212
0.4,0.3,1.0,0.3,0.3,0.8,1.360159893650772,-0.43652755132188825,-0.4435344204847745,0.4021325327652692,0.5829928484808581
0.9,0.4,0.4,0.7,0.8,0.3,-0.4702136593925613,1.482299064651674,1.5457075165380774,3.464828337918784,3.0792462825381417
0.0,0.6,0.3,1.0,0.0,0.2,-1.3654012001283438,2.150662193556187,2.1214808833649026,2.5895810823514536,2.513049897136989
0.6,0.0,0.2,0.7,0.0,0.6,0.30491992576529114,0.6427741896779177,0.5904536652839885,1.3733552065616181,1.1076187534838897
0.1,0.1,0.9,1.0,0.5,0.7,0.6097750536530991,0.5235991123118648,0.3592667195549134,3.6452078635751732,3.4296708582093576
0.9,0.2,0.4,0.5,0.2,0.7,0.3134615453692946,0.9884075123500196,0.8032351193366243,1.7089826188905188,1.4722881716095575
0.9,0.3,0.9,0.7,0.6,0.2,-0.6942320291481869,1.916783812178626,1.6420067294590228,3.120541684211372,2.5829274874838015
0.9,0.5,0.1,0.5,1.0,0.7,1.1875777376606986,-0.2833114655422589,-0.3186743574643375,3.8475313800947877,3.518346898106423
0.4,0.5,0.2,0.5,0.9,0.3,0.7471524434640049,0.1795767090516252,-0.021450282954836725,2.5226517666806734,2.571987816930827
0.1,0.7,0.0,0.8,1.0,0.2,-0.273231706919348,1.2623453496376809,1.1746181870517387,2.5744611128307264,2.4294126879769165
1.0,0.1,0.4,0.6,0.9,0.2,-1.118554858518327,1.9034470690531335,2.020781388017804,3.952310627295114,3.668614756144798
0.0,0.9,0.3,0.0,0.0,0.2,0.31036683913415414,0.9117469248757938,0.860512483109271,1.5844339476624538,1.276065134417074
0.7,0.6,0.4,0.0,0.1,0.7,2.16407977601254,-1.2648171899290694,-1.3593690955859883,1.340695515218821,1.182999922744914
0.5,0.1,0.5,0.6,0.0,0.6,-0.5565188394408913,1.6287613036466682,1.4145949480382307,1.5397169188398478,1.318274284045936
0.0,0.3,0.7,0.7,0.8,0.2,-0.9395488128797949,1.9008888489602345,1.5319730128314073,1.8220391779281808,1.6723263672939286
0.3,0.1,0.8,1.0,0.9,0.6,1.4196564224045523,-0.3766455148018649,-0.6059051239793192,4.28405468456527,4.04689090248188
0.3,0.5,0.9,0.7,0.3,0.6,1.0868575842569796,-0.266298655074633,-0.3772050066254238,2.5650731511273097,2.300545214145207
0.1,0.5,0.5,1.0,0.2,1.0,0.0729818361927968,1.1080214444635847,0.9447570529572514,2.9914708116630675,2.702668852858692
0.7,1.0,0.8,0.9,0.7,0.8,2.303707075967535,-1.3125624730959784,-1.0324079563569901,5.11044787128956,5.1168029388271705
0.5,0.3,0.6,0.7,0.1,0.3,-1.5751554133174226,2.8076475998721238,2.5447364545416638,0.7510190451178694,0.5896737704045681
0.1,0.5,0.0,0.5,0.8,0.7,1.432082901053433,-0.44344024737687265,-0.4185784700347292,2.4436696411471632,2.2871942601910353
0.3,0.8,0.9,0.6,0.0,0.3,-0.06978155446508633,1.369434924122619,1.0131325959302768,1.7098781483372225,1.4430674350399877
0.7,0.8,0.2,0.1,0.9,0.2,1.8159355826743102,-0.7739209875427321,-0.9813227627587296,2.2804725124619027,2.2593501133375846
0.1,0.1,0.5,0.1,0.8,0.9,1.7391383499293138,-0.6491150573177286,-0.8201531614734199,2.002476494415319,1.6727143636824253
0.4,0.1,0.8,0.3,0.2,0.5,0.6518055678659191,0.3701044505324546,0.2094499357609934,1.4221346660679082,1.375749441118687
0.5,0.8,0.6,0.6,0.7,0.8,1.261605904669945,-0.2033354390661534,-0.7225217150045493,2.469994483493145,2.1079044499462025
0.2,0.8,0.4,0.4,0.8,0.6,2.512138638394866,-1.4300947380633802,-1.6109334575325664,1.9446906616506774,1.6075692169686082
0.3,0.3,0.5,1.0,0.3,0.7,0.48965024353038056,0.75802263928509,0.3415829444218569,1.6954806484621705,1.569124488267508
0.8,0.9,1.0,1.0,0.2,0.3,-1.6855572193786876,2.4888859868112836,2.480333667732717,4.8534717576888795,4.889967702746223
0.5,0.1,0.7,0.4,0.3,0.9,1.0795529657429621,0.0220360800221917,-0.16634786259927847,1.4655266530553097,1.3960833669859107
0.9,1.0,0.7,1.0,0.5,0.2,-1.1605173421424824,1.9143041775402687,2.0742032547938014,5.719820706072615,5.448514604861865
0.7,1.0,0.5,0.8,0.7,0.7,1.445661492717808,-0.3204364235333368,-0.650125232017022,4.390655891702515,4.189858326956493
0.0,0.5,0.1,1.0,0.0,0.2,-2.0203742187033975,3.0640886955097066,2.9642140019423224,2.9561103267530844,3.034856381827777
1.0,1.0,0.5,0.0,0.1,0.2,-0.9787388018325525,1.7594864148345601,1.8216124328891659,3.3823044174439936,2.8721560792371563
1.0,1.0,0.3,0.4,0.9,1.0,2.1011376960546975,-0.8605189176603609,-1.1962086939383456,4.515067341501347,4.266357243588605
0.3,0.9,0.6,0.0,0.9,0.4,1.5932121488324373,-0.6162870476248237,-0.5400366923823575,2.6638390770480926,2.6453647834291703
0.5,0.8,0.7,1.0,0.9,0.3,-0.3815398516356582,1.4101716595350358,1.3427878796394157,4.135905874957248,3.9892179131159144
0.6,0.1,0.3,0.1,0.1,0.2,0.3393528992347388,0.9109274104943968,0.7433734780467971,1.108249633103046,0.8710477407054931
0.9,0.9,0.1,0.0,0.1,0.2,-0.1710391526052421,1.1123303099299293,1.1739418856892112,2.5979964796961887,2.567927843853381
0.5,0.4,0.4,0.6,0.9,0.3,0.16719494253380515,0.7286615218365042,0.93182906684037,2.141574724956599,1.6757889737628588
0.2,0.9,0.4,0.9,0.9,0.2,0.44365710660998753,0.7169875574631522,0.6765076517022823,4.466119536130469,4.038351050176251
0.9,0.3,0.8,0.9,0.7,0.7,0.7231784154109575,0.10987581026466318,-0.12979388543990222,3.722947919808974,3.3437052109835186
0.8,0.0,0.4,0.3,0.7,0.9,2.2134360645868885,-1.1203118199169584,-1.3912136017668533,2.2870539194223225,1.9638167067343468
0.8,1.0,1.0,1.0,0.3,0.0,-0.7830361135790282,1.8241233976021776,1.8865181343015767,5.397524693337544,5.141150946286875
0.6,0.7,0.0,0.3,1.0,1.0,2.523394422498881,-1.3794886498696592,-1.3643604160795522,2.001141967435446,1.7618087163567446
0.8,0.8,0.1,0.3,0.9,0.7,2.3540554718763564,-1.572204971185367,-1.4992319421057476,2.7174472527549987,2.4800989153673894
1.0,0.9,0.5,0.4,0.0,0.5,-1.1142717704210376,2.2131730036571327,2.0005455344940155,3.0285385654754706,3.003059638961074
0.9,0.2,0.1,0.8,0.9,0.1,-0.751484488769887,2.0255612966109693,1.715116684414085,3.7225194025071975,3.6427631001472327
1.0,0.4,0.5,0.4,0.0,0.1,-1.7470039011435172,2.620595197779445,2.5770923498521827,1.7443409829360648,1.6115346422797021
0.8,0.4,1.0,1.0,0.3,0.3,-1.5322783027258216,2.3376558868207526,2.549427625237126,3.7635202063082676,3.5544890755188607
0.9,0.7,0.4,0.8,0.9,0.7,1.0935217626329534,-0.16306686826034428,-0.3097605031882268,3.508304626447059,3.300358728189342
0.1,1.0,0.6,0.8,0.8,0.5,0.2244392731231819,0.9755211875785249,0.8474107353835636,3.926184567301508,3.702680587806833
0.7,0.8,0.4,0.7,0.8,0.7,2.0241833388475907,-1.242584467131751,-1.0392583995117088,2.948700469830256,2.623027152055141
0.1,0.9,1.0,0.0,0.9,0.8,2.316767417441248,-1.4104642235678369,-1.3975477194122747,3.1817516414600933,3.0728349644674173
0.4,0.6,0.0,0.0,0.9,0.9,3.0979713473991004,-2.0598884374882314,-1.943147590009931,2.210693566862475,1.8825638757236975
0.3,0.5,0.6,0.0,0.4,1.0,2.253762227386614,-1.3474041132200065,-1.3452078281021556,1.467589772200775,1.0960910886600483
0.8,0.8,0.5,0.3,0.7,0.6,1.4457550949609,-0.6826533550610077,-0.689201008727028,2.551074400475108,2.231536928430239
0.6,0.3,0.5,0.0,0.0,0.8,1.3375147333402888,-0.27604407185100616,-0.5155772755477935,-0.0408259548184018,-0.26437051507054543
0.5,0.2,0.2,0.0,0.6,0.5,1.7296347237687937,-0.7869152763389565,-0.7880365836734721,1.2607300855858812,1.13018046097509
0.7,0.3,0.0,0.1,0.3,1.0,1.8327799611579085,-0.8094041908438913,-1.1294137480062238,0.28254457707002395,0.2539962837559734
0.8,0.3,0.9,0.4,0.4,0.5,0.596214334361681,0.2755364821906001,-0.05407113879605935,1.2363320250278018,1.0735529292855637
0.5,0.3,0.3,0.0,0.3,0.1,1.195514063200478,-0.04975339294127274,-0.22900962998774893,0.13595642097819888,-0.06990654565029794
0.7,0.7,0.6,0.0,1.0,0.8,2.8184884591936052,-2.0627139134416828,-1.9588267833377417,1.9401917644970603,1.8802199873949144
0.5,0.4,0.7,1.0,0.0,0.1,-1.6476558320748989,2.3505550162425215,2.348187571006091,2.7704525230050945,2.6140107501146437
0.2,0.6,0.5,0.8,0.7,0.2,-0.09619194345237009,0.9827859674347741,1.12670348448577,3.0793961779179684,2.9411090624198066
0.3,0.0,0.5,0.3,0.7,0.5,1.207484585201638,-0.1788685334142476,-0.3428084476550967,1.3987449684338973,1.3475080375383444
0.3,1.0,1.0,0.5,0.7,0.0,0.9732419791323161,0.0591146714214924,-0.06370466264508415,4.167874415394579,3.764240102988009
0.6,0.7,0.5,0.2,0.2,0.2,-0.24524462874767664,1.0194167926714837,0.8202991062436737,0.6823432950337691,0.5874265386224145
0.1,0.8,0.4,0.1,0.9,0.3,1.2340464102938165,-0.12023327075284794,-0.2823410085918894,1.4972444365676612,1.3595459081874948
0.3,0.6,0.4,0.6,0.0,0.8,1.4856639303132777,-0.27689586616865014,-0.8242734721665468,1.3131213308903829,1.218810074353096
0.5,1.0,0.2,0.0,0.3,0.4,1.2797895250040938,-0.28966304559719847,-0.2083803644502319,1.8793832961607633,1.8522796570728173
0.8,0.3,0.4,0.4,0.3,0.5,0.3861672797016645,0.4920894311191868,0.4794198397109146,0.7457196909051287,0.5936342673050722
0.4,0.1,0.7,0.0,0.3,0.7,1.6329373667996685,-0.7365143361613842,-0.8875555364327584,1.1213575709406831,0.9497102445175818
0.1,0.0,0.8,1.0,0.4,0.9,0.9304034034277384,-0.04173520503790756,0.0017173392855167474,2.683949909930753,2.4172124227491594
0.8,0.9,0.1,0.0,0.2,0.0,0.7908234512562785,0.020916556425339905,-0.11578185997154422,2.779634080187737,2.340359375818869
0.0,0.1,0.4,0.7,0.3,0.2,-1.3835874788795703,2.654743840977019,2.56451296803975,1.7001160856793096,1.5053559525803415
0.5,0.4,0.1,0.5,0.2,0.5,-0.015447904450840867,1.0870673299978864,0.9080323324973517,0.886564165275812,0.5750708645427676
0.6,0.4,0.2,0.0,0.3,0.0,1.391973186157998,-0.2714561889246413,-0.545127398309105,0.9643501191452741,0.5708260473741908
0.1,0.9,0.8,0.7,0.7,0.2,0.17895301983952333,0.6779469031820882,0.8921963215888523,3.708059993318484,3.6762010856957406
0.9,0.4,0.1,0.1,0.6,0.1,0.36493997023181907,0.667924592837005,0.6075647036008472,2.5607824087210975,2.0446043436780457
0.7,0.7,0.7,0.6,0.5,0.5,0.9584909544920391,0.023718949489271664,0.04851763888610833,2.0448691875056757,1.8313507107107325
0.3,0.8,0.1,0.7,0.7,0.9,2.134848014117339,-1.3053783198445588,-1.4418286858599327,2.562915420135134,2.0958720639483652
0.2,0.0,0.4,0.4,0.3,0.3,-0.04831525651960761,0.9305843657032027,0.8878915908115924,0.5191155260907799,0.3278002205007641
0.6,0.8,0.3,0.2,0.7,0.8,3.1646295448116897,-2.362342360958136,-2.2728784031103344,2.0951714940645907,1.7514705518595879
0.6,0.1,0.4,1.0,0.8,0.6,0.6288646612274112,0.397127817337339,0.17089159521378502,4.319354712572469,4.14268566321739
0.0,0.8,0.2,0.3,0.3,0.8,1.733155752052852,-0.7063207877210528,-0.827328121504445,0.6428424038324714,0.6319526489417322
0.3,0.7,0.0,0.9,0.4,0.4,-0.01359924065794857,1.012026259412247,1.0038394338558811,2.021127785748819,1.8958602159976568
1.0,0.9,0.9,0.3,0.7,0.5,0.5540318627424506,0.31361855080290385,0.26422096803022677,4.425845595505156,4.3283129232173625
0.6,0.4,0.9,0.0,0.3,0.9,2.4489465537087582,-1.309433374981954,-1.2296311785075669,1.2269709766588743,0.9541601444978695
0.1,0.4,0.2,0.0,0.5,0.4,1.2234420443032827,-0.329482051319675,-0.37153622502730965,0.7798382461453055,0.5723831552236556
0.3,0.8,0.6,0.9,0.5,0.4,-0.3075247031258248,1.328345162865545,1.0998412255485543,2.65328476943258,2.3891176793263456
0.5,0.8,0.1,0.4,1.0,1.0,2.1532829977656434,-1.064870820849847,-1.1787238148150527,2.162274977932003,2.220353841618713
0.2,0.7,0.6,0.1,0.9,0.6,2.5968365348462563,-1.4417981308983219,-1.7024019362485838,1.3634006264853047,1.3132154935989089
0.0,0.8,0.9,0.4,0.1,0.9,0.9846512230956702,0.12328186264856822,-0.10399488074242721,1.3536908626260655,0.8395250276753972
0.9,0.3,0.4,0.1,1.0,0.6,1.7044209334985772,-0.6725589315547504,-0.9466581275586712,1.8934015314002304,1.7712457090906293
0.3,0.3,0.2,0.0,0.8,0.6,3.1057602144403145,-2.258995190334415,-2.4367859762272293,0.7291628526202445,0.7448285353399924
0.8,0.2,0.1,0.6,0.9,0.9,1.5404226067301683,-0.6967910283628675,-0.4918371005557819,3.137691643462921,2.6750144195626753
1.0,1.0,1.0,0.9,0.8,1.0,0.10901937093281837,0.8405855070033661,0.5618622374279677,6.491643229559351,6.075844818977586
0.1,0.8,0.3,0.5,0.0,0.8,1.3421938175160504,-0.5960961364890394,-0.5431046507901137,0.777612897348762,0.6583483869778496
0.3,0.3,0.0,0.4,0.6,0.6,1.7465582074646122,-0.6585232461526446,-0.7274910269604627,0.9091083454930878,0.7989935271304911
0.4,1.0,1.0,0.9,0.3,0.1,-0.8358997411002398,1.821083904669812,1.7545902440210026,3.9882019035945193,3.9084907047990907
0.1,0.1,0.8,0.3,0.3,0.6,1.1166844177985487,-0.031872010878490134,-0.31254543762408993,1.0740382838261926,0.9855377777812686
0.5,0.2,0.6,1.0,0.4,0.0,-1.0922074363259562,2.351805354481022,1.9324799192162145,3.0617349381890637,3.07693992868586
0.0,0.0,0.5,0.1,0.8,0.1,-0.20484011564535068,0.7936964516017655,1.2223008156779795,1.496469126113686,1.1962045641331889
0.1,0.5,0.3,0.1,0.1,0.6,1.7093702343628825,-0.8589323557207175,-0.8174824463227599,0.9948488970171052,0.7239794493941527
0.0,0.6,0.9,1.0,0.3,0.6,-0.08592359151613546,0.9598768061357666,1.0148932092152037,3.128219782176768,2.9763874086139777
0.2,0.3,0.5,0.8,0.7,0.2,-0.31593567069608086,1.3471959573446102,1.3514968405265364,1.7737972866344909,1.788713188382128
0.1,0.5,0.2,0.6,0.2,0.5,0.46744183869573264,0.7884461465149267,0.5888286885216302,1.4954076012190503,1.25354436168903
0.5,0.4,0.5,0.5,0.3,0.5,-0.2912171916630893,1.299251630409982,1.0921764617036749,0.8016713055148805,0.6297826305990257
1.0,0.4,0.2,0.9,0.4,0.5,-0.6175307508949941,1.7716974495567697,1.577508566603083,3.439150100225324,3.114208623176317
0.3,1.0,1.0,0.5,0.0,0.4,-0.40491476468711735,1.236620397722994,1.2694477730341207,2.654763256311873,2.362247676432105
0.4,0.6,0.5,0.4,0.8,0.5,0.8999873395212729,0.015360665004998456,0.09958570480295004,2.313782756763264,1.8565219687658592
0.6,0.9,0.1,0.4,0.5,0.9,1.8629122810243999,-0.8656548234826315,-1.0280656100127483,2.838581849926564,2.5716301960347594
0.9,1.0,0.1,1.0,0.3,0.8,0.3491321841864087,0.5005337446521864,0.682306304274627,4.7858626252552,4.670787839168981
0.4,0.6,0.3,1.0,0.2,0.2,-0.20276231768503275,1.2581940403349312,1.178613515013401,2.956210540800439,2.749958172701514
0.6,0.9,0.5,0.1,0.7,0.2,0.5507356067202023,0.48253562100458075,0.008440898592456503,3.163281386152613,2.9054843730392097
0.9,0.8,0.4,1.0,0.1,0.6,-0.3011131554662833,1.4908500541823748,1.1335472293574638,3.654016594036497,3.188602344025275
1.0,0.6,0.4,0.0,0.1,0.9,1.2939374046956738,-0.35735641859925815,-0.3004236449980099,2.0983153406739907,2.0809231549660145
0.6,0.3,0.4,0.1,0.8,0.3,1.1711573365679802,-0.04977067184949416,0.0710275043983652,1.1664258527414224,0.9009000820129003
0.7,0.2,1.0,0.5,0.6,0.8,1.429261392722947,-0.39848567584182354,-0.3507090232647705,2.7829476921857292,2.5808843004100543
0.8,0.9,1.0,0.7,0.2,1.0,0.3520422223640833,0.6588543479966869,0.2728736431887428,3.7130545233863614,3.5290839789150743
1.0,0.1,0.9,0.4,0.1,0.3,-1.5510475249986173,2.731299284324122,2.585312935067519,2.9383051410184295,2.6206329388132623
0.4,0.0,0.6,0.7,0.4,1.0,0.377238830826184,0.49971720931241265,0.4704202190825173,1.5953845178829777,0.9739808523966672
0.9,0.5,0.5,0.8,0.2,0.4,-1.8178477957484138,2.695176138607744,2.6915671855481,3.277106777111784,3.1698473539542236
0.3,0.3,1.0,0.9,0.7,0.8,1.4065300301625787,-0.25551145430865746,-0.5206537526447688,2.9800660808404813,2.6781251213519717
0.4,0.3,0.9,0.5,0.0,0.5,0.06545519100913999,0.9209929180984476,0.791705646005253,0.4675243379860159,0.26972573630397695
0.7,0.0,0.8,0.0,0.3,0.9,2.5480370481934567,-1.4018920966878665,-1.552200030979709,1.4875648865705529,0.9230460513160368
0.1,0.1,0.9,0.8,0.8,1.0,1.0819059134160594,-0.1408633694454735,-0.16440019761816885,3.602449683851955,3.312895230902165
1.0,0.2,0.7,0.1,0.9,0.2,-0.192623493051914,1.086277335777455,0.9612475170368586,3.2657257916447047,2.79406916891919
0.6,0.3,0.2,0.9,0.3,0.0,-0.1265115341726788,0.956223453128602,0.9820008158384732,2.2332235132803784,1.8070748786996582
1.0,0.2,0.1,0.8,0.0,0.3,-2.4159809032463477,3.448662428391352,3.3666120105361412,2.89478753248317,2.8353426511625464
0.3,0.8,1.0,0.1,1.0,0.3,1.429993866311642,-0.3549820312157317,-0.43280001872148843,2.507897166541718,1.9657256489042951
0.5,0.9,0.7,0.3,0.0,0.7,0.9510906416951891,-0.0325664490556933,-0.0973763641979476,1.8462562146115935,1.9073931074445736
0.8,0.3,0.9,0.1,0.9,0.8,2.857185220271777,-1.6018691960651699,-1.8685571891948243,2.025350995845233,1.9001339035020275
0.4,0.5,1.0,0.0,0.3,0.3,0.09372565694325942,0.8338284588098026,0.8041924749177338,1.797557752527918,1.6423438487772517
0.9,0.1,0.9,0.8,0.4,0.3,-1.4397488933334583,2.544025506438115,2.4600264444044773,3.7335251482378333,3.5297494085125276
0.4,0.9,0.3,0.8,0.5,1.0,1.9514185687179926,-0.6700597302666573,-0.8926257155807646,3.578817451818649,3.24890055429655
0.6,0.9,1.0,1.0,0.9,1.0,0.837062267129611,-0.029287282315971115,0.05696200171475363,5.730691964209058,5.607401986300664
0.6,0.8,0.3,0.2,0.6,0.4,1.533690225646662,-0.4748324619428752,-0.7092834623876524,1.8752331638548585,1.710871832148376
0.8,0.7,0.2,0.2,0.7,0.4,1.7390576951147505,-0.8230123490926482,-0.8099963097221244,2.203471860877498,1.708696545493632
0.1,0.0,0.6,1.0,0.5,0.7,0.04239778663943862,0.8308198246051034,0.8899755038662833,2.6354968584668583,2.433470038498827
0.3,0.1,0.8,0.2,0.4,0.7,2.5563621668987655,-1.4084767267235068,-1.4563419822954364,1.2544671162180208,1.117594432627308
0.7,0.6,0.7,0.5,0.6,0.3,0.4586409031424048,0.45151537371126804,0.3850592754898609,2.84333743676856,2.739721425798417
0.0,0.5,0.3,0.6,1.0,0.7,1.6839325379759071,-0.686171533724648,-0.7143870250202332,2.635122314494637,2.42658763668533
0.7,0.1,1.0,1.0,0.1,0.8,-0.21972784679495308,1.0707071742960057,0.9572152964469585,3.929411382702918,3.7261188617494008
0.6,0.4,0.7,0.9,0.1,0.5,-0.4146338126045018,1.5245161740751154,1.360691983773281,2.1601053662393612,2.221620834320764
0.5,0.1,0.1,0.1,0.0,0.6,0.6410848773679441,0.2855731289220539,0.31949269641729083,0.8890145700693863,0.8556089898417826
0.1,0.5,0.5,0.6,0.3,0.2,-1.2797430301175545,2.1181010106280236,1.97985324669241,1.6355528696698165,1.5696486964087542
0.2,0.4,0.2,0.1,0.9,1.0,3.464690570090438,-2.4707317928315504,-2.4742778243110446,1.2795055871383807,1.054050603123032
1.0,0.9,0.1,0.9,0.1,0.3,-2.105193969885016,2.9367848874626574,3.1283295532139612,4.604927545937603,4.4801120420326015
0.1,0.9,0.8,0.1,0.7,0.1,1.2994951538200699,-0.4274453875146953,-0.3168056327918997,2.90404301738836,2.9815615696470052
1.0,0.5,1.0,0.8,0.7,0.5,-0.9919945968560839,1.8231536621058584,1.8555051662445932,5.023312932446506,5.121271657386884
0.3,1.0,0.4,1.0,0.0,0.7,0.8517400214963816,-0.002909799865044596,0.027589706959357953,3.399998320974361,3.674182413134507
0.0,0.7,0.7,0.7,0.7,0.9,1.2205314674012901,-0.298718228110073,-0.4223796266431916,2.174013190752392,1.9768572123056933
0.3,0.2,0.2,1.0,0.3,0.6,1.3093767889719163,0.11393700932143791,-0.005055282553967064,2.385128487252139,2.0499291091405385
0.2,0.1,0.0,0.4,0.4,1.0,1.2050017333449108,-0.3252722897260658,-0.3819254171641888,1.2895564111926294,1.114687290406431
0.9,0.0,0.1,0.4,0.9,0.4,-0.32836793436912914,1.144915284891031,1.0143376318102186,2.541564933129024,2.485628193617422
0.9,1.0,0.0,0.0,0.1,1.0,1.2242003763236762,0.030911617936855817,-0.10243303278306623,2.729507510233673,2.533069439358442
0.5,0.1,0.2,0.7,0.3,0.6,0.41489687425112504,0.4820537313508399,0.38336250330313654,1.823549748970436,1.6215212648342623
0.1,0.1,0.0,0.3,0.7,0.5,0.49398297779579353,0.46945749506635925,0.30738063771109325,2.1203666062500126,1.7129833696238994
0.6,0.4,0.9,1.0,0.5,0.8,1.178494539662367,-0.0463487948907971,-0.3579136320210724,3.47746706419702,3.3649135814578863
0.2,0.5,0.6,0.1,0.8,0.9,2.794582699153841,-1.4546543106734044,-1.7659107093439446,2.3315274346804133,1.993782235250126
0.9,0.3,0.3,0.6,0.4,0.7,1.0549996116098066,0.10214919688984202,0.02017048302505345,1.5757748229647557,1.3970116413347962
0.1,0.3,0.4,0.2,1.0,0.5,1.3708914523742646,-0.31394594837990203,-0.3414469209489238,0.7516870794522514,0.5318679664735702
0.8,0.7,0.5,0.0,0.7,0.7,2.469538951866104,-1.5581085864086262,-1.5164191558290119,1.885055204563347,1.6908974215800046
0.0,0.1,0.6,0.4,0.9,1.0,0.6847266795332473,0.3907176701581952,0.27207104141284344,2.155067124417677,2.0444231907173065
0.2,0.3,0.6,0.2,0.0,0.5,0.20333211664909318,0.7549117303881085,0.6741318841986255,-0.4035353813585865,-0.509859702325195
0.4,0.5,0.0,0.5,0.0,0.0,-0.5477822188266819,1.3777505093078368,1.6172159249743476,2.0598548733242223,1.7671999049799252
0.4,0.7,0.6,1.0,0.7,0.6,0.8337178286810254,-0.009847578866597206,0.1542520695896254,3.433851082233396,3.216150957077432
0.9,0.4,0.7,0.8,0.4,0.1,-1.1186235474343749,2.085314048645184,2.2424300402630135,2.950097050123097,2.894945363522326
0.9,0.6,0.8,0.0,0.1,0.2,0.23130591714694973,0.9467827778248505,0.6038118041459419,2.387770364161981,2.1018416469752363
0.4,0.3,0.4,0.5,0.1,0.1,-0.25571752000167214,1.3531800091224473,1.182494578040831,0.38180166446543634,0.1853024731649526
0.6,0.9,0.9,0.8,0.4,0.7,0.902173854262341,0.04298095284278855,-0.24011775615989012,3.842558917825161,3.589610672301259
0.8,0.5,0.6,0.9,0.9,0.9,1.1923467131557006,-0.14597722502709676,0.05617576053687673,4.669447497113958,4.421627041458235
0.3,0.8,1.0,0.0,1.0,0.4,1.6608200867284304,-0.5970096079975894,-0.8178925258469104,2.4085436984590727,2.2258486232902976
1.0,0.7,0.6,0.4,0.2,0.4,-1.2390289213900392,2.160336634554499,1.9889971526864012,1.8290899958604612,1.6351949656224758
0.7,0.4,0.9,1.0,0.9,0.7,1.5646559891707537,-0.4829674443969153,-0.7750661687844386,4.1851699345269475,4.1827858904141015
0.7,0.3,0.8,0.3,0.4,0.8,2.0466391662136134,-1.2944707853389292,-1.4216075464507452,1.0033296505013303,0.6399992058992344
0.3,0.4,0.1,0.3,1.0,0.3,1.0340688701745864,-0.12724174710441455,-0.36665992178804885,1.583004516276688,1.241659429761942
0.5,0.1,0.1,0.8,0.7,0.6,0.5313519088382033,0.408723194734187,0.43553882399439836,3.2549038995076294,2.985207572490075
0.9,0.2,0.6,0.9,0.4,0.4,-1.9844902687694266,2.9245512217344087,2.870221726143395,3.167115871966467,3.039571334894338
0.0,0.4,0.9,0.9,0.6,0.9,0.6397204296483379,0.27646719799425334,0.21062656270097668,3.0301663715404423,2.7497374949977282
0.1,0.3,1.0,0.2,0.9,0.0,0.712027314288543,0.3006274115186024,0.18228797161092802,1.5461203973135318,1.5017966851745073
0.1,0.6,0.5,1.0,0.9,0.4,-0.5174075181036242,1.5680611559817426,1.4462479906480106,3.8880804716837476,3.845602682468413
0.0,0.0,1.0,0.3,1.0,0.3,-0.5545450588814923,1.6809402227963153,1.5844980326441767,2.1090959759508046,1.9624220350608192
0.9,0.9,1.0,0.6,1.0,0.3,-0.6519208398958612,1.7632398380895562,1.674784293940953,4.8749531358465825,4.820193129308758
0.2,1.0,0.8,0.5,0.9,0.1,1.2021962681764942,-0.36073311539840286,-0.476921756865586,3.821781716443374,3.5780524246917995
0.0,1.0,0.5,0.0,0.8,0.0,0.7652017930116859,0.265532012646677,0.11611641971377137,3.1198829080178356,2.8745091853908367
0.4,0.9,0.6,0.5,0.0,0.7,0.7639765406198056,0.49207736110849626,0.4733778273543211,2.252751984686175,1.9000351028316484
0.5,0.8,0.4,1.0,0.8,0.6,1.0881560123932623,-0.2508843471398825,-0.3331964228914688,3.9834132087317085,3.553585718282377
0.9,1.0,0.1,1.0,0.9,0.1,-0.508986089890831,1.6123825442629867,1.542603606997462,6.026946875275438,5.864032169786766
0.3,0.6,0.2,0.8,0.0,0.6,0.8764512144729384,-0.14701377588560183,-0.1371369764209223,1.9110052342739159,1.706868649403658
0.9,0.1,0.8,0.3,0.1,0.1,-0.638809112681384,1.631895096558599,1.7281324151412187,2.475310093627571,2.305308510880763
0.9,0.9,0.2,0.4,0.1,1.0,1.1247803050458172,-0.0732366393406877,-0.13609297429203504,2.8156845765459937,2.8770337211004344
0.5,0.3,0.3,0.1,1.0,0.2,1.4640769969974228,-0.2467970183817769,-0.44116981062703753,1.0933896505050849,0.7899943888899346
0.4,0.4,0.9,0.8,0.7,0.7,1.5783408053793286,-0.5433646866803996,-0.7253523924357185,2.92750364140838,2.7911882179934375
1.0,0.5,0.9,0.8,0.0,0.2,-1.89888287481662,2.9510002928437844,3.051700027712509,4.0402952701904,3.7795253536392295
0.5,0.0,0.5,0.9,0.0,0.8,-0.46794886201373126,1.5123025126817953,1.3313563624644709,1.682743547272766,1.705217133724674
1.0,1.0,1.0,0.7,0.4,0.9,0.19031075382649143,1.0821268136514037,1.014255898191637,4.679928828916089,4.508685779858762
0.7,0.0,0.5,0.0,0.9,0.9,2.5423960875103666,-1.4961698627116085,-1.7116333608091132,1.9074849018881388,1.5347980347689953
0.7,0.5,0.0,0.3,0.8,0.5,1.4624977799946033,-0.22677105060498975,-0.3817752509675641,2.8594018063771434,2.6291352795530525
0.9,0.9,0.4,1.0,0.6,0.4,-0.9136958124239317,1.8360127190558708,1.575854078399117,5.369818945046427,5.2418931063052385
0.2,0.3,0.3,0.3,0.7,0.5,2.002821017543925,-1.1207647608804319,-1.2762193528307377,0.7629878180085204,0.5579899670302071
0.9,0.0,0.2,0.8,0.5,0.7,0.6418494667269884,0.18383357378863233,0.1520965281341062,2.8344462605558265,2.7046076846569984
0.3,0.5,0.8,1.0,0.6,0.2,0.28975008191344076,0.7226996361587621,0.5364248559709466,4.5095850118758545,4.298379212313978
0.2,0.4,0.4,0.5,0.6,0.4,0.7220278144292166,0.31367681622030646,0.13909820350192348,1.408158428311934,1.1989799734101028
0.7,0.8,0.8,0.6,0.5,0.7,2.076674378104655,-1.0507330172447447,-1.3268488900272652,2.567801571388645,2.461302498386127
0.8,1.0,0.4,0.5,0.8,0.0,1.0626035628434676,-0.0835639405182663,-0.1976972120255923,4.250550682339574,3.857328220153082
0.0,0.2,1.0,0.2,0.8,0.6,0.7237044039367495,0.2076307625000853,0.18673644659596422,2.0270194158714023,1.699262452841846
0.0,0.4,0.4,0.5,0.6,0.3,-0.4208072096792396,1.447022685219801,1.4452139109988185,1.3744866867419732,1.2494942193315708
0.3,0.2,0.1,0.0,0.7,0.7,2.917331261758325,-1.8732263184651183,-1.9083578827078722,1.3989245299769495,1.3795451754619423
0.3,0.5,0.7,0.3,0.8,0.8,2.9324638233867084,-1.7691600712942257,-1.9063251506707524,2.472807839479779,2.3552297976944856
0.9,0.0,0.6,0.4,0.2,0.6,-0.45960992558643843,1.450332426379471,1.166108728896374,1.5937853759694138,1.2569119791967005
0.9,0.5,0.3,1.0,0.5,0.1,-0.4254631208719672,1.6042211609735533,1.646299830464176,4.7298905554440696,4.690317985441009
1.0,0.8,1.0,0.9,0.4,0.6,-0.729284461897891,1.6302046169964584,1.6492237221213066,4.091762373783101,3.9625788972145197
0.6,0.4,0.1,0.5,0.6,0.3,0.08278708755123912,1.0776231251368467,0.9555146736417229,2.0163898049930378,1.742213921364745
0.5,0.2,1.0,0.8,0.8,0.7,0.5890822178915991,0.5140981456202793,0.49186597370244195,3.3927556961773044,3.1424468109850863
0.7,0.5,0.6,0.1,0.1,0.9,1.6694118441357535,-0.5379555184447393,-0.7516243220423761,1.8262643839318082,1.4500747856959806
0.9,0.1,0.6,0.3,0.5,1.0,0.6285419918089782,0.24797155240467786,0.23153439741003,2.634626199514956,2.360181824168231
0.9,0.5,0.1,0.4,0.8,0.3,-0.21378320411384089,1.0743468490948467,0.8832498312174069,3.6039775447301143,3.2743793670734536
0.0,0.0,0.6,0.4,1.0,1.0,0.8471880958982438,0.23536911228148136,0.12665538336001425,1.5759710177874435,1.3689671434933595
0.2,0.2,0.2,0.0,0.5,0.1,1.4750102004446033,-0.5982499111291976,-0.7497712395472818,0.9602330977199234,0.7351139409875729
0.4,0.4,0.4,0.2,0.5,0.0,1.1549779680397887,-0.1419964584874647,-0.27330909113193247,1.2379554134221202,1.0264071543936883
0.2,0.7,0.7,0.7,1.0,0.4,0.9667942222347901,0.12045409063140387,0.15987809934568303,2.36799484026124,2.072082407973869
0.1,0.2,0.9,0.4,0.9,0.0,0.6603865026101925,0.3303771417756795,0.20893748469579582,2.2878023546482016,2.1985073787537734
0.3,0.8,1.0,0.0,0.2,0.0,1.207815043668446,-0.07116941985407386,-0.1467866242861649,1.4236056804256256,1.2238793497492575
0.6,0.7,0.7,0.3,0.2,0.6,1.4471640016077716,-0.36203680609685296,-0.5980883214822901,0.6437118765530854,0.5992293750402102
0.8,0.0,0.9,0.2,0.8,0.7,2.2730846418502044,-1.0537076718654332,-1.3921859299565862,2.4948508966602803,2.4418558745014862
0.3,0.9,0.9,0.9,0.4,0.6,1.1923736606378452,-0.2605389615839142,-0.1889187882634757,3.6618123485955714,3.4195580126346266
0.5,0.5,0.5,0.7,0.0,0.5,-1.0252513606372298,1.9502685775904007,1.7567824471819842,1.9086537386556064,1.7189696413318354
0.4,0.3,0.5,0.8,1.0,1.0,0.9790683656937968,0.07142521489654144,-0.20478752205228867,1.9076744943586497,1.9782365692226025
0.5,0.7,1.0,0.9,0.6,0.9,0.9083889352934271,0.053438002250048425,-0.2563285598692516,3.3323520658938244,3.3073990664778963
0.9,0.9,0.4,0.8,0.1,0.2,-1.3965390861939437,2.475807743511006,2.3269782646869666,4.0027714500282965,3.450003365554131
0.2,0.6,0.5,0.2,0.4,0.4,0.5226585237974237,0.427577577082964,0.2697624541325401,1.0959962888930321,0.9422053928833968
0.0,0.5,0.7,0.0,0.1,0.9,1.3268973873621197,-0.28311471357261564,-0.4041636541932556,1.0178783192227856,1.132969178293839
0.1,0.7,0.4,0.9,0.0,0.1,-0.982462682830134,1.862971029940722,1.8862433141498816,1.7353160347982168,1.4429562365814297
0.3,0.1,0.6,0.1,1.0,0.3,0.8041732011253968,0.3959149743927097,0.01848044024322143,2.2165238028863667,1.9112486998830374
0.5,0.4,0.4,0.1,0.0,0.6,1.071731924631031,-0.17924024347747197,-0.07478614173787382,0.21704928265675222,0.06471214820864597
0.2,1.0,0.2,0.7,0.1,1.0,1.6690251171876906,-0.7366531350535106,-0.8492235699175269,2.4817097527798215,2.1655273668753554
0.4,0.2,0.8,0.7,0.6,0.9,1.720003068511347,-0.5765287159992739,-0.7040043972645479,2.500715306466061,2.1421641493672285
0.8,0.3,0.9,0.3,0.3,0.3,0.0014769488368197095,1.2200421864691946,1.0319328216472183,1.1691147386848841,0.9436308637540242
0.1,0.7,0.8,1.0,0.4,0.8,1.299007994068536,-0.30632468407468794,-0.5797264385103078,2.904878167358636,2.2560802236900104
0.4,1.0,0.0,0.8,0.5,0.0,-0.009190361612679582,1.087595241495836,0.7631102450150027,3.911122162313768,3.712382855646499
0.5,0.6,0.8,0.6,1.0,0.8,2.250550565643159,-1.146815960548489,-1.2735543013793948,3.1148482218030864,2.7532889605205146
1.0,0.9,1.0,0.5,0.3,0.8,0.05031418287650787,1.0988991360232054,0.7704286896847764,3.951001218101764,3.8798614193079612
1.0,0.9,1.0,0.5,0.7,0.1,-0.7136179512706259,1.8323113014706418,1.715487879074276,5.138410613411361,4.799521779199928
0.0,0.1,0.9,0.8,0.4,1.0,-0.05890480272329565,1.1198366449055552,0.8155330905990447,2.698328420839528,2.464413222154645
0.2,0.3,1.0,0.4,0.3,0.4,0.07645229289495462,1.1396287700173406,0.9755430777989131,0.5646125803087629,0.2845010064656344
0.2,0.1,0.4,0.4,0.2,0.5,0.5567561863128153,0.4597706452464734,0.3405101538748679,1.095702375223506,0.7476351834437185
0.1,0.1,0.0,0.4,0.0,0.6,-0.03651440961761508,1.059984315604363,1.0151409780973242,0.8827961193149079,0.7917308199601086
0.5,0.8,0.6,1.0,0.1,0.9,-0.01948146005530077,1.0663725844992984,1.0322627935859026,2.897282771049101,2.574549987113854
0.9,0.5,0.3,0.8,0.6,0.6,0.8740599708927633,0.23309100479407283,0.08798818741616446,4.064885854176044,3.7906356416147897
0.0,0.9,0.2,0.5,0.2,0.3,-0.627167047889203,1.6799434619696147,1.5842266556502278,2.0000912704293397,1.7165738653203497
0.9,0.8,0.2,0.2,1.0,0.6,2.1727560048701005,-1.1645329270289757,-1.213738790337771,2.7031908952815353,2.6515078819065145
0.3,1.0,0.4,0.2,0.3,0.9,2.6571597013365458,-1.7488575896325653,-1.7361951578728991,1.6442791904900314,1.5439524898354207
0.8,0.7,0.5,0.0,0.8,0.8,2.7414491109095005,-1.619053420246595,-1.850661423731146,1.9583649537803252,1.8379517944187476
0.0,0.1,0.0,0.4,0.4,0.2,-1.260984635478583,2.131110685199188,2.1597143791396713,1.1735683550588303,0.8961017382322218
0.6,0.9,0.6,0.9,0.4,0.6,0.21364577784094554,0.8694318348489465,0.6920324683397794,3.918243892441916,3.500276436916979
0.5,0.5,0.8,0.1,0.8,0.3,1.2334599347437842,-0.2547267297845283,-0.2670475347988181,2.8577433974829543,2.729325929601851
0.8,0.1,0.0,0.1,0.0,0.1,-0.27637577170284694,1.520977479368413,1.384136681732877,1.8919337477386318,1.5565128859496762
0.0,0.3,0.1,0.7,0.8,0.1,-0.7898989596118767,1.696059842004115,1.607311819945544,1.8577990076510822,1.5687901973642098
0.1,0.0,0.3,0.5,0.0,0.3,-0.6915192560557687,1.6678748394832854,1.6012827215896304,0.3317733929911124,0.2722403311708447
0.5,0.4,0.1,0.7,0.5,0.7,1.0030647246753412,0.06056467471365088,-0.07118985148959224,1.891629346815091,1.4461781811522654
0.8,0.6,1.0,0.8,0.3,0.0,-0.6105453928931658,1.6434454093281357,1.5009159274326804,3.6029233409646553,3.614378953720623
0.5,0.9,0.8,0.8,0.5,0.6,1.200038137512506,-0.019166038762978465,-0.10505228207692119,3.7918029372843423,3.58163575941401
0.3,0.8,0.9,0.4,0.3,0.6,1.8155663263975135,-0.9786621034706673,-0.9174502484429372,1.3211532562224468,1.1392932082202814
0.9,0.9,0.7,0.5,1.0,0.0,0.268904863816594,0.7154317896679467,0.815186023940206,4.592897234006371,4.356254427501648
0.1,0.9,0.6,0.2,0.1,0.7,1.0504541392474531,0.2177570211174953,-0.29344751817740317,1.695304744863781,1.4552903318474046
0.9,0.0,1.0,0.5,0.6,0.2,-1.0959300242200065,2.0699597570626294,1.9313108791714342,3.2675641246029197,2.9453376707886196
0.9,0.0,0.5,0.4,0.7,0.5,-0.09967512879959164,1.0873815334050532,1.1128395508870836,2.4980118617090175,2.050299126774292
0.5,0.1,0.0,0.5,0.4,0.0,-0.6567139250514528,1.48789240670063,1.3990952851554708,2.1269577815408187,1.620594695625958
0.8,1.0,0.8,0.9,0.2,0.9,0.9882555988537275,-0.007593773915938559,-0.17720450755265094,4.580164171083824,3.9840791524596137
0.0,0.8,0.0,0.0,0.1,0.1,-0.24309155332535876,1.1835164107218523,1.3025911151191076,0.750139768056212,0.5440163965252272
0.5,1.0,0.0,0.4,0.4,0.7,1.39592111905393,-0.32391505140666094,-0.4207919550882574,2.390437603302506,2.386896876760953
0.5,0.5,0.0,0.4,0.0,0.2,-0.7685113376929888,1.9402560198390484,1.7885972897912175,1.5713820510688257,1.2984649934662023
0.5,0.7,0.8,0.0,0.3,0.0,1.33521591491274,-0.5039148444438428,-0.4519102496405879,1.0874444307916094,0.9400975563118005
0.1,0.5,0.5,0.6,0.8,0.9,1.2777155680456125,-0.13102810658157138,-0.1784407846018947,2.646626375046251,2.538075046526663
0.3,1.0,0.5,0.2,0.4,0.3,0.47770591483320246,0.4325475293329592,0.3834802926486531,1.9644398823927818,1.8423203336328078
0.2,0.9,0.5,0.5,0.3,0.6,0.8865323114323853,0.08387494515005403,-0.06855792291407192,1.954238910062585,1.6194526306560413
1.0,0.9,0.0,0.8,0.7,0.0,-0.7291093376397614,1.725993777119114,1.7093206162063135,5.485562319371972,5.409214809112562
0.3,0.8,0.5,0.5,0.3,1.0,1.232468981144017,-0.464207574781833,-0.7671679094975414,1.3154072894846318,0.9393890378182053
0.7,0.7,0.9,0.3,0.0,0.1,0.30233733301755716,0.4489803071411744,0.5430195234304875,1.2846244875639303,1.2534819585651351
0.9,0.2,0.4,0.4,0.1,0.6,-0.009935795708753616,0.9265507235242365,0.8841703963399657,1.4739511637266505,1.22025830710706
0.6,0.5,0.5,0.9,0.8,0.8,1.0634309439808898,-0.09261233837151855,-0.2167197112813165,4.157841085802052,3.9040820917877377
0.1,1.0,0.6,0.6,1.0,0.4,-0.19522430266440985,1.152853071525683,0.8264181271407818,3.4617761261804048,3.161639093121871
0.0,0.6,0.0,0.3,0.3,0.0,-0.1063965183538502,1.3970392413476347,1.3406253742793202,1.2486124900666968,1.1957245198718014
0.1,0.7,0.3,0.4,0.0,0.9,1.7604773950642094,-0.6737753288423519,-0.7766898589204682,0.12205748673936184,-0.04535740751493422
0.0,1.0,0.1,0.8,0.8,0.0,-0.10873794247282408,1.1070765555095476,1.1193372624767497,4.1691956922661575,4.036216760634978
0.9,0.1,0.8,0.8,0.3,0.3,-1.647769805691738,2.5497581888890424,2.348831717179784,3.530175049749681,3.330835028804242
0.0,0.7,0.9,1.0,0.6,0.0,-0.22446291136479174,1.1497313471241746,1.1511002673411759,3.829230082664497,3.5004000926684236
0.6,0.7,0.3,0.3,0.6,0.9,3.2526897940983477,-2.003990035909001,-2.1169193440035894,1.4668068399478762,1.3187771686392762
0.8,0.1,0.1,0.0,0.8,0.2,0.8599653632434233,0.1572677481114433,-0.03688621009699966,2.8977386195509234,2.639140845252369
0.0,0.6,0.0,0.5,0.5,0.3,-0.6344497537607596,1.7240913600678793,1.6831915915033782,1.7712951919902515,1.7412170853540299
0.6,0.8,0.5,0.7,0.0,0.4,-1.150568980373409,2.1842001677454714,2.0974349694849606,1.5445814230246675,1.3061713549920755
0.4,0.4,0.4,0.3,0.1,0.2,-0.227057411221897,1.069158685709643,1.111143924152192,0.5039294808648863,0.14563997487083724
0.3,0.9,0.9,0.2,0.1,0.3,0.6508112750302162,0.32575952666880964,0.20859685900843813,2.124415540536158,2.0221285230272357
0.5,0.0,0.7,0.5,1.0,0.7,1.4552235290082203,-0.6235300366758856,-0.47653950790778565,2.1403938185238482,1.8601837570380726
0.0,0.6,0.5,0.5,0.1,0.8,0.28900238756190494,0.8675105108963899,0.9567494832074455,0.97113070964906,0.8505378613670107
0.5,0.7,0.2,0.2,0.5,0.9,2.691450784945631,-1.8645845358122577,-1.9419842818307451,1.1899368256503968,1.0835643792806673
0.9,0.9,0.8,0.6,0.7,0.9,1.5061003768802033,-0.5507041240475137,-0.6955802224421087,4.925136568729318,4.520873472745
0.9,0.9,0.1,0.6,0.3,0.1,-0.7228943117200026,1.7379916417026595,1.9580750834548635,3.366689454242161,3.189134052453562
0.6,0.6,0.0,0.0,0.4,0.8,2.359835205317203,-1.4121343981139378,-1.5124914454293936,1.4720261844531461,1.092239898141907
0.7,0.9,0.7,1.0,0.8,0.2,-0.12584299651133507,0.8967828532848774,1.2177034588479354,5.48378640448458,5.397348402929232
0.0,1.0,0.1,1.0,0.1,0.9,0.09137205415245366,0.920916345594279,0.773200609382148,3.626545477995283,3.4487567903592726
0.8,0.8,0.6,0.1,0.5,0.7,1.8975511792531807,-0.7928437867761257,-0.9739231649378203,1.8850697843036404,1.7029239603368187
0.5,0.3,0.0,0.1,0.5,0.3,0.18337853945285248,0.8851762107642938,0.6340545518813945,0.6975394491933418,0.42765210219756267
0.1,0.9,0.8,0.7,0.7,0.3,0.3251088134110335,0.9190974068796426,0.8104636198374383,3.7499540683003207,3.554288827173666
0.9,1.0,0.8,0.3,0.0,0.8,1.1704194797022498,-0.258303403499864,-0.48521971328153557,3.4915550820502435,2.7743644196201815
0.4,0.4,0.3,0.5,0.7,0.8,2.5215573665216864,-1.5705150522679412,-1.463325162657381,1.720710999663011,1.7513580308547207
0.1,0.9,0.4,0.6,0.8,1.0,1.7212872360457958,-0.9301847629628237,-0.8790693122678643,3.3253412943304728,3.0955672800538028
0.9,0.2,0.2,0.0,0.7,1.0,2.4565517484360178,-1.3257292670048109,-1.542516683320234,2.612144866405711,2.321673426155911
0.3,0.3,0.5,0.5,0.4,0.2,-0.17831562726803224,1.05964335001072,1.1541651858935036,0.559917347840608,0.1907785795179922
0.8,0.5,1.0,0.4,0.6,0.7,1.5324370674481909,-0.3898731005733335,-0.5520512122175587,3.4008761983610496,3.464842754926697
0.8,0.9,0.6,0.2,0.3,1.0,1.3665028880513206,-0.47673946178410365,-0.5125236936543877,2.524965376310217,2.616130516838531
0.4,0.3,0.3,0.6,0.4,0.6,1.3274409489408177,-0.31088933138638014,-0.39049112961278426,0.5379297604016872,0.23309496692850082
0.2,0.7,0.7,0.4,0.7,1.0,2.8010062916705203,-1.684974019933989,-1.6919092700467917,1.6466013623610212,1.5275873308331176
0.1,0.1,0.0,0.6,0.5,0.2,-1.1085914605205323,1.9996986995132189,1.9619053915686553,2.024535990158927,1.8203778931917518
0.6,0.7,0.1,0.0,0.3,0.2,0.847434037410904,0.14643448144199378,-0.05432762616115498,0.7249412101389137,0.5635214897338584
0.2,0.3,0.7,0.5,0.9,0.0,0.9069225298050756,-0.02311588308392848,-0.20534101212777364,1.8862056400338898,1.3904325367612613
0.5,0.6,0.8,0.6,0.8,1.0,2.1642900900852022,-0.8196522293553075,-1.1144812478527355,3.0614494083101422,2.8251285667355357
0.4,0.6,0.5,0.5,1.0,0.1,0.3182048522550407,0.7015949635471244,0.6029809330261781,2.6118010610351274,2.3049621385412364
0.6,0.5,1.0,0.0,0.5,0.3,0.40014693822661107,0.5611063474460999,0.48624856959745577,2.5136319447609146,2.401300349719071
0.8,0.8,0.6,1.0,0.0,0.0,-1.3023678811758799,2.1748998525396845,2.057681818793717,3.504040526819258,3.350428613234266
0.4,0.9,0.3,0.6,0.5,1.0,2.176335361527639,-1.327501936605361,-1.1293642084838587,2.9193941930691865,2.643506354884742
0.3,0.8,0.8,0.6,0.8,0.0,1.462499686876241,-0.4429792753297126,-0.7083566076842137,2.817160426406045,2.530626395177969
0.3,0.1,0.0,0.7,0.4,0.4,-0.39821984137159105,1.429059320455526,1.393386677482564,1.8082339097916351,1.8415529034414846
0.4,0.8,0.2,0.2,0.7,0.2,1.3297099496240068,-0.6374196864089662,-0.574250190895124,1.6699942844486124,1.6510520244144105
0.3,0.0,0.6,0.1,0.6,0.1,0.7511315916633998,0.18001044960662593,0.12058209597417985,1.3449768993587226,1.1413813061914209
0.0,0.4,0.6,0.9,0.9,0.6,-0.17743389535119888,1.1801951787959382,1.0122570879707766,2.980908961676812,2.5070208894812103
0.4,0.6,0.6,0.2,0.9,0.1,0.9206590151527152,0.1914400099988841,-0.16914537035444713,2.3540694244153983,2.1270998854818406
0.7,0.5,0.3,0.1,0.2,0.8,2.6584727827375487,-1.7042569529456981,-1.8996492448772146,1.4728450654746266,1.4804303684503866
0.5,1.0,0.0,0.0,0.2,0.9,1.8471319076720312,-0.8194280776581374,-0.8131488321814155,2.1363615438133765,1.8199878960634797
0.1,0.4,0.3,0.0,0.7,0.8,3.0703740745466885,-2.0979328210832286,-2.367291138861104,1.2626372532313646,0.8739909781625139
0.0,0.3,0.4,0.0,0.6,0.1,0.47466825527409096,0.4942250314276682,0.18288209833347846,0.590236798745789,0.4620632916567349
0.1,0.6,0.3,0.9,0.8,0.3,0.33593543176818297,0.8333885386883635,0.49752487763002456,3.3535722541346797,3.222489012166504
1.0,0.4,0.3,1.0,0.7,1.0,0.5466088979212065,0.0882925117627722,-0.052867514268040816,4.470247887537354,4.486507582809967
0.6,0.8,0.3,0.3,0.8,0.3,1.4368684640617964,-0.23172053421077274,-0.37024333622735206,2.260338609223846,2.066282509369901
0.8,0.7,0.4,0.0,0.0,1.0,1.911683259651317,-1.023472238078709,-1.2859149744428162,0.8717761640426855,0.6149565507562973
1.0,1.0,0.1,1.0,0.6,0.1,-0.9818918878963082,2.22204708883361,1.7927908646621233,6.297761469763252,5.983102941195571
0.2,0.8,1.0,0.7,0.5,0.5,0.5585226141308522,0.48549831480885103,0.36420227354517554,2.4874719590180057,2.22305849789651
0.1,0.1,0.0,0.9,0.2,0.3,-2.070634291789866,2.896280707993193,2.8390847753135433,2.3914696748589535,2.2108158482213787
0.3,1.0,0.5,0.2,0.7,0.0,1.6667724366753636,-0.3343659321292274,-0.6464410121330244,3.1192911255008964,2.8642157264898715
0.0,0.1,0.9,0.8,0.1,0.6,-0.7339112803361462,1.809178546890028,1.6647724121130398,2.4313791620817224,2.1044249472923973
0.7,0.5,0.5,0.6,0.7,0.8,1.5803164015641151,-0.5515620029631305,-0.6023750619769739,3.061551284470193,2.935651180249325
0.4,0.5,0.8,0.2,0.5,1.0,2.613572321855486,-1.4533025702729083,-1.6272826606479078,2.1867850688429864,1.8567118857256792
0.7,0.6,0.9,0.3,0.2,0.8,2.0841170311597588,-1.0176266546614756,-1.1754439887678223,1.850233144187191,1.8907094493439476
0.0,0.5,0.0,0.3,0.3,0.3,-1.0326729295914903,2.0293521741568377,1.8688256504800251,1.3215643661933607,1.0616254964217091
0.6,0.0,0.5,0.2,0.8,0.6,1.567598936820145,-0.4496804908668261,-0.558187750599906,1.7542910164803247,1.5682087872422439
0.6,0.5,0.5,0.8,0.2,0.4,-1.1900806057200362,2.2378464374058935,1.9888790023588496,2.6850944651950432,2.3358431441657403
0.8,0.1,0.7,0.5,0.9,0.6,1.291609693360422,-0.15924631319206367,-0.09231571261631161,3.256622332205016,3.1899981269317936
0.4,1.0,0.1,0.6,0.9,0.4,0.5403474291164324,0.44300280098141576,0.21553213241707342,3.7103778354993184,3.380000957300686
0.0,0.6,0.6,0.8,0.8,0.5,-0.37150383052156927,1.2533969428085536,1.2128973382046289,3.1161270817769493,2.8260563772971805
0.6,0.6,0.3,0.7,1.0,0.4,0.6685049517557236,0.05311223985652261,0.12059070532892621,3.3173149653833423,3.0124128491435354
0.7,0.7,0.4,0.7,1.0,0.0,1.0034754849289422,-0.06293639421619922,-0.17896234121194599,3.0916965295369607,2.936452859340508
0.0,0.6,0.2,0.9,0.6,0.4,-0.22967502082304808,1.3406778446726906,1.2267224552491929,3.1259298555200954,2.8791889234816512
0.3,0.6,0.2,0.2,0.2,0.3,1.0768203940338017,-0.18257882503728157,-0.28159420482264513,0.7372758706098691,0.8057262230244133
0.2,0.1,0.7,0.8,0.9,0.1,0.08472227693913692,0.9598639050690497,0.7657436005742257,3.480477170429644,3.4302416292871825
0.4,0.6,0.2,0.3,0.4,0.5,1.4832898252643452,-0.6657792587236614,-0.6884627892483922,1.3099996257529216,1.0236114988337384
0.6,0.2,0.4,0.7,0.1,0.1,-0.9505342881151795,1.9388505929494848,1.7991347483098281,1.6862475244180124,1.484570927236611
0.9,0.6,0.3,0.8,0.6,0.9,1.5300771222105787,-0.5090377941216591,-0.6215153567433551,4.045566039497714,3.786185994980207
0.3,0.3,1.0,0.8,0.4,0.8,0.9319273925831422,-0.15161109945861795,-0.14148388052315722,1.7707779092168356,1.3735624564334274
0.3,0.0,0.6,0.2,0.5,0.2,0.4353407053159656,0.8167750083351555,0.5742310109895589,1.129597001115564,0.6603731647209983
0.5,0.9,0.9,0.5,0.5,0.8,1.7028895525416359,-0.6554961384301704,-0.9349326865415996,3.241447469545432,2.983591687743767
0.4,0.0,0.6,1.0,0.3,0.6,-0.36980887312082145,1.2516814310523519,1.166296616778328,2.4180920131294634,2.160441311603715
0.3,1.0,0.0,0.7,0.7,0.9,1.9868211597527536,-0.9955796487372762,-1.1582288825131977,3.7122447206560474,3.5035245590815323
0.5,0.8,0.7,0.3,0.3,0.0,0.5061264864321005,0.5107716522236185,0.5726311292985815,1.5282654975252923,1.0993185959114642
0.5,0.9,0.2,0.4,0.2,0.8,1.7710826210341508,-0.6428299836174765,-0.7154240070480322,2.030230120820318,1.8689373349811103
0.0,1.0,1.0,0.2,0.6,0.4,0.028692355115608803,0.9260386029928174,0.7585240799485862,3.052878528101188,3.086562989767926
0.6,0.6,1.0,0.7,0.6,0.4,-0.16815095682213313,1.3529239287129045,1.2640699140149414,3.4528422319708354,3.4229003386696664
0.5,1.0,0.7,0.6,1.0,0.4,0.1679719996022535,0.5734052748891908,0.6475344012917719,4.085712635910812,3.907325468433497
0.6,0.7,0.3,0.1,0.2,0.4,1.2456448985635316,-0.32806944310971975,-0.3814407504928805,0.5593074968949721,0.12413698640356721
0.7,0.5,0.8,0.5,0.4,0.8,2.115135430151617,-1.1140264265594937,-1.0791081161788225,2.538175231432471,2.2521204754114557
0.3,0.2,0.1,0.2,1.0,0.8,2.6913290134095846,-1.932668404509254,-2.0442462831437207,1.5642731392117302,1.4368836793773796
0.6,0.8,0.1,0.6,0.0,0.3,-0.8779825354901545,1.7758557751515394,1.8884890494747284,1.3030953259679658,1.3357023985329721
0.3,0.4,0.5,0.0,0.9,0.5,1.9446260534811832,-0.9660946215999396,-1.0556852872750098,1.3408229019474671,1.1969424287243255
0.9,0.4,0.7,0.1,0.0,0.4,-0.716783095264806,1.5250852592891815,1.4588021569017227,1.3963855857080756,1.2849185609603642
0.1,0.3,1.0,0.0,0.6,0.6,1.569028921594302,-0.6610870770426415,-0.6801012920053927,1.102827851746454,1.0558874738217456
0.6,0.8,0.5,0.6,0.7,0.0,0.2529703131553893,0.7252228754042803,0.6641303134837903,2.8860610840314886,2.6841605126186683
0.5,0.4,0.3,0.0,0.4,0.7,2.5893879087500307,-1.4687946325147876,-1.6529135457107516,0.6085674127712715,0.23040580642252223
0.0,0.1,0.0,0.4,0.9,0.8,1.0243450328692234,0.004590479653094556,0.07757110935250333,2.1646859621690178,2.0264851296081328
0.1,0.3,0.9,0.4,1.0,0.9,2.1397560702599225,-1.0020062446384324,-1.128361314844787,1.494014932870398,1.104172069958931
0.0,0.6,0.8,0.7,0.7,0.1,-0.059009714835609454,1.0034760287011055,0.845670480064735,3.2664736189623462,2.8176116566869105
0.7,0.4,0.7,0.0,0.7,0.0,1.7409550459881629,-0.8815617360058436,-0.798810777301537,2.376840534151454,2.0930656510407686
0.2,0.8,0.9,0.1,0.8,0.8,3.3893878244930296,-2.4151243741351984,-2.5194052741203317,1.9976689177136069,1.6708468351740073
0.4,0.2,0.7,0.5,0.4,0.7,1.0746573140243465,-0.18817626904230977,-0.27561013515770116,1.2332794326829506,0.9829293649829252
0.5,0.2,0.7,0.4,0.2,0.9,1.0465471879269734,-0.007376909882865736,-0.08125737244539696,1.1171776156347835,0.7381517503747017
0.5,0.1,0.0,0.4,0.4,0.4,-0.49671444810686205,1.4990824640138005,1.3917651658986792,1.4399305903281503,1.4156642039246055
0.1,0.3,1.0,0.7,0.8,0.4,-0.5047221573794031,1.3178512473350303,1.3346099298557144,2.238708931005377,2.1350655175677855
1.0,0.4,0.2,0.8,0.6,0.1,-0.5379981449503571,1.7693414695475018,1.4564257150259985,3.861882656524428,3.5379929155577226
0.2,1.0,0.0,0.4,1.0,0.5,1.6084854098903192,-0.702223764571906,-0.6054250771166569,2.971218211211054,2.949771435254585
0.6,1.0,0.2,0.3,0.5,0.6,2.2222238705448265,-1.2616284524227062,-1.3013051777897076,2.8737979901921924,2.4904116495210395
1.0,0.0,0.8,0.8,0.0,0.6,-0.9664043279534633,1.7979491411962838,1.5411267170474743,3.030676582885439,2.941877725419976
0.0,0.4,0.0,0.4,0.7,0.3,-0.26690852169360996,1.3721354715203258,1.377727914269133,1.3393459430528332,1.136674627279528
0.3,0.4,0.3,0.3,0.0,0.9,2.1586168694964707,-1.3139149001663386,-1.4362088233661976,0.27139544929341475,0.12794627718478074
1.0,0.3,0.5,0.4,0.0,1.0,-0.5211457383895469,1.5927456236847946,1.3700499942481459,1.3594931895773597,1.0481045049789661
0.9,0.8,0.0,0.6,0.6,0.4,-0.6736344647939733,1.5672751766944395,1.3769722042295256,3.05299172342207,2.8522760048522735
1.0,1.0,0.5,1.0,0.5,0.1,-1.5878050272235553,2.6870564914589146,2.4477141271116687,5.821409811721896,5.537088134581498
0.3,0.9,0.6,0.0,0.8,0.0,1.822817904555549,-0.7540168630748972,-0.8353864418734377,3.075955620505651,2.832965183250624
0.4,0.2,0.3,0.3,0.1,0.7,1.6136993864658127,-0.7534876430696084,-0.7920684494196413,0.28071898882461127,0.26785491966314146
0.9,1.0,0.7,0.2,0.5,1.0,1.642533851834831,-0.5509568948699898,-0.7283217228798115,3.5093293857078818,3.63312443875793
0.4,1.0,0.8,0.3,0.0,0.3,0.13088217164957394,0.8108042285825967,0.6247326249706786,2.1818750170929495,1.991432634660581
0.1,0.3,0.0,0.1,0.7,0.7,1.963441551999973,-0.9811793183660777,-1.1406889883475044,0.8177470363088027,0.4787629045311957
1.0,0.1,0.8,0.2,1.0,0.4,0.21386755860170362,0.9313858321885654,0.7619007702925645,3.4911333224682193,3.4936388183268496
0.4,0.9,0.6,1.0,1.0,0.2,-0.4944648582225162,1.4945178106473542,1.4131049083007843,4.844906537354088,4.789019651982854
0.7,0.5,0.9,0.8,0.3,0.0,0.06530804316096775,0.8853580505980114,0.8091244379854035,3.5695703440818076,3.2551514932659575
0.4,0.0,0.9,0.4,0.8,0.3,0.5390482126749242,0.541795279358176,0.4948274730179745,2.0931114610473727,1.9525915098952897
0.9,0.5,0.6,0.9,0.7,0.8,0.28788061033778983,0.7916776092631794,0.6341339739595068,4.653791095774703,4.566545999910164
0.9,0.5,0.2,0.8,0.2,0.4,-1.0903939558109739,2.2113366759610034,1.6322883099624417,3.2932690208333493,2.8926343709518494
0.5,0.5,0.0,0.6,0.1,0.4,-1.074297999309293,1.9702608360095646,1.895783745041385,1.9495951946527628,1.661437920117658
0.7,0.4,0.0,0.3,0.2,0.3,-0.2041755156513509,1.412913019859746,1.0477499794294645,1.0636200336900152,0.8029444685265491
0.0,0.8,0.9,0.6,0.1,0.4,-0.8890886754026498,1.8913273265553754,1.721434180257688,1.4553984013706205,1.3719600800407687
0.9,0.2,1.0,0.6,0.3,0.5,-1.190946474386711,2.0404306251230118,2.1620056799724385,2.5357393279483524,2.317975918270541
0.7,0.8,0.9,1.0,0.0,1.0,0.6772459472538126,0.1721667342933454,0.14290761968199012,3.5453482071563496,3.3356936604324443
0.3,0.6,0.9,0.9,0.4,0.0,0.5362246853826282,0.4144375401034397,0.3492039610310652,3.4867138346647004,3.1991570741615845
0.3,0.6,0.9,1.0,0.9,0.6,1.8027679181722376,-0.5658463420650223,-0.8255734182959167,4.396658337283477,4.103820869367718
0.6,1.0,0.1,1.0,0.3,0.1,-0.62848054462692,1.62038574865102,1.5998537581186498,4.37046510409998,4.1111589690985255
0.6,0.4,1.0,0.4,0.5,0.5,0.4458914322147012,0.6336362207559602,0.5480253838886696,1.9451549987876255,1.6731866182032262
0.3,1.0,0.7,0.5,0.6,0.9,2.4593364711363237,-1.660095844682402,-1.6476004107254805,3.1644307138708934,3.1309608907209436
0.9,0.4,0.5,0.2,0.5,0.9,1.0709718740353036,-0.17527233703921286,-0.18958068544534282,1.5965726559390196,1.661101842529712
0.0,0.3,0.8,1.0,0.9,0.7,0.8615707046963794,0.11315948910248778,-0.023058450834787383,3.0401432981139194,2.788444552526184
0.4,0.6,1.0,0.0,0.5,0.6,2.0242224583531727,-0.898424099167528,-0.9155806152490141,2.128888436605678,1.916991461826817
0.3,0.9,0.7,0.7,0.8,0.7,2.0551171371218224,-1.2208049134436305,-1.1660981945260018,3.8102144536328937,3.524080170962092
0.9,0.7,0.8,0.5,0.5,0.5,0.7055792742907739,0.47851519606153714,0.2589355865786736,2.450090718514596,2.4020859838332074
0.1,0.9,0.9,0.3,0.6,0.2,0.5122034890464575,0.5794346956703864,0.19403794587241138,2.9998736387400657,2.8363141227698008
1.0,0.3,0.3,1.0,0.4,0.5,-0.6053257922088175,1.8001827601471645,1.3997112343228881,3.2712353146785578,2.9537325494184294
0.4,1.0,0.6,1.0,1.0,0.5,0.3430111413712758,0.633186636642377,0.6510403335807979,4.980146966703602,4.991971450674366
0.3,0.3,0.6,0.9,0.3,0.2,-1.1010618625215622,2.089055504755464,1.7984565113867856,1.4225043249746165,1.3508954993860922
0.5,0.2,0.0,1.0,1.0,0.0,-0.3576193193682337,1.389569022048044,1.2021487789830383,4.042944819576108,3.889386305536695
0.8,0.0,0.2,1.0,0.7,0.9,1.5220051420592964,-0.5332020551298802,-0.7151782387019368,4.038445324632358,3.8683283503685724
0.4,0.4,0.3,0.3,0.5,0.9,2.4783268379330763,-1.8832224874409058,-1.808835589107555,0.8139511581110116,0.7614561592491185
0.2,1.0,0.1,0.1,0.7,1.0,3.1658006711239493,-2.191281491054968,-2.4625562499085407,2.7771278506164028,2.602016399635147
0.3,0.5,0.8,0.3,0.5,0.5,1.8698895744773607,-0.8299581256084968,-0.8647088113931473,2.1578994550419095,1.6896094262804506
0.5,0.6,0.3,0.3,0.0,0.5,0.8087097062158267,0.19600823466184927,0.1330159701577641,1.0338372090532117,0.9518785533604677
0.7,0.5,0.2,1.0,0.3,0.8,1.4960192058028523,-0.3164380378847016,-0.30080649735574344,3.718508747215353,3.4565861560011313
0.2,0.0,0.9,0.8,0.3,0.9,1.237911503120725,-0.13132745897994402,-0.1467272057007849,1.9872861500451298,1.4945798356808706
0.4,0.4,0.4,0.4,0.3,0.5,0.6923026724846838,0.23573670155992274,0.4055068113978072,0.586215365220786,0.41466934558026847
0.1,0.4,0.1,0.8,0.1,0.0,-0.8699733608831671,1.835216881245769,1.8643221147247688,1.522004426244591,1.3397230766280395
0.9,0.0,0.4,0.3,0.8,0.2,-0.11322676738628717,1.076079212468585,0.8774108515430504,2.593700987370276,2.349966012859683
1.0,0.8,0.9,0.7,0.8,0.7,0.7247933015643309,-0.07245114026998195,-0.08100877003440868,4.3167057317874375,4.055933358789225
0.4,0.5,0.2,0.3,0.8,0.9,2.899258159354682,-1.9653521527921523,-2.0005557541137993,2.374716843270771,2.3091314167889694
1.0,1.0,0.7,0.8,1.0,0.2,-0.8164454081059905,2.052645292456178,1.7285289710748923,5.62660977906775,5.408950807640149
0.4,0.2,0.7,1.0,0.0,0.2,-1.392618799855037,2.484039422399935,2.536064371327924,2.7776943218616648,2.306813533554553
0.7,0.1,0.4,0.0,0.4,1.0,2.378984898178518,-1.1390429605309529,-1.3054671554510169,1.5501772284441546,1.478303644701688
0.4,0.4,0.8,0.2,1.0,0.5,1.8875517435498597,-0.9966110297392836,-0.9292677230414885,1.7474443435753741,1.7824651748109113
1.0,0.3,0.0,0.2,0.9,1.0,1.1572825190386242,-0.21626427815126376,-0.081942439358343,2.4102710274533776,2.106061024847937
0.4,0.3,0.9,1.0,0.9,1.0,1.5679052787467471,-0.22500828244200488,-0.5423977301500413,3.3835657042373004,3.2537140258483173
0.4,0.5,0.4,0.2,0.6,0.2,0.9458506319134106,0.1499135532237954,0.06222997153989243,2.0268810165577458,2.1077208642298575
0.6,0.8,0.7,0.3,0.0,0.8,1.487856116940627,-0.29200011131899895,-0.6193252686730141,1.165616351392709,0.9351439471469658
0.2,0.8,0.5,0.5,0.1,1.0,1.306039387404858,-0.18935904782220309,-0.022807187794594674,0.6685413419512365,0.6896190964738831
0.8,0.9,0.1,0.5,0.1,0.2,-0.7541872981103662,1.669306878798783,1.40955490854612,2.8533750619803286,2.7498141531558677
0.1,0.3,0.9,0.6,0.0,0.7,0.46349114955628407,0.6015082555200064,0.37365868615763664,0.7243422591558885,0.2827055379949646
0.4,0.8,0.9,0.6,0.7,0.5,1.01412538703569,-0.3391059775836497,-0.30544476373568624,2.961008467856457,2.5899789419353523
0.5,0.0,0.8,0.7,0.8,0.6,1.1365024129273076,-0.3786113972520735,-0.34292614312169073,2.6724224312601232,2.290223188838618
0.3,0.0,0.9,0.8,0.4,0.0,-0.07367285509958282,0.932171190037777,0.4800436064230799,2.264126613614631,2.2956968496482384
0.5,0.1,0.7,0.7,0.6,0.8,1.1487076852688625,0.14249419698499852,-0.13220559250129846,3.0399292938012326,2.8804663499928163
0.2,0.2,0.8,1.0,0.1,0.4,-0.6105308522848768,1.5240241148250455,1.5842624783929753,2.5711935643360246,2.425637802680694
0.9,0.0,0.7,0.4,0.3,0.5,-0.2487534916693348,1.6064134926264773,1.227583058529351,1.6783148379232786,1.5171013982534582
0.2,1.0,0.4,0.8,0.5,0.1,0.46703450824701365,0.6831242764379616,0.5071515740884558,3.441194695318973,3.38140751149867
0.3,0.4,0.0,0.7,0.2,0.3,-0.5992352495917851,1.7203613873802444,1.5534875486197957,1.1352006969241675,1.1679478406136312
0.2,0.0,0.8,0.1,0.6,0.0,1.8804768072116966,-0.7096778365303975,-0.8596282503720781,1.6374073675072598,1.5661110422413536
1.0,0.1,0.5,0.9,0.4,0.0,-2.0442342689021356,3.0325351914148406,2.948248229906781,4.367796061078778,4.156239501456787
0.8,0.9,0.1,0.4,0.3,0.8,1.4820013139901798,-0.5110332129023301,-0.5217497047633496,2.678313153614664,2.403633128686717
0.1,0.5,0.0,0.0,0.2,0.8,1.5426242750413042,-0.7701584047204617,-0.758694961624926,1.0483372317211912,0.9687813152193165
0.3,0.4,0.0,0.7,0.1,0.1,-0.7563543776072872,1.8371265625990747,1.5015366767150873,1.2881543319327544,1.0472551262410503
0.6,0.2,0.1,0.9,0.5,0.0,-0.2744651014894477,1.5043712561526907,1.1849568981398402,3.02856718884375,2.8413750113985277
0.4,0.9,0.7,0.9,0.7,1.0,1.3884715487934658,-0.40707201265458565,-0.6983498805318951,4.4129410014428325,4.359303434253788
0.4,0.0,0.0,0.1,0.4,0.5,0.6981227720909984,0.31442023137245767,0.1793885552215565,0.3914811761394107,0.3129116169216405
0.7,0.4,0.3,0.5,0.9,0.5,1.9345038814151652,-0.7787078902166317,-0.8827751250772689,2.176563327723374,2.0389329096578104
0.7,1.0,0.7,0.4,0.8,0.6,2.275417798308098,-1.1914288815266956,-1.1528923806698947,3.836979779906202,3.490632827420982
0.1,0.6,0.4,0.5,0.0,0.6,0.6607378039212947,0.5463944879254998,0.3266585087703054,1.0276972923368406,0.7241045778702114
0.3,0.1,0.5,0.6,0.6,0.3,-0.4330972129073752,1.2891562752555623,1.3278349621824665,2.3970770480920622,2.141977527954178
1.0,0.1,0.2,0.4,0.4,0.3,-0.7576025363286117,1.8749895237998564,1.8534052011181712,2.5401981244588687,2.484894226358066
1.0,0.7,0.7,0.5,0.4,0.7,0.4522265202250383,0.25882029420263075,0.14083687204738335,2.3309702168809245,2.3101773984452403
1.0,0.9,0.4,0.0,0.8,0.4,0.7203782490215042,0.2853253913697457,0.4043724973264792,4.024120788382867,3.8389563429499844
0.2,0.1,1.0,0.4,0.7,0.1,0.30111975330994617,0.5304263019159166,0.7405489142668563,2.9523955445794057,2.4416389752604677
0.2,0.7,0.0,0.2,0.9,0.8,3.1722168281560155,-2.187441457084658,-1.9728345664288134,1.4082402644634056,1.3188051531219775
0.5,0.7,0.1,0.5,0.5,0.2,0.16341653724280158,1.0324723802405569,0.8205441198687669,1.5029592797116609,1.1871541590669203
0.4,0.9,0.2,0.6,0.2,0.1,0.18642988310200767,0.8615473107879036,0.7803655999843155,2.4010386479809225,2.2627800185508344
0.5,0.9,1.0,1.0,0.1,0.0,-1.1448932327717505,2.325086272528937,2.04867364224592,4.655638205184995,4.515616047554889
0.8,0.5,0.2,0.9,0.4,0.6,0.8447718620501233,0.048559961658066836,0.09709261253190356,3.640583483059692,3.2270882280512287
0.4,0.3,0.5,0.2,0.6,0.9,2.0032544663837917,-0.8812407983650056,-1.1636639833259659,0.6782428957675105,0.5674960287944293
0.8,0.6,0.1,0.6,0.4,0.9,1.5296252341599372,-0.32541943623590497,-0.31335995177552634,2.4492239170489842,2.2846873978223288
0.4,0.9,0.7,0.8,0.2,0.3,-0.8618318169841417,1.655462858994574,1.7367073601220078,3.2002226301929526,2.8218362066623333
0.9,0.9,0.1,0.3,0.2,0.1,-0.5240171910436425,1.4833522004703479,1.333014570461191,3.2259350622160383,2.851268101232963
0.2,0.8,0.7,0.6,0.1,0.3,-0.1654164278736837,1.2280737267970114,1.0106136846287552,1.1334588486313375,1.2032637924152916
0.3,0.7,0.1,0.7,0.4,0.2,0.22541971847876796,0.8167245460458796,0.5082286211045175,1.192073951881959,1.2358284410624458
0.0,0.9,0.3,0.5,0.0,1.0,0.775207244022501,0.16549639386468867,0.009458745433714721,1.899621177657424,1.5860482835192686
0.9,0.5,0.3,0.8,0.1,0.4,-0.895994894973656,1.983725693838944,1.8265349369411152,3.087155869584942,2.8723470972225376
0.3,0.4,0.8,0.1,1.0,1.0,3.4454077658637714,-2.288236761099923,-2.502950203976319,1.856785115308465,1.4832463075069255
0.4,0.3,0.6,0.1,0.4,0.0,0.5767352389251895,0.3865234944313066,0.2820864626008722,0.3045205278066529,0.3442592503667471
0.3,0.0,0.7,0.3,0.4,0.2,0.5040213614444109,0.5244137616712413,0.5070306376509146,0.8320940459163357,0.6567969586462646
0.7,0.8,0.7,0.6,0.0,0.2,-0.6864443616458984,1.7761263680904098,1.3416549569058298,1.979353219768443,1.9118510554784358
0.4,0.2,0.8,0.8,0.5,0.2,-0.34240171579251244,1.2078412055576409,1.2189879966250563,2.6282094357317556,2.531471096171925
0.0,0.2,0.2,0.0,0.4,0.6,1.691661378661118,-0.43769356205598026,-0.5912971475021237,0.36208679229955676,0.1835188006082587
0.9,0.1,0.6,0.7,0.1,0.5,-1.7628837021170374,2.772078097526214,2.694461782069879,2.8264489430597592,2.591503435208471
0.9,0.0,0.0,0.1,0.8,0.2,-0.14433583040449766,1.0503447229575955,1.1733294382634736,2.3386499873372486,2.2847810831029487
0.9,0.9,0.6,0.9,0.7,0.0,-0.5680840496735957,1.8138864052336234,1.7795095559653153,5.702605980704262,5.4759670717556945
1.0,0.5,1.0,0.8,1.0,0.8,0.3177020434327473,0.559834878691695,0.6455814098043406,5.304358975007024,5.132314423062371
0.5,0.9,0.4,0.4,1.0,0.4,0.6796178638262813,0.5616449112058117,-0.007684435455160593,3.139788980577939,3.1223143279657743
0.4,0.3,0.8,0.5,0.4,0.3,0.06822983580480611,0.8826730657878762,0.917718850420504,0.6470560272933387,0.456931094678405
1.0,0.2,0.2,0.5,1.0,0.0,0.06339976544325182,0.9121636775775771,0.7277864964986446,3.4530100707396136,3.4893219431708475
0.0,0.8,0.3,0.3,0.0,0.5,0.4777167867197606,0.5436602372978951,0.32069627988105087,0.4035285618077499,0.16481647487444057
0.5,0.5,0.3,0.1,1.0,0.3,1.3768650162209823,-0.2004832337607012,-0.348440975867409,2.3337393229833263,2.0864212158608932
0.6,0.3,0.9,0.9,0.5,0.9,1.1765733590454495,-0.033033982959451966,-0.2984460554228433,2.5676826154700723,2.3297880974188754
0.7,0.0,1.0,0.0,0.6,0.2,0.7367610342371593,0.33627083851932316,0.3754745004683205,2.4819957813085303,2.090548448489954
0.5,0.7,0.1,0.1,0.4,0.6,1.7121431535085312,-0.9742303206255521,-0.9081692012757039,0.7628031349035008,0.12265371120893032
0.3,0.5,0.4,0.3,0.6,0.1,1.425272620882581,-0.16538432742028258,-0.497996595184515,2.3535451958501654,2.151251245074586
0.0,0.8,0.3,0.6,0.4,0.1,-0.20797738906592012,1.1906285620976818,1.0633997949375602,1.5497505546076857,1.1815533905940534
0.8,0.9,1.0,0.3,0.2,0.2,-0.5206588678539035,1.4766253722947695,1.4130517034420973,3.158640138715778,3.0351753373815713
0.5,1.0,0.7,0.6,0.2,0.4,-0.4749604797970581,1.2727217370722417,1.2721594563664027,2.4795989370165237,2.592918082197123
0.6,0.8,0.4,0.5,0.6,0.8,2.061547347506165,-1.152840458745062,-1.1469054468982474,2.2248791786952373,1.9989725242556389
0.0,1.0,0.8,0.8,0.8,0.9,1.3387794993795583,-0.5348181117713394,-0.5418529015379974,4.262259766852758,4.074669531029604
1.0,0.4,0.0,0.5,0.9,0.1,-0.760500196747497,1.8150787447526413,1.6270918657854065,3.2296676107094706,3.1874265639203307
0.6,0.4,0.2,1.0,0.0,0.7,0.5981792933502721,0.661069385898471,0.20455534577449738,2.49553373685809,2.252802599483402
0.7,0.2,0.0,0.4,0.9,0.6,1.5220724311963938,-0.3982321095922502,-0.7113161124633762,2.3925762915671656,2.0740983877426404
0.2,0.9,0.1,0.7,0.1,0.1,-0.38249111006050984,1.2006708364731855,1.1049676784104667,2.531658447496277,2.3953488162090464
0.5,0.1,0.2,0.4,0.3,0.1,-0.05732953313956477,0.7544997615742084,0.8712035067846996,1.5933860657647778,1.2284229960555495
0.6,0.1,0.8,0.3,0.4,0.6,1.2478764680733252,-0.24712636378297131,-0.49965519091978094,1.8346282049803566,1.6471471218663356
0.8,0.8,0.4,0.8,0.8,0.3,0.07833700822562532,0.8974019843409958,0.7129766047590667,3.506508894826443,3.365500713965956
1.0,0.0,0.3,0.2,0.9,1.0,1.8140976312841806,-0.8561711241830601,-0.8946731936838707,2.8880621122916486,2.5827714637530956
0.4,0.2,0.5,0.8,0.6,0.5,-0.13915236482968102,1.0340819128923977,1.2446645951754274,2.385318104536794,2.205960194696701
0.1,0.7,0.2,1.0,0.5,1.0,1.5748061167368157,-0.3894692150256404,-0.47558820590251705,2.750773192038326,2.6199791890472985
0.9,0.4,1.0,0.1,0.9,0.3,-0.21561736566099482,1.0706631783589518,0.9415904248690392,3.0508911180596447,2.7046526534410953
0.3,0.3,0.3,0.9,0.2,0.1,0.36695251730771133,0.9781491163334115,0.9248102357570183,1.5920067445274022,0.9122021075265119
0.0,0.3,0.0,0.2,0.7,0.7,1.4406148456318317,-0.25477776070374,-0.386953908333584,0.6809822642753497,0.5340992183811821
0.4,0.8,0.5,0.0,0.0,0.9,1.5612287102823965,-0.6151573801607593,-0.6950229057157437,0.4592989655506792,0.45157176548746947
0.9,1.0,1.0,1.0,0.5,0.5,-0.9471239247970537,1.9189340856302435,1.9295362885509324,5.990522400986236,5.678620781092043
0.0,0.4,0.5,0.5,0.0,0.1,-1.8720701604205954,2.6822583284394983,2.568221959846636,0.5859285890432896,0.32586814696617983
1.0,0.3,0.9,0.4,0.2,0.3,-1.2091380499974684,2.2334472969401484,2.056656016606336,1.9836868133140708,1.6295332805708533
0.8,0.6,0.8,0.5,0.8,0.4,0.9574405134365954,-0.061126417411711126,-0.05101992192487818,3.3818199509562725,3.3661048292322344
0.8,0.8,0.6,0.3,0.1,0.4,-0.2467355718312868,1.4045620108433854,1.4790960217180857,1.534106980234153,1.0764960048361243
0.9,0.9,0.8,0.2,0.0,0.0,0.06240571107143571,1.0335994474710242,0.8908217110227428,3.3205543472043453,3.2462436425588868
0.9,1.0,0.9,0.1,0.9,0.6,1.9479014796099403,-0.950721019194099,-0.9586898688672822,4.2586263773221065,4.006083448974877
1.0,0.1,0.0,0.7,0.6,0.4,-1.40324962468422,2.5488617010420014,2.4241126295267508,3.81740949237983,3.9162465968151645
0.8,0.5,0.8,0.8,0.9,1.0,1.622449336653526,-0.7762297318428889,-0.765686482038319,4.3885338115597845,4.3918104815888555
0.1,0.3,1.0,0.4,0.9,0.5,0.744675926993082,0.48849337621041844,0.4365993313302541,1.671161629453315,1.2171916075807123
0.2,0.7,0.8,0.3,0.1,0.4,1.1105410317739326,-0.014739577772100498,0.10217120415555286,0.5113910823598242,0.2507754402751629
0.7,0.8,0.1,0.8,0.7,0.6,1.5398475055298377,-0.3735861583576806,-0.5194923719173461,3.341310906362791,3.13605024143731
0.2,0.4,0.3,0.1,0.8,1.0,3.624221669215058,-2.4851289696437484,-2.566189000070961,1.1901200086264367,0.9991490597551901
0.2,0.0,0.0,0.9,0.8,0.6,0.7395721343197111,-0.039673100449125184,-0.011452463006132188,2.8803973259176474,2.6891488176408336
0.9,0.9,0.8,0.0,0.4,1.0,2.1113023974434735,-1.0302896346720647,-1.129268407532946,3.300657050662246,3.127089675863923
0.7,0.8,0.9,0.7,0.1,0.5,0.3362064259485328,0.6676415825964175,0.7163444396083293,2.429916076351452,2.0179632977738318
0.8,0.8,0.9,0.0,0.3,0.9,2.5094422652300667,-1.4371171011036121,-1.5650873803029306,2.0819680968468677,1.5534811831276647
0.2,0.2,0.4,0.8,0.1,0.2,-0.9023804074784155,1.812835522847051,1.7539014537596145,1.5304415038615868,1.3813391064360487
0.0,0.9,0.4,0.4,0.1,0.5,-0.4543543388744321,1.2414643794302156,1.041493256955182,1.74261280300051,1.5699276688488941
0.0,0.2,0.7,0.8,0.2,1.0,-0.3598239987661306,1.27778213390803,1.0712179682022631,1.706154932811809,1.46825140159872
0.7,0.4,0.8,0.2,0.7,0.9,2.898605884501998,-1.9571608134838812,-1.992507312459305,2.1541430850549217,1.9754641421892816
0.9,0.3,1.0,0.8,0.9,0.3,-1.3521896026112925,2.2962849585875253,2.178800553221936,3.6836576299963815,3.353956527792075
0.7,0.3,0.7,0.1,0.9,0.6,2.430806456476758,-1.5777966883351509,-1.399842436985547,1.4609756636418547,1.2872985655034463
0.3,0.6,1.0,0.5,0.9,1.0,2.139262387173304,-1.0928533100500604,-1.13750665799632,3.0815149978926604,2.8477909840278213
0.8,0.5,0.8,0.1,1.0,0.1,1.441116452709941,-0.4778765330319837,-0.5855861467521487,3.3303295321296664,3.239464824442581
0.8,0.1,0.9,0.5,0.7,0.6,1.27421965898963,-0.09291777053935288,-0.3415916403555978,3.4899203336525213,3.1214012903065687
0.6,0.9,0.6,0.8,0.9,0.8,1.1740375558285814,-0.15844555599734295,-0.12797121963103858,4.331505818376587,3.94132524998834
0.0,0.9,0.4,0.3,0.0,1.0,0.7639819443457295,0.1931931898679145,0.17939536181529142,1.5188359935537121,1.4158200264684278
1.0,0.2,0.0,0.2,0.2,0.0,-1.0305308477356987,1.994586544531376,1.8497379005345962,2.111646196131195,1.882071482078238
0.6,0.7,0.6,0.9,0.8,0.3,-0.5112695366368849,1.30277367715881,1.2614545655922151,3.2357900189132884,2.9631227052815294
0.8,0.3,0.1,0.3,0.0,0.6,0.40254484534199314,0.28996575238478106,0.42425428351468664,0.537034893863436,0.5302980344221808
0.7,0.0,0.3,0.4,0.3,0.9,1.996925490488855,-1.1003717388757224,-1.1089077646111127,1.0066638408316442,0.8367996566542614
0.8,0.6,0.6,0.0,0.8,0.7,2.629868626573211,-1.4733800629768161,-1.5218508647159956,2.960787102396344,2.7775712721955714
0.7,0.5,1.0,0.4,0.5,0.7,1.3778219852338607,-0.48521892403509825,-0.698861817265334,2.9611642093333916,2.628662873896391
0.0,0.9,0.1,0.2,0.8,0.9,2.0183394190453474,-0.9430618653774567,-1.1734131804345358,2.716915689578075,2.4284662800338563
0.3,0.3,0.9,0.2,1.0,0.9,3.1549780891917227,-2.1347755577865972,-2.070604763523669,1.5016369745374245,1.1590889470461487
0.3,0.0,0.4,0.9,0.7,0.7,1.6470911661026628,-0.7486167636207617,-0.7982928801873314,2.6767231752922043,2.660779718413642
0.5,1.0,0.3,0.4,1.0,0.9,2.700516721636766,-1.4343146596151324,-2.0412891742980337,3.340031335146369,3.217759807400975
0.5,0.3,0.8,0.2,1.0,0.5,1.7866684393588699,-0.5879150749649626,-0.7637485918304708,1.421089230835836,1.2008913963482073
0.8,0.6,0.7,0.0,0.0,0.2,0.017041536430054155,0.7101434646750746,0.8568123991648886,1.695274704075984,1.6123421334479207
0.6,0.4,0.4,0.5,0.7,0.9,1.8233634787061779,-1.0534153312611843,-1.0627215124030964,1.7963954464435363,1.7355320961431406
1.0,0.7,0.9,0.8,0.7,0.9,1.119083357022977,-0.09137854280824197,0.0032644101592727015,4.1654461758277295,4.00723909905475
0.7,0.7,0.6,0.4,0.0,0.5,0.06411570663398357,0.9503465829096672,0.8934061962448084,0.9451068445632885,0.5821803758980523
0.9,0.1,0.2,0.2,0.8,0.0,0.7118129955968544,0.11552021416409888,0.08295634897636904,3.185725613802261,3.157834808380836
0.7,1.0,0.7,0.1,0.6,0.7,2.7999490525723147,-1.6818257316166303,-1.8367691930818777,3.27815241064536,3.2015021161249315
0.0,0.9,1.0,0.1,0.5,0.0,-0.021262536044404867,0.8135814486919186,0.6118517667025274,3.1308877512134514,2.7028176307536604
0.7,0.4,0.0,0.5,0.6,0.4,0.34232493764103117,0.7812941179038062,0.7201658756839926,1.9706348869575459,1.821337348627279
0.6,0.7,0.9,0.9,0.2,0.5,0.1134416511961909,0.9139098585686617,0.9259997025547693,2.412039582470104,2.3242695127591153
0.9,0.3,0.8,0.9,0.0,0.2,-1.6478745828948878,2.836758419119367,2.612213586436914,2.6384602037516185,2.6745800329388443
1.0,0.9,0.0,0.8,0.4,0.4,-1.4684947623824538,2.4751617688561485,2.4985760545681863,4.307315037381212,4.272359350885493
0.8,0.6,0.0,0.6,0.7,0.0,0.32331421782063935,0.6228247525169223,0.31910961904435864,3.714685332590413,3.446724049240672
0.6,0.3,0.9,0.1,0.6,0.7,2.48340264473566,-1.402604970267102,-1.4566134807891966,1.4364974990213009,1.169624779116037
0.1,0.6,1.0,0.8,1.0,1.0,0.9093617461710753,-0.0479975348313817,-0.2026354618984074,3.58216414853872,3.6285931650559853
0.3,0.8,0.7,0.9,0.3,0.8,1.3575379938075387,-0.33902849229131754,-0.4011022069187741,2.403249459371715,2.300812460650934
0.8,0.2,0.6,0.0,0.5,0.0,0.6502441244534863,0.34270551293544205,0.320864456602258,2.117159294043232,1.7523701603178372
1.0,0.9,0.3,0.8,0.7,0.4,-0.34415408877434334,1.362430749291628,1.3215233060972653,5.258665370776549,5.027300984301005
0.1,0.9,0.5,0.1,0.2,0.6,0.9752512766708733,-0.00501714279520217,-0.1122655470167237,1.438598289337455,1.382612954799605
1.0,0.8,0.6,1.0,0.8,0.7,0.06683520765932367,0.800930466778384,0.9181718936229817,5.01955289130087,4.938590432201902
1.0,0.0,0.7,0.2,0.5,0.8,0.9740411605975507,-0.08395528916503445,-0.12558862044551944,2.295527788633307,2.3382342652938655
0.8,0.3,1.0,0.5,0.6,0.1,-0.19200257328709608,1.299755197952361,0.8883261802368194,2.4799414405010283,2.280771796217789
0.5,0.0,0.8,0.4,0.1,0.0,-0.02878232801062157,0.9013431741159259,0.9110649844024522,1.3691569724497767,1.2665004722790614
0.4,0.6,0.8,0.6,0.8,0.7,2.224171143586598,-1.2967217533306337,-1.2072330810412435,3.050269819041449,2.8522353710477932
0.0,0.4,0.1,0.5,0.9,0.2,-0.20006946672096038,1.2497221045618547,1.3429416572450348,1.6306427906677856,1.65540074882352
0.6,0.0,0.9,0.1,0.9,0.5,1.6411600209377795,-0.5625025020853576,-0.8668911282062459,2.1536410730847053,1.9703638003230124
0.9,0.0,0.2,0.5,0.5,1.0,1.3250170552046807,-0.13945192737107023,-0.46323609665023713,2.1847205447005678,1.9673061358112538
0.8,0.6,0.2,0.9,1.0,1.0,1.9708164812071791,-1.0370376511662154,-1.171796216048604,4.347301263220228,4.238308302146687
0.3,0.8,1.0,0.9,0.7,0.5,0.7105952832940021,0.2702678303387893,0.28636741450506464,3.7738245077501396,3.297180491834418
0.4,0.4,0.7,0.9,0.9,0.1,0.015065957006198633,0.8817926550069539,0.8255808448254667,3.315627551792942,3.1296698227710245
0.3,1.0,0.1,0.2,0.7,0.7,3.0342278896668673,-2.093146971026167,-2.133422271199886,2.901843780993842,2.636516303354923
1.0,0.8,0.0,0.2,0.7,0.1,-0.05930688802189747,0.9754577498250071,0.7980127294062329,3.2748884887375236,3.185732375331926
0.2,0.6,0.1,0.3,0.2,0.1,0.6398624247610867,0.5044410396155654,0.06512197373547238,1.3171693312383805,0.9153839092194123
0.2,0.5,0.0,0.3,0.1,0.3,-0.19548861951120552,1.1236681853033226,1.0765655397448644,1.1891730001300653,0.9861936496100496
1.0,0.8,0.8,0.6,0.5,0.2,-0.5760854387962645,1.6404511665386858,1.44537605532704,3.600621348624902,3.3915334153917143
0.0,0.2,0.9,0.4,0.0,0.9,0.47568551659659586,0.6799266684063278,0.5277120991347136,1.0655366021626993,0.5999514598392404
0.5,0.1,0.3,0.2,0.2,0.9,1.8673564782420118,-0.9048150369179808,-0.9695306591305722,1.0790333826812368,0.7830625208503497
0.3,0.9,0.7,0.1,0.6,0.9,3.0145031282910617,-2.1523795782397634,-2.439833438800549,2.6206088822497624,2.366650500485881
0.7,0.0,0.4,0.5,1.0,0.4,0.49790426564362733,0.33379017748108786,0.17573409995110156,2.2254032282263325,2.048311765052648
0.7,0.7,0.3,0.3,0.4,0.2,1.270269175770278,-0.09997034522630165,-0.302295721836811,1.1159079091536284,0.7979061942548868
0.5,1.0,0.3,0.0,0.5,0.8,3.036112426178073,-2.0058383284044354,-2.341853079328236,2.4730900544684653,2.127689816915823
0.4,0.8,0.6,0.1,0.8,0.8,2.3753518877343547,-1.5387081887359855,-1.6940747834562848,1.8571998056693513,1.8173361097710528
0.8,0.5,0.6,0.7,0.3,0.8,0.3049247993874026,0.7731549382526104,0.3333389482679305,2.709799686099132,2.6153799320900633
0.4,0.2,0.0,0.7,1.0,0.3,-0.35672837641253374,1.496635537769675,1.1208291952832097,2.3947340227815017,2.474279663955148
0.2,0.0,0.0,0.2,0.9,1.0,2.6117406933689495,-1.352981686433498,-1.4880675406607085,1.4678738621605938,1.1033813286822012
0.1,0.1,0.4,0.8,0.4,0.1,-0.7658925516743584,1.9994605204040465,1.8235664650228467,2.36545964894839,1.9627250851880165
0.8,0.4,0.0,0.3,0.5,0.8,1.6606172582697882,-0.5179917833172161,-0.8720668279688591,1.6373844554337804,1.5939440053863838
0.2,0.8,0.5,0.3,0.2,0.6,1.3617949597032237,-0.3431616805044464,-0.35048937170791095,0.616161447489159,0.31485151499641134
0.8,1.0,0.5,0.6,0.0,0.1,-1.0588661950425555,2.160679318343397,2.0255732881615462,3.1937889522407414,3.0598915825245756
0.1,0.4,0.7,0.6,0.4,1.0,0.8472444601212822,0.10669593705037023,-0.14452761494795435,1.0400752465935013,1.025358886841209
1.0,0.2,0.0,0.2,0.8,0.2,-0.6645967875127947,1.5065621296220233,1.3094575628858331,2.816687351116535,2.70251102940138
0.8,1.0,0.3,0.3,0.7,0.6,2.6119876809312608,-1.6104725084693476,-1.5591362950923047,3.542591421817837,3.3601864842285116
0.7,0.3,0.7,1.0,0.2,0.6,0.23542122220776818,0.7814191538959596,0.5483381065937968,2.3743791386102053,2.309062784196743
0.6,0.0,0.9,0.6,0.1,0.3,-0.7676950563745639,1.9379578163461244,1.8550741781739934,1.5747240629251475,1.2235595104349064
0.2,0.1,0.3,0.9,0.9,0.0,0.7543080661169164,0.01575424009103414,0.11694577677184764,3.741887987457034,3.5465986151170115
0.1,1.0,0.7,0.0,0.6,0.3,1.2450640216983488,0.049415995607720406,0.0947487528781189,2.9726171979832614,2.623659371950766
0.5,0.0,0.2,0.6,0.1,0.7,0.9072650706660467,0.20468808063233085,0.0027243225614305006,0.9146463771840697,0.8240875503586471
1.0,0.2,0.0,0.3,0.6,0.4,-0.6841049986783431,1.6870721488628229,1.624438632018064,2.943042683389289,2.6082065255388396
0.8,0.7,0.9,0.9,0.0,0.4,-0.7891836376653302,1.7532935039844164,1.572314998411696,2.729383593804828,2.6546518206187857
0.0,0.1,0.5,0.8,0.7,0.7,-0.006696686890174511,1.0295639722919312,1.0874469641785058,2.812410272595686,2.878238832286568
0.6,0.7,1.0,0.3,0.2,0.4,0.008732239926456935,0.9183753653230806,0.9165555464267389,1.2148993491164688,0.978613894344118
0.2,0.5,0.0,0.3,0.4,0.4,0.5533414643294601,0.4731985580933657,0.4782900117892883,1.4031963596102717,1.1283591508585777
0.3,0.9,0.8,0.8,0.7,0.8,2.4330180573164535,-1.22624658081763,-1.402653863707902,4.156223338125751,3.98353577607907
0.9,0.3,0.6,0.0,0.8,0.9,1.579796893395071,-0.7164710947825158,-0.8865219247134768,1.9758348771666907,1.771125233781662
0.0,0.9,1.0,0.3,0.3,0.4,-0.6811853265261582,1.7206554711733117,1.6671619951591365,2.0441084094069852,2.1722589403927484
0.4,0.4,0.4,0.6,0.8,0.9,1.8462545651025177,-0.9338749798105265,-0.9558937065058517,1.882894566913134,1.862553054965209
0.5,0.9,0.7,0.5,0.6,0.9,1.5423588984374477,-0.8136971238804803,-0.7177000758076626,3.2114699799675313,3.1358714730399297
0.4,0.1,0.0,0.3,0.1,0.2,-0.6272622866266777,1.8489849635199138,1.6273664510461376,1.111136253002887,0.7916939507995091
0.9,1.0,0.8,0.6,0.8,0.2,-0.014856091305050487,0.876537712444011,0.7217158947603571,4.766643156567048,4.677237526691942
0.9,0.6,0.6,0.0,0.5,0.9,1.5792540082307733,-0.5686413042434207,-0.9212944536695001,2.5812760432555524,2.400803900905023
0.9,0.9,0.8,0.6,0.6,1.0,1.2983591694835621,-0.25978286246068294,-0.44059459367861814,4.428729237370713,4.257431716349503
0.0,0.4,0.5,0.7,0.4,1.0,0.09183820364110284,0.9518993170778487,0.926585706345722,1.1965319898815598,0.9345370093038037
0.0,0.4,0.7,0.2,0.6,0.5,0.6454385243339325,0.3208299103329078,0.29031203257596944,1.134570771870314,1.0923937021315198
0.8,0.6,1.0,1.0,0.3,0.0,-0.8828815985420063,1.6830969422042226,1.8276579606213108,4.710784927022834,4.308355735580934
0.6,0.5,0.3,1.0,1.0,0.4,0.5166755065917797,0.5700329333809396,0.5939210885121096,4.4387783835512815,4.450104919198807
0.7,0.6,0.7,0.7,0.3,0.1,-0.17188388579659872,1.125602502135924,1.130929755521369,2.576774185449284,2.455513903344253
0.7,0.8,0.4,0.7,0.0,0.1,-0.39133952491935325,1.3598593867690292,1.2654194551549913,2.0984171868635992,1.795451212326483
0.2,1.0,0.9,0.6,0.5,0.6,1.5678924884304477,-0.7092918744753836,-0.7295931405103937,3.2417573564929487,3.0284816507458268
1.0,0.5,0.7,0.2,0.4,0.7,0.9780247271940005,0.23704079778420725,-0.03279123249917515,2.872448693905209,2.6174317183187004
1.0,0.9,0.3,0.9,1.0,0.7,1.221384379712241,-0.04929134230201934,-0.26086182025297366,5.428608047737065,5.45548039664255
0.4,0.3,1.0,0.0,0.8,0.1,0.877377134059758,-0.03475862098388004,-0.0768261416248264,1.6104286076722087,1.3307437369126593
0.3,0.6,0.4,0.3,0.2,0.9,2.28041831961147,-1.324199198981043,-1.3806496500938532,1.0507853214684215,1.080768557819248
0.7,0.6,0.7,0.1,0.8,1.0,3.00959692664918,-1.9140677576526315,-2.139763946213676,2.926181659943029,2.4299745961205943
0.1,0.8,0.0,0.1,0.3,0.9,1.7198344947161397,-0.7293879720813758,-0.8902876187360108,0.8317935736491568,0.4832099016504939
0.1,0.1,0.7,0.0,0.4,0.3,0.12822730977250735,1.02769616331914,0.8812522279435087,1.1496329369811071,1.1150910630548272
0.3,0.3,0.3,0.9,1.0,0.2,0.6389220127801771,0.36294410524064397,0.1315007518451663,2.4869101948998953,2.104280757956734
0.0,0.0,0.7,1.0,0.8,0.0,-0.6636304255665416,1.6298115164917608,1.3706028584997862,3.6844172904408956,3.6107944521382938
0.7,0.5,0.4,0.5,0.8,0.0,1.051081814528123,-0.07208690033644903,-0.2546321642376498,3.4148523014547147,3.1321108541302403
0.3,0.0,0.0,0.9,0.2,0.7,0.7528973049885658,0.5484216986429146,0.40993355168403584,1.9097070483520744,1.7797576752458095
0.7,0.6,0.1,0.5,0.5,0.7,1.9706485901910247,-0.9710301474173313,-0.8423971296591392,2.518161202331556,2.0209596856670373
0.1,0.6,1.0,0.7,0.1,0.4,-1.067911002198478,2.169190623677044,2.165756862447968,2.1598344805037457,1.7897361494834112
0.1,0.5,0.2,1.0,0.0,0.5,-0.3848051062219071,1.358395938008825,1.4489729237244193,2.836401033532372,2.7431923579576076
0.7,0.5,0.4,0.0,0.9,0.3,1.4121486933155407,-0.5315892367515661,-0.6306868987841878,2.5494134142634204,2.5525324109872702
0.1,0.6,0.2,0.3,0.0,0.6,1.2910865314664164,-0.45605595737679405,-0.3122369587211245,0.8541288162030466,0.6074882142935751
0.6,0.0,0.4,0.7,0.9,0.4,0.05955592401183839,1.0659886153387281,0.816527540744137,2.465318556997928,2.151268006330629
0.9,0.6,0.3,0.8,0.6,0.9,1.6920339872888772,-0.42976961406530617,-0.35474680065335673,3.973357537358967,3.5218246261226946
0.2,0.4,1.0,0.2,0.4,0.4,0.4429009181390459,0.5729843288667416,0.4492824961629473,0.8673099377226894,0.9739392376361907
1.0,1.0,0.2,0.1,0.0,0.8,1.2760491932384368,-0.45712461073298255,-0.39223074874539327,3.004398848336195,2.7899922904268477
0.7,0.8,0.5,0.2,0.5,0.9,2.261892172950092,-1.0913014760630368,-1.2485194995062099,1.735666656830866,1.5889184188744636
0.0,0.5,0.7,1.0,0.8,1.0,0.6307613100892691,0.3970009436631651,0.4757702046190844,4.314157816734361,4.2551221656133045
0.0,0.5,0.5,0.0,0.4,0.5,0.19608018836062474,0.7366685988334387,0.820677000305289,1.0952568958176767,0.8574995617749717
0.6,0.2,0.9,0.1,0.8,0.2,0.7791979715845035,0.03752952622992439,0.08449324401755605,2.3623447117052447,2.409848815708746
1.0,0.0,0.5,0.4,0.9,0.1,-0.8253339849240705,1.7748948298801852,1.708270610695197,3.1877441268015696,3.124655152792637
0.5,0.4,0.4,0.6,0.5,0.2,-0.2684868557945241,1.0839692027246162,1.2785617262896003,1.3903661235350562,1.4300968663748215
0.1,0.7,0.8,0.8,0.7,0.4,0.42884203149668465,0.5313010762108291,0.40435144535673817,2.4866807510164506,2.441065619454549
0.9,0.1,0.1,0.9,1.0,0.9,0.41459321121198023,0.4459792137119479,0.3660084694928523,4.655068972232067,4.366038776453515
0.1,0.3,0.5,0.2,0.0,0.5,-0.28736699051833736,1.2719991703528395,1.1346116958157095,-0.2871178739027709,-0.7422356121454805
0.3,0.5,1.0,0.3,0.4,0.1,0.4239129258541399,0.32725591064187637,0.5498320192403461,2.3672832871137217,1.7270614865551792
0.7,0.7,0.8,0.1,0.6,1.0,3.111888036035423,-2.393478038540909,-2.228179714442268,1.9621742870030259,1.7670148838597255
0.6,0.3,0.0,0.3,0.2,0.3,-0.5300034276349479,1.4834511701971005,1.3278105681021728,0.3014204769478038,0.05067379234551212
0.6,0.1,0.4,0.5,0.4,0.2,-0.563674200567065,1.635192460044042,1.4629726039425879,1.7898295574334186,1.5368202251532608
0.7,0.7,1.0,0.4,0.4,0.9,1.8674064209955938,-0.5482957501808131,-0.8326711177069351,1.6617055704294696,1.457509378203035
0.9,0.2,0.2,0.8,1.0,0.7,1.0976494918533097,0.0497847028693339,-0.25016171050679975,3.8103452600614394,3.4138490030259416
0.2,0.7,0.0,0.9,0.6,0.8,1.7949369288678216,-1.0006510075873347,-0.8696750662782657,2.625305298655078,2.408425550160199
0.8,0.0,0.9,0.3,0.3,0.5,0.577474110357777,0.5027178749533913,0.3205197985408846,1.579743270454851,1.3877583244429994
0.9,0.4,1.0,0.3,0.0,0.7,0.1100589381293439,0.9137714929055205,0.7875323103466345,1.8518577298606937,1.6581556581101675
0.8,0.9,0.7,0.0,0.3,0.8,2.1551962038948256,-1.2875264390967858,-1.468228954219578,2.568139091077903,2.4702168564131712
0.2,0.3,0.6,0.7,0.7,0.4,0.023479428732847668,0.9704845541500338,0.9969093601223626,1.3430027222676966,1.5416678627627247
0.3,0.9,0.4,0.9,0.0,0.4,-0.5283066295194874,1.6262994272213633,1.2930996160887271,3.0131870460132886,2.7704031308319883
0.1,0.6,0.1,0.2,0.5,0.1,0.7622821772483942,0.34990689573462513,0.17544201229852313,1.817940800448145,1.3641971467608893
0.5,0.3,1.0,0.1,0.3,0.0,-0.07204483506848622,0.8536220954391358,0.6854109357014087,0.9485363670163307,0.8431632628026787
0.9,0.5,0.5,0.5,1.0,0.6,0.6408362322370919,0.37046330671295874,0.11717791346524503,3.6671973955599566,3.607334312226252
0.3,0.8,0.3,0.4,0.2,0.1,1.04504183592247,-0.40569601161763863,-0.09983332238697326,0.9056063297560295,0.5952359759605159
1.0,0.7,0.0,0.0,1.0,0.7,1.9814904411577452,-1.025707902652239,-0.9716326374071684,2.792398445766029,2.499005390559839
0.2,0.3,0.3,0.3,1.0,0.9,3.222607885056437,-2.242850165623187,-2.5133586293487356,0.989018697525801,0.6374884745205831
1.0,0.0,0.5,0.8,1.0,0.1,-1.5259961618642184,2.536287968768647,2.273300161069534,4.141747380568264,3.7626187215474225
0.8,0.8,0.9,0.4,0.3,0.2,0.008666020801305685,0.936947931831672,0.7924604928678505,2.341724715307702,1.9541236966913134
0.5,0.5,0.5,0.4,0.0,0.4,-0.8908395456810102,1.9792110193159844,1.9257350799308355,1.3967183647618917,1.1716800185409209
0.2,0.4,0.2,0.0,0.5,0.1,1.8577503235344257,-0.796512486796548,-0.9298422811943224,0.7628442881592812,0.7828061808640714
0.8,0.5,0.0,0.4,0.5,0.4,0.026292453176525656,0.9318510210706271,0.8555033039444516,2.340134343337244,2.5142334650960994
0.9,0.6,0.6,0.3,0.2,0.2,-1.0796548589364705,2.0911489452587513,1.9890744707168664,2.4624737268206354,1.9800744097953509
0.0,0.5,0.0,0.1,0.5,0.4,0.053445997793604885,0.8311049380961089,0.9767619174748984,1.5776802073882112,1.528524260418757
0.4,1.0,0.8,0.4,0.6,0.3,0.9638264520114989,-0.07865978643234775,0.0417301231786385,3.3058205586198093,3.118004889973382
0.3,1.0,0.1,0.7,0.8,0.6,1.9248883846037752,-1.0755119081883702,-1.038202761094963,3.723890063591963,3.3832313620839387
0.4,0.5,0.2,0.7,0.4,0.1,0.2469023854204251,0.8074453382590113,0.638925618292008,2.542415183323044,2.106470233626729
0.5,0.0,0.8,0.7,0.8,0.7,1.5561005789030116,-0.49207389762112064,-0.4725715773928997,2.5876884105077784,2.3747693580036158
0.7,0.9,0.6,1.0,0.3,0.3,-1.2827309304040746,2.2548922551011237,1.8698070437964778,4.155218865727433,3.973814071835863
0.4,1.0,0.4,0.6,1.0,0.3,0.7486900231838256,0.4339974786136222,0.2894235337835849,3.5078290231831244,3.2999080620279115
0.7,0.4,0.3,0.0,0.6,1.0,3.35283507059567,-2.3627542241889845,-2.4607325394704733,1.6347228188657184,1.4897948569137744
0.9,0.5,0.0,0.3,0.3,0.8,0.7579124354704377,0.26220643244015096,0.06953530079076067,2.3303105029655473,2.432100569577745
0.8,0.0,0.5,0.2,1.0,0.7,1.7146220939439552,-0.7266699793588519,-0.9007905512982027,2.096866664544909,1.8012636984661639
1.0,0.6,0.3,0.4,0.6,0.2,0.1807529402522888,0.7408181228891166,0.7069212569059385,3.57690335547287,3.143999072090677
1.0,0.5,0.5,0.9,0.2,0.3,-2.504552589055106,3.4005495314736383,3.3255085707739163,3.8659528266484555,3.818108932524317
0.3,0.0,0.8,0.7,0.7,0.3,0.4870991781773393,0.4828650217729752,0.19272291690035218,2.6338862903952625,2.2058631612638626
0.0,0.7,0.0,0.5,0.7,0.2,-0.3669231336522152,1.3412948951385486,1.1317274992972577,1.8559403201175437,1.5624319516345901
0.1,0.0,1.0,0.8,0.4,0.6,-0.15149878970352698,1.305560674656431,1.0914848196357758,1.9602305556224726,1.7306216611700387
0.8,0.0,0.2,0.2,0.9,0.8,2.490179541225439,-2.0057586362077853,-1.9072010476985215,2.1727069524900164,2.071930846810924
0.7,0.2,0.1,0.4,0.2,0.1,-0.1041353294460163,1.09070755855612,0.9204591521058891,1.2979814042347855,1.0718400901400815
0.0,0.8,0.0,0.5,0.7,0.6,0.8851539528132368,0.13991660566062006,0.18418270087160754,1.898189245316043,1.8420034238003946
0.7,0.8,0.2,0.3,0.4,0.6,2.3125213066889474,-1.1787001066057416,-1.227845529412446,1.3519309522186185,1.1082092234617356
0.3,1.0,0.5,0.3,0.3,0.0,0.8378827984311844,0.023162314203805823,0.1644185531106889,2.0718407131415817,1.9971159368334683
0.8,0.7,0.4,1.0,0.1,1.0,0.6892202334267131,0.24128887547288194,0.37462459535734216,2.8329601658409858,2.82371615154395
0.3,0.6,0.0,0.3,0.8,0.8,2.836882534341453,-1.7416604293785511,-1.8525240732635713,2.135176382484202,1.7877965145114894
0.2,0.1,0.6,0.8,0.4,0.7,0.4384224775060937,0.6096566842121188,0.33593695921355937,2.321175134039415,1.8653093090994417
0.9,0.4,0.5,0.4,0.6,0.9,0.8266319559264375,-0.0016412650092724745,-0.05765748567623182,2.4097105659635956,1.9542599448012978
0.2,0.6,0.8,1.0,0.7,1.0,2.1153455286411127,-0.899513146218213,-1.36071791118119,4.236017209123851,4.153729550708693
0.7,0.9,0.7,0.0,0.0,0.8,2.052017259648449,-0.8906172576784388,-1.2185436728182477,2.2584376955517413,2.0963912168772105
0.9,0.2,0.4,0.1,0.4,0.2,-0.26046957196507636,1.3512522033094447,1.2492223790277959,1.6733677141119423,1.350089098117105
0.1,1.0,0.3,0.5,0.8,0.0,1.5120133582952593,-0.42157797395516927,-0.42752174827566114,3.434861414622373,3.0555291728238934
0.0,0.7,0.7,0.4,0.2,0.7,0.9051617326526055,0.11545631293091074,-0.017803210497231624,0.5662207953157093,0.34623913582304156
0.0,0.7,0.3,0.3,0.4,1.0,2.0299086844312795,-0.9443477014105733,-1.071723743417852,0.2641682262808744,0.1258152995860794
0.8,0.4,0.8,0.2,0.7,1.0,2.5812679728622467,-1.595718171284326,-1.8455277258387897,2.4564330896740394,2.2480314503490337
0.9,0.4,0.2,0.3,1.0,0.2,0.40511352410399665,0.5373721964419322,0.5175812910060715,2.4853120734026546,2.5589959391943173
0.0,0.0,0.9,0.1,0.2,0.9,1.1406782710735093,-0.2114014849944046,-0.4832025444121568,0.5249074778053442,0.23400999460046804
0.4,0.1,0.2,0.3,0.4,1.0,2.0863644024719115,-1.2494944311451834,-1.066247526228845,1.3670815301376604,1.1446431940311272
0.5,0.7,0.4,0.8,0.7,0.9,1.8223743400499073,-0.7292707233641769,-0.8689455264043247,2.7348146633654316,2.3852454648873977
0.8,0.3,0.3,1.0,0.9,0.3,0.21666427692358387,1.0692587545392798,0.7749406550401948,3.502849022832414,3.3921005448958477
0.1,0.1,1.0,0.6,1.0,0.6,0.4850328646717262,0.59304307429031,0.3771891393562177,2.9254032865573154,2.814870466239833
0.7,0.4,0.3,0.5,0.3,0.7,1.7134954242888447,-0.7695822652879545,-1.0596427340419956,1.0711445680557594,0.8571727066644445
0.8,0.7,1.0,0.5,0.7,0.6,1.4691469292540873,-0.48800131036987715,-0.4530172805620138,2.996365114558525,2.7145468694171573
0.5,0.3,0.5,0.4,0.9,0.1,0.07387411811327273,0.9377380971178586,0.8691962566036572,1.3826205970314176,1.2770066246416527
0.8,1.0,0.0,1.0,0.7,0.8,0.9731116611244404,-0.26001081507015134,-0.368926004273374,5.62377656548716,5.516333242229826
0.7,0.7,0.9,0.3,0.2,0.2,0.47588389173085793,0.33459701772034167,0.3648432562223017,1.6846378496488348,1.2537145423299663
0.2,0.6,0.1,0.4,0.5,0.8,2.4892277459729417,-1.4582069338660233,-1.4596323550345864,1.6502256365752703,1.4016410961974841
0.6,0.3,0.1,0.2,0.4,0.2,0.12312135126492725,0.6797895860301544,0.6507641884326054,0.30606440921561395,0.03991393758163367
0.6,0.3,0.8,0.6,0.2,0.2,-0.3101078361382024,1.3808825373554514,1.4422832402668495,1.0070816769552602,0.8912805988308043
0.2,0.4,1.0,0.1,0.6,0.7,2.211242447798545,-1.4950748947490362,-1.394338781568426,1.7602873245899917,1.5890984770956027
0.5,1.0,0.7,0.2,1.0,0.5,1.712285847310218,-0.6031156545102543,-0.872732993350489,3.3076735818057963,3.0814313295593614
0.2,1.0,0.6,1.0,0.3,0.4,-0.6756183739959024,1.6064374869101319,1.5342749694727085,3.681264733910409,3.536232653580995
0.6,0.4,0.2,0.2,0.1,0.8,1.885144163986476,-1.012043530057934,-1.1073299414700426,0.4883797081391437,0.32120785124718876
0.5,0.8,0.0,0.2,0.0,0.5,0.22151392067210038,0.7395687313099374,0.5895158451321004,0.940239960392079,0.43005074552290135
0.4,0.3,0.6,0.4,0.5,0.4,0.12286502036207256,1.0805506293129015,0.8819320095276721,0.6062174701384108,0.5652914020194928
0.3,1.0,0.7,0.9,0.3,0.4,-0.24877700536585776,1.1441587774280961,0.8989933863792555,3.4621483967169304,3.3416340322351443
0.7,0.0,0.0,0.3,0.5,0.6,1.3902769406954183,-0.4512746090927237,-0.4680120130355274,1.3982128542851229,1.237464337601433
0.7,0.7,0.1,1.0,0.5,0.2,-0.3077216875357398,1.111059842837623,0.9595037155457071,3.4072604701482145,3.1839121920928455
0.6,0.9,0.7,1.0,0.1,0.1,-0.7993884869742202,1.986165793785453,1.829753673308672,4.462824630977383,3.951671114032011
1.0,0.4,1.0,1.0,0.2,1.0,-0.8274960784379883,1.816421110156909,1.8504343983269893,4.1636705213098795,3.817087551185961
0.2,1.0,0.4,0.5,0.5,0.8,2.290504372511926,-1.3424574122681912,-1.512308917394132,2.631636422891449,2.2809665046241525
0.1,0.0,0.4,0.8,0.6,0.0,-0.23713982449486423,1.1445016494986255,1.0079828092779897,2.404587025843506,2.0697355328383678
1.0,0.7,1.0,0.4,1.0,0.5,0.2717248784906834,0.8087227727081133,0.7469053791166262,3.4746539895863378,3.214150542103475
0.6,0.7,0.4,0.6,0.4,0.9,1.5432556499886034,-0.6800823732862626,-0.8661781620191626,1.3831070334967284,0.9757036002299667
0.1,0.4,0.7,0.2,0.4,0.5,0.734608177400246,0.19237663653334258,0.16852980069871468,0.6045493360845231,0.2963358525145842
0.2,0.3,0.9,0.1,0.1,0.6,1.7586573746106144,-0.7005630753295988,-0.8098281520897979,0.1059962126290826,-0.1965223430753565
0.9,0.1,0.7,0.4,0.3,0.0,-0.7091829329123875,1.6270483505227205,1.5395841611585017,2.6318100589755065,2.5908422977069576
0.6,0.3,0.2,0.3,0.3,1.0,2.0861682418882865,-1.0021611519816365,-1.0158166309190202,0.1851983896183762,-0.015255922059803084
0.0,0.9,0.6,0.7,0.4,0.6,-0.4312594862061775,1.3757325839178127,1.243324935070334,2.4297327193287015,2.389217528908079
0.3,0.3,0.4,0.7,0.2,0.0,0.2727822513216589,0.9939077490430792,0.7752187932952631,0.7580227553409403,0.6658437783647616
0.0,0.1,0.1,0.9,0.8,0.0,-0.8410202693489364,1.4614218718474958,1.6297970731894915,3.672865790993928,3.3053794249134376
1.0,0.0,0.1,0.0,0.5,0.2,-0.3427286350008334,1.1430502878743574,1.1698600706385263,2.103110376585824,2.181861275124684
0.6,0.2,0.7,0.6,0.7,0.4,0.038314400764172765,1.0241166926957832,0.9271366139812924,2.4704054817238186,2.1997708638721547
0.4,0.0,0.2,0.0,0.6,0.0,1.6828465804982229,-0.8740480628725004,-0.9320128306946533,1.36123581480572,1.2688199248792755
0.7,0.8,0.7,0.3,0.8,0.9,2.8322687434234233,-1.5744198905189606,-1.9731188088912763,2.5108596086767405,2.4189684825313513
0.4,0.0,0.0,0.3,0.7,0.0,0.8016663645042537,0.1290709812049432,0.105733280634648,1.739512395485224,1.8619328971881124
0.1,0.0,0.3,0.2,0.7,0.9,2.8326130596561865,-1.6682374346460225,-1.8686508361152987,1.1237041353880906,1.0411773180206052
0.6,0.0,0.7,0.3,0.2,0.2,-0.2009871104824076,1.190776300723711,1.2526384956419279,0.9177960787097066,0.7586143171515458
0.4,0.7,0.5,0.2,0.2,0.1,0.09549923609879965,0.8756515541914075,0.6926778229163897,0.6484938477437435,0.33222913493564654
0.5,0.4,0.8,0.1,0.4,0.7,2.268477687416368,-1.0553025192992707,-1.2698304027057623,0.9998261602631171,0.6730836528801479
0.9,0.2,0.6,0.7,0.1,0.4,-2.1342430286807157,3.251053194510308,2.8816437839764095,2.1826377814360534,2.2375759187211686
0.5,0.5,0.5,0.4,0.9,0.0,0.535901858627263,0.4471134835955426,0.4152005120578152,2.9397842069905837,2.6626497460231464
0.8,0.5,0.0,0.4,0.1,0.2,-0.8011152876011146,1.754972727285248,1.542280191621274,2.309680365819875,1.9597832969622169
0.7,0.3,0.0,0.4,0.4,0.6,1.2297223125029866,-0.04131605071718282,-0.2370183403219885,0.6090310671831808,0.46095789668563786
0.2,0.1,0.3,0.1,0.9,0.1,1.8112828669777237,-0.6750573153343934,-0.8134927878588454,2.1137643812394975,1.6505938360533692
0.9,0.9,0.6,0.2,0.7,1.0,1.4230245083928712,-0.19481873304690506,-0.5546469153752881,3.869843652556563,3.594665058931434
0.0,0.0,0.3,0.7,0.3,0.3,-1.050564415818301,1.9903872344016496,1.988392036295449,1.0100139481285617,0.726040836368701
0.0,0.5,0.8,0.3,0.9,0.9,2.1464567712000835,-0.9548589041301325,-1.2609819982956323,2.610729162363552,2.5371108457103824
1.0,0.7,0.6,0.6,0.6,0.3,-1.2648198755396043,2.058046041702593,1.9814501521157637,3.239790132807105,2.8705287511729987
0.3,0.6,0.7,0.2,0.1,0.5,1.250638828937487,-0.38548778765741454,-0.314033395978514,0.935061467746867,0.8497156547347412
0.6,0.8,0.2,0.0,0.2,0.6,2.174937850560881,-1.3375346519477613,-1.294803783760999,0.9955375966771933,0.794139975086449
0.2,0.5,0.8,0.7,0.3,0.7,1.7427501769733162,-0.6563714830504356,-0.6964896287648785,2.112126464783682,1.8740872526793855
0.7,0.5,0.4,1.0,0.0,1.0,0.5196770816936261,0.41770056857732574,0.4042228408403735,3.5567928601254515,3.3088390595215054
1.0,0.5,0.4,0.7,0.4,0.0,-0.8544568588635735,1.9856209720224702,1.9078572386069013,3.687280552862537,3.559375205642319
1.0,0.7,0.6,0.7,0.9,0.3,-1.1667679453475372,2.2652137342914815,1.7692707530962144,3.6779156142250096,3.5770697094352237
0.5,0.4,0.4,0.1,0.9,0.5,1.596647576863404,-0.5886427705037112,-0.6808677655016651,1.3709037533670048,1.328892682312985
0.7,0.2,0.2,0.1,0.5,0.5,1.7625224656479561,-0.7505946079476984,-1.0509744792851436,1.4109764185592668,1.3507101926051124
0.9,1.0,0.1,0.1,0.3,0.7,1.3385875068241153,-0.22961985094818488,-0.4460726005042839,2.764984249048262,2.745949272991378
0.8,0.4,0.3,0.4,1.0,0.5,1.4624334967333763,-0.7805981999498876,-0.6986322450724249,2.2337413956987513,2.1751657916377702
0.4,0.6,0.0,0.5,0.0,0.9,0.8390544978130554,0.09894670505183568,-0.0741534373800574,1.2675839431477764,1.3468630778336417
1.0,0.0,1.0,0.0,0.7,0.0,0.13206856675304257,0.9211536349732575,0.8012371630244894,3.6094474761839055,3.090151007684054
0.2,0.7,0.8,0.2,0.1,0.7,2.6565296355947146,-1.4568043990791084,-1.3857481345335345,0.49488121429551907,0.22066693177718294
0.8,0.9,0.9,0.3,0.4,0.6,1.4570951020876133,-0.6581949648942904,-0.6574901405140989,2.949244226419999,3.074318308445149
0.3,0.0,0.3,0.9,0.3,0.2,0.037544241522906,1.0189294796423287,0.8533546316297266,2.092046426856354,1.779398865202165
0.0,0.3,0.4,0.9,0.7,0.6,0.27798036932518994,0.8266784107228483,0.6645513682152304,1.9205664600650076,1.975088465605962
1.0,0.8,0.9,0.6,0.2,0.0,-0.8046512995339222,1.6606247212932297,1.5997885736481763,3.03865107232914,2.9879637602754117
0.1,0.5,0.8,0.5,0.9,1.0,2.0252868926506764,-1.200254100094459,-1.1684518146780891,2.9638730735668704,2.718140283473756
0.5,0.9,0.0,0.4,1.0,0.3,0.06142807877633766,0.7581448670065464,0.9074291404321987,3.249540293860995,3.179800955224138
0.4,0.9,0.2,0.8,0.4,0.1,0.00948082090080618,0.7381160523505061,0.681713228366793,3.345144843854014,3.058700405760708
0.9,1.0,0.4,0.3,0.2,0.8,1.1569308802494247,-0.19785761556930825,-0.2028715033987066,2.949282031079251,2.628099332055966
0.9,0.6,0.6,0.9,0.2,0.5,-1.18570852825304,2.4115037936280115,2.1711893544320207,3.4498324629292414,3.1701519928041955
1.0,0.5,0.0,0.4,0.5,0.1,-0.6697612586080486,1.8253310754975918,1.6126572338171943,3.311563759297028,3.1059331342739793
0.5,0.7,0.7,1.0,0.6,0.7,1.1790374627016411,-0.15477952182831212,-0.514216054341949,3.5582890229826507,3.3018187912804255
0.7,0.6,0.1,0.4,0.1,0.1,0.09781796230687398,0.9860166898092314,0.8010632229056305,1.8201599959504755,1.6104530404086952
0.2,0.3,0.1,0.7,0.1,0.2,-0.598296296319248,1.6292106431167266,1.7402203004022117,0.6598651230043189,0.4363382511953839
0.8,0.7,1.0,0.8,0.3,0.9,0.7586926729583989,0.1800987376577536,0.3205158741175082,2.8371315329947313,2.5984386311923755
0.1,0.8,0.1,0.4,0.4,0.9,1.6934874309139056,-0.676758586769114,-0.6990057870209355,1.1960555991629154,0.7318685329257569
0.5,0.0,1.0,0.6,0.8,0.0,-0.10044699514373634,1.2263557791020667,1.2115754222950559,3.0148309534372526,2.8463639055506116
0.6,0.4,1.0,0.2,0.1,0.3,-0.554073441953874,1.4116528380593605,1.2834627376862968,1.1155611250416395,0.933736425659026
0.5,0.8,0.0,0.6,0.7,0.3,-0.09027877719552363,1.2032939685963293,1.0451654940979789,2.2893753268714043,2.266621929228491
1.0,0.6,0.4,0.3,1.0,0.4,0.2761445726161865,0.7796349661189973,0.6218854575441197,3.2958317104546184,3.081796907453772
0.3,0.3,0.6,0.9,1.0,0.1,-0.09807570919965675,1.11369278665016,0.826739120070183,2.79822895456503,2.5062503426776246
0.5,1.0,0.4,0.8,0.8,0.3,0.05935148814988962,1.0889346728768154,0.9031605117232947,4.237331571151832,3.689532106519515
0.9,0.8,0.4,0.7,1.0,0.1,-0.03893875273037324,1.252834577064127,1.091822622672778,3.6467359900054968,3.7656413548768257
0.5,0.2,0.7,0.0,0.6,0.3,0.4822774339047676,0.409134356155905,0.41711047036603316,1.609659664334938,1.5505841782823726
0.1,0.4,0.8,0.8,0.2,0.2,-0.7433590382985754,1.8436064851094032,1.577533688998308,1.6211609021576885,1.4524356458807677
0.7,0.6,0.7,0.6,0.2,1.0,1.3705193228685253,-0.41342061648486184,-0.4884697819781468,2.16097206714514,2.1381312795401404
0.8,0.7,0.3,0.1,0.5,0.4,1.588583186922132,-0.44205328211080225,-0.5132739209595207,1.3510390792193077,1.3486556305369855
0.3,0.0,0.3,1.0,0.7,0.5,1.1306804676656539,-0.21770838153496053,-0.2210333079972308,3.1608191307457365,2.9988252141383587
0.6,0.8,0.6,0.3,0.2,0.8,1.2310599893895104,-0.34863880807268754,-0.27919730085723427,1.2091643184117555,1.0668968006573534
0.5,0.9,0.3,0.4,0.7,0.5,1.6747582342167369,-0.5918633911936892,-0.5338329966846771,3.1352796849933573,2.8167342544438205
0.4,0.6,1.0,0.3,0.9,0.3,0.4606216405771393,0.351515134883039,0.4305372790771841,2.7714272731703167,2.5955778874735405
0.1,0.6,0.9,0.0,0.1,0.3,0.39952893183931815,0.6991377855636698,0.24870133014090257,1.1954333111452622,1.0607521199454808
0.7,0.0,0.2,0.7,0.5,0.9,1.8775812970939605,-0.7323286484065881,-0.8638060476561793,2.0370140780972554,1.8920943772256744
0.8,0.1,0.5,0.1,0.3,0.9,1.2457870965634397,-0.2849777990127361,-0.19104584191663138,1.5357272504565846,1.3578206370197174
0.4,0.1,0.1,0.5,0.2,0.4,-0.7555541402805275,1.3602732497623249,1.624813660275111,1.2281547193385178,1.1167141612364
0.9,0.7,0.5,0.2,0.0,0.5,-0.3106262720039708,1.3455031214159996,1.226184419619813,1.28986948063999,1.0071234654019174
0.1,0.2,0.6,1.0,1.0,0.3,-1.2888187801793871,2.0846255571578594,1.9958699006451697,3.559740279642492,3.5149851339234006
0.7,0.3,0.8,0.7,0.5,0.2,0.07794658632410591,0.9593601869111149,0.804894805487545,2.0323624516657293,1.8673404615952336
0.2,0.1,0.1,0.7,0.2,0.2,-0.8418818721305089,1.6822161561873226,1.6623556037341418,1.6688437186413674,1.5822594915874735
0.4,1.0,0.0,0.5,0.5,0.4,0.16117275249613394,0.692152434886935,0.6202485255920326,3.052986950065304,2.5262499045546125
0.9,0.0,0.1,0.7,0.6,1.0,0.5064292916923102,0.44218572415676655,0.3454869601412788,3.0487817479171873,2.978752302945833
0.4,0.2,0.7,0.2,0.5,1.0,1.904673715235328,-1.114399955752463,-1.204764915318869,1.3099924754589098,1.188681001761189
0.0,0.0,0.2,0.0,0.4,0.9,1.7494782572018295,-0.8840266872215139,-1.1110755745694345,0.42373162494939604,0.30404380292110267
0.5,0.4,0.4,0.0,0.6,0.2,0.7898416357644704,-0.07591534550936457,-0.08221633438551795,1.2852686318988331,1.203070535214631
0.8,0.3,0.0,0.0,0.8,0.2,0.85081125105967,0.12877934075209552,0.18752564741371985,1.7750982537716182,1.61794608078753
0.6,0.7,0.8,0.8,0.0,0.8,0.9544205060005021,-0.10360148998864765,-0.2132352611854197,2.0450553880712565,1.7559069358113961
0.3,0.9,0.3,0.0,0.1,0.3,1.4777153030632555,-0.453023254800634,-0.3699075076063875,1.4040389417279064,1.3146469325547498
0.7,0.3,0.6,0.3,0.1,0.0,-0.06826795025563287,1.058344813230013,0.9899574973938744,0.7010797580558037,0.4756571895545275
0.7,0.1,0.2,0.6,0.4,0.2,-0.073569996987201,1.032353949310275,0.9715109902079421,2.170879680434463,1.9504738951542633
0.3,0.0,0.5,0.9,0.5,0.7,0.8844940582141284,0.022559089773065172,0.1273632630613213,2.2713220493995068,2.150098177848677
0.7,0.0,1.0,0.5,0.4,0.8,1.078305820317706,-0.05452002514700875,-0.27249508995952987,2.0216675782270435,1.5833288307708107
0.0,0.1,0.9,0.3,0.0,0.1,-1.0090673272088755,2.012184685219094,1.9032197890501854,1.376568545788478,1.0618663413424843
1.0,1.0,0.4,0.2,0.5,0.9,1.7567965167593336,-0.5530400871662343,-0.8419945731705082,3.4770624243692736,3.490178888513311
0.1,1.0,0.3,0.3,0.6,0.7,2.607453728885356,-1.7769727406435805,-1.8901322271422143,2.6595086832021826,2.3968895646225388
1.0,0.1,0.5,0.2,0.8,0.0,-0.5025425211022923,1.4590665817432882,1.2400398945102467,3.731840090622762,3.5046743978704935
0.5,0.3,0.5,0.6,0.4,0.0,-0.5257570965252923,1.5401588856560189,1.4737044769244836,1.0104339641971907,0.6837613418933803
0.3,0.0,0.4,0.2,0.8,0.9,2.8506578052924323,-2.1018878839712984,-2.214104935197844,1.3268571337090929,1.2159368526457914
0.6,0.6,0.3,0.0,0.1,0.2,1.061101822330999,-0.05278457725935205,-0.014224953176863064,1.1561778770435425,1.0652210398460666
0.5,0.6,0.8,1.0,0.7,0.1,0.1618858852197079,0.9231823608322652,0.5260326413768325,4.591792682862552,4.471972840363551
0.4,0.9,0.0,0.4,0.2,0.9,1.3580485181082014,-0.522971438740329,-0.7289163881380294,1.983665983532257,1.6542780711206226
0.6,0.7,0.2,0.6,0.9,0.0,1.4226997989047252,-0.4611192576749772,-0.5151510033718626,2.4999303270812407,2.3472256790685977
0.5,0.7,0.4,0.6,0.9,0.7,1.8861635118287636,-1.0024570639142323,-1.3826856817594675,1.888080155436774,1.7161434149617025
0.3,0.9,0.1,0.1,0.2,1.0,2.285563434694191,-1.3649544272175032,-1.3928903154443166,1.7274708121840747,1.4145803083789583
0.5,1.0,0.8,0.8,0.7,0.2,0.08115735019858833,0.7335869186796746,0.8733403313234824,4.584520486867183,4.44322897134609
0.5,0.8,0.4,0.8,0.4,1.0,0.9715630401089037,-0.14334558358693322,-0.2186953838410703,2.0584544397375923,1.789804499183939
0.6,0.7,0.0,0.3,0.6,0.4,0.6879293151978998,0.38027444476719896,0.31162546837424787,1.5768701066716817,1.214883571908819
0.8,0.9,0.7,1.0,1.0,0.7,1.316268754110094,-0.2354354802010437,-0.41184514206619127,5.689027737331662,5.558028359361629
0.7,0.1,0.7,0.1,1.0,0.7,2.5205484149572444,-1.5160284093923686,-1.4770849399944792,2.945803005297298,2.4938777785528172
0.8,0.1,0.5,0.8,0.6,0.4,-0.9210149741244011,2.0513094109179053,2.023889845856009,3.5065881975085107,3.3206229222648425
1.0,0.7,0.1,0.2,0.2,0.2,-0.6322718003254001,1.4399442429198148,1.380820122376023,1.8143667424734777,1.4842697867847632
0.5,0.0,0.0,0.1,0.7,0.4,0.5321475652662807,0.10317271518388227,0.3866690277784661,1.5760798617523115,1.256596655752304
1.0,0.3,1.0,0.3,0.5,0.1,-0.8362081324749201,1.9414501379847104,1.7671689416247272,2.430233184258841,2.3256869305345376
0.2,0.6,0.5,0.8,0.2,0.6,0.4614544183688092,0.5815448089056872,0.4203173830447707,1.9119909619719337,1.7434282851297433
1.0,0.4,0.6,0.6,0.9,0.2,-1.2932940028306454,2.2807980811833977,2.2506886644865003,3.372177135085347,3.506404455108253
0.4,0.4,0.9,0.8,0.8,0.7,1.6590340820982774,-0.7131905234530562,-0.6668589506368957,2.857754297283451,2.852160186715012
0.8,0.1,0.4,1.0,0.8,0.8,0.9789884063509169,0.05808873494632355,-0.3073180929490558,4.503256340347667,4.39640595055323
0.3,0.9,0.8,0.3,0.2,0.9,2.5222067783951503,-1.4941550758913402,-1.5491134543678509,2.1653871261451982,1.7554960739720809
0.4,0.6,0.9,0.4,0.4,0.3,0.31290348882104335,0.697249362065279,0.42607981661291305,1.817679984084099,1.5977515610788353
0.1,0.9,0.4,0.7,0.2,0.2,-1.0563165025294001,1.970430420580307,1.7248270072037815,2.3120161060823685,2.289909628512948
0.5,0.1,0.1,0.0,0.3,0.6,1.0865607592656734,-0.20684817849491077,-0.21589657794501213,1.357900003946434,0.9228849352472885
0.6,0.8,0.2,0.7,0.5,0.1,0.4567900098381121,0.5868879132626531,0.5372229054232062,2.5052537494902127,2.212814364699747
0.3,0.6,1.0,0.4,0.6,0.6,1.9522143827668286,-0.7832853645974867,-0.8880898097104397,2.605154327242913,2.3464032074439434
0.5,0.8,0.4,0.0,0.8,0.9,3.118020140790217,-1.899587752318919,-2.208046280093933,1.8149512124116365,1.7388282330401363
0.1,0.3,0.7,1.0,0.7,0.8,1.0188822951944112,0.032450026188909006,-0.10242438246351757,2.792268254638412,2.5183885267605137
1.0,0.3,0.3,1.0,0.0,0.3,-1.9305252339038925,3.0090413498080353,2.8821891688122725,2.8617819172570447,2.889557481104385
0.6,0.0,0.4,0.7,0.6,1.0,1.305572245591647,-0.31851005660035864,-0.3919205284443876,2.329929893918076,1.99992230829027
0.3,0.2,0.3,0.2,0.1,0.2,0.7261288058071392,0.47603782172539394,0.2167303775977342,0.47569798709370736,-0.006827382339121724
0.9,0.1,0.6,0.6,0.7,0.0,-0.9211161159485206,1.954483243379675,1.7518048503835721,3.8836405740811384,3.554876629391978
0.8,0.4,1.0,0.1,0.4,0.0,0.4027029031256405,0.5915614218257143,0.5293891367304453,2.307746711289793,1.7723957366079024
0.6,0.1,0.3,0.4,0.2,0.7,1.6724126123926166,-0.5154781556467797,-0.5360754278327102,1.3914990553837232,1.1695225871568928
0.4,0.9,0.4,0.5,0.6,0.3,0.2601964062870721,0.5995480614228555,0.4593632224877774,2.900957647756342,2.796548158779106
0.0,0.7,0.6,0.4,0.4,0.7,0.6137809493788796,0.41148541678448114,0.18825228192700416,0.591878964053061,0.3094372112911974
0.2,0.6,0.9,0.5,0.1,0.5,0.7832204718488798,0.2647689643081679,0.019216700441036072,1.7249161172287226,1.2919061300178747
0.0,0.7,0.9,0.8,0.4,0.5,-0.5665520766184444,1.22371917430564,1.0595294937647628,2.0695828173528903,1.6237805605963487
0.5,0.3,0.6,0.3,0.7,0.5,0.7098819641640081,0.3971782047946938,0.20322753871027,1.0817704721872246,0.966607983253489
0.7,0.2,0.3,0.4,0.6,0.2,0.8937368909051594,0.21932442128852916,0.0833582124640351,2.0354551550152142,1.7589514937933037
0.0,0.1,0.4,0.0,0.0,0.4,-0.6350944441154396,1.6168347320940113,1.508722750433883,0.6089680067788572,0.3104216776226252
0.7,0.2,0.2,1.0,0.2,0.9,0.8835633866669148,-0.056565957481843114,-0.1743274878842972,2.7384449610205546,2.7200981643813034
0.8,1.0,0.1,0.3,0.5,0.9,2.3629749778145444,-1.0953348146542865,-1.4346295104675322,3.216770963903117,3.088491285836335
0.2,0.3,0.7,0.4,0.1,0.9,1.634270911583174,-0.5262659999324394,-0.6994674968258778,0.008036609557864581,-0.24881334461626947
0.2,0.1,0.0,0.4,0.3,0.2,-0.456622643077054,1.3819694326407994,1.2119373565380918,1.2046335851488756,1.055022982982514
0.1,1.0,0.8,0.9,0.0,1.0,0.6229551184569256,0.25942661994612354,0.3729687525613772,3.453615517845062,3.3302472944071253
0.8,0.3,0.0,0.9,0.5,0.9,0.810190943506318,0.2071155373055908,0.26446148064933,2.6561713520976804,2.4645009377029328
0.4,0.8,0.4,0.5,0.4,0.8,1.8934799215090108,-0.9926139948282799,-0.8669364265003725,1.2391138416099614,1.081794640658569
0.8,0.9,0.0,0.7,0.3,1.0,0.5430821622213475,0.2689783254696275,0.3308367112071705,3.251142261596924,3.149282933272951
0.6,0.0,0.5,0.3,0.5,0.7,1.1612392387496848,-0.13251778105669543,-0.37883121777384987,1.2841059269083437,1.1817223481391397
0.9,0.4,0.1,0.9,0.6,0.1,-0.911210797310504,1.9180823131831173,2.004089287460446,3.9641940150485535,3.788959454435259
0.1,0.7,0.2,0.8,0.3,0.3,-0.4068295077028841,1.2879621613300394,1.073612979369878,1.3859808691271587,1.1765269146998887
0.5,1.0,0.4,0.3,0.7,0.1,0.9895267565663964,0.08424242632320145,-0.042846423599272515,3.31537389239644,3.003551780508594
0.2,0.3,0.2,0.8,1.0,0.3,0.7956861425113633,0.4721183181184387,0.33049400355514225,1.960133703962457,1.8065087238649866
0.7,0.8,0.4,0.9,0.8,0.0,0.7955443083868529,0.19355460423704038,0.32255552838196927,3.9903011133866073,3.82802495968195
0.7,0.6,0.2,0.5,0.0,0.4,0.09067235901486706,0.7916791036534945,0.716669215526942,1.61482404924555,1.4087576628156822
0.7,0.6,0.3,0.7,0.4,0.6,1.782272166215658,-0.5472309392944289,-0.5857230339804672,2.49139998806968,2.3869916194612006
0.2,0.7,0.5,0.1,0.7,0.9,3.0870750292110993,-1.7153762148487304,-1.959210683999653,1.0895904699699814,0.8767369535844173
0.4,0.9,0.2,0.9,0.6,0.7,1.5894745148338414,-0.8283737271035906,-0.9982575705930441,4.004515393855931,3.8632573257653466
0.9,0.4,0.4,0.4,0.6,0.0,0.22812740696205597,0.7676653884306809,0.48273693919041916,2.5018651339232654,2.376261827480679
0.9,0.6,0.0,0.2,0.3,0.0,-0.03341101931342891,1.208091865465921,0.969686279287248,2.39314169111232,2.210844716627593
0.8,0.7,0.0,0.8,0.3,1.0,0.7019524841773751,0.18889605175631374,-0.025359538997664438,2.3024237053753875,1.9967537271312101
0.1,0.6,0.2,1.0,0.0,0.7,0.6034109004814017,0.3353019661703246,0.24911456313545155,2.6727592758700767,2.650666675761902
0.0,0.1,0.3,0.0,0.1,0.3,-0.21184825334572804,1.020454656627971,0.9486713849356796,0.7803922949777227,0.5051774879136629
0.5,0.1,0.3,0.2,0.6,0.5,1.4155904482947905,-0.5284164958203125,-0.48606911285916915,1.9770453595567032,1.7842968925584952
1.0,0.2,0.0,0.9,0.5,0.2,-2.060403863292192,3.097339467489985,3.1196981859770654,3.9978076094660286,3.6710245063495734
0.5,0.8,0.4,0.8,0.6,0.2,0.02622714444578811,1.251743739862453,0.9622826666464437,2.749746763714814,2.597873940697608
0.8,0.6,0.6,0.9,0.1,1.0,0.16840983910781498,1.1181342234335347,0.9139209905941437,3.289853152149293,2.9991512278546617
0.9,0.9,0.5,1.0,0.7,1.0,0.2661386529511918,0.6864228996640761,0.7709822270777396,5.598142748691967,5.609582313380224
0.6,0.5,0.1,0.2,0.5,0.9,2.1073420564238416,-1.0309573630679627,-1.2462351015884123,2.092664680573981,1.783217640029749
0.7,1.0,0.0,0.0,0.0,0.9,2.037292091699526,-0.9874206161050901,-0.9799780883670186,2.2558038444934634,2.014502640446072
0.5,0.4,0.8,0.2,0.6,0.9,2.532968378617412,-1.7662174251015186,-1.6736532771023944,1.9837647927587838,1.5005020021037498
0.8,0.3,0.7,0.6,0.4,0.1,-0.48806434526088965,1.439088608003527,1.0714819270623002,1.5903435492169768,1.3292606553993822
0.1,0.5,0.3,0.3,0.1,0.9,1.7716320801911658,-0.6936310246260315,-0.8990014956091097,1.024137590883076,0.7079355511717049
0.5,1.0,0.8,0.1,0.5,0.5,1.7073867104544582,-0.7342679610752002,-0.7346829392782555,2.8005537150401234,2.546906631688406
0.5,0.5,0.1,0.7,0.9,0.3,-0.2975114280846657,1.0698451774077802,1.0766456187513027,3.331884397759857,3.1607823628152674
0.8,0.7,0.9,0.6,0.7,0.9,2.0095134073134235,-1.1536893094612088,-1.0756500248265617,3.0665045081203917,2.800188399320309
0.2,0.8,0.0,1.0,1.0,0.6,1.363144557410443,-0.18867120096447826,-0.3787459157032793,3.8155324479081276,3.56525254283616
0.8,0.2,1.0,0.9,0.3,0.1,-1.4054352892654034,2.582041788263881,2.241787670281352,3.488573254738629,2.9954922315440378
0.5,0.0,0.1,0.1,0.3,0.8,1.626871309122681,-0.8232589116572419,-0.6843967316276904,0.43032053526970915,0.33234943290459606
0.7,0.6,0.6,0.2,0.8,0.2,0.7405623816592709,0.3590459355146427,0.02936010683789647,2.9518904257235197,2.5882124396894137
0.3,0.2,0.9,0.6,1.0,0.3,0.6262015142769362,0.5832336373226567,0.21080222431865378,2.5752056448364757,2.316000716635594
0.6,0.7,0.0,0.1,0.5,0.3,0.6433694668905443,0.35092736439843913,0.250232375965616,1.0656733908401559,1.0486852955054549
0.3,0.4,0.9,0.5,0.1,0.3,-0.029972507186611055,1.008051666631142,0.9321003058959025,1.2080121685014258,0.9284172260472072
1.0,0.2,0.2,0.3,0.7,0.3,-0.16780514674681107,1.1495344898290936,1.0808708224473529,2.8482364901386092,2.8187615211514645
0.4,0.4,0.8,0.8,0.9,0.8,2.011189160216651,-1.1459318730947374,-1.0072390151447064,3.052745084834588,2.595654162651643
0.2,0.9,0.0,0.0,0.2,1.0,2.144740349768845,-1.1742231918281953,-1.3787482410986083,1.633863211566891,1.5211605432596615
0.6,0.1,0.6,0.8,0.2,0.7,-0.2520217874392725,1.071994706219972,1.1156597947385904,2.4376919249916034,2.246036418294287
0.6,0.3,0.4,1.0,0.2,0.9,0.5820024275132624,0.4321376093695603,0.2705986657712437,2.0443920627269625,1.7810337589073064
0.1,0.1,0.8,0.1,0.0,0.7,1.1133636874859563,-0.39009449765616366,-0.4585882481503373,1.1454534283352635,0.8289685175073485
0.2,1.0,0.7,0.5,0.3,0.6,1.5599428982348902,-0.3768104254580591,-0.40955344550969824,2.249837650364573,2.0742529806659653
0.5,0.1,1.0,0.9,1.0,0.4,-0.8613294452204784,1.8356848410790771,1.8613049306535627,4.185398134000254,4.2578508082205495
0.5,0.2,0.8,0.4,0.5,0.4,0.14113113077850722,0.7618967830842588,0.4657391334309669,1.6793725872340746,1.4722558506488752
0.1,0.0,0.7,0.6,0.4,0.9,0.8147647420020879,0.17864290604008035,-0.09479761932131714,1.1354913472076558,1.1091308807924136
0.6,1.0,1.0,0.2,0.9,0.4,0.8855450425935865,0.028126295384439268,0.052238219710497046,3.7648022060589663,3.5733598446906907
0.9,0.3,0.1,0.1,1.0,0.2,0.2994745532567192,0.7605782353960193,0.6138293008463513,2.0076261422770654,1.819706038060944
0.2,0.6,0.9,0.8,0.2,0.7,1.3611015704152363,-0.3160089855652275,-0.25125288800660883,2.6629673140804844,2.235857139055291
0.5,0.8,0.3,0.4,0.0,1.0,1.5692898227852567,-0.7759247858840357,-0.8241954430965064,0.756357315400423,0.7872197406532153
0.5,0.0,0.0,0.7,1.0,0.8,1.261563575506668,-0.2528978773514697,-0.34037942816806765,2.385211124158336,2.14326399692389
1.0,0.5,0.4,0.2,0.1,0.1,-0.6214387592118242,1.4812194745986114,1.4906685116434886,2.360757021005136,2.4606143360844497
0.2,0.9,0.3,0.4,0.4,0.0,1.4921905160921758,-0.5164563965212864,-0.47950209489404794,2.20208516413285,2.0088139327456473
0.1,0.3,0.3,0.8,0.1,0.0,-0.36353786983255676,1.5486844739468002,1.3264823255062805,0.9496988762033146,0.9304029069639452
0.2,0.1,0.9,0.0,0.9,0.3,1.365955550683708,-0.33396697387708824,-0.43349949321591885,2.4384729602799133,2.0579747923200107
0.6,0.9,0.3,0.6,0.8,0.0,1.409737427423131,-0.21612738130125378,-0.3604372721414664,3.7628165780582723,3.702668999632335
0.3,0.6,0.6,0.2,0.2,0.2,0.28280640085623443,0.743109404263358,0.5866446857052965,1.131227843951526,0.8853767893648646
0.1,0.4,0.1,0.6,0.1,0.7,0.4980525519168238,0.4550754484912291,0.5761257229041167,0.6983291242497734,0.4939084831760498
0.9,0.7,0.7,0.2,0.5,0.9,1.9661841841982008,-0.8048656680657192,-0.8746916406131879,2.028054446636827,1.7224340705432586
0.0,0.7,0.2,0.5,0.0,0.1,-0.39144141862306453,1.453160655024199,1.5007242308577375,0.6592289862402987,0.2356952696750608
0.9,0.7,0.1,1.0,0.5,0.9,0.8710185637697044,0.2848532869641707,0.2935085565792335,3.6993621566047685,3.586881714860045
0.0,0.2,0.2,0.0,0.5,0.8,2.1988896277305434,-0.8391356610577856,-1.2517224461254175,0.6809142571607878,0.5516403084122705
0.1,1.0,0.2,0.7,0.5,0.5,0.9351971787926583,0.30756159389737797,0.11196354669596897,2.9987521567979067,2.897444114347566
0.9,0.8,0.2,1.0,0.4,1.0,0.6707259895532417,0.16046322700725552,0.13081825955477355,3.94165489296212,3.5951285960621826
0.2,0.5,0.5,0.0,0.9,0.4,1.5579208535101576,-0.2934318205059211,-0.5469353998710496,2.123286331322801,2.0871439393649642
0.6,0.3,0.6,0.2,0.9,1.0,1.791121811977611,-0.8829719549100926,-0.8303684193912957,1.33218809212766,1.1224267817694116
0.9,0.3,1.0,0.7,0.7,0.5,-0.3593790470030296,1.618274488870662,1.385662541561768,3.193244060226943,3.2072922806186064
0.4,0.8,0.4,0.7,0.5,0.1,0.18251115972041548,0.7612323317299856,0.698320925013132,2.1708108768450063,1.9090977561273041
0.7,0.1,1.0,0.2,1.0,0.7,1.8482647141563604,-0.9923496695473843,-0.9383874371507386,3.1009365503595263,2.8311100871220924
0.1,0.7,0.8,0.5,0.6,0.2,0.5662409921922847,0.403107983420454,0.3059273854281103,1.963963968208989,1.6774195193669716
0.3,0.8,0.6,0.5,0.1,1.0,1.107891658204915,-0.1375710433017333,-0.1459930609910334,0.9795752092274632,0.868935846275926
0.3,1.0,0.1,0.2,1.0,0.9,3.1024390097196686,-2.32517808717369,-2.2784328464957393,2.9031014280221656,2.8442139731626495
0.3,0.2,0.4,0.7,0.3,0.1,-0.3448833499509346,1.0864570437427898,1.0605074010884892,1.4421804479476117,1.119521404542816
0.6,0.3,0.3,0.8,0.7,0.2,0.4548909065295096,0.7483673381966188,0.5808328468998146,2.163232475430945,2.1123127175763976
0.2,0.9,0.5,0.9,0.0,0.6,0.08832634068373188,1.0276117085375343,0.8419586105246357,3.057355950618771,2.84749129621238
0.7,0.0,0.9,0.5,0.7,0.1,0.4632434936567548,0.44370187320069165,0.21170366741333047,2.7014191602764233,2.643889160248992
0.0,0.4,0.4,0.3,0.2,0.8,0.9272267555364365,-0.25423482698529004,0.04916875450899383,0.19930211091739172,-0.04148252844353032
0.9,1.0,0.5,0.5,0.1,0.6,-0.25188569476509126,1.2305664328655643,1.2979823469798275,3.0621576558728902,2.8902231033563806
0.5,0.4,1.0,1.0,0.8,0.9,0.7508224283346319,0.24510606532396262,0.1753659383679895,4.0568314611922975,3.8317853665842634
0.4,0.2,0.6,0.6,0.4,0.9,0.6116268639515902,0.33963161823379695,0.24621287786551802,1.283842602244939,1.2449542670802802
0.0,0.5,0.5,0.5,0.2,0.6,-0.28227103389732217,1.3600711986014562,1.3327375906175867,1.1827508577382846,0.9848161900131296
0.9,1.0,0.1,0.0,0.6,0.2,0.6662629129304954,0.49712785474201465,0.30781429851395575,3.7228997708717975,3.4039758360094208
0.5,0.1,0.4,0.3,0.2,0.9,1.2301329603519378,-0.17101149294958523,-0.35354653479831755,1.0628677466574412,0.9752755050367727
0.6,0.0,0.5,0.4,0.3,0.6,0.4975707942194956,0.4845625325324031,0.4131738757675607,0.849296045374417,0.36637260211775247
0.3,0.7,0.8,0.1,0.0,0.9,2.694296022894882,-1.523158662136184,-1.9082525684389886,0.46829049478607343,0.36418120437309126
0.8,0.2,0.0,0.0,0.3,0.2,-0.15920265500145425,1.0056158915010787,1.1120874149862374,1.3788961944269291,1.0581946624377387
0.2,0.1,0.2,0.4,0.5,0.3,0.5045198022734204,0.5537900036525367,0.3681657225317683,1.7512436832820724,1.463760630112223
0.0,0.6,0.9,1.0,0.3,0.1,-1.1596432547021518,2.011402115406443,1.9871327573649018,3.5390097479027656,3.281472226253332
0.7,0.4,0.8,1.0,0.8,0.5,0.9049158829308781,0.16994169942730294,0.12952171312803923,4.194702025720136,3.8490538116869506
0.9,0.6,0.7,0.2,0.5,0.5,0.588197878713647,0.18781292160047114,0.08288563380826215,2.545195285884766,2.597172855889293
0.8,0.4,0.7,0.3,0.5,0.2,0.12377755893983287,0.9363386778857417,0.4877418478138078,1.9439439723908143,1.784664637680018
0.9,0.0,0.4,0.7,1.0,0.8,1.1437912297860882,0.015416106340138534,-0.15495189118872826,3.198145624222839,2.900769802072606
0.8,0.6,0.6,0.3,0.1,1.0,1.1248008632947468,-0.02897310782718036,-0.19396619041048577,1.8101773737089393,1.8983725281895263
0.9,0.7,0.1,0.8,0.7,0.7,0.9401712112840465,-0.04422070617893184,-0.08969704532132594,3.7430032679096765,3.3370878281699983
0.0,0.1,0.1,0.2,0.5,0.0,-0.009827564404743062,1.0970129451663826,0.8758323682701363,1.6603123042454073,1.5345994720910119
0.2,0.4,0.3,0.7,1.0,0.8,2.476958859979244,-1.5128246119698543,-1.8394464066955312,2.07358205172918,1.9525767059809773
0.0,0.5,1.0,0.8,0.5,0.7,0.0728072206130778,0.9365759724931263,1.040324690466853,3.2396469840344806,2.942569726254296
0.6,0.7,0.7,0.1,0.5,0.0,1.5764823101834784,-0.3211870841784731,-0.5765802879228238,1.4671704443111904,1.3255006559034217
0.6,0.0,0.1,0.8,0.7,0.6,0.8197314159447415,0.11989219391557121,0.10609662236584863,2.6827061847098874,2.563874363247714
0.4,0.1,0.6,1.0,0.0,0.9,-0.40670244295497815,1.4156011910736908,1.3676385912549458,2.9778629667742353,2.8128645998147053
0.4,1.0,0.8,0.2,0.1,0.3,0.7276163364109418,0.3941425600681506,0.32246811973040423,2.160340938787702,1.9922629229444053
0.1,0.3,0.9,0.6,0.0,0.7,0.6683234157501633,0.4947303634728989,0.5300621154113638,0.49156198740106816,0.2934661911694318
0.4,0.1,0.8,0.8,0.4,0.4,-0.3795747004160239,1.3465623035973635,1.2088515722955997,2.8636534074658853,2.3825096625882223
0.9,1.0,0.5,0.4,0.4,0.5,-0.14477122620404026,1.127302512912826,1.1582212462139023,3.2727166561750867,3.105867419702363
0.7,0.8,0.4,0.6,0.2,0.9,1.4667767182351097,-0.6217677743638907,-0.4847090947004573,1.68282877368331,1.526896562444741
0.0,1.0,0.1,0.5,0.0,1.0,0.17965812204027728,0.6711279787931975,0.3401800802963159,1.9910357395142764,1.8720098696068916
0.3,0.5,0.9,0.9,0.1,0.6,0.7987746215095899,0.2955455340292803,0.11268089529879491,2.9606193069256075,2.792527380604196
0.2,0.6,0.6,0.5,0.8,0.8,2.301265605812226,-1.0695481764439065,-1.1227419660847846,2.308295945370889,2.372724692154614
0.3,0.3,0.7,0.2,0.6,1.0,2.6462091455843204,-1.653007346373175,-1.7438818525853093,0.8290848147426046,0.831597587265666
0.4,0.5,1.0,0.9,0.2,1.0,0.09669743693989408,0.6848649964207769,0.7452311676292547,3.298237216329309,2.77216436084728
0.1,1.0,0.5,0.9,0.4,0.9,0.5641721837891491,0.5800728371237485,0.31215665414938626,3.3418611424122435,3.24647239630764
0.8,0.0,0.8,0.5,0.1,0.6,0.6948397013911408,0.22010440084901728,0.12064206178219496,1.6622565017839963,1.2995656020202384
0.4,0.5,0.0,0.7,0.9,0.7,1.3983526164647955,-0.45321009108758525,-0.40632849789505,3.144911876380304,2.9893160590538765
0.3,0.4,0.2,0.6,0.9,0.2,1.1675703549535918,-0.027059887083002873,-0.16590256683284293,1.8942164463988116,1.8626726445893127
0.9,0.6,0.6,0.4,0.8,0.6,0.9563233502147881,-0.053983274977149,0.08680634946604181,3.11401085815021,3.0747720194779604
1.0,0.7,0.3,0.0,0.7,0.0,1.5080417702192639,-0.5182847382081804,-0.4862684543089807,2.978517491970631,2.648554268537722
1.0,0.9,0.9,0.6,0.1,0.6,-0.1336526363623848,1.2890093288514413,1.1208353016078056,3.978346357150021,3.6599861452427422
0.3,0.3,0.2,0.5,0.8,0.2,1.1238665808077568,-0.1026869717864317,-0.2801553943528472,1.4468622410501357,1.1800208926034577
0.4,1.0,0.0,1.0,0.5,0.9,1.066860458289141,-0.3097991777017308,-0.10266879303979941,4.564140921914898,4.276947955355668
0.4,1.0,0.6,0.1,0.9,0.5,1.5427347250969412,-0.5274934707997745,-0.776591136920954,2.8649002826993444,2.8000140386937633
0.6,0.2,0.2,0.3,1.0,1.0,2.6359721628167603,-1.5328253354542727,-1.5766883325618444,1.9903106737416087,1.9175495784512784
0.7,0.2,0.3,0.3,1.0,1.0,3.026841020797349,-1.5501964394916872,-1.8608015628348649,2.084300351055566,2.0320865128539567
0.1,0.5,0.2,0.5,0.3,1.0,1.5205624593004945,-0.4158783747291846,-0.43593792970143275,1.350069673347044,1.3730938308998488
1.0,0.6,0.1,0.3,0.0,0.2,-1.16761057704481,2.2223802511463204,2.043707298041641,2.5976002896938,2.1726107687582927
0.5,0.5,1.0,0.8,0.6,0.6,0.3439565011111424,0.6586141710453486,0.6356715311777086,3.7163478204151335,3.6117588266068177
1.0,0.9,0.0,0.3,0.7,0.1,-0.39554471903332944,1.0627383449023622,1.1575784714592887,4.317392587984539,4.127352974507836
0.6,0.6,0.2,0.5,0.0,0.4,-0.0036892558397782285,0.8908093426123264,0.9284041444503545,1.5034652626585319,1.2609879595117994
0.2,0.3,0.5,0.4,0.8,0.1,0.5218897824296518,0.31309833259859593,0.25550771579078535,1.2155362605083118,0.9204775168803777
0.5,0.8,0.7,0.4,0.7,0.1,0.6121953050921721,0.06180906053759461,0.32129237690089474,2.4902140001715316,2.172028013935304
0.1,0.3,0.6,0.3,0.4,0.4,-0.2268515936786945,1.3485836935206583,1.4088697692824308,-0.026908970320889694,-0.24716948247469567
0.1,0.8,0.0,1.0,0.0,0.4,-1.3288934670249175,2.3325406940111377,2.1811044071726675,2.598212869003664,2.159051771296564
0.4,0.8,0.4,0.6,0.5,0.0,0.7003385032278329,0.43833565625511905,0.3054388160285828,2.0354522009079297,1.706094324352948
0.9,0.9,0.9,0.7,0.8,0.6,0.7128274481126327,0.33940272573862507,0.17366310422204514,5.018390746980037,4.701443391651204
0.6,0.5,0.6,0.7,0.2,1.0,0.33450445888981867,0.8080477563115283,0.5886216534336314,2.4483695698985484,2.0615684229593603
0.1,1.0,0.0,0.6,0.8,0.7,1.244382681828568,-0.5086523909993977,-0.7467935102861156,3.3877804796359294,3.1291396765661323
0.2,0.0,0.7,0.3,0.7,0.4,0.9769893947985319,-0.01124230285288403,0.09894504605810883,1.6292272598724755,1.4391669281943182
0.9,0.6,0.6,0.0,0.0,0.2,-0.9311974031943127,1.7066566567139074,1.5799154537223499,2.075732369649073,1.6853880837912787
0.0,0.2,0.8,0.8,0.3,1.0,0.3062337943354144,0.9731854522771255,0.8050314738179054,1.81755823856337,1.6066417842039944
0.9,0.9,0.4,0.9,0.0,0.9,-0.14185101754522886,1.198559181942127,1.0485951977641914,4.094393270327941,4.005017837110501
0.7,0.8,0.3,0.9,0.9,0.5,1.4484514846423633,-0.4401170532939116,-0.3471138841989775,3.7108925070479364,3.4559024344405103
0.6,0.4,0.3,0.7,0.7,0.6,1.6870934797215191,-0.6002592572489795,-0.7463702403741165,2.343244490910143,2.011680007573473
0.6,0.7,0.6,0.6,0.9,0.9,1.845140551180071,-0.5958675858350502,-0.8484115341265703,2.36212424168137,2.3205001994844174
0.1,0.9,0.3,0.4,0.6,0.2,0.8416826711097664,0.14830309779999554,0.20140252770488234,2.9165535347140747,2.4759788611333797
0.9,0.2,0.2,0.0,1.0,0.7,2.3935870730696696,-1.2253455327019735,-1.664743463167419,2.5579526531317742,2.2397454764856413
0.8,0.1,0.2,0.1,0.0,0.0,0.38609052800969446,0.4352493490993775,0.5423236375668531,1.9348659313940777,1.7528341193045716
0.5,0.4,0.5,0.2,0.6,1.0,1.5502976913183735,-0.5425656278089318,-0.6389575106107029,1.3539340287036719,1.2528174719717486
0.4,0.6,0.4,0.2,0.0,0.7,1.7497639795998634,-0.7204141535098969,-0.9038176750184772,0.8285982929732953,0.9814307756675589
0.8,0.1,0.8,0.5,0.9,0.8,2.123563476411421,-0.9099565842650514,-0.9850502406249979,3.2844899934354475,3.3189750059065126
0.5,0.0,0.6,0.7,0.3,1.0,0.021534801949591807,0.9694220894835075,0.8724655552995368,1.648712041539484,1.1697179525191097
0.5,0.7,0.0,0.8,0.8,0.4,-0.0028968121056576063,1.1442757004951662,1.035266814175142,2.7799518168730293,2.318436079069248
0.8,0.7,0.5,0.1,0.6,0.2,0.5422717707771731,0.3294031086985695,0.22780139839722635,1.8529391628923821,1.5048988060224937
0.8,0.0,0.1,0.3,0.0,0.8,1.0316862207202284,0.016140843434868192,-0.1321204511800105,1.00556458628686,0.8925149692148368
0.0,0.2,0.5,0.7,0.6,0.6,-0.2934344097241143,1.0914706566446302,1.2110612355277408,1.8017036112826414,1.6806069796543635
0.7,0.1,0.9,0.2,0.4,0.7,1.8700027208711696,-0.8682149320970929,-1.0893650382392512,2.157056056718581,1.7861776801442795
0.9,1.0,0.5,0.1,0.4,0.5,0.4033788765688881,0.7838881390090995,0.8232281057193934,2.9843223510697023,2.714207842554871
0.8,0.7,0.0,0.5,0.2,0.8,1.3415124712447306,-0.200487844972652,-0.14448063191095395,1.4047529464337591,1.2591917276452813
0.2,0.1,0.2,0.5,0.9,0.8,2.504636448261237,-1.4400084435786444,-1.456039775115517,2.2413016661126606,2.2071708139050905
0.7,0.8,0.4,0.8,0.9,0.5,1.0331091887388304,-0.05452225255007644,-0.2768993756445326,3.445851398270503,3.3426731499116085
0.8,0.3,0.7,0.4,0.1,0.6,0.53598547794084,0.26295255261855877,0.51456218838972,0.8286397740371982,0.4618863850163427
0.5,0.0,0.8,0.2,0.0,0.5,0.32063558524295643,0.5188926765761076,0.5797954982986064,0.4919227186669791,0.5432713752402405
0.1,0.9,0.6,0.9,0.6,0.3,-0.9008502978574078,1.915805596967758,1.8761865493904835,4.202106500594437,3.7050881949780328
1.0,0.9,0.9,0.8,0.8,0.2,-0.8026678744695989,1.9597217535348321,1.702591073016103,5.807876703082433,5.527505105663091
0.4,0.4,0.2,0.3,0.8,0.4,1.4730703472751807,-0.43452882496761036,-0.6839200768303977,1.5442201745874606,1.4074157218315437
0.0,1.0,0.5,0.5,0.6,0.2,-0.8204771101943272,1.619625484283678,1.509286568850586,2.9468227056985854,3.0014315039449544
0.5,0.7,0.5,0.4,0.1,0.2,-0.6394624615306664,1.7771024294463802,1.5490756856418213,0.8762693039470537,0.49060889890795445
0.7,0.4,0.8,0.2,0.1,0.3,0.49223154762779736,0.6497768561196039,0.5272357749670905,1.1355748365607659,0.9503966010626493
0.9,0.0,0.1,0.5,0.3,0.6,0.048556507144850866,1.1798591573795276,0.8655378116673458,1.7465508050366874,1.4757854321658272
0.2,0.0,0.0,0.7,0.3,1.0,0.834939109228174,0.16952560342531559,0.09935582100888748,1.2692217971242106,1.1021676221941832
0.7,1.0,1.0,0.9,0.7,0.5,0.37878525004010477,0.6365653077700355,0.629538270895613,5.3588758849317655,5.330157816927707
0.5,0.3,0.1,0.6,0.6,0.4,-0.05476722542637841,1.2027612556398937,0.9903221635363336,1.2819306641743031,1.1372149259339883
0.4,0.8,0.6,0.3,0.2,0.8,1.5781452018542683,-0.42143952986549255,-0.6992530273607144,0.74553813900331,0.5815908782207676
0.7,0.8,0.6,1.0,0.5,0.5,-0.16621176790198755,1.0884861513644124,0.7555381055580507,3.805360683419799,3.594090861350462
0.2,0.8,0.8,0.4,0.8,0.6,2.7154591104763415,-1.6615554527073444,-1.7413309024088461,2.05486281301042,1.9130850093584544
0.3,0.2,0.3,0.9,0.1,0.1,-0.1632780143415619,1.2843681941469427,1.3309051928350915,1.8981463644766847,1.7439599800265386
0.3,1.0,0.5,0.0,0.9,0.8,3.063055367812188,-2.1097445925061984,-2.2628989242884106,3.0130120932566458,2.528955734532049
0.9,0.7,0.3,0.7,0.6,0.7,1.5992094436375677,-0.5517956218508483,-0.49561664059696187,2.941004681355966,2.8193724980147965
0.5,0.3,0.6,0.6,0.8,0.3,-0.563015566488625,1.5252502158855887,1.470254540685269,1.4946028793952502,1.6260288051017906
0.6,0.2,0.5,0.8,0.8,0.4,-0.5409784279741104,1.7732393814590894,1.420123035226594,2.798146735506707,2.723766839778794
0.7,1.0,1.0,0.8,0.5,0.1,-0.21051214770160787,1.290626792199133,1.2314022502144755,4.757535253390571,4.45441025759541
0.9,0.3,1.0,0.3,0.8,0.1,-0.2831798810643643,1.3517034453085788,1.2148311801834082,2.6185234945907276,2.562538891016486
0.4,0.4,0.7,0.6,1.0,0.0,0.6583290351972432,0.5138925030945816,0.15644239575344704,2.500963373179579,2.4250499769257825
0.0,1.0,1.0,0.7,0.3,0.2,-1.5929714984686825,2.5319277787879058,2.5135896022130035,3.1741968686017845,3.1784935865473583
0.8,0.6,1.0,0.2,0.5,0.8,1.9787601667835621,-0.8488520092008821,-0.93838483398607,2.703061108072678,2.7498883024236216
0.8,0.3,0.4,0.2,0.7,0.0,1.2172962372823253,-0.2022039487713947,-0.44972329235885833,1.9836041002443028,1.8019757615342156
0.6,0.5,0.7,0.5,0.0,0.6,0.3101661398565855,0.4582148270347494,0.651894798785347,1.9291849744551244,1.7171182012129833
0.9,0.6,1.0,0.9,0.8,0.5,-0.5570942262238359,1.3288574636380142,1.4631080782475478,5.282262812404035,4.882401277132075
0.5,0.3,0.3,0.0,1.0,0.8,3.3070130366293284,-2.274261772469951,-2.4161628717484565,1.1745178217908443,0.6502198678997013
0.1,1.0,1.0,0.2,0.7,0.8,1.9819932659725328,-0.8551407227555577,-1.0142460055821794,3.328640389394707,3.1410830808518693
0.2,0.8,0.5,0.8,0.8,0.7,1.437967785345462,-0.6878876769952273,-0.6488623248782541,2.857106060849164,2.476481047926085
0.7,1.0,0.4,0.3,0.5,0.7,2.3299642047136464,-1.403550141503422,-1.410041147439474,2.888300142793925,2.822553253135368
1.0,0.9,0.2,0.6,0.5,0.4,-0.43999192692439726,1.5140010445635836,1.3282331320803966,4.063791520252784,3.7382436744584036
0.7,0.3,0.8,0.4,0.8,0.9,2.473948283206504,-1.7723976697410997,-1.5549690533745824,1.9119716035244774,1.5804273504943736
0.4,0.9,0.2,0.0,0.1,0.8,2.4732107323069257,-1.550167805448922,-1.643244649088538,1.716614935430321,1.3209819576032837
0.8,0.7,0.7,0.2,0.7,0.3,1.0091312662241076,0.016792508612471793,-0.13132001728777903,2.183265693513909,2.0613179239191957
0.2,0.4,0.6,0.2,0.0,0.3,-0.3819430544275416,1.4407544519438589,1.4111718205168917,0.12686070668155272,0.008732934288142646
0.0,0.5,0.5,0.3,0.1,0.9,0.27794311453209564,0.4604998063669653,0.5370174360091982,1.04829553243321,0.7752794857555276
0.0,1.0,0.9,0.7,0.2,1.0,0.3934277987323613,0.36973508167906266,0.47273849786937416,2.9351479009633037,2.712705562111339
0.9,0.7,1.0,0.7,0.4,0.6,-0.004733429594515559,1.0369110720361494,1.0517595139975071,2.8570748399933756,2.4893679923464584
0.2,0.4,1.0,0.8,0.5,0.5,0.13384774901430077,0.9616520439466908,0.7875869711424865,2.6987282041600267,2.1653616104421007
1.0,0.2,0.6,0.4,0.6,0.5,-0.640420812251969,1.4519311105828527,1.5159316212474354,2.849862052775909,2.7974515917904896
0.5,0.5,0.0,0.8,0.5,0.3,-0.8828502107071385,1.9078882713085636,1.645499495824812,3.049777480342274,2.6765177701125067
0.9,1.0,0.9,0.4,0.9,0.9,1.9157805363236429,-0.8948930347089622,-1.0992273670778578,4.35934299783063,4.277069134797829
0.6,0.2,0.0,1.0,0.8,0.6,0.43960656954333366,0.5583117744477412,0.491931289907584,3.6881250298744415,3.663229798383297
0.2,0.2,0.3,0.5,0.7,0.4,1.1892702311995011,-0.179602465461549,-0.1399675055397951,1.5795635893641575,1.586840882867526
0.2,0.8,0.3,0.8,0.3,0.5,1.0895232701873296,0.008262973565572759,-0.01778397983616896,1.7406201091708648,1.501878436196111
1.0,0.1,0.8,0.3,0.9,0.6,1.0916193574702733,-0.09659741093742484,0.01609145893428507,3.8375864496102947,3.538135887693001
0.8,0.7,0.1,1.0,0.3,0.8,1.0121178992448197,0.01842701556639758,-0.0256470253654742,3.114503091721519,2.767082832979803
0.3,0.7,0.1,0.1,0.5,0.7,3.0245142505654927,-2.0836074649335004,-2.0757710379993988,0.76989669651967,0.6452438329819301
0.1,0.2,0.2,0.6,0.0,0.4,-0.7698898542683312,1.805334904193772,1.649522974788616,0.7650415898765044,0.5104954139234592
0.5,0.1,0.3,0.9,0.7,0.2,-0.3063084297535218,1.1943458528650037,1.0600867376839376,3.6158947265896284,3.410688643696752
0.9,0.5,0.8,0.1,0.0,0.6,0.800301828867524,0.24721275802184087,0.191975160647141,2.292828139409534,2.20691573671422
0.2,0.3,0.4,0.7,0.1,0.5,0.2798796292692127,0.9473470387594563,0.7631553280042468,0.29105238979208053,0.17218699571820884
0.6,1.0,0.8,0.3,0.7,0.0,1.6383089211831965,-0.6265614696804976,-0.8537146181818902,3.946027377390885,3.634927463165686
0.0,0.3,0.0,1.0,1.0,0.0,-0.684598307556912,1.7670027273774802,1.3615009437003882,3.2190133181976868,2.933425996848724
0.4,0.3,0.3,0.2,0.0,0.9,1.8654764496316534,-1.0830881665735883,-1.1829273245097558,-0.161015622992691,-0.7165698247275696
0.7,0.9,0.9,0.5,0.6,0.5,1.3015334612436815,-0.2977960323607421,-0.2605673910733292,3.8222265350555293,3.7560335702204712
0.6,0.0,0.3,0.4,0.8,0.6,2.0286147536411905,-1.2458014886519728,-1.1937429648687294,1.8133917077994894,1.581480550921738
0.7,0.7,0.9,0.9,1.0,0.5,1.319387764394579,-0.242158225172181,-0.3824440422065336,3.8243241788618554,3.8381838207302805
0.7,0.0,0.3,0.4,0.2,0.8,1.8544592623489127,-0.8441956528323326,-1.0084557473532336,0.8478461622364142,0.537405925839917
0.8,0.6,0.3,0.9,0.4,0.8,1.782939778214226,-0.49045425419488897,-0.6039970046219875,3.309938378303309,3.0888108025342027
0.7,0.4,0.2,0.1,0.4,0.8,2.9011685224196193,-1.8286344359915248,-1.8322426497281143,1.0521644358246756,0.6152590553293572
0.6,0.4,0.4,0.4,0.5,0.5,0.9141347841298894,0.14391434680301815,-0.19006496428397848,1.1914036576718747,1.120519837997524
0.0,0.4,0.9,0.6,0.9,0.3,-0.4469209478052561,1.3869824370405344,1.5974622389808681,2.2600006175505536,2.1468247642767837
0.4,0.3,0.1,0.7,0.3,0.8,1.2442230599798283,-0.04494373122968419,0.004161057348776032,0.6742277261473796,0.6210264439332241
0.1,0.2,0.4,0.2,0.7,0.7,2.036811743673669,-1.0795987165147674,-1.2076645974582894,1.2304965644962294,1.1195283092811403
0.3,0.1,0.0,0.0,0.8,0.1,1.440866709619117,-0.18073792648926307,-0.37395047449711716,2.19400391761023,2.13714147373784
0.5,0.9,0.0,0.9,0.6,0.4,-0.6029973481108772,1.3751800373424083,1.6082705377987812,4.3918228607388725,3.9628116951226575
0.7,0.4,0.2,0.1,0.5,0.0,1.7394298332872389,-0.7626711273196138,-0.6312241221692616,1.3402870300638825,1.2970355730742513
1.0,0.8,1.0,0.6,0.1,0.0,-1.3090685891287122,2.484902282540229,2.4835347507483787,3.4021981133708517,3.094629889916675
0.7,0.8,0.1,0.5,0.7,0.4,0.9207421711972581,0.1684933070480864,0.011170704541548775,2.666439366836407,2.303890018366705
0.4,0.5,0.9,0.7,0.7,0.8,1.7314261707019376,-0.7850971877807362,-1.0233540849025609,3.538596285263221,3.275580561671991
0.5,0.7,0.9,0.8,0.2,0.4,-0.557802768894498,1.490481352771291,1.3292794173365943,2.09513357722853,1.8534207795943092
0.6,0.1,0.9,0.1,0.7,0.1,1.0315057010971234,-0.05317431900636596,-0.07899026183118517,2.8126484522927724,2.708177373214085
0.5,0.0,0.2,0.3,0.1,0.9,1.2182462027468948,-0.5337271095266999,-0.9254143912367685,0.393027396995422,0.3462453100052834
0.9,0.8,0.3,0.3,0.0,0.9,1.3932944894486536,-0.3430541464862158,-0.4193254550310467,1.6179230355982468,1.4569072937449685
1.0,0.6,0.7,0.7,0.0,0.9,-0.1411199514236277,1.118411667097127,1.0271926646153344,3.2193383378723386,3.0055153601019846
0.6,1.0,1.0,0.5,0.0,0.8,0.920328642901924,0.30309638096639363,0.12468982945329092,2.910107289453462,2.696660078569435
0.8,0.8,0.7,0.7,0.6,0.6,1.117541515879387,-0.12424781853993899,-0.1379722891260994,3.343931385492961,3.12727011153994
0.4,0.2,0.7,0.5,0.6,0.9,1.5454320265296129,-0.4766454216937498,-0.6478979498129779,2.1480211373807503,1.5971251927744976
0.9,0.7,0.7,0.8,0.7,0.2,-0.5319250766975265,1.7021722732125655,1.3896937848119806,3.535019618495415,3.3603169311448893
0.8,0.3,0.2,0.9,0.1,0.8,0.7406037679112177,0.1347302850775206,0.03006365001274587,1.9389059666757886,1.8666750138351893
0.2,0.3,0.6,0.2,0.9,0.4,1.0673437454336534,0.03244063972794804,0.04940521354120243,0.9578063614375838,0.6963045392072864
0.9,0.6,0.2,0.9,0.3,0.9,0.9365256989426414,0.2540018320215592,0.028574472131583428,3.4668596191894987,3.298743213212852
0.0,0.6,0.2,0.4,0.1,0.0,0.05933590942765148,0.690959032208998,0.7224269807614426,1.4848307682482185,0.9530258385545239
0.2,0.2,0.5,0.7,0.7,0.6,0.8991497471113965,0.3433845432080436,0.1718612419321853,2.1621145006926863,2.038443519943188
0.2,0.0,0.1,0.7,0.2,0.0,-0.1920555170277373,1.22496422341302,1.0500766370358756,1.3678296075609748,1.0301482564425934
0.9,0.1,0.1,1.0,0.0,0.9,-0.6845452150793736,1.7222019451293231,1.4590519967272062,3.944055564416044,3.764548770214151
0.8,0.4,0.5,0.2,0.9,0.1,0.42638872145339934,0.48250647462260204,0.29023953754729914,2.34426770439087,2.1677748890054884
0.4,0.6,0.0,0.2,0.3,0.8,1.8002967007694943,-1.0105654154358108,-0.9033169832428108,1.1933165597462714,0.9107085487413317
0.6,0.9,0.3,0.2,1.0,0.9,3.1845604583566596,-2.2017417503689463,-2.402094403337754,3.0860853757620834,3.126876149786947
0.7,0.4,0.1,1.0,0.5,0.8,1.26663705192583,-0.2634532828973205,-0.12553313261300617,3.346561757369492,3.134885541434705
0.0,0.0,1.0,0.1,0.5,0.5,-0.008584909996358192,1.0290846364848856,0.9618698634407112,1.3300647967125805,0.951035812073998
0.4,0.1,0.2,0.9,0.1,0.7,0.6390872620079721,0.482037021649231,0.3318531402896795,2.22564453119116,2.2273302743977768
0.1,0.0,0.7,0.0,0.3,0.4,0.41381320018826084,0.742330511204303,0.6800073201407062,0.4451953745655479,0.40800329687957426
0.6,0.7,0.4,0.6,0.5,0.7,1.855760372388373,-0.8370687135790194,-0.7279119980901971,1.6130398506750394,1.477562636550411
0.2,1.0,0.5,0.3,0.0,1.0,1.3203649161359707,-0.1674748050582755,-0.3313863751261291,1.8113552279393996,1.5541471248673095
0.6,0.1,0.5,0.7,0.1,0.6,-0.5080455120679436,1.2980279548705818,1.5716274867426445,2.039808963168432,1.7795301150581864
0.1,0.2,0.1,0.3,0.1,0.2,-0.5485711689012274,1.7057931467536165,1.5020297901495916,0.5033168235764504,0.31631664342666616
0.3,0.5,0.0,0.3,0.8,0.6,2.1986870988052836,-1.1544896893759706,-1.2588524244727055,2.4205132853611038,2.0347534391278295
0.0,0.4,0.8,0.4,0.9,0.0,0.6757564196425789,0.3281851389893952,0.16220855025091507,2.066731528401361,1.891067593209258
0.3,0.0,0.3,0.1,0.4,0.4,1.4652362125504963,-0.567497051922675,-0.6913097352531508,0.2200948744084394,0.05205963853022336
0.4,0.5,0.4,0.4,0.5,0.0,0.957782204481181,0.005180537583874573,0.029832837752013106,2.2722491946859518,2.0529592945305595
0.2,0.4,0.9,1.0,0.9,1.0,1.7345631043439071,-0.7971758589829443,-1.0117270906717595,3.9029953563444693,3.657844829274943
0.0,0.8,0.0,1.0,0.1,0.6,-0.6315017574207888,1.6772935693346736,1.512663587736268,2.460053241391049,2.3049193049337613
0.8,1.0,0.6,0.7,0.1,0.2,-1.241006798365729,2.2639665865225376,2.038509108658761,3.4875799084073105,3.4151246189875395
0.4,0.4,0.3,0.0,0.6,0.0,2.071062709774738,-1.1481558733229398,-1.2598634060059064,1.500741453806644,1.2318424130203187
1.0,0.0,0.8,0.1,0.7,0.5,0.762612594210899,0.41984058556418147,0.030169407507717346,2.8591077378657275,2.8286316638804743
0.1,0.6,0.3,0.6,0.3,0.4,0.1872128084904697,0.8052220680967295,0.630836905538823,1.2573971803175255,1.2014300090667784
0.4,0.8,0.5,0.2,0.1,0.0,0.4562830632715996,0.6747199934050029,0.45912685735649184,0.8602325026359541,0.8633557063026496
0.8,0.1,0.9,0.6,0.8,0.1,0.0773526616024098,0.8661319223306301,0.733581242484242,3.868568035000892,3.678788936185518
0.3,1.0,0.2,0.1,0.6,0.2,2.0547140925458187,-0.8666733264452129,-1.2022903427504577,2.770244429367555,2.5027682065520063
0.5,0.4,1.0,0.0,0.6,0.8,1.9320785696942613,-1.2292333924025125,-1.0551402747225085,1.9561523638742682,1.7537330018838806
0.3,0.5,0.7,0.9,0.8,0.8,1.925637969618085,-0.901929460986482,-0.8165861749787571,3.9514118145219337,3.8081622814905773
0.2,0.7,0.1,0.4,0.2,0.2,0.48215702942345656,0.6453737689209634,0.5026035815004909,0.509604827064755,0.28943167724992275
0.4,0.7,0.5,0.7,0.5,0.7,1.2109018513788603,-0.08257540767401635,-0.23239420017866574,1.6942998996670038,1.3694351138493155
0.1,0.1,0.0,0.9,0.2,0.6,-0.65050496218494,1.3805596967361062,1.336630394068784,2.269858039634094,1.897677489396305
0.3,0.2,0.8,0.4,0.9,1.0,2.6708224618591396,-1.6192016073866236,-1.7041235571975395,1.9935658688440134,1.8207985372804163
0.6,0.7,0.6,0.3,0.2,0.6,0.7666080093949718,-0.09720941186582696,-0.20654312613952333,0.6655481828809129,0.5744738686574966
1.0,0.5,0.3,0.1,0.8,1.0,2.28324401096178,-1.2998039606926703,-1.2346981360488753,3.476581006131188,3.359223825541644
0.5,0.9,1.0,0.0,0.4,0.9,1.9980300444332106,-0.8748365383929273,-0.8948391066726353,2.5359900053344195,2.285630137705742
0.0,0.2,0.3,0.4,0.0,0.1,-0.5633447432394043,1.6181840703378565,1.7104960254036425,0.4684575521380768,0.34952954742670767
0.6,0.7,0.6,0.3,0.6,0.0,0.8932384539690924,0.037010575788889125,0.0286643447462262,2.0856334979250324,1.865922704945087
0.1,0.7,0.0,0.2,0.0,0.4,-0.1841421734109657,1.1339874369450784,1.0810474064525597,0.04863761282896262,-0.019189869122266525
0.1,0.2,0.8,0.6,0.1,0.9,0.9478743808339166,0.16740086030988138,0.16709251159403632,1.1730060826515125,0.8424519840865221
0.9,1.0,0.6,0.8,0.9,0.1,-0.8019207878195769,1.9315190802409976,1.685130704997438,5.165249366409075,5.134248118536106
0.0,0.9,1.0,0.7,0.3,0.7,0.031435678637191655,0.9813482886131083,1.0318422889112744,2.8718754082572104,2.721703268029159
0.9,0.4,0.6,0.6,0.8,0.6,0.26222168928070544,0.9525755326216966,0.7193139520957282,2.982470922429008,2.743595552929588
1.0,0.0,0.9,0.2,0.6,0.0,0.18038306770491586,0.8054540174331238,0.5904210889662376,3.2414284812135565,3.202828490875329
0.1,1.0,1.0,0.7,0.9,0.0,0.2565582574672771,0.8406456564783351,0.7592847970057044,4.408315181303551,4.410935112268433
0.0,0.1,0.1,0.5,0.5,0.5,-0.12625192935404075,1.3329964721070606,1.1509119990490009,1.6764814442483251,1.4396356301527924
0.2,1.0,0.5,0.5,0.2,0.6,0.8005274414628525,0.09487834206124618,0.05173901852333144,2.1126374237532817,1.8665359446965066
0.7,0.7,0.8,0.9,0.7,0.1,0.7132522122689716,0.1755705240348122,-0.028673575895445697,3.796790727186056,3.6487560985186898
0.5,0.3,0.8,0.3,0.0,0.9,1.3458374948297127,-0.5317817837175808,-0.4935832127879074,0.23444176442467685,0.08854768000462782
0.0,1.0,0.3,0.1,0.0,0.7,1.5592820399574205,-0.6823819914937796,-0.7511159878087186,1.5657743935590511,1.329052174389461
0.2,0.6,0.7,0.5,0.4,0.4,0.5922858110915361,0.3459738708653607,0.2763867061120598,1.3187698698811432,1.3386864722575733
0.0,0.9,0.0,0.0,0.4,0.0,0.365337209498241,0.6823842019775779,0.4394459882069668,2.0387569019108263,1.976864191110166
0.9,1.0,0.5,0.2,0.1,1.0,0.8184850920900586,0.3702021599493369,0.19141541382589716,2.824933282920727,2.62983334518463
0.7,0.1,0.2,0.7,0.2,0.9,1.2815927993840042,-0.15571466378577042,-0.24508344307844365,2.1952860833244356,1.7747563351433087
0.6,0.4,0.7,0.6,0.0,0.2,-0.9942725916902055,2.056468217888689,1.8808800356808677,1.390565761898269,1.087530373429102
0.2,0.8,0.8,0.1,0.3,0.8,2.7872971261350723,-1.9844923636047382,-1.947775086391708,1.0101989016893538,0.6403737029297702
0.0,0.6,1.0,0.8,1.0,0.1,-0.6617028634324634,2.0424484198431645,1.7167637799293003,3.839343733272295,3.517566892307421
0.6,0.4,0.9,0.6,0.8,0.0,0.8319281439058772,0.24931144896293742,0.16292053777439816,3.0690436554527842,2.8110627888898314
0.5,0.3,0.7,0.2,0.2,0.8,1.5568179919676248,-0.5996289062267851,-0.6600483614187386,0.17105153998187256,-0.1439402982640332
0.8,0.7,1.0,0.4,0.6,0.0,0.7973597159733323,0.42832122913706316,0.23189631055317916,2.9997490190431857,2.669263214500778
0.6,1.0,0.3,0.5,0.2,0.5,0.8118774520370435,-0.02628686436900869,0.0766061957116147,2.2762417502401027,2.114721135774276
0.5,0.3,0.7,0.0,0.1,0.6,1.3542045370483498,-0.32422051577891164,-0.42882300971437165,-0.004690944786364545,-0.040742780017256564
1.0,0.3,0.3,0.5,0.1,0.6,0.27270859685050225,0.8955451536429138,0.8490621233119988,1.2710897978944284,1.0372806879394803
1.0,0.9,0.8,0.4,0.5,0.0,0.033918070871458275,0.807284245626131,0.6900436932928102,4.6729091136843195,4.265767878589949
0.0,0.9,0.7,0.5,0.3,0.3,-0.724313115864578,1.9899863161892242,1.948568172510487,2.227317126092633,1.9154745639354567
0.5,0.7,0.8,0.5,0.4,0.9,1.796206020266136,-0.8738280689409692,-1.349104040393943,1.2286693439607443,1.2837279190460067
0.4,0.9,0.6,0.6,1.0,0.3,-0.12564858501605533,1.2225699659059546,1.0103938874980858,3.5243411051396323,3.3365778362395493
0.2,0.6,0.1,0.8,0.4,1.0,1.4660196226011826,-0.5140692838671751,-0.5783282814143555,2.1210460619724665,2.066100226975443
0.5,0.4,0.4,0.7,0.0,0.2,-1.1905610328639833,2.1835061399481512,2.145488731914227,1.0125270612419182,1.1007292435776332
0.6,0.0,1.0,0.9,0.8,0.5,-0.33197052012247297,1.1171055834598347,1.2057605387135346,3.7717531261989174,3.5848660440915974
0.1,0.0,0.5,0.1,0.9,1.0,1.9446607517185281,-0.835965017086584,-0.9230448394609277,1.2013416158472496,0.9034493401714998
0.9,0.0,0.4,0.3,0.0,0.0,-0.6198753704473655,1.7373134381670114,1.6283479391720856,1.5126283518235668,1.4966226296047955
1.0,0.6,0.9,0.4,0.7,0.2,-0.18552885618216058,1.1329024507732168,0.8806402405465699,4.109980738530565,4.070231709899748
0.4,1.0,0.5,0.8,0.2,0.4,-0.9136751240488076,1.8597417486356862,1.9006441448514837,3.0065441749151844,2.7831762139812914
1.0,0.1,0.8,0.8,0.1,0.7,-0.29244063487389094,1.3880579914879336,1.401681033078303,3.877708429652396,3.582356022848139
0.7,0.0,0.4,0.7,0.4,0.5,0.31903608975585984,0.812026284639438,0.6701296461395186,1.8560538574812544,1.3911007097064974
1.0,0.8,0.1,0.4,0.9,0.6,0.9395138737759523,0.0803831844873141,-0.2689820963247549,3.2098475933820474,2.9902427624562526
0.0,1.0,0.3,0.6,1.0,0.9,1.8980887688103936,-0.9246460386221541,-1.1016627781188693,3.2626212778422703,3.094140565182869
0.2,0.8,0.1,0.5,0.8,0.0,1.4681583561318132,-0.413720180713076,-0.45148318047416747,2.373087364854506,2.018135739024218
0.3,0.4,0.3,0.9,0.1,0.0,0.4201045365533926,0.7215564148160951,0.572814840046767,1.9031039647924883,1.6881225649345188
0.7,0.6,0.8,0.1,0.8,0.8,3.328643314554477,-2.3382887241452597,-2.446997735242808,2.8591703884850106,2.7029322927629056
0.1,1.0,0.0,0.3,0.0,0.7,0.7956272702783173,0.006612526002738969,-0.04505198575599899,1.7775033460663516,1.5262312795751287
0.2,0.5,0.2,0.6,0.6,0.2,0.907646779576108,0.267206936054097,-0.08176532406221781,2.592160469074019,2.2637760933379263
0.9,0.6,0.2,0.9,0.9,0.2,-0.21475626332834521,1.19414468526282,1.1939534817827082,4.7790519674344605,4.504435828533239
0.0,0.8,0.6,0.4,1.0,0.3,-0.42732936170921226,1.2417751466737263,1.1284284229366464,1.8375822212277297,1.8127687981179972
0.0,0.9,0.2,0.9,0.1,0.7,0.5000767542550779,0.8116415614844307,0.7938403913036819,3.181365954868015,2.6802080107369557
0.0,0.1,0.3,0.6,0.2,0.4,-0.8914609005222983,1.7850383878095153,1.843591437380525,1.2869213658044611,0.9722198400187101
0.9,0.4,0.7,0.3,0.4,0.8,1.0646476059698924,-0.14883296411850355,-0.27747965581889755,1.9318363109501349,1.4860252345124778
0.6,0.3,0.4,0.8,0.8,0.2,-0.10575255798213949,1.1670315880436226,1.1217707451045031,2.2536677623498806,2.1833513237565145
0.1,0.6,0.5,1.0,0.8,0.9,0.8224859318091898,-0.0102489171351232,-0.03559762369342917,3.843172915939178,3.804744345627641
0.4,0.6,0.2,0.2,1.0,0.7,3.032163958764734,-2.2652577886380367,-2.397050862288619,2.276178672107328,1.7614457292247745
0.4,0.8,0.1,0.0,0.2,0.2,0.6865640252038979,0.24480894318133334,0.15037116812384516,0.8628437848306887,0.6220989703062098
0.3,0.5,0.4,0.3,1.0,0.8,2.9072734460501084,-1.8345557252752662,-2.043724705353789,2.1790579311933533,2.2685310246795374
1.0,0.5,0.2,0.8,0.7,0.4,-0.45904023482312695,1.6831362022634133,1.3142406337295132,4.597053497857899,4.584068039065683
0.6,0.4,1.0,0.9,0.8,0.7,0.8570348688564674,0.007905998484365795,0.08552287333375763,3.906803251984808,3.3858782752157452
0.8,1.0,0.5,0.5,0.7,0.7,1.508388607429933,-0.5864449069498259,-0.33317167774405326,3.960475960082302,3.6108536492659837
0.9,0.5,0.9,1.0,0.8,0.2,-0.8146335015793094,1.7743678643509861,1.5569950118565816,5.999828037845577,5.606386744540104
0.2,0.3,0.3,0.5,0.5,0.0,1.2536206384096515,-0.22499542276091683,-0.4139500964321596,0.8316113618478338,0.5151162610299197
0.5,1.0,0.9,0.7,0.8,0.8,1.7079980150508671,-0.8356787200145894,-0.9703334147368049,4.325638415922846,4.003258846257392
0.2,0.7,0.8,0.2,0.7,0.7,3.450876945024948,-2.321529294925865,-2.4202940714813432,1.5854213224936196,1.3606562905982744
0.9,0.8,0.6,0.0,0.1,0.3,-0.7591208368870137,1.5915246276700545,1.5855927394262532,1.7423972597934227,1.5050562046928797
0.5,1.0,0.7,0.4,0.7,0.0,1.0492567595854696,0.038358877275136725,0.0029033573150061276,3.576282758963997,3.4433012527183147
0.3,0.5,0.9,0.7,0.5,0.2,0.35000750515586154,0.6699353678295709,0.4772880238211419,3.0626537299368093,2.8439936093653673
0.3,0.5,0.6,0.7,0.1,0.8,0.6293674524944659,0.23919554756936168,0.11935453568338997,1.8699732932769653,1.8076942310785644
0.0,0.8,0.0,0.4,0.1,0.1,-0.9518100618183699,1.9312472489403076,1.7748365437785167,0.8341798130640663,0.7605393751400341
0.7,0.7,0.9,0.7,0.8,0.2,0.6721959938125555,0.4097407763377977,0.38242701631586884,3.3358707835693,3.1752961221189615
0.4,1.0,0.0,0.4,1.0,0.1,0.8881171498736975,0.20663140601038738,0.06274828204665592,3.538373817610236,3.1731206674569
0.2,0.5,1.0,0.9,0.0,0.0,-1.1109011200478367,1.86642889377699,1.9885019323742106,3.442150138910306,3.163822395195446
0.1,0.8,0.3,0.4,0.9,0.2,1.1307118837820134,-0.2282076169600009,-0.15027155328044578,1.9551427571564253,1.5817280664978681
0.9,0.4,0.4,0.0,0.4,0.9,1.8039958934955165,-0.7463767360526687,-1.004815582852652,1.4194401331242987,1.2688623463027962
0.6,0.7,0.9,0.3,0.8,1.0,2.6686590372221413,-1.914765070061148,-1.8817350395097705,2.1717708213756715,2.141517153986617
0.3,0.2,0.5,0.1,1.0,0.9,2.695582112702293,-1.626508806020141,-1.7503149759845005,1.3882218760103269,1.534138245555559
0.4,0.7,0.7,0.9,0.3,0.7,1.0126251773369441,-0.10205802937618581,0.026628677389165772,2.1092842390617768,1.9013328380349073
0.0,0.3,0.4,0.6,0.0,0.3,-1.7272908958015134,2.69765525154628,2.5925953024340482,-0.10596355712459865,0.032920004634197864
0.1,1.0,0.3,0.4,0.6,0.8,2.618181760149893,-1.5208914738490191,-1.6684510500798195,2.651986585546098,2.5348964715057365
0.1,0.1,0.2,0.2,0.0,0.7,1.316776187280938,-0.20965968244363592,-0.22984493217266913,0.5048129594882691,0.5492243277427429
0.6,0.8,0.5,0.5,0.7,0.4,0.16070892828495853,0.6588892744181367,0.6754130839376138,2.324779906896066,2.0530137553824694
0.8,1.0,0.6,0.6,0.1,0.8,0.6315983408011832,0.46129179740422005,0.41612875290692325,3.0544463692381725,2.811372072868009
0.5,1.0,0.8,0.4,0.5,0.1,0.8315909920129783,0.31178634195462035,0.23314935262229697,3.237014265789124,2.968239632004768
1.0,0.5,1.0,0.6,0.8,0.7,0.23901666553535378,0.9377187818273185,0.4870370369179028,4.613307922651446,4.356949656678315
0.2,0.0,0.5,0.0,0.4,0.7,2.038902279667734,-1.0518050401885115,-1.1507210030032247,0.20501842267071418,0.14214045718066873
0.9,0.5,0.4,0.6,0.5,0.6,0.4474344779835351,0.6233810250675759,0.3898666309877371,3.1560099279732716,2.9618940089066963
0.7,1.0,0.1,0.1,1.0,0.3,1.4195006661121583,-0.32037765910724325,-0.6321425474327772,3.619813496920647,3.335213032259724
0.0,0.4,0.4,0.7,0.1,0.8,0.17474767732846136,0.9905503595202336,0.7321384252764143,0.8285923818626528,0.6426762081021921
0.7,0.0,0.7,0.9,1.0,0.6,1.0828627830752948,0.012760578724835166,-0.14209597112022818,3.5564789303382023,3.2988535387245808
0.0,1.0,0.8,1.0,0.9,0.0,0.19567359549633995,0.7674798527383111,0.7122257537244187,5.227816487895276,5.270540971492088
1.0,1.0,0.3,0.5,1.0,0.9,1.960237147239875,-0.9582425129126907,-0.8465500099641473,4.543790761365194,4.583391680424499
0.2,1.0,0.7,0.0,0.2,0.7,2.483809449039595,-1.504705681338162,-1.419160944745176,1.7618672924771652,1.6032768874785086
0.4,0.4,0.5,0.0,0.4,0.8,2.0516599171977123,-0.8414671992015416,-0.9151185085370774,0.6583588504429851,0.2999637992161236
1.0,0.3,0.8,0.5,0.3,0.9,0.6728157644724392,0.34216573535502093,0.34912450539598416,1.8593236683181156,1.6158781290717585
0.8,0.9,0.4,0.8,0.9,0.9,1.7568796446796648,-0.6606235603704061,-0.8280326130038554,4.668070830919958,4.413222751196615
0.1,1.0,0.3,0.2,0.7,0.9,3.072745452369136,-2.032999658511214,-2.0716769315126973,2.873797378550469,2.3719884872173203
0.8,0.0,0.2,0.6,0.7,0.8,1.7581887762580786,-0.8956088881864721,-1.0182523146090734,2.84667728894952,2.4026949527523414
0.7,0.5,0.0,0.1,0.7,0.4,1.1311067362712115,-0.2198874017742311,-0.22710936131610845,2.6550433169277694,2.4579311494877887
0.4,0.6,0.5,0.2,0.4,0.0,0.5637582402764106,0.09742068299843423,0.13042227533778145,1.296620284111908,1.1506147385917345
0.4,0.6,0.7,0.9,0.1,1.0,0.6742059530000641,0.20082442429801114,0.15662584734401325,2.6176704100751564,2.519948795564364
0.1,0.6,0.3,0.9,0.9,0.2,0.2296688882686611,0.6154857172235669,0.7602946295384169,3.48386233949066,3.291104847847117
1.0,0.5,0.6,0.0,1.0,0.0,0.46616473484139653,0.729983225236519,0.5316152937796365,3.916446606183756,3.846504359797767
0.0,0.9,0.7,0.9,0.9,0.5,-0.17409118881385965,1.2062406467997864,0.9575142437822607,4.308123645854308,4.183014460465096
0.1,0.5,0.7,0.5,0.2,0.0,-0.03405598887542827,1.2957818892855273,1.1149521043452686,1.7943130920195225,1.6251210153946496
0.6,0.3,0.0,0.1,0.6,0.6,1.7872364726447516,-0.5988062610493667,-0.9763238039148104,0.8704063524984746,0.9447746311323378
0.0,0.0,1.0,0.1,0.0,0.0,-0.8350179264655033,1.865087063069309,1.8155568581849726,0.8747894616878475,0.8062501855381353
0.0,0.0,0.5,1.0,0.8,0.0,-0.9483272571527596,1.9324128223769308,2.014565879873654,3.541233002313569,3.33929525604738
0.9,0.4,0.5,0.2,0.2,0.7,0.5558560395667196,0.675295477076764,0.23006365350033633,1.3754682335246637,0.947334925419934
0.5,0.4,0.7,0.6,0.2,0.2,-0.983029156992633,1.9634233482383412,1.902671930768843,1.2873607448267506,1.156473961132364
0.0,0.9,0.9,0.4,0.6,1.0,1.5256841863887827,-0.48316733315174254,-0.5344778706850132,3.0774489053520018,2.9927266617041868
0.2,0.4,1.0,0.7,0.3,0.7,0.6246823076274357,0.19450279638578927,0.2745349076980337,1.7129238214105909,1.4336378532570437
0.0,0.7,0.0,0.0,0.5,0.6,1.3453166152867952,-0.49047050688559635,-0.7097980010295962,0.6659604751299601,0.448038606766395
0.6,0.0,0.1,0.7,0.7,0.5,0.3667592559836285,0.6772278484107159,0.6339800169616169,2.442723381898209,2.325335550049015
0.0,0.8,0.9,0.5,1.0,0.9,1.8149951247298222,-0.6851652987498791,-0.7985638173255463,2.5311269367203346,2.311341073655495
0.8,0.6,0.0,0.5,1.0,0.5,1.0258002508379884,0.15494428317148676,-0.014448792118875207,3.2170810991624266,2.9667266465482776
0.6,0.0,0.8,0.6,0.5,0.9,1.600791626457014,-0.60842814665574,-0.6440350754927519,2.147181564555331,1.7341390995687684
0.8,0.6,0.3,0.8,0.4,1.0,1.5788539841368467,-0.592238057350518,-0.6174567696619702,2.9439822709472363,2.714955433467364
0.1,0.8,0.3,1.0,0.8,0.9,1.888553847337847,-1.0276332518419,-0.9868745424197611,3.695896076824455,3.423876119416033
0.7,0.6,1.0,0.4,0.0,0.8,1.1082901711833275,-0.15493872422336502,-0.2083011476033768,1.9994576172507956,1.8809097009247993
0.3,0.8,0.2,0.6,0.2,0.6,1.6603748329255998,-0.586173913687412,-0.873773471290964,1.139369952618394,0.9670542771167567
0.9,0.1,0.7,0.9,0.3,0.9,-0.2569951383425281,1.141230348536892,1.0840389777270172,3.724363919592782,3.5020287229282765
0.1,0.1,0.9,0.6,0.8,0.9,1.381544266082618,-0.34779495163757324,-0.42370359957640236,2.946825117564514,2.6414329400874497
0.3,0.0,0.8,0.6,0.3,0.1,0.30811149213956357,0.7149239965466215,0.6708652430000132,1.3510658133545457,1.1731606525463705
0.4,0.3,0.2,0.8,0.5,0.6,1.1633211683854685,-0.2527884411878963,-0.37318764216230615,1.4888956484486051,1.320797775281368
0.5,0.2,0.5,0.2,0.2,0.9,0.7898467954016803,0.07547558541206345,-0.06327008195082719,0.4471602939162169,0.25445309279191314
0.6,0.8,0.9,0.3,0.8,0.0,1.4824110528935517,-0.5926186029414999,-0.5939324592411673,2.886306144749182,2.597469447317874
0.9,0.8,0.5,0.1,0.6,0.5,0.6787867829308964,0.23047567807165734,0.2864846208061616,2.514007912739935,2.2139002606482197
0.1,0.7,1.0,0.2,0.8,0.6,1.7857065660038154,-0.786835967288311,-0.9493529247876675,1.8210876708668453,1.6411412867605124
0.9,0.6,0.0,0.8,0.2,0.6,-0.46902037748238673,1.5075172943751358,1.405843329708994,3.0175083718469944,2.9041343495295835
0.0,0.1,0.6,0.4,0.7,0.4,-0.9058834083086533,1.7564226862391947,1.7891945553912265,2.12093136968396,1.9030553826668632
0.4,0.0,0.8,0.5,0.9,0.9,2.1898852387749455,-1.184084525693391,-1.262576723256236,2.218216911303599,1.974225359755344
0.4,0.1,0.3,0.2,0.1,0.3,0.20336228431540299,0.6816150206625123,0.6565828594964789,0.9229006392909259,0.6019135499653572
0.5,0.5,1.0,0.9,0.2,0.2,-1.620830259223014,2.5663188071469,2.6156091095839793,3.399476414952184,3.3043155101917687
0.9,1.0,0.7,0.2,0.5,0.4,0.3642286847638696,0.8019963428326133,0.5593259877204062,3.6049604537957993,3.222320021845719
0.4,0.5,0.5,1.0,0.1,0.5,-0.9967216863481804,1.9051653901601449,1.8127571872923223,3.1094847042518055,2.801366446693618
1.0,0.5,0.0,0.5,0.8,0.4,-0.7868472122175237,1.8102439519818998,1.6463179903777738,4.024165438194275,3.723412701243136
0.3,0.1,0.8,1.0,1.0,0.9,2.02994834775367,-0.8791583397573925,-0.8074938745571317,4.29440037984347,4.085883422355938
1.0,0.6,0.1,0.5,0.6,0.0,-0.226498303545904,0.9055176786281306,0.9958404062175339,3.836536326465676,3.758322441822557
0.5,0.6,0.1,1.0,0.0,0.9,0.260294262136951,0.6509131434743728,0.6426318221232493,2.988696303574265,2.8832335144443846
0.2,0.0,0.1,0.6,0.8,0.4,0.5043092405601394,0.5259750895000325,0.3118288323475544,1.8120914822392726,1.7647779164396353
0.0,0.5,0.8,0.6,0.9,0.4,-0.1421163874704806,0.9131066597179022,0.8410577259325432,3.0654091282496796,2.623775751155407
0.0,0.6,1.0,0.0,0.6,0.6,1.5403813607772894,-0.2908610087992766,-0.46829845892879957,2.3076344247836498,2.181514934543227
0.7,0.8,0.4,0.3,0.4,0.3,0.41403484767144444,0.30454990222740336,0.26825741650347923,1.2049032232164607,1.0903686945143818
0.4,0.6,1.0,0.8,0.2,1.0,0.5220692296044382,0.45080519652278944,0.3991720654591148,2.8977926791625657,2.4986221556456263
0.7,0.8,0.1,0.2,0.5,1.0,2.508603411186411,-1.5159378205844471,-1.5124530577566575,1.9801723174728938,1.6493956536771832
0.2,1.0,0.0,1.0,1.0,0.0,0.6839817394686263,0.4003143077298356,0.14558813938432494,5.174002296891587,5.037235092109036
0.8,0.3,0.4,0.5,0.9,0.4,0.6722445740962386,0.5944447139485187,0.3250577654239874,2.002167312269086,1.7677926855230353
0.0,0.3,0.0,0.7,0.1,0.9,-0.3172478314569992,1.352666179158462,1.0402583436926072,0.4941233689995519,0.2616632314501252
0.9,0.0,0.2,0.4,1.0,0.2,0.0013492399066452054,0.6307826786508088,0.7987454921457696,2.8053441072420986,2.5566791081269478
0.3,0.6,0.2,0.5,0.5,0.0,1.4650631125952551,-0.5752855739440702,-0.6232563559463217,2.089188886004253,1.901004221658027
0.3,1.0,0.7,0.0,0.2,0.0,1.6923044430662215,-0.5092846261611111,-0.46507103201633515,2.3373253745604723,2.025084017484232
0.0,0.2,0.4,0.3,0.7,0.6,1.0670312320673578,-0.12080047012020234,-0.18249006410277144,1.0839546743468493,1.0872205222789841
0.3,0.2,0.1,0.3,0.8,1.0,2.442267422226151,-1.5118539054332674,-1.4181607492174872,1.7071774557654749,1.5365461777492904
0.3,0.8,0.8,1.0,0.0,0.9,1.2084654168364397,-0.3531585241328562,-0.4201641622379235,2.649679792845212,2.5544487613921545
0.5,0.0,0.9,0.5,0.5,0.1,-0.0034239126228837596,0.9768777574003333,0.9189314082372115,1.9802328725902991,1.7413442417299718
0.6,0.1,0.6,0.7,1.0,0.0,-0.3412906081897418,1.183476878694003,1.413306952273529,3.622682193156157,3.3948354832041567
0.6,0.9,0.7,0.7,0.2,0.4,-0.4110882356351525,1.6169935121958143,1.5243713487924353,3.044986507139406,2.86535441451001
0.1,0.7,0.2,0.1,0.5,0.8,3.0929114832721374,-1.9415169606866836,-1.8773759359578368,0.6698443401258469,0.33851570774757894
0.1,0.6,0.4,1.0,0.9,0.6,1.0366140271460462,-0.13129726010307524,-0.12603791780778353,3.9108170426489717,3.7013846626132176
0.4,0.3,0.7,0.2,0.5,1.0,1.9979072688363624,-0.957781623991805,-1.0624983188102233,0.49046932257786374,0.25510112507860583
0.4,0.5,0.4,0.5,1.0,0.3,0.5714163315010323,0.23699988804492078,0.2637252022747274,2.653680746156892,2.540834506295058
0.0,0.8,0.1,0.3,0.2,0.3,-0.5288319844295545,1.4934058274090727,1.5011280490855479,0.7339164684524199,0.5802347205415777
0.8,0.8,0.0,0.5,0.7,1.0,1.8401906257592673,-0.6820232964222792,-0.6582058173288609,2.849242662585268,2.6664106112845922
0.7,1.0,0.6,0.6,0.4,0.8,1.376594559842779,-0.045309943247960394,-0.37024873053777657,3.232277272034784,2.7588865115743983
1.0,0.6,0.6,1.0,0.1,0.0,-1.9810595312318582,2.8989455432283715,2.8740779996469947,4.759687182989213,4.342607778179597
0.7,0.6,0.2,0.3,0.0,0.9,2.368149024614949,-1.2200042591272062,-1.3817275712749657,1.3821341012436037,1.0961423095555738
0.4,0.9,0.0,0.7,0.7,0.6,1.104179831209367,-0.30100164720333533,-0.2398330448222672,3.662693607263789,3.258722719739814
0.5,0.1,0.9,0.0,0.5,0.3,0.42357018548882525,0.42701624199778143,0.4768919356756371,2.0207056403289543,1.8075264349164415
0.1,0.3,0.9,0.5,0.9,1.0,1.657372382864756,-0.8435538161124073,-0.7978731515859205,1.5320392910717582,1.233939566220467
0.1,0.6,0.2,0.8,0.9,0.3,0.4350651887840453,0.630733178120521,0.35544335135663174,3.1209954188262046,3.0017241929307525
0.1,0.9,0.7,0.6,0.6,0.5,0.5671160390398162,0.40410934394733683,0.3314288374514571,3.2621009938412535,2.982540959475822
1.0,0.9,1.0,0.2,0.1,1.0,0.3730880022817896,0.8195525192438716,0.5983048589787943,3.554991947621673,3.525526062129336
0.1,0.9,0.4,0.9,0.4,0.9,1.0407367524692257,0.016010428426247468,-0.011533948879844907,3.368872687542017,2.982467575317805
0.1,0.9,1.0,0.5,0.8,1.0,1.4390198518511852,-0.28884271189680116,-0.5832810496126752,3.5564364311811927,3.466906902406606
0.0,0.2,0.5,0.5,0.6,0.4,-1.0455527962408857,2.0731474032644956,1.8785547927534958,1.512206502776201,1.2659728569654514
0.1,0.4,0.1,0.6,0.5,0.4,-0.40100613309311106,1.2998665623953036,1.1333433516632494,1.4154826677867773,0.9817464569987598
1.0,0.3,0.0,0.7,1.0,0.6,-0.09822552085671413,1.058681623691692,1.0250153636796457,3.0557433745003215,2.677938418111065
0.5,0.7,0.6,0.6,0.2,0.9,0.6372945173797774,0.19342008925156906,0.22384104396644974,0.9547850248491034,0.9774402305304214
0.0,0.6,0.8,0.1,0.6,0.9,2.431956878770057,-1.3850011772349504,-1.4242376453640462,1.8935753532585315,1.7954231833677883
0.0,0.8,0.0,0.2,1.0,0.1,0.47777144540980704,0.5291934507193796,0.46288109201824573,1.8619273807831966,1.8778901393359768
0.4,0.2,0.6,0.7,0.5,0.3,-1.0485588195265658,1.795884513901604,2.100702347923898,1.9521236687265808,1.8434238160291307
0.3,0.6,0.2,1.0,0.5,0.4,0.6078944673537021,0.4736951790744833,0.20589656251416033,3.4676271084898604,3.251633001349424
0.5,0.0,0.0,0.6,0.8,0.0,0.11811204357143862,0.9136327819462359,0.9207081414793734,2.6035584115228434,2.2374290307457887
0.5,0.9,0.6,0.6,0.2,0.0,-0.8066068722870651,1.6295469997215724,1.6295954026610886,2.6927165568804914,2.8389196987045136
0.6,1.0,0.5,0.1,1.0,0.4,0.8036918394522798,0.06310574530452158,0.035696591948877004,3.239803138093876,2.915319724120456
0.4,0.4,0.8,0.7,1.0,0.5,0.7966295095532224,-0.13484096035379192,-0.1732286015121351,2.529886332471445,2.226521886473437
0.6,0.5,1.0,0.3,0.3,0.4,-0.12762687864911448,1.2691094717693394,1.0454671578405874,1.949718080036201,1.911646719215184
0.3,0.9,0.7,0.5,0.2,1.0,1.7145846831143066,-0.5619580839872192,-0.7135261671413453,2.186451107162445,2.001772993959266
0.6,1.0,0.6,1.0,0.4,0.8,0.6458893414102915,0.32835100577875664,0.39412318964283305,4.048849811468442,4.241224640216845
0.2,0.0,0.5,0.4,1.0,0.3,0.279872309927814,0.7468029801890725,0.5278584865326701,1.7596345554550334,1.406981099257479
0.8,0.3,0.7,0.2,0.8,0.6,1.7541693340520614,-0.948870755314564,-1.1241435476481825,1.8003127776740677,1.5845127197900042
1.0,0.1,0.8,0.1,0.8,0.4,0.31713527845278294,0.6991751410024208,0.6338802229059813,3.7156031690990723,3.3919518384921408
0.0,0.6,0.2,0.9,0.1,0.0,-0.7467464698959204,1.7288037049142677,1.5575738685714318,2.5870963850319595,2.2953892951928077
0.8,0.5,0.5,0.5,0.4,0.5,0.07880934470903743,1.096992682299742,0.8160202824495288,2.3696017665917024,2.1904251819586853
0.6,0.5,0.2,0.9,0.3,0.1,-0.4016909181989763,1.1886285657982933,1.2793874746483962,3.1632427703486767,2.978616081724144
0.0,0.1,0.7,0.4,1.0,0.9,1.2765217936933972,-0.34377589041804824,-0.2952292969572143,2.332176961483951,2.159330503603078
0.0,0.8,0.7,0.0,0.3,1.0,1.5437711950905526,-0.6481008175927396,-0.7151177489576059,0.8865006310005349,0.7500590025671039
0.8,0.0,0.3,0.3,0.3,0.4,0.5690799929821152,0.5335209405466351,0.5005830703570393,1.136900304491192,0.9851741469000915
0.8,0.0,0.5,0.8,0.2,0.6,-0.3823168440483166,1.4864234931233005,1.3807267100662513,1.9796476869034423,1.839820716672722
0.7,0.0,0.7,0.8,0.6,0.9,1.5240333919243847,-0.34816290271305916,-0.43833125499620257,2.9121222776267506,2.729031074050558
0.6,0.0,0.9,1.0,0.2,0.0,-0.7307170251938715,1.7516714046921986,1.6827225744763805,3.311323281919135,3.085610367328007
1.0,1.0,0.8,0.1,0.6,0.5,1.1046863550604442,-0.2506700553025962,-0.1507273895791901,4.4753349124588535,4.05089813218272
0.9,0.5,0.8,0.9,1.0,0.9,1.1357231667575647,-0.22547573683035899,-0.11713166383579257,5.364870003796373,4.990483681804414
0.4,0.8,0.6,0.7,0.7,0.3,-0.2562552050789258,1.3315556275217466,1.1698813789733207,2.749231974734814,2.5782611507992255
0.7,0.4,0.1,0.1,0.8,0.7,2.5397417415183616,-1.8480159660035815,-1.8236278175269347,1.7228974347981445,1.7269756123880955
0.8,0.3,0.0,0.7,0.9,1.0,1.0719753408842185,-0.23612230239907386,-0.3245788886760287,2.503001346143451,2.045539271978446
0.8,0.2,0.6,0.2,0.9,1.0,1.8305399154011093,-0.696802913549022,-0.7241109308251231,2.388541777248936,2.1790540565993197
0.8,0.6,0.5,0.0,0.3,0.0,0.6077596268253043,0.37857896208292563,0.2430304281269614,2.00574975822177,1.815028307669175
0.9,0.5,0.4,0.6,0.8,0.6,0.8356184724235678,0.21366855591671935,0.06901781681996247,3.7058069189711786,3.462412170368378
0.0,0.4,0.6,0.4,0.5,0.8,0.7573094964629239,0.30986568887096166,0.35566690395037903,1.1496519571223964,0.6332479307263
0.4,0.0,0.7,0.5,0.6,0.4,0.26503224885894516,0.8084519973946919,0.646462874082787,1.6888429837788335,1.4562735254520542
1.0,1.0,1.0,1.0,0.9,0.6,-0.13583249847998308,1.2117865867583706,1.2093841030901427,6.847161867005659,6.588181864186762
1.0,0.6,0.7,0.9,0.0,0.2,-2.105864210102255,3.265326894619258,2.955016102430318,3.951978709745396,3.807199254125245
0.8,0.5,0.0,0.9,0.3,0.0,-0.5890193834177117,1.5767458492375184,1.5906611258678405,3.780498243740654,3.529738539465466
0.4,0.6,0.8,0.5,0.1,0.4,0.05737803324979676,0.6700857388896586,0.8491058669085678,1.5689033704893443,1.4819860060496783
0.3,0.8,0.0,0.6,0.0,0.8,1.144371657112116,-0.054359432364895086,-0.08436622510745997,1.1532595954393399,0.8472549033438819
0.9,0.4,1.0,0.9,0.8,0.4,-1.1023027185305834,2.095937808392454,2.270016554543083,4.298465572055471,4.358696913836429
0.7,0.4,1.0,0.0,0.8,0.4,1.0785558484752522,-0.02983295934552188,-0.2580159714312645,2.6205036647944886,2.1135453166680582
0.4,1.0,0.1,0.3,0.6,1.0,2.3253859303922386,-1.4239693750369817,-1.6004659981566707,2.9990202283576903,2.7566564582879094
0.8,0.8,0.5,0.9,0.6,0.0,-0.09896985326472124,1.1116437944421813,1.0789936015723767,4.075127236453344,3.9884912896165385
0.9,0.2,0.1,0.6,0.0,0.2,-2.0101951704173957,3.017981951709589,2.896688882736547,2.1305847993322926,1.9836260327914683
0.8,0.1,0.3,0.3,0.0,0.0,0.14500431805675698,0.763114208062637,0.6209670623292165,2.0076137756417918,1.8204976369713326
0.3,0.1,0.8,0.4,0.7,1.0,2.512385496714406,-1.7002993509378093,-1.6723254049882026,2.5154348737421204,2.2753660955694675
0.5,0.2,0.8,0.9,0.4,0.1,-0.5903195911296216,1.7166411910672548,1.7796060939402314,2.674642704122636,2.4079971394853374
0.8,0.2,0.9,0.3,0.8,0.2,0.5742951042783413,0.5902384424859375,0.4620266317426071,2.671240702724892,2.651995074356524
1.0,0.7,0.5,1.0,1.0,0.8,0.29198994787562194,0.6464736572743621,0.3285368563216753,4.687430190366285,4.446178522389808
0.6,0.0,0.8,1.0,0.3,0.6,0.24625035648137658,0.8092671156605744,0.5209634371323107,2.8303150442697347,2.869910321584814
0.0,0.4,0.1,0.5,0.6,0.3,-0.6420122615597309,1.4776710192640212,1.5035683141509657,1.5795221016705945,1.2667840148275495
0.3,0.5,0.7,1.0,0.9,1.0,1.9158389861440273,-0.8485625615976328,-0.77839645036363,4.4236816820543,4.190380788161071
0.3,0.5,0.2,0.9,0.2,0.5,0.4193790839497885,0.39349373019828654,0.3976333914549264,2.71933785537963,2.3336657598241177
0.4,0.1,0.2,0.1,0.4,0.4,0.8320912332498156,0.07136480794325106,0.10424088784736847,1.2107081479101929,1.0464620174872938
0.4,0.1,0.5,0.5,1.0,0.3,-0.21613108627559174,1.3000273911108537,1.3379747381010452,2.533689274283274,2.1638893216321526
0.7,0.9,0.9,0.0,0.6,0.8,3.1023007532931395,-2.0781391475931215,-2.105626036917038,3.5931254942676714,3.412160730647586
0.7,0.3,0.3,0.7,0.2,0.0,0.3264870136753873,0.49854020090288864,0.6270767140728842,1.3603506536225738,1.1141613181890764
0.0,1.0,1.0,0.7,0.6,0.7,0.4550078293471397,0.5349349937590433,0.41345618041333154,3.9511766336745073,3.663905995201916
0.9,0.8,0.2,0.5,0.1,0.8,1.0973918022803133,-0.10107848143543852,-0.07728846113468744,1.6955129264213697,1.8108391327523525
0.2,0.9,0.5,0.0,0.8,0.8,2.937741203391645,-1.7856084613027077,-1.912132297412708,2.5778195823547905,2.5575886818790208
0.3,0.5,1.0,0.5,0.5,0.0,0.4738506684257845,0.6607373249668484,0.35646538757986557,2.86658941439557,2.6504118038228968
0.3,0.1,0.6,0.7,0.3,0.8,0.5911472496997703,0.29566322428167674,0.25279022439159077,1.7592298639574044,1.6043269307231722
0.7,0.0,0.6,0.6,0.4,0.6,0.22734796892423775,0.5007399954582352,0.6394602525274413,1.5829199814065344,1.3276990844060352
0.5,0.0,0.9,1.0,0.4,0.4,-0.9655587033085318,1.8762162535317601,1.7044053336443326,2.9740808926163376,3.0490591673141907
0.2,0.4,0.7,0.3,0.7,0.5,1.6592490369357884,-0.7107495153680394,-0.7203862718669582,1.5666310317071261,1.0975759207121376
0.1,0.8,0.5,0.5,0.9,0.8,1.4639866948994276,-0.6991812553912706,-0.46859846785516923,1.8949179499765187,1.687405680328834
0.5,0.3,0.4,1.0,0.1,0.6,-0.1430622382643534,0.9772337059028128,1.0608063990525949,1.7299508864595021,1.8123228788368408
0.8,0.8,0.9,0.2,1.0,0.6,2.3273059865601846,-1.5407152213490751,-1.4693513578634658,2.9556907615479817,2.7483179505131816
0.9,0.0,0.8,0.9,0.0,0.4,-1.5829489749146342,2.6226997347726813,2.7241013578042472,3.1278036240236844,2.8930950095427876
0.2,0.4,0.2,0.0,0.0,0.7,2.5464629558047074,-1.3503336109797799,-1.3918067561609142,-0.04827815640454121,-0.22986128299950115
0.3,0.4,0.2,0.0,0.4,0.5,2.241290068133182,-1.1934412728601866,-1.3008127074851468,0.34637691436793205,-0.01634839240300437
0.9,0.9,0.2,0.0,1.0,0.9,2.8545032729759767,-1.9297077406085135,-1.9469642787161283,3.9035754446834634,3.577655253726332
0.4,0.8,0.7,0.9,0.7,0.7,1.4881529358369068,-0.487575475133476,-0.6895715158595641,3.4175954933652632,3.336729907001459
0.6,0.3,0.1,0.6,0.6,0.8,1.5258039170161637,-0.5680707076638795,-0.8576402564460921,1.538539079686112,1.353896870172845
0.8,0.8,0.4,0.4,0.1,0.1,0.13161690260832898,0.9911686493912047,0.8479362344166959,1.729758573987457,1.28168760681101
0.3,0.6,0.4,0.9,0.2,0.7,1.174636800528659,-0.29560097064902274,-0.335493578178046,2.451290271393939,2.067269013612937
0.7,0.0,0.0,1.0,0.0,0.4,-1.391406438942996,2.4714782317224127,2.3901273061320922,2.75536462543095,2.5517169011151766
0.8,0.3,0.2,0.5,0.6,0.6,1.4398735463363042,-0.684020750405812,-0.8095369213316912,1.730449889794422,1.6256530042519954
0.2,0.8,0.8,0.5,0.9,0.7,2.823979049077337,-1.5798071792958006,-1.7113690846100897,2.2525687111713317,2.1247747666886867
1.0,0.2,0.6,0.2,1.0,0.2,-0.6802161100441162,1.8878450249731948,1.7923382723077899,3.0442588712783607,2.855162633411963
0.1,1.0,0.7,0.3,0.0,0.7,1.0110089630693353,-0.14914029911605975,-0.25049443394245574,1.9264725928826059,1.6762231012391593
0.9,0.8,0.5,0.6,0.7,0.3,-0.8097740801089823,2.000635057254998,1.6355985035925555,3.1824660468782913,3.012371282635646
0.9,1.0,0.6,0.1,0.1,0.4,-0.6949768045594923,1.531106228781302,1.4590534960694075,2.8650912517187344,2.6699716083851612
1.0,0.8,0.6,0.3,0.0,0.8,0.0068650121408308645,0.8351346870826379,0.7575710496765694,2.0723578140347056,1.782730910604718
0.7,0.6,0.2,0.1,1.0,0.2,1.822267242493955,-0.8525130110191608,-0.8890520942620675,2.70675692013543,2.355141895833962
0.7,0.0,0.3,0.5,0.6,0.6,1.8550418673602613,-0.8833452742603459,-1.1504786994550935,2.0976128565618404,1.6942391843690692
0.1,0.5,0.4,0.1,0.6,0.2,0.6513244037808127,0.15129211472558432,0.12278113152644746,1.9384281547963766,1.5695184257365897
0.7,0.9,0.6,0.7,0.2,0.5,-0.33609227803477637,1.24330557617037,1.2904640533459395,2.8524094785239313,2.90258245525056
0.6,0.6,0.1,0.3,0.0,0.4,-0.013313257501670513,0.9699716771108242,0.795468627338246,1.348370689496606,1.0747707965598332
0.4,0.2,0.4,0.6,0.1,0.5,-0.09778924274931655,1.2318198823349216,1.0080498531389952,0.8273760142921729,0.6971600650288615
0.7,0.7,0.7,0.2,0.3,0.0,1.2243603859253978,-0.12060528954807365,-0.2031289210324969,1.522247786290308,1.1975712830563847
0.9,0.4,0.6,0.5,0.0,1.0,-0.4439931877457334,1.3159659636511867,1.2178353701436624,1.6993882726902676,1.5100020409208998
0.4,0.7,0.8,0.3,0.7,0.9,3.124862279977898,-1.9666174053207979,-2.031656553304521,1.777727084791214,1.7570372370324023
0.9,0.2,0.9,0.3,0.6,0.5,0.44425615100750165,0.5368134899801965,0.5327835351331277,2.9106954642399163,2.532978541616376
0.6,0.7,1.0,0.4,0.0,0.7,0.9173841155151892,0.05955349478000589,0.017685888643800142,1.3287030593657225,1.1778914285138193
0.7,0.7,0.4,0.0,0.8,0.2,1.7867323564152997,-0.7028624239919951,-0.8101069525853609,1.7602529769954387,1.6861704976423635
0.0,0.0,1.0,0.4,0.8,0.4,-0.4958700276526386,1.3529219771270893,1.3164775497493115,2.0136596092165915,1.8183460635090685
0.7,0.4,0.5,1.0,0.0,0.0,-1.1245751527191366,2.345488099330302,2.072297809435692,3.0947581630526466,2.865362918659306
0.7,0.0,0.5,1.0,0.9,0.5,-0.14579914900693794,0.9507803747362422,0.9418048025899493,3.988775258282834,3.6866306650218403
0.8,1.0,0.9,1.0,0.1,0.7,0.519628454294796,0.4131311496811983,0.2695958844486758,4.915130956657275,4.580158343183857
1.0,0.6,0.9,0.4,0.4,0.4,-0.4549727721808318,1.3461904061758252,1.172355761076622,3.2425652496682167,2.7566763677665027
0.2,0.9,0.7,0.5,0.1,0.9,1.5789870869261118,-0.47597880926603703,-0.6818068452309948,2.132533385595554,1.9193798432143812
0.2,0.3,0.0,1.0,0.2,0.7,0.6383464095754152,0.5058131139910427,0.42533554043625427,1.713610597663924,1.4245481192954188
0.7,0.1,0.5,0.8,0.4,0.3,-1.2510016473995527,2.3772677589811515,2.1421888348498817,2.7980283424743377,2.600664652204764
0.2,0.1,0.3,0.4,0.8,0.3,1.0871613811535643,-0.00706563268468019,-0.2051247400787466,2.249628573506985,1.8099117003562804
0.6,1.0,0.3,0.2,0.5,0.5,2.1858982559600366,-0.8900230813298394,-1.0861325251340221,2.678170214643438,2.40870988506274
0.0,1.0,0.8,0.2,0.1,0.0,0.21275038470865593,0.735734170043162,0.5818471290939362,2.416614113537401,2.130927911804964
0.9,0.9,0.1,0.3,0.1,0.1,-0.5808350589900916,1.678514449335829,1.5245005301857106,2.9236301115993797,2.672456900155046
0.5,0.0,0.4,0.6,0.4,0.7,0.6918635673877603,0.11831654924338507,-0.04623261356296121,1.1610378124817458,0.8011820233055171
0.4,0.7,0.9,0.0,0.8,0.5,2.3755276059732977,-1.2954741410550081,-1.5679680936413583,1.8903147116659686,1.598450906567209
0.2,0.7,0.4,0.4,0.1,0.0,0.8226075370714714,0.37540229657196833,0.26723021242958245,0.5640950738650656,0.3254290537839607
0.4,0.6,0.4,0.8,0.1,0.2,-0.6895710431488656,1.7235166753356739,1.6486692043708504,2.019952395415557,1.8707747537633463
0.2,0.6,0.5,0.7,0.5,0.9,1.5346662518731415,-0.5927304822719828,-0.5877075702885077,2.4050456280114276,1.993243271768754
0.3,0.2,0.9,0.7,0.4,0.8,1.5131183338802365,-0.3886036376627317,-0.6666660764214587,1.8953894265494955,1.5199214806866481
0.7,0.6,0.5,0.4,0.5,0.4,0.10015132083541645,0.7641746671683004,0.5911668799891965,2.231625743084774,1.9857149913200545
0.9,0.8,0.3,0.6,0.7,0.5,0.9968945819264992,0.19036193418916322,0.11301227434076805,3.261495334749984,3.0235691272270473
0.0,0.9,0.2,0.2,0.5,0.0,0.9369919801937553,0.06665762946279077,0.047192489929356624,2.480071933599471,2.196428601271787
0.0,0.2,0.1,0.4,0.5,0.5,-0.022581218178979286,1.038241512742203,0.9103359149509357,1.0186409740168954,0.7856550723141912
0.8,0.7,1.0,0.5,0.0,0.8,0.7693603799011917,0.14210568634408283,0.1623837784260993,1.8534989334048821,1.5678079274023986
1.0,1.0,0.5,0.0,0.1,0.6,0.39343763624725214,0.5566787976493394,0.5482688735378051,2.8788403778765868,2.745093423737749
0.2,1.0,0.0,0.8,0.3,0.3,-0.5469119930989832,1.5081199270919898,1.3370834240149476,3.0008294056054825,2.94134743000972
0.1,0.6,0.7,0.4,0.8,0.4,0.7112097901997059,0.2383799075827745,0.15489288710839078,2.2166138242432085,2.0857727789989906
0.7,0.3,0.8,0.6,0.5,0.4,0.24261436000314465,0.46126926839516225,0.3857886857481843,1.558048206405091,1.4050995778065472
0.9,0.9,0.7,0.1,0.5,0.1,0.16654570046943762,0.7153114231494097,0.5411196899065416,3.451067655676092,3.4563507951740906
1.0,0.2,0.8,0.3,0.4,0.3,-0.7661044138296209,1.8565610708264024,1.5972020799005588,2.2597266667805855,2.242101253553512
0.8,1.0,0.3,0.8,0.5,0.3,0.009673005961640835,0.6898023183650831,0.6678878574487507,4.275902536867438,4.181952294794633
0.6,0.9,0.3,0.5,0.9,0.3,0.9992340030384932,0.07460329132929122,0.02525650650055218,3.3562750986242156,3.248120807404946
0.8,0.5,0.0,0.9,0.5,0.1,-0.7958762908912418,1.6684929593991553,1.516629998841153,4.1897774593699335,3.978793237198106
0.9,0.5,0.8,0.2,0.2,0.7,1.2030027740945266,-0.2802220805339372,-0.2611266140819171,2.5118272276861386,2.4387257344569515
0.4,0.1,0.7,0.5,0.3,0.2,-0.5737596677008237,1.6077506538993578,1.5317525462059915,1.7537292404142761,1.6348504770634944
0.9,0.2,0.1,0.3,0.7,0.2,-0.29478852763254365,1.3558510220767777,1.2447621235942279,2.508302602115858,2.4979326167179012
0.3,0.4,1.0,0.4,0.4,0.9,1.6367235221903198,-0.5850637750177715,-0.8335885695267394,1.261634397765311,1.1737190168061464
0.7,0.9,0.1,0.1,0.6,0.9,2.712514210613777,-1.8414172509240332,-2.0090152755031254,3.0235757824462346,2.969153694803398
1.0,0.0,0.0,0.0,1.0,0.2,-0.16257773421009367,1.0757123708060767,0.9451050195532474,2.871235749381315,2.688856107108816
0.0,0.6,0.4,0.2,0.7,0.9,1.9341353022822532,-1.05454578134473,-1.200376176761596,1.9017382191582402,1.644091062823765
0.0,0.9,0.9,0.1,0.6,0.7,1.9532521629902462,-0.9360330388762536,-1.1151462940558317,2.72144829092805,2.607106698991944
0.5,0.5,0.3,0.8,0.9,1.0,1.7762776177820863,-0.7906983023231797,-1.0713108143454786,3.4851417240380895,3.2839738379509544
0.4,0.5,0.5,0.1,0.4,1.0,1.84881514224696,-0.8534915076873856,-0.7238682491210924,1.4041945832283789,1.272718882756141
0.2,0.7,1.0,0.0,0.0,0.3,0.3188227154755963,0.7068249197340263,0.5806512169669105,0.6970202275904784,0.5348737655182109
0.5,0.0,1.0,0.5,0.6,1.0,1.1037448972722708,0.14187893981362845,-0.12047291088585219,2.39585649256435,1.883028237366168
0.2,0.8,0.0,0.5,0.7,0.5,1.2542752058857087,-0.32005223762002655,-0.4124156430269101,2.115848753820673,1.8003375287421408
0.9,0.6,0.9,0.9,0.7,0.0,-0.23133802374811824,1.1182228798728575,1.0665581411757838,5.474010355380955,5.078476776398483
0.9,0.8,0.1,0.8,0.0,0.4,-1.4551114156464915,2.5454097003488236,2.344572246235675,2.5947302343038436,2.5311702641891345
0.5,0.8,0.0,1.0,0.7,1.0,1.034780341652528,-0.14834846396576667,-0.27292883967757364,3.9335539395625108,3.6899878872271055
0.2,0.4,0.1,1.0,0.8,0.1,0.3510984393286454,0.7695919211639894,0.6364931716101389,3.5501652828003416,3.4114678043584927
0.7,0.4,0.6,0.9,0.3,0.6,0.048207602531695315,1.0954480879939243,1.0124462041299567,2.531563975624297,2.096112659447364
0.9,0.2,0.9,0.3,0.2,0.7,0.7330903764642877,0.26766441528322593,0.03540543227005316,1.967075723223861,1.8640470967635685
0.8,0.4,0.4,0.0,0.5,1.0,2.555609345801849,-1.413291028204312,-1.641037117736834,1.6422115658087277,1.2521075219197746
0.3,0.6,0.5,1.0,0.1,0.2,-1.0113035859490005,2.0964151450559276,1.8294828421364047,2.872124359531069,2.6948563467509055
0.4,0.0,0.0,0.3,0.7,0.1,0.3767705420683727,0.46520405023923495,0.5829865273704145,1.8182089801816679,1.6591146240921033
0.4,0.5,0.0,0.0,0.3,0.5,1.1338380263506582,-0.22588635944484867,-0.05975488615003277,1.2891487405326332,1.0742671187664246
0.2,0.5,0.2,0.8,0.6,0.6,1.9522769872379826,-0.7258726613193535,-0.9380107153008832,3.095322908851281,2.8996471897598504
0.3,0.8,0.0,0.5,0.4,0.9,1.9694584373249782,-0.7977598857687375,-1.0692242211872722,1.1593623691375134,1.0185610483592638
0.2,0.6,0.4,0.9,0.2,0.1,-0.12646491894430847,1.1781504392136584,1.0688222856760736,2.468807103580164,2.340364472129591
1.0,0.3,0.8,0.3,0.6,0.7,1.7303578993068085,-0.14416738533703075,-0.522837118711029,2.319122790186299,2.238119009834829
0.0,0.0,0.5,0.8,0.5,0.1,-1.7505969337050415,2.5494463960568443,2.397953808876494,2.0102028835832506,1.7915221227295521
0.8,0.6,1.0,0.2,0.7,0.3,0.1943559902471061,0.5556410362566039,0.44441155767649837,3.3872907811211252,3.103375967009595
0.5,0.8,0.7,0.0,0.4,0.0,1.2088049975334505,-0.19574020992931376,-0.4609625028378758,1.6396262818671223,1.2073382618518291
0.1,0.6,0.3,0.9,0.4,0.7,1.3270206605455224,-0.30374959754008013,-0.5025907687550224,2.449520240344326,2.314085881622212
0.4,0.6,1.0,0.9,0.6,0.5,0.47823467415791293,0.958745293452276,0.8128065703306215,3.8434737247130975,3.6860985456834383
0.5,0.8,1.0,0.7,1.0,0.1,-0.13561336302973492,1.2512495745762209,1.1857797061386741,3.5344675814004534,3.2338231301375093
0.8,0.1,0.3,0.7,0.9,0.4,0.39061289059001614,0.6424489591087694,0.4938821555433831,3.47789763085046,3.285242502823852
0.7,0.4,0.9,0.5,0.5,0.0,0.661414793737904,0.49920515138230037,0.33177105599531,2.4041432683614596,2.266082606524899
0.5,0.5,0.8,0.6,0.7,0.2,0.34831419000159586,0.7116453325303241,0.5271713135826058,3.35094119087642,2.90242283595919
0.4,0.6,0.8,1.0,0.6,0.1,0.4092309389220864,0.793580335998042,0.4724942919644532,4.559970159198017,3.99666626024682
0.0,0.0,0.6,0.8,0.1,0.2,-2.4022335986121632,3.413466642031879,3.480429620226481,1.5523858524160112,1.3577147305727115
0.3,0.1,0.5,0.2,0.7,0.8,2.1890407560679566,-1.2779612408657666,-1.3619627491739232,1.9278798521354243,1.617550294785126
0.1,0.2,1.0,1.0,0.8,0.1,-0.8617054292009478,2.050213604897197,1.817357023074304,3.7673521372296364,3.714844660823932
0.0,1.0,0.8,0.7,0.2,0.0,-0.2673992948001004,1.5234307804740284,1.2996809411865602,3.0337367186324387,3.0491827216861953
0.1,0.0,0.4,0.3,0.3,0.8,1.4995463652797543,-0.4100084174917444,-0.5391143319672698,0.22451079855487382,-0.11425296498038878
0.8,1.0,0.0,1.0,0.8,0.9,1.0855266188332855,-0.1934216381808686,-0.41333320976254645,5.67754638847141,5.628876449987636
0.3,0.2,0.2,0.2,0.9,0.1,1.8844160832874464,-0.6443967348688547,-0.8128247720575668,1.5776809090195492,1.4818933642641672
0.2,0.8,0.3,1.0,1.0,0.4,1.0719553248033118,-0.06437330148812012,-0.22954199079788273,3.699727305180711,3.4153692698171954
0.9,0.7,1.0,0.3,0.1,0.0,-0.42827415445904615,1.3619325079110767,1.5011525659498752,2.266134707590336,1.93329520275681
0.5,0.4,0.4,0.8,0.5,0.1,-0.35069362443047536,1.4591894052568453,1.446001600247582,2.408039246267609,1.9290730205965136
0.4,1.0,0.8,0.2,0.8,0.0,1.9586155358722817,-1.0375127214793882,-1.1055579371162036,3.6810330090664847,3.58610754769803
0.6,0.1,0.2,0.9,0.7,0.6,1.0096297690667104,-0.28113550011669597,-0.21881473850892091,3.7641351194895116,3.6319113471577227
0.9,0.0,0.3,0.7,0.9,0.5,0.3557207232261205,0.615223237951827,0.48701549092740004,3.2730802340062333,2.9328165594998445
0.0,0.0,0.7,0.6,0.6,0.8,0.9522136581600924,0.08292139305424517,0.12275498630627961,1.8511276131456442,1.4592082885604938
1.0,0.1,0.6,0.1,0.9,0.8,1.1914923462146128,0.18858589622766478,-0.16235416400781194,3.6596459597036732,3.2832465568247655
0.7,0.5,0.8,0.1,0.7,0.1,1.6910401180099601,-0.6221901028228157,-0.857562391748372,3.3986161191390067,2.821117842696136
0.4,0.1,0.4,0.8,0.4,0.2,-0.7469977005900166,1.7433302992379918,1.7207311908024745,2.349277142544405,2.160807899399364
1.0,0.3,0.6,0.0,0.7,0.5,0.25761861748422044,0.6719578456892276,0.3912922172112714,2.2568145321628044,2.023420770922559
0.7,0.8,0.2,0.1,0.4,0.6,2.664421317374471,-1.476351353351359,-1.6960038408516176,1.3536493587126368,1.2652988268847751
0.2,0.4,0.2,0.4,0.5,0.1,0.9743594899962044,-0.28866441013139044,-0.14528978167288392,1.171239137300858,0.9765355550423673
0.9,0.5,0.5,0.4,0.5,1.0,0.6432686894757266,0.4751868131667649,0.18702234623562483,2.8181302608320804,2.630881799132995
0.4,0.8,1.0,0.1,0.3,0.2,0.04864290336050642,0.6986741210222202,0.6681271048094436,1.3622126464231856,1.233497843736231
1.0,0.8,1.0,0.0,1.0,1.0,1.9020234338754387,-0.5534968719998713,-0.8702402775763585,3.712602291928847,3.552798800449362
0.0,0.9,0.5,0.5,1.0,0.7,0.9543450600947032,-0.055894320231468564,-0.03151457873731981,3.0132034404057686,2.7932772469952813
0.0,0.8,0.1,1.0,0.1,0.8,-0.08215113350484682,0.8806662599842294,0.8383882766893417,2.51915969847913,2.252597613992647
0.4,0.7,0.5,0.1,0.0,0.7,1.4580098538410198,-0.39150921077211975,-0.5604396244098192,0.2646201083412977,-0.18976135028649105
0.8,0.9,0.0,0.7,0.0,0.7,0.09843307721783517,0.5798011312994059,0.7730647555434772,3.0855184549436676,3.0243526607655564
0.5,0.3,0.7,0.7,0.1,0.1,-1.1085728855393295,2.0427895178815745,1.8911566992692295,1.1531215766804987,0.8723211206201577
0.5,0.5,0.9,0.0,0.4,0.3,0.4695180603818989,0.40988855897606685,0.08640172190404494,1.980272742089198,1.7013003359582322
0.9,0.1,0.1,0.6,0.4,0.5,-0.4019043992698559,1.7979359700044406,1.6508723185301684,2.6962839224524293,2.5551947551446563
0.5,0.7,1.0,0.1,0.2,0.8,1.692272172683364,-0.6930245811700025,-0.8916259764790606,1.0249142061765708,0.9214689092868286
0.9,0.0,0.9,0.6,0.7,0.1,-0.1799044871943748,1.5854876735391836,1.4091482606563215,3.480436250789739,3.2175722463586047
0.6,0.3,0.9,0.3,0.0,0.1,-0.2819204205219863,1.132062007160098,1.0604617027500802,0.7236830582639417,0.512156477919743
0.1,0.4,1.0,0.7,1.0,1.0,0.8448527388961433,0.1211407193964702,0.015398746238914865,2.7637661340270667,2.672289398533845
0.1,0.1,0.0,0.7,0.6,0.9,0.6930507915930533,0.4091367541342289,0.22427664676473558,2.3521917991781547,2.329642528825448
0.2,0.9,0.9,0.6,1.0,1.0,2.3396400616590762,-1.251739764414163,-1.4562080398851975,3.9210216520040038,3.6301432833272513
0.5,0.8,0.9,0.9,0.4,0.1,-0.39403041685783763,1.4977528351981066,1.1944508654043549,3.031199944586919,2.932458166643365
0.0,0.4,0.8,0.9,0.0,0.1,-1.5352051035162775,2.530861006370646,2.339609240233436,2.0027780382845792,2.010176327402681
0.2,0.9,0.3,1.0,1.0,0.7,2.1511453937095943,-1.4301415713352377,-1.5324287661827911,4.631238810089743,4.557443575825738
0.6,0.3,0.4,0.1,0.6,0.2,0.7758509011544494,0.06873447735123038,0.0854158924522252,1.0521129219033403,0.8203314512847096
0.3,0.2,0.6,0.5,0.5,0.7,1.3559373969900341,-0.4304917063467665,-0.3299328695967454,1.3291544530926798,1.0899026598740629
0.0,0.8,0.4,0.4,0.5,1.0,1.4266688780015386,-0.534677878050267,-0.5461681772762709,1.2559892203398733,1.0121042571948016
0.0,0.6,0.8,1.0,0.7,0.8,1.2005185750486496,-0.42976731673924345,-0.2651415053730565,4.1557825562916735,3.9421126461313007
0.9,0.3,0.8,0.0,0.9,0.6,1.985300887402612,-1.1360487251615576,-1.0949564000979521,2.3219303214077134,1.9187839737256966
0.7,0.7,0.4,0.6,0.6,0.9,2.3309657445686938,-1.1954932707705552,-1.2754858060000032,2.2404400556394886,2.0038677469285866
0.0,0.1,0.9,1.0,0.2,0.5,-1.181351421814875,2.168421062050964,2.1317426042575134,3.1014067740170255,2.9429677749967604
0.6,0.2,0.0,0.2,0.3,0.9,1.2767285228682472,-0.2638568948589142,-0.458893871797946,0.8791057208712089,0.6943338508106086
0.4,0.9,0.2,0.7,0.1,0.4,-0.009267935986307194,1.0382664407207447,0.9541016412168863,2.5456965901426925,2.4290248115939916
0.9,0.4,0.6,0.1,0.7,0.6,1.0415243043415228,-0.19847444191523608,-0.07708798968071989,2.3470196386015423,2.0770905938393027
0.4,0.9,0.6,0.2,0.0,0.8,1.3299713405583897,-0.25491858565410913,-0.40210470557634437,1.7369850860450227,1.4973672004376668
0.0,0.3,0.0,0.0,0.6,0.7,1.4394326353173779,-0.5874512142695586,-0.7180318936408346,0.5894848203908225,0.29131560352111924
0.2,0.6,0.3,0.0,0.7,1.0,3.9513166739185785,-2.981878948255439,-2.9892638593836334,1.8436233378248181,1.763205178612554
0.5,0.2,0.1,0.5,0.0,0.9,0.5348654195306678,0.46589174227140706,0.31353968509638813,0.9584630771791751,0.6673884841586902
0.1,0.1,0.6,0.0,0.8,0.5,0.9325156840883971,0.02948994828932102,0.10550490406578295,1.9114292791430478,1.6054616877488284
0.3,0.3,0.2,0.8,0.5,0.3,0.20488585102051904,0.7214816803931096,0.4606471331853418,1.505074458253947,1.3200033256905275
0.4,0.5,0.9,0.5,0.7,0.5,1.0209724271903957,-0.1294154470036502,-0.4167222382219381,2.9141992850677876,2.775162496522457
0.0,0.9,0.4,0.9,0.3,0.1,-1.1652843884104267,2.0726762408584194,2.1969825699723957,3.1346889721117766,3.142014768452315
0.6,0.8,0.9,0.7,0.8,0.5,0.8916424785171111,-0.078878469484567,-0.1255965721654109,3.275893016611478,2.9255415282757284
1.0,0.0,1.0,0.7,0.1,0.1,-2.478023540635764,3.445915494879955,3.3646333921888156,3.2274400310645994,3.0287917391696126
0.6,0.1,0.6,0.0,0.7,0.9,2.124933573562171,-0.958486567396693,-1.0385747418479427,2.3965918768946075,2.154871330122685
0.8,0.1,0.2,0.9,0.1,0.9,0.5415380433544617,0.4073218115042339,0.2903447653455197,3.035598538927834,2.8794766650389065
1.0,0.0,0.5,0.2,0.7,0.0,-0.323021410200595,1.2221611424974117,1.1355042285769021,2.7574071334837322,2.8122185137847566
0.2,0.4,0.4,0.8,0.8,0.1,0.42843316644708185,0.6476812533161357,0.4354143188373036,2.482103470143775,2.2973049914826746
0.6,0.2,1.0,0.8,0.0,0.9,-0.2532923436171683,1.235545820486939,1.1209956905758738,2.5266839166873347,2.1560895951610184
0.1,0.1,0.0,0.2,0.6,0.0,0.37937910481051246,0.506490261172705,0.6334004382212988,2.1670831250851075,1.9064145348885313
0.3,0.9,0.2,0.5,0.8,0.9,3.099419293737627,-1.7602126866817236,-2.084649417102163,3.122562022670119,3.1416045231954977
0.4,0.6,0.2,0.0,0.0,0.5,1.4405006866483214,-0.5237922593797798,-0.48499045448095096,0.9137169686772862,0.6909771534756628
0.0,0.2,0.5,0.2,0.8,0.8,1.2992861821660007,-0.09724846415909541,-0.21711193767858292,1.361650897458241,1.2913846123891575
0.2,0.5,0.4,0.7,1.0,0.9,2.2276019673589382,-1.1291233422397426,-1.1278680371104182,3.2182863904981946,2.9231719138842975
0.5,0.2,0.8,0.3,0.2,0.4,-0.13158182303914565,0.9874979658848495,0.9162043565222686,1.1021116526342472,0.8411854311972381
0.3,0.6,0.8,0.4,0.8,0.7,2.977363338430532,-1.864625907537265,-2.24908570697458,2.630437475975297,2.386277596125997
0.0,0.4,1.0,1.0,0.3,0.3,-2.4081644903783688,3.1455761370631885,3.030338828427868,2.837450336223169,2.664503909555451
0.4,0.3,0.0,0.8,0.0,0.3,-1.4765854724910505,2.4617858331294573,2.5506978962702043,1.2259245225330604,0.5820733355652037
0.0,0.5,0.1,0.2,0.8,0.3,0.3135300071334135,0.7957786598007944,0.9560443026201487,2.2645072768102854,2.048104825168368
0.9,0.9,0.1,0.5,0.5,0.5,0.14882139738182434,0.7506078481707673,0.8163459148193817,3.3964421553089954,3.3757214540215528
0.1,0.8,0.4,0.1,0.3,0.4,0.5955321349306382,0.4667796746630647,0.21136273736199207,0.4921742327856473,0.46304744193014136
0.3,0.0,0.6,0.6,0.2,0.4,-0.7612357895107589,1.61419963646524,1.4714707346611373,0.9513315645473281,0.6767553938846237
0.0,0.1,0.4,0.5,1.0,0.0,0.054276275374133834,1.075830378346988,0.9470298091523972,2.462263087426966,2.3739947005992508
0.2,0.8,0.3,0.3,0.5,0.9,3.2071232341232467,-2.1466766481411224,-2.254623405276854,1.0427892315668625,0.9775707136293629
0.8,0.6,0.4,0.2,0.8,1.0,2.537389628756861,-1.4316452386207903,-1.854587906576078,2.7505940149643666,2.67055413958685
0.3,0.3,0.0,0.6,0.2,0.2,-0.7016542361639458,1.5625757356958867,1.4437572323718542,0.5747774299818424,0.2759523277184681
0.7,0.8,0.0,0.1,0.3,0.5,1.2505415101908173,-0.3071102801026873,-0.07697033173612272,1.184826291523107,1.1601374474234216
0.6,0.7,0.6,0.6,0.1,0.6,0.37187169758564337,0.7287059300004355,0.5825138120592733,1.2422855239280568,0.9808471124036909
0.2,0.2,0.1,1.0,0.1,0.7,0.519225198723765,0.49668374844643476,0.47262564835196613,2.2791813192522645,2.022776460011344
0.4,0.8,0.0,1.0,0.0,0.3,-1.4750363749399684,2.4392461624663624,2.301348105718531,2.4853005381502045,2.3121346297603256
0.7,0.9,0.2,0.5,0.6,0.4,1.0254986587157002,-0.131759209030978,-0.13463547549868576,3.476894085779759,3.174486584581313
0.0,0.5,0.9,0.3,0.3,0.8,1.034336074656045,-0.2726977596575917,-0.2242469201756051,1.4986479553769552,1.5973501814414806
1.0,1.0,0.5,0.5,0.7,0.3,-0.9845978629426936,1.8621901762327773,1.9056763343990692,4.693352402227236,4.486849659526568
0.7,0.8,1.0,0.2,0.7,0.9,2.4391141294488348,-1.366583340865668,-1.6527687577953263,2.8300899131772597,2.473633470191026
0.6,0.4,0.4,0.9,1.0,0.0,0.361793286663659,0.6253668120507168,0.5960535306377504,3.495817160869497,3.3090313558244366
0.7,0.1,0.7,0.3,0.2,1.0,1.4743056779502228,-0.4357383707506195,-0.3778483724754673,1.73997130032016,1.6935840753351257
1.0,0.2,0.5,0.6,0.1,0.2,-2.34027638495626,3.269225199446448,3.309710749697196,2.313764967836392,2.246539242872673
0.6,0.8,0.9,0.1,0.0,0.7,1.8757398026599503,-0.7782274320233891,-0.9496613644333602,1.2551808512339102,1.1082940559047962
0.0,0.3,0.7,0.0,0.5,0.8,1.796780618572349,-0.7345377199782133,-0.9384327187084935,0.44416052343876955,-0.11654578050167391
0.8,0.3,0.4,0.7,0.7,0.0,0.24818905625861198,0.42639714238848825,0.44618822836998845,2.4574537233277955,2.4181607909192113
0.2,0.6,0.7,0.0,0.5,0.3,1.3629061537589298,-0.2729243938839303,-0.6557421715694228,1.6978524922240712,1.570835763414408
0.5,1.0,0.8,0.9,0.2,0.5,0.08161572568110034,1.1296889547340894,0.8491287087171789,3.780307046950003,3.7395689439605238
0.9,0.4,0.4,0.6,0.9,0.0,-0.015224889850177697,0.9249340384901992,0.9698902385387402,3.3207793940155765,3.1689638655695833
0.0,0.7,0.6,0.5,0.7,0.7,0.9701769478582434,0.021492408539426397,-0.03777995255714858,1.3376001136579352,1.2632511260909705
0.3,0.3,0.5,0.2,0.0,0.0,0.20809341133234951,0.9071827971080585,0.5543909414452943,0.11690445999574159,-0.23659843087687477
0.4,0.4,0.1,0.0,0.9,1.0,2.8937201299885755,-1.8312483016322076,-1.9900217355592889,1.4815703663090982,1.3836971946849763
0.3,0.7,0.2,0.8,0.2,0.9,1.8223828976448908,-1.0639901828149574,-1.02689668643903,1.4357789168481696,1.2534677175233877
0.2,0.1,0.0,0.9,1.0,0.1,-0.21095433677381717,1.1747443721538873,1.059355844879483,3.7710668182008784,3.2476874560873297
0.8,0.7,0.5,0.0,0.6,0.9,2.5785020014326103,-1.3903270093419706,-1.666168106703449,2.050271610868132,1.6430733705870535
0.2,0.5,1.0,0.3,0.6,0.4,0.7569489488163966,0.33173800504493123,0.169334112051214,2.7659298546367066,2.3702715905046383
0.9,0.0,1.0,0.2,0.2,0.7,0.44078559552606467,0.5924386167468397,0.5696606748902552,1.9071535519455758,1.747980822195074
0.8,0.3,0.3,0.8,0.3,0.8,1.2517258683900059,-0.20558369110132083,-0.2641778545495596,1.7219935415029088,1.4731897618441316
0.4,0.3,0.8,0.4,0.5,0.9,2.063718568371407,-1.4115694772757799,-1.2564068933388934,0.7692267040926364,0.743257725840428
0.4,0.1,0.5,0.5,0.0,0.3,-1.4360180474278288,2.4597064282303465,2.359098890222703,1.232801187431427,1.0551646454606136
0.0,0.4,0.4,0.1,0.7,0.6,1.6325463669138183,-0.7075192975629028,-0.6582241200212636,1.1907891337208918,0.7969898490212477
0.2,0.6,0.8,0.5,0.6,0.9,2.6824342696020373,-1.7197601053162261,-1.7489758453438027,2.3762434063113944,2.4198046969264078
0.1,1.0,1.0,0.2,0.9,0.0,1.0537949221119485,-0.13807345788704237,-0.06177899853364893,3.538507593097388,3.4300593499468675
0.0,1.0,0.3,0.1,0.3,0.4,0.5141773419509725,0.26623230054589125,0.2544193623382308,1.6891335030728547,1.321472734444412
0.6,0.1,0.4,0.2,0.6,0.6,1.655880818891984,-0.543424542646903,-0.838108675963378,2.128103388365567,1.9428644507577242
0.8,0.1,0.5,1.0,1.0,0.2,-1.1120041261374884,2.1206638784774783,1.9502587050510258,4.586225996465693,4.629675826176116
0.5,0.5,0.4,0.6,0.4,0.4,-0.28853531227891477,1.1609828299915772,1.1943876203965893,2.0389548261916723,1.8748668555596157
0.0,0.5,0.5,0.0,0.1,0.8,0.746876487014204,0.1696512340558261,0.14537405913967652,0.9938136832640413,0.7821296042183034
0.4,0.6,0.3,0.2,0.3,0.0,1.5957056728438743,-0.4565302043495781,-0.6678976628180598,1.370644693916283,1.3691664391904792
0.6,0.8,0.8,0.0,0.4,0.7,2.7924701428140466,-1.901907429385327,-1.6610952872516918,1.3452060830189472,1.1526964091026743
0.5,0.5,0.3,1.0,0.4,0.6,0.8542541304456828,0.20353391693010078,0.06965485750239356,3.378354689809262,3.085114767207227
0.7,0.1,0.7,0.8,0.2,0.9,0.6161224137307786,0.4642831533681326,0.0945523293380372,2.8009910503769664,2.5510318581828084
0.6,0.8,0.5,0.0,0.8,0.6,2.3513230999846053,-1.2443785376125631,-1.3893037423262777,1.8281952468085134,1.8542398478772324
0.4,0.0,0.1,0.2,0.0,0.0,0.12152364798098454,0.8552134881229694,0.6619331947867871,0.6294465827792933,0.46019117961168066
0.0,0.9,0.2,0.1,0.4,1.0,1.999306182388976,-0.9965468590164986,-1.1391813066267173,1.6094039647699236,1.5819557324385405
0.1,0.3,0.7,0.2,0.5,0.0,0.7035724772130116,0.2897670019792237,0.17566047006907345,0.7235493402517815,0.6197744213468457
1.0,0.6,0.0,0.4,0.7,1.0,1.0920995355791367,-0.05110921550791449,-0.2789806785830877,3.5503897789011942,3.3195736965819513
0.6,0.4,0.6,0.6,0.8,0.5,0.32098462639706354,0.5633906966180493,0.5980842645557755,2.2970967070621464,2.06311652575916
0.7,0.0,0.4,0.1,0.2,0.0,0.7838766669692412,0.2575827975326838,-0.025124008232957087,0.9211240032926925,0.8110481551689909
0.6,0.0,0.7,0.2,0.6,0.3,0.29901204194336856,0.5502324823716904,0.5103817849183385,1.6459803267903539,1.5308310912967869
0.3,0.9,0.1,0.8,0.5,0.8,1.8910326302966125,-0.6394165407237183,-0.7291008360084552,3.3305168930329123,3.2951218811423137
0.6,0.6,0.9,0.3,0.2,0.1,0.25799656709220087,0.5816594294072466,0.37333393275766447,1.853288077380435,1.9230023173072561
0.6,0.6,0.9,0.6,0.2,0.2,-0.5079241029133383,1.272186661242554,1.4784703942329678,2.3102257097745618,2.08679138580223
0.0,0.9,0.9,0.4,0.1,1.0,0.5612534864862251,0.30399942831763943,0.1634757163014385,2.097611627303903,1.888406068160678
0.9,0.9,0.8,0.0,0.8,1.0,2.575475000523578,-1.6580107599512501,-1.7108823274457117,4.208901047033658,3.9644640318529705
0.7,1.0,0.8,0.9,0.4,0.1,0.1262159337359376,0.8452384030492831,0.7739015400911807,4.433286091326055,4.217071610695901
0.5,0.2,1.0,1.0,0.9,0.0,-0.5505140842867259,1.4515948431757282,1.5294310804779072,4.615984094705959,4.243475598449141
1.0,0.3,0.1,0.5,0.9,0.3,-0.7740546678067423,1.5276679999497818,1.5998454600622083,2.4800631598063267,2.44343589376197
0.0,0.9,0.3,0.9,0.7,0.1,-0.17376794110582844,1.0130086110027858,0.9219101378412863,4.1411713320423145,3.9981233609478637
0.9,0.6,0.0,0.9,0.9,0.2,-0.9862656835327389,1.944107142303986,1.6895312509070157,4.573530105108639,4.5002897076544945
0.8,0.1,0.6,0.3,1.0,0.3,-0.28528920980228284,1.2404952503651823,0.930293203662496,2.987047449042049,3.0201808146361504
0.0,0.0,1.0,0.8,0.0,0.6,-1.1837437722737782,2.2559099709129042,2.07207063828355,1.7652558559393392,1.6024579336433866
0.7,1.0,0.9,0.8,0.9,0.5,1.0148186956862786,0.06720211787402577,-0.3293588109980688,4.799274100480203,4.891602196307169
0.9,0.5,0.4,0.4,1.0,0.9,1.7093344531922963,-0.6943097828097022,-0.7865335847049012,3.4693738149327715,3.22054256619418
0.0,0.5,1.0,0.8,1.0,0.4,-0.8681572922732711,2.1687284012356756,1.8291028561975864,3.858838581053721,3.6381529592259247
0.8,0.8,0.1,1.0,0.2,0.1,-0.8813826409394062,1.731674335031132,1.5897020448265782,3.5493291556849376,3.503171695725486
0.5,0.3,0.5,0.9,0.2,0.7,-0.14704987951892873,0.9991527608471908,1.0914392671295403,1.4071913304261756,1.1417527019692901
1.0,0.2,0.8,0.2,0.6,0.4,-0.06538478268137699,0.9973837458819911,0.7645522025346325,2.772611174909146,2.841404735599955
0.7,0.0,0.8,0.2,0.8,0.8,2.8386695961898765,-1.8684615733688381,-2.175269861543341,2.1749023938352283,1.9250459679974756
0.0,1.0,0.4,0.3,0.1,0.8,1.088194680047932,-0.08864919232472697,-0.1523936293911644,1.5970518138616292,1.547858375201245
0.4,0.5,0.2,0.2,0.6,1.0,2.931739875634865,-1.8165583415670115,-2.091710962005486,2.2046903280172505,1.640204099422018
0.1,0.3,0.2,1.0,0.9,0.4,0.05173912672999779,0.8595724051774383,0.995948155001954,2.6269156199192683,2.529409777791482
0.2,0.4,0.5,0.8,0.7,1.0,1.2816086616192188,-0.2503076071706636,-0.39204946895812615,2.5775980319380936,2.1639462707645105
0.0,0.3,0.8,0.5,0.4,0.5,0.23687263661940702,1.0207503000159979,0.9549618674685403,0.29234031723732057,0.15777583262287248
0.4,0.5,0.8,0.8,0.3,1.0,1.2086867066611902,-0.1871292417119097,-0.3459982138031679,2.78084803301209,2.55908743004789
0.2,0.6,0.7,0.0,0.7,0.8,3.1458181111538313,-2.2580072752777145,-2.483846535356441,2.141169889622737,1.8487624116823969
0.8,0.5,0.5,0.5,0.8,0.2,-0.16547632171491664,1.2491249798900657,1.0823955563322691,3.4666975667598354,3.0741026723961915
0.5,0.4,1.0,0.6,0.5,0.9,0.6934194885848127,0.17436413635296902,0.038586398062884414,2.083340965510668,1.9699375176268996
0.0,0.5,0.3,0.3,0.7,0.6,1.8775646265790473,-0.731889540628454,-0.991012134976311,2.0534116877430697,1.8259483853372975
0.7,0.1,0.0,0.6,0.5,0.4,-0.34062769240715407,1.4375258707617253,1.1950474547064998,2.535697143546669,2.243763296607036
0.3,0.8,0.5,1.0,0.2,0.3,-0.5744139372983648,1.9996926659765322,1.5673867274974265,2.526601105106019,2.397539461789126
0.3,0.5,0.7,0.2,0.4,0.4,1.1726816368290458,-0.03197989687679327,-0.12069115453478681,1.4588213532616012,1.3299951307667972
0.8,0.3,0.4,0.7,1.0,0.0,0.544526265567733,0.5281058946864754,0.6129110548829659,2.8432288898260962,2.6058138736711816
0.9,0.3,0.4,0.4,0.8,0.2,-0.20845763903892267,1.166265469879694,0.9188695029368501,2.1520590240863764,2.0177066860986126
0.3,1.0,0.5,0.1,0.1,0.8,2.232007752368813,-1.069005044933206,-1.2079741742975925,1.5562709037870819,1.5678867075759537
1.0,0.0,0.0,0.6,0.1,0.7,-0.8107244419820375,1.6484436505629259,1.408226094549661,2.266870139923447,1.9558797816966638
0.3,0.7,0.8,0.7,0.9,0.1,1.3107152974682021,-0.36722905660210786,-0.4564867565550603,2.69729779028793,2.4689486501516567
0.7,0.0,1.0,0.8,0.7,0.6,0.4317047084465523,0.27450822984281614,0.3050740496453221,3.5766357723520983,3.4803097191988304
0.4,0.1,0.9,0.6,0.1,0.6,0.21414732777087564,0.7690237146851612,0.5045896589875005,1.829941314954798,1.6998905847414496
0.4,0.4,0.3,0.5,0.2,0.7,1.520949487120119,-0.6503674877523089,-0.7743700076555199,0.5858066629895291,0.3412997929142075
0.3,0.8,0.3,0.3,0.9,0.6,3.202429765232831,-2.36568766616547,-2.262426711974891,1.6913980828233008,1.6000304240001746
0.7,0.2,0.5,0.1,0.2,0.2,-0.1938628694826952,1.4036710624188191,1.257725278227339,0.9141693994767647,0.8123976231779857
0.3,0.9,0.2,0.4,1.0,0.0,2.0247886877135026,-0.9159066194249712,-1.1752712611602707,3.4008981782005034,3.2400718587569917
0.7,0.2,0.6,0.1,0.9,0.2,0.6171161705293409,0.34830872909274757,0.3983111596063129,2.139605006450892,2.0153869782445866
0.2,0.1,0.6,0.1,0.2,1.0,1.4809205180095035,-0.3652805151044273,-0.6427771806329253,0.9207792705892507,0.7148642460457536
0.4,1.0,0.0,0.9,0.4,1.0,0.8986868440344433,0.15999545853055364,0.05852755748427902,3.7748827840760946,3.289318068680033
0.6,0.7,0.8,0.4,0.2,0.2,0.2731812787317901,0.612171931846622,0.5511926446843638,1.055376189272613,0.9181680204845767
0.1,0.9,0.1,0.5,0.6,0.0,0.5824518041853178,0.29874924663969976,0.3650151850401389,3.026167501086319,2.9318018305045395
0.6,0.5,1.0,0.1,0.3,0.0,0.5146373476305419,0.5999354659346224,0.5291285395533237,2.2608323194215942,2.2676427416366574
0.7,0.8,0.0,0.3,0.1,0.8,1.4205090610640834,-0.4975441424218977,-0.7570585527439203,1.429842290791777,0.8952885898273977
0.4,0.8,0.0,0.7,0.9,0.8,1.8244677646244185,-0.752704531468202,-0.7663511789753379,2.731108682983949,2.4065656267823288
1.0,0.8,0.5,1.0,0.7,0.5,-0.7548218780142455,1.9526282244913635,1.713974472282679,4.950795089911224,4.734274470957529
0.8,0.7,0.0,0.8,0.6,0.4,-0.18072455308020424,0.8439669906047809,1.1622363870900956,3.0042595213507024,2.8440288735445183
0.6,0.0,0.4,0.2,0.1,0.7,1.4254027344981102,-0.4080666147941909,-0.4501325430539353,0.5073348304564252,0.17993873817997552
0.6,0.4,0.4,0.0,0.6,1.0,2.70123919465707,-1.865098662038215,-1.811241111664074,1.4249485307278291,1.2439998764210718
0.3,0.2,0.9,0.7,0.7,0.6,1.6018511339826873,-0.5363783612322994,-0.5536605686074872,2.547313453118234,2.3041963076763
0.9,0.0,0.5,0.2,0.5,0.9,0.8094388024257952,0.23550260554117045,-0.1054816814039161,1.8842359700148983,1.6413576739179674
0.5,0.8,0.1,1.0,1.0,0.3,-0.2646284842172715,1.169122883780522,1.1401609387960805,3.952771564856799,3.946196317046461
0.3,0.6,0.2,0.0,0.0,1.0,2.8194691660685374,-1.666352525011769,-1.6553549862115624,0.8655958342413134,0.6433534986982664
0.9,0.3,0.8,1.0,0.2,0.5,-0.7421691436362927,1.7442980545468727,1.6864369173582363,2.965210814613511,3.008952896731157
0.3,0.0,0.2,1.0,0.7,0.6,1.5686905730779388,-0.6626729718705777,-0.5343822730954315,3.1964001848735055,2.844589710390113
1.0,0.6,0.7,0.0,0.2,0.7,1.3871632237533842,-0.2601681403403264,-0.2440499549050037,2.3948484142720106,2.224491362040764
0.1,1.0,0.5,0.5,0.0,0.2,-1.258397012136778,2.21125494094207,2.132442626568997,2.0043101433986035,1.826110047612255
0.2,0.6,0.0,0.8,0.5,0.7,1.4673576443415983,-0.30434077229255535,-0.41970376023966083,2.4471481361807887,2.29839817463004
0.3,0.0,0.3,0.2,0.8,0.1,2.0286168195736773,-0.7759706249237349,-1.124671349707535,1.475134554532434,1.270874666207187
0.3,0.4,0.8,0.8,0.3,1.0,1.678280359475954,-0.5933811965616808,-0.712378951615909,1.8986741470944377,1.719672794026048
0.4,0.4,0.7,0.8,0.6,0.4,-0.2074458905519158,0.9619516539564841,0.8438226468998102,2.6348926074848555,2.5075147165296894
0.0,1.0,0.4,0.7,0.7,0.2,-0.4440249579700361,1.286549158282671,1.1716422834885978,3.374087694118459,3.3421716003997997
0.4,0.3,0.5,0.6,0.6,0.7,1.0910483187059805,0.09096582599965763,-0.08988396599477716,1.018917265527264,1.137570305955486
1.0,0.4,0.2,0.4,0.7,0.1,0.078475452520076,0.8302233931154576,0.8704633023157105,3.0378253007601685,2.8067136697906085
0.2,0.2,0.0,0.6,0.2,0.0,-0.29628021016711165,1.3742102734939539,1.050884800525926,1.4111979081891166,0.9805415298419955
0.6,0.2,0.7,0.0,0.5,0.2,0.6129052911651117,0.3870953129692104,0.3530832522062037,1.4704193862796116,1.3344416909035668
0.4,0.5,0.0,0.7,0.7,0.6,1.0125052321124794,-0.06996455691102452,0.07836025334238597,3.158799700274852,2.8278434469891383
0.6,0.6,0.3,0.4,0.7,0.8,2.9553360777861273,-1.9148255590331993,-1.9368766046298858,2.309850630569499,2.24188979867005
1.0,0.3,0.2,0.5,1.0,0.6,1.027520553104011,0.12934604658393362,-0.029343024775880536,2.859173275059285,2.48725362359035
0.4,0.4,0.2,0.4,0.9,0.8,2.702609177979002,-1.6984174555305709,-1.8047816681224818,1.5388032201047626,1.4982604034972804
0.2,1.0,0.7,0.0,1.0,0.4,2.0429463668796464,-0.9043264013284397,-1.0597221163944193,2.9514990352485877,2.7067738609820116
1.0,0.9,0.1,0.9,0.5,0.4,-1.0923748184028672,2.273006070890721,2.235302171462413,5.13209669205075,4.883861757281312
0.3,0.2,0.0,0.2,0.8,0.0,1.1489058093703455,-0.34446630740144213,-0.2844805594784249,1.963439792529334,1.6890021458449365
0.5,0.5,0.7,0.1,0.8,0.3,0.7534857528610912,0.08315863281237638,0.15011615259113603,2.7183132390600573,2.482683319996614
0.9,0.0,0.1,1.0,0.3,1.0,-0.3939660408770791,1.2592384448079113,1.1764020856640716,3.381600190324936,3.2074376365629442
0.0,0.7,0.1,0.7,1.0,0.4,-0.08755638841244891,1.00274187112854,1.2449151181114206,2.1593002301641215,2.02735002052397
0.8,0.0,1.0,0.3,0.1,0.1,-0.5153196851404154,1.6040125593306662,1.6905047525381796,1.8564167808726326,1.5764529970271806
0.2,0.5,1.0,0.6,0.2,0.5,-0.11147124172941111,1.0284080830199753,0.7223228136296949,2.1139082394770727,1.9316251733434888
0.9,1.0,0.8,0.8,0.3,0.4,-0.7392241828910749,1.7113984243218239,1.6586862701807932,4.28970473175553,4.102189976871222
0.7,0.8,0.1,0.2,0.2,0.9,2.0726237341356346,-1.0078999526497485,-0.9916729333454974,1.1409697614972585,1.0713298323619211
0.8,0.5,0.5,0.8,1.0,0.1,-0.36861644033554164,1.4297901855360453,1.3100691279540848,4.384929600507874,4.211752383179872
0.7,0.3,1.0,0.8,0.8,0.8,1.1896568626360877,-0.14980278695694882,-0.5096371364472427,2.9961424295031804,2.8596174964931844
0.1,0.2,0.7,0.4,1.0,0.8,1.8820868144140683,-0.7460146886615849,-0.8669224375187423,1.8656633711626345,1.6494640609201237
0.6,1.0,0.7,0.1,0.5,0.7,2.459282712609849,-1.4691132609508082,-1.6023778450800443,2.8516797792157678,2.505936261004381
0.8,0.5,0.6,0.4,0.0,0.2,-1.1772584531109658,2.1097507292605653,1.9941768715310735,2.103090135948883,1.993864448365481
0.8,0.6,0.2,0.4,0.4,0.7,2.046730817571199,-1.114458515948874,-1.1678443891031134,1.9279688397181476,1.8604917635763016
0.3,0.0,0.6,0.7,0.2,0.4,-0.9664154823624184,1.8311926997824652,1.7584722051446389,1.2849634505194172,0.8375229910605685
0.7,0.1,0.3,0.4,0.7,0.9,2.6867752944871968,-1.505970451161334,-1.7227692615672663,2.5021708805355476,2.319987312084718
0.4,0.1,0.9,0.8,0.4,0.6,0.42490386403609937,0.5511181676545578,0.4210564625289714,2.639626862430932,2.5473802135080805
0.8,0.0,0.7,0.4,0.2,0.4,-0.5132945615648554,1.3848888216170985,1.3398165382659757,1.402167160084255,1.0618770119223804
0.1,0.0,1.0,0.2,0.9,0.6,1.4816761504683278,-0.11391699495623125,-0.533672894686908,1.7275766684046967,1.641906259968478
0.2,0.7,0.1,0.8,0.4,0.6,1.2307780972227846,-0.16618232425350532,-0.27232270572652245,1.3742440297103635,1.20396672086657
0.3,0.5,0.8,1.0,0.9,0.9,2.3184285193994434,-1.2905728728384953,-1.3948621651294941,4.371307090514691,4.389686990183622
0.6,1.0,0.5,0.8,0.8,0.6,1.0561140008737127,0.20845171132381551,-0.08945079695998465,4.199926746721143,4.007417323901109
0.8,0.9,0.5,0.0,0.2,0.1,0.452192468457883,0.6997503455708605,0.8576520473346011,2.509333235303955,2.3777280705435047
0.3,1.0,0.7,1.0,0.9,0.0,0.8478204390733782,0.2132421039994732,0.23535913128399677,5.439122559986712,5.270118104063133
0.5,0.9,0.7,0.8,0.8,0.1,-0.09775088512478623,0.9863759911269945,0.9889826687310636,4.41682139486912,4.218233397161161
0.1,1.0,0.4,0.5,0.2,0.9,1.3578610419661203,-0.22224506416445294,-0.4465527149360379,2.12982953169771,1.6323399070890288
0.8,0.6,0.8,1.0,0.8,0.1,0.18704616283529907,0.6651810613648182,0.4650853330224237,5.235145145122026,5.046161365308442
0.3,0.3,0.8,0.2,0.5,0.3,1.1628031639819312,-0.2556945447324448,-0.19486364675802587,0.7334704143710568,0.46041355570290987
0.5,0.7,0.6,0.1,0.7,0.7,2.0667121625435505,-1.1585168719088668,-1.266731957872239,1.6527112304119906,1.2348799542792745
0.1,0.1,0.6,0.6,0.8,0.3,-0.8310039610744834,1.919767878381657,1.855414033460494,2.5827524725566193,2.2705114456756235
0.4,0.3,0.5,1.0,0.5,0.8,0.6454130781016985,0.2815437186954236,0.25291172945483503,2.419693807514823,2.351305562142366
0.6,0.7,0.5,0.2,0.4,0.8,1.7141266308844552,-0.9140973522634757,-1.0577199884243833,0.8915694275035542,0.5431704644123392
0.3,0.5,0.7,0.7,0.2,0.9,1.3697648445131776,-0.27569533371291416,-0.3876369440704245,2.3116328104650057,2.036649527572639
0.2,0.8,0.8,0.7,0.1,0.5,0.5969920701244971,0.27029055452815437,0.09785932235669217,1.5870784834844942,1.4847315580507088
0.7,0.9,0.6,0.6,0.8,0.7,1.4494938383165683,-0.3897457996868779,-0.4935787711665607,3.7882045828750774,3.8365363732158797
0.7,0.2,0.6,0.5,0.1,0.5,-0.622656973889853,1.364576633654551,1.537907047701994,1.2192793475522399,1.033112361500009
0.2,0.5,0.8,0.3,0.1,0.3,0.6735949921774974,0.6347003499587935,0.6649770242822449,1.5970962884888953,1.1685636384367863
0.0,0.1,0.5,1.0,0.1,0.9,-1.0567981737449466,1.9718382542659052,1.8327722510468234,2.7171632766296048,2.6766466303010783
0.1,0.5,0.1,0.0,0.2,0.9,1.9861512436745952,-0.8563981085153274,-0.7700395013277945,0.931872999614309,0.8516852899793784
0.0,0.8,0.0,1.0,0.6,0.9,0.41990177511387017,0.5280670405184946,0.37594395317074336,3.6040812650331127,3.348718137004863
0.2,0.4,0.3,0.2,0.2,0.8,2.6041923665767794,-1.8534043959621163,-1.6862343713640227,0.12600090452754248,-0.13526592250595315
0.7,0.0,0.5,0.3,0.3,0.2,-0.5804098531050605,1.4325689743433918,1.2265861142610035,0.9675985676878912,0.8317387615567227
0.4,0.6,0.3,0.6,0.8,0.4,1.112901320975784,-0.1944171700225179,-0.3186266411181551,2.3763937552437757,2.3220803044230074
0.8,0.4,0.5,0.7,0.5,0.8,0.8581550977310484,0.1551800501662634,0.1255364266792218,2.462001171676094,1.9934158828387962
0.1,0.2,0.8,0.2,0.9,1.0,2.341991633587284,-1.182724367810472,-1.630132143643081,1.8840929568681497,1.643608211487757
0.0,0.3,0.6,0.6,0.2,0.7,-0.4457529097482281,1.557829420817093,1.2514022316387436,0.35027149842157984,0.019928208028076582
1.0,0.4,0.4,1.0,0.2,0.1,-1.8216293983321852,2.6360918244056264,2.783923866555605,3.5602770525448992,3.4058923359869473
0.3,1.0,0.1,0.8,0.6,0.4,0.6541454024216375,0.5353696458501255,0.20242042375505365,3.618724906750014,3.6279511470389694
0.2,0.5,0.5,0.8,0.4,0.1,-0.5354837262228426,1.474349027673414,1.4992662655850484,2.5578108424489385,2.3320007741606528
1.0,0.1,0.5,0.6,0.7,0.9,0.24262122107903097,0.8075758106434384,0.8398490830938271,3.9450008064678976,3.501300907235143
0.0,0.1,0.8,0.6,0.0,0.8,0.1064528186535608,0.9703139133421352,0.806374898382127,1.7100198701598506,1.287130996784557
0.4,0.7,0.7,1.0,0.1,0.6,0.24602671311465762,0.6305859516985894,0.4369731850806919,2.4202648333436128,2.100745628984615
0.7,0.6,0.0,0.5,0.3,0.3,-0.30560011888262556,1.37394246843799,1.2170293757560453,1.9941582678984466,1.5720123526561516
0.2,0.5,0.9,0.7,0.3,0.8,1.39964380603765,-0.3979851794253221,-0.43986884526451697,2.315012750434158,2.1970944373109016
0.4,0.1,0.8,0.5,0.9,0.6,1.5255457766775016,-0.681333799328426,-0.7384310318070346,2.608547878154781,2.5400195100955094
0.4,0.0,0.4,0.8,0.3,0.2,-0.8834941893682713,1.8147575796468902,1.6842033582751332,1.5969390513072517,1.2472654744076046
0.2,0.6,0.6,0.6,0.1,0.3,-0.7843431897893157,1.8270520669049677,1.5842306285128325,1.5114675321355877,1.3844974772969152
0.0,0.9,0.5,0.3,0.8,0.8,1.5728582390016124,-0.4551367339060383,-0.4493384502976371,2.7345884480558222,2.4455544401537646
0.0,1.0,0.5,0.3,0.3,0.2,-0.8889061208709347,1.8787354876970104,1.7047359546869016,1.7579630293371413,1.6734808725195782
0.3,0.1,0.8,1.0,0.6,0.1,0.18440255610216047,0.7321409131934106,0.7703542697576384,4.189454826837793,4.00303079609244
0.9,0.7,0.2,0.1,0.4,1.0,2.212270988543689,-1.1467539376588733,-1.1757896010357327,1.5507169272780745,1.2107899589006494
0.6,0.1,0.3,0.4,0.3,0.7,1.5087788942156677,-0.4894878031786156,-0.6932646585883403,1.369265131229659,1.2263918597057122
0.4,1.0,0.9,0.0,0.9,0.5,2.3261198566360526,-1.2074995205833732,-1.369849009232617,3.363787233410391,3.112687191708441
0.8,0.1,0.3,0.7,0.6,0.3,-0.04962565072938538,1.2398003058115143,0.9967322507552883,3.2211657262804216,3.0548314113855546
0.9,0.8,0.4,0.6,0.9,0.2,-0.12571674733346105,1.2706696506071236,1.1911061600554131,3.341965353935301,3.1401986948096563
0.3,0.7,0.5,0.5,0.4,0.7,1.674617565208002,-0.6091622950882338,-0.7982583521175765,0.7263101773249806,0.5255310458881827
0.6,0.8,0.8,1.0,0.5,0.7,1.4358034108161473,-0.2820460221388872,-0.6263238444060562,3.99502792820651,3.4489220329410095
0.3,0.0,0.9,0.2,0.7,0.4,1.5443749271192009,-0.19051500998212145,-0.3490279265029036,1.859150732476423,1.5148443035012171
0.0,0.8,0.7,0.3,0.7,0.9,1.9166111962588548,-1.00449086516027,-0.9193848642119102,1.8616946306689972,1.7778290573013242
0.0,0.5,1.0,0.7,0.3,1.0,-0.1409490201449831,1.2172505550851167,1.319715738868012,2.32789719766598,2.341663361608826
0.7,0.2,0.3,1.0,0.6,0.1,0.305840572923921,0.7659127282142005,0.5809881046906302,3.9302565103113727,3.6482078404846137
0.2,1.0,0.3,1.0,0.4,0.4,0.5683359221480682,0.6383385842626483,0.36556430404144225,4.006290759017733,3.5657328680027107
0.2,0.7,0.9,0.1,0.3,0.0,1.748852408456728,-0.6417689221270926,-0.6274279547891413,1.0911954888897817,0.7094506732839106
0.6,0.5,1.0,0.7,0.5,0.9,0.8981819695705071,0.08003376180969646,0.019407994796771483,3.3310114914808886,3.2197809067206267
0.8,0.9,0.1,0.0,0.3,0.4,0.616308152849864,0.4125974386828796,0.18510135141277176,2.4725903872249915,2.279723349109664
0.3,0.4,0.6,0.2,0.2,0.5,0.7269176068502885,0.4102701165937693,0.12693049800262363,0.29622754354307274,0.17703478521717647
0.5,1.0,0.1,1.0,1.0,0.5,0.4485662723845482,0.5601037203106067,0.3485196968835602,5.23072293884498,4.923308773380584
0.7,0.2,0.2,0.2,0.1,0.0,0.8050251026312859,0.33627550972560416,0.17681348536268582,1.2945501279239864,1.0614445607523884
0.9,0.9,0.7,0.3,0.7,0.5,0.8091688681939043,0.2707630747689372,0.2236267742242038,4.0029457712301095,3.8510268935244865
0.4,0.0,0.8,0.3,0.2,0.1,0.19360093889272548,0.7387231242037312,0.6785491736948448,0.9739837452129354,0.8207157809635524
0.7,0.3,0.8,0.2,1.0,0.3,1.18149355796546,-0.2429665885900969,-0.5229128881611869,1.720134934547448,1.5475139226359294
0.4,0.4,0.5,0.4,0.1,0.7,0.998507765225411,0.135750691737836,0.1586568481423457,0.5665139454757021,0.30533279458550955
0.8,0.3,0.4,0.8,0.9,0.8,1.3192167654449565,-0.2946583072381561,-0.5492822608549128,2.5352296482517427,2.3296043656892067
0.7,0.8,0.5,1.0,0.2,0.4,-0.9611785757032988,2.0864968003514144,1.7629881234553544,3.0648269389836678,2.9036664532918524
0.8,0.2,0.8,0.1,0.3,0.4,0.5462131901932,0.512823753880256,0.3071738481115814,1.6297210092645675,1.1822150001991931
0.2,0.0,0.5,0.0,0.2,0.3,0.10912961417271234,0.7274030493101515,0.7972556950336527,0.2347939935896279,-0.02071238399492747
0.5,0.1,0.3,0.0,0.6,0.2,1.0355736602336887,-0.10159918038636367,-0.32948593362870604,2.0980654450759317,1.8435426540615956
0.2,0.7,0.5,1.0,0.7,0.9,1.6525206449335597,-0.7377235630069255,-0.5193993147564623,3.234938235820738,3.022111617631436
0.7,1.0,0.8,1.0,0.4,0.3,-0.12567025166635318,1.1783259546402987,0.9930071043080411,4.963172441321507,4.270086887970536
0.4,0.8,0.1,1.0,0.4,0.8,1.2578799562711989,-0.15089406447980133,-0.31252139731384415,2.9089809818459713,2.66787651296817
0.0,0.0,0.5,0.7,0.9,0.7,0.2689686206585177,0.583812402470363,0.6436192400054913,2.1426074381069435,2.0057556886809937
0.2,0.8,0.1,0.2,0.0,0.2,0.24567593349712558,0.7632528844011892,0.5886704589731405,0.6992495582355782,0.44384031192583184
0.1,1.0,0.9,0.0,0.9,1.0,2.8241630629464476,-2.057607237799663,-2.0620415706593174,3.3051002803997944,3.1226020321747225
0.2,0.0,0.6,0.0,0.0,0.8,1.3991342265418147,-0.5714236545335745,-0.42139114104961095,0.20529779339740756,-0.019998185603372513
0.3,0.5,0.3,0.9,0.3,0.5,0.7275734035218918,0.10571250765344586,0.20498625574715218,2.5108280729188133,2.425944140976124
0.4,0.2,0.3,0.8,0.5,0.4,0.1046647130479311,0.9818676471972143,0.8125322017469427,2.0082547476259918,1.8562639843941153
1.0,0.7,0.9,0.5,0.8,0.0,0.331627515270257,0.7078797845025283,0.4923360892630052,3.728542916787858,3.6080460989543033
0.5,0.5,0.0,0.4,0.0,0.6,0.23897938088924275,0.9649809513409267,0.49961465814298656,1.536793885382975,1.217868407352277
0.4,0.9,0.9,0.3,0.5,0.9,2.31350562457974,-1.3088119524141426,-1.3857081149038957,2.874137558669183,2.710888695337923
0.3,0.4,0.9,0.1,0.5,0.1,1.3505709196153786,-0.4125690409129258,-0.6450310047658427,1.3777667875512107,1.198683992856854
0.5,0.7,0.3,0.4,1.0,1.0,2.9215454976284696,-1.9287350436604056,-2.0079604886714306,1.8058128783898721,1.6888682758869167
0.5,1.0,0.3,0.4,0.9,0.0,1.62901519678894,-0.552693032867164,-0.72566798060537,3.511460102605543,3.4309970698629306
0.5,0.4,0.7,0.9,0.2,0.8,0.367328323933755,0.6974957809769253,0.3619331844766064,2.2464767086464517,1.817633845829167
0.4,0.8,0.4,1.0,0.7,0.0,0.5736474560361157,0.41842036311222053,0.3498648126271732,4.098804220873147,3.8292581479710552
1.0,0.7,0.8,0.1,0.0,0.7,1.2557571085987524,-0.030234324161391518,-0.2342628636592572,2.030760169086907,1.8568751145977462
0.5,1.0,0.9,0.1,0.2,0.6,1.7076525597813115,-0.5441366205442887,-0.7286752833848462,2.394566031857616,2.072413438057089
0.1,0.4,0.6,0.4,0.3,0.5,-0.2577199321826807,1.3397205558873901,1.180235691016423,0.5393255534926759,0.17089563127165536
0.1,0.1,0.7,0.9,0.7,0.3,-0.8958728321443703,1.6740560489575051,1.626443374486994,3.5933627083213606,3.390168974241837
0.9,0.8,0.2,0.5,0.4,0.9,1.425294151680678,-0.2524494392776376,-0.4835154970494419,2.2797066315919814,1.762530765597785
0.9,0.1,0.9,0.6,0.0,0.5,-1.2450122289902263,2.3413743768642608,2.053537351594545,3.022855461741391,2.715687140258976
0.2,0.1,0.0,1.0,0.7,1.0,1.0388543861674882,-0.11168731341881083,-0.10124553429026882,4.332316484179803,3.7364218910976104
0.2,0.4,0.5,0.9,0.3,0.7,0.4222033613373006,0.46364591550664636,0.5898127341785755,1.6775332899279365,1.5778511317074575
0.0,0.8,0.8,0.5,0.8,0.2,0.22644853423639755,0.8485448426399931,0.7097548797977665,2.4189176310091587,2.206134185016314
0.4,0.1,0.6,0.8,0.3,1.0,0.09423192073667877,0.8310459015872491,0.8326228535993606,2.178949175956739,2.0293308809414854
0.1,0.4,0.7,0.0,0.7,1.0,2.6410199132360064,-1.507383221341923,-1.4365963246435822,1.409208161129263,1.2249419588175223
1.0,0.1,0.2,0.0,0.7,0.6,1.4552407899073332,-0.5682563793639631,-0.4727051642764085,3.3123326720318707,3.0059691105472237
0.5,0.7,0.8,0.2,1.0,0.5,2.190123243534351,-1.0331663354310798,-1.256893119066344,1.9115384922800374,1.7037586321038187
0.3,0.0,0.9,0.5,0.0,0.0,0.029343681095700055,0.8875801293952236,0.8827308933896575,1.283869591302097,1.1141651081120025
0.2,0.1,0.7,0.8,0.6,0.8,1.3867232525106905,-0.30512609215370706,-0.5275053131208061,3.1088990416998397,2.979843311565203
0.1,0.5,0.2,0.0,0.7,1.0,2.898188236374864,-2.0022657177122025,-2.315469889107713,2.206146132495264,2.0732795099152024
0.9,0.3,0.6,0.5,0.5,0.8,0.5517091680381466,0.6465665117388839,0.4077425596043408,1.7243310754220218,1.5406571863162462
0.5,0.1,0.3,0.9,0.3,0.0,-0.26285685448021817,1.4712858435705656,1.2982003855740325,2.967373423138397,2.6831966154185696
1.0,0.6,0.7,0.9,0.9,0.9,0.7436331813613795,0.32943945277732833,0.25475244689881527,5.10859752457003,5.082023151301156
0.7,0.3,0.6,0.8,0.5,0.6,0.3511834905957596,0.552493097516751,0.5494219009107305,1.9474443982384395,1.7179838163462193
0.8,0.3,0.3,0.9,1.0,1.0,1.7158012416653172,-0.7043912364420227,-1.1622549559035174,3.172397669856997,2.8820824154682168
0.9,0.8,0.6,0.2,0.6,0.1,0.02517758829647794,1.1004005604581488,0.9511103973820101,2.7718979469068348,2.5867695160316253
0.1,0.8,0.8,0.6,0.0,0.8,1.160892898455114,-0.07670152766178297,-0.21433649766149515,1.477840331012235,1.1840343725173395
0.4,0.5,0.6,0.8,0.3,0.1,-1.032898595520646,2.0547315797423877,1.9278632357077647,2.6808264860646025,2.5785250277344383
0.1,0.5,1.0,0.1,1.0,0.9,2.2892440885464747,-1.094228639241767,-1.4139992567792925,2.958626687426115,2.7675154751879503
0.9,0.1,0.7,0.5,0.6,0.0,-0.5339404456919951,1.173641759839757,1.136484958188251,3.5768756264453816,3.4946603460007446
0.6,0.6,0.4,0.9,0.5,0.5,0.05034508712930863,0.4991380883683115,0.4682961689891688,3.2366631188141812,3.0049625792835317
0.1,0.0,0.2,0.6,0.9,0.7,1.811734283579947,-0.5984036454819665,-0.8141222217529186,1.7996059131464095,1.7996675807172307
0.3,0.9,0.4,0.5,0.3,0.6,1.675719412446989,-0.40383962185656697,-0.5603411900320326,1.9098689949090932,1.6559123553762671
0.3,0.3,0.3,0.9,0.5,1.0,1.971931577862544,-0.9820718856594434,-0.9781209137618498,1.6768121200927646,1.7274163186846618
0.8,1.0,0.6,0.5,0.2,0.3,-0.7888026138241637,1.7199982258539939,1.8999381269923643,3.0214338663173543,2.990105959587485
0.2,0.7,0.1,0.6,0.0,0.1,-0.03642303062493872,1.1582012131052928,1.145598089360544,1.0580438467429412,0.7321154096390221
0.8,0.9,0.9,0.0,0.7,0.7,2.88438265681924,-1.8730704115344514,-1.9862665388185508,3.9001869980255623,3.579931719088298
0.7,0.3,0.9,0.0,0.2,0.2,0.4187140320859089,0.36994712871655683,0.4388723231007474,0.7588432497194667,0.602318806140468
0.3,0.4,1.0,0.0,0.3,0.8,2.2469572638871798,-1.2828233029348584,-1.397080468346572,0.7740551155469165,0.6171787522236579
0.0,0.6,0.9,0.6,0.2,0.1,-0.9193081889674298,1.8406887534447387,1.7543510780756928,1.919852807944859,1.8157469368318766
0.1,0.1,0.3,0.4,0.5,1.0,1.7546492715935893,-0.773892752064769,-0.8427597189994234,1.6317597920087117,1.2983156337497908
0.0,0.7,0.0,0.6,0.4,0.9,0.7019694522959845,0.29058176413298853,0.3103781202029137,1.0284017687757707,0.7081016489403305
0.5,0.0,0.2,0.8,1.0,0.4,0.22250118515062192,0.8297432475973213,0.7316691789343686,2.721333975796881,2.421383324000625
0.9,0.6,0.7,0.8,0.4,0.0,-0.41972794762851084,1.8966456904194635,1.6385330914331433,3.711133549367111,3.594481185723083
0.2,0.7,0.9,0.5,0.1,0.1,0.3557340668776181,0.5760248338337085,0.4788553937475629,1.213386764852425,0.9194293242327956
0.3,0.2,0.6,0.9,0.3,0.9,0.4464713411317099,0.5380269428313205,0.47608973358848705,2.0438741761511574,1.8893945407879353
0.4,0.5,0.4,0.2,0.6,0.6,2.0441019590531395,-1.1493358436370762,-1.438653096081508,2.0359373258120628,1.7748714507249963
1.0,0.7,0.4,0.5,0.5,0.6,0.7700855894566119,0.3655122936324396,0.12009431322378124,2.5838260840657874,2.1103616376675647
0.8,1.0,1.0,0.0,0.0,0.1,0.24932477965389216,1.007252476641422,0.8306096079130084,3.206198532224662,3.0293639160773855
0.8,0.2,1.0,0.7,0.3,0.1,-1.2955271146518017,2.167720554433217,2.1205656041698937,2.608218484474818,2.4647345133604706
0.1,0.5,0.6,0.1,0.9,0.7,1.958018322762084,-0.9330654431669343,-1.0502429135997557,2.2417687799524484,2.0052882974242254
0.0,0.8,0.2,0.0,1.0,0.0,1.746311507364806,-0.723836992096061,-0.6963651324940844,1.9647412075104733,1.6952796751044144
0.4,0.8,0.3,0.9,0.4,0.3,-0.007452225557981557,0.8734952058014394,0.9285459141504705,2.4235586395578945,2.136639258964151
0.7,0.0,0.0,1.0,0.2,0.3,-1.435594924840926,2.4444608151021097,2.1103245755838684,2.7189937612344846,2.5353516491406287
1.0,0.6,0.6,0.3,0.7,0.5,-0.045684486787022305,0.7882477058903803,0.7418214760672943,3.501918021124812,3.2758681035709336
0.4,0.1,0.3,0.8,0.2,0.6,0.39901626947039825,0.3707523886656464,0.5018189223988619,2.1604896051929514,1.852574297863059
0.0,1.0,0.2,0.6,0.2,0.9,1.1577548794212322,-0.0015416428241845845,-0.04217204824937977,2.1902525675955493,2.048648438588291
0.8,0.6,0.0,0.3,0.0,0.5,0.14787462102473165,0.7183884251602125,0.7305567883630257,1.5319098435001353,1.6292954048362205
0.2,0.4,1.0,0.1,0.5,0.1,0.8062105323706195,0.40159577565948446,-0.006200128664790389,1.473061036348805,1.4557688159772046
0.9,0.6,0.3,0.0,0.5,0.0,1.431743292286509,-0.4631010949764609,-0.49279853001040175,2.5255977901460853,2.5492735419334083
0.0,0.4,0.3,1.0,0.5,0.8,0.8311149672765115,0.22677992616626563,-0.01573252785447872,2.6782455636648277,2.1962807646033795
0.0,1.0,0.9,0.3,0.3,0.6,0.8677328109423722,0.13524841245025976,-0.011056241526239716,2.1886154962619964,2.161962191524436
0.9,0.4,0.1,0.0,0.5,0.4,0.5547980330600767,0.6719044817350858,0.5223460649599581,1.8214361227454292,1.7340580571046684
1.0,0.2,0.4,0.9,0.2,0.9,-0.39703092728680683,1.2735940128292564,1.3037544806079617,3.3097572700687885,3.040065906228628
0.6,1.0,0.4,0.6,0.9,0.3,0.300966807022132,0.6323870980698013,0.4311898827522599,3.923455369685013,3.6795408212713174
0.5,0.5,0.3,0.0,0.6,0.2,1.432108974573729,-0.5133654761260251,-0.5736601849876902,2.245251378056721,2.0563820054973543
1.0,0.1,0.7,0.4,0.0,0.5,-1.1890996425127498,2.156314648257996,2.0618021617445583,2.649519498989795,2.122725163888035
0.7,0.0,1.0,0.0,0.2,0.6,1.1488073218786516,-0.20754923640985065,-0.28161468865956896,1.4246393026455761,1.0364262578860224
0.6,0.4,0.6,0.2,0.3,0.8,1.2884195042516033,-0.203961976457626,-0.3113168806376685,0.8183938088442458,0.6471654449430579
0.9,0.8,0.6,0.4,0.2,0.3,-1.3109499719676383,2.276215060893256,2.1046755478330037,1.9944545472736095,1.810832740120658
0.0,0.3,0.0,0.9,0.3,0.5,-1.1979673199907415,2.044424436872801,2.168298774920954,1.1998953101918477,0.9390143157751707
0.3,0.3,0.0,0.4,0.7,0.3,0.5032228657214715,0.35981686851014555,0.3484637819487481,1.0434823951231957,0.8983286747555052
0.1,0.0,0.0,0.7,0.8,0.5,0.2672547906029996,1.1490739857215058,0.8366082883549428,2.1388295156176462,1.875930239352541
0.5,0.1,1.0,0.6,0.9,0.0,-0.3495895296130789,1.280426886201265,1.1159591697149034,3.612849176225121,3.4390554634625956
0.6,0.5,0.6,0.3,1.0,0.8,1.8209315945826612,-0.692927250887386,-1.2789715131602235,2.873920848766188,2.4251394403449993
0.6,0.1,0.9,0.4,0.2,0.3,-0.6772774637421967,1.5375411911700791,1.5219980850271322,1.9146306132761264,1.7366561142200065
0.5,0.7,0.3,0.3,0.8,0.0,1.8195424343223592,-0.9489531340345158,-0.8300488724481225,1.795889621361265,1.7058551203749872
0.6,0.9,0.6,0.7,0.5,0.7,0.5704946856224222,0.16596965301056477,0.07525765074750741,3.1982017066557784,3.3252911928227142
1.0,1.0,0.6,0.8,0.0,0.1,-2.2116017352589212,3.169581820227049,3.092844421721783,4.3111812696738445,4.364950845037605
0.1,0.3,0.4,1.0,0.2,0.1,-0.9009716140122142,1.953219927662664,1.8334653229169449,1.7254128360148013,1.4538623388691516
0.7,0.3,0.8,0.3,0.8,0.9,2.9908906568407114,-1.9836024440621307,-1.8185302044203189,1.7407715320824608,1.5355443502009052
0.8,0.6,0.6,0.5,0.4,0.2,-0.500853894378526,1.5890409835670352,1.5190845548130834,2.402936063187622,2.359847980209
0.1,0.9,0.0,0.5,0.8,1.0,1.6357763280981097,-0.5474242364776444,-0.7587719115063638,3.0854868667990565,2.854225988414769
0.4,1.0,0.3,0.4,1.0,0.1,1.5012693880266468,-0.5968910806734536,-0.6344566310052496,3.2626675789368704,3.093591239390071
0.5,0.0,1.0,0.6,0.8,0.2,-0.6156607285984744,1.6901948473370862,1.4164907359140668,2.8228609445046375,2.61247375292505
0.9,0.1,0.5,0.5,0.9,0.0,-0.6222083980055981,1.6499174460682722,1.460573174009004,3.6533939067591312,3.4231003992516547
0.1,0.4,1.0,0.3,0.4,0.0,-0.10768127141319324,0.9897798530400406,0.847929045051305,1.1453871249708572,1.1072868312198296
0.0,0.4,0.7,0.1,0.3,0.6,0.8455710759716824,0.12328004284016314,0.048678941371395355,0.2737171617553329,0.15335849567815338
0.0,0.7,0.2,0.3,0.3,1.0,1.612445089387952,-0.707764253764387,-0.7529469403900872,0.2548724099091458,0.1813504602484668
0.6,0.4,0.4,0.3,0.3,0.2,-0.001449010160962029,0.9748270987225345,0.823237654521754,0.9147420161426969,0.6715008501368336
1.0,0.3,0.8,0.5,0.9,0.1,-0.22869664058835393,1.2905987475399106,1.055509589074877,3.135840187216208,3.0846615783480904
0.2,1.0,0.8,0.3,0.5,0.3,1.1441225480348034,-0.23471887079031936,-0.32942355138309093,2.594818485241384,2.3556185471012228
0.8,0.4,0.6,0.1,0.5,0.6,1.4352327567871948,-0.4708541434004313,-0.4731174926426375,1.5011658190189303,1.4222751369751079
0.3,0.4,0.0,0.4,0.6,0.7,2.0514304985683993,-1.0629187369125828,-1.0384077018865407,1.4312494780212468,1.3312887324507665
0.7,0.3,0.0,1.0,0.1,0.4,-1.4090966755586705,2.1028559332705172,2.1236374314528557,2.283788270382212,1.9280295160742962
0.3,1.0,0.4,0.3,0.0,0.0,0.8463570455990229,0.04344533012603377,0.12470218631207114,1.9479230068652187,1.973432160354206
1.0,0.3,0.3,0.1,0.6,1.0,1.9895904474669714,-1.0138054247924044,-1.0100488419344027,2.0187981577794574,1.8645271645424735
0.8,0.6,0.1,0.8,0.8,0.8,1.7884586198411891,-0.6652849248953533,-0.5425618779243239,3.9555304395099165,3.788997233363416
0.7,0.4,0.5,0.4,0.2,1.0,1.137935781556254,-0.21040421813756086,-0.19067483872390817,1.0732834715037431,0.7980271673868605
0.0,0.3,0.9,1.0,0.8,0.9,0.9442985769039198,0.2570096754144481,0.11006432836647188,3.3028228538430744,2.829008062486108
0.5,1.0,0.7,0.8,0.6,0.1,-0.14841695619653317,1.0520847074674957,0.9603245240683057,4.312705661978473,4.176494931429451
0.3,0.5,0.0,0.9,0.3,0.3,-0.8008141327168531,1.829584283949704,1.6191882992199387,2.930379993861486,2.500432309679668
0.6,0.9,0.0,0.5,0.3,0.4,-0.1783118164941806,1.3594546854488896,1.1621304415239693,2.259419055404969,2.1329933222152047
0.7,0.2,0.7,0.5,0.3,0.3,-0.5161189297660136,1.32096680707649,1.4355592643920285,1.4975789166109907,1.5115790704239982
1.0,0.0,0.7,0.4,0.5,0.3,-1.0426756598080282,1.9354880244822734,1.8396128106196807,2.6281250923220436,2.342543983502011
1.0,0.2,0.1,0.6,1.0,0.1,-1.0213718694535487,1.8683089825365742,1.6435971961380904,3.7577238011364855,3.3047736448664016
0.1,1.0,0.2,0.1,0.5,0.6,2.354935693535562,-1.2907087585645836,-1.4837550662700074,2.1731505112730582,2.012258736721647
0.2,0.7,0.6,0.8,1.0,0.9,1.9154186811865674,-0.7955661546324577,-1.009822458751065,2.6748748408842515,2.3212637164556473
0.9,0.3,0.1,0.4,0.2,0.6,0.2984291763315549,0.606939601096367,0.6654651838046217,1.0417749298701369,0.9275000885320445
0.0,0.1,0.1,1.0,0.6,1.0,0.03213794554719453,0.9298366470440075,0.8465933276293675,3.704355918673737,3.4699903329171122
0.2,0.2,0.3,0.1,0.4,0.2,1.1234220848780765,-0.1520610938884525,-0.17694201777910806,0.547202402982898,0.322987488614088
0.2,0.5,0.0,0.8,0.5,0.2,-0.5121833163522815,1.4550429213854312,1.253780612947097,2.7715994961859645,2.6438933447452424
0.7,1.0,0.8,1.0,0.8,0.5,1.164449949157298,-0.18918069197708604,-0.2971257132271117,5.668406346793125,5.303756500347051
0.8,0.5,0.0,0.4,0.5,0.8,1.5989600483851054,-0.6916776646836477,-0.6183900710065253,2.543856450044775,2.362437925502142
0.9,0.7,0.2,1.0,0.8,0.8,1.5455639456242303,-0.5556828700011204,-0.6139745961047282,4.400462827952501,4.237685913660188
0.5,0.2,1.0,1.0,1.0,0.7,0.554172034767914,0.36623976117626494,0.3996177912506119,4.33268940320744,4.078210332856351
0.4,0.0,0.1,0.0,0.8,0.9,2.7615056668317495,-1.7427348467617751,-1.7247957168770272,1.3111211443905164,1.1834818956235251
0.0,0.1,0.1,0.8,0.9,0.5,-0.4242125015916167,1.421882787016424,1.3407658786669745,3.1426247452110276,3.0285864041395834
0.9,0.3,0.3,0.9,0.3,0.8,0.6005571707969785,0.392266339878448,0.30351888139455135,2.196125279784476,2.1665104831763613
1.0,0.5,0.6,0.7,1.0,0.2,-1.5237867874375848,2.357424030322255,2.353835117317966,4.603518739059159,4.623354840579628
0.6,0.7,0.9,0.0,0.3,0.1,1.1793661561940807,-0.028767134210497675,-0.34672109499335896,1.1855318704757147,1.101920538866982
0.4,0.3,0.7,0.0,0.8,0.8,2.866674210677538,-1.8361602464495879,-1.9792604651464645,1.1063847854854283,0.7863670220789768
0.2,0.1,0.8,0.6,0.1,0.5,0.13221324452022465,0.7705890571448072,0.728166372785192,1.943507415182576,1.5245677934282336
1.0,0.1,0.5,0.6,0.3,0.1,-2.08924650756175,3.0779094483391,2.9340053167269415,2.9324038235738636,2.85420379398997
0.8,0.2,1.0,0.6,1.0,0.3,-0.7104769173812019,1.6586628189383041,1.7169675778922644,3.477408732563704,3.2143942149071525
0.5,0.5,0.8,0.3,0.1,1.0,1.3276449402948605,-0.7092161609053443,-0.6909440468151746,1.5571015512912956,1.493909390582758
0.1,0.5,0.0,0.9,0.5,0.9,0.6780874682781659,0.4215964591653768,0.05826204104211474,3.2332843839975904,3.113880117133095
0.3,0.2,0.3,0.9,0.8,0.9,2.158055763493741,-1.2368354846308676,-1.4043369557040197,2.7705343746271183,2.7827872108799134
0.4,1.0,0.6,0.4,0.0,0.2,-0.8500302687210232,1.6391465498193942,1.6753885553981107,2.094828999107146,2.1494489497482623
1.0,0.9,0.8,0.9,0.5,0.3,-0.9232101396218486,2.3004579722158476,2.0710118059739075,5.264181662197083,5.256739244025124
0.2,0.5,0.1,0.3,0.0,0.0,0.5226525443048168,0.4347592416479803,0.4924031992666521,1.297476914069807,1.1237247899366987
0.5,0.7,0.7,0.1,0.0,0.1,0.33756552519554595,0.7695818580266751,0.627194040823176,0.6948439075379171,0.6459860700275629
0.6,0.6,0.6,0.3,0.5,0.4,0.17778676934630794,0.7288000098450511,0.5978033984985464,1.9762764637195347,1.9271408247783774
0.0,0.3,0.6,0.9,0.7,0.9,0.41585218654317935,0.5936717113660701,0.7992049017807135,2.2863816837966215,1.9852202078626038
0.2,0.9,0.8,0.9,0.9,0.9,2.1693059856154893,-1.3734136004013062,-1.3192899887888285,4.554582224488723,4.342146617429817
0.5,0.6,0.2,0.8,0.1,0.0,-0.1862430373271054,0.9034763003275026,1.2061478154545267,2.624171249522105,2.2602450071453513
0.3,0.6,0.7,1.0,0.5,0.5,0.7382189253899895,0.36350179816076317,0.09658141497793198,3.5933492449293403,3.3649520510980957
0.6,0.1,0.3,1.0,0.3,0.9,0.9026279366324035,0.23185509619681716,-0.12053451280638974,3.2052698265422346,3.0188372410112865
0.8,0.5,0.5,1.0,0.5,0.4,-0.9326355210029463,1.763382821837724,2.1063103998006536,4.400468305195411,4.275781193970168
1.0,0.7,0.7,0.3,0.5,0.9,1.2714228474815839,-0.3788610958841316,-0.5079182479289495,2.4441686850422553,2.4054697236931033
0.1,0.4,0.4,0.6,0.9,0.1,0.3337935298912863,0.8363311410622924,0.507544440477181,1.9708596264546272,1.6931084471573619
0.0,0.8,0.2,0.3,1.0,0.4,1.090913509554905,-0.05045790116983451,-0.12017594778421967,1.6454209389392405,1.3948034155894817
0.3,0.3,0.6,0.1,0.4,0.1,0.6292335403064939,0.23947143372751545,0.1302025880755351,0.1991782045362486,0.014903005962900215
0.9,0.5,1.0,0.7,0.1,0.3,-2.218965148314635,3.1415286493213155,2.843736568908381,3.5665306880070093,3.505620514304178
0.0,0.9,0.7,0.6,0.4,1.0,0.6536380940980091,0.3899613871593471,0.28223389742011273,2.639284841514725,2.4082000086925888
0.4,1.0,0.9,0.5,0.9,1.0,2.322346205330872,-1.2681426668481637,-1.573581586083411,3.8200617428941115,3.5479998705657985
0.6,0.7,0.5,0.4,0.0,0.4,-0.5901623684379464,1.6372760519326808,1.5175800543107993,0.8784661164069599,0.623733570405442
0.6,0.6,0.1,0.3,0.1,0.6,1.023654695014437,0.03985918879412162,-0.30390639833129396,1.4534388453098774,0.9138800277340988
0.1,0.3,0.5,0.3,1.0,0.0,0.513934546329417,0.4607672379752463,0.3870612182447309,1.1805206883750208,1.0171407112390347
0.3,1.0,0.4,0.3,1.0,0.0,1.9974210163611088,-0.9011707156818863,-1.1676939358257714,3.233268321185259,2.932450326937356
0.6,0.4,0.6,0.4,0.1,0.0,-0.3619267508662593,1.4647432073218642,1.2517370385589839,1.1424431642349677,1.0098305236807406
0.8,0.3,0.6,0.3,0.6,1.0,1.6816602511754544,-0.5400449376962153,-0.5942665054958656,1.5148404234667106,1.3969603183743073
0.2,0.4,0.0,0.4,0.6,0.4,0.6779763199417052,0.4237659700741861,0.32026062264436334,1.4124429364843896,1.327688785576733
0.9,0.0,0.5,0.8,0.4,0.6,-0.7653261586104245,1.6138982599937175,1.6284973402145966,2.5937837796401286,2.2994225222843396
0.3,0.6,0.1,0.5,0.1,0.8,1.6373497375310808,-0.8672581752054507,-0.7987077532031606,1.2671399145621736,0.9904601508871338
0.3,0.4,0.0,1.0,0.7,0.7,1.4708535193941006,-0.4442380162761791,-0.48026985658686466,3.2998558985580075,3.0267065213440034
1.0,0.0,0.0,0.7,0.2,0.1,-2.115084347174827,2.933771608473519,2.9372399847202746,2.714042081599888,2.546783812287328
1.0,0.2,0.0,0.3,0.0,0.1,-1.618161621997553,2.6624423207876458,2.5937259136486928,1.8803251880886735,1.6732803408084242
0.0,0.4,0.8,0.0,0.8,0.0,1.2818264228510943,-0.20447553090287174,-0.4682480112197497,1.76291531935472,1.5916289282288762
0.1,0.4,0.7,0.6,0.9,0.2,-0.286139829500844,1.0397966289632345,0.9994307408705912,2.158642345119428,1.8965007676165062
0.4,0.5,0.8,0.1,0.8,0.0,1.7992789183954587,-1.024070223524535,-1.1405864658956428,2.9389260696854174,2.5957242879568896
0.2,0.4,0.9,0.1,1.0,0.5,2.4528402655293453,-1.1907480810656008,-1.2869371338515754,1.8204469139400472,1.625503158507171
0.5,0.8,0.3,0.7,0.2,0.7,1.3793018817453502,-0.229252204641681,-0.6425417336642394,1.5428241976298984,1.4444706994101046
0.5,0.5,0.1,0.0,0.5,0.9,2.3199027031525126,-1.2795574669318197,-1.31097339006224,1.8678596495232407,1.5233379270388947
0.5,0.9,0.9,0.6,0.9,0.2,0.12405689058533897,0.8167666041862186,0.6222774511188183,4.209134861490274,3.65881540175841
0.6,0.7,0.9,0.8,0.2,0.0,0.08668499996409605,0.9485260425362695,0.8371138910330038,2.522549703689716,2.322851610572127
1.0,1.0,0.9,1.0,0.4,0.8,0.34328420609521504,0.6181917625083229,0.5861283297434653,5.5085502059034255,5.715279305589974
0.3,0.7,0.8,0.8,0.9,0.9,2.5970068645046815,-1.5999923287099176,-1.8962891077525088,2.842621061669737,2.699659509817377
0.2,0.5,0.2,0.4,0.0,1.0,1.8431980057804098,-0.7723916689344822,-0.9993246100514623,1.123495821013953,0.758928058458526
0.9,0.2,0.2,0.2,0.0,0.1,-0.5661553335786815,1.4184670241065633,1.3090585656782086,1.736771102842926,1.3591982549389987
0.7,0.9,0.3,0.3,0.5,0.3,1.1415524592494242,0.06468687202671575,-0.18821881112799385,2.8698488513811182,2.48048683356446
0.8,0.5,0.7,0.8,0.4,0.5,-0.0394988605964538,1.1293651891950787,0.9516319907996054,3.403316124452827,2.9784482846926865
0.1,0.1,0.9,0.2,0.6,0.3,0.23809724984004008,0.7309496150243083,0.6733600417722049,2.168894513801952,1.9989702160002418
0.7,0.7,0.3,0.8,0.5,0.6,1.8662291482967397,-0.8693236360507379,-0.8048081524538223,2.3348187155324873,2.0457680525320154
0.2,0.6,0.3,0.2,0.1,0.3,1.0138150174165022,-0.17934510529949513,-0.09279102279483716,0.7633106320279917,0.44169577429159784
0.3,0.0,0.1,1.0,1.0,0.6,1.2819499130195073,-0.19324289931604818,-0.4539905364078167,3.3976202831062374,3.1053618306773245
0.1,0.4,0.0,0.0,0.3,0.1,0.14117662497933564,0.7364347936358034,0.7549048467958747,0.2415309288596468,0.38631376808081064
0.0,1.0,0.6,0.6,0.3,0.3,-1.5100825177821124,2.7056653873537253,2.2962569611693127,2.337936132725033,2.31483611022892
0.3,0.3,0.9,0.3,1.0,0.4,1.3428537027704852,-0.532319974911536,-0.42988501210216834,1.4601610564261884,1.2693074790454966
0.0,0.7,0.0,0.1,0.1,0.8,1.171870547488253,-0.19457535242528873,-0.2443250162493333,0.23680136581413017,0.026679550391978668
0.2,0.7,0.9,0.5,0.9,0.2,1.1928622892186105,-0.23128786215210156,-0.3408528553499683,2.272837654699543,2.0539140918983034
