X1,X2,X3,X4,X5,X6,y1,y2,y3,y4,y5
0.5,0.8,0.9,0.5,0.0,0.0,0.02147819821319552,1.1581979815125558,0.721921208086868,1.0461735823266043,0.5151462674455414
0.1,0.7,0.6,0.9,0.2,0.4,0.15990507624118644,1.2139918438166308,0.774688075285215,2.32442208068269,2.194074060780344
0.5,0.2,0.4,1.0,0.2,0.4,0.5340481741115708,0.3324985727092312,0.43371286867400755,1.2064234177589108,1.0183671945156403
0.7,0.7,0.9,0.1,0.7,0.0,0.06501947097725429,0.954747519089504,0.8589043152502954,0.3473563983277061,0.4566627149640091
0.6,0.9,0.9,0.7,0.6,0.9,-0.10307240118638283,1.0242574183348305,0.8682988547336056,2.4953730741120492,2.3438539074008005
0.1,0.0,0.1,0.8,0.8,0.3,0.8418324387828964,0.1037592125716859,-0.044901418915367045,2.1395525466573395,1.8261578657773518
1.0,0.9,0.8,0.7,0.3,0.6,0.005759879421400707,1.000521394201163,1.0884965331977985,1.9042784186219404,1.3989443280278888
0.5,0.1,0.9,0.3,0.4,0.8,-0.07985153169360266,0.8538880511552134,0.8611026418223268,1.342370698951243,1.0820001852430414
0.1,1.0,0.4,0.0,0.3,0.9,0.536676458853296,0.4394966079383826,0.38541455726471924,1.7485031230255013,1.798778027121592
0.2,0.0,0.4,0.9,0.2,0.7,0.33350372290167535,0.5165739749844355,0.5233528798985343,1.5386944073900075,1.5845893990975874
0.7,1.0,0.9,0.8,0.6,0.9,0.023223348124508866,1.0221348582956913,0.7559734883852427,2.6137604444177103,2.554383028358709
0.3,0.7,0.7,0.4,0.5,0.9,-0.03354805825949528,0.9383957540342919,0.884088196698404,2.6506369087302764,2.5253583263486115
0.3,0.6,0.8,0.0,0.2,1.0,0.05020189727827117,0.9072362643423428,0.8121620927109785,2.4878764158101268,2.2535833112695576
0.7,0.7,0.9,0.7,0.3,1.0,-0.011895246942738816,1.0023769135688199,0.7232777899498655,2.115005267462651,1.7364638657512066
0.0,0.8,0.7,0.7,0.1,0.1,0.003671232857557632,0.875812006109213,0.8699346562570608,2.2505707754251443,1.976731367622342
0.3,0.0,0.8,0.6,0.4,0.5,-0.02761410014103829,0.8402689503640877,1.1223820815384542,1.1183653955616182,0.9450971222561333
0.6,0.2,0.5,0.7,0.8,0.4,0.02306405026627655,0.9145419088465989,0.902149968409174,1.8837597335711473,1.8481190189325973
0.4,0.7,0.7,0.4,0.9,0.0,0.052886752070583055,0.9689436340427551,0.6776604018070835,1.2656375455308044,1.2954395652654431
0.2,0.0,1.0,0.7,0.1,0.7,-0.18046468854340406,1.0022601128873805,0.7130139460241748,2.2820874857683418,2.0449740704987223
0.9,0.8,1.0,0.4,0.0,0.1,0.14768712059092756,0.9035229905791112,0.8756139726222575,1.2058067112149953,0.8542658648860627
0.9,0.8,0.2,0.3,0.1,0.2,0.9061679136482287,0.028918471324980488,-0.12512105794721326,0.6963395394422914,0.7227066744451358
0.7,0.2,1.0,0.6,0.0,0.9,0.08101676027615307,0.9612949333244233,0.6927151908232142,2.912169465118518,2.7699827951542715
0.2,0.6,0.6,0.2,0.7,0.7,0.06203914145092087,0.9735936839632214,0.7567794908608939,3.181806095464032,2.900620600047224
0.0,0.6,0.5,0.1,1.0,0.4,-0.08046923260084278,0.9907978900285002,0.8349444712077041,1.629116469001957,1.5147043935124556
0.6,0.0,0.6,0.5,0.1,0.2,0.11532975860413253,0.7582092032468988,0.6727326696326962,2.1858892329932442,1.810679431162386
0.1,0.5,0.4,1.0,0.0,0.7,-0.04715672670521359,1.1846982419257026,0.9289854299208947,2.514938813603016,2.39627498179117
0.8,0.9,0.5,0.7,0.0,0.9,-0.045077084149751624,1.0082363140097863,0.9288171762221973,3.7905763223357605,3.5232471902486386
0.3,0.9,0.1,0.4,0.4,0.6,0.8109053461881269,0.1883382433525757,-0.07877650900192175,1.8598028167043312,1.7864741828797241
0.8,0.8,0.9,0.2,0.7,0.5,0.012283712491760163,0.831732886969148,0.960660164372246,1.1495988431034607,0.8041600792946774
0.5,0.4,0.5,0.8,0.5,0.8,0.06134563093558276,1.0044225337364374,0.7909048870576711,2.3127565325479504,2.078521394222014
0.1,0.1,0.8,0.7,0.0,1.0,-0.18513850689662098,1.0209875833392064,0.7393264120470914,3.783151124015758,3.3925724774214943
0.3,0.4,0.2,0.0,0.3,0.5,0.9456751732981614,0.10996180467674567,-0.15123399110739422,0.2616059449208121,0.12007377829984059
0.1,0.2,0.4,0.3,0.0,0.6,0.5022151647916171,0.24266052929026433,0.12275971193442292,1.8615071539406276,1.8372530829647555
0.0,0.7,0.2,1.0,0.8,0.3,0.5262594113393312,0.5936498669871797,0.3344632121496584,1.7072625709269118,1.3188275084206602
0.0,0.8,0.4,0.2,0.9,0.0,0.8498617981345364,-0.07534134684624821,0.07001289123882347,0.536837034889473,0.30592160330524937
0.3,0.8,0.1,1.0,0.4,0.3,0.7859511999054684,0.15010162827181323,0.022576720312588495,1.073459818104245,1.1103743423935901
0.3,1.0,0.6,0.7,0.3,0.5,-0.009881883613583931,0.972985103243553,1.0745068442392778,2.5969053598183955,2.3947233800306678
0.3,0.2,0.4,0.4,0.0,0.3,0.8607443507199729,0.3146402181016168,0.21364054854379175,1.4489028106700186,1.1325008507765075
0.3,0.8,0.3,0.5,0.6,0.7,0.472066118007473,0.503045750997755,0.36484158005139705,1.1082842795903178,1.1820316576436392
0.5,0.1,0.7,0.0,1.0,1.0,-0.050953678661207195,1.064879469331873,0.8881370993213206,2.823327333451461,2.4962664786314406
0.2,0.8,0.2,0.1,0.4,0.0,0.8119954527996959,0.03463375590711401,-0.0022012804202726976,0.23382998148216028,-0.028875506391574463
0.4,0.1,0.7,0.3,0.1,0.6,-0.07620871128545309,1.1053166157844905,0.8990814947748702,2.7757696788051183,2.5655879781314788
0.6,0.9,1.0,0.6,0.9,0.6,-0.08792635584366693,0.9361152263372886,0.9855586819177193,2.077797193905379,1.7295509914011067
0.0,0.0,0.2,0.9,0.6,0.0,0.832491733616568,0.2228505264265421,-0.16420203278406104,1.0178096686834988,1.0289476980131056
0.6,0.7,0.0,0.3,0.9,0.0,0.7276591939820487,0.38109228969438724,-0.04195940812938856,1.2027043158577937,1.1018160925953076
0.3,1.0,0.4,0.7,0.5,0.3,0.6857100998055489,0.36140377561735715,0.23034674267553013,1.1870761459548878,1.1491594175198134
0.8,0.8,0.0,0.6,0.7,0.9,0.15699922709309222,0.651012451753542,0.665550476446903,3.0912069368388364,3.2314656112907083
0.5,0.4,0.9,1.0,0.5,0.2,0.04911272873889619,0.99266465758224,0.8310785914820534,0.30498148584872853,0.1133686406497483
0.5,0.6,0.6,0.8,1.0,0.7,0.06796757272452446,1.0098407442846702,0.9378364453513168,2.7523873163446058,2.5970670991745077
0.7,0.7,0.2,0.6,0.0,0.5,0.4757245970592323,0.42915194456632155,0.3008735608859122,1.6938230690273501,1.4159344232261886
0.2,0.1,1.0,0.8,0.5,0.9,-0.10149043313422723,1.0474303965354992,0.7820175111512154,2.5733355502609485,2.306102033402855
0.4,0.9,0.1,0.2,0.0,1.0,0.8339503822306267,0.13721105447610493,0.15926683331963515,3.510169785987961,3.578304062122721
0.4,0.7,0.0,0.6,0.2,0.4,0.7221700619583741,0.3981464496110033,0.21683028637721286,1.9081878429449803,1.8398785186321693
0.3,0.6,0.7,0.6,0.3,0.0,0.018747991080140424,0.9851163591909813,0.9188425576859572,1.5871795367930022,1.256207831627367
0.6,0.4,0.7,0.6,0.2,1.0,-0.09227776367071716,0.9774678679638228,0.9574357645705258,3.253543425496369,3.0963311712839134
0.9,1.0,0.5,0.9,0.9,0.9,-0.0752714969044947,1.1360376795154867,0.9386374907056576,3.5350735665447943,3.2992742149962293
0.8,0.6,0.4,0.2,1.0,0.9,0.06137185065396278,0.9917747104715544,0.8855780373110136,1.8089766601065564,1.49951170797436
0.4,0.0,0.0,0.3,1.0,0.4,0.8943658905612301,-0.03860597548806796,-0.023750038246981756,1.3003402575651046,1.1308938829809396
0.9,0.3,0.9,0.1,0.2,0.5,-0.06696406052517788,1.1905035587825177,1.0110404229907939,0.4676992402737924,0.26579718006889613
0.4,0.0,0.8,0.2,0.3,0.9,0.11863977626475669,0.7924336070529476,0.776065196312661,1.7734862664181155,1.5019899407457913
0.9,0.4,0.4,0.8,0.2,0.1,0.7701816774182962,0.05782876579652644,0.06229811261324522,0.6673010993536836,0.36513951319916615
0.6,0.3,0.8,0.9,0.7,0.0,0.029002925830177297,1.0614553694619089,0.6413090033951101,1.1848387178824773,0.7131231503451196
0.5,0.2,0.2,1.0,1.0,1.0,0.03205355904645049,1.0541948175827056,0.9597945640674768,2.203049443531317,2.120815573351225
0.8,0.5,1.0,0.0,0.5,0.9,0.05854927461359188,1.0963700696852698,0.7436962965141177,1.748723866407492,1.6651679921380722
0.8,1.0,0.6,0.6,0.0,0.4,-0.021681269549198984,1.0688390783954835,0.9471355967220378,3.283243861231443,3.107059645302117
0.7,0.3,0.0,0.1,0.6,1.0,0.6686644646661678,0.261475867467014,0.3021079201831158,2.796478721893165,2.815386986826487
0.0,0.6,0.1,0.6,0.4,0.2,1.0066142559896203,0.031078103168533253,0.015707628303989914,1.413123437095658,1.3651970032793002
0.5,0.4,0.6,0.2,0.9,0.2,0.33300145800033354,0.8411632077068647,0.8167630371620984,1.7035138965819292,1.3947727589254932
0.7,0.5,0.0,0.7,1.0,0.8,0.111724591870106,0.9788911357570623,0.9224259261180472,2.5689716326892236,2.447238619378181
0.8,0.8,0.0,0.7,0.2,0.0,0.8642259173155535,0.15481578995152556,-0.11152836098324166,1.454740803226499,1.0791596348783177
0.7,0.1,1.0,0.1,1.0,0.9,-0.0398818029349038,0.9300057108097958,1.0590844343727692,1.736703693721767,1.5974009910029445
0.5,0.1,0.5,0.9,1.0,0.6,0.08912128236132041,0.92790525478023,0.9427122805384707,2.0929056523533704,1.8126638966110604
0.4,0.9,0.8,0.7,1.0,0.5,-0.07732205081895327,1.0750522478683895,0.8396444832605522,1.6303567351690451,1.3576703811425883
0.1,1.0,0.8,0.0,0.5,0.3,-0.08550536065373887,0.9925051479723517,1.1114536800226498,1.2196966440921384,0.9346074663507362
0.9,0.0,0.4,0.8,0.6,0.2,0.9327779885509563,0.0611755438567572,-0.13951288762777878,0.9816992060894432,0.6449501723006128
0.4,0.3,1.0,0.2,0.0,0.0,0.3763089785820305,0.8589943968616209,0.7148885229033881,0.7444288404865778,0.4550798971115866
0.4,1.0,1.0,0.2,0.5,0.0,0.02874335676098011,0.923781517203761,1.007072559214201,0.6459900599763064,0.7288271942234179
0.0,0.3,0.8,0.5,0.3,0.1,0.10711731505964446,0.8128642075882375,0.6674241725334411,0.7432632967285826,0.5288573722805775
0.4,0.7,0.3,0.2,0.2,1.0,0.4597537926276828,0.6033584874294258,0.4557295502245461,1.6870525375279013,1.355053578827403
0.2,0.6,0.6,1.0,0.0,1.0,-0.016890314226948908,0.9160884101741543,1.0279856596683405,4.653762112492296,4.366853041246318
0.1,0.5,1.0,0.6,0.5,0.8,-0.051845314309316826,1.1053783306461293,0.8364856813284101,2.213560452257109,2.0839087533115443
0.8,0.5,0.5,0.7,0.5,0.9,-0.07679090692146823,1.1263359054185367,0.9258467880379476,3.074560888380288,2.717237527520865
0.1,0.3,0.9,0.3,0.3,0.3,0.3334813852406537,0.9858680192641693,0.8639795659340226,0.06699704300945225,0.026054347364602076
0.6,0.1,0.3,0.0,0.5,0.0,0.761446088524205,0.07115793838974517,-0.03293599656568046,0.28936804869158284,-0.03090728727095426
0.5,0.2,0.7,0.6,0.4,1.0,-0.028009548633739917,0.921316408727686,0.8633062308496503,2.9777641453828,3.015038878678812
0.0,0.2,0.4,0.8,0.7,0.6,-0.0681985151261977,0.8674350325985279,0.8201192163261541,2.28805282330683,1.7852653894420225
0.7,0.7,1.0,1.0,0.1,0.7,0.13923665193420262,0.9069686401892851,0.8006018879078988,2.0237933926732063,2.0014817019275535
0.7,0.3,0.8,0.3,0.0,0.6,-0.0696127846244583,1.015831902377006,0.9012704772065565,1.5300533011990418,1.5625319765281962
0.3,0.0,0.6,0.5,0.9,0.6,0.03798552834111739,0.8712451722613012,0.7656941314175809,2.5489794995341515,2.5142501676480986
0.4,0.6,0.6,0.2,0.2,0.4,0.14305896993337242,1.1710529751936605,0.8127676832385122,2.1946148228793265,1.8852934163223292
1.0,0.1,0.2,0.3,0.9,0.3,0.9691636014708439,0.09076627268998472,-0.18540602622288335,1.0061961267854438,0.5415367674635743
0.6,0.7,0.0,0.3,0.3,0.6,0.53920410540805,0.9661699780006847,0.5304213324360765,1.6697060107018558,1.4826559038994245
0.8,1.0,0.6,0.5,0.1,0.3,0.0367922688650507,1.0591734185347526,0.7346330110599544,2.7852439820875396,2.7723746860698144
0.2,0.6,0.3,1.0,0.6,0.7,0.045002585904726514,0.9340160627394667,0.7676077391600439,1.8506227288826014,1.5723295248332667
0.2,0.8,0.0,0.1,0.8,0.6,0.8734740812841635,0.33152015308752847,0.19512653424841203,2.278717778366412,2.075595500685607
0.0,0.0,0.1,0.2,0.7,0.7,0.9882597762545198,0.02700347946092642,-0.15912163822117997,2.6750875134837044,2.4429019662237246
0.4,0.4,1.0,0.0,0.1,0.0,0.4394206671123425,0.5771269040874696,0.2652829062554989,0.7687973452693908,0.5536536112547208
0.8,0.5,0.6,0.2,0.5,0.4,-0.05102179626152001,1.0833351155307909,0.9088922126556918,1.9933723328448372,1.8023627121345014
0.3,0.0,0.6,0.2,0.1,0.9,0.10735028397958526,0.933095052186569,0.9715353657205698,3.432756453725603,2.9071186148632755
0.4,0.4,0.0,0.9,0.8,0.7,0.44414625067265473,0.7684297378626429,0.5444660700581587,2.8301670868494515,2.676625858275942
0.7,0.6,0.1,1.0,0.7,0.2,0.24752266664185468,0.7765864361886169,0.4189577999649638,2.1588015276164327,2.0486614579191884
0.4,0.5,0.6,0.7,0.2,0.0,0.07513543351902525,1.0217867149141142,0.8219482964959539,2.0299726366331314,1.704306561275072
0.5,0.2,0.7,0.9,0.9,0.7,0.012060709136288893,0.9825585388660552,0.9499441864138877,2.8710444838837037,2.6172144337968355
0.1,0.1,0.4,0.6,0.5,0.6,0.10391612219702284,0.7161804881456894,0.6263574396296021,1.474542037342312,1.257733573831344
0.4,0.1,0.1,0.5,0.1,0.2,1.0991515249965897,0.22996291828739518,-0.05920726084416153,1.9270004203762994,1.9698350276610723
0.6,0.2,0.3,0.3,0.2,0.3,0.7221305272214249,0.13957531260111686,0.2003271757473718,0.3375579661145516,0.06754147605462685
0.0,1.0,0.0,0.1,0.5,0.0,1.0269867927874299,0.32607476519579387,-0.01829157781046271,1.8885274061691948,1.473248685606289
0.5,0.8,0.8,0.0,0.0,0.0,0.26837920483153627,0.8219208081143904,0.6128523267696402,0.7965937258282548,0.712858533234236
0.9,0.8,0.5,0.9,0.3,0.4,0.41417435673693,0.5683883357822537,0.5125900684001647,1.4697798209371995,1.07378807124174
0.0,0.9,0.8,0.6,0.3,1.0,-0.10251943437640905,1.0325974887869303,0.9805144274304995,3.090054402631068,2.8550865037848023
0.9,0.9,0.0,0.8,0.1,0.6,1.0682478116152467,0.12021871707301363,-0.052796192276970216,2.816533995144913,2.876276956917385
0.6,0.1,0.3,0.7,0.3,0.2,0.8549716875147523,0.06512464559744416,-0.010561871622959422,0.2191234942018411,0.1526105383292044
0.3,0.0,1.0,0.2,0.8,1.0,-0.013888136543849676,1.2652139679444072,0.8343752997032925,2.685022839510398,2.3962951331814044
0.2,0.9,0.0,0.1,0.3,0.9,0.9729813611517398,0.01128124504112843,0.007732724701779405,2.700185117587197,2.534446101345523
0.4,0.8,0.8,0.8,0.2,0.8,-0.18792000352128987,1.0575458845578205,0.9102062414362864,2.2430993625443194,1.8451846862216994
0.6,0.4,0.9,0.0,1.0,0.5,-0.012590305095105057,0.9039653599717358,0.8156086734252705,0.2628341715605895,0.053721448786124996
1.0,0.5,0.6,0.1,0.7,0.6,-0.01403709948716723,1.0141641672830817,0.9311968612695535,2.889585021242152,2.6711050799390903
0.5,0.7,0.1,0.9,0.7,0.5,0.23747751002177855,0.9389186508461176,0.9904107350281691,2.178514048678818,2.0667023661023216
0.6,0.7,0.6,1.0,0.7,0.5,0.027078568300496476,1.0766668711440748,0.9033348412324415,2.988713022247693,2.4092972189887734
0.6,0.8,0.7,0.4,0.2,1.0,0.08602361395842133,1.0698168434491855,0.9768213244720885,3.3569659833342804,3.1143934038410834
0.4,0.0,0.0,0.3,0.5,0.9,0.5728232386227572,0.39920039642586835,0.14257983359546814,2.646282387145636,2.4690710795926347
0.0,0.3,0.6,0.5,0.1,1.0,-0.0845090555734758,0.8629570110413451,0.9155500372337659,4.02300792508499,3.7509608393063347
0.1,0.8,0.4,0.7,0.0,0.1,0.8087199699236449,0.10059868781063025,-0.030033964546896354,1.3039638983329767,1.2944683130450476
0.7,0.1,0.5,0.4,1.0,0.5,0.058337653280097594,1.1338185433791592,0.8378362508370896,1.8722956841601386,1.5096827001327684
0.6,1.0,0.2,0.5,1.0,0.3,0.913288011394484,0.1061526905291505,0.03673167700415637,0.8475347893278931,0.8024367421660714
0.9,0.3,0.9,0.5,0.1,0.9,0.06810428730608273,1.1428401712230154,0.9452340501020907,2.011749845056274,1.7404491735062495
0.7,0.7,0.0,0.8,0.6,0.1,0.5458862138882785,0.3065401835747815,0.37364567823868483,1.7886955203950645,1.5456879145615379
0.2,0.0,1.0,0.4,0.4,0.6,-0.026070246025058925,0.8104566198565644,0.8953711989368073,1.178285644108778,0.8478422804317494
0.1,0.0,0.9,0.4,0.9,0.3,-0.04146469561572454,1.0404397805683359,0.9703427772328281,0.9629620384981208,0.5869928229669585
0.0,1.0,0.5,0.1,0.1,0.9,-0.04095618045158153,1.022644905847385,0.9923249397170152,3.780011050775116,3.3788476928889266
0.6,1.0,0.0,0.2,0.8,1.0,0.1853914115268827,1.0367125005543467,0.8326852442049214,3.8878056137052197,3.6122536725021552
0.3,0.7,0.2,0.5,0.6,0.0,1.0079812790727793,0.09929719552933317,0.14581008223480169,0.7889964548098353,0.2768323556946851
0.4,0.2,0.3,0.1,0.0,0.5,0.8532123311235215,0.08970196462091182,-0.1046408334379678,0.9109367253446219,0.944408437618424
0.7,0.0,0.2,0.2,1.0,0.0,0.8382204301092221,0.1262858128225684,-0.19004272159828148,0.13339679252835035,-0.07937341119204668
0.9,0.5,0.1,0.1,0.6,0.3,0.8190729255963296,0.08721348020895425,-0.01354543253304521,1.370009391442078,1.268602328278131
0.2,0.1,0.1,0.2,0.7,0.5,0.9510500925794952,0.019223281317076596,0.23709609691570052,2.350504542820081,1.9721978557161024
0.2,0.9,0.4,0.7,0.3,0.5,0.602188204331768,-0.03141103948298443,0.009043476933057723,1.1707912594637733,0.9487010260878711
0.0,0.2,0.1,0.4,0.9,0.4,1.075380092117016,0.19752030706609558,0.0913799720892939,1.8879981969688882,1.843168058792955
0.6,0.9,0.3,1.0,0.8,0.8,0.06445662392566878,0.9467290256830901,0.8822102447097669,2.5067384721774895,1.8779393912747964
0.7,0.1,0.8,1.0,0.7,0.8,-0.016975156860347868,0.8194681156178076,0.9608022031838892,2.9197597333826018,2.9154864207192097
0.9,0.2,0.2,0.5,1.0,0.5,0.936025180560903,-0.025638287240663304,-0.10299597504732355,1.0303772053260263,0.42111266575011375
0.3,0.5,0.9,1.0,0.2,0.7,0.09921342611335893,0.9084367143952683,0.8756102721839869,1.8728421481097552,1.548690040013018
0.4,0.1,0.6,0.9,0.8,0.1,-0.07822786085717072,0.9917441490865467,1.0729338011112555,2.590622034748821,2.2454840727677863
0.8,0.1,0.6,0.2,0.6,0.1,-0.0017550269020329735,0.9199439362802662,0.916103853300219,1.8488871753337703,1.7184459697350176
0.8,0.3,0.7,0.0,0.7,0.0,0.41518319234469114,0.6369197397450597,0.7409949909241806,1.1629742680214188,1.0602078804198731
0.0,1.0,0.7,0.3,0.9,0.5,-0.013195678805207597,0.9959711395109868,0.9033678115872936,2.99970146876988,2.7645482666463708
1.0,0.2,0.5,0.1,0.2,1.0,0.2623566792236379,0.9033922659687585,0.7779822807801817,2.9156270394477333,2.7267841906495565
0.5,1.0,0.3,0.3,0.6,0.1,0.767682818250107,0.27151872991425763,-0.11735731536389571,0.7421716966527864,0.623979132046339
0.8,0.1,0.8,0.6,0.4,0.6,-0.2086995269894043,1.007664645557443,1.0063673806578977,1.5389852937565276,1.3960301276910976
0.9,0.5,0.4,1.0,0.7,0.2,0.5037129290682587,0.29004111532281307,0.3554527185259241,1.386176819501315,1.2767846622954424
0.0,0.2,0.0,0.5,0.9,1.0,0.07144653870804701,0.8648048410911691,0.6597024596760876,3.6918580421958054,3.7630439313708943
0.4,0.1,0.4,0.5,0.2,0.9,0.14609398443869281,0.8339484862797669,0.8791370115030205,2.2987890908802027,2.1899000256951258
0.3,0.1,0.5,1.0,0.1,0.1,0.30743981520273866,0.7732860639293299,0.6118506398872323,2.268684848579712,1.958616689836086
0.7,0.1,0.2,0.6,0.0,0.7,0.5337773284279947,0.6781723417750857,0.16062006049959127,2.242905981550633,2.1910602151402276
0.7,0.4,0.3,0.2,0.7,0.8,0.6337802400814031,0.21549611574181365,0.24631718751869916,1.4299636631010528,1.2944031147944084
0.5,0.2,0.4,0.9,0.2,0.2,0.6657855081319446,0.2727729001308161,0.12205008070235997,0.7477192726807721,0.5483149204164731
0.3,0.5,0.9,0.6,0.4,0.9,0.07590642983480843,0.7687398032580325,0.8676826473707413,1.7725789224588937,1.7109567331032793
0.0,0.2,0.8,0.3,1.0,0.7,-0.031043479195307845,1.063588304950711,0.9427389756219118,1.613140893994688,1.6464716800761852
0.3,0.9,0.2,0.3,0.8,0.8,0.7353333986752082,0.22675757553790263,0.09688925547916119,2.326479766213359,2.3051121285088225
0.0,0.2,0.6,1.0,0.8,0.3,-0.011054196566719285,1.2254777080654606,0.8388035671638898,2.897533867816046,2.8548293505813085
0.6,1.0,0.4,0.9,0.7,0.6,0.01621098641586974,1.071056643581462,0.9367004221518558,2.493972576691098,1.9909730662949103
0.3,0.2,0.9,1.0,0.1,0.5,-0.09821327133799927,1.0408619769105822,1.1777052993144022,1.583005042219159,1.499866864193373
0.5,1.0,0.6,0.9,0.4,0.6,0.1869021580239564,1.0990264018390823,1.1301561114781031,2.589863148163352,2.438549487922678
0.7,0.8,0.5,0.7,0.2,1.0,-0.19953847650289047,0.9479538112507133,0.9272640839720564,2.99958841916057,2.9138018018653455
0.5,0.3,0.4,0.5,0.9,1.0,0.13885732298094902,0.8200125940091678,0.840821721842584,2.077415315050948,1.8583099162311107
0.2,0.4,0.0,1.0,1.0,0.3,1.0093992810348866,0.2910474745111902,0.0932785078185766,1.5497705446617756,1.458374282840824
1.0,0.5,0.2,1.0,0.6,0.2,0.9972545970123066,0.15308428066849972,-0.01949305566131187,1.0114375133545475,1.147954937615452
0.8,0.0,0.2,0.6,0.4,0.8,0.8229690022408396,0.18914748943216844,0.018018260398905202,1.1429674384199464,1.1439492458356386
0.4,0.3,0.4,0.9,0.8,0.3,0.8445849668003227,0.34063836627405586,0.11155462219218079,1.0494715556772878,0.8070949886133705
0.5,0.2,0.0,0.7,0.9,0.8,-0.20139782863072886,1.0168239442847895,1.0483463407948315,3.0623407995756646,2.6499921509202484
0.1,0.4,0.6,0.1,0.6,0.9,0.05843776862125092,0.8162153232468511,0.7801695262322585,3.164327969409023,2.972473062694541
0.3,0.4,0.3,0.7,0.3,0.8,0.6117798096026879,0.14741872306718146,0.055203455571460405,1.1343134221021427,0.8340951986117946
1.0,0.3,0.4,0.4,0.4,1.0,0.8143875755285681,0.2997154287626633,0.14325357108814135,1.5502840411903909,1.4580158851357183
0.6,0.3,0.0,0.4,1.0,0.6,0.49138470818704183,0.413603053035181,0.4185114930561122,1.701798098837908,1.4849592589069303
1.0,0.4,0.9,0.3,0.0,0.6,0.047450741949668446,1.0959074974743326,0.92822337239094,1.5921110957312423,1.3316281930590708
0.2,0.9,0.2,0.9,0.0,1.0,0.7734627399918561,0.3052417867405906,0.2790158703752754,3.522178695273044,3.1620590420715393
0.1,0.2,0.4,0.6,0.0,0.6,0.36247697004936685,0.515482593939841,0.6237936375004675,2.1672262988918205,1.6675739277336716
0.0,0.0,1.0,0.2,0.6,0.4,0.07336715364161177,0.9053719171242104,0.9098171917429918,1.2180447301227302,0.9360376861457671
1.0,1.0,0.1,0.5,0.8,0.2,1.0700549852123633,0.20042699891658275,0.15655767863715236,2.2803684703552145,1.8723832191581977
0.2,0.6,0.5,0.1,0.2,0.7,0.20824926183525957,0.7198437783474481,0.8871302815213887,2.143593419380405,1.9395901483606155
0.6,0.7,0.4,0.5,0.7,0.2,0.11970099073282253,0.5048733678649967,0.5113507220497472,1.1407884120291545,0.7042533497253032
0.3,0.7,0.4,0.1,0.5,1.0,0.05070753402188304,1.0521021598127105,0.9922444059902213,1.7243639584740367,1.7020682144649952
0.8,0.3,1.0,0.1,0.0,0.8,-0.11329739635094867,1.0650963512269158,0.8288279642401043,1.8136409930599742,1.6308197533556081
0.8,0.4,0.4,0.2,0.6,0.8,0.4149400546280047,0.3366163682429155,0.3652850477403585,1.6169538310731175,1.3363107640118308
0.5,0.7,0.7,1.0,0.9,0.7,0.10157297213507697,0.8471856083227693,0.893389749442627,2.7291694920873275,2.5402668608471703
1.0,1.0,1.0,0.8,0.8,0.9,8.030178118734839e-05,1.2242874656400593,0.9218727342606986,3.113353491533519,3.0573580857173663
0.4,0.9,0.6,0.2,0.3,1.0,-0.1500988978896614,1.1024549508100792,0.8677973470239312,3.2592241799650097,3.1292768159083026
0.4,0.3,0.5,0.2,0.6,0.9,-0.01169271237716902,0.7979693388888831,0.6758977335134622,2.4173426540680194,2.2718809263295423
0.6,0.0,0.4,0.7,0.3,0.7,0.3996971142258147,0.6282198835858028,0.471239262086944,1.2242313227608639,0.9285161755075279
0.6,0.5,0.0,0.2,1.0,0.9,0.1358599312701535,0.7127032973717731,0.7331325650571212,2.4800142137608914,2.656010797624426
0.9,0.3,0.2,0.5,0.1,0.7,0.8532541248028513,0.19653177113275652,-0.04696749936694123,1.6011488655713424,1.4151186185593811
0.9,0.8,0.7,0.3,0.1,0.7,-0.08038338640087711,0.9527804469610585,0.8611750202747313,2.703921142055213,2.364227780469932
0.3,0.7,0.9,0.3,0.8,1.0,0.03639655446078934,1.0652260476368811,0.8270409562508156,2.4575308949656463,2.3074037740418656
0.7,0.4,0.9,0.8,0.9,1.0,0.054779512006179754,1.0315049177600573,1.0588562173246627,2.2274069697420056,2.3235427862932516
0.5,0.6,0.0,0.3,0.3,0.5,0.335374405420211,0.4990656827544292,0.5283838140871984,2.0212194787440865,1.505112655141632
0.1,0.8,1.0,0.5,0.2,0.3,-0.15155673872105377,1.00213737818269,0.8497205638782606,1.2849885390903142,0.9261272731302803
1.0,0.3,0.7,0.6,0.8,0.7,-0.06981276560292653,1.0833506625895541,0.9711611677623119,2.5198762737797793,2.7535001095736886
1.0,1.0,0.8,0.2,0.7,0.7,0.05600134281440941,0.9981541269897655,0.8872147655091756,2.733773309116573,2.3759107052036352
0.8,0.7,0.2,0.3,0.7,0.0,0.9232295390977984,-0.08038308887265741,-0.06369027353104399,0.49642555870227945,0.4845856545315203
1.0,0.4,0.0,0.8,1.0,0.9,0.6802884752441332,0.047737300277995276,0.2599609771865724,2.527316307550215,2.5531256787331196
1.0,0.4,0.2,0.7,0.8,0.3,0.9410435318866043,-0.012497024092150366,0.0010014745186442743,1.1587926018603154,0.952071701582609
0.4,0.0,0.7,1.0,0.7,0.9,0.20520051472759893,1.0350756701426689,0.7663002403204701,3.5881203934581487,3.3968589304112453
0.8,0.7,0.1,0.4,0.8,0.3,0.7899431089044984,0.1787608483263287,0.20139243672989565,1.8624446385065747,1.6160449403999395
0.9,0.4,0.2,0.9,0.0,0.1,0.8305676020290029,0.03491568002937294,0.0647849798823388,1.1758101677842927,1.1546490439964687
0.2,1.0,0.8,0.3,0.6,0.9,0.056332165510656375,0.9170383515869811,0.7532847276094098,3.016670328498159,2.9709476442657596
0.7,0.8,0.6,0.9,0.9,0.9,-0.07937163018241333,1.0017208197125196,0.9175415485933527,3.2940642777237055,3.264180528725555
0.8,0.2,0.1,0.6,0.4,0.9,0.512909750652633,0.6178370593796902,0.32724979583701264,2.323638504608272,2.165728441524912
1.0,0.3,0.1,0.3,0.6,1.0,0.9087578141028234,0.09755539776236329,0.012122994861277225,2.714928679803367,2.5828199104761898
0.5,0.4,0.9,0.6,0.8,1.0,0.07806782102111164,0.9343402878457523,0.9607064760845583,2.609564290664338,2.4535970294992624
0.4,0.0,1.0,0.3,0.9,0.3,-0.029655170316993808,0.8120083758503615,0.9464719972462758,1.048952947617305,0.8370797485924786
0.8,0.2,0.8,0.7,0.4,0.6,0.09559068459089969,1.1732050856586898,0.8675451188413507,1.4604736076000246,1.1053225396894333
0.4,0.7,0.5,0.5,0.4,0.7,-0.047683878384059325,1.046168243612291,0.8682681275025175,1.6896946099623045,1.6613124340515877
0.7,0.2,1.0,1.0,0.8,0.1,0.021534143353239787,1.143031520203775,0.7676399885499054,1.3033050677095002,1.0936516041692743
0.7,0.1,1.0,0.5,0.1,0.8,-0.023267728360476726,1.0721345699822302,0.7840736546363095,2.630828389357085,2.273847516554054
0.1,0.2,0.2,0.0,1.0,0.3,1.0158251394022801,0.25010553537124436,0.18429617913976493,0.17141067783385783,0.035093829958385024
1.0,1.0,0.3,0.4,0.7,0.7,0.7344054759746895,0.4347200543239073,0.1978005066971443,2.097453706579312,1.8225612304653076
0.3,0.7,0.6,0.5,0.7,0.2,-0.055135829226094196,0.9395811582039078,1.0234968686197434,2.248645446015396,2.0220710519311513
0.7,0.5,1.0,0.5,0.8,0.7,0.18925694103431778,1.0187349238108274,0.7765645848758773,2.2873598902597085,2.0546625160159895
0.1,0.4,1.0,0.2,0.1,0.4,-0.005492619508171835,1.0024693708786232,0.6449725374610712,1.3313476408025637,1.0081302364430191
0.7,0.6,0.4,0.1,0.3,0.0,0.9261302958368823,0.18395428214170878,-0.2415980883536118,0.24895471018969478,0.06418601381709316
0.1,0.4,0.0,0.0,0.2,0.4,0.9233037562820026,0.023936824547770574,0.1243651750950696,1.569948848354807,1.1895081486593315
1.0,0.8,0.7,0.3,0.1,1.0,0.013331125234303833,1.1395899554616593,1.0148832607482923,3.610691376967753,3.287662620239447
0.0,0.5,1.0,0.7,0.1,1.0,0.11839188214837118,1.1555201585259118,1.104898474190871,3.6322416066855094,3.407717396004483
0.4,0.8,0.4,0.2,0.1,0.3,0.9548059290486379,0.09147032633138051,0.0031452339598792966,0.8404514691509112,0.588586701019027
0.1,0.7,0.7,0.0,0.7,0.2,-0.0006196252864693559,0.9840364850576785,0.9450391026409779,1.7295514603701754,1.5801578903608462
1.0,0.3,0.4,0.0,0.4,0.4,0.9456092971527775,0.1283732344093421,0.2365601466747711,0.2982683848337414,-0.1582294097736765
0.4,0.4,0.2,0.2,0.4,0.3,0.7731410217382927,0.1943203325059643,0.10960164718070947,0.1703653110426871,0.022837026234116042
0.0,0.2,0.3,0.5,0.1,0.0,0.8954807448938069,0.08300320326979108,0.07695510129674255,0.7818084692648818,0.6090756692579999
0.9,0.3,0.8,0.6,0.7,0.0,0.0688356471791078,0.9276997498431586,0.9032248318793022,1.0832772666873929,0.6487057721304538
0.8,0.0,0.4,0.8,0.8,0.3,0.89912877148615,0.1719623072085185,0.26165844450546955,1.487250649855663,0.884191232127649
1.0,0.1,0.2,1.0,0.7,0.6,0.4813615255444535,0.47715637064228283,0.4093208070706561,1.995353763922893,1.792617402810688
0.7,0.3,0.0,0.3,0.3,0.3,0.704260941141705,0.032068486181588945,0.047769800408254126,1.0520132007763436,1.0837364578247302
0.1,0.2,0.0,0.3,0.7,0.5,0.8873501305999059,0.1534501870008181,0.14172120436074162,2.6654501341390144,2.394832762826282
0.8,0.0,0.4,0.1,0.4,1.0,0.718240874691616,0.19415156946731343,0.19136675487220856,1.3455070892943373,1.515314167273826
0.6,0.8,0.8,0.0,0.0,0.6,0.0698800372122878,1.0629873268733894,0.8763902607602744,1.5147640981458828,1.429145316299067
0.6,0.8,0.9,0.3,0.9,1.0,0.0695895744958072,1.1576039318301612,0.8558864307197961,1.9494644214545658,1.959972807626069
0.7,0.1,0.0,0.3,0.1,0.9,0.5332844180542988,0.5617859796418018,0.5302938283008058,3.595096740823306,3.1732937830871037
0.3,0.9,0.3,0.2,0.6,0.1,0.9624767834465464,0.14936032347360526,0.06920930406534596,0.5164240496762047,0.39695923995098975
0.7,0.3,0.7,0.0,0.3,0.3,0.19681189515745315,0.6359026886063031,0.7255858822138623,0.8003416001622102,0.5526733634835751
0.8,0.9,0.0,0.9,0.5,0.3,0.8623540939941611,0.12753692140618308,-0.14698763071475607,2.152326264402496,1.7906970945997986
0.4,0.4,1.0,0.0,0.8,0.8,-0.029078359002398774,0.9660020030394247,0.7597789963979109,1.7604312014317007,1.5481340937284298
0.7,0.8,1.0,0.3,0.2,1.0,0.0986495256820913,1.0158883455427545,0.9247486881496692,2.4936114580713085,2.0755279819645622
0.3,0.1,0.9,0.9,0.4,0.5,0.016641680840967434,0.9441892941857355,0.8639943918426564,1.0340453118692465,0.6893018675815885
0.9,0.4,0.8,0.6,0.5,0.0,0.049507571730544694,0.9800703200959362,0.9391004056001347,0.6602602303452718,0.598168317229512
0.8,0.6,0.6,0.8,0.6,1.0,0.07310923517702518,0.9422071861237684,0.8836297719893381,4.182536730011371,4.061233015647996
0.4,0.0,0.4,0.5,0.4,0.9,0.5655417435953066,0.6218168738991344,0.6160115357929862,1.6509321620988544,1.4482848799788737
0.2,0.0,0.2,0.3,0.6,0.8,1.0000892787058921,0.11478007327967392,-0.03869455056390949,1.6778779014540897,1.5305945824800087
0.7,0.2,0.1,0.3,0.1,0.2,0.9263040487613695,0.08321415107029201,0.1806457550521277,1.4915115250555269,1.1617482029302424
0.2,0.3,0.9,0.2,0.6,1.0,-0.13067246598721985,0.9335686336882224,0.8020302445873418,1.9904519547545925,1.8616642728532393
0.2,0.9,0.1,0.1,0.5,0.4,0.8713715077770365,0.055355460893228424,0.021233876041488856,1.413301990740452,1.3236766385743826
0.8,0.4,0.7,0.2,0.3,0.0,0.4113839135029322,0.5724246111541388,0.5440628506524636,0.7118797585542662,0.5521260153558759
0.5,0.8,0.2,0.9,0.4,0.0,0.7977257226073865,0.06299229233577533,-0.06568738856099661,0.18934999310523043,-0.10788589376204348
0.0,0.3,0.4,0.9,0.6,0.7,0.09927893024758402,0.9488832291066649,0.9089144069043957,2.051127377237468,1.7088137651134228
0.6,0.8,0.0,0.8,0.0,0.5,0.5336718739314105,0.35647902185670804,0.16015973040923648,2.575406929344582,2.4693006991818502
0.2,0.0,0.8,0.6,0.1,0.9,0.056134128688027175,1.1562431794279129,1.108882827788151,2.874307828425189,2.578233379334807
0.5,0.0,0.0,0.8,0.1,0.3,0.9194241837673274,-0.03238307035800042,-0.03660983843249867,2.078556904803596,2.0785626019507495
0.7,0.5,0.1,0.2,0.6,0.3,1.0274643564400736,0.07480220888598253,0.04887700198416649,1.6419014014728468,1.482189725741763
0.2,0.1,0.8,0.6,0.5,1.0,-0.003897228015088818,1.1085840532103446,0.8474575232281869,2.9873006081357723,2.804486966180249
0.9,0.1,0.5,0.1,1.0,0.6,-0.0033376483117863254,1.0453017889586451,0.9092786334108577,1.696423115247281,1.5042335841832672
0.3,0.0,0.5,0.7,0.3,0.2,0.7586313646339599,0.2450138699806943,0.2499162656160178,1.232566770572393,1.2246120154166689
0.9,0.4,0.4,0.4,0.9,0.9,0.36236582811378415,0.7245682182185929,0.47184937514229974,1.9853885609627397,1.643368294613982
0.9,0.4,0.8,0.1,0.6,0.6,-0.040175880842405254,1.0363118206011201,0.9031151556574785,1.208048788971479,1.1540583225296637
0.7,0.2,0.4,0.5,0.7,0.3,0.6036873779434605,0.3594123041984741,0.4082885787689272,1.3563428755006104,0.9526227827791368
0.7,0.1,0.6,0.7,0.9,0.4,-0.03014626028784851,0.9444071981135009,0.9179861197424382,2.621838856044523,2.3631693747682436
1.0,0.8,0.7,0.0,0.4,0.1,0.5162388489928823,0.4165670252996828,0.5197546329024285,0.8067103259427552,0.5254951685138813
0.9,0.7,0.8,0.6,0.9,0.1,-0.12096785158345594,1.0986077968104389,0.9147101223736046,0.8789645046875993,0.9177765609018457
0.8,0.3,0.4,0.7,0.2,0.2,0.9541875153998003,-0.034188522204936705,-0.025155205858215676,0.4900236317833003,0.25145787031632916
0.6,0.1,0.2,0.2,0.1,0.5,0.9629411112447724,0.20513406941370899,-0.036547080183250535,1.6251360114412123,1.2486394135212655
0.5,0.2,0.3,0.3,0.3,0.0,1.081801178003338,0.1480225916786157,0.10392882528539993,0.34578758214824856,-0.057614844198594466
0.5,0.3,0.1,0.0,0.6,0.4,1.0117409530901094,0.017863009695927565,-0.00352555075178441,1.0564504495223581,0.9298581693530052
0.3,0.1,1.0,0.5,0.5,0.9,-0.17309399767594935,1.018558209039316,0.8980280114774258,2.143980727102415,1.9332094928935213
1.0,0.0,0.6,1.0,0.7,1.0,-0.02748892295897202,0.8498888544493849,0.930339455420467,4.028640141824294,3.892587317991569
0.8,0.2,0.8,0.5,0.0,0.8,-0.06078863651762622,1.0238707212616112,0.941489315844164,2.474622624617615,2.2736267699619925
1.0,0.2,1.0,0.8,0.9,0.4,0.07880225755240941,0.8968887479917542,0.944173351152832,1.4055915712789602,1.189039649635169
0.1,0.2,0.1,0.6,0.5,0.0,0.9051394551632059,0.14265123891294373,-0.11594925437058404,1.246121034956895,1.075694717068556
0.6,0.1,0.0,0.1,0.3,1.0,0.5092908728033104,0.638201574375705,0.4519950453002952,2.8604528939706384,2.6614294774981713
0.5,0.4,0.7,0.6,0.4,0.2,-0.07131990756261362,1.0139409667916135,0.9229994233041218,1.1649543978124572,1.016704143926607
0.9,0.3,0.2,0.8,1.0,0.4,1.017048874779172,0.043011509908973,0.2360612588368996,0.5270714735620906,0.3738319744068042
0.2,0.5,0.1,1.0,0.2,0.5,0.7661247919184822,0.368035770367603,0.17230466312470194,2.219842423383372,2.1050075552133856
0.3,0.3,0.3,0.2,1.0,0.8,0.8324423128391215,-0.056548324935617955,0.2855366976901261,0.6121796928278139,0.3783468344890806
0.1,0.9,0.6,0.4,0.3,0.4,0.2534810864547054,0.7309570723244592,0.7540356343185726,2.1539769168090968,2.035599154064807
0.8,0.3,0.8,0.7,0.1,0.3,-0.0008982718724758528,1.095909398489243,0.9662567652288732,1.3132083643731036,0.9329918252046723
0.4,0.0,0.2,0.3,0.4,0.2,0.8213615610673995,0.1430062514428203,0.0748611211456055,0.09646026884928592,0.014139701410560913
0.0,1.0,1.0,0.5,0.8,0.7,-0.02661281741689798,1.1473575998756649,1.0235114129782314,2.9432870525069905,2.504817281793638
0.8,0.8,0.4,0.6,0.3,0.4,0.8785942474019327,0.05815706140990763,0.005502473191548405,0.43326101351035395,0.49572290290276644
0.5,0.1,0.4,0.5,0.2,0.4,0.8811019620414324,0.2535771442930568,0.15039274232990807,1.1064206154770837,0.9466400417408856
0.0,0.8,0.3,0.7,0.0,0.3,0.9600634439511235,0.2534579698986555,0.005044703010273967,1.3402278668889716,1.2803895387970374
0.5,0.5,0.8,0.2,0.1,0.9,-0.11693475674505292,1.0999194860015362,1.0006265628954865,2.7857314832429716,2.458286671743175
0.3,0.1,0.2,0.8,0.9,0.9,0.11265627602187964,1.008324572131216,1.023374941485539,2.4314242039947116,2.3151959565555402
0.9,1.0,0.0,1.0,0.1,0.0,0.7891581574786976,0.125495474747841,-0.002920459790969354,2.4438606999175505,2.270789592780946
0.3,0.1,0.0,0.6,1.0,0.3,0.996790687730758,0.24483591076461658,0.10700814993172605,1.6608597020025984,1.5215539730026642
0.5,1.0,1.0,0.5,0.1,0.4,0.0312940757298196,1.0226165065337385,1.046310898996293,1.999940208287088,1.7835346635246045
0.9,0.4,0.0,0.7,0.7,0.5,0.8983003662718712,0.10970424516969865,-0.006184303911912874,2.4394287551257383,2.2880540716940208
1.0,0.4,0.3,0.7,0.5,0.0,1.0302428411004894,0.05898306209772054,-0.1331084138092614,0.26173501677890426,0.15691872803387452
0.9,0.7,0.0,0.8,0.7,0.7,-0.008208703087046684,1.0681880681219051,0.8274225672305898,2.9241132385730344,2.6593526001754295
0.4,0.1,0.5,0.0,0.2,0.3,0.6880688062718552,0.21918624381814608,0.1396284784431492,1.2828183941608915,1.1377989196436946
0.7,0.7,0.7,0.0,0.2,0.5,0.013507455258005802,1.0968621992422298,0.8905683138114043,1.4670351137277007,1.3383686830905184
0.6,0.2,1.0,0.3,0.8,0.5,-0.10913900918532045,1.099717624123119,1.0086480784625127,1.402169213243497,1.2016452251761067
0.1,0.2,0.6,1.0,0.5,1.0,0.11825557977622998,0.9570478919138212,0.9082418705211442,3.571917967117609,3.7105560305320813
0.5,0.6,0.8,0.2,0.7,0.2,0.18053118602864265,1.0316882289293745,0.8028436141510018,1.579651109145082,1.229614432115252
0.9,0.6,0.4,0.1,0.7,0.8,-0.02424274982920641,1.2023995857637293,0.8084337781171084,2.1087908238617232,1.724150955077941
0.9,0.7,0.9,0.4,0.7,0.7,0.07837968807438771,0.9462092355850951,0.7782918957631566,1.9090863369956852,1.517654018503143
0.5,0.6,1.0,0.6,0.1,0.3,-0.09425713882269038,0.8474715020687605,0.824882603838882,1.7461387926010876,1.4215407654812502
1.0,0.0,0.7,0.8,0.2,0.0,0.2520187839269236,0.7921632529490491,0.4340710803635614,1.5829127577686153,1.4346366093697518
0.3,0.4,0.7,0.6,0.1,0.8,-0.012185910033826752,1.0190848983174092,0.6727840874250521,2.772361579369364,2.9029049896775
1.0,0.8,0.9,0.0,0.6,0.0,0.2147503712532371,0.7498614265251244,0.4723909015470669,0.043203970206625475,-0.01519473943020987
0.7,0.4,0.6,0.1,0.2,0.6,-0.04323809099298472,0.9964237439214461,1.0512819940217522,1.938726970286603,1.7891495420735781
0.3,1.0,0.2,0.0,0.5,0.1,1.001964602144444,0.056475636485174854,-0.10154565336731065,0.5035983989982613,0.3413227013223988
0.9,1.0,0.6,0.8,0.9,0.2,-0.24189734247382863,0.928318002354451,0.9575042442355371,2.6406989165396375,2.429636585653084
0.6,0.9,0.6,0.1,0.0,0.6,-0.01624479100123659,0.8697492143533753,0.8807884587194676,3.1616018775970223,2.8823992422784106
0.5,0.4,0.5,0.8,0.4,0.6,-0.20151681799047344,0.900309506064775,0.796574920815677,1.7040748724052783,1.4873732499040073
0.0,0.5,0.6,0.7,0.5,0.9,0.17721871755336827,1.124612304430448,0.7836374432570803,3.7313755916712954,3.467572166305308
0.0,0.4,0.0,0.6,0.9,0.4,0.7407063500544506,0.17156855937354515,0.09248515992658068,2.17362662149669,2.162404181733122
0.4,0.0,0.5,0.5,0.1,0.0,1.0297954675983911,0.07464859043285005,-0.038246271754206564,1.6677374941586427,1.4774017819830012
0.5,0.5,0.5,0.0,0.6,0.0,0.5369409299326144,0.40231049187190016,0.39799948179985273,1.3670455281334033,1.041721781783342
0.1,0.3,0.7,0.6,0.0,0.6,0.16045462360632393,1.0566613074743196,0.8224012210673967,2.914096373086386,2.829806450361576
0.9,0.5,1.0,0.1,0.7,0.4,-0.09247552836219404,1.1128889895412684,0.787120873141465,1.363025513637319,1.2978563967239285
0.7,0.6,0.2,0.0,1.0,0.5,0.6797414910902974,0.4914693395988051,0.3136082538512211,0.6868915515183392,0.4455548624129751
0.4,0.8,0.2,0.6,0.8,1.0,0.38050174451958163,0.5021610129684554,0.5679974495936682,2.582846026691922,2.3064959227137045
0.1,0.8,0.3,0.9,0.7,0.6,0.3563385930750184,0.8063097751462535,0.5954638633529974,1.5790627994296877,1.3809117903093477
0.5,0.6,0.9,0.0,0.2,0.1,-0.004788035679139584,1.0398569027594446,0.8733140834801174,0.17432941424716258,0.01848828839265554
0.6,0.4,0.6,0.3,0.6,0.0,0.31110570901024887,0.8001141036379299,0.544561879543082,1.5837156291157832,1.4551481253714966
0.2,0.9,0.2,0.7,1.0,0.4,0.8203453516751767,0.2633058170705299,-0.08911101782323647,1.0786697978695001,1.0833247960087702
0.1,1.0,0.2,0.6,0.2,0.9,0.5183764571906591,0.29298484623597715,0.25975132521681454,2.678120603931667,2.6392343780553116
0.0,0.7,0.5,0.8,0.4,0.9,0.02887554496171309,0.9854505841110253,0.8925924416830165,2.7766091802633337,2.692466816878625
0.1,0.2,0.8,0.7,0.8,0.2,-0.03858664157737349,0.9217929255456132,0.8715358399852489,1.653312139815863,1.5234582793050044
0.6,0.2,0.9,0.2,1.0,0.2,-0.03806585628739326,0.9680971412975915,0.8292217628130556,0.12556128260276622,-0.0478694021443504
0.0,0.7,0.1,0.1,0.1,0.4,0.9267761877641018,0.1637665655207528,0.026107300143092888,1.7226043220587133,1.7853984324004462
0.1,0.0,0.5,0.0,0.4,0.1,1.1854424081449875,0.07058677235807989,-0.10428973911463063,0.6514241075520978,0.5450858935563687
0.9,0.5,0.3,0.0,0.7,0.0,0.8525145651944563,0.17142283978553047,0.003185317779867461,0.4678518268531576,0.19115970264170717
0.8,0.0,0.5,0.0,0.4,0.4,0.93118981248434,-0.05196915374907815,-0.033600844906248054,0.843140662349514,0.8339616236331315
1.0,0.6,0.7,0.9,0.2,0.2,0.08236822337530324,1.0494774767171002,0.7868903795355907,2.0512896516310426,1.667474931220204
0.4,0.9,0.2,0.3,0.0,0.2,0.7456594267725295,-0.0049820580056558345,-0.08491494942303507,1.3283894142317392,1.0651176692959552
0.6,0.0,0.5,0.1,0.6,0.2,0.7707156935277516,0.11626127629375932,0.20693376744035374,1.1284946358221826,0.9912179342493171
0.5,0.0,0.9,0.1,0.1,0.3,0.10812559923529369,0.7740800351378325,0.8145698562111026,0.6305878853464952,0.5468262456908728
0.9,1.0,0.9,0.5,1.0,0.9,-0.05816803753987594,0.9991876672426121,0.8422294045235204,2.3603031968328723,2.0863432027126962
0.6,0.7,0.6,0.7,0.6,0.7,0.2730845310926887,0.8625353424715179,1.0767878137779534,2.9296028464792947,2.750870578874639
0.7,0.2,0.9,0.9,0.0,0.4,0.0011056783830086416,1.0071860459649258,0.8697498241370628,1.68979100442167,1.394012136810693
0.4,0.9,0.9,0.4,0.1,0.5,0.08030500596924892,1.0326911350726944,1.091095755948553,1.6708270434870671,1.555191036673512
0.9,0.9,1.0,0.6,0.2,0.0,0.05096419678332162,0.848361472214767,0.8489748489926777,1.034260217906829,0.8336536006292795
1.0,0.2,0.3,0.9,0.8,0.8,0.25232997868850415,0.6731599604069014,0.797583268874752,1.8736952818803516,1.7801779257604533
1.0,0.4,0.8,0.2,0.6,0.4,-0.08053359906850913,0.9553780800202557,0.822672140755727,1.2145894261225825,0.8476696835951067
0.6,0.4,0.5,0.7,0.0,0.5,0.10726365969582236,0.7045279292094715,0.8773493741539069,2.330402480924458,2.179005731309524
0.5,0.3,0.8,0.2,0.0,0.5,-0.028256014453962086,1.08663751712029,0.8009923355936646,1.4996145867787638,1.3155465344904154
0.3,0.8,1.0,0.8,0.5,0.8,0.12759311416677335,1.1708760253981605,0.6758456024543359,1.806440767568951,1.478136084528725
0.7,0.4,0.9,0.5,0.5,0.0,-0.07333734080134661,1.0667023863627971,1.0155079341442275,0.3237278685966161,-0.18809251243967673
0.7,0.1,0.4,0.4,0.8,0.2,0.525156005312682,0.21174247632845958,0.1621406209672536,1.1866666076249262,1.0366891263884397
0.2,0.6,0.7,0.1,0.5,0.3,-0.005462760852406734,0.9596614657460574,1.02453451186587,1.4972026372187466,1.3669613240949996
0.8,0.4,0.0,0.4,0.0,1.0,0.7766333271898043,0.04958313686273542,0.06656414348481202,3.4705659470771586,3.3882449755865327
0.5,0.9,0.7,1.0,1.0,0.9,-0.061466215492971855,0.9573191623529449,0.8991013486322309,3.167562333139954,2.9511525542663914
0.5,0.9,1.0,0.5,0.9,0.7,-0.009798288272212382,0.9832174134682747,0.7395657650589651,1.8715125889467914,1.7921764570511252
0.2,0.4,0.2,0.9,0.4,0.0,0.9699946041734849,0.08032937419260329,-0.07464519372562796,0.29377481325562754,-0.2625401236893971
0.5,0.3,0.9,0.7,0.4,0.6,0.07461648341620566,1.0674110015377707,1.0014267499724632,0.637057243865558,0.422963893686898
0.0,0.0,0.4,0.1,0.3,0.4,0.8353640889453695,0.23740846573463886,-0.09129105279063024,0.6189314003825582,0.4451969580010451
0.1,0.6,0.3,0.2,0.4,0.2,0.923154789319414,0.009303626095695475,0.2481945243126508,0.2226619460909832,-0.013791623632239123
1.0,0.6,0.7,0.1,0.0,0.0,0.035283332376095405,0.8301025434587479,0.9036244819270813,2.103048234134622,1.8869204031599909
0.8,1.0,0.5,0.2,0.9,0.7,-0.01666687579321641,0.8341417125655698,0.8445650842438691,2.623170405527778,2.387749639554523
0.5,0.5,0.7,0.2,0.0,0.8,-0.03723811374751684,0.8882953963381044,0.8572185270081912,3.3692018890134596,2.9832125169440467
0.3,0.2,0.7,1.0,0.8,0.3,-0.0442637342345428,1.068065369038778,0.796382619370692,2.231747954153067,2.260273582865802
0.5,0.0,0.6,0.0,0.8,0.1,0.4100392509008629,0.6812271259715661,0.415631945102351,1.6493819946807724,1.6195806928951408
0.9,0.6,0.3,0.4,0.8,0.7,-0.07597573840095614,0.9600545076121161,0.775860701901321,1.7003448585670504,1.358040486094821
0.5,0.9,0.5,0.2,0.0,0.6,0.19029185432866597,0.6962319545495692,0.5546470146958272,2.6536826147883854,2.281905296038172
0.0,0.6,0.4,0.5,0.9,0.5,0.04318844486536272,1.1267851686913475,0.8459613005592461,1.7594388226439215,1.4757418603972876
0.2,0.0,0.6,0.9,0.2,0.0,0.3450983719782886,0.6613104799786121,0.6314390155325473,1.9819066055747638,1.7423976739464961
0.2,0.9,0.0,0.7,0.9,0.5,0.6517597554383636,0.24942111546192663,0.39054518348294154,2.570773960062658,2.6074535617763597
0.4,0.2,0.9,0.9,0.3,1.0,-0.04039471505847074,0.9406305048152205,0.9326675851311524,2.2586900726448347,1.8479459371693359
0.7,0.4,0.3,0.4,0.4,0.9,0.7161950893134119,0.43981091334595424,0.13181286863504105,1.2039970179180863,1.0900205636543778
0.7,0.4,0.5,0.9,0.9,0.7,-0.19893348874675276,1.0091526879788189,0.6623600440632778,2.13299899035429,2.0916183130457804
0.3,0.0,0.2,0.1,0.4,0.4,1.0256811474026464,0.037768655503029686,0.14898874155284086,0.1924609652746585,0.028733062881474383
0.3,0.9,0.3,0.5,0.6,1.0,0.5713515679379569,0.5428084875336268,0.3195871684250743,2.6283405729330536,2.2149510821871092
0.8,0.9,0.2,0.8,0.3,0.3,0.8139669295355936,0.08261537760529254,-0.1140832077125066,0.7679896723698834,0.739135951986714
0.2,0.6,0.9,0.8,0.7,0.6,0.021154549451546288,0.8969814750649522,1.0185758467132067,1.9955040226009835,1.8770062454777605
0.6,0.5,0.7,0.4,0.2,0.4,-0.11787837003306322,0.9526500169029836,1.0064339982012667,2.2130367879727415,1.7784561722840826
0.4,0.9,0.1,0.1,0.8,0.9,0.741078506274933,0.1630011944156142,0.04885506484512954,3.0758876214535977,2.75572813235268
1.0,0.6,0.3,0.5,0.0,0.4,1.0316157041603915,-0.06340002978626551,0.047767742812052455,1.485597798200201,1.1062647038501499
0.7,0.9,0.4,0.5,0.2,0.1,0.8686555744048224,-0.014168096224440346,-0.07824529129912984,0.7661107441433056,0.7747659520136674
0.9,1.0,0.8,0.5,0.0,0.2,-0.08518659417366069,1.172858178657349,1.0171279216863962,2.0390375056882935,1.8822085143123228
0.9,0.4,0.0,0.9,0.3,0.4,0.7664944235771736,-0.07472100315950839,0.08160647726735094,1.6362566919447799,1.4121414835471036
0.0,0.2,0.4,0.1,0.6,0.0,1.042869275372357,0.10434120702379311,-0.012689445053493799,0.6988207088232715,0.6138428844886763
0.8,0.7,0.0,0.1,0.3,0.7,0.31801059404322163,0.5323567723488448,0.6479696068134637,1.71877671487235,1.4513636916091235
0.1,0.9,0.3,0.1,0.1,0.6,1.0784666003400567,0.1031907820506143,0.11212879431037143,1.3945155841771832,1.3090737979110398
0.7,0.8,0.1,0.1,0.8,0.2,0.8587345510888305,0.15211703790230588,0.09431566227275932,1.1303262347522305,0.9855858484993838
0.0,0.2,0.2,0.8,0.6,1.0,0.27249868198929716,0.8408731330442906,0.6385417741721413,3.0892996178796412,2.971023942395163
0.7,0.1,0.8,0.9,0.2,0.2,-0.03763598928082924,0.9080025348215133,0.9397111701786572,1.3798057306297524,1.2075415385142516
0.3,0.5,0.2,0.2,0.3,0.8,0.8834541078691407,0.1997442546736083,0.2243390707471591,1.5258550887699902,1.1712197419150938
0.7,0.4,0.1,0.5,0.9,0.1,0.7367156814464589,-0.07430758281556565,0.14079826656833933,1.469233508260736,1.0024118121896128
0.7,0.1,0.9,0.9,0.0,0.6,0.055449466089325876,1.0799216144137915,0.8746407416700699,2.1374308143393774,1.8625665847658996
0.7,0.0,0.8,1.0,0.8,0.5,0.05495704580547044,1.0771933334497998,0.9691921399760589,1.8331407305216725,1.8773467562089454
0.6,0.0,0.3,0.6,0.4,1.0,0.5955875170177628,0.46923100759809905,0.38217161644770314,1.4896648388287774,1.4000709065566344
0.9,0.3,0.5,0.5,0.4,0.2,0.895371422196595,0.22569170774250719,0.005606708867516047,0.7750833601561011,0.5925944971288469
0.7,1.0,0.1,0.8,0.5,0.5,0.48390825593490583,0.46088150133834566,0.46457101713156607,2.1132722357747635,1.9509747182469095
1.0,0.7,0.8,0.8,1.0,0.7,-0.1575346986052637,1.030461295797924,0.9077510357973425,1.5262379705656557,1.382436773658201
0.3,1.0,0.9,0.0,0.9,0.4,0.11611419970174071,0.973090977053214,0.7336948722594284,1.1866394094570547,0.9550321532303335
0.8,0.3,0.8,0.2,0.8,0.8,-0.008903522770524641,0.9499530976037129,0.8064375064175578,1.9422036871039643,1.7453698940822029
0.5,0.7,0.1,0.2,0.6,0.8,0.016143724584930103,0.8485779802600014,0.755637192736386,2.3302783946992944,2.042995239873807
0.4,0.0,0.2,0.8,0.5,0.4,0.690561933122944,0.06144785232786967,-0.1408972769662282,0.8440357332866126,0.5951419221458778
0.7,0.9,0.6,0.8,0.9,1.0,0.04827899829113283,1.0666029713552243,0.910490984933215,3.8772957413482714,3.9295105382610798
0.4,0.8,0.9,0.1,0.2,0.7,-0.1541972295987587,0.9681982721418341,0.7577230155540464,0.9854424869438513,0.948554326307173
0.3,0.8,0.6,0.1,0.6,0.1,0.34524369245312536,0.7635780719949977,0.5982378363814214,1.6186924051882923,1.197020476052996
0.9,0.9,0.7,0.5,0.8,0.7,-0.1278286640982591,1.0756302878796067,0.8570843975738545,3.2972568349847977,2.8362398006119873
1.0,0.1,1.0,0.7,0.5,1.0,0.13850317843820478,1.0295383342469553,0.9689091203633804,2.736560264821138,2.804758991615256
0.9,0.1,0.0,1.0,0.2,0.8,0.11921301914681863,0.6937124089632538,0.5995528035559897,3.2766845618608142,2.953743853252615
0.7,0.7,0.6,1.0,0.4,0.0,0.004077781496220033,0.8323735199299304,0.9888368500936839,1.5077968585084414,1.3969984684023093
0.7,0.5,0.3,0.9,0.4,0.8,0.0060442717764742915,0.8861146984966898,0.8766824776708069,1.3383858694829829,1.0497784396120555
0.7,0.0,0.6,0.1,0.7,0.2,0.3453502581861899,0.9644653930440121,0.7454420521888675,1.8924021063682506,1.643919686660445
0.4,0.0,0.4,0.3,0.5,0.3,0.9333010739824371,-0.01086522714816758,0.06665982716979335,0.42198927447521223,0.17597862014350446
0.1,0.1,0.7,0.4,0.9,0.7,0.03417715075506258,0.9966803472990964,0.860003999772655,2.9661127465690993,2.636219678402028
0.9,0.3,0.3,0.8,0.4,0.7,0.6850468842141695,0.049712632302388426,0.39902090232403875,0.5141770634368494,0.464085736456677
0.8,0.7,0.2,0.8,0.9,0.1,0.8370291752477603,0.09995423581605045,0.13436971223944028,0.7858816798462557,0.4419032442061233
0.8,0.5,0.5,0.6,0.9,0.7,0.11627504512775011,0.986480585222937,0.9293766470702578,2.7312781164776427,2.2623762467892843
0.1,0.3,0.0,0.8,0.5,0.4,0.7186982293745573,0.20370603582804442,0.2095925060558138,1.728807070697749,1.5629413706291109
0.9,0.0,0.3,0.6,0.4,0.9,0.7759698094877436,0.2439413566180331,0.13129751397296496,1.368537406413529,0.9890613057753098
0.8,0.9,0.2,0.3,1.0,0.9,0.6957781014879671,0.2845162239416322,0.29740607348006576,1.7922720258975662,1.4939202356353993
0.0,0.6,1.0,0.7,0.3,0.9,0.07160882919280172,1.0704143539352458,0.8731954074853908,2.447644346100511,2.0699965864537426
0.3,0.7,0.5,0.8,0.2,0.8,-0.005833926767370363,1.0316529960635423,0.8316286669946769,2.5364225718257187,2.2408591223765466
0.2,0.7,0.5,0.3,0.1,0.2,0.40375478144781984,0.5221582935337777,0.36253236691481155,1.6045010265853796,1.3669795799197182
0.6,0.9,0.1,0.2,0.3,1.0,0.9514018361282341,0.18614818296258268,-0.06475945619348865,2.5841047829835557,2.6071377828009132
0.0,0.6,0.2,0.7,0.1,0.9,0.2426615920035069,0.7937400021422097,0.6102965742469181,2.8883600408576053,2.766030724003148
0.1,0.9,0.1,0.9,0.5,0.0,0.8902538038416629,0.05462484880121211,0.06445447790861315,1.5382446003012686,1.3535284468947333
0.5,0.0,0.0,0.6,0.7,0.5,0.9784921854556248,0.18431648587486676,0.17024562231089294,2.378851742821811,2.362155246250069
0.5,0.7,0.0,0.7,0.1,0.2,0.7238932463628363,0.1853726373100156,0.08927351881877213,2.133048068986233,1.6885148011877402
0.4,0.0,0.8,0.8,0.3,0.8,-0.017250315776494867,0.8586368641210529,1.029097590074338,1.9643980613475256,1.7310546707651817
0.3,0.2,0.0,0.3,0.3,0.4,0.7845324581727846,0.22534041995092682,0.03628881727156634,1.642856604500923,1.3052313496799828
0.1,0.0,1.0,0.2,0.2,0.6,0.11002092389585955,0.9741826118412146,0.9368898373177533,1.360801813809096,1.1063398812674754
0.7,0.4,0.1,0.0,0.1,0.2,0.9717868665501764,0.18239818490326998,-0.2984836136270842,0.8708887160340216,1.0906672648280786
0.8,1.0,1.0,0.7,0.4,0.3,0.15089547725992328,1.0187667739249715,0.9003641128371587,1.323718773540057,0.9920489215010119
0.5,0.3,0.5,0.3,0.8,0.8,0.1644592419424318,1.1037086103951512,0.9771459762538133,2.382568973666734,2.3135622627343055
0.5,0.9,0.8,1.0,0.4,1.0,-0.1148976081364888,1.0714515644149942,0.895499024409976,2.657176502568628,2.4594696569477366
0.1,0.4,0.5,0.3,0.7,0.6,0.16820576523506825,0.8095047938504014,0.796340825787259,2.3671971405545356,2.044008518458825
0.0,0.7,0.9,0.6,0.7,0.8,-0.01538858184730633,1.0656278974764397,0.9240488460228042,2.3907753744335687,2.302446029573263
0.2,0.2,0.3,0.5,0.2,0.3,1.0179682048787182,0.18199734002956378,-0.11432943230250919,0.5401482665259841,0.4054017168540434
0.2,0.1,0.0,1.0,1.0,0.2,0.46165613150164353,0.41010285231180843,0.23226784619501895,2.000174337263162,1.6968014699202545
0.3,1.0,0.6,0.9,0.4,0.7,0.012147737922443296,1.0435964950977794,0.8367397893639209,3.08132148282638,2.9897572241379824
0.9,0.9,0.7,0.0,1.0,1.0,0.20021320167096485,1.0137058263654128,0.8553823656409234,3.0676062435058085,2.7267130674044027
0.3,0.2,0.9,0.6,0.3,0.5,0.010794481885474709,0.9261653404542427,1.023227666153275,0.6088815832762191,0.42415417937444233
0.2,0.5,0.6,0.7,0.9,0.7,-0.06511758183968361,0.9859300248952416,0.8066724466901829,3.0950647018709523,3.0202218136992496
0.1,0.1,0.6,0.7,0.3,0.1,0.170970085582803,0.844447421335198,0.9591373623978969,1.9974297263467706,1.8961080072434844
1.0,0.1,0.7,0.2,0.5,0.5,-0.09770638462404713,0.8930031009393988,0.8301476262850493,1.8448932570900833,1.6984748221831227
0.4,0.3,0.6,0.1,0.1,1.0,0.06823639788417724,0.9501458116208436,0.8539385403647034,3.4484377730284406,2.9994300864978745
0.5,0.8,0.6,0.1,0.8,0.7,-0.028018347612474893,0.9214534340981347,0.7259271466376576,2.615557333860084,2.3829697167171218
0.0,0.7,0.7,0.3,1.0,0.8,-0.023232977168411245,0.9997961215491624,0.7549483518009041,2.5466534244435994,2.3098624329342807
0.9,1.0,0.8,1.0,0.5,0.1,-0.07854308589528848,1.0250748237376612,0.7772728735110952,1.4006043286207168,1.1805525795522414
0.7,1.0,0.3,0.6,1.0,0.9,0.0037664679041380413,1.2038827884317145,0.8680581656795414,1.9903715577116217,1.744464147463627
0.4,0.8,0.7,0.1,0.0,0.7,-0.1241759275561077,0.8920061410843129,0.9927939800325413,2.602092070364982,2.343878441369989
0.1,0.1,0.0,0.6,1.0,0.0,0.9152905060674706,-0.0037312664477797824,0.03267165336777655,1.5775771803469572,1.4182636269824944
0.7,0.9,0.7,0.0,0.5,0.2,-0.044554395699478444,0.8947686263381867,0.9231692812758928,1.4689072175962448,1.1621673855043246
0.8,1.0,0.2,0.0,0.2,0.7,0.8473707849058708,0.0640247666856866,-0.10516628431452686,1.5596583912835476,1.220537698589366
0.6,0.0,0.1,0.5,0.7,0.0,0.7812462905393703,0.08560063821491465,0.05199273191810408,1.5663875682161672,1.295995944216835
1.0,0.8,0.5,0.7,0.8,0.8,0.050761084075172484,1.0969125033855993,0.8366291328690851,2.8339326675642087,2.5793249440001023
0.8,0.4,0.3,0.3,0.0,0.0,0.8537217001219428,0.20840267499738524,-0.12714784059581402,0.6189603412599778,0.07579556851631372
0.3,0.7,0.4,0.9,0.8,0.3,0.16895829127071185,0.9703732951155486,0.8854294431297755,1.2536670362047486,1.2274671302309117
0.5,0.3,0.1,0.8,0.7,0.0,0.8962322913376088,0.24970812643549228,0.06323076122572666,1.468731537314941,1.1715160049889972
0.6,0.0,0.0,0.7,1.0,0.1,0.9388814025647875,0.17072939079841115,0.0007700722220232883,1.1150018433687645,1.0610215547103619
1.0,0.8,0.7,0.5,0.8,0.3,-0.018408271104177233,0.9315858618014231,1.161400766097003,2.0625324109933554,1.7370014831692957
0.1,0.7,0.6,1.0,0.7,0.9,0.00714306259944629,0.8867232151536906,0.8968799976836782,3.970062192256025,3.5660754744813437
1.0,0.0,0.0,1.0,0.7,0.5,0.7366482852410497,0.13088292579189367,0.12277359755755093,2.6054734589239135,2.318823187781796
0.5,0.0,0.1,0.6,0.3,0.0,0.94223756539499,0.010069451809260568,-0.07210135867691327,0.9879136054872011,0.6236975002907619
0.6,1.0,0.2,0.3,0.6,0.3,0.9147425672680969,0.14463983178091616,0.03378778425431402,1.2515275470670923,1.1747567506257441
0.6,0.2,0.0,0.5,0.7,0.6,0.14471099176172592,0.8578126495294323,0.5777915934028054,2.694396335858219,2.3971197628004255
0.2,0.5,0.5,0.1,0.4,0.0,0.9567731624704787,0.021528422728321034,0.07902185182245902,0.8053968034254183,0.7235995938202932
0.3,0.3,0.5,0.3,0.4,0.3,0.8878277647788916,0.21908774636303113,-0.14344738540650034,0.8834807246311932,0.6911024669675857
0.0,0.3,0.8,0.9,0.0,0.7,0.1161817286021162,1.0557108241206838,0.8329200840995498,2.5739686461354028,2.329564722157794
0.6,0.5,0.0,0.1,0.4,0.6,0.6394358768927734,0.4850520872421168,0.3068239531207815,1.6995012654897799,1.581321294381783
0.7,0.5,0.5,0.6,0.5,0.4,0.19693331506180486,0.9429554914916575,0.9241659435234238,1.786032125382275,1.3539242435037067
0.4,0.0,0.8,0.1,0.3,1.0,0.15353890954514982,1.1291460200081067,0.9451323652071046,2.0213021538801677,1.8309791125824355
0.3,0.0,0.0,0.0,0.4,0.6,0.9048965548341262,0.09111279280715762,-0.10015978746251773,1.415583887534911,1.1429993585471723
0.6,1.0,0.3,0.4,0.9,0.6,0.30012123573730254,0.8493251516750415,0.5386059167398342,1.4135555422172643,1.065366647111345
0.7,0.8,0.7,0.3,0.3,0.1,0.04200052329133112,1.020421329829546,0.8635045011769448,0.9443335967791258,0.9530644108602481
0.2,0.2,0.3,0.5,0.7,0.0,0.9055338503382132,-0.035465038791434894,0.013653604591577759,0.6477632676132211,0.5241659693015152
0.1,0.5,0.5,0.7,0.9,0.2,0.08835060287636573,0.9415078639169357,0.743914288201731,2.0474144312878932,1.8687202328330235
0.7,0.8,0.6,1.0,0.3,0.2,0.22334863728651771,0.813291874465635,0.8410562426094788,1.6768165247806406,1.3732892152782468
0.5,0.9,1.0,0.2,0.6,0.5,0.033831014794593155,0.9965769474077528,0.7721860959738653,1.522104757340151,1.132931613236568
0.4,0.6,0.9,0.6,0.0,0.9,-0.018154515457623862,0.9105111095519085,0.9562870684858873,2.635405265144816,2.7780391225435404
0.3,0.1,0.8,0.0,0.4,0.7,0.04019513609830977,0.9803464327406424,0.9549532182221875,1.4110875238597593,1.0704669395042985
0.2,0.3,0.0,0.0,0.9,0.9,0.7940919175532037,0.20372687903366735,0.08246643031794845,2.3240786000739093,2.1809465567735113
0.0,0.9,1.0,0.4,0.6,0.6,0.015555080461031878,1.002350618966564,0.9008217843616236,2.1451724656206563,1.9418006371389076
0.1,1.0,0.5,0.3,0.4,0.9,0.09112930517316281,0.9491382512514553,0.6589797866840116,2.946111560027793,2.638336900394958
0.6,0.9,0.9,0.1,0.3,0.5,0.12325826288040052,1.01542711144667,0.9754700763470529,0.6389202587241597,0.27950673324588976
0.5,0.9,0.5,0.8,1.0,0.4,-0.1334018385818977,0.896670808418699,0.968651037809905,1.8677210842761796,1.5237411567682266
0.7,0.8,1.0,0.1,0.6,1.0,-0.196947271602691,1.0737137071871155,0.9460289194735766,2.198907525433745,2.151822663950122
0.6,0.5,0.0,1.0,0.8,0.5,0.23093852820066793,0.850699634384808,0.9263569760555586,2.8153958977682945,2.6528213069961
0.9,0.8,0.7,0.6,0.1,0.7,-0.21704008053559076,1.162799651266734,0.7557986550846083,2.8990791219077545,2.634542521632509
1.0,0.8,0.3,0.3,0.8,0.4,0.8989668660559965,0.28704965220081774,-0.16567544310572166,0.7296788171571794,0.48164704429575195
0.1,0.7,0.9,0.5,1.0,0.7,-0.1291547921200912,0.9078371686789521,0.7946368341441066,1.2185761592625293,0.9111503119933227
0.8,0.0,0.1,0.7,0.7,0.9,0.44234174224267875,0.36634754583484747,0.33824482282744595,3.194929075048697,2.9609871949361333
0.8,0.6,0.2,0.2,1.0,0.0,0.8330356677735683,0.08841173491004715,-0.10506702183344403,0.2850996836237465,0.011335953354735556
0.3,1.0,0.2,1.0,0.2,0.9,0.2561496086594648,0.8585040078501024,0.6503270893707361,2.7489441817464515,2.5893341836577166
0.4,0.6,0.6,0.2,1.0,0.4,-0.10371735044502235,1.0904648749791206,1.0299863799670252,1.8083806765032804,1.6495878477123824
0.0,0.2,0.8,0.7,1.0,0.3,-0.03678995268103223,0.9904638709125796,0.9633440871808485,1.2821394073883168,0.9895145244897665
0.5,0.5,1.0,0.6,0.9,0.8,-0.011618216398190356,0.8998759872277697,0.9849131244373533,2.2543217397190096,1.9734240489030528
0.3,0.2,0.5,0.4,0.6,0.3,0.34632698001047246,0.5237909496699291,0.5006772745774803,1.658222299627141,1.4488302126847492
1.0,0.5,0.3,0.3,0.4,0.9,0.888476974019581,0.1234481448359857,0.06288487586370975,1.4281881164720749,1.2215391360910466
0.5,0.3,0.0,0.9,0.4,0.1,0.7110620396114745,0.08802437760224166,0.10923358879246768,1.1070599274591608,0.7822069754693972
1.0,0.7,0.0,0.5,0.7,0.8,0.23664310557970195,0.9337982834667105,0.6552405647862612,3.037375236897534,2.694235624734654
0.3,0.3,0.3,0.6,0.2,0.5,0.949925793691416,0.23402882532402455,-0.003624427446771348,0.42248809883094496,0.31600557535081264
1.0,0.7,0.7,0.0,0.2,0.2,-0.011546815745121536,0.9041893403506297,0.7967227365042344,1.1327770760058675,1.1214222534094205
0.2,0.2,1.0,0.2,0.5,0.8,0.05892248550222678,0.8464629338098598,0.7103437439808721,1.7090174933454094,1.5161583838245702
0.1,0.9,0.8,0.9,0.4,0.2,-0.13335954533205993,0.9207055465397158,0.694400383023948,1.4492904608010235,0.9248456200853106
0.1,0.6,0.1,0.6,0.6,0.5,0.3064104753394913,0.6126928704261442,0.5668169338667775,2.404448740227067,2.0104256641235723
0.5,0.0,0.2,1.0,0.7,0.8,-0.03891903397840096,0.7716128279775026,0.4777468174256616,2.2273881522924337,2.1412138357291086
1.0,1.0,0.5,0.4,0.8,0.9,-0.32606150957765395,1.0590705913600984,0.893310314464184,3.7362599385479895,3.3875458646509853
0.0,0.2,1.0,0.0,0.9,0.5,-0.01882887856536229,1.0322958394524457,1.075598712625876,1.3438357426451009,1.1165365167947283
0.1,0.9,0.7,0.2,0.3,0.3,0.23073109466858377,0.6504781176632518,0.5838522380951127,1.8424687369202792,1.527231818938454
0.2,0.0,0.0,0.9,1.0,0.5,0.5408352387338657,0.30662682093465315,0.1430035565593467,1.9263959619593862,1.862800216318133
0.0,0.5,0.5,0.3,0.5,0.6,-0.07851024771705904,0.9537562118892513,0.900572090679115,2.262255016490988,1.977391724977199
0.6,0.7,0.0,0.8,1.0,0.9,0.013253089702986401,1.038120137971574,0.8684324305906893,2.97574604953299,2.368129823010358
0.0,0.3,1.0,0.2,0.6,0.5,-0.050209889687516655,0.9566930884576581,1.1118532434445367,1.2276009602163294,1.0738361717518625
0.6,0.5,0.9,0.4,0.8,0.5,0.17273997404317787,0.9392844898230187,0.8828455285438579,1.3159839725438254,1.5213520284118993
0.9,0.4,0.2,0.0,0.7,0.2,0.8285827818090545,0.0836368902493601,0.0438489281966878,0.3866606823577172,0.3329443472367152
0.0,1.0,0.9,0.7,1.0,0.4,0.07090150022175919,0.8165463018417166,0.9904067098261419,1.5243314800968715,1.2093946649469227
0.8,0.7,0.8,0.5,0.9,0.9,0.027319322795892543,1.0085469664157225,0.8318392435176861,2.4201951101553836,2.0919726288582368
0.7,1.0,0.1,0.5,0.1,1.0,0.49200821687873153,0.6537344290486683,0.5200777745302826,3.840253617407462,3.658153637961325
0.8,0.3,0.5,0.8,0.9,1.0,-0.052416469770941845,1.0204798302488804,0.8667936124920171,2.9906995891565598,2.8187986679236623
0.1,0.0,0.0,0.1,0.5,0.8,0.9072010166436129,0.17697022519077488,-0.08013397764884239,2.0507722821027627,2.149293036254877
0.5,0.2,0.8,0.2,0.5,0.4,-0.06803695257048373,0.931245076801335,0.8789366373825171,0.8657370695544356,0.7958081000291347
0.3,0.2,1.0,0.5,0.7,0.1,0.022460458901901376,0.9522855781389609,0.8308788182528238,1.1723092648132545,1.0776008512860327
0.1,0.9,0.2,0.0,0.6,0.4,0.6148930457398065,0.18231234224707865,-0.02747436233113523,1.062074151485595,1.0428923757054493
0.2,0.8,0.6,1.0,0.5,0.8,0.025209284124156822,1.0782472174305089,0.8396919021976413,3.092665820925237,2.7436496082664648
0.7,1.0,0.7,0.0,0.6,0.5,-0.011600037816558462,1.0791396523527366,0.8726725525264651,2.1547130887491734,2.1505372431822924
0.6,0.9,0.7,0.0,0.1,0.7,-0.06938346062823922,0.9944268454805467,1.130487644575353,2.5956812228922574,2.4950688985646376
0.6,0.0,0.9,0.3,0.9,0.7,-0.12210521609497181,0.9126114670092441,0.6591589913722815,1.4090540636212423,1.152279417729567
0.8,0.9,1.0,0.5,0.3,0.3,0.08479420013021151,1.2538232809783576,0.8895391284747627,0.839889774032881,0.7248378425340775
0.3,1.0,0.2,0.6,0.3,0.6,0.726110252484417,0.31795881998542347,0.27733559259122786,1.4013123191856856,1.4387795414526767
1.0,0.1,0.5,0.7,0.2,0.8,0.0895956437017521,0.9495225209393401,0.8708322700064955,2.7753238859737466,2.7927575347855393
0.5,0.0,0.6,1.0,0.2,0.4,-0.039314718180683834,1.0162668471848182,0.7700386906981297,2.380379228311929,2.1330594096358655
0.8,0.9,0.7,0.5,1.0,0.5,-0.005502546220512938,0.9812386800410176,0.8219904893596167,2.0714928955719794,1.8932717826763943
0.3,0.5,0.9,0.6,0.1,0.6,0.05186084569849016,1.1742294378415055,0.892688659425569,1.7970137466743488,1.6066856099148072
0.3,0.0,0.5,1.0,1.0,0.0,0.4457250974624109,0.755822773571649,0.697730861723167,1.3136495098274654,0.8954153548167405
0.7,0.7,0.4,0.9,0.7,0.8,0.01727543601778297,0.9538550177474707,0.8695993755433371,2.1836619755085858,2.041018499323579
0.0,0.5,0.1,0.1,0.1,0.8,0.9658981223591968,0.043282387997697624,0.017470339896585398,2.9642984873546063,2.6940123447242335
0.0,0.7,0.1,1.0,0.8,0.1,0.4810202219054489,0.3612692220713658,0.30002334233997413,2.1191242670045995,1.928167934661737
0.3,0.3,0.0,0.8,0.0,0.6,0.9115779705702423,0.2599320461165102,0.0763469716935629,2.542061233251753,2.460097696893874
0.5,0.2,1.0,0.9,0.3,1.0,0.01480362130218135,1.0043980519871418,1.0122887194038164,2.3357796259967665,2.21461300388476
0.3,1.0,0.4,0.5,0.7,1.0,0.20166750704187134,1.01843006068221,0.8806598413660705,3.431906563600509,3.053190483731822
0.2,0.4,0.1,0.4,0.5,0.2,0.7507498756062587,0.15482224706671827,0.05440536289358214,0.9735833956159667,0.8242765496551973
0.0,0.2,0.9,0.8,0.1,0.9,-0.03285110069643592,0.9262285833598128,0.8611086563328326,2.8187454178970937,2.4472187382723583
0.5,0.9,0.6,0.6,0.2,0.2,0.21757399208052786,0.8221633093002279,0.8994644367286683,2.163977873699897,2.007862253943285
0.6,0.0,0.2,0.7,0.7,0.4,0.8449129051336394,-0.030011004667484478,-0.10779128031513024,1.4008199269145551,1.1776556725924379
1.0,1.0,0.7,1.0,1.0,0.5,0.0837728435488412,0.9513264920847004,0.77793311950762,2.5564291583017753,2.33104057220681
0.2,0.4,0.4,1.0,0.3,0.9,0.18779232123814663,0.7894365366408543,0.5937982641679848,1.6922046510317803,1.7000741833322381
0.2,0.9,0.9,0.0,0.8,0.7,-0.12204353384448295,1.045266037720447,0.8302615356773656,1.8000171980340054,1.620383687100714
0.5,0.5,0.8,0.3,0.4,0.3,-0.1130405475828224,0.9927910441566186,0.9257967657140004,1.0642752923052352,0.5163193481997255
0.6,0.3,0.7,0.2,0.8,0.2,0.2095819408125014,1.082318489039006,0.8183707347027414,1.6714196554587915,1.184398028924461
0.7,0.9,0.4,0.8,1.0,0.7,0.12566098681192361,0.8228617806726974,0.9113272157932,1.7283163044233048,1.3079730707553485
0.2,0.9,0.0,0.2,0.9,0.7,0.718032908178843,0.07207333709460392,0.18852230734912964,2.6637703249575333,2.4660785764628907
0.9,0.0,0.1,0.9,0.8,0.6,0.5545763330758341,0.3329637616041154,0.37670970463691833,2.4795913513618726,2.290962691398755
0.6,0.2,0.7,0.9,0.7,0.5,0.07378476260072497,1.072987685028395,0.8880482497365669,2.7735546435813694,2.3569107937775993
0.2,0.7,0.0,0.9,0.9,0.0,0.539584881643037,0.3689187492073248,0.2573471570951285,1.5843547248216474,1.5027892241340797
0.7,0.3,0.6,1.0,0.1,0.7,0.06712057136020506,1.1561184766786312,0.9158017611859969,3.023700764126855,2.747220434890957
1.0,0.1,0.8,0.0,0.9,0.2,0.021713940483689215,1.1602368264870608,0.9039686182259945,0.8890601792154726,0.5031420730635938
0.4,0.5,0.5,0.5,0.0,0.3,0.4058813938583792,0.3645668270072655,0.48766296965591216,2.174905766900112,2.279835121861856
1.0,0.1,0.1,0.8,1.0,0.8,0.3308544121144307,0.47292688853502246,0.43674713971838774,2.3193247837917883,2.319171889204456
0.8,0.5,0.6,0.5,0.8,1.0,0.017215372052996027,1.0140239976661902,0.8545976291294671,4.25432636747237,3.9835418848762543
0.1,0.8,1.0,0.6,0.3,0.7,-0.10563240801087058,0.9326712649282409,1.0434897048392429,1.3534431484693488,1.2415345807632236
0.9,1.0,1.0,0.2,1.0,1.0,0.10024143745085151,0.8685233334413268,0.9110208558126137,2.4872775932435736,2.1172465114276084
0.5,0.1,0.8,0.6,0.8,0.9,-0.08531602774587221,0.9526301603864318,0.9255908127107909,2.9349429739890107,2.7521588691005423
0.6,0.6,0.3,0.8,0.2,1.0,-0.10459634773953637,1.0597311539693162,0.9625855240251164,2.3205305542144203,2.187275076009985
1.0,0.2,0.8,0.6,0.2,0.8,0.10934040917516577,0.9558306652471055,0.9746259103966068,2.1646830145222893,2.0541038252821138
0.7,0.4,1.0,0.8,0.3,0.5,0.09135819060494688,1.020469389166795,0.8963453646725508,0.8606659886873154,0.5712314763387747
0.0,0.4,0.2,0.3,0.6,0.6,1.0331768777389712,0.138537978227815,-0.05365816432590403,1.5822089621896887,1.2101462815348802
0.2,0.7,0.5,0.4,0.1,0.2,0.31859513630216185,0.703344909251602,0.24973314184105821,1.764350575231573,1.551615914732316
1.0,0.5,0.3,0.8,0.9,1.0,0.3911541878412508,0.7727376506431182,0.5170392556335663,2.5525017793684066,2.279315694261431
0.8,0.1,0.5,0.6,0.2,0.2,0.5449444839940017,0.7843682610505014,0.37575339801153657,1.7530292878838405,1.4554164439355213
0.0,0.8,0.0,0.2,0.3,0.4,0.8437485791711499,0.12830364492244276,0.08626854437190064,1.4452407398261724,1.4798897950208074
0.2,0.8,0.2,0.3,0.9,0.3,0.9604838949316915,-0.05011144317643498,-0.005169764776365417,0.5718782768245892,0.41038788441854873
0.4,0.9,0.8,1.0,0.6,0.1,-0.10167309161914423,0.9897578362951761,0.9299185628167184,1.5414015404847417,1.4870177359861991
0.9,0.8,0.6,0.6,0.8,1.0,-0.08336991900894389,1.058422792792504,0.9709516645627746,4.075593827939488,3.6517196225583852
0.5,0.4,1.0,0.7,0.2,0.3,0.1667951431696231,1.1361576467813292,0.8352935742447164,0.927266477821411,0.788689701647771
0.2,0.3,0.7,0.2,0.7,0.1,0.08646191589772319,0.9635180576757503,0.8452462142229605,1.489428539333578,1.4880225040768775
0.6,0.3,0.6,0.3,0.8,0.4,0.011763106751418145,0.9778230286533901,0.8853476142766347,2.1892696352947496,1.9528450869672127
0.4,0.0,1.0,0.1,0.3,0.0,0.3701634756602453,0.8188824948350815,0.740770501263547,0.2279845396449396,-0.10229893190844466
0.9,0.5,1.0,0.3,0.2,0.2,0.013295720043952334,0.9256853014387784,0.973017527486987,1.0925085607226517,0.7471427774106751
0.2,0.0,0.1,1.0,0.2,0.1,0.9196750979047352,0.04347085640209089,-0.14143801981352896,1.4798561202262468,1.1614975847493179
0.0,0.0,0.3,1.0,0.8,0.4,0.6456422197234128,0.10252711208545227,-0.027467775409728574,1.6054951031699958,1.176138705634032
0.0,0.4,0.2,1.0,0.4,0.5,0.976041746294083,0.12008328146446146,-0.10382646727652992,1.1489608306441572,0.8697731699563285
0.8,0.8,0.9,0.6,1.0,0.1,-0.07957942544173247,1.0286600427455697,0.9424302074993804,0.23902340265192756,0.20043663228251823
0.1,0.5,0.9,1.0,0.9,0.0,0.07353454456382362,0.9718647497151991,0.7595560958018746,1.0229341540618728,0.9705341618791765
0.8,0.3,0.6,0.3,1.0,1.0,0.11172087379781206,1.1915572124791498,1.1238663803496054,2.928804651390073,2.7306139343506666
0.1,0.1,0.0,0.4,0.6,0.5,0.6421704753956843,0.36220005775551434,0.2839340147522495,2.490834719954744,2.1935433963894995
0.0,0.2,0.2,0.8,0.9,0.6,0.43219114613917603,0.8175483914331154,0.4905299822621534,1.9210126665728051,1.6804608906468104
0.1,0.6,1.0,1.0,0.5,0.0,0.1428692185199096,0.8880726701228712,0.6843704995917422,1.2247532357823971,1.064281921844635
0.7,0.5,0.5,0.3,0.6,0.5,-0.14628435169592258,0.937989827063137,0.8505582870997123,1.9904987205816258,1.6447830219685162
0.6,0.0,0.9,0.2,1.0,0.3,-0.09360396375635345,0.8887990631263771,0.9295053335191336,0.4134258668534068,0.17962133133993405
0.6,0.9,0.8,0.7,0.2,0.2,-0.01734535691588513,0.957716259385179,0.9182908832206516,1.4059262690118564,1.1569609294808343
0.4,0.4,0.3,0.7,0.2,0.3,0.904126522009582,0.27380112612126173,-0.08939540964482791,0.34748224601983146,0.2520328275757288
0.8,0.2,0.2,0.9,0.2,0.6,0.5867835952900103,0.3806266877020147,0.2548003238924907,1.4481480536712004,1.2024529096850964
0.3,0.4,0.5,0.5,0.8,0.5,-0.016786128523042176,0.9929644067796792,0.6557670513086262,2.193491349170917,1.8418281667311769
0.8,1.0,1.0,0.1,0.5,0.9,-0.1555136974655693,1.146886039135244,0.8384305557294062,2.2562496629313156,2.1000980879974644
0.5,0.5,0.4,1.0,0.6,0.6,0.06269740613725254,1.0561775334955497,0.7706658929639985,2.062215132368029,1.7051935838553347
0.3,0.1,0.1,0.3,0.6,0.0,0.8429469050100685,0.07547140281036577,0.0021299190332566107,1.2729964432962295,1.1753971458848742
0.2,0.1,0.5,0.6,0.4,0.6,0.007416543134237461,0.9846660771666783,0.9953616071683398,1.9415770920054365,1.7068243358136161
0.6,1.0,0.1,1.0,0.8,0.4,0.444266146955431,0.5452876836316568,0.598533137404795,2.7152444766488544,2.397540096831078
0.9,0.9,1.0,0.8,1.0,0.5,-0.06270083923743433,1.0235189178605735,0.8897009038388163,1.3423230471086556,1.2277108824716412
0.0,0.5,0.4,0.7,0.4,0.3,0.7794570518795823,0.16680848145044494,0.11179032138235527,1.292104815695779,0.7272242028014727
0.1,0.2,0.7,0.0,0.3,0.5,-0.05403830180686159,0.9482170534157681,1.0353547437223078,1.5636228836774235,1.391673299225509
0.9,0.5,0.3,0.3,0.2,0.9,0.8661325026541669,0.06641453406563502,0.38694197105217765,1.8711528341789598,1.3749507901211413
0.2,0.5,0.9,0.9,0.4,0.8,0.20456160241653487,1.01476999578569,0.8367808151084362,1.7990601912127502,1.689974104584626
0.7,0.5,0.4,0.9,0.6,0.5,0.0967238149112918,1.0309571956791637,0.883534063409445,1.7602764615481024,1.2953796411502303
0.6,0.4,0.2,0.3,1.0,0.8,0.6798839608026884,0.3339907042766274,0.171670068898288,1.0877243267047427,0.87787211036805
0.8,0.3,0.5,0.6,0.9,0.0,0.49019921900079394,0.3664763726989052,0.29175057308050273,1.1305424153136847,0.7791904063413678
1.0,0.5,1.0,0.0,0.6,0.9,-0.2622733303030059,0.9773633243617328,1.0007977541317914,2.2050715922996615,1.927024004067477
0.5,0.2,0.9,0.1,0.3,0.4,-0.054553666243885,0.9036712004601469,1.0058892543122675,0.35934681724023265,0.09344892197065177
0.1,0.5,0.8,1.0,0.4,0.9,0.20763436476769737,0.90005160375234,0.9879404862686599,2.5892148989938892,2.2900464528487476
0.1,0.8,0.6,0.0,1.0,0.1,0.3990909858692259,0.7643588677004396,0.4863039791150779,1.2186080006133782,0.8251890566575483
0.9,0.5,0.9,0.7,1.0,0.5,0.028447043794586454,0.9834181571415952,0.9819344186986549,1.0292772565816766,0.9149728577488855
0.6,0.8,0.9,0.1,0.3,1.0,-0.14726388470596405,0.9668693882060433,0.7711513430754919,1.4749426337735623,1.3054085813571927
0.7,0.3,1.0,0.8,0.4,0.5,0.03644444720464834,0.9465672002626366,1.0300321105781445,0.7144736148375279,0.4450288335829593
0.8,0.9,0.4,0.4,0.2,0.0,1.0548697450973237,0.16451277958371469,-0.0007400048357347512,0.7189095962694918,0.5872317538927497
1.0,0.6,0.9,0.4,0.8,0.2,0.09895279920404793,1.0841409399247088,0.6074694963950197,1.2180347967250411,0.9142226033901746
0.0,1.0,0.7,0.6,0.4,0.2,0.14444383274908554,0.9122908756856027,0.9000188415525754,2.1760107812308362,2.0763545261802165
0.6,0.2,0.9,0.1,0.1,0.0,-0.06923095062930483,1.0159687462234657,0.7486623978958425,0.48735713615603726,0.3790209281489691
0.7,0.5,0.5,0.5,1.0,0.3,-0.1967990314859235,0.9321875141122506,0.9686602396300324,1.479018150251523,1.462349936929027
0.1,0.7,0.4,0.4,0.7,0.9,-0.10897344385066793,0.8982208329547094,0.8932300921012953,2.464628925512064,2.4533236769368503
0.9,0.4,0.2,0.7,0.5,0.6,1.019847284945262,0.13677542903215897,-0.15143726523600734,1.0926498967895841,0.897618931495777
0.4,0.5,0.3,0.7,0.6,1.0,0.047625057927520725,0.6824097260016546,0.9057044468384196,2.658285156451966,2.339413159028678
0.3,0.5,0.8,0.0,0.5,0.3,-0.0562503738433817,1.0734872688698431,0.7098589527239907,0.8543994421504673,0.506538447981999
0.4,0.5,0.0,0.3,0.8,0.3,0.8844202353187527,0.33787889231616974,0.07624652365050048,2.1972107473570364,2.023210602623269
0.6,0.8,1.0,0.7,0.4,0.2,-0.11386843229878807,1.0732136904745826,0.9247691269235636,0.5693812358721445,0.17560239220618212
0.7,0.0,0.7,0.0,0.2,1.0,-0.12785411122264356,0.8588901536257468,0.8760043524155157,2.7938721789211916,2.8322288618455724
1.0,0.5,0.5,1.0,0.8,0.1,0.2712419020480452,1.1123090004705007,0.6531870829742887,2.147669342876588,1.848685155450784
0.2,0.9,0.3,0.3,0.8,0.4,0.744950631341011,0.08347319924196597,0.020520061056211934,1.2940833619091212,0.7894597701261408
0.4,0.5,0.3,0.0,0.2,0.9,0.7987578846792365,0.202474190205353,0.13042904491532778,1.3360359402653477,1.3015609288648033
0.6,0.7,0.6,0.4,0.8,0.0,0.12317521673146281,0.9393802516832503,0.8049729535923642,1.8654873575649213,1.6317038400672241
0.7,1.0,0.2,0.5,0.5,0.2,0.9973953222689949,0.16014375623571706,0.04643660560642245,1.1107609800093614,0.7833978007788165
0.8,0.4,0.3,0.3,0.7,0.1,0.9423416289979857,0.0008051294716888147,-0.07856585409901796,0.39822246830470664,0.044478773766267105
0.2,0.7,0.7,0.7,0.0,0.9,-0.05863942637062999,1.0338807099475908,1.0055440791227115,3.520153405147553,3.5196801691449124
0.0,0.1,0.5,0.3,0.5,0.0,0.7716166256986225,0.44754573414756205,0.1891035827807274,1.4631456611984939,1.2860669285706736
0.2,0.7,0.1,0.7,0.4,0.1,0.81211100441744,0.22356859854010297,-0.12558414382277525,0.9584257326672033,0.6376794778595513
0.9,0.5,1.0,0.5,0.4,0.4,0.10493495452394615,0.9022306866801781,0.9618026392509293,0.9802327907503527,0.9169928308165143
0.5,1.0,0.3,0.1,0.4,0.7,0.5463181764239913,0.5328032585049727,0.34458927856301425,0.9501241390279667,0.5320575317742549
1.0,0.1,0.0,0.5,1.0,0.9,0.19442978630836366,0.5225055783621001,0.4835726268015446,2.903706283034406,2.720131680395419
0.9,0.8,0.0,0.9,0.4,0.8,0.20957247314726613,0.5396447702054227,0.4901662401440082,2.3025027376019316,2.1853976797204284
0.3,0.6,0.1,0.1,0.8,0.6,0.3419697866632803,0.6732945014118723,0.6941988535714578,2.321390031634704,2.12071155637011
0.3,0.5,0.5,0.0,0.3,0.6,-0.019214467569069582,0.9006388179209509,0.8085423961706355,1.5378865238786223,1.4811284043888988
0.8,0.5,0.6,0.4,0.3,0.6,-0.08139907891853512,1.0707037705149567,1.036548247760926,2.3482574627294297,2.1431149628346957
0.7,0.1,0.1,0.9,0.9,0.2,0.502134567142191,0.2544496967786547,0.24142578537801537,1.780380276406339,1.444233136235814
0.4,0.9,0.0,0.5,0.9,0.1,0.797364192362745,0.07604947289368677,0.060959538744065817,1.982347921347733,1.691119750904916
0.7,0.7,0.3,0.7,0.2,0.5,0.5693615597609973,0.5344076803148532,0.43994220130486295,0.7819762654257676,0.4730829503716487
0.3,0.9,0.2,0.8,0.9,0.5,0.8420871575397618,-0.03599950456214676,0.057697109486092565,1.6990798984499773,1.3164028581241376
0.5,0.7,0.2,0.1,0.5,0.5,0.7925841608248315,0.3493596492359649,0.1385282363252436,0.5340241243248597,0.14203750616126204
0.9,0.5,1.0,0.8,0.6,0.2,-0.05449149358518083,1.1718664029656654,0.8129686612176031,1.4034514334692687,1.0569510781274916
0.0,0.8,0.3,0.0,1.0,0.4,0.9755010216358949,0.08833923895787099,0.018660119507357676,0.2834657148340265,0.10198166673701972
0.1,1.0,0.0,0.8,0.5,0.6,0.2580275267826599,0.6805348141943637,0.6741469074170201,2.798287406388741,2.707521292840312
0.5,0.4,0.1,0.9,0.6,0.2,1.1975789288732017,0.15535358080620565,0.0355705605500899,1.4925622150917708,1.2469090146582251
1.0,0.1,0.7,1.0,0.3,0.7,0.09570292149631125,0.9560164790450475,0.918793813218835,2.756383937604928,2.360385425672255
1.0,0.8,0.9,0.3,0.3,0.2,0.2386979977455524,0.6340658191317908,0.7515427109097541,0.2947159535982438,-0.011090466271459558
0.4,0.6,0.8,0.2,1.0,0.5,-0.026080866340593062,0.9800217920388361,1.0538511220455822,1.257985117764482,0.9728469709863999
0.2,0.5,0.7,0.6,0.2,0.3,0.08309798777585663,0.8408174365303844,1.1585989299798407,2.3174121858304106,2.2160944757706424
0.6,1.0,0.1,0.6,0.3,0.8,0.42770418225262913,0.8305522240077207,0.597236889699188,2.486502340979608,2.402731393808613
0.9,0.7,1.0,0.3,0.5,0.9,-0.13116128223278203,0.9588355361892,0.9478095212513421,1.8721460702181707,1.4923187878019621
0.3,0.2,1.0,0.6,0.5,0.7,-0.12991714785829409,0.9007959118938694,0.8942598970127202,1.6502643564827661,1.3172116860610537
0.2,0.5,0.2,0.1,0.5,0.5,0.8629856604150409,0.1908510220350812,-0.07269614179142643,0.9295001179758371,0.5868235392970249
0.3,0.4,0.6,0.6,0.1,0.1,0.5356076382876176,0.4642305181053328,0.4758297458537315,2.068496706282501,1.9303264790802466
0.0,0.2,0.5,0.7,0.0,0.6,-0.04605367277880867,1.1285716563641603,0.8180588857233646,3.1860026277340987,2.632697709361525
0.4,0.9,0.0,0.0,0.2,0.7,0.8394989058483642,0.015547183234174727,-0.06232766126375473,2.2968158380693735,2.0783889155880404
0.7,0.9,0.0,0.1,0.3,0.6,1.015610731770965,0.0612435612466255,-0.03425446545603277,1.852511265528272,1.55007546121236
0.5,0.1,0.9,0.2,0.1,0.9,0.0036522808234835977,1.1046271820693097,0.9038556252160422,2.167740332831378,2.15290172383278
0.9,0.8,0.8,1.0,0.7,0.1,-0.008137322682898365,1.0974155817402265,0.7138105674076932,1.4687617780115652,0.9701798887030526
0.3,0.8,0.9,0.7,1.0,0.3,-0.025060319584919763,1.0555315724734227,0.806759043525159,0.5788162552802214,0.37082485283604666
1.0,0.6,0.1,0.1,0.7,0.1,0.970336285298621,0.004208928939447312,0.016547972686452105,1.5596079928976336,1.3961545111424722
0.9,0.3,0.0,0.3,0.8,0.7,0.8633278739114038,0.11216026738808428,0.1681787747913448,2.3322223870588785,2.4410654000511034
0.5,0.0,0.7,0.8,0.7,0.4,0.05101140675278953,1.0736200385505306,0.8642898949377482,2.2001265904867786,2.304139970027048
0.6,0.1,0.2,0.3,0.8,1.0,0.06977366845728716,0.8233125678426959,0.6687722727762385,2.7843424925277804,2.654913912449604
0.7,0.0,0.8,0.1,0.3,0.6,-0.011611826280235868,1.1998350140039882,1.0563916001842784,0.8990260069450374,0.7393710183528959
0.2,0.0,0.5,0.5,0.0,0.9,0.2324621625996533,0.8645603069069852,0.8485695849458883,3.4197160925238177,3.3085303549230147
0.2,1.0,0.7,0.0,0.5,1.0,-0.02493274761637662,0.9742466872036827,0.8710757290451431,3.269973145743356,3.0577449057337787
0.8,0.6,0.2,0.6,0.1,0.3,0.8500645196708494,0.0801336012216387,-0.14915117016010335,1.3552016103449642,1.1859965205066012
0.2,0.5,0.8,0.9,0.8,0.6,-0.0860078830803245,1.207213547893767,0.8991012555629168,2.4375090328206985,2.0627918689688665
1.0,0.3,0.2,0.6,0.2,1.0,0.9340472674867386,0.11493773268641126,-0.027694041590778276,2.058979115288693,1.9826827660922686
0.7,0.1,0.2,0.9,0.8,0.3,0.7033690736166011,0.22356813007379148,0.1787776480519202,1.5058397541651471,1.3423569483658737
0.9,0.6,0.2,0.5,0.3,0.3,0.8407947215111424,-0.06415850325184216,0.0365872113229928,0.6570777082789101,0.5652392659731325
0.3,0.3,0.8,0.5,0.6,0.0,-0.020218878184735584,0.8753254945367444,0.9221542959869026,0.9538330699230946,0.45900717275276487
0.5,0.8,0.7,0.1,1.0,0.6,-0.004579605758145903,1.0391604708205453,0.9217673444889228,1.603265597600561,1.3859451930297768
0.4,0.6,0.9,0.1,0.9,0.9,-0.11618711030664922,1.071006849494054,0.9047745104518895,1.949234270286959,1.8997892980200297
0.6,0.5,0.8,0.9,0.6,0.9,-0.1004068895596849,0.8568165541878958,0.902573118016491,2.8848149369546343,2.642935697563807
0.2,0.0,0.6,0.9,0.2,0.4,-0.22881153443414273,0.9625847772292786,0.9749514269310425,2.3087648242064436,2.072433148270394
0.1,0.3,0.8,0.6,0.7,0.5,0.0578368702605075,1.0387946842133937,1.0673869887605947,1.7887794630183877,1.5697811659255971
1.0,0.1,0.6,0.4,0.6,0.8,-0.05401418705461464,0.8565191597177128,0.7738424826293224,3.3623298805626076,2.932556915992015
0.4,0.8,0.5,1.0,0.2,0.7,-0.1025365280932836,1.0648587595324213,0.8431520269393674,2.2507631363439655,2.130241045522832
0.3,0.3,0.6,0.0,0.7,0.8,-0.03232743405548854,1.1396318732646975,0.8087027586175187,2.563268256378246,2.3973303023888732
1.0,0.9,0.7,0.4,0.8,0.3,-0.13945153421529324,1.046569437448682,0.7833515846819022,2.4816972508470663,2.0721930869916574
0.8,0.0,0.3,1.0,0.8,0.7,0.2990885779536522,0.680450188840211,0.5027892382093448,1.4629249506932844,1.445803568301077
0.8,0.5,0.5,0.1,0.5,0.9,0.08619451463981019,0.952120939162594,0.8336661277733649,2.492202654871551,2.0970203289437066
0.9,0.3,0.9,0.0,0.6,0.2,0.22558491018427515,0.8335873916122974,0.5908789639569936,0.15669294425360414,-0.12611946408015065
0.2,0.6,0.3,0.2,0.2,0.4,0.9825455825209479,0.1606610437619287,-0.09962398000897431,0.6801274946048361,0.3719606013414432
0.0,0.8,0.0,0.6,0.2,0.4,0.8969320190223766,0.21325816689852756,0.043587297205143885,2.192482871885074,2.138588513791674
1.0,0.4,0.7,0.3,0.7,0.8,-0.1527083193293279,1.0750820617579033,0.9165606706568131,2.960701116737221,2.641901142586319
0.5,0.2,0.1,0.2,0.5,0.9,0.47387837714935804,0.5009777190795833,0.320309887024974,2.222438693893492,2.0208578353204127
1.0,0.8,0.3,0.4,0.2,0.4,0.9440761589626822,0.06006132787262356,0.2335812487606241,0.26940164762389995,0.16784162199946023
1.0,1.0,0.5,0.7,0.1,0.8,0.017017593933976106,0.9276718626430498,0.8563386433674612,3.432698623925231,3.2329635054197956
0.4,0.3,0.9,0.0,0.1,0.7,-0.11437372399129514,0.9541397271306744,1.1040582897958697,0.9400615151812012,0.9237024738301095
0.1,0.1,0.2,0.8,0.3,0.3,1.01665262008495,0.09643045134067499,0.080872090868667,0.8836830401233714,0.988832342459457
0.4,0.8,0.2,0.8,0.6,0.4,0.9251714429771799,0.14934932213233287,0.11053653043216749,1.1669876135473667,0.95027791850895
1.0,0.4,0.1,0.3,0.6,0.4,0.9853823331448928,0.037651077067104265,-0.10922713377592518,1.5057683626443772,1.3909581718964
0.2,0.9,0.2,0.3,1.0,0.0,0.8970304038954772,0.22167290289508573,0.011046539815606979,0.3788517764124597,0.3821533173111077
0.9,0.8,0.8,0.6,1.0,0.9,0.12907572674975776,0.968103211922997,0.8375193025479784,2.1203675291682442,1.8578343422869654
0.3,0.0,1.0,0.5,0.7,0.5,-0.08226029406461408,1.015301001663509,0.8687792522729906,1.8300006596767917,1.3887612317116624
0.9,0.8,0.4,0.1,0.6,0.1,0.9648351268925752,0.14434787348565997,0.0018805014054464884,0.2848087090785449,0.18943670710866567
0.4,0.0,0.5,0.6,0.7,0.7,0.2141969389355065,0.8480008458051027,0.9728478961943084,2.6810719876159577,2.5483798897113275
0.9,1.0,0.4,0.3,0.6,0.3,0.7757963173867408,0.0642144274577554,0.026207942642004517,1.0931840522890766,1.2178445653271361
0.6,0.7,0.5,0.0,0.6,1.0,-0.07482480825722738,1.0003946079425983,0.8086860849674589,2.6471176681371666,2.4939501213649033
0.3,1.0,1.0,0.7,0.9,0.3,0.014001233141265416,0.9924872923683493,0.9285934272447164,1.7224933991830587,1.5579430209155392
0.1,0.2,0.4,1.0,0.1,0.0,0.9139451553099535,0.012056398580827576,-0.1804866699889618,1.3130103814798493,1.0779962433601185
0.6,0.5,0.6,0.9,0.3,0.4,-0.040210422770060525,1.0249215706080668,0.7939615171912568,2.4798450909836567,2.2385674136149873
0.4,0.6,0.4,0.6,0.9,0.8,-0.05041175576550788,0.984047890183525,0.9391663956736803,2.073407792539052,1.8779793615066196
0.5,0.4,0.1,0.6,0.7,0.4,0.9614653216471237,0.13869001960701405,0.1625410979694013,1.9274479523686505,1.7437056772289534
0.3,0.3,0.4,1.0,0.8,0.2,0.7150785887066297,0.2083203920800695,0.06508896365258279,1.0895136970554904,1.1030149827217526
0.8,0.4,0.8,0.8,0.4,0.3,-0.0435145180013446,0.8827336959373046,0.9058097565260727,0.6098895243742816,0.40797295843850856
0.8,0.1,0.0,0.8,0.6,0.5,0.34359473050465084,0.6973513320478646,0.5701379503612304,2.5313250123241766,2.49433379472119
0.7,1.0,0.5,0.2,0.6,0.7,-0.0008131113452977993,0.9556011535512786,0.9305031251305977,2.468279664763011,2.497249735900958
1.0,0.4,0.6,0.8,1.0,0.3,0.24870247135028178,0.9216457519616725,0.6932611593963538,1.5771054862182483,1.5732384027156268
0.1,0.8,0.2,0.5,0.0,1.0,0.8947759468707291,0.24935275170464866,-0.045857240166240765,2.9871105581694435,2.7384187032656317
0.6,1.0,0.2,0.9,1.0,1.0,0.05446424635047534,1.0961477641111805,0.6944523835108544,2.572046576852617,2.4586532983031977
0.7,1.0,0.9,0.9,0.9,0.5,0.04884059806270576,0.8957287591830222,0.8689936294923877,1.6389958402842149,1.5891608429603679
1.0,1.0,0.3,0.6,0.4,0.3,0.8188510575476107,-0.00873347249972109,0.06424951392239436,0.7111533652552857,0.49171376661236754
0.1,0.3,0.4,0.1,0.3,0.8,0.7726977987156727,0.002254310376620494,-0.04781690757259424,1.021552301904202,0.6573371632467027
0.9,0.0,0.3,0.9,0.4,0.6,0.9521619783908711,0.14165580258561292,0.1874327935050255,0.6959058713833377,0.5881043332922665
0.8,0.5,0.8,0.4,0.9,0.9,0.03277513475414965,0.9918603121281432,0.9134388240180946,2.777242756455463,2.43381979153707
0.3,0.2,0.6,0.1,0.1,0.5,0.016396498813520902,0.9100297581378377,0.8409438169292145,2.282059146428382,2.3614995682773574
0.9,0.0,0.0,0.2,0.9,0.8,0.786711243512721,0.03769565218872917,0.010712273985217319,2.5808119762931017,2.2122596058320725
0.3,0.5,1.0,0.4,0.2,0.8,-0.028744193086336103,1.0293719603278628,0.9076227607186699,2.1788762135367055,1.7128550993030396
0.1,0.8,0.2,0.0,0.1,0.3,0.878925107744123,-0.013366514404203736,0.15626518356450514,0.9988610294960611,0.48255205173343285
0.3,0.6,0.7,0.0,0.2,0.0,-0.1316693113275305,0.8124790559330337,0.6830825038767674,1.395112927331274,1.0712247914479314
0.9,0.7,0.8,0.1,0.6,0.2,0.13214569408792928,1.0418817795537312,0.9071250043832251,0.6751620621836386,0.3312814604282489
0.0,0.4,0.3,0.6,0.0,0.6,0.7943264109109699,0.001225352396774057,0.02612592541269026,1.7254166622865486,1.706615491489373
0.3,0.1,0.7,0.6,0.4,0.6,-0.11549862299469799,1.0239431973112225,0.8882673045091208,2.1360662607129663,2.0538571705807938
0.7,0.9,0.9,0.3,0.8,0.6,0.03644369795233695,1.0089430067203913,0.8115384208077467,1.585078271689508,1.5779089732522615
0.7,0.2,0.7,0.6,0.7,0.3,-0.11792097063546235,0.969540757768452,0.9755826529243968,2.2515224212589855,2.001039757565123
0.6,0.5,0.8,0.6,1.0,0.7,0.13947346537220096,1.0752620237321246,0.8288048694751314,1.8520035230039058,1.7198497459495652
0.6,0.0,0.6,0.1,0.0,0.9,0.015613991836386993,1.0845253168161877,0.723033865897774,3.407715362959586,3.088984858715235
0.1,0.5,0.0,0.5,0.1,0.0,0.8815936480761648,0.09878439932013063,-0.07368923909695507,2.1695677428910414,1.8821163667255207
0.3,0.4,0.2,0.6,0.6,0.6,0.8155538395989568,0.2546700930717012,-0.01644590127565697,1.343261259903239,1.2135626399714605
0.5,0.2,0.3,0.6,0.6,0.2,0.9142990995338129,0.20799842897362664,0.007510734372779213,0.4101067041552504,0.4666372764534331
0.8,0.7,1.0,0.3,0.5,0.2,-0.10904391324071183,1.1316961139759019,0.9476167095573452,0.42590629941697977,0.28075622017844803
0.1,0.4,0.9,0.2,0.6,0.1,0.029597106435204093,0.9702723908105005,0.8307406430129094,0.3452094980247888,0.3364622345336146
0.1,0.8,0.5,0.2,0.4,0.4,0.6008112661288803,0.39519523862699435,0.30990272335379354,1.224495154187585,0.7288205160927588
0.6,0.4,0.3,0.0,0.2,0.6,0.922310488357819,-0.007402909239347208,0.18096569480219463,0.5043648859965458,0.14692710023094724
0.9,0.6,0.5,0.2,0.8,0.2,0.21065851072762276,0.8992883401238106,0.6138145868496795,1.836576333017382,1.6621878141703592
0.5,0.9,0.2,0.6,0.0,0.4,0.911443757728235,0.017307471478653483,0.09606655574621764,2.1489913768419058,1.5122170110547806
0.9,0.5,0.8,1.0,0.8,0.6,0.009559728950878971,0.9118401417564167,0.8018501928364941,2.292167804548552,2.193703838642775
0.4,0.8,0.3,0.5,0.1,1.0,0.5126357508116415,0.5439723934280633,0.20635102402146593,2.3101165643365302,2.0767815651684396
0.7,0.2,0.7,0.6,0.0,1.0,-0.12793205418486062,0.7464300950506236,0.944941949233407,4.000301809121908,3.6210089147370534
0.4,0.9,0.2,0.1,0.1,0.3,0.8627550907287025,0.16208800819842284,-0.012930685101482271,1.184942630875428,1.0315575409741529
0.1,0.5,0.2,0.2,0.9,0.8,0.4101493970329224,0.5040669299168107,0.2371394603902647,2.2262151322972086,1.7462284394736365
0.8,0.7,0.7,0.2,0.6,0.5,0.04983798549366989,1.0907394993385935,0.8647339531604774,2.01576198346904,1.6808273777336498
0.5,0.6,0.9,0.0,0.9,0.5,-0.05917996981867623,0.8919171176903774,0.8585041580081523,0.7886825310428897,0.6070137468799505
0.7,0.1,0.7,0.7,1.0,0.4,-0.05333237588934001,0.9369318243182315,0.9099155869890821,1.8673620930443875,1.7124514446799457
0.6,0.7,0.9,0.9,0.6,0.1,0.10006210655488318,1.0259435835014032,0.9582011767661339,0.8377018848990725,0.6198838453733415
0.9,1.0,0.7,0.8,0.3,0.2,-0.1110623462815406,0.8752979923742669,0.8091849421747668,1.9829937966522628,1.7326635796911867
0.9,0.1,0.0,0.2,0.9,0.3,0.8787913967689166,0.21586693167926554,-0.12668963956830268,1.8229005380805607,1.563901323157592
0.7,1.0,0.0,0.4,1.0,0.4,0.5617270832737227,0.36252930407960615,0.20261659278645153,1.8822118631500007,1.856814641732062
0.5,0.0,0.9,0.7,0.8,0.4,0.062264470691549514,1.006728702797515,0.7660927021138653,1.3749027271836207,1.0481736405398203
0.9,0.9,0.4,0.2,0.9,0.0,0.8804368567606946,0.07259339056829273,0.03004524281819934,0.7525437323094711,0.37418922387215736
0.4,0.5,0.6,0.9,0.9,0.2,0.11891514828017276,0.9656736146950258,0.7451120467477855,2.429829050069225,1.9995538055649036
0.0,0.6,0.3,0.1,0.1,0.1,0.9247136131363982,0.160000768679922,-0.032052492549400007,0.9857002336544176,0.7341090810144932
0.2,0.6,1.0,0.9,0.2,0.0,0.09084613998847403,1.0241136185495017,0.8722904825434327,1.1500743903341561,0.9560445341488011
0.5,0.4,1.0,0.0,0.3,0.7,-0.1053244815947469,1.0273050987231565,0.9320434439114252,0.8711188531250826,0.6350700443963166
0.6,0.1,0.0,0.2,0.8,0.8,0.364814508637712,0.7860767282099339,0.6082586545912905,3.0579139515991027,2.8777229771644497
1.0,0.5,0.7,0.0,0.6,0.4,-0.03169039012820537,0.9804623128170318,1.0415836732840158,1.974984556283417,1.710780753816178
0.9,0.6,0.9,1.0,0.3,0.2,0.09127966113839157,0.9456479484902687,0.8742674634986318,0.5825077301998385,0.46825821172881726
0.2,0.4,0.3,0.6,0.8,0.4,0.7374204756113897,0.09907874324106439,0.04109131620506349,0.8268779678433975,0.5157601886258247
0.2,0.0,0.6,0.5,0.5,0.2,0.18894322275594122,0.8334360399064658,0.6614155697239871,1.6481646177848606,1.6210835952433413
0.9,0.5,0.3,0.0,0.3,0.3,0.8091209133239562,-0.005815773451437939,0.008336994474448205,0.3852362049704704,0.03877759926252047
0.6,0.6,0.8,0.6,0.4,0.1,-0.1383296491174592,1.0019193226081853,0.9128926762663006,0.6824946375001435,0.6868774048785813
1.0,0.2,0.0,0.1,0.9,0.0,0.8118711317065339,-0.008950379664480201,0.11392000234749806,1.1941880415131885,1.1678818433538352
0.8,0.0,0.1,1.0,0.2,0.5,0.7898642078077719,0.15150064752476827,0.030167595597739152,2.0934059970950036,1.4963781335041992
0.1,0.7,1.0,0.6,0.4,0.0,-0.04978398965378828,1.2673071201115114,0.8389207245844051,0.36744949820580247,0.20281597346269958
0.5,0.5,0.4,0.5,0.2,1.0,-0.003257621773356853,0.9613158626008739,0.8276899036892649,2.599643301334054,2.2492266194292285
0.3,0.1,0.6,0.0,0.1,0.3,0.4841678793626263,0.6027704444779428,0.6190064268743981,2.154480331208637,1.9782813244356696
0.5,0.7,0.5,1.0,0.9,0.2,-0.08834987863405677,0.973427858634783,0.9984920837927636,1.4147662134767651,1.3910709591218322
0.3,0.6,0.1,0.6,0.7,0.5,0.11944327030109747,0.987032294093627,0.9882013130504198,2.434707133031051,2.1562865904896733
0.3,0.3,0.6,0.0,1.0,0.2,0.6339979615189455,0.5674936234726378,0.6388684458891198,0.6582124352090382,0.5404465395183329
0.4,0.0,1.0,0.5,0.5,0.5,-0.022542811141696695,0.8721842148309246,0.9409989055122675,1.0104788862249074,1.0325054449740731
0.6,0.0,0.6,0.9,0.6,0.5,-0.1461562233404545,1.0991540408974037,1.0262724874929992,2.6554525692329727,2.317080694672145
0.5,0.9,0.1,0.2,0.5,0.4,0.8677517629532709,-0.014630229793398467,0.11386400020619952,1.5433664588065232,1.246233610223752
0.4,0.2,0.2,0.9,0.7,0.6,0.33635312802162,0.7291341394441392,0.8918148523809614,1.8574244403589841,1.6193264891197998
0.5,0.2,0.7,0.3,0.4,0.4,0.110635639707271,1.11850261224673,0.9679800832901996,1.3890952705600619,1.2800898883418217
0.7,0.4,0.3,0.2,0.2,0.0,0.9412477991202989,0.08340476196237852,-0.1922480708492391,0.08267833756127349,-0.05275296784368151
0.4,0.8,0.7,0.0,0.5,1.0,0.045519373722935734,1.0212648511810862,0.8789770769376456,2.612247100951614,2.5391729473506963
0.0,0.4,0.6,0.8,0.7,0.9,-0.12264924905137745,1.136279704407276,0.8418225046824706,3.9669584586989464,3.685222624462524
0.4,0.4,0.9,0.2,0.3,0.2,0.1848452624956709,0.640245654083309,0.7110303654788517,0.09058232218667348,-0.21427758153168122
0.2,0.2,0.5,0.8,0.2,0.8,0.022539872724541145,1.1750368065977723,0.9446405823933637,2.603844945348696,2.660761672263615
0.5,0.5,0.0,1.0,0.0,0.0,0.8996155058200833,0.09058778046614921,0.15640383967919214,2.5103856191680927,2.3550725428463335
0.5,0.5,0.2,0.1,1.0,0.9,0.525961701399736,0.6397072236957949,0.5168164092981815,1.562423317480937,1.4167615687929218
0.6,1.0,0.0,0.4,0.2,0.8,0.33493816287481964,0.7216142107992208,0.779700155979788,3.058665794677463,2.9677104548739894
0.0,1.0,0.7,0.0,0.8,0.1,-0.025250120540215623,0.9127861252133679,0.9375743661254979,2.211230691887232,2.0811279252490094
0.8,0.4,0.5,0.5,1.0,0.2,0.46563261816373464,0.3664632868582849,0.2645556175206101,0.9526349037884486,1.0678195167430629
0.8,1.0,0.2,0.1,1.0,0.2,0.8961604525827274,0.044780574768276765,-0.11213066300804427,0.38781347082348494,0.3201464519128624
0.5,0.5,0.0,0.4,0.8,0.3,0.6990642646736744,0.09518991583762676,-0.030363671623555633,2.422430294548327,1.8946659776351855
0.9,0.3,0.1,0.3,0.6,0.5,0.876154103998491,-0.07681462437216649,0.1653861511650928,1.3811316914146718,1.3042278975801016
0.0,0.9,0.0,0.3,0.5,0.0,0.632015525192662,0.13967291088823353,0.11908791328619038,2.05238828056483,1.4652485889160876
0.5,0.8,1.0,0.0,0.3,0.7,0.1297453646659088,1.008148101535087,0.8947340009976732,0.9499055018902219,0.5881008882771991
0.5,0.4,1.0,0.4,0.7,0.3,0.03309568922153503,1.082904605600742,0.9342543986942962,1.223445453727634,0.7280800442899529
0.5,0.1,0.5,0.0,0.7,0.6,-0.00526960785961908,1.0553688104990961,1.0613144001243269,2.141066440075157,1.9383049092027667
0.2,0.8,0.5,0.5,0.3,0.3,0.6310477475129204,0.4161592373788434,0.1005376229451529,1.1906407436006619,0.8501523647060337
0.6,0.0,0.4,0.3,0.7,0.8,0.339513997339684,0.6258957400098455,0.5720181799866725,1.8806218494935643,1.6395659602674695
0.5,0.2,0.5,0.1,1.0,0.5,0.004929476763327377,0.873453462723158,0.9057924786989124,1.2731387999708876,1.1687546067955483
0.6,1.0,1.0,1.0,0.6,0.0,0.11959694238540229,0.9403659406913306,0.8289124763975056,1.2093694669432713,1.3479392854495396
0.8,0.2,0.8,0.2,0.8,0.9,0.11832742742485867,0.9054032478782938,0.9536815748391917,2.5011004881537566,2.432809823984571
0.8,0.1,0.4,0.4,0.6,0.1,0.8833655303106067,0.20983932241556236,-0.12538354319500117,0.7776733860974164,0.7743539408593343
0.3,0.4,0.7,0.6,0.8,0.7,0.053330621023274065,0.9472545498421969,1.0250890751473927,2.8610655116289845,2.6536847171877502
0.6,1.0,0.7,0.2,0.6,0.6,0.05656967691807631,0.9304329875273655,0.7719268819161533,2.6917816458951345,2.350404983141585
1.0,0.9,0.3,0.7,0.4,0.1,1.022200748904573,-0.10904506498780814,0.2095089806982373,0.28404675984508465,0.2444179987070041
1.0,0.4,0.6,0.2,0.3,0.7,0.1047676860740957,0.7884123133952426,0.7240315309686285,2.055655042183163,1.9308179398840997
0.5,0.0,0.7,0.3,0.7,0.0,0.09964064833647081,1.058548876319225,0.8739193957740868,1.8327402521969498,1.6368513968842406
0.4,0.4,0.2,0.4,0.4,0.3,0.934050650269266,0.1442456125662097,-0.01068923075114173,0.38873469173550745,0.02445618827221422
0.6,1.0,0.9,0.0,0.7,0.8,-0.06493419071169546,1.1118128047921425,0.8644484533487393,2.1884536251827673,1.9475372487219544
0.7,0.9,0.9,1.0,0.4,0.7,-0.023393818605656775,0.8510961306472711,0.7817248018602403,1.4939008300720888,1.1466711445306779
0.9,0.4,0.2,0.2,0.8,0.5,0.8998734896380338,0.15211633909725775,-0.07370923477430484,1.0205874774345938,0.9077406242235362
0.3,0.5,1.0,0.0,0.3,0.5,0.048378548867134,1.0715144585017957,1.064740006734678,0.733417441031356,0.5948934314862613
1.0,0.4,0.1,0.5,0.0,0.3,0.8348930116372402,0.07771540897177867,0.11975843422784432,1.7951258760281885,1.624075221818673
0.6,0.5,0.8,0.9,0.1,0.4,-0.024910301323398224,1.0280823389311995,0.9129787504160168,1.9550225179403053,1.9527673085016652
0.6,0.5,0.0,0.8,0.9,0.9,0.06091115506939321,1.048560288373472,0.8830561163025351,3.332796371617457,3.084927324280964
0.3,0.3,0.0,0.6,0.9,0.6,0.6941907994497116,0.3751563039129703,0.3237057517096497,2.071195120870209,2.050798613226266
0.1,0.2,0.8,0.0,0.6,0.3,-0.03364676505135316,1.061610940130781,0.8727984470180152,1.0949054991340306,0.9798088753159057
1.0,0.9,0.3,0.5,0.2,0.8,1.0974611604562345,0.016390975903550514,-0.08954068215147878,1.5849839231163612,1.6050631095156973
0.7,1.0,0.9,0.8,0.3,1.0,-0.0406500986309121,0.9597463343870836,0.8967400846595843,2.525859680580227,2.102222838627409
0.0,0.5,0.3,0.9,0.0,0.0,0.8594612979059204,0.016409844022070477,0.012583451487569775,1.3268707760213618,1.193971349102688
0.4,0.3,0.4,0.4,0.5,0.2,0.8646142829690977,0.09906176597519778,0.03335696943714348,0.09945636375749488,0.09597469202511928
0.9,0.7,1.0,0.3,0.9,0.4,0.16299005237856407,1.1108507589401726,0.9732320454204864,1.0181432882120376,0.7284570356316635
0.8,0.8,0.1,0.2,0.6,0.3,0.8638128231999896,0.1253467120102832,-0.02110275256886755,1.295618989465879,1.1948630978860875
0.3,0.5,0.7,0.9,0.6,0.0,0.034606769194061034,0.9658304139470032,1.0427082406650148,2.0334352997658818,1.8591846985790323
0.6,0.6,0.5,0.6,0.4,0.3,-0.22054940740611825,1.0115747626038492,0.933386276239956,1.3387168075138491,1.2667717439431891
0.4,1.0,0.0,0.2,0.9,0.4,0.8394902802372706,0.19622650008209852,-0.0966568689055064,2.360108903689231,2.101902207392423
1.0,0.1,0.5,1.0,0.7,0.8,0.002695167987405411,0.833127680038502,0.795723138904468,3.271936431162007,3.2108000626484547
0.6,1.0,0.4,0.7,0.4,0.3,0.5757885064333805,0.6151628034595988,0.4208326753021586,0.9294766977610859,0.7950513481058574
0.8,0.3,0.3,0.4,0.4,0.9,0.769032004139499,0.3641079604131633,0.170038485507521,1.0024890456512574,0.8402026421566767
0.6,0.3,0.5,1.0,0.4,1.0,0.044623402905226005,0.9100798719747231,0.8971517373728541,2.492113014192788,2.364454544329541
0.4,0.3,0.7,0.8,0.8,0.0,0.07732977590455314,1.1043022741559863,1.0458747032889346,1.7535574342607898,1.3692425702595319
0.6,0.6,0.8,0.5,1.0,0.7,-0.14095950439496316,0.9563315919928224,1.0832996254178613,1.7435870353807026,1.6192461151324085
0.2,0.9,0.1,0.5,0.7,0.7,0.5246936057680331,0.4242843817837759,0.11657902139955789,2.8539027098344487,2.655969389584895
0.9,0.5,0.3,0.2,0.1,0.4,1.0178188236523231,0.1256579474469775,-0.017222174677559692,1.047463871308,0.5062239541103217
0.4,0.0,0.3,0.6,0.1,0.8,0.7179714459012767,0.08833839280804126,0.03935057676611557,1.790228435076713,1.616655006325779
0.6,0.8,0.0,0.2,0.6,0.1,0.9032513657277622,0.1335464851639913,-0.11653616469371189,1.3403746933780512,1.1802010723443495
0.7,0.2,1.0,0.8,0.1,0.7,0.1431164525361018,0.9768167348278,0.9941178700058786,2.321882804298478,2.049928803428943
0.4,0.6,0.2,0.2,0.0,0.6,0.7805592207812204,0.27649100046310743,0.05513663698995985,1.7214004488214787,1.4876767700976725
0.0,0.7,1.0,0.8,0.6,0.0,0.009881514446061473,1.1033460084424236,0.9217098605520305,1.1870260350296258,0.9723342980229885
0.9,0.4,0.8,0.5,0.7,0.7,0.15056612828380078,0.9227116297126117,0.8699749687838754,1.9703924698560462,1.970591989356231
0.2,0.0,0.4,1.0,0.2,0.3,0.9844777155620447,0.13452671664838517,0.008135541329667678,1.0654592926236304,0.8272754781215496
0.5,0.2,0.7,0.1,0.6,1.0,0.037386488204313464,0.992024098816811,0.7121405012339957,3.3696812123078885,2.848600495932204
0.1,0.3,0.6,0.4,0.8,0.8,-0.18340735435395206,0.9834023979003076,1.0192604963133225,3.2240216840289735,2.961078617267487
0.6,0.6,0.3,0.1,0.5,1.0,-0.06777387294816019,1.0278204124757713,0.9630026011384595,1.710360432319429,1.6603191001631823
0.1,0.8,0.5,0.6,0.9,0.6,-0.022955931623848735,0.9406880768707894,0.8982130926916485,2.2478236708597543,1.980203290920596
0.1,0.0,0.3,0.0,0.2,0.7,0.9848464147208484,-0.20556332404143024,0.10902783353121426,0.8712874831223518,0.43249557731636257
0.3,0.0,0.2,0.5,0.8,0.3,0.9152640587567357,0.09465969753272957,0.05335824279122584,1.137028417951379,0.8863742452745998
0.3,0.1,0.8,0.3,0.1,0.5,0.009337652721142637,0.9490039933730609,1.055936657493284,2.065812116260461,1.7367382588325304
0.2,0.2,0.5,0.6,0.2,1.0,-0.15762429915281342,1.0747127244954615,0.7983627072787198,3.370556575180073,3.142705793259292
0.1,0.1,0.8,0.9,0.5,0.9,0.010926025623236114,0.9534013384653299,0.8697316837861513,2.8363862283323686,2.552352475348028
0.9,0.2,0.9,0.7,0.0,0.2,-0.05622084367272058,0.9261290470120299,1.014858640027085,1.3147144196008829,0.9470596642930855
0.9,0.9,0.0,0.9,0.1,0.0,0.868845986935881,0.11664272635789319,0.06094442603613216,2.371311293283658,2.0409196934869542
0.9,0.4,0.7,0.6,0.9,0.4,0.13402076798143828,1.065149490367488,0.9901359634739966,1.9785484130212674,1.6236627529754069
0.4,0.0,1.0,0.8,0.7,0.0,0.044022356204430846,0.9387722072781135,1.1063594039182485,1.1834382051399956,0.9081718780249707
0.1,0.9,0.1,0.6,0.1,0.5,1.003617271081845,0.08321340201009045,-0.12322556609124952,2.7231733651837144,2.42001550983464
0.4,0.8,0.5,0.8,0.4,0.8,-0.014323774584907465,0.7870109222394693,0.8562453518132573,2.0684888032413125,1.94379536554416
0.3,0.5,0.9,0.1,0.5,0.4,0.008167062153014965,0.8338745501481098,1.0455677139574113,0.4716970075208757,0.34519761450037384
0.2,0.3,0.9,0.1,0.9,0.8,-0.21973837828360596,0.9231963476950019,0.7981431395176039,1.251016575547354,0.9833671072294384
0.9,0.0,0.6,0.2,0.7,0.2,0.4556692303281679,0.539420350812563,0.4619991152532412,2.110777524913924,1.7358354904784192
0.6,0.9,0.6,0.3,0.7,0.6,0.05734434533103268,1.0154065559633587,0.9176141057669112,3.1031318882044867,2.6992777265941164
0.3,0.6,0.7,0.7,1.0,0.4,0.055044528126674874,1.0338092317318524,0.7891146798330142,1.991297660621269,1.8085765844637727
0.1,0.9,0.0,0.7,0.0,1.0,0.5888873040637972,0.3262119164381829,0.1618398986655334,4.393239044938821,4.14821640402789
0.7,0.1,0.0,0.4,0.6,0.5,0.6572082656569567,0.4175049592400885,0.42464187515609086,2.4449418277642763,2.1911624097336144
0.5,0.5,0.3,0.4,0.3,0.7,0.595258302547457,0.39320560115107334,0.1256824073157019,0.9479608443196417,0.8830579000021419
0.4,0.6,1.0,0.4,0.4,0.2,-0.013238729221530715,1.0283108557402276,0.8504272975144894,0.6217693032393417,0.47649006586954834
1.0,0.9,0.9,0.0,0.2,1.0,-0.16195891668408957,1.1033244117402563,0.9128394130630344,2.2677771739338164,1.9822514774396895
0.6,0.7,0.7,0.7,0.4,0.7,0.05591283028384835,1.111961311343026,0.9338141153715568,2.201473871610912,1.9462002078739458
0.6,0.0,0.1,0.1,1.0,0.9,0.7066107540956067,0.34763672788513467,0.21195754148927343,1.9732760885127019,1.8277618131142597
0.1,0.5,1.0,0.9,0.7,0.1,0.10573603145211966,1.1164882912975045,0.9742561393434616,1.7973529837878115,1.5179309335530389
0.8,0.9,0.6,0.9,0.0,0.5,0.4026849044547378,0.972865228543935,0.954504059747312,3.4108670511500354,3.0564487174708446
0.6,0.6,0.3,0.7,0.1,0.5,0.14538072269230123,0.6020177408428316,0.4424661278208756,1.3721214151239924,1.183824058334566
1.0,1.0,1.0,1.0,0.3,0.3,0.16195163881392322,0.8732967221690215,0.7964579092646505,1.342817978811371,1.037044536324717
0.6,0.6,0.3,0.6,0.4,0.1,0.7808551904924113,0.4635739694150258,0.14590187643313385,0.12237570160272108,0.10522406500950361
0.8,0.2,0.0,0.7,0.6,0.8,0.10889406587975356,0.7820599476338227,0.7777117259724446,3.112039620754491,2.683942988729169
1.0,0.9,0.0,0.2,1.0,0.2,0.8002485972910521,0.1724560447599419,0.1587862071322634,1.3460907381587692,1.1620132320161494
0.6,0.1,0.8,0.8,0.2,0.8,0.039716572484300834,1.0902555281505872,0.9255697055074317,2.2477162332905407,2.292437039155617
0.7,0.5,0.7,0.2,0.8,0.9,0.07830177426061725,0.9406418467965398,0.9971388620646273,3.372332470292228,3.2650961446611317
0.7,0.5,0.3,0.9,0.5,0.8,0.005982977311088965,1.2100154046701315,0.7283040239364087,1.547177128257629,1.5101591002133428
0.5,0.8,0.2,0.5,0.6,0.9,0.524008360169314,0.5824714098129307,0.7234605034637138,2.0533852697448696,1.977711563269266
1.0,0.2,0.6,0.7,0.2,0.8,0.09853603127818408,1.0839876783089082,0.6817945304407786,3.171979728301331,3.0645756102652224
0.4,0.8,0.1,0.6,0.0,0.2,0.7408999707791171,0.2357920608199279,0.023674550932235597,1.8957639618496565,1.5375639880877046
1.0,0.6,0.0,0.0,0.7,0.0,0.9677812903021967,0.09818585329175089,0.136913654143981,1.562449452744225,1.4503036763227617
1.0,0.2,0.8,0.2,0.5,0.4,0.10883370693309567,0.9812023235812708,0.8004720068743916,0.9888190235766896,0.7935592959537259
0.0,0.6,0.8,0.6,0.0,0.4,0.011834362806000696,1.051874066138263,0.9008279673007319,2.314966352905824,2.165845265535216
0.7,0.3,0.5,0.2,0.7,0.9,0.06492624318741479,0.9117360925192567,0.9893410296458338,2.692465849998915,2.515183781019743
0.2,0.1,0.2,1.0,0.4,0.9,0.09809365729023944,0.9439020401074816,0.8082642557809246,1.9602866560073964,1.886259948237891
0.4,0.4,0.4,0.0,0.7,0.1,0.8003550320115836,-0.008936438565144325,0.013365172342536008,0.5330507087600953,0.039227965072880705
0.9,0.6,1.0,0.5,0.5,1.0,0.05050387916796287,1.051580744999916,0.9841071151437165,2.576626745209037,2.4588127273297187
0.3,0.1,0.3,0.4,0.9,0.1,0.8724374630779733,0.18807591525673395,0.013969749046267996,0.6004242797263059,0.3100574090083871
0.2,0.3,0.6,0.6,0.5,0.2,0.1495143404875681,0.7224595238357883,0.6826083763765339,1.4953280528078268,1.385944811902003
0.0,0.5,0.0,0.1,0.5,0.3,1.01176830767169,0.10353672181887764,-0.098739364465674,1.7570140794952331,1.7076453205302067
0.9,0.5,0.9,0.6,0.6,0.0,-0.08594090320231419,1.024083216952426,0.8582167053256312,1.03367426054448,0.7581605544924745
0.3,0.5,0.0,1.0,0.0,0.5,0.668031788881835,0.2946260309551045,0.34705238877627875,2.9739255718359128,2.8220890585234852
0.2,0.5,0.0,0.1,0.7,0.9,0.42024781480677953,0.36986922921938276,0.581731763321177,3.279484326549733,3.1634454598251045
0.9,0.7,0.8,0.2,0.8,0.8,0.03341225641937062,0.7766155657546319,0.89335518215528,2.0613994060675727,1.9152816159463513
0.2,1.0,0.1,0.7,0.2,0.9,0.5770644921094958,0.42360001853128637,0.40117576224424034,3.226073732676886,3.145431704060544
0.3,0.6,1.0,0.4,0.4,0.5,0.13781689998075541,1.2073470231119856,0.9425129633617546,0.9640912776060437,0.9100089126757767
0.6,0.9,0.1,1.0,0.5,0.1,0.9261476092958683,0.2041760061055687,0.024696420399840185,1.5802079932439765,1.2330267723913015
0.4,0.5,0.7,0.2,0.6,0.2,-0.03133810874749475,0.9855023463690986,0.9267858899335195,1.806590812945384,1.5703641972906643
0.2,0.2,0.4,0.2,0.9,0.8,0.2490194896698409,0.9356106293405329,0.8161231768150541,1.7407011408886306,1.500539284174796
0.1,0.4,0.6,0.2,0.5,0.1,0.4393377959991773,0.28437503522255886,0.4719420133863321,1.3214531167208339,1.2900141662652773
0.6,0.6,1.0,0.5,0.9,0.4,-0.07937775486319684,0.970945028265148,1.061864798500561,1.350662097505817,1.260575022509163
0.0,0.0,0.7,0.3,0.3,0.5,-0.12713505649123027,1.0990232773187212,1.0241685769698727,1.9100646226620894,1.7011337047717077
0.6,0.3,0.1,1.0,0.6,0.0,0.965228252826815,0.08317525929285233,-0.13086616970112205,1.1419891032090357,1.1984159572529283
0.3,0.8,0.1,0.9,0.7,0.8,0.36562614836820473,0.773415720835912,0.5348411556203421,2.824401933852553,2.773825042347141
0.5,0.6,0.3,0.2,0.3,1.0,-0.00036356825639910495,0.8579064124290066,0.7243874628314899,1.7645703265877106,1.558190213880779
0.9,0.5,0.9,0.2,0.6,0.6,0.03261738570934458,1.0428748289405494,0.8458983255508203,1.322679759082567,1.2065918706758794
0.2,0.2,0.5,0.8,0.6,0.8,0.04409375528389874,0.9253840056135116,0.846750961845767,2.8290693622870187,2.7978131092326994
0.5,0.7,0.6,0.0,0.6,0.4,0.059681022552025204,1.0406996842505827,0.9601804972117752,1.80937357444925,1.5084900939897872
0.4,0.4,0.2,0.3,0.4,0.2,0.9226553960375088,0.12778177608602087,0.048032496413911545,0.3256625783583924,-0.01719413529835092
0.5,0.7,1.0,0.6,0.4,0.8,0.10949265628756928,1.1089231331671485,0.8199397150515394,1.5306263934163105,1.4046791166646393
0.4,0.7,0.2,0.8,0.4,1.0,-0.07868682607379715,0.9997761643185841,1.0077662772862903,2.1731757210098634,1.9019330646048234
0.0,0.2,0.3,0.1,0.6,0.2,0.9405274603229556,-0.13793449940639949,-0.14390135242876365,0.4724454437442625,0.40964743712707785
0.5,0.6,0.5,0.9,0.4,0.8,0.01218243592408,1.0505843934289687,0.8355113032227923,2.6439935359374322,2.1064224192219316
0.4,0.5,0.4,0.1,0.9,0.3,0.8526012620832114,0.1299254525026475,0.0180936784807709,0.6720140553547598,0.6007264972414116
0.9,0.3,0.2,1.0,0.6,0.6,0.7733314307572005,0.2850663274239487,0.17430963261957874,1.3879177556031699,1.311716842845018
0.4,0.7,0.7,0.7,0.9,0.6,0.03797302786398202,1.2172133010176398,0.8678960792039957,2.5106039983077175,2.185587468332335
0.6,0.8,0.8,0.1,0.5,0.4,-0.03813068438274954,1.1036886474213174,0.9671735591299822,0.7241155609291857,0.5736726095424977
0.2,0.7,0.1,0.7,0.7,0.7,-0.2219256185512109,0.8766012812612506,1.082844568977095,2.515211264629364,2.509411718078045
0.7,0.8,0.1,1.0,0.5,0.5,0.5179189031476824,0.38590107063447276,0.5246056747020849,1.6113569094294868,1.1390845918445809
0.9,1.0,0.1,0.5,1.0,0.6,0.5731688745009645,0.41032007894276795,0.3065341460831188,2.0851297416246712,1.7515977853036748
1.0,0.3,1.0,0.1,0.6,0.3,0.23641977196574077,0.6705809553491681,0.7174464263058804,0.48222130787779205,0.4134299606214159
1.0,0.5,0.8,0.6,0.7,1.0,0.06205471396121999,1.105460082938389,0.9651202481871386,3.5177828600255996,3.1871118383966546
0.3,0.7,0.6,1.0,0.2,1.0,-0.0651932429709196,0.897841038211725,0.791009224819691,3.7897005632630667,3.5288453070878787
0.7,0.8,0.5,1.0,0.7,0.0,-0.02509738563573466,1.0148492359767627,0.9667537965410218,1.7316526642899093,1.3712441359578802
0.5,0.1,0.3,0.9,0.1,0.0,1.0461220159545472,0.03984586401041575,0.04066921297742361,0.7975709686390983,0.7323796370756952
0.4,0.6,0.1,0.2,0.5,0.3,0.7979164674070768,0.06508136132024997,-0.02583553731206576,1.257980647930203,1.0008688535114796
0.5,0.7,0.4,0.0,0.9,0.8,0.11399236841792988,1.1297133018600236,0.7733186353039373,1.2716902866274213,1.1118953924095498
0.3,0.6,0.3,0.2,0.4,0.9,0.1014070632079245,0.7813983162236954,0.6382504868022625,1.1963718830349657,1.1664793128314253
1.0,0.6,0.0,1.0,1.0,0.8,0.06308828890018307,1.0701337753068836,1.0104716346307714,2.7844898772862363,2.6315641622051897
0.0,0.3,0.4,0.1,0.1,0.7,0.8449305536007093,0.20413114930380488,-0.08097154061679325,1.5920460590560308,1.5712972022375222
1.0,0.5,0.9,0.7,0.3,1.0,0.07125619424613726,1.0385692187300068,0.7785334645269099,2.2197546213557673,2.170396808787328
0.3,0.7,0.6,0.2,0.8,0.0,0.2857733940833208,0.9673408084591864,0.7511155455750815,1.702957621074321,1.6045279144580038
0.8,0.7,0.3,0.4,0.8,0.0,0.7639302400788996,0.13163348440690392,0.025157779032303113,0.3507912266787367,0.10343460611571889
0.3,0.6,0.7,1.0,0.7,0.2,0.04556895280820458,1.0000852199618218,0.9787486156065054,2.4801930496335562,2.2951612575871447
0.7,0.9,0.6,1.0,0.2,0.7,0.10704283532791342,0.8805998848655323,1.0810362059052148,3.308501160554597,3.0144198091183765
0.2,0.6,0.4,0.5,0.4,0.1,0.6626335674421707,0.6039074508841046,0.16195227286402886,0.623038391780594,0.23235671240665468
1.0,0.3,0.4,1.0,0.8,0.9,0.2706034874130195,0.7047533869656828,0.7311135124841774,2.4402870837952593,1.9764837955332606
0.2,0.5,1.0,0.5,0.0,0.0,0.033653447421385936,1.106433925402956,0.7858969391680639,1.604753631974264,1.3732845298716003
0.4,0.7,0.4,0.7,0.3,0.5,0.22238866701783308,0.8498650090242337,0.6423014569787207,0.828496550782197,0.4941135354946135
0.4,0.4,0.8,0.0,0.4,0.2,0.3775101374886619,0.8955782083263573,0.7007342418182457,0.22731930493328978,0.032573486801735864
0.2,0.3,0.6,0.0,0.9,0.5,-0.01908691332663494,1.0190984265932275,0.7290886048805603,1.946430711029812,1.6171186733828298
0.1,0.9,0.6,0.4,0.5,0.5,0.06670670405505406,0.902611680907542,0.9326200492725487,2.6229367215821995,2.430425404674713
0.0,0.5,0.6,0.8,0.3,0.3,0.18247115629741023,1.0205579148650656,0.9805837099116949,2.1606677166214157,2.061228397104914
0.3,0.1,0.4,0.4,0.6,1.0,0.028798582475181675,0.9384314290749549,0.7816111370136252,2.62421845498429,2.459191909232505
0.6,0.9,0.9,0.5,0.1,0.3,0.09250957131382645,1.1302802466822108,0.9453785672548768,1.3641118003040953,1.2303206435611977
0.3,0.7,0.7,0.7,0.9,0.0,0.0815631821323182,1.079887360404068,0.7827143230105205,1.5959563931821374,1.2934712712691407
0.7,0.5,0.5,0.2,0.0,0.7,-0.029458253559884143,0.8598350988926815,0.9440258224909791,2.744340378083097,2.774770134200909
0.0,0.7,0.5,0.8,0.2,0.0,0.3559677888894365,0.766750034449403,0.5774801549318428,1.4849015311062068,1.5981854707058338
0.6,1.0,0.4,0.1,0.6,0.3,0.7108705214139757,0.02202340996303595,0.051929418371916836,1.0548153412874255,0.9575066943589062
0.9,0.6,0.6,0.6,0.2,0.9,-0.03938819268661209,0.9338373884031163,0.8752442864594179,3.3627644018484246,3.505730436420045
0.4,0.0,0.0,1.0,0.0,1.0,0.30041384904876767,0.4228603496523477,0.4911057065395741,4.276232069003465,3.8389766509307965
0.6,0.4,0.9,0.3,0.8,0.0,0.1067402590408919,0.966315210121789,0.9462034906231455,0.7409950176106358,0.2536679253252657
0.2,0.8,0.0,0.3,0.9,0.2,1.062804843952157,-0.05168037042463067,0.12700000714506993,1.5799500998614817,1.237136167963092
0.1,0.0,0.4,0.5,0.1,0.6,0.7871158473947122,0.14211749492901793,0.031606147515768776,1.8494228433082163,1.9017933859053893
0.9,0.1,0.6,0.9,0.8,0.2,-0.0007603051262656188,1.111516755979695,1.0182967420478979,2.5174760268324814,2.3724814646027723
0.7,0.1,1.0,0.1,0.3,0.8,0.13543076026298095,1.0532033898804056,0.8349837353654957,1.7188097530842061,1.2362368872857998
0.2,0.9,0.6,0.6,1.0,0.7,-0.03083348926425433,1.1569876402310628,0.8106738410299817,2.875673032264898,2.607194520564442
0.4,0.3,0.8,0.5,0.6,0.0,0.06480281757491393,1.0008221835710351,1.0446987577007085,0.6799748505064086,0.3228719644565995
0.6,0.0,0.5,0.7,0.5,0.4,0.36631881424947466,0.8217259470227697,0.6088439740090577,1.484625895196331,1.5651353095713745
0.1,0.2,0.8,0.2,0.1,0.8,-0.012242968511037521,0.9715079543708401,0.6710196138457637,2.647882561435151,2.0867237083964993
0.4,0.4,1.0,0.0,1.0,0.7,0.09780196968046391,1.1681014363163222,0.8353160148128164,1.0157315685135602,0.8187181598127107
0.7,1.0,0.3,1.0,0.1,1.0,0.14006881084657224,0.8435801316826271,0.9084171048155848,3.011408416445131,2.689482540638597
0.5,0.2,0.3,1.0,0.1,0.8,0.2246626146434977,0.637579080898238,0.6924039045824946,1.9487780727893145,1.7902869994686044
1.0,0.8,0.9,0.6,0.6,0.1,-0.15883491024841798,1.005378145442816,0.8143339212450986,0.4925342930927955,0.4967197410834428
0.8,0.5,0.0,1.0,1.0,0.4,0.3981028333208807,0.4872524286714517,0.44260426519321205,1.9395911073968088,1.6815517603080419
0.7,0.4,1.0,0.5,0.0,0.8,0.043849863902051645,0.9310161029389843,0.7438994564844905,2.228690817958004,2.0854877140798447
0.5,0.9,1.0,0.3,0.4,0.2,-0.0843892770682077,0.7896091509585974,0.9697510291993116,0.7167402234898783,0.5494322247586512
0.7,0.8,0.3,0.4,0.8,0.7,0.2919190753270117,0.6352130320258588,0.432692406631928,1.3810861961499876,1.178999310433215
0.5,0.0,0.2,0.5,0.6,0.8,0.6939037453953546,0.254075681873626,0.028500273217261868,1.8563103574780846,1.7561805102497505
0.7,0.3,0.5,0.4,0.7,0.5,0.2547983202034103,0.8349510361095591,0.8382520473932753,2.003117612914235,1.7614732143645493
0.5,0.0,0.7,0.7,0.8,0.5,-0.05058792601301041,1.0405302366361013,0.8339997362826236,2.5360529547850756,2.104986341134934
0.9,1.0,0.1,0.2,0.2,0.6,0.935355952444921,0.08855985510382824,-0.21562601079249363,2.3067119246947625,1.922931033899375
1.0,0.9,0.3,0.8,0.5,0.2,1.0369696666711805,0.18438826044655193,-0.04431719736473199,0.6308084647117872,0.37466637569942574
0.0,0.0,0.5,0.0,0.0,0.1,0.7775360828230857,0.019597049564894733,0.07639876022220832,1.7712001142904015,1.5201907542221849
0.7,0.4,0.1,0.0,0.8,0.6,0.9039240704654732,0.032373023007014404,-0.0923385949210516,1.7441420849833846,1.4880090291106929
0.6,0.3,0.0,0.5,0.1,0.0,0.950459623869209,0.18836657727006867,-0.06260192696995086,1.5167657309983413,1.3743694982883146
0.3,0.3,0.8,0.5,0.9,0.8,-0.062144193756669935,0.9488443758488949,0.935186541094097,1.8873221634707746,1.6690124307541516
0.0,0.2,0.2,0.5,0.4,0.0,0.8385272322983368,0.16438125250581037,-0.002053398724056951,0.4928563511310035,0.13898426520461454
1.0,0.0,0.4,1.0,0.3,0.8,0.6470638666327623,0.2579574674351312,0.10877535737637223,1.688149904114895,1.3297876193140101
0.3,0.4,0.3,0.9,0.8,0.8,0.35456568153229684,0.7200179597751734,0.7082109436467741,1.5104455845900062,1.624322761690904
1.0,0.3,0.2,0.6,0.0,0.3,1.0594363632396702,-0.023538720005393365,-0.011062184357070985,1.2226445665571384,0.9142002814169872
0.5,0.8,0.5,0.6,0.5,0.4,0.15205937184256277,0.8089087642542588,0.6953428587487008,1.46978606425917,1.3612648036164798
0.3,0.6,0.4,0.4,0.8,0.0,0.6247468466027009,0.5605929471497793,0.41267188018355444,1.1484327540896682,0.8609982951382175
1.0,0.2,0.1,0.5,0.8,0.2,0.9502743741220707,0.061811793439982235,0.13401906719097134,1.673847792625288,1.6191355274447585
0.0,0.3,0.6,0.3,0.1,0.4,0.3835244042201578,0.7272331536918519,0.5031155834219171,2.539935032571956,2.1392832514329214
0.6,0.2,1.0,0.4,0.4,0.1,0.01637337926521105,1.0153296224925945,0.8339521313806194,0.16058211909279405,0.38726231506638403
0.5,0.8,0.1,0.1,0.2,0.5,0.9193430655681378,0.002934252205428964,-0.10668070618938151,1.1048879137777674,1.1290629599467081
0.0,0.8,0.0,1.0,0.5,0.9,0.033282583171974967,0.8532462503338614,0.7321368278220882,3.1985612014560987,3.027849571838169
0.1,0.8,0.6,0.8,0.9,0.8,-0.06502083338129556,0.910100227852083,0.8368088333844406,3.096228224224811,2.995465101923803
0.2,0.9,0.8,0.9,0.3,0.5,-0.10907052890193497,1.0220976149877952,0.7567686733172029,1.5907159303908178,1.512655348885191
0.9,0.6,0.9,0.3,0.5,0.0,0.08934486516130266,0.8477974843723748,1.0186945051590035,0.3658185581266962,0.36046527682486285
0.4,0.6,0.7,0.4,0.1,0.7,-0.03530304432561509,1.0889742716276651,0.9417316606427922,2.9009503061660644,2.8526724690745815
0.2,0.2,0.4,0.8,0.5,0.5,0.3796561233565955,0.7499251714126476,0.6471019382536551,1.1122575437899405,0.9148998863978075
0.5,0.2,1.0,0.0,0.8,0.5,-0.0019968004395655727,1.1274337301079842,0.9678221237535581,1.3275317593219562,0.97894605621795
0.4,1.0,1.0,0.2,0.5,0.6,0.06728729858749809,1.1720500693479075,1.075171795530048,1.657156509775059,1.5342348224648443
0.4,0.9,0.0,0.4,0.1,0.5,0.9222465994442485,0.08810553506715652,-0.0642195432568193,2.5087227400418484,2.5872556037638974
0.0,0.7,0.0,0.2,0.6,0.2,0.9152938776157357,0.2360521304572326,0.0449971446931024,1.8209841363185733,1.6075377515643126
0.1,0.0,0.9,0.0,0.1,0.5,-0.17046510622218966,0.9919143425713473,0.661366787571328,1.1214425353332873,0.8959631669051807
0.0,0.5,0.4,0.4,0.8,0.2,0.9293250780665929,0.36047914383161617,-0.08406634501073479,1.6637458092968962,1.3869821914849225
0.8,0.8,0.9,0.4,0.0,0.0,0.29024617367864375,1.1001093853361423,0.939960924422457,0.821793022039677,0.713597416867962
0.1,0.3,0.3,0.1,1.0,0.9,0.8843287218288409,0.09250852250204328,0.2303150334876789,0.8664264047451681,0.8085120451222323
