X1,X2,X3,X4,X5,X6,y1,y2,y3,y4,y5
0.5,0.8,0.9,0.5,0.0,0.0,0.0,1.0,0.9,0.8831583688219932,0.6831583688219932
0.1,0.7,0.6,0.9,0.2,0.4,0.0,1.0000000000000009,0.9000000000000008,2.3953048303812245,2.195304830381225
0.5,0.2,0.4,1.0,0.2,0.4,0.4505835835936287,0.5494164164063711,0.4494164164063708,1.1398023032885236,0.9398023032885234
0.7,0.7,0.9,0.1,0.7,0.0,0.0,0.9999999999999998,0.8999999999999998,0.4037499257386867,0.20374992573868678
0.6,0.9,0.9,0.7,0.6,0.9,0.0,1.0000000000000058,0.9000000000000058,2.511746620209397,2.311746620209397
0.1,0.0,0.1,0.8,0.8,0.3,0.9000000000000001,0.10000000000000006,0.0,2.0662231016144865,1.8662231016144866
1.0,0.9,0.8,0.7,0.3,0.6,0.0,1.0,0.8999999999999999,1.7188839080120202,1.5188839080120204
0.5,0.1,0.9,0.3,0.4,0.8,0.0,0.9999999999999953,0.8999999999999954,1.3551460011749952,1.1551460011749954
0.1,1.0,0.4,0.0,0.3,0.9,0.5054889691493707,0.4945110308506293,0.3945110308506294,1.938774803226598,1.7387748032265977
0.2,0.0,0.4,0.9,0.2,0.7,0.4345175874211986,0.5654824125788012,0.4654824125788014,1.685526273384491,1.4855262733844905
0.7,1.0,0.9,0.8,0.6,0.9,0.0,1.0000000000000124,0.9000000000000126,2.750935580049464,2.5509355800494644
0.3,0.7,0.7,0.4,0.5,0.9,0.0,0.9999999999999836,0.8999999999999836,2.7437037739481545,2.5437037739481547
0.3,0.6,0.8,0.0,0.2,1.0,0.0,0.9999999999999958,0.8999999999999959,2.503728925898901,2.303728925898901
0.7,0.7,0.9,0.7,0.3,1.0,0.0,1.0000000000000107,0.9000000000000109,1.960862316917269,1.7608623169172692
0.0,0.8,0.7,0.7,0.1,0.1,0.0,1.0,0.9,2.2852667121568953,2.085266712156895
0.3,0.0,0.8,0.6,0.4,0.5,0.0,1.0000000000000002,0.9000000000000001,1.101664814669843,0.9016648146698429
0.6,0.2,0.5,0.7,0.8,0.4,0.0,1.0000000000000002,0.9000000000000001,2.1547991076178974,1.9547991076178974
0.4,0.7,0.7,0.4,0.9,0.0,0.0,0.9999999999999991,0.8999999999999991,1.4153202199698518,1.2153202199698518
0.2,0.0,1.0,0.7,0.1,0.7,0.0,1.0000000000000007,0.9000000000000007,2.1962600681538853,1.9962600681538853
0.9,0.8,1.0,0.4,0.0,0.1,0.05881810661240783,0.9411818933875922,0.8411818933875921,1.187746194220016,0.987746194220016
0.9,0.8,0.2,0.3,0.1,0.2,0.8999999999999959,0.1000000000000043,0.0,0.8132334987856163,0.6132334987856163
0.7,0.2,1.0,0.6,0.0,0.9,0.0,1.0000000000000013,0.9000000000000012,2.8552997222320498,2.65529972223205
0.2,0.6,0.6,0.2,0.7,0.7,0.0,0.9999999999999961,0.8999999999999962,3.1918169791338364,2.9918169791338363
0.0,0.6,0.5,0.1,1.0,0.4,0.0,1.0,0.9,1.6232970921494376,1.4232970921494377
0.6,0.0,0.6,0.5,0.1,0.2,0.2670539320274199,0.73294606797258,0.63294606797258,2.2162437601904603,2.01624376019046
0.1,0.5,0.4,1.0,0.0,0.7,0.04193509015104735,0.9580649098489524,0.8580649098489523,2.636150311750579,2.4361503117505787
0.8,0.9,0.5,0.7,0.0,0.9,0.0,1.0,0.9,3.711958074912591,3.511958074912591
0.3,0.9,0.1,0.4,0.4,0.6,0.9,0.10000000000000009,0.0,1.806312511419923,1.6063125114199228
0.8,0.8,0.9,0.2,0.7,0.5,0.0,0.9999999999999997,0.8999999999999997,1.1114265897866928,0.911426589786693
0.5,0.4,0.5,0.8,0.5,0.8,0.0,1.0000000000000002,0.9000000000000002,2.296721853585558,2.096721853585558
0.1,0.1,0.8,0.7,0.0,1.0,0.0,1.0000000000000022,0.900000000000002,3.737420647305675,3.537420647305675
0.3,0.4,0.2,0.0,0.3,0.5,0.8999999999999989,0.10000000000000131,0.0,0.21720702169643358,0.01720702169643329
0.1,0.2,0.4,0.3,0.0,0.6,0.6608774368303013,0.3391225631696988,0.23912256316969863,1.9016511058712315,1.7016511058712318
0.0,0.7,0.2,1.0,0.8,0.3,0.5358752343709534,0.4641247656290468,0.3641247656290466,1.5904337621706837,1.3904337621706833
0.0,0.8,0.4,0.2,0.9,0.0,0.9000000000000002,0.09999999999999987,0.0,0.563840613434057,0.363840613434057
0.3,0.8,0.1,1.0,0.4,0.3,0.9000000000000002,0.09999999999999981,0.0,1.182368532743295,0.9823685327432948
0.3,1.0,0.6,0.7,0.3,0.5,0.0,1.0000000000000009,0.900000000000001,2.6149611575444323,2.4149611575444325
0.3,0.2,0.4,0.4,0.0,0.3,0.9,0.10000000000000009,0.0,1.351479847507381,1.1514798475073809
0.3,0.8,0.3,0.5,0.6,0.7,0.5383509025512263,0.46164909744877347,0.3616490974487734,1.2676502117325268,1.0676502117325266
0.5,0.1,0.7,0.0,1.0,1.0,0.0,0.9999999999999984,0.8999999999999985,2.830609425793651,2.6306094257936508
0.2,0.8,0.2,0.1,0.4,0.0,0.9000000000000004,0.0999999999999999,0.0,0.20000000000000112,0.0
0.4,0.1,0.7,0.3,0.1,0.6,0.0,1.0000000000000004,0.9000000000000004,2.728193640851485,2.5281936408514847
0.6,0.9,1.0,0.6,0.9,0.6,0.0,1.0000000000000004,0.9000000000000004,1.8822218340529888,1.6822218340529889
0.0,0.0,0.2,0.9,0.6,0.0,0.9000000000000009,0.09999999999999917,0.0,1.1018428746069706,0.9018428746069705
0.6,0.7,0.0,0.3,0.9,0.0,0.7702899510133849,0.22971004898661462,0.12971004898661476,1.268412651866697,1.068412651866697
0.3,1.0,0.4,0.7,0.5,0.3,0.6664042030814901,0.33359579691851016,0.2335957969185098,1.2497396431026244,1.0497396431026242
0.8,0.8,0.0,0.6,0.7,0.9,0.22338496640320304,0.7766150335967974,0.6766150335967973,3.3483660840289486,3.148366084028949
0.5,0.4,0.9,1.0,0.5,0.2,0.0,1.0000000000000004,0.9000000000000006,0.485812007397437,0.2858120073974372
0.5,0.6,0.6,0.8,1.0,0.7,0.0,0.9999999999999842,0.8999999999999844,2.766686848682345,2.5666868486823446
0.7,0.7,0.2,0.6,0.0,0.5,0.6352142257674027,0.3647857742325977,0.26478577423259764,1.6046906876441742,1.4046906876441743
0.2,0.1,1.0,0.8,0.5,0.9,0.0,0.9999999999999855,0.8999999999999855,2.4743398433713972,2.2743398433713975
0.4,0.9,0.1,0.2,0.0,1.0,0.9,0.1,0.0,3.608664676736561,3.408664676736561
0.4,0.7,0.0,0.6,0.2,0.4,0.7123870789043987,0.2876129210956013,0.18761292109560115,1.8600622637208268,1.6600622637208267
0.3,0.6,0.7,0.6,0.3,0.0,0.0,1.0000000000000004,0.9000000000000004,1.4776107849428781,1.2776107849428784
0.6,0.4,0.7,0.6,0.2,1.0,0.0,0.9999999999999983,0.8999999999999984,3.2549077846971017,3.054907784697102
0.9,1.0,0.5,0.9,0.9,0.9,0.0,1.0000000000000002,0.9000000000000004,3.4962220184138957,3.2962220184138955
0.8,0.6,0.4,0.2,1.0,0.9,0.0,0.9999999999999999,0.8999999999999999,1.7297388915256282,1.5297388915256283
0.4,0.0,0.0,0.3,1.0,0.4,0.8999999999999998,0.10000000000000017,0.0,1.4247542386614136,1.2247542386614136
0.9,0.3,0.9,0.1,0.2,0.5,0.0,1.0,0.9,0.4352943016830841,0.2352943016830841
0.4,0.0,0.8,0.2,0.3,0.9,0.0,0.9999999999999989,0.8999999999999989,1.779371540908341,1.579371540908341
0.9,0.4,0.4,0.8,0.2,0.1,0.9000000000000004,0.09999999999999964,0.0,0.5721237779813306,0.37212377798133045
0.6,0.3,0.8,0.9,0.7,0.0,0.0,1.0000000000000004,0.9000000000000004,1.120792278557387,0.9207922785573871
0.5,0.2,0.2,1.0,1.0,1.0,0.0,1.0,0.9,2.261516282316647,2.0615162823166466
0.8,0.5,1.0,0.0,0.5,0.9,0.0,1.0000000000000044,0.9000000000000045,1.831838685282356,1.6318386852823563
0.8,1.0,0.6,0.6,0.0,0.4,0.0,1.0000000000000002,0.9000000000000002,3.262514340588765,3.062514340588765
0.7,0.3,0.0,0.1,0.6,1.0,0.6508990483225765,0.3491009516774235,0.24910095167742347,2.8603387892577503,2.6603387892577506
0.0,0.6,0.1,0.6,0.4,0.2,0.9,0.1,0.0,1.5558557355084917,1.3558557355084915
0.5,0.4,0.6,0.2,0.9,0.2,0.17751860534139374,0.8224813946586063,0.7224813946586064,1.5810696325622497,1.3810696325622498
0.7,0.5,0.0,0.7,1.0,0.8,0.0,1.0,0.9,2.7208509983136406,2.520850998313641
0.8,0.8,0.0,0.7,0.2,0.0,0.9000000000000002,0.09999999999999976,0.0,1.4391235442976684,1.2391235442976685
0.7,0.1,1.0,0.1,1.0,0.9,0.0,1.0000000000000089,0.900000000000009,1.813271783167664,1.613271783167664
0.5,0.1,0.5,0.9,1.0,0.6,0.0,0.9999999999999973,0.8999999999999975,2.1048865560740637,1.9048865560740635
0.4,0.9,0.8,0.7,1.0,0.5,0.0,0.999999999999998,0.8999999999999981,1.5549994886190186,1.3549994886190189
0.1,1.0,0.8,0.0,0.5,0.3,0.0,1.0,0.9000000000000001,1.2133621208403254,1.0133621208403254
0.9,0.0,0.4,0.8,0.6,0.2,0.9000000000000002,0.09999999999999987,0.0,0.9446937275140599,0.7446937275140598
0.4,0.3,1.0,0.2,0.0,0.0,0.25263551740884393,0.7473644825911558,0.6473644825911558,0.7421836440643338,0.5421836440643338
0.4,1.0,1.0,0.2,0.5,0.0,0.0,0.9999999999999999,0.8999999999999999,0.7836552169128487,0.5836552169128486
0.0,0.3,0.8,0.5,0.3,0.1,0.11791830192903618,0.8820816980709638,0.7820816980709636,0.6864702370712774,0.486470237071277
0.4,0.7,0.3,0.2,0.2,1.0,0.3858422491308554,0.6141577508691447,0.5141577508691447,1.6767360721384743,1.4767360721384744
0.2,0.6,0.6,1.0,0.0,1.0,0.0,1.0000000000000095,0.9000000000000096,4.607329900768908,4.407329900768908
0.1,0.5,1.0,0.6,0.5,0.8,0.0,0.9999999999999998,0.8999999999999998,2.227491563102258,2.0274915631022576
0.8,0.5,0.5,0.7,0.5,0.9,0.0,1.0000000000000007,0.9000000000000008,2.9165591287728403,2.7165591287728406
0.1,0.3,0.9,0.3,0.3,0.3,0.054745240445587484,0.9452547595544126,0.8452547595544125,0.2,0.0
0.6,0.1,0.3,0.0,0.5,0.0,0.9000000000000017,0.0999999999999985,0.0,0.19999999999999912,0.0
0.5,0.2,0.7,0.6,0.4,1.0,0.0,1.000000000000002,0.900000000000002,3.0336414192070977,2.8336414192070976
0.0,0.2,0.4,0.8,0.7,0.6,0.01752295778902946,0.9824770422109705,0.8824770422109706,2.1792417704653575,1.9792417704653573
0.7,0.7,1.0,1.0,0.1,0.7,0.0,0.9999999999999998,0.8999999999999997,2.1567641748512143,1.956764174851215
0.7,0.3,0.8,0.3,0.0,0.6,0.0,0.9999999999999998,0.8999999999999997,1.7716420753943254,1.5716420753943254
0.3,0.0,0.6,0.5,0.9,0.6,0.0,0.9999999999999998,0.8999999999999999,2.5583156077292837,2.3583156077292835
0.4,0.6,0.6,0.2,0.2,0.4,0.0,1.0000000000000002,0.9000000000000001,2.1392133054917517,1.939213305491752
1.0,0.1,0.2,0.3,0.9,0.3,0.899999999999999,0.1000000000000009,0.0,0.9493227720303729,0.7493227720303728
0.6,0.7,0.0,0.3,0.3,0.6,0.3044425142123772,0.6955574857876229,0.5955574857876228,1.6746769530174201,1.4746769530174202
0.8,1.0,0.6,0.5,0.1,0.3,0.0,1.0,0.9,2.888288580166558,2.688288580166558
0.2,0.6,0.3,1.0,0.6,0.7,0.0,1.0,0.9000000000000001,1.814238035200312,1.6142380352003118
0.2,0.8,0.0,0.1,0.8,0.6,0.7750389089686283,0.22496109103137152,0.12496109103137154,2.2467076600777114,2.0467076600777117
0.0,0.0,0.1,0.2,0.7,0.7,0.8999999999999999,0.1,0.0,2.6155685870712446,2.4155685870712444
0.4,0.4,1.0,0.0,0.1,0.0,0.4096094388753828,0.5903905611246169,0.4903905611246169,0.47943809008649396,0.2794380900864939
0.8,0.5,0.6,0.2,0.5,0.4,0.0,1.0,0.9000000000000001,1.9680334715255023,1.7680334715255024
0.3,0.0,0.6,0.2,0.1,0.9,0.0,1.0,0.9,3.3619902868838563,3.1619902868838565
0.4,0.4,0.0,0.9,0.8,0.7,0.2973122035104925,0.7026877964895077,0.6026877964895074,2.825379076161032,2.625379076161032
0.7,0.6,0.1,1.0,0.7,0.2,0.27595458748212653,0.724045412517873,0.6240454125178734,2.1376106699483044,1.9376106699483042
0.4,0.5,0.6,0.7,0.2,0.0,0.0,1.0,0.9,2.0229368458796677,1.8229368458796675
0.5,0.2,0.7,0.9,0.9,0.7,0.0,1.0000000000000069,0.9000000000000069,2.732160233885881,2.532160233885881
0.1,0.1,0.4,0.6,0.5,0.6,0.18706971058988864,0.8129302894101111,0.7129302894101113,1.5615869920163465,1.3615869920163464
0.4,0.1,0.1,0.5,0.1,0.2,0.8999999999999998,0.10000000000000019,0.0,1.9220344833826886,1.7220344833826886
0.6,0.2,0.3,0.3,0.2,0.3,0.9000000000000002,0.0999999999999997,0.0,0.32267564282151195,0.12267564282151187
0.0,1.0,0.0,0.1,0.5,0.0,0.9,0.09999999999999995,0.0,1.7691818533662207,1.5691818533662207
0.5,0.8,0.8,0.0,0.0,0.0,0.2419825483685627,0.7580174516314372,0.658017451631437,0.84956678486046,0.64956678486046
0.9,0.8,0.5,0.9,0.3,0.4,0.3266747510007346,0.673325248999266,0.573325248999266,1.4279660417875242,1.2279660417875242
0.0,0.9,0.8,0.6,0.3,1.0,0.0,1.0000000000000009,0.9000000000000009,3.0626805099070675,2.862680509907068
0.9,0.9,0.0,0.8,0.1,0.6,0.9,0.09999999999999999,0.0,3.0236604300803154,2.8236604300803156
0.6,0.1,0.3,0.7,0.3,0.2,0.9,0.09999999999999998,0.0,0.30529697142836065,0.10529697142836064
0.3,0.0,1.0,0.2,0.8,1.0,0.0,0.9999999999999962,0.8999999999999962,2.6570666435156767,2.457066643515677
0.2,0.9,0.0,0.1,0.3,0.9,0.9,0.09999999999999998,0.0,2.6928434849979492,2.492843484997949
0.4,0.8,0.8,0.8,0.2,0.8,0.0,1.0000000000000027,0.9000000000000027,2.12466899088908,1.92466899088908
0.6,0.4,0.9,0.0,1.0,0.5,0.0,1.0,0.9000000000000001,0.1999999999999998,0.0
1.0,0.5,0.6,0.1,0.7,0.6,0.0,1.0000000000000004,0.9000000000000004,2.8126765031427423,2.612676503142742
0.5,0.7,0.1,0.9,0.7,0.5,0.05861824482887412,0.9413817551711254,0.8413817551711258,2.2106217634638567,2.010621763463857
0.6,0.7,0.6,1.0,0.7,0.5,0.0,1.0000000000000007,0.9000000000000008,2.812655790264481,2.612655790264481
0.6,0.8,0.7,0.4,0.2,1.0,0.0,0.9999999999999993,0.8999999999999994,3.181786394980404,2.9817863949804044
0.4,0.0,0.0,0.3,0.5,0.9,0.7133132405310454,0.28668675946895483,0.1866867594689544,2.6242599693964737,2.4242599693964735
0.0,0.3,0.6,0.5,0.1,1.0,0.0,1.0,0.9,4.008556935384691,3.808556935384691
0.1,0.8,0.4,0.7,0.0,0.1,0.9000000000000002,0.09999999999999987,0.0,1.309665087557992,1.109665087557992
0.7,0.1,0.5,0.4,1.0,0.5,0.0,1.0,0.9,1.7118298110951384,1.5118298110951385
0.6,1.0,0.2,0.5,1.0,0.3,0.9,0.1,0.0,1.0022981120464958,0.8022981120464957
0.9,0.3,0.9,0.5,0.1,0.9,0.0,0.9999999999999997,0.8999999999999997,2.0782939407717165,1.8782939407717167
0.7,0.7,0.0,0.8,0.6,0.1,0.5127068501506602,0.48729314984933936,0.3872931498493391,1.7352298754622946,1.5352298754622948
0.2,0.0,1.0,0.4,0.4,0.6,0.0,1.0000000000000016,0.9000000000000017,1.0724084251260941,0.8724084251260942
0.1,0.0,0.9,0.4,0.9,0.3,0.0,1.0,0.9,0.8740798048024293,0.6740798048024293
0.0,1.0,0.5,0.1,0.1,0.9,0.0076293333961319765,0.992370666603868,0.892370666603868,3.6393395236748525,3.4393395236748523
0.6,1.0,0.0,0.2,0.8,1.0,0.09597406228385585,0.9040259377161437,0.8040259377161436,3.9095670240476466,3.7095670240476464
0.3,0.7,0.2,0.5,0.6,0.0,0.9,0.09999999999999999,0.0,0.6100887864286864,0.4100887864286863
0.4,0.2,0.3,0.1,0.0,0.5,0.9000000000000001,0.09999999999999991,0.0,0.992609754720262,0.792609754720262
0.7,0.0,0.2,0.2,1.0,0.0,0.9000000000000001,0.09999999999999995,0.0,0.20000000000000068,0.0
0.9,0.5,0.1,0.1,0.6,0.3,0.8999999999999992,0.10000000000000084,0.0,1.5178927855848314,1.3178927855848315
0.2,0.1,0.1,0.2,0.7,0.5,0.8715553672686848,0.12844463273131534,0.028444632731315478,2.2188392432761623,2.0188392432761626
0.2,0.9,0.4,0.7,0.3,0.5,0.8159194222503399,0.18408057774966013,0.08408057774966016,1.2435949085277032,1.043594908527703
0.0,0.2,0.1,0.4,0.9,0.4,0.9000000000000001,0.09999999999999992,0.0,1.9586286670842843,1.7586286670842843
0.6,0.9,0.3,1.0,0.8,0.8,0.06459982780324891,0.9354001721967506,0.8354001721967509,2.2219602604256066,2.0219602604256064
0.7,0.1,0.8,1.0,0.7,0.8,0.0,1.0000000000000002,0.9000000000000002,2.897939378135168,2.6979393781351684
0.9,0.2,0.2,0.5,1.0,0.5,0.8783202312919824,0.12167976870801667,0.02167976870801669,0.8517709170523088,0.6517709170523088
0.3,0.5,0.9,1.0,0.2,0.7,0.0,0.9999999999999964,0.8999999999999966,1.8693609413886263,1.6693609413886266
0.4,0.1,0.6,0.9,0.8,0.1,0.0,0.9999999999999998,0.8999999999999999,2.5247944195858274,2.3247944195858277
0.8,0.1,0.6,0.2,0.6,0.1,0.0,1.0,0.9,1.9524901021559757,1.7524901021559758
0.8,0.3,0.7,0.0,0.7,0.0,0.2376265942932969,0.7623734057067033,0.6623734057067032,1.1908622755144713,0.9908622755144713
0.0,1.0,0.7,0.3,0.9,0.5,0.0,0.9999999999999998,0.8999999999999997,2.8590146825993914,2.6590146825993917
1.0,0.2,0.5,0.1,0.2,1.0,0.24124711419046863,0.7587528858095314,0.6587528858095313,2.803671882596507,2.6036718825965073
0.5,1.0,0.3,0.3,0.6,0.1,0.8999999999999999,0.09999999999999999,0.0,0.7535239674303884,0.5535239674303883
0.8,0.1,0.8,0.6,0.4,0.6,0.0,1.0000000000000002,0.9000000000000002,1.5159450363790725,1.3159450363790728
0.9,0.5,0.4,1.0,0.7,0.2,0.5555280084202598,0.44447199157974016,0.3444719915797402,1.5056958882899028,1.3056958882899026
0.0,0.2,0.0,0.5,0.9,1.0,0.1578974055864637,0.8421025944135367,0.7421025944135369,3.7349026384449093,3.534902638444909
0.4,0.1,0.4,0.5,0.2,0.9,0.14691455630311068,0.8530854436968891,0.753085443696889,2.2488996399744603,2.0488996399744606
0.3,0.1,0.5,1.0,0.1,0.1,0.26590970968840355,0.7340902903115971,0.6340902903115969,2.1251444779446627,1.925144477944663
0.7,0.1,0.2,0.6,0.0,0.7,0.531900962811187,0.46809903718881296,0.36809903718881287,2.3055519829644266,2.1055519829644265
0.7,0.4,0.3,0.2,0.7,0.8,0.715214171120601,0.2847858288793992,0.18478582887939926,1.4229835670978137,1.2229835670978138
0.5,0.2,0.4,0.9,0.2,0.2,0.7278901723540656,0.2721098276459346,0.17210982764593466,0.8469970014182719,0.6469970014182718
0.3,0.5,0.9,0.6,0.4,0.9,0.0,1.000000000000002,0.900000000000002,1.8799701002647893,1.6799701002647895
0.0,0.2,0.8,0.3,1.0,0.7,0.0,1.0000000000000016,0.9000000000000016,1.7944329628721714,1.5944329628721716
0.3,0.9,0.2,0.3,0.8,0.8,0.7744779880602,0.22552201193980004,0.1255220119398001,2.2775463499754975,2.077546349975498
0.0,0.2,0.6,1.0,0.8,0.3,0.0,0.9999999999999998,0.8999999999999997,2.9306329926681673,2.7306329926681676
0.6,1.0,0.4,0.9,0.7,0.6,0.0,1.0000000000000002,0.9000000000000001,2.3272995676131467,2.1272995676131465
0.3,0.2,0.9,1.0,0.1,0.5,0.0,0.9999999999999968,0.8999999999999968,1.6444618202796943,1.4444618202796946
0.5,1.0,0.6,0.9,0.4,0.6,0.0,1.0000000000000004,0.9000000000000004,2.7491778997782053,2.5491778997782055
0.7,0.8,0.5,0.7,0.2,1.0,0.0,0.9999999999999999,0.8999999999999999,3.083732929025252,2.8837329290252525
0.5,0.3,0.4,0.5,0.9,1.0,0.10924351192686221,0.890756488073138,0.790756488073138,2.1403754950338385,1.9403754950338388
0.2,0.4,0.0,1.0,1.0,0.3,0.9,0.09999999999999998,0.0,1.602921306234717,1.402921306234717
1.0,0.5,0.2,1.0,0.6,0.2,0.8999999999999998,0.10000000000000026,0.0,1.2762055764951807,1.0762055764951808
0.8,0.0,0.2,0.6,0.4,0.8,0.8206418489409475,0.1793581510590525,0.07935815105905258,1.3580519461240674,1.1580519461240675
0.4,0.3,0.4,0.9,0.8,0.3,0.7309948625129146,0.26900513748708565,0.1690051374870855,1.0444505382819664,0.844450538281966
0.5,0.2,0.0,0.7,0.9,0.8,0.0,1.0,0.9,2.871728873593939,2.671728873593939
0.1,0.4,0.6,0.1,0.6,0.9,0.0,1.0000000000000004,0.9000000000000004,3.1240624502732612,2.9240624502732615
0.3,0.4,0.3,0.7,0.3,0.8,0.7651641616884453,0.23483583831155486,0.13483583831155496,1.0599994062532445,0.8599994062532441
1.0,0.3,0.4,0.4,0.4,1.0,0.8102087343992146,0.18979126560078563,0.08979126560078554,1.651292896955212,1.451292896955212
0.6,0.3,0.0,0.4,1.0,0.6,0.5990023961650475,0.4009976038349521,0.3009976038349519,1.6150532098949542,1.415053209894954
1.0,0.4,0.9,0.3,0.0,0.6,0.0,1.0,0.8999999999999999,1.5161557026973227,1.3161557026973227
0.2,0.9,0.2,0.9,0.0,1.0,0.720255208424551,0.27974479157544885,0.17974479157544887,3.415187021096734,3.2151870210967344
0.1,0.2,0.4,0.6,0.0,0.6,0.46580793393743813,0.5341920660625616,0.43419206606256167,2.099148656520176,1.8991486565201758
0.0,0.0,1.0,0.2,0.6,0.4,0.0,0.9999999999999998,0.8999999999999999,1.370550790188918,1.170550790188918
1.0,1.0,0.1,0.5,0.8,0.2,0.8999999999999995,0.10000000000000062,0.0,2.2188399725522747,2.0188399725522745
0.2,0.6,0.5,0.1,0.2,0.7,0.0,1.0000000000000004,0.9000000000000004,2.2089770491485554,2.0089770491485557
0.6,0.7,0.4,0.5,0.7,0.2,0.3484405206718404,0.6515594793281596,0.5515594793281596,0.9988952797755689,0.7988952797755688
0.3,0.7,0.4,0.1,0.5,1.0,0.0015763538192484772,0.9984236461807514,0.8984236461807511,1.7824926127433267,1.582492612743327
0.8,0.3,1.0,0.1,0.0,0.8,0.0,1.0000000000000009,0.9000000000000008,1.8907410055527127,1.6907410055527128
0.8,0.4,0.4,0.2,0.6,0.8,0.5689575676988328,0.43104243230116723,0.33104243230116737,1.548809939043046,1.3488099390430461
0.5,0.7,0.7,1.0,0.9,0.7,0.0,0.9999999999999729,0.8999999999999728,2.6560129984110645,2.4560129984110652
1.0,1.0,1.0,0.8,0.8,0.9,0.0,0.9999999999999964,0.8999999999999965,3.227585820572592,3.0275858205725923
0.4,0.9,0.6,0.2,0.3,1.0,0.0,0.9999999999999998,0.8999999999999997,3.300948467312579,3.1009484673125787
0.4,0.3,0.5,0.2,0.6,0.9,0.0,1.0,0.9,2.4502129198539357,2.250212919853936
0.6,0.0,0.4,0.7,0.3,0.7,0.34485830614505875,0.6551416938549408,0.5551416938549407,1.2135963504526937,1.0135963504526937
0.6,0.5,0.0,0.2,1.0,0.9,0.13376434800539405,0.866235651994606,0.7662356519946055,2.670054376338147,2.470054376338147
0.9,0.3,0.2,0.5,0.1,0.7,0.8999999999999997,0.10000000000000026,0.0,1.6044970462374455,1.4044970462374453
0.9,0.8,0.7,0.3,0.1,0.7,0.0,0.9999999999999998,0.8999999999999997,2.64166919063819,2.4416691906381898
0.3,0.7,0.9,0.3,0.8,1.0,0.0,0.9999999999999921,0.8999999999999923,2.4479525748432454,2.2479525748432456
0.7,0.4,0.9,0.8,0.9,1.0,0.0,1.000000000000004,0.900000000000004,2.3236222300844176,2.1236222300844174
0.5,0.6,0.0,0.3,0.3,0.5,0.43526525773132885,0.5647347422686708,0.4647347422686709,1.7953817236462926,1.5953817236462924
0.1,0.8,1.0,0.5,0.2,0.3,0.0,0.9999999999999999,0.8999999999999999,1.0867121748336341,0.8867121748336341
1.0,0.3,0.7,0.6,0.8,0.7,0.0,0.9999999999999993,0.8999999999999995,2.671591400118097,2.471591400118097
1.0,1.0,0.8,0.2,0.7,0.7,0.0,0.9999999999999987,0.8999999999999988,2.541974750328636,2.3419747503286357
0.8,0.7,0.2,0.3,0.7,0.0,0.9000000000000001,0.09999999999999992,0.0,0.6636999756848996,0.4636999756848995
1.0,0.4,0.0,0.8,1.0,0.9,0.6269592762243428,0.3730407237756572,0.27304072377565736,2.7033478985793558,2.5033478985793556
1.0,0.4,0.2,0.7,0.8,0.3,0.8999999999999986,0.10000000000000156,0.0,1.128633691666612,0.9286336916666118
0.4,0.0,0.7,1.0,0.7,0.9,0.0,1.000000000000004,0.9000000000000039,3.581785975166914,3.381785975166914
0.8,0.7,0.1,0.4,0.8,0.3,0.7969710476224123,0.20302895237758767,0.10302895237758798,1.6661002287470246,1.4661002287470244
0.9,0.4,0.2,0.9,0.0,0.1,0.9000000000000048,0.09999999999999534,0.0,1.145801345590124,0.9458013455901239
0.2,1.0,0.8,0.3,0.6,0.9,0.0,0.9999999999999952,0.8999999999999952,2.995848137249923,2.7958481372499233
0.7,0.8,0.6,0.9,0.9,0.9,0.0,0.9999999999999967,0.8999999999999966,3.3562676061029344,3.1562676061029347
0.8,0.2,0.1,0.6,0.4,0.9,0.386524249974904,0.613475750025096,0.5134757500250959,2.3716767532451755,2.1716767532451753
1.0,0.3,0.1,0.3,0.6,1.0,0.9000000000000001,0.09999999999999999,0.0,2.7865605882534172,2.586560588253417
0.5,0.4,0.9,0.6,0.8,1.0,0.0,0.9999999999999957,0.8999999999999957,2.553835878719153,2.3538358787191536
0.4,0.0,1.0,0.3,0.9,0.3,0.0,1.0000000000000002,0.9000000000000002,0.8794911140054407,0.6794911140054407
0.8,0.2,0.8,0.7,0.4,0.6,0.0,0.9999999999999996,0.8999999999999997,1.3656871420289043,1.1656871420289046
0.4,0.7,0.5,0.5,0.4,0.7,0.0,0.9999999999999991,0.899999999999999,1.7798995951474288,1.5798995951474288
0.7,0.2,1.0,1.0,0.8,0.1,0.0,1.0000000000000009,0.9000000000000009,1.3453770492124129,1.1453770492124131
0.7,0.1,1.0,0.5,0.1,0.8,0.0,1.0000000000000027,0.9000000000000027,2.5237450718905556,2.3237450718905555
0.1,0.2,0.2,0.0,1.0,0.3,0.8999999999999998,0.10000000000000042,0.0,0.2727365965012467,0.07273659650124664
1.0,1.0,0.3,0.4,0.7,0.7,0.6596433225612675,0.34035667743873255,0.24035667743873224,2.0168759120551942,1.8168759120551943
0.3,0.7,0.6,0.5,0.7,0.2,0.0,0.9999999999999996,0.8999999999999995,2.2589564985076462,2.0589564985076465
0.7,0.5,1.0,0.5,0.8,0.7,0.0,1.0000000000000089,0.9000000000000087,2.2768464621061066,2.076846462106107
0.1,0.4,1.0,0.2,0.1,0.4,0.028496339672484994,0.971503660327515,0.8715036603275148,1.3078512645643596,1.1078512645643597
0.7,0.6,0.4,0.1,0.3,0.0,0.8730856020857827,0.12691439791421738,0.02691439791421736,0.2,0.0
0.1,0.4,0.0,0.0,0.2,0.4,0.8999999999999987,0.10000000000000142,0.0,1.4849217388829277,1.2849217388829275
1.0,0.8,0.7,0.3,0.1,1.0,0.0,1.0000000000000004,0.9000000000000004,3.50173166510977,3.30173166510977
0.0,0.5,1.0,0.7,0.1,1.0,0.0,1.0000000000000027,0.9000000000000027,3.5636481316794004,3.3636481316794007
0.4,0.8,0.4,0.2,0.1,0.3,0.9000000000000007,0.0999999999999994,0.0,0.8385515756276152,0.6385515756276152
0.1,0.7,0.7,0.0,0.7,0.2,0.0,1.0000000000000002,0.9000000000000001,1.7416013655195344,1.5416013655195344
1.0,0.3,0.4,0.0,0.4,0.4,0.9000000000000004,0.09999999999999978,0.0,0.2000000000000003,0.0
0.4,0.4,0.2,0.2,0.4,0.3,0.8999999999999977,0.10000000000000263,0.0,0.20000000000000084,0.0
0.0,0.2,0.3,0.5,0.1,0.0,0.8999999999999978,0.10000000000000217,0.0,0.8806602659772642,0.680660265977264
0.9,0.3,0.8,0.6,0.7,0.0,0.0,1.0,0.9,1.0496404507298727,0.8496404507298726
0.8,0.0,0.4,0.8,0.8,0.3,0.827818061458014,0.1721819385419865,0.07218193854198618,1.2373563069494808,1.0373563069494809
1.0,0.1,0.2,1.0,0.7,0.6,0.47843799874781023,0.5215620012521889,0.42156200125219007,2.1047487723163902,1.9047487723163905
0.7,0.3,0.0,0.3,0.3,0.3,0.8999999999999992,0.10000000000000077,0.0,1.0119978335112028,0.8119978335112028
0.1,0.2,0.0,0.3,0.7,0.5,0.7424957827456091,0.2575042172543909,0.15750421725439057,2.521621984899598,2.321621984899598
0.8,0.0,0.4,0.1,0.4,1.0,0.6956406577785272,0.3043593422214732,0.20435934222147328,1.574084549991777,1.3740845499917769
0.6,0.8,0.8,0.0,0.0,0.6,0.0,1.0000000000000002,0.9000000000000001,1.6396029354981139,1.439602935498114
0.6,0.8,0.9,0.3,0.9,1.0,0.0,1.000000000000006,0.9000000000000059,2.100004138486713,1.9000041384867132
0.7,0.1,0.0,0.3,0.1,0.9,0.4339275992526914,0.5660724007473084,0.4660724007473084,3.410393680622192,3.2103936806221918
0.3,0.9,0.3,0.2,0.6,0.1,0.900000000000003,0.09999999999999697,0.0,0.491924004476325,0.29192400447632494
0.7,0.3,0.7,0.0,0.3,0.3,0.20651582598349139,0.7934841740165087,0.6934841740165085,0.7612795202351372,0.5612795202351374
0.8,0.9,0.0,0.9,0.5,0.3,0.9,0.1,0.0,2.019638710414582,1.8196387104145817
0.4,0.4,1.0,0.0,0.8,0.8,0.0,1.0000000000000007,0.9000000000000007,1.72779294565481,1.5277929456548103
0.7,0.8,1.0,0.3,0.2,1.0,0.0,0.9999999999999993,0.8999999999999994,2.30065608680436,2.1006560868043604
0.3,0.1,0.9,0.9,0.4,0.5,0.0,1.0000000000000013,0.9000000000000015,1.0376673145841695,0.8376673145841698
0.9,0.4,0.8,0.6,0.5,0.0,0.0731360806528536,0.9268639193471464,0.8268639193471468,0.601139061269768,0.40113906126976817
0.8,0.6,0.6,0.8,0.6,1.0,0.0,0.9999999999999897,0.8999999999999898,4.0816554445844515,3.8816554445844513
0.4,0.0,0.4,0.5,0.4,0.9,0.4408205402309915,0.5591794597690085,0.4591794597690084,1.601879678773362,1.401879678773362
0.2,0.0,0.2,0.3,0.6,0.8,0.9,0.1,0.0,1.810941667693458,1.6109416676934578
0.7,0.2,0.1,0.3,0.1,0.2,0.8999999999999996,0.1000000000000003,0.0,1.5772807090043763,1.3772807090043762
0.2,0.3,0.9,0.2,0.6,1.0,0.0,0.9999999999999999,0.8999999999999999,2.0396102495453086,1.8396102495453086
0.2,0.9,0.1,0.1,0.5,0.4,0.9000000000000007,0.0999999999999992,0.0,1.4530431167432127,1.2530431167432128
0.8,0.4,0.7,0.2,0.3,0.0,0.4048422539851959,0.5951577460148041,0.495157746014804,0.7986300764654922,0.5986300764654923
0.5,0.8,0.2,0.9,0.4,0.0,0.9000000000000002,0.09999999999999966,0.0,0.20000000000000004,0.0
0.0,0.3,0.4,0.9,0.6,0.7,0.21496188970946695,0.7850381102905328,0.6850381102905327,1.8947336047935455,1.6947336047935455
0.6,0.8,0.0,0.8,0.0,0.5,0.7354268353697841,0.26457316463021574,0.16457316463021565,2.6170880609891753,2.4170880609891756
0.2,0.0,0.8,0.6,0.1,0.9,0.0,0.9999999999999987,0.8999999999999987,2.841268267795715,2.6412682677957147
0.5,0.0,0.0,0.8,0.1,0.3,0.8999999999999999,0.10000000000000014,0.0,2.1846698899998014,1.9846698899998012
0.7,0.5,0.1,0.2,0.6,0.3,0.9,0.09999999999999996,0.0,1.6028363903371297,1.4028363903371295
0.2,0.1,0.8,0.6,0.5,1.0,0.0,1.0000000000000009,0.9000000000000007,2.8822269377578182,2.682226937757818
0.9,0.1,0.5,0.1,1.0,0.6,0.0,1.0,0.9,1.636594615588692,1.436594615588692
0.3,0.0,0.5,0.7,0.3,0.2,0.7325841925118511,0.26741580748814875,0.16741580748814885,1.1863354034606348,0.9863354034606348
0.9,0.4,0.4,0.4,0.9,0.9,0.4700666861436469,0.5299333138563531,0.42993331385635314,1.90485906185009,1.70485906185009
0.9,0.4,0.8,0.1,0.6,0.6,0.0,1.0,0.9000000000000001,1.3460056843262405,1.1460056843262405
0.7,0.2,0.4,0.5,0.7,0.3,0.5948232147972763,0.4051767852027237,0.30517678520272373,1.2340432309960416,1.0340432309960417
0.7,0.1,0.6,0.7,0.9,0.4,0.0,0.9999999999999991,0.899999999999999,2.518808060550558,2.318808060550558
1.0,0.8,0.7,0.0,0.4,0.1,0.5327383107052084,0.4672616892947917,0.3672616892947915,0.67609148357119,0.47609148357119
0.9,0.7,0.8,0.6,0.9,0.1,0.0,1.0000000000000007,0.9000000000000007,0.9763781947337832,0.7763781947337833
0.8,0.3,0.4,0.7,0.2,0.2,0.9000000000000004,0.09999999999999962,0.0,0.5045191438634545,0.30451914386345447
0.6,0.1,0.2,0.2,0.1,0.5,0.9000000000000001,0.10000000000000003,0.0,1.4218754886917313,1.2218754886917311
0.5,0.2,0.3,0.3,0.3,0.0,0.899999999999999,0.10000000000000098,0.0,0.20000000000000123,0.0
0.5,0.3,0.1,0.0,0.6,0.4,0.9000000000000001,0.10000000000000002,0.0,1.044059816315005,0.8440598163150048
0.3,0.1,1.0,0.5,0.5,0.9,0.0,0.9999999999999906,0.8999999999999906,2.3061299276723224,2.1061299276723227
1.0,0.0,0.6,1.0,0.7,1.0,0.0,0.9999999999999981,0.8999999999999981,4.136465124544361,3.9364651245443607
0.8,0.2,0.8,0.5,0.0,0.8,0.0,1.0000000000000016,0.9000000000000016,2.684188409307346,2.4841884093073463
1.0,0.2,1.0,0.8,0.9,0.4,0.0,0.9999999999999994,0.8999999999999995,1.3705648893361169,1.170564889336117
0.1,0.2,0.1,0.6,0.5,0.0,0.9,0.09999999999999987,0.0,1.2330974528029317,1.0330974528029315
0.6,0.1,0.0,0.1,0.3,1.0,0.42981788712976976,0.5701821128702305,0.4701821128702305,2.8405511452801013,2.640551145280101
0.5,0.4,0.7,0.6,0.4,0.2,0.0,1.0,0.9,1.2032106403064027,1.0032106403064027
0.9,0.3,0.2,0.8,1.0,0.4,0.8999999999999999,0.1000000000000002,0.0,0.5107080380973779,0.3107080380973778
0.2,0.5,0.1,1.0,0.2,0.5,0.6657200935407437,0.3342799064592563,0.23427990645925623,2.2363727071482704,2.0363727071482707
0.3,0.3,0.3,0.2,1.0,0.8,0.7845545158399139,0.2154454841600857,0.1154454841600856,0.6416158952236584,0.4416158952236582
0.1,0.9,0.6,0.4,0.3,0.4,0.19441599480179628,0.8055840051982037,0.7055840051982032,2.2431050500158936,2.043105050015894
0.8,0.3,0.8,0.7,0.1,0.3,0.0,1.0,0.9,1.342625165121455,1.142625165121455
0.4,0.0,0.2,0.3,0.4,0.2,0.9000000000000024,0.09999999999999765,0.0,0.2,0.0
0.0,1.0,1.0,0.5,0.8,0.7,0.0,1.0000000000000093,0.9000000000000093,2.9010358927064557,2.7010358927064564
0.8,0.8,0.4,0.6,0.3,0.4,0.9,0.1,0.0,0.5773358890609698,0.37733588906096976
0.5,0.1,0.4,0.5,0.2,0.4,0.7245279389306243,0.2754720610693755,0.17547206106937532,1.1468712478863377,0.9468712478863376
0.0,0.8,0.3,0.7,0.0,0.3,0.8999999999999997,0.10000000000000048,0.0,1.3397847149614748,1.1397847149614748
0.5,0.5,0.8,0.2,0.1,0.9,0.0,1.000000000000003,0.9000000000000031,2.7200483969586178,2.520048396958618
0.3,0.1,0.2,0.8,0.9,0.9,0.05065605995135636,0.9493439400486441,0.8493439400486449,2.448368161602226,2.248368161602226
0.9,1.0,0.0,1.0,0.1,0.0,0.8999999999999998,0.1000000000000003,0.0,2.503171820834998,2.3031718208349976
0.3,0.1,0.0,0.6,1.0,0.3,0.8048524598486422,0.19514754015135738,0.0951475401513584,1.7712571016044985,1.5712571016044983
0.5,1.0,1.0,0.5,0.1,0.4,0.0,1.0000000000000002,0.9000000000000002,1.9974138225237572,1.7974138225237573
0.9,0.4,0.0,0.7,0.7,0.5,0.8999999999999999,0.1,0.0,2.4226633379547393,2.222663337954739
1.0,0.4,0.3,0.7,0.5,0.0,0.9000000000000004,0.0999999999999997,0.0,0.20000000000000032,0.0
0.9,0.7,0.0,0.8,0.7,0.7,0.0,1.0,0.9,2.903673266015502,2.703673266015502
0.4,0.1,0.5,0.0,0.2,0.3,0.7196768875563914,0.2803231124436086,0.1803231124436086,1.3197332078384476,1.1197332078384474
0.7,0.7,0.7,0.0,0.2,0.5,0.0,0.9999999999999991,0.899999999999999,1.5617979189312496,1.3617979189312497
0.6,0.2,1.0,0.3,0.8,0.5,0.0,0.9999999999999976,0.8999999999999976,1.5320718478914488,1.332071847891449
0.1,0.2,0.6,1.0,0.5,1.0,0.0,1.000000000000008,0.9000000000000079,3.7858692431117245,3.5858692431117247
0.5,0.6,0.8,0.2,0.7,0.2,0.0,1.0000000000000009,0.9000000000000008,1.4149747045374879,1.214974704537488
0.9,0.6,0.4,0.1,0.7,0.8,0.0,1.0,0.9,2.0441430887508285,1.8441430887508286
0.9,0.7,0.9,0.4,0.7,0.7,0.0,0.9999999999999949,0.8999999999999949,1.7078006712442082,1.5078006712442085
0.5,0.6,1.0,0.6,0.1,0.3,0.0,0.9999999999999996,0.8999999999999996,1.6308222552811007,1.430822255281101
1.0,0.0,0.7,0.8,0.2,0.0,0.36317246018876626,0.6368275398112342,0.5368275398112341,1.5900840810630796,1.3900840810630795
0.3,0.4,0.7,0.6,0.1,0.8,0.0,0.9999999999999991,0.8999999999999991,3.0638114711050743,2.863811471105074
1.0,0.8,0.9,0.0,0.6,0.0,0.3313242205349431,0.668675779465057,0.568675779465057,0.2,0.0
0.7,0.4,0.6,0.1,0.2,0.6,0.0,1.0,0.9,2.0163264220270083,1.8163264220270083
0.3,1.0,0.2,0.0,0.5,0.1,0.9000000000000002,0.0999999999999999,0.0,0.48500739598675746,0.2850073959867574
0.9,1.0,0.6,0.8,0.9,0.2,0.0,1.0,0.9000000000000001,2.592625301475387,2.3926253014753867
0.6,0.9,0.6,0.1,0.0,0.6,0.0,1.0,0.9,2.995528002232404,2.7955280022324036
0.5,0.4,0.5,0.8,0.4,0.6,0.0,1.0,0.9,1.6161227669848826,1.4161227669848826
0.0,0.5,0.6,0.7,0.5,0.9,0.0,1.0000000000000027,0.9000000000000026,3.7252181685531345,3.5252181685531347
0.0,0.4,0.0,0.6,0.9,0.4,0.9000000000000001,0.0999999999999999,0.0,2.2102413126695137,2.0102413126695136
0.4,0.0,0.5,0.5,0.1,0.0,0.9000000000000001,0.10000000000000002,0.0,1.5704303879852195,1.3704303879852193
0.5,0.5,0.5,0.0,0.6,0.0,0.591382404019835,0.408617595980165,0.308617595980165,1.1832539291497215,0.9832539291497215
0.1,0.3,0.7,0.6,0.0,0.6,0.0,1.0000000000000004,0.9000000000000004,2.8056075042621913,2.6056075042621916
0.9,0.5,1.0,0.1,0.7,0.4,0.0,1.0000000000000007,0.9000000000000008,1.4354992758456286,1.2354992758456287
0.7,0.6,0.2,0.0,1.0,0.5,0.5359448446827924,0.46405515531720853,0.36405515531720806,0.5762244519153816,0.3762244519153817
0.4,0.8,0.2,0.6,0.8,1.0,0.3437645112217016,0.6562354887782988,0.5562354887782985,2.663424244504664,2.4634242445046644
0.1,0.8,0.3,0.9,0.7,0.6,0.3863174046602389,0.6136825953397613,0.5136825953397616,1.57501244849195,1.3750124484919501
0.5,0.6,0.9,0.0,0.2,0.1,0.0,0.9999999999999998,0.8999999999999999,0.2807326458057867,0.08073264580578685
0.6,0.4,0.6,0.3,0.6,0.0,0.2481432362311491,0.7518567637688508,0.6518567637688508,1.5957681900886098,1.39576819008861
0.2,0.9,0.2,0.7,1.0,0.4,0.9000000000000001,0.10000000000000002,0.0,1.1151327295997606,0.9151327295997607
0.1,1.0,0.2,0.6,0.2,0.9,0.5591898256106227,0.4408101743893773,0.34081017438937744,2.748690999110227,2.5486909991102267
0.0,0.7,0.5,0.8,0.4,0.9,0.0,0.9999999999999998,0.8999999999999999,2.7591838631861005,2.5591838631861004
0.1,0.2,0.8,0.7,0.8,0.2,0.0,1.0,0.8999999999999999,1.692720027248204,1.492720027248204
0.6,0.2,0.9,0.2,1.0,0.2,0.0,1.0000000000000002,0.9000000000000001,0.20000000000000012,0.0
0.0,0.7,0.1,0.1,0.1,0.4,0.8999999999999999,0.10000000000000009,0.0,1.8688473366637628,1.6688473366637626
0.1,0.0,0.5,0.0,0.4,0.1,0.9000000000000001,0.09999999999999987,0.0,0.628517335418712,0.42851733541871195
0.9,0.5,0.3,0.0,0.7,0.0,0.8999999999999991,0.10000000000000066,0.0,0.3368784295729649,0.13687842957296484
0.8,0.0,0.5,0.0,0.4,0.4,0.8940102830621259,0.10598971693787396,0.00598971693787409,0.8077281155968753,0.6077281155968753
1.0,0.6,0.7,0.9,0.2,0.2,0.0,1.0000000000000009,0.9000000000000008,2.0714701222033627,1.8714701222033627
0.4,0.9,0.2,0.3,0.0,0.2,0.8999999999999987,0.1000000000000012,0.0,1.3778606925068626,1.1778606925068624
0.6,0.0,0.5,0.1,0.6,0.2,0.7615844995547483,0.23841550044525162,0.1384155004452518,1.210898966541835,1.010898966541835
0.5,0.0,0.9,0.1,0.1,0.3,0.137193553575234,0.8628064464247658,0.7628064464247661,0.7096953147407996,0.5096953147407997
0.9,1.0,0.9,0.5,1.0,0.9,0.0,1.0000000000000022,0.9000000000000021,2.1968187817006544,1.9968187817006544
0.6,0.7,0.6,0.7,0.6,0.7,0.0,1.0000000000000082,0.9000000000000083,2.888577515543881,2.688577515543881
0.7,0.2,0.9,0.9,0.0,0.4,0.0,1.0000000000000004,0.9000000000000004,1.5954544359458713,1.3954544359458714
0.4,0.9,0.9,0.4,0.1,0.5,0.0,1.0,0.9,1.6343194340615472,1.4343194340615473
0.9,0.9,1.0,0.6,0.2,0.0,0.08328635853482869,0.9167136414651718,0.8167136414651717,1.045671266856031,0.8456712668560309
1.0,0.2,0.3,0.9,0.8,0.8,0.2832873987815203,0.7167126012184806,0.6167126012184805,1.9548698792519228,1.754869879251923
1.0,0.4,0.8,0.2,0.6,0.4,0.12877650826977094,0.8712234917302291,0.771223491730229,1.1138511031372227,0.9138511031372227
0.6,0.4,0.5,0.7,0.0,0.5,0.26292830313263416,0.7370716968673658,0.637071696867366,2.3426429256672807,2.142642925667281
0.5,0.3,0.8,0.2,0.0,0.5,0.0,1.0000000000000002,0.9000000000000001,1.489194792652252,1.289194792652252
0.3,0.8,1.0,0.8,0.5,0.8,0.0,0.9999999999999989,0.8999999999999988,1.8303370609887324,1.6303370609887327
0.7,0.4,0.9,0.5,0.5,0.0,0.0,1.0,0.9,0.2,0.0
0.7,0.1,0.4,0.4,0.8,0.2,0.6595590123921422,0.34044098760785735,0.2404409876078577,1.1895736836596758,0.9895736836596758
0.2,0.6,0.7,0.1,0.5,0.3,0.0,0.9999999999999991,0.8999999999999991,1.5948848172611696,1.3948848172611696
0.8,0.4,0.0,0.4,0.0,1.0,0.895847568753481,0.1041524312465194,0.004152431246519539,3.654777647670393,3.454777647670393
0.5,0.9,0.7,1.0,1.0,0.9,0.0,0.9999999999999987,0.8999999999999987,3.216242495325928,3.016242495325929
0.5,0.9,1.0,0.5,0.9,0.7,0.0,0.9999999999999989,0.899999999999999,2.049432561143455,1.8494325611434554
0.2,0.4,0.2,0.9,0.4,0.0,0.9000000000000005,0.09999999999999937,0.0,0.20000000000000012,0.0
0.5,0.3,0.9,0.7,0.4,0.6,0.0,1.0,0.9000000000000001,0.6451286671541127,0.44512866715411287
0.0,0.0,0.4,0.1,0.3,0.4,0.8999999999999992,0.1000000000000007,0.0,0.5709602826503045,0.37096028265030445
0.1,0.6,0.3,0.2,0.4,0.2,0.9000000000000001,0.10000000000000002,0.0,0.20000000000000012,0.0
1.0,0.6,0.7,0.1,0.0,0.0,0.08943825661704308,0.910561743382956,0.810561743382956,1.948741713158499,1.7487417131584992
0.8,1.0,0.5,0.2,0.9,0.7,0.0,1.0,0.9000000000000001,2.572502058365854,2.372502058365854
0.5,0.5,0.7,0.2,0.0,0.8,0.0,1.0,0.9,3.275283508117252,3.0752835081172525
0.3,0.2,0.7,1.0,0.8,0.3,0.0,1.0000000000000013,0.9000000000000015,2.406859275325129,2.2068592753251295
0.5,0.0,0.6,0.0,0.8,0.1,0.340055981005956,0.659944018994044,0.5599440189940439,1.6619450628402097,1.46194506284021
0.9,0.6,0.3,0.4,0.8,0.7,0.06767809761867527,0.9323219023813256,0.8323219023813258,1.6793216964285231,1.479321696428523
0.5,0.9,0.5,0.2,0.0,0.6,0.35866194690450903,0.641338053095491,0.541338053095491,2.630346003853136,2.4303460038531357
0.0,0.6,0.4,0.5,0.9,0.5,0.0,1.0,0.9,1.7257897569551635,1.5257897569551633
0.2,0.0,0.6,0.9,0.2,0.0,0.2560397402445016,0.7439602597554986,0.6439602597554985,1.8962147310621797,1.6962147310621796
0.2,0.9,0.0,0.7,0.9,0.5,0.746694470477298,0.2533055295227016,0.1533055295227017,2.580667655316256,2.380667655316256
0.4,0.2,0.9,0.9,0.3,1.0,0.0,1.0000000000000004,0.9000000000000005,2.1406786434348053,1.9406786434348056
0.7,0.4,0.3,0.4,0.4,0.9,0.7434663559613226,0.25653364403867773,0.15653364403867776,1.0829680104043542,0.882968010404354
0.7,0.4,0.5,0.9,0.9,0.7,0.0,1.0000000000000002,0.9000000000000002,2.3148209673869173,2.114820967386917
0.3,0.0,0.2,0.1,0.4,0.4,0.9000000000000034,0.09999999999999659,0.0,0.19999999999999984,0.0
0.3,0.9,0.3,0.5,0.6,1.0,0.5723726190132572,0.4276273809867428,0.3276273809867428,2.5015731075684142,2.301573107568414
0.8,0.9,0.2,0.8,0.3,0.3,0.8999999999999997,0.10000000000000044,0.0,0.8807066604801503,0.6807066604801504
0.2,0.6,0.9,0.8,0.7,0.6,0.0,1.0000000000000078,0.9000000000000079,2.052091014751554,1.8520910147515546
0.6,0.5,0.7,0.4,0.2,0.4,0.0,0.9999999999999999,0.8999999999999999,2.086286257142955,1.8862862571429548
0.4,0.9,0.1,0.1,0.8,0.9,0.7906819791530266,0.20931802084697348,0.10931802084697363,2.9938187834427397,2.7938187834427395
1.0,0.6,0.3,0.5,0.0,0.4,0.8999999999999999,0.09999999999999994,0.0,1.3876562898128038,1.1876562898128036
0.7,0.9,0.4,0.5,0.2,0.1,0.9000000000000002,0.09999999999999967,0.0,0.8676110259094105,0.6676110259094105
0.9,1.0,0.8,0.5,0.0,0.2,0.0,1.0,0.9,2.1005316219196324,1.9005316219196324
0.9,0.4,0.0,0.9,0.3,0.4,0.8999999999999999,0.10000000000000026,0.0,1.5886336580814295,1.3886336580814294
0.0,0.2,0.4,0.1,0.6,0.0,0.9000000000000001,0.09999999999999995,0.0,0.6953608978573391,0.49536089785733894
0.8,0.7,0.0,0.1,0.3,0.7,0.44896302753604966,0.5510369724639501,0.4510369724639502,1.7037701793673343,1.5037701793673341
0.1,0.9,0.3,0.1,0.1,0.6,0.9000000000000006,0.09999999999999928,0.0,1.4310893808373386,1.2310893808373384
0.7,0.8,0.1,0.1,0.8,0.2,0.8999999999999997,0.10000000000000026,0.0,1.2522035502071074,1.0522035502071072
0.0,0.2,0.2,0.8,0.6,1.0,0.2252559643917562,0.7747440356082436,0.6747440356082438,3.0016188113013267,2.8016188113013265
0.7,0.1,0.8,0.9,0.2,0.2,0.0,0.9999999999999983,0.8999999999999984,1.3870098368067816,1.1870098368067816
0.3,0.5,0.2,0.2,0.3,0.8,0.7702476134512886,0.22975238654871155,0.12975238654871174,1.428997722095914,1.228997722095914
0.7,0.4,0.1,0.5,0.9,0.1,0.8999999999999997,0.10000000000000037,0.0,1.1560305354466853,0.9560305354466851
0.7,0.1,0.9,0.9,0.0,0.6,0.0,1.0000000000000073,0.9000000000000075,2.128661750898309,1.9286617508983093
0.7,0.0,0.8,1.0,0.8,0.5,0.0,0.9999999999999972,0.8999999999999972,1.9441416182322788,1.744141618232279
0.6,0.0,0.3,0.6,0.4,1.0,0.5307085530253106,0.46929144697468983,0.36929144697468974,1.6074813235470553,1.4074813235470556
0.9,0.3,0.5,0.5,0.4,0.2,0.9000000000000001,0.1,0.0,0.7876565258200463,0.5876565258200463
0.7,1.0,0.1,0.8,0.5,0.5,0.47886153508481577,0.5211384649151838,0.4211384649151838,2.1884253693014055,1.9884253693014053
1.0,0.7,0.8,0.8,1.0,0.7,0.0,1.000000000000001,0.9000000000000012,1.6268435469545888,1.4268435469545888
0.3,1.0,0.9,0.0,0.9,0.4,0.0,1.0000000000000004,0.9000000000000006,1.023026418466307,0.823026418466307
0.8,0.3,0.8,0.2,0.8,0.8,0.0,1.0000000000000022,0.9000000000000021,1.9541508748036978,1.754150874803698
0.5,0.7,0.1,0.2,0.6,0.8,0.16394604098445398,0.8360539590155458,0.736053959015546,2.241602889518928,2.041602889518928
0.4,0.0,0.2,0.8,0.5,0.4,0.8999999999999999,0.10000000000000017,0.0,0.8363915867745393,0.6363915867745392
0.7,0.9,0.6,0.8,0.9,1.0,0.0,0.9999999999999968,0.8999999999999968,4.033646253075403,3.833646253075403
0.4,0.8,0.9,0.1,0.2,0.7,0.0,0.9999999999999998,0.8999999999999999,1.002396570685161,0.8023965706851609
0.3,0.8,0.6,0.1,0.6,0.1,0.27024507358594463,0.7297549264140554,0.6297549264140554,1.5715486425506966,1.3715486425506964
0.9,0.9,0.7,0.5,0.8,0.7,0.0,1.0000000000000018,0.9000000000000017,3.169038310720822,2.9690383107208222
1.0,0.1,1.0,0.7,0.5,1.0,0.0,0.9999999999999957,0.8999999999999957,2.7034835347915327,2.503483534791533
0.9,0.1,0.0,1.0,0.2,0.8,0.2290713154098274,0.7709286845901735,0.6709286845901733,3.1052608891545233,2.9052608891545235
0.7,0.7,0.6,1.0,0.4,0.0,0.0,1.0000000000000002,0.9000000000000002,1.4121792849015222,1.2121792849015223
0.7,0.5,0.3,0.9,0.4,0.8,0.03444716531168357,0.9655528346883173,0.865552834688317,1.3668486354065827,1.1668486354065828
0.7,0.0,0.6,0.1,0.7,0.2,0.23291838299989664,0.7670816170001032,0.6670816170001032,1.9167261055488907,1.716726105548891
0.4,0.0,0.4,0.3,0.5,0.3,0.9000000000000001,0.1,0.0,0.44552370275571623,0.24552370275571617
0.1,0.1,0.7,0.4,0.9,0.7,0.0,0.9999999999999957,0.8999999999999957,2.8979903974576704,2.6979903974576707
0.9,0.3,0.3,0.8,0.4,0.7,0.78315798571249,0.2168420142875096,0.11684201428750951,0.622045398674999,0.4220453986749988
0.8,0.7,0.2,0.8,0.9,0.1,0.7167488298198679,0.2832511701801317,0.18325117018013173,0.670405072998086,0.4704050729980861
0.8,0.5,0.5,0.6,0.9,0.7,0.0,1.0000000000000002,0.9000000000000001,2.5867324473917863,2.386732447391786
0.1,0.3,0.0,0.8,0.5,0.4,0.8999999999999999,0.10000000000000003,0.0,1.7488256399863928,1.5488256399863927
0.9,0.0,0.3,0.6,0.4,0.9,0.8348274156675908,0.16517258433240922,0.06517258433240969,1.309272844043464,1.1092728440434638
0.8,0.9,0.2,0.3,1.0,0.9,0.7416896453257031,0.2583103546742964,0.15831035467429666,1.8870906804437455,1.6870906804437458
0.0,0.6,1.0,0.7,0.3,0.9,0.0,0.9999999999999976,0.8999999999999977,2.554490345855293,2.354490345855293
0.3,0.7,0.5,0.8,0.2,0.8,0.0,1.0000000000000004,0.9000000000000005,2.5576733340134123,2.3576733340134126
0.2,0.7,0.5,0.3,0.1,0.2,0.4444560943544764,0.5555439056455236,0.45554390564552355,1.6530410543195422,1.453041054319542
0.6,0.9,0.1,0.2,0.3,1.0,0.8629695453850857,0.13703045461491414,0.037030454614914055,2.7193450218690356,2.519345021869036
0.0,0.6,0.2,0.7,0.1,0.9,0.16978089437409527,0.830219105625905,0.7302191056259049,3.0350053328992197,2.8350053328992195
0.1,0.9,0.1,0.9,0.5,0.0,0.8999999999999996,0.10000000000000048,0.0,1.5893049037148854,1.3893049037148852
0.5,0.0,0.0,0.6,0.7,0.5,0.759196284547333,0.240803715452667,0.14080371545266712,2.459392512795488,2.2593925127954884
0.5,0.7,0.0,0.7,0.1,0.2,0.8152517768969916,0.1847482231030083,0.08474822310300835,1.997050642210119,1.7970506422101191
0.4,0.0,0.8,0.8,0.3,0.8,0.0,1.0000000000000029,0.9000000000000029,1.8546625919480988,1.654662591948099
0.3,0.2,0.0,0.3,0.3,0.4,0.9,0.09999999999999995,0.0,1.4835545688406895,1.2835545688406895
0.1,0.0,1.0,0.2,0.2,0.6,0.0,1.0,0.9,1.3785944203919083,1.1785944203919083
0.7,0.4,0.1,0.0,0.1,0.2,0.8999999999999976,0.10000000000000268,0.0,1.1109069121943065,0.9109069121943063
0.8,1.0,1.0,0.7,0.4,0.3,0.0,1.0000000000000016,0.9000000000000016,1.1989099984455929,0.9989099984455929
0.5,0.3,0.5,0.3,0.8,0.8,0.0,1.0,0.9,2.435611960810706,2.2356119608107057
0.5,0.9,0.8,1.0,0.4,1.0,0.0,0.9999999999999846,0.8999999999999846,2.776362456140892,2.5763624561408927
0.1,0.4,0.5,0.3,0.7,0.6,0.15387774121636416,0.8461222587836359,0.7461222587836359,2.33961475598344,2.13961475598344
0.0,0.7,0.9,0.6,0.7,0.8,0.0,1.0000000000000067,0.9000000000000068,2.3988738286981492,2.198873828698149
0.2,0.2,0.3,0.5,0.2,0.3,0.8999999999999999,0.10000000000000019,0.0,0.5658457586447646,0.36584575864476454
0.2,0.1,0.0,1.0,1.0,0.2,0.6378385493279359,0.3621614506720636,0.262161450672064,1.8362794269251919,1.6362794269251917
0.3,1.0,0.6,0.9,0.4,0.7,0.0,1.0000000000000007,0.9000000000000008,3.0040656926869445,2.8040656926869443
0.9,0.9,0.7,0.0,1.0,1.0,0.0,1.0000000000000004,0.9000000000000004,2.926665049423459,2.726665049423459
0.3,0.2,0.9,0.6,0.3,0.5,0.0,1.0000000000000018,0.9000000000000019,0.8262549134280339,0.6262549134280341
0.2,0.5,0.6,0.7,0.9,0.7,0.0,1.0000000000000009,0.9000000000000008,3.1773668355925713,2.9773668355925715
0.1,0.1,0.6,0.7,0.3,0.1,0.0,1.0,0.9,1.961309448194001,1.761309448194001
1.0,0.1,0.7,0.2,0.5,0.5,0.0,1.0,0.8999999999999999,1.9286241961918134,1.7286241961918134
0.4,0.3,0.6,0.1,0.1,1.0,0.0,1.0,0.8999999999999999,3.3277240783493514,3.127724078349351
0.5,0.8,0.6,0.1,0.8,0.7,0.0,0.9999999999999997,0.8999999999999997,2.6350211976621516,2.435021197662152
0.0,0.7,0.7,0.3,1.0,0.8,0.0,1.0000000000000058,0.9000000000000059,2.57858355691524,2.37858355691524
0.9,1.0,0.8,1.0,0.5,0.1,0.0,1.0,0.9000000000000001,1.454222302617012,1.2542223026170123
0.7,1.0,0.3,0.6,1.0,0.9,0.0,1.0,0.9,1.9431108972372093,1.7431108972372094
0.4,0.8,0.7,0.1,0.0,0.7,0.0,0.9999999999999999,0.8999999999999999,2.623468780543085,2.423468780543085
0.1,0.1,0.0,0.6,1.0,0.0,0.8999999999999999,0.10000000000000002,0.0,1.610852305812214,1.410852305812214
0.7,0.9,0.7,0.0,0.5,0.2,0.1253970167518066,0.8746029832481936,0.7746029832481933,1.3527304232982418,1.1527304232982418
0.8,1.0,0.2,0.0,0.2,0.7,0.8999999999999999,0.10000000000000002,0.0,1.5426094919579079,1.342609491957908
0.6,0.0,0.1,0.5,0.7,0.0,0.8999999999999998,0.1000000000000003,0.0,1.5005426093762244,1.3005426093762242
1.0,0.8,0.5,0.7,0.8,0.8,0.0,1.0,0.9000000000000001,2.874140668805098,2.674140668805098
0.8,0.4,0.3,0.3,0.0,0.0,0.8999999999999955,0.10000000000000465,0.0,0.41642915831513877,0.2164291583151387
0.3,0.7,0.4,0.9,0.8,0.3,0.14085307729581253,0.8591469227041877,0.7591469227041878,1.2548042192487776,1.0548042192487772
0.5,0.3,0.1,0.8,0.7,0.0,0.9000000000000001,0.09999999999999991,0.0,1.39407707768217,1.19407707768217
0.6,0.0,0.0,0.7,1.0,0.1,0.9,0.09999999999999998,0.0,1.2869410299445907,1.0869410299445907
1.0,0.8,0.7,0.5,0.8,0.3,0.0,1.0,0.9,2.096138536030849,1.896138536030849
0.1,0.7,0.6,1.0,0.7,0.9,0.0,0.9999999999999978,0.8999999999999977,3.932189726465187,3.732189726465187
1.0,0.0,0.0,1.0,0.7,0.5,0.9,0.10000000000000002,0.0,2.620191165687167,2.420191165687167
0.5,0.0,0.1,0.6,0.3,0.0,0.9000000000000002,0.09999999999999994,0.0,0.8226856860516439,0.6226856860516439
0.6,1.0,0.2,0.3,0.6,0.3,0.8999999999999998,0.10000000000000017,0.0,1.311789607246829,1.1117896072468287
0.6,0.2,0.0,0.5,0.7,0.6,0.20636680274611519,0.7936331972538841,0.6936331972538843,2.665356387547892,2.4653563875478923
0.2,0.5,0.5,0.1,0.4,0.0,0.7886316963747251,0.21136830362527498,0.11136830362527499,0.8144391547426694,0.6144391547426694
0.3,0.3,0.5,0.3,0.4,0.3,0.8343140286319203,0.1656859713680796,0.0656859713680796,0.7787484151781661,0.578748415178166
0.0,0.3,0.8,0.9,0.0,0.7,0.0,0.9999999999999991,0.8999999999999992,2.623111563347244,2.4231115633472444
0.6,0.5,0.0,0.1,0.4,0.6,0.619245254029775,0.3807547459702251,0.28075474597022504,1.7144691843354738,1.514469184335474
0.7,0.5,0.5,0.6,0.5,0.4,0.0,1.0,0.9,1.7823776972696852,1.582377697269685
0.4,0.0,0.8,0.1,0.3,1.0,0.0,1.0000000000000007,0.9000000000000007,1.9965361793288077,1.796536179328808
0.3,0.0,0.0,0.0,0.4,0.6,0.8999999999999999,0.10000000000000003,0.0,1.3881201872167794,1.1881201872167795
0.6,1.0,0.3,0.4,0.9,0.6,0.28963366737122787,0.7103663326287717,0.6103663326287716,1.4247369085838617,1.224736908583862
0.7,0.8,0.7,0.3,0.3,0.1,0.0,1.0,0.9,1.016600628068831,0.8166006280688309
0.2,0.2,0.3,0.5,0.7,0.0,0.8999999999999999,0.10000000000000009,0.0,0.6676984380340218,0.4676984380340218
0.1,0.5,0.5,0.7,0.9,0.2,0.09129617786898248,0.9087038221310175,0.8087038221310173,1.9843833682566498,1.7843833682566497
0.7,0.8,0.6,1.0,0.3,0.2,0.0,0.9999999999999998,0.8999999999999999,1.661416803313784,1.461416803313784
0.5,0.9,1.0,0.2,0.6,0.5,0.0,0.9999999999999998,0.8999999999999998,1.5183867345351039,1.3183867345351041
0.4,0.6,0.9,0.6,0.0,0.9,0.0,1.0000000000000022,0.9000000000000022,2.7944331455240468,2.594433145524047
0.3,0.1,0.8,0.0,0.4,0.7,0.0,0.9999999999999974,0.8999999999999975,1.2623078218857178,1.0623078218857178
0.2,0.3,0.0,0.0,0.9,0.9,0.790977908229586,0.20902209177041398,0.10902209177041378,2.41570024709135,2.2157002470913496
0.0,0.9,1.0,0.4,0.6,0.6,0.0,1.0000000000000027,0.9000000000000028,2.228750789353754,2.0287507893537544
0.1,1.0,0.5,0.3,0.4,0.9,0.0,1.0,0.8999999999999999,2.9199361297328768,2.7199361297328766
0.6,0.9,0.9,0.1,0.3,0.5,0.0,0.9999999999999999,0.8999999999999999,0.652501533135232,0.45250153313523195
0.5,0.9,0.5,0.8,1.0,0.4,0.04429422500675306,0.9557057749932474,0.855705774993247,1.8071259477635953,1.607125947763595
0.7,0.8,1.0,0.1,0.6,1.0,0.0,1.000000000000004,0.9000000000000039,2.281422273748189,2.0814222737481893
0.6,0.5,0.0,1.0,0.8,0.5,0.02945241327584691,0.9705475867241522,0.8705475867241526,2.804088351129999,2.604088351129999
0.9,0.8,0.7,0.6,0.1,0.7,0.0,1.0000000000000013,0.9000000000000012,2.839166502868536,2.6391665028685356
1.0,0.8,0.3,0.3,0.8,0.4,0.8999999999999997,0.10000000000000032,0.0,0.7343503228536357,0.5343503228536356
0.1,0.7,0.9,0.5,1.0,0.7,0.0,0.9999999999999852,0.8999999999999853,1.2530757309401208,1.053075730940121
0.8,0.0,0.1,0.7,0.7,0.9,0.48303034353806895,0.5169696564619306,0.4169696564619305,3.1343696602367745,2.9343696602367744
0.8,0.6,0.2,0.2,1.0,0.0,0.8999999999999999,0.09999999999999995,0.0,0.2,0.0
0.3,1.0,0.2,1.0,0.2,0.9,0.26465179774005554,0.7353482022599442,0.6353482022599444,2.7307610990236704,2.53076109902367
0.4,0.6,0.6,0.2,1.0,0.4,0.0,0.9999999999999994,0.8999999999999995,1.8603256725437045,1.6603256725437046
0.0,0.2,0.8,0.7,1.0,0.3,0.0,1.0,0.9,1.3294088416447636,1.1294088416447636
0.5,0.5,1.0,0.6,0.9,0.8,0.0,0.9999999999999996,0.8999999999999997,2.2750996490229745,2.0750996490229747
0.3,0.2,0.5,0.4,0.6,0.3,0.2929709975837057,0.7070290024162944,0.6070290024162941,1.7223813976147033,1.5223813976147034
1.0,0.5,0.3,0.3,0.4,0.9,0.819990740397869,0.18000925960213143,0.08000925960213112,1.3876568164299412,1.1876568164299415
0.5,0.3,0.0,0.9,0.4,0.1,0.8999999999999998,0.10000000000000016,0.0,1.0126306353118932,0.8126306353118932
1.0,0.7,0.0,0.5,0.7,0.8,0.19848325813520384,0.8015167418647962,0.7015167418647965,3.047204413689788,2.847204413689788
0.3,0.3,0.3,0.6,0.2,0.5,0.9000000000000001,0.0999999999999999,0.0,0.5648934993216755,0.3648934993216755
1.0,0.7,0.7,0.0,0.2,0.2,0.1372318257358951,0.8627681742641049,0.7627681742641048,1.174929799798223,0.9749297997982231
0.2,0.2,1.0,0.2,0.5,0.8,0.0,0.9999999999999996,0.8999999999999997,1.6486568372045067,1.4486568372045068
0.1,0.9,0.8,0.9,0.4,0.2,0.0,1.0000000000000002,0.9000000000000002,1.2614126404256039,1.061412640425604
0.1,0.6,0.1,0.6,0.6,0.5,0.31249654189656617,0.6875034581034338,0.587503458103434,2.3782592173062347,2.1782592173062345
0.5,0.0,0.2,1.0,0.7,0.8,0.2801426007040071,0.7198573992959933,0.6198573992959928,2.276655910319581,2.076655910319581
1.0,1.0,0.5,0.4,0.8,0.9,0.0,0.9999999999999998,0.8999999999999998,3.595922593055605,3.3959225930556047
0.0,0.2,1.0,0.0,0.9,0.5,0.0,1.0000000000000022,0.9000000000000022,1.2837595111580966,1.0837595111580967
0.1,0.9,0.7,0.2,0.3,0.3,0.20742411992133392,0.792575880078666,0.6925758800786661,1.7131758444051775,1.5131758444051773
0.2,0.0,0.0,0.9,1.0,0.5,0.6776918040110318,0.32230819598896865,0.22230819598896878,1.956729685594771,1.7567296855947707
0.0,0.5,0.5,0.3,0.5,0.6,0.0,1.0,0.9000000000000001,2.277544472989688,2.0775444729896884
0.6,0.7,0.0,0.8,1.0,0.9,0.0,1.0000000000000004,0.9000000000000004,2.7217440317210415,2.521744031721042
0.0,0.3,1.0,0.2,0.6,0.5,0.0,0.9999999999999998,0.8999999999999999,1.3073806881379744,1.1073806881379744
0.6,0.5,0.9,0.4,0.8,0.5,0.0,0.9999999999999981,0.8999999999999981,1.5433390927717348,1.343339092771735
0.9,0.4,0.2,0.0,0.7,0.2,0.8999999999999984,0.10000000000000178,0.0,0.5104792162915389,0.31047921629153874
0.0,1.0,0.9,0.7,1.0,0.4,0.0,0.9999999999999992,0.8999999999999992,1.5217464911294063,1.3217464911294063
0.8,0.7,0.8,0.5,0.9,0.9,0.0,0.9999999999999838,0.8999999999999838,2.363870797944753,2.163870797944753
0.7,1.0,0.1,0.5,0.1,1.0,0.43160147622695266,0.5683985237730476,0.46839852377304747,3.860827460948761,3.6608274609487608
0.8,0.3,0.5,0.8,0.9,1.0,0.0,1.0,0.9000000000000001,3.0123057672793068,2.8123057672793066
0.1,0.0,0.0,0.1,0.5,0.8,0.9000000000000001,0.10000000000000003,0.0,2.3206641804178765,2.1206641804178763
0.5,0.2,0.8,0.2,0.5,0.4,0.0,1.0000000000000004,0.9000000000000004,0.9000510551158311,0.7000510551158312
0.3,0.2,1.0,0.5,0.7,0.1,0.0,1.0000000000000004,0.9000000000000005,1.2511823878017736,1.0511823878017736
0.1,0.9,0.2,0.0,0.6,0.4,0.9000000000000006,0.0999999999999995,0.0,1.1308842920954691,0.9308842920954692
0.2,0.8,0.6,1.0,0.5,0.8,0.0,0.9999999999999967,0.8999999999999967,2.967790593543145,2.767790593543145
0.7,1.0,0.7,0.0,0.6,0.5,0.0,0.999999999999999,0.899999999999999,2.323348509021238,2.1233485090212376
0.6,0.9,0.7,0.0,0.1,0.7,0.0,0.9999999999999999,0.8999999999999999,2.703750811850818,2.5037508118508183
0.6,0.0,0.9,0.3,0.9,0.7,0.0,0.9999999999999993,0.8999999999999994,1.3015067636625584,1.1015067636625584
0.8,0.9,1.0,0.5,0.3,0.3,0.0,1.0,0.9,0.9737797172755639,0.7737797172755639
0.3,1.0,0.2,0.6,0.3,0.6,0.698097123188808,0.3019028768111922,0.20190287681119187,1.537426670937022,1.337426670937022
1.0,0.1,0.5,0.7,0.2,0.8,0.0,1.0,0.9,2.8201792312469345,2.6201792312469347
0.5,0.0,0.6,1.0,0.2,0.4,0.0,0.9999999999999999,0.8999999999999999,2.2856313181314194,2.0856313181314197
0.8,0.9,0.7,0.5,1.0,0.5,0.0,0.9999999999999997,0.8999999999999997,2.116313888703957,1.9163138887039572
0.3,0.5,0.9,0.6,0.1,0.6,0.0,0.9999999999999991,0.8999999999999991,1.8930642789711714,1.6930642789711716
0.3,0.0,0.5,1.0,1.0,0.0,0.38018465414376745,0.619815345856233,0.5198153458562327,1.1307645371992163,0.9307645371992163
0.7,0.7,0.4,0.9,0.7,0.8,0.0,0.9999999999999997,0.8999999999999997,2.2095477464087496,2.00954774640875
0.0,0.5,0.1,0.1,0.1,0.8,0.9,0.1,0.0,2.9824036670190996,2.7824036670191
0.0,0.7,0.1,1.0,0.8,0.1,0.622132574949168,0.3778674250508325,0.2778674250508324,2.030400528654314,1.8304005286543141
0.3,0.3,0.0,0.8,0.0,0.6,0.8519610086324292,0.14803899136757082,0.04803899136757084,2.671875362022501,2.471875362022501
0.5,0.2,1.0,0.9,0.3,1.0,0.0,0.9999999999999888,0.8999999999999888,2.3913319660685084,2.1913319660685087
0.3,1.0,0.4,0.5,0.7,1.0,0.0,1.0,0.9000000000000001,3.2901711099153057,3.0901711099153055
0.2,0.4,0.1,0.4,0.5,0.2,0.8999999999999984,0.10000000000000198,0.0,1.048191804265064,0.8481918042650639
0.0,0.2,0.9,0.8,0.1,0.9,0.0,0.9999999999999971,0.8999999999999972,2.8171139243608487,2.617113924360849
0.5,0.9,0.6,0.6,0.2,0.2,0.1823393312727115,0.8176606687272883,0.7176606687272888,2.2353837129944947,2.035383712994495
0.6,0.0,0.2,0.7,0.7,0.4,0.9,0.09999999999999999,0.0,1.3730132575980247,1.1730132575980246
1.0,1.0,0.7,1.0,1.0,0.5,0.0,0.9999999999999991,0.8999999999999991,2.5245407697014985,2.324540769701499
0.2,0.4,0.4,1.0,0.3,0.9,0.2522858820076903,0.7477141179923098,0.6477141179923099,1.8383704373397773,1.6383704373397772
0.2,0.9,0.9,0.0,0.8,0.7,0.0,0.9999999999999984,0.8999999999999986,1.7276480043370126,1.5276480043370126
0.5,0.5,0.8,0.3,0.4,0.3,0.0,1.0000000000000004,0.9000000000000004,0.8304609841170044,0.6304609841170046
0.6,0.3,0.7,0.2,0.8,0.2,0.0,1.0,0.9000000000000001,1.528983116694788,1.328983116694788
0.7,0.9,0.4,0.8,1.0,0.7,0.01319066767877386,0.9868093323212261,0.886809332321226,1.622418888488033,1.4224188884880329
0.2,0.9,0.0,0.2,0.9,0.7,0.7327506080587812,0.26724939194121844,0.1672493919412184,2.6529478793720394,2.4529478793720396
0.9,0.0,0.1,0.9,0.8,0.6,0.6909577152762623,0.3090422847237364,0.2090422847237366,2.41003982289283,2.21003982289283
0.6,0.2,0.7,0.9,0.7,0.5,0.0,0.9999999999999952,0.8999999999999952,2.672952841207033,2.472952841207033
0.2,0.7,0.0,0.9,0.9,0.0,0.5528130110047718,0.44718698899522824,0.34718698899522793,1.6543363656855385,1.4543363656855386
0.7,0.3,0.6,1.0,0.1,0.7,0.0,1.0000000000000013,0.9000000000000012,2.9935180109330055,2.7935180109330053
1.0,0.1,0.8,0.0,0.9,0.2,0.0,1.0,0.9,0.8903407906066754,0.6903407906066754
0.4,0.5,0.5,0.5,0.0,0.3,0.4519717186808423,0.5480282813191578,0.44802828131915784,2.3294909674882143,2.1294909674882145
1.0,0.1,0.1,0.8,1.0,0.8,0.3652333922713531,0.6347666077286469,0.5347666077286471,2.4725153492670917,2.272515349267092
0.8,0.5,0.6,0.5,0.8,1.0,0.0,0.9999999999999956,0.8999999999999956,4.152263838715965,3.9522638387159654
0.1,0.8,1.0,0.6,0.3,0.7,0.0,1.0000000000000033,0.9000000000000032,1.5156472267056957,1.315647226705696
0.9,1.0,1.0,0.2,1.0,1.0,0.0,1.0000000000000018,0.9000000000000019,2.5371695158964647,2.3371695158964654
0.5,0.1,0.8,0.6,0.8,0.9,0.0,1.0000000000000213,0.9000000000000214,3.0010809981470175,2.8010809981470177
0.6,0.6,0.3,0.8,0.2,1.0,0.0,0.9999999999999998,0.8999999999999999,2.324100443931546,2.124100443931546
1.0,0.2,0.8,0.6,0.2,0.8,0.0,1.0000000000000004,0.9000000000000006,2.2007307887748633,2.0007307887748635
0.7,0.4,1.0,0.8,0.3,0.5,0.0,1.0000000000000007,0.9000000000000008,0.9508535260645076,0.7508535260645077
0.0,0.4,0.2,0.3,0.6,0.6,0.8999999999999999,0.10000000000000009,0.0,1.5110623024616425,1.3110623024616423
0.2,0.7,0.5,0.4,0.1,0.2,0.379432926723522,0.6205670732764781,0.5205670732764781,1.7347255819068195,1.5347255819068195
1.0,0.5,0.3,0.8,0.9,1.0,0.25440915670930053,0.745590843290699,0.6455908432906994,2.424155436013142,2.2241554360131417
0.8,0.1,0.5,0.6,0.2,0.2,0.42224871447800183,0.5777512855219991,0.47775128552199864,1.6980368110407176,1.4980368110407174
0.0,0.8,0.0,0.2,0.3,0.4,0.9,0.10000000000000009,0.0,1.5747495149678357,1.3747495149678357
0.2,0.8,0.2,0.3,0.9,0.3,0.8999999999999997,0.10000000000000034,0.0,0.7028649624817733,0.5028649624817733
0.4,0.9,0.8,1.0,0.6,0.1,0.0,1.0000000000000002,0.9000000000000001,1.5874623155200154,1.3874623155200156
0.9,0.8,0.6,0.6,0.8,1.0,0.0,1.0000000000000024,0.9000000000000025,3.8979097191309346,3.697909719130935
0.5,0.4,1.0,0.7,0.2,0.3,0.0,1.0,0.9000000000000001,0.9427522771002066,0.7427522771002066
0.2,0.3,0.7,0.2,0.7,0.1,0.09070540589765375,0.9092945941023463,0.8092945941023462,1.5700955515961874,1.3700955515961872
0.6,0.3,0.6,0.3,0.8,0.4,0.0,1.0,0.9000000000000001,2.0953755645770333,1.8953755645770334
0.4,0.0,1.0,0.1,0.3,0.0,0.24261507493390494,0.7573849250660951,0.6573849250660951,0.2,0.0
0.9,0.5,1.0,0.3,0.2,0.2,0.0,0.9999999999999999,0.8999999999999999,0.9670884874392291,0.7670884874392292
0.2,0.0,0.1,1.0,0.2,0.1,0.9000000000000004,0.09999999999999987,0.0,1.4541596966535435,1.2541596966535433
0.0,0.0,0.3,1.0,0.8,0.4,0.9,0.10000000000000003,0.0,1.4285516647387146,1.2285516647387145
0.0,0.4,0.2,1.0,0.4,0.5,0.8999999999999999,0.09999999999999996,0.0,1.0858614159770121,0.8858614159770121
0.8,0.8,0.9,0.6,1.0,0.1,0.0,1.0000000000000004,0.9000000000000006,0.2,0.0
0.1,0.5,0.9,1.0,0.9,0.0,0.0,1.0000000000000016,0.9000000000000016,1.0758907897364218,0.8758907897364221
0.8,0.3,0.6,0.3,1.0,1.0,0.0,1.0,0.9,2.8751687040414526,2.6751687040414525
0.1,0.1,0.0,0.4,0.6,0.5,0.677655227375152,0.32234477262484784,0.2223447726248473,2.55828948726721,2.3582894872672098
0.0,0.2,0.2,0.8,0.9,0.6,0.3854727616750555,0.6145272383249445,0.5145272383249448,1.8259927423914297,1.6259927423914293
0.1,0.6,1.0,1.0,0.5,0.0,0.0,1.0000000000000036,0.9000000000000036,1.1024592848904522,0.9024592848904522
0.7,0.5,0.5,0.3,0.6,0.5,0.0,1.0,0.9000000000000001,2.092751049649067,1.8927510496490672
0.6,0.0,0.9,0.2,1.0,0.3,0.0,0.9999999999999998,0.8999999999999999,0.19999999999999996,0.0
0.6,0.9,0.8,0.7,0.2,0.2,0.0,1.0,0.9000000000000001,1.4033874284791568,1.2033874284791568
0.4,0.4,0.3,0.7,0.2,0.3,0.9000000000000007,0.09999999999999931,0.0,0.4062585883638645,0.20625858836386446
0.8,0.2,0.2,0.9,0.2,0.6,0.5699345270684195,0.4300654729315809,0.33006547293158056,1.4494180204379261,1.2494180204379262
0.3,0.4,0.5,0.5,0.8,0.5,0.1763997601904288,0.8236002398095713,0.7236002398095714,2.1061921487125748,1.9061921487125748
0.8,1.0,1.0,0.1,0.5,0.9,0.0,0.9999999999999973,0.8999999999999974,2.214020976681305,2.014020976681305
0.5,0.5,0.4,1.0,0.6,0.6,0.0,1.0000000000000002,0.9000000000000001,1.8567276843789753,1.6567276843789753
0.3,0.1,0.1,0.3,0.6,0.0,0.8999999999999997,0.10000000000000042,0.0,1.4221774069567799,1.2221774069567797
0.2,0.1,0.5,0.6,0.4,0.6,0.0,0.9999999999999999,0.8999999999999999,1.9960814387793624,1.7960814387793624
0.6,1.0,0.1,1.0,0.8,0.4,0.38201987935651305,0.6179801206434874,0.5179801206434873,2.62116549593268,2.42116549593268
0.9,0.9,1.0,0.8,1.0,0.5,0.0,0.9999999999999986,0.8999999999999986,1.43787469313485,1.23787469313485
0.0,0.5,0.4,0.7,0.4,0.3,0.8009302055986764,0.19906979440132333,0.09906979440132319,1.0608220599575666,0.8608220599575664
0.1,0.2,0.7,0.0,0.3,0.5,0.0,0.9999999999999998,0.8999999999999998,1.5409050433251346,1.3409050433251346
0.9,0.5,0.3,0.3,0.2,0.9,0.74835015455213,0.2516498454478695,0.15164984544786997,1.7643289954359656,1.5643289954359658
0.2,0.5,0.9,0.9,0.4,0.8,0.0,1.000000000000007,0.9000000000000072,1.7443789129697385,1.5443789129697385
0.7,0.5,0.4,0.9,0.6,0.5,0.0,1.0,0.9,1.6353675663066838,1.4353675663066838
0.6,0.4,0.2,0.3,1.0,0.8,0.7014710390000347,0.2985289609999653,0.19852896099996525,1.165572844612865,0.965572844612865
0.8,0.3,0.5,0.6,0.9,0.0,0.5847395073465718,0.41526049265342735,0.3152604926534275,1.0917166240513072,0.8917166240513072
1.0,0.5,1.0,0.0,0.6,0.9,0.0,0.9999999999999987,0.8999999999999988,2.20098513296536,2.0009851329653596
0.5,0.2,0.9,0.1,0.3,0.4,0.0,0.9999999999999999,0.8999999999999999,0.23100529221505384,0.03100529221505388
0.1,0.5,0.8,1.0,0.4,0.9,0.0,0.9999999999999928,0.8999999999999927,2.5731115902530237,2.373111590253024
0.1,0.8,0.6,0.0,1.0,0.1,0.30989601443588033,0.6901039855641198,0.5901039855641198,1.157970307446043,0.957970307446043
0.9,0.5,0.9,0.7,1.0,0.5,0.0,1.000000000000002,0.900000000000002,1.0756917183810155,0.8756917183810158
0.6,0.8,0.9,0.1,0.3,1.0,0.0,1.000000000000003,0.900000000000003,1.5165902038279138,1.3165902038279138
0.7,0.3,1.0,0.8,0.4,0.5,0.0,1.0000000000000002,0.9000000000000002,0.7518422849620021,0.5518422849620023
0.8,0.9,0.4,0.4,0.2,0.0,0.9000000000000008,0.09999999999999921,0.0,0.7211257123934358,0.5211257123934357
1.0,0.6,0.9,0.4,0.8,0.2,0.0,0.9999999999999996,0.8999999999999996,1.159524341072772,0.9595243410727721
0.0,1.0,0.7,0.6,0.4,0.2,0.0,1.0000000000000002,0.9000000000000001,2.186114654880208,1.9861146548802084
0.6,0.2,0.9,0.1,0.1,0.0,0.0,1.0,0.9,0.4713699852694528,0.2713699852694528
0.7,0.5,0.5,0.5,1.0,0.3,0.009199450843349943,0.990800549156651,0.8908005491566505,1.4852052645326712,1.285205264532671
0.1,0.7,0.4,0.4,0.7,0.9,0.0,1.0,0.9000000000000001,2.4687352136331553,2.2687352136331556
0.9,0.4,0.2,0.7,0.5,0.6,0.9,0.10000000000000003,0.0,1.0691085233536088,0.8691085233536088
0.4,0.5,0.3,0.7,0.6,1.0,0.058195316190850166,0.9418046838091505,0.8418046838091504,2.489035209540954,2.289035209540954
0.3,0.5,0.8,0.0,0.5,0.3,0.0,0.9999999999999999,0.8999999999999999,0.7876862286520658,0.5876862286520659
0.4,0.5,0.0,0.3,0.8,0.3,0.9,0.09999999999999996,0.0,2.1930451069194197,1.9930451069194197
0.6,0.8,1.0,0.7,0.4,0.2,0.0,0.9999999999999998,0.8999999999999997,0.4768498977806666,0.2768498977806667
0.7,0.0,0.7,0.0,0.2,1.0,0.0,1.0,0.9000000000000001,2.8523736681094185,2.6523736681094183
1.0,0.5,0.5,1.0,0.8,0.1,0.2281212271043982,0.7718787728956036,0.6718787728956033,2.116082155035358,1.9160821550353577
0.2,0.9,0.3,0.3,0.8,0.4,0.9000000000000001,0.10000000000000002,0.0,1.1821163551812115,0.9821163551812114
0.4,0.5,0.3,0.0,0.2,0.9,0.7840154362051128,0.21598456379488723,0.11598456379488717,1.4552987919497207,1.2552987919497207
0.6,0.7,0.6,0.4,0.8,0.0,0.0,1.0000000000000002,0.9000000000000002,1.913673745779282,1.713673745779282
0.7,1.0,0.2,0.5,0.5,0.2,0.9000000000000001,0.09999999999999987,0.0,0.9976007510192667,0.7976007510192666
0.8,0.4,0.3,0.3,0.7,0.1,0.900000000000001,0.0999999999999991,0.0,0.3597036064323962,0.15970360643239606
0.2,0.7,0.7,0.7,0.0,0.9,0.0,0.9999999999999944,0.8999999999999945,3.673752620521159,3.473752620521159
0.0,0.1,0.5,0.3,0.5,0.0,0.6222360983900683,0.37776390160993145,0.2777639016099314,1.479750172757669,1.2797501727576688
0.2,0.7,0.1,0.7,0.4,0.1,0.9,0.10000000000000002,0.0,0.9315898849966487,0.7315898849966488
0.9,0.5,1.0,0.5,0.4,0.4,0.0,0.9999999999999992,0.8999999999999992,0.9822992584372232,0.7822992584372234
0.5,1.0,0.3,0.1,0.4,0.7,0.6308133655288712,0.36918663447112876,0.26918663447112884,0.9085663524789848,0.7085663524789847
1.0,0.1,0.0,0.5,1.0,0.9,0.3924666831473509,0.6075333168526491,0.5075333168526492,2.940024238746411,2.7400242387464107
0.9,0.8,0.0,0.9,0.4,0.8,0.39786861066427504,0.6021313893357247,0.5021313893357247,2.371272465046899,2.1712724650468993
0.3,0.6,0.1,0.1,0.8,0.6,0.3106430587911687,0.6893569412088314,0.5893569412088316,2.206297901314649,2.006297901314649
0.3,0.5,0.5,0.0,0.3,0.6,0.15224630735138148,0.8477536926486187,0.7477536926486186,1.5172929078354853,1.3172929078354851
0.8,0.5,0.6,0.4,0.3,0.6,0.0,0.9999999999999998,0.8999999999999997,2.3401547803370164,2.1401547803370167
0.7,0.1,0.1,0.9,0.9,0.2,0.6817802861911768,0.31821971380882363,0.21821971380882338,1.7519687043904826,1.5519687043904826
0.4,0.9,0.0,0.5,0.9,0.1,0.9000000000000001,0.1,0.0,1.8950599999649276,1.6950599999649276
0.7,0.7,0.3,0.7,0.2,0.5,0.42796911911841296,0.572030880881587,0.47203088088158707,0.7455447194287832,0.5455447194287832
0.3,0.9,0.2,0.8,0.9,0.5,0.8487821932709976,0.15121780672900265,0.05121780672900246,1.595358135003076,1.3953581350030761
0.5,0.7,0.2,0.1,0.5,0.5,0.7459699126649705,0.2540300873350294,0.15403008733502935,0.48376283555655,0.2837628355565498
0.9,0.5,1.0,0.8,0.6,0.2,0.0,1.0000000000000007,0.9000000000000006,1.4076819991501748,1.2076819991501748
0.0,0.8,0.3,0.0,1.0,0.4,0.9000000000000002,0.09999999999999967,0.0,0.2,0.0
0.1,1.0,0.0,0.8,0.5,0.6,0.2847969458446107,0.7152030541553893,0.6152030541553892,2.861066207192338,2.661066207192338
0.5,0.4,0.1,0.9,0.6,0.2,0.8999999999999999,0.1,0.0,1.5109974440311524,1.3109974440311523
1.0,0.1,0.7,1.0,0.3,0.7,0.0,0.9999999999999989,0.8999999999999989,2.6009021186259984,2.4009021186259987
1.0,0.8,0.9,0.3,0.3,0.2,0.23376685109766607,0.7662331489023338,0.6662331489023339,0.2,0.0
0.4,0.6,0.8,0.2,1.0,0.5,0.0,1.0000000000000027,0.9000000000000025,1.1543855339146445,0.954385533914645
0.2,0.5,0.7,0.6,0.2,0.3,0.0,1.0,0.9,2.1599843671218575,1.9599843671218578
0.6,1.0,0.1,0.6,0.3,0.8,0.30576417331803585,0.6942358266819637,0.5942358266819636,2.6167256452145677,2.4167256452145676
0.9,0.7,1.0,0.3,0.5,0.9,0.0,1.0000000000000098,0.9000000000000099,1.8381485756658411,1.6381485756658412
0.3,0.2,1.0,0.6,0.5,0.7,0.0,0.9999999999999987,0.8999999999999987,1.6406516778106695,1.4406516778106695
0.2,0.5,0.2,0.1,0.5,0.5,0.9000000000000001,0.09999999999999985,0.0,0.8825376127470805,0.6825376127470805
0.3,0.4,0.6,0.6,0.1,0.1,0.4408254896070114,0.5591745103929886,0.45917451039298873,2.113984108688629,1.913984108688629
0.0,0.2,0.5,0.7,0.0,0.6,0.0,1.0,0.9,3.0435880161816615,2.8435880161816613
0.4,0.9,0.0,0.0,0.2,0.7,0.9000000000000001,0.0999999999999999,0.0,2.2987275331512875,2.098727533151288
0.7,0.9,0.0,0.1,0.3,0.6,0.8999999999999999,0.09999999999999998,0.0,1.8576303165247687,1.6576303165247686
0.5,0.1,0.9,0.2,0.1,0.9,0.0,0.9999999999999982,0.8999999999999981,2.298882049104698,2.098882049104698
0.9,0.8,0.8,1.0,0.7,0.1,0.0,0.9999999999999993,0.8999999999999994,1.4412315764561558,1.241231576456156
0.3,0.8,0.9,0.7,1.0,0.3,0.0,0.9999999999999988,0.8999999999999988,0.4838141992295275,0.28381419922952755
1.0,0.6,0.1,0.1,0.7,0.1,0.8999999999999999,0.10000000000000013,0.0,1.5405608987559938,1.3405608987559938
0.9,0.3,0.0,0.3,0.8,0.7,0.8045407322214935,0.19545926777850653,0.09545926777850686,2.4116192864093984,2.2116192864093986
0.5,0.0,0.7,0.8,0.7,0.4,0.0,0.9999999999999998,0.8999999999999997,2.414880561863965,2.2148805618639646
0.6,0.1,0.2,0.3,0.8,1.0,0.1999736356223134,0.800026364377687,0.7000263643776865,2.760443071877805,2.560443071877805
0.7,0.0,0.8,0.1,0.3,0.6,0.0,1.0000000000000004,0.9000000000000005,0.9227218160982096,0.7227218160982096
0.2,0.0,0.5,0.5,0.0,0.9,0.10588539997695268,0.8941146000230474,0.7941146000230473,3.3741102265042824,3.174110226504282
0.2,1.0,0.7,0.0,0.5,1.0,0.0,1.0,0.9,3.317015593730795,3.1170155937307946
0.8,0.6,0.2,0.6,0.1,0.3,0.9,0.09999999999999999,0.0,1.4323032651684242,1.232303265168424
0.2,0.5,0.8,0.9,0.8,0.6,0.0,0.9999999999999978,0.8999999999999978,2.4492934599079312,2.249293459907931
1.0,0.3,0.2,0.6,0.2,1.0,0.9,0.10000000000000003,0.0,2.146080507456363,1.946080507456363
0.7,0.1,0.2,0.9,0.8,0.3,0.6532772943155138,0.3467227056844866,0.24672270568448645,1.5071241501417785,1.3071241501417785
0.9,0.6,0.2,0.5,0.3,0.3,0.9000000000000001,0.09999999999999995,0.0,0.7040448526587583,0.5040448526587582
0.3,0.3,0.8,0.5,0.6,0.0,0.0,1.0,0.8999999999999999,0.7884554489599773,0.5884554489599774
0.5,0.8,0.7,0.1,1.0,0.6,0.0,1.0000000000000016,0.9000000000000017,1.5626045924038063,1.3626045924038066
0.4,0.6,0.9,0.1,0.9,0.9,0.0,1.0000000000000062,0.9000000000000064,1.9104924606175415,1.7104924606175416
0.6,0.5,0.8,0.9,0.6,0.9,0.0,0.99999999999999,0.89999999999999,2.912635791535678,2.7126357915356785
0.2,0.0,0.6,0.9,0.2,0.4,0.0,1.0,0.9,2.3420434469927933,2.142043446992793
0.1,0.3,0.8,0.6,0.7,0.5,0.0,0.9999999999999997,0.8999999999999997,1.824062551866855,1.624062551866855
1.0,0.1,0.6,0.4,0.6,0.8,0.0,0.9999999999999999,0.8999999999999999,3.31616732832927,3.1161673283292703
0.4,0.8,0.5,1.0,0.2,0.7,0.0,1.0,0.8999999999999999,2.3388889473224665,2.138888947322467
0.3,0.3,0.6,0.0,0.7,0.8,0.0,0.9999999999999998,0.8999999999999998,2.691289154714316,2.491289154714316
1.0,0.9,0.7,0.4,0.8,0.3,0.0694926128197384,0.9305073871802625,0.830507387180262,2.4156524162125415,2.2156524162125413
0.8,0.0,0.3,1.0,0.8,0.7,0.3068313382405732,0.6931686617594264,0.5931686617594264,1.6513622835997819,1.451362283599782
0.8,0.5,0.5,0.1,0.5,0.9,0.0,0.9999999999999999,0.8999999999999999,2.4851255795067595,2.2851255795067598
0.9,0.3,0.9,0.0,0.6,0.2,0.21629070596953548,0.7837092940304645,0.6837092940304645,0.19999999999999996,0.0
0.2,0.6,0.3,0.2,0.2,0.4,0.9,0.1,0.0,0.6527424444522446,0.4527424444522446
0.0,0.8,0.0,0.6,0.2,0.4,0.9,0.10000000000000009,0.0,2.186958467986197,1.9869584679861971
1.0,0.4,0.7,0.3,0.7,0.8,0.0,0.9999999999999984,0.8999999999999985,2.898919267074872,2.698919267074872
0.5,0.2,0.1,0.2,0.5,0.9,0.4856858990156283,0.5143141009843712,0.4143141009843712,2.2889903253529607,2.088990325352961
1.0,0.8,0.3,0.4,0.2,0.4,0.8999999999999997,0.1000000000000005,0.0,0.45325957291108193,0.2532595729110818
1.0,1.0,0.5,0.7,0.1,0.8,0.0,1.0,0.9,3.4720658343715702,3.27206583437157
0.4,0.3,0.9,0.0,0.1,0.7,0.0,1.0000000000000004,0.9000000000000005,1.0930627973185483,0.8930627973185483
0.1,0.1,0.2,0.8,0.3,0.3,0.9,0.09999999999999995,0.0,0.982431337984804,0.7824313379848039
0.4,0.8,0.2,0.8,0.6,0.4,0.9,0.1,0.0,1.133897447805662,0.933897447805662
1.0,0.4,0.1,0.3,0.6,0.4,0.8999999999999988,0.10000000000000143,0.0,1.5075248652549598,1.3075248652549596
0.2,0.9,0.2,0.3,1.0,0.0,0.8999999999999984,0.10000000000000168,0.0,0.43528854315227905,0.2352885431522789
0.9,0.8,0.8,0.6,1.0,0.9,0.0,0.999999999999996,0.899999999999996,2.0700639403625782,1.870063940362578
0.3,0.0,1.0,0.5,0.7,0.5,0.0,0.9999999999999999,0.8999999999999999,1.6970397570618616,1.4970397570618617
0.9,0.8,0.4,0.1,0.6,0.1,0.8999999999999996,0.10000000000000045,0.0,0.3331718754151651,0.13317187541516504
0.4,0.0,0.5,0.6,0.7,0.7,0.0,1.0,0.9,2.669091901302667,2.4690919013026673
0.9,1.0,0.4,0.3,0.6,0.3,0.9,0.1,0.0,1.3427208435197273,1.1427208435197271
0.6,0.7,0.5,0.0,0.6,1.0,0.0,0.9999999999999991,0.899999999999999,2.731296593172597,2.5312965931725975
0.3,1.0,1.0,0.7,0.9,0.3,0.0,0.9999999999999987,0.8999999999999987,1.6837070245500798,1.48370702455008
0.1,0.2,0.4,1.0,0.1,0.0,0.9,0.09999999999999999,0.0,1.2500733624053058,1.0500733624053058
0.6,0.5,0.6,0.9,0.3,0.4,0.0,1.0,0.9000000000000001,2.1907642731473675,1.9907642731473674
0.4,0.6,0.4,0.6,0.9,0.8,0.0,1.0000000000000007,0.9000000000000006,2.087669544709183,1.8876695447091834
0.5,0.4,0.1,0.6,0.7,0.4,0.9,0.09999999999999998,0.0,1.9058058256741948,1.7058058256741948
0.3,0.3,0.4,1.0,0.8,0.2,0.7767859363450789,0.2232140636549209,0.12321406365492094,0.9911670236434977,0.7911670236434976
0.8,0.4,0.8,0.8,0.4,0.3,0.0,1.0,0.9000000000000001,0.7452148118565658,0.5452148118565658
0.8,0.1,0.0,0.8,0.6,0.5,0.36501379074880225,0.6349862092511973,0.5349862092511973,2.56069455835344,2.36069455835344
0.7,1.0,0.5,0.2,0.6,0.7,0.0,1.0,0.9000000000000001,2.677003513100268,2.4770035131002683
1.0,0.4,0.6,0.8,1.0,0.3,0.1452979302816102,0.8547020697183902,0.7547020697183899,1.7424637792765176,1.5424637792765177
0.1,0.8,0.2,0.5,0.0,1.0,0.8502054616406399,0.14979453835936019,0.04979453835936021,2.981362298398946,2.781362298398946
0.6,1.0,0.2,0.9,1.0,1.0,0.0,1.0,0.9,2.692604642753015,2.4926046427530153
0.7,1.0,0.9,0.9,0.9,0.5,0.0,0.9999999999999967,0.8999999999999968,1.7370442139853024,1.5370442139853024
1.0,1.0,0.3,0.6,0.4,0.3,0.8999999999999998,0.10000000000000026,0.0,0.6354512535561562,0.4354512535561561
0.1,0.3,0.4,0.1,0.3,0.8,0.8478080046786416,0.15219199532135833,0.05219199532135835,0.9953833527336495,0.7953833527336496
0.9,0.0,0.3,0.9,0.4,0.6,0.8601541184605983,0.13984588153940214,0.03984588153940177,0.6585860154663614,0.45858601546636146
0.8,0.5,0.8,0.4,0.9,0.9,0.0,1.0000000000000013,0.9000000000000012,2.603384291345213,2.403384291345213
0.3,0.2,0.6,0.1,0.1,0.5,0.0,1.0,0.9,2.401679608719817,2.201679608719817
0.9,0.0,0.0,0.2,0.9,0.8,0.8227180891272647,0.17728191087273482,0.07728191087273496,2.4904601548259793,2.290460154825979
0.3,0.5,1.0,0.4,0.2,0.8,0.0,1.0000000000000018,0.9000000000000017,2.133296322560155,1.9332963225601554
0.1,0.8,0.2,0.0,0.1,0.3,0.899999999999995,0.10000000000000475,0.0,0.7979815892960738,0.5979815892960736
0.3,0.6,0.7,0.0,0.2,0.0,0.0,1.0,0.9,1.2984914914681027,1.0984914914681028
0.9,0.7,0.8,0.1,0.6,0.2,0.0,1.0000000000000002,0.9000000000000002,0.7953511861361922,0.5953511861361922
0.0,0.4,0.3,0.6,0.0,0.6,0.9000000000000002,0.09999999999999976,0.0,1.7447116679277967,1.5447116679277966
0.3,0.1,0.7,0.6,0.4,0.6,0.0,1.0000000000000016,0.9000000000000016,2.1969851864117924,1.9969851864117927
0.7,0.9,0.9,0.3,0.8,0.6,0.0,1.0000000000000018,0.9000000000000019,1.7226986681857683,1.5226986681857686
0.7,0.2,0.7,0.6,0.7,0.3,0.0,0.9999999999999999,0.8999999999999999,2.285962303757016,2.085962303757016
0.6,0.5,0.8,0.6,1.0,0.7,0.0,1.0000000000000107,0.9000000000000107,1.8341069875374543,1.6341069875374545
0.6,0.0,0.6,0.1,0.0,0.9,0.0,1.0000000000000002,0.9000000000000001,3.4036570148668335,3.2036570148668333
0.1,0.5,0.0,0.5,0.1,0.0,0.9000000000000001,0.09999999999999998,0.0,2.213752521489911,2.013752521489911
0.3,0.4,0.2,0.6,0.6,0.6,0.8999999999999999,0.1,0.0,1.4006365587184038,1.2006365587184038
0.5,0.2,0.3,0.6,0.6,0.2,0.8999999999999999,0.10000000000000003,0.0,0.5824342023667994,0.38243420236679937
0.8,0.7,1.0,0.3,0.5,0.2,0.0,1.0000000000000009,0.900000000000001,0.48226537679667364,0.2822653767966738
0.1,0.4,0.9,0.2,0.6,0.1,0.09243801596686452,0.9075619840331354,0.8075619840331353,0.49738218646504184,0.29738218646504144
0.1,0.8,0.5,0.2,0.4,0.4,0.6263808575983627,0.3736191424016373,0.2736191424016371,1.1429868338941842,0.9429868338941838
0.6,0.4,0.3,0.0,0.2,0.6,0.9000000000000004,0.09999999999999981,0.0,0.3404382031790536,0.14043820317905348
0.9,0.6,0.5,0.2,0.8,0.2,0.12827900023780137,0.8717209997621982,0.7717209997621984,1.7833881795082682,1.5833881795082683
0.5,0.9,0.2,0.6,0.0,0.4,0.9000000000000004,0.09999999999999962,0.0,1.8191373245138274,1.6191373245138272
0.9,0.5,0.8,1.0,0.8,0.6,0.0,1.0000000000000024,0.9000000000000025,2.4123410311623736,2.2123410311623735
0.4,0.8,0.3,0.5,0.1,1.0,0.670350452470325,0.3296495475296747,0.2296495475296747,2.2784637411647903,2.07846374116479
0.7,0.2,0.7,0.6,0.0,1.0,0.0,0.9999999999999911,0.899999999999991,3.978537929369198,3.778537929369198
0.4,0.9,0.2,0.1,0.1,0.3,0.8999999999999998,0.10000000000000044,0.0,1.1119864107689454,0.9119864107689453
0.1,0.5,0.2,0.2,0.9,0.8,0.5208991665588196,0.4791008334411804,0.3791008334411804,1.9627132675593462,1.762713267559346
0.8,0.7,0.7,0.2,0.6,0.5,0.0,0.9999999999999981,0.8999999999999981,1.954644396084552,1.7546443960845521
0.5,0.6,0.9,0.0,0.9,0.5,0.0,1.000000000000003,0.9000000000000032,0.8645877112709255,0.6645877112709258
0.7,0.1,0.7,0.7,1.0,0.4,0.0,1.0000000000000024,0.9000000000000025,1.9580959997353042,1.7580959997353045
0.6,0.7,0.9,0.9,0.6,0.1,0.0,0.9999999999999997,0.8999999999999997,0.744107147333093,0.5441071473330932
0.9,1.0,0.7,0.8,0.3,0.2,0.0,1.0,0.9,1.9907786053824266,1.7907786053824264
0.9,0.1,0.0,0.2,0.9,0.3,0.8999999999999999,0.10000000000000016,0.0,1.8034076855911632,1.603407685591163
0.7,1.0,0.0,0.4,1.0,0.4,0.693663751356008,0.306336248643992,0.20633624864399214,2.038329868749102,1.8383298687491019
0.5,0.0,0.9,0.7,0.8,0.4,0.0,1.0000000000000004,0.9000000000000006,1.2732131131806048,1.0732131131806049
0.9,0.9,0.4,0.2,0.9,0.0,0.8999999999999989,0.10000000000000123,0.0,0.620802492532308,0.42080249253230795
0.4,0.5,0.6,0.9,0.9,0.2,0.0,0.9999999999999996,0.8999999999999995,2.3352060674005544,2.1352060674005546
0.0,0.6,0.3,0.1,0.1,0.1,0.8999999999999999,0.10000000000000026,0.0,0.8154216887486547,0.6154216887486545
0.2,0.6,1.0,0.9,0.2,0.0,0.0,0.9999999999999971,0.8999999999999972,1.1405040716951536,0.9405040716951536
0.5,0.4,1.0,0.0,0.3,0.7,0.0,1.0000000000000009,0.900000000000001,0.7861109386144173,0.5861109386144174
0.6,0.1,0.0,0.2,0.8,0.8,0.13609006206455176,0.8639099379354489,0.7639099379354485,3.0243752743554992,2.824375274355499
1.0,0.5,0.7,0.0,0.6,0.4,0.0,1.0,0.9,1.9143759790808452,1.7143759790808453
0.9,0.6,0.9,1.0,0.3,0.2,0.0,0.9999999999999987,0.8999999999999986,0.7107804370883335,0.5107804370883338
0.2,0.4,0.3,0.6,0.8,0.4,0.9000000000000004,0.09999999999999978,0.0,0.951512508999454,0.751512508999454
0.2,0.0,0.6,0.5,0.5,0.2,0.22753636938473543,0.7724636306152646,0.6724636306152646,1.7741004658874548,1.5741004658874547
0.9,0.5,0.3,0.0,0.3,0.3,0.8999999999999994,0.10000000000000064,0.0,0.2000000000000002,0.0
0.6,0.6,0.8,0.6,0.4,0.1,0.0,1.0000000000000044,0.9000000000000046,0.8050604003506543,0.6050604003506544
1.0,0.2,0.0,0.1,0.9,0.0,0.9000000000000006,0.09999999999999945,0.0,1.217328516307038,1.0173285163070378
0.8,0.0,0.1,1.0,0.2,0.5,0.8999999999999999,0.10000000000000003,0.0,1.8880584745922557,1.6880584745922558
0.1,0.7,1.0,0.6,0.4,0.0,0.0,0.9999999999999993,0.8999999999999992,0.4492224062949854,0.24922240629498557
0.5,0.5,0.4,0.5,0.2,1.0,0.06519268919132415,0.9348073108086757,0.8348073108086759,2.5622530650041404,2.3622530650041402
0.3,0.1,0.6,0.0,0.1,0.3,0.2674542882862362,0.7325457117137638,0.6325457117137638,2.1861752677747415,1.9861752677747417
0.5,0.7,0.5,1.0,0.9,0.2,0.0,1.0,0.8999999999999999,1.5845414046493929,1.3845414046493931
0.3,0.6,0.1,0.6,0.7,0.5,0.226697089471543,0.7733029105284572,0.6733029105284568,2.4623324267947906,2.2623324267947904
0.3,0.3,0.6,0.0,1.0,0.2,0.3925452036500624,0.6074547963499375,0.5074547963499375,0.9384256394926592,0.7384256394926593
0.4,0.0,1.0,0.5,0.5,0.5,0.0,1.0000000000000007,0.9000000000000006,1.0898144048782703,0.8898144048782705
0.6,0.0,0.6,0.9,0.6,0.5,0.0,0.9999999999999996,0.8999999999999996,2.584987679655289,2.384987679655289
0.5,0.9,0.1,0.2,0.5,0.4,0.9000000000000004,0.09999999999999969,0.0,1.4624062399048388,1.2624062399048388
0.4,0.2,0.2,0.9,0.7,0.6,0.25319503836884527,0.7468049616311543,0.6468049616311546,1.8620846064029395,1.6620846064029395
0.5,0.2,0.7,0.3,0.4,0.4,0.0,0.9999999999999997,0.8999999999999997,1.426295792280698,1.226295792280698
0.7,0.4,0.3,0.2,0.2,0.0,0.8999999999999962,0.1000000000000037,0.0,0.20000000000000218,0.0
0.4,0.8,0.7,0.0,0.5,1.0,0.0,0.9999999999999974,0.8999999999999975,2.6434191202671897,2.44341912026719
0.0,0.4,0.6,0.8,0.7,0.9,0.0,0.9999999999999991,0.8999999999999992,3.975886800461632,3.775886800461632
0.4,0.4,0.9,0.2,0.3,0.2,0.17274789039708466,0.8272521096029153,0.7272521096029153,0.19999999999999996,0.0
0.2,0.2,0.5,0.8,0.2,0.8,0.0,0.9999999999999998,0.8999999999999998,2.7241544150459904,2.5241544150459903
0.5,0.5,0.0,1.0,0.0,0.0,0.9,0.10000000000000006,0.0,2.392359324688084,2.192359324688084
0.5,0.5,0.2,0.1,1.0,0.9,0.43164852902727113,0.5683514709727295,0.4683514709727293,1.6092274576070962,1.4092274576070962
0.6,1.0,0.0,0.4,0.2,0.8,0.34831737087944603,0.6516826291205541,0.551682629120554,3.1214644029688294,2.9214644029688297
0.0,1.0,0.7,0.0,0.8,0.1,0.0,1.0,0.9,2.336291546714261,2.1362915467142614
0.8,0.4,0.5,0.5,1.0,0.2,0.6063796416291787,0.3936203583708213,0.29362035837082157,1.01772619993983,0.81772619993983
0.8,1.0,0.2,0.1,1.0,0.2,0.9000000000000004,0.09999999999999969,0.0,0.5507601316858732,0.3507601316858731
0.5,0.5,0.0,0.4,0.8,0.3,0.8217314826425459,0.17826851735745386,0.07826851735745388,2.2626563279912455,2.0626563279912453
0.9,0.3,0.1,0.3,0.6,0.5,0.9,0.10000000000000014,0.0,1.525512811953565,1.3255128119535649
0.0,0.9,0.0,0.3,0.5,0.0,0.8999999999999995,0.10000000000000062,0.0,1.7597049435791112,1.5597049435791113
0.5,0.8,1.0,0.0,0.3,0.7,0.0,1.0000000000000004,0.9000000000000004,0.8288022143314798,0.62880221433148
0.5,0.4,1.0,0.4,0.7,0.3,0.0,1.0000000000000002,0.9000000000000001,1.2003977836503845,1.0003977836503846
0.5,0.1,0.5,0.0,0.7,0.6,0.0,1.0,0.8999999999999999,2.201773244412087,2.0017732444120875
0.2,0.8,0.5,0.5,0.3,0.3,0.6096530486566858,0.3903469513433142,0.290346951343314,1.2214130791125923,1.0214130791125924
0.6,0.0,0.4,0.3,0.7,0.8,0.2878749082635892,0.7121250917364113,0.6121250917364109,1.9563911398408056,1.7563911398408054
0.5,0.2,0.5,0.1,1.0,0.5,0.0,1.0,0.9,1.2442766465729964,1.0442766465729965
0.6,1.0,1.0,1.0,0.6,0.0,0.0,1.0,0.8999999999999999,1.5388553076131228,1.3388553076131229
0.8,0.2,0.8,0.2,0.8,0.9,0.0,0.9999999999999925,0.8999999999999925,2.531502119926503,2.3315021199265034
0.8,0.1,0.4,0.4,0.6,0.1,0.895992229153006,0.10400777084699442,0.004007770846994385,0.9110121194632466,0.7110121194632465
0.3,0.4,0.7,0.6,0.8,0.7,0.0,0.9999999999999993,0.8999999999999992,2.8113790608756073,2.6113790608756076
0.6,1.0,0.7,0.2,0.6,0.6,0.0,0.9999999999999997,0.8999999999999996,2.7124848364199394,2.5124848364199397
1.0,0.9,0.3,0.7,0.4,0.1,0.899999999999997,0.10000000000000314,0.0,0.24524828597303577,0.04524828597303561
1.0,0.4,0.6,0.2,0.3,0.7,0.10828151197282843,0.891718488027172,0.7917184880271719,2.0432697036558567,1.8432697036558565
0.5,0.0,0.7,0.3,0.7,0.0,0.0,1.0,0.9,1.7066418846597766,1.5066418846597764
0.4,0.4,0.2,0.4,0.4,0.3,0.9000000000000015,0.09999999999999847,0.0,0.20637012495092083,0.006370124950920755
0.6,1.0,0.9,0.0,0.7,0.8,0.0,1.000000000000003,0.9000000000000031,2.132966396971616,1.9329663969716167
0.7,0.9,0.9,1.0,0.4,0.7,0.0,0.999999999999992,0.8999999999999919,1.5138919971865445,1.3138919971865446
0.9,0.4,0.2,0.2,0.8,0.5,0.8999999999999992,0.10000000000000074,0.0,1.0864335020841087,0.8864335020841085
0.3,0.5,1.0,0.0,0.3,0.5,0.0,1.0000000000000009,0.9000000000000009,0.7821494986822441,0.5821494986822442
1.0,0.4,0.1,0.5,0.0,0.3,0.8999999999999981,0.10000000000000195,0.0,1.894216369284766,1.6942163692847658
0.6,0.5,0.8,0.9,0.1,0.4,0.0,1.0000000000000018,0.9000000000000019,2.012892325059379,1.8128923250593791
0.6,0.5,0.0,0.8,0.9,0.9,0.0,1.0,0.8999999999999999,3.372015999964243,3.1720159999642434
0.3,0.3,0.0,0.6,0.9,0.6,0.6061185395345181,0.39388146046548167,0.2938814604654817,2.117937419052397,1.917937419052397
0.1,0.2,0.8,0.0,0.6,0.3,0.0,1.0,0.9000000000000001,1.090617594274404,0.8906175942744042
1.0,0.9,0.3,0.5,0.2,0.8,0.8999999999999999,0.10000000000000014,0.0,1.712711817586433,1.5127118175864331
0.7,1.0,0.9,0.8,0.3,1.0,0.0,0.9999999999999907,0.8999999999999908,2.5726221783965677,2.3726221783965675
0.0,0.5,0.3,0.9,0.0,0.0,0.9000000000000002,0.09999999999999976,0.0,1.4023270342509573,1.202327034250957
0.4,0.3,0.4,0.4,0.5,0.2,0.8999999999999999,0.10000000000000003,0.0,0.20000000000000023,0.0
0.9,0.7,1.0,0.3,0.9,0.4,0.0,1.0000000000000013,0.9000000000000015,0.9835054662718936,0.7835054662718939
0.8,0.8,0.1,0.2,0.6,0.3,0.8999999999999998,0.10000000000000035,0.0,1.2961966693434066,1.0961966693434066
0.3,0.5,0.7,0.9,0.6,0.0,0.0,1.0000000000000004,0.9000000000000006,2.069500449006145,1.8695004490061449
0.6,0.6,0.5,0.6,0.4,0.3,0.0,1.0000000000000002,0.9000000000000002,1.4210419464247288,1.2210419464247289
0.4,1.0,0.0,0.2,0.9,0.4,0.8905935500955898,0.10940644990441051,0.009406449904410474,2.217215844911611,2.0172158449116107
1.0,0.1,0.5,1.0,0.7,0.8,0.0,1.0000000000000002,0.9000000000000004,3.3234276099306985,3.1234276099306983
0.6,1.0,0.4,0.7,0.4,0.3,0.5809811933276205,0.41901880667237945,0.31901880667237936,0.9886463438404909,0.7886463438404907
0.8,0.3,0.3,0.4,0.4,0.9,0.8031667809743475,0.1968332190256521,0.09683321902565256,0.9598637553623164,0.7598637553623164
0.6,0.3,0.5,1.0,0.4,1.0,0.0,1.0000000000000004,0.9000000000000006,2.611378990762177,2.4113789907621768
0.4,0.3,0.7,0.8,0.8,0.0,0.0,1.0,0.9,1.7104040873373814,1.5104040873373814
0.6,0.6,0.8,0.5,1.0,0.7,0.0,0.9999999999999991,0.8999999999999992,1.7833430343122252,1.5833430343122257
0.2,0.9,0.1,0.5,0.7,0.7,0.7010643012273692,0.2989356987726308,0.1989356987726308,2.938690248346677,2.738690248346677
0.9,0.5,0.3,0.2,0.1,0.4,0.8999999999999998,0.10000000000000028,0.0,0.9480801873970905,0.7480801873970904
0.4,0.0,0.3,0.6,0.1,0.8,0.8487798589749072,0.15122014102509285,0.05122014102509251,1.776695040847309,1.576695040847309
0.6,0.8,0.0,0.2,0.6,0.1,0.8999999999999994,0.10000000000000059,0.0,1.3652922050459004,1.1652922050459005
0.7,0.2,1.0,0.8,0.1,0.7,0.0,1.000000000000007,0.900000000000007,2.2049875713288896,2.00498757132889
0.4,0.6,0.2,0.2,0.0,0.6,0.634578987049441,0.36542101295055884,0.26542101295055875,1.8135464247527415,1.6135464247527413
0.0,0.7,1.0,0.8,0.6,0.0,0.0,0.9999999999999969,0.8999999999999969,1.2407443873923427,1.040744387392343
0.9,0.4,0.8,0.5,0.7,0.7,0.0,1.0000000000000022,0.9000000000000021,2.137699204899914,1.9376992048999142
0.2,0.0,0.4,1.0,0.2,0.3,0.9,0.09999999999999998,0.0,1.0234395658346478,0.8234395658346478
0.5,0.2,0.7,0.1,0.6,1.0,0.0,0.9999999999999949,0.8999999999999949,3.205131576629414,3.0051315766294144
0.1,0.3,0.6,0.4,0.8,0.8,0.0,0.9999999999999993,0.8999999999999992,3.1751350933700513,2.975135093370051
0.6,0.6,0.3,0.1,0.5,1.0,0.009754077403982153,0.9902459225960178,0.8902459225960179,1.694935468277233,1.4949354682772333
0.1,0.8,0.5,0.6,0.9,0.6,0.0,1.0000000000000002,0.9000000000000001,2.235801607172804,2.035801607172804
0.1,0.0,0.3,0.0,0.2,0.7,0.8999999999999997,0.10000000000000042,0.0,0.8379767253073502,0.6379767253073502
0.3,0.0,0.2,0.5,0.8,0.3,0.8999999999999997,0.10000000000000026,0.0,1.1438811217742608,0.9438811217742609
0.3,0.1,0.8,0.3,0.1,0.5,0.0,1.0000000000000004,0.9000000000000005,1.9195831994183457,1.7195831994183457
0.2,0.2,0.5,0.6,0.2,1.0,0.0,1.0,0.9000000000000001,3.2609435126155635,3.0609435126155637
0.1,0.1,0.8,0.9,0.5,0.9,0.0,1.0000000000000073,0.9000000000000073,2.749509014272274,2.5495090142722745
0.9,0.2,0.9,0.7,0.0,0.2,0.0,1.0,0.9000000000000001,1.30106858505978,1.1010685850597801
0.9,0.9,0.0,0.9,0.1,0.0,0.8999999999999989,0.10000000000000103,0.0,2.2593240524123313,2.059324052412331
0.9,0.4,0.7,0.6,0.9,0.4,0.0,1.0000000000000002,0.9000000000000002,1.9327187833308384,1.7327187833308386
0.4,0.0,1.0,0.8,0.7,0.0,0.0,1.0000000000000004,0.9000000000000006,1.1777795187839057,0.9777795187839059
0.1,0.9,0.1,0.6,0.1,0.5,0.9000000000000001,0.09999999999999985,0.0,2.6403797356862513,2.4403797356862515
0.4,0.8,0.5,0.8,0.4,0.8,0.0,1.0,0.9,2.1326024165663866,1.9326024165663869
0.3,0.5,0.9,0.1,0.5,0.4,0.0,0.9999999999999999,0.8999999999999999,0.613983881382852,0.41398388138285214
0.2,0.3,0.9,0.1,0.9,0.8,0.0,1.0,0.9000000000000001,1.222970865897733,1.022970865897733
0.9,0.0,0.6,0.2,0.7,0.2,0.4145659186370172,0.5854340813629828,0.4854340813629827,2.0372390563536142,1.8372390563536143
0.6,0.9,0.6,0.3,0.7,0.6,0.0,1.0000000000000004,0.9000000000000004,3.0479226430220243,2.847922643022024
0.3,0.6,0.7,0.7,1.0,0.4,0.0,0.9999999999999916,0.8999999999999917,2.001091579181897,1.801091579181897
0.1,0.9,0.0,0.7,0.0,1.0,0.6874028734181314,0.3125971265818686,0.21259712658186858,4.413530409635353,4.213530409635354
0.7,0.1,0.0,0.4,0.6,0.5,0.5230913379449884,0.47690866205501115,0.3769086620550111,2.372260966825551,2.172260966825551
0.5,0.5,0.3,0.4,0.3,0.7,0.49824761748625135,0.5017523825137487,0.4017523825137485,0.9779116142020109,0.7779116142020106
0.4,0.6,1.0,0.4,0.4,0.2,0.0,0.9999999999999991,0.8999999999999992,0.6523177801917557,0.4523177801917557
1.0,0.9,0.9,0.0,0.2,1.0,0.0,1.0,0.8999999999999999,2.1510301863620778,1.9510301863620776
0.6,0.7,0.7,0.7,0.4,0.7,0.0,0.9999999999999861,0.8999999999999861,2.106321246167917,1.9063212461679173
0.6,0.0,0.1,0.1,1.0,0.9,0.7252637718481827,0.2747362281518173,0.17473622815181727,2.0024636823490782,1.8024636823490783
0.1,0.5,1.0,0.9,0.7,0.1,0.0,0.9999999999999974,0.8999999999999975,1.7339644257469522,1.5339644257469522
0.8,0.9,0.6,0.9,0.0,0.5,0.0,1.0,0.8999999999999999,3.3088055864998926,3.108805586499893
0.6,0.6,0.3,0.7,0.1,0.5,0.28630389020857705,0.7136961097914225,0.6136961097914224,1.4146034335882078,1.2146034335882079
1.0,1.0,1.0,1.0,0.3,0.3,0.0,0.9999999999999999,0.8999999999999999,1.382007790366282,1.182007790366282
0.6,0.6,0.3,0.6,0.4,0.1,0.696724537194329,0.3032754628056709,0.2032754628056709,0.20000000000000004,0.0
0.8,0.2,0.0,0.7,0.6,0.8,0.08001996885815865,0.9199800311418413,0.8199800311418411,2.9933219840256546,2.7933219840256545
1.0,0.9,0.0,0.2,1.0,0.2,0.8999999999999986,0.10000000000000132,0.0,1.4285423130394421,1.2285423130394422
0.6,0.1,0.8,0.8,0.2,0.8,0.0,0.9999999999999871,0.8999999999999871,2.419184772864697,2.2191847728646974
0.7,0.5,0.7,0.2,0.8,0.9,0.0,0.999999999999994,0.899999999999994,3.366542457688044,3.166542457688044
0.7,0.5,0.3,0.9,0.5,0.8,0.0,1.0,0.9,1.5857326248561168,1.3857326248561168
0.5,0.8,0.2,0.5,0.6,0.9,0.43318115407723456,0.5668188459227652,0.46681884592276524,2.0969497956899557,1.8969497956899555
1.0,0.2,0.6,0.7,0.2,0.8,0.0,1.0000000000000009,0.900000000000001,3.1035388469987506,2.903538846998751
0.4,0.8,0.1,0.6,0.0,0.2,0.8999999999999995,0.10000000000000048,0.0,1.8497416666090816,1.6497416666090814
1.0,0.6,0.0,0.0,0.7,0.0,0.9,0.10000000000000002,0.0,1.6485677105542362,1.448567710554236
1.0,0.2,0.8,0.2,0.5,0.4,0.0,1.0,0.8999999999999999,0.9310598589346557,0.7310598589346557
0.0,0.6,0.8,0.6,0.0,0.4,0.0,1.0,0.8999999999999999,2.4559453323830045,2.2559453323830043
0.7,0.3,0.5,0.2,0.7,0.9,0.0,1.0,0.9,2.6716074128106353,2.471607412810635
0.2,0.1,0.2,1.0,0.4,0.9,0.156170844542737,0.843829155457263,0.7438291554572629,2.1124300891452767,1.9124300891452763
0.4,0.4,0.4,0.0,0.7,0.1,0.9000000000000016,0.09999999999999853,0.0,0.41066047993374544,0.2106604799337454
0.9,0.6,1.0,0.5,0.5,1.0,0.0,0.9999999999999901,0.8999999999999903,2.6101849875336782,2.4101849875336785
0.3,0.1,0.3,0.4,0.9,0.1,0.9,0.09999999999999995,0.0,0.47949260322915743,0.27949260322915737
0.2,0.3,0.6,0.6,0.5,0.2,0.1454618117390729,0.854538188260927,0.754538188260927,1.6004979807043755,1.4004979807043756
0.0,0.5,0.0,0.1,0.5,0.3,0.8999999999999999,0.10000000000000009,0.0,1.7993492569094045,1.5993492569094043
0.9,0.5,0.9,0.6,0.6,0.0,0.0,1.0000000000000004,0.9000000000000004,0.8900674061797185,0.6900674061797185
0.3,0.5,0.0,1.0,0.0,0.5,0.5611182858437632,0.4388817141562371,0.33888171415623697,3.0385220920381646,2.8385220920381644
0.2,0.5,0.0,0.1,0.7,0.9,0.3799130704629563,0.6200869295370435,0.5200869295370436,3.3517802658988787,3.1517802658988785
0.9,0.7,0.8,0.2,0.8,0.8,0.0,0.9999999999999885,0.8999999999999885,2.146669744632695,1.9466697446326955
0.2,1.0,0.1,0.7,0.2,0.9,0.42714709866969924,0.5728529013303008,0.47285290133030067,3.3506636161452086,3.1506636161452084
0.3,0.6,1.0,0.4,0.4,0.5,0.0,0.999999999999994,0.8999999999999941,1.0964309129692524,0.8964309129692528
0.6,0.9,0.1,1.0,0.5,0.1,0.9,0.10000000000000003,0.0,1.5246271514567435,1.3246271514567436
0.4,0.5,0.7,0.2,0.6,0.2,0.0,0.9999999999999998,0.8999999999999997,1.8465419091041742,1.6465419091041742
0.2,0.2,0.4,0.2,0.9,0.8,0.1435863292194588,0.8564136707805408,0.7564136707805408,1.6853121564169204,1.4853121564169205
0.1,0.4,0.6,0.2,0.5,0.1,0.5231838890577807,0.4768161109422192,0.376816110942219,1.431783194068177,1.2317831940681767
0.6,0.6,1.0,0.5,0.9,0.4,0.0,1.0000000000000002,0.9000000000000002,1.413963720582608,1.2139637205826084
0.0,0.0,0.7,0.3,0.3,0.5,0.0,1.0,0.9,1.9307294000600872,1.730729400060087
0.6,0.3,0.1,1.0,0.6,0.0,0.8999999999999998,0.10000000000000013,0.0,1.2249371338273414,1.0249371338273414
0.3,0.8,0.1,0.9,0.7,0.8,0.21425508428298712,0.7857449157170122,0.6857449157170123,2.889465162881775,2.689465162881775
0.5,0.6,0.3,0.2,0.3,1.0,0.13083620455325606,0.8691637954467439,0.7691637954467438,1.6492035598231176,1.4492035598231179
0.9,0.5,0.9,0.2,0.6,0.6,0.0,1.0000000000000009,0.9000000000000008,1.3901408225680147,1.1901408225680148
0.2,0.2,0.5,0.8,0.6,0.8,0.0,1.0000000000000009,0.9000000000000009,2.9023387999483017,2.702338799948302
0.5,0.7,0.6,0.0,0.6,0.4,0.0,0.9999999999999996,0.8999999999999995,1.7938078787817842,1.5938078787817842
0.4,0.4,0.2,0.3,0.4,0.2,0.9000000000000026,0.09999999999999762,0.0,0.1999999999999993,0.0
0.5,0.7,1.0,0.6,0.4,0.8,0.0,0.9999999999999962,0.8999999999999962,1.5154942768880768,1.315494276888077
0.4,0.7,0.2,0.8,0.4,1.0,0.0,1.0,0.9,1.9862782393935337,1.7862782393935337
0.0,0.2,0.3,0.1,0.6,0.2,0.8999999999999992,0.10000000000000075,0.0,0.5354266045068066,0.3354266045068065
0.5,0.6,0.5,0.9,0.4,0.8,0.0,1.0000000000000004,0.9000000000000005,2.461954223032099,2.261954223032099
0.4,0.5,0.4,0.1,0.9,0.3,0.8745235968510525,0.12547640314894726,0.025476403148947058,0.7477497810992353,0.5477497810992353
0.9,0.3,0.2,1.0,0.6,0.6,0.7350061018935174,0.264993898106483,0.16499389810648257,1.3790888833707249,1.179088883370725
0.4,0.7,0.7,0.7,0.9,0.6,0.0,0.9999999999999937,0.8999999999999937,2.3599119756108577,2.159911975610858
0.6,0.8,0.8,0.1,0.5,0.4,0.0,1.0,0.9,0.6730594785622629,0.47305947856226294
0.2,0.7,0.1,0.7,0.7,0.7,0.0,1.0,0.9,2.648653867803487,2.448653867803487
0.7,0.8,0.1,1.0,0.5,0.5,0.5497774131380231,0.45022258686197736,0.35022258686197716,1.6609978024069654,1.460997802406965
0.9,1.0,0.1,0.5,1.0,0.6,0.5785709057572945,0.42142909424270414,0.3214290942427044,2.1679122865636016,1.9679122865636014
1.0,0.3,1.0,0.1,0.6,0.3,0.17936515256458874,0.8206348474354117,0.7206348474354114,0.5896994440669083,0.38969944406690793
1.0,0.5,0.8,0.6,0.7,1.0,0.0,0.999999999999998,0.899999999999998,3.4047186293325855,3.2047186293325858
0.3,0.7,0.6,1.0,0.2,1.0,0.0,0.9999999999999927,0.8999999999999927,3.694386607938782,3.4943866079387824
0.7,0.8,0.5,1.0,0.7,0.0,0.07839775480546152,0.9216022451945389,0.8216022451945388,1.7313042174776268,1.531304217477627
0.5,0.1,0.3,0.9,0.1,0.0,0.8999999999999999,0.10000000000000003,0.0,0.8622814380365574,0.6622814380365574
0.4,0.6,0.1,0.2,0.5,0.3,0.9,0.1,0.0,1.2648659844184835,1.0648659844184833
0.5,0.7,0.4,0.0,0.9,0.8,0.0,1.0,0.9,1.271892612445291,1.071892612445291
0.3,0.6,0.3,0.2,0.4,0.9,0.19442008865867866,0.8055799113413218,0.7055799113413215,1.3010956435806187,1.1010956435806185
1.0,0.6,0.0,1.0,1.0,0.8,0.0,1.0,0.9,2.8426095182497866,2.642609518249787
0.0,0.3,0.4,0.1,0.1,0.7,0.9,0.09999999999999999,0.0,1.5971933299688823,1.3971933299688823
1.0,0.5,0.9,0.7,0.3,1.0,0.0,0.999999999999996,0.899999999999996,2.295605217031054,2.0956052170310544
0.3,0.7,0.6,0.2,0.8,0.0,0.0,1.0000000000000002,0.9000000000000002,1.7795086227259125,1.5795086227259125
0.8,0.7,0.3,0.4,0.8,0.0,0.9,0.1,0.0,0.35751891344535497,0.15751891344535496
0.3,0.6,0.7,1.0,0.7,0.2,0.0,0.9999999999999967,0.8999999999999966,2.527375120983761,2.3273751209837616
0.7,0.9,0.6,1.0,0.2,0.7,0.0,0.9999999999999991,0.8999999999999991,3.184035906055635,2.9840359060556354
0.2,0.6,0.4,0.5,0.4,0.1,0.6347839487747222,0.365216051225278,0.26521605122527775,0.49917077772905705,0.29917077772905687
1.0,0.3,0.4,1.0,0.8,0.9,0.22141480060493457,0.7785851993950663,0.678585199395066,2.327999010797195,2.1279990107971947
0.2,0.5,1.0,0.5,0.0,0.0,0.0,0.9999999999999999,0.8999999999999999,1.5535975620365428,1.3535975620365428
0.4,0.7,0.4,0.7,0.3,0.5,0.1685662285579992,0.8314337714420013,0.7314337714420011,0.7858315532022504,0.5858315532022504
0.4,0.4,0.8,0.0,0.4,0.2,0.26991256267685404,0.7300874373231461,0.630087437323146,0.2,0.0
0.2,0.3,0.6,0.0,0.9,0.5,0.0,1.0,0.9,1.752870294769996,1.552870294769996
0.1,0.9,0.6,0.4,0.5,0.5,0.0,1.0,0.9000000000000001,2.5541393467062212,2.354139346706221
0.0,0.5,0.6,0.8,0.3,0.3,0.0,1.0,0.9000000000000001,2.3752679733056348,2.175267973305635
0.3,0.1,0.4,0.4,0.6,1.0,0.0,1.0,0.9,2.708992294687131,2.508992294687131
0.6,0.9,0.9,0.5,0.1,0.3,0.0,1.0,0.9,1.387863327081258,1.187863327081258
0.3,0.7,0.7,0.7,0.9,0.0,0.0,1.0000000000000009,0.9000000000000008,1.5955625339253143,1.3955625339253146
0.7,0.5,0.5,0.2,0.0,0.7,0.0,1.0,0.9000000000000001,2.775862544781856,2.575862544781856
0.0,0.7,0.5,0.8,0.2,0.0,0.24388911378833134,0.7561108862116689,0.6561108862116689,1.6116212549847184,1.4116212549847185
0.6,1.0,0.4,0.1,0.6,0.3,0.830876250533559,0.16912374946644093,0.06912374946644095,1.123618462185593,0.923618462185593
0.9,0.6,0.6,0.6,0.2,0.9,0.0,0.9999999999999969,0.8999999999999969,3.5287422480431583,3.3287422480431585
0.4,0.0,0.0,1.0,0.0,1.0,0.4656966133684195,0.5343033866315805,0.43430338663158025,3.995776974276689,3.7957769742766887
0.6,0.4,0.9,0.3,0.8,0.0,0.0,1.0,0.9,0.49843687378841306,0.2984368737884131
0.2,0.8,0.0,0.3,0.9,0.2,0.9,0.09999999999999998,0.0,1.5450404336450203,1.3450404336450201
0.1,0.0,0.4,0.5,0.1,0.6,0.8685712943105971,0.1314287056894028,0.03142870568940265,1.7906042028037168,1.5906042028037168
0.9,0.1,0.6,0.9,0.8,0.2,0.0,1.0000000000000002,0.9000000000000002,2.6338596723990317,2.4338596723990316
0.7,0.1,1.0,0.1,0.3,0.8,0.0,1.0,0.9,1.4903289880285162,1.2903289880285165
0.2,0.9,0.6,0.6,1.0,0.7,0.0,1.0,0.9,2.86704850685946,2.6670485068594605
0.4,0.3,0.8,0.5,0.6,0.0,0.0,1.0,0.9,0.7605442269457079,0.5605442269457079
0.6,0.0,0.5,0.7,0.5,0.4,0.2272835337912964,0.7727164662087038,0.6727164662087037,1.5506634341358616,1.3506634341358614
0.1,0.2,0.8,0.2,0.1,0.8,0.0,1.0,0.9000000000000001,2.433634602099014,2.2336346020990137
0.4,0.4,1.0,0.0,1.0,0.7,0.0,0.9999999999999969,0.899999999999997,0.8393182545587025,0.6393182545587026
0.7,1.0,0.3,1.0,0.1,1.0,0.0570059189722425,0.9429940810277573,0.8429940810277572,3.0400768449627025,2.8400768449627023
0.5,0.2,0.3,1.0,0.1,0.8,0.16149999084328348,0.8385000091567156,0.7385000091567158,1.966434358270968,1.7664343582709678
1.0,0.8,0.9,0.6,0.6,0.1,0.0,1.0,0.8999999999999999,0.6755662191007777,0.47556621910077773
0.8,0.5,0.0,1.0,1.0,0.4,0.4046943707670154,0.5953056292329841,0.49530562923298416,2.0136838318225574,1.8136838318225574
0.7,0.4,1.0,0.5,0.0,0.8,0.0,1.0000000000000027,0.9000000000000028,2.3588435714213256,2.158843571421326
0.5,0.9,1.0,0.3,0.4,0.2,0.0,1.0,0.9,0.6304688528232548,0.43046885282325476
0.7,0.8,0.3,0.4,0.8,0.7,0.40482336439428135,0.5951766356057187,0.49517663560571845,1.3480361517496413,1.1480361517496414
0.5,0.0,0.2,0.5,0.6,0.8,0.6566125339370525,0.3433874660629477,0.24338746606294753,1.865156916517303,1.6651569165173028
0.7,0.3,0.5,0.4,0.7,0.5,0.10606777604957407,0.8939322239504257,0.7939322239504256,1.918375955168277,1.7183759551682771
0.5,0.0,0.7,0.7,0.8,0.5,0.0,1.0000000000000009,0.9000000000000008,2.49963448165193,2.29963448165193
0.9,1.0,0.1,0.2,0.2,0.6,0.8999999999999999,0.1,0.0,2.2045299088153287,2.0045299088153286
1.0,0.9,0.3,0.8,0.5,0.2,0.9000000000000019,0.09999999999999813,0.0,0.5942052975664445,0.3942052975664444
0.0,0.0,0.5,0.0,0.0,0.1,0.8999999999999997,0.1000000000000002,0.0,1.7319427064515946,1.5319427064515945
0.7,0.4,0.1,0.0,0.8,0.6,0.9000000000000001,0.09999999999999999,0.0,1.70757049156583,1.5075704915658301
0.6,0.3,0.0,0.5,0.1,0.0,0.8999999999999981,0.10000000000000181,0.0,1.5359721931057888,1.3359721931057886
0.3,0.3,0.8,0.5,0.9,0.8,0.0,0.999999999999999,0.899999999999999,1.9302211203977873,1.7302211203977875
0.0,0.2,0.2,0.5,0.4,0.0,0.9000000000000012,0.09999999999999867,0.0,0.4647070395184639,0.2647070395184639
1.0,0.0,0.4,1.0,0.3,0.8,0.5537910894404869,0.4462089105595135,0.34620891055951364,1.5869130418795674,1.3869130418795672
0.3,0.4,0.3,0.9,0.8,0.8,0.35309245116112264,0.6469075488388771,0.5469075488388773,1.7991149911899562,1.599114991189956
1.0,0.3,0.2,0.6,0.0,0.3,0.8999999999999972,0.100000000000003,0.0,1.1535278496150694,0.9535278496150692
0.5,0.8,0.5,0.6,0.5,0.4,0.15280839948892,0.8471916005110802,0.7471916005110801,1.4663544188156665,1.2663544188156663
0.3,0.6,0.4,0.4,0.8,0.0,0.5161092560109211,0.4838907439890794,0.3838907439890793,1.042593262874727,0.8425932628747269
1.0,0.2,0.1,0.5,0.8,0.2,0.8999999999999994,0.10000000000000059,0.0,1.748574363871016,1.548574363871016
0.0,0.3,0.6,0.3,0.1,0.4,0.3885599665470918,0.6114400334529081,0.5114400334529082,2.4511284482159237,2.2511284482159235
0.6,0.2,1.0,0.4,0.4,0.1,0.0,1.0000000000000004,0.9000000000000004,0.34487910486857637,0.1448791048685765
0.5,0.8,0.1,0.1,0.2,0.5,0.8999999999999998,0.1000000000000003,0.0,1.3039547540195018,1.1039547540195016
0.0,0.8,0.0,1.0,0.5,0.9,0.16412027408525054,0.8358797259147499,0.7358797259147498,3.2373659193815247,3.037365919381525
0.1,0.8,0.6,0.8,0.9,0.8,0.0,0.9999999999999989,0.8999999999999989,3.2325635912441464,3.0325635912441467
0.2,0.9,0.8,0.9,0.3,0.5,0.0,0.9999999999999989,0.899999999999999,1.6514756346936548,1.4514756346936548
0.9,0.6,0.9,0.3,0.5,0.0,0.0,0.9999999999999998,0.8999999999999998,0.3442014235060487,0.1442014235060488
0.4,0.6,0.7,0.4,0.1,0.7,0.0,0.9999999999999962,0.8999999999999961,3.0294678833533633,2.829467883353363
0.2,0.2,0.4,0.8,0.5,0.5,0.30295785960315347,0.6970421403968468,0.5970421403968467,1.159302941992367,0.9593029419923671
0.5,0.2,1.0,0.0,0.8,0.5,0.0,1.0000000000000002,0.9000000000000004,1.232652849090944,1.0326528490909443
0.4,1.0,1.0,0.2,0.5,0.6,0.0,1.0000000000000004,0.9000000000000005,1.5759159104149791,1.3759159104149792
0.4,0.9,0.0,0.4,0.1,0.5,0.8999999999999995,0.10000000000000044,0.0,2.6494661630129137,2.4494661630129135
0.0,0.7,0.0,0.2,0.6,0.2,0.9,0.10000000000000002,0.0,1.8260416043504075,1.6260416043504073
0.1,0.0,0.9,0.0,0.1,0.5,0.0,1.0,0.9,1.0912276445689122,0.8912276445689121
0.0,0.5,0.4,0.4,0.8,0.2,0.8552857776151661,0.14471422238483367,0.04471422238483347,1.541339967012543,1.341339967012543
0.8,0.8,0.9,0.4,0.0,0.0,0.04023078216439746,0.9597692178356021,0.8597692178356025,0.8266457449547713,0.6266457449547712
0.1,0.3,0.3,0.1,1.0,0.9,0.8507235172621872,0.1492764827378128,0.04927648273781293,0.9684152731453857,0.7684152731453855
