X1,X2,X3,X4,X5,X6,y1,y2,y3,y4,y5
0.5,0.0,0.3,0.3,0.7,0.9,-0.10961265453330438,0.9338218268057703,0.7825957265748713,0.9042244113389026,0.5722110907572124
0.3,0.5,0.2,0.4,0.7,0.6,0.8050404298574905,0.28368099795862645,0.28924963780290347,-0.4172497616316926,-0.4152188604023145
0.8,0.8,1.0,0.1,0.6,0.7,0.9224974123783026,0.058249545081292785,-0.03085774016129764,2.910506662687501,2.8043574390263677
0.7,0.8,0.1,0.5,0.9,0.8,1.2335971147997908,-0.14514156804184014,-0.47399594592621574,3.7472516504128537,3.5591655228012353
0.9,0.4,0.3,0.0,0.3,0.5,1.075295853864582,-0.47460122146324507,-0.343712361678121,1.613955950508939,1.5004134834039682
0.0,0.2,0.3,0.8,0.1,0.3,0.9268905229400523,0.17101508241303573,0.020054479566933348,0.19752060496337684,0.16627579080988203
0.3,0.3,0.7,0.0,0.1,0.9,0.38720825656528707,0.673180909883441,0.5417435824325864,1.2190278455315613,1.0064642852011298
0.9,0.0,1.0,0.4,0.7,0.3,1.0984522551173594,0.0063983463647574075,-0.24347408656193809,1.2855267837887814,1.0891298061253882
0.2,0.7,0.2,0.0,0.0,0.4,1.3365900397405248,-0.3458337400898143,-0.3844331505414347,0.6627317055175804,0.4075804534507262
0.5,0.5,0.6,0.8,0.4,0.1,0.4531044006774736,0.3156618278018168,0.4034968242221963,0.7433394778865916,0.5479239297294213
0.4,0.9,1.0,1.0,0.8,0.1,0.817597249452397,0.3446482470908412,0.34840353754976483,1.950176086172274,1.9853213160118377
0.1,0.7,0.9,0.9,0.3,0.6,1.1286797772078068,-0.052615944845342655,-0.286493447490793,2.5935521994133572,2.552528808585802
0.7,0.2,0.0,0.3,0.5,0.9,0.0889310345418686,1.2227788768365748,1.0136292217494423,2.4545250991185017,2.2748206835543394
1.0,0.4,0.4,0.6,0.4,0.4,1.0332485060424466,0.013086847349695618,-0.04868479844518106,1.2642692929356483,1.029411169858341
0.3,0.4,0.4,0.8,0.4,0.3,0.5598030343775848,0.52709273026473,0.33307404763795684,-0.13365426123994137,-0.3324557759821786
1.0,0.7,0.5,0.5,0.0,0.1,1.6797139135116674,-1.0482998366000569,-1.0313211329551626,2.7134270071634923,2.4388859861956775
0.5,0.9,0.3,0.0,0.5,0.0,0.8770704354910038,0.06274047000893296,0.10824876626329975,0.2289176384448286,-0.16671976623283033
0.1,0.2,0.4,0.2,0.0,0.3,-0.1369050464755938,1.1210547963403128,0.9582052888979433,0.3833081139375477,0.2745599368613203
0.2,1.0,0.0,0.7,0.5,0.9,-0.07283518080698748,0.9208363214067004,1.1281471976267716,0.346444253435603,0.1962880370809702
0.0,1.0,0.2,1.0,0.7,0.2,1.5063688567358577,-0.5235065280852415,-0.5197703647121523,0.1792982145993014,0.03851536307640373
0.9,0.2,0.3,0.3,0.2,0.3,1.5250591241847875,-0.6454321702217098,-0.6234836645919309,2.64249138847376,2.3785383386142955
0.4,0.1,0.2,0.9,1.0,0.1,2.0172532605672715,-0.8444376950644803,-0.9307568131825847,1.621454311148478,1.3958751541799144
0.4,1.0,0.6,0.8,0.2,0.3,1.4330086658100685,-0.3926441745855794,-0.590900634642234,1.7248051414954786,1.4855984780386347
0.0,0.0,0.6,0.0,0.6,0.3,0.7974542033819482,0.42597728161701154,0.1847727844001708,-1.2804678656946948,-1.669816396565317
1.0,0.3,0.8,0.8,0.8,0.2,0.05746630933878063,1.0164202743248891,0.7806829848583539,1.8873205466267327,1.6692828298966231
0.3,0.2,0.0,0.8,0.8,0.3,-0.19401028777212015,1.4309093662482264,1.3517645787248491,0.05801180066832984,-0.021295947164595874
0.8,1.0,0.2,0.8,0.4,0.3,1.050089277706384,-0.21064138417931963,-0.3625807650225694,2.1375288143152753,1.796806451990328
0.0,0.4,0.3,0.6,0.9,0.8,0.5976394315379099,0.4305951869481689,0.2948888743024672,-0.18051365253392332,-0.1550005915405437
0.0,0.8,0.5,0.9,0.0,0.9,-0.024829961416915097,0.8339039132155375,0.8454863170646915,2.7189254386219384,2.6731628563930756
0.6,0.5,0.3,0.1,0.8,0.0,0.1956087095850264,0.9555709944570101,0.6514694515386094,0.32523569984189465,0.1964455306521816
0.4,0.9,0.6,0.5,0.7,0.8,0.6429410496251453,0.3707086274052444,0.28759206653766045,1.1992506732937211,1.1279567207756054
0.8,0.9,0.2,0.8,0.6,0.6,1.061363562686065,0.2941089179007937,-0.02880670170719599,1.9932279254913896,1.9714511028304345
0.9,0.1,0.6,0.8,0.8,0.3,-0.24574970997759096,1.2890623678460504,1.1678154186876872,2.1998606242893546,2.1040727403166355
0.2,0.3,1.0,0.6,0.3,0.6,1.5053962398827412,-0.6500392215572627,-0.7722690364786792,0.8315418031882057,0.7171422021606053
0.5,0.7,0.0,0.8,0.4,1.0,0.5459687596489079,0.43283146984256465,0.3419896857324248,3.1375687171394033,2.872114209910576
0.6,0.5,0.8,0.2,0.3,0.9,-0.5745632627658498,1.561270823231665,1.505109525116566,2.7666271703584577,2.5865742599698165
0.7,0.5,0.3,0.4,0.5,0.3,1.1543411731109505,-0.11698840058313258,-0.22895333266454987,0.14925939060151538,0.20223235832563347
0.3,0.7,0.9,0.9,0.9,0.7,0.675738006252009,0.38111624602176114,0.2211678047897154,2.9689709269284132,3.04953035601075
0.3,1.0,0.2,0.3,0.9,1.0,0.321781761179867,0.8860691810130623,0.5795941335393281,2.4278977801543444,2.2918098739410335
0.7,0.7,0.5,0.1,0.2,0.2,1.9040093565551397,-0.8745114992600967,-0.815679476347065,3.28931696033954,3.269906072895354
0.8,0.1,0.5,0.8,0.4,0.0,0.1706456160272926,0.8917074063828329,0.6414749014746448,2.3034026324638983,1.969600064993004
0.2,0.5,0.5,0.0,0.8,0.1,-0.4353292574814521,1.5744144450941924,1.4167193997419039,-0.3504860593617147,-0.43951571174497617
0.1,0.0,0.3,0.8,0.8,0.4,-0.18013069387716274,1.0622444598536533,1.008066961325151,-0.6168788352678364,-1.0782459256500285
0.4,0.0,0.9,0.3,0.7,0.3,-0.08003501210714126,1.020304970069567,0.9450482951552754,0.14671034002785374,-0.012494751598910465
0.2,0.1,0.1,0.2,0.1,0.4,0.24576211247365193,0.806124477821067,0.6574276574700801,1.2725562983164003,1.0593570035079969
0.2,0.5,0.5,0.5,0.2,0.5,1.1907853595042486,-0.21142002705866508,-0.45041522948098434,0.7991440870936692,0.603448826817879
0.7,0.7,0.6,0.1,0.6,0.7,1.2170692487001011,-0.10285481439095953,-0.25559428163264514,2.6373787375050024,2.339914740117728
0.2,0.3,0.1,0.9,0.5,0.9,1.072808345778944,-0.07351605943105212,-0.09948096494864966,1.3037919029309324,1.108728214752618
0.9,0.2,0.0,0.9,0.1,0.9,0.5563147623632654,0.49274827045477154,0.3265455624177694,4.232950063709387,3.9817476069359947
1.0,0.0,0.6,0.0,1.0,0.4,1.3028912914909472,-0.2448313032552361,-0.47323919384041224,2.14537160829353,2.056587965235435
0.8,0.4,0.3,0.3,0.8,0.8,-0.1258166156233239,1.090481512657823,1.1413536971588367,1.8405352672342388,1.8101953205948214
0.7,0.0,0.3,0.8,0.7,0.7,0.4701550719862211,0.7686369951338479,0.6750128758558555,0.9965014618741261,0.7031016519947494
1.0,0.1,0.8,0.4,0.7,0.0,0.19416520067469648,0.9067584916275391,0.5477592970780939,1.4158565783827537,0.9758276215234907
0.4,0.9,0.0,1.0,0.6,0.4,0.8651648827280167,0.025207570632485257,-0.1559525568044011,1.1723425874429492,0.977039726488951
0.2,0.4,0.6,0.3,1.0,0.3,1.3867306676006175,-0.17514416632249824,-0.5118560936008537,0.5514708026767475,0.554249877548644
0.7,0.8,0.5,0.0,0.8,0.5,-0.09041194994026332,1.2012581337754527,0.8920002519771937,2.974237925943794,2.9153881744666346
0.4,0.7,1.0,1.0,0.4,0.1,2.253379000590685,-1.059778976210785,-1.2912578773092198,2.2624704532770665,2.2556870542626526
0.3,0.3,0.9,0.2,0.5,0.2,0.6611843788580319,0.21669027002155597,0.34070020849211935,0.2740680609168982,0.0812455160523809
0.3,0.5,1.0,0.7,0.2,0.7,0.7212017157093504,0.32167248315071095,0.3019707288529229,1.2496566942756537,1.0867361879976467
0.1,0.6,1.0,0.5,0.0,0.0,1.5266269095253278,-0.5896470486722789,-0.6259036872018794,0.10814431773290102,-0.11243686463333433
1.0,0.3,1.0,0.1,1.0,0.9,1.4674686661242362,-0.3851811583058121,-0.3988060666747032,4.124702680948068,4.01429871244376
0.9,0.6,0.6,0.7,0.8,0.8,-0.16761448359184347,1.1743889803900445,0.9677490196461445,2.8430873802265344,2.647420015048648
0.7,0.0,0.8,0.6,0.8,0.9,-0.6739012130077214,1.6724102154959957,1.5680396063281046,2.1254887636758952,1.8372461471814774
0.8,0.3,0.6,0.1,0.7,0.4,1.1127619204777557,0.11586058535210311,-0.21473832688779923,1.5490624832714477,1.3086611761991913
0.9,0.2,0.0,0.8,0.2,0.7,0.7734508757497731,0.31507910164402575,0.13940851440670107,3.5381835569304676,3.1749800721276125
0.8,0.4,0.4,0.1,0.7,0.6,0.20787147300035252,1.0204060080344597,0.9560189001348431,1.4395291532189638,1.1140731567971909
0.9,0.4,0.1,0.5,0.9,0.7,1.2016864769546893,-0.21144219080810667,0.06490439761887834,2.4844550651726713,2.370588699046882
0.1,0.3,0.5,0.7,0.3,0.6,0.6039271194687161,0.2485691980414161,0.04017131792179353,0.9670148549085901,0.8777246032209596
0.6,0.7,0.9,0.1,0.9,0.6,0.49485735403104464,0.6607547282942411,0.6532869624437734,3.8290976951591933,3.1982407808442845
0.0,0.3,0.8,0.4,0.1,0.4,0.7068314286782924,0.28477973940016094,0.07552809206041693,0.584209699803217,0.29336405839654195
0.5,0.0,0.3,1.0,0.1,0.4,1.4134931364552787,-0.4128804772274951,-0.6113988556746811,1.5888997947613344,1.6379630655124304
0.4,0.4,0.0,0.0,1.0,0.8,0.755066639727197,0.5079410494853829,0.3385353137557118,1.2764679780580297,0.8992232416609116
0.4,0.6,0.9,0.3,0.3,0.2,0.8230668042716787,0.2008093531714107,0.06922397868739444,1.7454639940978507,1.7265996419401481
0.1,1.0,0.2,0.1,0.3,0.4,1.415586328902349,-0.38757646754899344,-0.5505224655607999,0.7563358753836628,0.2612758542703776
1.0,0.1,0.1,0.0,0.7,0.8,-0.14219217300637177,1.3463155329380703,1.2295722378856517,2.5169969153199903,2.126058052629265
1.0,0.4,0.3,0.5,0.6,0.3,2.197614076620476,-1.086845862720923,-1.0379981149193267,-0.03641859918043609,-0.11596100926157689
0.2,0.9,0.8,0.1,0.4,1.0,-0.7833680013926863,1.8852661641807376,1.6984933970331133,2.1503568402112014,1.9330185734706924
0.0,0.8,0.3,0.9,0.5,0.5,1.2792332469053198,-0.32855113037717476,-0.4105993171051434,0.5646565088188664,0.2076346022317567
0.1,0.7,0.8,0.6,0.4,0.7,0.7974453919049344,0.46619736186306504,0.2693356399607466,0.9713027014167341,0.7833746540580643
0.3,0.5,0.3,0.6,0.4,0.7,0.8336137947500255,0.4551627353944323,0.21781347050765068,-0.39806237109425613,-0.4137711060708994
0.3,0.0,0.5,0.9,0.3,0.7,0.6718000843193344,0.3873522983550491,0.16307577040697174,1.9161694182467561,1.8054802574468565
0.5,0.5,0.8,0.0,0.8,0.3,-0.893172302140508,1.9396961052582538,1.7415757312671678,0.3364867892641244,0.15050373469751865
0.6,0.9,1.0,0.3,0.2,0.7,0.8481047806282527,0.3945977256128878,0.22596725108611612,3.655409751950148,3.600544754001251
0.0,0.3,1.0,0.0,0.3,0.6,0.9346254166666282,0.11083574058077632,-0.0950611290759415,0.8659705437464219,0.7538660810661362
0.1,0.9,0.2,0.9,0.4,0.9,0.5625129512269454,0.3083508315608486,0.3472445001826406,1.9421837109008389,2.116312757174401
0.1,0.3,0.2,0.4,0.9,0.7,1.162683615517141,-0.07791006383167173,-0.2868822391628757,0.4806101512438611,0.6874526104745853
0.4,0.9,0.4,0.1,0.2,0.7,0.5612282908534492,0.35645576201260687,0.43909484141693983,2.463358604339633,2.212305458838937
0.2,0.3,0.9,1.0,0.7,1.0,0.3580715737272818,0.7112167397334441,0.834568499754361,2.266529293019149,2.06703495763814
0.6,0.6,0.2,1.0,0.3,0.6,1.8605654121149078,-0.9770701815538697,-1.105256926777281,3.324775307970547,3.2834238101211644
0.0,1.0,0.8,0.0,1.0,0.7,0.019789110979638928,0.9838547365829524,0.7865965699683993,1.265157261097235,1.090450535682867
0.6,0.5,0.9,0.6,0.5,0.2,0.516282616743722,0.39425091464001843,0.3011592414366644,0.6240922857623692,0.4904838233572083
0.7,0.1,0.9,0.2,0.2,0.5,0.07588361776903184,1.0079149207475575,0.8922013590882549,3.5981049111385426,3.443383048255605
0.6,0.4,0.2,0.2,0.1,0.0,1.621773256504424,-0.6467872713752998,-0.3000141009446867,1.3569333069668883,1.3065472476996771
0.9,0.0,0.2,0.8,0.3,1.0,1.115292612557544,0.07970742791446417,-0.23052776415556786,3.4209132644708866,3.4517036936746393
0.0,1.0,0.8,0.8,0.1,0.0,0.295485516532121,0.7164796017476579,0.5904045365763737,0.47109841256758855,0.5062146380683281
0.5,0.8,0.2,0.3,0.5,0.3,1.5438709578518932,-0.5418682490828746,-0.5703812852072695,1.316457589305107,1.184676784366789
0.8,0.6,0.4,0.6,0.3,0.6,1.064721446097989,-0.33069568119472453,-0.09975338000966863,2.63880402405886,2.301255239154136
0.2,0.6,0.5,0.5,0.9,0.4,1.0982217032289807,-0.05421790671381027,-0.21163450432786682,0.7022302082698216,0.6280976295281997
0.6,0.5,0.1,0.3,0.3,1.0,0.3473850019929813,0.8220888802043856,0.6512698287637951,3.546672770486425,3.357200621534265
0.8,0.9,0.5,0.5,0.6,0.0,1.5375374119862582,-0.5127614477762442,-0.6048522440557896,1.7347565448745716,1.4417620655683392
0.9,0.7,0.5,0.1,0.5,0.6,1.0780480902842204,-0.1180239503251212,-0.016316482707007265,3.007371488578012,2.9267535019053645
1.0,1.0,0.6,0.8,0.7,0.5,0.543073295747447,0.4537546578377534,0.4213201354540632,2.2791566345483933,1.9593279741368737
1.0,0.3,1.0,0.2,0.9,0.9,0.3421670236895649,0.5069448282428052,0.573035371410107,4.165590568009863,3.8483561942441864
0.3,0.2,0.5,1.0,0.4,0.1,1.0202919322831163,-0.11277542197241593,-0.17043619929814927,1.5824098065511307,1.2937660132633948
0.5,0.8,0.3,0.5,0.8,0.4,1.226593274860764,-0.3259104823825467,-0.4247357807280953,1.2695171156466905,0.8336960357289572
1.0,0.1,0.7,0.8,0.1,0.2,0.6013042793371922,0.5970471909004668,0.26830031705265683,2.4715190458616694,2.3747277553559285
0.1,0.1,0.7,0.5,0.0,0.4,0.47346656066977477,0.6771576611084887,0.3868298819609856,-0.3737414277811858,-0.4629581845321748
0.1,0.1,0.6,0.6,0.0,0.2,0.5501982333146519,0.5643995441583812,0.3833169552184823,-0.10187971552101564,-0.40532386619639343
0.3,0.7,0.9,0.2,0.4,0.9,0.10099617652912164,0.7553747546094034,0.7284097245932641,2.7397221822340083,2.492589051629083
0.0,0.6,0.9,0.2,0.4,0.7,-0.46946545490334246,1.2632570745520608,1.2426649932971012,1.5036459623237426,1.2009196275743659
0.3,0.0,0.5,0.4,0.0,0.2,0.5455593268541381,0.46664016097854766,0.30571051763066265,-0.06990288938582967,-0.1914851126182215
0.3,0.1,0.7,1.0,0.1,0.3,0.6924755657005508,0.09154769934756068,-0.1257436486770711,1.3559738083672825,1.2455960510477049
1.0,0.4,1.0,0.1,0.7,0.4,0.5938413209018809,0.23285404456613934,0.07114851400259929,1.3848969487806289,1.313375250425424
0.0,1.0,0.2,1.0,0.7,0.4,1.392455080105069,-0.34250568909807144,-0.35812639427802784,0.4288789763691583,0.21386987373540584
0.0,0.2,0.6,0.9,0.2,0.4,1.515807862387266,-0.5260179318971756,-0.517262894072883,1.5098272901879428,1.6521967067218082
0.9,0.9,0.5,0.4,1.0,0.4,1.4080060021485659,-0.12410465206405288,-0.3723240113181445,3.807394812041869,3.550767656658283
0.9,1.0,0.8,0.1,0.5,0.7,0.059777588221513855,1.1896547965120352,0.8474202084318034,2.5178507289581087,2.306586637123327
0.0,1.0,0.1,1.0,0.3,0.9,1.0644270285218842,-0.1612068516292939,-0.10784006138472886,2.8344158107294404,2.563699897104178
0.2,0.8,0.2,0.4,0.8,0.2,1.3620480660947605,-0.2608913636921698,-0.4683162884337386,0.39391421196413645,0.5447900655988094
0.9,0.8,0.7,1.0,0.8,0.2,0.9831457763214914,0.02236357273523641,-0.18861733356370958,3.121322915683228,3.225037050948498
0.3,0.3,0.6,0.0,1.0,0.3,1.6988104754942817,-0.6139386074849043,-0.8520564590171708,0.6290507926519697,0.48016928973751866
0.6,0.3,0.9,0.6,0.3,0.2,1.560208715326821,-0.36773527026762165,-0.41336894774122435,2.0751279592673533,1.6279090292007758
0.2,0.2,0.6,0.4,0.6,0.0,1.4841051029213224,-0.244721770268338,-0.5682621245059143,-0.6740080178582738,-0.9729902733863238
0.4,0.9,0.2,0.1,0.6,0.1,1.3143667430021848,-0.46120540606082633,-0.38941087613166847,-0.04101197118944566,-0.009600778647547745
0.7,0.5,0.6,0.1,1.0,0.6,0.6908484768701428,0.18690496043562108,0.20446016948352447,2.573660043771531,2.3707713172037983
0.6,0.6,0.6,0.2,0.5,0.2,1.2032254708445649,0.012643918477971507,-0.02082552218918634,1.431585689655057,0.9988902854674396
0.2,0.3,0.2,0.9,0.3,0.8,1.8298812254494052,-0.5905742251543499,-0.7504205862215148,1.6797097218457517,1.555577393364493
0.5,0.4,0.5,0.1,0.5,0.8,0.11884879124268803,0.906882808329696,0.785096931212374,1.247703866192192,1.1273338948726892
0.2,0.9,0.9,0.5,0.6,0.4,0.9216994508599207,0.0769667378232388,-0.03477454379167333,0.11588200733384933,0.08420676472692973
0.0,0.8,1.0,0.5,0.5,0.5,1.3824102230798774,-0.5060059735499042,-0.7818863102065927,0.4222660097634309,0.41506781185284847
0.1,0.0,0.0,0.0,0.0,1.0,-0.5054164250008133,1.752945390899047,1.4774048801188067,0.6790892499891779,0.2792991476722867
0.0,1.0,0.7,0.6,0.3,0.5,1.1270589587744198,-0.08609982219814447,-0.19061644907373895,0.330785152929289,0.17529147181411203
0.4,0.3,0.4,0.5,1.0,0.1,2.42664572709217,-1.5097573441911551,-1.5069687933262583,0.6721220202325032,0.4208002092972147
0.3,0.6,0.7,0.4,0.0,0.0,1.0900529365937874,-0.018493990402474604,0.00812846469533754,0.07749002803930496,-0.4411937666675042
0.7,1.0,0.3,0.3,0.0,0.0,0.7264960402870012,0.08361005415204936,0.16832922177664245,1.485971176116439,1.2169870548446848
0.9,0.4,0.4,0.5,0.8,0.8,0.09912271990953637,0.6434050586329745,0.7774353790237514,1.982883839997247,1.8649565941951085
0.0,0.1,0.5,0.9,0.9,0.6,-0.19198512935926534,1.363621191013095,1.2377649701787976,1.7682142324701786,1.6496672262908116
0.1,0.4,0.0,0.4,0.7,0.7,0.13583580490392494,0.8274632973612396,0.7447481699158577,-0.7222689916594369,-0.9169081651224641
0.7,0.6,0.2,0.6,0.0,0.2,1.607017774729651,-0.8133735662904905,-0.752137311864065,1.3422650752694927,1.051031525431762
0.7,0.7,1.0,0.2,0.6,0.1,1.741747669419205,-0.7468353939411475,-0.5950041061939514,2.1584590135110444,1.865359139224907
0.3,0.7,0.0,0.5,0.4,0.5,1.8414238637605158,-0.6454814351661602,-0.9942543522593555,0.7111722376445736,0.6625149135074778
0.5,0.3,0.8,0.0,0.1,0.5,0.19404231412727613,0.7479124536233381,0.5497011905761571,1.440575019747388,1.225753439151717
0.4,0.1,0.5,0.0,0.6,0.8,-0.458134355485185,1.43770953195348,1.3082457394428515,0.830913866700333,0.8619542985452717
0.8,0.6,0.3,0.4,0.4,1.0,0.9218563180166119,0.10261767970320201,0.21098580463539832,3.215908963009741,2.7837207754164943
1.0,0.3,0.6,0.5,1.0,0.9,1.9385291018462558,-1.089703755709486,-1.1905793331439691,3.3789599595102824,3.3685536823220112
0.8,0.1,0.3,0.8,1.0,0.1,1.2732613851455392,-0.06356922646501276,-0.37234483102255433,2.1981480988377013,2.261997040981602
0.5,0.8,0.0,0.3,0.7,0.1,0.5726170051300152,0.2514404798845803,0.1915710476205048,1.2676248961884446,0.790852605053304
0.7,0.8,0.0,0.7,0.5,1.0,0.27276879132404364,0.7265436896151637,0.811605611624834,3.13491031529558,2.73241423780776
0.9,0.9,0.6,0.8,0.7,0.5,0.14741678392278235,0.6527972604269144,0.620274766782167,2.304295791492812,2.136314441149751
0.9,0.1,0.0,0.0,0.5,0.6,-0.19292834239555295,1.1579464075222798,1.1589698565444786,1.6651785787353397,1.407691620221828
0.3,0.6,0.1,0.7,0.7,1.0,0.06805166803792176,0.9392187186614052,0.9099891807133984,1.0679368792700377,1.0813027735927798
0.0,0.7,0.6,0.0,0.4,0.2,1.3439879351540707,-0.19214017519313295,-0.30461157039186,0.5719800024602476,-0.01812491925586246
0.7,0.5,0.2,0.8,1.0,0.5,1.3217407671829453,-0.37809088967726306,-0.5272982199004719,2.157320542846977,2.184072630058532
0.6,0.6,0.4,0.1,0.5,0.4,0.5102681209559419,0.5779442081538841,0.25140790839619187,0.8753540107190572,0.9008062311763102
0.5,0.5,0.6,0.3,0.8,0.1,-0.03546944961022379,1.125849379067097,0.9949268078602533,0.5804909176172436,0.5760087739766261
0.4,0.2,0.9,0.7,0.4,0.1,0.4458589476588951,0.8088707189092911,0.8082623726535602,0.8642147609202991,0.6423415196241248
0.8,0.2,0.3,0.3,0.4,0.1,0.9305060157580245,0.1667276669891556,-0.09785448537830893,1.5641229173709936,1.4423448785114878
1.0,0.6,0.2,0.5,0.4,1.0,1.4247172873353386,-0.6183140977919751,-0.668853587527467,3.4384400149872834,3.1948891532544135
1.0,0.9,0.1,0.5,0.9,0.4,1.3108972905284368,-0.3029951207370164,-0.31559393136195324,3.1864672501112183,2.9749581809241747
0.5,0.7,0.4,0.4,0.2,0.2,1.997778219535474,-1.3037339532567715,-1.1414860938220273,2.4145173021111783,2.061834078020028
0.1,0.3,0.0,0.1,0.9,0.1,0.9054016634835409,0.36953652607652065,0.1596714615200317,0.11530522395852029,-0.20992548583817047
0.6,0.9,0.8,0.6,0.3,0.0,0.9839891153646405,-0.003241740009078113,-0.14950130947912835,2.1727625149101333,1.8449141508263636
0.7,1.0,0.3,1.0,1.0,0.2,2.167860577773469,-1.2587308446368703,-1.270899258715432,2.9438946754909376,2.621281381799877
0.5,0.9,0.7,0.3,0.4,0.7,-0.07145954419522058,1.0227791468716247,1.053668383440243,1.9835121421258228,1.8661646208635838
0.6,0.7,0.3,0.6,0.9,0.3,1.9229852806105812,-0.8929425524040163,-0.9675000231569966,1.7262645121064009,1.732297872358862
0.7,0.1,0.3,1.0,0.7,0.8,0.1883156435299384,0.5966799676153034,0.5661548920892316,2.592814565001555,2.3684848046350493
0.8,0.4,0.5,0.3,0.6,0.9,0.1698783811844952,0.9443667134358245,0.8802456615564219,2.5055135814249514,2.29215797954133
0.6,0.2,0.9,0.3,0.5,0.7,-0.32616726077378866,1.2569060444620126,1.212411507769957,2.3766470141208664,2.298695534184159
0.9,0.0,0.7,0.1,0.2,0.5,1.137509972821821,-0.13462614434568265,-0.25117572270227195,2.473550163986263,2.099789571303632
0.0,0.5,0.8,0.9,0.8,0.2,-0.40063432160773205,1.4735096026465349,1.496319328051902,-0.09645354989535396,-0.3707983155182603
0.5,0.3,0.1,0.7,0.3,1.0,0.7377622975791904,0.022626168136701624,-0.031806450398503675,2.869976863850982,2.7213697062567355
0.8,0.5,1.0,0.5,0.1,0.9,0.8766742379374097,-0.046745609176461006,-0.06374998260399418,3.262015163274234,3.1074826391576624
0.7,1.0,0.2,0.1,0.0,0.1,1.158282940818296,-0.24930940664424706,-0.35478305209463873,1.861053874088902,1.5082405372070369
0.0,0.1,0.1,0.6,0.8,0.8,-0.4496705786595698,1.4258707002847448,1.274345144065837,0.8030252709159051,0.3834969773780766
1.0,0.3,0.2,0.0,0.7,0.4,1.5802251413938166,-0.46418635217326243,-0.49628488939451904,1.1940276696213563,0.7813744998007083
0.6,0.0,0.5,0.3,0.3,0.9,0.0587393546230634,1.0043077771151134,1.073287483646218,3.1916683760876254,2.92849452473378
1.0,0.4,0.9,0.0,0.6,0.5,0.49750406973790917,0.6659483538406398,0.5848595018445262,1.3937831466345785,1.2519442120195632
0.3,0.0,0.0,0.1,0.2,0.0,1.1888961137026521,-0.17553889536699485,-0.2267308884753782,0.10548254731878778,0.011915548987177293
0.2,0.2,0.9,0.6,0.7,0.8,-0.13018120017503804,1.1885828161677154,1.046842833862492,0.7740170664109681,0.5675095150779846
0.9,1.0,0.8,0.2,0.4,0.7,-0.4502585762781456,1.5063109309267613,1.3116803633468481,2.9601651108666625,2.93943808905089
0.7,0.5,0.7,0.2,0.4,0.1,0.35119367599107987,0.6704387919185248,0.5498192611968462,1.148566173900613,1.0072705684556278
0.1,0.1,0.7,0.9,0.0,0.9,-0.3461212385049597,1.5237149508452987,1.4538682359101234,1.4561365840987188,1.4628255475460468
1.0,0.0,0.2,0.1,0.4,0.6,0.857222821240219,-0.05363871470831248,-0.05088958024408258,1.900502764467834,1.8000711473105528
0.0,0.6,0.6,1.0,0.2,0.8,1.181725466961834,-0.297817449510154,-0.5595003414011535,2.6685561799897366,2.448321551197147
0.6,0.6,0.5,0.2,0.5,0.0,0.8767054481206359,0.04287496210640074,0.22779970809043187,1.4396524383766087,1.3280096269716806
1.0,0.3,0.9,0.9,0.7,0.0,1.1497620285541983,-0.1990760611774995,-0.11746912926049952,2.1261016695848367,2.000427694170823
1.0,0.4,0.1,0.3,0.5,0.7,0.6676248158989271,0.39199619280115366,0.37473127061863454,1.944886007795664,1.861835725236484
0.6,0.2,0.7,0.3,0.4,0.9,-0.3782803081028423,1.2516324274476056,0.9910077437283227,2.4425606921054723,2.444200182438055
0.7,0.0,0.0,0.1,0.8,0.3,-0.2894534207548392,1.2766505025877217,1.0553561321169505,1.0815657709473787,0.830975219580552
0.5,1.0,0.0,0.1,1.0,0.1,1.1536359994571637,-0.19705804064850796,-0.5061142985123168,1.427080089453314,1.34760029010844
0.3,0.7,0.9,0.3,0.7,0.0,0.7608146502420284,0.34573495709525637,0.2332746857184024,0.8732343709969327,0.6873503573373814
0.2,0.4,1.0,0.4,0.6,0.0,1.709951989305582,-0.5370293492410457,-0.6557330036080263,-1.2001888127159008,-1.200192648611482
0.1,0.7,0.6,0.5,0.5,0.7,1.6259597072648602,-0.6315562569283162,-0.8502735099164257,0.47685785448722795,0.5606886406019128
0.3,0.6,0.8,0.8,0.2,1.0,0.26165668903361616,0.8131090993577037,0.549684418391255,2.80924488341582,2.3572670962986
0.1,0.0,0.8,0.7,0.7,0.0,-0.2113138251372788,1.1671725741096874,0.9695561800782548,-1.307499507474583,-1.658289407135793
0.4,0.8,0.0,0.4,0.5,0.7,0.9890533280045287,0.12955878115008554,0.04013652628687376,1.2654856431918988,0.989382839782996
0.2,0.4,0.9,0.7,0.5,0.0,0.5038986991014387,0.4133839215184959,0.5042649571701343,-1.0052230516399034,-0.9280482112373267
0.4,0.9,0.4,0.0,0.2,0.5,0.5114003700096086,0.4226422400103457,0.3626939054378348,1.7672790259118443,1.5743249195364475
0.5,0.3,0.0,0.0,0.1,0.9,0.36435827163914614,0.632343913270097,0.6975605039263731,2.0350477298745826,1.7741900120948437
0.9,0.2,0.1,0.0,0.1,0.6,0.6941771475638432,0.4348291758936678,0.3120581144530159,3.4321476808044555,2.8285139626558555
0.3,0.4,0.3,0.6,0.4,0.2,1.459664848072668,-0.3032058416294481,-0.6640792692999522,-1.2416788716429132,-1.3709535327108888
0.3,0.6,0.3,0.3,0.8,0.1,0.6705288522922177,0.4676130527058661,0.3652989834985723,-0.07088320920297804,-0.32113064115254264
0.3,0.3,0.1,0.5,0.3,0.6,1.9835393883854302,-0.80322824735497,-0.9554483969897891,1.2434893163282417,0.9152782459786298
0.4,0.8,0.5,0.7,1.0,1.0,0.6687481299206137,0.20947682695469266,0.18474434114703842,3.7835082713930133,3.4727069710938467
0.1,1.0,0.8,0.2,0.0,0.0,-0.17349036723001285,1.242434985108654,0.8971098866917201,0.37089031751818036,-0.0484332000802377
0.4,0.2,0.1,0.2,0.2,0.3,1.262812353833004,-0.3109327100726787,-0.4746768781033071,1.9305917234322763,1.728569221335157
0.4,1.0,0.7,0.5,0.1,1.0,0.9268019303556435,0.034213173875818015,-0.1756289040091302,2.1046150897737683,2.044791501503176
0.3,0.1,0.0,0.1,0.4,1.0,-0.6078524518116739,1.7108586340649903,1.5740759492863146,1.5538519163100577,1.457053869557635
1.0,0.0,1.0,0.2,0.1,0.3,0.9338077447122247,-0.020180923695255523,-0.07736958114596731,2.669565506569509,2.5582150852953216
0.1,0.4,0.7,0.5,0.6,0.9,0.8686310006906962,0.04047625511005229,-0.03699011754094758,-0.7790152137551728,-0.7837845095126155
0.2,0.5,1.0,0.2,0.2,0.1,1.1121150662473116,-0.31824605598793965,-0.05083467293217904,0.607930799594901,0.4579025521001317
0.3,0.8,0.3,0.0,0.7,0.3,0.9391856097138566,0.07697246274643786,-0.07208295112279842,0.019515407287173353,-0.13552546128453635
0.8,0.2,0.4,0.3,0.1,0.6,0.10121950188138168,0.6739046015188412,0.585230786058479,3.3425943053545177,3.0552400127949606
1.0,1.0,0.5,1.0,0.8,0.4,0.2959191764757442,0.46836071731123463,0.46727712793250875,3.285265459099302,3.2509966140418083
0.3,0.6,0.5,0.3,0.7,0.8,-0.1923387391998802,1.4645593370189056,1.0510373176718972,1.1928797383338154,1.2575050719202439
0.8,1.0,0.3,0.7,0.8,0.5,0.28924842379924587,0.9144699040336461,0.6941430920130396,1.8147417975396785,1.3543786402968936
0.7,0.2,0.7,0.8,0.0,0.7,-0.21639224505169996,1.2123671349899252,1.0288683740996412,2.3634831732119026,1.9861868363335735
0.4,0.8,0.4,0.4,1.0,0.0,1.8917109330794137,-0.7012224864072294,-1.0733657378220343,1.6133688853236827,1.5797415534224317
0.4,1.0,0.8,0.0,0.0,0.4,-0.13021740045038807,1.3560421635717264,1.0230981575599247,0.6270417606157784,0.49130823936691104
0.7,0.3,0.7,0.7,0.2,0.2,1.7168539425806744,-0.8213573410766615,-0.7248915796241896,1.5684118685855466,1.5397179459604047
0.1,0.7,0.0,0.7,0.5,0.9,0.6168718222979,0.6068436547196107,0.35947302955729254,0.9601076188429515,0.6844444561151382
0.7,0.1,0.1,0.2,0.4,0.1,0.36415608828615575,0.5448408875364095,0.5924537097342902,2.1667903587168516,1.9700294221386785
0.4,0.5,0.8,0.2,0.1,0.6,-0.33839253680481124,1.3477494448864165,1.2249418500434526,1.1718010828298067,1.3075204485666554
0.3,0.0,0.3,0.9,0.5,0.1,1.5605918789955244,-0.433204026152344,-0.6000249498360334,-0.8138611165496399,-0.9431962922946738
0.3,0.7,0.1,0.1,0.7,0.9,0.6408095128097915,0.19465711322926146,0.1698523497463264,1.7585712613721316,1.6825773527262249
0.4,0.2,0.0,0.3,0.2,0.4,0.9588881530085034,-0.09684480534116144,-0.06707363289194354,1.6842551087520887,1.3588736234087868
0.0,0.0,1.0,0.9,0.3,0.8,0.6615835813069917,0.278357942144119,0.233250741123669,1.7671534801977242,1.6215507637921458
0.3,0.0,0.4,0.4,0.0,0.2,0.7030560434468941,0.46160875497017023,0.30743332870267664,-0.3774968319782393,-0.45646859861145284
0.5,0.5,0.8,0.2,0.7,0.3,-0.6256070751059942,1.251872749000773,1.2659457391612736,0.00926974922594681,-0.04460378388502406
0.6,0.1,0.0,0.2,0.2,0.5,0.3328463056203556,0.6450036489303302,0.48520987503160745,2.5314474464639525,2.356270835121799
0.5,0.1,1.0,0.2,0.8,0.7,-0.7631059475187497,1.8030648860472493,1.8920703969316313,2.1863341427298417,1.9975063429841529
0.3,0.7,0.3,0.1,0.0,0.1,1.5540226114610665,-0.45342103016090185,-0.5519589468011792,0.5856061020476302,0.24515650885034387
0.0,0.8,0.8,1.0,0.5,0.3,0.9685609710132356,0.062441764599220684,0.0638247200650472,1.2251958878988227,0.8908288091510774
1.0,1.0,0.3,0.1,0.0,0.6,0.7824498470220906,0.4112149523125343,0.29567057180885853,2.1006850355585103,2.1485968434375753
0.1,0.6,0.9,0.5,1.0,0.7,1.094056252777068,-0.24652411249614387,-0.42849315862828774,1.7561945539017054,1.3796892888298395
0.0,0.1,0.4,0.9,0.5,0.1,0.4022572946909152,0.67781048988901,0.5914478568114302,-0.10223111650116246,-0.5007145862093747
0.6,1.0,0.5,0.4,0.4,0.4,0.833439483612938,0.3270964429412615,0.26600676204666773,2.179431287509323,1.9053191891274046
0.7,0.2,0.2,0.6,0.5,1.0,1.1589003042605157,-0.11141312508910171,-0.15007546780859038,2.3171616959416883,2.354084440454981
0.3,0.0,0.8,0.8,0.1,0.8,-0.3044960102271824,1.3202785114098017,1.282899050056143,1.1952820924977714,1.1172968820714335
0.7,0.5,0.7,0.9,0.4,0.0,0.8712362622474654,0.05555030507405383,0.13395123224091243,1.4314615561147126,1.0868383217509139
0.7,0.2,0.3,0.9,0.5,0.4,1.1691397295684365,-0.22582346717600682,-0.4324689177655708,1.5032340641459905,1.395607067524965
0.0,1.0,0.4,0.5,1.0,0.8,1.1227401144620859,-0.27557705753132156,-0.2854644765077244,1.3190780403418696,1.202970395087635
0.1,0.4,0.8,0.0,0.1,0.1,0.35492114110657247,0.6914567459691424,0.5786519392388397,-0.3017933863818597,-0.45258680563243053
0.8,0.9,0.4,0.9,0.0,0.3,0.5641814779177814,0.4280124601281704,0.5294331561350563,2.7693316570140065,2.4079143415991977
0.0,0.7,0.0,0.8,0.1,0.2,1.3289847703040045,-0.03769689380171809,-0.34685030180003945,1.0489248151716677,0.7291068624842432
0.8,0.5,0.8,0.2,0.1,0.3,0.05442845185121142,0.9013645034181083,0.9856107379851127,2.258424713008655,1.951013653871829
0.5,0.0,0.2,0.5,0.8,0.6,0.8612810231651533,0.062288210993651,0.033510903905365874,0.43990006090240646,0.3790375088101806
0.2,0.7,0.7,0.1,1.0,0.8,1.3869658185854314,-0.1521115224893625,-0.37681157314906677,2.09474267746437,2.190933930802845
0.4,0.9,1.0,0.3,0.3,0.2,1.1470280169947895,0.01398563901229143,-0.04086432629243322,2.0089908210494043,1.7854433940766572
0.9,0.0,0.4,0.6,0.4,0.3,0.901858448569667,0.07526502167338364,0.0426214424182257,1.182162697134733,0.8469740430508804
0.2,0.3,0.1,0.1,0.2,0.7,1.3834513857303194,-0.20644348378596086,-0.36434095238856024,1.3957333502703415,1.293757466398425
0.2,0.7,0.0,0.1,0.8,0.0,0.7069453465177818,0.26514444272248056,0.3437348387209753,0.38692547425709145,0.001800078490726248
0.5,0.2,0.8,0.0,0.4,0.0,0.09880786119180164,0.8414086124790591,0.9719912362426584,0.8809191395213154,0.6739695401858468
0.3,0.8,0.1,1.0,0.6,0.4,2.010813454385213,-0.668654648319076,-0.9872153178047769,1.606866561399434,1.4155790314230445
0.6,1.0,0.9,0.6,0.4,0.7,0.12483392973240813,0.6214831362651618,0.5289020661675912,2.315015183392623,2.204784095819537
0.2,0.9,0.8,0.0,0.8,0.6,-1.1590399166457637,2.317118564547787,2.1580054987055446,0.7220983988154767,0.7226070351317346
0.2,0.6,0.9,0.5,0.3,0.7,1.0311254418880824,-0.1813978697733473,-0.16167622680657798,1.7931067107479264,1.4371096228510685
0.8,0.3,0.8,0.8,0.9,0.9,-0.2418287114493136,1.2119022156364514,1.1759198943117861,3.6192523670781407,3.3200172525653513
0.4,1.0,1.0,0.4,0.1,0.0,1.6814709264508991,-0.547300437067049,-0.7201072477768805,1.5267951227869345,1.187429040327601
0.7,0.6,0.2,0.1,0.0,0.6,0.9258860130040469,0.33011742099623265,0.17883674825908258,2.3892653590449004,2.195266288018077
1.0,0.1,0.6,0.7,0.1,0.5,0.3844898295747733,0.5201181497613476,0.41688768560333167,2.7659466337523444,2.660640537760297
0.2,0.0,0.2,0.6,0.6,0.3,1.6344131126096364,-1.016440779544806,-0.7906146117619077,-1.5815806384557116,-1.8969698138145883
0.5,0.4,0.7,0.3,1.0,0.2,1.1830319581963549,-0.21209402071321876,-0.2182357115899416,0.9661842863571313,0.8169880080820784
0.6,0.9,0.1,0.5,0.1,0.9,1.096763281138071,-0.11434491364976004,-0.19230119568579004,3.546347933173787,3.3207886350812057
0.3,0.1,0.0,0.7,0.3,0.9,-0.19020375484924948,1.203338248027337,1.061253466845286,1.499449059813048,1.463978752831867
0.6,0.4,0.4,0.3,0.5,0.4,0.494872243010376,0.7261118428489273,0.5378693667599815,0.6394687672820525,0.46589473720146907
0.4,0.9,0.0,0.0,0.9,0.5,-0.14464212595952075,1.3440668361562196,1.0128785189159464,1.4909198434127058,1.2585120441135926
0.0,0.6,0.3,0.8,0.9,1.0,-0.06653000280045383,1.0552479329591438,0.7816327238073632,1.6346444652879735,1.4237696910130557
0.6,0.2,0.1,0.7,0.7,0.6,0.1720255732661121,0.757213279616257,0.8285640020324179,1.5674361721989303,1.293709222230382
0.7,1.0,0.5,0.9,0.8,0.8,-0.08283304701273972,1.359745539791091,1.1632460912250844,3.5345609854777145,3.4574531301465647
0.1,0.4,0.6,0.4,0.2,0.7,1.4091682838898723,-0.2513514810683012,-0.46922464577320383,1.089792000875378,0.7284576568514355
0.8,0.5,0.7,0.9,0.9,0.6,0.37770058914850674,0.6566249127203799,0.7516340988868783,2.5018242189648348,2.516869715064637
0.9,0.9,0.3,0.9,0.3,1.0,0.9107029808632143,-0.04761432200253042,-0.09762755466375667,4.581751090808161,4.48723222073886
0.7,0.2,0.8,0.1,0.3,0.2,0.5790498163128264,0.4785269433046435,0.3727167670672275,2.451677898419813,2.241022804851117
0.1,0.7,1.0,1.0,0.8,0.7,0.7968609374797754,0.04790135760622502,0.1633658420261886,2.399162247132811,2.1404526099080896
0.5,0.7,1.0,0.7,0.1,0.5,1.2454134133328143,-0.5209053397432113,-0.4731964353724783,2.612359954137147,2.436829269524108
0.6,0.5,0.8,0.8,0.1,0.5,-0.35695417650973826,1.3449376272819673,1.2214184709554698,2.0029628045470744,1.6479202674764761
0.2,0.9,0.5,0.1,0.8,0.1,-0.33771374197926596,1.234123311792976,1.186272384415965,0.8306444683891953,0.7160263097911921
1.0,0.7,0.8,0.5,0.0,0.1,1.6216318908821126,-0.6195286842717059,-0.9099165287941533,2.3944522772386936,2.195493505653596
0.9,0.5,0.1,0.4,1.0,0.9,1.072886559223882,0.061314056434372766,-0.23468845015470569,3.3731723441036943,3.3190890598327876
0.8,0.2,0.8,0.3,0.3,1.0,-0.2590314784262011,1.2407033099109421,1.0970072664309984,4.311215297205711,4.118116157498135
0.7,0.4,0.8,0.3,0.3,0.1,0.5815834461371369,0.2240553924479899,0.4421012595396532,1.8215629349367193,1.5500048243650328
0.7,0.5,0.5,0.7,1.0,0.7,0.4349844881315136,0.6770067370067491,0.6957917454257242,2.6290357172943395,2.7623888109615313
0.3,1.0,0.2,0.1,0.2,0.9,1.2397011353465175,-0.19266137749732137,-0.4169697804791775,2.3535639808583873,2.247150316558251
0.5,0.8,0.8,0.8,0.2,0.2,1.2760048226802032,-0.2695372671126663,-0.14441234098668648,2.6163547687556115,2.2669470076089246
1.0,0.8,0.4,0.1,0.1,1.0,0.6488652580804598,0.5721417018476397,0.6666845413161891,4.939992882296052,4.704540756432323
0.0,1.0,0.2,1.0,0.1,0.7,1.394548679450694,-0.2482124980148892,-0.42324349707024395,2.0302837308437,1.9951550965665854
0.0,1.0,0.2,0.9,0.3,0.4,1.7711024999802418,-0.7404474645262269,-0.7550015315194919,1.2970631341903915,0.9353753499808019
0.9,1.0,0.3,0.0,0.0,0.6,0.44622425292707174,0.5670171361889185,0.55180044167097,2.07628270188819,1.7022949942070453
0.4,0.3,0.3,0.1,0.0,0.7,0.5256004155198563,0.4985074427214856,0.2707166877571941,0.5249147306334472,0.4044697089588229
0.8,0.6,0.2,0.8,0.8,0.9,0.058468199502111906,0.829486914445504,0.8620875210106919,3.1591134645191703,3.0448538776164047
0.6,0.4,0.1,0.8,0.5,0.4,0.7984099994567624,-0.018105489356692345,0.06959480540586417,0.9651762805521362,0.654913707559908
0.3,0.5,0.7,0.6,1.0,0.6,1.0001448983305872,-0.14769438044084932,-0.19888233037478698,0.3510293521949617,0.1254418580789669
0.9,0.3,0.3,0.2,0.7,0.3,1.1128127734195508,-0.02842385300530717,-0.17820365223006157,0.9827876601672014,0.8998943953232473
0.9,0.9,0.5,0.9,0.8,0.3,0.009628398518650716,0.8826078465290155,0.9123296048656042,3.132521528429036,3.1136035370335198
1.0,0.8,0.5,0.9,0.0,0.7,0.7217446674839489,0.2596387284102843,0.18340778983246975,4.448529628906573,4.214449321709301
0.0,0.1,0.6,0.6,1.0,0.4,1.0934589529065695,-0.09686085319979665,-0.2496907737245545,0.4627569924835108,0.36290681888120946
1.0,0.5,0.7,1.0,0.6,0.0,1.4514249874107268,-0.3040025743802095,-0.6425536414881864,1.335736001893197,0.9994560817832466
0.1,1.0,0.6,0.6,0.4,0.2,1.2577147558912745,-0.18542987475780667,-0.3935618279604597,-0.054144588083651524,-0.18549539655131553
0.2,1.0,0.4,1.0,0.4,0.3,0.9547602702056215,-0.002920328462067856,-0.13160015342973985,1.056781805844336,0.9114516293237432
0.1,0.0,0.6,0.6,0.0,0.9,0.20862127023887794,0.8626223988564894,0.6098463041755482,0.4693971242930908,0.3600456521829244
0.8,0.9,0.5,0.2,0.9,0.8,-0.435620432918876,1.4750909540276191,1.4095294646946956,4.078475154337928,4.109053422848975
0.4,0.4,0.0,1.0,0.2,0.5,1.5462012693649039,-0.5886180482193075,-0.6275441458526909,1.6864296588873713,1.585783486793583
0.7,0.7,0.1,0.3,0.2,0.0,2.359269782921517,-1.3582927315498685,-1.3037256672047375,3.509237741183426,3.355350803119497
0.3,0.2,0.2,1.0,0.2,0.3,2.380260136578819,-1.3099653721349853,-1.1683310001993372,1.9507509588221332,1.622231712377054
0.5,1.0,0.1,0.7,1.0,0.5,1.1246168854518546,-0.3099568549485115,-0.41968401968609925,2.1895199859047727,1.7664267752281313
0.3,1.0,1.0,0.9,0.3,0.0,1.5596727766422844,-0.6613394054323932,-0.8215346747453649,1.543221319378446,1.4639344445605686
0.6,0.3,0.6,0.9,0.5,0.1,1.707818136891805,-0.6201337246518384,-0.7232609404965495,1.3567708990147271,1.0399094316273771
0.9,0.3,0.3,0.9,1.0,0.7,2.0085390169843302,-0.8979310494138304,-1.1163015255582762,3.3600188672428755,3.034100449833577
0.8,0.4,0.7,1.0,0.8,0.9,0.03910939503690224,0.9434783206840535,0.8994624089611905,2.9985481427498546,2.8645827272431914
0.4,0.1,0.5,1.0,0.0,0.3,0.49220921844122256,0.607260626693061,0.5980667486691753,1.9972879680166888,1.677366965540857
0.6,0.3,0.0,0.3,1.0,0.6,1.130053583299832,-0.14096028898333576,-0.27130962972221095,2.47039341391173,2.2543117897965614
0.9,0.5,0.1,0.7,0.3,0.4,0.7947280374575364,0.1647207728285664,0.15312417700946032,2.3381832464916688,2.020395428088512
0.7,0.0,0.3,0.5,0.6,0.6,1.443797187774961,-0.45438091267896896,-0.5449877432390198,0.23168978837721077,-0.08755386920392932
0.7,0.4,0.7,0.2,0.0,0.1,0.5089384335613567,0.5426659522857199,0.6269327864845531,0.8822129837497013,0.9985299594956962
0.6,0.5,0.9,0.4,0.8,0.7,-0.7260918898754839,1.6874515897530145,1.7556437783779608,1.9895164460422772,1.9531704590887944
0.8,0.6,0.1,0.4,1.0,0.8,1.5133641520436334,-0.6326249551199992,-0.7086608301204278,3.6720993318775808,3.567816076113495
0.5,0.1,0.6,1.0,0.2,1.0,0.7959210058582942,0.10246848252900442,0.06938890757162186,4.445582205759471,4.178776794784291
0.7,1.0,1.0,0.5,0.7,0.9,0.6813351384724037,0.1494748072197954,0.09946035046294466,2.482256637566828,2.3526283433986213
0.6,0.6,0.3,0.9,0.9,1.0,0.5208611308007186,0.3949848238116847,0.4445522944655792,3.5056279866059312,3.2678558441792394
0.3,0.4,0.4,0.1,0.3,0.9,0.200484150393908,0.7744901460051883,0.5151039521212875,1.504131282453597,1.2211751609120374
0.5,0.1,0.9,0.7,0.5,0.4,-0.25885643362587707,1.2625511659735005,1.0548008544000673,1.038426565776642,0.8677048828008995
1.0,0.2,0.0,0.8,0.7,0.1,0.5677669657171082,0.7348697288710084,0.3015148370777555,1.5223613039018877,1.1000326286381612
0.1,0.1,0.9,0.7,0.4,0.8,-1.0974670878767567,2.0107231010021867,1.842741911662713,1.3092732964619787,0.8525943584378799
0.6,0.1,0.2,0.8,0.4,0.7,0.2560194095314856,0.7863242094977259,0.5818808872277689,2.1431191077604037,1.9212496061769153
0.9,1.0,0.8,0.8,0.3,0.2,0.6466186043021702,0.2982918299382976,0.020633716119328238,2.727457984214951,2.5662640023202368
0.5,0.6,0.4,0.5,0.7,1.0,0.4267157788013366,0.32596934729122545,0.5885879673153188,1.6986118337790115,1.5839245009649163
0.9,0.0,0.3,0.5,0.5,0.7,1.482317600912246,-0.554470827585065,-0.4353647207662873,0.9436944092767884,0.914327114496695
0.8,0.0,0.2,0.6,0.5,0.1,1.9773267055188681,-0.9631470157466409,-1.219106534848943,0.21807257288235496,0.18406046027661152
1.0,0.5,0.1,0.9,0.2,0.3,1.6130837255642645,-0.7344470360259233,-0.9659833400556354,3.16737178131359,2.9122722371216283
0.0,0.3,0.0,0.1,0.2,0.2,1.4232973916853977,-0.5004193729922936,-0.38212777809442905,0.4713202852258793,0.1382699863995032
0.3,0.4,0.5,0.8,0.5,0.1,0.6843108450503487,0.2209337755433219,0.09075036838459744,-0.32058344828250135,-0.6025474707733882
0.6,0.1,0.9,0.6,0.1,0.5,0.1883036634949036,0.8958936359131022,0.6430245663029044,2.2924401677736403,2.2267143864334655
0.6,0.2,0.2,0.9,0.2,0.8,1.5827932107037124,-0.6092642988597943,-0.5510065459665018,3.757763836276176,3.3511562143933893
0.6,0.3,0.4,1.0,0.1,0.6,1.019693460784272,0.000196790089496357,-0.2977225092278225,3.2300340244018053,2.930408090490427
0.6,0.8,0.8,0.8,0.5,0.2,0.5176140138189479,0.5071415316749499,0.35805452777973473,1.9684081017183654,1.6603419389775165
0.2,0.5,0.9,0.5,0.4,1.0,-0.02025484741894738,1.179543073316621,0.8422930043127669,1.4094671495743218,1.0532053435437039
0.1,1.0,0.1,0.8,0.8,0.3,0.20061860540140883,0.8772265463670192,0.8364357713556119,0.5294366509748385,0.10632459624641279
0.0,0.9,0.2,0.9,0.3,0.6,1.3631905114393454,-0.28852728330187494,-0.3969621730968413,1.998899882421963,1.771669736762308
0.4,0.7,0.5,0.5,0.3,0.8,1.5671920659814693,-0.8828292133184631,-0.7603959767507985,2.6660832388763094,2.623819173416332
0.7,1.0,0.1,0.7,0.5,1.0,0.238170918582215,0.8022962817824455,0.6803450877737154,2.8579944987069954,2.6180037794099444
0.4,0.0,0.5,1.0,0.7,0.8,0.3430239676955312,0.7749966129319418,0.7235367311106118,1.5859253981465082,1.5301600784102807
0.1,0.6,1.0,0.6,0.9,0.0,1.1253734836507219,-0.19267367793418005,-0.17464370967035656,0.3794027422431237,0.218664007786252
0.2,0.8,0.6,0.6,0.3,0.4,1.7129769033700688,-0.757030866100887,-1.031418698858322,1.1961655718237914,1.2162551932643586
0.4,0.4,0.1,0.4,0.3,0.8,1.060156396639995,-0.18631688635965202,-0.16241938260880048,1.7449089575967172,1.39098911280819
1.0,1.0,0.9,0.2,0.1,0.7,-0.014812744828837432,0.8709157799004059,0.8782455447078522,4.125400974536732,3.987212890848298
0.8,0.3,0.3,0.9,0.0,0.7,0.9190553908025707,0.1103483171727265,-0.06985555432449884,2.6162144060250263,2.3975850599221795
0.7,0.5,0.3,0.7,0.8,0.5,-0.18772771167325275,1.1101500194366265,1.2398681290170277,0.811004396825799,0.5424832970537551
0.5,0.1,0.7,0.6,0.1,0.8,0.42589700493836524,0.7746804922534902,0.7381146646990776,2.007336540349304,1.4942395571732758
1.0,0.1,0.2,0.0,0.2,1.0,0.8121988057453353,0.14195185186614967,0.14068995137355292,4.153146377469712,3.9042352172482944
0.4,0.4,0.8,0.4,0.7,0.5,0.1609479487464935,0.6749511813452965,0.7196674191832454,-0.19066133351669684,-0.5358377219978713
0.2,0.3,0.0,0.7,0.9,0.6,0.26667095859858736,0.6750818305084263,0.7085707428305571,0.45943599053836687,0.18300982389189338
0.9,0.8,0.1,0.7,0.6,0.8,1.0367196336622904,0.36437393760481657,0.16345462497597746,2.9084637020747213,2.9695454714004175
0.4,0.3,0.5,1.0,0.2,0.0,2.3181146616848927,-1.1756535405648398,-1.4160931267165124,2.479549993334447,2.085908896487909
0.1,0.4,1.0,0.0,0.5,0.8,0.02536869131886077,0.8564640704884781,0.734222360300478,0.023804186408393782,-0.2923176093765475
0.3,0.9,0.1,0.5,1.0,0.9,1.3536638585908534,-0.4210234119375578,-0.44726356019229435,2.414001683362452,2.4141635845177576
0.0,0.8,1.0,0.1,0.6,0.9,0.44925275009101123,0.4239938056277292,0.3041426993812145,1.5570641633377398,1.2241071634904683
0.7,1.0,0.1,0.4,0.9,0.8,0.5421266666803813,0.33452211688448696,0.43133859416333353,3.377758198779978,3.1499376558020247
1.0,0.6,0.7,0.5,0.7,0.8,0.9162666459326844,0.07226747973990708,-0.14559677949187824,1.8273372258514406,1.611883069140473
1.0,0.5,0.1,0.4,0.7,0.8,0.403655527897596,0.6977505249241065,0.543263573477417,2.1251490400892825,1.8815791470487344
0.7,0.7,0.9,0.9,0.0,0.6,0.7570151327935134,0.35248789956662313,0.0668991891929821,4.057418517249654,3.8582630352040024
0.3,0.7,0.2,0.6,0.3,0.5,2.597331408771867,-1.466560114456319,-1.694762350034755,1.3221784261916574,1.229366122699771
0.8,0.9,0.5,0.0,1.0,0.6,0.5976056806275939,0.5911223118080119,0.4261382498220523,3.7552653678327195,3.6124556547980697
0.9,0.1,0.4,1.0,0.7,0.5,0.28512460831294784,0.6922728309633899,0.6373653455671628,2.6887205469667537,2.21611569265844
0.2,1.0,0.6,0.4,0.7,0.3,1.0247038997422395,0.16451787215032962,-0.08987281327434395,-0.2231122884724242,-0.5544546163331631
0.6,0.7,0.0,0.6,0.4,0.2,1.6234156804571458,-0.5432194498811862,-0.8459338401702053,1.5637757515752575,1.3070222106425866
0.3,0.2,1.0,0.0,0.9,0.5,0.13060990611308837,0.8718322199640053,0.9151835711981946,1.4116815054064615,1.0369649349514627
0.8,0.1,0.0,0.9,0.5,0.9,-0.08894302954821401,1.0366188380883592,0.7222056811274707,3.009510960631883,2.7159970994595475
1.0,0.2,0.1,1.0,0.3,0.0,2.1852243952952586,-1.1296187895688647,-1.206178370588236,3.6105308497564566,3.6191626370679413
0.6,0.0,0.7,0.9,0.3,0.8,0.7091743399629211,0.301647401472526,0.09758752772562376,2.576100590138446,2.42514096508325
0.4,0.4,0.5,0.1,0.6,0.8,0.10284272799790592,0.8275114600614892,0.5923795801711136,0.5336768072142015,0.5055382307977442
0.6,1.0,0.1,0.4,0.4,0.9,0.6561881543183664,0.5240172834052357,0.2685310869146914,2.9625665902309133,2.5216044907575013
0.8,0.6,0.2,0.3,0.8,0.0,0.9694033320872931,0.19643645077555308,-0.008258173020583633,1.9162453481042756,1.8028374404764058
0.5,0.8,0.7,0.5,0.6,0.5,1.616174159522006,-0.5776194250547843,-0.7759984688190061,0.7508252035949564,0.7050220166885593
0.7,1.0,0.4,0.2,0.6,0.6,0.4519960342159382,0.8636120114855512,0.7370702830537349,1.7487091415118998,1.407377997506836
0.8,0.1,0.0,0.5,0.0,1.0,-0.051367635070062,0.951887275452509,0.8772670878449735,2.994989724364072,2.7877962744798985
0.1,0.4,1.0,0.1,0.9,0.0,0.8155001821272015,0.20957061378836134,0.20814641881244464,0.10249750402462252,-0.12554619188690935
0.3,0.9,0.3,0.0,0.8,0.2,0.04862824720505335,1.0545562000584423,0.8486135928649906,-0.019157301243453956,-0.1302553291550774
0.5,0.4,0.2,0.4,0.2,0.0,2.625765010577731,-1.2778892617573399,-1.5361124389640544,1.0184711600284087,0.6909955575994912
0.1,0.5,0.5,0.8,0.0,0.0,-0.12920618189010685,1.2739692193941146,1.074810187034433,0.10867803610218968,-0.2848618974307997
1.0,0.5,0.7,0.3,0.6,0.0,0.7178888883674952,0.253697467380838,0.23070259704445495,0.4019874137739552,0.19704668007325654
0.2,0.0,1.0,0.5,0.1,0.7,1.2509466029857648,-0.24132021268527043,-0.08979029081237891,0.792102404390715,0.6628150727026556
1.0,0.3,0.2,0.3,0.2,0.3,2.215665132870013,-1.3876573506417378,-1.3888066592979258,2.70424867088895,2.609876938728845
0.7,0.7,0.1,0.4,0.6,1.0,1.5247090612249206,-0.2312155775329665,-0.5145579444523172,3.195996761612296,3.2324788624744087
0.7,0.0,0.0,0.6,0.4,0.4,0.8044694669038653,0.25705101759431553,0.08631183077278551,0.8717152371381058,0.5495041320904341
1.0,0.5,0.1,1.0,0.2,0.6,1.5602384298768404,-0.5083498423445099,-0.6556341374916148,3.8394032959209223,3.6640354580539225
0.8,0.2,1.0,0.9,0.9,0.5,0.7045433000044186,0.4654595554797918,0.14508225260649246,3.6227157360702105,3.4903313051192018
0.5,0.8,0.5,0.9,0.1,0.9,0.9481759058073902,0.13161403955120454,0.18280738946647185,4.550109230831026,4.124015607457747
0.4,0.6,0.9,1.0,0.8,1.0,-0.17042507243380886,1.4071143400238695,1.2408468014150371,3.38091490551818,3.3001324386866697
0.0,0.5,0.6,0.0,0.6,0.0,0.5627992861901927,0.1487207628858795,0.37956605403006494,-1.4928439437796868,-1.505545836508154
0.6,0.7,0.1,0.1,0.5,0.0,1.8243217219144534,-0.5885088244188156,-0.6520477825717378,1.767642051738481,1.602015020500743
0.6,0.4,1.0,0.4,0.4,0.7,0.8069047713893092,0.2848822221777659,0.20875496737108212,1.8817588325233883,1.5499154596602394
0.2,0.1,0.4,0.9,0.8,0.4,-0.5667501796570178,1.4450946881570899,1.4478246279643825,0.6499322280044328,0.4257037262434924
0.4,0.7,0.0,0.7,1.0,0.8,1.3064665414078505,-0.302406352588009,-0.4239209023776083,2.329470939108707,2.2905719662360586
0.9,0.9,1.0,0.5,0.2,0.6,1.6333820441809612,-0.7825282160345362,-0.8014773513195621,3.8979853205370865,3.726621572662146
0.9,0.5,0.6,1.0,0.5,0.3,1.1494532177723993,-0.3021804352601993,-0.5146378738478253,2.108253003495247,1.8427115955140516
1.0,0.3,1.0,0.0,0.3,0.4,1.3624208652139993,-0.5161359493702987,-0.4708502782461055,2.7326684418550036,2.489813134540899
0.1,0.0,1.0,0.9,0.9,0.3,0.9698273974478672,0.20662955415185424,0.35213368539522555,0.7841804678917675,0.4894972984819142
0.9,1.0,0.3,0.4,0.6,0.5,1.432391305928559,-0.44484816815674905,-0.6645454345965494,1.033953297834895,0.9812893084039558
0.7,0.1,0.5,0.7,0.6,0.6,-0.07181599948344797,1.2809834813322434,1.1382751793831425,1.7054955338467694,1.4510768200695539
0.6,0.1,0.8,0.4,0.2,0.0,0.8396711379069578,0.2532545486827181,0.11030309399021654,2.1394023210286908,1.7377083176668733
0.2,0.8,0.3,0.7,0.2,0.1,1.9916050431036305,-0.6540157260515174,-0.9264222154951945,0.9642475739758134,0.7491041519802056
0.4,0.4,1.0,0.4,0.2,0.4,1.8210657087201767,-0.8186557231715144,-0.7545603649287668,1.119597464549526,0.9454446496053617
0.8,0.7,1.0,0.9,0.8,0.9,0.7040462235063328,0.5022169504543417,0.12227451987989835,4.497433927756576,4.48400143359816
0.5,0.9,0.1,0.8,0.8,0.6,-0.3359953640081788,1.203471068154352,1.4052593686979615,2.253872667807319,1.9286658264846916
0.0,0.0,0.2,0.3,0.2,0.1,1.7584786337545362,-0.5242087508089455,-0.5887120722902689,0.19121887072508673,-0.2521166575107931
0.9,0.5,0.6,0.1,1.0,0.8,0.9127656614249271,0.3598351960306436,0.20024307411337902,3.319969188701486,3.122942665517465
0.7,0.7,0.3,0.4,0.9,0.6,1.3694961345655459,-0.252125783387222,-0.4815600531460329,2.8898581579006737,2.5920040394987565
0.9,0.6,0.4,0.1,0.2,0.0,1.576911857552599,-0.3737089298766997,-0.5904511612031494,2.6947861308622088,2.4382590840436205
0.0,1.0,0.7,0.6,0.2,1.0,0.9410564025339914,-0.03873050707348022,-0.13755615672176552,1.6427173816202167,1.4752076562690821
0.9,1.0,0.8,0.8,0.2,0.1,0.8870680700723078,-0.14309371306461682,-0.1393174042719146,2.9850118254474713,2.607158721223489
1.0,0.2,0.7,0.6,0.6,0.2,1.6846239847452678,-0.5206814591793663,-0.5718223994836459,0.9013073042286107,0.7568982861159346
0.1,0.5,0.6,0.9,0.9,0.3,0.6065609769060807,0.3461703230192881,0.2915208077244026,0.7451033906975252,0.4514300282077105
0.9,0.4,0.2,0.1,0.6,0.0,1.8727370158515024,-0.6803735653043301,-0.8057435055058112,0.5356619516950527,0.26667623803149515
0.2,0.6,0.3,0.7,0.5,1.0,0.4806735365491805,0.5640238185938572,0.5118913346970642,0.35628179121980846,0.4626445811741562
1.0,0.2,0.6,0.6,1.0,0.1,2.123941833184491,-1.1789456817121582,-1.3354925279717536,2.6724595975652727,2.337446126760983
0.9,1.0,0.0,0.1,0.3,0.3,1.178176816253249,0.023013916987830688,-0.2908974798035726,2.716045402794785,2.276200221444386
0.1,0.3,0.4,0.3,0.9,0.9,-0.13060128657141606,1.2727749873442715,1.006272906629154,1.4574126577697197,1.528694846397874
0.5,0.6,0.8,1.0,0.9,0.5,0.5180656525209044,0.7284997637016546,0.4709677130891565,2.8968333168395426,2.608249124914037
0.5,0.8,0.4,0.5,0.0,0.3,1.2486553854394509,-0.36391615220928775,-0.1348903702214289,1.545242078414251,1.4415155520330967
0.1,0.6,0.8,0.6,0.3,0.4,0.8036160990221909,0.19755742619528543,0.21526240659988155,0.4839616404897552,0.30267204095493494
0.5,0.8,0.2,0.9,0.3,0.2,2.3106616213910622,-1.3609002168351672,-1.5197509136812308,2.737724960772254,2.501025086533812
0.9,0.1,0.1,1.0,0.8,1.0,-0.12391192699727498,1.1139276611036704,1.2582661844262084,4.538685359841059,4.364435278225483
0.6,1.0,0.3,0.2,0.2,0.4,1.4007022563379894,-0.42416911494217924,-0.38823257888421064,2.1895551353121014,1.927170879885728
1.0,0.7,0.2,0.4,0.4,0.9,1.570896957341727,-0.7574327670632687,-0.7976059193916997,3.7333980223773215,3.627035753171099
0.1,0.5,0.3,0.7,0.4,1.0,-0.0654759237311,1.283655282313011,1.0729081076455373,0.34352286185866515,0.13960143161739522
0.2,0.0,0.9,0.2,0.2,0.9,0.14222472869866648,1.0218575041464986,0.9957611179752659,2.168903294361543,2.061199023227071
0.6,0.8,0.9,0.1,0.1,0.1,0.8492183296519401,-0.00894908400414035,0.13190991743142866,3.2933449694746733,2.9533028178153797
0.0,0.1,0.7,0.0,0.6,0.5,-0.05969820714368562,0.879528545985125,1.1038413275249597,-0.8136047344211066,-1.2347403741872451
0.9,0.8,0.5,0.6,0.8,0.1,0.9771283406861098,-0.04301983701963516,0.04261443506952835,2.7465524367289156,2.5492017338782764
0.4,0.5,0.9,0.0,0.5,0.6,-0.3943864621519985,1.416202769247994,1.39566262599217,0.4274302020624642,0.01998245091272241
0.9,0.1,0.1,0.3,0.1,1.0,-0.21371347338748414,1.1129030133800741,1.1249967259591798,4.3117922091660565,4.292687270888275
0.6,1.0,0.0,0.7,0.6,0.4,0.45745925568018014,0.44797844251847346,0.2697248731231453,0.42521787915432796,0.32598418941875507
0.9,0.2,0.3,1.0,0.6,0.6,1.600801018959983,-0.37521588004995843,-0.4245403365997789,2.1112796606147,2.224373919473021
0.2,0.1,1.0,0.7,0.8,0.8,-1.0470849855975506,1.8315704330728102,1.7123879742893782,1.0052556818933445,0.9278310454707064
0.4,0.2,0.9,0.8,1.0,0.0,1.0666188805135421,0.08399276867031599,0.15158006301729732,1.9615226029324693,1.8390835409647963
0.3,0.0,0.5,0.7,0.7,0.4,0.06898226973301325,0.8204937395352252,0.6443566984286274,-0.5776361926855539,-0.6773876996447505
0.8,0.2,0.9,0.5,0.1,0.7,0.9859553505914881,0.3087415577196957,0.11584191118762893,3.533264871347357,3.457107679870344
0.7,0.1,0.5,0.0,0.7,0.8,-0.6878889650301144,1.9281403784936106,1.6517228424283645,2.444181781099933,1.9898224268050326
0.4,0.5,0.2,0.0,0.8,0.6,-0.11038475972858568,1.175454431277473,0.9457175208555557,0.1834370499547479,0.021230459847583052
0.5,0.3,0.8,1.0,0.9,0.0,1.0512211495168162,0.07406786646395593,-0.12051137730341586,2.172460217363578,1.7710028616952251
1.0,0.7,0.2,1.0,0.8,0.7,1.473765461906829,-0.5615034900393762,-0.6432615594297095,4.19613860673037,3.8560490277448336
0.6,0.0,0.5,0.2,1.0,0.6,0.4935717219439939,0.5035590982742395,0.1659595131150261,2.5184448616469894,2.4561242564735
0.8,0.4,0.0,0.3,1.0,0.4,1.0521042223244612,-0.10282156574604374,-0.3117670651763527,2.3139725906400983,1.7973913324996085
0.1,0.8,0.2,0.8,0.9,0.8,0.6800281855290982,0.37491944118672665,0.28497780747316676,2.031891330232573,1.9051766811347433
0.7,0.9,0.3,0.6,0.3,0.7,1.2484799772098778,-0.20375030458900986,-0.165913566203248,2.6038626420049678,2.6254707475056316
0.7,0.2,0.7,0.8,0.4,0.3,0.5124137330178882,0.4964310013757766,0.5190150851275552,1.6139700359702356,1.579743807051399
1.0,0.0,0.2,1.0,0.5,0.4,1.7538437958190385,-1.0814719798892147,-0.811728600796643,1.8214064898371025,1.800955373209976
0.2,0.7,1.0,0.3,0.7,0.3,1.0772708355311842,-0.2238906802033012,-0.2246935010939687,0.6081383276381764,0.28059514280920517
0.1,0.4,0.5,0.3,0.2,0.1,1.0441213291111124,-0.152086321802245,-0.12260512964329938,0.5846126713555483,0.4559726360758829
1.0,0.3,0.4,0.4,0.6,0.9,1.0646197409268092,-0.15948221876941643,-0.08659016987104098,2.124466744273519,1.9449959242876689
0.9,0.3,0.7,0.4,0.0,1.0,0.5389532018950448,0.43762706312303606,0.4165189906917999,2.966526541670385,2.667667398701511
0.0,0.0,0.0,0.4,0.5,0.5,0.4641869073821023,0.3279904452969246,0.5790003219763267,-1.0861519993755098,-1.371312456352745
0.9,0.2,1.0,0.0,0.7,0.1,0.4546144702154596,0.36246598326297147,0.21025842002858333,1.405471435175217,1.2124129093320044
0.9,0.9,1.0,0.0,0.7,0.6,-0.043377116695723084,0.8965661790848536,0.8631479201553317,2.4815824943947207,2.2499911398681713
0.7,1.0,0.9,0.0,0.9,0.4,-0.03249114996792857,1.0788241292374756,0.9063748660521602,2.7440365477485935,2.626203484506717
0.8,0.5,0.2,0.5,0.4,0.1,1.730257623741347,-0.8017076786640116,-1.061844380544906,0.8897911773256786,0.8210365808794021
0.0,0.2,0.5,0.4,0.2,0.7,0.8394854455554104,0.1696298288914272,0.15035690153929201,1.8447368223986025,1.5697687668949318
0.3,0.5,1.0,0.6,0.4,0.9,0.31457289945367606,0.6076889574409354,0.599149591632637,1.0023765301669223,0.6927932481374997
0.8,0.0,1.0,1.0,0.0,0.2,1.206221098652487,-0.3749069217076303,-0.19084384363243467,2.693078994445042,2.4393033016002432
0.6,0.1,0.5,0.9,0.5,0.2,0.36755899470455644,0.503034192176652,0.43375157295274835,1.8227527871733802,1.5791290676857397
0.3,0.3,0.3,0.8,0.5,0.9,0.6366903174708749,0.10646761460505663,0.10685913414543005,0.2773526733003526,0.43153804069774016
0.5,0.1,0.8,1.0,0.7,0.7,-0.2709585967670567,1.3356493907242415,1.4375363093307307,1.8198484517098592,1.9527084067651705
0.1,0.9,0.0,0.9,0.4,0.6,-0.025938979524304046,0.7850737784403728,0.6930971758787084,1.1108972742674956,0.949880173258817
0.0,0.3,0.3,0.4,1.0,0.1,2.210128254273502,-1.260224962183018,-1.424932932280593,-0.07035968376436195,-0.47170872212623816
1.0,0.0,0.4,0.6,0.8,0.2,0.4863535800948217,0.5614027650960609,0.3154636929510598,1.0571031152335701,0.6844227331638748
0.1,0.2,0.1,0.0,0.1,0.6,0.6461594598487105,0.5540335791687723,0.2321489577114471,1.0800732128373973,0.7404372110781205
0.4,0.4,0.5,0.9,0.3,0.6,1.1296838404851384,0.002606392054175415,-0.12895202823930407,1.9137512213530938,1.5991066744856237
1.0,0.0,0.2,0.0,0.7,0.7,0.5148216699333941,0.439681737929742,0.3463289373840652,1.4058453078905977,1.2055475917914311
0.1,0.4,0.9,0.8,0.0,0.3,-0.11449114631711559,1.2947298111630063,0.7442358516336425,0.2036507506700349,-0.12092432790805693
1.0,0.4,1.0,0.6,0.1,0.3,1.5584408225231232,-0.6848965922762212,-0.6311656003235527,2.048111703428872,1.875061383482746
0.3,0.2,0.4,0.4,1.0,0.4,1.215408188710904,-0.1907727709012687,-0.5224184748526814,1.2495777058555342,0.8228424013465018
0.9,0.5,0.8,0.3,0.6,0.5,-0.12853211783330487,1.0593242258228142,0.9722489878982267,1.1298758218534928,1.2420276164764812
0.3,0.3,0.7,0.0,0.9,0.7,0.058085218317798365,0.772107250103868,0.6977032408299524,0.5431682365017538,0.5070861525205981
1.0,0.4,0.0,1.0,0.5,1.0,0.6911693224707752,0.3422920094146634,0.19218984617823548,3.2062786643792585,2.9300978273111893
0.3,0.6,0.7,0.0,0.3,0.2,1.0917829040402676,-0.04377397529758496,-0.2528086789231531,0.4260669208660568,-0.12431633466156239
0.0,0.7,0.0,0.7,0.2,0.0,1.8254253216434662,-0.5328379482877378,-0.8735418215049672,0.8473993940638951,0.673045957994576
0.2,0.6,0.0,0.8,0.3,1.0,0.34494143193391413,0.7744756032607645,0.46488220220299803,2.002992559702259,1.946985556696567
0.3,0.6,0.6,0.6,0.4,1.0,0.6762720029111756,0.09754729439647444,0.36128976275910596,1.3736377429460251,1.26932179185195
0.2,0.5,0.4,1.0,0.2,0.0,1.6236390006340056,-0.38552351129692664,-0.5012922544606607,0.9414262120210432,0.8760167833810604
0.9,0.1,1.0,0.5,0.9,0.5,0.8841586673149355,0.18534923757675492,0.2007123996022644,2.781870425037983,2.743543184622409
0.8,0.4,0.9,0.0,0.6,0.1,0.5151938893573416,0.477696416910727,0.4085399545544233,0.9299877962486983,0.6478426618833949
0.1,0.3,0.0,0.3,0.1,0.3,0.9004488714841281,0.26659357646840387,-0.05403783736951502,0.27496347146058286,0.18300725817614272
0.1,0.4,0.7,1.0,0.6,0.4,1.1534500926198379,-0.2725505265235427,-0.3058032945100882,-0.45764345462009953,-0.8478519727817517
0.5,0.6,0.0,0.4,0.9,0.3,0.8161429919489507,0.12832663117247758,0.07365601196304294,1.2764931318704895,1.1117827450409163
0.7,0.0,0.0,0.8,0.3,0.6,0.5192221327733185,0.4125811894636255,0.6586619651222828,2.1544027922902123,1.889195394050075
0.5,0.7,0.3,0.2,0.8,0.1,1.1094769868922523,0.09004613452766394,0.13919278724540632,1.0369061853035415,1.1460726225816265
0.3,0.8,0.3,0.5,0.1,0.2,2.186181779130143,-1.1565223658390242,-1.3919327730349347,0.8860373541468161,0.6050504648355007
1.0,0.6,0.3,0.2,0.5,0.3,1.066339671043954,-0.09573231085138811,-0.4048922423215313,1.5896375042845836,1.3856955893564764
0.5,0.1,0.9,1.0,0.1,1.0,-0.2060298629621159,1.2958294642342332,1.1253326273587358,4.495829240971753,4.331672887859845
0.5,0.9,1.0,0.8,0.9,0.3,0.1131368748293124,0.6763305833680179,0.5249417830212441,2.41660961536928,2.213238791746326
0.2,0.2,0.4,0.7,0.8,0.8,-0.7963497182176683,1.9488360325093028,1.883447161892338,0.8062874625245006,0.6109349748181907
0.5,0.5,0.3,1.0,0.7,0.6,0.652552939479928,0.2039282925509335,0.17978279663590763,1.0281075593525253,0.824251923020413
0.0,0.8,0.5,0.5,0.3,0.8,1.4603238400911103,-0.20625363845209008,-0.24868473411879988,2.1684754810799656,2.1169549568100026
0.9,0.9,0.7,0.4,0.7,0.1,0.768216205858436,0.23384302348977398,0.11168838664303944,1.6247405680838676,1.2824429295349256
0.3,0.5,1.0,0.8,0.9,0.5,-0.05520288215614641,0.989548578301095,0.9579335379070233,1.0514447890512562,0.8350984298196568
0.8,0.7,0.3,0.5,0.9,0.6,1.8482159574978745,-0.8385806120563164,-1.0410925511021802,2.8748129596740437,2.588860707049607
1.0,0.5,0.3,0.2,0.3,0.9,0.5443599159156361,0.5500206191556434,0.3534757934688152,3.0247047858697416,2.9604782474382065
0.1,0.6,0.9,0.3,0.7,0.7,-0.28136915291048875,1.6288879477186728,1.3543894571256898,0.9109954081697622,0.7319378786698352
0.5,0.2,0.1,1.0,0.7,0.5,0.8915023028433215,0.05274983702561337,-0.054452896606343976,2.119635070829565,1.795814821328351
0.0,0.3,0.7,0.1,0.0,0.8,0.2986238610714822,0.9007326497923773,0.844358825021192,0.42947982512975647,0.3761330014436805
0.1,0.7,0.7,0.6,0.0,0.5,1.1356537109412859,0.036493235711228034,-0.33642102689205594,0.2729583895033828,0.03029821122159676
0.5,0.6,0.5,0.3,0.3,0.8,0.412446335752327,0.3739222692222631,0.39260233066587064,3.2407904052473824,2.741782672386448
0.3,0.9,0.3,0.3,0.6,1.0,0.16883464676682314,0.7402157542474778,0.543058127909756,1.1488331186960217,0.9502010724058441
1.0,0.4,0.2,0.5,0.1,0.8,1.8586836975716798,-0.6820872933543013,-0.8065480965940625,2.7361658421361437,2.346072641959185
0.9,0.8,0.5,0.8,0.3,0.0,1.3285159033532903,-0.38817075179022326,-0.32964097560680944,3.700135735592792,3.4790873102866318
0.6,0.3,0.1,0.7,0.8,0.3,0.4076151827748066,0.45896084956774974,0.391967330124206,1.1956781476951954,0.9931917213468184
0.7,0.6,0.7,0.9,0.6,0.9,0.6752812967134796,0.4823427107699106,0.04669252162937762,2.3805080838105788,2.2314976149593115
0.6,0.7,0.8,0.5,0.6,0.3,1.778234218448735,-0.6407242646447903,-0.8815396423187387,1.0494112034435776,0.946918286855101
0.7,0.2,0.7,0.8,0.2,0.3,1.1792956871861093,-0.15124050874523234,-0.23691621672528987,2.4474939028460807,2.308480067431253
0.1,0.8,0.1,0.0,1.0,1.0,0.9119416736712942,0.03475892185781583,-0.053161906441557494,3.043834837883079,2.8833366971882515
0.0,0.5,0.1,1.0,0.5,0.0,1.1758711148542955,-0.39152303932541,-0.42296182368199686,0.11994224532206543,-0.32315324247577054
0.3,0.8,0.0,0.8,0.9,0.4,0.5216352064445916,0.6608907429518768,0.375221039129997,1.7747295941383716,1.31685042997758
0.6,0.9,0.0,0.1,0.7,0.2,0.1261633095232913,0.6576588948932695,0.6368817363803412,1.3050650846595495,0.8563099919747101
0.6,0.3,0.4,0.4,0.5,0.0,1.4929490976567084,-0.5873830855851363,-0.6641892653517424,0.32548775495587656,0.20140217956563444
0.0,0.8,0.6,0.6,1.0,0.4,1.7526528970420543,-1.045166581999072,-1.01631091983572,1.3834020204758624,0.9846864953101333
0.8,0.9,0.0,0.7,0.5,0.6,0.07352189255660989,0.9649693277252135,0.5852207047839825,1.8508382166846777,1.8576264826688864
0.3,1.0,0.9,0.0,0.4,0.2,0.27875234904134033,0.6158678829109188,0.7776595704716229,0.7167172131622528,0.29162073065082794
0.1,1.0,0.7,0.1,0.0,0.2,0.3457332912974254,0.6363064260240476,0.779110750185,-0.19281974779077982,-0.4283938920903544
0.7,0.8,1.0,0.8,0.0,0.6,0.7249680418774994,0.5814760806733629,0.4140166138844768,3.431461154014881,3.0985897251517973
0.5,0.4,0.7,0.4,0.0,0.6,0.67190845873461,0.4638212277710645,0.3929615349393794,0.6555590349900826,0.40975136277560753
1.0,0.4,0.6,0.4,0.0,0.2,1.1404795990894772,-0.3461653373917367,-0.2701585336373843,1.7135223222974612,1.651305845761534
0.8,0.7,0.8,1.0,0.6,0.4,1.5489701539617973,-0.5347774880126114,-0.649775717630294,2.796927045114008,2.5527796367217923
0.4,0.9,0.8,0.4,0.5,0.3,0.4552424183830395,0.7594684309465117,0.50937787164953,0.4412761001326117,0.36353317042123473
0.4,1.0,0.2,0.2,0.7,0.9,0.23420995659823185,0.7516928808283105,0.5263106132989732,1.4621079937485193,1.0390485393340785
0.5,0.2,0.1,0.4,0.4,0.1,1.164950841743452,-0.37813752005394796,-0.32354749393619653,1.268944811431623,1.0352413079934895
0.8,0.9,0.2,0.5,0.8,0.2,1.2786756169458826,-0.16631554486716954,-0.30987585954039726,1.870999641938122,1.734765104069273
0.9,0.4,0.9,0.6,0.1,1.0,0.4541979062356647,0.48771948360338396,0.42654316212318605,3.7135808585825747,3.61990762164862
0.2,0.6,0.2,0.0,0.0,0.6,0.5722172144344173,0.44862883989329483,0.3225191369958372,0.3003594255436703,0.1669355494587043
0.9,0.6,0.2,0.3,0.2,0.0,2.1970964993604434,-1.1828833974379573,-1.1718260366780022,2.939128279829621,2.510785129268041
0.9,0.6,0.1,1.0,0.4,0.4,1.366793089132507,-0.576252146363648,-0.6154733050767869,3.225277871494592,3.0529784484861078
0.2,0.5,1.0,0.2,0.3,0.2,0.9277166556780488,0.45469261823439455,0.11626613066283052,0.5492125701573644,0.459084314782225
0.3,0.8,1.0,0.2,0.4,0.7,0.6813473812689679,0.5451945859440326,0.4682032191795239,2.216336616585513,1.9357897184894641
1.0,0.3,0.3,1.0,0.3,0.6,2.01280868065738,-0.9566299166017271,-1.0752351881761693,3.3400831402188813,3.0190097542230965
0.2,0.5,0.8,0.7,0.3,0.3,0.020754193133778853,0.7928471646036754,0.849726360373318,0.03201616752374423,-0.06770710331744315
0.7,0.2,0.2,0.0,0.7,1.0,0.24074047291863843,0.8272051276087347,0.8379689253168225,2.3698888695307505,2.486942986752171
0.0,0.9,0.5,0.4,0.8,0.6,-0.5297452840904027,1.4007050157358318,1.216141589488331,1.1837562992005095,1.1146657031234437
0.4,0.1,0.6,0.5,0.8,1.0,-0.16429748192546872,1.2562055947999595,0.9030560525166038,1.843586156192206,1.5955768971128375
0.7,0.4,0.2,0.2,0.9,0.0,1.0705563840327166,-0.18333255088498374,-0.2478415934678957,1.5835825514968118,1.4304642837536634
0.1,0.4,0.9,0.4,0.3,0.0,1.2700300043159614,-0.17999101042002508,-0.22960371702446583,0.2770361618965692,0.30973977831307226
0.5,1.0,0.8,0.8,0.7,0.2,0.09773861966389995,0.9909735324435832,1.0514608629712474,0.44562652231841965,0.8241970411384612
0.5,0.1,0.5,0.2,0.1,0.2,-0.008717381817732628,0.8960664074404262,0.8116065557627801,2.0850485068448363,1.8163253322340709
1.0,0.9,0.6,0.7,0.4,0.6,0.25187009119481835,0.6337693782102581,0.4951064830276706,2.9195361523772965,2.600954215985805
0.1,0.5,0.7,0.5,0.4,0.8,0.4234241168333302,0.7300615767049312,0.4984339398916025,-0.12748736911484107,-0.333780608124456
0.2,0.9,0.6,0.1,0.8,1.0,-0.8021517281502,1.5782041889912035,1.683996427517516,2.2225487990805544,1.8756829697086081
0.7,0.9,0.1,0.1,0.1,0.9,0.2923449122321541,0.7465645513866759,0.6607968750086907,4.309334911645653,4.148403444019443
0.7,0.9,0.8,0.9,0.3,1.0,0.0628964149780581,0.8832500348511501,1.0074064844553332,4.622237927324821,4.5815045509265655
1.0,0.5,0.1,0.1,0.0,0.7,-0.012942707903495318,0.9440079190387402,0.9473565846198694,2.7396454480638037,2.302045674543325
0.6,0.2,1.0,0.6,0.4,0.1,1.2744513602820422,-0.22485245752666766,-0.35266797336021233,1.5198999402787237,1.254236533235826
0.0,0.4,0.4,0.7,0.0,0.0,0.10157234740347065,0.7055992553381589,0.6564034561918292,-1.1979574592768114,-1.1151361692586588
0.7,0.9,0.0,0.6,0.9,0.4,0.5379159752393372,0.3966774331919708,0.459482278119001,2.3383560746574696,2.095747999244617
0.6,1.0,0.7,0.6,0.6,0.6,1.091150751299178,0.017524430655347062,-0.10986781397688374,0.8381193886256008,0.46755512196340293
0.0,0.7,0.5,0.2,0.2,0.4,1.331430882924984,-0.2688674879835769,-0.4834083772511447,2.199639166263907,2.0314195998321503
0.0,0.4,0.7,0.3,0.8,0.6,-0.45966164009260985,1.535714130493195,1.4064840497373208,-0.055262754000274916,-0.5622346605813279
0.6,0.5,0.2,0.6,0.6,0.5,1.5618504986613668,-0.4607836533552544,-0.5052536894235693,-0.029842373619507284,-0.24862901418765393
0.0,0.2,0.1,0.6,0.1,0.4,1.1527146803153006,-0.24206658262918418,-0.1589276353898359,0.7502717903721311,0.3905745130223968
0.2,0.1,0.5,0.2,0.1,0.5,-0.3061740831309577,1.0956620348859711,1.2383485361923725,1.4586400884134982,1.3634533354665659
0.2,0.6,0.6,1.0,0.2,0.0,2.0211709697185127,-1.3860612727541755,-1.4130328377702592,1.7716178167928536,1.6852320445208113
0.4,0.5,0.7,0.3,0.6,0.5,0.2670083423864883,0.640787097028189,0.673476434606253,-0.4903189355100404,-0.649107960792004
0.5,0.9,1.0,0.2,0.0,0.5,-0.05383667278799444,1.0067568550838708,0.9293411010525301,2.2347119389066403,2.1315801481032066
0.1,0.3,1.0,0.0,0.7,0.1,0.8579906436589662,0.1199444869767167,-0.029281589238969466,-0.7346976108052843,-0.7872986534376685
0.9,0.3,0.6,0.5,0.6,0.9,1.5684766183473056,-0.7353163193120384,-0.710874738281848,2.1038042847388403,1.9896274165341454
0.6,0.1,0.5,1.0,0.4,0.7,0.06496627337221936,1.0679194845003834,0.8264861644095535,3.5397609265205894,3.1096477225517583
0.6,0.3,0.2,0.3,0.6,0.5,1.356071624483645,-0.5250110639155401,-0.5325941670454576,0.8516561088546732,0.7712819568021394
0.7,0.7,0.6,0.6,0.5,0.8,1.6120393521455854,-0.42438519560537336,-0.6911879153105573,2.602864287766066,2.571647754984416
0.5,0.3,0.7,0.2,0.7,0.2,0.7103867451043802,0.2704509173415703,0.3023007540265421,0.07066258663544209,-0.20333975877903437
0.9,0.5,0.0,0.2,0.8,0.1,-0.25599472139266927,1.090817582717607,1.1252889097262866,1.4514033573081948,1.290613757644093
0.8,0.2,0.8,0.6,0.8,0.3,-0.20822010310871145,0.9699102076801802,0.9019728233961298,1.6979163744891077,1.4895076272667254
0.6,0.4,0.0,0.6,0.6,0.3,1.5033738925525988,-0.34281567261079504,-0.3164358930442323,-0.4334936939469929,-0.795601698337679
0.4,0.8,0.6,0.0,0.0,0.3,0.6931361272589236,0.225747301383021,-0.2134348877659742,1.4427265995039464,1.016538769962793
0.5,0.7,0.0,0.9,0.9,0.8,0.7987602692186794,0.20039656455111715,0.11674657057876904,3.5967981035106407,3.2926287704401243
0.0,0.1,0.9,0.4,0.0,0.2,-0.3789604999168328,1.0506670884053897,1.1284762908561805,0.5331817153959935,0.19771226672876363
0.4,0.8,0.2,0.2,0.7,0.6,0.8853013552599326,0.07280109450141038,-0.056707177934169954,1.41530145911891,1.3680556874522127
0.3,1.0,0.2,0.6,0.5,0.4,1.8580329896301317,-0.6640207279661295,-0.6087295790932151,-0.4401745595675021,-0.8138318268221931
1.0,0.3,0.3,0.9,0.7,0.4,1.626396965125443,-0.4990042615387431,-0.7707597067062095,1.537936989895048,1.3647882113490344
0.4,0.5,0.9,0.4,0.1,0.1,0.6778910227507172,0.327196054050089,0.32741309400498,1.000090703548809,0.7988619580288637
1.0,0.7,0.9,0.0,0.0,0.5,0.45513265871264375,0.536747811957418,0.26294718449235077,3.2732366593936533,3.252946432752433
0.7,0.0,0.5,0.2,0.0,0.9,-0.6192540243636558,1.4505287608854944,1.368080244449539,3.0723225114625636,2.874580217651156
0.7,0.5,0.0,0.3,0.5,1.0,-0.32791930459190216,1.3922111480515897,1.3185527397973855,2.196421743648049,2.1030819316266296
0.3,0.2,1.0,0.2,0.0,0.8,-0.04917021274634231,1.4766990880978255,1.2390644918453655,1.9153332328361354,1.7980257728386424
0.3,0.9,0.9,0.9,0.6,1.0,-0.15269098946526105,1.057310874179227,0.9043876038017831,2.5821474043948704,2.337227279352272
0.4,0.9,0.3,0.4,0.1,0.0,1.57386335308363,-0.4698243304669809,-0.4440391297768843,1.0248868112845304,0.8279199254194427
0.9,0.1,1.0,1.0,0.1,0.7,0.7494089180517868,0.11448206593753682,0.19905862045176365,4.352701633574713,4.273735936882849
0.2,0.7,0.0,1.0,0.1,0.8,1.3582372849026265,-0.3086073838389227,-0.4257822601299513,2.7701859186740676,2.710558654725026
0.0,1.0,1.0,0.3,0.5,0.1,0.6889528911522219,0.36297813289493,0.2447955152365197,-0.1700065953104099,-0.3159732083009191
1.0,0.2,0.1,0.4,0.7,0.9,0.48639568720178217,0.45755783356237667,0.31330151561615666,2.9950214901345733,2.7783133769846953
0.8,0.4,1.0,0.4,0.6,0.5,1.3325360737157081,-0.3536514923550473,-0.34534897669351117,1.2293636432971657,0.9624013592507092
0.1,0.0,0.1,0.0,0.3,0.5,1.0292169253992705,0.16430561299204094,0.30876866749968396,0.3673978741120666,0.17974606239460972
0.5,0.6,0.9,0.2,1.0,0.9,0.19818232186821044,0.7129339142567469,0.7911631754455577,3.639344455477386,3.4862103680568137
0.5,0.7,0.5,0.9,0.8,0.1,0.9701112943627062,-0.21617383880432994,-0.11863200934819597,2.273893473600065,2.220549017674604
0.5,0.8,0.9,0.1,0.4,0.0,0.6912977770752186,0.4801459598134187,0.12941913320193535,2.3401315305576094,2.0339034389568735
0.2,0.0,0.9,0.7,1.0,0.9,0.23597439653043345,0.782383374876064,0.7457548775784094,1.6540209736583467,1.6665019933183807
0.3,0.8,0.7,0.7,0.8,0.1,0.49085224838739683,0.4584728813879917,0.503969343000843,0.349522492983951,0.3165317793977818
0.9,0.8,0.9,0.0,0.7,0.7,0.028309155666783187,1.1619251592394153,0.9576434945115718,3.370547661083224,3.0668779178774423
0.6,0.5,0.8,0.5,0.4,0.0,0.6959940886178386,0.332833982574796,-0.05608144915093394,0.43696961698204695,0.27903183571009943
0.9,0.1,0.8,0.0,0.3,0.7,-0.4602775121045268,1.4092079753814912,1.3400719980443918,3.044166975756708,2.9282736116357793
0.3,0.7,0.5,1.0,0.3,0.8,1.3672999379143014,-0.6102686551975299,-0.5660759226851345,3.6864550071942177,3.532947796586922
1.0,0.3,0.1,0.3,0.3,0.0,1.8469897787956078,-0.9132943183395408,-1.104456742584885,2.6126878159159532,2.3637282421558488
0.7,0.2,0.0,0.6,0.6,0.7,0.6588130836570845,0.5255357059763742,0.1769245222911482,1.2449003205979028,1.2553815694211903
0.7,0.1,0.2,0.8,0.5,0.1,1.0089294038245344,0.07699115958869841,0.0437848028895433,1.252265990605846,0.9202757168953151
0.7,0.3,0.1,0.6,0.8,0.2,0.9801794758513815,-0.1307719898974167,-0.33887806861870207,1.2876483490882535,0.9568797130854577
0.7,0.8,0.9,0.6,0.9,0.8,0.4068784912545967,0.6067908690162497,0.6565502054411381,4.1087377841705655,3.800226753622806
0.5,0.0,0.0,0.9,0.4,0.6,0.5314937514215563,0.5655524848658489,0.467622857366234,1.28451540310363,1.177870310633383
0.0,0.9,0.4,0.2,0.2,0.4,0.5175513810398767,0.6273223916263526,0.47701257799924346,1.669896042419039,1.1500060397062712
0.7,0.1,0.9,0.6,0.4,0.6,-0.09464861988125789,1.2018584409818225,1.014523221701623,2.452772052241769,2.2393021976146947
1.0,0.8,0.6,0.9,0.2,0.7,1.666330605953366,-0.6120141440077888,-1.0420544240287362,4.868689180013782,4.769073434283472
0.4,0.0,0.1,0.6,0.4,0.0,1.4656231980370324,-0.29492483899226374,-0.5179143613852301,0.004752915894203402,-0.5558372620190164
0.0,0.2,1.0,1.0,0.7,0.6,0.6387305269912231,0.3085144292075547,0.37307715813448317,1.2745807287627864,0.9277971783011107
0.6,0.7,0.7,0.0,0.9,0.4,0.7297789660305197,0.23116996827395245,0.08468578135587784,2.0766715995666267,1.9859119073686153
0.1,0.4,0.9,0.5,0.9,0.0,0.9850030318072084,0.16480346542104174,0.08115702864186804,-0.15699144533792792,-0.006949702522017903
0.6,0.4,0.4,0.1,0.7,1.0,-0.21633065163773849,1.3236361457294086,1.4880707324250693,1.7406324109029632,1.5833166890088006
0.0,0.1,0.2,1.0,1.0,1.0,1.0114098757795915,-0.26488942548938266,-0.3371629221262241,3.113503121201154,2.811108202184216
1.0,0.8,0.7,1.0,0.9,0.8,1.1135035491958662,0.1416847463153542,-0.03662509071199233,4.870348552643368,4.5355436823876385
0.0,0.0,0.0,0.2,0.6,0.8,-0.11474698010376097,1.275037746992922,1.0322526287429106,-0.5130556136282689,-0.6306864444824878
0.3,0.7,0.3,0.3,0.5,0.5,1.5923165544486513,-0.42109885009382314,-0.5515686244714395,0.5752651343711348,0.14219558892501113
0.4,0.8,1.0,0.9,0.2,0.8,1.7037989154805693,-0.6620862888970014,-0.7647077223585457,3.822127862147355,3.7278895902960216
0.5,0.7,0.5,0.4,0.4,0.7,0.9876039399075556,0.02640533854999505,-0.21351966901674074,2.4980178230825816,2.579276348731528
0.8,0.8,0.5,0.6,0.6,0.3,1.6640292434952202,-0.5758988927598736,-0.794826149646868,1.8938055528671351,1.9154640200447517
0.6,0.0,0.5,0.6,0.9,0.5,0.32988337185201383,0.7955570577765847,0.4303721259434114,1.467216827384672,1.530074555709705
0.4,0.3,0.0,0.5,0.1,0.5,1.6638429630372653,-0.7073824233168201,-0.6166092838073258,0.8512696697100333,0.6260225115893546
0.1,0.1,0.8,0.7,0.9,0.3,-0.8267014033332376,1.7552747622371578,1.691542787345466,0.365725442680102,0.09699648630379769
0.5,0.2,0.6,0.3,0.8,0.4,-0.10247203200415039,1.223494881137527,0.9731574350075,1.5941666687383238,1.0680958837482142
0.8,0.0,0.8,1.0,0.4,0.0,0.8122372597961772,0.20415912362458474,0.19172125955343602,2.233329683814156,1.9086583711370704
0.5,0.5,0.2,0.4,0.8,0.8,0.14732241102108612,0.9933449515051077,0.7320900624800855,1.1684145588763304,1.0302349278057692
0.4,0.1,0.8,0.8,0.8,0.3,-1.126814429341455,2.224553317752021,1.794571295595714,0.7735903833157873,0.3650551012049249
0.3,0.2,1.0,0.9,0.5,0.7,0.6425779769083408,0.340051014759253,0.3472322099059474,1.6378267063087308,1.219611896029419
0.5,0.8,0.7,0.9,0.0,0.2,0.9885712986722519,-0.10761597076444733,-0.18112727892004427,1.8671726386263665,1.8012426174488463
0.7,0.3,1.0,0.5,0.1,0.5,2.089794414703742,-0.9843563635331637,-0.920283551076579,2.4468072104925573,2.377467263903041
0.1,0.1,0.2,0.4,0.3,0.1,1.5607638147517149,-0.548400703460005,-0.6420849454191097,0.3993916752581227,0.24011920584570468
0.9,0.1,0.2,0.8,0.1,0.7,0.5273554054728214,0.4739034167771152,0.30029466048509595,3.208828888131662,2.9884353442696074
0.8,0.2,0.9,0.6,0.5,0.1,0.8844194611689371,0.050175125587802336,-0.056468234878317064,1.6680083152295184,1.5326867795912351
0.9,0.6,0.9,0.2,0.5,0.6,0.017622043075668475,0.889443197694229,0.8140796945891785,2.820051025862291,2.480041308792277
0.1,0.5,0.8,0.4,0.6,0.5,0.07998545743986617,1.0106063621825945,0.6139678815837005,-1.0495589686159539,-1.0786914456008552
0.6,0.0,0.2,0.5,0.6,0.2,2.097587135239928,-1.1239705579346975,-1.2824274039327412,-0.23895953501873382,-0.2900143736782099
0.9,0.1,0.4,0.8,0.8,0.3,-0.54607403148422,1.5248706309340028,1.4516069769258961,2.1037693299350715,1.909373315013673
0.7,1.0,0.2,0.9,0.1,1.0,1.1142181616188154,0.0699332964233638,-0.24883162816344156,4.35065828931441,3.960763976573606
0.1,0.1,0.6,0.3,0.6,0.5,0.017687674912719664,0.9764049426203274,0.665237789466009,-0.05054001224646536,-0.4453423860139864
0.4,0.2,0.7,0.8,0.8,0.0,-0.016593660968697965,1.060890890040211,0.8202103041645078,0.1635247787977762,0.2152750604230281
0.7,0.8,0.8,0.7,0.4,1.0,-0.2983389748463374,1.3031386447127686,1.0574257710714958,3.732155718675868,3.503857464444107
0.6,0.9,0.6,0.8,0.3,0.7,0.5546586451904327,0.531472074217418,0.2934840924749842,3.2618912143992764,3.27977545905517
0.8,0.4,0.2,0.3,0.0,0.4,0.9548981560565949,0.12930818901913532,0.0034663125612464513,1.7399830674731496,1.4222537148869598
0.8,0.0,1.0,0.4,0.2,0.6,1.5400797842309553,-0.34766336316433477,-0.5125630348360912,2.7916054250955393,2.7898294222077604
0.2,0.2,0.2,0.7,1.0,0.9,0.8891404530517082,-0.05875658584843648,-0.3486959933198277,1.5821641486361173,1.6927280174130328
1.0,0.6,0.9,0.6,0.0,0.2,0.9594767896438327,0.08791722488783099,0.060814017891691746,2.153223898558255,2.0199201909308675
0.1,1.0,0.4,0.6,0.3,0.8,0.7147629847342146,0.40371094730908413,0.41277144968833934,1.07834737514874,0.8318265532971288
0.7,0.5,0.9,0.0,0.2,0.1,0.588273015304417,0.38261529363358926,0.28903095084264224,2.239671175261828,1.9767059674343361
0.0,0.5,0.9,0.7,1.0,0.3,0.4226522575697496,0.7132474908421937,0.5356523168015576,0.3449820438978979,0.34166323269065096
0.4,0.4,0.7,0.1,0.7,0.7,0.1869712111660427,1.047142052917336,0.773823589963791,-0.05465778008384871,-0.2352010409306404
0.8,0.9,0.5,0.6,0.1,0.0,1.2416122199037667,-0.20083867206842695,0.009493576052944874,2.859164802373956,2.779005507326332
0.0,0.0,0.2,0.3,0.1,0.6,0.7605048060988322,0.2130309564313817,0.04361240981615695,0.399607691984466,0.30342833500310523
0.4,0.0,0.8,0.8,0.6,0.4,0.20235821370837534,0.7251463441278293,0.6871184301224721,-0.4606243348669179,-0.5839027117221479
0.5,0.5,0.7,0.7,0.9,0.3,0.23602252535656484,0.7725534343105506,0.7043336254070235,0.6159220144349525,0.37102868332240785
1.0,0.5,0.5,0.4,1.0,0.9,0.6340394386059123,0.11997634103005747,0.25850729546473994,3.6942542090748853,3.3726200798242614
0.0,0.9,0.5,0.6,1.0,0.7,0.7950271704447227,0.22444921868565354,0.31075046731967326,1.7304723909483974,1.6535528753346092
0.0,0.8,0.0,0.7,0.8,0.8,-0.6295348246821888,1.5543764482409812,1.545159071901686,1.194464139711987,0.9030538108398376
0.9,0.4,0.0,0.3,0.6,0.8,0.4040644191288541,0.6736480085812069,0.5058212326035247,1.6616889381266082,1.338198723956185
0.3,0.4,0.4,0.4,0.1,0.3,1.2063040866694426,0.0038849743875254,-0.17945120931304032,0.18724383993154894,0.060641714345719314
0.8,0.8,0.3,0.2,0.1,0.4,1.3360063586028952,-0.38484684912760114,-0.4902618938905233,3.139783534408801,2.8923696685115328
0.7,0.6,0.8,0.0,0.1,0.1,0.4109295380393161,0.4519063258995627,0.47898452646901263,2.076568313909333,1.906681240299936
0.3,0.7,0.8,0.4,0.6,1.0,0.7461042895117933,0.3251567259643263,0.2661090031612858,1.3358988167180232,1.378131355117348
0.2,0.6,0.9,0.0,0.0,0.2,-0.07431527284154613,1.0478225798456624,0.9856027205410491,0.5526999751079166,0.22237188402944705
0.9,0.9,0.0,0.5,0.0,1.0,0.05318793713703396,0.5924770439451444,0.6129423011803945,3.496827650394655,3.223701508131693
0.4,0.7,0.7,0.1,0.8,0.6,0.34762522759417924,0.773695621297985,0.5920989119306594,1.4296686813136268,1.2418764109231502
0.5,0.1,0.5,0.4,0.2,0.6,0.7038636571585898,0.32856378187893953,0.22358102361899906,2.6234963140724923,2.2836488988738024
1.0,0.1,0.1,0.7,0.9,0.5,0.05888429140990623,1.076737253587732,0.7090350164711009,2.9686851267453145,2.534079197445282
0.4,1.0,0.1,0.5,0.7,0.8,0.7770436816005203,0.22465663961336096,0.10990475100387645,1.0219858324042794,0.7249838761877299
0.2,0.4,0.9,0.7,0.2,0.8,0.17078192755546096,0.595836589998361,0.6427707031669071,1.6475019324180498,1.281569547438948
0.2,0.1,0.8,0.7,0.1,0.3,-0.22371104545712206,1.086993451797642,1.1424120144027234,0.3478980971021268,0.4244010947641713
1.0,0.5,0.8,0.1,0.3,0.9,-0.19146009854088472,1.0666448211063901,0.9984945277240255,3.476807889080241,3.157341167055627
0.1,1.0,0.2,0.7,0.5,1.0,0.5273230036153627,0.4306481200948929,0.26011390160345116,0.7512293012328561,0.6821659988190168
0.8,0.5,0.3,0.2,0.5,0.4,0.5745423907558075,0.2841206404542516,0.2966603160071678,0.9602054235147446,0.49525873128368303
0.8,0.1,0.0,0.8,0.8,0.4,-0.8026231167190746,1.686790403436768,1.3729905478112836,2.081530948259064,1.600379948859135
0.0,0.4,0.2,0.7,0.4,0.4,1.1551057421049276,0.11355063647199126,-0.2182972183293031,-0.6647134702333872,-0.9325289891522004
0.5,0.6,0.3,0.7,0.0,0.9,0.22802788993612713,0.759180381799494,0.9498100552686017,1.6495767671620554,1.2852702264059404
0.4,0.4,1.0,0.5,1.0,0.8,1.547674201108092,-0.6484982874656421,-0.7101349304230706,1.7476904779224864,1.6004762264718055
0.5,0.6,0.1,0.4,0.5,0.3,1.3438282151779684,-0.5795703613633442,-0.48485066890991757,0.7787103358570968,0.4934837457233435
0.9,0.6,0.8,0.7,0.4,1.0,-0.21471537704976845,1.073724405679883,1.2593278161410923,3.341482218662458,3.3021275420747354
0.7,0.8,0.1,0.4,0.5,0.5,1.4426110540052972,-0.3874682465524323,-0.43053572173802934,2.580003208968482,2.2405260723337244
0.3,0.8,0.3,0.5,0.3,0.4,2.433496246224432,-1.2150803325194595,-1.1978927190551127,0.8833809547108649,0.7921010876085205
0.6,0.1,0.9,0.9,0.7,0.6,-0.35816107845876305,1.3862264614081115,1.3669522949004707,2.3981969726319394,2.303370634207169
0.5,0.2,0.9,0.3,0.5,1.0,-0.43335001478723584,1.4366838865147522,1.3325279221363646,2.6055703948464273,2.5624374320937333
0.8,0.3,0.1,0.9,0.6,1.0,1.1769036333942258,-0.14971955711842858,-0.39648513231994265,3.189015423909614,2.9890728443277603
0.7,0.8,0.1,0.9,0.7,0.3,1.2713608208291043,-0.3334777585399207,-0.47044178485118826,2.882495951040618,2.518548746330598
0.7,0.9,0.4,0.1,0.1,0.8,-0.09934426539871395,1.0676415219595337,0.9787521726481776,3.662962985771637,3.195034553517915
1.0,0.2,0.0,0.8,0.5,0.5,0.6245886967212286,0.5355310568444248,0.5353914989025544,1.765354898086596,1.6385006219508937
0.3,0.0,0.1,0.7,0.4,1.0,0.035889078059679586,0.8883216766783011,0.8510942082501788,1.0665561604851943,1.1720560633748853
0.4,0.4,0.4,0.5,0.6,0.8,0.690497865908221,0.22094861765263563,0.20173360930785467,-0.10587118279035884,-0.47351280698581366
0.4,0.4,1.0,0.7,0.7,0.4,0.7111157761725675,0.2708044495689913,0.4068223857383259,-0.4696820449641613,-0.4359371774333059
0.5,0.7,0.4,0.9,0.5,0.9,0.7928397633399277,0.2555100219644637,-0.016351173491875516,2.7740894528382323,2.4220068047279124
0.1,0.4,0.0,0.1,0.3,0.9,0.2413115197420737,0.547992584883517,0.6859166343993507,1.1383822858794244,0.8703248882088316
0.2,0.0,0.7,1.0,0.2,0.9,1.038694409856867,-0.18179066314654577,-0.06387694545845105,2.0493563659066107,2.0342498157709943
1.0,1.0,0.0,0.1,0.8,0.1,0.3490252868476783,0.8962680227796931,0.7113302157973104,1.6984613500251018,1.5700718160949345
1.0,0.1,0.5,0.9,0.6,0.6,0.5374467509246689,0.6278886537197789,0.3298057790902873,2.8354404599479435,2.4048946142353587
0.8,0.1,0.5,0.9,0.5,0.6,0.2247301800847128,0.7868175810721064,0.7087460069329934,2.8689672349881095,2.7300975626033592
0.9,0.0,0.3,1.0,0.7,0.2,1.4688285819088682,-0.5261488738982727,-0.6777264189101222,1.2186174099545446,0.8227417868065752
0.9,0.0,0.9,1.0,0.9,0.9,0.07256527257363826,1.0785062631430469,0.8715853734468627,4.538902920402625,4.398300447596201
0.7,1.0,0.7,0.6,1.0,0.7,1.2002206857686926,-0.2683980472494049,-0.2082337825531432,2.5768367859750363,2.372204730961904
0.0,0.6,0.0,0.2,0.6,0.8,-0.007064060810794304,0.9811346923692755,0.688942690295553,0.2041547878839165,0.06850876673320451
0.8,0.6,0.3,0.2,0.3,0.1,1.5454673254293387,-0.6402084544775273,-0.5899109906981289,2.2413124474267465,2.159071971992458
1.0,0.4,0.0,0.8,0.2,0.6,1.0473790575443058,0.08156991023995223,-0.001466482369568145,2.452331188573028,2.301114903264342
0.7,1.0,0.7,0.8,0.0,0.2,0.3255540374864324,0.5744460635114347,0.48623665285335416,1.6049219674335686,1.5474484151511456
0.1,0.6,0.3,1.0,0.6,0.7,1.1787571068466112,-0.19479457631319136,-0.46845129397566276,0.507510801708289,0.11736790277243153
0.9,0.4,0.0,0.8,0.2,1.0,0.7237697214925228,0.387750298637798,0.06235578434689143,3.6560646202089013,3.328191500656577
0.3,0.2,0.8,0.0,0.6,0.6,-0.17586382244102286,1.101725247740107,0.9608409546828681,-0.10593022358081441,-0.283552214648602
0.9,0.5,0.9,0.7,0.3,0.6,0.2079545222874844,1.0266112872099844,0.8279140749976439,2.733739491535312,2.6402605198329967
0.8,0.5,0.2,0.8,0.9,0.1,0.7324466666791271,0.06925142635070027,0.008388046257832703,1.9275944846507067,1.5511003253308557
1.0,0.4,0.0,0.9,0.4,0.7,0.6458715757393803,0.40220771674174827,0.2677764871649517,2.435740053291921,2.4164941415459475
0.0,0.9,0.1,0.4,0.0,0.0,0.6659373153084708,0.17582409973140442,0.0641923942082082,0.49463128655428884,0.34629298030652494
0.9,0.0,0.3,0.8,0.6,0.2,1.3057581320400242,-0.2583604074092119,-0.31435720323205113,0.37821592145929234,0.04837611848535894
0.0,0.9,0.6,0.5,0.6,0.9,0.7194200465384455,0.33311494877273296,0.019730764319836877,0.48730016408085136,0.3870483376668188
0.1,0.4,0.4,0.2,0.9,1.0,-0.5653776965852988,1.6096545583991388,1.5487356958590859,1.6740148630629492,1.2864640402348226
0.2,0.4,0.9,1.0,0.3,0.3,1.117099787476364,-0.26193905792410777,-0.456078942305408,1.567071384639143,1.44188901999406
0.6,1.0,0.0,0.8,0.9,0.5,0.026554788004881674,1.0171142258060903,0.8930634331631846,2.161368604518283,2.0709682430653364
1.0,0.5,0.2,0.0,0.4,0.0,1.0341635196882861,-0.12935760603171104,-0.17962336390375833,1.208059846982309,1.10100859193139
0.5,0.2,0.3,0.2,0.9,0.8,0.047211787068610234,1.1570660746635237,1.025123028325247,2.2941901852758244,2.039430571180679
0.9,0.0,0.6,0.0,0.9,0.1,0.5619616296095659,0.3553251512569086,0.37218904006862535,2.016942958448011,1.397012187446617
0.3,0.5,0.1,0.2,0.0,0.5,-0.06597013073519148,1.1466326795735073,0.9718099243576441,0.6192998670625435,0.4295958222716154
0.6,0.9,0.1,0.2,0.6,0.6,0.4643823768909138,0.5921656921899396,0.42802769295892873,1.8682897682995514,1.885678266004147
0.7,0.0,0.5,0.4,0.7,0.4,0.5135392759967423,0.5521444899506267,0.4600548720052886,1.1790957714271768,1.04743277745879
0.6,0.6,0.8,0.6,0.0,0.2,0.5526814541311867,0.3111463454533223,0.39180594099750715,1.208273624531544,0.8849810705154663
0.0,0.0,0.8,0.4,0.0,0.1,0.15346617150344477,0.8326251695300227,0.8672432180941294,-0.7848687061520581,-0.6369329682901268
0.0,0.8,0.5,0.2,0.8,0.0,-0.18007224794452087,0.9457476895510573,0.7291677406162247,0.9621926947750958,0.9963404335019728
0.5,1.0,0.0,0.8,0.5,0.6,0.3076049976043285,0.7993819126755071,0.8036834172362871,0.9016927308850872,0.7699930993902833
1.0,1.0,1.0,0.9,0.4,0.4,1.2038382576659314,-0.2546787009128352,-0.23679144358483334,3.171939367341217,3.0569855571131006
0.2,0.4,0.0,0.8,0.1,0.7,0.249311920255851,0.7367604339852378,0.6338401406530653,0.7147018994042521,0.4990363700543404
0.4,0.1,0.0,0.9,0.5,0.1,0.7365999534573029,0.4860167207879509,0.2079978542913773,0.4103269389991469,0.11922909168631324
0.8,0.1,0.6,0.0,0.0,0.2,0.23700826849658196,0.9246357659652447,0.9419561394736584,1.8814256448546491,1.7403734746492372
1.0,0.0,0.7,0.2,0.7,0.5,0.06751478945271074,0.7579606820627316,0.7165409080658691,1.3452854487443917,0.9146866658443736
0.4,0.0,0.7,0.9,0.8,0.1,0.3127914757997762,0.6423705733743317,0.4854310794520791,0.3447441070173193,0.003944121381999344
0.3,0.2,0.2,0.5,0.7,0.1,1.6762424537209648,-0.8642547529048141,-0.7175789559017406,-0.7988805916199615,-1.007184398619149
0.5,0.3,0.9,0.5,0.6,0.3,1.5361759292164743,-0.5356600917463813,-0.49486474724405427,0.1236863255028871,0.03935019656317837
0.6,0.7,0.5,0.6,1.0,0.9,1.6241221290096242,-0.47596017753738334,-0.8175811365416463,4.004641902544999,3.9495561465620748
0.9,0.5,0.7,0.5,0.3,1.0,0.8586739677964733,0.03828760729015501,-0.017270100264275876,3.053660405592942,2.706823922641084
1.0,1.0,0.3,0.4,0.0,0.1,1.3519411102960777,-0.39972962405795326,-0.4415614444400265,1.582865374815398,1.5173301523466496
0.3,0.9,0.3,0.3,0.8,1.0,-0.6766764297245759,1.4636512196104565,1.5341632007194117,1.7142080493185294,1.8811109937464536
0.8,0.3,0.8,0.9,0.4,0.0,0.8906748579289374,-0.03087794771922208,-0.09507506681232131,2.2640780436632078,2.0176041625241585
1.0,0.6,0.8,0.6,0.3,0.8,0.7145483485213985,0.19968509554560324,0.1451790726151318,3.1854957298598356,3.0288672708463924
0.2,0.8,0.8,0.8,0.2,0.5,0.8414298927052453,0.25295459808297094,0.15490715560219487,1.9621210285097277,1.7573326539618817
1.0,0.6,0.5,0.8,0.5,0.8,0.33726962095826385,0.9123879753727697,0.7593820558527096,3.005173576365475,2.821614186943672
0.2,0.0,0.2,1.0,0.0,0.2,1.4097006744875407,-0.25336075760036353,-0.6806799336013409,0.329641983900449,0.12031618253780502
0.9,0.0,0.8,0.9,0.0,0.4,0.29349247420430796,0.6488649282799179,0.7811263169783136,2.1952864461835846,1.9210415706342971
0.4,0.3,0.5,0.2,1.0,0.4,1.3893037558754182,-0.3366488922822368,-0.2776837729634985,1.8871650084928902,1.623512110508048
0.0,0.5,0.9,0.5,0.7,0.7,-0.0315379755852446,1.1668636727969488,1.057211928425301,-0.12375638982099012,-0.3895454596715047
0.1,0.2,0.8,0.7,0.8,0.1,-0.6412286862198353,1.4130720695853958,1.6564400451683712,-0.1309613285012173,-0.49575508016106906
0.3,0.2,0.8,0.7,0.1,1.0,-0.4124068235987472,1.3919945397229945,1.4114978246406205,2.2056641892571287,2.1038604709722573
0.9,0.6,1.0,0.0,0.8,0.4,0.25336826672892165,0.8046953735181892,0.658314323993198,2.252709704148195,2.052292702564539
0.6,0.6,0.1,1.0,1.0,1.0,1.4301965310449571,-0.5268814674704378,-0.5005021813345175,4.685767169133167,4.473161437293763
0.3,0.0,0.7,0.1,0.7,0.1,0.6413955876381706,0.3973051429997418,0.5152821001830096,-1.3227287048245873,-1.3999798336782419
0.5,0.5,0.6,0.7,0.9,0.7,-0.13872093523739945,1.3065260044330032,1.1403979682951946,1.608176427934519,1.4221234478346032
0.8,0.9,0.4,0.5,0.8,0.6,0.024092079350926242,1.0210755209607638,0.9327814488543913,2.4450187682723064,2.294618896686416
0.8,0.5,0.8,0.8,0.4,0.5,-0.18231982783949363,1.2870275687043973,1.168342115600539,1.9103059988540025,1.7065782774716305
0.2,0.1,1.0,0.1,0.7,0.9,-0.6546953701128896,1.596808901561735,1.200392159874856,1.0414555738134563,0.9429294506626402
0.7,0.0,0.6,0.3,0.2,1.0,0.5920657248942225,0.3683589180218559,0.32009847342714576,3.6889112398948845,3.648403214386317
0.1,0.1,0.0,0.7,0.9,0.7,-0.6092809006485951,1.8012845865157325,1.7510346755786002,0.8227166086047399,0.7000823558956916
0.9,0.0,0.3,0.9,0.6,0.4,1.496357494250839,-0.5606710706695215,-0.6405827492411397,0.7461228143447429,0.7882900049010014
0.8,0.1,1.0,0.4,0.5,0.4,0.7401778968176725,0.06283273828470667,0.11280406802015336,1.7966919336233123,1.6524049246785286
1.0,0.2,1.0,1.0,0.6,0.3,1.6699668545009394,-0.7609814891237849,-0.8481813401671314,2.70011918252866,2.466681590167389
0.9,0.2,0.2,0.3,0.0,0.0,1.0339021317757873,-0.08618143204795017,-0.36736216685316514,2.120157997713423,1.8677947812856932
0.6,0.4,0.3,0.0,0.0,0.8,-0.03972000709077314,0.8439988964596221,0.9367750866304663,1.2843230953289269,1.0918693090132596
0.8,0.9,0.2,0.4,1.0,0.4,2.0903243289516564,-1.0449323187122463,-1.196746262626287,3.2728438712508123,2.9340172827545663
0.9,1.0,0.8,0.5,0.8,0.2,0.5122928800820705,0.4360349798014152,0.6783049004626884,1.6866179011805231,1.8583149970924144
0.6,0.6,0.0,1.0,1.0,0.1,1.9400960864786032,-1.036580570904204,-1.0154898689893976,3.042604874271407,2.669060042402131
0.5,0.3,0.3,0.4,1.0,0.1,2.448355115470779,-1.5069788385690313,-1.49523385454378,1.004688588383344,0.7464566258317645
0.2,0.4,0.8,0.1,0.3,0.0,0.8721260797660265,0.39694114859289853,0.17518566800841395,0.015457294643090043,-0.04156313342811349
0.7,0.8,0.2,0.1,0.6,0.8,1.3156292969880758,-0.13066950320090934,-0.43529345942024694,2.632037213792807,2.4521513223042426
0.2,1.0,0.8,0.1,0.7,0.9,-0.7553624510594977,1.6998597651930776,1.5685073581170033,0.9052737171979145,0.6949009088570536
1.0,0.4,0.9,0.4,1.0,0.2,1.5212105398700662,-0.5502441676183542,-0.6330456054188276,2.5309399630408165,2.436052151810571
0.4,0.7,0.3,0.4,0.7,0.0,2.030271687265409,-0.8611755240484158,-1.1322993873336942,-0.06867259300383603,-0.26144542352157785
0.4,0.4,0.8,1.0,0.7,0.8,0.2468307688801919,0.8462725843693415,0.7907668270934065,1.3444459681330805,1.0514356085975878
0.5,1.0,0.6,0.2,0.8,0.8,-0.6547048078644294,1.37080211245972,1.4650793480679178,2.289109000748809,2.0410332914154665
0.8,0.0,0.0,0.1,0.0,0.5,0.07829838366506012,1.0738350024668033,0.9748528330606294,1.5675388761620412,1.2470813469162922
0.8,0.3,0.0,0.4,0.2,0.1,2.05075235388869,-1.1475160354164897,-1.2246116541216097,2.238926191709603,1.8305914475846379
0.9,0.8,0.9,0.4,1.0,0.1,1.9199458641559988,-0.8491487182929892,-0.9311283411005238,3.7450881012791934,3.867560987246781
0.6,0.1,0.2,0.3,0.0,0.4,0.31880130355594366,0.5460508072469658,0.5430157026211979,1.7148533330220477,1.6021818742651914
0.5,1.0,0.3,0.8,0.7,0.8,0.06414631418840538,0.838966212180747,0.6462124930241406,1.1210205888653697,0.8513519632104618
0.9,1.0,0.8,1.0,0.2,0.5,1.273173293828783,-0.2481333253065298,-0.39001265720787354,4.298122835323361,3.7310058620661026
0.3,0.7,0.6,0.3,0.5,0.5,1.2024901598637214,-0.18331564497216166,-0.3136579337623691,0.9885041321615424,0.7678947465500173
0.4,0.3,0.2,0.1,0.9,0.6,1.210090235416958,-0.3281357110758265,-0.29616156741777405,1.2379391297479645,1.1833257979821037
1.0,0.0,0.0,0.6,0.3,0.9,0.9389302745960815,0.09077969657397876,0.19235932635212358,2.7505947505854373,2.5792928681585607
0.8,0.3,0.3,1.0,0.7,0.9,1.1915154850295655,-0.17506485397306515,-0.2270021252854565,2.7257038665604023,2.602434188758208
0.4,0.8,0.6,0.6,0.7,0.2,1.440736734730237,-0.5811031381690109,-0.5506425615542991,0.4107024409428417,0.2454359428159729
0.5,0.4,1.0,1.0,0.0,0.5,0.7934871045535575,0.12080882915430197,0.002856364952707663,2.1076630837497508,1.9107883781648702
0.9,0.6,0.6,0.8,1.0,0.5,1.2103598968085805,-0.4762272675332111,-0.4025619141747276,3.360528493590617,3.1478645362127238
0.2,0.3,0.7,0.9,0.3,0.5,1.4635324424208915,-0.4254468083868996,-0.6686896278025862,0.9572488198981951,0.6483444541852645
1.0,0.1,0.1,0.0,0.4,0.9,-0.021129145865752735,1.354777964478595,1.16561287899929,3.1896488021452956,3.087127745984583
1.0,1.0,0.3,0.3,0.4,1.0,0.5306098034771937,0.6678646057601836,0.3734973706070973,3.2859430183464045,3.283271540497009
0.3,0.9,0.5,0.8,0.1,1.0,-0.245772200348923,1.3314718866272948,1.1762744437593229,3.2535553887915682,3.2062118371036283
0.9,0.3,0.0,0.6,0.4,0.7,0.9640463126625384,-0.1356248499527174,-0.2523588506243847,1.9978680644829212,1.8237819510353663
0.6,0.5,0.6,0.0,0.7,0.7,-0.3096931958080183,1.3908906588743668,1.1102041443198238,1.011074968824974,0.6695504385684264
0.1,0.0,1.0,0.2,0.6,0.6,0.2517314702701554,0.7936358220082724,0.6031685474008202,-0.41050274052172486,-0.4672128554259714
0.7,0.4,0.3,0.3,0.5,0.1,1.0849238560317962,0.024768450539469883,-0.1321133512321273,0.23196377348006325,0.04924457375007993
0.0,0.1,0.2,0.5,1.0,0.4,2.0902604159692086,-0.8135013485765425,-0.9474190310105337,0.5210807900639479,0.2941385504161879
0.9,0.2,0.9,0.6,0.4,0.1,1.010117554467597,0.0910389373257729,0.14382902764463162,2.179009691648092,2.067382304072338
0.0,0.7,0.8,0.2,0.8,0.5,-0.4740197928874361,1.3085918649531285,1.303540498711581,1.018925301907155,0.9049955775013262
0.3,0.2,0.2,0.6,0.8,0.1,0.983457100426398,-0.0395451959469555,-0.19117366935813243,-0.13278878095984029,-0.4173306674619225
0.4,0.1,1.0,0.3,0.7,0.3,0.031055705297931075,0.9337829297829048,0.9444794582303857,0.33893577857596513,0.4466029157806256
0.0,0.7,0.3,0.0,0.8,0.3,0.7288396884976839,0.27494926243423107,0.20234194138541844,-0.11042817320739567,-0.5102781838931404
0.7,0.4,0.1,0.6,0.4,1.0,0.7608681305795182,0.15014504806519222,0.007008422469767656,2.307668073276574,2.266080251123235
0.3,0.6,0.6,0.4,0.2,0.7,1.4915638228872659,-0.33137694584950017,-0.6978653444719743,1.759438310128669,1.6484055222393768
0.3,0.1,1.0,0.0,0.6,0.1,0.4933470616026988,0.5650555667310592,0.3697225985811896,-0.36984102087738474,-0.5823928917829063
0.5,0.4,0.6,0.3,0.1,0.7,0.41784756051820726,0.582998161792014,0.5356578692830919,1.9564694606681678,1.9237519151980023
0.7,0.8,0.0,0.0,0.2,0.6,1.168256184912092,-0.08082374099598912,-0.3413625311220426,3.425529705560139,3.0981332594352353
0.1,0.9,0.9,0.5,0.1,0.7,0.3879802756009064,0.5363937956188941,0.4899746652369393,1.998854478635152,1.6982568848016688
0.3,0.9,0.3,0.2,0.4,0.5,0.5462746980939818,0.6373037353941978,0.6342596611271542,0.7442938208608282,0.5170833599106882
0.4,0.6,0.8,0.0,0.9,0.6,-0.3515592403946012,1.355318733769429,1.3403091093400512,1.4106590352344457,1.1995276473741077
0.7,0.9,1.0,0.6,0.5,0.4,1.0117970818627957,0.06639118566543245,-0.07914870782311975,1.663429107965099,1.662363704514957
0.7,0.3,0.6,0.3,0.7,0.8,0.11196544460916863,0.5803570858916717,0.46230573917377354,2.1420003785172446,2.042068170279901
0.4,0.8,0.2,0.6,0.6,0.5,2.0310942750025136,-1.101178589098862,-1.1870301290845149,0.4933610958840485,0.2274215054344853
0.7,0.8,0.2,0.2,0.0,0.8,0.5079332544832074,0.37356558574455706,0.16945680833788454,3.543205861668611,3.51528899221214
0.1,1.0,1.0,0.9,1.0,1.0,0.8443661420937167,0.03198567596791896,-0.1509743880241732,3.0039303962222754,3.0649710034989397
0.7,0.5,0.7,0.5,0.6,0.2,1.3666750061926354,-0.3798995600996049,-0.30331088991085486,-0.23186885166653362,-0.24373286836416447
1.0,0.7,0.7,0.4,0.3,1.0,1.2689526028695943,-0.5657856793230117,-0.6594563385534676,4.264340305258137,4.33420642940589
0.3,0.5,0.5,0.6,0.1,0.2,0.9014362674807481,0.18698611525718245,-0.13287822794153387,0.35224051406031537,0.196232785759261
0.0,0.2,0.5,0.2,0.0,0.3,-0.13321306203151048,1.1572022890759732,1.0077083062344072,0.7886810371143088,0.5338831120567936
0.8,1.0,0.3,0.9,0.1,0.0,1.7081689328100385,-0.663248248204907,-0.7420116018346932,2.3672163991331967,2.376903248878162
0.6,0.4,0.6,0.4,0.1,0.3,1.3756992115734792,-0.3872494741517982,-0.5316761285796596,1.6823730552043767,1.3515423558264978
0.9,0.6,1.0,0.2,0.8,0.8,-0.3028539063788751,1.2428802123744407,1.1014267978850234,3.507176970381225,3.2630402542395043
0.2,0.9,0.3,0.2,1.0,0.1,1.5752839149434892,-0.4131479760064821,-0.26677592651892584,0.8221650607257336,0.5985458323572164
1.0,0.1,0.5,0.6,0.1,0.7,0.32989154339882903,0.6229208831955163,0.5178323302582285,3.3364505084412075,3.1518238084774506
0.9,0.9,0.6,0.2,0.2,0.6,0.99674989875121,0.07912168447198253,0.08259396425395116,4.047751308210805,3.9358201085089255
0.8,0.5,0.6,0.9,0.5,0.2,1.0456363654817729,-0.1740369453851816,-0.1251874834474,1.5323120773746293,1.340378110188469
0.9,0.8,0.5,0.8,0.8,0.0,0.2831892124954063,0.512665616257362,0.4318414352182738,2.9788942728946677,2.8223311501015473
0.0,0.4,0.4,0.9,0.5,0.2,0.8138108859430329,0.09943019120152052,0.08160052139337023,-0.6796027329907922,-0.9637497331381448
0.7,0.6,0.1,0.7,0.9,0.2,0.712206839120972,0.2964897870257512,-0.05258832268349063,2.446583757064143,2.1101347703561855
0.0,0.9,0.6,0.7,0.3,0.3,0.8092682606994019,0.4084139141648358,0.2391854509924301,0.7472471283322869,0.6797869314658899
0.6,0.1,0.1,0.5,0.1,0.1,1.3437688826319074,-0.4735216462407098,-0.4432908129942371,1.96156690964402,1.8573574416781622
0.3,0.6,0.5,1.0,0.2,0.1,1.9274405361500095,-0.8976972506814667,-1.0305261993355612,2.34734652509558,1.927783793333026
0.3,0.2,0.1,0.9,0.9,0.9,0.3485861966353071,0.6725878422911226,0.4850557305214543,2.8432736001569103,2.440928752940213
0.0,0.9,0.9,0.0,0.5,0.4,-0.1555690849084202,1.3175260559528352,1.2629375567250094,0.2604110803279824,-0.0369181400304921
0.3,0.8,0.9,0.2,0.0,0.4,-0.039889971132126195,0.8653286886018332,0.7111920394927191,1.8997978177162314,2.046642391612838
0.8,1.0,0.3,0.9,0.7,0.5,0.9356546751465245,-0.12653013680209613,-0.0768326714384635,2.007869264029228,1.4484523387903423
0.1,0.3,1.0,0.0,0.4,0.1,0.9860822228176678,-0.011252113505740992,-0.09029683207066105,-0.1468535316003607,-0.39855161914640685
0.3,0.4,0.8,0.8,0.9,0.9,-0.7185327860628461,1.5471138353956473,1.4884258584768064,1.4038968727525758,1.0834991501975897
0.5,1.0,0.0,0.3,0.5,0.8,-0.11817090638105157,0.8385109062257202,0.9519377190488645,1.3807241543589128,1.3278040819914676
0.0,1.0,0.5,0.5,0.8,0.2,0.7227813504352312,0.3882193602004833,0.2957336876358432,0.01749239394002919,-0.21392581509668634
0.0,0.7,0.9,0.7,0.0,0.3,0.3413212370027864,0.6364123510885885,0.5299900229547759,0.9951816604846205,0.7547792486632029
0.1,0.0,0.8,0.0,1.0,0.6,0.002449244506786352,0.9648875651900626,0.7585037848040536,0.5538473508331828,0.32049919465623156
0.2,0.1,0.3,0.4,0.5,0.1,1.1139013097538304,-0.04944079826375456,-0.10800149662468973,-1.1612485836629214,-1.2419698100751764
0.6,1.0,0.9,0.1,0.3,0.8,-0.024497508116549147,0.8805875713803765,0.8561967440353395,3.5824827935618977,3.4550678686339835
0.2,1.0,0.6,0.0,0.4,0.4,0.4512586281498238,0.5983534361530388,0.30740235091927887,0.27479011841117246,-0.004546321163977338
0.0,0.3,0.3,0.6,0.7,0.6,1.0532244002722666,-0.07756325194641872,-0.08689491055888011,-1.2276802296867528,-1.4967477209759792
0.7,0.1,1.0,0.6,0.8,0.2,0.14536726788949422,0.689752746808992,0.6389172503132561,1.477499557324595,1.4340757520037402
0.5,0.0,0.2,0.5,0.9,0.9,1.106688234878396,-0.24223914897040486,0.06029503628650126,1.7230314668094993,1.6886858357619112
0.9,0.3,0.0,0.5,0.2,0.3,2.4359605566967075,-1.540777798305775,-1.6828460447865705,2.188354026268795,2.0671537683948706
1.0,0.3,0.9,0.0,0.6,1.0,0.32365666584057795,0.6631049220329116,0.6972454084133755,3.0755870741105804,2.7689012221991107
0.6,0.1,0.6,0.5,0.6,0.2,1.193241544881623,-0.4421993239646733,-0.6549088188182351,0.5002201793165224,0.4514569506513685
0.0,0.1,0.8,1.0,0.0,0.4,-0.35154423430678455,1.3042518037626958,1.0922493609974158,0.9803364762249975,0.9342610650876062
0.8,0.2,0.7,0.8,0.0,0.6,0.20599721381269173,1.0689891976195829,1.109688189365007,2.417864186383155,2.3456689906985932
1.0,0.4,0.0,0.5,0.7,0.1,1.3154810992330772,-0.36399426998130086,-0.5450148431238829,0.3901055151544907,0.23403485418996475
0.2,0.0,1.0,0.8,0.9,0.5,0.22310551416994068,0.7892631036964634,0.7284219788383969,0.7483643583288367,0.46433110024305635
0.6,0.6,0.3,0.2,1.0,0.4,1.5859381738127296,-0.5613467782452427,-0.4774268903919997,2.1541350133256754,2.046382624922199
0.1,0.8,0.6,0.2,0.9,0.5,0.32107408169318763,0.7670664459399956,0.3107368398063192,2.0554736277428147,1.6325339007912167
1.0,0.1,0.6,0.9,0.6,0.0,1.269640684427638,-0.21792439054383922,-0.33585493124989835,1.8888242600795817,1.4992371739575354
0.3,0.9,0.7,0.9,0.0,0.6,0.1334618723695678,0.8628696437445385,0.6957955905246794,1.4213846900004525,1.2413190190497934
0.8,0.2,1.0,0.9,1.0,0.8,1.1875408283243127,-0.22010835864201722,-0.3668341978429219,4.30353303585012,4.473094768345615
1.0,1.0,0.1,0.3,0.4,0.4,0.6841786612945293,0.14274796976230109,0.20752091138541764,2.8080667990270385,2.5155725811172904
0.1,0.1,0.5,0.9,0.6,0.8,-0.1729400386110021,1.021768918457619,0.9818401384803526,1.196194072254127,0.9043965147679239
0.1,1.0,0.9,0.0,0.0,0.0,0.08308014545921152,0.9377509636893581,0.8796883382816796,0.21128418310231445,0.011088495163473433
0.2,0.8,0.1,0.0,0.8,0.1,0.6138223231284612,0.5179393521188624,0.20213772761635995,0.6673867976624813,0.6880948705763861
0.6,0.0,0.8,0.8,0.0,0.8,-0.9458991143395847,1.7913162243066612,1.6051318787746975,2.014343554549267,1.7499240314875397
0.9,0.3,0.3,0.0,1.0,0.7,1.5332915868054322,-0.4479683655318057,-0.5471015547428492,2.6408518697685968,2.1956414960080157
0.4,0.2,0.1,0.6,1.0,0.9,1.3679917090886122,-0.32521812934471317,-0.3863130357174196,2.468944978971152,2.4540460865270086
0.2,0.3,0.4,0.9,0.9,0.7,0.54669151245836,0.6071597534881003,0.49136914635815004,1.4689913350450097,1.1611529469162105
0.2,0.0,0.1,0.6,0.8,0.7,0.04784674945737698,0.7661293329577028,0.6970201675491496,0.06182879244372507,-0.1494301766323246
0.9,0.7,0.1,0.3,0.2,0.7,1.8044875854901725,-0.6879988600204116,-0.6963784210592483,4.551181240474102,4.4243446762588
0.2,0.8,0.7,0.6,0.3,0.5,1.3599806886721957,-0.6936848740896316,-0.5673525295232027,1.0580305737838398,0.8786176390049639
0.0,1.0,0.4,0.5,0.9,0.6,0.4202140429486341,0.4519562543863493,0.6507141596823627,0.5490512145612375,0.5823436425838858
0.5,0.1,0.6,1.0,0.5,0.0,0.9952772169441699,0.09292107657853169,-0.09548948931126923,1.3456806483964636,1.2722924469012853
1.0,1.0,0.8,0.8,0.3,0.7,0.1513536845244116,0.6648456220764373,0.5850008944570397,3.375679276243973,3.386441804649522
0.5,0.2,0.9,1.0,0.5,0.0,0.8925139354017709,0.09317078919761976,0.033777466037046344,1.9711015576626711,1.5960110989883347
0.4,0.9,0.6,0.2,0.6,0.1,0.8544501287748251,0.24309791812190007,-0.0635133775276788,0.5817968721037046,0.10316173905231041
0.4,0.7,0.3,0.7,0.0,0.5,1.0389097918893972,-0.08770369680092535,-0.27020277672024084,0.6371614923649941,0.6417831025639171
0.2,0.8,0.9,0.5,0.0,0.6,0.6417728791543923,0.33958320712981904,0.12669721633544206,1.4960982333190223,1.4978519186763732
0.0,0.1,0.3,0.4,0.6,0.0,1.1277434265971833,0.1348662447534256,-0.284497877988238,-1.4980238094761134,-1.4343397908417874
0.7,0.4,0.3,0.3,0.3,0.2,1.5270065926566787,-0.6119142144054102,-0.7515755351226738,1.3981379957442095,1.1150688007737046
0.1,0.3,0.8,0.1,0.9,0.8,-0.3701826348669357,1.3616387308449658,1.287659889725085,1.5001259907731332,1.1158325089861243
0.8,0.4,0.6,1.0,0.3,0.6,1.663134429240975,-0.5880165411997993,-0.589022325290534,3.290060438177464,3.2881928840350714
0.9,0.5,1.0,0.8,0.9,0.0,0.565953300052324,0.44160245673936654,0.5375467718609152,2.275015027695244,2.2694528551802233
0.7,0.6,0.4,0.8,0.4,0.5,0.4290743210222032,0.8097961683409906,0.6287711078697822,2.221031168629459,2.0954742134791178
0.5,0.6,0.7,0.3,0.8,1.0,-0.6983427068357008,1.4223192849432675,1.439912737016864,2.4078614522541666,2.1710964375028503
0.9,0.1,0.1,0.8,0.1,0.9,0.014550091646623086,1.1400409239165734,0.9291202646420453,4.062117280541245,3.917964502344675
0.4,0.8,0.9,0.3,0.1,0.6,0.37184441835132087,0.7694497879763361,0.5773363005884411,3.092347406773493,2.885628742879465
0.4,0.9,0.9,0.5,0.0,0.7,-0.059829630540677636,0.9074232785921531,0.8902295167522287,1.972460169687415,1.9616722833270106
1.0,0.6,0.6,0.7,0.2,0.1,1.9469515818079948,-0.8553378352684697,-0.8699632226228187,2.728676856859205,2.440282697746867
0.1,0.5,0.9,0.2,0.1,0.9,-0.7424713919988171,1.6881338551431286,1.6500264472751476,1.9533935213290092,1.6493998988712466
0.1,0.4,0.0,0.3,0.9,0.6,-0.12041766055444396,1.1227982046775973,1.0015021224351204,0.4495803566700177,0.18327390216421055
0.5,0.5,0.4,0.7,0.5,0.1,0.17079889950545932,0.8416117523904223,0.6834160951596712,-0.2928913114414069,-0.522875213854143
0.2,0.2,0.1,0.1,1.0,0.1,1.5216007268474283,-0.6348451989699584,-0.6349783395950188,1.070736338734767,1.0226651096822614
0.9,1.0,0.4,0.8,0.9,0.2,0.33421490558591516,0.6168169633343786,0.7168898278994472,2.476254368559417,2.255253909587599
0.5,0.7,0.1,0.1,0.7,0.0,1.4471866903322912,-0.6195291788704493,-0.5766194093711533,1.4222193167653723,1.0715916627113014
0.1,0.6,0.8,0.6,1.0,0.7,0.703298496679817,0.247542919951929,0.16148916662595358,1.2601581887837208,0.8328564206575122
0.7,0.2,0.5,0.4,0.2,0.1,1.6151278031083849,-0.4801339692955352,-0.8092085632664191,2.9919786160723647,2.728995422712577
0.9,0.6,1.0,0.3,0.4,0.5,0.6046690787019104,0.24831598001188807,0.09246742527473528,2.7629130136011995,2.87946149371299
0.6,0.3,0.7,0.8,0.4,0.1,1.037971969067165,-0.20633054955666674,-0.18722141897144223,0.8736463075057188,0.7588831423716357
0.9,0.4,0.7,0.3,0.2,0.7,0.8610013081950169,0.16765634523260192,-0.0038797581282368904,2.714597213041114,2.439495308645976
0.4,0.4,0.8,0.0,0.7,0.7,-0.7335503576202361,1.257743674687845,1.3926435900969887,-0.05253211198175842,-0.09764497926131191
0.8,0.5,0.0,0.0,0.9,0.8,-0.4858814558317495,1.5804846310997334,1.4293668022424821,2.527710781231556,2.2876454593911446
0.7,0.8,0.2,0.4,0.6,0.0,2.2956327724590326,-1.3397560548629157,-1.304896357636728,1.5541158465603306,1.3315096123664045
0.7,0.8,0.5,0.4,0.3,0.9,1.1312765624234251,-0.19119715756490407,0.049246648043019536,4.603065224121568,4.39797772043156
0.5,0.8,0.3,0.7,1.0,0.6,1.5557396653964561,-0.4216920991655149,-0.6150133143738897,2.091489525575707,2.2259556355044516
0.3,0.9,0.1,0.5,0.2,0.6,1.6408272901296281,-0.6873203658927249,-0.5508294009325048,1.7977124248839333,1.8379173732714225
0.8,0.1,0.9,0.9,0.9,0.5,-0.3417243852270536,1.1579859234356151,1.19047572049837,3.8816855217230604,3.488551185498613
0.7,1.0,0.6,0.4,0.3,0.8,1.0550088921877467,-0.10090327071089313,-0.1082634781153399,3.3896851039309626,3.35447599258083
0.7,1.0,1.0,0.9,0.9,0.4,0.9118341134502751,0.27360150673943284,0.07502201981741302,3.38073075990935,3.134978265500948
0.7,0.7,0.4,0.6,0.2,0.7,1.7866447338589677,-0.7341068416712292,-0.78203788031935,3.315393553894774,3.180977315672165
0.9,1.0,0.3,0.0,0.7,0.5,0.49799741588324636,0.6288920914224396,0.23700784613283102,1.0581240462107768,0.9055779843151348
0.7,0.0,0.3,1.0,0.1,0.0,1.7193572129068242,-0.7474320056805097,-0.6490020882944436,2.071715551211105,1.8424365183768265
0.8,0.2,0.4,1.0,0.3,0.5,1.0643374699816077,0.007464046753746623,-0.2527597814005661,3.7876414454283314,3.4928532816520232
0.9,0.3,0.4,0.3,0.3,0.7,0.8906865566316842,0.3330968167993471,0.08291369401545037,3.1019264459609257,2.860798544033531
0.6,1.0,0.4,0.8,0.8,0.1,-0.09045355190955012,1.1679080795315844,1.101840100221722,1.462719841054592,1.3395163802847838
0.1,0.5,0.0,0.9,0.4,0.6,0.3339082062111183,1.0491041385398048,0.6939305046722679,0.4518692437075294,-0.05004599304816554
0.3,0.2,0.3,0.0,0.5,0.0,0.8720622875790754,0.13278611879826574,-0.20297176710219994,-0.8001764062248989,-1.0462867776800504
0.2,0.2,0.8,0.8,0.0,0.8,-0.8224452291263767,1.7132751902838084,1.5909653820030205,1.3678748781193293,1.163527833590393
0.7,0.1,0.6,0.6,0.2,0.2,1.6888203697422839,-0.5072783500326612,-0.661200662815475,2.223316131810765,1.917164522264742
0.1,0.3,0.9,0.5,0.5,0.2,1.518391274819363,-0.40544780019375354,-0.3431725004487599,-0.6190897063242494,-0.7355569955064936
0.1,0.6,0.2,0.9,0.5,0.1,1.6585022604485453,-0.8947557024279251,-0.9543080610499114,-0.13298088151841658,-0.1579636826929091
0.4,0.3,0.3,0.1,0.5,0.4,1.3289693187448528,-0.25577874211143625,-0.47502080736090213,-0.4044874689413641,-0.4254588576856021
0.3,0.9,0.3,0.7,0.8,0.4,-0.13990160477326274,1.0960443142457141,1.0663493854299513,-0.009325455929145993,-0.22739542210916885
0.3,0.2,0.9,0.9,0.4,0.9,-0.12066225275461348,1.1018914739679715,0.8867432621077472,2.560052583755043,2.3020085281129434
0.5,0.3,0.4,0.4,0.9,0.1,1.1087020611624951,-0.34720902303699586,-0.30136076823565244,1.0800358996259267,0.6810075605799337
0.3,0.1,0.8,0.2,0.8,1.0,-1.7979070900274592,2.7586015313378605,2.637059901777067,2.0363348468829967,1.7623681181314756
0.1,1.0,0.6,0.9,0.1,0.1,1.3840105699341878,-0.3423256921567261,-0.4205300032939947,1.0721860450942642,1.0138347992108108
0.1,0.4,0.9,0.4,0.7,0.0,0.38736460764919345,0.48891490472375976,0.4938748906334234,-0.8866543781874355,-0.8872490831843856
0.1,0.7,0.7,0.6,0.2,0.9,1.6600561579055626,-0.6976167174641822,-0.5712133661819657,1.8633355104364298,1.766473357363536
0.2,1.0,0.2,0.7,0.1,1.0,0.6227229456536473,0.37405376446202165,0.2027123699047683,1.821701310784014,1.7525590077898636
0.6,0.7,0.6,0.2,0.1,0.8,0.8563035535953778,0.12014646239908361,0.02807501984341694,4.129581267396636,3.683515838961844
0.3,0.0,0.8,0.9,0.7,0.9,-0.6027053052228776,1.4495840116841403,1.3675217612484039,0.7638070230417362,0.6630659779445441
0.2,0.3,0.1,0.9,1.0,0.3,2.065110024163252,-1.169007654791791,-1.283685179996019,1.171438487333066,1.1069121074696415
0.5,0.4,0.3,0.2,0.6,0.0,1.3607776401049727,-0.252813345156609,-0.39500863953517895,-0.6767364243961623,-0.9811879111655962
0.9,0.8,0.0,0.8,1.0,0.4,1.4181917594827087,-0.52999511994359,-0.5502393623494396,3.6893126127945735,3.3480711280687663
0.3,0.6,0.8,0.4,0.2,0.4,1.427221508024791,-0.1749564385622011,-0.37841636366341974,1.1330699323599256,1.0255699867410653
0.5,0.7,0.2,0.3,0.1,0.9,1.4579172148205888,-0.29598745867063353,-0.4642221983859871,3.3635817098237966,3.317642754040567
0.6,1.0,0.1,0.6,0.5,0.0,1.5093226714693253,-0.5293435421211777,-0.5557856182075255,0.6737645267879079,0.6257042176741316
0.7,0.7,0.5,1.0,0.9,0.1,1.4512182368803215,-0.5912895346138964,-0.6305504445907613,3.8882104300865095,3.916347093916163
0.0,0.3,0.9,0.8,0.3,0.2,0.8640430024178973,-0.021709733854197583,0.02061225119144349,0.789485097106115,0.6544455977791661
0.1,0.1,0.8,0.6,0.1,0.0,0.3974909167485511,0.49478878571198914,0.5354701713782841,0.23739360280546884,-0.06578609752946502
0.0,0.3,0.8,0.6,0.2,0.8,1.0646619483659465,0.1972563367267686,0.1385126334839905,1.0646428375106165,0.9734155752226777
0.1,0.8,0.2,0.9,0.7,0.8,1.1586274171306294,-0.1842571157574644,-0.05449700426775418,1.5936291617437361,1.474559523265985
0.9,0.0,0.1,0.1,0.1,0.2,1.1420883070642065,-0.08484359466616234,-0.3112282080368588,2.1889756546672827,2.121629777915098
0.8,0.7,0.6,0.1,0.8,0.1,0.986318008085846,-0.0386023292406248,-0.21035425511845907,2.7316582713663076,2.4776134154341833
0.7,0.4,0.8,0.8,0.4,0.0,0.5271990392140922,0.6315675099706478,0.4995416531277662,1.2425279277046033,0.9945160083827254
0.7,0.9,0.2,0.0,0.6,1.0,0.5514302966100805,0.75043248907125,0.4253536351142777,2.7122900007598623,2.5439230335603003
0.8,0.5,0.7,0.9,0.3,0.5,1.0424592282068055,0.11539560947253444,0.009066496527796772,2.3771754382846995,2.2927330890607798
1.0,0.0,0.3,0.0,0.8,0.4,0.4075696093069431,0.7711263779727199,0.7582590347844826,1.0056765222552178,0.8050771787387229
0.8,0.3,0.0,0.9,0.6,0.3,1.4909734760072753,-0.4035568308575928,-0.5674818364247123,1.4319661832528583,1.181793323363225
1.0,0.3,0.0,0.6,0.5,0.2,1.7494535151371144,-0.6498843492603257,-0.839855441102517,0.6278583905754204,0.7504080086583692
0.5,0.1,0.1,0.8,0.9,0.4,0.12988754529619917,0.9375301444755861,0.7116573659567296,2.243260685274076,1.9213360573395795
0.0,0.9,0.8,0.4,0.7,0.5,-0.39449809803547864,1.407303808528758,1.1825908631068118,0.00906805380549297,-0.1957764705125041
0.7,0.4,0.3,0.1,0.9,1.0,0.4378101984003934,0.8148833363155157,0.7234103033634594,2.7898971613541335,2.439693733499182
0.1,0.8,0.0,0.6,0.5,0.6,0.9845075840231918,-0.05633472853305099,-0.07685547914987655,0.2804979001714445,-0.02172442866184462
0.0,1.0,0.4,0.6,0.4,0.1,0.8170109188430645,0.17143431785867574,0.18269529408284998,-0.5474300273270792,-0.6623439809509971
0.0,0.9,0.4,0.3,0.9,0.8,-0.7027668546772448,1.8080661479918234,1.6140885221629948,1.9513566565009266,1.6536897301336242
0.3,0.7,0.7,0.3,0.2,0.4,1.6725183580034424,-0.6320113060303263,-0.8956656960224011,1.595628131216601,1.349594557844768
0.7,0.7,0.9,0.6,0.9,0.7,0.6861054428581328,0.2831190698300144,0.23521626819974317,3.653333384244878,3.514239450562582
0.9,0.1,1.0,0.0,1.0,0.1,0.8655415173142011,-0.18527447014903875,-0.2802131443710869,2.856311059530608,2.5648434286408825
0.9,0.8,0.9,0.8,0.1,0.7,0.5330273767288869,0.5375591433912079,0.5228068037277166,4.5527565494962206,4.703044656114307
0.4,0.1,0.8,0.0,0.2,0.6,-0.034018353413978866,0.8467295972182445,1.0583822176115698,1.7079202566887297,1.4472616980097388
0.4,0.5,0.6,1.0,0.0,0.6,0.44666788851237305,0.5664195091031009,0.43444262134473705,1.4773580338067465,1.36788291348231
0.9,0.4,0.7,0.1,0.8,0.5,-0.01824330598940945,0.9816582018214406,0.949591662727107,1.505339878678665,1.2838106599484786
0.8,0.5,0.5,0.0,0.7,0.8,-0.4541664101518321,1.5996701383638856,1.7989772184342365,2.1049480994655334,1.6166110463144552
0.5,0.0,0.7,0.8,0.6,1.0,0.04853964633803399,0.9388049086609571,0.6262718596889338,1.1177550269192773,0.8206714315145669
0.0,0.0,0.9,0.4,0.5,0.4,0.5064770547162143,0.7473379805432627,0.5678109782709491,-0.5970116752872205,-0.6265735539236225
0.1,0.3,0.4,0.6,0.9,0.9,0.37791623260616636,0.4789088885369543,0.46599797968338386,1.096376735960908,0.796599765228236
0.0,0.4,0.1,0.1,0.1,0.9,0.3767939219841594,0.6668606179703154,0.6213000946509561,1.5224808540046069,1.3513678532574116
0.6,1.0,0.6,0.1,0.3,0.3,0.9520430550904333,-0.3780025457489505,-0.3031621768606747,2.3522659342172836,2.118007460194783
0.6,0.4,0.4,0.1,0.4,0.3,0.46520955727864305,0.4586401063939903,0.37036402693171055,1.2504769160219844,1.064003410543141
0.5,0.4,0.0,0.1,0.1,0.1,0.9374415737449758,0.10537140410851957,-0.049786460732993656,0.8296221237584723,0.519239226332066
0.7,0.8,0.2,0.5,0.2,0.3,2.8601240408323836,-1.9830714981296198,-2.1651154341168275,3.0027911757712396,2.8502427323685877
1.0,0.0,0.7,0.3,0.9,0.4,0.29729940651076214,0.6852128554937563,0.6553009074501461,2.0254140467270214,1.771895619264932
0.1,0.6,0.4,0.6,0.1,0.8,0.7379486185356292,0.4705160312444862,0.28510564104999714,1.0185432467152393,1.0288558671045138
0.1,0.0,0.2,1.0,0.1,0.8,1.3467549151665001,-0.05515807885679341,-0.352488508648089,1.6036709455352827,1.5084169290064513
0.5,0.9,0.5,0.8,0.8,0.1,-0.25343505285303003,1.1659488071456787,1.1997779617046218,1.8046006571947018,1.5432217831602797
0.5,0.0,0.5,0.0,0.3,0.6,0.33877027724830877,0.7369192809775218,0.530997852478138,1.725595773901481,1.54111290988346
0.5,0.0,0.5,0.4,0.2,0.8,0.9340208370176265,0.017536294463546237,0.17562826742092705,2.590889589920719,2.5477321964752555
1.0,0.5,0.3,1.0,1.0,0.9,1.63909276858564,-0.49838636530359426,-0.5900461079968078,3.9556359531932226,3.464996571765946
0.7,0.0,0.0,0.2,0.5,0.3,0.4961790028474543,0.48289089571531696,0.3933220533387218,0.6743022275302972,0.6336714372654934
0.3,0.2,0.1,0.2,0.2,0.3,1.2819875547028456,-0.22937724882215824,-0.5348030032782444,1.7107534682305026,1.3875007697170185
0.2,0.4,0.5,0.3,0.1,0.2,0.6726832195974953,0.2963979608225363,0.2125548049915916,0.4817803386424205,0.53093441132615
0.3,1.0,0.8,0.9,0.3,0.1,0.9104711681546083,-0.05959857196536918,-0.055320030134158774,1.225478999758751,1.190611617022567
1.0,0.7,0.1,0.0,0.1,0.8,1.2302311026515513,-0.2785159134305756,-0.4124373311204742,4.139901694444221,4.034359241323081
0.2,0.0,0.6,0.4,0.9,1.0,0.1437214261403601,0.8622522199202735,0.7818122204893441,1.4981958508894346,1.4071138363850015
0.1,0.7,0.3,0.1,0.3,1.0,1.1877992369701298,-0.22577518324517856,-0.4451239416264975,2.533930010708811,1.9840150714135463
0.9,0.3,0.2,0.7,1.0,0.3,2.150277308264203,-1.1982668973770978,-1.2771722696741623,2.3585562602209245,1.826093900207242
0.1,0.3,0.8,0.3,1.0,0.6,0.537752673289576,0.45442754219758785,0.3850271896569559,1.109934051585229,1.0158960372088885
0.4,0.7,0.5,0.7,0.2,1.0,1.3352133098497565,-0.06650153176910617,-0.2846116547419122,3.568170296923751,3.368884334451193
0.2,0.1,0.3,0.9,0.2,0.5,1.1824224378020207,-0.09768374457870216,-0.2685358079821923,1.3851220594675524,1.1647490800723022
0.7,0.0,0.6,0.6,0.1,0.0,1.4597141577963189,-0.5085541889681373,-0.6803620753609146,1.7348956394989283,1.1953541242376733
0.9,0.6,0.5,0.7,0.6,0.6,0.4069157211467389,0.31468441228822347,0.2140533335441155,1.9001691809014027,1.8746420342283232
0.7,0.1,0.7,0.7,1.0,0.3,0.7993923126443299,0.34046764458007434,0.08176490536880987,2.0957334826594027,1.745313858268386
0.9,0.8,0.7,0.9,0.7,0.1,1.3853505476319024,-0.3348193779159364,-0.4239445311549385,2.398793299531821,2.1839360056099357
0.6,0.8,0.0,0.4,0.3,0.8,1.1897516601529263,0.005654282813478351,-0.06897393682064291,3.3320732299598212,3.238905391298407
0.6,1.0,0.9,0.9,0.9,0.6,0.019021367247734948,0.8714327448790888,0.8052945099613098,3.536296853974094,3.403075901769247
0.4,0.4,0.7,0.0,0.2,0.7,0.6084599327643998,0.4994227713774401,0.2815819713564237,0.9063037376868807,0.8236727744175268
0.4,0.3,0.0,0.3,1.0,0.0,1.4951115690193557,-0.6338242923861732,-0.8529275288005809,0.8853798464175147,0.809514296466728
0.5,0.9,1.0,0.1,0.2,0.1,1.2025685830615622,-0.187748235853465,-0.6005346090029653,2.5869581401300836,2.140311203088819
0.3,0.4,0.2,0.9,1.0,0.3,2.2476054582354656,-1.2642304386247025,-1.5094083649566326,0.8562784235231933,0.5812495244386231
0.9,0.1,0.1,0.6,0.4,0.8,0.3322447208550185,0.5747078066695376,0.4425431715724494,2.8300819521319704,2.6126074382494817
1.0,0.3,0.1,0.0,0.1,0.7,1.0053252352012552,-0.22298700162768825,-0.188247794270575,3.134895296813125,2.8237231951993422
0.0,0.8,0.4,0.9,1.0,0.7,0.9201781038057298,-0.07411259488953181,-0.15726682883889104,2.538810192624734,2.2313086786663714
1.0,0.9,0.1,1.0,0.9,0.8,0.5195776819512192,0.19213122911478245,0.4040399862356536,5.135091413681433,4.866300268151896
0.8,0.1,0.4,0.1,0.1,1.0,-0.3144060195404548,1.3876262297117237,1.5824446119560733,3.9015281557074495,3.842779098596724
0.5,0.0,0.4,0.8,0.7,0.4,0.14690816184971822,0.9533831732506992,0.7138321657677038,0.14732317408230367,-0.09837320275859968
0.9,0.5,0.0,0.2,0.2,0.1,1.0107206992692088,-0.028280654117028892,-0.11573598889691339,2.1754859355121385,1.920069742930408
1.0,0.9,0.1,1.0,0.8,0.3,0.7063985061779592,0.3579660150197881,0.20724302334088085,3.4821143502344456,3.272027381990696
0.9,0.3,0.6,0.9,0.8,0.4,0.8849220465520857,0.14922730866904008,0.014354892034685998,2.5198966865674635,2.3099818124694753
0.4,0.5,0.8,0.4,0.7,1.0,-0.6139855446398221,1.6824800571858363,1.4376666180527333,0.9250705960302663,0.7068883815947337
0.8,0.2,0.4,0.1,0.5,0.5,0.36513739854365684,0.8279443414600978,0.5103669617702894,1.8974473319075658,1.7391185502932025
1.0,0.1,0.8,0.8,0.8,1.0,-1.5707458533003515,2.361416440922533,2.3430997766188226,3.6738651604418067,3.550945495142076
0.0,1.0,0.0,0.5,0.3,0.9,1.0111594812160183,0.13258907419432536,0.06881795367024464,1.2041284176777212,1.1520466263724822
0.5,0.4,0.1,0.1,0.2,0.9,0.7957573766318935,0.23308931342374156,0.1040462082292945,2.62601499199882,2.459098844197862
0.3,1.0,0.5,0.2,0.3,0.1,1.009049361060045,-0.03957611052587498,0.21207222611208285,1.236123167679303,1.1658478084867854
0.9,0.7,0.9,0.3,0.4,0.0,1.104813351528484,0.09573066340457914,-0.31524122829973655,3.279982883924486,2.934092425376719
0.1,0.8,0.1,0.7,0.5,0.2,1.239709519226351,-0.24314416911955666,-0.29821615489234904,0.0862012161444573,0.0811494333557439
1.0,0.4,0.9,0.1,0.8,0.3,-0.20808188338805245,1.1321739492302376,1.0419125533048645,2.134778310587102,1.8113292143711486
0.1,0.1,0.0,0.2,0.1,0.0,0.18722679438303472,0.705850138831837,0.6352909005983933,0.6066961189222657,0.3205594813332049
1.0,0.9,0.6,0.5,1.0,0.6,1.9137053400025374,-0.8137824784743042,-0.8787103095379951,3.540032554134467,3.29832137101713
0.9,0.6,0.5,0.8,0.1,0.7,0.39614617904444444,0.7316167627552466,0.5166424419700671,3.7125868749909947,3.490135595268928
0.6,0.3,0.6,0.4,0.6,0.6,1.4701009106759084,-0.49454272089000495,-0.6239840460617706,1.055817567589778,0.7996064254251835
1.0,0.7,0.0,0.3,0.2,0.3,1.8878732009209944,-0.9055845706660178,-0.9835355609674583,3.325980669773851,3.3507920470803048
0.7,0.3,0.3,0.3,0.7,1.0,0.449810486207134,0.8716871852547736,0.4413267001046708,2.3349658293257787,1.9078552472053394
0.3,0.8,0.6,0.6,0.2,1.0,1.3328799306291403,-0.6343876947327078,-0.5830180332345088,3.078269748053776,2.8905170739632524
0.3,0.4,0.6,0.5,0.5,0.2,1.716993838616441,-0.708231119788373,-0.8320980562602621,-1.1321774251270151,-1.0907220334072005
0.1,0.8,0.5,0.2,0.4,0.4,0.46228480789862986,0.6380789789752368,0.6341946930391489,1.6436950376328232,1.2296014747414248
0.9,0.1,0.9,0.4,0.6,0.2,0.6884771002003515,0.43516762440401546,0.2922747767236149,1.5839163701038406,1.4854764148881707
0.3,1.0,0.3,0.9,0.4,0.9,0.7924835728280252,0.2320895793605598,0.12771323036605026,1.681914764119686,1.5040175103828075
0.7,0.5,0.2,0.0,0.0,0.3,0.5724330809775537,0.19056830022020915,0.16114389119057432,1.082048723124075,1.0441819005738604
1.0,1.0,0.7,0.9,0.3,0.1,1.7242763793598042,-0.6244390940739717,-0.8112466585498391,2.6350892026043833,2.7077107879691806
0.3,0.6,0.7,0.4,0.2,1.0,1.110715229098789,0.03307884349426113,-0.04067462840480118,2.2737113573031347,1.9093816347236112
0.0,0.2,0.1,0.0,0.9,0.6,0.08440636165763254,0.9956665735050625,0.893849296869558,0.9459424496123028,0.8506143064138612
0.3,0.3,0.6,0.6,0.5,0.3,1.6353817657867071,-0.716208124418213,-0.6223000354666088,-0.7653439645473469,-1.0534168793056313
1.0,1.0,1.0,1.0,0.9,0.4,1.3147202781203375,-0.19091681871629357,-0.30088929993027036,3.9438529377275353,3.6269107329271395
0.0,0.9,0.8,0.0,0.1,0.4,-0.32457330518666955,1.2083659889496199,1.1699679598942896,0.9967433975295383,0.741765041419054
0.9,0.0,0.9,1.0,0.4,0.4,0.6127558188609495,0.2018088583821872,0.13842145383226792,3.3204723908898015,2.930274054586914
0.2,0.8,0.2,0.1,0.5,0.7,1.0777783403712027,0.05492469591749641,-0.24180304080075996,0.844023458476888,0.6768695339197051
0.5,0.4,0.6,0.5,0.3,0.8,1.253225576160473,-0.5326077359515052,-0.6341804172950491,1.699192972694332,1.5152711183138021
0.9,0.7,1.0,0.0,0.5,0.8,0.9970094824176964,-0.0317807539012571,-0.05127566280713654,3.1571825967179543,2.9829197411140376
0.6,0.6,0.9,0.5,0.7,0.9,0.30126961001076397,1.0006282795940222,0.4919644941440513,2.3869480008299924,2.134001061579483
0.1,0.0,0.0,0.2,0.5,0.8,-0.30077846280757814,0.9778249761985158,1.1150022456098934,-0.06586649016845245,-0.31207288067803757
0.0,0.6,0.3,0.7,0.5,0.0,1.1116343294111075,0.07372393173328098,-0.23834492294321516,-1.3859510755065598,-1.5186264549263662
0.3,0.7,0.4,0.6,0.8,0.2,1.0535469516352758,-0.07887820216896518,0.0413832785571272,0.38707408109825964,0.15911299307206822
0.1,1.0,0.2,0.8,0.3,1.0,0.938863749163115,0.26617684311858814,0.07329373822885418,1.9411578048453841,1.899623447023389
0.6,0.1,0.7,0.9,0.3,0.0,1.0580676798793534,0.003454676030121742,-0.2512969129255447,2.0915392965032416,1.8325987415343594
0.5,0.9,0.8,0.7,0.5,0.6,-0.35740390948343315,1.1955581787867797,1.3355207385273937,1.2538980774001105,1.046957838406812
0.8,0.3,0.9,0.6,0.0,0.9,0.34717191238716333,0.8464576503329084,0.5378215310078395,3.076037685606843,3.033197550651724
0.5,0.1,1.0,0.9,0.3,0.0,1.1781371033508927,-0.42380004421726325,-0.33861332853105647,2.163278872381815,2.0972693272697787
0.3,0.2,0.1,0.1,0.1,0.7,0.5291415244184063,0.3127714387354692,0.3188685300618853,2.108316925345116,1.839633637563492
0.8,0.4,0.2,0.3,0.8,0.7,0.30808581748285324,0.9024161293753484,0.8165437569140623,1.9409122317740983,1.792705282048839
0.1,1.0,0.9,0.8,0.6,0.9,-0.3974179309536366,1.2818281035678543,1.1358084021060502,1.1185183040564886,0.8799162316109462
0.8,0.0,0.3,0.1,0.1,0.1,1.3953720017476285,-0.20269880565515336,-0.480030145196663,1.3103622352371362,1.3569007017539096
0.2,0.2,0.4,0.2,0.9,1.0,-0.5419993784381195,1.7437474576145366,1.586107031612936,2.234217835750013,2.0842669441623585
1.0,1.0,0.9,0.9,0.7,0.4,0.6615706729407971,0.6273485608604585,0.3915134091065829,2.7324677759020086,2.5994903150544633
0.0,0.7,0.7,0.4,0.1,1.0,0.9190543636305758,0.208486599325453,0.030032400699679412,2.3097028817140717,1.9969859451701564
0.6,0.8,0.0,0.4,0.5,0.8,0.9822114228833144,0.3212427495995929,0.18628547859110225,2.2362263780984803,2.068981935845515
0.6,0.0,0.0,0.7,0.1,0.9,-0.2349389460554312,1.070858366900585,0.9534344548387343,2.3248807100207105,2.034922350396994
0.0,0.5,0.8,0.1,0.4,0.1,-0.007583014403395288,1.2358431702632018,0.8450767866801459,-0.6088335342761865,-0.7751430492855911
0.8,0.0,0.2,1.0,0.8,0.4,0.8797879148852148,-0.0373476679337417,-0.07657653633853938,2.48643420504604,2.198464708582756
0.0,1.0,0.9,0.9,0.7,0.7,-0.18362324150630704,1.0827111439957475,1.209265401612596,1.1965182460526422,1.2135164289731202
0.3,0.6,0.1,0.8,0.4,0.5,0.7338882490820587,0.17879085807571024,0.15429329425850086,0.7258200640309109,0.8195521108863169
0.3,0.1,1.0,0.8,0.9,0.5,-0.14190340170699356,1.172348590916809,1.1008427131860927,1.478264730612348,1.3382695021014526
0.7,0.4,0.3,0.7,0.4,0.4,0.8541598276390332,0.0017487515511722396,-0.004568478936042196,0.72329574482593,0.48838745442813064
0.0,0.7,1.0,0.5,0.3,0.1,2.4952908089096826,-1.4874273865013499,-1.469480805016564,1.0775198204105696,0.8297497998509371
0.2,0.7,0.0,0.4,0.5,0.4,1.591860373585606,-0.43259105348218596,-0.6900249789474394,-0.031206100075757942,-0.30469151947459316
0.2,0.2,0.2,0.1,0.7,0.1,1.0581271028091492,-0.019590692666760078,-0.09016557867037978,-0.4609918995302828,-0.7173327156384693
0.9,0.7,0.7,0.3,0.1,0.7,1.0478878867802186,-0.22131038021400926,-0.11813512451826737,3.6328371989740793,3.601051106950273
0.9,0.7,0.9,0.7,1.0,0.8,1.024015437750675,-0.04585688123668326,-0.3449346554995484,4.720040929755346,4.233723543761803
1.0,0.3,0.9,0.0,0.9,0.7,0.24273453539955403,0.9622443317673903,0.9005351658801524,3.308474230541446,3.0919092866870383
1.0,0.5,0.5,0.5,0.9,0.5,0.772909766260851,0.27941156058721495,0.28739730317891066,2.4792717731837977,2.3000721821896284
0.2,0.0,0.4,0.8,0.6,0.1,0.5253370364460638,0.24596691611673885,0.3624375800072974,-1.1940261057290518,-1.504028127777865
0.5,0.6,0.7,0.4,1.0,0.7,1.3005159266145123,-0.25438547305298803,-0.39476015620873467,2.268264739378639,1.9596067320886186
1.0,0.6,0.8,0.0,0.3,0.6,0.4511959288239572,0.5614874419704154,0.4258700302602857,2.9850779084309647,2.843878161219353
0.8,0.5,0.4,1.0,0.8,0.9,-0.5127912025035305,1.5218719872424535,1.3836052069875133,3.4274085886927472,3.118615790905093
1.0,0.9,0.9,0.5,0.0,0.1,0.7587421919130591,0.26444695220815573,0.02091134007362893,2.5611102896889704,2.5153853331914053
0.2,0.9,0.7,0.7,0.4,0.5,0.1878551299107744,0.9036962234179761,0.7696438440333051,0.499858442277636,0.5303102783975686
0.2,0.2,0.4,0.0,0.5,1.0,-0.3704788010253995,1.3382221167583774,1.258646898522218,0.8354511666091827,0.6200956158797137
0.8,0.5,0.1,0.8,0.8,0.4,-0.057434900794712876,0.9992126761688693,1.0745732880590324,1.9208118892159187,1.668091875923495
0.0,0.5,0.7,0.1,0.6,0.8,-0.14409192818855066,1.0780336758088598,0.9707053838543948,-0.4268812276057564,-0.7504121096511286
0.8,0.7,0.5,0.8,0.1,0.6,0.9743710512819466,0.07996994642143593,-0.1826425593004225,4.0908271714126245,3.844318610024397
1.0,0.0,1.0,0.5,0.5,0.3,1.6438953670477723,-0.916185897237128,-0.8347531142855384,1.1929835213729059,0.9770116371478555
0.4,0.6,0.5,0.3,0.8,0.7,-0.5280267670421184,1.5578433891085637,1.5195641268853346,1.7709402968507073,1.6779205129179222
0.7,1.0,0.8,0.8,0.6,0.7,-0.25218178139326064,1.2614463299215029,1.0140269389213605,1.7964543670540136,1.7623594614575544
0.8,0.2,0.3,0.4,0.4,0.4,1.1092494977441583,-0.35727668974327764,-0.36286864170124083,1.6203322732028491,1.4885730649600324
0.4,0.1,0.2,0.5,0.6,0.6,1.3851254993474298,-0.4245547983325087,-0.5157961103185695,-0.10997224986367671,-0.1651164343451561
0.9,0.2,0.5,0.0,1.0,0.9,0.4290544269585494,0.6423223579872835,0.3792901824663824,4.072984732823775,3.9908429863762263
0.1,0.1,0.1,0.8,0.3,0.3,0.6343514984436468,0.27973253946067783,0.1962375748252253,0.8738463080223025,0.8162600159837184
0.2,0.3,0.3,0.0,0.8,0.9,-0.07188162233883129,1.2768335919603566,0.8584081938365233,0.28345151384585104,0.3904201955327382
1.0,0.4,1.0,0.8,0.0,0.3,0.8350492388763486,0.3136256564525461,0.06498531911242789,1.930967050975978,1.672242527627482
0.0,0.8,0.3,0.0,1.0,0.8,1.111516137436185,0.005870358537290066,-0.1816566768675889,1.5675747793721377,1.7073579563300667
0.1,0.6,0.0,0.6,0.5,0.2,1.3520235982443818,-0.09491643210039237,-0.37683351881042726,-1.0588540520432816,-1.265647709186005
0.3,0.5,0.3,0.7,1.0,0.6,1.1248913226229293,-0.0022408979032196574,0.1652629691341304,0.3703109865889105,-0.036915145008200576
0.0,0.4,0.8,0.4,0.9,0.2,0.41794303201286254,0.6167377621148257,0.7113601821004407,-0.1611611290615657,-0.3998043212525721
0.2,0.8,0.3,1.0,0.4,0.3,1.8983714331958539,-0.7024878702281493,-0.8671213421354568,1.2775365147832516,1.1401971211135955
0.4,0.2,0.9,0.8,0.1,0.0,0.5463911179589859,0.45724201191159686,0.48919225887423223,1.744784834203719,1.592349341427231
0.3,0.8,0.3,0.9,0.4,0.8,0.9840877430267185,-0.26627324927571616,-0.27160076517119924,2.0378058717726506,1.9295087026803195
1.0,0.9,0.9,0.9,0.9,0.4,0.16877420599480375,0.6234414227086384,0.6858701148067915,4.006855043449822,3.9680147673694997
0.1,0.5,0.4,0.5,0.8,0.7,-0.11233324240908207,1.1398930487838093,1.0387852176231716,-0.08150638452861622,-0.27641803381685054
0.0,0.6,0.1,0.1,0.9,0.4,0.5868730312582316,0.40349502069195,0.3081054190772827,0.9918598543320698,0.7592913933727969
0.5,1.0,0.1,0.5,0.9,0.5,1.2519479397420716,-0.1941119058185192,-0.4053982507417183,1.7639672329451475,1.6719245645346696
0.3,0.7,0.1,1.0,0.7,0.0,1.8700096834071371,-1.0240301235978098,-0.8816448608508249,1.3288195447172648,1.1633237743629206
0.6,0.6,0.5,0.3,0.0,0.6,-0.021078768218991392,1.0853098103655419,0.9338873607212892,2.537871400002117,2.560056019505911
0.4,0.7,0.5,0.4,0.8,0.3,0.9759665165381057,0.269302801259276,-0.08806408851940281,1.6063817221065573,1.3456588658207276
0.7,0.7,1.0,0.8,0.3,0.1,1.8879908172601396,-0.9729208779234859,-1.0021786640470285,3.1778140155717876,3.1192642198886182
0.8,0.5,0.4,0.4,0.1,0.1,0.8655220691908673,0.21556393987139452,-0.05945775895055981,1.8134042106690245,1.520667050031182
0.8,0.8,0.3,0.2,0.6,0.3,1.6115518772082114,-0.40796475477590366,-0.6550459331670138,1.67787053763471,1.4942868903726745
0.0,0.0,0.5,0.8,0.7,0.5,-0.1736908133628457,1.252119908729707,0.9352639028779965,-0.48875626027437347,-0.5182703241976334
0.8,1.0,0.0,1.0,0.1,0.2,1.3481092449492702,-0.48056408001268947,-0.6272585974812297,3.2704785143430315,2.9770882792401587
0.0,0.8,0.2,0.8,0.0,0.6,0.6322405301778247,0.06244317635652072,0.12813530833848552,1.2077025469452485,0.9943621125484639
1.0,0.6,0.6,0.3,0.4,0.3,1.003477214332141,0.1042092004511061,-0.22011454190591973,2.391595433300065,2.3669267483165517
1.0,0.0,0.3,0.6,1.0,1.0,1.4437257300627409,-0.5440705642618099,-0.7090896314933913,2.9603475554478575,2.758378020920251
0.6,0.6,0.5,0.9,0.0,0.1,0.8384299940734214,-0.02757050607823172,0.1716514368010111,2.3515808666975557,2.2082324803562847
0.4,0.7,0.2,1.0,0.6,0.0,2.8266541416776927,-2.1155749074122685,-1.7558962192614165,1.100670695224627,0.9704142169492451
0.1,0.1,0.0,0.1,0.5,0.0,0.1955449148191128,0.8162389994208258,0.7356068488390618,-0.579664667795797,-1.0401723010870914
0.6,0.1,0.0,0.5,0.6,0.8,0.45889990560295396,0.4283774057530839,0.537541480197129,1.1922999053340924,0.9686244661186383
0.6,0.0,0.9,0.1,0.7,0.5,-0.22535518253219608,1.2014611347193962,1.2289313189936724,1.327617178725856,0.9822764495664433
0.5,0.0,0.0,0.1,1.0,0.5,0.8438566851760408,0.1964095549928142,0.0652196955049324,1.4368782973545657,1.1192324027603053
0.6,0.4,0.8,0.9,0.5,0.5,0.5689630995031136,0.7414812677553146,0.39595952202433127,1.2969041722651382,1.0539105226797483
0.8,0.9,0.1,0.2,0.8,0.5,-0.20443514388035475,1.1692175541220413,1.0848792778000114,2.935945135488008,2.8273584152056506
0.6,0.7,0.2,0.4,0.6,0.0,2.7237004769588857,-1.738294035459603,-1.748590141687494,1.0243132932289563,0.7522627346521344
0.3,0.3,0.6,0.3,0.9,0.1,1.0062987034536084,-0.0589078348057262,-0.2968657987315613,0.6071645367236307,0.6732708211476849
0.7,0.3,0.3,0.3,0.9,0.1,1.3234312773729697,-0.09740088994759089,-0.08758958174266493,1.5617112198387126,1.4818846034427333
0.1,0.0,0.6,0.9,0.9,0.8,0.28836308501108127,0.6540069570979802,0.6730821143038298,1.416952267502447,1.2489174582701879
1.0,0.8,0.1,0.8,0.4,0.3,1.426581550887663,-0.26590782084930975,-0.44630240429468393,3.2113430847925324,2.9968607912828067
0.9,0.4,0.8,0.9,0.3,0.9,0.4533437304178007,0.6577921330032064,0.40000647867955363,3.733523248357634,3.589177995584895
0.9,0.0,0.7,0.1,0.0,0.8,0.06257630876242073,1.1260684057003638,1.0331715733402895,2.1931789402868906,2.184148029930848
0.1,0.5,0.3,1.0,0.9,0.9,0.19419312135307254,0.578052495698786,0.43794967611187297,1.4608654537509795,1.4173707403499276
0.0,0.3,0.5,0.5,0.1,0.3,1.8094767832907301,-0.6601269461391193,-0.5867879652736376,0.5604520116351831,0.4533920821637643
0.5,1.0,0.1,0.0,0.3,0.4,1.0394305998725506,-0.0008424769806203158,-0.17174427818919874,2.0269571959056356,1.7188282993744723
1.0,0.5,0.9,0.9,0.9,0.6,-0.18035539783101578,0.9944296935261151,0.8980743967778473,3.38542976385379,3.3742828777615363
0.5,0.3,0.9,0.1,0.9,0.2,0.6630828957248355,0.5658305155606609,0.3260772718675746,2.007536331120707,1.7227687165993557
1.0,1.0,0.4,0.0,0.1,0.9,0.08091281608586487,0.8392551357630437,0.8330431850630428,3.5333450190937072,3.2334245428177297
0.5,0.2,0.1,0.8,0.3,0.3,1.0532757109671231,-0.4377569149440286,-0.09720751081811826,1.8962580550187722,1.9475882145693681
0.7,0.4,0.5,0.6,0.2,0.7,1.168242780072435,-0.35383171055193874,-0.3433248833654898,2.5047101036630615,2.6686916081539374
0.2,0.6,0.9,0.2,1.0,0.0,0.9972033646250381,0.015591674402754139,-0.16877246025047526,1.378469512866114,1.349139032572043
0.9,0.4,0.7,0.1,0.6,0.3,0.858066702175666,0.1391485264857209,-0.1173770834080199,0.46874311908419475,0.33566856477276913
1.0,0.6,0.0,0.1,0.5,0.7,0.45774715929901094,0.48617591126420123,0.5052505982194715,2.2418067220036355,1.748616190889937
0.4,0.1,1.0,0.8,0.2,0.4,1.0188012590929558,0.3937259093166914,-0.1193712698438179,1.9997985934097005,1.8700441522628657
1.0,0.1,0.8,0.0,0.3,0.2,0.4041938363915548,0.6891291188535926,0.6661575314331046,2.307294230718827,2.255594230324061
0.2,0.1,0.4,0.7,0.9,0.7,-0.9300434708449445,1.7150528127937388,1.7443125888025248,0.8060110126361026,0.7235180781867461
0.6,0.6,0.3,0.8,0.0,0.4,0.649942235896239,0.24061177902617634,0.3202888048732891,1.2649287653284087,1.0286392527802177
0.4,0.0,0.4,0.2,0.2,0.3,0.9322087843948836,0.1517011476321135,-0.24817688555691578,0.9826891968195238,0.5792578992068126
0.9,0.8,0.6,0.2,0.7,0.1,1.0877908572458348,-0.08853725785720595,-0.10418075600783983,2.3891623080259903,2.2071857640947146
0.5,1.0,0.4,0.8,0.9,0.8,-0.25455972656280945,1.3356543841312367,1.2515921294559456,2.4678472215728373,2.446892461524566
0.3,0.6,0.5,0.3,0.6,0.3,0.7214965817046812,0.24021663130260035,0.28766386494349894,0.2051458884170804,0.023327707992703353
1.0,0.1,0.9,0.8,0.2,0.3,0.5699811502009219,0.6831010047643159,0.3597042380792317,3.6836250536218116,3.3393389220793464
0.5,0.7,0.2,0.3,0.3,0.9,1.5757171975722681,-0.6010494221126802,-0.7423867581991119,3.473836897430722,3.2274594269971355
0.5,0.7,0.0,0.1,0.7,0.8,0.5237237060487824,0.31328128508664815,0.36459079390321025,1.7662598207891764,1.7205686773652134
0.6,0.3,0.6,0.1,0.0,0.9,0.28789269355800556,0.6977091848930466,0.5460834544469761,2.6289958036861343,2.520717892965376
0.3,0.0,1.0,1.0,0.4,0.9,0.5098942429206496,0.2928622531610967,0.4035222930260712,2.129117620895057,2.1368151660112322
0.3,0.3,0.6,0.1,0.6,0.1,1.4485669796108869,-0.5372988166548195,-0.6472365953790913,-0.7383379371148198,-0.8212945733494929
0.6,0.0,0.9,0.6,0.4,0.8,-0.0031706663147343245,1.1258279392371753,0.6798547341331607,2.0300348993310027,1.7397287816780276
0.5,1.0,0.3,0.4,0.4,0.4,1.2142275130682483,-0.2881682595643428,-0.35908092875473235,0.6190157455962063,0.8181616561521342
0.5,0.7,0.8,0.5,0.9,1.0,0.7098179789823821,0.3211027928826924,0.18210099206111752,3.487789681391917,3.112896982485597
0.3,0.2,1.0,0.1,0.0,0.7,-0.019388949073635912,1.0146026378207076,0.9985285957755965,1.511536241479006,1.46218039971734
0.1,0.4,0.4,1.0,0.0,0.7,0.21470046597348932,0.6781119193182388,0.4998430405414318,1.0624599319329664,0.71738550035266
0.2,0.5,0.6,0.4,0.3,0.1,1.2471150594330715,-0.2583618541060876,-0.6658516589419553,0.16701585125580898,0.05840767576607084
0.0,0.9,0.9,0.2,0.6,0.7,-0.4095034094828112,1.578105550773758,1.300797129669011,0.9906315285775315,0.8834875834730129
0.0,0.1,0.8,0.7,0.8,0.4,-1.3810495438565213,2.217718674746404,1.9375266147867671,-0.12633956571041816,-0.4265130371409643
0.7,0.9,0.6,0.8,0.8,0.1,0.22612296940082832,0.7233654695075034,1.1315424936617908,2.205167138487344,2.116304699629015
0.9,0.9,1.0,0.1,0.4,0.0,0.7298905899214081,-0.031596614388577415,0.1816291547539889,2.5675920810169206,2.518308255671823
1.0,0.9,0.6,1.0,0.2,0.5,1.6452480932509195,-0.7175656204288908,-0.8865689655796638,4.5128574383929525,4.434423539877059
0.7,0.2,0.2,0.8,0.6,0.0,1.5950971729041235,-0.6329635699897315,-0.8086962881529172,1.0881890875176028,0.8893000659550129
0.2,0.3,0.1,0.5,0.5,1.0,1.152618520747683,-0.25793769078741274,-0.41575093082174464,0.7693553729968805,0.5106385486199303
0.2,0.1,0.8,0.5,1.0,0.2,0.9186578850207159,-0.011059931921873774,-0.08340931148075137,0.5243219421325638,0.4265694590356929
1.0,0.2,0.1,0.0,0.9,0.6,0.3735650237630248,0.7549503413947216,0.4121138698765048,3.2221779727325854,2.802349753091394
0.7,0.3,0.1,0.8,0.8,0.5,0.3271995846320788,0.5729221354587252,0.6710527514277957,2.123223713649432,1.981191592812415
0.0,0.1,0.9,0.4,0.1,0.1,0.21157277849245504,0.6579014752146566,0.501417297329669,0.7813091889437416,0.7592117527639257
0.4,0.0,0.3,0.9,0.7,1.0,0.3612113437015474,0.5414123181212992,0.6438685251393788,1.0770405207484082,0.7928592933119024
0.6,0.3,0.4,0.1,0.3,0.8,0.6649939009613621,0.38989445320511,0.09050179233922495,2.777966215653505,2.488283804119775
0.1,0.1,0.7,0.6,0.9,0.8,-0.3091914163954355,1.3778594245552176,1.1854526707277575,0.9288068166745216,0.4752905356297873
0.3,1.0,0.8,0.4,1.0,0.8,0.6647019572457228,0.461213608966047,0.40018052158912,1.668872132037809,1.8215110873483422
0.2,0.0,0.9,0.5,0.7,0.6,0.23014416131014903,0.5883865077908006,0.43715904482249246,-0.3368450286326276,-0.5267458398300763
0.1,0.6,0.6,0.1,0.4,0.4,0.8875303271194407,0.18242256668297963,0.3781813502541014,0.4737722103693056,0.2606372953207199
0.8,0.5,0.3,0.3,0.2,0.4,1.303317690330585,-0.20278828503052035,-0.5115082104045091,2.1780796476675532,1.838989424263792
0.8,0.3,0.1,0.6,0.0,0.3,1.4146537488286681,-0.37378309032082246,-0.49980797580467895,1.5738243670383907,1.4006877081811029
0.4,0.5,0.6,0.6,1.0,0.9,0.9985799360693881,-0.005646299866334465,-0.19362365756047178,1.7821269036954888,1.6793971018826226
0.6,0.3,1.0,0.3,0.5,0.9,0.39444965964438217,0.43807828181422237,0.500327964225904,2.2651383369171962,2.146169709626692
1.0,1.0,0.9,0.9,0.1,0.5,0.7631173737841734,0.3474234081642459,0.15021289528664852,4.030971377794713,3.900187626941248
0.7,0.3,0.0,0.2,1.0,0.5,1.2327839772253952,-0.15497200756468155,-0.2587819817046789,2.5948210317304357,2.5033158538271274
0.4,1.0,0.8,0.0,0.1,1.0,-0.1269854120233121,1.407569797487702,1.43299173843732,2.5978485074209376,2.303566589526982
0.7,0.0,0.1,0.7,0.7,0.6,0.3702496968414957,0.7166450520355514,0.6141062930647191,1.0328509628196547,0.8220321970672455
0.5,0.0,1.0,0.6,0.2,0.9,1.1693320878671227,-0.039731032176529985,-0.3479970179871398,2.3610116807519086,2.388234949655965
0.2,0.9,0.2,0.4,0.9,0.5,0.9803930278653445,0.021324596140427005,-0.07543180056580225,1.2451509898618776,0.9300734315213799
1.0,0.6,0.5,0.2,0.5,0.5,0.4278548021451482,0.5504954569692906,0.3160643824126197,2.551820783384012,2.2525353082974284
0.6,0.6,1.0,0.1,0.8,0.1,0.32278141676894684,0.6088098119902036,0.6285201913603506,1.903870675655312,1.6056110774847971
0.5,0.3,0.2,1.0,1.0,0.0,2.7503827579146134,-1.9642114085448035,-1.9454538059879176,2.0446779505890915,2.108927874164363
0.0,0.9,0.9,0.3,0.0,0.1,-0.16715911266575662,1.2636201736674024,1.2249996225047584,1.1492992426504647,0.8029585399003363
0.5,0.6,0.1,0.4,0.6,0.4,1.4862291695546852,-0.4344607160040536,-0.5927755568346836,0.634823266153704,0.5305652492247606
0.1,0.0,0.1,0.0,0.2,0.7,0.6721248746090255,0.01082671167436694,0.17446420736946164,1.0710648475530582,0.8386354686698242
1.0,0.2,0.2,0.3,0.1,0.6,1.0566457018469388,0.08832794907181976,-0.04004497819210234,3.1914282184266614,3.183166669216375
0.4,0.3,0.3,0.4,0.2,0.5,2.006589374279499,-1.1092717875974645,-1.3266083062082203,0.8703193692908592,0.7084836323215167
0.6,1.0,0.1,0.4,0.0,0.6,0.7887153442624446,0.23023361586235308,0.38872738438126253,2.1219778371827447,2.0500456759203325
0.0,0.5,0.8,0.8,0.2,0.8,-0.4172754657065293,1.3337473533324298,1.1477507091844932,1.4393521329490198,0.8680097035779457
0.4,0.9,0.2,0.5,0.8,0.8,0.5679625845241982,0.4870463400932973,0.3611634936445355,1.573507453226382,1.4250751345886656
1.0,1.0,0.4,0.6,0.1,0.4,1.1367119571876472,-0.23554947748857516,-0.2599344651285989,2.491870242038916,2.3915789652659147
0.4,0.6,1.0,1.0,0.3,0.2,1.827112598559946,-1.0140604729122884,-0.9914412974039394,2.316924719195953,2.001400416132857
1.0,0.5,0.6,1.0,0.2,0.3,1.876845747577926,-0.8476377237467061,-0.7857277836202935,3.401756409656153,3.2041915165335553
0.7,0.8,1.0,0.1,0.6,0.8,0.5604668501507623,0.15852563922434404,0.09058460753501377,3.0071198220140345,2.7034818016273845
0.5,0.4,0.2,0.1,0.4,1.0,0.5817936938039417,0.46337743380185376,0.2644046262877139,2.062096173580326,1.7325197767041145
0.8,0.7,0.2,0.5,0.2,0.1,3.470179266283827,-2.5832583248370353,-2.7638928292686473,2.8372948292424724,2.6559768493657034
0.4,0.2,0.1,0.3,1.0,1.0,0.7291314156337281,0.1979836104992295,0.24360851151417523,3.265076791821809,3.1623600188180023
0.7,0.0,0.5,0.6,0.3,1.0,0.4746861919939601,0.2944226576361385,0.08398751483028011,3.475046535565003,3.245381092739398
0.1,0.5,0.4,0.5,0.8,0.1,0.15054027125454236,0.7974564670233869,0.4161972689998237,-1.0112861792099803,-1.1754245678089867
0.0,0.7,0.4,0.3,0.2,0.0,1.583247059068986,-0.7712099824743612,-0.720406800908854,1.3585346029277159,1.1579338477487582
0.3,0.2,0.3,0.9,0.1,0.2,1.305434879441163,-0.4968525050319584,-0.8104838248179846,0.8688770645595087,0.765769065675601
0.6,0.9,1.0,0.6,0.5,0.1,1.0530105874098417,-0.17527802190155367,-0.4911009199551397,1.2846022158787234,1.1377244979598107
0.7,0.5,0.9,0.9,0.2,0.6,0.7289785817715024,0.236819565898276,0.2528990218593268,3.6467450230122314,3.2478989823573086
0.7,0.4,0.1,0.3,0.9,0.4,0.6738676516121089,0.4847176176272657,0.13943793571982688,2.192592105724808,1.9838829435895564
0.2,0.6,0.0,1.0,0.2,0.5,1.5779637715142765,-0.5067308397638057,-0.6091376743878616,2.0525416920942234,1.6508605276123807
0.5,1.0,0.5,0.5,0.4,0.0,1.3865025748465458,-0.42923860391428226,-0.38754023341416777,1.067768876920934,0.8641037889813595
0.7,0.4,0.3,0.2,1.0,0.7,1.101199585707707,-0.14094512562656059,-0.17992999960987727,2.1466357020101703,2.0913762465541907
0.2,0.1,0.0,0.6,0.4,0.0,0.5194446438172273,0.39157447434354775,0.2526117632179662,-0.5912129401300347,-0.8518236750461754
1.0,0.8,0.9,0.1,1.0,0.2,1.3948065857948182,-0.4138704833436549,-0.6076573193991414,4.137399698965443,3.9038188430837764
0.1,0.7,0.0,0.1,0.8,0.4,0.4970419929782941,0.6355285551358639,0.5567612301343057,0.6121372093870623,0.3880048457806259
0.1,0.5,1.0,0.4,0.9,0.8,0.02061498928854675,0.9181159680708643,0.9428517847403273,1.1355337654904487,0.8523842629048237
0.8,0.9,0.2,0.3,0.2,0.1,1.7673074438622496,-1.0036408646507198,-0.6563148541513076,3.117104441541302,3.072918713084862
0.6,0.8,0.8,0.5,0.8,0.1,0.6445786222597106,0.15360781814947597,0.3203551100735085,1.7457567769706712,1.6197465462062584
0.9,0.7,0.4,0.6,0.4,0.2,1.8105955876943012,-0.9318125851373629,-0.7948842224474869,2.2010508982460664,2.0072471798141645
1.0,0.0,0.7,0.1,0.0,0.1,0.42186978170436074,0.5240592656878862,0.31437057982448857,1.198148225116594,1.1182515562432918
0.1,0.2,0.1,0.1,0.5,0.5,0.4145017211245804,0.5258988587808123,0.3774309770007223,0.33543777234623706,0.12605376777278848
0.5,0.7,0.8,0.9,0.6,0.7,1.1040518082160018,0.13701942631555397,-0.13714660486403696,1.8915017412370347,1.819074554580049
0.8,0.7,0.5,1.0,0.6,0.8,1.2486666226460568,-0.5105478329016359,-0.6112267863213124,3.9916510184871337,3.9360494867354068
0.0,0.9,0.8,1.0,0.5,0.9,-0.19028610084495468,1.218089246613727,1.244055899931909,1.8819288505539622,1.8151337815762374
0.3,0.9,0.8,0.1,0.2,0.4,0.4974981417599785,0.6489193907301416,0.5025489260436208,1.5561446934126715,1.4961303049447146
0.3,0.4,0.6,0.5,0.4,0.5,1.451926760999613,-0.3733823010100374,-0.4736207588649207,-0.07036698041683209,-0.3107154448914756
0.0,1.0,0.5,0.2,0.1,0.1,0.594063037892123,0.5246040367085607,0.3041743708947043,0.9781244332763281,0.8439476251109232
0.1,1.0,0.7,1.0,0.2,0.9,1.0902840704674654,0.006296742540165504,-0.07775936014878738,2.6718224809235718,2.492463609238052
0.0,0.5,0.5,1.0,0.2,1.0,0.5148630355642837,0.44221324584449534,0.3454502889615117,3.0209781394846775,2.8989207152325798
0.4,0.6,0.9,0.6,0.3,0.5,0.9180304681900555,-0.073850950844401,-0.0780176804215854,1.5802433800341538,1.6554274310206232
0.8,0.2,0.9,0.3,0.3,0.9,0.059885720153983885,1.3913193110731799,0.9237752130371095,4.436848704678444,4.422234090822584
0.2,0.0,0.3,1.0,0.3,1.0,1.0693528234138554,-0.27400424112778293,-0.21610096094790138,1.987880118932215,2.117039735162707
0.4,0.5,0.0,0.0,0.4,0.5,-0.07355380878115278,0.99727789337667,1.0263328955833089,0.06146716949495751,-0.15195654236006895
0.4,0.2,0.7,0.7,0.5,0.0,0.8603684289258564,0.1736573128487845,0.24460266887638216,-0.16952457768523638,-0.8263674042136236
0.9,0.3,0.1,0.0,0.9,0.5,0.724484329757701,0.2930551394219605,0.10868011968932514,2.46380469280265,2.4719517168212946
0.2,0.9,0.4,0.0,0.3,0.0,0.5670900243212288,0.23040636557303368,0.4352309590654637,0.8359957295149252,0.45178899605990613
0.5,0.8,0.9,0.1,1.0,0.6,0.8382246620938321,0.16393140149016577,0.09491058189193098,3.5478611703601226,3.202026600538786
0.7,0.4,0.3,0.7,0.3,0.5,1.3020930042528782,-0.31648538721841424,-0.1270590621061267,1.302072147547509,1.059361689897888
1.0,0.9,0.4,0.0,0.0,0.6,-0.27611042881120407,1.2585854865217145,1.218098395678836,2.8522438697850334,2.5954729711253557
0.1,0.7,0.1,0.5,0.9,0.6,1.6331835200516231,-0.5330722420810365,-0.7291956249499894,1.6891674410137245,1.4600145390425356
0.3,0.1,0.1,0.6,1.0,0.9,0.8548441348913052,0.20344581793192756,0.10461611239974601,1.8661894900908969,1.851877755013842
0.8,1.0,0.4,0.4,0.3,0.2,1.42254438897268,-0.2555939835032409,-0.2688181426398145,2.5311632929727037,2.2523434543670264
0.8,0.1,0.6,0.3,0.7,0.9,-0.6650945048101746,1.4961030640243413,1.4664226857657352,2.9647337187134175,2.7037883775161604
0.2,0.2,0.8,0.8,1.0,0.3,0.5843211688360991,0.22343168449828352,0.32501428096952023,1.051798168982434,0.9372241894496359
0.5,0.3,0.3,0.1,1.0,1.0,1.014707382967652,-0.15231250366723953,-0.354051992100489,2.6673683962235653,2.4317435818699056
0.8,0.5,0.3,0.5,0.6,1.0,1.1366325901004284,-0.004303510218312361,-0.1893638854990729,1.4725061530966999,1.4913572598131555
0.6,0.3,0.9,0.9,0.3,1.0,0.6260363699174833,0.4085383393046521,0.2697587704003092,4.157221291652741,3.966323869877677
0.4,0.9,0.7,0.3,0.7,0.1,0.32800519633989067,0.6185584325048388,0.604835851823197,0.15113776363310255,-0.05076492689690541
0.3,0.9,0.0,0.7,1.0,0.8,0.23345405807420372,0.5647193125451234,0.3629048196034361,1.984331882458302,1.8359085442905991
1.0,0.2,0.2,0.9,0.9,0.2,1.5134733127105189,-0.8363868650255608,-0.8224628219907197,3.1579726796922998,2.7746284116187883
0.0,0.5,0.2,0.8,0.4,0.9,0.08417612300857971,0.8152545566493374,0.6949453693193295,0.5545501702181379,0.5020019028387779
0.0,0.9,0.3,0.0,0.5,0.3,0.5634612708224127,0.49393080219435237,0.2757657383656422,-0.8099356675696328,-0.629667766837761
1.0,0.3,0.1,0.9,1.0,0.9,1.8124960964524148,-0.5847905548054899,-0.8183004251803845,4.632835614135004,4.427018265898672
0.0,0.6,1.0,0.8,0.2,0.3,1.313367799854489,-0.2803524574877311,-0.5223905804510148,1.455000071158202,1.0666919813802203
0.7,0.0,0.4,0.9,0.3,0.1,1.3382830593888169,-0.32604297567976487,-0.26526118939814725,2.1436098917250637,1.883730001847044
0.3,0.9,0.5,0.1,0.5,0.9,-0.20452401052302885,1.2877292985754134,1.3014646449500051,1.7927380627137548,1.3689144248496083
0.5,0.9,0.1,0.2,0.7,0.3,0.35754074712355277,0.8344824016271191,0.5179358282482374,1.5909770371926855,1.1047634189084685
0.5,0.1,0.6,1.0,0.7,0.7,0.27395581989231454,0.7707259078038357,0.5085119486883065,2.1658352173545814,2.0248870227938838
0.6,0.8,0.9,0.6,0.0,0.1,1.0189974059778186,0.02686214343641788,0.19030566790052905,2.1960626181949596,2.105250468441866
0.9,1.0,0.0,0.8,0.7,1.0,-0.28750570595378244,1.3616437518888174,1.224600418762109,2.820124392926665,2.700063050476304
0.5,0.1,0.1,0.1,0.8,0.5,-0.4143928872722526,1.4484977186130195,1.1875161068427915,1.563088862237806,1.2881367403381996
0.6,0.7,0.4,0.1,0.1,0.7,0.9684455514914904,0.07854968728093789,0.12494360738661142,3.3048694862309405,2.906859828421165
0.4,0.5,0.8,0.9,0.9,0.4,0.0014433638626756007,0.9705609482652426,0.9129673335587362,1.2401578563005975,1.1840158273038186
1.0,0.7,0.7,0.8,0.1,0.5,1.340174695516015,-0.26063746550636446,-0.43175493742364046,3.3885867539386885,3.180724490727331
0.6,0.7,0.6,0.9,1.0,0.1,2.699027798869606,-1.693807483967022,-1.6124761395116105,3.3433187292835016,3.051994460099616
0.3,0.6,0.5,0.9,0.6,0.3,1.3914589699627138,-0.2779648878036384,-0.13206614086024254,0.4517265379597233,0.3540856330196187
0.9,0.2,0.2,0.9,0.0,0.1,1.3953724939462224,-0.5344873991093887,-0.8310952516591111,2.5075614483267272,2.3260663652955973
0.8,0.6,0.6,0.4,0.5,1.0,0.8654913112258554,0.08130825927161123,0.1269036730629312,2.9484398337095654,2.76309145359298
0.7,0.2,1.0,0.2,0.0,1.0,-0.09760856423917494,1.1902806269196957,1.322100094278506,3.901225077359914,3.7343546240517416
0.4,0.1,0.9,0.8,0.3,0.8,-0.5736524698949214,1.5149328261478856,1.4347617259254566,2.5452696702075213,2.5410862073604807
0.4,0.3,1.0,0.3,0.0,0.0,1.0630480078737417,0.07882991681892314,-0.09435598609099069,0.9091779336175003,0.6730207675808745
0.4,1.0,0.6,0.0,0.2,0.2,1.3537364517446857,-0.4889935026250207,-0.5334903806583545,1.3045414901646344,1.017489883557731
0.7,0.7,0.4,0.2,0.9,1.0,0.24170990604725168,0.7746997393605197,0.6575532490608585,4.350408496265158,4.4051963187380245
0.6,1.0,0.0,1.0,0.2,0.6,1.3721611718985014,-0.42569112254223357,-0.582259445031531,3.555711437532126,3.380824608803655
0.8,0.5,0.0,0.1,0.7,0.4,-0.022482869141168704,1.134774360829804,1.0620742466793605,0.9642219960107069,0.8534608048191262
0.8,0.0,0.6,0.1,0.3,0.0,1.4186857672958562,-0.3162472478411721,-0.4884616655235213,1.8997676014739655,1.804041631091431
0.6,0.0,1.0,0.4,0.3,1.0,0.8325346404047028,0.1704776646785804,0.02847841564703399,3.1958365361543435,2.819288468978599
0.5,0.4,0.6,0.8,0.1,0.5,0.7578710222948206,0.3154935479687381,0.3521494430004125,1.5984182667910842,1.33780919804753
0.5,0.7,1.0,0.9,0.4,0.4,1.5747996042783186,-0.5480228003153874,-0.7570479555167914,2.6464481804886044,2.3577639152153003
0.9,0.3,1.0,0.8,0.2,0.7,1.2673326276924437,-0.3627463286844422,-0.505947285570357,3.833056316740137,3.4495355597514346
1.0,0.3,0.0,0.4,0.6,0.0,1.7372595344882997,-0.680953406165261,-0.9107383388585986,0.6865136104016856,0.5205850734081675
1.0,0.6,0.4,0.7,0.1,0.1,0.9887724141415598,-0.08458599132434,-0.15574956289117858,2.328203752801426,2.0156704154384837
0.9,0.2,0.1,0.6,0.0,0.0,1.1706580732574112,-0.31369750709652516,-0.43309731519691197,1.7994799358744575,1.8634467892475919
0.4,0.6,0.0,0.0,0.5,0.2,0.6311803435568983,0.18345972367882812,0.09679274153740791,-0.22795868136970576,-0.531119892353564
0.8,0.2,0.2,0.5,0.0,0.8,1.041003000122122,-0.03980609261779586,-0.32691251627900725,2.755719165344795,2.444523949161185
0.6,0.1,0.5,0.2,0.3,0.2,0.5757578726161221,0.7728174830155978,0.6074078376442295,2.5910191998899115,2.418482867131052
0.8,0.7,0.1,0.0,0.1,0.3,1.6039797921411636,-0.7459653249611157,-0.7120032031400331,3.221026333166738,3.055956382675419
0.2,1.0,0.1,0.8,0.9,0.1,0.7113890426788794,0.45304230123051276,0.12886630940699315,1.0046308439136735,0.7647739688954666
0.9,0.0,0.1,1.0,0.7,0.8,0.8117322739579685,0.35600075896501393,0.028011812606846126,2.8897601620717768,2.678548671209924
0.7,0.8,0.6,0.2,0.9,1.0,0.18042318213252956,0.7567787714883163,0.7167806262602473,4.587991239996875,4.613936218420955
0.0,0.1,0.4,0.3,0.3,0.5,0.08823586572824488,0.9819878238199857,0.9252323140472777,1.0198249238145842,0.7108080241358029
0.0,0.0,1.0,0.6,0.2,0.3,1.6421691181429445,-0.5070306828360539,-0.837598225683614,0.036032256705060856,-0.0700211341156484
0.6,0.9,0.1,0.3,0.4,1.0,-0.10016051909280332,1.1171336131444716,1.1593506602637726,3.7761975794456046,3.478335111740628
0.9,1.0,0.4,0.5,0.5,0.6,0.9230716899514493,-0.0030429030895369608,-0.269275569462376,1.8255561982992055,1.6420430268733757
0.7,0.3,0.6,0.9,1.0,0.4,2.032565479403537,-1.015306921290849,-1.1414900088346205,3.0514958402480112,3.0343603829691057
0.6,0.4,0.6,0.9,0.4,0.0,1.2927012772583708,-0.3271310692202672,-0.4965338539056947,1.545366339724731,1.0097144679018841
0.0,0.3,0.6,0.4,0.1,0.7,1.0861187387693052,-0.1458263545641585,-0.16013627630022553,1.0252211790360897,0.9111037605521412
0.2,1.0,0.3,0.0,0.5,0.7,0.4148121479511584,0.5444840009484585,0.6149375288679901,-0.2855839245614756,-0.53697410425366
0.4,0.2,0.4,0.7,0.1,0.3,0.6317611450544058,0.4294727967543559,0.32215730674890863,0.9719733747984188,0.7534821484138272
0.0,0.4,0.7,0.7,1.0,0.2,1.1915942149369911,-0.21828674591239208,-0.3970386646221377,-0.5435380205861103,-0.565040565985172
0.6,0.3,0.5,0.8,0.2,0.3,1.3125468411820003,-0.47556400236600005,-0.525002846733162,2.4151486628641705,2.3152896933967955
0.0,1.0,1.0,0.5,0.0,0.4,0.9871450262440499,-0.16474306430923266,0.0007651300922880411,0.38549114339987556,0.01934207772855502
0.3,0.8,0.9,0.7,0.0,0.3,0.40361315069962944,0.7585754649201214,0.5942455660225049,1.4037542961243188,1.1595602105676177
0.9,0.1,0.5,0.1,0.6,0.5,0.037515877804544406,0.9107224365422015,0.7334413145194202,2.036380067521902,1.7733945194351894
0.8,0.5,0.7,0.2,0.5,1.0,-0.2611554400724127,1.2635341853155617,1.3821356619150107,2.2237760833799194,2.1597029045815086
0.2,0.9,0.7,0.0,1.0,0.6,0.4143142607477086,0.6342345596019211,0.5744228107554556,1.2098890277603582,1.0402343886702166
0.1,0.0,0.7,0.7,0.4,0.0,0.3892771777372358,0.73551856742791,0.1451851205312907,-1.0023278297538656,-1.3105704884400162
0.3,0.5,0.2,0.0,0.3,0.7,0.6923173307411024,0.31251491626416517,0.19288475824016335,0.8692735311935433,0.5121875609349671
0.9,0.7,0.5,0.8,0.7,0.2,1.079082713666847,-0.035875429612338285,-0.14285573404113086,2.5460307625203544,2.267357186404168
0.9,0.3,0.0,0.1,0.2,0.7,1.2494224266057978,-0.3121603156981899,-0.2007662195357983,3.101340977315146,2.872918064796889
0.0,0.9,0.2,0.3,1.0,0.9,0.7560178425388002,0.23926811378587454,0.19073634043593773,2.3637627144354383,2.271043130934328
0.2,0.8,0.0,1.0,0.2,0.4,1.7930570089720461,-0.8115250948164625,-1.1121821963331375,2.5384816143509865,2.2523904291039876
0.4,1.0,1.0,0.0,0.5,0.0,0.923857156510932,0.1346141156557062,-0.05991741918940399,0.17713488540151967,-0.2955268651798092
1.0,0.8,0.1,0.8,0.0,0.2,1.124028811468474,-0.2767209117338768,-0.0909724556402004,3.103632534769103,2.9314475377903118
0.5,0.3,0.8,0.9,1.0,0.7,1.1545595916876161,-0.0526164404407004,-0.2930085303918385,2.7394593477438405,2.60314431839961
0.8,0.6,0.4,0.4,0.7,1.0,0.16954887209560235,0.7522566781566623,0.8098908965380052,2.9579148619149236,2.5449829275358153
0.7,0.4,0.3,1.0,0.9,0.9,0.9355781356627241,0.20730444619350305,0.34142386671448677,3.311976210295718,3.166507730507712
0.4,0.7,0.6,0.2,0.7,0.4,1.1889693470468319,0.038567154407642676,-0.12056575871505401,1.1790623310670905,1.0779209532602336
0.9,0.1,0.2,0.6,0.4,0.2,1.252030150976923,-0.46819633149085155,-0.47832882061467663,1.544138615336308,1.3808363644304802
0.7,0.3,0.0,0.7,0.1,0.2,1.1061406481123175,-0.13904311560397464,-0.21931235929924128,1.7679791004722571,1.5753276455729162
0.8,0.4,0.0,0.7,0.8,0.4,-0.0509330455518709,1.2543986066898802,1.017681721503308,1.1805681224039626,0.8807433847615063
0.8,0.5,0.9,0.1,0.1,0.7,-0.4254466189674154,1.3111312620010065,1.2007926062385752,3.1557568211006255,3.198798153021435
0.8,0.9,0.3,0.8,0.9,1.0,-0.05518280803956309,0.9294288413593011,1.082412366496873,4.07391328410513,3.5894006989014677
0.4,0.8,0.7,0.6,0.4,0.1,1.4852458287490835,-0.614045244416034,-0.6270730563170188,0.6702784515043392,0.4159026218683187
1.0,0.9,0.5,0.2,0.2,0.4,0.8669380431958029,0.10154027402676226,0.15720448819418154,3.9267995678963006,3.5911500908224916
0.4,0.2,0.5,0.2,0.2,0.5,0.7516569186404324,0.3701530748387026,0.06262201634057676,2.329601088180568,2.1800426845157728
0.5,0.3,0.5,0.0,0.3,0.9,0.6080764533325018,0.6134836945108871,0.19176583055729216,2.6397337494673208,2.36372862530057
0.6,1.0,1.0,0.9,0.0,0.2,0.8227210132893391,0.11388824946216204,-0.17728609501943854,2.410101899576806,2.0991837654111802
0.5,0.6,0.5,1.0,0.7,0.7,0.4207508655926173,0.5094702133251232,0.27733467177018745,2.4456485354990187,2.3209376327066353
0.7,0.8,0.1,0.0,0.8,0.2,0.679917359989335,0.3290637204334282,0.3070124646771155,2.417004967060298,2.2183613230567936
0.7,0.5,0.2,0.8,0.9,1.0,0.09844699162803464,0.776593066788116,0.754014102185606,3.2483338056252227,2.9747409210709517
0.6,1.0,0.7,0.5,0.1,0.5,1.1524675842479841,-0.12787630361559785,-0.39775289894445004,1.9446382111631704,1.6603935101640654
0.4,0.2,0.2,0.2,0.6,0.1,1.363142234650735,-0.46853769295665293,-0.2640814520391264,-0.04142395798129733,-0.3522043601478008
0.3,0.9,0.6,0.7,0.8,0.3,-0.028102873230736097,1.1340339764610268,1.1941272001648946,0.7504475771874661,0.37835396465148086
0.1,0.8,0.3,0.7,1.0,0.5,1.5132970658325324,-0.47518208071207585,-0.6414941109540162,1.060421443558944,0.8981182996498701
0.4,0.6,0.4,0.3,0.5,0.7,0.24867741446206898,0.9105217029316022,0.9492219084816081,0.818202127666135,0.6584545876105836
0.2,0.8,0.5,0.7,0.3,0.9,0.6045926100341712,0.3749672703478423,0.3041452978929696,2.7220422870961323,2.547508689846031
0.0,0.2,0.8,0.5,0.1,0.6,0.4985683671518357,0.6134277616488661,0.39250838327819143,0.9699696689664764,0.5440545516415793
0.8,0.1,0.3,0.7,0.0,0.2,0.3522768938351911,0.6251332604500862,0.5027242415430595,1.2965224572181377,0.9368938503821248
0.0,0.5,0.4,1.0,0.5,0.6,0.14474789801860205,0.6646006519942692,0.7385652177432056,0.2496244280605178,-0.12978170167169273
0.7,0.0,0.7,0.7,0.4,0.8,-0.19991247920612498,0.9796994303965003,1.0513721171845816,1.7166118704997442,1.3321461674424082
0.8,1.0,0.4,0.3,0.3,0.1,0.925764254263672,0.18488885149161421,-0.0170712485368663,2.5747829884072,2.368384778174944
0.9,0.6,0.2,0.4,0.6,0.9,1.388552593830841,-0.2914842170176938,-0.7164821677456319,2.3965102315032625,2.1867892880997566
0.9,0.9,0.2,0.5,0.8,0.8,0.6653526976720477,0.347334559999261,0.1699000073198601,3.060480276510129,2.810143322987419
0.5,0.0,0.4,0.8,0.2,0.9,0.2940433366710624,0.41001653572892693,0.4971855551979206,2.5628613853734623,2.403835400593889
0.5,0.0,0.9,0.4,0.3,0.7,0.33643021927745254,0.3909953788449239,0.32723693147433836,2.091007693537352,1.9074491737132133
1.0,1.0,0.2,0.2,1.0,0.0,2.062109822089487,-1.0394258377101613,-1.0048810386776654,2.8233201676232182,2.776205039476862
0.0,0.8,0.6,0.2,0.5,0.1,1.0838970632264984,0.17731453794624188,-0.21007875914640417,0.5461655180478009,0.12468277186203351
0.7,0.9,0.4,0.0,0.3,0.5,0.24913466105219273,0.5500280643099273,0.5065668675083487,2.896919740810462,2.5531159213914667
0.6,1.0,0.5,0.5,0.1,0.0,1.4492117317648123,-0.5408278668566381,-0.7194570551802939,2.0463960540930266,1.8008846361579771
0.7,0.3,0.3,0.1,0.4,0.8,0.5870316595326057,0.09998343468687274,0.1369280617374141,2.2935628442360914,2.046033277343609
0.5,0.8,0.6,0.7,0.5,0.0,1.32398222464087,-0.5416927351459536,-0.36707159118493327,1.1472047367772922,0.801049613212982
0.4,0.3,0.8,0.5,0.6,0.5,1.3070395569190132,-0.4651274405039859,-0.3090765110743272,-0.40609488133024,-0.6693291757189632
0.5,1.0,0.0,0.0,0.7,0.7,-0.3805842918986481,1.1927880224492604,1.0299627385377532,0.8689730796235986,0.504457577153705
0.8,0.2,1.0,0.1,0.7,0.6,0.2762440352166999,0.8039447740107101,0.7333746879283389,2.5505529666801907,2.215648953274102
0.0,0.0,0.6,0.5,0.5,1.0,0.6590567941245319,0.13299847056643016,0.26500575396382653,0.22517270285761487,0.09510629788672914
0.7,0.0,0.0,0.5,0.5,0.1,1.5308177492894572,-0.39072452222540943,-0.4903997623510869,0.02335789832076418,-0.14227227868380196
0.5,0.1,0.5,0.9,0.7,0.4,0.046490632325691256,1.0752527161329204,0.8363274643368909,1.5982530102345485,1.5506972185279182
0.7,0.2,0.0,0.3,0.8,0.2,-0.14583906825372803,1.352723326155114,1.0204728418550562,1.7906941579515916,1.3162139830947222
1.0,0.2,0.0,1.0,0.3,0.0,1.817763005815398,-0.6599633822989746,-0.8195555450874678,3.2327765488827573,3.139359276131304
0.7,0.3,0.7,0.1,0.5,0.5,0.851601900462057,0.182598033384627,0.10921355739660002,1.0438612904404858,0.9565400423596744
0.7,0.0,0.3,0.3,0.6,0.0,1.0106424663271103,-0.16074938700651695,-0.19057679189924573,-0.012502561861254757,-0.35963694514112443
0.1,0.7,0.6,0.8,1.0,0.7,1.31881146900045,-0.3359123301484837,-0.5370827915642696,2.370905449533716,2.0473037561957157
1.0,0.2,0.6,0.1,0.8,0.4,0.13179528287563308,0.8747295428179805,0.8313768172282157,2.6039178008351196,2.197724808984206
0.9,0.5,0.8,0.2,0.9,0.1,-0.30358345046897145,1.176677555931533,1.1833450974583577,2.081430486410103,1.850253966200175
0.3,0.1,1.0,0.3,0.8,0.8,-1.0433192381229552,2.197624183058201,1.7703635027940277,1.563596088705974,1.5184985557892405
0.7,0.9,0.4,0.7,0.1,0.3,0.4633514517410356,0.6312264103181736,0.3988906194305622,2.439065649342442,2.3853385581983377
0.0,0.0,0.3,0.8,0.3,0.1,1.2959072535893341,-0.19670260544285276,-0.26787838318488255,-0.49270155920339886,-0.5742343513339555
0.4,0.9,0.6,0.6,0.6,0.1,1.5196959289178458,-0.4226883746565613,-0.5219536565065386,-0.19721621620064228,-0.44226980102188507
0.1,0.8,0.7,0.0,0.6,0.6,0.592527878006086,0.4661828267508965,0.14064598974593065,0.01720356594795373,-0.3912381260640295
0.3,0.3,1.0,0.8,0.2,0.8,1.1423125934653318,-0.37078957922134703,-0.09724830631615108,2.1368941367455205,2.0512016804629227
0.1,0.3,0.4,0.4,0.3,0.3,1.3481015491469022,-0.3782219738338433,-0.5015597530280752,0.17476455652013523,0.05606945513843263
0.3,0.4,0.7,1.0,0.9,0.3,1.0699504211736963,-0.0419288441114853,-0.06225301323072236,0.6942968156368351,0.7474288855680518
0.2,0.1,0.2,0.3,0.9,1.0,0.0007570866404569832,1.2035677422647362,1.1953838449981788,2.1066072155531144,1.745023582953259
0.2,0.6,0.5,1.0,0.7,0.6,0.37801087887676976,0.43730437141495543,0.44371390302070973,1.368728277186157,1.1688467916260759
0.7,0.1,0.9,0.2,1.0,0.3,0.11251250852835773,0.767346822865963,0.6536313187982346,3.1632665155904873,2.9418095801094912
0.8,0.1,0.7,0.2,0.2,0.7,0.2275443715043993,0.6576325399413209,0.4687798938896742,3.2117874575666367,2.9768206202403977
0.8,0.0,0.3,0.9,1.0,1.0,1.3000812149152339,-0.3135171154902015,-0.42718648774422163,3.673634934687495,3.534495887870871
0.6,0.6,0.7,0.4,0.9,0.4,1.0002632297613845,0.2286918430130231,0.08184448214914809,1.7557079433645848,1.6776881046902703
0.3,0.8,0.7,0.9,0.2,0.8,1.4496228076712672,-0.42527741429146115,-0.4064894463058708,2.9273937003856867,2.778032033095846
0.9,0.1,0.2,0.5,0.3,0.1,2.158412729056303,-1.1434671823281484,-1.3814611260743952,2.2001366957398503,1.9265935747335292
0.6,0.1,0.8,0.5,0.9,0.3,0.1846059687816466,0.6637105930540691,0.6841067271989545,1.927910919975693,1.5693462694908802
0.3,0.7,0.6,0.4,0.5,0.5,1.6313017652881057,-0.5776494337988655,-0.7178248252901122,0.8243604858094356,0.543858009022206
0.2,0.3,0.8,0.5,0.9,0.3,1.1431401292721004,-0.17663076500395314,0.05119689251586673,0.4001103864543266,-0.17002450165277117
0.4,1.0,0.9,0.6,0.2,0.8,0.7811433683437519,0.22699841434827217,0.23920685532932706,2.2029090741044577,2.2952524886650307
1.0,0.5,0.5,0.8,0.9,0.9,-0.5154592031030462,1.5176294083013693,1.2690664505121843,3.717352582467164,3.591748279275022
0.8,0.7,0.1,0.9,0.6,0.8,1.598729715336543,-0.6270172861207887,-0.5915364078942095,3.4464332523027736,3.2580228029621985
0.7,0.8,0.5,0.7,0.0,0.8,-0.1416258886512732,1.18432266328466,0.6533406935402509,3.4785054520259258,3.366101510896995
1.0,1.0,0.8,0.3,1.0,0.2,1.0273809041343518,0.039013904250235334,0.049392673669872766,2.8684422500485294,2.726005755491195
0.5,0.7,0.7,0.6,0.0,0.3,1.4711843644522007,-0.5528168633221011,-0.5916395203568982,0.9613237212490262,0.917984869817119
0.2,0.9,0.4,1.0,0.5,1.0,0.2504546244954976,0.8427538141916628,0.6241006596301693,2.4684446611568323,2.057439978057497
0.9,0.1,0.9,0.1,0.0,0.4,-0.5163909523271069,1.5285767964162966,1.388293248501511,2.7784918904033598,2.446627257211821
0.4,1.0,0.0,0.2,0.3,0.0,1.0403137084144691,-0.012214512414339518,-0.0641728537430264,1.0250741875725584,0.9957835789196056
0.8,0.2,0.8,1.0,0.8,0.5,-0.07552623300454436,1.1177254163706103,0.9103330159869476,3.2070575261019383,3.1588344122346914
1.0,0.9,0.2,0.6,0.0,1.0,0.7723867970760417,0.39358213315868446,0.09582675337531942,3.5626348018777625,3.3518567944968276
0.4,0.6,0.5,1.0,1.0,0.7,1.3817201260344218,-0.3674542836232288,-0.38627776086001453,3.3068477854095617,3.1303510428607875
0.6,0.8,0.1,0.0,0.9,0.8,0.4330257000156003,0.7656437588389147,0.4525936108923472,3.6016093901246404,3.4785854430511556
0.4,0.4,0.5,0.4,0.1,1.0,0.5275456161495256,0.6562518043379626,0.48564744061722864,2.399451198787138,2.171711593034169
0.3,0.5,0.3,0.7,0.8,0.9,-0.7807541756626459,1.629645568822135,1.529491208612949,0.26015762212415516,0.12235596983567948
0.1,0.1,0.2,0.2,0.7,0.9,-0.3968419620182492,1.4144247571643143,1.1430263969378434,0.8583766264102124,0.5975012137548226
1.0,0.5,0.6,0.0,0.8,0.9,-0.6650955850009763,1.5653822735817167,1.544618135278511,2.6110714881027492,2.390960517142764
0.5,0.4,0.5,1.0,0.2,0.6,1.3841820627067685,-0.3720928580236449,-0.3183438576714091,3.0123731530500426,2.6431006491459406
0.5,0.6,0.6,0.1,0.2,0.3,1.6814790601432281,-0.6108368627791142,-0.8515103995563298,1.8714376644371185,1.7462455117197433
0.2,0.5,0.9,0.2,0.9,0.2,-0.47128777742022876,1.3831169542239365,1.1490036867298041,0.6704396113266251,0.41124762830079586
0.3,0.0,0.0,1.0,0.9,0.5,0.6324515977597904,0.375906483348812,0.1404737064955489,1.0011490604345348,0.8811958437736254
1.0,0.7,0.3,0.9,0.9,0.0,2.041145402208366,-1.1229478276038118,-1.1970684487060146,3.189542305296049,2.8886306042057432
1.0,0.5,0.4,0.1,0.0,0.0,0.3221508663915287,0.8340303684009484,0.75823585657309,1.4912918684384282,1.3049438464207497
0.0,0.4,0.9,0.4,0.0,0.8,-0.2325039168723232,1.1717604574223144,1.1445369033583033,0.9838681402310193,0.655969478123129
0.7,0.1,0.8,0.9,0.6,0.4,0.3140642577903078,0.8071533990800118,0.7344032119445609,1.685140306888081,1.5223768660243784
1.0,0.8,0.9,0.6,0.4,0.7,0.6980549219138825,0.40848248337081594,0.12333534426303697,3.6479526968580362,3.416155250499315
0.0,0.4,0.3,0.4,1.0,0.9,1.1910556709886624,-0.21551349561298339,-0.16110123416076863,0.6695405604462816,0.5155140935841792
0.9,0.6,0.1,0.3,0.2,0.8,1.2737929584923702,-0.08551792324587687,-0.12099743447995788,4.005128170131507,3.9633667661890377
0.5,0.0,0.6,0.7,0.8,0.2,0.06451613824169411,0.8814632130207696,0.7026082215159891,0.24090830305273886,0.08828475375530856
0.8,0.6,0.4,0.8,1.0,0.5,0.9768514239657885,0.0750325823079611,-0.07657111205586534,3.0055430274331827,2.9313497661227887
0.9,0.4,0.7,0.0,0.4,0.8,0.01807046463142012,0.9662358780753076,0.7807550679365833,1.9632074097156347,1.5425372766356664
0.1,0.1,0.7,0.9,0.8,0.7,-0.7394205635383271,1.7255890403692953,1.706467699010779,0.6716389836243786,0.5935921655807554
0.5,0.5,0.9,0.4,0.8,0.1,-0.11971973906729563,1.0907343369763434,1.0925911602412546,0.8081613184749981,0.754492880238713
0.7,0.1,0.9,0.5,0.1,0.3,0.5935272767332243,0.19685774073557716,0.2031065227445153,2.6577910290194646,2.3906157963989823
0.0,0.2,1.0,0.7,0.9,0.4,0.1593461979361438,0.7144651859690544,0.9054216791163842,0.9283789132384268,0.6772694469291589
0.9,0.1,0.2,0.3,0.6,0.8,0.47533359503454264,0.499580608313207,0.24935481197946824,2.3528486231112016,2.1705708073687826
0.5,0.6,0.1,0.0,0.0,0.1,0.7844039205177549,0.23448738042490266,0.15398374531520564,1.0158080269776475,0.7049265049366289
1.0,1.0,0.5,1.0,0.7,0.7,0.5932062583366859,0.49909702631616903,0.3560297576988086,3.6094450990357334,3.52997311670285
0.0,0.4,0.4,0.3,0.8,0.7,-0.8015649291927833,1.9061453964171895,1.7232897006428585,0.014991576393807243,-0.09681770474130076
0.7,0.4,0.2,0.2,0.2,0.4,1.6273543188561637,-0.8729809363084213,-0.7381826975036172,2.1049799901007713,2.0655538843490455
1.0,0.1,0.2,0.4,0.4,1.0,0.645691955724254,0.4520875692154016,0.04762392981636571,3.3728275460345687,3.2029928160808208
0.2,0.7,1.0,0.3,0.2,0.1,2.0838189297817133,-0.9221138053289059,-1.0691732464689179,1.7695510814453674,1.529558422177742
0.7,0.0,1.0,0.4,0.4,0.9,0.47228848526059014,0.5125689663598574,0.5431497619316481,2.5440077055100145,2.461013260405168
0.5,0.4,0.9,0.3,0.2,0.1,1.017292463790515,0.025757555016043713,-0.09304833190399775,1.7790971734254741,1.641229277994211
0.5,0.3,0.5,0.7,1.0,0.3,1.222107358041979,-0.4911910665813327,-0.46357544828174024,1.6569921979639157,1.6072723754351446
0.8,0.5,0.7,0.8,0.3,1.0,0.10410199010307576,0.9502836863274106,0.8535884640521271,3.270244923603824,3.0453178856782426
0.9,0.5,0.5,0.4,0.3,0.8,0.5685606475642601,0.5160029679969879,0.4373047589425526,3.258066094585983,2.980467298694068
0.9,0.8,0.0,0.4,0.2,0.5,1.6775356712548335,-0.689402135606032,-0.9437142579890244,3.591885578033398,3.3601174020462237
0.9,1.0,0.2,0.5,0.1,1.0,1.6203161364252152,-0.6731216791694943,-0.727929273308774,3.74979048272811,3.749918442582546
0.9,0.8,0.8,0.3,0.6,0.2,0.7473299915006675,0.27195957906532997,0.10552935428293285,2.0483561277261764,2.0738956080895385
0.5,0.8,0.2,0.5,0.0,0.7,1.6748084046149199,-0.6462774608089445,-0.747257686130884,2.1317190416706673,2.025571064733764
0.0,0.8,0.9,0.2,0.4,0.1,0.21748052015243635,0.47843536690221944,0.43534634795848365,1.2929678798598605,0.9258865939859877
0.0,0.1,0.9,0.9,0.4,0.1,0.07326993980023597,0.8397767743420155,0.7112762914249232,0.849323051208218,0.8148818223437775
0.8,0.8,0.9,0.2,0.1,0.6,0.345746363779567,0.7871412372705838,0.5618085378573664,4.54925099538997,4.300662381362173
0.2,0.5,0.3,0.1,0.7,0.9,-0.31344257660875846,1.214637500776871,1.0085605123496333,-0.20058184916521093,-0.45713614425018695
0.8,0.1,0.9,0.9,0.0,0.2,0.06898752228485872,1.0631040186931073,0.6176997738845382,3.0662231003526217,2.7598719609191233
0.0,0.0,0.1,0.9,0.5,0.4,0.9185940641674288,-0.039173976715323036,-0.1657974453432413,-0.31103325083097855,-0.3266320652921268
0.5,0.4,0.9,0.2,0.5,0.4,-0.02714556525729378,0.7792735167932134,0.6863430857204583,0.7800111610258179,0.6958920077573278
0.6,0.4,0.1,0.9,0.8,0.6,0.3044205263625231,0.8220896673321659,0.5242169602119382,2.0131681233725347,1.9084219144405647
0.6,0.7,0.6,0.0,0.4,0.3,1.3156485560606437,-0.35416150389376233,-0.41047083815071117,2.0688526354311447,1.9031353947426008
0.7,0.9,0.9,1.0,0.2,0.9,0.46135126248657077,0.38025443619545896,0.2396793236451236,5.5042172907541,5.135496216438351
0.6,0.0,0.2,0.6,0.8,0.7,0.4630917523507202,0.3673603203867972,0.33169290170088483,0.8807024406091629,0.836358696682396
0.1,0.1,0.0,0.1,0.4,0.1,0.1221964648166129,0.7891604251815074,0.8854583917615221,-0.1549693859534352,-0.44575616877820123
0.0,1.0,0.3,0.8,1.0,1.0,0.6277970195685036,0.25892166218121243,0.07113916992516833,1.8937358031453102,1.602761417445812
0.4,0.9,0.1,0.4,1.0,0.6,1.3642169731357048,-0.25819891605676093,-0.47431571135689155,2.4177719006437366,2.1680039508356743
0.4,0.2,0.7,0.4,1.0,0.2,1.448631228415309,-0.7049382494157047,-0.712285213118463,0.985811569330002,1.0443947635571766
0.5,0.9,0.2,0.9,0.6,0.5,1.3051895158906854,-0.18320772079768938,-0.41147139881732775,1.3803573478288256,1.1492980496060043
0.8,1.0,0.8,0.7,0.8,0.8,-0.9218491893658585,1.8792225567709717,1.7755024470629521,2.6781100409470184,2.530113547965401
0.0,0.1,0.9,0.9,0.7,0.8,-0.7442250771528136,1.7131900819674362,1.8326930044128755,1.2707015104804797,1.3031264487281131
1.0,0.5,0.2,0.8,0.8,1.0,-0.22242894944785718,1.0823064937386986,1.1407055786457014,3.1261696985436505,2.563616611435238
0.7,0.3,0.6,0.0,0.5,0.0,1.1948013962416024,-0.4702263123039232,-0.3935274494134044,0.858704404620534,0.5492347173500555
0.9,0.1,0.8,0.3,0.6,0.9,-0.5870132029231966,1.779111610368868,1.4020589237646917,2.6005352024233384,2.4581391813456466
0.4,0.0,0.3,0.3,0.5,0.6,0.5888987807545605,0.4452654470395321,0.4168931692997595,-0.35323580558246337,-0.34453843493975267
0.0,0.5,0.4,0.9,0.0,0.2,0.32966630793969287,0.6993842554913302,0.5768836054517664,-0.18815588703870628,-0.06936492041423728
1.0,0.4,0.5,0.1,0.0,0.7,0.07228786276719157,0.883783232588318,0.9158865547310695,2.6539033512904076,2.4249059734769394
0.6,0.3,0.8,0.1,0.2,0.6,0.702678162549281,0.12212222247121177,0.13148597078585628,2.6669944354713664,2.299702924925779
0.0,0.5,0.4,0.0,0.5,0.8,-0.7246917330702909,1.5200843216849365,1.569496069995769,-0.5585936521506676,-0.512922628119146
0.6,0.2,0.2,0.3,0.6,0.2,1.4314651446183906,-0.23525156509212386,-0.4704685719782338,0.9462895367468996,0.6125477423654282
0.2,0.7,0.8,1.0,0.6,0.0,1.5091778914926972,-0.6002667629200448,-0.8312977563977705,0.6850778835395546,0.5365137060752578
0.8,0.0,0.8,0.0,0.9,0.9,-0.8129733142566542,1.6683836805702035,1.5143489661074963,3.083943648254617,2.5847727298205996
0.4,0.7,0.7,0.7,0.0,0.3,0.9348466372444847,0.2362082669211522,-0.013091428493102408,0.8781846764062549,0.6878212996585351
0.2,1.0,0.4,0.5,0.5,0.2,1.3216430358477198,-0.3111388019505227,-0.3403935109376348,-0.708381968915046,-0.9693613923935094
0.4,0.8,0.0,0.0,0.1,1.0,0.23431475209157374,0.6221176960214937,0.473174202472917,3.0338887682981195,2.5681317971630357
0.4,0.9,1.0,0.1,1.0,0.3,1.057186108044249,-0.17752897622151995,-0.1467600682122555,2.1684438643017345,2.163189416653008
0.8,0.8,0.3,0.5,0.8,0.2,1.511738347951533,-0.5406262505703774,-0.5978470566936409,1.83324885938875,1.7350068235198919
0.3,0.8,1.0,0.0,0.5,0.8,0.5653029203040525,0.5085155595791123,0.3556102873514532,1.5642406226582009,1.3308892413474107
0.0,0.0,0.0,0.5,0.5,1.0,0.3745444855496256,0.5228296442515731,0.474940838616173,0.07041611006394788,-0.27610631645661354
0.9,0.7,0.7,0.8,0.0,0.7,0.4079104977355952,0.44579291239832947,0.14511687389221742,3.182778126540078,3.0240203065652884
0.2,0.4,0.1,1.0,0.6,0.7,1.0788004923612275,-0.047066156830962796,-0.32309333485273384,0.6488676250946448,0.32500992334285744
0.9,1.0,0.2,0.6,0.3,1.0,1.6022041189328144,-0.3266664029945133,-0.5252824684551868,3.584063974478498,3.2651214203514964
0.3,0.9,0.6,0.9,0.9,0.1,0.8875056119078537,0.08141277178690356,-0.1569315381127921,1.7205456316640306,1.5364484739356596
1.0,0.5,0.4,0.3,0.9,0.4,-0.08590463802958082,1.1317569567531898,0.9735332715145156,2.3768865910205315,2.094745778848001
0.1,0.9,0.0,0.1,0.0,0.0,0.10968961123134864,0.7124153460849193,0.5802956009539924,0.22672669554558783,0.01625430264327076
0.5,0.9,0.4,0.5,0.2,0.0,1.7085461167172717,-0.729435633568463,-0.9050087485577468,1.856418610546345,1.514483942779301
0.6,0.4,0.4,0.2,0.8,0.9,-0.9921087051642298,1.7386589874198661,1.7704948243834513,2.077248320647007,1.7851218019127018
0.6,0.7,0.7,0.6,0.6,0.0,2.017190746497033,-1.1048612093348011,-1.1813291536683395,0.6717847282453452,0.2916361094547112
0.7,0.5,1.0,0.8,1.0,0.9,0.419359005555826,0.933574146223725,0.4065658740163096,3.5508962549877525,3.288754578871645
0.9,0.8,0.0,0.8,0.7,1.0,0.3039146559099191,0.7977064199553362,0.896813015989286,3.63671106365069,3.390754520227272
0.4,0.0,0.0,0.7,0.5,0.0,0.5402196604282016,0.25283337496734687,0.17136234432146308,-0.9002953874752636,-1.185306592301744
0.7,0.2,0.2,0.0,0.6,0.6,1.0532650882542927,-0.07405400613005891,-0.045557632344454674,1.3656976781155656,1.0444092834873069
0.7,0.2,0.1,0.9,0.5,0.4,1.087659059220308,-0.009362691411214347,-0.2511592464223704,2.204715703328626,1.9361047119108064
0.3,0.9,0.7,0.5,0.5,0.4,1.0470598876931723,-0.008985271863759275,-0.2602166071617034,-0.3632329705838576,-0.4880501536687271
0.4,0.3,0.9,0.5,0.5,1.0,0.9644218958954123,0.10581463014597407,0.17302694680712805,1.6912697203615386,1.438404496027053
0.9,0.3,0.3,0.3,0.6,0.9,0.8931271722542494,-0.02910012529740491,-0.15278481890181755,1.9367032704667322,1.6609999306437815
0.2,1.0,0.6,0.7,0.4,0.6,0.25380243692315063,0.5508725268786231,0.5231908193115327,0.6633600674388945,0.39721702359036337
0.4,0.8,0.0,0.8,0.8,0.2,0.3015857353383966,0.909114754136573,0.4297683697110064,1.348520583379022,1.0141106040752823
0.6,0.3,0.6,1.0,0.2,0.4,2.197326597390211,-1.3622621521928096,-1.202160495644259,3.169532873666509,2.8729870041008985
0.2,0.5,0.0,0.5,0.4,0.8,0.42416051768673113,0.49998507448925344,0.6251384866050792,0.12087918410696782,-0.18123242176990745
0.5,0.9,0.1,0.7,0.0,0.6,0.04694288237109487,0.9287583802754008,1.0676625059899412,2.147011572095345,1.7907099417812027
0.2,0.2,0.6,0.0,0.2,0.5,0.7991414530397374,-0.0015971278450783721,-0.062292545940068035,1.3105941390230402,0.920802541247357
0.9,1.0,0.1,0.8,0.0,0.6,0.2467855334074442,0.5157825499438288,0.664741021879009,2.8225527983988217,2.587877588939971
0.9,0.6,0.5,0.3,0.3,0.6,0.5928165661353133,0.23966366811051887,0.28938050774153706,3.7327699335923024,3.325090109711086
0.1,0.4,0.6,0.2,0.6,0.2,0.8411257734961205,0.038104726488524664,0.09716257124225117,-1.001006570403251,-1.39600994094347
0.2,0.3,0.2,0.1,0.0,0.7,0.730188492671132,-0.05261287635620074,-0.0820380054086293,0.8089603405360397,0.40519927693209
0.1,0.4,0.7,1.0,0.1,0.1,1.278863082505128,-0.5495141028485251,-0.648236172324834,0.4639412071675816,0.08634943875086404
0.1,0.7,0.4,1.0,0.6,0.5,1.643046942036914,-0.512512435532722,-0.5616415734228071,0.9660072299223262,0.7842354851933978
0.8,0.5,1.0,0.5,0.8,0.8,0.28433738203676495,0.7179030595514792,0.672698033342302,2.4246376490038593,2.1243415694225662
0.5,0.1,0.2,0.0,0.8,0.7,-0.5280713300452873,1.2744085033582493,1.538870759687732,1.3933817209379697,1.1117388423405985
0.8,0.6,0.5,0.9,0.4,0.9,0.2811303242387421,0.6631031998009864,0.38151013473507744,4.133555891526366,3.9180187724879705
0.6,0.2,1.0,0.1,0.2,0.8,0.9360907311052415,0.2747438137596968,0.11062948670408751,3.662197848184451,3.3524538225921012
0.8,0.4,0.6,0.9,0.9,0.2,1.2460647635415265,0.0039079438164409674,-0.23451250856494166,2.455307456545416,2.2133362493717357
1.0,0.4,1.0,0.4,0.5,0.5,1.2843818144698906,-0.5432654152364809,-0.32091846059750584,1.4561058806444596,1.371798970069338
1.0,0.5,0.7,0.3,0.9,0.1,0.423740356386234,0.6515391313414696,0.652929029992553,1.7855341147231039,1.6441523541243488
0.0,0.7,0.0,0.6,0.7,0.1,1.411263769616713,-0.4012242534465935,-0.41288667177647187,-0.5221352854333339,-0.7736046656794752
0.6,0.8,0.2,0.2,0.5,0.5,1.1658955032682854,-0.18159370710212872,-0.3995716131664025,2.1946189759038397,1.8975776383694654
0.3,0.8,0.1,0.6,0.4,0.2,1.636770293260906,-0.7862377015089562,-0.9041666540383585,1.0337307230412605,0.5855246921511903
0.9,0.5,0.7,0.6,0.1,0.8,0.5657716923148607,0.5485404682074091,0.5074687379677338,2.2680305369798415,2.1268112172050437
0.1,0.8,0.0,0.0,0.3,0.9,0.2740229093412039,0.5723491746659548,0.5103762880086559,2.0371616272834387,1.9170719339428328
0.7,0.8,0.9,0.9,1.0,0.5,1.308275431673425,-0.2682666180164935,-0.26109256593769786,4.6504057290686225,4.316830223647404
0.6,0.4,0.6,0.7,0.1,0.4,0.755973873596355,0.07789610632680674,-0.08710940516918093,1.4364330737374658,1.321719804119833
0.4,1.0,0.1,0.3,0.0,0.1,0.6597001846088729,0.41980032294974684,0.1614858842621425,0.9538414286988246,0.8071508897306783
0.5,1.0,0.3,0.8,0.9,0.0,0.9316534900076433,0.1770250401692743,0.29786408509298806,1.2302746509480338,0.971006632608794
0.5,0.7,0.2,0.4,0.8,0.1,1.70631572143926,-0.7109597431714261,-0.8512346689954198,1.2927173595292327,1.143254327020872
1.0,0.2,0.6,0.6,0.5,0.2,1.375608212587483,-0.5139299691908216,-0.7348923091255543,1.4513312895572552,1.1521006493999826
0.4,0.7,0.6,0.1,0.2,0.2,2.323574504090016,-1.1094191772322008,-1.1692123766224636,2.2333459046145068,1.9025443756557332
0.9,0.5,0.2,1.0,0.7,0.7,0.8839506506810668,-0.18818954439372232,-0.2123925795262459,2.4643692719937826,2.2559439379563146
0.7,0.9,0.2,0.4,0.0,0.3,1.1243664821262442,-0.3677880781558818,-0.06108018860130471,2.232603474350216,2.181727067758077
0.6,0.1,0.1,0.9,0.9,0.7,0.05151974025171928,1.0648621200150794,1.0423073790086392,3.3800638719006786,3.2213737106417364
0.7,1.0,1.0,0.3,0.3,0.8,0.43359269618562124,0.3134498127646646,0.33026571860571313,3.7961476069532134,3.5624778304549123
0.8,0.8,0.2,0.5,0.1,0.4,2.449880936957659,-1.6149566239164745,-1.467036879108836,3.108313366991253,2.7791667658208126
0.6,0.1,0.8,0.1,0.3,0.8,-0.1280269136330502,1.2434100586659393,1.3813695399561126,3.037010648584085,2.6149504220592688
0.3,0.9,0.4,0.8,0.4,1.0,-0.7056433941720757,1.651085380930096,1.4647628039204001,2.129829465645757,2.0845410806402334
0.4,0.9,0.7,0.9,0.8,0.1,0.3253789608265684,0.6456515378851412,0.688873578281657,1.114118110355971,1.0392714830480119
0.5,0.5,0.6,0.2,0.1,0.6,0.3950782689083767,0.8031203864586618,0.7640068327994611,1.9523625406347633,1.725000056063238
0.8,0.4,0.1,0.7,0.0,1.0,0.25817085812866747,0.8724920128683373,0.7952904608081606,2.7480855894871175,2.8482576262328108
0.1,0.9,0.5,0.5,0.7,0.8,0.2766516913007244,0.8692490883537811,0.5435578983868096,0.8135625680698179,0.7922817552712358
0.3,0.4,0.9,0.8,0.1,0.8,-0.11271705654406047,1.0287258756313935,0.9573048075886337,1.550293101578705,1.4957127300852717
0.0,0.2,0.8,0.5,0.0,0.6,-0.029680133253319044,0.9522506782932947,0.912693803940362,0.3027017739381247,0.20683158410669514
0.7,0.7,1.0,0.4,0.1,0.7,1.549673044512742,-0.6592970967796118,-0.6499724744064561,3.9465198527177954,3.6492191455096856
0.2,1.0,0.8,0.8,0.5,0.3,0.023705385592156708,0.8091687230270833,0.6891328908766728,-0.10084927382951787,-0.3285228369814354
0.2,1.0,0.3,0.0,0.7,0.8,0.011852235349524495,0.9897384757913105,0.8316297741550941,-0.17356565472099306,-0.33209159359279644
1.0,0.8,1.0,0.6,1.0,0.9,1.7976787297407648,-0.7409618514733678,-0.93786033487565,4.6651432281422585,4.372352035984879
0.3,0.9,0.7,0.1,0.4,1.0,-0.2604820887744153,1.2012937094270542,1.1254192311694438,1.8542076990049527,1.7547506480078146
0.4,0.2,0.3,1.0,0.7,0.5,1.1549317628535012,0.007023516379312433,0.06429121284086806,0.8890860963041108,0.7929311327493963
0.6,0.3,0.1,0.9,0.0,0.6,1.1633222883811314,0.03723811224552864,-0.06890535050886092,2.5239269545730574,2.0736867481855197
0.0,0.3,0.2,1.0,0.3,0.2,2.497719908109117,-1.3724760937714278,-1.5530946837213107,1.0466743604811188,1.1234498891461562
1.0,0.3,0.8,0.8,0.1,0.0,0.8544400372943408,0.01650391031215445,-0.07302033995172169,2.545649403115564,2.1167616452073976
0.7,0.6,0.9,0.5,0.2,0.7,1.3993144355365055,-0.49687451221084544,-0.3642388628610266,3.5640026283650474,3.1987892038504024
0.9,0.0,0.8,0.7,0.8,0.5,-0.9024761672784607,1.5761454969445392,1.5791596890038981,1.4653697549752729,1.3731314809723032
0.9,0.8,0.0,0.7,0.8,0.5,0.036958666800894074,0.9614795931212133,0.7454335544119784,2.7824924175677492,2.3497761872453236
0.8,0.4,0.9,0.1,0.9,0.3,0.18079304159718532,0.9081121355209485,0.6728201920871216,2.6476041419304948,2.1934440748115165
0.0,0.8,0.7,0.5,1.0,0.7,1.8267095046411845,-0.5564426942640122,-0.5771378641782263,1.7430516747070066,1.4058692574493155
0.6,0.7,0.2,1.0,0.5,0.3,2.4142070212188775,-1.4429641971835245,-1.5697021833366935,2.573241492229879,2.195462420211436
0.1,0.6,0.4,0.1,0.4,0.6,0.02994332476626546,0.9751111207002019,0.8378061894108686,0.5700161007062855,0.37700260896691196
0.5,0.9,0.1,0.0,0.2,0.5,1.0606048597149917,-0.06677712414607198,-0.09755164850600359,2.567681227620527,2.3541689655682885
0.8,0.7,0.8,0.3,0.4,0.6,0.4338684893306535,0.6550963416003107,0.4733434281490844,3.2068677592542616,2.944090798362358
0.9,0.0,0.6,0.0,0.7,0.4,0.4444274147179986,0.6152015946354545,0.39217714404247467,0.8970319035740879,0.6586084728030032
0.9,0.6,0.5,0.9,0.8,0.4,0.2660032566380754,0.563219221773034,0.5855636579915084,3.1995208539229636,2.9525543732451998
0.1,0.5,0.1,0.7,0.1,0.1,0.700499294407963,0.40677620152816024,0.22736210515028096,-0.11745114626703024,-0.25354448954142517
0.7,0.8,0.4,0.0,0.8,0.9,-0.6268247599959558,1.6056302838948024,1.3304485319448673,3.5425874652031504,3.1238520013227826
0.8,0.0,0.2,0.7,0.2,1.0,1.2478717166558297,-0.08309533511911213,-0.14337383883647786,3.4359869734957966,3.0947063222529456
0.4,0.6,0.2,0.9,1.0,0.4,2.256493549922004,-1.2756802304944395,-1.3257968526986101,1.7424371399340246,1.7692446623688125
1.0,0.1,0.8,0.1,0.5,0.7,-0.3979756502118408,1.4783165961734093,1.3245703040131942,2.1833278387400257,1.95463224009039
1.0,0.6,0.4,0.1,0.7,0.2,0.738310658680819,0.39958609586378235,0.3972426364820912,1.5618853322336959,1.3309956390075786
0.1,0.6,0.7,0.6,0.7,0.8,0.4365357640526288,0.8310096072793282,0.5575775097558994,0.02195842474249657,-0.12985802321952167
0.4,0.1,0.8,0.2,1.0,0.0,0.2563472874437509,0.5414921145644375,0.5932935029501182,1.536672276844794,1.212065776979398
0.3,0.2,0.2,0.6,0.1,0.5,1.7837418953665254,-0.7148638973932422,-0.6911036465392008,0.8594034368041383,0.4658823834464541
0.3,0.7,0.0,0.8,0.0,1.0,0.14661312902594978,0.7930508883535877,0.5619590687487442,2.4332817257219665,2.155110034321229
0.6,0.1,0.0,1.0,0.3,0.9,0.42589113427685055,0.7945887829627164,0.47040772777915485,4.0065517102045245,3.7723060014080514
0.5,1.0,0.5,0.2,0.1,0.7,0.15286042788217813,0.7124393608643913,0.6120382883181875,2.908406113916968,2.638759064044561
0.2,0.1,0.9,0.4,0.9,0.3,-0.22589801357195374,1.041859523733307,1.0605555805402758,1.0791802750935624,0.793828558654335
1.0,0.7,0.2,0.5,0.8,1.0,1.3483312531476848,-0.5198677523809304,-0.5209282222243127,3.866726349227034,3.5453824939801204
0.7,0.8,1.0,0.3,0.3,0.9,0.7978332302565073,0.19889683226583202,0.0537914489987138,4.800866174989045,4.565433444947916
0.6,0.3,0.8,0.1,0.3,0.3,0.9452590345966495,-0.02007077498869614,0.09295813734208108,1.8675153610102235,1.6860430291610342
0.6,0.4,0.3,0.4,0.2,0.2,2.134112037046909,-1.105980006896355,-1.2351185549572294,0.9684642358403022,0.9251052258276142
0.9,0.2,0.4,0.5,1.0,0.2,1.7739426607006599,-0.9562105266896647,-0.8779356597505287,2.333386871111046,2.2772512479061513
0.7,1.0,1.0,0.7,0.6,0.7,0.4732248120394106,0.5063657675137965,0.3106259776963513,1.757906606176103,1.6541314702995409
0.4,0.3,0.0,0.2,0.9,0.6,0.21604646690829185,0.685210392397987,0.6218714881609188,1.2648684892457174,0.9647628898753788
0.2,0.9,0.9,0.9,0.1,0.7,-0.061705307728065095,0.8827532104116772,0.8125513663417342,2.671412738021586,2.4964742340857553
0.3,0.8,0.0,0.4,1.0,1.0,0.9970683991214002,-0.3177137545032594,-0.38422235855208603,3.0831870983540655,2.8726579406982684
0.3,0.2,0.5,0.2,0.2,0.1,0.9923036009609768,0.07652673718016341,-0.10343375776108579,1.626560694877022,1.3686798786044736
0.0,0.0,0.5,0.2,0.5,0.9,-0.35032724106554225,1.5266657041591707,1.204868929003835,0.6308848548942669,0.4999314441675741
0.9,0.1,0.7,0.7,0.2,0.8,0.2257956977241023,0.8477976725483156,0.7340635238112885,3.380778069662192,2.906074711232482
0.8,0.3,0.2,0.6,0.5,0.3,2.2877632624506354,-1.312204335983304,-1.2997714480764881,0.8798491928113146,0.5577385733314117
0.7,0.0,0.1,0.3,0.2,0.0,1.4829179627649727,-0.6112680225096452,-0.6596090926534436,2.058846724636782,2.041515568634421
0.0,0.5,0.4,0.8,0.5,0.8,-0.598875726999604,1.6075430559679178,1.4658645502238707,0.1342015191983612,-0.28198329314552545
0.0,0.9,0.7,0.6,0.2,0.7,0.7277334596609036,0.2978410123651813,0.1516295364098999,1.1112069413920596,0.999671141189147
0.5,1.0,0.3,0.5,0.2,0.4,2.168774509699591,-1.2200071507782644,-1.4689320518614402,1.4257781845014872,1.1584256729219138
0.0,0.7,0.0,0.3,0.5,0.1,1.2672467563628953,-0.3003778028553886,-0.23083374722665115,-0.10102947936361653,-0.2484799997612921
0.7,0.0,0.4,0.8,0.3,0.3,0.8350451818985536,0.06726691785831093,0.24611963147480154,1.9528333187491602,1.6849904041049393
0.7,0.8,0.9,1.0,0.5,0.4,1.3239812746124129,-0.11784481748071961,-0.3622457231042744,3.6744437896504216,3.4227225092620155
0.9,0.4,0.5,0.4,0.2,0.3,1.871381468637795,-0.6372078885705913,-0.8243149845108934,2.5191954219633965,2.4712219244603997
1.0,0.7,1.0,0.9,0.3,0.3,2.4317280540701582,-1.1862914621648082,-1.346857577001995,4.0879323531281795,3.794292206385968
0.1,0.7,0.6,0.1,0.8,0.3,0.8600607003366734,0.30926650732425987,0.34537010939733737,1.084451439660029,0.5966851868660988
0.6,0.8,0.2,1.0,1.0,0.4,2.6186613779383503,-1.7625331703494798,-1.5750673731679847,4.002545097109368,3.7466681756199556
0.2,0.6,0.8,0.9,0.9,0.4,0.3120377923217593,0.7098389234121478,0.41584074740195476,1.3892663053351382,1.0697428489550487
0.2,0.7,0.9,0.0,0.4,0.4,0.5063592500363501,0.4541273186167665,0.20937223090673196,1.1200772520351985,0.9097312849265101
0.2,0.6,0.4,0.8,0.0,0.4,0.16833818286173718,0.8274290075593844,0.7879232289745515,0.29295644324998216,0.2947653327588542
0.1,0.6,0.7,0.6,0.9,0.4,0.7181812538410917,0.33028953532455263,0.026947950301796364,-0.013972493339746456,-0.18403725909569568
1.0,0.1,0.4,0.8,0.9,1.0,-0.7971622637099661,1.8502038883465053,1.7302114935628108,3.847813330350555,3.9914886751038146
0.5,0.2,1.0,0.0,0.6,0.6,0.5299338857615258,0.34328848819496016,0.457067003576165,1.057150295192982,0.788141907714295
0.2,0.2,0.6,0.1,0.7,0.5,0.21277756856194324,0.7302395524818274,0.752017262745194,0.06282303919564068,-0.1562395786241298
0.9,1.0,0.8,1.0,0.8,0.3,0.08258578181092818,0.9175118633902117,0.7467826820500583,2.9997580870720557,2.7666315399805477
0.4,0.7,0.4,0.5,0.2,0.6,2.1316372609419503,-1.0484042103003521,-1.4227243435641426,2.0414789998389766,1.6748664257024801
1.0,0.8,1.0,0.5,0.9,0.6,1.5201753508796183,-0.40463979286212426,-0.4709738223287824,3.9267964566123874,3.71519988886412
1.0,0.9,0.5,0.3,0.4,0.5,-0.05624928620015687,0.8492160894445373,0.8436174806031068,3.317799737685192,3.0477606094961924
0.2,1.0,0.7,0.6,0.2,0.9,1.085848496162583,0.10966861765502614,-0.10854624013521447,1.4788842361835548,1.1990887877941854
0.3,0.8,0.8,0.3,0.0,0.8,-0.4256281452276954,1.4072115845248268,1.2981396679436752,2.116192703929921,2.107117426056169
0.9,0.6,0.7,0.4,1.0,1.0,1.0402558300076346,-0.23198933698797383,-0.2999532669163415,4.024556303021229,3.789458421089913
0.0,0.1,0.6,0.2,0.4,0.9,-0.6752603582534606,1.6566509958866027,1.3623639394572784,1.4774934834703966,1.3372812025367233
0.4,0.0,0.2,0.0,0.9,0.3,0.9813766330516542,0.13866389020299394,0.1333860360068928,0.38017807012765514,0.18136072617213223
0.5,1.0,0.6,0.4,0.7,0.9,0.25424559264118474,0.552177694083952,0.5318003666221106,1.7942662526412632,1.6732076119694148
0.9,0.5,0.6,0.7,0.7,0.4,0.36484434280224154,0.7160116225137715,0.5769271576979088,0.8850237562013716,1.0596278516181077
0.0,0.4,0.7,0.9,0.6,1.0,0.485323651249935,0.47526651246932483,0.5488774658738114,0.4764332911270965,0.10914411974311261
0.3,0.7,0.3,0.8,0.3,0.9,1.2474272345614894,-0.1371384857487261,-0.44531322593847217,2.266175441755092,2.3116619989250995
0.4,0.9,0.8,0.8,0.1,0.2,0.10268109036706208,0.8024706535407246,0.6923436347500184,1.703771107248708,1.4728140176298095
1.0,0.5,0.5,0.8,0.7,1.0,-0.680294570124497,1.6758251633381145,1.3855041965345711,3.169613273974979,2.625166840073708
0.5,0.5,0.6,0.6,0.1,0.8,0.5182017686515741,0.35177129287733383,0.3624242549979535,1.7060159467536409,1.666666924048986
0.7,1.0,0.5,1.0,0.5,0.9,0.7045315426088252,0.5059832080469264,0.4274184980522671,3.8557306971395735,3.524931444211413
0.5,0.1,0.9,0.2,0.2,0.8,-0.33600617798342847,1.389223385211502,1.2349101123558197,3.3535986818883425,3.207833222437007
1.0,0.0,0.1,0.2,0.1,0.5,0.8985429711015871,0.2751813537536381,0.04867001553793697,2.719676492032861,2.7550879981831917
0.7,0.1,0.5,0.2,0.9,1.0,-1.1658470929186127,1.9082293012801514,2.0340340649570483,4.25938530626854,4.16483085800125
0.8,0.9,0.7,0.9,0.6,0.4,1.1607157209031722,0.013309388279354503,-0.022555500386842873,1.939999632856204,1.7918217937196157
0.0,0.9,0.6,0.1,0.5,0.3,0.3450050439201272,0.5070894728849966,0.4257224333752503,0.17747453614846212,-0.23356796976962307
0.3,0.9,0.1,0.4,0.2,0.6,1.4317903488362957,-0.4021442679858682,-0.5918773626038236,2.1577764889156916,1.9054496682083366
1.0,0.5,0.5,0.2,0.0,0.6,-0.1116266837055665,1.4086999057239915,1.3040521825902383,2.672470972337908,2.3716551201556726
0.6,0.9,0.9,0.4,0.1,0.0,0.7325560368122368,0.20395963658853758,0.04830245468404379,2.6714983548075937,2.630020133337356
0.5,0.1,0.7,0.3,0.3,0.4,0.43705601930184695,0.6647648565931296,0.4669553239386639,1.6513125097358772,1.5236175402201861
0.5,0.3,0.8,0.9,1.0,0.1,1.568835903830362,-0.8358841046555165,-0.7139081911996267,1.9221462037529644,1.796836526209218
0.8,0.9,0.6,0.1,0.3,0.0,1.2087721196737498,-0.06765163972599583,-0.5629799718152386,2.932545931271777,2.739517654883401
0.3,0.6,0.4,0.8,0.7,0.0,0.4503668229304267,0.5288745772363732,0.6417023339222847,-0.20953515572816778,-0.5228472107343552
0.5,0.2,0.6,0.5,0.6,0.1,1.8979332578255783,-1.0269089018600976,-0.9114924851356453,0.06053429307397595,-0.09749616376450179
0.4,0.5,0.6,0.8,0.3,0.1,0.9903217033209631,-0.1619354087426652,0.07800422710295898,0.6714813695390847,0.4349030393990483
0.0,0.1,0.9,0.1,0.6,0.6,-0.5402400366943514,1.4830487901627623,1.4613164115544324,0.3782922959961134,0.14696428268112358
0.7,0.5,0.3,0.1,0.1,0.0,0.8921763152760962,0.05821062396388635,0.11690149624753482,1.37828252257484,1.1281107243119899
0.8,0.3,0.1,0.5,1.0,0.0,2.6272819312769777,-1.6608399911895073,-1.8796974739064363,2.1093407986931525,1.9662009203982498
0.2,0.1,0.4,0.4,0.1,0.0,0.6417934356335178,0.5262536284344084,0.33731047630643496,0.49474255107900217,0.22204310479536263
0.0,0.2,0.4,0.8,0.1,0.6,-0.08142817918093938,1.0146270297773776,1.1074614878172728,1.0598212748253082,0.8496208013619649
0.3,0.2,0.2,0.8,0.7,0.6,0.531227480793786,0.3573741643317838,0.22278659796584754,0.30155084679386446,0.009361810440885493
0.9,0.9,0.8,0.8,0.8,0.6,-0.9834344646612552,1.9168088222237643,1.880501444179515,3.006459054394587,2.798777469543362
0.0,0.6,0.9,0.9,0.8,0.1,0.2358333182639222,0.977896733503862,0.9143623201623626,0.8169715653937909,0.8187480265365802
0.2,0.5,0.1,0.9,0.1,0.8,0.5890440479862527,0.40428663922775426,0.5336540445334202,1.89377594589631,1.5381571932551796
0.5,0.8,0.8,0.1,0.7,0.5,0.073656773150945,1.0423826125646052,0.8693803749914462,1.7379740272830606,1.3101075511678484
0.6,0.8,0.8,0.7,0.5,0.2,0.5051445601367542,0.5235904997667304,0.37645596101061984,1.5296282491555528,1.1651688429461027
0.4,0.8,0.8,0.9,0.2,0.8,0.9576168813449386,-0.10345071073707054,0.12467319454930792,3.5106078763290443,3.404731650941115
0.5,0.6,0.0,0.5,0.6,0.5,1.5777087896206732,-0.3276629548728083,-0.39753483669871226,0.0743312079930204,0.0034966291154842344
0.4,0.6,0.1,0.0,0.8,0.9,-0.4042050749393046,1.2481480126783597,1.2719965098502661,1.7655916122660331,1.5665535805667825
0.5,0.0,0.2,0.9,0.9,1.0,0.6184227803998533,0.4324376268763639,0.02702106347808858,2.5642728249008497,2.617358427883689
0.6,0.3,0.8,0.8,0.5,0.4,0.31669925084941053,0.5252415824819316,0.6030984463655736,1.054707347597332,0.6603561066463884
0.1,0.9,0.4,1.0,0.7,1.0,-0.08685154392356437,1.1622038833480408,1.0583290394835803,2.19863273825009,2.191407597634833
0.1,0.7,0.8,0.6,0.7,1.0,0.06008517721716483,0.7011690941981032,0.6372639337345164,1.347987233890196,0.9083783504120516
0.5,0.9,0.9,0.2,0.6,1.0,-0.44267765420522,1.5920443468322856,1.3833789418926283,2.9472951501076055,2.5108338751004524
0.7,0.1,0.8,0.4,0.9,0.0,-0.039823526995503,0.9064784051425626,0.811635950119344,2.0650298320188853,1.8681792122226217
0.3,0.8,0.5,0.9,0.8,0.9,-0.06191362848726902,0.9928334488517815,0.887339027425643,3.0277407847055606,2.68262992800325
0.0,0.8,0.3,0.5,0.7,0.2,1.736299048102419,-0.7255256846738182,-0.8063081020455694,-0.5309338655322864,-0.5911970720202029
0.6,0.2,0.9,0.8,0.3,0.0,0.5902330794535318,0.43491620806088066,0.15687334854504353,2.390909169399987,2.2935489251308314
0.6,0.4,0.5,0.7,0.8,0.9,-0.5755466348974582,1.515939773991433,1.762606206489976,2.2468711861255604,2.063242786593168
0.3,1.0,0.6,0.8,0.6,0.4,0.9382079129653451,0.2617032460932462,0.008352923203690465,0.03366882352500074,-0.15440236936066548
0.4,0.4,0.3,0.4,0.4,0.7,0.8141793532312904,0.06980269685647958,-0.1557284671174642,0.21801682253876808,-0.07699225569964893
0.3,0.9,0.2,0.7,0.6,1.0,0.5807822752552195,0.399678494576472,0.3221282575371056,1.1060942594929053,1.1004996080216123
0.4,0.2,0.8,0.8,1.0,0.6,0.29614822421984893,0.7761463704003736,0.6315460665362973,1.9304772623683781,2.0194775632889392
0.8,0.8,0.2,0.8,0.2,0.4,2.1981691358199336,-1.0520982613608838,-1.4430162707037546,3.736692547563751,3.387358241116123
0.2,0.9,0.2,0.9,0.8,0.1,0.8745448122051783,0.16841331442712087,0.09603555225497676,0.9491982657551185,0.6338944377032554
0.9,0.6,0.0,0.9,0.0,0.9,0.32644735935404895,0.5518546618570466,0.7481672118310143,3.751826299123881,3.531304522391546
0.0,0.2,0.3,0.9,0.3,0.3,1.4217228457082867,-0.6536590000682498,-0.6170676915181103,0.5381638975152129,0.5720543435700332
0.9,0.0,0.4,0.2,0.3,0.9,0.13221701298119395,0.7129297485602696,0.7853459480775135,3.238311821256238,3.1970519859180038
0.8,0.9,0.6,0.4,0.7,0.3,0.7946329381833923,0.15161338508326472,-0.025044158863326338,2.0391433247593755,1.5958506740788017
0.4,0.6,0.8,0.2,0.0,0.1,0.19497396112702028,0.7452956982878647,0.6761084037114373,0.7761374848118953,0.6910909253410416
0.6,0.9,0.2,0.2,0.8,0.0,0.3177304798552225,0.5281013328179396,0.6635905610264284,1.72080316580726,1.565531371306806
0.5,0.2,1.0,0.2,0.7,0.7,-0.13816683692644863,0.9562809186119576,0.9557786670298618,1.9394928377069751,1.680800434138335
0.5,0.7,0.9,0.2,0.4,0.1,0.9550242270679745,0.1868337638614675,-0.06912343515113578,2.1699506211302717,2.0530615555017473
0.6,0.1,0.6,0.9,0.7,0.7,-0.13348372962000618,0.9426191086055834,0.7518216218728139,2.0445804563255368,1.9057098938170278
0.7,0.9,0.9,0.4,0.8,0.3,-0.05586788493623018,1.2417864475806757,1.017501704841968,2.5183174690523122,2.5095572964551747
0.3,0.5,0.5,1.0,0.6,0.6,0.6610789197479502,0.48252065347251816,0.386168205106178,0.7976680217046358,0.5781034738049106
0.9,0.6,0.8,1.0,0.5,0.2,1.0793673952498448,-0.04609063783531778,-0.4081488036015821,2.356116472573038,2.3425930116134714
0.9,0.0,0.9,0.8,0.4,1.0,-0.3405657224686978,1.505163257836581,1.3550181573490678,3.594895607822425,3.4878920101263096
0.1,0.2,0.2,0.6,0.0,0.6,0.8381294520800966,-0.10408840632113497,-0.030285248591705942,0.3211098751685526,-0.04267209722936495
0.9,0.9,0.3,0.9,0.2,0.6,1.4513776530108087,-0.5005967822534999,-0.5792447416407416,3.6037709018002726,3.6685774847003487
0.6,0.9,0.8,0.5,0.7,0.4,0.42756706507161063,0.7317926042730172,0.5632745447583286,1.2099371572817466,0.9545878179542356
0.7,0.7,0.1,0.8,0.9,0.4,1.2260067958709215,-0.17046797581468243,-0.26604303796258866,3.294473799089281,3.0140597355241647
0.8,0.1,0.1,0.5,0.7,0.2,0.8952435295283019,-0.05811541314604112,-0.04970782587054365,1.3502628388348847,1.0343118416342527
0.2,0.6,0.8,0.2,0.4,0.5,-0.16968660702687247,1.0833647498203043,1.0299474505517296,0.5855441582984626,0.42414375929008324
0.1,1.0,0.8,0.2,0.8,0.2,-0.6006938542967107,1.7186734479809287,1.4896105040301642,0.25591189687025856,-0.06661761232752582
1.0,0.9,0.5,0.6,0.5,0.3,0.886423494396362,-0.018748583817600493,-0.10789445728184427,2.0238538558187056,1.9824616819860894
0.6,0.6,0.7,1.0,0.1,1.0,0.7292757650811867,0.19204729539438242,0.051789288649729,4.2115047846931635,3.859247140621448
0.2,0.8,0.9,0.6,0.8,0.2,0.4235358733918168,0.56598066472303,0.4988673301409079,1.0000812379181565,0.746670818517593
0.3,0.2,0.3,0.8,1.0,1.0,0.7511377689535266,0.07572914409352952,0.05926063107436899,2.3814501316269396,2.0308953028369774
0.0,0.3,0.6,0.5,0.8,1.0,0.3929361878214484,0.5970060594151448,0.21613993531308018,0.9094320540937086,0.833669919098469
0.9,0.2,0.0,1.0,0.7,0.5,0.5578066548287163,0.24636958308515564,0.1749953430637048,2.665042392526038,2.391026334508808
0.6,1.0,0.7,0.9,0.0,0.8,0.3410357069879577,0.7586920446880445,0.7454519025621981,2.675042310031185,2.535966702343559
0.9,0.0,0.6,0.7,0.4,0.5,0.5791532434929719,0.5377395859056762,0.40844864937832415,1.39076094247682,1.3233670468682515
0.8,0.1,0.1,0.8,0.8,0.4,-0.09569554153011056,1.2962107686838784,1.2477309885667076,2.404551398237678,2.1596248623840766
0.3,0.6,0.9,0.2,0.5,0.7,-0.3214275659637196,1.0391612386181064,1.0558780405989743,1.1916354435626417,0.9485509505090558
0.9,0.9,0.9,0.1,0.1,1.0,-0.4226717001854896,1.123761243757332,1.194667574454351,5.022298785763522,4.878404640058202
0.7,0.3,0.4,0.7,0.3,0.9,0.3880654182019747,0.4985220937588234,0.3201344662821844,3.012006475632692,2.808363568519671
0.3,0.3,0.2,1.0,0.5,0.4,2.060364274028138,-1.1010927742920746,-1.2362584046197975,0.41568185396374724,0.24320480947921097
0.9,0.9,0.2,0.9,0.4,0.0,1.6190539814467009,-0.5270789590521396,-0.6612812321289899,2.827467815215933,2.5780894063478126
0.7,1.0,0.1,0.8,0.5,0.2,0.7504636818147773,-0.024375017437714197,-0.18462476164192287,1.7406605017461123,1.403678321537364
0.8,0.5,0.5,0.5,0.1,1.0,0.46523089932791883,0.40043069012777643,0.3629391474386118,3.6959695412222597,3.481765758920103
0.0,0.4,0.3,0.4,0.3,1.0,0.9522714930660396,-0.046376247437498394,-0.08369105773778822,1.0474057073637804,0.9651197563525651
0.8,1.0,0.2,0.9,0.8,0.6,0.7305355065742338,0.33733262062196145,0.34189792534844793,2.7318048481261337,2.842978839914257
0.7,0.2,0.3,0.6,0.1,0.9,1.0742783283910398,0.08305533019487177,0.2821668233835308,2.9889971183328554,2.741234613633747
0.1,0.4,0.7,0.9,0.7,0.5,0.2302410578558861,0.3178694258252463,0.3036545269398875,-0.3562331121130422,-0.8108028226816917
0.0,0.2,0.1,0.2,0.3,0.4,0.8291752743386797,0.12853399546321553,-0.011625292844725521,1.340985723319721,1.0957485274660939
0.9,0.6,0.8,0.1,0.5,0.1,0.5685185820894224,0.3641911766730907,0.3560563726537973,1.3794124582608334,1.4636217369721585
0.3,0.0,0.9,0.0,0.5,0.4,0.23555194109386693,0.8882550556171359,0.6650485278267702,-0.24319811274409817,-0.5226551090708188
0.8,0.3,0.0,0.8,0.7,0.5,0.5848588981381889,0.5629800271559222,0.43828957373869415,1.398090236239236,1.3054201703298667
0.6,0.7,0.7,0.7,0.6,0.2,1.518783003837098,-0.6789020957963334,-0.5260469954018682,0.846059186281966,0.5920053780610428
0.8,0.9,0.6,0.0,0.0,0.8,-0.26296556577998376,1.2158229593806276,1.1699602630941606,3.210654864317811,3.1112549217795
0.9,0.1,0.9,1.0,0.7,1.0,-0.4523351841409144,1.4775351620834005,1.123287644744216,4.303416926562094,4.151192710366632
0.5,0.8,0.1,0.9,0.3,0.2,1.898611570519269,-1.0270934334818418,-1.0559849065759817,3.084304921537467,2.6626506323294548
0.5,0.7,1.0,0.5,0.2,0.6,2.5357041428095752,-1.553693963842349,-1.5878305311839176,2.98542239561724,2.6097732911518623
0.1,1.0,1.0,0.4,0.9,0.7,0.3962415027356207,0.6433961242838104,0.5324158010139795,1.5437574171595767,1.2923826719097622
0.9,0.8,0.7,0.3,1.0,0.7,0.9341874029872803,-0.19268677074504753,-0.2525925590919234,3.8954441453825734,4.027307454718273
0.7,0.4,0.8,0.8,0.1,0.2,0.4841488391496581,0.63602085001383,0.3418727845032016,1.8836294006373266,1.7828492722959282
0.0,0.9,1.0,0.1,0.6,0.8,-0.008130533249134653,0.7904514334352507,0.7384096936072316,1.0236668233683932,0.7637711222242257
0.6,0.8,0.5,0.1,0.8,0.1,0.3573512866026239,0.7262634029388491,0.547341915082321,2.6105543160476015,2.1831979021688324
0.7,0.8,0.2,0.8,0.7,0.2,1.500729512874301,-0.26015578376087173,-0.3169530347168629,2.0530065173924945,1.7022160903730676
0.5,0.7,0.9,0.7,0.2,0.8,0.9093415889013362,0.22609981998342893,-0.0942190810837982,3.6069637164282127,3.388895404050077
0.6,0.6,0.4,0.1,0.2,0.8,0.8626376529709266,0.30035730472091193,0.10767630305732487,3.0487695127151286,2.896859831308575
0.0,0.3,0.6,0.5,0.9,0.3,1.5829985559793542,-0.583097374672497,-0.43991751525296474,0.14926235220216133,0.11829130789017098
0.6,0.4,1.0,0.1,0.7,0.9,0.028458841603143145,0.8855772274192303,0.8496764361859461,1.8072044494484667,1.8833786460524269
0.5,0.5,0.6,0.9,0.7,0.6,0.31125253632685296,0.6556385275843047,0.5419111189001208,1.1346972944906406,0.9767296712015714
0.5,0.4,0.9,0.0,0.4,0.5,0.06199496859934668,0.9681179837579691,0.9602279351376997,0.9420358910969141,0.9323524246876279
0.9,0.1,0.5,0.3,0.5,0.7,-0.47413589310219995,1.4751848056706014,1.0415331044046747,2.5673305999813296,2.5124508458643815
0.0,0.9,0.8,1.0,0.6,0.6,0.18865530080448265,0.951333839874883,0.7782651693161439,0.9716951005437375,1.0206878561399853
0.1,0.5,0.4,0.9,0.7,1.0,-0.36176610385493646,1.5694257363513129,1.1968029820411903,0.926683832454992,0.5212572082848373
0.7,0.6,1.0,0.0,0.4,0.2,0.8318318717233633,0.1353378816152348,-0.040167171494728135,1.8984066919325588,1.8084617303815513
0.3,1.0,0.6,0.3,0.9,0.6,0.17097088231974716,1.1724923519771442,0.7157494732721187,1.4633077124841094,1.535663937869187
0.5,0.5,0.9,0.2,0.1,0.5,-0.3394471536478354,1.20758931544769,1.0137562103396545,2.0615284817120383,1.8758522728721827
0.7,0.4,0.0,0.3,0.7,0.0,0.5326494180536219,0.6027202812458539,0.5174061488536581,0.6972518193052404,0.14006113010412627
0.5,0.4,0.2,1.0,0.5,0.7,1.6269313344154528,-0.4542256758369272,-0.5590601144347571,1.401007532304722,1.2487598864145966
0.4,0.2,1.0,0.7,0.5,0.0,0.8813270379876017,0.23583817109382152,-0.09526330082670802,0.11182942339494784,-0.004725343402944726
0.9,0.0,0.3,0.5,1.0,0.3,2.3467217495133443,-1.1548031167173893,-1.446239400485802,1.4298609581957231,1.2983350216893568
0.5,0.6,1.0,0.5,0.5,0.5,1.5218468713733317,-0.4384033087180195,-0.5728276705464032,0.9603546481421491,0.7957003898786823
0.1,0.6,0.4,0.7,1.0,1.0,0.33066200438234383,0.46876034126888755,0.47683903614561207,2.0943821696035734,1.721697267732874
0.1,0.1,0.5,0.2,0.6,0.1,0.34057726576206565,0.9451279816148602,0.7660259297300424,-0.33527133790310887,-0.3285695600099142
0.6,0.3,0.6,0.6,0.0,0.4,1.264281688793807,-0.2035850356636323,-0.49790436723181936,1.2871651808484823,0.9531967190655177
0.5,0.9,0.1,0.1,0.3,0.8,0.6595933622902033,0.6188001882447879,0.3012086617167469,3.1615963644351837,3.109085521909894
0.2,0.0,0.5,0.5,0.1,0.8,0.7113609316203472,0.2596736845809376,0.09186513252033278,1.1846816431957505,0.9426867818502352
0.5,0.3,0.9,0.8,0.5,0.8,0.02113283304881261,1.0655823529544688,0.8865684873399382,1.8665797593352087,1.6057845201652448
0.2,0.5,0.1,0.2,0.1,0.6,0.19191290350997067,0.6631451273037894,0.5825375520058085,0.947016262046618,0.9992539904123493
1.0,0.8,1.0,0.9,0.2,0.8,1.7202814131447803,-0.826660388752932,-0.8898344556367082,5.430688635246128,5.144335722178723
1.0,0.3,0.7,0.9,0.1,0.6,1.5919524175038942,-0.46694188664668274,-0.45371143777371575,3.0708310370836367,2.8715191942020017
0.1,0.2,0.8,0.1,0.8,0.3,-0.5862121940877663,1.609480245792772,1.51141189701755,0.10545976639249803,-0.04035185507847814
0.5,0.0,0.7,1.0,0.2,1.0,1.047281123029757,-0.08760790157448538,-0.22339010836420822,3.431305489991856,3.1652012410104184
0.4,0.3,0.6,0.3,0.1,0.8,0.6961179487556476,0.22388911644055542,0.1427846384166283,2.2249693920915563,2.00327910963454
0.6,0.4,0.6,0.1,0.0,0.2,0.7038478665480139,0.1598309537230278,0.1505125425028993,1.2363317216844167,0.8147541290012078
0.1,0.2,0.2,0.5,0.5,0.2,1.9111747654861657,-0.8911182447583621,-0.954227565847941,-0.8522845459488857,-0.8767984289253985
0.2,0.5,0.3,0.5,0.5,0.1,1.5554085783704632,-0.5877451150930905,-0.5546612353991188,-1.5984931374399318,-1.8848504639648336
0.5,0.4,0.0,0.1,1.0,0.3,0.9789254084580513,-0.2228988644460029,-0.3445273033233459,0.956450951603564,0.8504453792868756
0.8,1.0,0.1,0.2,0.3,1.0,0.3992461428901005,0.5476678407254426,0.2398430714625605,4.429263604944484,4.23559967728367
0.7,0.2,0.2,0.3,0.0,0.6,0.5699477360120264,0.46654764819549865,0.3186083277386733,2.4550005731509508,2.423097264963761
0.5,0.5,0.1,0.6,0.8,0.0,0.5217747960679527,0.25778199545593755,0.3790344024645352,0.21590231609626023,0.12222691829708808
0.6,0.2,0.5,0.1,0.3,1.0,0.19955701200022155,0.8464137356642912,0.47822083869488957,4.163418550159666,3.851316560107468
0.7,0.7,0.7,0.9,0.9,0.8,0.7906265995842543,0.0849948780350476,-0.13259802977921606,3.909302883776978,3.7863412706538107
0.9,0.9,0.6,0.4,0.2,0.7,1.3323549625946238,-0.38688172294272394,-0.3112885993689388,3.9059667769183233,3.623063684706461
0.0,0.7,0.3,0.9,0.3,0.2,2.3139103295635417,-1.2829863506096562,-1.4288705711879441,1.2455194204358726,0.9688730592812659
0.9,1.0,0.7,0.5,0.8,0.1,0.8250659560375814,0.038760448122235905,0.0659254951392228,1.3597022840764696,1.3507556115072943
1.0,0.2,0.4,0.0,0.1,0.3,0.9377994289958038,0.3119675006063734,0.1870738156248248,2.4025787192446146,2.395556850203868
0.2,0.5,0.1,0.9,0.1,0.8,0.48643443542976017,0.6077233133043511,0.324029234262507,1.8547979372926355,1.6097674739528158
0.4,0.9,0.7,0.7,0.5,1.0,-0.31877511211925436,1.069414915667854,1.1841761476849533,1.4774037466395564,1.2200053419987118
0.8,0.6,0.1,1.0,0.2,0.1,2.365459452692803,-1.3491293716725326,-1.4981618387223856,3.7814429075679192,3.5074900321083775
0.6,1.0,0.9,0.4,0.6,0.3,0.8882993330416962,0.18374117538658988,0.19652835994137513,1.2899287031022164,1.1598570440089095
0.5,0.0,0.2,0.2,1.0,1.0,0.9144001935159566,0.03810805181542043,-0.013511728050457583,2.691178603791044,2.5570072557027634
0.1,0.3,0.1,0.1,1.0,0.2,1.7590536404923733,-0.6302936916239326,-0.7311781307758686,0.7267586087861007,0.43290946680374615
0.6,1.0,0.9,0.7,0.9,0.3,-0.11888453399704174,0.9758508818568209,0.7064667208995736,2.3145350971218583,2.1009384466630148
0.1,1.0,0.9,0.0,0.6,0.9,-0.3128444998651292,1.3067872798074174,1.3835050732432483,0.8322593167694153,0.737693032421027
0.9,0.0,0.1,0.8,0.5,0.8,0.37332585439166543,0.7473122161167196,0.5433697173034,2.2737541024960275,2.0600400448630256
0.5,0.0,0.3,0.0,0.7,0.4,0.4074397530479925,0.3823938753534081,0.3930602464253007,-0.6016934936997892,-0.7017235515651418
0.7,0.6,0.2,0.4,0.9,0.7,1.0187970358832295,-0.0804620038012423,-0.38894732721820774,3.013576312957231,2.634616863605717
0.7,0.3,0.7,0.3,0.1,0.8,0.6091164728404518,0.5325624344098709,0.314380432994643,2.940750017193346,2.7506196567610184
0.9,0.8,0.0,0.8,0.9,0.8,0.22680590979792525,0.8377526854615169,0.4098708473141901,4.319177953591829,3.9495030803565205
0.5,0.9,0.3,0.4,0.8,0.7,0.09910393810922022,0.927974481104898,0.8459041887702747,1.5511206838980878,1.4654917558411815
0.3,0.3,0.7,0.9,0.7,0.3,1.0364850754507131,-0.18148618889246199,-0.230245758764777,-0.3324905188850252,-0.5192991461731613
0.7,0.3,0.0,0.5,1.0,0.0,2.223944585594467,-1.4567315164522823,-1.5206391539890853,1.6435260925083228,1.3810107638091724
1.0,0.6,0.2,0.3,0.8,0.1,1.005701162220089,0.08260519896364985,0.01777227019944079,2.052505289953737,1.8844642112159864
0.2,0.4,0.9,0.6,0.2,0.7,0.7711666708612209,0.09881051572521037,-0.21818941758670451,1.0916141717139862,1.0308989938496202
0.3,0.7,0.3,0.3,0.3,0.7,1.4160783884303367,-0.5051567977110091,-0.5368703234818004,1.7705952567372916,1.536845382014113
0.5,0.3,0.7,0.8,0.2,0.1,1.8043637404302932,-0.8430925549705961,-0.7511779929710415,1.2585797703048587,1.0474545209011752
1.0,1.0,0.8,0.0,0.6,0.5,0.45159541510392864,0.7495708698852873,0.5803778240338658,1.4837028921044915,1.4393214866680517
0.7,1.0,0.0,0.1,1.0,0.8,0.6970442767182934,0.6311139952309391,0.2123233824748285,3.1127128016674477,3.160560254176335
0.6,1.0,0.8,0.2,0.9,0.8,-0.7204447816247583,1.9068923484939142,1.681980395407031,3.1576071867686033,2.797387383732648
0.6,0.0,0.2,0.3,1.0,0.6,1.4482400527821364,-0.2668785547181318,-0.44568209404254716,2.1714551925240797,1.9562685961276562
0.8,1.0,0.8,0.0,0.8,0.9,-1.0941609999876176,2.1648897489076924,2.1012915047121794,2.884997296468628,2.6941564531262965
0.5,0.1,0.0,0.4,0.7,0.2,0.21966406356357587,0.612524225649425,0.7048914618752662,0.1900441052376036,0.12639619694502777
0.7,1.0,0.1,0.5,0.5,0.3,1.861771193480886,-0.7386848759134028,-0.8297659998186825,1.3184970945776315,1.172942375709697
0.2,0.8,0.7,0.7,1.0,0.0,1.4615088441973503,-0.5002088119064387,-0.7326226575928457,0.8683467225706258,0.8285596336273895
1.0,0.4,0.6,0.0,1.0,0.8,0.8662204100448035,0.0292660048623882,-0.24700819275421,3.005515617811709,2.7967155685188168
0.8,1.0,0.8,0.8,0.2,0.6,0.5703581118478425,0.5631556757931404,0.4929353416771251,3.320855942555296,3.292978610399662
0.1,0.9,0.6,0.3,0.9,0.2,0.27671851511313555,0.6850365680303152,0.7175999287176964,1.2805417859637773,0.7038206336157967
0.6,0.0,0.2,0.2,0.1,0.8,0.8567526574067812,0.18133940912155505,0.09664120864246561,2.6995057129354945,2.3232819921811254
0.5,0.0,0.7,0.1,0.9,0.3,0.2542415427475125,0.5451903854586372,0.4383092497846389,0.8837755968975813,0.5415247524735881
0.0,0.3,0.9,0.3,0.3,0.0,0.9094620384627868,0.07546032149572444,-0.014022702305617113,0.7054179534418865,0.44085795489183205
0.0,0.9,1.0,0.8,0.9,0.5,-0.005293904386820557,1.0908378015733435,0.9967034135366056,1.7200784025181777,1.393199982278577
0.8,0.4,0.1,0.4,0.8,0.6,0.4949098269020851,0.5511064204180668,0.521466484534425,2.0991874767520233,1.8187671294920562
0.7,1.0,0.8,0.3,0.1,0.2,0.30281544379842446,0.581765576862896,0.7765673103161367,2.501795190186706,2.3768458740499976
0.6,0.0,0.5,0.1,0.4,0.6,0.03848725403452273,0.7879564467790005,1.0189747323033453,1.9617793218561859,1.7413725742426682
1.0,0.4,0.7,0.6,1.0,0.5,1.6237125005553772,-0.6454081304295096,-0.928437248583889,2.0324562530316688,1.6498527560281786
0.4,0.2,0.4,0.6,1.0,0.2,1.551846496648632,-0.6572543601901834,-0.5781236366822069,0.9922383018273014,0.7455327944445047
0.8,0.4,0.3,0.3,0.0,0.3,0.6642584890148278,0.254742997762341,0.11355999839962089,1.277159428331319,1.3101813960369213
0.7,1.0,1.0,0.3,0.4,0.0,0.72035984328755,0.07817375801822136,0.09439900003672858,2.1048475345300406,2.165469767541473
1.0,0.1,0.5,0.0,1.0,0.9,0.05624672701808149,0.809839924445517,0.8425069556583442,4.140417183996774,3.902436661816347
0.7,0.6,0.6,1.0,0.2,0.7,1.6789305760470297,-0.5843336980337188,-0.8333504903814333,4.237913266133841,3.984338256954383
0.0,0.4,0.8,0.6,1.0,0.1,1.2855227032013548,-0.4664950084544052,-0.3561440580893428,-0.11275145028146161,-0.4766342553535383
0.8,0.9,0.6,0.6,1.0,0.1,1.9730723768802279,-0.778168383492817,-1.0846541191920513,2.6498441828539687,2.751706953928022
0.5,0.1,0.7,0.5,0.6,0.7,0.5911255440774168,0.3465648000141021,0.2890902410590187,0.5301917715345882,0.24959965813864754
1.0,0.5,0.0,0.9,0.8,0.2,0.20863191034442205,0.7054427794427449,0.6684570379976937,1.737599164363948,1.588901920905335
1.0,0.8,0.8,0.2,1.0,1.0,0.37179115807484364,0.3603421721161896,0.3988246663007411,5.080760262303221,5.151915010609863
0.5,0.2,0.3,0.2,0.9,0.4,0.37115619017183576,0.6432631568878554,0.5083504765356658,1.6960953725744454,1.1925949630558836
0.3,0.7,0.4,0.9,0.5,0.5,1.2723309397560945,-0.2581334047653227,-0.3673573338113163,1.2046608383729418,0.9458486116281523
0.2,0.9,1.0,0.0,0.4,0.3,0.4256697666345584,0.6992498867599661,0.47468583290066446,0.7696989400663611,0.5064714109829657
0.2,0.7,0.1,0.6,0.8,0.1,1.587602373572957,-0.3104685882609312,-0.49715075056091185,0.39651837338887197,0.3758560662637367
0.5,0.1,0.7,0.3,0.2,0.2,0.8524252885785986,0.3520534242767015,0.19454221498092195,1.487738552985336,1.346575788218405
0.6,1.0,0.3,0.2,0.8,0.8,-0.4029873252516295,1.3017990935296024,1.3000770643103874,2.0806507767179263,1.7618570575377033
0.2,0.3,0.7,0.4,0.0,0.0,1.3263982934834373,-0.278439055377509,-0.1568165004831748,-0.47046841835836006,-0.7057350431088023
0.6,1.0,0.6,0.3,0.0,0.9,-0.05999676582947831,1.1939688874924326,0.8841807333142012,2.918591396592443,2.7769600709496984
0.4,0.0,1.0,0.9,0.1,0.6,1.0173457047184877,0.02937595057938102,0.04320745655722247,1.992510650350101,1.4598956076653937
0.3,0.4,0.6,1.0,0.3,0.3,1.7951389610291022,-0.811045622094398,-0.7940453414216436,1.5582847489981935,1.2812291164322112
0.6,0.2,1.0,1.0,0.6,0.0,1.6438604802046357,-0.7475841997947932,-0.5851794535757779,2.109839330841554,1.6514847685118779
0.0,0.1,0.8,0.5,0.1,0.2,0.4570284559371887,0.4362038440189811,0.471982065939789,0.1512066497902409,0.1609358458538746
0.3,0.5,0.3,0.8,1.0,0.4,1.0556057822973675,-0.10536136372154647,0.1165578930505956,0.3913813506689795,0.05622196680462051
0.7,0.2,0.7,0.8,0.4,0.3,0.3819752073393931,0.49519701011951855,0.29806272914166043,1.833397726438821,1.5518972602212675
1.0,0.9,0.5,0.3,0.7,0.1,0.36887250275699257,0.7161052722822326,0.4451547042559716,2.561307870228618,2.2402391964914026
0.6,1.0,0.3,0.8,0.8,1.0,-0.489932722628934,1.5710794870090325,1.3424529363108435,2.7344141270877227,2.504335001213494
0.5,0.6,0.4,0.6,0.0,0.1,0.9957197221669088,0.07373311505496041,0.0892405110090899,0.585993091961051,0.49486485892652454
0.2,0.3,0.2,0.7,0.8,0.6,0.4390062729020241,0.38726776235510474,0.2370355192316803,-0.022798985731913725,-0.06777351104651091
0.2,0.2,0.9,0.5,0.0,0.2,0.7481299568131162,0.2059159928212833,0.09233045109928828,0.468729090692158,0.215741659796291
0.1,0.8,0.8,0.3,0.8,0.3,-0.2685450572597952,1.256730333415755,1.2152136616400135,0.8482418745135994,0.6330891231533932
0.2,0.6,0.0,0.4,0.6,0.8,0.673918378852545,0.21939314893074224,0.34132647890868634,0.2100041475285571,-0.08547733734233628
0.5,0.8,0.0,0.6,0.8,0.7,0.10074202748809666,0.5755071268192258,0.7294450253359188,1.7169284305232961,1.6371837904089275
0.0,1.0,0.9,0.4,0.4,0.0,0.6464985213573572,0.486526663263139,0.33170676867187854,0.41866975538193146,0.09313209850571602
0.7,0.6,0.6,0.4,0.1,0.4,1.2867099237298163,-0.28077473547903514,-0.4379736304654557,2.488446214810614,2.544003367543544
0.9,0.4,0.2,0.1,0.3,0.8,1.1626328655827545,-0.34517512096905645,-0.4942629408598591,2.770451495984673,2.7737613407039294
0.4,0.1,0.9,0.7,1.0,0.2,0.5980415416462852,0.536653148289052,0.4471809754576801,1.5856468023412769,1.5175859673424303
1.0,0.4,0.9,1.0,0.3,0.2,1.4303312325539506,-0.48828524272585555,-0.6268534396444886,3.420307892396339,3.351261309136334
0.8,1.0,0.4,0.4,0.8,1.0,-0.4298594850422188,1.5123057142395635,1.1498518911006463,3.3656201234940353,3.2531356795917468
0.6,0.7,0.2,0.6,0.3,0.4,2.53934962629744,-1.725904002240761,-1.7788459034659938,2.4206293486687405,2.142790728940375
0.6,1.0,1.0,0.9,0.8,0.8,0.13913147059457467,1.1841270756068991,0.8649083604617913,3.185832937372336,3.155286911110644
0.9,0.5,0.1,0.9,0.6,1.0,0.7548303071977357,0.20322058736804752,0.39403170053746384,2.9409141137407837,2.803527062821416
0.8,0.8,0.4,1.0,0.7,0.7,0.7181670174717266,0.23024925046747102,0.22509309966102378,3.768840571614537,3.2342522067296646
0.4,0.1,0.2,0.8,0.0,0.8,-0.06591078317995362,0.9816248262966354,1.0305632563495624,1.5536677147757392,1.3601989684932816
0.0,0.9,0.9,0.7,0.9,0.3,-0.4324196119640541,1.3169318333680504,1.1972635973583654,1.2972087265874188,1.0896823048391364
0.7,0.1,1.0,0.0,0.2,1.0,0.29593315957980676,0.9106200041624913,0.5739525486126085,4.2760573368684645,3.8584379009175835
0.2,0.3,0.4,0.9,0.4,0.4,1.0525632830421494,0.031838515022606685,-0.34588144167138113,0.5025586496794557,0.28896825872100934
0.4,0.4,0.6,0.6,0.5,0.8,0.8736512825463473,0.009618020121295465,-0.12396081685229374,0.23589000623580214,-0.08616765096562287
0.8,0.6,0.1,0.1,0.5,0.3,1.0158116612162809,-0.19445438709827106,-0.2322622290336901,1.926655705812657,1.478255401125624
0.1,0.3,0.7,0.9,0.5,0.2,1.267096143499568,-0.3364753884264219,-0.6013468029420588,-0.5663673647535532,-0.6662937741538864
0.0,0.7,0.5,0.6,0.9,0.2,1.3847817067614465,-0.34003977649589734,-0.46339742826936675,1.197016408006082,0.7323443116146826
0.7,1.0,0.7,0.8,0.6,0.3,0.5999990603025672,0.25329259993735054,-0.10194713457993798,0.808716586644454,0.6756484418821533
0.1,0.2,0.6,0.2,0.6,0.9,0.31222925044779226,0.8596511982042265,0.7133164640839692,0.962663883457149,0.8454019508666384
0.0,1.0,0.7,1.0,0.3,0.0,1.5122945215415735,-0.4930103459605321,-0.669062644866095,1.1731659768870537,0.7526030173773834
0.2,0.7,0.4,0.9,0.0,0.4,1.1667823874242615,0.012254413924883079,-0.11906828788808793,1.5852773727196248,1.1641122588672228
0.2,0.0,0.8,0.5,1.0,0.9,0.7109999811974883,0.29398867966171915,0.09507615078394205,1.1350057939104194,1.0908942605827454
0.3,0.0,0.9,0.9,0.4,0.8,-0.1415334806769144,0.9324814285338773,0.9230850291406486,1.7902303528191972,1.5355873935202318
0.8,0.4,0.1,0.0,0.2,0.0,1.7006842196104632,-0.46507857067505964,-0.661409694820842,1.7697528060354362,1.8082115246172956
0.3,0.1,0.0,0.3,0.3,0.9,-0.2793958206399073,1.141123737284521,0.953576007554738,2.0569099789674783,1.73280871388378
0.6,0.5,0.5,0.7,0.0,0.4,-0.08537778954353353,1.257398759454535,1.1514182116031535,1.3337576846249437,1.1222438552922138
0.6,0.2,0.6,1.0,0.7,0.3,1.0963433749060734,-0.07456541440564486,0.024764097603232782,2.051671655105497,1.8544993834782515
0.6,0.0,0.2,0.1,0.4,1.0,0.48720770567740634,0.5764528027122113,0.5799504989642433,2.3682738032958612,2.0020512430593027
0.7,0.3,0.5,0.8,0.3,0.8,0.5604885939313193,0.29792678312306176,0.1257043832791198,3.5788293821924766,3.2609072621816715
0.3,0.2,0.9,0.6,0.2,0.5,0.9448305512660653,0.037605397655508854,-0.1046365903566957,1.6813655035591195,1.5569890800730406
1.0,0.3,0.1,0.6,0.5,0.8,1.399703900352884,-0.21929758241831934,-0.5564122501150037,2.265182951674214,1.9285816495571426
1.0,1.0,0.7,0.2,0.6,0.2,0.9295553068858275,0.13729901356895421,-0.14540476608435204,1.2448415397969264,0.971959095629009
0.7,0.7,0.0,0.3,0.1,0.8,0.6098233090904184,0.21276569421300043,0.0799113999905099,3.865031068092242,3.417779012110415
0.5,0.7,0.1,0.5,0.6,0.5,2.063654831059546,-1.389583190331245,-1.5440428535931412,1.0121495283213595,0.9556181144784047
0.7,1.0,0.5,0.3,0.3,0.3,0.6148131434380607,0.10054772759993376,0.04477793050529335,2.840255091581649,2.7906789827705016
0.1,0.6,0.6,0.2,0.5,1.0,0.2286447762505065,0.9782979453716932,0.6694464625243111,1.2800541357838235,1.0080882765000427
0.3,0.3,0.3,0.1,0.7,0.9,0.3721162905643258,0.4784139699384516,0.17458804796274652,0.31807259047784187,0.0584604349907779
0.7,0.5,0.0,0.0,0.5,0.7,-0.24310513859606728,1.203629602975423,1.0993854365633533,1.2316548677100054,0.8183777585448686
0.9,0.3,0.2,0.9,0.9,0.8,1.203690208154765,-0.36051138679692996,-0.5376055547888818,3.628925440104278,3.3238271862884594
0.7,0.2,1.0,0.0,0.6,0.2,0.8402558369810915,0.21359226521786404,0.032598848641042295,1.137242864645144,1.0138658702960348
0.8,0.8,0.5,0.4,0.0,0.8,0.6540131678075255,0.32997097806270126,0.32404886961199086,4.019571289180695,3.728113584480453
1.0,0.4,0.5,1.0,1.0,0.6,1.5698609532450534,-0.6696755971859345,-0.8061439798420453,3.7913731726234596,3.6306434211925462
0.6,0.5,0.4,0.2,0.4,0.8,-0.43681462235866475,1.4962937493681794,1.4729318631929251,1.985673346869841,1.7883522653859452
0.5,0.8,0.9,0.2,0.2,0.2,1.0962757834362065,-0.07652460362361566,-0.2207057004028713,3.1425497651823697,3.098750063152531
0.1,0.3,0.3,0.6,0.0,0.1,1.5626761236291054,-0.571056644093206,-0.5511853901716196,-1.0194639504490073,-1.194112323450512
0.8,0.5,0.4,0.5,0.5,0.4,0.9028156752449771,-0.21902602059056264,-0.15324465103465537,0.8317071915971593,0.6560064299984607
0.9,0.0,0.8,0.5,1.0,0.9,0.8810416140512988,0.07307489587091442,-0.10668882898289123,3.0747551278858625,2.75845946332825
0.9,0.0,0.4,1.0,0.0,0.3,0.8007808599777901,0.036322061504869496,0.134028022346262,2.372862518645788,2.255456109207528
0.2,1.0,0.0,0.2,0.6,0.0,0.7215785891353736,0.1476301754896444,0.05436134935701835,-0.5602457478667864,-0.8892294524941028
0.5,0.8,0.4,0.6,0.1,0.3,1.449351865781277,-0.47125676978638953,-0.3114652912187516,1.9837473857241357,1.7989944377702387
0.4,0.2,0.2,0.5,0.3,0.1,2.4365895024317537,-1.5627891794083735,-1.420559286795682,1.0184719861292475,0.6506392451529371
0.1,0.0,0.8,1.0,0.5,0.3,0.7088570300763473,0.3830959901979074,0.34521264822656084,-0.17408800787072432,-0.3075346977265006
0.4,0.6,0.8,0.6,0.3,0.1,1.4556232150432598,-0.15876957818625384,-0.4254525600362301,0.6589979736158986,0.6896887279035847
0.9,0.0,1.0,0.5,0.1,0.0,1.9227686128639434,-0.8067629319240887,-0.9843783841937982,1.8605220931272248,1.7178833699070721
0.0,0.0,0.2,0.7,1.0,0.1,1.5897268188923768,-0.6700570227411417,-0.7142018772992584,-0.42459822588624196,-0.5273457967883285
0.1,0.1,1.0,0.3,1.0,0.4,0.8236576865913928,0.3657578735334565,0.3288658757123911,1.25889178797103,1.138771549895627
0.3,0.3,0.9,0.5,0.2,0.1,2.2247842607202775,-1.0454525981193459,-1.199540920461803,0.9000742476650905,0.7537881538819003
0.1,0.4,0.9,0.1,0.0,0.3,-0.17872972011147323,1.0722287132579809,1.0635491095563951,0.10394534806713523,0.007153923566549036
0.8,0.2,0.6,0.0,0.2,0.6,0.7960837401998656,-0.06744806673720637,-0.16301972328030725,3.229342236611978,3.005447472628735
0.2,0.8,0.1,0.4,0.0,0.3,1.33737522863691,-0.3681176946465413,-0.3065770106424199,1.2236476869759172,0.9460534591255197
0.7,0.5,0.7,0.3,0.7,0.6,-0.3062652365993691,1.425004259713951,1.2257959324931025,1.2830617977025227,0.8634686919103568
0.9,0.0,0.8,0.3,0.3,0.4,0.31183993403185817,0.4343279632937595,0.41452264239762526,2.2869081896360317,2.1281292962819034
0.9,0.1,0.4,0.7,0.0,0.5,-0.41079902809306934,1.3130707374119939,1.4539244827933033,2.0923028665495327,1.9883487803002171
0.4,0.1,0.7,0.3,1.0,0.4,0.5122171231312523,0.38872087177820375,0.15702015009892772,1.0810050644844413,1.0411023269287762
0.5,0.0,1.0,1.0,0.0,0.8,0.3461184836310358,0.4892216458726337,0.4538014158204013,2.573425771273647,2.582137714741571
0.8,0.4,0.4,0.3,0.2,0.2,1.1952102067224735,-0.4426723893518729,-0.2665785837543838,2.164298253558462,1.9729764484050025
0.5,0.2,0.5,0.9,0.9,0.0,0.7137338047133261,0.3450398388730302,0.2903843535598449,2.332087911462658,2.235981521476427
1.0,0.3,0.7,0.7,0.1,0.9,0.604666112087528,0.4919194212693894,0.10137571310762997,2.972826468897262,2.8726421864337994
0.4,0.7,1.0,1.0,0.6,0.7,1.9399302834191867,-0.7268339303730992,-0.8673958901106688,2.324824191673603,2.0790428733117037
0.2,0.3,0.7,0.3,0.6,0.2,1.1047152159218392,-0.2529868263203267,-0.09974930298764001,-1.0637347606313043,-1.2287261206260158
0.4,0.5,0.5,1.0,0.0,0.2,0.5404183756885528,0.3012702432129972,0.32477196098691546,1.4185314770014714,1.3828824606999888
0.0,0.1,0.1,1.0,0.9,1.0,-0.2575447422017637,1.0334813071706566,0.9412159249749867,3.025894536740032,2.7603723396354547
0.4,0.1,0.1,0.2,0.8,0.0,-0.14455644252423555,1.1855216955584504,1.0622889548586965,0.8182842936610835,0.7607904539965265
0.5,0.9,0.1,0.2,0.9,0.6,-0.005028955765828633,0.752478572192649,0.8242902842138787,2.869597209812068,2.566406247117059
0.5,1.0,0.9,0.2,0.8,0.7,-1.1096090240053857,1.8894509518492326,1.8833454198168327,2.5168300728913127,2.2754531118153047
0.6,0.4,0.4,0.6,0.5,0.1,1.1029523424308403,-0.1114714811073672,-0.258988131386286,-0.19537323396692985,-0.39296702456179194
0.5,0.5,0.0,0.6,0.4,0.2,0.8150883655213983,0.34635440009386187,0.1445654889545814,-0.010127901886842944,-0.24519636829188796
0.7,0.4,0.7,0.1,0.0,1.0,-0.34315581103602466,1.253528893324583,0.9696532793767668,2.460013965085439,2.571372501985964
0.6,0.1,1.0,0.2,0.0,0.7,-0.37897805261087925,1.5904687334310532,1.3859087348419379,2.6814251901041004,2.569255159869054
0.6,0.3,0.3,0.1,0.1,0.4,1.4469054538185202,-0.45290900409793233,-0.42444033953863247,1.5830109489516762,1.2889300663038123
0.2,0.1,0.2,0.3,0.1,0.1,0.9790622172011381,0.10633356494881314,-0.14568283900335513,0.5548007155967413,0.4704451697069191
0.3,0.2,0.7,1.0,0.8,0.8,-0.18556814485662315,1.0878893973939783,0.9111876824423655,1.9596419615862892,1.678040064125067
0.8,0.2,0.5,0.5,0.4,0.4,1.0772612944953908,-0.18676799532199534,-0.04874447324609399,2.3028747209349656,2.1950785353595794
0.7,0.6,0.5,0.9,0.4,0.3,0.9707773224309616,0.18886030289389386,-0.33595363014019797,2.7142317302638945,2.604913535557359
0.8,0.3,0.9,0.7,0.8,0.2,-0.0899921189605547,0.9375045870947729,0.7430494154599769,1.9688500134161633,1.9461274245798816
1.0,0.1,0.3,1.0,1.0,0.9,1.2556825490662762,-0.23013526794116693,-0.14484069844717806,4.243935803044801,4.19475712261151
0.3,0.3,0.5,0.3,0.4,0.4,0.4897239413611989,0.32159836536400505,0.3645358934018466,0.870504128849332,0.4788694415091564
0.5,1.0,0.9,0.1,0.7,1.0,-0.46177326148768333,1.6447082526104142,1.5659991777832596,2.5054055329446867,2.330233231372062
0.1,0.1,0.6,0.5,0.4,0.9,0.46119104070395994,0.47218450839864334,0.4240731557236562,0.9133856251505823,0.9169275948532819
0.7,0.5,0.5,0.9,0.8,0.6,-0.45489700872880673,1.1979639554991752,1.2242234300389054,2.7968607423072283,2.4974699006802283
0.9,0.9,0.1,0.1,0.8,0.7,-0.37548464343284443,1.4120982270245335,1.1927925910139365,3.4874128024154176,3.193623400972032
0.4,0.3,0.3,0.9,0.3,0.6,1.7671419573142473,-0.7779581588077153,-0.8719366414166582,1.4954196349119664,1.1705581559715166
0.6,0.7,0.1,0.6,0.9,0.6,1.366778918875465,-0.34984442397360455,-0.4396731901544942,2.9848242323837284,2.8551723966753046
0.1,0.7,0.5,0.9,0.8,0.7,0.3534966914060596,0.6000468481697808,0.4346099676709837,2.226415259596579,1.8431863968947642
1.0,0.9,1.0,1.0,0.4,0.5,0.9774390062433889,-0.025383799258510118,-0.1681811581293313,3.9663052897784983,3.890540953209477
0.0,0.5,0.9,0.9,0.9,1.0,-0.6461355674462379,1.5291205425313084,1.633460926759805,2.458548489421986,2.286719892010552
0.6,0.8,0.4,1.0,0.9,0.5,0.7696333459791662,-0.028252989456146016,-0.0487025755970459,3.882855441063352,3.687112324018388
0.0,0.9,0.2,0.1,0.1,0.8,0.5354448427238522,0.41766425490958203,0.3241867354905196,1.8816203870606352,1.583764687311731
1.0,0.7,0.8,0.6,0.9,0.8,0.62948311724278,0.2922595575992207,0.45876896841412906,3.8040889901489727,3.593681578207091
0.5,0.1,0.4,0.1,0.3,0.2,0.4200130166253616,0.34749526146459625,0.28538829044601755,1.5224224315169352,1.0796284028632879
0.7,0.0,0.9,0.8,0.1,0.3,0.3256144542278716,0.8782835048454705,0.48527022310819157,2.3573185332766395,2.245573407448978
0.4,1.0,0.9,0.9,0.1,1.0,0.1149194170003749,0.8307778943764238,0.6505288203369134,3.973574340845565,3.5946151776733326
0.9,1.0,0.2,0.0,0.2,0.5,1.7557337388961036,-0.6173182309676964,-0.8503670555572513,3.0807163724544324,2.5696116305964405
0.0,1.0,0.4,0.6,0.7,0.5,0.39784482301218144,0.7164961212283227,0.6298882493744525,-0.5068360592568325,-0.6940011286246945
0.4,0.7,0.8,0.1,0.2,0.9,0.6865562734261348,0.093739423927251,0.023973767377249322,3.4064293522025446,2.9902919005634234
0.0,0.8,0.3,0.7,0.9,0.6,0.5076829182844934,0.4005450704013765,0.49099235524161605,1.0040464483675688,1.045788244619514
0.8,0.1,0.5,0.2,0.9,1.0,-1.0911462742838909,1.8048070055812948,1.6908034491734232,4.490899448083951,4.326423510262555
0.3,1.0,0.8,0.9,0.3,0.9,0.20639302493232986,0.8375310177900539,0.659732858107856,2.6989812965586433,2.3809942749716853
0.2,0.4,0.5,0.7,0.5,0.7,0.28175246201157045,0.8684063566028757,0.8803425672653445,-0.2041925462576747,-0.2403591313033464
0.4,0.1,0.8,0.2,0.4,0.8,-1.0233393263626964,2.007699339769164,1.9439321245954406,1.8122910898719222,1.5687854450626868
0.5,0.2,0.1,0.1,1.0,0.2,1.5389528195626312,-0.5351824190019916,-0.4604146420250278,1.9588537483494821,1.9458449082176814
0.9,0.5,0.1,0.4,0.0,0.4,0.8923482207905004,0.3668236684956612,0.2763489344374273,2.0473614560704827,1.6910588278499965
0.8,0.0,1.0,0.4,0.0,0.0,1.0975567565721198,-0.008962097864289531,-0.14181039222873396,1.6012565042619347,1.346045668439647
0.2,0.1,0.3,0.9,0.8,0.9,-0.4290087328402672,1.2950630305787085,1.4588243848260103,1.2531343075057801,1.0589565297510302
0.1,0.5,0.5,0.5,0.5,0.4,0.9314406682770786,0.2319853734758692,0.031233915138021436,-0.8144556487482042,-0.9282900537669654
0.5,0.5,0.6,0.3,0.8,1.0,-0.8155268116207373,1.9663699058023865,1.7646902497884673,2.155287200543032,1.8986898481240195
0.8,1.0,0.4,0.1,0.9,0.8,-0.1720150623261006,1.2562379690965058,1.2551468613737902,3.258451505395741,3.112343718340257
0.4,0.6,0.2,1.0,0.8,0.7,0.8307961398491784,0.2394588761686947,0.28151582618362586,1.9754720656482518,2.031475935228432
0.0,0.1,0.0,0.1,0.7,0.2,-0.15711596762838398,1.4318431129297635,1.1412863600628915,-0.7586855090898927,-0.9349756735345321
0.4,0.0,0.9,0.4,0.1,0.0,0.7571871659717937,-0.00811963291183955,-0.17079030080863633,0.8551668225609007,0.6960349184307755
0.2,0.0,0.8,0.8,0.7,0.5,-0.48393823734310115,1.4061182408160764,1.3454556053257287,-0.6090014141798707,-0.8617652858805066
0.9,0.0,0.3,0.5,0.2,0.1,2.641535224561548,-1.585820150943318,-1.461506893278899,1.491703707698404,1.233797030478228
0.2,0.8,0.6,0.2,0.5,0.7,0.5273590121361308,0.41104452088201915,0.4227279226446581,1.2848784992893476,1.1844101942952807
0.8,0.3,0.6,0.8,1.0,0.8,1.2090177700345224,-0.2166565233964862,-0.2409593885812446,3.6175835973892214,3.2911019804605814
0.4,0.7,0.8,0.4,0.7,0.9,0.45358631262057547,0.6336555187774646,0.580634967664326,1.9433286871828186,1.3592680116088873
0.6,0.2,0.1,1.0,0.1,0.7,0.9110110697893667,-0.1010996113209526,-0.2527936844210089,3.9625002090478043,3.688330068066529
0.1,0.9,0.2,1.0,0.1,0.1,1.8732851470558425,-0.8983769274590236,-0.8267752573858401,1.7357444920464111,1.6298962475971692
0.8,0.8,0.1,0.9,0.5,0.5,1.383888237796163,-0.46397419567824355,-0.5492574308811158,3.3119685820370717,2.932119118553351
0.0,0.4,1.0,0.4,0.6,0.8,0.7414826057820457,0.23691237767623902,0.28179126631664775,-0.28326404077921635,-0.20801154286473703
0.0,0.3,0.3,0.3,0.3,0.1,1.4578207893476385,-0.4758608652952757,-0.6831887069097783,-0.11749585721554845,-0.339357034575059
0.9,0.5,0.3,0.2,0.2,0.7,0.6450059049471395,0.1325678863921896,0.12138183678945633,2.889092103905479,2.6069084458954643
0.1,1.0,1.0,0.9,0.2,0.4,1.4807857207636892,-0.5148244350500006,-0.6678225118786295,1.839085384908239,1.5267751967858654
0.0,0.5,1.0,0.6,0.4,0.6,0.44236256270543106,0.5706715921863028,0.5096745404652322,-0.09047899838876027,-0.257534260914365
0.6,0.6,0.6,0.1,0.2,0.8,0.8605583558581182,-0.2309800943507276,-0.19651198733069988,3.344989891831696,3.106984289394954
0.6,0.3,0.9,1.0,0.7,0.0,1.08578395733694,-0.13493889036579818,-0.16396085416998,2.035881996255407,1.6676726822453758
0.5,0.2,0.5,0.7,0.5,0.0,0.793051596078276,0.3161797596062837,0.2597574489718019,0.4847216234212431,0.5041443797273024
0.0,0.2,0.2,0.5,0.6,0.4,1.8203249075552281,-0.965696740895269,-0.8657338276189304,-0.9904380783395528,-0.9825605333432698
0.9,0.7,0.2,0.9,0.7,0.2,2.1181842577945305,-1.4176065468428936,-1.2099828331687874,2.5439679184558597,2.32601732229196
0.9,0.4,0.8,0.5,0.7,0.6,0.5704278765413221,0.641195343897462,0.28472613396812063,1.3840112529601325,0.914723562743925
0.6,0.0,0.1,0.2,1.0,1.0,0.6620588168313921,0.49203977093107876,0.37651279359543016,3.5833578445368217,3.3223663519974065
1.0,0.0,0.8,0.8,0.2,0.6,0.5798244297722179,0.443784217808738,0.4039075594149504,2.892388608050039,2.7617113102552726
0.8,0.0,0.4,1.0,1.0,0.2,1.775717843050916,-0.7010538120561041,-0.8976265575167621,2.8302115292687304,2.6083641404064104
0.0,0.3,0.7,0.4,0.4,0.9,0.5366589475868128,0.411608545191939,0.3844146904839941,0.6770667725283961,0.32655404467490157
0.3,0.1,0.0,0.6,0.1,0.1,0.8592773909583973,0.26978172254665006,0.15299756744897214,0.15704888281254514,0.07006409737367851
1.0,0.8,0.2,0.1,0.2,0.5,2.1972860079516963,-1.2288062869829934,-1.2989415705537035,3.824753756859361,3.662586778570135
0.7,0.2,1.0,0.5,0.4,0.8,0.9600836338172547,0.08830175563032733,0.026341667167022513,2.9674531035713434,2.647723969979925
0.5,0.3,0.4,0.4,0.3,0.1,1.7092762756977697,-0.8053214466430205,-0.7914984960695877,1.0234135630129526,0.9400495464348034
0.5,0.6,0.8,0.6,0.5,0.4,0.764875623160965,0.24810565065072993,-0.026025472984375603,0.32975869838854743,0.3054922953063451
1.0,0.7,0.0,0.9,1.0,0.4,2.277540729840987,-1.0778724962682689,-1.1093998850913986,3.75319946497561,3.7578811748049334
0.3,1.0,0.0,0.2,0.5,1.0,-0.17586132730450768,1.286807459916911,1.1454439342179574,1.326388455751336,1.0167762007677612
0.3,0.0,0.0,0.3,0.9,0.3,0.19303155627910937,0.7552737027342934,0.6002444074204042,0.3119067471228463,-0.09864800398337259
0.7,0.4,1.0,0.7,1.0,0.8,0.9127249170839081,0.13884625400378137,0.07252068334010481,2.9386414239620713,2.681173979116724
0.6,0.0,0.0,0.3,0.0,0.5,0.08584326669484452,1.1540956834960059,0.8924533691618796,1.2369250862802206,1.0073108407584639
0.3,0.5,1.0,0.9,0.9,0.4,0.6762365808638784,0.5487233524066544,0.39117287566632136,1.3685013539221471,1.2084365647539084
0.4,0.7,0.5,0.2,0.6,0.4,0.9640841410715723,-0.24322569235202735,-0.18126840099113548,1.0726553992368864,1.3374605918937974
0.6,0.8,0.5,0.2,0.9,0.4,0.2894561934877434,0.6781800665077485,0.3635839283883585,3.242429611952577,3.3338391853159686
0.9,1.0,1.0,0.0,0.2,0.6,1.1615402870958518,-0.10773499776219844,-0.1676829757783578,3.5362940592324827,3.1632226139306625
0.4,0.8,1.0,0.7,0.0,0.1,1.0967459707105396,0.043650133017083786,0.04079166348002637,1.3895900342200778,1.2877486415535848
0.4,0.8,0.0,0.8,0.0,0.1,0.8380591052650064,0.3038994737678264,0.37761376741142805,1.2355342674469125,0.8759752675284109
0.0,0.7,0.7,0.5,0.1,0.0,2.3268274080281643,-1.3633750114192797,-1.3750643786985792,0.30880780932302565,0.22839984689141324
0.8,0.9,0.7,0.0,1.0,0.9,0.41871501568299774,0.7594323063178335,0.6487350473920864,3.6958048825808856,3.3187342231957264
0.4,1.0,0.0,0.0,0.4,1.0,-0.3346575615043003,1.2516390966328652,0.9738569150939494,1.7722263425599305,1.5683010701400146
0.9,0.2,0.4,0.1,0.6,0.9,0.052261783446739915,1.061354445044992,0.7398083316270528,2.632813939761323,2.3728547502222583
0.3,0.8,0.9,0.9,0.3,0.1,1.5675729075484672,-0.6588636058275188,-0.3844706460940546,2.4675060331601197,2.316287057182204
0.4,0.5,0.3,1.0,0.2,0.2,1.9530010600228538,-1.0134490197294925,-1.1454836394162515,1.2984334042124037,0.9455194583828934
0.9,0.8,0.5,0.7,1.0,0.4,1.5363951423548066,-0.3728011307927103,-0.5229833033425638,3.8931922549331905,3.621911784132728
0.7,0.2,0.0,0.3,0.5,0.7,0.12538450524243505,1.1148566427691151,0.8588635936727118,2.1073039831833302,1.8226258780096591
0.3,0.5,0.6,1.0,0.2,0.4,1.5774421641118332,-0.7127573058199073,-0.6815509153240217,1.8369810640367021,1.5845019642886422
0.6,0.9,0.6,0.0,0.1,0.8,0.1553049438816738,1.0372229692998052,0.7514209267152326,3.2038224232496306,3.034254185028709
0.3,0.3,0.5,0.1,0.5,0.8,0.3890294488217313,0.6210514107183738,0.4007114285462489,1.1105590951740667,0.6712137827381472
0.4,0.5,0.3,0.6,0.9,0.9,0.20421258895779437,0.5742866574494353,0.39356214916461474,0.9433309814566512,0.7779830512042766
0.6,0.5,0.6,0.4,0.7,0.9,-0.019446844523968956,0.8905409529877355,0.8840897057013732,1.6747150147981043,1.4442693346688436
0.1,0.7,0.2,0.0,0.4,0.1,1.8227536089944223,-0.5254381600183967,-0.9293762603757195,0.4020425910479514,0.09692861597657636
0.5,0.6,0.3,0.0,0.5,0.1,1.024474115834331,-0.26328722986591757,-0.2605398740148593,-0.1274876100458941,-0.39746000151722694
0.0,0.5,0.9,0.4,0.2,0.1,0.8695663287329529,0.03809346890268554,-0.008032425530854176,0.563761653137504,0.44929883257098013
0.1,0.7,0.6,0.4,1.0,0.9,1.667276953557939,-0.6533769180194898,-0.8208632415443555,2.427038263478872,2.46331602962997
0.4,0.7,0.7,0.0,0.8,0.7,0.11526552229313451,0.8065130776257196,0.8128823571115024,1.433974377943591,1.1937857151856581
0.0,0.2,0.8,0.3,1.0,0.6,0.22708222418659635,0.7300858050828154,0.9998784362946637,1.1658340489912487,1.3315402969228243
0.7,0.5,0.3,0.8,0.4,1.0,-0.1400431418082387,0.9197253897390177,0.964126630917955,2.3665256220023685,2.4445886514678543
0.4,0.3,0.7,0.2,1.0,0.4,1.3754413218739479,-0.33535771486628513,-0.547435827699839,1.2363240707136733,1.0870884029619747
0.1,0.3,0.3,0.3,0.2,0.2,1.7079390116002167,-0.8513471375874525,-0.825519326388541,0.07927137025343137,0.05941288690700346
1.0,1.0,1.0,0.1,0.7,0.3,0.8047392035527847,0.2989780235830856,0.13823112542475896,2.0273943518148205,1.7664046500262955
0.3,0.4,0.5,0.5,0.5,0.9,0.8856996716219705,0.25892586769169723,-0.010317723769132203,0.6109010746823059,0.26423560203154983
0.6,0.6,1.0,0.1,0.7,0.2,0.8935370872638407,0.26481588499524145,0.008097777765657926,1.2898988050419302,1.0382257358270537
0.6,0.2,0.0,0.7,0.0,0.2,0.20234733431540278,0.6685700953244661,0.7296224748437345,1.0957318183282692,1.1194756942731847
0.8,0.5,0.3,0.9,0.3,0.4,1.5334086001176908,-0.34235899839303313,-0.37829906841873884,2.2484580756711505,1.9738697988332088
0.4,0.6,0.5,0.9,0.7,0.8,0.2649410752909746,0.9173596911423882,0.5150712077660885,1.886226961892741,1.6111658017949244
0.7,1.0,0.9,0.0,0.5,0.7,-0.13233338948791368,1.1599276713308047,1.0154479117763202,2.245845228184251,2.231582135867458
0.7,0.2,0.3,0.1,0.1,0.2,1.1206665714912367,-0.19005016214886936,-0.22237095671808108,2.1306106789432935,1.751105917096081
0.3,0.8,0.1,0.8,0.6,0.2,1.6225491376240653,-0.3832410522939147,-0.6097017575600068,0.48863962152065765,0.29590859835753147
0.4,0.8,0.7,0.8,1.0,0.3,1.4180867800264592,-0.6185334395107828,-0.6450011156169065,1.9830678438950384,1.618884051549205
0.8,0.2,0.0,0.5,0.0,0.6,0.6998427399321064,0.2507702167585324,0.044307176298161055,2.2182234164977666,1.9106375632380528
0.4,0.7,0.3,0.1,0.1,0.5,1.3948477618794002,-0.3711439565997021,-0.6183362768020007,1.735413433231809,1.4692347193648212
0.8,0.1,0.4,1.0,0.5,0.5,0.4655513786992916,0.43263062477522124,0.36224017094644934,2.486367102831722,2.3241655443221245
0.2,0.4,0.6,0.2,0.3,0.6,0.7968158699353846,0.37479378475615344,0.09175605478161325,0.895066050990455,0.5257669298752188
0.3,0.4,0.6,0.1,0.6,0.8,0.47667920161659605,0.4221046606667182,0.4639688453846059,0.07999616018062755,-0.0568587744405865
0.2,1.0,0.1,0.1,0.9,0.8,0.23657390005765633,0.7967679280530946,0.6520724793161286,1.940526676649603,1.6058072794975897
0.9,0.6,0.2,0.4,0.0,0.8,1.0535765077698287,-0.08100700925862067,-0.3147801488377393,2.9674140297990603,2.577046471154838
0.8,1.0,0.5,0.5,0.7,0.1,1.2321602855797755,-0.19976439681330982,-0.34275384473044973,1.3402105818544425,1.2793707084125383
0.2,1.0,1.0,1.0,0.6,0.6,1.1581235255658664,-0.20891454173337604,-0.10995411735706492,1.1706520573481847,0.8580321616898108
0.7,0.9,1.0,0.2,0.2,1.0,0.3384255713560846,0.5638620353015281,0.5640245414485711,4.930283816357985,4.642117789309668
0.7,0.5,0.9,0.5,0.4,0.4,0.4985292625759844,0.28967150834988814,0.28165562725544824,1.7085000098039063,1.5435921043008094
0.9,0.8,0.0,0.6,0.8,0.3,0.7609060460750521,0.25534470209119414,0.05104895305271028,2.138920673463049,2.0016836652504324
0.8,0.0,0.5,0.2,1.0,0.7,0.4536501846974401,0.4229590559737671,0.2365638545038867,3.3406785546758844,3.258508672576584
0.0,0.8,0.9,1.0,0.6,0.6,0.6546745519082997,0.35535375402746505,0.11619325083760818,1.8783120970602403,1.7097861504168526
0.9,0.9,0.4,0.7,0.3,0.5,0.36884827512993923,0.45435589254260733,0.4386130147729501,2.9702566370354067,2.6993620305209673
0.6,0.9,0.0,0.3,0.7,1.0,-0.7181186767019476,1.6175941725771434,1.3813022374414463,2.9287578371302674,2.7039014533463788
0.5,0.8,0.6,0.8,0.1,1.0,0.641572508067095,0.3278301537935232,0.47170981214742147,4.008876532321211,3.6662571492777496
0.1,0.3,0.0,0.3,0.7,0.9,-0.14474512275024173,1.1014493053940035,0.9581380645203468,0.46148940817613227,0.1963733521497619
0.8,0.2,0.7,0.7,0.3,0.7,0.5830561023990494,0.611214161500364,0.4041037485582248,2.812232728587502,2.5320794743546373
1.0,0.7,0.7,0.2,0.6,0.0,1.781673080513439,-0.7633364791432967,-0.5518762157696918,1.8301412658059233,1.5016554989538171
0.3,0.8,0.1,0.6,0.2,0.0,2.330516069217296,-1.3660015587294507,-1.3675057727084352,1.2996039394756567,1.398551088564422
0.1,0.7,0.1,0.8,0.7,0.2,1.247910375835314,-0.2578448534379304,-0.2905531242753735,0.42404316301063055,0.15761603277293545
0.2,0.3,0.0,0.9,0.9,0.7,0.5384843046937454,0.46418908138999126,0.6016490917237303,1.3753196637355591,1.0253699736169855
0.4,0.8,0.2,0.0,0.4,0.7,1.0301076051669493,0.05927502690778756,-0.26806857780335347,1.6593611257601686,1.6363182884965
0.7,0.1,0.2,0.7,1.0,0.5,1.1163057005396202,-0.026007529114449965,-0.25896301465528115,2.5655954076464935,2.3730585653405885
0.9,0.9,0.0,0.2,0.4,0.3,0.37171615617128684,0.7070400026964822,0.5671941349761962,2.4851383384817614,2.484012907486597
0.9,0.2,0.6,1.0,0.8,0.6,0.5468153575559294,0.5346418391465643,0.393575028806237,3.5130936599727405,3.4019766304475736
0.5,0.5,0.5,0.1,0.6,0.7,-0.09543672196094902,1.0121909667857112,0.8907868086654496,0.8324284294397584,0.8177048439347402
0.1,0.7,0.5,0.6,1.0,0.8,1.555152410458757,-0.558308214590459,-0.5789774329775025,2.3087557819128683,2.0443598708315918
0.8,0.8,0.0,0.5,0.5,0.0,1.7830884548388848,-1.0406456768319294,-1.00756440598747,1.4964334185963462,1.3493075423980738
0.0,0.1,0.7,0.6,0.5,1.0,-0.039770119006448085,1.126995716537838,0.8953415564209606,0.32502040208960403,0.06611450924473034
0.8,0.0,0.9,0.7,1.0,0.7,0.4032759846352756,0.7166198550214096,0.4459986102496932,3.0522493584447994,2.848127796768513
0.6,0.3,0.8,0.9,0.2,0.8,0.9059820443828411,-0.05602179621224879,-0.10652480684053905,3.4626394694491536,3.414479043423051
0.6,0.5,0.0,0.0,0.7,0.8,-0.5152198238150356,1.53211390823363,1.5370341488705486,0.8915938206744864,0.7476248343611264
0.1,0.0,0.9,0.3,0.9,0.7,-0.4460516732658392,1.7254566918096959,1.5774432717210658,1.3929965554966524,1.0536729453394678
0.1,0.0,0.2,0.5,0.9,0.1,1.8313466316020326,-0.8151230033254026,-0.9441108697777524,-0.5011509145469895,-0.6495476132725516
0.7,0.2,0.7,1.0,0.6,0.9,0.7758214316244215,0.2024974047168514,0.17902175321863886,3.0308789285429127,2.7130134284256737
0.2,0.1,0.8,0.3,0.8,0.4,-1.3078579553633272,2.1419220844496083,2.037893856717482,0.3558822333284012,0.07485887528851695
0.9,0.4,0.0,0.8,0.5,1.0,0.27528150616341196,0.985096812211583,0.8120003658815462,2.4426085462442892,2.227737048478103
0.2,0.6,0.7,0.8,0.0,0.5,0.12668968916139292,1.006335692589466,0.6742779456014384,0.3677344021607064,0.1567754431126836
0.2,1.0,0.2,0.3,0.1,0.0,1.4897192054175104,-0.42395680396676644,-0.5215237365681143,0.5643507981622369,0.4193729088913811
0.6,0.4,0.2,0.2,0.9,0.9,0.29299574045572196,0.915315601191727,0.605370695251012,2.662272248119557,2.384914896812457
1.0,0.8,0.2,1.0,0.0,1.0,1.5662828273550622,-0.30361153646366906,-0.5248804168824565,5.262355693484794,4.941507446768592
0.2,1.0,0.7,0.9,0.2,0.3,1.5429769609775725,-0.6360003176488639,-0.47654675461537854,1.1278702385828931,0.9513807561333854
0.5,0.4,0.6,0.1,0.8,0.1,0.26686378375185654,0.6647606551175802,0.4777667451688775,0.6364472275687475,0.23417987091606174
0.0,0.0,0.1,0.5,0.4,0.9,0.7174432582147493,0.39257628048073184,0.3000793208291648,0.5395751442520342,0.5127715267195755
0.5,0.6,0.1,0.6,0.4,1.0,0.8953888248622078,0.18132897231193976,-0.06308675164761104,2.3640384371145275,2.128636101003208
0.2,0.2,0.8,1.0,0.4,0.2,0.6211418139423641,0.2026375644187332,0.21079724294217073,1.0983713672383055,0.7961142295314523
0.4,0.2,0.5,0.3,0.0,0.9,-0.3810318563736032,1.6248272407229105,1.4673311751533542,2.511736767836653,2.3977374952298454
0.1,0.3,0.1,0.9,0.5,0.9,0.8343747103173508,0.011815022585933255,-0.10242529065733995,1.2815734635548326,0.9682013054066139
0.5,0.8,0.2,0.9,0.3,0.0,2.5240095024747635,-1.6431936315428342,-1.4897317098655982,2.466002700724811,2.2322110151870436
0.0,0.2,0.4,0.6,0.1,1.0,0.15473313577700726,0.7193977483412609,0.6028911260067664,1.770738091313773,1.5707037357756863
0.6,0.7,0.3,0.0,0.0,0.6,0.9202128144807594,0.08017443560356041,0.03246174452536552,2.0652189908458394,1.8197445030148371
0.0,0.8,0.8,0.1,0.9,0.9,-0.521571397930107,1.6417412987429305,1.4087415696080527,2.385674042931772,2.3379913573476516
0.1,0.1,0.2,0.5,0.2,0.0,2.163481973353792,-1.1431817092975076,-1.3989588414832124,0.3879601788049456,0.03791243572364518
0.1,0.0,1.0,0.7,0.0,0.3,0.29336401131332235,0.6596363563234418,0.5929290260383879,-0.595207580404038,-0.5485316716061633
0.4,1.0,0.6,1.0,0.1,0.3,1.5808432167325706,-0.4776043530330668,-0.7575341794935273,2.3038979042788803,1.8947277942557088
0.3,0.6,0.7,0.7,0.1,0.9,0.36035703188371626,0.4087100727861133,0.766089784298456,1.5268190427950306,1.3761670121152745
0.9,1.0,0.8,0.2,0.8,0.6,-0.933195964234926,1.7658425633394295,1.5776732778878948,2.770028246551398,2.60229297400223
0.3,0.3,0.8,0.5,0.7,0.7,0.6491796992815818,0.6037509525654232,0.4799751835005495,0.018889774150928726,-0.21857459047122263
0.8,0.1,0.4,1.0,0.0,0.0,0.3803317133704604,0.5369085524595841,0.3984291515430297,2.5092242450018882,2.309803697028902
0.1,0.4,0.9,0.0,0.3,0.0,0.7287853559404136,0.22160033058660406,0.1561625567133584,0.09424633412126929,-0.032788771065826255
0.5,0.9,0.5,0.2,0.4,0.7,-0.2984263500391483,1.4039314775955725,1.0829325716325837,2.6608446472092018,2.5492765411023566
0.1,1.0,1.0,1.0,0.6,1.0,0.9351691877030939,0.3639810057701175,0.1735090968606896,2.275194700179207,1.9354914805646513
0.1,0.0,0.0,0.9,0.6,0.3,0.8275931818591745,0.09193719565091606,0.06500217882446774,-0.9824818523755835,-1.1692531908677617
0.1,0.8,0.4,0.7,0.2,0.3,1.199877098252312,0.015320616958724387,-0.21349369365215554,1.1800320440770857,1.1424651376670474
1.0,0.6,0.6,0.9,0.8,0.4,0.7944783337425723,0.16268141147577025,0.1965297728284537,2.8965749798930798,2.6244210920127053
0.6,0.2,0.7,0.0,0.8,0.1,-0.06354019103286959,1.0635976749251028,0.9459470231337346,0.7966873790715243,0.940507059770442
0.6,0.7,0.9,0.4,0.1,0.5,1.1882522995733056,-0.2410020573564712,-0.24247956847926744,3.387198893530468,3.0729947648366065
0.7,0.9,0.8,0.5,0.1,0.4,0.7444037920292899,0.23575982303484286,0.08504662399065314,2.5329516976733926,2.192901550518858
0.5,0.9,0.8,0.7,0.7,0.0,-0.26942700601220393,1.3025895687890336,0.922745336606857,0.725380886341145,0.48287653115431073
0.8,0.4,0.1,0.9,0.9,0.9,0.6050749968962026,0.3533462114677359,0.4181425416321487,3.7901975047220438,3.6410799949932127
0.4,0.6,0.1,0.4,0.0,0.8,0.7734692454188211,0.30811017275710395,0.3228797237659461,1.6497938104728465,1.6227615013601078
0.5,0.8,1.0,1.0,0.2,0.2,2.339450053814063,-1.5515516334704724,-1.6067386275716764,3.739181328586186,3.4546344071722
0.9,0.0,0.1,0.7,0.1,0.2,1.1816501618385744,-0.04179028965208813,-0.2701883533973729,2.065988594591205,1.9703748109765733
0.7,1.0,0.9,0.7,0.3,0.9,-0.06034241503088389,0.8282282074094588,0.8798602249120044,3.725133615300653,3.7326953139685606
0.8,0.4,0.0,0.5,0.4,0.4,1.342720377332305,-0.3305348849039825,-0.15925507050612564,1.0853741038377929,0.8663991642358074
0.4,0.6,0.9,0.4,0.7,0.8,0.15122842907160755,1.0183821856075288,0.7180969483873403,1.5140922861339092,1.2564908250736067
0.0,1.0,0.8,0.1,0.8,0.3,-0.7197255771412051,1.758217249048466,1.4917453487144892,-0.006826531535183755,-0.1656791195059178
0.6,0.4,0.4,0.2,0.1,0.7,0.04778794738127662,0.8877233073232005,0.754017116054707,2.2261506064699144,2.0151908711087163
0.5,0.8,0.3,0.2,0.7,0.4,0.8183537567872682,0.17409538111472042,0.11045163634986915,1.2581813733145943,0.9452717766892254
0.0,1.0,0.2,0.5,0.3,0.5,2.0148133722914525,-1.0553564826559918,-1.119343612576834,0.5394538780643371,0.4399817084923944
0.6,0.2,0.8,0.4,1.0,0.4,0.9105153465515328,-0.012021815895038479,-0.051801565156114664,2.490309639291672,2.3535583481983458
0.4,0.5,0.8,0.0,1.0,0.5,0.22551713852978025,0.7293526934847954,0.606355392519092,0.8329232856284444,0.6209714750867462
0.6,0.2,0.6,0.9,0.2,0.7,1.335206075172993,-0.06562287806687225,-0.2997592572096766,3.7844600374572583,3.523773498016244
0.8,0.0,0.1,0.9,0.6,0.9,0.8168493564732586,0.20089580268845472,0.12319899200417452,2.494762874783538,2.3004148688377057
0.8,0.3,0.8,1.0,0.0,0.9,0.32602316309045376,0.5932750979122816,0.5082656906085328,3.7326222753254337,3.6796670284307935
0.3,0.1,0.5,0.9,0.6,0.0,0.8269401808103984,0.1454485695002164,0.18896298554419022,0.4432433438912096,0.17308989287127854
0.9,0.5,0.4,0.8,0.6,0.7,-0.20408156973657168,0.8733921943698577,0.9331435348099368,1.3915585554594663,1.3535727963492201
0.3,0.5,0.6,0.3,0.4,0.5,0.08246746846229835,0.7511951894023798,0.7093422121552341,0.4269617574942772,0.14839799394514927
0.9,0.4,0.8,0.1,0.6,0.1,0.7060985933821601,0.26365486495904517,0.2670929522370716,0.9098202006642626,0.3634409376770088
0.7,1.0,0.8,1.0,0.5,0.3,0.8266417691296923,0.255877331795499,0.07500038016830075,2.226814132224288,2.041456094642417
0.9,0.0,0.4,0.0,0.8,0.6,-0.5795539251835068,1.6499632179362247,1.4681812110265346,1.709984550745647,1.5301220290060158
0.4,0.0,0.8,0.3,0.4,0.1,0.1854426381299371,0.9602797608579275,0.7035727782373892,0.1828519052153683,-0.05140095654202445
1.0,0.4,0.1,0.3,1.0,0.4,1.5540205341199251,-0.6110370700435521,-0.43370021791253266,2.7560704686168007,2.554034467785428
0.0,0.3,0.6,0.5,0.8,0.4,1.1714140702805493,-0.1871869781838894,-0.13474965560005975,-0.23083325009673228,-0.5203898033770891
0.3,0.6,0.1,0.8,0.6,0.8,0.6620613296218264,0.20425694361692484,0.31494461184816425,1.0445686013102693,0.6290081430256843
1.0,0.4,0.9,0.6,0.7,1.0,-0.21227973626112395,0.7778632761391582,0.6600249412978691,2.477162370165539,2.2990139715796003
0.4,0.3,0.4,0.7,1.0,0.8,0.9657555774031377,0.005361796720626394,0.014825034568369186,1.8529869815658657,1.5225991394980436
0.8,0.3,1.0,0.3,0.4,0.7,0.6564805656943392,0.24809185549223256,0.0856132665809671,2.81983441666769,2.7163721045705267
0.6,0.8,0.2,0.6,0.0,1.0,1.109029968567671,-0.20202329034387595,-0.30701398586178064,3.411858078865154,3.1017846427244367
0.5,0.3,0.7,0.9,0.2,1.0,1.0570119454202862,-0.35849660266253425,-0.3694545449137951,3.347966736628744,3.169880195564699
0.0,0.9,0.7,0.5,0.8,0.9,-0.3476244175984987,1.2895873868604601,1.1232509381716371,1.0258226103690224,0.835296803412768
0.4,0.7,0.9,0.7,0.6,0.4,0.9039546016793248,-0.18282062432087284,-0.002145662576676241,0.9412576415780259,0.7518953573287537
0.8,0.9,0.0,0.8,0.1,1.0,0.06221981999672618,1.1308832302295635,0.9670808128931742,4.289710149435886,4.22847274808785
0.9,0.3,0.3,1.0,0.2,0.8,2.129710886637136,-1.160169291124243,-1.3852902534922231,3.8866160227853137,3.7668521593139785
0.2,0.7,0.7,0.1,0.4,0.4,0.9528031766215674,0.02413399687475798,-0.2780609576116677,0.7642727820527064,0.4555521284447619
0.0,0.0,0.6,0.8,0.8,0.3,-0.10414946923954861,1.0397267219940642,0.9746725929888075,-0.3867038027557504,-0.5002741835209321
0.3,0.2,0.7,0.8,0.7,0.2,0.2660627846684855,0.8141155615100755,0.747827950645892,-0.26421624552149914,-0.6473123748529543
0.2,0.5,0.4,0.0,0.1,0.2,0.27915605361530427,0.7598066581661873,0.7180310872913092,-0.08776135853139852,-0.24689395200235717
0.8,0.6,0.6,0.0,0.0,0.2,0.8574237822489564,0.3592547375220132,-0.009091610256452748,2.0401215195313114,1.7901255226609303
1.0,0.0,0.3,1.0,0.2,0.7,1.7112732024218003,-0.6800899122144763,-0.8861318961174016,3.3315898155806813,3.183393502503705
0.3,0.8,0.3,0.6,0.0,0.5,1.3921768804517332,-0.08970414634860083,-0.34292460015871906,0.6844194289720335,0.2560310264355572
1.0,0.2,0.8,0.4,0.9,0.8,-0.21444299567427738,1.087281671861217,1.0113912790055772,3.48861986670493,3.1122364152714455
0.1,0.6,0.3,0.8,0.0,0.3,0.7381334369640233,0.28678751012985193,0.18159541976027152,-0.22642831562104282,-0.39433282840747214
0.3,1.0,0.6,0.3,0.2,0.2,1.451851080507497,-0.5401290202401798,-0.5872756346512915,1.3928810745142592,1.034882775714988
0.2,0.4,0.8,0.0,0.5,0.2,0.23100111729139727,0.8792340975129433,0.7471573113628794,-1.1023170436600735,-1.4303450163650149
0.8,1.0,0.3,0.2,0.4,0.4,0.7473941525872396,0.3249959805235516,0.18402622522638337,1.9699562154805352,1.7795575011319078
0.4,0.0,0.3,0.5,0.9,0.1,1.559861790991756,-0.6922954280560646,-0.6689151149812638,-0.1655756966424502,-0.49312022847063525
1.0,0.1,1.0,0.5,0.7,0.4,1.078061182842788,-0.04261232211012725,-0.1433432222376743,1.8910899792373956,1.5301916525287296
0.2,1.0,0.0,0.3,0.5,0.2,0.43394537936101374,0.22719896904146422,0.5791882150724027,-0.43594635235880735,-0.6301745877582304
0.2,0.3,0.9,0.5,0.8,0.1,0.8259436994273457,0.177104990541669,0.12124039892039881,-0.08911312981397414,-0.17538807230892475
0.7,0.5,0.4,0.2,0.5,1.0,-0.565243913904806,1.471852934098254,1.3823225610412735,2.301254634910896,2.1538925893867846
0.3,0.1,0.6,0.4,0.9,0.5,0.2658472485329086,0.631349794113389,0.7002663080696914,1.2153593816790516,0.8686070089609806
0.3,0.1,0.4,0.5,0.6,0.5,0.6215885930952044,0.30157340213510025,0.13218568105697345,-0.540753506781682,-0.5636381358460686
0.1,0.9,0.8,0.1,0.0,0.4,-0.5098340407532438,1.5313012815248768,1.369472714062868,0.7170471345673913,0.5601569849960699
0.9,0.0,0.2,0.4,0.5,0.5,1.650005449639519,-0.6639439784589717,-0.5314783174481791,1.2151091430153305,0.9892104604752141
0.5,0.0,0.2,0.3,1.0,0.0,1.9307861071913603,-0.6200079174473339,-1.0927670861573404,1.082887863110161,0.9799195015070393
0.7,1.0,0.0,0.8,0.0,0.7,-0.2664981206245494,1.2076635006251444,1.2308489411399435,2.5775192361562977,2.3422527426928648
1.0,0.9,0.8,0.6,0.9,0.1,0.4656929199717993,0.34812106282938693,0.3184561287324651,2.5759704761296303,2.5809625138475396
0.8,0.0,0.2,0.6,0.2,1.0,1.56806219678811,-0.6104096789675375,-0.8037312299529704,3.349112772683041,2.916616387729173
0.5,0.9,0.4,1.0,0.1,0.5,0.7131552960463743,0.16940423395061038,0.11738632033926583,3.184769586854462,2.9646699492661903
0.0,0.7,1.0,0.3,0.0,0.1,0.9256791602141978,0.14380245515122525,-0.06507418410564755,1.0203856182870554,0.8277688223146891
0.7,0.9,1.0,0.2,1.0,0.9,0.38773422048269557,0.4340833107776779,0.4303739105586905,4.631945778225733,4.538073925612127
0.7,0.8,0.8,0.1,0.3,0.5,0.6774427168263993,0.2608538914786912,0.287070489062756,3.631523536092532,3.296709239858656
0.7,0.6,0.7,0.6,0.4,0.6,0.9468244669519339,0.014638183577211819,0.01147636990693741,1.6970755346307165,1.3872264436072954
0.7,0.0,0.7,0.3,0.7,0.4,0.1337780100115154,0.7496089073279293,0.7844336803465184,0.7700581534817964,0.49121850201493283
0.8,0.2,0.6,0.2,0.6,0.1,1.1085480403129493,0.09374308978936015,-0.21793484575864958,1.4449308597889632,1.440902326291804
0.6,0.7,0.5,0.4,0.5,0.2,1.611657454808549,-0.6727286134969533,-0.8611243927975631,1.7793497030788201,1.5454651905414325
0.8,0.6,0.4,0.9,0.2,0.0,1.83035858395705,-0.8543710682738799,-0.9274363558063157,3.152483728972905,2.863494942353088
0.2,0.0,0.4,0.3,0.3,0.6,0.19362429785127871,0.7433108166029945,0.6557043910937659,0.6684595335840215,0.42866689001998143
0.4,0.0,0.7,0.4,0.5,0.7,0.42625351949193446,0.44271106015354117,0.2613648340587679,-0.17648655302827038,-0.2465981582199548
0.9,0.2,0.8,0.4,0.8,1.0,-0.8378434175833335,1.618832639235706,1.6540309774793134,3.436225649382694,3.1660799449933053
0.1,0.0,0.7,0.5,0.8,0.9,-0.0186798421168511,0.9700530777063819,0.844290426305212,0.13935190426459088,-0.10762204563354012
0.0,1.0,0.7,0.4,0.6,0.0,1.2770352304198758,-0.18916416301831895,-0.3828014352887667,-1.0965753798310616,-1.5247459194264863
0.8,0.2,0.0,0.7,0.7,1.0,-0.21088332033048873,1.358410179268661,1.338549936366461,2.484167717066539,2.224905840097831
0.5,0.8,0.0,0.2,1.0,0.5,1.2452252438751394,-0.05940126198648399,-0.1951238110446803,2.743822336503748,2.4988096787386618
0.4,0.6,0.4,0.6,0.8,0.6,0.1184176432773177,0.7247694947269901,0.9312312958501037,0.6309250969244047,0.40310974356219725
0.7,0.4,0.9,0.1,0.4,0.9,-0.6473071740744633,1.3770699309821606,1.187515400890855,3.005554055586232,2.8710077102961993
0.1,0.6,0.2,0.5,0.1,0.3,2.070676234447132,-1.200402350773007,-1.206986779631863,0.4511202858126674,0.05027896083136095
0.8,0.4,0.0,0.9,0.1,0.7,0.7173445906318588,0.3940155067939479,0.14557060258145157,2.949896265099642,2.810245244230255
0.5,0.0,0.2,0.7,0.4,0.4,1.0638057432284636,0.17056553210232472,-0.010870365880298341,0.17596032487617536,0.14227723199804024
0.7,0.1,0.3,0.8,0.7,0.2,0.31766094418387747,0.686591593173236,0.6451650387305284,0.7633724940757419,0.7143800400681332
0.9,0.2,0.6,0.2,0.0,0.3,0.34371551387671945,0.6552689810447108,0.23617544739876306,2.514689677769724,2.273674154083278
0.2,0.1,0.8,1.0,1.0,1.0,0.22384749920714186,0.7425219538759642,0.6325316925135422,3.099927926809446,2.976509161423942
0.0,1.0,0.2,1.0,1.0,0.6,2.059374091679219,-1.038635776784717,-0.824522533052083,2.0373865462674465,1.835177237950362
0.0,0.5,0.3,0.5,0.1,0.8,0.7488403730986198,0.04570187104506042,0.00030255757979045714,0.3899965822366933,-0.016217634028576816
0.3,0.3,0.7,0.3,0.6,0.6,0.8651875393480843,0.4494807600403369,0.09449643440386575,-0.32789458617036304,-0.5717517502542004
0.3,0.1,0.7,0.9,1.0,1.0,0.2879996129451954,0.5036425587121679,0.36789746951339364,2.8083012616655068,2.5599719248837687
0.1,0.7,0.3,0.1,0.0,0.6,0.8170466982515914,0.33451463270562243,0.18383942060950265,0.8631075848894771,0.7352458188417541
0.7,0.3,0.4,0.1,0.5,0.8,0.4779895689409705,0.7137721077168755,0.7192126690309038,1.8936157603291592,1.9423319860249553
0.4,0.0,0.9,0.0,1.0,0.8,0.40813828410579195,0.8990582159231565,0.6883099158763847,1.8499278033451036,1.5435196920698007
0.9,0.8,0.4,0.0,0.2,0.6,1.0170710756297812,0.006024945716258612,-0.21849468476848627,3.7714595720805595,3.4077209203180847
0.2,0.3,0.7,1.0,1.0,1.0,1.4526142795254926,-0.5579789752168532,-0.6365027582839882,2.588296952765498,2.5302575638132514
0.2,0.1,0.7,0.0,1.0,0.3,0.44137692686852203,0.36524630824337295,0.5035103739514262,0.3467198470049818,0.17637421437883866
0.7,0.3,0.5,1.0,1.0,0.0,2.133216265498565,-1.1399236809797566,-1.466929525867056,3.253658482342061,3.1750125434529646
0.8,0.6,0.0,0.3,0.7,0.9,-0.22236540823153236,0.902605824910711,1.1074470523663795,2.679549819007447,2.3442882790834543
0.5,0.8,0.2,0.9,0.6,0.2,2.277655932479755,-1.0539901159951197,-1.3657801159006366,1.3592666432169787,1.092867175680747
0.2,0.4,0.3,0.3,1.0,0.3,1.3539763654754222,-0.6140731661019522,-0.5431289887553115,-0.11762422388149422,-0.2868282325810411
0.5,0.5,0.3,0.7,0.5,0.0,0.6684057626880409,-0.031156486322729243,0.07440713761727619,-0.7244913113072163,-1.0310590095589798
0.1,0.6,0.0,0.4,0.9,0.4,0.7586326320301309,0.23091564440335605,0.17899877106125595,0.3641395848559924,0.2827931517469878
0.3,0.1,1.0,0.5,0.3,0.9,0.7240986978476294,0.17003613788277117,0.1117976262561792,1.958856168164782,1.870357953996444
0.4,0.8,0.5,0.7,0.2,0.5,1.3655466875479283,-0.17180295056957712,-0.2554553832579312,2.612099333796112,2.112150984926417
0.9,0.2,0.5,0.6,0.6,0.5,0.9507207798760632,0.08419790600207204,0.031255212572267904,1.70403772118688,1.6839815881393454
0.3,0.7,1.0,0.1,0.5,0.6,1.1294228743243746,0.043945087434272695,-0.3512566355734361,1.3077332658799745,1.072706390939521
0.7,0.5,0.0,0.3,0.3,0.0,0.6378316927581106,0.29485676703316344,0.2841022696296929,1.7239692818873007,1.5641275242583064
0.0,0.0,0.0,0.8,0.1,0.3,0.4343330323674708,0.41436587423069204,0.46852238405088187,-0.030763704992110168,-0.23451847570020312
0.1,0.3,0.5,1.0,0.9,0.9,0.5597945056805775,0.6057386749056682,0.15674304911368248,2.5879889198826023,2.41657872516418
0.4,0.7,0.9,0.3,0.3,0.6,0.8030101369356628,0.24905148466851076,-0.13275126359725786,2.8489065531122413,2.675116047083362
0.0,0.0,0.6,0.2,0.9,0.7,-0.3750115348423213,1.4327083603244204,1.162698912177357,0.8292581702037903,0.7478647082901403
0.5,0.4,0.9,0.4,0.7,0.0,0.4961690202922532,0.473055056528716,0.2529017967260481,0.17014140322473184,0.10848663667465322
0.4,0.6,0.6,0.8,0.7,0.7,0.11322582945370074,0.8348470992678747,0.5986939520680343,1.1208846203792713,0.7964720843119305
1.0,0.6,0.5,0.0,0.7,0.0,0.6192260233891728,0.3136010471557598,0.11396285331437375,1.6581437115510584,1.3677887434085372
1.0,1.0,0.7,0.3,0.1,0.8,0.5046941843012053,0.7125125655340945,0.5364028213994322,3.468720816496174,3.3547049859514577
0.5,0.6,1.0,0.4,0.6,0.7,1.1839265009269924,-0.06372182136458153,-0.18532613348893529,1.133403376720365,1.1817360701923494
0.0,0.0,0.4,0.7,0.3,0.6,0.23829617497621847,0.7093973522909052,0.7466793889679844,0.09427498829830505,-0.10259331338704394
0.2,1.0,0.5,0.4,0.7,0.5,0.37897123618718015,0.6053243027075633,0.4179132062706486,0.22434128342427548,-0.06795266383140275
0.9,0.3,0.3,0.4,0.1,0.6,1.726496993445756,-0.6456733310428584,-0.6939984439982136,2.503685022908698,2.191068189752483
0.3,0.0,0.8,0.0,0.0,0.6,-0.6699636980093912,1.6211035000170748,1.326835684139967,0.05716967537169633,-0.10035919262727966
0.2,0.2,0.9,0.1,0.6,0.6,0.07012276780579633,1.2402393483455856,0.9766253462482712,0.5655944641776789,0.2923040152720244
0.3,1.0,0.5,0.2,0.4,0.1,0.5698483089886471,0.40440871757089225,0.34832666231275844,0.8733894765075776,0.6710599791606737
0.5,0.1,0.1,0.1,0.5,0.5,0.28125216716272,0.8359899826040661,0.6634614878765257,1.3687098191771658,0.7825083345218866
0.1,0.3,0.3,0.7,0.3,0.4,1.4922902836173615,-0.5029298965600986,-0.3926026274598187,-0.31323273279195885,-0.28067158984429313
0.4,0.2,0.8,0.6,0.2,0.2,1.075288314202933,-0.4756960499594306,-0.49968063111148087,1.0001586703724596,0.9131917582701411
0.5,0.9,1.0,0.2,0.9,0.4,0.22899195499150998,0.8669106809941696,0.8517813050868915,2.551168340629954,2.37128202795306
0.1,0.9,0.1,0.2,0.8,1.0,-0.8785753263031301,1.8755354322289604,1.8196511054836124,2.441885475474274,2.176073535022072
0.4,0.0,0.3,0.2,0.0,0.6,0.23583526357185508,0.8198993075232394,0.623210156132565,0.4106426179874779,0.19538084509846682
0.4,0.9,0.7,0.1,0.3,1.0,0.2595138645984347,0.7886953456648609,0.7567806859012418,2.9576525842181045,2.6444776645907173
1.0,0.7,0.7,0.6,0.4,0.6,1.5897603676436631,-0.5910435101492406,-0.7543488861559262,2.5553105015201227,2.237452179495005
0.2,0.5,0.0,0.5,0.3,0.3,1.1832329390375131,-0.36490007520162704,-0.4707439714400769,-0.3095645564417203,-0.45650883382754265
0.9,1.0,0.5,0.4,0.7,0.1,0.8186037541439409,0.12049327235553817,-0.08406649377742624,1.9336280927986067,1.405552940769429
1.0,0.9,0.8,0.2,0.8,0.6,-1.041723258482865,1.9965375243132428,1.8761245968513403,3.2954325148208135,2.9502795495252947
0.5,0.0,1.0,0.8,0.3,0.5,0.7849178655633391,0.15986635856159834,-0.007599625762264285,1.7517177024307136,1.5259587885669879
0.9,0.1,0.6,0.6,0.0,0.8,0.09947824642212913,0.9840510207074291,0.8805168119431381,2.9340788052018882,2.43968659228801
0.5,0.8,0.7,1.0,0.0,1.0,0.5799818441492733,0.5572405029806964,0.29803545919346497,3.8892745358634393,3.6330691216225386
0.0,0.2,0.7,0.2,0.5,0.3,0.3266465340419489,0.8576173339438418,0.682305552929839,-0.37853059148029217,-0.634620272147333
0.8,0.3,0.7,0.2,0.8,0.7,-0.23727557214782055,1.0239053644644092,1.1357929634815735,2.1786893260545304,2.0208616009529337
0.6,0.2,0.5,0.1,0.8,0.9,-0.919539954485433,1.8534578281410965,1.7836129725066825,3.037695233065916,2.877614684806296
0.2,0.8,0.8,0.8,0.7,0.3,0.10227417880691234,0.8571145379063906,0.6514299882930714,0.32755390465370904,0.24383011264713086
0.8,0.6,0.6,0.7,0.9,0.6,0.33549205603520355,0.3332901817528409,0.47071312371330115,2.8018896788131937,2.595148433792052
0.6,0.3,0.7,0.6,0.1,0.6,1.3568716172249728,-0.19395670774202786,-0.33486789541515344,1.7345721835125318,1.3623600714659139
0.0,0.6,0.3,0.0,0.3,1.0,0.46819802445174735,0.3800171390649558,0.37401742397279847,1.398150828301747,1.1666644662268741
0.1,1.0,0.1,0.3,1.0,0.1,1.5476996896602142,-0.5726737091716099,-0.668209296597817,0.9701602203249499,0.8510127566001737
1.0,0.9,0.8,1.0,0.0,0.3,0.5049597520322822,0.7503721411985126,0.40065366134988245,3.7088902735962144,3.2882969101096564
0.7,0.3,0.2,0.7,0.0,0.6,1.0995053987218768,-0.009846736078257364,-0.09604777263767525,1.7583382217608172,1.5384131545134787
0.1,0.5,0.1,0.8,0.9,0.7,-0.16590849648705802,1.2173187551257878,1.1839872952006008,0.9441962857325583,0.9061192657455863
0.3,0.5,0.6,0.3,0.5,0.2,0.6371540672313584,0.4083966246313918,0.2648936771902481,-0.5126177565098119,-0.850385224034488
0.4,0.5,0.4,0.5,0.3,0.7,0.6910764712278938,0.13635488844303587,0.031857493639188585,0.7160087509232529,0.9063092930822434
0.5,0.2,0.4,0.8,0.1,0.9,-0.020988204298797497,0.9340320776236102,1.0148003501387846,2.8990508006029923,2.9583784492756444
0.3,0.5,0.0,0.2,0.0,0.1,-0.03445678965213451,0.997990934233422,1.0088989730586486,0.017727708035505996,-0.4051342929986185
0.4,0.4,0.8,0.1,0.7,0.3,0.2369012747056063,1.0339517888654384,0.938238250956491,-0.2553808387692753,-0.49568672463600555
1.0,0.7,0.4,0.2,0.1,0.6,1.0850124790914653,0.025953081232057185,0.02687837750856506,3.9144325726109486,3.69845873933941
0.0,0.6,0.5,0.1,0.9,0.7,-0.2679395446319467,0.9522441225632582,1.1334042436158263,1.626416866623568,1.4290163476484883
1.0,0.6,0.7,0.1,0.2,0.3,1.4394033660658994,-0.5927038007476009,-0.6650931185937023,2.6377158039190802,2.5452016218317284
0.7,0.6,0.2,0.7,0.9,0.7,0.7624857130675998,0.2175707859980634,0.28337074567559306,2.59520547009428,2.348983007619637
0.7,0.7,0.2,0.6,0.9,0.7,1.6309483577952777,-0.6015251350484172,-0.8211504063056709,2.9042998874049997,2.936975743372235
0.4,0.7,0.4,0.0,0.8,0.6,0.22835998028035834,0.8495232525193585,0.8698893876506179,1.2673439718535493,1.23734126915164
0.6,0.9,0.5,0.3,1.0,0.0,0.9482816004523095,0.08282605771733209,-0.08694233840744212,3.0039328200660966,2.6405631724296255
0.1,0.7,0.6,0.2,0.5,0.3,1.3764725526859964,-0.17826076339357305,-0.4542675439856711,0.5707305295096312,0.2862440548259845
0.0,0.9,0.1,0.5,0.3,0.7,1.0973432802126055,-0.17361514834785446,0.0033072238067047843,1.5699298521680218,1.1779850398188472
0.9,0.6,0.4,1.0,0.8,0.2,0.6598324472460729,0.2570817793247688,0.3170367581199538,2.8114443657839225,2.5766113209794828
0.9,1.0,1.0,0.6,0.1,0.2,1.4958175884584275,-0.5870723928720887,-0.6714922099990234,2.6446306758934597,2.3357608101374314
0.7,0.6,0.4,0.2,0.2,0.7,0.6834968274951649,0.5491406651038307,0.20760408258429616,3.3507459249447527,3.1721732337857382
0.1,0.2,0.7,0.9,0.0,0.2,0.5935741111072348,0.3911753745548914,0.18044098548551601,0.5125378467507062,0.14108315763947538
0.9,0.7,0.7,0.9,1.0,0.4,2.1290315280237713,-1.3354218890115865,-1.3939204793151565,3.7418556901807327,3.710444676701917
0.2,0.1,0.5,0.7,0.1,0.6,-0.3873790083022479,1.1055882834983368,1.1561876951370091,1.281296321332812,1.060098008919548
0.8,0.0,1.0,0.7,1.0,0.8,0.7344484937524316,0.32344831674033836,0.2263161044055608,3.210333678174192,2.623004543440636
0.8,0.3,0.7,0.1,0.5,0.4,0.7533717604638209,-0.025409104303376947,-0.13703880819867484,0.9314040525259565,0.9835335376149418
0.6,0.4,0.3,0.0,0.5,0.5,0.6083961521590291,0.32147950661225944,0.31297648550600077,0.13678476896997774,-0.18266752010743248
0.4,1.0,0.3,1.0,0.6,0.0,1.6461277414716151,-0.9729366554930265,-0.9821076052718157,0.19691055948295128,0.022839438449073483
0.8,0.7,1.0,0.4,1.0,0.2,2.378656966930476,-1.5316877301377958,-1.8178052528993476,3.525162498472834,3.3307551649720057
0.6,0.2,0.9,0.0,0.8,0.3,-0.602754526407847,1.560169022457867,1.445831956465935,1.8840314088932493,1.8049961422952467
1.0,0.0,0.7,1.0,0.0,1.0,0.3412299547878484,0.56934770826137,0.4780768371681564,3.4905128738325994,3.4630962246274106
0.1,0.7,0.5,0.9,0.1,0.9,0.9618864833590627,0.1410763129367561,0.01428018947886063,3.3941459002965173,3.190099501878908
0.8,0.7,0.7,0.3,0.6,0.7,1.0206706128810594,-0.02853199965453214,-0.17000748133687088,2.408615493452786,2.2463542376344163
0.3,0.2,0.8,1.0,0.4,0.6,0.35020530218764323,0.7957065660454486,0.4957284131232542,1.9080698993911926,1.7087982592793718
0.3,0.7,0.4,0.8,0.1,0.1,1.3251915954705356,-0.2691609494493573,-0.5933184025552682,1.2545574463705718,1.2488432208174292
0.1,1.0,0.6,0.3,0.0,1.0,-0.28810987947809374,1.3468722291710402,1.1436175835719342,2.0644250589656425,1.6890902144821616
0.5,0.2,0.5,0.4,0.0,0.4,0.5952008883107093,0.4876716565194339,0.42553408233728646,1.7452413664940816,1.339265995757655
0.5,0.3,0.4,1.0,0.5,0.6,1.1719072274439999,-0.07995071616247106,-0.27802902051738604,1.7150254511709517,1.5167464675933404
0.3,0.0,0.0,0.6,0.4,0.8,0.4510893966697291,0.5865570610899412,0.4312491842812436,0.18257723091273725,-0.13979927508994955
0.4,0.8,0.4,1.0,0.0,0.4,0.9754703042259717,0.020442007421488714,-0.122226403242304,2.425827175155524,2.1382801593315057
0.0,0.4,0.9,0.5,0.2,0.7,1.0364317338187055,-0.04655124128584971,-0.017534133022458098,1.1254078945696524,0.9018934389099502
0.7,0.9,0.3,0.9,0.3,0.7,1.1253124538036336,-0.16525262572918464,0.06476123169848036,3.5433133524186413,3.3092093642977773
0.3,1.0,1.0,0.5,0.0,0.6,0.7863792143453817,0.08159994855245215,-0.2338425499225398,0.9767917980609788,0.6598651276057114
0.6,0.8,0.4,0.0,0.1,0.1,0.9782795474890329,-0.08194360637959824,-0.038683828276772796,2.325798196870739,2.1676970700792495
0.3,0.3,0.9,1.0,0.9,0.9,0.25972584141120836,0.6730830123398969,0.5356926324199685,3.176259680472962,3.0506668145289613
0.3,0.2,1.0,0.5,1.0,0.3,1.9793903516468103,-1.1155671101913827,-1.1562638080641092,1.2857843171640424,0.8294707936061448
0.6,0.9,0.5,0.3,0.3,0.1,0.6902494611360043,0.2452312231356321,0.3018473179526522,2.6045206569836714,2.6741765046789023
1.0,0.4,0.3,0.1,0.4,0.3,0.9996590590234742,-0.3378720376307175,-0.17138107941924347,0.8618047898284971,1.0805825047619164
0.4,0.8,0.8,0.0,0.3,0.9,-0.01575925731757835,0.8904249519098143,0.7780698098711017,2.768034112261996,2.7624881961018724
0.1,0.1,1.0,0.5,0.9,0.3,0.7919689371236432,0.2675414055851648,0.1557501650051881,0.5763582275995085,0.48403481229915457
1.0,0.7,0.0,0.3,1.0,0.6,1.5185588272513604,-0.5208434138349708,-0.623114680356699,4.028346788871797,3.5573392235948065
0.1,0.6,0.6,0.2,0.9,0.2,0.5288047228131334,0.34841253619663987,0.43112592252892296,0.7422129119403187,0.5565224441864767
0.8,0.1,1.0,0.0,0.0,0.1,0.2695945658886398,0.9488678017292702,0.7156412167878141,1.965556360170613,1.8964564807924968
0.4,0.9,0.0,0.2,0.6,0.0,0.5653030186971975,0.2430709042080169,0.3515980115918028,0.3511659053158726,0.07989688330071598
0.1,0.5,0.8,0.5,0.0,1.0,-0.2552541846331091,1.3843565000958427,1.2537947495201551,0.679158062842518,0.4749463505778623
0.8,1.0,1.0,1.0,0.7,0.4,1.2042282325852534,-0.08027444221241663,-0.19626891252921383,2.8625853403865507,2.7472565842956613
0.4,0.5,0.4,0.4,0.2,0.8,0.7110794555517197,0.37263198746761445,0.31397419702306306,1.6750668988113515,1.470272826768184
0.1,0.2,1.0,0.0,0.7,0.1,0.3043517819502461,0.5233750768142338,0.5851811874463353,-0.517763059157569,-0.5764011221101338
0.5,0.2,0.0,0.4,1.0,0.4,1.4378344447589317,-0.20049529438604208,-0.5739961169707417,1.6074351554681487,1.4497258817256327
0.8,0.5,0.4,0.3,0.7,0.4,-0.2488292652140838,1.1653721982624563,0.8710904496628228,0.9972259505428855,0.9349678277374941
0.2,0.7,0.6,0.3,0.7,0.0,1.3669532690300064,-0.28669834510364584,-0.19766389360299733,0.34349709915869636,0.0909301432442456
0.7,0.0,0.8,0.9,0.1,0.0,0.7813586422034061,0.3349159905942166,0.21168964033089804,2.1239151681161466,1.9906300174147422
0.4,0.4,0.4,0.6,1.0,0.8,0.9731935298958645,-0.4042387056351914,-0.19989210023778045,1.3275856036720188,0.9312888438835395
0.8,0.4,0.0,0.7,0.8,0.4,-0.08431768040893486,0.9819584856015733,1.1007053221558056,1.0907216100116879,0.7920973392232211
0.6,0.6,0.4,0.6,0.8,1.0,-0.14088883896279575,1.2191358446744682,1.075715239924412,2.3884271895663547,2.2576442495113924
1.0,0.4,0.3,0.2,0.1,0.2,1.0830791202555314,-0.22537333659596515,-0.3708358525330006,1.7822775849962527,1.6281642521425201
0.7,0.6,0.5,0.5,0.8,0.7,0.39333267637545677,0.5635641732558108,0.4700136565374554,2.609725396522747,2.364308515140385
0.8,0.8,0.4,0.0,0.2,1.0,0.7046747504241572,0.24732363534404375,0.12237907973571736,4.581397577560661,4.554028411801232
0.4,0.7,0.3,0.3,0.9,0.8,0.6375271588290745,0.07136000074008012,0.17087856918076746,2.378327202052057,2.049337822151295
0.9,0.6,0.2,0.6,0.0,0.1,1.7908621132659457,-0.9025561683316234,-1.0345929145671695,1.6056542863992689,1.4180971402287903
0.1,0.0,0.5,0.2,0.6,0.0,0.4809830459231796,0.382107049027021,0.33083550939357864,-0.751475965155152,-1.0782485913071578
1.0,0.3,1.0,1.0,0.6,0.6,1.7382924072136827,-0.7574505386466792,-0.7444276973309596,2.85057663704664,2.5500997550180275
0.2,0.5,0.7,0.3,0.1,0.0,0.41950227604715784,0.3907356523449669,0.5007659363585224,-0.07467556755433864,-0.24681734155013763
0.1,0.0,0.5,0.1,0.7,1.0,-0.6861032706300049,1.5389840830236332,1.6018884771922495,0.7213530240832245,0.4765414576642789
0.4,0.9,0.0,0.4,0.4,0.7,0.31090923851283614,0.7041942268276595,0.4720924354800914,1.6603293588783572,1.3317091789049782
0.9,0.9,0.3,1.0,0.7,0.9,0.6511114497062179,0.39031226610849556,0.4128210347518935,3.3769978481437635,3.3651829764660883
0.2,0.5,0.5,0.3,0.6,0.4,0.02722878925662653,0.8476938166594364,0.7080488865398011,-0.35750649820534336,-0.5724127059637942
0.5,0.4,0.3,0.8,0.7,0.5,0.5155982712351115,0.42071940870970415,0.19531830261990357,-0.19574036118074645,-0.2712802320530879
0.8,0.2,0.2,0.8,1.0,1.0,1.13371720845928,-0.0940864744432573,-0.1757444998707634,4.23319227747482,3.890817921448983
0.7,0.9,0.1,0.0,0.6,0.3,0.7600859927349105,0.1665370070016417,-0.019014481383965526,1.6931134454108345,1.2067406074731533
0.1,0.6,0.8,0.8,0.8,0.6,-0.8740755162448632,1.9080424491717685,1.6217482005629127,0.5618079967420622,0.2409060451267104
0.1,0.3,1.0,0.5,0.9,0.7,1.1563174318709903,-0.12997587122763232,-0.22994286456715612,0.9790268771755759,0.6613585792673691
0.9,0.1,0.6,0.3,0.2,0.3,1.1639630599210244,0.08532938165829282,-0.16096917962814278,3.145343908054391,2.975875759707082
0.6,1.0,1.0,0.3,0.7,0.2,0.6616733298215722,0.7028345830624649,0.35426476227391807,1.4387563296104073,1.2802783943550506
0.1,0.0,0.6,0.8,0.6,0.4,0.8285133286429176,0.3870490402368265,0.36503488455110733,-0.8789172812456808,-1.2109923612225597
0.9,0.1,1.0,0.7,1.0,0.6,0.8356956312091067,0.2651519655522021,0.2424214253893792,3.1195180286254,3.0776423741176613
0.5,0.3,0.4,0.3,0.8,0.8,-0.5605817884897502,1.4685970255361656,1.354159818058904,1.6397624254918806,1.4057857931027034
1.0,0.6,0.4,0.1,0.9,0.7,0.06635941581394286,0.8559858293531303,0.8895303831220225,3.2572153179082233,3.0700861939632116
0.9,1.0,0.9,0.5,0.5,0.9,0.6298500165144901,0.5247714120673687,0.5250498496235847,3.1780913607557593,2.9172982501564855
0.3,0.9,0.0,0.2,0.7,1.0,-0.7093604848705282,1.5017953308303242,1.5049231050877816,1.723204694661398,1.4831959086796358
0.1,1.0,0.0,0.1,0.8,0.9,-0.7215702648163703,1.8798811413244068,1.6851318399174555,1.0913095168538007,0.8083440629063434
0.4,0.0,0.0,0.7,0.0,0.9,-0.4496842725958753,1.3655913393307333,1.2821426481254754,0.8341214809598857,0.8144939575731185
1.0,0.0,0.7,0.0,0.5,1.0,0.05728811720475334,1.1021351916018993,0.7856890529815518,1.7845837788769974,1.7770034569825723
0.5,0.7,0.8,0.4,0.8,0.9,-0.033434541000153056,0.8536069852777453,0.9732375231201147,2.818021100133868,2.4625539348331507
0.0,0.0,0.5,0.0,0.3,0.0,0.7262031836347762,0.24567888708500707,0.25713100062891053,0.0739891806524966,-0.16574533658229948
0.3,0.2,0.8,0.6,0.3,0.4,0.8854441237340517,0.004486661663993835,0.10355100383989757,0.6901382747767362,0.6778920076659314
0.2,0.7,0.1,1.0,0.7,0.3,1.7307607420410618,-0.7106404040673338,-0.9763081807475504,1.473546006110928,1.3370629221742072
0.1,0.9,0.9,0.7,0.5,0.4,0.04612217597775725,1.2046913931918455,1.2351027044307907,0.32807485473293646,0.10586660970918599
0.1,0.0,0.3,0.5,0.9,0.1,1.2434232656055784,-0.34432848204230154,-0.41705505556274874,-1.0595055737826153,-0.9219224751321519
0.9,0.1,0.9,0.2,0.6,0.2,0.2929697847464969,0.9829634153859134,0.9176612401760258,1.9122811754280635,1.7054237857765817
1.0,0.0,0.7,0.2,0.6,0.8,0.17941371355097555,0.9852240219219438,0.49509816960502306,1.5850462400492749,1.2916870851752107
0.0,0.0,0.2,1.0,0.0,0.8,0.7147911922446318,0.2089433605160906,0.05632781756108393,1.2967021741500586,1.038795116608297
0.3,1.0,0.1,0.3,1.0,0.7,0.8540174087926892,0.018497989460762226,-0.009456329016723511,2.0779235167079215,1.921113839075579
1.0,0.5,0.3,0.6,1.0,0.6,1.521362701194982,-0.5308100927304116,-0.7117680350668505,1.9893348648643925,1.8988946678124203
0.3,1.0,0.2,0.9,0.4,1.0,0.9984883393184248,0.07009785844144721,0.18744862477196678,2.396819088845647,1.9694308528139408
0.3,0.3,0.8,0.6,0.3,0.0,1.6303788081654234,-0.5300645230038894,-0.6595273859003771,0.33085340517696016,-0.11229377794346702
0.3,0.3,0.0,0.6,0.6,0.2,1.6214395426670114,-0.5800254297476433,-0.5664778679227737,-1.2122575564384774,-1.3446099630315205
0.4,0.9,0.9,1.0,0.6,0.0,0.9890813340021952,0.01966266850259062,-0.060468853711774136,1.374311398805808,1.4833734378733197
0.7,0.9,0.8,0.6,0.4,0.5,0.18583894467553014,0.7708237886684615,0.818075421922701,2.0789451749072327,2.138284602292313
0.1,0.9,0.6,0.2,0.1,0.0,0.6777196139789802,0.17319874787423672,0.18015737149588448,1.2584952563641527,0.9487715913723671
0.5,0.5,0.8,0.2,0.2,1.0,-0.29401141194599273,1.2851650105713572,1.1898014914920867,2.963143475198986,2.7286315795101355
0.1,0.5,0.0,0.7,1.0,0.0,0.8593844480257032,-0.07547608335897016,0.057398382525829905,-0.3362037403397287,-0.5939679078734748
0.5,0.9,0.3,0.2,0.7,0.0,0.33496269847150306,0.7482760990721598,0.11495495953680884,0.6742100242080971,0.34367552076802443
0.0,0.1,1.0,0.3,0.9,0.9,-0.8175542795012238,1.7169756625522208,1.6851715946581185,2.1883332168371954,2.066896113759804
0.8,0.6,0.1,0.2,0.0,0.0,0.8055637802206346,0.2909888103244824,0.20595604791040995,2.384467710318838,2.1829586295866794
1.0,0.0,0.8,0.9,0.6,0.5,0.6945265251296336,0.38638888072574795,0.3988746766708902,1.5420280958205268,1.6309044539139719
0.3,0.3,0.6,0.3,0.1,0.7,0.7851224953451071,0.30016466453239316,-0.004583076041569836,1.766433728777951,1.4286215449910433
0.0,0.9,0.2,0.6,0.9,0.1,1.2795987927844883,-0.2689928072301676,-0.41016099787118365,0.4886491232684952,0.06191884439162432
0.8,1.0,0.2,1.0,1.0,0.7,2.021522999629266,-1.0995685683177594,-0.9416226014277169,4.1926522918214735,3.854297386314747
0.7,0.4,0.0,0.2,0.0,0.3,0.2345651212889571,0.5579758984518318,0.651212547984372,1.2434703767480009,1.1326349486668166
0.2,1.0,0.1,0.8,0.5,0.8,0.20164215506181637,0.7886702489986149,0.7200817831777532,1.0144923932039152,0.762225430884101
0.2,0.2,1.0,0.7,0.3,0.2,1.1046748061180374,-0.11903124305104337,-0.11170412662996108,0.623506485725746,0.5810307820054141
0.0,0.6,1.0,0.4,0.1,0.8,0.8729964811864404,0.3133864534043526,-0.02387624266011394,1.7384359262291158,1.3825799373199235
0.1,0.0,0.8,0.0,0.7,0.2,-0.3801509947516486,1.2603696299549336,1.074660139081776,-1.3522029479497248,-1.4895652213706803
0.2,0.2,0.2,0.5,0.8,0.4,1.143099792152711,-0.20126803102998314,-0.12685199526760527,-0.08138681743531481,-0.28204535946878395
0.3,0.9,0.0,0.6,0.1,0.6,0.7752323457244757,0.3886449983940547,0.2683722077880488,1.1239711758566446,1.0870643318906408
0.9,0.1,1.0,0.6,0.9,0.6,0.3869460499692481,0.751966265315866,0.4952084373677893,2.881868289154134,2.869043337316124
0.6,0.6,0.4,0.8,0.3,0.0,1.260027985876867,-0.11112337373967443,-0.15153754849490209,2.001446510544781,1.5133574401455037
0.0,1.0,1.0,0.7,0.3,0.1,1.0449181957145253,-0.12441501148712776,-0.027453479500334443,0.6489439777897401,0.34978357117452186
0.3,1.0,0.6,1.0,0.6,0.3,1.499440565815096,-0.49087965775380543,-0.7007903991480904,0.5586712989420433,0.37116286253799136
0.9,0.4,0.6,0.1,0.4,0.1,1.092397937155484,0.020517088165362685,-0.2724986098978371,1.7654928228071505,1.32367830343081
0.5,0.3,0.2,0.2,0.2,0.8,1.5647395631075172,-0.3896191787186059,-0.579127966200629,2.6384387713895823,2.341661317479924
0.0,0.1,0.5,0.4,0.0,0.6,-0.3811522053330182,1.2685494812538576,1.2090100779875856,0.8411130416596979,0.7811913115498867
1.0,0.2,0.5,0.7,0.9,0.2,0.46477583772070535,0.6043358095790082,0.6392251803860094,2.851087324872833,2.4639951616259377
0.9,0.1,0.9,0.1,0.8,0.5,-1.0114221363657596,1.9755270886963034,1.9077667972482892,2.9423709524489183,2.8105434469219475
0.6,0.3,0.8,0.3,0.8,0.3,-0.09934927364939554,1.1856473068453435,1.0212300654484843,1.5941235256363024,1.0756685804567405
0.4,0.2,0.8,0.4,0.3,0.5,0.6053353497985584,0.18476874303481336,0.2778729275953298,1.6828378221470144,1.2899926461156306
0.1,0.6,0.5,0.2,0.7,1.0,-0.474587747827014,1.6029423516341617,1.387160411270568,1.5463680558411317,1.5248115759791223
0.0,0.0,0.8,1.0,0.7,1.0,-0.3466576117080836,1.3613944727028835,1.4657809751573543,1.2642723380777359,0.8666904689641975
0.4,0.5,0.1,0.0,0.8,0.4,-0.2649843446469793,1.3509716394941196,1.0969047428995773,0.25489995178486713,-0.13459420626529597
0.4,1.0,0.8,1.0,0.0,0.7,-0.027686629819552867,1.024646651834788,0.8352111220194753,2.3549619793189476,2.0401322118280523
0.5,0.1,0.3,0.1,0.4,0.1,0.4171650474938841,0.3017080316509492,0.4170364665944824,0.5476182153415684,0.25983933860314995
0.1,0.6,0.6,0.1,1.0,0.3,1.4689682212166808,-0.4562827227709928,-0.5998731812488158,1.0278025832218582,0.9683495645681094
0.7,0.4,0.3,0.6,0.5,0.3,1.5566598744971551,-0.5762710751782467,-0.5294846868741636,-0.04608889646556401,-0.39053271184677785
0.5,0.4,0.1,0.6,0.3,0.8,1.2298278173795012,-0.251501572563822,-0.2790393289881975,1.636139197309565,1.5209788781959621
0.6,0.9,0.1,0.4,0.1,0.6,0.9280341518950237,0.08172486778478116,0.019019615652461786,3.2225788326564433,3.007808601992155
0.9,0.6,0.5,0.6,0.4,0.6,0.9630858418292557,0.2424119260370785,0.01282088142476917,2.405355201232922,2.402063329897489
0.0,0.6,1.0,0.5,0.1,1.0,1.1149548378372203,-0.16467999730913052,-0.2048778851230079,2.0902493407400704,2.0176836791986967
0.8,0.7,0.8,0.8,0.7,0.2,0.6495042717682893,0.49099009431005225,0.24023884956782698,2.1751253186202315,1.83707893915891
0.5,0.9,0.1,0.8,0.1,1.0,0.03692021560726472,0.8051790419928511,0.7477971205927559,3.823071880837869,3.732861820602393
0.2,1.0,0.3,0.3,0.7,1.0,-0.01810245726689807,1.1140797224411956,1.0125604424572396,0.7674862686025087,0.6476351927172895
1.0,0.2,0.8,0.4,0.8,0.3,0.08145018531981696,1.041217022732301,0.821091969096922,2.2054385877994447,1.988127913358702
1.0,0.5,0.4,0.3,0.4,0.9,-0.20758898107730472,1.4047408842338476,1.3453489611498792,2.957422922006565,2.7363938002059256
0.9,0.3,1.0,0.3,0.6,0.8,0.7829464268879281,0.16759387805767506,-0.058725360631286944,2.370992394256923,2.2254011011889197
0.5,0.8,0.8,0.8,0.8,0.8,-0.8062776893792701,1.9082592258384379,1.672993269573154,2.6854921617210032,2.5597057184857257
0.0,0.3,0.5,0.3,0.6,0.6,0.6028428560840378,0.5738230617632674,0.47373657522284973,0.1407822935845662,-0.1588666958117861
0.5,0.0,0.0,0.5,0.0,0.0,1.074680901185788,-0.232698777601567,-0.2240525217631997,0.13644055758328844,-0.44738042406921263
0.8,0.7,0.7,0.4,0.1,0.2,1.7409854095689985,-1.037979232019742,-1.192121444338446,2.937015335109807,2.578671805632227
0.1,0.3,1.0,0.4,1.0,0.9,1.51572323064341,-0.4939880910769803,-0.5390100360461838,1.9888702193319872,1.8324002802143917
0.2,0.0,0.1,0.1,0.4,1.0,-0.01613034302491448,0.9225167237849418,0.8616165013174093,1.3323511983564653,1.2116639915959506
0.7,0.1,0.9,0.6,0.5,0.4,0.11088175126721445,0.8328170206488001,0.6708570895470622,1.682788398325176,1.4407895502247259
0.1,0.2,0.8,0.9,1.0,0.5,0.8335302494260561,0.15231733422565646,0.18182713705822423,1.5812912375861716,1.4425627579242868
0.5,0.4,0.1,0.9,0.2,0.6,1.784820278072812,-0.672780942445876,-0.4370242563986664,2.428873040067902,2.372097997485292
0.9,0.6,0.2,0.5,1.0,0.1,3.1802585266267624,-2.1008044481346118,-2.0230533615292305,2.332008416681182,2.1506137824681506
0.6,0.0,0.6,0.2,0.6,0.8,0.31320921417402137,0.6251965461181881,0.5008235813643332,1.4627246462618095,1.1230530757708679
0.6,0.9,0.2,1.0,0.4,0.9,1.0650574737263938,0.051505765023266065,0.08702497018494043,3.8555958126164365,3.5913086892173327
0.2,0.4,0.7,0.8,0.0,0.4,0.25149821886785395,0.5652674730561678,0.6475600286264024,-0.4510507879592748,-0.7437746255735447
0.5,0.5,0.1,0.6,0.6,0.7,0.7205894445398917,0.14912655794952126,0.4097629206135379,0.16310119694643177,0.10125666325233158
0.5,0.1,0.3,0.9,0.5,0.4,0.6995609515377774,0.22924796326417662,0.10276404620534194,0.6894172001552485,0.5814955237268696
0.7,0.0,0.4,1.0,0.3,0.6,0.9919229834033402,-0.08745617995365211,-0.24430957258642047,2.942875363336295,2.885437434306176
0.1,0.2,0.8,0.3,0.4,0.0,-0.0410832726268584,0.9255009420092764,0.8448646270828347,0.011617985706420142,0.1406236415667801
0.5,0.6,0.8,0.9,1.0,0.3,1.2950576960444706,-0.4470412133146596,-0.3223894185301356,2.4679288366655907,2.2595318801731965
0.0,0.2,0.5,0.1,0.8,0.8,-1.0001737292658288,1.8748101787408782,2.0112971976440006,1.4883186726792017,1.1447244133156038
0.9,0.3,0.8,0.3,0.0,0.6,0.06068562015166733,0.9556982863023543,0.8758814865850926,2.5307193530569303,2.4408021980022014
0.0,0.9,0.4,0.4,0.0,1.0,-0.3631863865160779,1.5170315052894359,1.1943604520826931,1.7900808453727735,1.496269757005673
0.8,0.0,0.6,0.5,0.8,0.9,0.2555508961413873,0.6727181459291478,0.5307382031879835,2.456812359856856,2.3155349369794878
0.4,0.5,0.4,0.7,0.7,0.2,0.0018585716306986117,1.1117000948715696,0.9932144365275086,-0.8585570559269,-1.259754560548391
0.9,0.4,0.5,0.8,0.6,0.2,0.8452975905709446,0.20743246423378264,-0.10048637561424528,1.1143534342987946,0.7800974908087472
0.1,0.2,0.2,0.0,0.3,1.0,0.8230105991920147,0.26049657024076067,0.20776469169917067,1.8142449370368863,1.5286073754727139
0.4,1.0,0.9,0.3,0.5,0.7,-0.10694274229105816,1.2004963359831375,1.2407571113132234,1.5282180849196514,1.332968991221741
0.4,1.0,0.6,0.5,0.9,0.5,0.9843813577427336,-0.11567097175711546,-0.25186772046540146,1.117519265013988,1.2622458511533992
0.1,0.3,0.2,0.0,0.0,0.6,0.7790483348725471,0.12354480453197807,0.09959898629660174,0.10346807774154361,0.029399140157991138
0.7,0.6,1.0,0.7,0.0,0.6,0.1567489323616066,0.6150870785107386,0.668759231746103,2.5660070921706657,2.246492716944839
0.6,0.6,0.0,0.1,0.4,0.4,0.7096648306038773,0.5161273440599097,0.2416602888059151,1.6112017814393158,1.4742413360452236
0.6,0.5,0.0,0.2,0.5,0.6,-0.18302114833852223,1.1850462979965841,1.0949377808617207,1.0115878398317852,0.6791317385890339
0.4,0.2,0.3,1.0,0.5,1.0,0.8205646948912948,0.21047014823551655,0.08327001590931582,1.9479693960707856,1.8505043249380397
0.1,0.6,0.0,0.2,1.0,0.4,1.0460134255370124,-0.16242120786094794,-0.08543406140239199,0.907513893051252,0.6758152944413875
0.5,0.0,0.5,0.7,0.4,0.0,0.46011135808471026,0.5216281950999848,0.3746516406746597,0.572804117945319,0.45044317073742024
0.3,0.0,0.9,0.7,0.4,0.8,-0.40866040624154704,1.5131695558996812,1.3568698831108585,0.7617121405310558,0.8314484099320474
0.5,0.9,0.9,1.0,0.6,0.6,0.3826769466728198,0.5516540950687472,0.3862221406893711,2.5618533442487634,2.429536779396905
0.8,0.1,0.2,1.0,0.5,0.1,1.6222606581120305,-0.3911382516886401,-0.7675427300801723,2.2155281341202855,1.912578438038197
0.5,0.8,1.0,0.9,0.0,0.0,1.3864017896562446,-0.3160570175893648,-0.3978903658360993,2.533711235886133,2.4908535259353557
1.0,0.2,0.0,0.0,0.9,0.8,-0.247175900027444,1.1369022161727191,1.1144871975445625,3.13941170908551,3.032346179612001
0.7,0.3,0.0,0.0,0.0,0.0,0.5891436558897857,0.2979422851216118,-0.001087320434558392,0.9529030107369718,0.8626727882749315
0.2,0.7,0.2,0.8,0.2,0.0,2.6248268746201853,-1.3309596411106033,-1.5649171451372912,1.3110213500748127,1.2903161181046203
1.0,0.6,0.2,0.9,0.4,0.3,1.9045315115631647,-0.8984999207106531,-1.0594933238834356,2.5761855353727645,2.4000958479208787
0.4,0.0,0.2,0.6,0.7,0.1,1.5682595240341934,-0.596869993393357,-0.8079860265467312,-1.1340169731998424,-1.321963961590383
0.7,0.0,0.6,0.5,0.2,0.7,1.7164629997988645,-0.5694069689159026,-0.8830115312029723,2.5520467108945213,2.2220488581789373
0.5,1.0,0.6,0.3,0.5,0.1,0.9263923992004842,0.15358533405623312,0.0159734149123419,0.76734751875622,0.5807062326978031
0.8,0.4,0.8,0.0,0.2,0.2,0.9074772277523145,-0.06683096413103035,-0.22149191278449562,1.8454188325628598,1.4853379589431055
0.7,0.5,0.0,0.7,0.2,0.3,0.8866655917235957,-0.02551895564335943,0.2134666765042887,1.7792947522415807,1.3378610465173182
1.0,0.6,0.8,0.2,0.0,0.4,-0.05200452186016964,1.0538168485936372,0.9036304729330626,2.5356356450988238,2.3196096204426078
0.1,0.8,0.8,0.1,0.5,0.5,0.31331600854547415,0.6439379863388618,0.7575672738091219,0.7203118593381684,0.5218662290671477
0.0,0.9,0.4,0.2,0.9,0.5,-0.5213584915218212,1.5152521066335944,1.3333324669945805,1.5071680670786742,1.0208956720756257
0.6,0.9,0.5,0.5,0.0,0.9,0.21310626324727527,0.9289893549521353,0.6915306715388416,3.3536052474100133,3.2414420917430884
0.5,1.0,0.4,0.3,0.7,0.2,0.17342252105982298,0.7971764368700472,0.734848279172689,0.6603353990248169,0.21979932567297764
0.9,0.8,0.5,0.6,0.6,0.8,1.002299150049886,-0.20350579089405976,-0.17260206673819709,2.8694573479427516,2.893370689980634
0.8,0.3,0.3,0.9,0.9,0.0,1.7472928884442913,-0.5592590613432289,-0.8176471636798649,2.0301750691505527,2.1222944538590194
1.0,0.2,0.4,0.2,0.1,0.7,0.2961202607038088,0.9576650931520697,0.811866596434378,3.5191286857599207,3.2787190534691897
0.5,1.0,0.1,0.3,0.7,0.4,0.39038434520594517,0.34572492634998847,0.3748909388721644,1.1379119340773314,0.8519284933575128
0.1,0.6,0.5,0.3,0.3,0.6,0.4125642223701803,0.44892391613299515,0.395264539238533,1.6075322366612392,1.289648196441705
0.2,0.5,1.0,1.0,0.7,0.4,0.5468215315935173,0.2413668758514677,0.15714606723374341,0.42008995944546074,0.13232692808056895
0.0,0.8,0.2,0.6,0.6,0.4,1.9814965220454657,-0.9375209071600877,-1.1260243303347768,-0.39968268128975265,-0.4812349332913114
0.8,0.9,0.9,0.8,0.4,0.6,-0.3862358970647728,1.303143598309905,1.1337329009159343,3.441725855853914,3.259391379646277
0.4,0.5,1.0,0.5,0.9,0.7,0.7514368445262668,0.377635176548631,0.260740395541499,1.3669099936679554,1.1872638119634538
0.5,0.3,0.4,0.5,0.6,0.3,1.762220854772089,-0.7969198011544272,-0.8663968023808597,-0.3123294208586,-0.30873063968366077
0.2,0.5,0.6,0.3,0.4,0.0,0.32404457593995073,0.4377003444462011,0.3024052935240267,-0.1878315160133479,-0.23382879876899054
0.1,0.6,0.5,0.9,0.5,0.5,0.6209054652275127,0.38337485779705777,0.3554018175439333,0.705530031896555,0.6253037445209314
1.0,0.9,0.8,0.4,1.0,0.9,0.5387542769882756,0.41885670715511025,0.4462527582143594,4.19590928005122,4.19201765576789
0.6,0.1,1.0,0.3,0.9,0.0,0.1001509051132152,0.8755216674629164,0.6913436390184375,2.1659596355510677,2.2072630313936106
0.4,0.6,1.0,0.6,0.1,0.4,1.583021171913521,-0.4364883805558359,-0.655701907944387,1.4902786343673078,1.146926982547197
1.0,0.0,0.0,0.0,0.0,0.5,0.11847602922519139,0.9895791283292538,0.719845108035543,1.6566094332444778,1.232583356162069
1.0,0.5,0.4,0.3,0.0,0.6,-0.26272290812361077,1.2552472221432593,1.109060554518934,2.105919533109863,1.9484509871956237
0.0,0.9,0.0,0.1,0.3,0.5,0.37800440458334195,0.7185444047834664,0.6665333374329783,1.0535016190192135,0.8123394904313334
0.7,1.0,0.4,0.8,0.7,0.1,0.33550859570631947,0.5630774872594372,0.57174534252819,1.2359927949870937,0.7750452259188874
0.7,1.0,1.0,0.1,0.6,0.2,1.1347967242803365,-0.04723035937762144,-0.21610399826572102,1.239471136821178,1.176840649133126
0.7,0.9,0.9,0.3,1.0,0.7,0.1212588972871335,1.0127356816591253,0.7476007799428493,4.217504678288992,3.8848342038009385
0.5,1.0,0.8,0.9,0.5,0.1,0.6723273211012097,0.0396979585220075,0.16649382966519918,0.914868065458819,0.8136073321725766
0.5,0.0,0.5,1.0,0.8,0.6,0.020357515147224548,1.0027075615143541,0.8915010159102459,2.1538513809072346,1.6493262800713024
0.4,0.1,0.2,0.4,0.0,0.7,0.55732113180708,0.5412168999954448,0.29900949047834535,1.3501750042604155,0.9387722256003979
0.8,0.9,1.0,0.4,0.6,1.0,0.4384233018433129,0.5132508136548203,0.39557627353368097,3.4098434938795457,3.1723081031771727
0.5,0.9,0.8,0.1,0.7,0.4,-0.2869612921155665,1.4670582486556574,1.3790138884471106,1.305886892515143,0.9954172527631664
0.7,0.3,1.0,0.0,1.0,0.9,0.9217536900371066,0.07072745083887536,-0.15688150231718723,3.4656830025878524,3.445776596606001
0.1,0.0,0.8,0.4,0.0,0.7,-0.49645538037768244,1.2348400351782995,1.0601101917521119,0.20833137590434092,-0.12477812972922356
0.7,0.6,0.2,0.5,0.0,0.3,1.9035323337175227,-0.8986877497725585,-1.0599675000284412,1.6658126173829118,1.2920307973790688
0.7,0.2,0.3,1.0,0.8,0.6,0.4936976966850652,0.48689822540557504,0.5087164249554001,2.7190957661171637,2.696878178521122
1.0,0.6,0.7,0.0,0.9,0.1,0.6157584875854432,0.3033024732061195,0.13252555959624723,1.752836515225474,2.0226651383055816
0.1,1.0,0.8,0.1,0.1,0.8,-0.2704320136457302,1.3356172549171759,1.366702382781838,1.4201474070687439,1.3972672318322543
0.5,0.6,0.2,0.2,0.8,1.0,-0.14201583274152962,0.9838400874988208,1.1471518973291512,2.523666273946995,2.4594436157407604
0.9,0.6,0.5,0.0,0.7,0.5,0.2327048634101954,0.7648804623332556,0.7584858329767337,2.0636250261549143,1.7336907015590999
0.6,0.8,0.2,0.0,0.8,0.1,0.9348518143798636,0.0933714118170885,-0.09855009904631902,1.7296562631392163,1.745189232536768
0.2,0.6,0.9,0.3,1.0,1.0,0.324323326992896,0.6950958991563544,0.7590401021477524,2.9581525523237517,2.941609534597771
0.5,0.0,0.3,0.8,0.2,1.0,0.7132370313140796,0.08278208176733352,0.06357803901186862,2.502669653139266,2.1757835378020083
0.8,0.3,1.0,0.4,0.5,0.4,1.539199082350607,-0.5284104535505887,-0.7488928185427861,1.6209710051048298,1.5682524650374612
0.9,0.4,0.8,0.2,0.7,0.2,0.021110814977617416,0.9203457570415066,0.9255336985692983,1.2486454154429727,1.008777173697922
0.8,0.9,1.0,1.0,0.2,0.5,1.6317420756100671,-0.4833083228976249,-0.6072183263634585,4.641685793759069,4.537743574531469
1.0,0.1,0.8,0.1,0.0,0.0,-0.28034862605114497,1.2044075025644225,1.115521859163444,2.060751045161439,2.046967012097341
0.9,0.0,0.7,0.6,0.3,0.0,1.5062227854761685,-0.6371333885281141,-0.8588577095934282,1.1914767137628195,1.0165630966519978
0.0,1.0,0.5,0.6,1.0,0.5,1.1269180313186222,-0.283234998705878,-0.13860530603687152,0.907437280993965,0.8114732887631423
0.7,0.3,0.1,0.9,0.3,0.0,2.1290525222091805,-1.2077835389388774,-1.0337034506945133,2.724356789007968,2.3543376192279983
0.8,0.3,0.6,0.5,0.8,0.7,0.82130821312961,0.05274633727074892,-0.03658953035538613,2.187181039687179,2.1640201565622004
0.0,0.0,0.7,0.1,0.7,0.6,-0.35835630026974763,1.0969937678340114,1.0885180157827852,-0.9612923814462444,-0.9219859384980933
1.0,0.5,0.4,0.4,0.5,0.3,0.91916334489157,0.39329712015341967,0.09232694617777802,0.6659054231453316,0.7418255863313442
0.9,0.9,0.9,0.6,0.0,1.0,-0.3454990413643212,1.335753332817624,1.2435720280557452,4.023507170502813,3.909862077672529
0.9,0.0,0.4,1.0,0.6,0.9,0.6817849702035639,0.15481870578509405,0.19675592106277495,2.7612251998943256,2.5699993487423556
1.0,0.6,0.0,0.4,0.5,1.0,0.6997761050366851,0.23638757627163498,0.34146378134185185,2.9485012878366152,2.647532787751794
0.7,0.9,0.5,0.2,0.0,0.2,0.03478973324331894,1.085811160555835,0.8043854755534665,2.825546313498919,2.5657124052906837
0.4,0.6,0.0,0.7,0.8,0.6,-0.28150026747307033,1.4951089605351742,1.1162196204947112,0.7983419004228052,0.4406550390401902
0.6,0.3,1.0,0.7,0.5,0.7,0.820946761242756,0.18539305086022756,0.34638820498033396,1.561611414783594,1.199911156126935
0.1,0.1,1.0,0.3,0.1,0.4,0.31713796565718755,0.720774982925007,0.662923447576864,1.1034464718828965,1.1314481275218684
0.6,0.5,0.2,0.1,0.1,0.6,0.7682787173315414,0.4444882623509623,0.09211418027017912,2.160139780288022,1.7774816171063104
0.7,0.7,0.6,1.0,0.5,0.3,1.916305368327627,-1.0062744602366287,-0.9827656829650326,2.956778606870536,2.4441837383536544
0.6,0.8,0.8,0.6,0.7,0.7,0.27806058613058143,0.5752348185670204,0.6458496008955225,2.037219514438798,1.9060686509737066
0.5,0.4,0.7,0.8,0.5,1.0,0.0466779279392402,0.8492738763879846,0.7883807867370598,1.1897378848300526,1.0977091001164363
0.9,0.3,0.5,0.0,0.9,1.0,-0.04619216131536244,0.9870620330303854,0.9489204768527263,3.8999411917391615,3.8531477852915783
0.4,0.7,0.1,0.9,0.3,0.7,1.801592564922379,-0.8224199983023323,-1.0039382567676363,3.2622582482581906,2.989230877029651
0.4,0.5,0.0,0.5,0.6,0.7,0.7929411419963349,0.28522055553237263,0.3140467203599259,-0.2657492269878855,-0.5414500330514422
0.9,0.6,1.0,0.0,0.8,0.9,-0.464773647620619,1.1472693038497486,1.2939330419160506,3.218068775140628,3.2303244695843953
0.2,0.8,0.7,1.0,0.1,0.3,1.7140895402116325,-0.5532957047323579,-0.9096501834517073,2.2386884788324135,1.8794590286054695
0.8,0.5,0.1,0.0,0.4,0.3,0.4062727307940016,0.4068718192404223,0.29240691735726065,1.5364281858937199,1.276950190931671
0.1,0.1,0.5,1.0,0.6,1.0,0.008613495330377802,0.994461432992631,0.8901767975350097,2.0029692381580073,1.9335141630931214
0.9,0.4,0.5,0.7,0.6,0.0,0.7825051326560268,0.028331973031084107,-0.2430867895160658,0.7933464185533682,0.5053141572315432
0.0,0.5,0.2,0.8,0.9,0.7,-0.0066417669889834025,0.7331030551731272,0.9638412803713258,0.6466587183737286,0.5804310810789434
0.1,0.8,0.1,0.4,0.5,0.1,1.5260662265651652,-0.6487142314306912,-0.7361732125891747,0.6014972777228691,0.02938958093621559
0.5,0.4,0.5,0.1,0.5,0.0,0.8665582757692877,0.2685507542836848,0.1098735866713311,0.2804449606093073,-0.08975765176123202
1.0,0.4,0.2,0.0,0.3,0.2,1.8581011596781936,-0.9726888440939815,-0.9531462994928426,1.62973529683345,1.553805876633667
0.9,0.5,0.0,0.6,0.7,0.3,0.7032889973934393,0.4249078005220909,0.2407435866337166,0.4513719082100738,0.3579232253925008
0.9,0.5,0.8,0.9,0.0,0.6,-0.16758721062746823,1.276209011010349,1.215491331306874,2.648751506329551,2.2255384748264064
0.6,0.5,0.9,0.8,0.1,0.2,0.25142762368665017,0.8015511940253369,0.843329603815995,2.1333443233544584,1.916667360681658
0.6,1.0,0.6,0.1,0.5,0.5,0.6522614089427468,0.27549471585736557,0.2981425852909093,1.6549551416149055,1.2553985468828546
0.4,0.6,0.2,0.9,0.2,0.8,1.888271853429152,-0.5899124611932229,-0.8859443950409763,2.7583469199272774,2.557265061565947
0.8,0.2,1.0,0.9,0.9,0.9,0.22810787446289735,0.7762674017300516,0.6575101088259868,4.510161781226738,4.349899643802387
0.6,1.0,0.7,0.7,0.7,1.0,-0.47236937328512363,1.3728939092419512,1.2432527313046606,2.01842335266963,1.6888828502890587
1.0,0.4,0.9,0.6,0.1,0.8,0.5504017468477724,0.39531320142335225,0.081659073018999,3.12714880358213,2.8262834248635036
0.9,0.7,0.7,0.6,0.9,0.3,1.6923614145314805,-0.6544254133227225,-0.7338844362174304,2.4102445444589433,2.1325087637406552
1.0,0.7,0.9,0.6,0.8,0.6,0.47675901266894427,0.5817966788109963,0.2505309374739464,3.442330505422181,3.181805813196671
0.8,0.4,0.3,0.8,1.0,0.9,1.0805305049659708,-0.143705789302354,-0.07840497867126048,2.889987657469258,2.6540856070761487
0.1,0.9,0.1,1.0,0.4,0.0,1.1351384874447856,-0.29478219485367363,-0.23692222369105545,1.3642178615535008,1.2465931439919378
0.6,0.8,0.3,0.3,0.5,0.3,1.2308958708177113,-0.21680554793175721,-0.2577850727779046,1.4349610440910492,1.159699261520812
0.3,0.2,1.0,0.1,0.1,0.6,0.5999831973236531,0.5545114776704269,0.4720332147156123,1.7714406727663647,1.609493156646458
0.1,0.3,0.2,0.8,0.7,0.4,1.1888392672015897,-0.047793454161553964,-0.16830671839862166,-0.5854160433542298,-0.6701246378566491
0.8,0.7,0.4,0.4,0.6,0.7,1.3467942632470298,-0.33278422555386344,-0.4140579636184404,2.3836796502174753,2.1750808006390527
0.4,0.1,0.3,0.7,1.0,0.5,0.8655657904485019,0.23839891577407668,0.10012324360336194,1.0378734425698166,1.034777559986001
0.8,0.1,1.0,0.5,0.5,0.6,0.9079729607391079,0.21313655485939076,0.09871946222948368,2.056394837274081,1.8006366101548796
0.3,0.1,1.0,0.0,0.7,0.0,0.1233617515840702,0.887991045747554,0.7101193771773788,-0.34762102145189805,-0.34027791738247004
0.6,0.4,0.6,0.2,0.9,1.0,-0.07595170370538483,1.1092721405304342,0.9945966879659933,3.2828552296926037,2.7752277631229427
0.3,0.0,0.1,1.0,0.1,0.5,1.0661711918179786,-0.2918382961250828,-0.283824544365933,1.5711595756698662,1.449109150919006
0.6,0.2,0.8,0.8,0.2,1.0,-8.629364384576954e-05,1.0174443320139768,1.0053868015421148,3.9197290359918138,3.945133172426266
0.8,0.4,0.2,1.0,0.2,0.7,2.129585623895147,-0.9282345091805795,-1.1553876971855643,3.5353664408216496,3.255866026399187
0.7,1.0,0.2,0.5,0.6,0.6,1.839009077436289,-0.7938818993745476,-0.8620894641689816,1.214552275364409,0.9178201954129228
0.7,0.9,0.1,0.9,0.8,0.5,0.10350265498903194,0.8903653508359366,0.765127880683681,3.1226476332090978,2.8986867790822095
0.7,0.7,0.7,0.7,0.1,0.5,1.2840228362425214,-0.16676120103855202,-0.22978321217929493,2.5711235657700473,2.4104729023114713
0.0,0.2,0.6,0.8,0.4,0.3,0.5347314915189948,0.5953390595790427,0.41413330422478933,0.4135833395525934,0.2433088400967995
0.6,0.2,0.9,0.0,0.0,0.7,-0.5166473863113868,1.6290765862637262,1.482664330682092,2.653911706142941,2.4052768688654904
0.1,0.1,1.0,1.0,0.3,0.2,1.2033590740321587,-0.32373685467387986,-0.1885989367277367,1.58121992634309,1.5411301187725814
0.1,0.9,0.6,1.0,0.0,0.4,0.823898489520624,0.4165041003548604,0.22599527599804375,1.6998637008597175,1.4363025237153706
0.3,0.4,0.3,0.5,0.2,0.9,1.65348580558571,-0.8064886036158576,-0.8165884114967444,0.8643883958853739,0.750002759768487
0.7,0.2,0.2,0.9,0.4,0.4,1.3924722733034673,-0.2856408262430613,-0.5459100393781571,2.383926612409032,2.336549590302813
0.9,1.0,0.2,0.6,0.4,0.5,1.5603624869616557,-0.623917056309279,-0.8059959547707868,1.9314909205349553,1.7541515318680525
1.0,0.2,0.2,0.7,0.0,0.2,1.0953415068004255,-0.1873200044390792,-0.18566462590731406,1.9656638163687086,1.6329944490614934
0.1,0.3,0.4,0.0,0.3,0.6,0.738312384471584,0.2651004179100428,0.1965317710757784,0.5372724308953384,0.19369208169149768
0.4,0.0,0.0,0.3,0.5,1.0,0.11259834776042843,1.2518379347766648,0.9447027080527828,1.1344308192525112,0.8778923413129315
0.4,0.6,0.1,0.3,0.8,0.4,0.20589431219652266,0.7058558426364657,0.8339165753969984,1.1844055914293063,0.8875814313443942
0.1,0.8,0.2,0.3,0.1,0.3,1.5084153222440415,-0.6697302981910613,-0.4853895351384945,1.4573438887060841,1.2435800512093775
0.3,1.0,0.7,0.3,0.0,0.5,0.1824157729033128,0.797061158833406,0.876752948166872,0.5429250688603774,0.25201964405325444
0.6,0.4,1.0,0.2,0.6,0.5,0.6478146377805937,0.06114119789879824,0.2323213783928476,0.9392681877829447,0.6297902191931274
0.1,0.6,0.9,0.7,0.8,0.8,-1.0072120468822388,1.9085527622143714,1.840667830895518,1.329794732246798,1.132740452100115
0.0,0.2,0.0,0.5,0.8,0.8,0.006392231229454426,1.230191018659339,1.0225838268643914,0.3603958360126557,0.29496442660528566
1.0,0.5,0.2,0.3,0.8,0.9,-0.30341690535215554,1.189786815706255,0.9278544720219274,2.7190686760415907,2.4708451913665916
0.9,0.3,0.7,1.0,0.3,0.0,2.0620664673882385,-1.359593836371038,-1.1439323739708023,2.7957397690085344,2.6484353149821263
0.2,0.6,0.1,1.0,0.5,0.5,1.1847655668614727,-0.3322486988886171,-0.5154965115705297,1.032150058277959,0.8819829404546262
0.0,0.8,0.7,0.7,0.0,0.5,0.32870812321200304,0.8087389269694523,0.5265711671930365,0.5503993208004282,0.48674577644826417
0.0,0.5,0.3,0.2,1.0,0.0,1.1702240109717492,-0.12262287105344422,-0.23494167806355293,0.09671476563488507,-0.21874732888379156
0.1,0.6,0.3,0.8,0.6,0.5,0.9832693377377163,0.23733082211361134,0.08580008052011218,-0.7700906102447254,-0.8368704508542522
0.8,0.8,0.9,0.2,0.0,0.7,-0.2851257584709509,1.180077889679144,1.111639362389345,4.230319158090486,3.954682076985168
0.1,0.5,0.1,0.2,0.0,0.8,-0.6563890046300258,1.3790334355485108,1.4232001697206107,0.8736722525580347,0.6271558048953574
0.4,0.4,0.4,1.0,0.7,0.5,0.7054861875631626,0.24714835844709057,0.22037618756724497,0.5506508253250891,0.2815681089073661
0.2,0.2,1.0,0.4,0.9,1.0,0.10335440876979325,0.8467242906745913,0.8543616193387735,2.383057020699426,2.3868490712019956
0.7,0.5,1.0,0.1,0.3,0.3,1.0612978492397411,-0.044165771913622254,-0.09690971689215974,2.4720071565747066,2.09549887105875
0.9,0.4,0.1,0.1,0.4,0.8,0.5281733634948211,0.5018990063503306,0.4084204572679042,2.820676517800704,2.5263853804312997
0.3,0.3,0.4,0.8,0.1,0.1,1.064922001676909,-0.02124913496599564,0.016261082146329597,0.4418916537026959,0.26980609728606164
0.2,0.3,0.9,0.5,0.8,0.3,0.5551576386943808,0.40178640429755,0.26963658770790666,0.11476950909440513,-0.24478176582513816
0.4,0.6,0.0,0.9,0.3,0.9,0.7988972696739798,0.15757241233472832,0.1494641211485836,2.610967327103599,2.4675984560412383
1.0,0.1,0.9,0.5,0.8,0.9,-0.43848666972740513,1.6863952016855688,1.4116517897628504,3.496460571949063,3.2152876685211513
0.0,1.0,0.0,0.2,0.9,0.6,-0.23127037817677287,1.196545382100965,0.9374268726468689,1.2369091794286713,0.658535274493643
0.1,0.4,0.9,0.6,0.9,0.3,0.5295685269304835,0.6298796789556271,0.5533644917278612,0.1527469054727159,0.00733401705967629
0.7,0.9,0.7,0.4,0.8,0.4,0.22541679246521454,0.7200377372889541,0.842111506470463,1.9821269314862782,1.7713989431488777
0.9,0.2,0.6,0.3,0.3,0.0,1.323845690089419,-0.40198862137960756,-0.48594277017728543,3.035477995781148,2.6387396907474243
0.1,0.5,0.5,1.0,0.2,0.2,1.361813836081423,-0.3971651039941169,-0.23063274712416182,1.6550211303053648,1.2995881415274015
0.7,0.0,0.0,0.0,0.6,0.1,0.7785755623726334,0.26591505131210313,0.13236713914935538,-0.05981258173337365,-0.13987539242081745
0.0,1.0,0.9,0.9,0.8,0.9,-0.7701031666915109,1.663509266112772,1.7061327888873183,2.20890309278218,1.9392099728709646
1.0,0.2,0.6,1.0,0.5,0.2,1.48374046652632,-0.6562758353303584,-0.45367091034794044,2.6087617888909422,2.514820547128078
0.6,0.8,0.0,0.3,0.2,0.9,0.7212111873948234,0.3039141187680702,0.27017880016373574,4.3094941186268025,4.032777704282687
0.7,1.0,0.7,0.0,0.7,0.1,0.3431565842085631,0.6348150142930103,0.45969912212167907,0.6619875950614426,0.42250586582149596
0.9,0.0,0.9,0.3,0.3,0.9,0.06234917936011491,1.033890425126892,0.9670615109743035,3.7709794380180375,3.850788665396229
0.7,0.5,0.1,0.1,0.6,0.2,0.9975444710061396,0.03827287119950967,-0.0695024266849201,0.8458412127431241,0.5648245603284455
1.0,0.5,0.2,0.5,1.0,0.4,2.5314484180789303,-1.4828466256379245,-1.7519937014284315,2.1933722653052143,1.9690203647209892
0.4,0.0,0.4,0.0,0.3,0.6,0.329989371764261,0.43651538901469245,0.7723856609735588,0.8038553665915783,0.43790315919532263
0.4,0.5,0.3,0.0,0.2,0.0,1.3964152910943415,-0.3628023856433132,-0.3851839020797319,0.20646448331002343,-0.03945849726316748
0.6,0.2,0.2,0.1,0.0,0.2,1.1126240418391746,0.08751915375317312,0.007706731339115147,1.7225964106776372,1.434545621043331
0.5,0.3,0.1,0.8,1.0,0.3,1.8462760798566886,-0.7627617722045941,-0.7952300552640965,1.7510797033221062,1.7090742815949473
0.3,0.8,0.2,0.3,0.6,0.2,1.6685087521302087,-0.8303598668951117,-0.8218555011319816,0.4010981356268953,0.22066076586080935
0.3,1.0,0.3,0.4,0.6,0.0,1.679912774646776,-0.6419433137156482,-0.9916454855592415,-0.7926561046523887,-1.2908024423903408
0.1,0.2,1.0,0.8,0.0,0.4,0.18409458795836645,0.802577597129235,0.5390271824353449,0.8439875355552326,0.5838319967325865
0.2,0.1,1.0,0.3,0.5,0.9,-0.2593442457373855,1.303170695337571,1.4444679849769722,1.3101776974055477,1.1302963613784658
0.4,0.7,0.2,0.8,0.4,0.2,1.7052175442711373,-0.9238433499699312,-0.8851158894646466,1.2469231349831325,0.8449259816891416
0.1,0.8,0.2,0.8,0.9,0.9,0.584201359607962,0.312756923629659,0.12733881976066913,2.5497953261305963,2.2784178013232146
0.6,0.4,0.4,0.1,0.4,0.0,0.6445014670575286,0.23274254019609467,0.20407081874690303,0.9097004321009683,0.7081687262717676
0.6,0.4,0.1,0.4,0.6,0.4,1.5070493341295788,-0.40608122089246185,-0.22042624620398787,0.5402282121769728,0.3557210423086352
0.2,0.7,0.2,0.8,0.2,0.1,2.4944084702535028,-1.4851035729997715,-1.6732853650839155,1.4942105496673035,1.2530615576698791
0.1,0.0,0.3,1.0,0.1,0.5,1.4083977223208226,-0.229702937774988,-0.4692053896178317,0.7533564521995982,0.5321770639234419
1.0,0.0,0.8,0.7,1.0,0.8,0.27968402836627726,0.6232969800715009,0.6427765337244492,2.7937485731880956,2.8636732936623055
0.1,0.6,0.0,0.8,0.6,1.0,0.19359342685012587,1.0583905485993086,0.8944407833464435,0.6673805511679585,0.5933944878479948
0.6,0.5,0.9,0.7,0.0,0.6,-0.8580029121405215,1.7557715403104839,1.4665538326596537,1.8311788397839395,1.4467322868286647
0.4,1.0,0.0,0.3,0.0,0.3,0.030728294496414288,0.8570301854308299,0.6728303445473309,0.7283070610157577,0.5385794098081809
0.7,0.5,0.1,0.0,0.3,0.5,0.7270992219691038,0.3837551703490937,0.31930538735136077,2.248828234693872,2.0460914244856983
0.7,0.0,0.2,0.3,0.1,0.1,1.2864154106244585,-0.31999198088214836,-0.6377389940866408,1.6933038777660687,1.586053823985789
0.7,0.3,0.1,0.4,0.6,0.5,1.560637092570685,-0.7065391659320893,-0.8116917900797661,1.253205896364833,0.9523680096575392
0.4,0.6,0.1,0.7,0.4,0.4,0.7781369991177789,0.10101228700803448,0.04184511648016358,0.8008641583233207,0.7704966692367909
0.4,0.6,0.9,1.0,0.4,0.9,0.36599882114721066,0.6851944461330916,0.5404903891323184,3.213558766886985,3.194943567004876
0.4,0.5,0.9,0.6,0.8,0.7,-0.5537412724664076,1.6328676480529245,1.5523755598893345,0.7493573254722751,0.5888990439338836
0.6,0.2,0.0,0.6,0.9,0.4,0.6157759078812745,0.41895392036010215,0.28355293401477344,1.6859783274384381,1.4993089478625934
0.7,0.7,0.6,1.0,0.7,0.6,1.5369170931221723,-0.3173129544500073,-0.48011433229452366,3.2168402311841526,3.2123352313832303
1.0,0.1,1.0,0.2,0.6,0.1,0.7133261932119462,0.49408681341180816,0.2799838702993493,1.726255509585691,1.537934877267224
0.5,0.2,1.0,0.0,1.0,0.4,1.1668276738886354,-0.21272802720048392,-0.3329120020240532,2.0346901042658905,2.0788535655591733
0.2,0.1,0.0,0.5,0.0,0.3,0.6126823067864298,0.5219001395343027,0.4261216260390127,-0.0980416299969541,-0.3808257621950257
0.3,0.2,0.5,0.5,0.0,0.8,0.28585044969561,0.7047697791921036,0.5976996149316822,1.626322460281091,1.3032995649908439
0.3,0.5,0.5,0.8,0.2,0.8,0.3098050501752267,0.6587514268246994,0.9037014402171322,2.2051361335341784,1.5389875648469136
1.0,1.0,0.3,0.2,0.4,0.9,0.1596001226360264,0.545063206651054,0.4425428167302485,3.0850363172147928,2.9240191910387288
0.9,0.5,0.3,0.5,0.3,0.6,1.5473450275470608,-0.484649538375058,-0.5784501687363982,1.9152417112200155,1.6347592044865167
0.2,0.6,1.0,1.0,0.0,0.3,0.9749861899755428,-0.10217220645580763,-0.2744169054047977,1.3226933640486944,1.1766229707654527
0.0,1.0,0.4,0.0,0.2,0.5,0.5792243546908509,0.4192498347555718,0.27342538159438157,0.7087000579998377,0.7389830241551182
0.8,0.0,0.7,0.5,0.2,0.0,2.27240271147422,-1.027109071193417,-1.1198907430931082,1.4410240881625402,1.210890353814785
0.7,0.3,0.6,0.3,0.3,0.9,0.7706350382352974,0.08165215380616586,-0.016403800179195155,3.5908323894652314,3.4672046183516025
0.5,0.9,0.6,0.4,0.8,0.6,0.09932305369649161,1.026371616016818,0.9951397352945935,1.7943465191451031,1.6042978728672337
0.4,0.1,0.9,0.0,0.4,0.4,-0.37421926675354233,1.3946271150585645,1.421876640783437,1.2894415220934443,0.7500021165365124
0.0,0.6,0.2,0.3,0.5,0.6,0.9117855984256159,0.24668417499276907,0.0978148163587793,0.08091491843543663,-0.153310774388591
0.9,0.3,0.9,0.0,0.5,0.3,0.504942065336109,0.17100196707024148,0.0953543982717038,1.438398215806975,1.3919861409411631
0.7,0.7,0.7,0.9,0.9,0.6,1.0704771250571492,-0.08936711579166344,-0.24120174208592232,3.5004390360889235,3.4519163283943275
0.9,1.0,0.6,0.0,0.4,0.3,0.8701563576822071,0.30656514722804357,0.14047121832769693,2.08218155364168,1.9321202067333032
0.6,0.8,0.3,1.0,0.5,0.4,1.9682368185860122,-0.8771171529108094,-0.5397204280574319,2.2806012932572264,2.197354907686031
0.9,0.3,0.2,0.9,0.1,0.7,1.6280995377993854,-0.7619228302321135,-0.7787463354396962,3.4919357786814538,3.4103307219829913
0.0,0.3,0.7,0.8,0.3,0.0,1.4519829226241663,-0.2296088650238405,-0.6087966908091171,0.05924543331818655,-0.16161341260247317
1.0,0.8,0.8,0.4,0.7,0.1,0.8840913125485012,-0.0022235484565776564,-0.05689622239594364,2.2402387245021167,2.1058721171052883
0.7,0.1,0.2,0.4,0.7,1.0,0.33301628517059456,0.63261088840202,0.5813754368292913,2.5166842194779453,2.4129123970407567
0.9,0.2,0.3,0.4,0.7,0.3,1.1188589289990443,-0.15145835489559262,-0.3431618758032903,1.1230948421681226,1.1412676071847132
0.8,0.2,0.7,0.2,0.7,0.4,0.18043395108442806,0.7257575213814715,0.6040724992137315,1.5877090466695478,1.478696665168635
0.2,0.7,0.3,0.8,0.8,0.0,0.9602859348942345,-0.0630800898228688,-0.13701109718629267,0.32776293990298805,0.10264037951078814
1.0,0.6,0.0,0.0,0.3,0.7,0.8508744745605091,0.5436205659266802,0.39875665554018214,2.7815174491987844,2.6998627448256203
0.0,1.0,0.8,0.9,0.5,0.4,0.4000568516309124,0.7750193850217973,0.5686681622779755,0.15182010605601498,0.20550319370003314
1.0,0.0,0.9,0.9,0.4,1.0,0.10530023981290551,0.6106564970110739,1.0415887002420925,4.039900773426034,3.8789217458644103
0.7,0.5,0.6,0.9,1.0,0.9,0.752966090497813,0.24364010814233242,0.10680342357457,3.6540136221664317,3.6188484644783467
0.4,0.8,0.4,0.0,0.4,0.5,0.420650889810351,0.51009592775613,0.4542231946973125,1.3937686603426687,1.2683523818640636
0.5,0.8,0.6,0.8,0.9,0.4,0.608115081887789,0.36160313691812573,0.06345656996069704,2.72567996809994,2.2819852972002868
0.6,0.9,0.4,0.7,0.0,0.5,-0.4388495024811019,1.2715433401974794,1.1215344917206433,1.921783446753841,1.806674452874849
0.5,0.7,0.2,0.9,0.5,0.6,1.9625770562477483,-0.9782305742345618,-1.165668819770949,1.8850969888537634,1.957955081553381
0.9,0.6,0.9,0.1,0.0,1.0,-0.5590878607288975,1.431801920738468,1.4721447197642648,4.239613859640281,4.155084469109467
0.5,0.2,0.7,0.1,0.5,1.0,-0.09473744843771112,1.0861340187820276,0.8546341074687203,1.9820789786607762,1.6107699896578445
0.1,0.0,0.8,0.4,0.4,0.4,0.4711399525442218,0.6917931463006362,0.6994489241020883,-0.2219647350280734,-0.4477108313508462
0.4,1.0,0.3,0.6,0.3,0.4,1.6230823897581146,-0.848001093207633,-0.9134447570764475,0.6386469593445878,0.23915261238853175
0.2,0.8,0.1,1.0,0.5,0.2,1.7743681639239095,-0.7589259107024784,-0.9123249477703255,1.5298200124799968,1.0483917491337773
0.8,0.9,0.8,0.8,1.0,0.9,-0.13682416949554405,0.8744325580571709,0.9843653214408051,4.205412502479038,4.227036555352536
1.0,0.0,0.7,0.9,0.8,0.2,0.5409538252578593,0.5715327517965075,0.20153877310791452,1.6400198716349792,1.3959625076922122
0.2,0.6,0.5,0.9,0.1,0.5,0.8232322184903608,0.2793301402414504,-0.15487254878428514,1.912124673262173,1.64288279646757
0.9,0.8,0.3,0.4,0.7,0.0,1.5365160558697997,-0.5621447141550353,-0.7822623416825042,1.7267494984582978,1.4680819081000507
0.0,0.7,1.0,0.8,0.8,0.9,-0.10552413734313197,1.011099913792569,0.8663591133391954,2.02025423135221,1.9619774729449595
0.4,0.1,0.5,1.0,0.3,0.0,1.4036350232032861,-0.06661877587367124,-0.25895610713861916,2.1826233357241316,2.0166293754461266
0.0,0.4,0.4,0.4,0.1,0.1,1.0508010403981123,0.026648894629536637,-0.23278303377699666,-0.3165352688587234,-0.32380708831093774
0.9,0.8,0.6,0.7,1.0,0.5,1.483580183602305,-0.721928603062921,-0.6766557335592185,3.7602914041363427,3.393452843270885
0.8,0.6,0.3,0.4,0.7,0.2,1.4804231379679846,-0.3849562483060092,-0.4240499806711265,0.6834222911898489,0.6954654125286477
0.2,0.9,0.7,0.6,0.1,0.8,0.38968538434920347,0.6601482034404211,0.38746057306599624,1.3566885762026497,1.0416632717272567
0.9,0.7,0.6,1.0,0.7,0.6,1.5455772968402175,-0.5231345665555002,-0.8634910547380106,3.7021845100350093,3.4442778426726974
0.4,0.4,0.0,0.1,0.0,0.7,-0.08070349715326805,1.1040035727885626,0.9697061722487553,0.5377467771044145,0.4321573270602928
0.1,0.2,1.0,0.0,0.7,0.6,0.013207458287834983,1.2599420820599907,0.7894497664796378,0.20110902944377268,0.07994856368771537
1.0,0.3,0.9,0.7,0.6,0.1,1.0033337673965759,0.1363334432973373,-0.3092636977743215,1.1778680693923624,1.0887941069393257
0.7,0.4,0.7,0.0,1.0,0.6,0.7007145160244121,0.13488526447414792,0.11576153170921762,2.0733567581814745,1.619437223971209
0.3,0.3,0.3,0.5,0.5,0.7,1.738223583506291,-0.687236277497231,-0.8260789408854042,-0.5914000635102857,-0.7973562172580553
0.8,0.1,0.0,0.4,0.5,0.3,0.6281761417748515,0.4178565963641278,0.3028613978309049,1.021307123135251,1.2014642439940915
0.0,0.6,0.0,0.9,0.0,0.6,0.2849760907391754,0.704388808266784,0.7229900218064851,0.6993284891550238,0.7433931065612325
0.6,0.2,0.1,1.0,0.5,0.1,1.4123161186334958,-0.3815694665922735,-0.627240965366008,1.9613348264774577,1.969470808754083
0.1,0.1,1.0,0.1,0.2,0.9,0.06306100746333829,0.9432723566424432,0.6490102996700702,2.4180031341333237,2.155672893389428
0.7,0.0,0.7,0.2,1.0,1.0,0.30828910897733286,0.6469710226396992,0.3438367785262274,3.2193181151568453,3.135490085302457
0.2,0.2,0.4,0.8,0.0,1.0,-0.6126080305661392,1.7104614251623753,1.593319764619541,1.7334255093680757,1.5311533130555417
0.4,0.9,0.5,0.3,0.9,0.5,-0.18454357301119206,1.4373810848037427,1.1185372545482333,2.140414259239772,2.1553266443353003
0.2,0.5,0.1,0.2,0.6,0.0,0.846336872475483,0.3723603657377671,0.07445831909001997,-0.9196737200839,-0.9989562797164031
0.9,0.5,0.3,0.1,0.8,0.5,0.04186187358208544,0.9713044329557692,0.7798694765793287,1.2371066744613308,1.204746812191627
0.6,1.0,0.1,0.6,0.5,0.9,0.6369250773970805,0.10558093093941034,0.2246610916839162,1.968023897686629,1.7836020991285315
0.4,1.0,0.5,0.6,0.8,0.1,0.5454741406405845,0.6259388168971578,0.5414283751739892,0.511710125706153,0.42889762378171126
0.0,1.0,0.4,0.2,0.3,0.0,0.7360219839953275,0.372176204886408,0.11783440271188522,0.7269532010293116,0.5370803575645311
0.9,0.8,0.0,0.3,0.3,0.6,0.9149728282707517,0.08055768442516509,-0.14684349321371193,3.5551522402342806,3.488537104062509
0.3,0.6,0.2,0.0,0.9,0.1,1.2010739507353405,-0.15929701648030797,-0.21208607835658255,0.4579114658353405,0.23730153569013857
0.5,0.7,0.1,0.4,0.8,0.2,1.3111088403462245,-0.30534733179142937,-0.3649749782437015,1.7114380612047573,1.5327387042445653
0.7,0.6,0.3,0.6,0.3,0.1,2.0857938620819723,-1.1337432361216395,-1.3123405493620455,1.4865079390550868,1.0809289416618175
0.4,0.5,1.0,0.7,0.2,0.7,0.782205880388134,0.2642563958813864,0.12537878838823222,1.643026064273412,1.24256409484419
0.6,0.3,0.1,0.6,0.2,0.8,1.5287416283692736,-0.7784884670994867,-0.9062925400741225,2.7541428720376353,2.6069645234793404
0.4,0.6,0.7,0.1,0.5,0.4,0.8806929972222979,0.08170134552172448,0.2805108845668185,0.18624722555459214,-0.18996427334420102
0.4,0.4,0.6,0.3,0.7,0.3,0.6254314939497227,0.3419565986063401,0.48704468146034086,-0.14823340316247427,-0.44380876944908626
0.1,0.6,0.2,0.5,0.2,0.8,2.2907008898935466,-1.118305710023788,-1.1263641607503057,1.3857782547899289,1.0271094359936626
0.5,0.3,0.7,0.4,0.4,0.1,1.4718330363773506,-0.5553736353398222,-0.6173480181112718,0.38066563233392237,0.12112665876006937
0.0,0.2,0.8,0.3,0.6,0.7,-0.3539001983218768,1.4379253317253007,1.4134617667437883,0.22135765159002257,-0.17606667076961666
0.8,0.2,0.0,0.9,0.4,0.0,0.8184949555947535,-0.043279638223929676,-0.05625247396344543,2.167935802129502,2.1471723889562293
0.9,0.0,0.1,0.4,0.6,0.2,1.610660462971029,-0.5922493426915278,-0.7199308358804689,0.8427288659172683,0.699550855458723
1.0,0.4,1.0,0.3,0.7,1.0,0.07630813014572892,0.9153607913229361,1.1081995315366369,2.8558224819695655,2.5492116845571746
0.1,0.5,0.0,0.8,0.6,0.7,-0.13237167390662605,1.0496332476099048,1.138721652430768,-0.6581901964464941,-0.8377712933103312
0.8,0.6,0.2,0.9,0.8,0.7,0.7245712508179524,0.44426932743907577,0.22641535588675193,3.2519245748486147,2.7854035947528044
0.4,0.7,0.0,0.3,0.3,0.9,0.8700755972243074,0.19369408876051952,0.01702357185407559,2.882992556142233,2.629441797137329
0.7,0.8,1.0,0.0,0.5,0.6,0.710187771264651,0.2828925202860186,-0.18383132094449844,2.6836255954109745,2.5298370224267126
0.5,0.9,0.2,0.7,1.0,0.6,1.2793611189887726,-0.23242823993088424,-0.377130759435511,2.4373748712061554,2.0891179229006887
0.9,1.0,0.7,0.8,0.3,0.3,0.9973178152097085,-0.11024076495895571,-0.2226617169803165,2.6865981220980877,2.296471373681831
0.6,0.9,0.9,0.7,0.3,0.1,0.43537000848761886,0.43552586738858134,0.727527987801758,2.5629109192632478,2.3623356937616005
0.7,0.5,0.0,0.9,0.6,1.0,0.18731257655342376,0.9161326006135253,0.7496861923012906,2.4493593416710477,2.2387550163290424
0.6,0.7,0.1,0.8,0.3,0.3,1.89410859376412,-0.7100414803098163,-1.0550375312100486,2.979271673003667,2.799233474019953
0.1,0.2,0.2,0.5,0.5,1.0,1.2509825442321914,-0.21953774690547986,-0.3606321682978076,0.6747541263310756,0.5600968652990295
0.4,1.0,0.9,0.8,0.7,0.9,-0.5881099683572162,1.649410911491034,1.6932498564648513,1.860844465561597,1.7809062144986048
0.7,0.1,0.3,0.6,0.3,0.1,1.4236236015696142,-0.5604901050935733,-0.39209204782937335,1.3729157152141518,1.455828840693162
0.4,0.6,0.2,1.0,0.8,0.2,1.3449152709844778,-0.3137221042333279,-0.367042049486034,1.1689027937479426,1.0856681126531496
0.2,0.2,0.0,0.1,1.0,0.2,1.0351348160893106,-0.06852806727138823,-0.15685194838655947,0.7450086935149167,0.6025615667403353
0.0,0.1,0.1,1.0,0.2,1.0,0.6128911017756824,0.3069425663011221,0.32289977951779014,3.418671973437744,3.2093279397035785
0.0,1.0,0.4,0.8,1.0,0.4,0.7693282883552666,0.33682167284235576,0.26801397093824797,0.7509898387578497,0.8975412784554735
0.6,0.6,0.7,0.4,1.0,0.0,2.0526255117510264,-0.9661820405911625,-0.9503710243359095,1.8783828147237491,1.5084339967935334
0.6,0.0,0.1,0.8,0.6,0.3,0.9276622624291816,0.05386455309526407,-0.07000037198360382,0.4651485651670177,0.39193152548834453
1.0,0.9,0.2,0.6,1.0,1.0,1.5317744434668512,-0.5637683279964835,-0.5211036890847688,4.253134704916697,4.202459793122366
0.9,0.7,0.9,0.3,0.6,0.3,1.2201466806067056,-0.22181079343443777,-0.14794975771827185,2.5090357091300293,2.423984211423416
0.4,0.0,0.0,0.3,0.9,0.2,0.3764494120908788,0.7107064517228228,0.7267911253436786,0.45653335756308683,0.4537034876618656
1.0,0.7,0.9,1.0,1.0,0.6,1.7916123097715086,-0.9930105924283995,-0.9903498952724213,5.208758544720538,5.099678760204233
0.4,0.5,0.0,0.7,0.5,0.1,0.2856927026379935,0.6901178358041659,0.37666186194896706,-1.073107686900159,-1.2121780733591723
0.2,1.0,0.1,1.0,0.1,1.0,0.8159956638270728,0.1612942647415732,0.17531888039352472,3.393374457932862,3.100888749708516
0.1,0.4,0.1,0.7,0.7,1.0,-0.162005931803133,1.1286652375065231,1.0261262553780763,0.4398574700491377,0.22303661374782957
0.7,0.6,0.2,0.3,0.8,0.9,0.15495127948368387,0.8751528353122142,0.6991765701765393,3.027242535493839,2.7264292091933338
0.2,0.0,0.9,0.1,0.7,0.0,0.11376624126257433,0.8586533689392972,0.7273055519719277,-0.68451749492003,-0.6284868509498336
1.0,0.5,0.1,0.3,0.4,0.4,0.6591633049385164,0.520436217513636,0.4014210455931103,2.306181561664283,1.7861084697708334
0.2,0.2,0.0,0.8,0.9,0.7,-0.05968522901273979,1.3644064939965188,1.3506448165192297,1.2236281785863776,1.2220440315804353
0.1,0.2,0.7,0.8,0.5,0.4,0.1922492933856357,0.7823268898108922,0.694782655191803,-0.2782687725592137,-0.6258605902036234
1.0,0.5,0.9,0.5,0.3,0.6,0.9054514639475504,0.07424080679373762,0.22364203461637244,2.8481821488524073,2.53825296572896
0.0,0.7,0.2,0.4,0.2,0.9,2.14591783154001,-1.0947852249609984,-1.1742332591130624,2.451789436643284,2.2213838009220903
0.5,0.5,0.7,0.2,0.0,0.0,0.0927055070972638,0.9081097976218667,0.8014231962065628,0.27785696689352735,0.16653407445845966
0.3,0.1,0.9,1.0,0.0,0.9,-0.46449769459975465,1.5745599968143216,1.414251031825594,2.860109719935684,2.74966107255169
0.8,1.0,1.0,0.8,0.0,0.7,-0.1686281370056727,1.0878854479007596,0.7112035017083176,3.1474372780415893,3.041090526517778
0.5,0.1,0.7,0.5,0.2,1.0,0.8525425124945822,0.2215974162696978,-0.017851492480755814,2.7563749857719726,2.8430620044069608
0.9,0.3,0.7,0.5,0.1,0.8,1.3505230661157825,-0.49111575383357803,-0.7133926149235204,2.739971507885378,2.50217672436667
0.4,0.8,1.0,0.4,0.0,0.8,0.8437382206986828,0.07507777769258539,0.18047397246735675,2.6638388003825018,2.2966301405044165
0.9,0.2,0.3,0.2,1.0,0.8,0.9346613018434949,0.020894624065104637,0.029164007080813265,3.607892740926892,3.1601233343769795
0.8,0.9,0.0,0.5,0.4,0.9,0.3836552895255928,0.5347971491490775,0.3654694856631739,3.1643931474669933,3.042862114276874
1.0,0.2,0.1,0.9,0.0,0.9,0.3821091885260541,0.5931686410246132,0.49844595236114236,4.1475488587418345,3.823854841005666
0.7,0.0,0.0,0.3,0.6,0.5,0.5908137083767891,0.6949154989320431,0.39542733197112645,0.7012359003701752,0.6378520631567226
0.0,0.9,0.1,0.4,0.5,0.1,0.9524765003396725,-0.05945838553610219,-0.12550946544651181,-0.04999651985810589,-0.10823143080281869
0.2,0.1,0.1,0.4,0.4,0.2,0.7304997956543774,0.2799794613634735,0.20936536470553752,0.15434249184616272,0.05027754663810571
0.5,0.5,0.3,0.8,1.0,0.4,1.2558709921548625,-0.25999505846851423,-0.06752419147362843,1.1583006199660442,0.9381454862345626
0.8,0.3,0.6,1.0,0.0,0.6,1.1166056600879621,-0.31897816835696086,-0.18477301966827253,3.1608926930533268,3.125736309115638
0.8,0.7,0.8,1.0,0.0,0.5,1.0371804630865251,0.171856849397867,-0.03028148965975705,4.044896170036257,3.5163057467273813
0.6,0.0,0.6,1.0,0.9,0.2,1.0758364744474656,0.04954219475644811,-0.14647753742411332,2.283239635184887,2.2580794281335854
0.7,0.9,1.0,0.2,0.3,0.5,0.5151837231443163,0.5419904418544632,0.3192868560727942,3.481349201803965,3.348403013322909
1.0,0.6,0.8,0.8,0.7,0.6,-0.1392666156730685,1.2506855387780913,0.8815854819188684,1.969828511540311,1.9531134640475452
1.0,0.5,0.4,0.1,1.0,0.2,1.041339430163536,0.0028506002546836995,-0.005023885120574917,2.1539939059505366,1.983255935657178
0.8,0.2,0.1,1.0,0.4,0.9,0.8035275790586698,0.11875155863052339,0.08788186193594204,4.183594752211231,4.129198298445769
0.5,0.5,0.6,0.7,0.9,0.3,0.3582667699396708,0.6780740760491389,0.6729811874566655,0.8696794307521836,0.6470227383954336
0.4,0.3,0.7,1.0,0.5,0.0,1.689947509171462,-0.6353917749918447,-0.8188824233680373,0.2169850704509605,0.2310399724255779
0.9,0.2,0.4,0.2,0.4,0.6,0.021642986303489178,1.1457919008911552,0.9860244990389099,2.6661524997680535,2.5429408404623763
0.5,0.3,0.2,0.1,0.5,1.0,1.0526540135219997,0.044678688579486425,0.07063010454366991,1.775616725924546,1.6303435914414774
0.5,0.0,0.4,0.6,0.7,1.0,0.01580253357775626,1.002455102661635,0.7753651858024085,0.9588702231614571,0.7818099969172245
0.0,0.0,0.3,0.7,0.1,0.0,0.9078914405013158,0.12327551472073937,-0.15376232739413154,-0.9186795748523373,-0.9812881395775817
0.2,0.7,0.8,0.1,0.9,0.8,0.009422637421754181,1.1607280136297369,0.8580803420384425,2.0663154730645927,2.019949156443298
0.6,0.0,0.8,0.4,0.6,0.1,0.7728080564413371,0.07040032463433962,-0.00955685404886461,0.021745960342650743,-0.09171230692881083
1.0,0.1,1.0,1.0,0.3,1.0,0.8276041744818737,0.28840533719121486,0.035758783049989654,5.239947333013542,5.213997409781781
0.7,0.5,0.8,0.4,1.0,0.5,0.6770174031981779,0.2722680949751992,0.18172338540663402,2.339395635333353,2.129449847756368
0.3,0.0,0.6,0.6,0.6,0.3,1.317617241443574,-0.37130007148124006,-0.6335496425440481,-1.1643410790622755,-1.4120508412093526
0.8,0.4,0.4,0.5,0.1,0.1,1.5184740298609845,-0.6204929464165185,-0.616082289548203,1.6000680105867524,1.3598431076109592
0.1,0.4,0.0,0.5,0.2,0.4,1.7313570012779997,-0.7410123948662992,-0.7814028092127392,-0.12081967940838072,-0.21247239125499823
1.0,1.0,0.3,0.3,0.5,0.3,1.1462251643602757,-0.07791562704489408,-0.25636931307135125,1.1907809573953447,1.2815927367786828
0.8,0.5,0.8,0.8,0.4,0.9,-0.7410686572566272,1.6503210688420926,1.723034009173526,2.7704301900349093,2.582878779698254
0.4,0.7,0.2,0.9,0.0,0.2,2.3504537276311432,-0.9787405922557185,-1.2096942040359022,1.6421835817341313,1.446824334836094
0.7,0.8,0.2,0.4,0.2,0.9,2.074181491026683,-0.9838359426679503,-1.0563659816447069,4.42876983944542,4.141050247518412
0.7,0.2,0.7,0.4,0.7,0.7,0.5241247436241125,0.5977537558629717,0.7169381562427497,1.773396599126686,1.4482719719193007
0.1,0.7,0.6,0.5,0.5,0.8,1.7162956306886215,-0.5254893113257453,-0.8108760551958337,0.8177410843814099,0.9378020230693969
0.4,0.1,0.4,0.5,0.1,1.0,0.3663447821804598,0.6663339036489119,0.761919439606901,2.293252693946006,2.004949858959415
0.8,1.0,1.0,0.1,0.8,1.0,-0.245026893803028,1.486079444415637,1.3621405818734296,3.827152045263018,3.674202414637707
0.8,0.0,0.3,0.1,0.4,0.4,0.9745959521619442,0.08509348206551105,0.25881604247335177,1.2196047786849809,1.0458644231011118
1.0,0.8,0.6,0.6,0.0,0.6,1.3125458899354017,-0.11391535187528348,-0.33222143234358276,3.068628144364862,2.8717549613080013
0.0,0.8,0.6,0.7,0.4,0.0,1.2509937645784506,0.019857778317132577,-0.18719837963887329,0.5690855535319014,0.3482487794944472
0.3,0.6,0.7,0.2,0.2,0.7,0.8454932991336346,0.31587722781020927,0.10156125125810572,1.672122082419893,1.6658421577608482
0.5,0.3,0.5,0.3,0.6,0.6,0.4776284071577896,0.4839006187820596,0.32461509284827245,1.0145578566328775,0.9475268739633275
0.9,0.8,0.5,0.6,0.6,0.8,1.1064600082377898,-0.03811776333697814,-0.35224740260756526,2.9681772118805245,2.81929057153006
1.0,0.5,0.1,0.5,0.2,0.6,1.786480798128058,-0.6271307730279807,-0.6525705858636031,2.887250718572071,2.6709204679419933
0.3,0.9,0.4,0.8,1.0,0.8,0.37309208408575206,0.8295476949108973,0.7874423977932137,2.240644242673172,2.19893581057023
0.0,0.7,0.4,0.2,0.3,0.2,1.2926642268862745,-0.3119229050706148,-0.39730845886994165,1.1258101536109164,1.068520201148746
0.2,1.0,0.8,0.5,0.3,0.7,0.7562920753571786,0.25342340822383413,0.2710479077313077,1.1056404975488867,1.1429783031400302
0.2,0.5,0.7,0.8,0.0,0.6,-0.3542834491041616,1.2900974022429692,1.2671542509021183,-0.15975704766280877,-0.2453771503176753
1.0,0.1,0.5,0.3,0.9,1.0,-0.8372803066431136,1.6983643795154215,1.7122282324463154,4.695403545801738,4.403584643342792
0.0,0.7,0.1,0.8,0.4,0.1,1.3353232455884567,-0.36694317307775653,-0.5861421735164307,0.7672366554240371,0.690465630692096
0.4,0.9,0.1,0.5,1.0,1.0,1.4356642609696193,-0.4712782903505873,-0.5107286231001824,3.196240027970555,3.0896826892695572
0.3,0.1,0.9,0.6,0.7,0.6,-0.3666276687305157,1.2035849534046263,1.2268813529544478,0.19334986980921298,0.1260434271706064
0.9,0.5,0.7,1.0,0.1,0.4,1.1577022445588965,-0.16587212045814953,-0.13694477855844742,3.0608679346633227,2.687768102125335
0.7,0.5,0.4,1.0,0.2,0.9,0.8186090063387951,0.376954910851916,0.20506588090259598,3.9639644106077916,3.849761058823825
0.2,0.7,0.2,0.9,0.6,0.5,2.1556866509675947,-1.2664617957385091,-1.3831947463919012,0.8244772552053449,0.40118756503019065
0.6,0.5,0.5,0.3,1.0,0.0,0.8462849752677548,0.36179973203451915,0.03245939022386256,1.9789275583658725,2.0432835651267416
0.9,0.7,0.2,0.2,1.0,0.9,1.8595066499606496,-0.9648207449844544,-1.0712310334111559,4.526333640351731,4.284335435667161
0.9,0.6,0.2,1.0,0.2,0.4,2.539949637242044,-1.5900783882388638,-1.7390894667787147,3.817557932998678,3.6121196682628556
0.4,0.1,0.7,0.9,0.6,0.7,0.37074007758091104,0.7593034313798602,0.5070086121201293,0.7970349052679733,0.36597983388435995
0.2,1.0,0.3,0.7,0.7,0.0,0.6110677439010803,0.21669931631463651,0.04333683275362307,-1.2365591607167286,-1.5240785651050859
0.5,0.3,0.7,0.2,0.6,0.3,1.0721537630906148,-0.009711350180634418,-0.2555997397088452,-0.05018538287442442,-0.20734681368026156
0.9,0.5,0.6,0.0,0.6,0.1,0.9129032733401451,0.16283335926859718,0.023464880061928997,0.6241269040507725,0.455754640173052
0.6,0.9,0.9,0.3,0.7,0.5,-0.37507876992146133,1.5413139597189214,1.3976739992498453,2.307995517362477,1.9895092882912226
0.0,0.6,0.2,0.7,0.7,0.1,1.1770543020829418,-0.09753916070727708,-0.040614686968016955,-1.0492452947595956,-1.393259540735838
0.7,0.0,0.0,0.4,1.0,0.7,1.0643984425089288,-0.0667197646517865,-0.09270510668703688,2.252735103454093,2.1921588278621402
0.6,0.8,0.2,0.8,0.6,0.0,2.0037588006349627,-0.9429794037640236,-0.82862035217627,1.3520977625623676,1.1828400954500569
0.3,1.0,0.3,1.0,0.9,0.3,1.3592566780538147,-0.33104100072629183,-0.4544860130897323,1.1882265959500358,1.0059041698636915
0.8,0.4,0.2,0.9,0.6,0.5,1.8527096641246164,-0.7058232073722424,-0.8451160899408408,1.4590152352010552,1.2734307610276097
0.1,0.4,0.3,0.8,0.4,1.0,0.17159114669216985,0.8245750361656916,0.9217062720223158,0.43368302045032325,0.36262806309525414
0.4,0.7,0.1,0.1,0.5,0.4,1.7003924562984527,-0.6038567724383688,-0.5819272392201166,1.0940962921584676,0.8431265381491608
0.9,0.2,0.4,0.4,0.4,0.3,0.9256683649812653,0.33413956143198975,-0.04739965842956545,2.170395347186031,1.84911106558387
0.5,0.6,0.6,0.2,0.5,0.1,1.0997190329745137,-0.18371081457143676,0.08637289436781975,0.7684013295616015,0.5666485752860625
0.2,0.0,0.2,0.9,0.6,0.3,1.696985913560232,-0.8487199160483518,-0.7414762784183111,-0.6540405442708761,-0.8660406989272249
0.1,0.7,0.2,0.3,0.3,0.6,1.52355085056548,-0.7297501074484043,-0.6034749057469607,1.6376355171027799,1.6166500192070687
0.6,0.7,0.8,0.0,0.4,0.3,0.4355606587662334,0.19886094228175216,0.3119057333785032,1.875013187263341,1.7323320639503168
0.2,0.1,0.5,0.4,0.9,0.5,-0.10249491078932423,1.0474608922341424,0.9548731284178392,1.1352651854303548,1.2268460143833568
0.0,0.0,0.9,0.3,0.3,0.5,0.06272490930441293,0.9139728231343107,0.6935497953305383,1.106039296113866,0.5732437294123522
0.4,0.8,0.0,0.8,0.6,0.4,0.8963437242086782,-0.01626324878088138,-0.14465261096548943,0.8025313806244588,0.5256700054346255
0.4,0.6,0.5,0.3,0.8,0.6,-0.43175130509618675,1.510087690025602,1.4392580694646802,1.5745990612075516,1.4212902196490442
0.7,0.6,0.1,0.9,0.0,0.3,1.2169614135449844,-0.15167014660313075,-0.25114703094303825,2.6434659928283395,2.461029491325332
0.1,0.2,0.4,1.0,0.0,0.2,0.6383548156708874,0.40991917438239284,0.32958466935392383,1.1078237416472918,0.8222091191686228
0.5,0.3,0.6,0.8,0.5,0.9,0.6284872599346882,0.48021734668178306,0.39649594605051264,1.4992680179398767,1.6717882225611018
0.1,0.7,0.8,0.7,0.4,0.5,0.2891751745274597,0.6673157587341599,0.6036981312906131,0.7222110838131397,0.4307229774930767
1.0,0.9,0.5,0.9,0.6,0.5,0.7952882967781524,0.16175488566311613,0.055658144917030625,3.0522449229143604,2.489340130577513
0.4,0.2,1.0,0.7,0.6,0.0,0.9745705463637746,-0.02315396264651041,-0.18260167746183043,-0.0907887933474866,-0.4124198241163329
0.0,0.1,0.1,0.5,0.5,0.3,0.9947777725604886,-0.00771603083772518,-0.10118013504201401,-0.47303436330848286,-0.814337154602128
0.8,0.7,0.6,0.8,0.3,0.4,1.8622312315292167,-0.7644065477154455,-0.8655173436847422,3.4785013297989313,3.22335436651086
0.4,0.3,1.0,0.7,0.0,0.2,1.0270232217605528,0.16838448223103092,-0.17025939779024285,0.4317265039420697,0.2723205437959931
0.2,0.4,0.9,0.2,0.1,0.4,0.20956050962087136,0.7163349917845961,0.7804096325511284,0.8074220809560824,0.7702543731109667
0.8,0.9,0.7,0.5,0.0,0.1,1.322415000754237,-0.18305033505814736,-0.2084669344075209,1.699310379242493,1.6777677303054515
0.4,0.8,0.5,0.0,0.8,0.3,0.006679776137738749,0.8977361393423633,0.7402341835469713,1.6164202088443829,1.3006287050256107
0.2,0.6,0.0,0.0,0.9,0.4,0.26868784675663215,0.7842541162143755,0.547210875524699,0.5060759798906247,0.04876927432414124
0.3,0.6,1.0,0.6,0.0,0.0,1.3760335653431544,-0.38159362004502945,-0.44112919554361496,0.3020575020222841,-0.024993605989126137
0.3,0.0,0.2,0.6,0.1,0.0,2.07451436751176,-1.0504854261816552,-1.0811898681480383,-0.25926028903640436,-0.5121024964968324
0.1,1.0,0.7,0.7,0.1,0.6,0.18727996976839054,0.5497048064213488,0.639758361380444,0.556244363863208,0.43792121824088376
1.0,0.1,0.9,0.2,0.1,0.8,-0.5415259599565664,1.4450399451332803,1.5194916467422552,4.179793376766873,4.067646902349944
0.4,0.5,0.1,0.4,0.2,0.7,1.2696602026494468,-0.13713925802861135,-0.43935097219624253,1.7622945894302005,1.5978070332699674
0.6,0.2,0.0,0.3,0.3,0.3,0.6832269021207307,0.25603012238446843,0.1503643058107753,2.161252337651765,1.7612994499699606
0.6,0.3,0.2,0.8,1.0,0.1,2.3579717295806057,-1.3173589386643478,-1.1789813417665338,1.7783365724356213,1.510489606791298
0.1,0.3,0.3,0.2,0.5,0.3,1.0972122757839073,-0.11356851896630032,-0.18559947783223463,-0.8474184130858858,-1.177744585592096
0.7,0.7,0.7,0.6,0.3,1.0,1.5088784081631308,-0.5185671719999989,-0.5926448507536138,3.751593715282464,3.5532870960135114
0.1,0.1,0.1,0.7,0.4,0.6,-0.16935777294371096,1.254775539434762,1.0490791027063058,0.46219958077949663,0.43548030724995507
0.6,0.0,0.1,0.9,0.7,0.5,0.7725677627389742,0.37951326422105414,0.17710306775382212,1.3746876646466721,1.20642648433955
0.2,0.6,0.8,0.8,0.3,0.8,-0.18451666402920208,1.0332739520413496,0.9840937973912107,1.679890370526122,1.500829130466097
1.0,0.3,1.0,0.9,0.1,0.0,2.0211136659989357,-0.9799020227221533,-1.200730328738658,3.037779275587601,3.084062067851408
1.0,0.9,0.0,1.0,0.8,0.9,-0.1377876289576604,1.338579371949123,1.0087339895032075,4.348597332796943,4.220232689268985
0.3,0.7,0.0,0.1,0.2,0.7,1.4250210851396385,-0.27079235896315657,-0.46493907762275855,2.3069243075281176,2.139747414971265
0.8,0.0,0.7,0.5,1.0,0.4,1.699387539291354,-0.7927258418986571,-1.1447858733047918,1.6663268437626269,1.3933941589387842
0.5,0.2,1.0,0.4,0.6,0.8,0.6493265723185819,0.2427893905010264,0.1815873918313785,1.705946283158518,1.4135136491688085
0.8,0.7,1.0,0.3,0.4,0.5,1.164509811279503,-0.165321566177028,-0.26230366951175516,3.4482150908753773,3.2171398912017914
0.9,0.1,0.5,0.9,0.5,0.0,0.6972147628085053,0.3049743436363759,0.20279877123464488,2.1069245354078037,2.1014422838254965
0.3,0.3,0.2,0.9,0.3,0.9,1.7224005294766764,-0.7123263567668633,-0.9155748779143164,2.1005268876305236,1.8006744612260142
0.1,0.7,0.0,0.3,0.1,0.6,0.7018317691945354,0.21755588845354953,0.21386246241922424,1.5875768515474786,1.6198105733006787
1.0,0.1,0.7,0.4,0.9,0.8,-0.0421387388726956,0.9953653840233293,0.742685716670536,3.2236656952951583,2.9414579433997465
0.7,0.5,0.7,1.0,0.5,0.2,1.0704540574808952,0.09293496506811949,-0.12960063112377743,1.325424170698716,1.084829705943755
0.2,1.0,0.1,0.2,0.4,1.0,-0.07910861624714184,1.055199348550545,0.8666284156794583,2.09767232238378,1.890589109771711
0.9,0.1,0.2,0.5,0.5,0.5,1.4708739368583124,-0.48673958689870017,-0.533324461307485,1.3965983590611175,1.3709958936059687
0.1,0.3,0.9,0.4,0.8,0.7,-0.343625085292377,1.3380097585931165,1.163466523014813,0.9247725150877464,0.5226438245514126
0.9,0.7,0.0,0.6,0.1,0.3,1.91021137655619,-0.7999793593645033,-1.080349359287446,2.47967508780288,2.5859131860614295
0.0,0.4,0.0,0.8,0.6,0.5,0.4166330374769872,0.5491780316687883,0.5319797977783722,-1.369889319443097,-1.3665335290013503
0.0,1.0,0.5,0.9,0.3,0.8,0.6966650266081253,0.44755604639170726,0.36878160549528716,2.529579692261396,2.209514549414648
0.3,0.0,0.2,0.7,0.4,0.6,0.7585053483411246,0.16091816864915492,0.12384609100341633,-0.044773623301538314,-0.11189101608374466
1.0,0.7,0.3,0.1,0.1,0.5,1.671823626570918,-0.719620755981484,-0.7880492397136708,3.177580131377506,3.024057286057426
0.6,0.6,0.5,1.0,0.9,0.3,0.9567519618225873,0.04652977743182432,-0.12373636872597399,3.435622970662379,3.1128502179599287
0.5,0.4,0.7,0.8,0.5,0.1,0.9725463618748192,0.16269581027988503,-0.005554817681393598,-0.3879774826344655,-0.5681211830234263
0.9,0.4,0.1,0.2,0.4,0.1,1.0495057302654416,0.00696083645205639,-0.2783643214655507,1.9178327038779073,1.5107840028380506
0.0,0.8,0.3,0.7,0.1,0.1,1.4095820224664672,-0.48951136822480235,-0.33282741549160866,0.44190563008873757,0.4581670585300124
0.2,0.0,0.7,0.3,0.1,0.8,-0.026525881602332282,0.8987146706680693,0.8754574299545604,0.8559306453093053,0.6513040594096583
0.1,0.7,0.7,0.7,0.9,0.4,0.8453725729170861,0.2439002757318301,0.12843371060658892,0.7577177830707471,0.6430086093749251
0.0,0.6,0.0,0.4,0.3,0.1,1.268257856250513,-0.4687557366543409,-0.4571318939808171,0.1625269337718871,-0.035181731719633874
0.1,0.3,0.1,0.8,0.2,1.0,1.2454919733851861,0.04600039625493248,-0.3920739235374981,2.333996092930775,2.080794781126092
0.8,0.7,0.3,0.2,0.7,0.7,0.8758666171160472,0.10398363143460493,0.06499904499270204,2.8174051449375614,2.260513927036281
0.4,0.3,0.8,0.6,0.5,0.0,1.1938724312013542,-0.2929511719316673,-0.24811907100301928,-0.7189973390430834,-0.8658124762689273
0.8,0.0,0.9,0.5,0.3,0.0,1.3780368882398948,-0.3666498588506067,-0.511707953782869,2.095016406235248,1.8836625905758524
0.3,0.7,0.8,0.4,0.7,0.9,0.1983770776575723,0.7778976758687551,0.5052000065209195,1.3687913126691003,1.1583099898838531
0.2,1.0,0.5,0.1,0.2,0.7,0.46284433128038216,0.43208180479130176,0.12834296971042983,1.951058073246515,1.8656054687800478
0.6,0.5,0.0,0.2,1.0,0.8,-0.02390588122923734,0.8409103054648001,0.759327141936932,2.6090977962194137,2.4188844146932857
1.0,0.7,0.6,0.9,1.0,0.2,2.6579252367466357,-1.7933540097950869,-1.9204763653855053,3.9373491472869095,3.6961196269514134
0.7,0.9,1.0,0.3,1.0,0.7,0.6425469638935496,0.47017392268525515,0.30489635454472674,4.051720607790279,3.963378405955426
0.9,0.7,0.9,0.3,0.4,0.0,1.0595146011511025,-0.2088474181160025,0.06085247095905255,3.1488499694293566,3.0456891827512207
0.8,0.2,1.0,0.7,0.0,1.0,0.033235673783230196,1.1498373933318131,0.8691914796511242,3.72518740987368,3.5654199973012273
0.8,0.7,0.2,0.0,0.4,0.1,1.9840047752637833,-1.059776026692867,-0.9461348809421763,2.138315261317853,2.120977614293955
0.3,0.7,1.0,0.6,0.2,0.4,2.2337296778610316,-1.4789708530748213,-1.6693194934663258,1.7338507288120628,1.5311395589422572
0.7,0.5,0.6,0.5,0.5,0.2,1.4360285732583022,-0.5947097820461089,-0.6116616861218716,0.6973482202536962,0.4041028170497762
0.1,0.4,0.6,0.7,0.2,0.0,1.4012143742462508,-0.4323058232843939,-0.6099043881705375,0.03899187719654992,-0.06685940232366508
0.4,0.4,0.1,0.7,0.4,0.4,0.7707429254558436,0.295873963657865,0.03247820281612375,0.2069155293146083,-0.11261205466098087
0.8,0.5,0.2,0.5,0.3,1.0,1.7046401265836475,-0.4784571461795735,-0.6233882442082499,3.0262884588964476,2.9495956171012807
0.0,0.1,0.1,0.8,0.9,0.1,0.17596772689152437,0.8587650418359376,0.8593072890197269,0.6421668745829483,0.6469897526587932
0.5,1.0,0.3,0.0,0.6,0.0,1.2845006862905366,-0.19782293803604084,-0.3312824268621848,-0.5585713155656709,-0.47710856005018576
0.8,0.2,0.2,0.0,0.5,0.5,0.964422512762576,0.0797098082191097,-0.20341586126400085,1.7377329074304853,1.3779027475540055
0.6,0.7,0.9,0.9,0.0,0.3,1.0258950751998,-0.0627691786730135,-0.2675236274744508,3.179765001194326,3.0719793931131565
0.2,0.9,1.0,0.0,0.4,0.3,0.2280883600907108,0.5449532047761335,0.37418138784788574,0.6980163982962093,0.5255128666677489
0.8,0.7,1.0,0.2,1.0,0.7,1.5729952783176286,-0.5378256500332239,-0.715441442050673,4.311203276979572,4.267539715607388
0.1,0.7,0.1,0.4,0.4,0.1,2.0541452504700923,-1.0071938215806555,-1.1273543723777897,0.6317657878105651,0.3898439224674797
0.7,0.2,0.3,1.0,0.7,0.4,1.085181723822244,-0.14691340603019543,-0.1259589264569155,2.0105545247292116,1.8358742595816138
0.3,1.0,0.9,0.1,0.2,0.9,0.33778206438735797,0.9589641425657041,0.8579062076394992,2.665340658343702,2.724116302506018
0.0,0.9,0.1,0.8,0.9,0.1,0.4325119260856951,0.7652802860358947,0.5190909649304704,1.1870237643291925,0.9224288739012163
0.4,0.7,0.8,0.1,0.7,0.5,0.3401715678313413,0.5531847891629422,0.49711772571333673,1.084507601029091,0.9911972101964728
0.3,0.4,0.3,0.5,0.1,0.8,1.4417107720196207,-0.38720286561361783,-0.5134890595954699,0.5999782469636876,0.11581595922553403
0.2,0.0,0.3,0.8,0.5,0.0,1.0015424260122066,0.042882416394925085,-0.1284506583910011,-1.541868513172367,-1.7830981414461424
0.9,0.6,0.0,0.1,0.3,0.6,0.9847998918038292,0.054257099195955324,0.15099345872204567,2.834554300609262,2.6375599947124533
0.1,0.6,0.0,0.9,0.5,0.4,0.7726336601487818,0.11359140247079756,-0.06500895013408985,-0.004615307832204839,0.07220105475347399
1.0,0.1,0.1,0.6,0.2,0.9,1.0614120330902859,-0.21041395748507907,-0.06177959932857943,3.90137160365093,3.7280471711762733
0.2,0.1,0.2,0.6,0.1,1.0,0.7750791597622655,0.1301713930507412,0.25423965186422315,1.7828477755916694,1.3230731112529617
0.4,0.3,0.3,0.2,0.5,0.9,0.8071390308625356,0.3893501352679225,0.3925605730635069,0.6298308269130881,0.5956381690688328
0.2,0.5,0.0,0.7,1.0,0.1,1.0024900290126004,0.14118391161954164,-0.2875237568403475,-0.12534570524266242,-0.5580912319919528
0.0,1.0,0.6,0.6,0.1,0.2,1.423860446518363,-0.24496712601780735,-0.3150435586169932,0.2789540658993016,0.1334114131466969
0.6,0.4,0.2,0.6,0.0,1.0,1.0861441763152915,0.18878101171460326,0.12441624732848677,2.0125018302309177,1.8511447677239299
0.9,0.6,0.4,0.9,0.6,0.0,1.5307277845181557,-0.44881322367042475,-0.4423211106746101,1.727076988688734,1.397759679376701
0.4,1.0,0.2,0.2,0.4,0.7,0.6084263070471128,0.26026299825207244,0.21229770557172792,1.4191974734217387,1.284901701131051
0.5,0.2,0.5,0.6,0.8,0.1,0.33303514928290257,0.7086637452353133,0.5166292576301229,1.0245176653600176,0.6581641150233795
0.1,1.0,1.0,0.8,0.3,0.4,1.0139794428185946,0.1336498942046679,-0.10706882303553958,0.9684893961659723,0.9406910064047189
0.1,0.9,0.7,0.3,0.7,0.0,0.11761344599566238,0.7806033196513028,0.9051103389930282,-0.458846121294701,-0.5716846404155106
0.0,0.0,0.0,1.0,0.5,0.5,0.8299945675230174,0.3061302909008547,0.11252385939397064,0.07638701384367919,-0.3016253216741326
0.7,0.6,0.2,0.1,0.6,1.0,0.8728033390177311,0.046589209026829816,-0.009847248630633333,2.501505020495137,2.463458938393749
0.8,0.3,0.8,0.5,0.0,0.3,1.1614813860458904,-0.06599504990938562,-0.330129840781172,1.4679832564164534,1.3831851676120115
0.4,0.0,0.0,0.2,0.7,0.1,0.22574435873319904,0.7275610080023351,0.4182573182354578,-0.5639684018096132,-0.7403844223397198
0.9,0.1,0.5,0.8,0.2,0.6,0.6732257909110917,0.6077468460969185,0.5345588323542945,3.5690173265830736,3.6094594733763157
0.7,1.0,0.1,0.0,0.6,0.9,0.33507615965705306,0.7005312034416932,0.5354258615395084,2.1361950943795045,1.8457117746581586
0.5,0.3,0.6,0.2,0.2,0.5,1.411993290335166,-0.5165208492079025,-0.5319294118061431,2.2699982980465148,1.9946686420228683
0.7,0.2,0.9,0.0,0.1,0.9,-0.44712564292965024,1.2843283311856166,1.368076171093076,3.995537756034101,3.6774936829710283
0.5,0.8,0.6,0.9,0.4,0.2,1.6243712559720687,-0.3191529814789409,-0.6917987333341401,2.3367449682544437,2.2485162712596716
0.4,0.8,0.0,0.1,0.9,0.7,0.19789053763171766,0.9016248560303759,0.6189327565991402,2.302610886393003,2.277168531273723
0.5,0.1,0.5,0.5,0.5,0.1,0.9593732089907694,0.06070611476425133,-0.07345993831011192,0.524676239218743,0.23052723212106113
0.6,0.9,0.6,1.0,0.8,0.6,0.2712888040826736,0.7774536929735578,0.7199990182556479,3.075960115894434,3.036752237616068
0.2,0.4,0.2,0.2,0.1,0.2,1.4000712024422017,-0.3298818171630059,-0.46239397334113747,0.14702943631830614,-0.07200379720522859
0.2,0.2,0.4,0.4,0.8,1.0,-0.6476014753779581,1.6048475880796114,1.4210411388193396,1.2913438930835632,1.249475518635343
0.7,0.9,0.3,0.4,0.8,1.0,0.01597892373921586,1.2186208773450058,0.9624724526676968,3.1718092287982653,2.953226108445143
0.7,0.4,0.3,0.9,1.0,0.8,1.35471615658003,-0.4829425283817694,-0.5754864161275952,2.7913918756277383,2.704453925059331
0.9,0.2,0.1,1.0,0.3,0.4,1.6982262401969699,-0.8555329596469126,-0.7357340722210549,3.9524072806619115,3.752138520455302
0.8,0.9,0.6,0.3,0.6,0.9,0.15242181954502607,0.6134665891990689,0.5608110643325799,3.0187596440289672,2.8028711290133685
0.9,0.5,0.1,0.6,0.6,0.6,1.0556501602988335,-0.20314213964717004,-0.04736109669244788,1.2386618519943762,0.9378351966382921
1.0,0.8,0.9,0.9,0.7,0.5,0.5235073717202983,0.4160942422525515,0.2909750604313351,3.451742983087386,3.1401212267199647
0.7,0.0,0.8,0.8,0.4,0.2,0.13417785515392694,1.0294692508608971,0.6030558836533921,1.2525626676974009,1.2524617627280599
1.0,0.6,1.0,0.2,1.0,0.9,0.9362381660326009,0.011910953682396004,-0.08504372368313953,4.473249106069656,4.2196471567194935
0.2,0.7,0.2,0.9,0.6,0.6,1.866896378422122,-1.2092928371195055,-1.080761388317963,0.8784739682650015,0.5937738877325062
0.7,0.2,0.3,0.0,0.4,0.1,0.8703109091996803,0.10574389599862738,0.23114667469042316,1.1569514990980907,0.7970825228341697
0.1,0.9,0.7,0.3,0.6,1.0,-0.4841144110715337,1.150707325434448,1.0916632237276491,1.0810592739977267,1.0089678809797753
0.6,0.4,1.0,0.0,0.1,0.3,0.8484410114739409,0.01964399292405658,-0.05485700274131655,1.4393133127728033,1.4179633976967587
0.1,0.8,0.1,0.5,0.3,1.0,1.4047418761697152,-0.4088442199259591,-0.6747419470027359,2.6750506391420634,2.670529135724683
0.5,0.0,0.9,0.8,0.7,0.0,-0.05028333629335885,0.7499790713954486,0.8048043117126358,0.4522697692862617,0.32367287396354466
1.0,0.6,0.9,0.2,0.7,0.1,0.3409653049619409,0.80473196379476,0.4318207982970211,2.1688223265092836,2.119873403420972
0.8,0.2,0.6,0.8,0.9,1.0,0.005715413237095096,1.1282179630560556,1.070557051599747,4.1234254391534115,3.9155637751030463
0.0,0.7,0.7,0.5,0.5,0.5,1.7722491359561063,-0.5835374907866535,-0.6763283080409717,-0.22775073083046216,-0.364785174861745
0.5,0.5,0.8,0.7,0.4,0.1,-0.04463059281727777,1.028528644456483,0.9993522485479556,0.23900579523925045,0.13832564146491294
0.0,1.0,0.7,0.3,0.5,1.0,-0.15044158633932309,1.1269615503776191,1.3256419324932103,0.8351918723788161,0.785308432409802
0.6,0.8,0.3,0.3,0.3,0.0,1.6934259466679837,-0.9684055682980355,-0.7857856948693805,2.32753830632171,2.2040544166856413
0.8,0.8,0.0,0.3,0.4,0.8,0.19731046326557283,0.6920314635607063,0.44007936102223766,3.6299134464606904,3.406890305220959
0.5,1.0,0.3,0.6,0.3,0.7,1.2455961460616707,-0.2293498919662029,-0.5850037618829881,1.4769789578978936,1.4113658320295215
1.0,0.1,0.3,0.0,0.5,0.3,0.6278301377138523,0.4266583882240699,0.17159815036279735,0.9677563054330746,0.7971669442403952
0.2,0.0,0.4,0.8,0.4,0.4,0.09621158836828825,0.9054037195797654,0.6905871339129769,-0.3180021846414631,-0.3874635991370998
0.1,0.4,0.8,0.2,0.4,0.1,-0.09636938411176443,0.8171751326213736,0.7814746630486524,-0.3248511754499389,-0.7165732789717978
0.3,0.0,0.9,0.2,0.6,0.8,-0.06939939239305046,1.2158466175458011,1.1983002695254936,0.6346811049391236,0.38906059656361924
0.5,0.5,1.0,0.1,0.5,1.0,-0.16960059116930482,1.10270425367257,0.9789621018816335,1.9756732079004764,1.5905787695677387
0.3,0.7,0.4,0.3,0.2,0.0,1.8062988593372922,-0.7246881712919149,-0.8084834192483406,1.5718082730687373,1.2610192236727218
0.7,0.7,0.3,1.0,0.7,0.6,1.7959180695751742,-0.6878812101954804,-0.7514831889837706,2.8560018611641653,2.5921729574161128
0.2,0.5,0.5,0.5,0.6,0.1,1.1827280446071156,-0.20244887926382343,-0.31954832420182583,-1.0279513722151916,-1.3591828479452153
0.4,0.7,0.2,0.6,0.4,0.7,1.6503897108946122,-0.7644532339216337,-1.07374454459472,1.3855194116818235,1.175902545297096
0.7,0.2,0.9,0.7,0.8,0.1,-0.38080509333640983,1.4787549448854542,1.4636194666067643,2.287662161858342,2.0426221063150813
0.3,0.8,0.0,0.1,0.0,0.4,0.5275161033234484,0.4737028597044268,0.3602407535947211,1.1978337807287032,0.8602731761952672
0.9,0.5,0.6,0.3,1.0,0.4,1.060283838319245,-0.04813888070546094,-0.04323879674718216,2.5468142567324974,2.456986811331783
0.1,0.7,0.0,0.8,0.9,1.0,0.11975458916967535,0.8734468955891315,0.6218543090087598,2.6039469931472023,2.386312481052903
0.7,0.5,0.8,0.2,0.4,0.1,-0.3349121774615156,1.2843079169562206,1.1015203798593263,1.4359251998668603,1.1526444276873462
0.5,0.1,1.0,0.3,0.2,0.7,0.35866292602812927,0.5379265714953015,0.4582834789583964,2.811641034434499,2.613412507426279
0.2,0.5,0.8,0.5,0.4,0.2,0.7750183422529378,0.407845651018985,0.22278083389591075,-0.6787708268055177,-1.2134493401402497
0.2,0.6,0.4,0.4,0.2,0.3,1.5800881250760137,-0.4339768786341691,-0.6340395820863937,0.7053607644807407,0.525690504973767
0.2,0.1,0.9,0.1,0.9,0.6,-0.721503775133393,1.9769241307128904,1.5109157124658448,1.83235680924019,1.363867445290848
0.3,0.2,0.5,0.0,0.2,0.5,0.5674924468556907,0.16461125770474389,0.2043518893255336,1.779309216065097,1.5021439120589215
0.3,0.3,1.0,0.3,0.4,0.1,1.1963687138839416,-0.08038484481861796,-0.29641073310985816,0.3578370288832777,0.2122217890491394
0.9,0.7,0.0,0.9,0.1,0.3,1.8437300438673072,-0.9934970194429822,-0.9401944016805276,3.587229399039066,3.541094933927448
0.6,0.8,0.4,0.3,0.4,0.7,0.2878790558516471,0.6523924612680985,0.6884694409428784,2.819059410906818,2.6282058380645124
0.5,0.2,0.2,0.1,0.5,1.0,0.4439577939157729,0.6311576601936298,0.27612946384353615,2.1874544069315,1.791873785046037
0.6,0.2,0.9,0.0,0.3,1.0,-0.20822604943702117,1.0446603852098484,1.1972762825747045,3.8819335714487835,3.5433718088224446
0.9,0.7,0.8,0.3,0.3,0.5,0.9460851971775273,0.0071996758829771645,0.03880287663085846,3.7265769963080215,3.504225279108192
0.7,0.9,0.3,0.3,0.4,0.1,0.8906317638970997,0.18306428007860673,0.10013909303714802,1.7293875945573212,1.796525828079568
0.8,1.0,0.6,0.4,0.4,0.4,1.25341954700303,-0.0977162973389294,-0.26610326871554707,2.2996229639956876,2.0494455194834256
0.1,0.7,0.9,0.5,0.9,0.5,1.0425554831079347,-0.23412187147735863,-0.39088170900001873,1.8198645453490019,1.4613302596783224
0.9,0.6,0.9,0.0,1.0,0.7,0.29324412329374805,0.3756869976996451,0.3290161775223149,3.820805659434668,3.5734210143277854
0.4,0.0,1.0,0.3,0.4,0.5,0.47146574539062314,0.7314916398586101,0.41662137059803067,0.8070884179344563,0.6204151288690462
0.3,0.5,0.2,0.6,0.4,0.5,1.1850788556815064,-0.06620190461321143,-0.2928700086890715,-0.4284544419836013,-0.7446847581153866
0.4,0.8,0.4,0.0,0.6,0.4,0.7417698818906477,0.4249531436030012,0.16656876634574852,0.40265080178161444,0.44529344904616586
0.7,0.8,0.2,0.1,0.1,0.3,1.5920571893874793,-0.7172146527442526,-0.9355290168589026,2.944866729614091,2.994414187323909
0.0,0.4,0.8,0.6,0.6,0.5,0.5115836833339029,0.3586927852369466,0.5038705966324629,-1.4084987274159846,-1.5213002988313364
0.4,0.3,0.3,0.7,1.0,0.9,1.2701202820019024,-0.3169849292597377,-0.3372497380944958,1.5914872073139348,1.28513759305149
0.1,0.5,0.2,0.1,0.8,0.2,0.2985993182961729,0.8870637206650593,0.5257855879797653,-0.47888084556311994,-0.9325258547065901
0.0,0.5,0.8,0.4,0.0,1.0,-0.8011109563694713,1.8013037378452632,1.6563619563157204,0.9093085660847948,0.6983108591968828
0.6,0.9,0.8,0.9,0.7,0.9,-0.47954144246424246,1.5034019595565886,1.464632084670382,3.025542023489323,2.70889194798609
0.7,0.4,0.6,0.2,0.9,0.4,0.5935712123529499,0.7654199711777223,0.3680832531370703,2.1988651565536053,2.088125798948429
0.2,0.3,0.6,0.2,0.1,1.0,0.716966244386068,0.5915009333737165,0.3078875421871369,2.1254213603369485,1.9827846646768559
0.6,0.5,0.3,0.0,0.2,0.2,1.1733122076245799,-0.11493279021721306,-0.42015525751323324,1.0273583426418444,0.6901041555427796
0.0,0.9,0.1,0.3,0.6,0.5,0.3721696298290098,0.5989964338292149,0.3920116393194976,0.3282363353031485,0.1933515043830399
0.0,0.7,0.9,1.0,0.9,0.0,1.2020251708178227,-0.29679571644874037,-0.18098422724607852,2.5494508298156227,2.1917362437778047
0.6,0.0,0.1,0.7,0.5,0.5,0.5866144832941079,0.37921849144317615,0.4163512557396197,0.8236154057016273,0.6044017598777985
0.3,0.2,0.2,0.7,1.0,0.3,1.867477915426802,-0.7732899116084082,-0.761226270402102,0.7489699598696548,0.7324642832825853
1.0,0.6,0.3,1.0,0.9,0.7,1.1313900699970008,-0.20955804927714705,-0.19474940428897908,3.6894555051191773,3.3736416947028554
0.3,1.0,0.3,1.0,0.9,0.2,1.306261957825276,-0.31822280851459334,-0.3878218591322249,1.1727954212119922,1.0233781704612746
0.2,0.2,0.5,0.3,0.0,0.7,-0.49955040802395645,1.3601492008787401,1.2831360722534748,1.3266993154980775,1.0769336015897197
0.6,0.6,0.2,0.8,0.0,0.5,0.7564394290029075,0.07701453434467179,-0.11964167205493537,1.9354332174914397,1.6819699088943456
0.9,0.5,0.7,0.5,0.0,0.3,0.8502407671881496,-0.028942841475000744,-0.3647039177521263,1.175782201473235,1.1107673777059601
0.9,0.7,0.2,0.8,0.9,1.0,1.0263334867433178,0.08158183717866274,-0.1333511914450521,4.568536989111835,4.349534485554443
0.1,0.8,0.8,0.5,0.4,0.2,1.3137981206837617,-0.12424620005505456,-0.13863225290169315,0.5102389699115967,0.4248026277545801
0.4,0.3,0.2,0.4,0.3,0.2,2.546820191037998,-1.4911541360587857,-1.6509724303654396,0.7766826695937128,0.5304269818206466
0.7,0.3,0.4,0.5,0.1,0.1,1.8308344469621358,-0.9220670401347909,-0.9430421671764941,1.6849409037494738,1.314688784952662
0.2,0.2,0.6,0.4,0.6,1.0,0.7817150028388615,0.6077368360232644,0.22310705229095856,1.020221559131949,0.8048084921763291
0.0,0.0,0.2,0.0,0.1,0.9,0.5094774614744484,0.5949880816781974,0.5667565463069812,1.0016605495134705,0.6231061352103421
0.7,0.7,0.7,0.6,0.3,0.8,1.7249220949512523,-0.7281366299894472,-0.7131522665512877,3.2166588807199585,2.912466600862966
0.9,0.5,0.7,0.7,0.8,0.6,-0.5765252709652083,1.6405048784985208,1.3962372866961432,1.3928748280421264,1.0678427647141542
0.4,0.4,0.0,1.0,0.3,0.0,1.8692024026875158,-0.8429951154489941,-0.6902455230914969,1.258176600574755,0.8358355375828584
0.4,0.5,0.8,0.0,0.7,0.1,-0.5662742757678567,1.3981650355159214,1.2501375649955737,-0.7463106016686591,-0.9746318294457235
0.0,0.0,0.1,0.8,0.3,0.3,0.8517306692337347,-0.0983938858711509,-0.19634309051228624,0.3287824969087367,0.1217583934197769
1.0,0.7,0.9,0.1,0.1,0.2,1.2759640647088526,-0.4216780852550582,-0.45698779879329626,3.930141447154848,3.492572013337123
0.2,0.4,0.0,0.5,0.4,0.4,1.1064395949065298,-0.29893602649927126,-0.25788634956377765,-0.565025282801719,-0.971090915402983
0.9,0.2,1.0,0.2,0.8,0.9,-0.5632271781153485,1.2795604696585512,1.4878710468303051,3.9760781029287138,3.6574090573854714
0.6,1.0,0.3,0.9,0.4,0.7,0.7117851566932857,0.3194030642493484,-0.14807707378678298,2.236516779289513,2.0344358669886535
0.0,0.0,0.1,1.0,1.0,0.0,1.990924334235685,-0.9140785181016794,-0.9870024476889364,1.2953796336640242,0.6290955681214638
0.0,0.8,0.2,0.2,0.7,0.5,1.0039777866689947,0.15490407242800242,0.11658107430618123,0.6186188997336326,0.40380591978719
0.3,0.4,0.6,1.0,0.2,0.2,2.137496676639144,-1.077851036321439,-1.0243499342288775,1.4602428613566762,1.0491430425484278
0.8,1.0,1.0,0.0,1.0,0.9,0.8261130872322154,0.11217811611621167,0.16813988324718238,4.076361704191775,3.73128396786802
0.4,0.8,0.3,0.9,0.9,0.2,1.8607255478530218,-0.6968020050697378,-0.47245716789570247,1.6528004867773702,1.5531817493444389
0.3,0.2,0.4,0.7,0.6,0.9,0.056350416460842656,1.0052230545928222,0.8136856567125925,0.5482447540655893,0.44258924800427607
0.9,0.9,0.7,0.1,0.2,0.2,1.3309417982293157,-0.3485560084392687,-0.004391010825626707,2.8757238065105666,2.6099636362514254
0.3,0.5,0.7,0.8,0.1,0.5,0.0065295720985175665,0.6609825002001525,0.6183748820517512,0.558931730421589,0.3152451732730103
0.5,0.9,0.0,0.6,0.0,0.2,0.6658826379315005,0.3687295138384057,0.22656041929933754,0.9888358707486564,0.7239104654963238
0.2,0.4,0.7,0.3,0.7,0.2,0.42583245384952134,0.700977081165812,0.4177439865795721,-1.1603997325774302,-1.3558532044041782
0.4,0.1,0.7,0.2,0.4,0.2,-0.028990406039915484,0.9085081036735706,0.8378264597076659,0.3156926088769863,0.158400697190261
0.1,0.7,0.3,0.0,0.9,0.5,0.9486834198675893,0.06391023287381964,-0.03538498237857199,0.898440756744929,0.5674681936421834
0.5,0.7,0.3,0.8,0.9,1.0,0.5705299163542001,0.37770085575582535,0.1454510877804323,3.2231370705401527,3.1021540888743164
0.8,1.0,0.8,0.3,0.0,0.5,-0.3117715133171067,1.384242825225767,1.2325143003583117,2.644853954418483,2.3520880508483315
0.6,0.9,0.4,0.8,0.8,0.6,-0.6669129551229886,2.0257281871512323,1.7771453050069912,2.3947158095545698,2.1324389745734775
1.0,0.4,0.5,0.7,0.1,0.3,0.8248637275700135,0.07451981399109528,0.06640233842890489,2.223622278906795,2.063949770558553
0.1,0.0,0.1,0.0,0.1,0.3,0.6743500330235104,0.15426205969147755,0.27503619262282086,-0.08727276304192122,-0.05130488058499593
0.0,1.0,0.9,1.0,0.8,1.0,-0.5807520180104969,1.656778410591774,1.6014182196527007,2.709634461941544,2.617952618328386
0.5,0.0,0.7,0.3,0.0,0.5,0.000665651992865412,0.8735617636799384,0.8552486628532078,0.7556760288747371,0.40885335763934344
0.9,1.0,1.0,0.0,0.2,0.3,1.2958753234417086,-0.5211138677729386,-0.6420052838386534,3.0997495897922773,2.7752216815375768
0.7,0.3,0.4,0.7,0.5,0.1,1.020567943582974,-0.02749502557989092,-0.18207058684520272,0.5595884824498122,0.527651890721948
0.2,0.4,0.8,0.0,0.9,0.0,0.041129239715629144,0.9810756501587437,0.9721640160932764,-0.2416982809705724,-0.33318339550551274
0.5,1.0,0.4,0.4,1.0,0.0,1.6257495879883628,-0.869538986235703,-0.5696611634129232,1.5879440112094247,1.3779227419119422
0.8,0.4,0.0,0.5,0.9,0.4,0.9754555629578678,-0.04597874801858681,-0.05577987239697982,1.4689686911648394,1.3202289557514755
0.6,1.0,0.5,0.9,0.0,0.4,0.3682987671341225,0.48247707396605105,0.3393222484759188,2.5572600629383078,2.395239091524405
1.0,1.0,0.0,1.0,0.2,0.9,1.2155639379957557,-0.25457729067089446,-0.6192670342253679,4.7643281006099825,4.638843757842167
0.8,0.9,0.2,1.0,0.8,0.5,0.6969072536515086,0.2716954851320984,0.04002383321599466,3.5171987153724755,3.1962837700998246
1.0,0.7,0.9,0.7,0.9,0.3,0.978849466205363,0.20864945902859447,0.20669385312466712,3.4369235102854576,3.297286247860763
0.4,0.3,0.8,0.1,0.9,0.9,-0.34942796102126805,1.326278420967771,1.256481009957484,2.226311689396776,1.7441939790534808
1.0,0.9,0.3,0.6,0.0,0.7,0.6450415251212036,0.18939824886683482,0.26169494171371843,2.488827839449174,1.9789178327611705
0.4,0.0,0.2,0.6,0.0,0.2,1.412505917717636,-0.4791108878840137,-0.5599518665972207,-0.4300902185694626,-0.8179156437288206
0.3,0.1,0.0,0.5,1.0,0.6,1.069444168072569,-0.04711536696450555,-0.05451236648522215,0.9729797343761574,0.8328117149782259
0.4,0.4,0.7,0.1,0.5,0.2,0.9621927442799773,-0.09079975168963314,0.12469896604670466,-0.7324684223056107,-1.1086678957593241
0.0,0.9,1.0,0.9,0.5,0.6,0.4659254024976541,0.46061190777850325,0.3000378688088358,1.2138138578972988,0.9758064400241753
0.3,0.2,0.8,0.6,0.5,0.7,0.12667879011960131,0.8044385339033217,0.8435074485661227,0.1626402799703629,0.11813178338838931
0.2,0.6,0.4,0.2,0.2,0.0,1.151667064474223,-0.3161309739253947,-0.3603067422188512,0.9692972829693415,0.9016972289726989
0.4,0.6,0.9,0.4,0.5,0.0,0.9434666665116218,0.09648986546204995,-0.19854141437178932,0.501376169671363,0.1315900468681908
0.6,0.6,0.5,1.0,0.5,0.6,0.8164344623881856,-0.00586691172209719,0.12458325475675687,2.8156478392645345,2.605106304123897
0.9,0.1,0.5,0.6,0.2,0.8,0.553014806389811,0.1501885694619547,0.2429429594343308,3.766303398483556,3.5313589382876405
0.7,0.6,0.5,0.7,1.0,0.3,1.27853153412984,-0.21830998990512587,-0.2870038439741328,2.813468900159728,2.610090445909042
0.3,0.1,0.0,0.5,0.9,0.6,0.37009066455807155,0.8703194680654502,0.6376235853238483,0.7393664868437854,0.6688221591711312
0.0,0.1,1.0,0.8,0.3,0.4,0.42497416654650133,0.4645148232274413,0.5135752813580551,1.0915552622175528,0.9903664624772809
0.0,1.0,0.7,0.8,1.0,0.7,0.39331539878615285,0.44195383876995725,0.5718735270979405,1.1773756230348211,1.1492545574818975
0.4,0.4,0.9,0.1,0.1,0.3,0.4090004097624231,0.4250538157565556,0.4446774331488969,1.1385574441075108,1.0243825666285666
0.1,0.4,0.9,1.0,0.8,1.0,-0.5892676889567984,1.653984460262777,1.4138182733102544,2.352902270970143,2.106638998826655
0.1,0.1,0.8,0.9,0.8,0.5,-1.0636880945036071,1.97656717911893,1.7936674865383613,0.8234602106686646,0.5709330698987285
0.2,0.7,0.8,0.3,0.1,0.3,0.795559600307118,0.3533229375747548,0.10713380914600076,1.5899522997454667,1.2157447913668515
0.2,0.7,0.3,0.5,0.4,0.9,1.594709005710628,-0.7305344274430503,-0.9340572817821234,1.0478142225310703,1.1500974472350598
0.0,0.1,0.7,1.0,0.7,0.4,0.07879380968311486,0.7956191377002764,0.6090368319126668,0.06500900808302994,-0.04737234574062414
0.1,0.7,0.7,0.1,0.1,0.1,1.7256503223433726,-0.5971791421508857,-0.4657405992256639,0.7547442940497342,0.6564743379456247
1.0,0.9,0.0,0.6,0.6,0.5,0.9449868857229773,0.007285950660002493,0.03503932200993892,1.5495236341580096,1.3313641946519397
0.8,1.0,0.9,1.0,0.9,0.9,0.011390978990090311,0.9081775490448909,0.7861017274874514,5.208445973126015,4.902572846281913
0.7,0.4,0.9,0.4,0.7,0.7,0.01297689112012533,0.8933941970454944,0.9558574455723645,1.8073701963223774,1.632718261809682
0.0,0.5,0.0,0.3,0.1,0.1,0.2806176370703515,0.6854706598875214,0.6207734723440703,-0.06217695854200392,-0.16702682969108773
0.8,0.8,0.4,0.7,0.3,0.4,1.0824927385418135,-0.009696890998315846,-0.1446523492734148,3.02835380415,2.7176063241484796
0.3,0.5,0.9,0.2,0.9,0.1,-0.33597375753453806,1.1194065680067946,1.124075649546958,0.8005879389308282,0.6851946112343577
0.0,0.3,0.4,0.4,0.4,1.0,0.3175294564830792,0.7666791508866313,0.5080939635135926,1.046437934618609,0.926868870261272
0.4,0.4,0.8,0.9,0.3,0.4,0.6977525077112852,0.19896151754732505,0.06510922992228366,1.111515615666853,1.2205261795959754
0.8,0.9,0.5,0.3,0.5,0.3,0.19190396601071422,0.5452348752091262,0.5603994630246784,2.462276811339066,2.1950723426246546
0.1,1.0,0.9,0.0,0.2,0.5,0.4185274438029845,0.5116858436607,0.334404117359293,1.6195638116500932,1.2329141228326925
0.4,0.8,0.2,0.5,0.9,0.1,2.298224769387313,-1.398848335041822,-1.3046907719399001,1.1404390666992539,1.0929789663733254
0.4,0.8,0.7,0.4,0.7,0.5,1.070631284422034,0.1076679656292304,-0.02309545945388538,0.5645834995603493,0.6371849619287062
0.6,0.0,0.8,0.7,0.5,0.4,0.12760400474994077,1.0316048242416458,0.7488612341438559,0.32948359038024755,0.15794559413618642
0.3,0.5,0.5,0.6,0.4,0.1,0.8798166649949399,0.20774603126596175,0.27038166985924006,-0.3431210769733266,-0.33932157198115187
0.7,0.4,0.1,0.3,0.8,0.3,0.26429222981702316,0.7453527555893823,0.7621491989355317,1.4539912505377472,1.3314122838396836
0.4,0.7,0.7,0.7,0.5,0.4,1.2336561088896474,-0.05490670387168145,-0.4170733294181467,0.29544184954461605,0.20745877022656425
0.8,1.0,0.5,0.7,0.2,0.3,1.2974505733602266,-0.08205142111910764,-0.17723458744777165,2.8815236306224956,2.7657839576392735
0.9,0.3,1.0,0.7,0.8,1.0,-0.15138763920505788,1.2180747018840998,0.9932100707110425,3.4229234699469306,3.0464027778837135
0.6,0.1,0.3,0.2,0.1,0.6,0.10445520388906807,0.7373936118991018,0.6853724570356656,2.1803537162003037,2.0489762679169834
0.7,0.8,0.0,0.9,0.3,0.6,1.4090728511693429,-0.469669823010107,-0.3731655874097846,3.7991285041968554,3.7256621409008885
0.9,0.8,0.1,0.7,0.0,0.5,0.8721365852861466,0.24749805236344607,-0.05135466093095886,3.2021259167438223,2.9269382263938843
0.3,0.1,0.7,0.6,0.8,0.9,-0.7905515009526958,1.5514497277196946,1.5094531475717672,0.7638458585676811,0.49488130599083185
0.5,0.3,0.8,0.6,1.0,0.9,0.9178939170607747,-0.05407994752166241,-0.08333276025556902,2.42285379764799,2.256621415795934
0.4,1.0,0.5,0.0,0.3,0.4,0.851814348950247,0.23519670212113666,0.0633101044764484,1.715750657077236,1.2947873253598547
0.0,1.0,0.6,0.5,0.9,0.9,0.6197161837525236,0.37383674377878634,0.509222572830385,1.3844506794989337,1.4170433361378414
0.4,0.2,0.3,0.6,0.4,0.8,0.7722119176497244,0.19495503868854333,-0.09165960701882536,0.8409007952819462,0.7990216067710845
0.1,0.1,0.3,0.8,0.6,1.0,-0.14982591296064882,1.229344021189566,1.1530667098048768,0.6812014982660317,0.1545137510249261
0.3,0.8,0.9,0.1,0.7,0.4,0.23794414072121134,0.87643344445063,0.8493347620766666,1.1054731819956303,1.1395750142763736
0.0,0.4,0.5,0.9,0.9,0.5,0.40714463760870173,0.7620729426480527,0.5185815886653911,0.9895869741205507,0.8511610485024526
1.0,0.6,0.6,0.1,0.3,0.8,1.0437921163861623,0.07165613159712941,-0.07604727312430572,3.608533530640679,3.4227411646245653
0.2,0.7,0.4,0.4,0.3,0.9,1.150267649971064,-0.21786482507474603,-0.3963581210112684,2.3368817711715635,2.2298074073322898
0.4,0.1,0.7,0.2,1.0,0.2,0.776522673134567,0.12889260212949688,0.19360298770069206,1.135245072007779,1.0192708809313862
0.4,0.2,0.3,0.9,1.0,0.5,1.6953807693123324,-0.6157568861390065,-0.7988321304709208,1.8131199012290435,1.549767854326971
1.0,0.8,0.4,0.6,0.6,0.0,1.9762626643944508,-0.7030475424268274,-0.8121911976211048,1.495622373854064,1.362139981001195
0.3,0.4,0.2,0.3,0.6,0.9,0.6623488674715278,0.24056225391250505,0.07298598127449002,0.368268052877191,-0.015823517656771553
0.7,0.5,0.5,0.5,0.1,1.0,0.4193619881119371,0.5309685111880971,0.2836612516076269,3.447923187073614,3.1672883654033606
0.7,0.5,0.0,0.5,0.3,0.2,1.616947613384228,-0.5090642089892328,-0.6325699124424484,1.3242227921953296,1.1248504950582106
0.8,0.4,0.0,0.5,0.4,0.7,1.0835425261292102,0.07437005020094149,-0.12127322397837854,1.5090219097355426,1.5021043065246942
0.3,0.4,0.6,1.0,0.7,1.0,0.46100586788902614,0.5274109542957339,0.3497466172503437,1.6078993400998882,1.4691704522535982
0.7,0.4,0.7,0.5,0.1,0.4,1.5720886604885074,-0.5684601483291369,-0.6732589434086039,1.507498710117589,1.0499859123824151
1.0,0.4,0.3,0.0,0.7,0.6,0.42166964415376634,0.47055878061633183,0.3404626097674475,0.6385222559614194,0.6410333586911224
0.9,0.6,0.6,0.8,0.4,0.4,0.8380568271273663,0.21081664488562196,0.014174660571581548,2.375993678734661,2.4253343901211526
0.6,0.4,0.0,0.0,0.3,0.0,0.9493989275068407,-0.13099173145269705,-0.21376702212983711,0.8003471737590278,0.8294726110599635
0.9,0.3,0.0,0.1,0.6,0.1,1.4365503536076225,-0.33979700838452787,-0.46111312919427916,0.9520556371922079,0.6352312547939434
0.2,0.8,0.8,0.0,0.0,0.0,0.3347884902678028,0.7284170023115373,0.8522426910425485,0.6437403781963783,0.12234679489070893
0.8,0.3,0.0,0.2,1.0,0.5,1.3195906400237116,-0.24302287827101293,-0.37247341970040315,2.6876471931492065,2.5376344976903824
0.7,0.8,0.4,0.7,0.2,0.5,1.3558818026699968,-0.1697908109017078,-0.15998615759605822,3.4626752475321156,3.111267756980685
0.4,0.5,0.2,0.0,0.4,0.5,0.46644924274808647,0.5099048421136397,0.49341328824752817,0.0847584851996013,-0.0964398397406864
0.4,0.7,0.9,0.8,1.0,0.1,1.6919484784046739,-0.6530651509770338,-0.7613368067566361,2.4688588828629308,2.1159346026802455
0.9,0.6,0.2,0.9,0.5,1.0,1.4065815491799605,-0.33189827691966733,-0.40350015702673103,3.520208026606143,3.21462093580484
0.1,1.0,0.5,0.7,0.5,0.5,0.2867643363214508,0.6709940237379236,0.7524939311073269,0.1672999234535769,-0.19824559225647315
0.0,0.4,0.1,0.7,0.6,0.7,0.39824874388949816,0.6838839654914903,0.6280466353869197,-0.5466060038682072,-0.8367795743459434
0.1,0.9,0.8,0.3,0.5,0.5,-0.48552681433669215,1.4974264880126806,1.1628072036961001,0.4625167418329883,0.12973874446202932
0.6,0.4,1.0,0.4,0.3,0.1,1.716197885830441,-0.7886401792468698,-0.7898498850284741,1.479171943495616,1.30465189499815
0.4,0.0,1.0,0.8,0.2,0.5,1.0289069331422833,-0.2946182090023254,-0.12297120465966344,1.62939765145096,1.4499545738085478
0.8,0.6,0.3,0.1,0.2,0.2,1.7638000692981812,-0.9682885683048915,-1.0722397493345452,2.226678796601127,2.12762465708007
0.6,0.2,0.6,0.6,0.0,0.0,1.2109265322191578,-0.008033605497264867,-0.2696155348018138,1.3177157487454454,0.938463329583056
0.1,0.0,0.4,1.0,0.2,0.3,1.2967693394618398,-0.5993234121365262,-0.6582471443465419,1.1841068909088972,0.8052483561156739
0.6,0.4,0.0,0.0,0.0,0.6,-0.3076335585831119,1.1708892460912546,1.0325892153435912,1.0813834801771502,0.8871185539528147
0.1,0.7,0.4,0.3,0.9,0.8,-0.08666213096830538,1.0624632679721073,0.6863748688258676,2.260129161399487,1.9638284820632264
0.0,0.5,1.0,0.5,0.5,0.2,1.1779463784164144,0.014429543298334097,-0.3376889535387923,-1.1491183395903695,-1.228107602063944
0.1,0.6,0.6,0.0,0.5,0.4,0.7268589194680651,0.20154604759062117,0.1479973745007175,-0.3284554039663785,-0.4549537009627354
0.0,1.0,0.9,0.0,0.9,0.0,-0.13634184723851434,1.1445953402382099,0.9409492310044696,0.8485610192243864,0.606449189240775
0.4,0.7,0.0,0.8,0.5,0.3,1.283840228419903,-0.23541627343724975,-0.338744432148505,0.5319037245753369,0.4256802466255521
0.9,0.5,1.0,0.9,0.6,0.8,0.6987902936451102,0.26212505733698044,0.21534226938549744,2.456890177617819,2.331464290830201
0.5,0.2,0.4,1.0,0.4,0.5,0.690714344877971,0.3828930915469716,0.31239142295444144,2.3455473810155425,2.026780062550185
0.4,0.7,0.8,0.4,0.2,1.0,1.0680185231857005,-0.2468893835026217,-0.2600575228155056,3.5365195848489828,3.16639316026078
0.9,0.7,1.0,0.8,0.9,0.6,0.9285291695187166,-0.04340478758966117,-0.12820624199463287,4.035723809046355,3.7834145792998326
0.0,1.0,0.3,0.6,0.4,1.0,0.46794871611352057,0.3634384799713116,0.32539578885995646,0.7367146699895307,0.564926048820714
1.0,0.3,0.2,0.7,0.7,0.4,1.3766181363767733,-0.3179883721667062,-0.4211081543767531,1.1626454517338605,1.1351209255291699
0.3,0.6,0.3,0.1,0.5,0.2,1.212254747914532,-0.19871591366250038,-0.17739784299753117,-0.6442431070211092,-0.8364678107746246
0.5,0.4,0.2,0.6,1.0,0.9,1.8187199364928235,-0.7061307106822707,-0.8074865673460881,1.9628008568622262,1.6787142766494374
0.1,0.7,0.7,0.5,0.8,0.1,1.3290992389556493,-0.21855005965716945,-0.4785283021056543,-0.15747131302875989,-0.4580185400938503
0.9,0.8,0.3,0.0,0.9,0.8,0.46801838421929637,0.6202253024220731,0.39585565614317375,3.578980675304177,3.1404668281587638
0.9,1.0,0.6,0.3,0.6,0.7,0.6424226028367427,0.30286552264333677,0.21933915145548105,2.374177004596643,2.125676674244179
1.0,0.4,0.8,0.5,0.8,0.0,0.6905368038805383,0.35215519612198326,0.2972782427810948,1.2221618894939241,0.6950892348554166
0.8,0.4,1.0,0.4,0.5,0.9,0.7359849825767341,0.21881838962706393,0.20946741070471286,2.2188847542445957,2.07403109900343
0.5,0.3,0.2,0.0,0.5,0.5,1.5113411839759783,-0.49163631697486276,-0.5951873739914707,0.3384555616456941,0.2110036158374009
0.4,1.0,0.9,0.6,0.5,1.0,0.14744699333281305,0.9025499569989792,0.6520428767614851,1.7878611741261845,1.5783341766086272
1.0,0.9,0.8,0.9,0.6,0.3,0.6825610993763601,0.27421362678108646,0.29361632018688083,2.240084990190524,2.1849678832132478
0.9,0.6,1.0,0.2,0.7,0.2,0.6743388575987518,0.2806905964880333,0.10783396396274776,2.163305891170891,1.7439302088152207
0.8,0.2,0.3,0.9,0.9,1.0,0.4798598498608834,0.5078252433356895,0.4835640925624942,4.1103006407154625,3.7669543622352113
0.9,0.7,0.7,0.3,0.6,0.2,1.4730351863374085,-0.670896099652826,-0.6482695593064612,1.830379457550983,1.5486340998452839
0.8,0.2,0.9,0.0,0.0,0.4,0.1946622199143902,1.1219891948972462,1.1021854151334343,2.5010743381210707,2.4007137058822403
0.6,0.2,0.9,0.9,1.0,0.6,0.600395963254769,0.1225066360746458,0.08833993334536239,3.7517459889021367,3.5481978414731934
0.4,0.9,0.0,0.5,0.3,1.0,0.9154415687622757,0.16020397140411796,0.10137460599729986,2.5517035012305054,2.517068506399126
0.9,0.1,0.8,0.7,0.9,0.0,-0.47747276607941785,1.411315077804934,1.2431998995278941,2.1060684454084724,1.9203835643893024
0.9,0.5,1.0,0.9,0.0,0.1,0.8760616287577319,0.3665256611702299,0.13026788596983663,2.3334545958920856,2.2097507966036525
0.4,0.5,0.4,0.3,0.1,0.2,0.1856109910899404,0.7758387118036307,0.6228925058516144,0.7345093313601228,0.35233267792812717
0.3,0.1,0.2,0.5,0.8,0.2,1.1511872704468027,0.13031404545394526,-0.09249839533952205,-0.16878099591427223,-0.28305176508067426
0.0,0.7,0.6,1.0,0.9,0.0,1.7112809468569592,-0.7966446647174494,-0.9521053095401374,1.79177148135428,1.9567133788098794
0.5,0.8,0.7,0.6,0.0,0.6,0.8163894672069248,0.25292830820293394,-0.04802984968887411,1.4967520975015804,1.5664896574464122
0.9,0.6,1.0,0.2,0.5,0.5,0.8389285112521782,0.3517300023305433,0.16961700335160917,2.4077784010818064,2.262273755137798
0.6,0.7,0.4,0.0,0.5,0.9,0.4385739900701027,0.5541691852376931,0.6061595362420107,2.4900703895050844,2.1593298625197224
0.4,1.0,0.1,0.3,0.6,0.9,0.5521324441183352,0.7347129557495533,0.4370300132477897,1.5210334402225023,1.1728374622472244
0.7,0.1,0.6,0.6,0.7,0.3,0.6288050687606114,0.3373263721813247,0.24455368859118815,0.9786613930446857,0.962420020069474
1.0,0.7,0.2,0.4,0.1,0.5,2.599637828469427,-1.584486542547216,-1.5495545265066502,3.476764510464757,3.198335120229902
0.1,0.0,1.0,0.7,1.0,0.6,0.6740012875520501,0.22381167621055018,-0.0027868163441462507,0.6514144368715716,0.5746617985530869
0.4,0.3,0.1,0.9,0.6,0.5,1.5818708542958793,-0.6347607602419364,-0.9101792597498464,0.5739570863579662,0.5331018981404176
0.3,0.2,0.4,0.4,0.5,0.3,0.7725179100738505,0.18397831946868315,0.06381454673180614,-0.07474276697165708,-0.41818817047278245
0.4,0.1,0.5,0.8,0.1,0.4,0.004090547214971096,1.0229966884868114,0.8549151946905089,1.8749249664377767,1.449592647348981
0.6,0.9,0.1,0.6,0.7,0.6,0.5940434549553768,0.4373557415472797,0.3961006228511497,1.5271634418834013,1.485589856274403
0.4,1.0,0.3,0.3,0.3,0.3,1.308503533605521,-0.22385676409253752,-0.33690994250979933,0.9264602064177866,0.6390978992007497
0.6,0.4,1.0,0.6,0.6,0.8,0.8451314132903648,-0.08267507071054679,-0.14479139072724032,1.049852104759906,0.8833247814719104
0.0,0.8,0.8,0.5,0.9,1.0,0.09096660408288393,0.8022251583861358,0.7095701996760139,2.2535908637720845,2.3067938067973204
0.6,0.5,0.3,0.3,0.4,0.1,0.8755516396043296,0.5040719832460532,0.36003464448871186,0.6401731118583383,0.3844595595326199
0.5,0.7,0.9,0.5,0.8,0.6,0.740940707867909,0.281410163919477,0.27423093330171433,2.3804141497966955,2.165445561761344
0.5,0.6,0.9,0.8,0.7,0.0,0.1970697304955183,0.5986060096064857,0.6798877979748524,1.1641642803985774,0.795057979128457
0.5,0.7,0.8,0.5,0.6,0.9,1.09914256141996,-0.17889334875018398,-0.38575251597070614,1.873722498651186,1.5284321896087523
0.1,0.3,0.2,0.4,0.2,0.7,2.072869257718739,-1.064954073709415,-1.262923607359788,1.0627703646925757,0.8365405146047212
0.4,0.8,1.0,0.9,0.6,0.8,1.1161944800505397,-0.17469806525079365,-0.4399788792031555,2.278105647970727,2.290184187284346
0.5,0.2,0.1,0.8,0.2,0.8,0.7839553462702271,0.2998074211828005,0.30946294178986933,3.296093739136815,3.07321199467935
0.2,0.0,0.8,1.0,0.2,0.5,0.9685084213376849,-0.08051606885223297,-0.29254532979261966,1.5748669499762664,1.002020689553553
0.3,0.9,0.4,0.4,0.1,0.5,0.644744133644968,0.4968247537842678,0.30220797620063694,1.3623816257177683,1.449864837934836
0.2,0.2,0.5,0.7,0.1,0.2,0.44683904348010384,0.30948714284618883,0.31824482816663446,0.8608070754596677,0.7041786398569978
0.0,0.1,0.5,0.4,0.4,0.1,0.2785596001940298,0.7179290438005456,0.41037230306382005,0.1840084204733189,0.012248737377273625
0.9,0.8,0.1,0.8,0.9,0.2,1.2085539372883884,0.1254056746746084,-0.27871772980210646,3.6302472105837795,3.363448541443822
0.3,0.2,0.5,0.7,0.8,0.1,-0.23333153788424624,1.0758109397019902,1.0571647459709295,0.3036375970057168,0.28381200528951384
0.0,0.2,1.0,0.7,0.3,0.4,0.7310096952378577,0.02986806279279597,0.12848347996213824,0.7886507244919317,0.6764059764094845
0.0,0.0,0.6,0.1,0.9,0.4,0.2743280687428104,0.8710774278773474,0.6126659242504432,0.26926182852011304,0.008734687490117944
0.8,0.0,0.6,0.4,0.7,0.4,0.9316846534159648,0.3058677181658067,0.07884039131548323,0.8051838044723159,0.7057126233929778
0.9,0.1,0.9,0.4,0.1,0.3,0.5917840567357414,0.4116503580347549,0.5115117176526247,3.1128000350334926,2.9386404853910792
0.2,0.0,0.6,0.8,0.0,0.4,0.33612634890170695,0.790166635739607,0.8638800357992247,-0.08076853533608062,-0.2570551449148411
1.0,0.8,0.9,0.6,0.0,0.8,0.34318972548106064,0.6187870452517137,0.4414030978992768,3.817271392844103,3.7300639963536524
0.7,0.1,0.2,0.3,0.2,0.6,0.9491738600061429,0.20098741349780533,0.0705818108576598,3.232101028542869,2.915933848012598
0.5,1.0,0.2,0.2,0.9,1.0,0.1934555594934218,0.8440474639999395,0.627982530597747,3.0388070327506043,2.9642398898925273
0.3,0.3,0.9,0.6,0.0,0.5,0.6143642122587698,0.45856296810264796,0.21328803972789298,0.42755275023270434,0.28588543983997766
0.1,1.0,0.4,0.8,0.1,0.8,-0.005820593650195285,1.0421150027745827,1.0986332598672017,1.6550680826596613,1.2327458675454734
0.6,0.6,1.0,0.7,0.0,0.7,0.1501177702869117,0.7131469218452858,0.7578837687853186,2.278300265603501,2.3041333223262184
0.7,0.4,0.0,0.9,0.9,0.5,0.5715554407175262,0.5151644548870556,0.35729120088078337,2.4970692612554486,2.249004046291744
0.1,0.2,0.6,0.6,0.2,0.5,1.5915779244068697,-0.7667635205807763,-0.5442854593067437,0.926039199420621,0.7090152393937473
1.0,0.9,0.8,0.2,0.1,0.3,0.2007574605475803,0.8381521640303273,0.6661709573618804,3.548826493640466,3.1567264526719656
1.0,0.6,0.0,0.3,0.4,0.8,0.2092176601065002,0.7549494093528016,0.7516192115300037,3.064224027847969,2.689605546241365
0.1,0.2,0.8,0.8,0.8,0.3,-0.7313855840890623,1.5229073754262523,1.685706881288753,0.25281571122182794,-0.04561980236522714
0.9,0.6,0.2,0.9,0.9,0.3,1.632867918028813,-0.5848076554878676,-0.6675339019310081,3.1457060462357838,2.8431724432576497
0.2,0.9,0.8,0.7,0.6,0.4,-0.027451731836669484,1.0556333376346363,0.7942082715929095,-0.22027355078569308,-0.4698419224884038
0.2,0.0,0.4,1.0,1.0,0.4,1.2054720219070272,-0.36482432807358656,-0.38272982853752396,1.2897918664143304,1.055285652036996
0.6,0.5,0.3,0.2,0.1,1.0,-0.05314966328152358,1.0245587395517308,0.94135167551579,2.801296358188637,2.553760471083012
0.6,0.4,0.1,0.1,0.0,0.2,0.9091451764936426,0.011546073204446228,0.15669825832513296,1.0638433152811582,1.0609098411883695
0.4,0.3,0.6,0.3,0.3,0.7,1.0882507096706946,0.023913241324297674,-0.1317254287262879,1.9310100962661514,1.7121454747822675
0.4,0.5,0.7,1.0,0.5,0.2,1.0745510835956695,0.015836480890942646,-0.19688471049567968,0.15280690695758062,0.16525636493335313
0.7,0.2,0.9,0.6,0.0,0.8,-0.35524588598863477,1.011172416012873,0.9976982556952023,3.07286963431726,2.8561685252399265
0.4,0.0,0.9,0.3,0.2,0.4,0.6473192397628779,0.4735577541751612,0.25964042230932943,1.5833805436231412,1.3974877127109544
0.7,0.7,0.6,0.2,0.9,0.8,0.6279908778523301,0.39588495422696945,0.3348402897679723,4.032518894617823,3.897295472521948
0.2,0.8,0.3,0.3,0.0,0.1,1.1254330844385751,-0.11902631407088252,-0.09944279288945808,0.4808573010537409,0.5257422876438782
0.9,0.8,1.0,0.3,0.4,0.9,0.2866861990850302,0.4961075807018702,0.45397545819253954,4.4582211901793825,4.110546760918189
0.8,0.0,1.0,0.8,0.5,0.0,0.8184283472315773,0.10577604231546257,-0.16246719671023857,1.274025931900086,0.9103353337709656
0.7,1.0,0.4,0.2,0.5,0.5,0.23203933519620024,0.6555575002618789,0.66972796195611,1.9093091717474528,1.4822103284672505
0.0,0.1,0.8,0.9,0.2,0.8,-0.0635261516786209,1.218931741221555,0.8823150690760792,2.1489313060760296,2.205372093958211
0.3,0.0,0.0,0.6,0.9,1.0,0.25259430868656274,0.9107751940500713,0.9242434374780347,1.1373958743684975,0.979455791356691
1.0,0.9,0.6,0.2,0.1,0.1,0.9531611879060533,0.15750700549811228,-0.05030056370228592,3.215342312047497,3.015303056784973
0.6,0.2,0.5,1.0,0.2,1.0,1.1393442689759827,-0.04484693877402593,0.19107623153663514,5.2128238790919115,4.694492553007187
0.1,0.0,0.7,1.0,0.6,0.8,0.5694786080626163,0.2897730005673118,0.39513100975292936,0.18702080779162158,-0.10939492367590334
0.3,0.7,0.3,0.1,0.3,0.8,1.5529371741241427,-0.2983862355054532,-0.526743967523625,1.9593694037987897,1.8137941502530712
0.7,0.3,0.6,0.0,0.7,0.2,0.9736621383077595,0.10377796589459248,-0.04034082243501953,0.8852791220347327,0.7141498287931856
0.9,0.4,0.0,0.3,0.7,0.7,-0.08635480505250459,0.9538999777501211,0.9852744965605809,1.4992981810267283,1.3648860667639455
0.0,0.6,0.2,0.9,0.5,0.5,1.3246068017546848,-0.334706601277198,-0.485483770324709,0.06106974974522411,0.12664519681824377
0.6,0.1,0.4,0.4,0.7,0.5,-0.06552193301662736,1.0866379534005752,0.8071015305410443,1.031262421314795,0.9551378574207241
0.3,0.1,0.4,0.6,0.7,0.8,-0.4026075898077329,1.4149040398926354,1.127042967875434,0.22178433214065152,-0.024459825406972974
0.2,1.0,0.2,1.0,0.0,1.0,0.5762586660981738,0.18467490928410835,0.22684719307094345,2.528528778719595,2.3875737918220303
0.8,0.9,0.4,1.0,0.6,0.2,1.0229762227786054,-0.06280201505168752,-0.04082707137159722,2.291389993535349,2.1684197869853277
0.6,0.1,0.8,0.1,0.7,1.0,-1.3419631835213752,1.980416430207271,2.197894315454077,2.4272708543137833,2.255392050972746
0.2,0.4,0.4,0.6,0.8,0.5,-0.07412881345825145,0.9095529826002702,0.8939686007882134,-0.583378606529536,-0.9545566588306716
0.5,0.2,0.0,0.0,0.9,0.2,0.3571470184475678,0.7548808018460613,0.8560710155006013,1.3210813492907267,0.9422185126368253
0.6,1.0,0.0,0.3,0.8,0.2,-0.20967895627185762,0.9823438493027604,1.0217602653742381,1.3920017345535498,1.0776947055972064
0.9,1.0,0.8,0.8,0.3,0.6,0.15822941900993823,0.7766355483633579,0.8259693527846592,3.0397505762544657,3.079956069252237
0.2,0.8,0.9,0.8,1.0,0.1,1.2644505895493314,-0.05385553543604904,-0.4648090605464728,2.2928499409690843,1.8572907478464518
0.9,0.1,0.0,0.0,0.5,0.5,0.09370543954115756,1.0404354781278493,0.9231967034146159,1.3974115243315914,1.1556843980335039
0.9,0.5,0.5,0.2,0.6,0.0,0.5528248173559367,0.4062643414016411,0.15391496292619683,1.3590837523396435,1.0960337695540725
0.6,0.9,0.0,1.0,0.3,0.0,1.2140855120655605,-0.38298373853865475,-0.4868302577834832,3.0616446101361126,2.8732905828054505
0.2,0.2,0.9,0.5,0.7,0.2,0.806756204596674,0.1875386307956936,0.3010395877204405,-0.0069130731572830395,-0.45015620260388456
0.5,0.5,0.2,0.0,0.7,0.1,0.726299306480183,0.25370809048673737,0.28463183866535774,-0.44088647918452356,-0.4592258273846267
0.9,0.3,0.2,0.7,0.8,0.6,0.7154078996667673,0.3886313548777677,0.3269446740073926,1.9812971392947545,1.6600180320234608
0.8,0.0,1.0,0.5,0.0,0.2,1.493172870725489,-0.2951084680418198,-0.3795401937150253,1.4501111992746598,1.2948569565793357
0.9,0.3,0.7,0.2,0.4,0.1,0.9413382237540591,-0.0979925013508853,-0.18401374517070926,1.621490327187186,1.4669000356114934
0.3,0.0,0.3,0.3,0.9,0.4,0.629448657314058,0.4441236289249375,0.307327585849282,0.082096668426407,-0.10210940322058884
1.0,0.8,0.4,0.2,0.6,0.4,0.9495405321591452,0.02534781183652502,-0.027141165045582977,2.3027064983983676,2.2130969631834434
0.2,0.3,0.5,0.9,1.0,1.0,1.2410058902608898,0.022332801260811525,-0.3348788212975111,3.0634400083311304,2.7568281703823767
0.7,0.9,0.0,0.1,0.7,0.9,-0.630746913701081,1.560607027334965,1.5000293436656218,2.522131957109532,2.4628251631920612
0.2,0.7,0.5,1.0,1.0,0.9,1.6517722147282599,-0.5034089053654202,-0.8959296470894966,3.780629342695807,3.6951206823228873
0.3,0.0,0.1,0.9,0.0,0.9,0.11074300855033237,0.6372312116195451,0.4934623767077826,1.7548126006224622,1.4000809796456561
0.8,0.3,0.6,0.8,0.5,0.6,1.0458834390888558,0.13627277342191516,0.05504128159591225,2.0017195919980093,1.696890949478101
1.0,0.8,0.1,0.3,0.3,0.8,1.1952872583290033,-0.14981287190352818,-0.30335835753264606,4.815447727315325,4.385680873819328
0.7,0.3,0.4,0.7,0.0,1.0,-0.025080114738334658,1.096204027833776,0.97896172607421,2.8009489552754134,2.758834784777597
0.4,0.5,0.5,1.0,0.0,0.2,0.6109348741346289,0.251476493899241,0.21391316168820207,1.3434136137595072,1.2195705995842485
0.3,1.0,0.0,0.6,1.0,1.0,1.013476732432882,0.219041473253599,-0.09192090840512415,2.06881198121851,1.9790595841751777
0.3,0.9,0.0,0.2,0.1,0.1,0.3707520554769327,0.48434204685032445,0.4783706566056177,1.1329530818000986,0.9364236480451703
0.3,0.5,1.0,0.8,0.4,0.3,0.32138488935970944,0.5148326967673096,0.5816097831630289,0.23065059464157667,0.17679432793083677
0.6,0.5,0.1,0.8,0.3,0.2,0.9675245893160828,-0.12530732091640878,0.19276873209747813,1.7395601586667946,1.505597965219183
0.5,0.5,0.6,0.8,0.6,0.2,0.7975618588521362,0.3167800884440177,0.06027653950562718,-0.06849677820350106,-0.41214192041425146
0.2,1.0,0.3,0.2,1.0,0.4,1.1017696368043417,-0.393012876449214,-0.6021287696734966,0.7939098871693141,0.6914774347289709
0.8,1.0,0.9,0.8,0.5,0.1,0.3775244873236395,0.5959817754152437,0.41026634601238177,2.002640040323471,2.043029029720083
0.5,0.2,0.5,0.3,0.6,0.0,0.6057863352011172,0.3054011785132252,0.19388043019535312,0.8531570179252618,0.5651928448537827
0.4,0.1,0.3,0.7,0.6,0.0,0.8803266834488424,0.33382975157913053,0.2549795682354192,-0.9534371328839826,-1.0444587728518298
0.0,1.0,0.0,0.7,0.0,0.9,-0.5632404556383526,1.5710988850672902,1.4398139539027255,1.0704064484437792,0.605164122809788
0.0,0.5,0.7,1.0,0.0,0.1,0.6589739152909228,0.4911577713695615,0.3914516208989769,0.058678810622149524,-0.27133695962585297
0.2,0.6,0.2,0.0,0.7,0.3,1.186291042540399,-0.14399735816662793,-0.14309324964353387,-0.7296970704572663,-0.8073305264402132
0.0,0.1,0.9,0.6,1.0,0.5,0.45604619282886905,0.8130113769575271,0.3180048180659345,0.8923271180082779,0.7779284204953596
0.1,0.2,0.8,0.6,0.4,0.2,0.5397437165343314,0.4789354291745972,0.4402112234263461,-0.20059252186976345,-0.4071826102460783
0.2,0.6,1.0,0.0,0.4,0.2,0.788543173449522,0.1025184834624505,-0.0042782919209995995,0.2909996053496729,0.032605427104701525
0.2,0.6,0.4,0.8,0.3,0.0,1.1614112767107274,0.060269722100289747,0.1309044120279333,0.5321141532621613,0.3144187737133299
0.4,0.4,1.0,0.9,0.2,0.5,1.6059381488237905,-0.5674530258216393,-0.6186883315624726,1.7092176597961943,1.679037090209721
1.0,0.8,0.2,0.2,0.9,0.1,1.7073153445471436,-0.46342837417240074,-0.49193923642558923,3.422248611614592,3.2416074866388724
0.5,0.6,0.0,0.8,0.2,0.5,0.9904417623984731,-0.21043476044675058,-0.29971334943496614,2.002171176041835,1.7595299471263182
0.8,0.6,0.9,0.7,0.5,0.0,0.6398906405356223,0.23512386938866756,0.03902887062707938,1.5949759007537185,1.2736060329225944
0.5,0.3,0.0,0.3,0.1,0.8,0.3525205221231108,0.3999655606945404,0.5058557914636566,2.3135961823507785,2.1003195260752903
0.0,0.6,0.1,0.6,0.5,0.5,1.3226862048735368,-0.1769525805727082,-0.2751045427478604,-0.1746397002342738,-0.41324756642562044
0.0,0.1,0.1,0.2,0.6,0.9,-0.13658104914529134,1.285485315335533,1.3757647537427964,0.7623000855199463,0.4583797718092747
0.5,0.2,0.0,0.0,0.4,0.9,-0.13213204326201936,1.1900160081075921,1.3070264702156613,1.8037741014051192,1.7259056860774231
0.9,0.1,0.8,0.7,0.1,0.8,-0.7078541033211312,1.7499186115845633,1.5617758948166962,3.3454084712630117,3.151113834851487
0.4,0.0,0.1,0.1,0.9,1.0,-0.03830817964751019,1.0153782657728592,1.0056832468453694,2.3362293319117504,2.015635306625614
0.6,0.7,0.9,0.2,0.1,0.4,0.7516010773909616,0.2169974079371378,0.17257922142567061,3.4657030600939955,3.2051372899245383
0.4,0.2,0.4,0.6,0.3,0.2,1.3949039254319013,-0.20245760452050032,-0.35721213516137246,0.7311172351815577,0.48481920218830665
0.4,0.4,0.2,0.0,1.0,0.8,1.232206648640086,-0.2895627784039077,-0.43618975795846887,1.5776161212104964,0.9948611346126089
0.2,0.9,1.0,0.0,0.0,0.5,-0.01787841232809756,1.010850953348165,0.9479937774581192,1.1373179567573808,0.8581485938708806
0.5,0.8,0.8,0.8,0.8,1.0,-0.8403453064993432,2.0162440306123064,1.6758150799210396,3.187253011401281,3.1072378076345677
0.3,0.1,0.4,0.8,0.3,0.0,0.3634832637924789,0.6980888887501737,0.5367614300227366,0.5454535091355371,0.642609388318703
0.4,0.6,0.2,0.6,0.4,0.5,1.5200116314911096,-0.425622161129243,-0.648113778381423,0.356497975995972,0.28959019826452337
0.2,0.2,0.1,0.0,0.5,0.4,0.6522251152501849,0.34243053769387705,0.598803601944373,-0.18311357370434728,-0.3139294719744672
0.8,1.0,0.0,0.2,0.0,0.3,0.3635292154041469,0.6946004624019145,0.7128169456624386,2.047685883344803,1.8665904933384414
1.0,0.8,0.6,0.9,0.9,0.7,1.0443229698879184,0.08684341024723695,-0.2342257460924463,4.692099459784159,4.448161694348589
0.1,0.3,0.0,0.7,0.5,0.2,0.8936741237948018,0.07471000519779995,0.20050152072329946,-1.1388882628882366,-1.4074366041000788
0.9,0.5,0.2,0.4,0.4,0.3,1.3916157653249839,-0.337543133828978,-0.46569819320184613,1.2989391900750653,1.0931502549569785
0.4,0.5,0.7,0.7,0.1,0.3,0.45449225555590916,0.5199656836474558,0.3886716206338709,0.29820440639968293,-0.08140474959605545
0.6,0.2,0.3,0.4,0.2,0.9,1.2396376292976723,-0.34937502823494676,-0.3297652722299602,3.0990507962344904,2.8910292716580606
0.4,1.0,0.5,0.1,0.7,0.7,-0.028172477502965892,1.3098873353197111,1.0496493316880127,1.3200809058040106,0.9127594578009274
0.5,0.7,0.3,0.9,0.7,0.9,1.1715696039363142,-0.16308249919494386,-0.3221925419072319,2.1051454351553827,2.185317509158229
0.4,1.0,0.1,0.6,0.2,0.9,1.2657649060944105,-0.5002404959805347,-0.5132177273510414,2.4654723823912725,2.3506461155929803
0.6,0.0,0.9,1.0,0.2,0.1,1.5192210638016952,-0.4679868400693921,-0.6408035667437504,3.1089243493769185,2.729171502266384
0.4,0.9,0.5,0.4,0.8,0.5,-0.17192297152122643,1.2267391768158662,1.044474018952397,1.4617374252359647,1.3336786685630475
0.5,0.4,0.3,0.2,0.1,0.3,1.1467688357323482,0.1445695253410591,-0.17870508593060175,0.7094074499665673,0.661382800998368
0.2,0.6,0.9,0.4,0.2,0.0,1.5458445609840252,-0.3818419561857591,-0.574587131647807,1.1835419070027446,0.8632852646964858
0.5,0.4,0.0,0.2,0.3,0.0,1.1037518540789402,-0.0781618066994598,-0.1943928601718456,0.8851922248088514,0.8333064524153794
0.6,0.8,0.9,0.6,0.5,0.9,0.532970323430007,0.5367852598105023,0.4408996629063624,3.0028404844021157,2.8146370713413975
0.7,0.2,0.4,1.0,1.0,0.0,1.4122670851186658,-0.5576609102126449,-0.9275396075076735,3.4460128284668476,3.147404662905671
0.3,0.5,0.6,1.0,0.9,0.6,0.40667022492187677,0.33303243159464346,0.43956134030822325,1.782604535481861,1.4627005837595464
0.7,0.8,0.4,0.0,0.7,0.4,0.3702474618480399,0.7282656354537629,0.3143894582964521,1.722494493180136,1.5953847375672061
1.0,0.9,0.6,0.9,1.0,0.0,1.8436680170495428,-0.8845630767790043,-0.962513397693716,3.6498084934930177,3.366907131015522
0.0,0.1,0.6,1.0,0.6,0.2,0.8533567762381205,-0.0016056430205782929,-0.18436201669923577,0.31309314617269884,0.007095535169795497
0.1,0.4,0.4,0.1,0.3,0.5,0.579197553321581,0.4907058157740053,0.2222704637339361,0.1498291243790968,0.114872190352488
0.2,0.3,0.7,0.2,0.4,0.2,0.9741353815126135,0.11796931898584992,-0.022771671534998636,-0.2122735093716799,-0.517082034189073
0.0,0.7,0.2,0.5,0.8,0.3,1.9582555913763438,-0.7217886131351393,-0.9620064729194853,0.1908160487260036,0.20116324054490609
0.4,0.7,0.8,0.9,0.4,0.1,1.305711587894322,-0.15271774519409426,-0.3698233716176974,1.665075329323057,1.5690494614630692
0.3,0.0,0.5,1.0,0.5,1.0,0.3542813599238,0.6003092134635514,0.5633050777609803,1.910846229726231,1.8239070078700268
0.8,0.4,0.7,0.1,1.0,1.0,0.678843123728701,0.4590457446321675,0.26561468875947314,3.2198348994838515,2.908629279077328
0.1,0.2,0.3,1.0,0.5,0.7,0.9288145005137927,0.13578127981805937,-0.08907377997634676,0.7374118636510508,0.5857046900578944
0.6,0.4,0.5,1.0,0.7,1.0,0.2603829103832904,0.7274698069455869,0.8665166632854032,2.9624995697554564,2.864113983796479
0.4,0.6,0.4,0.4,0.8,0.7,-0.1423157382853131,0.9769042125184071,0.8201606014534825,1.0229088737154803,0.8287988670045734
0.3,0.6,0.8,0.8,0.7,1.0,-0.6394927004137151,1.7175794827575661,1.4631344875963295,1.6443116734175942,1.1889123034498625
0.6,1.0,0.1,0.4,0.4,0.2,1.3986100457218256,-0.38374351312325616,-0.39650457362655966,1.809529713267325,1.430309319238489
0.4,0.1,0.8,0.0,0.1,1.0,-0.9226751223567177,1.879118259399869,1.836953712532502,2.4364696760644424,2.3727551483214735
0.2,1.0,0.6,0.5,0.4,0.7,1.052077026292264,-0.1533639120788298,-0.05588752786898325,0.6697990261386251,0.7623527411696733
0.6,0.9,0.5,0.7,0.1,0.1,0.4109974249283174,0.5892295418211957,0.2763214350425937,2.4316312716105495,2.3274617162722535
0.5,0.0,1.0,0.5,0.1,0.5,1.4122721327006789,-0.5524830953511166,-0.5851615847772103,1.5820053607268538,1.0466185025383228
0.8,0.4,0.4,0.5,0.5,0.7,0.9907729263857651,0.20151902045936315,-0.062372642401066165,1.2322295197844975,1.0961922028164208
0.0,0.3,0.0,0.3,1.0,0.9,0.7441937334661702,0.2825278683755171,0.23158690123950035,1.813884836652189,1.3384048127522965
0.9,0.5,0.4,0.6,0.0,0.9,-0.3550926266977916,0.8871518022202861,0.9865623522104784,2.4424772085648168,2.2721173709372144
0.0,0.0,0.0,0.9,0.3,0.6,0.5389533815108843,0.46021208205559605,0.2599406951504501,0.7958304188809873,0.6574562000839521
0.8,0.7,0.8,0.0,0.1,0.0,1.1714157309250732,-0.14900000769084534,-0.08783282077226597,2.541811819521437,2.4817912363594026
0.8,0.8,0.6,0.4,0.6,0.9,1.2367997343975807,-0.2011782945595841,-0.48264359470720164,3.4089033624210527,2.8909437012476564
0.3,0.6,0.9,0.6,0.2,0.7,1.1217962899406595,-0.203114564660281,-0.19505877477507796,1.8824605666474714,1.7352235660772621
0.4,0.5,0.0,0.9,1.0,0.3,1.1426011279731256,-0.08982895316633055,-0.28982587453621844,1.1757991975484874,0.9682815590417517
1.0,0.6,0.9,0.6,1.0,0.3,1.7822359423823568,-0.7129619921589434,-0.4845448016851898,3.053454603546339,2.8197009059561036
0.0,0.1,0.1,0.4,0.4,0.0,0.7141210531847818,0.45075071866894323,0.15877327191715543,-0.025321299450985615,-0.11816036797568173
0.2,0.2,0.3,0.8,0.3,0.0,1.3548486709045058,-0.27198317481902645,-0.4530554557490548,0.17789992642137842,-0.0854120826916494
0.9,0.1,1.0,0.7,0.3,0.3,0.7473353082525954,0.05395790979570167,0.13328351748494502,2.6287647045300466,2.4101208915389556
0.5,0.3,0.8,0.6,0.5,0.9,0.5220806368482862,0.5448224557224319,0.4273900074544943,1.1939599600164927,0.980802144781719
0.4,0.6,1.0,0.6,0.8,0.7,0.23909230277766352,0.4765971193772722,0.6301671576604793,1.2044487322397779,0.9886100697369116
0.3,0.0,0.7,0.3,1.0,0.7,0.7181161057897965,0.4767952077098042,0.2912232187110168,0.7929940982325983,0.8646203904569763
1.0,0.1,0.7,0.7,1.0,0.7,0.3810800085982204,0.6367599651678129,0.4539041472446324,2.9488408248724474,2.7927334497926903
1.0,0.4,0.9,0.5,0.2,0.3,1.7042416142525916,-1.1282522460611037,-1.1018931473274092,2.352688486414456,2.353196976996908
0.7,1.0,0.0,0.3,0.0,1.0,-0.5160172111121658,1.395309242647922,1.317716144167593,3.54664634641788,3.0073788544693834
0.7,0.0,0.3,0.0,0.0,1.0,-0.2634005069805875,1.1164645582365422,0.8199253132858753,1.9813113590424187,1.7338525577984694
0.8,0.2,0.0,0.5,0.2,0.5,1.5084961135376964,-0.6917939677942577,-0.8123125790255616,2.701817851316804,2.49169839691046
0.9,0.8,0.4,0.9,0.5,0.9,0.8448125458692819,0.22990000723812157,0.23748776694428264,3.8645178420229684,3.8408618611500884
0.0,1.0,0.6,0.3,1.0,0.7,0.6412047962951756,0.21103635096461293,0.45766232623299735,1.760661886834225,1.4778436672742972
0.5,0.3,0.2,0.7,0.6,0.8,1.124425899571051,-0.33378353652436,-0.3279242299811726,0.727145328370883,0.5026982777740016
0.3,0.6,0.4,0.5,0.7,0.1,1.2555207161537485,-0.38004599912949383,-0.23117305565020208,-0.7957807042687975,-0.6617409672840747
0.5,0.1,0.8,0.0,0.6,0.1,-0.08032759831504552,1.1158515063598882,0.9288464088670171,-0.1238667693532775,-0.13987794856898075
1.0,0.2,1.0,0.5,0.5,0.1,1.8009392691050234,-0.7364995256824004,-0.9404298736415829,1.5914328821583146,1.6297222610449364
0.8,0.6,0.0,0.4,0.1,0.7,0.7992691319169418,0.0539670266672493,0.10983484389558522,3.071710989995564,2.760447639570201
0.6,0.2,0.8,0.5,0.3,0.2,1.3366295879514511,-0.19243256327434738,-0.4491767466117732,1.783137315867869,1.6435023061753817
0.7,0.3,0.2,0.7,0.1,0.7,1.1337093614056177,-0.19315162954797907,-0.2978732663530176,2.5529720453504887,2.154046324019703
0.7,0.3,0.5,0.5,0.0,0.8,0.8769136484774938,0.26759056261090003,-0.0759493452410886,2.7227237316440096,2.4415059398812073
0.6,0.7,0.5,0.9,0.3,1.0,1.354474582092183,-0.13827598262969923,-0.14982107516229873,5.048443899812654,4.824969797049397
0.1,0.0,0.6,0.5,1.0,0.5,1.863429876551671,-0.8591136756700988,-0.9949667235959213,0.3289949246376041,0.3201879866787661
1.0,0.1,0.5,0.3,0.5,1.0,-0.556829205463484,1.545362547672588,1.5018926723229322,3.6049221300277035,3.5108841362680434
0.7,0.0,0.6,0.5,0.7,0.4,1.212066652554511,-0.06022894858054326,-0.13677705514033922,0.7559404767173383,0.2909033193627649
0.2,0.6,0.4,0.7,0.0,0.4,0.008818150362837562,1.001597070056109,0.7907558981958123,-0.08166312114832489,-0.1413799853591265
0.5,0.0,0.2,0.3,0.6,0.7,0.7505782752271841,0.20398213323341097,0.1434347414586682,0.4097536086061426,0.34637896595832046
0.1,0.5,0.1,1.0,0.5,0.5,0.8506048112111433,0.0642426222461139,0.3441687956429942,0.3456395652466901,0.4033584145649982
0.4,0.7,0.5,0.0,1.0,0.3,1.7585682866243078,-0.7214896651203618,-0.8726625251983409,2.171540565522272,1.9671163366740354
0.7,0.4,0.7,0.1,0.1,0.8,0.381672504478098,0.7395226124642845,0.5692338634348382,2.328686293604161,2.2732765504229815
0.9,0.0,0.9,0.0,1.0,0.2,0.9848801840741999,0.11139927390472809,0.07528516710072282,2.3618356435143113,2.069038537326109
0.9,0.4,0.0,0.1,0.8,0.3,0.009740680300624013,0.8847549409228664,0.9135993522966448,1.427393757141148,0.9594480396897513
0.4,0.1,0.1,1.0,0.6,0.1,1.3680614824560415,-0.15435687172335014,-0.5596745230175287,0.8293099462363278,0.7113135395707105
0.2,0.4,0.7,0.8,0.8,0.9,-0.6331702220040601,1.6266491881981149,1.6522389784478697,0.39763934539118984,0.28877617286761653
0.2,0.9,0.9,0.1,0.1,0.6,-0.24747630579069835,1.0461937880634125,1.067311500917463,2.0474759911987186,1.831627795973998
0.9,0.5,0.8,0.3,0.2,0.6,0.20523415884895482,0.6935751671941988,0.6290547772862796,2.8818583331513348,2.697680394466861
0.1,0.1,0.7,0.6,0.5,0.1,0.7288075823900125,0.45738700997206994,0.07564581817288613,-1.0579336640964703,-1.202923722082859
0.5,0.6,0.1,0.8,0.1,0.4,0.9975374512936248,-0.16571383472722437,-0.13158722016785543,2.151366869533922,1.9030772868632757
0.6,0.7,0.4,0.3,0.9,0.8,0.08928300915878828,0.805887074824809,0.5360391133253385,3.7008947247958663,3.5031848815323197
0.4,0.1,0.5,0.5,0.8,1.0,-0.4139138769184868,1.4965063894686874,1.2713730172487667,2.0858792131521433,1.8039526242903126
0.9,0.2,0.4,0.8,0.4,0.1,0.45846479061858225,0.5288118577463985,0.3611505384605649,2.2618863061039836,1.9084413258750086
0.7,0.0,0.0,0.2,0.3,0.6,0.21261145521801147,0.5441490263204192,0.5159783912781732,2.1860642194350692,2.109363369073034
0.8,0.4,0.8,0.3,0.3,0.0,0.6894435365833002,0.4372920076703888,0.24807727127786694,2.031451459168755,1.8267676625695455
0.3,0.7,1.0,0.3,0.0,0.5,0.9056215686366852,0.040544512710419645,0.060211034355974004,1.6829697524947074,1.5670837300727358
0.4,0.1,1.0,0.2,0.0,0.1,0.04678197973751573,0.8231444840445379,0.8170876413669883,0.8677979910613418,0.6104683033130125
0.0,0.0,0.2,0.9,0.5,0.6,1.0815115211878648,-0.15355757227009945,-0.10976891680237476,-0.2623906868556555,-0.4607272027487053
0.2,0.2,0.8,0.2,0.0,0.6,-0.8028520976765218,1.5629111231936303,1.677654747099582,0.9350929021021266,0.8738752361953956
0.8,0.0,0.8,0.1,0.3,0.2,0.8444172869782383,0.3928885924793508,0.13210583197285317,1.959550294068329,1.5092172283699892
0.8,0.1,0.9,1.0,0.8,0.4,-0.5300501857685227,1.2177051262183316,1.2556267161752042,3.3571897273662614,3.355403435651814
0.6,0.4,0.6,0.4,0.4,0.2,1.2919038712274284,-0.2905056558521092,-0.24308093767566594,0.8389149162273979,0.8401824529680497
1.0,0.9,0.0,0.1,0.3,0.4,0.747498421527143,0.1159921561365674,0.06515662618862252,3.0762066681530227,2.7549845078060256
0.3,0.3,0.8,0.9,0.9,0.9,0.153315971762015,0.9352953758593014,0.6819408341077969,2.174518025518424,1.9654958298666516
0.1,0.4,0.4,0.8,0.5,0.2,0.4508649471952795,0.5672884955423171,0.36089798249626914,-1.0823888116954887,-1.4373957898364933
0.9,0.6,0.3,0.2,0.6,0.6,0.9057617483192962,0.014144475856995554,-0.024825709891745554,1.3017436661667914,1.3706479355216357
0.2,0.7,0.9,0.8,0.1,0.9,0.13855083105054317,0.7299159807772321,0.3791185842150028,3.2067284898346573,2.832426737839045
0.9,0.6,0.4,0.8,0.7,0.2,0.5559271794807153,0.4044566467365358,0.4288718383142369,1.4518474820841742,1.343011535949118
1.0,0.3,0.5,0.6,0.6,0.5,1.4640228952182874,-0.5870291009673478,-0.6717973763594801,1.3924576648718325,1.1405780534106604
0.1,0.5,0.4,0.6,0.2,1.0,0.5857337128927457,0.4995268203372984,0.4944302996349934,1.4378707568480043,1.2376032282930838
0.2,0.6,0.5,0.0,1.0,0.8,0.5780862138078382,0.5005098431682422,0.1682596670232859,1.9720812770042226,1.7253605687980096
0.5,0.9,0.3,0.3,0.8,0.5,-0.21659400299390513,1.1898982622414216,1.298231528690674,1.5554323933056298,1.265618360394882
0.2,0.4,0.7,0.4,0.7,0.4,0.6604606862811069,0.21997205276745457,0.27322958264601427,-1.0810494352845001,-1.4038825801951145
0.8,0.4,0.8,0.9,0.0,0.2,0.09347244629805807,0.632347763192111,0.33976294115506933,1.8641758919133093,1.6343530604588727
0.5,0.4,0.3,0.3,0.4,1.0,0.4175587641474979,0.7711497363929287,0.9928428524811855,1.6756203640992733,1.5191064610214116
0.1,0.1,0.1,0.4,0.7,0.8,-0.1748363866964197,0.9814623914116442,1.0629663789458919,0.630061313104489,0.4239953171308019
0.4,0.7,0.0,0.7,0.2,0.6,1.6111496218817483,-0.5424174067254823,-0.6411492857869221,2.089101697428633,1.7260207509259984
0.2,0.7,0.3,0.3,0.6,0.9,1.12696993356968,-0.10612665482759498,-0.33848331732770987,0.9294894638843803,0.574166623555799
0.2,0.6,0.0,0.4,0.7,0.9,0.20287468937766223,0.7702607371498083,0.8598732308866819,0.37984155777029416,0.17610696944237908
0.1,0.2,0.0,0.1,1.0,0.6,0.5572372057846753,0.36150482694533026,0.15349989850332682,1.223818411115415,1.1599154820711866
0.2,0.1,0.0,0.5,0.0,0.1,0.6098914238409194,0.437958405085357,0.22431308275449785,-0.20768006060142702,-0.6130227093942842
1.0,0.6,0.8,0.9,0.6,1.0,0.23583404824911436,0.7054740851108248,0.49694789212493656,3.4492518279589914,3.205526844922635
0.2,0.1,0.4,0.0,0.8,0.3,-0.908979675755023,1.8992580603653555,1.557864960496294,-0.25984252687859377,-0.38887265569743246
0.4,0.2,0.2,0.8,0.0,0.1,1.0886366280923483,-0.07801689134657452,-0.13149118262347237,0.704406008904318,0.3639890489151372
0.4,0.0,0.1,0.1,0.2,0.7,1.0834709042681978,-0.14007666773211608,-0.08739846873856377,1.725493135073019,1.5217131458539406
0.2,0.7,0.7,0.1,0.8,0.1,0.6670822096725312,0.3531623589317542,0.2251159771342451,0.34366447348498785,0.1726449772880505
0.6,0.8,1.0,0.5,0.2,0.5,2.2806088650042504,-1.2254006582034864,-1.4753888541030518,3.403355766609401,3.055585289494405
0.2,0.0,0.3,0.9,1.0,0.6,1.5371208177145068,-0.4829007334449949,-0.5070087968477659,0.6980575339340724,0.5892666156055623
0.6,1.0,0.8,0.9,1.0,1.0,0.6417501695878756,0.5306052829402257,0.3634453499706241,4.2484944235512545,4.209569784081485
1.0,1.0,0.3,0.6,0.9,0.9,0.7631729211526541,0.19776599439937978,0.07329684427622922,3.0400905629223756,2.6248205082155827
0.1,0.9,0.1,0.9,0.0,0.7,0.19455458439136816,0.806121695398584,0.8348612165158401,1.901391198338063,1.8451960831476373
0.8,0.1,0.0,0.7,0.3,1.0,-0.07605603771660313,1.230727404594484,1.3268304353402576,3.3504783565497265,3.285739270476045
0.2,0.2,0.4,0.8,1.0,0.6,0.4123262257609982,0.6066359818464986,0.4365508180370817,1.2770282962748358,1.1523641403901312
0.4,0.1,0.9,0.4,0.5,0.4,0.19487787563881892,0.8545277713765925,0.6673299432515406,0.7762397686406777,0.44801452218274324
0.7,0.6,0.8,0.7,0.6,0.0,0.6214130320708123,0.3769978019668183,0.1782925052076178,0.6410016448216149,0.5326895364037395
0.1,0.5,0.6,0.8,0.3,0.8,0.11835308598698067,0.8618757790159239,0.8720282150653723,1.179004968551693,1.166716560105431
0.7,1.0,0.8,1.0,0.6,0.5,0.6377805308754327,0.2697724446741591,0.23073325990699464,2.4025761717405,2.1117414981845437
0.2,0.6,0.2,0.5,0.7,0.1,2.028946430785908,-1.1000958266400316,-1.0342944067077025,-0.8782048417159116,-1.08596981487664
1.0,0.1,0.6,0.0,1.0,0.3,1.158686615688854,0.033847240412232374,-0.1087602834425973,2.6448280401346627,2.4407443360208343
0.9,1.0,0.4,0.5,0.5,0.7,0.9795945578165413,0.007037082489728008,-0.14722292605476806,1.882962106485893,1.5540955016365325
0.7,0.4,0.0,0.5,0.7,0.7,0.6447106999211472,0.3350601176696068,0.11792680835030087,0.7467464181676916,0.6158790707634875
0.3,0.3,0.0,0.8,0.0,0.3,0.6819328471439001,0.32603257875476244,0.2653616920563444,0.0796731261960709,-0.3979667221889114
0.7,0.7,0.8,1.0,0.5,0.4,1.3217992930778455,-0.3934062123416736,-0.32530168478961097,2.900540403516363,2.644469056394781
0.0,1.0,0.8,0.3,0.6,1.0,-0.5186209926182874,1.5177116191921791,1.4085646336720634,0.9849287274268772,0.7611798845462728
1.0,1.0,1.0,1.0,0.9,0.4,1.0514702466881098,-0.2268784460916708,-0.11209572112829291,3.9941647180807633,3.7803104569272112
0.5,0.6,0.2,0.2,0.8,1.0,-0.23182191271888541,1.1173486967541153,0.9692869851053851,2.717225753429049,2.3058152543845725
0.2,0.9,0.1,0.1,0.5,0.1,0.7636465831445085,0.14096828982703702,0.13734692114863242,0.19398831506041017,0.06274404819870294
0.1,0.3,0.2,0.7,1.0,0.1,2.0898016213520036,-1.3401920086844463,-1.30072443565562,0.017425367431876768,-0.10286732930755371
0.0,0.4,1.0,1.0,0.1,0.7,0.9672915250499836,0.07884144747480883,0.07612448319986972,1.7652974668835548,1.7312125271281937
0.8,0.6,0.4,0.7,0.3,0.6,0.6162986544568696,0.2962268969910333,0.16826227377664243,2.563473807096353,2.5428514442934413
0.0,0.5,0.1,0.1,0.4,0.4,0.3286272358345617,0.6313496154443543,0.5312892329164585,-0.16470036892386059,-0.41620903971986467
0.9,1.0,0.7,0.0,0.9,0.8,-0.05905144472550256,0.9610468114845804,1.041749554305226,3.0496837372209495,2.8065782612811385
0.0,0.9,0.5,0.5,0.0,0.8,0.07041680301460067,0.9380396367008623,0.753252245993082,1.3323583769648348,1.3337391855756648
0.9,0.9,0.9,0.8,0.4,0.4,-0.08230108679681988,1.0151835344830369,0.9137379823644242,3.3187102910866138,3.136142707207348
0.4,0.5,0.1,0.8,0.7,0.4,0.40066906651787415,0.7435807362372083,0.4879039063143342,0.08657201052768015,-0.037921135558493385
0.3,0.7,0.9,0.0,0.0,0.7,0.07445649210034941,0.9503809191883442,1.026473626094052,2.019894335967145,1.7925159702786775
0.4,0.3,0.8,0.5,0.7,0.2,1.3654437657676342,-0.2553266484583281,-0.2711971264355316,-0.27355003569783043,-0.6420191992621876
0.3,0.8,0.0,0.0,0.7,0.7,0.03768459073453953,0.8648245498863246,0.7982069593275329,0.8743115010856243,0.5497262399537562
0.8,1.0,0.0,0.6,0.4,0.1,1.2586289268290343,-0.06572693106400744,-0.3883711220158569,1.426879059808617,1.0680656219566786
0.4,0.1,0.5,0.9,0.9,0.9,-0.3771277087597518,1.404407751411175,1.316372640760643,3.03136423221968,3.1256008967476507
1.0,1.0,0.7,0.9,0.5,0.5,0.9019965403441048,0.11418434531203764,-0.00017652053159307457,2.223035274013653,1.9114322082162143
0.3,0.7,1.0,0.9,0.5,0.5,1.56956479732884,-0.7581887338212281,-0.5394826460608084,1.3513223338742644,1.2904989556861297
1.0,1.0,1.0,0.7,0.9,0.7,0.2079946981405488,0.7609110966517539,0.6773989169681633,3.460598143990147,3.1266450574459372
1.0,0.2,0.5,1.0,0.9,0.9,0.21553735392167755,0.5275403017010396,0.6560617038891214,5.160269495231378,4.876997213831505
0.7,0.0,0.4,0.9,0.6,0.4,0.8953708379530434,0.27645490088527724,-0.041502645370285474,1.0226161584097562,0.924507146014537
0.5,0.7,0.6,0.4,1.0,0.3,2.3892659068280793,-1.408454113495217,-1.5112611421936435,2.3774028847754924,2.2094803150197904
0.3,0.8,0.8,0.1,0.7,0.6,-0.1369919231121896,1.0133837945020472,1.1498784360119392,1.0656291283881911,0.9779648045462166
1.0,0.5,0.5,0.4,0.1,0.7,0.5010374007340892,0.5310067607881168,0.3168481194255642,3.032640577710451,2.912003943464181
0.8,0.2,0.2,0.3,0.6,0.4,1.2657072630214352,-0.20738328740080234,-0.3314190113798028,1.5709573521813835,1.3249797036450082
0.8,0.7,0.8,0.2,0.3,0.6,0.64213166218074,0.1886718255259992,0.13740704138455884,3.7859945213899313,3.5293048373272073
0.9,0.8,0.0,0.1,0.1,0.1,1.302666859299533,-0.29766886090369393,-0.36078971886198397,3.2622281006409546,2.8933469970244112
0.3,1.0,0.1,0.2,0.4,0.8,0.221639639626553,0.760804780680577,0.7995250534302346,1.7938179507614873,1.4927820762086117
0.5,0.9,0.1,0.2,0.9,0.4,0.20686089161399793,0.6675330066594546,0.5994651032923524,2.5091715018531677,2.2611684080555867
0.5,1.0,0.9,1.0,0.4,0.4,0.555307583281468,0.23260806794338734,0.17608017083234564,2.5559902494429907,2.3608582617234886
0.7,0.4,0.0,0.4,1.0,1.0,0.8484830921344966,0.07742426593471004,-0.12942921989468265,3.192944649931476,2.955468933949769
0.7,0.0,0.3,0.7,0.5,0.1,1.0611624145472163,0.1151596934905949,-0.023626825688542463,-0.13133573952511668,-0.5021347430086911
0.1,0.8,0.3,0.5,0.3,0.0,2.691513134435014,-1.6285485949005725,-1.5586198043231585,0.47662479499055393,0.2887955856462754
0.4,0.5,1.0,0.8,0.8,0.5,-0.330949038768295,1.3780495128923758,1.1403817970568302,0.7968046396380338,0.6047633609596945
0.7,0.9,0.1,0.8,0.5,0.1,0.9132127347155964,0.3138260524379439,0.1458426153896933,1.7064155586994132,1.6734912810171718
0.0,0.9,0.1,0.3,0.9,0.7,-0.3637151941087231,1.221291136173719,1.164744407038907,1.8563183000059118,1.8795486308071472
0.0,1.0,0.6,0.4,0.4,0.1,1.2379368675343043,-0.16147598354715778,-0.2597997513578326,-0.03284462558687598,-0.15148275983241205
0.1,0.7,0.6,0.8,0.7,0.6,0.827993062750678,0.3451835685610265,0.30902176740418735,0.7876394201155829,0.49107072581617306
0.8,0.3,0.6,0.7,0.3,0.2,1.7734951280294493,-0.760630483570391,-0.8286376490856722,1.9613055859729407,1.9630431526629348
0.3,0.5,1.0,0.7,0.7,0.0,0.4778800498685276,0.6035050964868406,0.5031868449421356,-0.7329259226256586,-0.9564676393025854
0.0,0.2,1.0,0.7,0.3,0.8,0.3674613567283244,0.7369583219230625,0.5592740840371426,1.643975716345488,1.5199037278173126
0.7,0.1,0.9,0.1,0.3,0.2,0.053040505292094836,0.6365436970899734,0.6652000846996783,2.975277701718101,2.5057237281421436
0.3,0.7,0.7,0.7,0.9,0.2,1.2120812617576469,-0.015232936888637492,0.07032381885915348,0.7442442707980507,0.5595036028990552
0.2,0.5,0.2,0.6,0.3,0.5,1.4353802350324236,-0.5792192980845113,-0.6718686450825774,0.17118049733946888,-0.2843773873712988
0.2,0.0,0.0,1.0,0.8,0.7,0.03193862195672298,1.2001143691622385,0.9486793011095361,1.0017769457813053,0.6539776823385408
0.3,0.2,0.8,0.3,0.5,0.5,-0.032611625562266655,1.2329792977942062,1.1041043807735698,0.38475436793689005,0.1715794462078705
0.1,0.8,0.8,0.1,0.7,0.1,0.2301389836507394,0.576341265260427,0.5079904533541998,0.3237699706634136,0.14654836144233951
0.1,0.3,0.1,0.2,0.4,0.7,0.3862217515573864,0.37719327505403544,0.4697236166117433,0.9631599866857982,0.8129562614316721
0.4,0.4,0.5,0.8,0.2,0.3,1.1471050746010834,-0.25921000311159015,-0.22817898565247466,1.2007521789305018,1.0222277785384941
0.3,0.6,0.1,1.0,0.3,0.8,1.433191980650104,-0.4672374844891851,-0.5076331563218687,2.91826551713444,2.791930112500118
0.6,0.1,0.6,0.5,0.0,0.2,0.8784157499108471,0.3278334537920402,0.0867933159986366,1.1974673462225196,1.1113077291764841
0.5,0.9,0.5,0.6,0.3,0.4,1.1575559633797763,0.042909249858798904,-0.16593875187574647,2.2800208059472276,2.0549247959962376
0.8,0.7,0.2,0.1,0.6,0.7,1.6152167624607439,-0.7844976897686036,-0.8465696299379483,2.529398998615699,2.0724659325790524
0.5,0.9,0.0,1.0,0.0,0.2,0.8511888827517301,0.21288188358964905,0.10974944288431053,2.158977528667614,1.7973324348565056
0.5,0.0,0.5,0.1,0.9,0.1,0.5106638906291904,0.6981554413194851,0.547701048130377,1.236674136100177,0.9838238232389642
0.8,0.4,0.1,0.9,0.1,0.6,1.4356511539116459,-0.027680753147843545,-0.39026674378654563,3.296284957334118,3.0227742583049055
0.4,0.3,0.9,0.1,0.9,0.0,0.6818025553558829,0.43065158609772514,0.20142902701046703,1.3888220153370816,1.1994313610746257
0.0,0.6,0.8,0.3,0.3,0.9,-0.40987461581561313,1.1212683311442873,1.1766101299774268,1.893653102814292,1.8530889622278643
0.5,1.0,0.0,0.1,0.0,0.9,-0.4025052019439631,1.1482579791044945,1.384244017580539,2.191672093723165,2.0298278867122432
0.9,0.9,0.6,0.9,0.8,0.4,0.41072753519320027,0.7495007173538526,0.33769821688181345,3.1631582541865533,2.857583388131279
0.6,0.4,0.3,0.5,0.2,0.7,1.862140674440682,-0.9277685410650912,-0.902849472613815,1.5917809038850048,1.3636880436465655
0.2,0.4,0.9,0.4,0.4,0.5,0.5401421065618723,0.7610415437992486,0.6713548052679719,0.25089531035884594,0.23957407255978805
0.2,0.7,0.8,0.6,0.0,0.0,1.211981357903046,-0.11631479665079102,-0.30658169593701357,0.3788868699239068,0.0472016410236982
0.4,0.6,0.4,0.8,0.3,0.1,0.9454188425452416,-0.2254393213355618,-0.2088878743137224,1.2156106774298734,0.7792231661215538
1.0,0.1,0.9,0.8,0.7,0.4,-0.30672359711290176,1.5995721221613939,1.483609526135292,2.3898802284757696,1.890903854229713
0.8,0.4,0.9,0.0,0.0,0.7,-0.5385620131474586,1.4695955039574906,1.312130514606899,2.528032075346743,2.173291060442501
0.2,0.6,0.1,0.4,0.2,0.6,1.701430506846896,-0.6430666206246622,-0.851861871518611,1.822032627017443,1.4789741270070265
0.2,0.4,0.0,0.8,0.5,0.3,0.4649905903695873,0.5021195192125072,0.17550816404741632,-1.0115978098259935,-1.1641337039882842
0.0,0.8,0.9,0.7,0.1,0.2,0.7089215970978974,0.1837450598430609,0.16435708366676013,1.5817909183916925,1.3771801366309053
0.6,0.8,0.2,0.2,0.7,0.0,1.51392296831565,-0.3440751176319105,-0.3198467607575519,1.6446489256844758,1.3714018687322977
0.8,0.1,0.6,0.3,1.0,0.4,0.72387674015966,0.0459011678809647,0.06668207847733625,3.0635752757794545,2.8444528430319935
0.2,0.9,1.0,0.3,0.5,0.3,0.380983371225497,0.6635620073403468,0.39693958920552497,0.5629524411051325,0.31047186413538486
0.9,0.8,0.5,0.0,1.0,0.3,1.3942139919442496,-0.3613488194611689,-0.7591465030217756,3.7356592798303234,3.3854111501202135
0.2,0.4,0.8,0.8,1.0,0.7,0.21208072268436756,0.6526407467139875,0.7056192585306704,1.2263839082506567,0.983171155682318
0.5,0.3,1.0,0.3,0.6,0.2,1.5081070077581364,-0.3298179536606726,-0.4430315702205843,0.49661193658965447,0.20700777698171002
0.1,1.0,0.3,0.7,0.7,0.2,0.4774955300473981,0.4234796036450042,0.24628110040028614,-1.29071688774361,-1.4428608527726954
1.0,0.0,0.1,0.8,0.8,1.0,-0.2862930768774878,1.3812375661516154,1.3455284951446373,3.310591235579858,3.083469943184904
0.3,0.0,0.9,0.8,0.8,0.4,-0.4475107014192989,1.5947511351185377,1.6874458732532294,0.3002697128161921,0.3319601543900207
0.5,0.5,0.3,0.4,0.2,0.2,1.6769859150053266,-0.7983207158708421,-0.9833779171445163,0.7332956876445264,0.6015514229370051
0.3,0.5,0.0,0.3,0.6,0.5,0.19356871819980717,0.8471535044933781,0.638471497776382,-0.6084462209118305,-0.8878695599329354
0.0,0.4,0.7,0.4,0.2,0.8,1.0117381230311693,0.007924971146512597,-0.08226893537823698,0.6370086671258344,0.3467491049848188
0.9,0.2,0.5,0.7,0.0,0.2,0.25602823179966633,0.734349101603785,0.531363945011197,2.338372286379395,2.03485330835439
0.3,0.8,1.0,0.6,0.3,0.4,1.8323429348017386,-0.8511452788263604,-1.004191300792159,1.6357849811315475,1.7027895208007744
0.7,1.0,0.2,1.0,1.0,1.0,1.7458744929031893,-0.8071005890758469,-0.7454397636567174,4.7912697365573225,4.589073246956048
0.5,0.6,0.4,0.2,0.2,0.9,0.4563029438919154,0.720451494489082,0.45684166384697544,3.006100815037588,2.8441546890539184
0.5,0.0,0.5,0.1,0.1,0.9,0.028779468440122503,1.1149779066018801,0.8200447525891956,2.5349691091071604,2.4234955947778207
0.5,0.5,0.9,0.4,0.9,0.7,-0.28999062613387433,1.214588225699671,1.2279319379450127,2.1364581317144613,1.836814816280501
0.1,0.3,0.0,0.0,0.4,0.5,0.4273324159198323,0.6039243925325923,0.3152362698248896,-0.30709235865306195,-0.5985135599734583
0.7,0.2,0.5,1.0,0.2,0.1,1.749905440083982,-0.7084230786609564,-0.7943284213763021,3.7883280297919604,3.5749381558572906
0.5,0.6,0.1,0.6,0.0,0.0,1.4627638572346773,-0.3849305847048626,-0.35920936354077415,0.8283175625110332,0.8421938082822756
0.0,0.6,0.6,0.6,0.8,0.0,0.8817067336069231,0.3155191162533947,0.10219403764094469,-0.46913137213569245,-0.5682049247822176
0.6,0.2,0.5,0.0,0.0,0.3,-0.06336771996723412,0.9512923582238864,0.8701421103916969,1.8510269456118165,1.5712638320333594
0.4,0.3,0.7,0.7,0.5,1.0,0.5518484552891213,0.6803153184312569,0.5877197501179329,0.6464776213700547,0.43488797892616693
0.9,0.7,0.7,0.5,0.8,0.4,1.4960543116832274,-0.23751348158982344,-0.4023560907168131,2.1387743772214853,1.8922341146188781
0.8,0.3,0.7,1.0,0.0,0.4,1.2052771775149793,-0.33380279949715363,-0.4150556804157705,2.4233191675821746,2.1976725311336462
0.7,0.2,0.2,0.2,0.2,0.0,1.765112126972995,-0.7454059888739621,-0.8730281115621333,2.8238352431327454,2.3070657497868226
0.9,0.6,0.7,0.2,0.1,0.7,0.4660208627541779,0.43953783746631275,0.3267252747177387,3.1955134375225165,2.9399955843584378
0.6,0.4,0.0,0.9,0.0,0.9,0.16810617064456254,0.8501335383331675,0.6838731592145874,2.4346463012796837,2.334267562815398
0.4,1.0,0.8,0.4,0.6,0.6,0.5931892152412483,0.5010594724262879,0.30065882503716423,0.31738664055332927,0.09871709556111682
0.7,0.2,0.0,0.7,0.3,0.5,0.4903511249886069,0.18331388505208823,0.15043584286224373,1.9428889714538569,2.016996262214142
0.6,0.6,1.0,0.4,0.1,0.8,1.0420441155446383,0.03320334104287299,0.04128667606155312,3.2201039415117494,3.1299524922352306
0.1,0.9,0.7,0.4,0.2,0.0,1.6425348770478343,-0.4656414592247604,-0.4330473877463319,0.5570110876044894,0.6383984269752568
0.8,0.0,0.7,0.2,0.7,0.1,0.2720864348055247,0.6349596538680072,0.7410366196905573,0.6210922792607877,0.3959991997076996
0.2,0.7,0.2,0.4,0.9,1.0,1.253391604125711,-0.4574368666588195,-0.5647033892992416,2.4073770947004345,2.4477073370156344
0.0,0.5,0.2,0.4,1.0,0.7,1.3705586007272819,-0.3623213048072458,-0.505296541350915,0.6949384280614519,0.6163161672327173
0.0,0.4,0.0,0.7,0.7,0.8,-0.6308704975649844,1.2885765044026103,1.1528677999912618,-0.6970605323434883,-0.7954488477773645
0.7,0.2,0.6,0.3,0.4,0.2,0.8010380890223231,0.26881981724629117,0.2448892186181425,2.2480777330622304,1.978775593234746
0.4,0.5,0.8,0.3,0.6,1.0,-0.5169136349123689,1.8356879764565894,1.4957707601036718,1.0760051600445397,0.7096426283771426
1.0,0.2,0.6,0.5,0.1,0.1,2.020302214307446,-0.7570037326251575,-1.2580225709250945,2.4390854906716,2.380994316198749
0.2,0.2,0.9,0.8,0.2,0.1,0.71474939352587,0.1350140758009407,0.09218707120812775,1.4683982882995825,1.3157862807588425
0.5,0.8,0.9,0.2,0.0,0.6,-0.2637433205139823,1.1421561599126258,1.1241950372163312,2.905433900445004,2.775468357273582
0.4,0.7,0.5,0.8,1.0,0.3,1.707138155690905,-0.8004736814253199,-0.8760591353871565,2.3247518367340856,2.1726483077021763
0.6,0.2,0.3,0.8,0.4,0.1,0.9298996533650691,0.22155872845991975,0.0602640354036234,1.251547642462305,0.9317172034587878
0.8,0.1,0.5,0.5,0.9,0.0,0.7915077695258318,0.3086332083851615,0.04778189249532317,2.486586768696654,2.1720191128222632
0.8,0.5,0.7,1.0,0.1,0.9,0.6611232185256668,0.4223002308477576,0.1983540711032596,3.826303096810275,3.66620560421706
0.2,1.0,1.0,1.0,0.9,0.0,1.3047742767185095,-0.391054825525379,-0.32118730087502134,1.588971108088618,1.664635170298646
0.8,0.7,0.2,0.3,0.1,0.4,1.9419988524063474,-0.8861524684464653,-1.1543321236042392,3.372133711281068,3.2492880867492095
0.6,0.5,0.9,0.2,0.5,0.8,-0.5929775852884136,1.498856278022667,1.4820084081760898,1.9608881785878434,1.7831252360085377
0.9,0.1,0.8,0.6,0.4,1.0,-0.42423606408268,1.3370797122993363,1.5428774351645516,3.3250036102199783,2.9942072726188775
0.9,0.3,0.1,0.0,0.7,0.9,0.3974753245592158,0.49351414197217075,0.505368435627743,2.2825232782632923,2.2383985644432998
1.0,0.8,0.3,0.3,0.2,0.0,2.3477536886792643,-0.9575390611260057,-1.1660399236881707,3.2315547367406627,3.0517470194296816
0.1,0.8,0.2,0.4,0.2,0.8,1.9927468791664715,-1.1164564468179294,-1.0407770635126956,2.3842562279266284,2.0750009960606364
0.4,0.4,0.6,0.3,0.6,0.1,1.2131676850882824,-0.33038084794848255,-0.1703771897076627,-0.4574215297289922,-0.7683282398343492
0.2,0.5,0.0,0.2,0.7,0.2,-0.1921026454505144,1.147928625329841,1.1237380421376324,-1.0843320516500508,-1.2126418588121781
0.3,0.7,0.3,0.0,0.4,0.3,1.436171475947973,-0.37545350954217616,-0.5355695068972353,0.5331925937568031,0.17014523272099022
0.7,0.5,0.2,0.0,1.0,0.1,1.5449896560656833,-0.6644184833342972,-0.6861247793413262,1.4737744198654763,1.4450651468911644
0.7,0.8,0.6,0.5,0.5,0.2,2.086875544100226,-0.8954497393761542,-1.176025148125823,1.7502753530816264,1.6731561368702286
0.2,0.8,0.1,0.6,0.8,0.0,0.9839200857385145,-0.14774103213824957,-0.10864970633577181,0.675093664165468,0.5276735671332267
0.5,0.2,0.8,0.3,0.4,0.7,-0.34386743765748384,1.454351326821368,1.4622540400848385,1.8093951009334617,1.6885083515331847
0.7,0.6,0.4,0.8,0.9,0.3,0.4819267488383145,0.7422554658434648,0.5611889215973196,2.2299409673477815,2.227076952450243
0.5,0.7,0.2,0.1,1.0,1.0,1.7465205079449493,-0.6880565271774819,-1.0853132725407197,3.992788485551325,3.7147073098188232
0.1,0.6,0.3,0.3,0.8,0.1,0.4677822350119925,0.49328625600061415,0.4406615365993991,-0.20324337266076994,-0.6863108276263702
0.7,0.4,0.0,0.5,0.9,0.5,1.0530733668561005,0.0745898888060737,-0.0800761856043771,1.5935265548690443,1.4568670222692253
0.8,0.0,0.4,0.5,0.7,0.1,1.0303129098918677,-0.17242836722803456,-0.1834756385489676,0.32756570410316066,0.25779624358348535
0.2,0.5,0.7,0.3,0.6,0.2,0.4977547881892552,0.5723452761652968,0.22872665740458864,-1.3430116827896874,-1.3693007103597463
0.3,0.4,0.0,0.5,0.8,0.3,0.7621440160234764,0.3562121009336129,0.1821915810430269,-0.6624942586742981,-1.0116990778501012
0.8,0.7,0.0,0.5,0.2,0.1,2.7276744978577914,-1.7610759056983458,-1.8148211678435342,2.9170791197363566,2.6459033823552613
0.9,0.2,0.9,0.8,0.5,0.3,0.3603039150188737,0.7411403620470733,0.5607422294800816,2.340235525376601,2.1063320301873074
0.3,0.1,0.8,0.9,0.6,0.3,0.1886244378313351,0.6475454465403012,0.5483737241278758,0.1645216088331243,-0.11206588739437864
0.1,0.2,0.1,0.8,0.4,0.4,0.5985643786472233,0.562137338846904,0.40818026017092784,0.7020537109357147,0.35809339319526867
0.2,0.5,0.5,0.1,0.5,0.1,0.35703098373681336,0.6547354535344652,0.6143513238606922,-0.6038051897189555,-0.768916901201558
0.2,0.9,0.6,0.9,0.3,0.1,1.5192162171634431,-0.4783517435431988,-0.5207492526495041,1.6001047895557656,1.4090248771473215
0.1,0.5,0.5,0.0,0.9,0.7,-0.6344015690349611,1.6983657769884393,1.6128900924763154,0.8593920303280376,0.6218421786746589
0.1,0.3,1.0,0.5,0.6,0.6,1.7490655651252527,-0.7364132622683613,-0.7529516178499042,-0.3502191777508643,-0.7028939941108109
1.0,0.4,0.2,0.3,0.1,0.0,1.619512399030252,-0.839028532373503,-0.8053568121983061,1.7787200918865302,1.834151847964269
0.2,0.4,0.5,0.9,0.8,0.9,-0.37337662043593994,1.2446500745973117,1.4159216566934543,1.4658522120972435,1.5087672367825997
0.0,0.0,0.2,0.2,0.1,0.0,1.2737331636141278,-0.20577651546193063,-0.3195433795894897,0.1343145715210765,-0.23806125417664467
0.8,0.4,0.5,0.6,0.5,0.5,0.811555378241894,0.16134752500019836,0.05348992852113521,1.2254578542179801,1.075992785371241
0.9,0.8,0.4,0.9,0.7,0.5,0.8631760242879349,0.0859633287348343,0.2025375159642948,3.018035032633814,2.9027715911024012
0.8,0.3,0.7,0.5,0.3,1.0,1.7001619935673022,-0.5736427506114008,-0.5600579436732669,3.080420023299685,3.061923772776352
0.8,0.4,1.0,0.8,0.6,0.4,0.9599707927751489,0.05292528257819687,-0.31011359274831796,1.1741057914751567,0.8526884019364344
1.0,0.6,0.9,0.5,0.7,0.8,0.3167883782326135,0.42638840568898795,0.4702596816461707,2.921107675811524,2.4300609128798945
0.0,0.1,0.8,0.9,1.0,0.0,0.5327767652492045,0.2231695274926595,0.2291442191080151,1.0572178011576745,0.7007328994238138
0.4,0.6,0.5,0.9,0.0,0.9,0.10842068812526248,0.7848637593063807,0.8225692992521483,2.635762429492125,2.5263004565527174
0.3,1.0,0.7,0.7,0.9,0.3,0.2959317683869211,0.5048611887218768,0.6194141045591963,0.48277169632358186,0.2751306089336294
0.2,0.6,0.4,0.8,1.0,1.0,0.5409507610891849,0.574761797406278,0.4418021363848035,2.240177253655605,2.01216792142439
0.9,0.9,0.4,0.6,0.8,0.3,0.19222722209867268,0.697421435858338,0.6529814740044013,1.9663304757435673,1.9845926558564648
1.0,0.7,0.2,1.0,0.1,0.5,2.4875338687215574,-1.6298240275784506,-1.7874388631375997,4.402999480082752,4.038076327645967
0.2,0.9,0.6,0.6,0.9,0.7,0.3464981128259929,0.6581038331835822,0.6356858202689493,1.6112283155054612,1.3447177459372004
0.1,0.1,0.0,0.3,0.5,0.0,-0.0904110826672671,0.7046361830295569,0.7602372073221463,-0.7109395043747113,-0.9338624500060235
0.1,0.5,0.9,0.4,1.0,0.2,0.8645669954859823,0.037800586690901646,-0.05999006255204873,0.5384024890481489,0.35113953276735677
0.8,0.7,0.2,0.2,1.0,0.9,1.835822868134684,-0.9120897914717238,-0.7739924690402387,4.451518687284429,4.3054957498278785
0.7,0.0,0.4,0.7,0.9,0.5,-0.1495240309867914,1.0250950012773608,0.8600385673082638,1.6457247339339465,1.5934826637471933
0.1,0.4,0.2,0.0,0.3,0.2,1.4344025190481087,-0.5950761392507209,-0.7205084708796382,-0.42831704584364033,-0.47529570573642754
0.0,0.0,0.0,1.0,0.7,0.4,0.5671238750906413,0.25280146539723747,0.35535784156412015,-0.09390318280528467,-0.4732911419982974
0.2,0.2,0.3,0.7,1.0,0.7,1.0026356188331862,0.1900669667820335,0.06830982984471722,0.9877166950374814,0.766830839788606
0.8,0.2,0.9,0.9,0.2,1.0,0.4482734652953712,0.6503604249263066,0.18983602718207204,5.436983587492591,5.1711245907521795
0.2,0.2,0.3,0.6,0.9,1.0,0.4640612663626718,0.6761940392854667,0.506065919561258,1.374498485548995,1.1385997593417907
0.1,1.0,0.0,0.9,0.4,0.1,0.9962043157740602,0.27423975304279546,-0.023742602559296187,0.44217415819779016,-0.027336287146812854
0.8,0.6,0.7,0.9,0.1,1.0,0.6217466302221593,0.22987876721860925,0.03134027512296686,4.311464070049551,3.9358263438408576
0.7,0.1,0.7,0.9,0.8,0.2,-0.05543356736846672,0.9707947234545437,0.845437618122069,1.9628544575565323,1.7530186474013136
0.9,0.9,0.1,0.3,0.8,0.0,0.2769672058554343,0.7132557561195226,0.5155523278451872,2.769229224837164,2.4510975130583925
0.9,0.8,0.3,0.6,0.2,0.3,2.420510608514013,-1.4319935856066417,-1.6120314776505207,2.8110557907236373,2.714811038916466
1.0,0.5,0.2,0.8,0.7,0.1,0.8789465986604258,0.08321918181102399,-0.28696068518474516,1.087924438885143,0.7210993952291804
1.0,0.8,0.1,0.9,0.7,0.4,1.3428681750731895,-0.34014200813984696,-0.32899770320776556,3.141518594823513,3.045012524708114
0.2,0.3,1.0,0.7,0.9,0.8,0.4634051756960365,0.8556707888085389,0.4884601637787089,1.3251478518708426,1.2832972202870518
0.5,0.2,0.7,0.9,0.7,0.7,0.2651436112003104,0.7807270737123739,0.6327264789776146,1.4763837247204157,1.2675839040396406
0.9,0.1,0.5,0.1,0.1,0.9,-0.326488851310286,1.33889653004284,1.216494358271164,4.230538212949152,3.970260606333169
1.0,0.8,0.1,0.0,0.5,0.3,1.493872870931788,-0.4768521940612671,-0.45632746310774774,2.314635562157552,2.1798680862705875
0.1,0.5,0.9,0.1,0.5,0.0,0.22374357515268598,0.7883536540356226,0.7216541338809549,-0.463146593138017,-0.8344244771649769
0.1,1.0,0.9,0.8,0.5,0.5,-0.14424378901693757,1.1574254562871855,1.2042068516035616,0.5222453632032911,0.16911292860068305
1.0,0.0,1.0,0.7,0.2,0.6,0.9831361335107069,-0.140609912683488,-0.1483038536773612,2.907504631805931,2.7059940033312
0.6,0.9,0.0,0.2,0.5,0.1,0.5273992749387391,0.47995010200633403,0.47126654795987344,1.0061000570483616,1.170271517065646
0.3,0.8,0.2,0.3,1.0,0.4,2.0179247371662496,-0.9454344983130951,-0.9594771788426152,1.9647572538557285,1.6924550916522538
0.3,0.0,1.0,0.5,0.4,0.7,1.0267026367755088,-0.10014051768895105,-0.048950392171895785,0.4686116292063529,0.15060541186576354
0.6,0.7,0.0,0.4,0.4,0.9,0.9855375155667417,0.21077206023524342,-0.09374786643849675,3.1265740851742443,2.880755348160981
1.0,0.7,0.4,0.1,0.5,0.1,1.4047889615277191,-0.41712469956285625,-0.3430380580481005,2.1708668910196143,1.77467052284586
0.1,0.0,0.5,0.0,0.2,1.0,0.10911662496353224,0.8831855219428412,0.7137892946599651,1.9407996179559508,1.6175858363026128
0.8,0.3,0.7,0.4,0.1,0.6,1.2262061260237884,-0.4306389426117003,-0.348767038503701,2.3841795966159407,2.39721473698536
0.3,0.6,0.0,0.1,0.3,0.1,1.1257674481050677,-0.23263431576015092,-0.17071275496719904,0.9168722060015044,0.30092812982366457
0.6,0.5,0.9,0.7,0.8,0.0,-0.6755919353183938,1.498680152503649,1.4330942743702493,1.0263863985451542,0.9440669492677611
0.1,0.3,0.4,0.3,1.0,0.2,1.2898170547839038,-0.6182539240803756,-0.4021739061333955,0.47221396862305104,0.5360425650513942
0.8,0.4,0.7,0.7,0.6,0.8,0.46089136357645977,0.5156157789459763,0.7680006590770125,1.0995734836205162,0.8952637535328797
0.9,0.9,0.6,0.5,0.3,0.3,1.8812763262973344,-1.0035199063847204,-0.813889719353647,2.9827019157263375,2.7845899436814694
0.8,0.6,0.4,1.0,0.7,0.5,0.7745926462919029,0.11152968024031511,0.18369273429991143,2.4714771864034573,2.3157528184656684
0.7,0.1,0.6,0.8,0.1,0.3,0.512576237726096,0.5432743546126886,0.5778248915152452,2.442943633136133,2.4209910893706614
0.9,0.1,0.9,0.4,0.0,0.1,0.2361144914286733,0.8538013386203627,0.8414366726834027,2.468887232077321,2.3585906152887537
0.1,0.5,0.5,0.9,0.3,1.0,0.3024101682644091,0.6793173521163519,0.7501949953749725,2.300892622719991,2.2829986753034497
0.9,0.0,0.2,0.9,1.0,0.0,2.4330683295934166,-1.5127589440173899,-1.4667307671819185,2.5266074277462187,2.2371340939394835
0.6,0.7,0.0,0.3,0.1,0.3,1.1737663357258254,-0.23009814177484528,-0.37567118712430386,2.581206176708268,2.6251576964305885
0.5,1.0,0.0,1.0,0.0,0.5,0.6335953694528038,0.3261678647261371,0.2158792974109106,1.9843671035466595,1.9526030583295428
0.3,0.9,0.6,0.0,0.0,0.0,0.19109657754393933,0.6866231982293325,0.4940467748353851,0.6363576920087886,0.43547520502751785
0.7,0.1,1.0,0.1,0.3,0.0,0.8954837372877296,0.1619875063755868,-0.1526907737500481,2.5052011357682535,2.4580279055603036
0.8,1.0,0.7,0.2,0.7,0.8,-0.30753697218881904,1.2713246715163797,1.140435914514821,2.285234392319991,1.9536862848219363
0.3,0.7,0.7,0.4,0.4,0.7,1.1832968369521901,-0.009368045568084349,-0.36224118712524916,1.337958180678004,1.1337862315423428
0.8,0.2,1.0,1.0,0.2,0.7,1.3688575949884103,-0.49927686968076934,-0.6752389874619966,4.779759561552245,4.407021681472464
0.9,0.2,0.9,0.3,0.9,0.1,0.13529847343043755,0.7780296265475224,0.8566659944658457,3.18380234838831,2.9750098934310047
0.0,0.5,0.9,0.2,0.6,0.6,-0.43289602062234606,1.3817535539565957,1.4478143111710082,0.16801080989334435,-0.38656204165198554
0.0,0.0,0.8,0.5,0.5,0.1,0.9227397114697281,0.12852520491005628,-0.06872713856221674,-1.4695743503771073,-1.6277478278875595
0.5,0.6,0.8,0.7,0.4,0.2,0.30097111880810035,0.5826212408316552,0.434647680977611,0.8726188696504603,0.6102301699248033
0.7,0.9,0.5,0.3,0.2,0.3,0.8748679432565696,0.18398019157407414,-0.025852361552264058,3.569211262914526,3.497984993653757
0.1,0.5,0.0,0.9,0.1,1.0,0.009165483565168957,0.9565349988078541,0.8421636556481799,1.7931808471660093,1.7032683119167131
0.7,0.3,0.4,0.0,0.6,0.6,0.41544992812380954,0.4360396499993477,0.3344755724395072,1.3129593725195972,0.9592970729480153
0.0,0.0,1.0,0.1,0.6,1.0,0.006211769720317395,0.8259259459334853,0.8439029334648609,0.608747714183941,0.26425160138515535
0.8,1.0,1.0,0.9,0.1,0.3,1.1930714962859748,-0.29873497825173695,-0.4512357625619718,3.466677648613876,3.261691676629304
1.0,0.1,0.4,0.5,0.7,1.0,0.031158594246153866,0.9908025141979683,0.8100327058276995,2.61125422186775,2.4482886028885984
0.1,0.6,0.7,1.0,0.1,0.7,0.7842070301568806,0.22938497675373445,-0.08506860713526188,1.908915316417798,1.6803926088708112
0.0,0.5,0.4,0.8,0.4,0.4,-0.21377337830357984,1.175888563291084,1.1995702669287578,-0.37788445507401086,-0.3723739158976688
0.9,0.0,1.0,1.0,0.1,0.0,1.69420846740617,-0.7976717643714438,-0.8745698698693721,3.027816044316304,2.9740297970654046
0.6,0.0,0.7,1.0,0.7,0.0,1.0848961213801913,-0.016049991547128883,-0.017669609196353353,0.8876361509475311,0.45782225204628657
0.8,0.0,0.8,0.4,1.0,0.6,0.6422983422732956,0.19488599586568608,0.16414368492972553,2.6523991936831797,2.290779103085463
1.0,0.2,0.3,1.0,0.8,0.9,0.21284741219632042,0.611464280310402,0.5651477417062641,3.864390406754306,3.6548338240845744
1.0,1.0,0.4,0.0,0.6,0.7,0.2833383627458564,0.6969732994149748,0.6793593878211348,1.8523347774296035,1.7559974253910378
1.0,0.1,1.0,0.1,0.2,0.3,1.1117047227472707,-0.14444067565826163,-0.12566234764506973,3.465552077242152,3.1699977474161223
0.3,0.0,0.9,0.7,0.8,0.4,-0.7215906648338694,1.6679182296192125,1.5739530280979803,0.11842413387324052,-0.021450586681718238
0.7,0.1,0.1,0.9,0.5,0.2,1.0343578762189523,0.14777466672242207,0.10923695497542898,2.112411061865633,1.9867344543067011
0.6,0.4,0.0,0.0,0.3,0.2,1.0114323707006923,0.18016228144248217,-0.1024083969090997,1.0190880903872257,0.7819407272404617
0.3,0.1,0.8,0.6,0.6,0.0,0.5662200959038681,0.4407773641663749,0.43462895859650785,-0.8937968274668794,-1.3229724930216697
0.8,0.1,0.9,0.2,0.2,0.8,0.023333420685351186,1.2621402779490787,0.833890300003113,4.491350147486289,4.205041040719677
0.8,0.0,0.8,0.7,0.9,0.7,-0.6219017831697025,1.4661525228748093,1.4752909195814359,2.3442229055637633,2.1292344204117275
0.4,0.6,0.0,0.1,0.9,0.7,0.052523543757609335,0.9755667397541044,0.9503211120862429,1.749875560243987,1.4758700525383164
0.2,0.4,0.1,0.0,0.5,0.7,0.3577530024517904,0.5351782832375259,0.4084453255559428,-0.2913806646948902,-0.3894584546943124
0.1,1.0,0.4,0.9,0.2,0.0,1.6546572857906268,-0.1737412305078742,-0.570639235177318,1.1139392312075984,0.9586769120959604
0.3,0.0,0.8,0.1,0.0,0.2,-0.12206920494563758,1.0647487012066512,1.0994127095838655,-0.208691637467262,-0.4136512514666111
0.6,0.4,0.7,0.6,0.2,0.2,1.8648901031913816,-0.853213581605454,-1.0434829793648144,0.8300013327537624,0.7790887797505887
0.9,1.0,0.0,0.9,0.9,0.3,0.893333707546507,0.23218709149460065,-0.07752365196473945,2.961794576147637,2.9131113620552003
0.7,0.3,0.3,0.3,0.1,0.8,0.9291047332411431,0.16615161745858675,0.07193674673916296,2.611903957966599,2.5213193242279504
0.0,1.0,0.3,0.3,0.9,0.6,0.16211009577320012,0.8016154658480508,0.7574955367167824,0.6660477743271036,0.5198545471411834
0.9,0.9,0.0,0.6,0.8,0.2,0.5283187958913678,0.6244553776573303,0.6715706977954496,1.8417748695368774,1.5927830860203718
0.4,0.8,0.0,0.5,0.6,0.8,1.323913317726916,-0.3398623845132954,-0.2735210206210711,0.9652178274750217,0.9488994949107941
0.8,0.2,0.9,0.8,0.8,0.3,-0.2857413883515746,1.4174475652814869,1.3527352930107746,2.7012147575990233,2.522911726101011
0.3,0.7,0.4,0.5,0.7,0.5,1.365678818152954,-0.4789746267665795,-0.640569095704789,0.40766304999257547,0.26454199749799523
0.9,0.4,0.4,0.9,0.4,0.2,1.0261791138150014,0.109237136487906,-0.09168092902931455,1.9948732982803858,1.5820687397422362
0.7,0.0,0.2,1.0,0.6,0.2,1.9179829154928054,-0.9364258944071844,-1.237464940819249,1.192793547163272,1.0160112154974075
0.9,0.6,0.9,0.0,0.6,0.5,0.45547997390833,0.5766348073311834,0.5322099815403057,1.7823649660142564,1.6409050320406273
0.6,0.9,0.7,0.3,0.2,0.3,0.9417145699666355,-0.005184969218704802,-0.15159077521822745,2.573864924480027,2.219584671990758
0.0,0.2,1.0,0.0,0.3,0.8,0.1985989426855447,0.8459345001113509,0.7079719720298103,1.5791947949661493,1.3035326361466484
0.8,0.3,0.9,1.0,0.8,0.1,0.7694301345772162,0.4765499082231022,0.17114876861817274,2.8932214755842987,2.9249603783041045
0.1,0.4,0.6,0.8,0.8,1.0,-0.5455788201603377,1.5575967003601148,1.4645453100361132,1.1202764515529446,0.9012176319537304
0.2,0.4,0.6,0.9,0.9,0.7,0.4130809993251708,0.5150100727596284,0.3144675736060913,1.2863669301004899,1.2386165453097768
0.1,0.5,0.9,0.5,0.4,0.4,0.5991651635592856,0.31343162344893233,0.44768008182526126,-0.18745865033758477,-0.25184521211273464
0.3,0.8,0.2,0.6,0.2,0.3,2.6585916208630413,-1.6433147227689198,-1.7029895216010664,1.3724454452635908,1.2690411645359352
0.6,0.9,0.3,0.1,0.4,0.2,0.7444820295892931,0.14093160455604276,0.12796131159932303,1.5653267134529507,1.2412405733084984
0.8,0.9,0.3,0.0,0.0,0.4,0.26378069077909105,0.7893727018282826,0.32423102410460436,1.9377003768047607,1.8517082222861636
0.5,0.5,0.3,0.3,0.1,0.0,0.9774438006063734,0.22864621960526263,-0.08674670393990935,0.7370552851376471,0.5023017041480798
0.8,0.2,0.0,0.4,0.0,0.5,0.31923715783094786,0.6145937314918664,0.6173101436237529,2.1304111119660964,1.8848156221137624
0.5,0.4,0.6,1.0,0.6,0.7,1.1468486070491002,-0.12357990912657554,-0.22606195751769095,1.297863174900698,1.0942210105746195
1.0,0.7,0.8,0.1,0.6,0.6,0.8501828990510791,0.10309290938363758,0.1197995635014918,2.3144588935378314,2.213156150597591
0.4,0.3,0.5,0.4,0.1,0.6,0.9582008320418635,-0.18562372579257572,-0.144657703196266,1.8532804068986022,1.4965327403225528
0.4,0.8,0.4,0.5,0.8,1.0,0.3220068331469572,0.7718083619459862,0.6803916103356563,2.468740958531331,2.0484950384102296
0.5,0.1,0.5,0.7,0.3,0.5,0.06764327980896356,0.7457147569751439,0.9109721695102346,1.9379462858132186,1.8035846721206905
0.1,0.4,0.9,0.7,0.4,0.7,-0.3622583352634464,1.251805403487,1.384837723856663,0.45505926077658954,0.34098639873418746
1.0,0.2,0.9,1.0,0.4,1.0,0.09806525022708512,0.5637761897684117,0.6861859726834596,5.176056760538474,5.015407960541182
0.4,0.6,0.7,0.1,0.7,0.5,0.298672575571339,0.5150343411956896,0.5268927523584045,0.16239645477697942,0.0656112559565202
1.0,0.1,0.6,0.7,1.0,0.8,0.6397663292252306,0.7159645613773543,0.41251290591986906,3.510300598820284,3.4679335965505427
0.2,0.8,0.8,0.6,0.0,0.3,0.6410877942120955,0.4067352812039317,0.10925936961173441,0.8456337379189961,0.5414448393219327
0.7,0.0,0.9,0.4,0.0,0.5,0.23573275833142332,0.855607192788112,0.6028938877110108,2.0519160585600362,1.8743413943508327
0.8,0.3,0.0,1.0,0.4,0.4,1.40790727901081,-0.3750924454834832,-0.5771480092278041,2.623746568525431,2.340255544789586
0.8,0.7,0.4,0.5,0.3,0.5,2.1094373779257647,-0.9960040544322665,-1.0333607701722107,2.767221489248158,2.735743060239633
1.0,1.0,0.9,0.2,0.5,0.8,-0.22014892355103285,1.1691402141112597,1.0713223715054265,3.3704187617128905,3.038138378408597
0.6,0.2,0.4,0.0,1.0,0.3,0.776252202060208,0.35831635488321795,-0.06443835865787138,1.9826407635003571,1.9096338253481608
1.0,0.6,0.1,0.3,0.1,0.1,1.386227319241632,-0.12488862727860511,-0.5214591062618679,2.8809180322178776,2.6109844902461714
0.4,0.8,0.9,0.1,0.4,0.6,0.22785705263447295,0.6734781636171255,0.5506733741566574,2.3491404021157214,2.266670647821188
0.3,0.4,0.1,0.5,0.7,0.3,1.524040553194375,-0.310845793419483,-0.5873871308194005,-0.9205841694823464,-1.1475484143943637
0.5,0.6,0.2,0.9,0.1,0.1,2.0453854038597044,-1.0157241877251555,-0.9936237050085255,2.0508658587627298,1.6815682368456215
0.8,0.7,0.9,0.3,0.3,0.0,1.351644538061369,-0.6200244289597211,-0.597153999213525,3.68821898200609,3.4024922548632124
0.1,0.0,0.1,0.9,0.3,0.9,0.7003150631628928,-0.0006899791698426749,-0.08524906883828615,1.900904214444061,1.867629020334872
0.3,0.2,0.6,0.3,0.9,0.0,0.6490154344272029,0.29316994999490054,0.3974740729429022,1.1125358237981382,0.7219120832955536
0.7,0.6,0.3,0.2,0.6,0.1,1.4084331813688156,-0.2727051186501639,-0.48928269976893113,0.8322876161935309,0.6370505700071405
0.5,0.8,0.2,0.1,0.8,0.0,1.0305157126471263,-0.051479056836888075,-0.052874311217480346,1.686948614927408,1.247565269931721
0.5,0.2,0.0,0.3,0.0,0.6,-0.2670254196396574,1.1748998967644608,0.9966498148089885,1.4935089864165634,1.4222171349792263
0.8,0.3,0.4,0.6,0.4,0.0,1.4243439291303248,-0.4719436041000941,-0.5659238235491031,0.8747852061117514,0.9337359608002727
0.2,0.7,0.4,0.7,0.3,0.9,0.5818066519732058,0.2095205079105273,0.056601808041325224,1.9256488354150585,1.995379021500911
0.5,0.2,0.1,0.6,0.8,0.1,0.6415302122639341,0.25753843035654367,0.16747556290303697,0.8505509610015718,0.7084026810344736
0.6,0.3,0.4,0.3,0.9,0.6,0.28949105975536843,0.8865860305188824,0.7582909266123417,2.144905143180887,1.9568578474723615
0.4,0.1,0.8,0.9,0.7,0.0,0.12276966735987317,1.0361790490995406,0.7613581728088702,0.3385793759240086,0.22966431689212602
0.3,0.1,0.5,0.1,1.0,0.0,0.6839959664357605,0.03912966287111061,0.13150357250000536,1.230593872949755,1.0020550912541148
0.1,0.2,0.2,0.3,0.3,0.2,1.6199508332515662,-0.44806660780151814,-0.4328861041583282,0.7211246636683217,0.33671259759488326
1.0,0.2,0.8,1.0,0.9,0.4,0.3226235958378629,0.4176310970354445,0.4379792160987598,4.073277401273859,3.505726872508946
0.1,0.5,0.3,0.6,0.6,0.9,0.7094688890782501,0.34080722828860466,0.40235193032922895,-0.8163541272982958,-1.1645916543539803
1.0,0.3,0.9,0.9,0.4,0.5,0.9172993542775549,0.2972535565345106,-0.19174557760491617,3.1802049193597433,3.106550287776596
0.8,0.2,0.9,0.1,0.5,0.4,0.2400242091067816,0.6867646341879823,0.7307063455873131,2.1829393859291213,2.081354055927798
0.1,0.5,0.7,0.7,0.6,0.1,0.4319690007441888,0.4622333097559037,0.1523230484472623,-1.8430615163978725,-2.061666521292685
0.3,0.7,0.1,0.6,0.9,0.8,0.9966126233885038,-0.09947905823791159,-0.5738822572911506,2.1624949271273683,1.9539722054203696
0.3,0.9,0.3,0.5,1.0,0.9,1.7402892053902657,-0.512716729926887,-0.6906094072799464,2.0803798753855984,1.602482722376833
0.2,0.9,0.6,1.0,0.2,0.7,1.316257265737517,-0.10593529643915928,-0.3470784685965105,2.997207696615254,2.953542807010879
0.1,0.4,0.2,0.2,0.6,0.3,1.334195753326467,-0.1682557922177737,-0.4137954550521888,-1.1238841938078235,-1.3966277989060492
1.0,0.5,0.4,0.5,0.7,0.0,1.0390472503235468,0.05260943005540074,-0.1296449081857274,0.4534646587554567,0.39159710980506707
0.1,0.8,0.4,0.9,0.5,0.2,1.216830814357307,-0.11909451715944525,-0.21938373166081515,0.7715830073258985,0.4686620222044119
0.1,0.3,0.7,0.5,1.0,1.0,1.7100043618729557,-0.5539020770405453,-0.795015481965655,1.3592752617163988,1.1877686313527147
0.0,0.8,0.7,0.2,0.4,0.4,0.35423631564763947,0.6042475934002077,0.3138563040828011,0.8285432646420814,0.642296329689733
0.9,0.7,0.4,0.0,0.6,1.0,0.49149719160867866,0.33052858749757974,0.4957387189102966,3.0882368088513372,2.904929412492265
0.3,0.2,0.4,0.5,0.9,0.8,0.45950319632227604,0.7630262024651331,0.263573422671719,1.421795570118322,1.0357667372844088
0.7,0.7,0.9,0.6,0.7,0.2,1.4151434241607688,-0.2449711664088244,-0.19212634198745163,2.0313640336827317,1.727726449430234
0.6,0.3,0.5,0.4,0.0,0.2,1.1992311786360879,-0.2006590134217464,-0.1514202462880005,1.67885194694083,1.2923981555978263
0.2,0.5,1.0,0.7,0.3,0.7,0.4471244882097932,0.4717049071519254,0.5361506135142149,0.7316001810708146,0.5534997122094623
0.3,1.0,0.5,0.3,0.9,0.4,0.05114006203592809,0.8893654006354681,0.6833289719018572,1.628308512481088,1.3070070197844545
0.2,1.0,0.9,1.0,0.6,0.7,0.6632744554300846,0.34468533884196284,0.37066937670228206,1.6384030244525638,1.2793326396095044
0.3,0.3,0.6,1.0,0.6,0.9,1.290395270060366,-0.290779237182977,-0.39565564103234746,1.4852339500364857,1.1733826951758881
0.6,0.2,0.3,0.4,0.0,0.0,1.2475815474848715,-0.2555459169363673,-0.24372756610601617,0.9890842099461317,0.7578274879923256
0.9,0.4,1.0,0.3,0.2,0.1,1.7135653111843676,-0.6747880164066201,-0.7434228138727662,2.6234035570711036,2.4154152176191865
0.3,0.5,0.9,1.0,0.0,0.0,0.4240391266138956,0.6595227764927455,0.42841749616875097,1.2917196301846898,0.8824035372728997
0.4,0.6,0.9,0.4,0.8,0.5,-0.08633611853307302,0.9880758735098387,0.7882630125183359,1.4697581892202505,1.00864197259489
0.3,0.3,0.4,0.4,0.2,0.5,1.4231819528450351,-0.571975049280205,-0.6700303655214772,0.8534324966817188,0.8520973157225245
0.8,0.6,0.8,0.7,1.0,1.0,0.3494987009217746,0.6887959495509958,0.6089074233159877,4.035181486228325,3.6199480687821106
0.4,0.1,0.7,0.7,0.3,0.5,0.2190361065035506,0.6578333275973413,0.5714617890384626,0.7958421155891772,0.6792028506290291
0.7,0.0,0.7,0.9,1.0,0.3,1.419422491746027,-0.4379698822606359,-0.7581177610073957,2.176038451682404,1.80944059939282
0.5,0.4,1.0,0.4,0.4,0.7,0.9411017273805996,0.22288951143066194,0.15192482333285165,1.5306987907966694,1.3129791719821529
0.0,0.6,0.3,1.0,0.2,0.0,2.2260222058387655,-1.1672811066602728,-1.247086401293155,1.0355890190980293,0.8626915970502286
0.3,1.0,0.2,0.6,0.9,0.0,1.4904819848935686,-0.7289501476876912,-0.7127984001532525,0.3912878804002634,-0.015529124455623267
0.3,0.0,0.9,0.2,0.0,0.5,-0.3810838211647635,1.519283375438388,1.341451637734185,0.7333225492306237,0.5950678477363356
0.7,0.1,1.0,0.0,0.5,0.6,-0.040844891686029915,1.111935279263805,1.1810067362507781,1.777057198738368,1.7339237038079889
0.3,0.2,1.0,0.1,0.9,0.7,0.07111680903193303,0.8698006608626896,0.8801291884821377,1.9449928749701033,1.6814081141443267
0.5,0.6,0.6,0.7,0.1,0.9,0.3845797756098832,0.5471548882904305,0.4541918979622751,2.598629593794102,2.369989072377126
0.7,0.6,0.6,0.8,0.9,0.3,0.8054328322205575,0.392819568003689,0.265693869305239,2.509744324214829,2.233767449705161
0.8,0.2,0.7,0.2,0.3,0.6,0.5694707640588513,0.39638508637948194,0.5200241386084472,3.1242794216429464,2.952893178499612
0.7,0.4,0.2,0.0,0.1,0.5,1.3393990030035363,-0.1349113837810013,-0.2703560924099661,1.935618858331182,1.7510593510468695
0.9,0.5,0.1,0.5,0.1,0.4,1.4876312183167717,-0.7228461426207681,-0.5623488075473998,2.130453112848321,2.1644188499808097
0.2,0.8,0.6,1.0,0.7,0.1,1.618512654111925,-0.5204802445451032,-0.6157352591834947,1.2876872708770137,1.1261455742470148
0.3,0.3,0.6,0.7,0.1,0.0,1.6424043135440203,-0.604852736971392,-0.5138521667428139,0.4315673473998652,0.07920200171640268
1.0,0.2,0.1,0.2,0.6,0.6,0.7777627697754218,0.37501709836273406,0.03635256226082895,2.239798117548773,2.1154154744030595
0.3,0.4,0.8,0.5,0.9,0.4,0.6743209156808816,0.4184179802400156,0.34691502083375436,0.030676545822286946,-0.1122057918657644
0.2,0.7,0.4,0.8,0.6,0.9,0.516340906470508,0.57353101025152,0.3140101219019976,1.1792186990527338,0.748004724515713
0.5,0.2,0.2,1.0,0.1,0.3,1.8781603818632528,-0.9789273873709434,-0.9570766507577956,2.570875350875348,2.291958371290354
0.0,0.2,0.4,0.3,0.8,0.8,-1.1077641116767252,2.0137510636996203,1.5692145090894671,1.0606686614596503,0.8727181307782197
0.5,1.0,0.1,1.0,0.0,0.5,0.9669895592946114,0.20516075859883615,-0.07184872477447077,2.6796130357520926,2.5507715457386095
0.7,0.1,0.3,0.8,0.0,0.8,-0.278957858592168,1.4099231912995678,1.38494250111839,2.2969298235287416,2.2747964935764347
0.5,0.0,0.9,0.6,0.1,0.5,0.6432608229049547,0.23242521602455812,0.38914465158782446,1.5912881673878987,1.2831415016750347
0.7,0.8,0.6,0.9,0.9,0.2,1.3499908326826076,-0.4626347008488931,-0.5740380448716979,3.700533934131848,3.47245821169129
0.9,0.3,0.8,0.9,0.1,0.6,0.8485528141194955,0.17119618664441835,0.058262311850682064,3.328246755656615,3.240317914406375
0.1,0.4,1.0,0.6,0.0,0.6,0.7875475242976917,0.31546904551442684,0.2715669941311156,0.023111231660787296,-0.2757232864723508
0.2,0.3,0.5,0.1,0.2,0.7,0.9508901636993319,0.23089050349162296,-0.2167702999342578,1.7283140581246361,1.693604580439295
0.8,0.5,0.7,1.0,0.2,0.8,0.8806336793776595,0.07396813925413548,-0.047574171909784135,3.8222482601613224,3.666165981963824
1.0,0.7,0.6,0.8,0.0,0.3,1.1925544090246885,-0.2949177928721346,-0.4857626188145612,2.9895760814199694,2.770241154486232
0.1,0.5,0.0,0.0,1.0,0.5,0.5485540434772909,0.5568213572666006,0.5638372509305883,0.19865915733470407,-0.050737942296176945
1.0,0.7,0.3,0.6,0.5,0.9,1.6666542462452194,-0.822943341528766,-0.7187950013702905,2.351678839754617,2.622552183462472
0.5,0.9,0.5,0.8,0.7,0.2,-0.04417209532727287,0.9164753263201569,0.6823768594568254,1.1741639930242271,1.0659091996265107
0.5,0.5,0.4,0.1,0.6,1.0,-0.2990346339686011,1.3880989119602527,1.2560718848893262,1.3044936373090563,0.9604050854068547
0.8,0.4,0.0,0.6,0.3,0.0,1.721067377921159,-0.5684494835459795,-0.7801945251346083,1.379146463800036,1.0322565423167702
0.2,0.8,0.8,0.8,0.6,0.1,0.767308193663256,0.2688214658898917,0.30872307362455925,0.16288806861366842,-0.009672526359942757
0.1,0.8,0.6,0.8,0.0,0.7,0.28011672508455965,0.7399974978760768,0.620718202650129,1.6743896992257197,1.4807980054137433
1.0,0.2,1.0,0.1,0.1,0.2,0.9867843368337036,-0.3425684072922444,-0.25113741522831506,3.1090454716730056,2.8464498995501546
0.2,0.2,1.0,0.9,0.4,0.6,0.6385756398346185,0.25190060202366477,0.2900396444842952,1.6040463523831325,1.4336734775178053
0.8,0.8,0.6,0.9,0.5,0.8,0.9878718199723696,-0.07072615544204575,-0.32632675758299795,3.8577309108710747,3.607964124337068
0.3,0.4,0.9,0.2,0.3,0.2,0.6995068416258966,0.30585787789931373,0.24868288056064758,0.9370551651431364,0.7187326889475616
0.2,0.8,0.0,0.9,0.7,0.8,0.3649198293272764,0.6613132727685128,0.555106466890463,1.4380685925980665,1.315819857876712
0.9,0.4,1.0,1.0,0.8,0.3,0.7758172922672573,0.11775437421734987,-0.09727053902826632,2.4999613986279074,2.4154635519876453
0.4,0.7,0.4,1.0,0.5,0.0,1.8639940458777624,-0.6276819148345115,-1.1116470320018939,1.347872086398465,1.1340288958103824
0.6,0.4,0.2,0.8,0.3,0.1,1.698210770578945,-0.8599080151661409,-0.7529015324148465,1.1846573387450867,0.9948591519930982
0.0,1.0,0.8,0.5,0.9,0.7,0.04593958579026242,1.0429631513764936,0.875007696640521,0.9254157002368556,0.778302190572223
0.0,0.9,0.6,0.4,0.5,1.0,0.11007596603198468,0.717235070412116,0.5849745804824189,1.510002815275846,1.337853589374352
0.2,0.8,0.7,0.9,0.9,0.1,1.1876521253069319,0.05716970627438958,-0.23320907506804325,1.3101272842793206,1.2264779531572376
0.4,1.0,0.2,0.1,1.0,0.8,1.1551783827561453,-0.2370192176482544,-0.504111690524029,2.3219892589975717,1.9852598300609683
0.5,0.4,0.0,0.7,0.3,0.0,1.1408191535371697,-0.25093111704608784,-0.17735482637923045,0.45035313706635655,0.07753197953448082
0.5,0.8,0.1,0.0,0.8,0.4,0.3293793454356367,0.46628770050064794,0.7117473631764712,1.747361301695745,1.870907454961746
0.0,0.0,0.3,0.0,0.4,0.4,0.6594876369783758,0.35813404480759203,0.30804264363565254,-1.1046410053314373,-1.2821712505888356
0.2,0.3,0.2,0.1,0.1,0.4,1.7655406798481457,-0.6782128409236476,-0.7193121167472291,0.6605537458538281,0.2582078258238597
0.4,0.9,0.0,0.7,0.7,0.3,0.11168471106673947,0.8017860656904706,0.7828514729806981,0.010560288355791314,-0.19142143204500423
0.5,0.9,0.9,0.5,0.6,0.9,0.3102353446813304,0.630530595147944,0.4453142313007828,2.1064444235946174,1.9782545693566995
0.0,0.9,0.9,1.0,0.7,0.9,-0.27989377705936747,1.5591375198628354,1.2061522493842687,2.1630433207285322,2.0954815199903627
0.1,0.0,0.7,0.8,0.4,0.8,-0.11781799691498605,1.2163558407300026,1.0658483472612523,0.1858191174478248,-0.05998031171032599
0.6,0.2,0.6,0.2,0.2,0.2,1.3377785208419448,-0.24967087913623734,-0.3496988449202141,2.583580908777862,2.473698010099312
0.8,0.3,0.7,0.8,0.3,0.7,0.8364763275976324,0.14273741460707495,-0.13448171786421817,2.9289091240342344,2.4038290230191577
0.9,1.0,0.1,0.4,0.2,0.5,1.7676823115140987,-0.8361999349469922,-0.8731822154481842,3.3166617784075343,3.059751398742738
0.7,0.8,0.8,0.9,1.0,0.5,1.2512644226485785,-0.42348169511863154,-0.4053462164879295,4.02655918273504,3.9406695082403513
0.4,0.1,0.6,0.3,0.5,0.3,0.22377020241706574,0.5400295036028947,0.41979991090414737,0.5153958396052659,0.1653299836219825
0.0,0.5,0.1,0.8,0.7,0.5,-0.06384524905531971,1.027590664131003,0.9195504634320977,-0.3201460069373673,-0.5397450843154559
1.0,0.2,0.1,0.9,0.3,0.0,1.8546130246713577,-0.8503379311017808,-1.0285082801219412,3.4043019297298023,3.0170039123943577
0.0,0.1,0.7,0.3,0.6,0.7,-0.23819457168587038,1.3257229986020167,1.2192489226219294,-0.10124045247701853,-0.5540573349232145
0.6,0.0,0.5,0.8,0.4,1.0,-0.22480655893912,1.4020005173852814,1.1298406119156068,2.8295752870010786,2.6050949156859695
0.9,0.3,0.7,0.5,0.5,0.5,1.7007664986990594,-0.7605151694477076,-0.9045599855585862,0.9225274503252359,0.8349912909667085
0.7,0.2,0.3,1.0,0.9,0.0,1.3811129595053027,-0.2724206251922229,-0.5531045791015973,2.5914515713975192,2.50454916484908
0.2,0.4,0.1,0.6,0.9,0.1,1.2773660696634739,-0.26810393989846315,-0.37059715759455353,-0.27044224939593176,-0.49265703971338626
0.8,0.6,0.2,0.4,0.0,0.4,1.342318361732839,-0.46009054236068914,-0.6942256241705075,1.921194870424194,1.7951026768801635
0.4,0.0,0.4,0.5,0.5,0.9,0.5677533817618251,0.43598448662942474,0.10996612954644555,0.300390174688096,0.24491129772593095
0.4,0.6,0.6,0.6,0.9,0.6,0.7578396031539014,0.007576050033600748,-0.08771710799309436,1.2329098520626405,1.1698713442631832
0.0,0.9,0.8,0.5,0.4,0.5,0.21159244827446144,0.7549810203500653,0.47011820471586324,0.5230202722286315,0.3323419212174952
0.4,0.1,0.5,1.0,1.0,1.0,0.5599832901416595,0.4706292914414841,0.2173303291916332,4.076437379569818,3.7854488450413557
0.3,0.9,0.8,0.4,0.5,0.7,-0.11323719199713995,1.0224718106245558,0.9510644519617096,0.6735276974441827,0.7711354284172236
0.3,0.0,0.3,0.2,0.6,0.9,0.34923649997136885,0.7451016681371149,0.5354680261558269,-0.13946154197331337,-0.2912259858209525
0.4,0.9,0.6,0.0,0.2,0.9,0.706315740015992,0.5416989953560716,0.29470896385621326,2.8128361104081843,2.62138998158149
0.6,0.3,0.8,0.8,0.7,0.9,-0.3348400060877132,1.3081533308360553,1.1431647367963254,2.1026181526957846,1.8806151762267067
0.1,0.4,0.2,0.5,0.6,0.4,2.073458432167369,-1.1892872913530288,-1.190126526827813,-1.5955456472431688,-1.6468266764811503
1.0,0.8,0.2,0.1,0.3,0.2,2.157709093738433,-1.220668387307258,-1.2771289890893796,3.3098946450630495,2.96493653238368
0.8,0.5,0.1,0.5,0.9,0.6,0.8055426364976546,0.15946564961463847,-0.024576728001391643,2.4848316805091235,2.2135655899363273
0.1,1.0,0.7,0.0,0.5,0.3,0.5054411732675007,0.6928652610968058,0.5668438122228895,-1.1495500913007333,-1.0981597979346658
0.2,1.0,0.9,0.5,0.6,0.3,1.1972418391665882,-0.19374893992088607,-0.1625060282266403,-0.3037774890588776,-0.3171587769084323
0.0,0.6,0.2,0.3,1.0,0.7,1.3282774597829279,-0.4211211375679915,-0.35354908208426145,1.434749702653674,1.1567847384831513
0.0,0.1,0.9,0.1,0.7,0.7,-1.0542037027145532,1.965110318848022,1.7905071777775023,0.7685436592688788,0.32567921862485805
0.5,0.5,0.5,0.7,0.9,0.2,-0.12019337851530551,0.9884342767193799,0.7124049117242931,1.1570785231006264,0.8251934987582807
0.7,0.3,0.2,0.0,0.4,0.3,1.4828413936742275,-0.5417787653244415,-0.7576304039873629,1.0399677551578788,1.1893894167589694
0.0,0.7,0.9,0.4,0.0,0.1,1.0308761192830667,0.14802974677273437,-0.1893382234535797,1.0196803793757534,0.6881270930930531
0.8,0.7,0.1,0.4,0.6,0.8,1.389402949845396,-0.5957092187165267,-0.6309564977747907,2.9769719099879937,2.4870432313110586
0.5,0.3,0.1,1.0,0.5,0.2,2.0512995857132625,-1.083095225518182,-0.9540618309502968,1.1108437406351548,1.1369532400854294
0.3,0.4,0.1,0.9,0.3,1.0,1.1063207900174379,-0.08907415789428479,-0.2152869566740132,2.332538947621609,2.448361205607069
0.6,0.4,0.7,0.2,0.2,0.1,1.1971301749109815,-0.13459290823310038,-0.23810837344236677,1.4249424381661537,1.1709496870430791
0.6,0.0,1.0,0.9,0.3,0.7,1.016362340414833,-0.09878857593322027,0.027238907487730862,2.9292418109835228,2.7437499996522186
0.3,0.6,0.8,0.9,0.5,0.7,0.1318162309059358,0.8465554210952162,0.7083306305126038,0.7697273663205491,0.7949584118367438
0.8,0.1,0.7,0.6,0.9,0.0,0.5353987968826899,0.3408103543724441,0.2223243324739704,1.538886294726575,1.4826460782945643
0.1,0.5,0.2,0.4,0.0,0.3,1.0037092750238175,0.00876839369563355,-0.07255574043310702,-0.4647184528510908,-0.6436349919194982
0.4,0.5,1.0,0.9,0.1,0.8,0.40546074014991973,0.4480442139411666,0.4189092179981933,2.3925096783320154,2.289877618359978
0.7,0.8,0.4,0.1,0.5,0.6,0.5883680855581973,0.5583256526392603,0.5471702206419062,2.4751705103139234,2.175442763263248
0.5,0.8,0.6,0.2,0.0,0.1,1.0311354752007118,0.014493818558380459,-0.031222050875788332,1.9714477262176404,1.6967074508344728
0.1,0.0,0.1,0.9,0.1,0.5,1.0177776331358406,-0.013762680694133446,-0.10013558180104466,0.8990017022164672,0.9991766346191268
0.1,1.0,1.0,0.5,0.1,0.3,1.7298465589978678,-0.5067824486112738,-0.7672880654282712,0.5965346141539445,0.5396971776551883
0.4,0.9,0.1,0.3,0.0,0.0,0.6513719040109889,0.4679992917815607,0.44621772431466583,1.1918512627001614,1.096049639439726
0.8,0.1,0.6,0.4,0.2,0.0,1.49074764563121,-0.7068743167353164,-0.7448650354844399,2.6758971057008445,2.407525018147701
0.7,0.1,0.1,0.8,0.9,0.9,-0.5074257164102737,1.5080005318083567,1.3083615389984282,3.802067536816475,3.5527618503110165
0.2,0.2,0.6,0.7,1.0,0.6,0.8776433866851366,0.09858168360668315,0.1274101513234061,1.474623453954218,1.0365013022418128
0.6,0.5,0.3,0.2,0.1,0.9,0.032377736386492294,0.6752793355300528,0.7788373451188805,2.348356062953091,2.3482678603826592
0.0,0.5,0.5,0.0,0.8,0.3,-0.6225473907108979,1.6393244673769682,1.5936781749789173,-0.4593092116015925,-0.43926283537369276
1.0,1.0,0.8,0.0,0.5,0.6,-0.0010974460931733945,1.1174885322288368,0.9709872238877005,1.8971900025997663,1.7841702352094735
0.4,0.7,0.1,0.6,0.9,0.1,1.9789596442532744,-0.8873930526387451,-1.051796467800984,1.4824304398760921,1.2397153026359193
0.2,0.8,0.7,0.9,0.7,0.2,1.1561761241829367,-0.21830986969764704,-0.2552905358920332,0.48175840117740626,0.3002904758474669
0.8,0.0,0.4,0.4,0.3,1.0,0.5187737086095897,0.32283725686679654,0.3159991760818641,3.2946694077170875,3.0159017314739276
0.8,0.9,0.3,0.1,0.2,0.2,1.5639265131110949,-0.37826695484342643,-0.5368907456028028,2.7707409478858995,2.5762640608755962
0.3,0.5,0.7,0.2,0.8,0.0,-0.2480820396867354,1.3452649252686215,1.15911776207782,-0.5917608985154539,-0.6947190302291968
1.0,0.7,0.9,0.8,0.3,0.7,0.9661130759626095,0.08398670876835085,-0.07295629770676776,4.617124711349209,4.335740676529171
0.5,0.2,0.4,0.1,0.4,0.7,-0.159934372656933,1.2351037019257238,1.0430727882936142,2.004867924621424,1.6506517461563368
0.7,0.1,0.7,0.4,0.7,0.0,0.3931070937304485,0.43865208487901625,0.45304180983729914,0.5839390862315895,0.7264065252768971
0.4,0.3,1.0,0.0,0.3,0.7,1.0885467874820316,0.10447687739041776,-0.2520164659680782,1.8376375805756895,1.5200297113263712
0.1,0.6,0.7,0.3,0.1,0.9,0.0682562151069722,0.8356321082274039,0.7989667836557249,1.6256490320944506,1.5860351373914148
1.0,1.0,0.2,1.0,0.3,0.0,2.4113091341000255,-1.4053626339204368,-1.509609907959152,3.328984458361378,3.1914749001191955
0.9,0.4,0.5,0.6,0.2,0.4,1.9516083210092432,-0.7373975261028487,-0.9707239688838274,2.3027912246143196,2.305530866048432
0.3,0.0,0.2,0.1,0.9,0.3,1.1939924148162053,0.060259511298400965,-0.09446525617008249,0.24409091945117237,-0.062054860447803895
0.5,0.1,0.1,1.0,0.8,0.7,-0.37749521111558004,1.1332536165269234,0.9204466078700227,2.675642060386844,2.5057816183107904
0.1,0.8,0.7,0.4,0.1,0.9,0.834947879108646,0.18035244446170373,0.12462698197606464,2.1435144443828875,2.0521488450903305
0.4,0.2,0.6,0.3,0.7,0.3,0.5364797706999769,0.4668806900512892,0.3729189838595131,0.3009563393951392,0.23592287548388907
0.6,0.8,0.6,0.6,0.2,0.7,1.7393193870388142,-0.6741663054121013,-0.837847758543308,3.403042803210479,3.092077051050146
0.0,0.8,0.2,0.7,1.0,1.0,1.2926208147321558,-0.09000226234156813,-0.4987238172654132,2.8382929066028026,2.3019947513025434
0.5,0.5,0.9,0.2,0.6,1.0,-0.6352208419810129,1.613763678946262,1.5071235023336875,1.8959715448635674,1.6394274594809515
0.0,1.0,0.1,0.2,0.8,0.2,-0.08942968075659857,0.8432735524592654,0.8692682125930334,0.3736290254356001,0.2563473319008518
0.3,0.0,0.3,0.8,0.1,0.9,0.3226441317541111,0.4106063175882806,0.5533524119843015,1.0056527968410027,0.9053733420242707
0.3,0.6,0.4,1.0,0.1,0.6,0.8635860284095014,0.07619925338603599,-0.1808058044965044,2.0448562919100888,2.0241432425180284
0.0,0.2,0.7,0.7,0.8,0.3,-0.1649760332843946,1.372458251168286,1.3751171985311577,-0.5529172146994121,-0.7022692600538845
0.3,0.1,0.0,0.2,0.0,0.2,-0.4832624920268024,1.3492502396172008,1.2539523504657093,0.27476287454165876,0.1426688389601155
0.0,0.4,1.0,1.0,0.4,0.3,1.2525181449649805,-0.1900600239205932,-0.3690193089642432,0.5326381936621779,0.34771116862718043
0.5,0.3,0.3,0.2,0.0,0.5,0.8714928145923686,0.25267154532608216,0.2101155242011723,0.8651972920031369,0.8076211824582442
0.2,0.2,0.5,0.7,0.2,1.0,0.22781697639008933,0.6754673126780227,0.7185134487135436,2.4495815926465174,2.370402442068749
0.9,0.2,0.8,0.6,0.9,0.1,0.6973265612863985,0.5162784636752655,0.3805714887792624,2.2193901616390552,2.071515515103418
0.3,0.7,0.2,0.3,0.9,0.6,1.2928073382859175,-0.1601667632461581,-0.25845315030201593,1.9727714311103954,1.6362910087896654
0.5,0.2,0.0,0.3,0.5,0.2,0.41796599149613306,0.49904801113918307,0.28203580010218376,0.3672068749972647,0.45549439462230845
0.9,0.6,0.5,0.6,0.0,0.2,1.0218756301424692,-0.19393167393670815,-0.19403072765171792,2.175550085738207,1.8919642985239251
0.5,0.8,0.3,0.5,0.0,0.5,1.3911464120808033,-0.5455084856351413,-0.6119608808295458,1.5028089240169438,1.0914747066496457
0.0,0.8,0.3,1.0,0.8,0.9,0.37226787025934444,0.5780704659977223,0.550821523543515,2.297919023573868,2.180678514612333
0.4,0.6,0.9,0.5,0.0,0.8,0.4232252494594148,0.478986361474131,0.6642173700124159,1.7475116837320641,1.7244240828242146
0.8,0.8,1.0,0.1,0.9,0.3,1.0382877311718433,0.02343323404817351,-0.06996691760953061,3.5591537188340108,3.455820915780762
0.9,0.3,0.2,0.1,0.9,0.8,1.0539878856160212,0.05646820264288106,0.0641654647688834,3.2420760127258466,3.05913929099095
0.8,0.6,0.5,0.2,0.4,0.8,-0.0581886653495297,0.9566026826726608,0.9318206104474553,3.6670622840992757,3.2096103200364645
0.2,0.4,0.6,1.0,0.9,0.0,1.2223019120769536,-0.3399882211439663,-0.34292750698977603,1.0593396309564116,0.7066943955776112
0.9,1.0,0.1,0.8,0.6,0.1,1.2279626038008682,-0.3177989433310523,-0.34415747369246563,1.7342818576339445,1.2690074529106066
1.0,0.7,0.5,0.9,0.3,0.4,1.9635827173483331,-0.8564915617448097,-1.1209088444770354,4.134515544476598,4.085629930308758
0.6,0.0,0.9,0.8,0.3,0.8,-0.21555174620777778,1.0545863787872438,0.9883676263575705,2.8898918974674923,2.882035800871594
0.6,0.1,0.1,0.8,0.7,0.8,-0.5027721805437941,1.2363998273955066,1.3841439894045717,2.221604294278471,1.9991672253189419
0.4,0.9,0.5,0.5,0.9,0.9,0.1639709081029264,0.604159524287808,0.7827769119078533,2.8784825456930148,2.5900813563737386
0.0,0.1,0.9,0.1,0.8,0.3,-1.0373778070512498,1.8498525385897584,1.838776370961159,0.6167121557342016,0.4178907336104412
0.9,1.0,0.6,0.8,0.8,0.5,0.02115533462653191,1.0495422684361664,0.8813991746082283,2.4496929547464843,2.250055921996977
0.2,1.0,1.0,0.1,0.1,0.0,1.010815997118549,-0.04732654654428403,-0.4656243107903176,1.0411919588949647,0.8584651244697753
0.7,0.7,0.5,1.0,0.1,0.8,1.3735263458322824,-0.30656856888683304,-0.5541556848473295,5.141023835338004,4.769267015460229
0.0,1.0,0.2,0.2,0.5,0.7,0.7605755547275239,0.4936554922348897,0.2110730588707417,0.41226734701394385,0.3382813928452353
0.1,0.7,0.4,0.8,0.8,0.2,0.07989973072914952,0.641925412564854,0.5063363264811048,0.5585240202578383,0.26342475655976083
0.8,0.7,1.0,0.2,0.2,0.7,1.579319365397105,-0.4480100059071462,-0.6000283835188209,4.4918966798347855,4.171135598105994
0.6,0.8,0.2,0.9,0.2,0.0,2.816650838012987,-1.6254268668384444,-1.8517107166719864,3.1324853514441413,3.2568732834154983
0.1,0.3,0.1,0.0,0.4,1.0,0.19244353939309056,0.6166139207745753,0.6632577108616688,1.3528855488698595,1.2563165922364312
0.3,0.8,0.9,0.5,1.0,0.2,2.033533116461787,-1.1576986280442396,-1.0523180926620137,1.9569885009094803,1.7925877871467502
0.7,0.2,0.4,0.6,0.4,0.5,0.4595481153960673,0.2481940101766421,0.3032698987114867,1.8303001456068824,1.6079721852825168
0.0,0.9,0.8,0.6,0.6,1.0,-0.14329517754330232,1.159059383584474,1.0179144350213714,0.7858131654466729,0.5054891958360246
0.1,0.9,0.2,0.0,0.1,0.8,0.638070599174147,0.8516014413423199,0.4715227411977879,1.6662535193408385,1.3654704148901247
0.6,0.2,0.8,0.7,0.6,0.9,-0.4836493107909272,1.5636177378540244,1.1546509713208202,1.8102927935820459,1.6460714689639393
0.1,0.5,0.8,1.0,0.2,0.8,0.3911030417258109,0.5823284755037094,0.5462149897656415,2.0412577307747743,1.8695002593957013
0.0,0.2,0.6,0.6,0.2,0.0,1.7502941846410927,-0.7401198144941706,-0.9252603235680106,0.38313752440992266,0.21582140115748222
0.8,1.0,0.0,0.3,1.0,0.6,0.8132105870508315,0.1515369510052437,0.1331074755052847,3.2248416445236043,2.86524283846565
0.9,0.9,0.7,0.8,0.3,0.5,0.7384539917776632,0.3647153719584743,0.18728267204301144,3.0959475620315007,2.9758772083336225
0.9,0.2,0.8,0.5,0.6,0.9,0.6689591735560017,0.35053131507023505,0.44529526038934164,2.187400703462229,1.9088793707391596
0.7,1.0,0.4,0.7,0.6,0.6,0.5171497602531712,0.783175967694895,0.5563402943945067,1.2371263791276506,1.0697390158261297
0.0,0.1,0.2,0.5,0.3,0.1,1.830259806318552,-1.0770006272065265,-0.9614356764248285,0.07912128910311417,-0.19061630564237414
1.0,0.7,0.3,0.5,0.9,0.9,1.8242377058978145,-0.7459147927455027,-0.6516218710391548,3.5202745985650408,3.415554180744939
0.2,0.2,0.7,0.0,0.8,0.0,-0.09289543826305946,0.9429080762014785,0.9103622873246029,-0.390985179107688,-0.8107223937373018
1.0,0.0,0.7,0.2,0.7,0.1,0.37684835530632155,0.500380663757919,0.28092569702212544,0.590988399752735,0.6180006210434567
0.8,0.5,0.0,0.2,0.8,0.1,-0.29009396521473446,1.219122252961311,1.110087590095481,1.3879603274337289,1.028143206135605
0.3,0.0,0.2,0.9,0.5,0.0,1.677354478724098,-0.7098472535816456,-0.7762333173492486,-0.4274639455934937,-0.6586764923274925
0.2,0.6,1.0,0.0,0.7,0.9,-0.08908787202203508,0.9839928339825434,0.7263613586656189,1.0616777487384537,0.619380339608629
1.0,0.9,0.3,0.7,0.5,0.3,0.9325563878061447,0.29120312745201304,0.03284407830007385,1.3515164936300788,1.1768517500109894
0.1,0.3,0.4,0.4,0.6,0.8,0.6629826721646714,0.1799715450900248,0.16232560334514248,-0.10544038841071143,-0.5554894580361857
0.2,0.9,0.5,1.0,0.8,0.5,-0.04997349761436477,1.0610756689221585,0.8379378695763772,1.9460869619198289,1.9051504444565726
0.7,0.0,0.9,0.3,0.3,0.2,0.6227092862733375,0.6071254583767318,0.3297796435920451,2.3350018370557737,2.246605397438451
0.5,0.3,0.2,0.4,0.5,0.0,2.208950612499174,-1.1442471686444857,-1.2909817349350619,0.16938617813286394,-0.32998545795311307
0.2,0.0,0.3,0.9,0.8,0.0,0.7042568762204258,0.09292353645730911,0.3249198476023981,-0.5527843388204513,-0.8295163377994376
0.3,0.1,0.3,0.3,0.8,0.5,-0.42222528811228677,1.4043571393006735,1.3474128269052574,0.30094826321015183,0.07614531482143005
0.0,1.0,0.8,0.1,0.7,0.3,-0.10805671495284971,1.1913356161330557,1.0766866060832763,-0.3370693919612102,-0.6786648781216711
0.8,0.9,0.1,1.0,0.4,1.0,0.5359974732903965,0.28744104646008223,0.4007674460366949,4.880879794301908,4.740825394226743
0.5,0.1,0.6,0.1,0.9,0.6,-0.11928379109201,1.1564191736694835,1.1223873958327422,2.3601262708086925,1.9585336633940968
0.5,0.8,0.3,1.0,1.0,1.0,1.8772175959079827,-0.711962111615104,-0.8161244820196958,4.517732238641726,4.2451382214297455
0.9,0.0,0.7,0.9,0.7,0.4,0.7383020307966188,0.3924431763628252,0.021714016508597805,1.14886537116339,1.2699380578548527
0.9,1.0,0.6,0.9,0.9,0.3,1.0039781543040096,-0.034877353921889516,-0.21133201107980443,3.4237422016008603,3.130318387689631
0.4,0.2,0.2,0.5,0.4,0.2,2.072927329024832,-1.0081000326437326,-1.1256355202679005,0.2873543270608996,0.097187413348247
0.3,0.9,0.1,0.5,0.9,0.3,1.2705323754284878,-0.34787284966774357,-0.23490709268785004,1.2001738239447122,0.8430755005417032
0.9,0.5,0.7,0.6,0.2,0.8,0.917872153022246,0.21620066691466766,-0.06041078998056118,2.7640545060500736,2.218758285698955
0.2,0.0,0.4,0.5,0.7,1.0,0.507626390571966,0.6960207790432782,0.7708877212008314,0.09985264747588997,-0.15961641578949654
0.2,0.2,1.0,1.0,0.2,0.0,2.173010919301884,-0.8928836155700652,-0.9876223620377081,2.0207092629107914,1.882031154750849
0.9,0.2,0.2,0.3,0.0,0.8,0.2672541546255407,0.6180425870042526,0.7417993589599178,3.2757369531255796,3.0857512729701657
0.7,0.0,0.4,0.1,0.9,0.6,-0.048220977807368545,1.0995712309949344,0.9771564195018874,2.1893160451613465,2.068888916584701
0.9,1.0,0.3,0.2,0.0,0.3,0.61035895417572,0.33907013990230495,0.3572178089814646,1.817052009298163,1.612728800007906
0.3,0.8,0.3,0.9,0.2,0.3,2.207159640700485,-0.9988625442101009,-1.2478626766054968,1.9088075413886942,1.905839430826854
0.9,0.7,0.6,0.7,0.8,1.0,0.3487673979543524,0.747473281268167,0.7228065500956865,3.903626358644579,3.78934647441012
1.0,0.6,0.4,0.6,0.5,0.1,1.3476211597021037,-0.45759548710004283,-0.39869012853698566,1.0451321323493663,0.7410496008470966
0.3,0.8,0.4,0.3,0.7,0.6,0.19229191219256092,0.9268121857498707,0.6792716584861601,0.9205601961229435,0.8792195843712459
0.1,0.8,0.8,0.7,0.5,0.3,0.3841214696795702,0.6312838032229088,0.5121912958555321,0.1599024673219684,-0.1226053912104805
0.0,0.7,1.0,0.9,0.3,0.9,1.352971311001532,-0.21971076546796475,-0.36290794436502205,3.0571254243927677,3.052897059660336
0.5,0.9,0.5,0.5,0.4,1.0,0.2965838889969151,0.708211521444874,0.5878225478331638,3.1031719907435003,2.7746135808369057
0.3,0.6,0.3,0.0,1.0,0.5,1.3008351270942122,-0.4193846936461522,-0.6188508041344821,0.6738063171486128,0.4789718909237517
0.4,1.0,0.0,0.3,0.1,0.8,0.14491083815350553,0.7720921810412504,0.7893821914303242,2.1546507829907036,2.058266453320125
0.0,0.5,0.0,0.3,0.6,0.5,0.3103778740081017,1.0127504657029023,1.0463210364264957,-0.9451248778946277,-1.3672672160590844
0.7,0.7,1.0,0.0,0.4,0.2,1.4532808457567183,-0.34142178141369406,-0.37169282716407653,2.4477678341149516,2.4040771444345888
0.0,1.0,0.8,0.6,0.7,0.2,0.44773640665725545,0.6882062174298235,0.7470678539268703,-0.9820310848823248,-0.9738465580903248
0.6,0.7,0.1,1.0,0.2,0.8,2.1215715404502644,-1.136362090891884,-1.0445702019154306,4.722056704866514,4.434411727694213
0.9,0.3,0.4,0.2,0.6,0.3,0.9832372994690306,0.009874490959791232,-0.20265081316613298,1.3324542475857784,0.9556588924895876
0.0,1.0,0.8,0.7,0.6,0.0,0.42223853489292307,0.6799855654628009,0.7559580454483337,-1.114858143328706,-1.1137585481848853
0.0,0.4,0.6,0.4,0.5,0.7,0.7257954347365613,0.3143133102236594,0.3174821457391321,-0.3673569423391154,-0.6039103984874504
0.7,0.4,0.9,0.2,0.4,0.4,0.09957592677532788,1.0007950613750904,0.7832865414649599,2.07501511023526,1.9097145782143077
1.0,1.0,0.1,0.6,0.6,1.0,1.02624392708841,-0.038388310955551064,-0.030263591648521576,2.683932828518405,2.642512368813684
0.8,0.5,0.4,0.2,0.1,0.2,0.3637257459282492,0.6443444980167468,0.7672677763166367,2.2315117134767313,1.9789623555401725
0.9,0.2,1.0,0.5,0.8,0.1,1.1475000975137208,0.09780181053074122,-0.2554209308512211,2.1585986733001263,1.7462649196532456
1.0,0.8,0.4,0.0,0.7,0.3,0.8136543123346401,0.26095278585205645,0.4462330621125373,1.9347111304484164,1.9627888780922276
0.0,0.5,0.1,0.6,0.2,0.0,1.6874933099989107,-0.47941126822828584,-0.8339687814747664,-0.08567679742834551,-0.13846663791747088
0.6,0.2,0.2,1.0,0.3,0.3,2.145330572341151,-1.0271176231896404,-1.1029837108541078,2.8836130556565185,2.771966355691651
0.1,0.7,0.7,0.7,0.6,0.6,1.0073546367026618,-0.03854869807520765,0.03350237012217637,-0.2145908355362009,-0.41812067453090696
0.0,0.8,1.0,0.5,0.5,0.5,1.5218496773269672,-0.4591886634388768,-0.5727036557028091,0.616819629550013,0.2810539651249947
0.3,1.0,0.3,0.4,0.5,0.0,1.5662317683262486,-0.7246649364969313,-0.6694025967418015,-0.843881578328699,-0.9817180720948585
0.9,0.5,0.3,0.8,0.5,0.2,0.776389530550697,0.08145239732684245,-0.08644840354619267,0.568990296357677,0.46226252226692915
0.2,0.4,0.8,0.1,1.0,0.4,0.7042972099734296,0.47213546330718126,0.3075760517595695,0.49301539929255367,0.15607014654575896
0.4,0.8,0.8,0.3,0.3,0.2,0.9621098444741577,0.07379426096528319,-0.11838071623497595,2.1207727647493972,1.64543259063193
0.6,0.2,0.9,0.5,0.8,0.5,0.05183260613732732,1.0007885432760733,0.8512941006645338,2.0406266206586072,1.969818388160363
0.2,0.9,1.0,0.3,1.0,0.3,1.1686746718792445,-0.21508822830420316,-0.3217355325382444,1.7507986095693697,1.3740099758211266
0.2,0.0,0.9,0.2,0.1,0.4,0.008258469153935535,0.8616436072577848,0.7814585570644426,0.8626295412585938,0.9202578391508048
0.9,0.5,0.5,0.4,0.3,0.8,0.5149954212638662,0.443801312574607,0.31886247605211226,3.261800835474536,3.216468851167909
0.1,0.4,0.0,0.0,0.8,0.2,-0.15004355349811,1.24015360719762,1.105653909200155,-1.0029101386493282,-1.0853198916094633
0.5,0.4,0.9,0.4,0.2,0.0,1.4990415491387343,-0.3703223892723847,-0.667692922230853,1.439959616140365,1.2163031979763368
0.4,0.7,0.5,0.9,0.8,0.1,0.9989478566365728,0.10644291599859224,-0.054232343949303125,1.8556386977105856,1.6673281401011018
0.1,0.6,0.7,0.8,0.9,0.4,0.10916642721629624,0.5744068144086939,0.6590751170145895,0.43554588108124476,0.37091660159672185
0.6,1.0,0.1,0.6,0.3,0.5,1.4823900339223512,-0.5279365945460711,-0.5392307412427114,2.134650082256745,2.1500731400734168
0.2,0.5,0.6,1.0,0.0,0.8,0.2774330864775704,0.9216326305791875,0.7132772863608907,1.621391461007064,1.4866712533897777
0.7,0.2,1.0,0.0,0.5,0.2,0.6298381764975467,0.2687534394648259,0.02438675797736778,1.5061734942093064,1.4116038866243186
0.4,0.3,0.5,0.1,0.5,1.0,0.270568511037682,0.6377775163538147,0.5147311791995445,1.9159282042810462,1.6384092496899478
0.5,0.2,0.1,0.7,0.4,0.2,0.7872891549675013,0.19840840760615508,0.1501102378134066,0.9735848312625879,0.8335230027025428
1.0,0.1,0.2,0.4,0.8,0.0,0.8882261126678148,0.007438509713288105,0.24377090392483405,1.790053989064928,1.6329653888325686
0.3,0.4,0.8,0.2,0.1,0.3,0.38238359683634027,0.8908447868669079,0.5483976687655499,0.6877869135761442,0.38931543966846666
0.7,0.0,0.7,0.5,1.0,0.1,2.0016575756819055,-1.0031623698773773,-1.0977923355870007,1.3673032393510376,1.203857755467964
0.5,0.1,1.0,0.2,1.0,0.2,0.9262217883932081,0.18161533338099634,0.11831262345294002,2.2529050645126847,2.1192188545961033
0.4,0.2,0.5,0.4,0.7,1.0,0.02887183578257979,1.0959206691798586,0.8833825291918036,2.214272450158887,1.7286946873783056
0.5,0.8,0.1,0.4,0.0,0.2,1.3307165200502338,-0.48859844904124056,-0.632894109135327,2.0453554394275066,1.705115285487146
0.6,0.2,0.3,0.9,0.0,0.2,0.8583934425652456,0.13846653308451795,-0.2059877705756341,1.3796032386754817,1.6028693925654203
0.3,0.4,0.4,0.4,0.7,0.9,0.004174769762047691,1.0080626522587348,0.7965986735290315,0.09059926788451027,-0.08950759904387608
0.9,1.0,0.1,0.6,0.5,0.4,1.5396157910746493,-0.3729725874795358,-0.49255752731439595,1.6456670331040666,1.4938259581725064
0.3,0.8,0.8,0.4,0.2,0.2,1.5763855908062927,-0.41592626871925076,-0.5609403156767145,1.7932635734847377,1.4501782398233265
0.9,0.8,0.3,0.4,0.9,0.5,1.3927823513956699,-0.30317513026407406,-0.26908705495363106,3.067251274548286,2.882504961107308
0.0,0.9,0.2,0.4,0.6,1.0,0.9957599486840419,0.26159379191529863,0.2240916867545689,1.2130387777142455,0.5846119428937783
1.0,0.0,0.2,0.7,0.3,0.5,1.5056534889505553,-0.5659697362247765,-0.43459468382033273,1.9777201357821967,1.8424175269408005
0.3,0.5,0.4,0.8,1.0,1.0,0.08697036182963684,0.8580326211216751,0.8428510763936505,2.0143338045704398,1.827566662836612
1.0,0.7,0.2,0.0,1.0,1.0,2.027010871139484,-0.897616234870359,-1.2141115202227166,4.652755060247467,4.253334723791548
0.0,0.6,0.9,0.1,0.0,0.5,-0.19318148235940713,1.1810756845569323,1.1485638504540518,0.9098934456517191,0.7933691562426689
0.2,0.2,0.2,0.3,0.5,0.9,0.4203831593981455,0.6269416214545916,0.40908841864486845,0.9224798560568416,0.866445598194729
0.7,0.1,0.8,0.7,0.9,0.3,-0.46608618681622693,1.4031270082269236,1.4422652379828313,1.9726215997018777,1.8508563963161695
0.0,0.3,0.9,0.4,0.1,0.6,0.6459548045962366,0.22698979265653657,0.10203059694717267,1.4038203574232233,0.9981670045833793
0.9,0.4,0.6,0.9,0.4,0.9,0.6752023305056295,0.23368158702547873,0.18994916941008552,3.215694790665709,2.9923288416551035
0.1,0.3,0.0,0.0,0.7,0.1,0.6716676203103851,0.2726889534465058,0.2423313638539358,-1.2913028889313458,-1.631846777649326
0.8,0.7,0.2,0.1,0.4,0.1,2.061605008083771,-0.9405089966486696,-1.2024559036004006,2.583255174315601,2.164061151247431
0.4,0.9,0.4,0.8,0.6,0.7,-0.029577595735052628,0.9429253237851168,1.0955533245281257,0.995316794598767,0.6532118718340122
0.8,0.3,0.5,0.6,0.7,1.0,0.5179269307952353,0.44034803492634195,0.40366088935698535,2.6218640707640426,2.4271701163285844
0.8,0.3,0.0,0.5,0.4,0.1,1.7712514758321067,-0.9456442765745702,-0.7645641279204458,1.21823450252715,1.0407525886926956
0.7,0.1,0.7,0.4,0.0,0.8,-0.1841315604726802,1.1400022679031558,1.2354462893468412,2.334889456227573,2.307542768988183
0.9,0.7,0.3,0.9,0.4,0.4,1.8928928848994655,-1.0017984719297715,-1.183257069499005,2.884697112508977,2.7071428480389894
0.3,0.0,0.3,0.7,0.5,0.7,0.3446628850922877,0.5000430216683704,0.42058096038008774,-0.7692721558589145,-1.0939429772575582
0.6,0.8,1.0,0.2,0.1,0.9,0.6391341424795524,0.40593999929413316,0.24925151410477447,4.413446107581059,4.249202514543775
0.2,0.6,0.4,0.7,0.7,0.6,-0.054140852407992726,1.1831042499238973,1.0726504219490864,-0.28490587913024584,-0.33845224629299203
0.2,0.2,0.6,0.2,0.4,0.3,0.7902992432377749,0.42083322398834494,0.24983815358711228,0.5984948720596361,0.3977099324649676
0.9,0.4,0.0,1.0,0.9,0.3,1.1707468450450744,-0.02999646345424311,-0.0988736742837008,2.739934373997656,2.375058991479826
0.9,0.7,0.8,0.9,0.5,0.7,1.0172575864683897,0.02170950989622361,-0.07276035948124726,3.4480237451625744,3.1217893814211437
0.4,0.4,0.0,0.6,0.1,0.8,0.8774746393776323,0.32052686699217187,0.3473428756752195,0.9981822048676334,0.8746467249448988
0.1,1.0,1.0,0.0,0.7,0.2,0.44289808853061424,0.6732900678479717,0.37111504775018156,-0.31829758174218176,-0.4677191771191845
0.8,0.5,0.2,0.1,0.0,0.3,0.8816757799717114,0.2934688026023657,0.021253451867154882,1.3895248286281763,1.392279339930141
0.9,0.7,0.1,0.5,0.2,0.2,3.145786434602648,-1.9522091445438206,-2.189700910472243,3.3844097805424553,3.193231798222126
0.0,0.4,0.6,0.0,0.6,1.0,-0.02790377402801683,0.9185822242203074,0.7312100843032765,0.35449807324502086,-0.03933416563111977
0.3,0.4,0.8,0.8,0.7,0.8,-0.7546037158962781,1.3786587251062734,1.371150831292207,0.2758106977079801,0.10103192508079717
0.3,0.3,0.4,0.7,0.6,0.3,0.9745799541370705,0.0975825418487795,-0.05570064628117746,-0.9911447372192741,-1.0768955190191676
1.0,0.3,0.7,0.3,0.3,0.6,0.9808478794123702,-0.09610044412738705,-0.1685789612583543,2.5571716337798227,2.617943685984345
0.0,0.0,0.1,0.5,0.1,0.7,1.163494370051069,-0.19105356269639368,-0.33535047591117095,0.4413233470349871,0.6011282137169207
0.5,1.0,1.0,0.1,0.9,0.9,-0.04949954704567134,1.1210877396345358,0.925117005260641,3.2465822635156383,2.8567298661623024
1.0,0.9,0.2,0.0,0.2,0.8,1.1614543714871912,-0.31903525820455814,-0.31822851970582,3.8619311030193297,3.682305153622722
0.8,0.9,0.7,1.0,0.8,0.7,-0.1599123041519953,1.049173390096641,0.6829388918805348,3.6941119023221844,3.4517118440891386
1.0,0.3,0.0,0.9,1.0,0.8,1.4180110313955578,-0.5942161884866061,-0.5821601864620694,3.6180824484668874,3.5539981170865333
0.1,0.5,0.2,0.3,0.5,1.0,0.19247033419829498,0.6296778583889959,0.738904669307263,0.7129931274377443,0.49123015450040386
0.3,0.1,0.2,0.1,0.0,0.9,-0.020832194898298434,1.2095397341912564,0.992486016207263,1.6652236676042333,1.3239697170366085
0.5,0.8,0.4,0.5,0.1,1.0,1.0044496929140474,-0.1300987458755366,0.0026790167662907594,3.5685474902913685,3.0524728230257376
0.5,0.9,0.1,0.0,0.2,0.7,0.6403482422353333,0.3053253727351346,0.09232884555532156,2.9144915042034714,2.77920964619442
0.1,0.0,1.0,0.5,0.0,1.0,0.4549450009055621,0.5657366983695081,0.6057840678945254,1.079173987652847,0.7430352305674787
0.5,1.0,1.0,0.9,0.1,0.7,0.705576340078305,0.22079439707600496,-0.011872425104051378,3.1968743731755196,3.1168097118172398
0.6,0.5,0.0,0.9,0.7,0.2,0.3325529218621545,0.7107384137069183,0.5264333081487864,0.7541152312903162,0.4959373430712683
0.2,0.6,0.1,0.9,0.9,0.0,1.4168864506827337,-0.2253800864606575,-0.3672526325482389,1.2945242743357654,1.0280533696032157
0.5,0.5,0.1,1.0,0.0,0.2,0.9418642631396951,0.07883265322745281,0.012249710781038911,1.7441295505784473,1.7294997035128383
0.6,0.0,0.7,0.4,0.0,0.5,0.48647081775021356,0.7201474025134068,0.16379590994138693,0.966216560237609,0.7541146312185628
0.2,1.0,0.3,0.5,0.5,0.8,1.1423962810343158,-0.0009849277121698752,-0.26894617231291884,-0.04915922920953272,-0.2251527354558311
0.3,0.1,0.4,0.0,0.2,0.8,-0.09169894752597055,1.0769860374734193,0.9942421288140612,1.5548558090809292,1.418378194081453
0.3,1.0,0.7,0.8,0.7,0.0,0.4990653925993564,0.3772225702308465,0.3202764798038008,-0.6266810680105632,-0.6011511373721894
1.0,0.5,0.7,0.7,0.9,0.1,0.4230838254457499,0.4768784384914758,0.5573932901017146,1.4723427795473973,1.1298191318159525
0.6,0.9,0.0,0.7,0.2,0.0,1.2042195129731854,-0.06676876540522766,-0.09339337173404794,2.260658274606432,2.00347424083235
0.9,0.8,0.7,0.1,0.9,1.0,0.09542061332465318,0.8477093183597182,0.7943226501960385,4.625128740274929,4.260617959495758
0.8,0.1,0.4,0.7,0.2,0.5,0.5390090866337521,0.6607850981175566,0.5965538608809158,2.7369236474198315,2.443730949665812
0.3,0.9,0.6,0.9,0.6,1.0,0.5474569956832254,0.6130905357987408,0.4275645533526144,1.8592580102796432,1.753410601336186
0.9,0.8,0.0,0.5,0.6,0.5,1.846062565732326,-0.6160907674129108,-0.752932514761243,1.9403769733855716,1.6728683647221987
0.8,0.3,0.8,0.4,0.6,0.2,1.2317501137047098,-0.1804580166502669,-0.2214575730456628,0.8555266023059188,0.9436354693363838
1.0,0.1,0.2,0.3,0.9,0.3,0.7888174964550756,0.3366771903752402,0.1252716906353742,2.690276259834985,2.6144041312889867
0.9,0.2,0.6,0.7,0.6,0.4,0.8005512307952765,0.11862250148344688,-0.1020966286508529,1.5415086132375018,1.4248862813186425
0.1,0.1,0.7,0.9,0.2,1.0,0.4269987530921855,0.6110582642842718,0.4122853359375023,2.436723154329343,2.2391586932877745
0.4,0.5,0.8,0.8,0.3,0.1,0.27564591784858106,0.6208110983592176,0.39254238957127746,0.5219677566907501,0.4245972243718018
1.0,0.3,0.2,0.0,0.3,0.4,2.0258168353704393,-0.955733097192475,-1.1874168080772693,2.393468707458813,2.0907331040741286
1.0,0.3,0.7,0.0,0.7,0.7,0.477638191420112,0.7609220087920425,0.510938946383858,1.5153394862650562,1.2053738910332044
0.9,0.3,0.2,0.7,1.0,0.6,2.049698796304281,-1.0670374055371041,-1.040365645639196,2.595132734033712,2.49474082125185
0.8,0.3,0.8,0.0,0.6,0.5,0.4831774353026316,0.6570790382912771,0.3450022860068,1.3048766289532012,0.9154601944304488
0.0,0.9,0.5,0.1,0.7,0.0,0.08596035211919659,0.8614142959169699,0.7899151072140506,0.3874526553064609,-0.20087951277675767
0.6,1.0,0.9,0.8,0.0,1.0,-0.7673610671636613,1.7039989090832677,1.5566838010379702,3.645267999407131,3.6143152770983664
0.8,0.2,0.2,0.4,0.3,0.9,1.3786982936627448,-0.46910998760826245,-0.5707305493986324,3.6611768348923364,3.4806015848384195
0.9,0.1,1.0,0.2,0.7,1.0,-0.28440031869514226,1.4845129244514739,1.486535348814441,3.4716908897038077,3.2719116486130924
0.0,0.1,0.8,0.6,0.8,0.5,-0.8323225911557948,1.757636011539025,1.820748887478377,-0.07960713180323531,-0.5005514747751405
0.1,0.0,1.0,0.2,0.9,1.0,-0.4248237029779589,1.2933505643151464,1.3332985191664455,1.8440869186913529,1.6240656089341303
0.2,0.6,0.0,0.3,0.7,0.0,0.35970179288806364,0.5643493444178906,0.6316076437623951,-0.6470634374394237,-0.6899541645826012
0.6,0.7,1.0,0.3,0.5,1.0,0.8537994861161375,0.2695726531437071,0.10682467336366869,3.731910620179194,3.3791911832795787
0.7,0.8,0.5,0.6,0.8,0.8,0.15034713321537085,0.9657478892609953,0.7265832578454097,3.290838245812505,3.2025566756882826
0.5,0.3,0.5,0.4,0.5,0.5,1.0977287563603912,-0.03521966069577111,-0.09661409797677739,0.8493469552911047,0.536954622911715
0.0,0.2,0.4,0.6,0.0,0.9,-0.07698870992926339,1.1836805050219177,1.2628219628135753,0.8607886195222463,0.617760773405145
0.2,0.0,0.9,0.5,0.5,0.6,0.5555278991530497,0.44585222057527896,0.592763216559594,-0.010496034239126956,-0.6417810157278369
0.9,0.4,0.8,0.8,0.5,0.7,-0.019783077997460666,1.0524215703555446,1.2163777981909378,1.7337114718903612,1.6833921578383455
0.8,0.5,1.0,0.1,0.3,0.8,0.3965491786169456,0.6779088516635697,0.48852148714220256,3.2439419335942947,3.1421813447093285
0.6,0.1,1.0,0.3,0.7,0.4,0.08300689062665684,1.0661130032035848,0.9886457474563057,1.4354514061681014,1.465110875075465
0.2,0.9,0.2,0.4,0.7,0.1,1.3904366767108982,-0.2678001723663293,-0.34967442161099027,-0.2899874894792086,-0.5949416839584389
0.3,0.3,0.5,0.9,0.3,0.6,1.2762896569324795,-0.3647401283014728,-0.2964951231234256,2.07437370469807,1.895871898433872
0.6,0.0,0.8,0.7,0.4,1.0,-0.6540426258125559,1.5052164307177751,1.651830375949742,2.287287730894457,2.0972446517658505
0.9,0.3,0.1,0.0,0.0,0.4,0.9653794141510367,0.18439685024306424,0.10451348057994501,1.9583709278851351,1.7516031905526313
0.1,0.8,0.1,0.7,0.2,0.4,1.7071096335244684,-0.5254569850214041,-0.556090121326218,1.6660505566825223,1.48067427337723
0.1,0.3,0.0,0.2,0.0,0.8,-0.17685570025860545,1.2498716145753892,0.9640323863186058,0.7685968608947096,0.6375331306581018
0.6,0.8,0.6,0.9,0.9,0.0,1.3958238733833837,-0.5449041552989078,-0.6552314235656743,3.094514854148586,3.0279432185909734
0.6,1.0,0.6,0.2,0.5,0.8,0.07026769558490326,0.880567641090362,0.7670051745993162,2.415510145381187,2.1719982426902944
0.6,1.0,0.2,0.0,1.0,0.3,1.9151267602967423,-0.7044603195001009,-0.9037740692972034,2.0466823266596252,1.6994235934563269
0.2,0.3,0.1,1.0,0.7,0.2,1.6616879435160044,-0.6433127790801322,-0.7262290407191216,0.5000645860804813,0.21144242323816714
0.5,0.0,0.0,0.8,0.5,0.4,0.5438406182113384,0.7548166119890019,0.597773155310708,-0.025418698517917705,-0.14433120911247643
0.4,0.1,1.0,0.5,0.1,0.3,1.221734196841471,-0.40370984951957756,-0.3598195280658561,1.198826819494618,1.0406301708798507
0.5,0.6,0.8,0.8,0.1,0.0,0.4858074993485453,0.37535045734481143,0.3360594925971368,1.7429590680675213,1.3643272705238825
0.8,0.1,0.3,0.4,0.4,0.5,0.7507388479989157,0.3521596017419705,0.1987559512668878,1.7514471365813482,1.5543394378475297
0.5,0.9,0.5,0.7,0.0,0.5,-0.20262183654872473,1.1688226966720436,1.0895405741418556,1.9633116560614374,1.6683815754900109
0.6,0.9,0.7,0.7,0.7,0.7,-0.4508682869566598,1.4098888949817734,1.2219117764861775,1.5301195260428928,1.5322968491167654
0.8,0.5,0.4,0.1,0.5,0.4,0.19143932528475355,0.7591200477151739,0.5830064589136711,0.9028553616569145,0.8739540752561724
0.1,0.4,0.2,0.5,1.0,0.8,2.1475038512962783,-0.8768084589181507,-1.166103659606246,0.5142447668584573,0.2309616125089618
0.1,0.6,0.0,0.9,0.1,0.8,0.7011608433410723,0.3573131482124451,0.3234760055409149,1.8866772328245616,1.6178314815721304
0.4,0.3,0.0,0.8,0.1,0.7,0.5998085654625783,0.32247029492995316,0.23428989285312843,1.6895424440172595,1.394276790033175
0.1,0.5,0.5,0.3,0.6,0.7,-0.2657499724996898,1.3844688623145176,1.1266451371639086,-0.07866510883435139,-0.17457317683036233
0.2,0.6,0.1,0.2,0.3,0.7,0.6671566572823024,0.4106347284954707,0.0953728044231685,1.9609417572853873,1.4829884658250576
0.9,0.6,0.6,0.0,0.1,0.3,1.1659380348540118,-0.16074417441149166,-0.3131000608956144,2.430900744068361,2.482132482963556
0.2,0.3,0.0,0.0,0.2,0.3,1.420511710285982,-0.29417466530158276,-0.5037055717920472,0.17445013485684638,-0.18755875450595713
0.1,0.5,0.2,0.9,0.1,0.0,1.4006430091456348,-0.5435384345398832,-0.6055246725044838,0.38117754566390544,0.25757667733538614
0.1,0.2,0.7,0.6,0.4,1.0,-0.006269867123609163,0.7538153764456451,0.6089980674743886,0.9373149647442064,0.9007947203384294
0.0,1.0,0.1,0.3,0.1,0.5,0.6128541496562717,0.5295379212896992,0.39411285311912503,1.1469160681309487,1.2071476973807207
0.2,0.3,0.2,0.7,0.1,1.0,1.0285259364119859,0.0345378934186752,-0.14691292040203074,1.5686379453680857,1.4514448063014056
1.0,0.8,0.5,0.9,0.9,0.7,0.6999843147350429,0.3218826348320101,0.2851428161138937,4.9034666889039125,4.661268046753367
0.1,0.0,0.5,1.0,1.0,0.9,0.713048162580068,0.18354361314756223,0.06031147049977687,2.37777057535187,2.4126998537237583
0.0,0.2,0.3,0.0,0.1,0.6,0.42057607506446626,0.6911074900404505,0.4206578719058969,0.5035944045785472,0.2929000446075902
0.6,0.1,1.0,0.1,0.7,0.1,0.18351055616035883,0.8421286974365075,0.9627415796510996,1.2220159373017063,0.9914215939911126
0.0,1.0,0.2,0.6,0.5,0.3,1.4722709821940418,-0.6096822511294633,-1.054311016601993,-0.9567147132759397,-0.9466953499694155
0.6,0.7,0.3,0.6,0.4,0.0,1.9958253126769097,-1.2457287130062207,-1.183392112994976,1.2557307929104669,0.8974999084181443
0.3,0.2,0.5,0.2,0.7,0.3,-0.06795920861192248,0.9088062563208635,0.6890204824635755,0.44980023187106466,0.1599559138786325
1.0,1.0,0.6,1.0,0.1,0.0,1.7921909832101341,-0.7515808053358656,-0.8215012058454639,3.2791306062835237,3.5223695939942763
0.9,0.1,0.1,0.0,1.0,0.3,0.9946801737474169,-0.12754870612045632,-0.06870485022181812,2.811715142295899,2.7087707509684487
0.6,0.1,0.8,0.7,0.7,1.0,-1.4838242097658132,2.332096038200975,2.0422087658405594,2.114138881503962,2.0469980278161217
0.2,0.9,0.6,0.4,0.3,0.7,0.6940655169018379,0.18177656241842108,0.3330174945789005,1.8454810542836575,1.6311395531102517
0.3,0.7,0.3,0.3,0.5,0.1,1.5546113941412139,-0.7987577216925483,-0.8637111184389203,-0.16399016178781642,-0.39391346563347607
0.5,1.0,0.3,0.2,0.5,1.0,0.13652517935028324,0.8813649193806047,0.6245120574191462,1.9102525256315348,1.6212619269632653
0.1,0.3,0.1,0.0,0.2,0.6,1.3685002963929542,-0.34665711919676906,-0.39736523535985463,1.1087539449038282,0.8829195357758054
0.0,0.5,0.9,0.1,0.2,0.0,0.497332772445821,0.36776199133376225,0.39982948348926495,0.7177343624573514,0.5982873629094313
0.6,0.3,0.7,0.4,0.2,0.1,2.094506701596442,-1.1919827095634599,-0.9151484683646985,1.516313424442156,1.5357498482266183
0.2,0.1,1.0,0.8,0.1,0.3,0.6073630063164629,0.7220735907003849,0.3948046922899185,1.1764746415645138,0.8983294315233828
0.3,0.1,0.7,0.2,1.0,1.0,0.0637838812899057,1.0871116351923602,0.8279397021172459,2.343742145349654,2.117843571823658
0.8,0.4,0.9,0.4,0.0,0.0,0.9095389422607387,0.3108832313064764,0.24676836447258577,1.6954807144139679,1.7031425547497785
0.1,0.3,0.2,0.8,0.4,0.9,0.6910818354032684,0.22566336946623636,-0.023108139617102397,1.1122135948906988,0.6864148324679576
0.8,0.6,1.0,0.5,0.3,0.4,2.2406716806835334,-1.0614201411941266,-1.0540857802474641,2.800752431764241,2.442749839715903
0.8,0.6,0.6,0.4,0.8,0.1,0.9198033475799497,0.17210722697671024,-0.02559863922881587,1.9519974934683628,1.762924139933542
0.6,0.8,0.8,0.2,0.8,1.0,-0.8958442774682751,1.8648221511882366,1.7645455106679984,3.7969963770209385,3.6760679829036147
0.3,0.0,0.8,1.0,0.9,0.4,0.2873840851690148,0.7756490410031336,0.3375701330967025,1.140355413404626,1.201666867173495
0.9,0.0,0.0,0.5,1.0,0.6,1.3453931401871158,-0.6920891790784567,-0.8539747003383116,1.982286407853932,1.938364459632269
0.3,0.8,0.8,0.8,0.7,1.0,-0.453220549479114,1.4770375942171532,1.464217245794052,2.113245499751403,1.909387410756686
1.0,0.4,0.6,0.2,0.6,0.3,1.2221369001530646,0.02494439360421563,-0.261783413011143,1.0077304544064576,0.9819064442838402
0.0,0.1,0.8,0.5,0.5,0.8,-0.1547509161047752,1.3168059498378992,1.1711988150744148,-0.013290269652916353,-0.011164082767145707
0.3,0.7,0.6,0.6,0.2,0.4,2.641670521361698,-1.3750034414652983,-1.5768066653429744,1.4102884901792259,1.4323083604348417
0.9,1.0,0.2,0.3,0.3,0.1,1.7724340016932736,-0.6352812996231652,-0.8466608974914462,2.6379438353128855,2.3305584277382705
0.8,0.8,0.4,0.2,0.4,0.2,0.7447313157342277,0.38604681998079926,0.13376577708736745,2.723600901118763,2.5687705793489854
0.0,0.3,0.5,0.5,0.2,1.0,1.3868253949287745,-0.6352137072077118,-0.5249038425976683,2.145367917416559,1.8313501238888013
0.7,1.0,0.2,0.6,0.9,0.0,1.6782292835853456,-0.8025596833678181,-0.7900236058017575,2.0090076810358037,1.5393394219374759
0.1,0.5,0.0,0.1,0.7,0.3,-0.12256227133180148,1.2313991895949727,0.944780707779961,-1.138825048968813,-1.275938891955963
0.9,0.0,0.2,0.1,0.4,0.0,1.383413290019912,-0.39863177362664565,-0.4381256054606391,1.411101242875449,1.1559810977973
0.2,0.0,0.3,1.0,0.7,0.9,0.6560637710812292,0.4829095330577839,0.3650831552500335,0.5926304036898838,0.31385352649897424
0.2,0.4,0.3,0.4,1.0,0.7,1.3871987614567498,-0.41636953079508837,-0.595471424366948,0.4874175968694371,0.27732914889536814
0.6,0.4,1.0,0.1,0.4,0.6,0.4988887499047111,0.49669106898546456,0.4869174672167861,1.6797032523439421,1.4533455785862208
0.0,0.5,0.5,0.7,1.0,1.0,-0.14723903472172511,1.0689261196255087,0.78868444868227,1.8185591561458816,1.6347874114441316
0.6,0.4,0.8,0.4,0.6,0.0,0.8802213001454346,0.011257107230622017,-0.025502252942864012,-0.09682931132973886,-0.13990051754605698
0.8,0.4,0.8,0.7,0.4,1.0,-0.2642872055308552,1.6054972550865831,1.4142675397468054,2.654396643921141,2.295245781476279
1.0,0.5,0.4,0.8,0.7,0.2,0.1069614400511779,0.9050915855167619,0.8701270780272948,1.1370878248979879,0.899530010492837
0.3,0.1,1.0,0.2,0.4,0.8,-0.2569798865540272,1.2474978056414556,1.4039464843163927,1.8148093801363776,1.5907060548431242
0.3,0.3,0.0,0.9,0.9,0.5,0.969891268583634,0.15237268222071845,-0.029075299006303,1.0968654100691544,1.0231585566166093
0.7,0.1,0.6,0.5,0.0,0.9,0.28537746466764635,0.6741075847981373,0.6034999214707659,2.8915841824066644,2.8604238882327264
0.8,0.3,0.3,0.4,0.1,0.6,1.563220681012498,-0.667276437825667,-0.7006859314214192,2.439132714514671,2.04981509469312
0.9,0.6,0.4,0.3,0.1,0.2,1.001206240842826,0.09400023917777847,0.13489729967888534,2.7014334715417405,2.6608136521856802
0.9,0.3,0.2,0.2,0.9,0.4,1.322950073921587,-0.26988399391406126,-0.34931554540543014,2.6049451210874737,2.3983739372779054
0.4,0.9,0.5,0.7,0.1,0.6,0.10654893398389347,1.0635294252157181,0.6471563471802071,1.996351150527348,1.87686731193162
0.5,0.7,0.1,0.5,0.9,1.0,1.325775945747981,-0.5017571503370377,-0.44567737538641883,3.6073913281339114,3.3518105916561884
0.6,1.0,0.4,0.5,0.7,0.6,0.4622989403804699,0.2825368936847824,0.3499694243435384,1.1400385879825374,1.0887193495779655
0.0,0.2,0.5,0.8,0.9,0.4,-0.2550499798241197,1.2893784680310891,1.124559049883982,1.1718455011537932,1.011578851062893
0.2,0.7,0.1,0.6,1.0,0.4,2.2788474572485478,-1.465180472237927,-1.645027927918856,1.2247558339739222,1.281212644594057
0.7,0.0,0.4,1.0,1.0,0.9,1.04271811942984,0.0626262964816406,-0.024080766301623282,3.778534921212459,3.6799968586663643
0.9,0.4,0.9,0.6,0.0,0.9,0.04299132312363235,0.9253187662371103,0.9960373865984962,2.9294435267146675,2.7256109202568113
0.5,0.2,1.0,0.2,0.4,0.5,0.29114360227292996,0.496459263401008,0.7275779238551641,2.0312241886364415,1.8601464203824107
0.7,0.6,0.3,0.4,0.3,0.3,1.953996656362685,-0.9488824174471914,-0.8594527314347448,1.8818400176855945,1.5758804866428662
0.7,0.6,0.5,0.2,1.0,0.2,1.0628276391687317,-0.3387951477455351,-0.2556424666847919,2.9689118961864853,2.7355633238912773
0.1,0.8,0.8,0.1,0.0,0.2,0.2561679406983044,0.7970313483534854,0.5806689337198375,0.7902714502274194,0.7679024896065154
0.5,0.3,0.6,0.4,0.0,0.4,1.1485564979259433,-0.2317822436228755,-0.3364744373083602,1.0840879240022077,1.0922370154402903
0.2,1.0,0.0,0.4,0.3,0.5,0.9854624423868732,-0.0054518778109795135,-0.33831014856482133,0.8516592095698464,0.6014480794040381
0.1,0.7,0.3,0.6,0.1,0.2,2.306340853507636,-1.1287899362213671,-1.188889398222949,0.46966569384831575,0.25331962797504853
0.8,0.1,0.6,0.1,0.6,0.6,0.3111153626351256,0.8645818359924787,0.6803342652103365,2.0522911786448406,1.890229823872265
0.7,0.9,0.1,0.7,0.6,0.1,1.0247071125637155,-0.12114890422422009,0.03963225856731023,1.4698502466769685,1.302217318365776
0.8,0.7,0.4,0.9,0.0,0.9,0.6820548784066394,0.29790729865511795,0.31204551045030865,4.19286274035631,4.0845039650423605
0.1,0.2,0.0,0.9,0.9,1.0,-0.17595338579592906,0.9816208825124304,1.0654780451389914,2.3674409283471514,2.195456295067342
0.0,0.5,0.0,1.0,1.0,0.5,1.0023879639527675,-0.05028575024922,-0.10900158408083603,1.0711282263914388,0.9547695567781228
0.0,0.1,0.4,0.5,0.3,0.1,0.9920330450955406,-0.07054018930654826,-0.26821698483719975,0.156756913688252,-0.06432243998001845
1.0,0.8,0.0,0.8,0.5,0.3,1.069668704174713,-0.12922147711499068,-0.15841581171427863,2.3800712305467076,2.069926409769375
0.6,0.6,0.0,0.5,0.6,0.3,1.590872279893471,-0.5759612646388111,-0.623971110666341,0.39668147099129364,0.11207449093956295
0.1,0.5,0.6,1.0,0.7,0.2,0.9438902317608094,0.16434103409693845,-0.017705210634736873,-0.04948752187225611,-0.39154562961422734
0.9,0.9,0.1,0.7,0.0,0.1,0.607285873610106,0.45833210016245735,0.25530004688335456,2.289646149461962,2.231498483030509
0.4,0.7,1.0,0.3,1.0,0.3,1.977171786568836,-0.8297280363109986,-1.1259773650290361,2.433432994275497,2.272705526333387
0.5,0.5,0.0,0.1,0.8,0.1,-0.18620831086571069,1.4139659510356393,1.1145287730659568,0.32301106816347475,0.0954887351152343
0.2,1.0,0.4,0.5,0.9,0.5,0.7463670344300942,0.05360345697615368,0.1405553175366913,0.5417960412291881,0.2796434398252695
0.6,1.0,0.8,0.9,0.1,0.3,0.49639180262994903,0.28011013628389136,0.15457772291281296,2.7310017119296783,2.6219602822335077
0.4,0.1,0.9,0.7,0.5,0.7,-0.8889891932983027,1.6133025217724288,1.4402986977112802,0.8777932645603178,0.864336905736241
1.0,0.9,0.5,0.2,0.6,1.0,-0.15532241672697264,1.0677565154647246,1.1158700795135876,3.7899536634465103,3.7591659035210316
0.5,0.0,0.9,1.0,1.0,0.8,0.8314117329273543,0.2027863495132682,0.0018112002900121105,3.3655581794716465,3.4811215592438813
0.1,0.5,0.4,0.5,0.1,0.4,0.8972143513231957,0.0930335389509434,-0.06100283219054553,-0.0625584950368124,-0.49336582167308046
1.0,0.8,0.5,0.0,0.4,0.8,0.3768943761631029,0.7947922161884348,0.6252108228819587,4.0148277658522815,3.815411431867901
0.1,0.2,0.8,0.5,0.3,0.6,0.7196275475236411,0.27617802038985,0.3260219044964946,0.8039321318368711,0.6991784515378004
0.5,0.7,0.4,0.3,0.4,0.9,0.24645878506662494,0.7114580013151697,0.5323454154091397,2.914569156019638,2.7621725299085274
1.0,0.2,0.0,0.2,0.0,0.3,0.1816839508344641,0.7191235553622192,0.732146494146875,2.4362899573910157,2.050235410702018
0.2,0.5,0.6,1.0,0.5,0.9,0.3228891594200518,0.3824438235597576,0.47979265573719554,1.3009939999110183,1.1436434467878591
0.0,0.3,0.3,0.7,0.5,0.4,0.9929031770091463,-0.11227898703653769,-0.1820408351160693,-1.1907111198372642,-1.3945841198898214
0.8,0.7,0.7,0.6,0.6,0.2,2.261201444530577,-1.1771514729384192,-1.1980290256732256,1.2475845636608494,0.8625867494654317
0.8,0.3,0.2,0.0,0.3,0.7,1.5977456541952648,-0.4963021033468358,-0.5623943851424147,2.6689170345950206,2.4465165960749857
0.4,0.2,0.4,0.3,0.4,0.9,-0.4104944029657631,1.4334022754452311,1.291055591006912,1.9851440667791922,1.777125915876132
0.2,0.7,0.3,0.7,0.5,0.2,1.637844486405752,-0.6935079959630662,-0.7441762309759327,-0.4994041704219757,-0.769217286289137
0.9,0.1,0.9,0.9,0.3,1.0,0.025831953372392625,1.005743551083996,0.8405129782140528,4.888255041373274,4.803894173885973
0.0,0.9,0.4,1.0,0.7,0.2,0.3778459200747632,0.41755278564300713,0.5972762256731406,0.6629985556570707,0.4662511214518005
0.2,0.6,0.8,0.2,0.3,0.0,0.7637427524075815,0.20221451623680692,0.3577763345337334,0.6894125974661609,0.5910065311305293
0.4,1.0,0.6,0.8,0.3,0.4,1.0397555907643539,-0.185465357154796,-0.24601030730903228,1.611441947092278,1.2697986692567311
0.3,0.6,0.3,0.1,0.7,0.4,0.6258239600596118,0.3550696895338381,0.2944452062680158,-0.5810397210552912,-0.917195652974774
0.0,0.9,0.5,0.2,0.0,0.9,-1.0438862628172751,1.70691547120489,1.6090370200269208,2.2123978165707086,1.8789761633199673
0.6,0.4,0.8,0.8,0.2,0.4,0.6419942208650804,0.47292559634553255,0.2437542895001658,2.1790033120076115,1.6315485223975228
0.9,0.4,0.8,0.5,0.5,0.1,1.1999922912922791,-0.13987267114353766,-0.38198639887965175,0.6441217601961111,0.290386543406767
0.6,0.6,1.0,0.5,0.7,0.1,1.692157806593714,-0.5298321181170359,-0.5289361584295923,0.9843513891233864,0.6933340344600463
0.5,0.8,0.7,0.9,0.7,0.0,1.3875540975639167,-0.35251049947342494,-0.3711558170373917,1.389466812257075,1.084686098304732
0.0,0.5,1.0,0.6,0.2,0.6,1.0653188167056609,-0.08592644864914425,-0.4464693881757808,0.7703003859617257,0.42008030407051655
0.9,0.7,0.2,0.3,0.9,1.0,1.0842395794918442,0.024443907299957976,-0.21538890235306618,4.694962467789655,4.535406281049219
0.1,0.7,0.0,0.8,0.0,1.0,0.14015701447244494,0.8693337967541812,0.8572333891648751,1.9505536496909643,2.0053278537573846
0.0,0.9,0.7,0.2,0.7,0.8,-0.8410961283213988,1.5755721772924642,1.5910023356930019,0.7137704786515288,0.7386266489703931
0.4,0.8,0.2,0.6,0.2,0.6,2.370231341115331,-1.304034308736275,-1.2734594881449435,2.029834447963772,1.9778040503270278
0.3,0.6,0.6,0.8,0.7,1.0,0.013871239790845643,1.0498642050303009,0.7019370097611389,1.4876427544625412,1.4353642444269035
0.3,0.1,0.0,0.0,0.6,0.5,-0.08062515457508423,1.1446025423220814,0.9491684326715722,-0.6108494117179143,-0.686518720245028
0.2,0.0,0.9,0.4,0.1,0.6,0.27700432078064535,0.6080745608312628,0.5766696884668921,1.0090187815295808,0.831154019158247
0.6,1.0,0.7,0.6,0.6,0.6,0.9252858476422724,0.17847730846458168,-0.005667769900722548,0.7165403467988718,0.4596381217224846
0.4,0.2,0.2,0.2,0.3,0.8,0.7907739714766254,0.04654022689645521,0.2313234766689475,2.1265895435483757,2.0500582436641333
0.9,0.4,0.4,0.7,0.4,0.8,0.13544745710133782,1.015215059418296,1.0300184583097634,2.1429302678841418,1.8543673188168188
0.9,0.1,0.7,0.9,0.6,0.5,0.6491553530423846,0.45877060632624733,0.2527793510490264,1.9914636721913235,1.5146305333955192
0.9,0.0,0.5,0.5,1.0,0.5,1.6480174912847527,-0.6843725185852235,-0.8705263220761603,2.511152836675581,2.3302804578178056
0.8,1.0,0.6,0.2,0.8,0.8,-0.4727755703700572,1.4217042568534777,1.3801124794480826,3.222093691900232,2.953671271455195
0.4,0.9,0.9,0.1,0.6,0.4,0.20083999406854938,0.5948544683691912,0.7945084861381766,1.013958897741859,0.7871860952526748
0.4,0.1,0.9,0.3,0.6,0.0,0.2426265145109691,0.8961915756555464,0.7231317211463495,0.6565999976412804,0.28750070158811375
0.0,0.9,0.1,0.1,0.5,0.1,0.737100756707909,0.41202093329235095,0.21666337292814422,0.09274923184374968,-0.019969822218745742
0.5,0.2,0.0,0.2,0.1,0.6,0.15706051376161856,0.9702955958848105,0.7475345227483736,2.1206386531239407,2.1229159555748156
0.8,0.9,0.7,1.0,0.6,0.1,1.4495046620874024,-0.5317151595002337,-0.33441378776217884,2.099042353342324,2.085759503932284
0.7,0.7,1.0,0.4,0.5,0.9,1.3352967335805876,-0.26006706154378517,-0.4620005193716471,3.2138096445400572,3.0738163198488153
0.5,1.0,0.0,0.0,0.1,0.4,0.5057693804116026,0.36187013237231136,0.4083700440413956,1.4939055982297655,1.4148606076259964
0.9,0.7,1.0,0.3,0.0,0.2,1.2923238679217228,-0.39016617799152276,-0.3849252397509311,3.2031107655494613,3.0451819968009906
0.0,0.8,0.1,0.9,0.9,0.4,1.116252173621318,0.023220926686509755,-0.24931083211141675,2.013358634187905,2.1173079816881484
0.5,1.0,0.1,0.0,0.7,0.0,0.8019365812438202,0.2911859111683217,0.36803052521233315,0.5003686009976199,0.09306453690022984
0.2,0.3,0.3,0.6,0.1,0.6,1.540805187757267,-0.454437384742307,-0.647134418941435,-0.005933736857676328,-0.0450867488097927
0.8,0.2,0.5,0.7,0.3,0.7,0.35879529127989984,0.6387867465291595,0.37169102855266944,3.3016795283736204,3.36715464714424
0.7,0.5,0.6,0.8,0.4,0.2,0.4675177399914018,0.3979517424988971,0.301037088576083,1.4103472105986647,1.3176296784278794
0.7,0.3,0.6,0.1,0.3,0.4,1.5221408925523436,-0.538001166406286,-0.520738100274957,2.2872360503176603,2.1415411253811065
0.4,0.9,0.1,0.5,0.4,0.9,0.8213011244200362,0.19481188557197918,0.31453588867125604,2.1567953976916585,1.9378349330345017
0.4,0.3,0.6,0.1,0.6,0.8,0.8620653429845351,0.4048443941790622,0.1326712555316847,0.8344119612192672,0.3905693968371729
0.8,0.8,0.8,0.2,0.1,0.1,0.8082080029288808,0.3185560608228954,0.14255617016221436,3.4717187066682915,3.211961920388215
0.6,0.5,0.9,0.6,0.4,0.5,0.22658387535962202,0.7612748842323509,0.7064350614313237,1.366263947772471,1.0938109522450326
0.8,0.5,0.0,0.2,0.9,0.6,-0.1861158878253657,1.4379007181271173,1.2224321092931338,2.642990300508408,2.1058437806757087
0.4,1.0,0.3,1.0,0.9,0.4,1.3307508578106355,-0.22876703354947833,-0.20813500536246282,1.779566359625788,1.4954434213747825
0.6,0.8,0.2,1.0,0.5,0.0,2.139256750803704,-1.3818876878475703,-1.4741718276849387,2.514730965459728,2.154639942145176
0.4,0.9,0.4,0.2,0.3,0.6,0.054544004483760344,0.7592222188015765,0.803667322586745,2.124462240842516,1.9262949768276645
0.6,0.0,0.5,1.0,0.4,0.5,0.6890458663977441,0.2444964197311543,0.33464717027762003,2.5594481144904435,2.3460388506780223
0.9,0.6,0.6,0.9,0.3,0.3,1.7340393125509113,-0.8366338874572509,-0.8728940460035366,3.2478399173455754,3.182773908816055
0.9,0.7,0.4,0.9,0.0,0.6,0.9910958162839384,0.20681322343953099,-0.14265516719131166,3.5758946599266133,3.4307109205035338
0.6,0.4,0.0,0.2,0.9,0.7,-0.4197693358021284,1.2005314764156292,1.1768038285711453,2.0779858544431313,1.8887760144237877
0.2,1.0,0.4,0.0,0.0,0.1,0.09072363102953751,0.7829510221804555,0.5997490550476006,-0.03526962210958756,-0.4228149390389781
0.3,0.7,0.9,0.4,1.0,0.0,1.9246506334034525,-1.0403413063984788,-1.0456319222890391,1.8043210745460043,1.728331670782508
0.7,0.8,0.0,0.4,0.9,0.4,0.9509240614895107,0.08403589432084771,-0.13033862177211838,2.9070738405688257,2.68065757864123
0.0,0.9,0.5,0.5,0.5,0.6,0.703430664320455,0.5229034788260947,0.3016532889459097,0.43525718156357907,0.25921147042664444
0.6,0.4,0.8,0.7,0.8,0.4,-0.5441181417145416,1.6222519221474745,1.4568672941937877,0.8742084388711922,0.8307029831572995
0.5,0.1,0.2,0.6,0.9,0.2,0.9579802140019267,-0.1973699701916346,-0.17415959009199067,1.0321674602109396,0.8326261907122465
0.8,0.1,0.2,0.5,0.1,0.4,1.6691946923993235,-0.7934212416932048,-0.7992270764879941,2.3271976564997043,2.057772204676064
0.9,0.6,0.6,0.4,0.0,1.0,0.5857655801872174,0.45340403483819697,0.5911378711484981,3.476155861077655,3.433459345063667
0.5,0.4,0.6,0.0,0.4,0.3,0.6826389501695066,0.3249722541330935,0.23942103451476449,0.43261053085025436,0.3469331405791088
0.5,0.0,0.1,0.9,0.9,0.3,1.0358635471873636,-0.030268802947118756,-0.09204061435428743,1.7966034147733994,1.451825103225294
0.2,0.4,1.0,0.5,1.0,0.4,2.089650954283684,-1.025346329829545,-1.193343131013799,0.5452770599039207,0.21146383150672388
0.1,0.3,0.6,0.3,0.1,0.8,0.5620309529926402,0.6739532070359722,0.27497053634634433,1.53421038345766,1.5547594694036797
0.8,0.7,0.6,0.9,0.2,0.7,1.97702231538327,-1.0274018411779102,-1.2305340540543719,4.741765483681487,4.425106999707056
0.2,0.8,0.9,0.6,0.3,0.6,1.1799642090252365,0.0039404021927088445,-0.2364372697686204,1.896947008091096,1.8478785514830702
0.8,0.6,0.5,0.9,1.0,0.9,1.0963003067246355,-0.13952225738574153,-0.04493232135711395,4.890064822109984,4.524907110839227
0.3,0.2,0.1,0.1,0.1,0.4,0.8799615368212544,0.0786015168038868,0.03949204944268921,1.3623663863887265,1.0583024905553227
0.5,0.6,0.9,0.9,0.3,0.9,0.5021548515614491,0.5536331361469925,0.39925216379549244,4.003981273146889,3.499646339240096
0.8,0.3,0.7,0.2,0.1,0.7,0.524334908716547,0.3774540736294918,0.23814692917844754,2.9249655871034257,2.6367365355282555
0.2,0.7,0.3,0.0,0.4,0.5,1.1707761805770411,-0.30556159524681853,-0.16478652232183172,0.37064628945054456,0.1619590492315617
0.6,0.1,0.9,0.9,0.3,0.8,-0.08069976911738987,0.9368816452284705,0.9649456615742729,4.051434020408656,3.6899003066603093
0.1,0.2,0.1,1.0,0.8,0.1,0.7071125210761476,0.38148587970131287,0.27263834111596685,1.245752698646827,0.8923233945408
0.4,0.2,0.8,0.1,0.6,0.6,-0.06819842567336548,0.949100881818263,1.0997181546152772,0.6419058001713022,0.3413067609360734
0.0,0.2,1.0,0.5,0.2,0.5,1.6670794724220173,-0.7760144470197815,-0.877693131987741,1.2668746721385276,0.8690245671509471
0.3,0.0,0.5,0.7,0.3,0.8,0.323974027926593,0.743026837339677,0.7396325176295239,1.4703464137362479,1.0982001946900581
1.0,0.8,0.9,0.7,0.1,0.9,0.27965245746020845,0.8437733538508805,0.8082343127448318,4.922017772091588,4.744336565268375
1.0,0.0,0.6,0.5,1.0,0.2,2.2776761134265513,-1.3630169150404803,-1.4672847150089798,2.1035182554109704,1.8578561837762426
0.8,0.9,0.9,0.0,0.8,0.0,-0.5327287632568735,1.5047911205214393,1.3060104301642175,2.402019027772487,2.406097524934379
0.2,0.0,0.8,0.6,0.2,0.1,1.2761318433248225,-0.372653705617047,-0.31877041934136857,-0.020200301479323404,-0.334192403387465
0.8,0.0,0.7,0.2,0.9,0.9,-0.332188617639589,1.3480293127632625,1.1288182389525692,2.907533343387413,2.545859746616609
0.8,1.0,0.7,0.3,0.4,0.3,0.5444203266358072,0.4929204116499151,0.14043680399413164,1.994418749935982,1.5132559468426967
0.9,0.3,0.5,0.2,0.9,1.0,-0.006745876005322932,1.078084499114876,0.8734958584015364,4.4895430502416716,4.2461380930059205
0.7,0.3,0.2,0.2,0.3,0.4,1.7994992920474475,-0.6134183589592881,-0.9193184213980918,2.32262647722648,2.3039704796259204
0.9,0.4,0.3,0.9,1.0,0.1,2.4205675098264585,-1.329438535363132,-1.2347336403591014,2.0911248423076128,1.8214096968002005
1.0,0.1,0.7,0.1,0.1,0.4,0.5638026631927036,0.5133617578106222,0.6178511855537338,2.562838478216341,2.3658221576118827
0.3,0.2,0.8,0.5,0.9,0.6,0.40298314862513607,0.8439806606027676,0.5355315832040122,1.149962334097102,0.9122432496805732
0.4,0.3,0.2,0.1,0.5,0.9,1.15237094375468,-0.11049954374680707,-0.25485660252943243,1.103703491702653,0.944654099993186
0.4,0.6,0.2,0.8,1.0,0.3,1.9294511872694453,-0.9358759705189834,-1.0285051080677063,1.4255407228701136,1.1928935730455479
0.2,0.1,0.4,0.4,0.2,0.4,0.8860089250903262,-0.06437532268433474,0.052674837350799086,0.865677599415548,0.723456315463575
0.0,0.5,0.2,0.0,0.2,0.2,1.3669437049281532,-0.40600563628925923,-0.4139917727610941,-0.11353203380570692,-0.28376877468617784
0.9,0.6,0.4,0.6,0.7,0.2,1.1165260581569192,-0.1331083722049326,-0.22129383389911583,1.0593181878362954,0.7215995238893181
0.9,0.9,0.8,0.8,0.9,1.0,-0.9148370589346823,1.749906097772586,1.8067779480398243,4.570195716217778,4.405525295062965
0.7,0.9,0.9,0.6,0.4,0.6,0.1133639764092371,0.8846732808711132,0.7526666256281902,2.8178456414660413,2.6938664562976053
0.1,1.0,0.2,1.0,0.2,0.9,1.7562724962809833,-0.6668608205419878,-0.871591551095558,2.931532267027195,2.666700191500487
0.1,0.7,0.1,0.9,0.8,0.4,0.9470996663443099,-0.07875486476696203,-0.1616560986913843,1.4624045742450098,1.2508026918035633
0.6,1.0,0.5,0.6,0.8,0.7,-0.07638050254057895,1.0749177773922594,1.0718939398534613,2.1695927832250153,2.0596417220250838
0.7,0.2,0.9,0.2,0.6,1.0,-0.3381048896701144,1.4511186386031156,1.4955801739801968,3.3449211282199447,3.059680216578671
0.2,0.8,0.4,0.0,0.6,1.0,0.27898944045862023,0.8212093742308461,0.6442621242191217,1.2786932330904375,0.9910681483682166
0.6,0.4,0.4,1.0,0.0,0.7,0.3723030706058939,0.49938213913089424,0.5766141032596973,2.5012647367373697,2.074479428279954
0.2,0.1,0.8,0.4,0.3,0.5,0.12776349870509218,0.8069362953724788,0.7536562165883066,0.918290889216509,0.7887511706276458
0.8,0.9,0.3,0.9,0.4,0.5,1.0327545637368019,0.18151533698531708,-0.10534087079184634,2.693354620556973,2.7718316992750744
0.3,1.0,0.4,1.0,0.0,0.1,0.964981491500389,0.08824845289763647,-0.037775010398163375,1.054265452795898,0.7788162708089111
0.5,0.7,1.0,0.2,0.4,0.3,1.3504030023097426,-0.3427235548935219,-0.4547559126604717,2.1192966317115918,2.0123621602877666
0.1,0.8,0.9,0.3,0.6,0.4,0.6454051654780993,0.472767810332585,0.5030146804001385,0.8280301082890839,0.8263141290778236
0.4,0.5,0.2,0.3,0.1,0.1,1.168082831560859,-0.1652990935565753,-0.37601895872824276,0.5991713999760591,0.4988374639536638
0.8,0.4,0.3,0.7,0.5,0.5,0.858570918802645,0.15320700445138055,0.008155162157144333,0.474607353351486,0.2993543157535714
1.0,0.4,0.6,0.6,1.0,0.4,1.8761860964135963,-1.0206124157277232,-0.9085614389795099,2.03387704467959,1.7625892403887353
0.3,0.1,0.9,0.7,0.6,0.1,0.15717042826863276,1.0774737985479943,0.7375746135849333,-0.310807752636449,-0.5145120410211658
0.5,0.7,0.0,0.5,0.0,1.0,0.9843334687115605,0.03951594849366766,-0.17982726414426814,2.8778622296151775,2.583633359193943
0.2,0.4,0.5,0.5,0.1,0.3,1.3109317030532786,-0.503057234627096,-0.4730005884786267,0.15872066538844576,-0.016829613884315052
0.9,0.6,0.3,0.3,0.3,0.6,1.1738060646017445,-0.13661627675952764,-0.32235492316828884,2.6777258715278163,2.617223965567933
0.0,0.7,0.5,0.8,0.9,0.2,0.8978794905242565,0.14895398320779984,0.1144063848875401,1.5949310935877505,1.3029923267887251
0.5,0.3,0.4,0.2,0.5,1.0,0.11065359338645071,0.8732314059398819,0.7412357380659398,1.846578470261515,1.3774032306996893
0.3,1.0,0.6,0.5,0.0,0.7,0.7932913670575485,0.13940282251586236,0.24183244290917333,0.7907936993925401,0.7599218935699137
0.9,0.2,0.7,0.4,0.1,0.5,0.9333680316281655,-0.15795980609318128,-0.18671228169996446,2.6121713791383234,2.441160900537548
0.9,0.6,0.9,0.6,0.5,0.9,0.4346691349939621,0.5347135581256859,0.50080243512626,2.8957597184549617,2.6563492014810364
0.4,0.8,1.0,0.0,0.9,0.8,0.5524072752373764,0.7603156241886416,0.6101183285183097,2.7773092475668015,2.8842950563754073
0.6,0.0,0.0,0.7,1.0,0.0,1.298870574252595,-0.01926348583089299,-0.474661624583801,1.0828580292288488,1.0783286457331092
0.6,0.0,0.2,0.0,0.0,0.2,0.9831594185627035,-0.07465249399615734,0.028272241032923664,0.8093390617121483,0.26668984064814516
0.0,0.2,0.5,0.0,0.5,1.0,-0.324412093989766,1.436390162008316,1.3557249089188987,1.3036016034094486,1.0354587054273274
0.6,0.3,0.1,0.3,0.1,0.9,0.708526930318812,0.2667318183681018,0.06530307799914806,3.4030764173626427,3.1160559308353477
0.4,0.6,0.5,0.6,0.3,0.2,1.389098695814965,-0.5258266000906585,-0.7112369199096844,1.1153246256422573,1.0540766825132153
0.8,0.3,0.4,0.8,0.4,0.3,0.8275656850652127,0.19897449823810248,0.11276579472758558,1.6932659204995524,1.5952302169061507
0.1,0.5,0.7,0.6,0.6,0.0,1.052885846068004,-0.15223463817760421,-0.29070185754448596,-1.9333697594466652,-2.091666598226124
0.6,0.2,1.0,0.1,0.3,0.5,0.8253670509136998,0.13294188729841566,0.04864781939798877,2.782775102688473,2.3995731835550025
0.2,0.5,0.4,0.9,0.4,0.3,0.3975508180122991,0.6095810044369283,0.5228883743592865,0.09797489283360343,0.03269250963920231
0.9,0.4,0.6,0.6,0.4,0.9,0.83904748475359,0.06483293211000322,0.1740348233474328,2.5034202272931774,2.1252401551428477
0.9,0.7,0.0,0.4,0.2,0.3,2.0019284269593127,-1.4185142416508334,-1.4743404189838785,3.176215794312965,3.081862215153458
0.1,1.0,0.8,0.2,0.5,0.5,-0.2573701278496446,1.1965336109091205,1.2619054600283377,0.14910675037294485,-0.09463925679242656
0.5,0.1,0.0,0.7,0.9,0.2,0.05928735304428026,1.0393524748338387,0.8498740390140931,1.1126708184128187,0.7199045269616839
0.3,0.4,0.5,0.7,1.0,0.1,1.188871800777017,-0.25551543759448475,-0.22506349999956077,0.39880802480890115,0.2078342196524566
0.1,0.0,0.6,1.0,0.8,0.7,0.11491053918912761,0.9068758113195103,0.8679168987446757,1.246944150801013,0.9254529823212813
0.5,0.1,0.4,0.3,0.6,0.7,-0.3791053022119656,1.2674956272554827,1.209753781221977,0.9642901906381034,0.7777963039491841
0.6,0.5,0.8,0.8,0.6,0.9,-0.6475436153166192,1.687368219706551,1.5564683357684537,1.4815911652181926,1.2053271872553921
0.9,0.5,0.9,1.0,0.3,0.0,1.157799685500633,-0.1814088963253182,-0.3730778439772725,3.28624291784561,2.9401740611392233
0.5,0.3,0.8,0.3,0.1,1.0,-0.0965489974673123,1.0904113141452516,0.8168308754992407,3.0179796289956147,2.7454690513678575
0.5,0.6,0.8,0.5,0.4,0.8,0.6781011372504547,0.5098252152088556,0.27280398432618824,1.8370538141520583,1.480050816997919
0.8,0.2,0.5,0.3,0.8,0.9,-1.0232252388447427,1.9313189607493628,1.8356847132353526,3.79359486127073,3.5314770040452985
0.5,0.4,0.8,0.1,0.6,0.1,0.5532483911928155,0.4939569360453597,0.28790172951785675,-0.21657605252464251,-0.4814887708055586
0.3,0.4,0.9,0.7,0.2,0.5,0.7302975956425809,0.21598298452893583,0.23635960034203266,0.9455197809049521,0.8638348669118003
0.9,0.3,0.2,0.7,0.4,0.0,1.7811370621190665,-0.6919374296016649,-0.8015292757255819,1.2430294980686685,1.1861176823476334
0.7,1.0,1.0,0.0,0.4,0.4,0.6125728552012618,0.35156966364833614,0.3616782155659333,2.038433726875518,1.989438549539723
0.6,0.1,0.5,0.0,0.3,0.3,0.3705032086755684,0.6984039169978415,0.5910015070590918,2.3752008936187057,2.016472332261748
0.0,0.1,0.5,0.6,0.9,0.4,0.01187296751541523,0.7708344507094503,0.9649714076935682,0.5742103315899223,0.37441861737193377
0.0,0.5,0.2,0.1,0.3,0.2,1.254469428801424,-0.2711131084071824,-0.3782503752613894,-0.04430478311244141,-0.03835355356834891
0.8,0.3,0.2,1.0,0.2,0.2,2.9106933077573545,-1.966992240017519,-1.9605484755422191,3.1591105522125638,2.8625838814481743
0.0,1.0,0.0,0.1,1.0,0.1,1.1248534182223349,0.06848942043384343,-0.11472471228882725,0.4713944287276822,0.4207116017297574
0.5,0.7,0.8,0.0,0.8,0.1,0.18365052970198714,0.9045630813858458,0.6683068183332069,1.271015482615671,1.1249419775875849
0.6,0.1,0.7,0.9,0.9,0.4,0.1563770706874517,0.7034111987902816,0.5473593607474834,2.3858846016662145,2.215368868050384
0.6,0.3,0.6,0.6,0.8,0.6,0.633172066073735,0.42394659989773475,0.2786219224229279,1.406413060415789,1.2879332697342283
0.5,0.4,0.4,0.9,1.0,0.7,1.0772229243756777,0.21422442135646225,-0.0672729165199383,2.263222443060117,2.0022971418448456
1.0,0.3,0.8,0.9,1.0,0.4,1.5710545874843693,-0.4698425673752292,-0.6359990415964405,3.2786908479271255,2.983871678395919
0.0,0.5,0.7,0.6,0.6,0.8,0.29154937422851707,0.7142286022037704,0.6963385475003596,-1.1102287731975908,-1.3501903910690825
0.7,0.5,1.0,0.5,0.8,0.5,0.4470744548443446,0.7112024122477426,0.36471298185887724,1.5517116608038861,1.3170518947072547
0.9,0.0,0.7,0.9,1.0,0.9,1.071726455281411,0.11671959343436475,-0.005754759388390263,3.7858645504566555,3.43543832871893
0.3,0.4,0.8,0.1,0.0,0.4,-0.27990789311171077,0.9478532992061606,0.8828893800146301,-0.0004623595123356407,-0.29593204721181865
0.4,0.4,0.6,0.1,0.8,1.0,-0.4444898257533768,1.4119427179796422,1.3766260768392184,1.5438105294096245,1.402871418350396
1.0,0.7,0.2,0.5,0.9,0.0,2.7252003424093583,-1.590640493587923,-1.9777016504925131,2.6957885931492815,2.550920951964316
0.7,0.2,0.5,0.0,0.8,1.0,-0.860676131333727,1.8203555325901999,1.9092126948976413,3.452577618611247,3.158482958130521
1.0,0.4,0.5,0.0,0.7,0.2,0.63739904152185,0.6063246228795791,0.49719836088487157,1.0345488693117948,0.9580314148141087
0.5,1.0,0.1,0.4,0.9,0.8,0.48754114551363875,0.5070091948724754,0.3386515902532743,2.684973047617408,2.40651855687862
0.2,0.0,0.3,0.5,0.3,0.0,2.0502172439864856,-1.116761060329182,-1.1566255811513428,-0.6533234639143783,-0.9572565379627093
1.0,0.9,0.2,0.7,0.6,1.0,0.7461944067766446,0.33370119853244895,0.14327069655716368,2.8325544924257353,2.573822259006665
0.7,0.9,1.0,0.4,1.0,0.4,1.3972064327770066,-0.7122813844362921,-0.5630454463281818,3.1388671067298555,3.202380762035366
0.7,0.0,0.6,0.1,0.8,0.3,0.15542663241558294,0.8641132872646541,0.8047068201825058,1.3449008928988886,1.1886142103981503
0.4,0.0,0.7,0.1,0.3,0.5,0.8739900392784028,0.386764596259792,0.17076258366339764,0.6733548544964638,0.5049929130264958
0.2,1.0,0.7,0.8,1.0,0.7,0.726100437350703,0.27911345227288514,0.28812347407787314,1.3755404626524468,1.177681878551698
1.0,0.8,1.0,0.5,0.0,0.0,2.0340257292420083,-1.0189922198615693,-1.1119367799313038,2.810302672866061,2.402720715435858
0.9,1.0,0.3,0.4,0.5,0.2,1.5673256867860264,-0.44868782933556145,-0.8440095105787736,1.0878694202377237,0.8715102022006463
0.8,1.0,0.2,0.0,0.9,0.2,1.1264751040636176,0.06165613336774042,-0.2454496881550614,1.8921611810434245,1.679660428381026
0.2,1.0,0.9,0.3,0.9,0.8,-0.4863435104583227,1.6013827517251995,1.6036970417339582,2.0576580312207904,1.9745796484124596
0.2,0.6,0.4,1.0,0.0,0.7,0.1769211661667332,0.6597442385470689,0.5043271640345305,1.737636087513196,1.4435397735817757
0.6,0.2,0.7,0.0,0.8,0.4,-0.4941226025044546,1.3087811028031737,0.9892508855175313,1.2086078232651787,0.7296998917464048
0.8,0.6,0.4,0.1,0.3,0.9,0.465887311493911,0.561110526229736,0.4733142372283111,3.7228006111034384,3.4490689466160367
1.0,0.5,0.5,0.9,0.3,0.7,0.7116065365481601,0.4293614807880694,0.22887490670410698,3.7494493572603314,3.602810239150694
0.4,0.3,0.7,1.0,0.8,1.0,0.4119439859550812,0.7514995235398367,0.6372856711802632,2.3836557048788296,2.3202437139480443
0.0,0.7,0.0,0.6,0.4,0.4,1.2300195171841481,-0.5926936057728767,-0.3525639097648323,0.3956143820362654,0.04618080120187191
0.5,0.0,0.1,0.5,0.8,0.5,0.6457437741309386,0.3571588985002774,-0.007661914860770586,0.7572134977172041,0.44545155442304746
0.8,0.3,1.0,0.6,0.8,0.9,0.4743622257233726,0.7703546834661062,0.49007962024344137,2.9516098286393193,2.7710209799600096
0.0,0.5,0.1,0.3,0.0,0.7,-0.2733502354092807,1.1660352978219974,1.1985138406475715,0.6330210346166152,0.43756069604182773
0.3,0.0,0.2,0.6,0.0,0.5,1.057281669333646,-0.0912733208092616,-0.19529237098936053,-0.2693007033266699,-0.6291221804490612
0.3,0.6,0.6,0.7,0.2,0.6,1.1581266497377989,-0.23216121595193343,-0.5846315359274815,1.397898123529478,1.1994831333388092
1.0,0.4,0.7,0.0,1.0,0.5,0.9645601880550013,-0.2024810567213134,-0.24901368951165742,1.9991562206616786,1.7695906919002335
0.5,0.3,0.2,0.1,0.0,0.9,0.6019093361525214,0.3642152254427498,0.12166688226558452,1.8933000916497615,1.8220854913911964
0.7,0.4,0.2,0.9,0.2,0.4,1.9878402620260163,-1.1580498583091263,-1.3090034177776086,2.4850878198587503,2.519646256778036
0.8,0.0,0.1,0.4,1.0,0.4,1.8299596855879086,-0.6831653622025651,-0.9531115302750623,2.4085900745975883,2.2291370064866007
0.3,0.1,0.5,0.6,0.1,0.8,0.12398879095743998,0.9288164671903724,0.9374162007191592,1.7546233255567378,1.5659098082498029
0.4,0.0,0.1,1.0,0.5,0.9,0.8394260022658798,0.07775565810474906,-0.06940423545339103,1.7618722964284692,1.4865398109186734
0.7,0.0,0.5,0.0,0.2,0.9,0.32201394420425683,0.5885194303705534,0.6024422192252478,3.3344411444697877,3.2061929211351363
0.8,0.7,0.7,0.2,1.0,0.9,1.392868100561906,-0.2539669447901635,-0.330574827665107,4.281770935416847,4.099441044590354
0.5,0.8,0.6,0.2,0.0,0.8,0.22612725832434882,0.858036520802971,0.7257612721940231,3.1451613117225365,2.7774659793821566
0.6,0.3,0.8,0.7,0.2,0.8,0.3026859907157331,0.33719276336958004,0.38904855967347496,2.558132978907752,2.658990405785953
0.1,0.8,0.2,0.6,0.4,1.0,1.3372725616635381,-0.24566759750796702,-0.2554850121318229,1.9106098612434372,1.7593817681848438
0.1,0.8,1.0,0.5,0.8,0.5,1.0243777147688025,-0.03292856827100385,0.0161546766204407,1.2779965476158002,0.912493727553909
0.2,0.0,0.4,0.4,0.2,0.6,0.9281967495854296,-0.31386517010390513,-0.037995413496255626,0.7383208785141634,0.2758735242703996
0.1,0.2,0.9,0.4,0.8,0.8,-0.7683724905640069,1.6996214464394157,1.7565916032405497,1.4308814567091905,1.1053548215619993
0.1,1.0,0.1,0.6,0.6,1.0,0.8344760819755422,0.2801499619460164,0.22039290564190434,0.75245900747513,0.3486613451737679
1.0,0.5,0.4,1.0,0.2,0.7,1.076472116626366,-0.029302501703293616,-0.11216159933800382,3.85354257340686,3.641791686397679
0.4,0.8,0.0,0.8,0.3,0.5,1.105527681614826,-0.011535012474750228,-0.0466031151541077,2.136054862193252,1.7877242261990558
0.5,0.1,0.8,0.3,0.0,0.9,-1.2219588034684523,2.105380594927238,2.215851229764002,2.558432914327567,2.104317928720701
0.9,0.4,0.1,0.1,0.8,0.4,0.3532188764806339,0.7287623682463936,0.48628875831865387,1.9941887041771678,1.6394231194905076
0.4,0.5,0.4,0.4,0.3,0.2,1.0043631940503535,-0.11973690070260613,-0.3351259468998684,0.6648346123318568,0.2421883886608558
0.2,1.0,0.8,1.0,0.8,0.1,0.05911207572899391,0.7898829313381303,0.7363547030328157,0.9553342628656939,0.8082577737404486
0.1,0.4,0.5,0.6,1.0,0.1,1.6787718852076052,-0.591940810025382,-0.7469450932916344,0.05016674374647845,-0.09284697433007069
0.4,1.0,0.8,0.1,0.8,0.5,-0.7174115407668343,1.595974323117745,1.4408705326627758,0.944133965422943,0.800460547670365
0.7,0.0,1.0,0.4,0.0,0.4,0.7728898698470521,0.17476078652496957,0.09031072616979514,1.732932424259232,1.7179249936660603
0.1,0.3,0.3,0.9,0.8,1.0,0.24744446607750023,0.8229073947148634,0.5087418526257556,1.2415051610815275,0.9779952464106941
0.4,0.7,1.0,0.0,0.6,0.6,1.1345586886555974,-0.14024559369532003,-0.38561344465817987,1.0811479555543824,0.9786559314915557
0.3,0.9,0.6,0.2,0.9,0.9,-0.41204807200221816,1.2896376466488642,1.25781080192968,2.8930361245734053,2.5768795936718334
0.1,0.3,0.4,0.8,0.0,0.3,0.28053055257614035,0.6524177538621743,0.45442653737754485,-0.277001165424034,-0.3428584526727516
0.6,1.0,0.8,0.5,0.2,0.1,1.5993204263185334,-0.7664668954181864,-0.6074610199068642,1.8893750493152632,1.7009180815240825
0.6,0.1,0.5,0.2,0.7,0.0,-0.11348170762172696,1.0549067228215108,0.9523735752218128,1.2506024595700578,1.2559650806640303
0.4,0.7,0.7,0.5,0.4,0.3,1.959272558697847,-0.7997222812082543,-1.034546548254555,0.6190543285183654,0.40635422262990223
0.7,0.9,0.2,0.3,1.0,0.6,0.9895667790723919,-0.3403947407110063,-0.3200893422947423,3.3558514884802793,3.301862274473369
0.9,0.9,0.8,0.5,0.6,0.3,0.9334191991013829,-0.057699031622963165,-0.12902026485155002,1.4845470791062318,1.2377700319391989
0.1,0.4,0.4,0.8,0.0,0.4,-0.00659521981166223,0.8007781937678631,0.697728933909417,-0.44891799494265083,-0.5317734148784566
0.8,1.0,0.2,1.0,0.6,0.2,2.1357830093971977,-1.2247755511674139,-1.1641812508603537,2.216938181967145,1.6840729754595523
0.7,0.4,0.8,0.9,0.9,0.3,0.5373253822278262,0.44278543784486146,0.4943693060244422,2.213394287757366,2.1082780068708544
0.0,0.5,1.0,0.9,0.4,0.1,0.8715064727243541,0.30057747442005883,0.10655415330934506,0.3174019878116507,0.09319592861990984
0.3,1.0,0.0,0.0,0.4,0.9,-0.014433914031085043,1.2138188284473297,1.199580773785877,0.9005961696047442,0.9489909199074706
0.0,0.0,0.8,0.6,0.6,0.3,0.7048276407871932,0.40906707597877795,0.4073839680330367,-1.414490442369239,-1.75825206544253
0.0,0.0,0.5,0.4,0.6,0.1,0.8004149295041953,0.06593170577679563,-0.12301566171942584,-1.0022654272238105,-1.1588588781740556
0.6,0.2,0.4,0.8,0.9,0.6,-0.25251518005240753,1.2887584332905904,1.0744646062045142,2.4979818592082217,2.3720795989379866
0.8,0.0,0.7,0.6,0.6,0.5,1.0562245211089234,-0.03407240944866376,-0.2893083098905353,0.3634992348303534,0.1115329004235685
0.2,0.8,1.0,0.9,0.7,1.0,0.4233860331097765,0.6176258705440596,0.2502926135703841,2.7223391777057993,2.5050780701178526
0.3,0.4,0.1,0.6,0.1,0.9,1.1112697625452497,0.19417789216809447,-0.04724091476514736,1.4004628429960182,1.166330942400755
0.4,0.1,0.5,0.3,0.1,0.2,0.2109246538604606,0.6704229281532599,0.5213413229934754,1.758264713751178,1.5077749721293308
0.8,0.5,1.0,0.3,0.6,0.9,0.024808722148661713,0.8549896821468277,0.821933334001612,2.3550221922245473,2.3955037904946948
0.3,0.5,0.2,0.3,1.0,0.6,1.0837624862559894,-0.04908473953310151,-0.2500975920921707,0.9873335430011421,0.7501970901834935
0.9,0.6,0.0,0.5,0.4,0.3,1.582130635805653,-0.46846307221932654,-0.7574814028012476,1.5497620212483343,1.4974600958498034
0.1,0.0,0.6,0.9,0.9,0.7,0.27963787116125344,0.6206407636198569,0.8110186025985026,1.3647142380219737,1.0593606325928444
0.7,0.7,0.3,0.8,0.1,0.7,1.154486866501139,-0.18028649610339514,-0.4556588928507855,3.118820877017941,3.001934050520012
1.0,0.6,0.8,0.4,0.8,0.9,-0.5201226092271672,1.5202181983088638,1.267932995580041,3.3922424855462623,2.975472086402458
0.4,0.3,0.0,0.5,0.2,0.9,1.6305691480252493,-0.6909218325972551,-0.9183555648198767,1.6400004723968806,1.6089681586248417
0.0,0.1,0.3,0.3,1.0,0.0,0.857080541056545,0.006777770194168541,-0.2021527539184487,0.19869333569681824,0.00014451883577229485
0.3,0.9,0.0,0.1,0.7,0.8,-0.6170988256082154,1.5509320198806902,1.1688478795999957,0.8779915070386817,0.6887731988197057
0.3,0.0,0.6,0.0,0.2,0.6,0.7565926244843666,0.09522095594097023,0.1481147978825701,0.7057139681511075,0.5622563782998286
0.8,0.0,0.7,0.8,0.7,1.0,-0.21367237531905314,1.1547653840650214,1.2462633896683533,2.0915323321473607,1.9644905462235158
1.0,0.5,0.9,0.0,1.0,1.0,0.06948817437137404,0.8148163029468577,1.1470296827531645,4.05946022761316,3.906370637473924
0.2,0.3,0.0,0.3,0.0,0.5,0.5966430373821625,0.8016356912622635,0.7126955719310332,0.27821154771511986,-0.14912048837331868
0.8,0.8,0.4,0.9,0.0,0.9,0.13338586366294394,0.7297512118917218,0.44028766577965306,4.299265828835394,3.9227324488766384
0.1,0.0,0.7,0.6,1.0,0.7,1.123091211339794,-0.17756933037001138,-0.15020870547244544,0.30482490981021104,-0.07281941126733106
0.5,0.4,0.8,0.8,1.0,0.2,0.6556841453920796,0.2777202089172175,0.09466815499689823,1.1912964366933585,1.0989506670446814
0.9,0.9,0.2,0.9,0.4,0.9,0.8387003872755511,0.0664289465808194,0.10925051205144098,4.114715574331147,3.870778933131087
0.1,0.7,0.8,0.4,0.5,1.0,0.5381639840792558,0.36805298487990934,0.6180176461874075,1.4435797748017491,1.3745063423118518
0.8,0.9,0.5,0.2,0.2,0.5,0.6976611158574181,0.25417215563055146,0.31518384991425785,4.113417626334686,4.061004163553787
0.4,0.7,0.1,1.0,0.7,0.8,1.206251344035928,-0.35430319163748614,-0.4775068867841751,2.6657636628647374,2.735172004142349
0.4,0.8,0.5,0.0,0.7,0.5,0.4352413949609222,0.6620248589129494,0.6791874029981609,1.309448940160349,1.0332276726255742
0.2,0.0,0.2,0.1,0.1,0.9,0.6804985353198663,0.4862708950572642,0.24964197510215733,1.31061481497209,0.9574370597717587
0.2,0.1,0.5,0.5,0.6,0.9,0.4343927819615202,0.819014041525036,0.5925417194229468,0.693562228881985,0.2227750226081929
0.2,0.3,0.8,0.2,0.2,0.4,1.0926717015029435,0.05298211212654046,0.031601089788857416,1.1538454382332723,0.8818316539860103
0.5,0.3,0.5,0.2,0.1,0.0,1.0795897646897992,-0.15312179555989644,-0.1303972850223513,1.749812136191478,1.6317054449777184
0.3,0.2,0.6,0.6,0.7,0.1,1.0770017483906882,-0.24343388067622054,-0.41388908824697734,-0.4493062850593178,-0.7733862493995654
0.1,0.4,0.6,0.9,1.0,0.7,1.2939774361308267,-0.09017794360301803,-0.4598477192927814,1.4862493770287915,1.245972543907642
0.8,1.0,0.0,0.4,0.2,0.9,0.9906862257253211,-0.11486617311494746,-0.046316584708440925,3.7358541789963686,3.4695324791738003
0.3,0.4,0.1,0.5,0.7,0.0,1.531193939372622,-0.7875195029847646,-0.7923300868447143,-1.045143555414919,-1.1665656709431604
0.1,0.1,0.0,0.5,1.0,1.0,0.7460847808992266,0.4893880145341092,0.11247001190314815,1.7054805808346194,1.587733553102883
0.6,1.0,0.5,0.9,0.4,0.0,0.9508086160281546,0.07080428515449502,-0.029904191565640788,2.3375176493063154,2.044493594096496
0.1,0.6,0.0,0.1,1.0,0.0,1.4490785234677168,-0.23992034726112724,-0.37567326544973495,0.37512757005342745,0.284696026512189
1.0,0.3,0.5,0.1,0.3,0.0,1.532864597690254,-0.5051611807779747,-0.7336907616139909,2.739672712293545,2.44960426020766
0.4,0.7,0.8,0.3,0.1,0.6,0.5359391696042823,0.45400508950339946,0.4614388823561689,2.551443874466044,2.2069874874469777
0.2,0.9,0.1,0.0,0.8,0.0,0.05967679491505353,1.0942079501804738,0.8935912136500177,0.30708203036884635,0.22423678848074635
0.8,0.3,0.7,0.0,0.4,0.9,0.3019244775651886,0.6133597228812157,0.5401399244549494,2.471136722672963,2.3457594809896505
0.7,0.5,0.8,0.8,0.2,0.1,0.5390139778577663,0.42329202858068904,0.22715318904726817,2.0233396497883747,1.71021634359847
0.1,0.5,0.6,0.9,1.0,0.5,1.0358179092973465,-0.2701695829200852,-0.24813871577929764,1.3395084526157994,1.0440055452531498
0.8,0.8,0.4,1.0,0.9,1.0,0.5768914491118373,0.3780729390167551,0.19478311912968876,5.47088820820822,5.277912979251995
1.0,0.2,0.0,0.8,0.9,0.9,-0.1697440520067524,1.370978142214769,1.1795724594836448,3.7530851782889454,3.5608924514267954
0.7,0.6,0.3,0.6,1.0,0.5,1.7538816186482453,-0.9082933004421958,-1.1321209508127048,2.016890614839049,1.5890711670659037
0.6,0.0,0.6,0.7,0.4,0.2,0.740634870429145,0.29528066668903247,0.2164146808070269,0.7008686116091992,0.5449224554792613
0.7,0.9,0.1,0.7,0.4,0.8,0.01547264072204213,0.8829404551883147,0.7770341674033457,3.031975113809283,2.8737295290740272
0.8,0.0,0.5,0.6,0.2,0.5,1.3570537959841096,-0.3134469888883087,-0.6580516753956969,2.640742364544607,2.3007128465681186
0.8,0.3,0.6,0.2,0.0,0.4,0.7279606932430025,0.15638902962291135,0.1369418365092644,2.252642726731889,1.9836428660827903
0.3,0.6,0.6,1.0,1.0,0.5,1.7211284976979668,-0.878268026283931,-0.925351118541031,2.388108922120068,2.283413074613311
0.2,0.7,0.7,0.2,0.7,0.3,0.8275931369165104,0.19411173465701254,-0.024308824195065498,-0.025279511441777397,-0.022157143898792905
0.4,0.7,0.8,0.9,0.1,0.2,1.5330807456340318,-0.5104119049395669,-0.333744661080039,2.2712000555493836,2.0580846457378277
0.9,1.0,0.6,0.7,0.9,0.5,0.4322959002827639,0.26834076564305054,0.5435336598507237,2.6336905784243885,2.4589609272306863
0.3,0.6,0.5,0.4,0.1,0.5,0.9841303378340786,0.030338525227003123,0.026542310189238333,1.3865607985070834,1.3309663230568898
1.0,0.9,0.7,0.8,1.0,0.1,1.3956451676409065,-0.16264792344639417,-0.3656149668759646,3.017886782470371,2.7068076216822203
1.0,0.5,0.2,0.3,0.2,0.9,0.9362791008024864,-0.1500867632328673,-0.21524728509905644,3.7030470231883474,3.2741774519844142
0.6,0.8,0.6,0.3,0.4,1.0,0.35679584690806154,0.7815832384588737,0.4602699137340345,3.9878844970800644,3.831690577725763
0.1,0.5,0.4,0.6,0.3,0.2,0.9342377702275801,-0.22201773959566853,-0.13937462337002662,-0.4154157919181119,-0.4678670520697268
0.6,0.9,0.6,0.3,0.8,0.3,-0.17279963509177915,1.1235034306686393,0.975964874022067,2.196538000132312,2.062971784494016
0.5,1.0,1.0,0.6,0.4,1.0,0.696944959379494,0.3943438618850117,0.26052385551306234,2.597368066232369,2.3444642442575208
0.3,0.4,0.8,0.0,0.3,0.1,0.6416826464348663,0.5198996639054665,0.3511571168859883,-0.04556883416390527,-0.1474260578980344
0.4,1.0,0.9,0.8,0.0,0.8,-0.6005842005705784,1.4804145265675814,1.531046095515308,2.250586196940233,1.8854664536639798
0.3,0.8,0.0,0.9,0.2,0.3,1.904170313094563,-0.6928666601648675,-0.8340969477171363,2.036353560294991,1.958958808557523
0.2,0.3,0.2,0.2,0.0,0.1,1.4154353793848284,-0.197179643416741,-0.40571800504015115,-0.05872809878722689,-0.254061207823321
0.0,0.4,0.3,0.2,0.6,0.4,0.8479975723455254,0.13067769030752774,-0.008057671286844328,-1.3295086537565233,-1.6476448510869577
0.1,0.2,0.2,0.3,0.5,0.5,0.6832748632036414,0.17341120220632295,0.05484314288712388,-0.1384118101012187,-0.15634109262344142
1.0,0.1,0.3,0.5,1.0,0.8,1.5530530403453158,-0.3341563821201283,-0.6887221106657542,2.9326130795412144,2.7801560827661915
0.1,0.7,0.3,0.2,0.8,0.1,0.7855074444806401,0.11288671243964776,-0.0675420213955773,0.3801287501658911,0.016037359137010165
0.9,1.0,0.8,0.0,1.0,0.1,1.015948851166756,0.07855262592079863,0.06682647464306692,2.518092365476959,2.282743037910729
0.7,0.5,0.2,0.7,0.7,0.3,0.7407418285440541,0.26946535268917254,0.2153021125693837,0.6109410221999849,0.35282547839546075
0.6,0.8,0.1,0.4,0.0,0.2,1.237174843424652,-0.1934204806387327,-0.46338099508759645,2.564762225438207,2.264817966811228
0.2,0.8,0.8,0.4,0.8,0.3,0.16346471059075443,0.8963119462126847,0.7636100131404288,0.7325919944618893,0.7363284017050776
0.7,0.6,0.8,0.9,0.6,0.5,0.5752850262825149,0.35723022197367044,0.25337598433485703,1.7627151664908909,1.6577280733546644
0.5,0.2,0.0,0.3,0.2,0.6,0.5037579625546993,0.2844459123990181,0.12193059471385896,2.3655230327528436,2.0398462931652426
0.1,0.6,0.0,0.3,0.4,0.4,0.38760479061898573,0.5607507641708147,0.6754150183163119,0.08381995038975425,-0.08833236563686654
0.8,0.0,0.8,1.0,0.7,0.4,0.3716549749982345,0.7081061698114518,0.6223320616946195,1.808661847157024,1.7776933013262641
0.9,0.7,0.6,0.4,1.0,0.3,2.466314468515564,-1.6787752244668623,-1.6189524627657699,3.5581091069803037,3.2976974040925797
0.4,1.0,0.7,0.6,0.5,0.9,0.5759224347045948,0.6472578988548604,0.45289661812761794,0.7046357613014212,0.527603726132902
0.1,1.0,0.4,0.0,0.6,0.1,0.6242386444611877,0.3585972731233316,0.2901845523997654,-1.0710819975299675,-1.2056071859835333
0.5,0.0,0.5,0.0,0.7,0.4,-0.10741690958210345,0.8878137433939656,0.8914652400441819,0.327805291541347,0.07838256097458683
1.0,0.0,0.8,0.2,0.8,0.4,-0.6165262349426496,1.5328062152752648,1.5032899453366653,1.65927006694398,1.7312337536867057
0.8,0.1,0.4,0.3,0.7,0.7,-0.7861672965113111,1.838732725847981,1.4944631202977177,2.081753533882271,1.9949773783252684
0.9,0.0,0.4,0.2,0.9,0.3,0.33054331457201663,0.8976801411263867,0.7736955679333585,1.9980397693544776,1.8497250296684633
0.1,0.9,0.6,0.9,0.2,0.7,1.0276872340665455,-0.1813392201010956,-0.18300771922908715,2.5390847513456416,2.2551686182949955
1.0,0.7,0.4,0.8,0.7,0.7,0.5866386847092904,0.5026739362115823,0.4214769316493402,2.943707298182661,2.720425511264148
0.2,0.6,0.3,0.1,0.4,0.1,1.1293576327131145,-0.21909630846770745,-0.3021781697144516,-0.28261566316934816,-0.33450152477353934
0.0,1.0,0.0,0.9,0.4,0.3,0.6786975222499353,0.403360358904835,0.22092774091983006,0.47347858899791906,0.3575176525273198
0.3,0.4,1.0,0.8,0.4,0.7,0.0870870227523686,0.6900821192408028,0.5299664647043641,0.9882982184529547,0.5037046639019283
0.1,0.3,0.0,0.3,0.8,0.6,-0.3555249619137502,1.4608644157905872,1.166096306540523,0.08076989589750931,0.14503425917173587
0.3,0.7,0.6,0.6,0.0,1.0,0.820813895600433,-0.09777416423830734,0.01909767115898814,2.3922202833180295,2.137425611451967
0.1,0.9,0.0,0.5,0.9,0.2,0.8815034165298893,0.011646126434508797,0.027019849492733238,0.5237184071186458,0.23596880902394682
0.0,0.9,0.3,0.1,1.0,1.0,0.5720661914475942,0.3612104477894273,0.4221878892892076,2.3191884511179865,2.00781339216286
0.5,0.0,0.6,0.9,0.8,0.4,0.4292257372785441,0.5327083734705406,0.5007235447457342,1.234373409346603,0.9239956215027032
0.8,0.8,1.0,0.1,0.5,0.2,1.377383957212914,-0.2583451492174889,-0.4828204774450139,2.562699770627533,2.3985572318500727
0.4,0.8,0.4,0.9,0.1,0.7,0.8477948793960312,0.13009739126155045,-0.007218463192285016,3.0718692959281224,2.831991211491986
0.0,0.0,0.4,0.8,0.2,0.4,0.6381448245173627,0.3403687200744402,0.09828570905741194,0.29490222110602066,0.1591324251640477
0.6,0.6,0.6,0.2,0.4,0.6,0.4543356052548034,0.49277518380305046,0.28596182481622257,2.2734219589372455,1.9888109428576601
1.0,0.5,1.0,1.0,0.4,0.0,1.2285636446713806,-0.4645363578280226,-0.4779856639979509,2.6241032273130513,2.3644297861533463
0.3,1.0,1.0,0.0,0.7,0.4,0.37569927714147067,0.5312439267523215,0.6454413615676108,0.07946977978731495,-0.05752604748395919
0.3,0.0,0.7,0.9,1.0,0.9,0.9020412247230996,-0.06636883131974405,0.02661744649891621,1.8158532909482399,1.5621169987696601
0.5,0.6,0.3,0.0,0.0,0.7,0.33051260139622923,0.9361708703784148,0.6817757542498819,1.2257840673798808,1.0071977438627588
0.0,0.7,0.7,0.3,0.3,0.8,0.7829873504129264,0.20498200856641424,-0.041251754347448766,1.7798777140756472,1.5791589869051448
0.1,0.5,0.4,0.6,0.9,0.5,0.07697337265642859,0.9589162545325327,0.9143143938925221,-0.13815715581458987,-0.39665257068249643
0.5,0.5,0.2,0.2,0.3,1.0,0.5612073060335616,0.3070680826525489,0.1549615576871296,2.48984455579913,2.330908481661161
0.2,0.7,0.7,0.0,0.4,0.7,0.4659670958565282,0.4898675006266676,0.19982725546332364,0.9090474619392053,0.8209827730980361
0.2,0.9,0.6,1.0,0.6,1.0,0.6491280097993247,0.36621822172991264,0.22059738986259828,2.1235296296873365,1.852777285499306
1.0,0.4,0.1,1.0,0.1,0.1,2.0695224998677935,-1.0517189943990162,-0.9103157107676427,3.1391031618693006,2.737286509942213
0.3,0.2,0.4,0.7,0.8,0.4,-0.42340892310833766,1.283760392749576,1.432241486242835,0.14548750901631524,-0.15564018358609305
0.4,0.2,0.7,0.8,0.2,0.0,1.318235388458707,-0.23977290389769315,-0.21365059385840784,1.1161666134874992,1.1181363584989406
0.0,1.0,0.6,0.2,0.3,1.0,0.2139655937425397,0.7300473348914601,0.7132884684836577,2.528652910633609,2.1559271370412265
1.0,0.2,0.5,0.9,0.9,0.0,0.8619252086578985,0.11356156611546328,0.03689777601610583,3.344023194079979,3.097264195555915
0.7,0.8,0.6,0.5,0.5,1.0,1.4389708628454814,-0.2590612155635807,-0.38284466546226903,3.286313644063877,3.323595099937881
0.4,0.6,0.6,0.6,1.0,0.4,2.000058044988326,-0.8757326256471469,-1.124017070247741,1.2940739408065483,1.0374947383342352
0.8,0.0,0.2,0.8,0.7,1.0,0.27658439617895136,0.7526908186407631,0.6215572245919464,2.417569475517804,2.0774161854117215
0.1,0.6,1.0,0.7,0.3,0.8,0.641880805360889,0.5347704798870038,0.3332508402419883,1.3401483742913867,1.417165811478163
0.1,1.0,0.2,0.8,0.5,0.0,1.2158826568704726,-0.32059246997115937,-0.47375477479203,-0.4505425570793608,-0.7668768348360682
0.5,0.0,0.7,0.0,1.0,0.4,0.8774557777787196,0.04162581531918029,-0.022431224875084282,0.8702391933055396,0.6303489394290075
0.1,0.5,0.1,0.0,0.0,1.0,-0.5490870248802052,1.525710437349255,1.50060239189805,0.9767900660800497,0.8433336676142743
0.3,0.3,0.2,0.3,0.6,0.0,1.9965120128518998,-0.8204229282957247,-0.9230544535715032,-0.7681632965732382,-1.0321153423384515
0.9,0.5,0.1,0.5,0.5,0.3,1.3313893931808742,-0.46946132786850564,-0.40924557925596416,0.9884065602184894,0.9612593667293439
1.0,0.7,1.0,0.8,0.7,0.8,0.8883948584667203,0.11625690395073385,0.10223222454996819,3.5140969217054594,3.0443556330415897
0.1,0.3,0.4,1.0,0.9,0.1,1.2189531957478537,-0.060398162705290095,-0.2972773211331361,0.7482230255119096,0.8203752757613816
0.3,0.3,0.7,0.2,0.3,0.8,0.6155221546221628,0.30551835041793524,0.21378213324961742,1.4433782421880845,1.2657766766770822
0.4,0.2,0.6,0.5,0.6,0.7,1.338945739084307,-0.10152232201118941,-0.5431173095971833,0.5581889244637344,0.23892353953034667
0.5,0.0,0.8,0.3,1.0,0.3,0.6434818949711092,0.38893694668407647,0.23120379118666573,1.427656785866593,1.2218165749394896
0.8,0.1,0.3,0.9,0.5,0.2,1.1104239939099516,-0.21949098213511206,-0.1308997040101628,1.4716579673689465,1.2330040029734954
0.3,0.9,0.9,0.4,0.1,1.0,-0.18455887420695255,1.0564113356921734,0.899492676421589,3.051845319443784,2.9562331696841033
0.5,0.1,0.8,0.9,0.9,0.9,-0.7603267858954058,1.6829173868807024,1.6784435454336963,3.133313410802944,3.0677553955157224
0.4,0.1,1.0,0.6,0.2,0.0,1.6077615769449272,-0.6821673713440659,-0.7734777103276501,1.1966588955254536,1.0302847563839066
0.2,0.1,0.6,0.6,0.1,0.1,0.8841686499368885,0.03623067631122813,-0.06656847401080979,0.46502301105866806,0.1983818051893907
0.1,0.2,0.3,0.7,0.5,0.7,0.15372498326373796,0.7358764596749892,0.5956049848835954,-0.3091869831329329,-0.7735273725964638
0.4,0.1,0.8,0.4,0.5,0.0,0.3754068620716255,0.6372647003407935,0.6691448364611827,-0.10856245156050698,-0.2636694953468216
0.1,0.9,0.7,0.5,0.7,1.0,0.13407445885386654,0.8180894494416324,0.6334657616895422,0.614377925837977,0.5247567215969987
0.2,0.8,0.5,0.9,0.0,1.0,0.13603390220696338,0.7822307027561294,0.6533618334847757,3.4347665604206483,3.102269763974151
0.0,0.0,0.4,0.4,0.7,0.1,0.5539792498491674,0.45485804661789375,0.4648246038400958,-1.136551650230278,-1.4889321067963812
0.2,0.9,0.2,0.3,0.1,0.5,0.8354561390301994,0.05580352470849631,-0.13516297750294431,1.5037692825694866,1.245542684550626
0.3,0.3,0.3,0.2,0.3,0.3,1.5719044557212816,-0.5127590156662252,-0.7103667839866029,0.45133358334559714,0.09894550573691165
0.5,0.5,1.0,0.1,0.4,0.3,0.4048852469010038,0.565407367064225,0.44761162443397495,0.9124155800380601,0.6943836393458769
0.2,0.1,1.0,0.6,0.5,0.4,0.666084501172403,0.35961941815576387,0.25442227182386307,-0.23108470603796014,-0.4869640220942723
0.5,0.2,0.6,0.6,1.0,0.6,1.5321446114890565,-0.4605751563880475,-0.4882260597445407,1.9606241852163844,1.7408949261938222
0.5,0.8,0.9,0.0,0.5,1.0,-0.28181848673712584,1.0071534981089434,1.0312118535106753,3.0576061356858633,2.7470973502815297
0.8,0.4,0.9,0.9,0.9,0.0,0.7383514003046446,0.2812300318138902,0.34900866558896315,2.7604311072831953,2.5254700783709114
0.2,0.9,0.4,0.4,0.7,0.9,-0.30557541091876383,1.2693163094981113,1.1831269736197907,0.9713667942431345,0.8634151066608472
0.8,0.9,1.0,0.8,0.6,0.4,0.8787294434173796,0.14229778972795723,0.13705340745174013,2.2978312493083175,2.28948283855192
0.3,0.8,0.8,0.7,0.8,0.5,-0.2687206618886948,1.5576538242305356,1.3421195934391315,1.0804203039271594,0.9723950219883228
0.1,1.0,0.7,0.9,0.8,0.5,0.01635404332683716,0.933992997600032,0.8959979778687626,0.42649089523946393,0.41455880300204734
0.1,0.9,0.8,0.9,0.6,0.5,0.19279077802425218,0.7299034620496258,0.908772164352401,0.4724880069830183,0.2686260604174624
0.1,0.7,0.0,0.9,0.2,0.6,1.6167299281059226,-0.6353343472416471,-0.7994956576856093,2.172728025851407,1.8975357517376215
0.2,0.2,0.6,1.0,0.8,0.4,0.5995317257595826,0.36802637176023806,0.47341778520130967,1.1704514621134308,1.0206147371561736
1.0,0.3,0.1,0.6,0.3,0.2,2.3951369389683568,-1.1948164100790701,-1.3539088884368982,2.190524417253095,2.028510394961871
0.4,0.2,0.9,0.0,0.3,1.0,0.05080385283244701,1.2596940837851112,0.9613235616738327,2.9731924033739423,2.9093693697103418
0.6,0.2,0.2,0.8,0.2,0.9,1.115890370368208,-0.3929218580725035,-0.12449055580505403,3.491015143341132,3.2233050501080935
0.6,0.6,0.8,0.7,0.6,0.7,0.11903122607031427,1.0090634945719255,1.0053094017283195,1.3226310644351558,0.894724972040838
1.0,0.4,0.1,0.7,1.0,0.3,1.43595601342442,-0.7933023499392382,-0.9476349557962256,2.2840844143768524,2.174270177374766
0.5,1.0,0.0,0.1,0.7,1.0,-0.41502499526940595,1.3570630310826992,1.1106005448484637,2.0627010862830955,1.7110877032818697
1.0,0.9,0.9,0.0,0.5,0.6,-0.020222041274187114,1.1547216978003136,0.9911322090202026,2.8092372526985687,2.701077212810654
0.5,0.0,0.8,0.0,0.7,0.5,-0.5092863758652695,1.3700206866724687,1.315480352635344,-0.09734188043856773,-0.20812910682183905
0.8,0.9,0.2,0.7,0.6,0.3,1.3528476477362916,-0.3274970956526705,-0.40884984781425054,1.4242759816437058,0.9466627180040925
0.3,0.1,0.2,1.0,0.3,0.9,1.1701091504292944,-0.1598610107059107,-0.3941890113839098,2.47467640339602,2.7610152327881243
0.9,0.9,0.8,0.2,0.6,0.1,0.232682959882698,0.4609678863103716,0.5879870254777209,1.8039617610174294,1.7298632273033883
0.4,0.5,0.8,0.5,0.5,0.3,0.7295226085436822,0.23856341166148282,-0.050552078190512134,-0.7017190457449188,-0.7228185637609599
0.7,1.0,0.8,0.5,0.3,0.5,1.1308508820099936,-0.21960911002830524,-0.1829904269304183,2.617610393044372,2.2355415082928447
0.0,0.5,0.4,0.1,0.6,1.0,-0.38431451242741477,1.4195859638459036,1.3106217814503214,0.1980185644680645,-0.018889358699547186
0.7,0.1,0.6,0.4,0.1,0.9,0.3910522457582954,0.7765219407101088,0.5083054856785961,3.6672695140931313,3.444926925618422
0.9,0.5,0.1,1.0,1.0,0.6,1.507589397378131,-0.6720889327113544,-0.5037188347553867,3.8070314447343265,3.6648038447314746
0.7,0.3,0.1,0.6,0.7,0.5,1.0770117206866183,-0.49543134333886274,-0.3702937249912096,1.056613375109079,0.9306340905679938
0.8,0.9,0.3,1.0,0.6,0.8,1.0019959351288823,0.03417627821292381,-0.12168037717118636,3.037156787745287,2.9675617080788133
0.5,0.2,0.3,1.0,0.6,0.2,1.8779221012522775,-0.6521903260743581,-0.7463423182406886,0.8760057112268811,0.5241119617093395
0.3,0.1,0.8,0.0,0.3,1.0,-0.8279909853807171,1.8174437596920479,1.5566188791302475,2.021794878208128,1.773363118562164
0.3,0.3,0.3,0.9,0.5,0.8,1.0793851229234634,-0.14277111000210102,-0.35213777441716626,0.3239245476923862,0.3699398123992639
0.8,0.3,0.1,0.8,0.0,0.4,0.8729942852219503,0.05983712301520579,0.13762602415023317,2.285814604431625,2.0409413315821485
1.0,0.5,0.8,0.3,0.4,0.3,-0.14618553925056169,1.2514503323110273,0.9309877982213998,1.901243237842054,1.6771248139546913
0.3,0.3,0.0,0.5,1.0,0.6,1.8384987854119634,-1.044267475925623,-0.8802648650297795,0.8050544331688507,0.5279402645444702
0.9,0.3,0.9,0.1,0.9,1.0,-0.019778549523628022,1.232323696043979,1.1352380373010464,4.442782475910129,4.242928259557662
1.0,1.0,0.6,0.9,0.4,0.3,1.3064669087589498,-0.27182918722709615,-0.45613494587830783,2.7932425730766037,2.582668247038072
0.3,0.4,0.2,0.8,0.2,0.8,1.2152475500814632,-0.250174375839309,-0.6251254934553041,1.2743187418034354,1.170346766100938
0.2,0.3,0.7,0.2,0.1,0.0,1.109992020908486,0.1131231620296756,-0.21870815718612188,0.20949044269864386,0.22954553791109183
0.7,0.9,0.6,0.6,0.1,0.1,1.404176493616462,-0.2795408447964294,-0.5749359488927934,2.3600568687966392,2.193077270988677
0.7,0.4,0.4,0.4,1.0,0.6,1.0989407247009728,-0.41756940465425363,-0.349100835928409,2.251364550895259,2.0265130876704793
0.1,0.7,0.9,0.8,0.5,0.9,0.228568777001951,0.7522208078061485,0.8700994162351446,1.9215047173433475,1.648720722765035
0.7,1.0,0.8,0.5,0.5,0.5,0.8498533135848205,0.2106522466514622,0.030586984291709945,1.3332895658442034,1.2235161853960315
0.8,0.2,0.5,0.0,0.5,0.2,0.6162884893684096,0.521714009358946,0.2635346047890225,1.6439980870524502,1.411813819870933
0.6,0.5,0.3,0.1,0.6,0.9,0.2692756069996125,0.6307587408753057,0.5092528122934057,0.9964252712479761,0.7830957595089392
1.0,0.3,0.2,0.1,0.3,0.7,1.6899160032714997,-0.7061298586263622,-0.7967220985166722,3.118441608078812,2.732228227797299
0.8,0.9,0.5,0.8,0.6,1.0,-0.08361906354243026,1.0267909259022967,0.8597673899669829,3.5825187738220747,3.4854592806623748
0.1,0.1,0.2,0.3,0.5,0.3,0.7144162695974826,0.4148339230109652,0.18680393806061057,-0.435248408204986,-0.5348420099562258
0.5,0.5,1.0,0.1,0.3,0.4,0.8771479265551068,0.17886528912485747,0.13461527812991975,1.6143132430896694,1.4072537866889223
0.7,1.0,0.1,0.3,1.0,0.6,1.1289736028416881,-0.00432511930080251,-0.21442676397628438,3.5006373411935257,3.2735922614345223
0.5,1.0,1.0,0.6,0.0,0.4,0.9414220645255763,-0.12262764454740116,0.016751412016713284,1.2304715445850778,1.0820339560689782
0.5,0.4,0.6,0.5,0.7,0.1,1.4683728746777776,-0.4657419480084018,-0.6554843263885486,-0.317598259399702,-0.523543216858117
1.0,0.4,0.3,0.8,1.0,0.0,1.8826629226699563,-0.955764649946681,-0.971484228213481,1.65230908453562,1.6393787199791576
0.5,0.3,0.9,0.4,0.7,0.9,0.12261082632020587,0.8971729782936206,0.8155379975024336,1.8991003815393523,1.8602829093711366
1.0,0.6,0.4,0.5,0.0,0.3,1.375739705532078,-0.11707431652215419,-0.3087170908153535,1.9259265338788314,1.7379744760182312
0.0,0.0,0.9,0.4,0.8,0.5,-0.5161384263590807,1.5455165331654936,1.2680530625727566,0.1816843612607439,-0.09237964176094518
0.9,1.0,0.1,0.9,0.4,0.8,0.7264886383825548,0.19300719901204905,0.32792410995821863,3.6319699791663314,3.454476118629744
0.7,0.6,0.6,0.3,0.1,0.6,0.7817857052674706,0.31344270022293724,0.3261703124742654,3.1131160845397257,3.1154471409734446
0.3,0.9,0.1,1.0,0.7,0.9,0.409923003544724,0.6656564264408662,0.6423415698111243,2.4352594232346614,2.1614505501105414
0.8,0.2,1.0,0.7,0.2,0.1,1.4949901220312585,-0.26839374775333924,-0.6198415463498944,2.8671825171718215,2.5180429693659523
0.1,0.3,0.7,0.7,0.9,0.3,0.7048980444815127,0.45273155804399995,0.20036286547172588,-0.18079418690535676,-0.3294371193577612
0.1,0.8,0.2,0.5,0.1,0.1,2.5919998233340915,-1.5570530512982712,-1.5259128805070117,0.8823529071111699,0.6838581867772333
0.9,0.4,0.7,0.4,1.0,0.4,1.7271587570607458,-0.6898994798616981,-0.8245482887264322,2.162276352296057,1.7056928746524056
0.8,0.8,0.2,0.7,0.0,0.8,0.8254058126819246,0.23829163241077767,0.09124781512992744,3.4239045370943444,3.102961227482976
0.1,0.7,0.1,0.4,0.2,0.4,2.4093206508134744,-1.394364720145957,-1.5480893934128261,1.711284929227257,1.5410214593122544
0.4,0.0,0.6,0.6,0.0,0.4,0.9840614558774348,0.17396935767410154,0.15822304572248297,-0.13597764681503713,-0.20646993142601142
0.4,0.7,0.7,0.7,0.2,0.2,1.9189913657347357,-0.8076120119597888,-0.9513552433625351,1.444457572183677,1.1293885123154173
0.6,0.7,0.1,0.2,0.5,0.6,1.1505755801907542,-0.0837994584430323,-0.16147432577233398,2.483757541386924,2.11505867268168
0.8,0.1,0.0,0.3,0.3,0.3,0.36900432372122083,0.5544956831910062,0.5403389826468092,2.5531524069164178,2.4395062532187755
1.0,0.6,0.7,0.2,1.0,0.0,1.4281460966019828,-0.4285673004065602,-0.7180135334825666,2.5677717205845085,2.427644022205038
0.8,0.7,0.1,0.5,0.5,0.7,2.048246854914638,-0.9778379022361432,-1.2105690376171556,2.590449315555851,2.4310792890508104
0.8,0.3,0.9,0.2,0.5,0.9,0.2924071967513832,0.9346039058296906,0.802202957383032,3.2159927138840865,2.723666954495534
0.2,0.7,0.5,0.5,0.4,0.0,1.9854869476796078,-1.0642646075275741,-1.0984583493241278,0.7794409787145518,0.6506204721385436
0.1,0.4,0.6,0.0,0.7,0.4,0.3021088052861314,0.48467022980114083,0.5993519461068547,-1.021157732828309,-1.2234683223605614
0.0,0.1,0.3,0.3,0.4,0.2,0.3195710406150919,0.7218835299666289,0.6314751536264239,-0.18685723883734917,-0.5664664984588605
0.7,0.7,0.6,0.0,0.2,0.2,2.2334070772508596,-1.012466814601363,-1.2532518069701015,2.9580692166056886,2.797051389499536
0.4,0.5,0.5,0.7,0.9,0.0,0.08995102952530873,0.770271094699933,0.6163908219005966,0.4794138211016946,0.5177682808761984
0.2,0.3,0.4,0.8,0.6,0.0,0.9458209340903975,0.008022781288047884,-0.20093456653291736,-0.8800871254933342,-1.1696037785662297
0.2,0.9,0.0,0.5,0.4,0.7,0.44864444903291895,0.5182838765368908,0.3996783237965187,0.8428855061578124,0.8030634409285318
0.5,0.3,0.9,0.5,0.1,0.9,0.963743147373242,0.18994264760139107,0.026123585425514878,2.7037464962334736,2.571187896720625
0.2,0.7,0.1,0.4,0.6,0.7,1.6852551673558616,-0.4958502513161956,-0.8586849604988234,0.7096475992923609,0.7224758132151125
0.3,0.5,0.8,0.9,0.0,0.3,-0.0481866166401519,0.8521691020508859,0.9561524800248864,0.44213171778883725,0.4009514597876003
0.7,0.6,0.5,0.2,0.4,0.3,0.548864300753752,0.4803126357471722,0.5773009358591036,2.6576397535987075,2.339409976327373
0.3,0.7,0.6,0.7,0.5,0.0,1.5985269694579027,-0.520714602441235,-0.7735813173739112,0.16279423354279365,0.0013053989899436125
0.1,1.0,0.3,0.0,0.2,0.1,1.352667391468985,-0.3781244544263317,-0.5192099569560131,-0.03399006325051612,-0.08124974229515042
0.8,0.4,0.0,0.7,0.1,0.3,0.7413114409906418,0.11169639434346068,0.09644092954378308,1.6309109327084212,1.146081862773191
0.0,0.5,0.3,0.4,0.8,0.1,0.19981608712793741,0.5338978267214542,0.5063251382024595,-1.1084881805491504,-1.3715198341434107
0.1,0.3,0.6,0.3,0.6,0.2,0.9829309623968578,-0.3818161230617617,-0.4173722179366346,-0.784536116739141,-0.76224402230851
0.7,0.2,0.1,0.0,0.8,0.0,0.12457655970919251,0.7926133085952306,0.47289647572129145,1.7007312099522311,1.6199962129158778
0.6,0.5,0.4,0.8,0.9,0.3,-0.0069502664409483855,1.0860362446808378,0.9794362020428528,1.5683162704030758,1.2187648872567498
0.0,1.0,0.4,0.5,1.0,0.2,1.7001571308637171,-0.6723969454548842,-0.5625667375326904,0.32494661397484126,0.14910722337225168
1.0,0.6,0.1,0.9,0.7,1.0,0.6133453296222159,0.34194428593212245,0.3199807617345221,3.8437294905448485,3.5630920627474447
0.4,0.9,0.9,0.6,0.6,0.1,0.8479283409263177,0.17086080673386606,0.002474853427585331,0.3765784543035485,0.3202741469640856
1.0,0.7,0.1,0.0,0.3,0.6,1.5317892571084168,-0.8160816165593018,-0.7236598377101771,3.7716593872235946,3.588150844699655
0.7,0.3,0.9,0.1,0.4,0.8,0.1916021644199927,0.8739230724404288,0.9738864648857005,2.963838929931389,2.963384283687821
0.4,0.7,0.0,0.6,1.0,0.1,2.5822800965928514,-1.3398827193674985,-1.6158842672609335,1.0463049579421524,0.8836366281260664
0.8,0.9,0.0,0.6,0.1,0.1,1.2278115835345276,-0.3559393669719126,-0.260017437304699,2.3667063294973842,2.0523283440889335
0.0,0.9,0.9,0.4,0.5,0.4,0.2456847092107559,0.937957859127895,0.6139240246994109,0.5872455100864173,0.3692220794555846
0.4,0.3,0.7,0.1,0.6,0.5,0.8747830626872872,-0.12279576074669755,-0.10246440995385449,-0.45412215883418017,-0.4128473557889721
0.4,0.1,0.2,1.0,0.9,0.4,0.9445912778723456,0.07473194719488567,-0.2774003772676029,1.9274069517674464,1.832417940177559
1.0,0.4,1.0,0.6,0.6,0.0,1.8334449689969883,-0.6549001962237411,-0.8162722308986832,0.49491595620546736,0.5372080188837148
0.1,0.4,0.5,0.8,0.6,0.1,0.7153731594007139,0.257316759820422,0.12648352155592385,-0.798861724303753,-1.0299575840573199
0.2,0.0,0.8,0.1,0.0,0.9,-0.8499348997568955,1.9886910166530394,1.612887951142359,0.9985746607198994,0.6635429205600215
0.8,0.5,0.8,0.7,0.5,1.0,-0.692987912363457,1.8003008281039596,1.7539879121155826,2.428428879191034,1.94594901727067
0.5,0.4,0.5,0.4,0.3,0.6,0.896856984848124,0.04567578441006744,-0.14443633115503302,1.6241350772361696,1.5324288086077518
0.8,0.6,1.0,0.3,0.8,0.9,-0.37816065864426335,1.361948284341217,1.2652821713081073,3.5753299963285423,3.342441062493338
0.3,0.0,0.7,0.2,0.7,0.8,-0.35307996934339897,1.2275899448017218,0.9667943342183771,0.1579830724783079,-0.12326982216278258
0.5,0.7,0.6,0.9,0.6,0.0,2.151501740776643,-1.1155036874761861,-1.2841400073819256,1.2358948367215283,1.1585960077869044
1.0,0.5,0.7,0.9,0.5,0.3,0.9900758223580731,0.1986731300452322,0.20081490121431986,1.2609346794794094,1.1693097317122314
0.1,0.5,0.1,0.7,1.0,0.4,0.8668273395269023,0.12727666176139224,-0.030565395302197998,0.5098203442568174,0.15856926366970664
0.1,0.3,0.4,0.7,0.3,0.2,1.1797812780983195,0.018099037246683297,-0.31466718905930036,-0.12458669850836628,-0.2827248766337519
0.4,0.6,0.1,0.7,0.8,1.0,-0.32080780678233706,1.4589571763979223,1.159836346888328,2.1046642760099714,1.9450215274252285
0.3,0.8,0.9,0.6,1.0,0.7,1.1817641136686876,-0.20557696335128953,-0.34310186755073513,2.5993826204877335,2.2772766281519377
0.9,0.3,0.2,0.0,0.3,0.5,1.9396657222578102,-0.7754432093964124,-0.8688417048031237,2.5059781788003956,2.185718791140435
0.9,0.4,0.2,0.6,0.2,0.8,1.8766025475502797,-0.9403131577927915,-1.161643424235513,2.7811924318293584,2.3509286190481093
0.9,0.1,0.3,0.0,0.4,0.1,0.5031144669636268,0.5723254740699734,0.2887260359062202,1.2601559789445158,0.9770359421854407
0.0,0.2,0.5,0.4,0.9,0.4,0.42335938974474197,0.656231162645373,0.6521344172884447,1.1346403072139235,0.7598005547566107
0.7,0.7,0.7,0.6,0.8,0.6,0.7212987269209422,0.25021062105723985,0.09303977224380738,2.2867684858992265,2.024834616945606
0.5,0.6,0.7,0.6,0.2,0.8,1.2853046875773038,-0.28252905787539717,-0.5574006503529074,2.104759397391095,1.727737544469375
0.7,0.3,0.2,0.0,0.2,0.4,2.2689018422784137,-1.0267147772805496,-1.195820745329169,2.2557118587184055,1.9273690292468881
0.8,0.4,0.1,0.7,0.3,0.6,0.9149514741574295,-0.06534831619407032,-0.29163573948987254,2.5369002849248705,2.1275101508621286
0.0,0.5,0.7,0.4,0.3,0.4,0.856291137629998,0.13956621559976537,-0.0807694401751429,-0.3599417841775705,-0.19526031474550995
0.5,0.1,0.8,0.6,0.5,0.3,0.42918271714033973,0.9173747538757853,0.6500577799378212,0.11660486249307857,0.060293631953136535
0.1,0.7,0.3,0.8,0.4,0.8,0.681590776650242,0.25214936510436625,0.11170738020652547,1.3153555402162853,1.1354516400858432
1.0,0.9,0.2,0.4,1.0,0.8,1.4776472045300173,-0.6058674368800858,-0.8160516742552243,4.001077977448768,3.8468338146330368
0.2,0.7,0.7,0.5,0.7,0.8,1.0902426506321254,-0.23209271540402737,-0.2724621362220226,0.44336420039757557,0.5985146633938628
1.0,0.1,0.0,0.2,0.2,0.1,0.7902502637796737,0.00015424606133035423,0.07614041616223702,2.6110629421408795,2.39390888718991
0.6,0.9,0.5,0.3,0.9,0.3,-0.07006477580615642,0.8687443948310947,0.9854034876190978,2.9561914552418287,2.5635130201435397
0.6,0.3,0.0,0.5,0.4,1.0,0.9583218605712119,-0.055006594105884835,0.0713966500248284,2.356553379219805,1.9058848665916388
0.5,0.6,0.2,0.1,0.6,0.7,1.069604423068898,-0.09430345306629953,-0.1979215415387173,0.7862278469135167,0.8139009797485482
0.6,0.7,0.6,0.9,0.7,0.5,1.3913733315773409,-0.4586231597046183,-0.41656985914798256,2.4305937068967935,2.2449121338190823
0.0,0.6,0.3,0.9,0.5,0.5,1.0823683879703965,-0.058959617859341715,-0.07927185237409853,-0.13313630305525354,-0.3685319841167995
0.3,1.0,0.6,0.6,0.3,0.6,1.27425673513255,-0.2399284050293695,-0.34629028743214396,0.9872793009944024,0.9190895233424035
0.5,1.0,0.7,0.1,0.8,0.1,0.134826810509944,1.044177109292108,0.6169039437375353,0.5621381594943972,0.6425076634164754
0.8,1.0,0.1,0.5,0.0,0.8,1.0320921998401,0.08046303134485921,0.05558555399731491,2.8653501542141737,2.85799087174515
0.0,0.7,0.2,0.8,0.0,1.0,0.7023759708654014,0.3667135443893005,0.0981200181460867,2.148473948738823,1.8856033443856388
0.4,0.1,1.0,0.4,1.0,0.1,1.3243098089826348,-0.5163732333738916,-0.49895476687697443,1.382541717273637,1.3286073156406304
0.6,0.0,0.8,0.0,0.2,1.0,-0.019560913637825618,1.1016374179230297,1.0124810605152168,2.952203129407553,2.700337475558508
0.9,0.3,0.7,0.6,1.0,0.1,2.4189761312409406,-1.3815878401255364,-1.5012655007665823,1.7815328050075818,1.6566886252003399
0.1,0.9,1.0,0.3,0.8,0.7,-0.7490996987541166,1.7051081365642382,1.603605840363472,1.568255511111801,1.4073243011578742
0.7,0.3,0.1,0.1,0.0,0.4,1.010484542768868,0.03711710189165135,0.006778331551449794,2.1794610117322937,1.603302725940381
0.3,0.8,0.2,0.0,0.8,0.8,0.4221173431354215,0.7835841432575438,0.45623360179015915,1.5185757744088764,1.4667312700704431
0.7,0.4,0.1,0.2,0.6,0.3,0.9605233093608754,0.09089236560885783,-0.21852590879554018,0.9342632686555755,0.7715512290910527
0.0,0.9,0.2,0.3,0.5,0.4,0.7723607171923739,0.2597077117065765,0.27321442628125503,-0.008311322796226955,-0.19289798168746458
0.2,0.6,1.0,0.6,0.6,0.6,1.2988918875806887,-0.38529605139199896,-0.2695555719057654,-0.16423243344988703,-0.453269114413933
0.3,0.5,0.5,0.0,0.8,0.8,-1.2973100178546995,1.9450878291195595,2.001108717176358,0.7626523569019478,0.6353463131882612
0.3,0.9,0.2,1.0,1.0,0.9,1.6168842344394148,-0.6155391532309823,-0.5735638522762857,3.5023339886656006,3.171293691814203
0.2,0.0,0.8,0.1,0.2,0.5,0.5133631516954227,0.5652982227216721,0.5571238062608879,0.5408319135995305,0.5040554834012818
0.7,0.3,0.5,0.4,0.5,0.4,1.1570451219587414,-0.146009989692508,-0.21886594730258954,1.4735799796715077,1.315636817412535
0.8,0.5,1.0,0.3,0.9,0.7,-0.2828831951908213,1.1919681857019124,1.0896301341153598,3.004643433652924,2.932818662367768
0.1,0.9,0.6,0.8,1.0,0.6,0.7397435872097091,0.46776745111674933,0.10747399987314761,1.9621806216469846,1.630728108825291
0.3,0.9,0.0,0.2,0.4,0.9,-0.23431496136021945,1.2777169712516319,1.2864720798796692,1.9736423497274804,1.7208100790568266
0.0,1.0,0.3,0.4,0.0,0.0,1.0200883928910822,0.11604357258066209,-0.2331149661565128,-0.5301522305932519,-0.6489123526969007
0.9,0.6,0.4,0.9,0.3,0.6,1.0376746007268471,-0.0961736555443431,-0.3588722843818104,3.3747589810272784,3.419729125189284
0.5,0.1,0.1,0.6,0.5,0.5,0.706094169141399,0.44122257618958804,0.19459888135020068,0.6976805017052561,0.5554865588585639
0.3,0.6,0.4,0.1,0.4,0.3,0.5634183871081622,0.5277268262817697,0.5450957602910531,0.23425168100941068,0.3366678460899032
0.8,0.6,0.8,1.0,1.0,0.2,1.6165403078789762,-0.644381715811475,-0.5845028336242066,3.521091516339572,3.38828037362409
0.1,0.6,0.7,0.3,0.7,0.6,-0.14694551723312518,1.0830627457436584,0.8458960352808662,-0.1952266834917959,-0.38329334709361557
0.4,1.0,0.8,0.2,0.6,1.0,-0.20115084003732797,1.3188768979535277,1.2892005111508682,1.4229189494551464,1.3522599994533766
1.0,0.6,0.0,0.4,0.8,0.8,0.0670918763071747,1.0534409584958562,0.8389238705649447,2.7347052842976156,2.586557860385181
0.0,0.8,0.3,0.9,0.8,0.6,0.5556580860206805,0.5198299733366603,0.4162914416816005,1.30262632575666,1.001830214276907
1.0,0.0,0.3,0.8,0.7,0.8,0.15085527406709925,0.6805100106955252,0.6822427715363427,1.41234237860952,1.198181059911573
0.7,0.1,0.4,0.3,0.6,0.5,0.010101594358286267,1.003959345486267,1.0388768944337308,1.2227088095095902,1.2345287050247005
1.0,0.4,0.6,0.2,0.7,0.7,0.35892614238882403,0.7041695548981047,0.46002755624338393,1.7584482267215173,1.7341658291804651
0.3,0.4,0.2,0.2,0.3,0.7,1.0685100104544454,-0.15921862012648827,-0.27418892494827724,0.9703189878807462,0.8407325691129732
0.4,0.1,0.9,0.9,0.9,0.6,-0.31698026355197734,1.3759290983871157,1.1246591569945579,2.516343358533816,2.4987739726293903
0.3,0.1,0.6,0.8,0.1,0.9,-0.08580072467090229,1.0197368437152858,0.9157373357720268,2.256563333805108,2.1157808040717723
0.5,0.3,0.5,0.9,0.9,1.0,0.43455756117053607,0.7555956401685349,0.680922971417034,3.587543718187978,3.4884313287836917
0.5,0.2,0.5,0.9,0.5,0.7,0.2954843044571679,0.8005138937364531,0.4448099814448421,2.329181737240897,2.0320776879474276
1.0,0.6,0.5,0.4,0.1,0.9,0.670005281562512,0.3202448473758781,0.22325416094767805,4.228318215541241,3.9473831192237014
0.8,1.0,0.6,0.4,0.5,1.0,0.6372764589202957,0.3369967830080004,0.4236036741419513,2.9641565952845665,2.6695580468849527
0.0,0.4,0.5,0.1,0.9,0.4,0.13811973409570188,1.015586298192806,0.6203645493319928,0.643279027236796,0.28546696979504754
0.0,0.0,1.0,0.6,0.6,0.0,1.3323806102783087,-0.4016981379512473,-0.5786971354651602,-1.6332836867031004,-1.7261303897225029
0.9,1.0,0.6,0.4,0.7,0.4,0.8724995358579,0.12188643268311877,-0.21927158330308816,1.8434658411820686,1.5177535393272026
0.7,0.8,0.1,0.6,0.6,0.9,1.3383611144765049,-0.32320630246246274,-0.4173543601633246,2.638055350831564,2.6692253495880958
0.3,0.6,0.9,0.9,0.0,0.0,0.6395524113938312,0.44864863169611247,0.21990010056123116,1.375529448543692,1.0257729669379836
0.5,1.0,0.6,0.8,0.5,0.1,1.0671938067711788,0.1381269493681596,-0.22273880663418988,0.6652140217942227,0.452503172102662
0.3,0.8,0.2,0.4,0.6,0.6,1.8374945460331857,-0.8861685316665447,-0.9433127473363793,0.5444254248862141,0.36361665946811905
0.6,0.8,1.0,0.0,0.5,0.0,1.2181414143774616,-0.11864538393662576,-0.2784781451844318,1.6452844940556763,1.4348697561244188
1.0,0.8,1.0,0.1,0.6,0.0,1.4647019772010585,-0.7595155386260545,-0.7359763410753725,2.4849686051763413,2.065492044303273
0.4,0.9,0.5,0.9,0.2,1.0,0.48046839662189306,0.3197987592798801,0.39733803099159826,4.285878471315993,4.117444510766804
0.5,0.9,0.2,0.7,0.9,0.2,0.9252441837550295,0.3134660042847027,-0.07167366455940832,1.6404802839364678,1.3829991308335066
0.3,0.6,0.3,0.3,0.3,0.2,1.409208379738414,-0.5443352134288747,-0.5734223756310685,0.5633536262023112,0.29677818911195164
0.9,1.0,0.4,1.0,0.5,0.1,1.2384153335915105,-0.3182537862312684,-0.3421353687557831,2.3749794913849636,1.9240220677686108
0.3,0.4,0.3,0.1,1.0,0.7,1.0487620862870337,-0.1349781823642897,-0.2824930774334403,0.6360673120231307,0.5389085008031365
0.4,0.5,0.2,0.5,0.4,0.6,1.3324460272695131,-0.3288869408490402,-0.34701066773711786,0.15823216796770934,0.03741820610587248
1.0,0.9,0.4,0.3,0.5,0.6,0.16635465829726043,0.9131252163218277,0.8496756702422064,2.5215253959203654,2.3327867553516994
0.6,0.9,0.6,0.8,0.4,0.0,0.6502438542958023,0.4406117166192861,0.29791823698397435,2.130519766864518,1.812746069954266
0.3,0.0,0.7,0.5,0.6,0.6,1.199965457577255,-0.2279617295240567,-0.25359350625552396,-1.0976267000302167,-1.3039497168062444
0.6,0.3,0.6,0.2,0.9,0.4,0.9819663009497315,0.18770998330992633,0.22509360651879495,2.14340664842516,1.9814055222689446
1.0,0.1,0.9,0.5,0.3,0.8,0.7173795397564765,0.4015724725812611,0.4185986091674523,3.9148397947838407,3.6255994194054915
1.0,0.5,0.9,0.2,0.7,1.0,-0.8237105001824246,1.8917326587181684,1.7820187191445682,3.2161265117386466,2.9585459548249093
0.8,1.0,0.5,0.9,0.7,0.8,0.15936231125148054,0.8896707294186287,0.6850097140927959,3.3024962552647272,2.8978535640042757
0.7,0.2,0.2,0.2,0.2,0.1,1.7748229614114297,-0.9816028117059759,-0.9240633025325324,2.599843737415876,2.6220256446341232
0.8,0.7,0.3,1.0,0.9,0.4,1.8870781252906887,-0.8824575226005279,-0.9710222025931359,3.5789498224864014,3.3937259631643313
0.1,0.7,0.6,0.4,0.7,0.7,1.2232013197737772,-0.035836970624520015,-0.1490045626162176,1.0702671422306702,0.45088788033243543
0.3,0.2,1.0,0.4,1.0,0.7,1.25401165195285,-0.30127730763169186,-0.1919129146316971,2.1015724669066675,1.834075460470503
0.8,0.7,1.0,0.5,1.0,0.8,2.378750247005392,-1.391805673899288,-1.4198912118144795,4.260517555584858,3.973843635753229
0.9,0.2,0.6,0.4,0.4,0.7,0.8499598489617046,0.120314962102753,0.3067470591266591,3.0582642704805694,2.66782911093892
0.0,0.1,0.0,0.2,0.7,1.0,-1.0813247012220568,2.1818341062828597,1.925043899042485,1.123996274366643,0.658919020880861
0.8,0.8,0.9,0.9,0.8,0.7,-0.04301925195118403,1.1377032914189356,0.8792956882048228,4.230235987337631,4.2466345066001665
0.3,1.0,0.5,0.5,0.0,0.3,0.8719826306810553,-0.19509050366119277,-0.19207405760758123,0.46800902939463646,0.47669816246735475
1.0,0.6,0.8,0.5,0.4,0.8,0.5607185097370682,0.20145536552166357,0.360438050002198,2.7194215105065167,2.620772933073656
0.9,1.0,0.4,0.0,0.0,0.4,0.011559734781075581,0.6966881419949702,0.8224402887099782,2.0172956057752502,2.1687913895167434
0.9,0.7,0.2,0.6,0.8,0.5,1.5970234057587542,-0.4576471615450678,-0.7581114651960271,2.5560801584279926,2.2678265774780852
0.9,0.1,0.0,0.0,0.4,0.4,-0.08043508667790147,1.2063421845279256,0.7794750561714212,1.7537981950239727,1.6919317858656526
0.6,0.6,0.2,0.2,0.3,0.3,1.6671972092076923,-0.43700022773817315,-0.772315590258472,2.043521743283067,1.9881620342390471
0.6,0.4,0.5,0.1,0.3,0.4,0.764006725488254,0.20526337642153392,-0.050787521938943925,2.051793381763387,1.873951194148052
0.9,0.5,0.3,0.4,0.2,0.1,1.9361389722015798,-0.8778440694998163,-0.9922343415860829,1.650849825361391,1.487007295496581
1.0,0.4,0.8,0.6,0.2,0.1,1.6155430557678547,-0.4502293656054611,-0.6949449118270955,1.8960963647921087,1.7332137281085611
0.2,0.8,1.0,0.6,0.0,0.8,0.903765250698942,0.3603776672733336,0.19128239110497589,1.7491804742487205,1.7234595967901332
0.8,0.6,1.0,0.4,0.0,0.8,0.4391122694244426,0.11474089662728726,0.29606944435315785,3.275451093396034,3.2271823944586986
0.3,0.7,0.5,0.2,0.8,0.8,-0.19370042573388369,1.2119318787577456,0.9284449174066577,2.2904179799133835,2.1834416064559954
0.1,0.0,0.8,0.4,0.7,0.0,0.4866494716987563,0.76500795575979,0.6127819478429577,-1.1264070848252647,-1.3523975472165417
0.8,0.9,0.7,0.5,1.0,0.1,1.8996289768850692,-0.8546286157925237,-1.0186069928358437,2.3631338986014674,2.2558024909468246
0.8,0.0,0.5,0.6,0.1,0.9,0.6803816656154142,0.3110128531324008,0.2857159744386054,3.22304116648226,2.9157614253670894
0.2,0.1,0.4,0.8,1.0,1.0,-0.13671887743225772,1.2793892657913164,0.9593627990741797,2.2909016964960713,2.285853181808471
0.5,0.9,0.6,0.6,0.4,1.0,0.4048999332663101,0.5118104841203759,0.5654264001037215,2.5873403588558364,2.752234074828731
0.8,0.1,0.9,0.8,0.9,0.4,-0.4784860014701418,1.5426705883730851,1.4673562559241207,3.2212261153420783,3.145070520822951
1.0,0.5,0.2,0.4,0.7,1.0,0.8161730994706237,0.35983505939819693,0.2965828974764158,2.4214866974852605,1.9435817168388463
0.4,0.8,0.8,0.7,0.0,0.9,-0.39684926382105534,1.4479548849087156,1.244771520038141,2.4658418387336933,2.225144118117804
0.3,1.0,0.9,0.4,0.9,0.9,-0.036342044637467236,1.2610681597259459,1.1243164658220282,2.3304509207172655,2.2972483775553396
0.5,1.0,0.7,0.4,0.0,0.0,0.8483066625789779,0.09614850956960157,-0.1567819090126377,0.8351595865202506,0.5325515822950303
0.9,0.1,0.2,0.3,1.0,0.9,0.7481759552274643,0.13154850632816717,0.057381235944656474,3.985659755404578,3.7215594653198476
0.2,0.6,0.5,0.6,0.1,0.7,0.8191168679720569,0.27892254988572546,-0.004861974017953186,1.5674306642926235,1.0849618180070082
0.4,0.9,0.3,0.7,0.2,0.3,1.334908247210238,-0.31968205668623784,-0.46764583943952953,1.2589762710816725,0.9981662136918086
0.1,0.0,0.9,0.0,0.2,0.9,0.06674900633229357,1.0235338959857971,0.9945000334536777,1.8884268312316796,1.475767357594891
0.5,0.9,0.8,0.9,0.9,1.0,-0.5863313563627472,1.398338300878053,1.5934518238285487,3.821026810298247,3.7073751691536563
0.4,0.1,0.9,0.6,0.4,0.3,0.30274027567771233,0.8043440401578427,0.6907820351311474,1.040444662707341,0.6570032574912822
0.3,0.4,0.5,0.5,0.5,0.0,1.518160836522857,-0.5449822786346249,-0.6516028908055496,-0.758997249745476,-0.8809483122705716
0.3,0.1,0.1,0.8,0.1,0.2,0.5012177953103548,0.33254675010620205,0.3760835410702205,1.142477457921833,0.9734371618704015
0.6,0.7,0.6,0.7,0.8,0.7,0.30255182154557186,0.9875336756465795,0.5269457116379712,2.5616170543978614,2.5257608419561444
0.1,0.6,0.4,0.4,0.5,0.7,0.5278007436400208,0.63092569138206,0.410804380800169,0.05960746079422317,-0.02890338470927485
0.6,0.9,0.4,0.0,0.5,0.7,-0.26437437466303754,1.2051615619003275,1.1762611270309467,1.6568171308994746,1.523407181277386
0.6,0.8,0.8,0.8,0.1,0.8,0.039182179665613825,0.7887758020086006,0.784034223341487,3.8665893817754746,3.4062620441408833
0.3,1.0,0.5,0.8,0.7,0.7,-0.16301702901342782,1.3115098018600846,1.176336379522414,0.9256375048227489,0.9818005937127213
0.8,0.6,0.4,0.4,0.3,0.6,1.0647694180590888,-0.1293313034685903,-0.1571039114511144,3.016749592599842,2.576748955030178
0.4,1.0,0.7,0.9,0.8,0.3,0.4218992224482486,0.5983388828590368,0.5059799747270957,0.8241486702879852,0.4817549401308463
0.0,0.9,0.7,0.5,0.1,0.6,0.7115474110134713,0.19091595327480257,0.06812858493338869,0.891400636078121,0.599056908861814
0.4,0.9,1.0,0.9,0.8,0.3,0.3554395206277123,0.8871752051022519,0.6623163577290572,1.9877012052731193,1.5496531721485982
0.8,0.1,0.9,0.1,0.4,0.1,-0.06246122314649048,0.9516487865976266,1.0238330131654845,2.596009253202154,2.127127354101106
0.2,1.0,0.2,0.5,0.6,0.2,2.162971379065801,-1.2501726266813762,-1.3995207373377228,-1.1242201082695593,-1.2014599782323914
0.3,0.4,0.3,0.0,0.5,1.0,0.3726822962723213,0.6617475091919465,0.5975901157781075,0.12720147145021132,-0.12038033943408376
0.4,0.3,0.2,0.3,0.2,0.0,2.3336612145146485,-1.330464571891727,-1.4071307783216538,1.0679126449094238,0.9225143033949874
0.4,0.1,1.0,0.5,0.3,0.2,1.5783901988236837,-0.6544077190264952,-0.6293470863248282,1.2265079253858702,0.84493631032568
0.1,0.6,0.0,0.9,0.4,0.0,1.1045988275331178,-0.18756289034586673,-0.08065733793861779,0.39107729562074267,0.04949889857874231
0.6,0.7,1.0,0.6,0.0,0.3,1.666440317620262,-0.624136971414977,-0.6966664925749608,1.9540628015751509,1.9043447976545516
0.4,0.1,0.0,0.6,0.5,0.5,0.2886513241962996,0.45449162412121313,0.3828882062886391,-0.21577379037798466,-0.36315097311976346
0.3,0.9,0.3,0.1,0.8,0.6,-0.34060205350579387,1.0487054943921792,1.1879452013428806,0.6860841399835276,0.6496019997168203
0.5,0.2,0.4,0.2,0.7,0.5,-0.05378473124577335,1.2201965327691897,1.0743596499956904,0.9384485236801697,0.6973811616702094
0.7,0.6,0.6,0.1,0.7,1.0,0.1537809815615122,1.0167070179958408,0.9233268640702457,2.8636596945209534,2.6734594957861235
0.1,0.4,0.3,0.9,0.6,0.3,1.4612266796255984,-0.3956074048275191,-0.5835873255256115,-1.173255015041559,-1.279941441602357
0.6,0.1,0.9,0.5,0.5,0.8,-0.040459855508618525,0.9718111643870103,0.9001666867867636,2.159911624931995,1.9055704406493439
1.0,0.8,0.1,0.5,1.0,0.0,2.925877368094004,-1.7701410800961976,-1.9900827855604355,3.272158265175958,3.2029875797825893
0.2,0.8,0.4,0.7,0.0,0.1,0.5846001362529969,0.36838507022075356,0.458032691108719,0.6033873582015249,0.14644984088736115
0.1,0.8,0.5,0.6,0.1,0.4,1.284629594928085,-0.3356730152906198,-0.24613437997462748,1.4803357768850187,1.3640096031272166
0.8,0.1,0.4,0.1,0.4,0.0,0.33578764429409524,0.5404326931624999,0.49472426268100156,1.9618764842876908,1.7382583294231053
0.8,0.1,0.9,0.9,0.2,0.2,0.8748464217080965,0.13364928608929644,-0.12541642013125637,3.755741604917632,3.469134461353491
0.4,0.7,0.1,0.3,0.5,0.4,1.3755992408767361,-0.33022247062659243,-0.5832305560451364,1.2853925269700033,0.9636026324348748
0.8,0.3,0.8,0.7,0.3,0.2,0.8930056313768859,0.007581499630307891,-0.29542797963317124,2.1664252958340873,1.8698617044078314
0.7,0.8,0.9,0.3,0.0,0.1,0.4760179805899958,0.5291292640572125,0.6113535581588438,3.046516269388057,2.890423551995706
0.3,0.2,0.4,0.7,0.6,0.1,0.596124625001568,0.4666147251366328,0.22854663640853576,-0.9281628256041468,-0.9550651111493236
0.7,0.2,0.4,0.9,0.0,0.0,0.637794361075639,0.305402314693279,0.24853388867952078,2.31833865610634,1.9562264670057516
0.6,0.7,0.5,1.0,0.4,0.7,1.1805231118920225,-0.016638613106065292,-0.26974238653412913,3.934850455059994,3.9815557542588107
1.0,0.7,0.8,0.1,0.4,0.5,0.8466727986222793,0.37584068370850743,0.17748639997193077,2.8161647708077395,3.0418983041673058
1.0,0.6,0.0,1.0,0.9,0.2,1.013811855251533,-0.28156484457077363,-0.4698905404348148,3.2720525671059564,2.9899018091091487
0.5,0.6,0.1,0.3,0.4,0.6,0.5115725886340605,0.5373333397558242,0.5489231473467522,1.8868084951322026,1.8062134445267581
0.2,0.9,0.7,0.3,0.6,0.9,-0.1058739275075478,1.0003389849320583,0.965582542973697,0.918205173903351,0.615084669555283
1.0,0.9,0.5,0.0,0.7,0.6,-0.28516542374397946,1.1183966034473236,0.8149055553482034,2.428968670892771,2.456608984930228
0.5,0.9,0.0,0.4,0.4,0.8,0.10249569156979119,0.9286697046965691,0.8570884311176091,2.476868741879445,1.871440643747917
0.5,0.8,0.4,0.1,0.9,0.5,0.21370003302119447,0.6762124954563249,0.4730847810267943,2.5491360447486264,2.4558392884122258
0.2,0.1,0.8,0.4,0.4,0.2,0.06197243994044776,0.9196212384205805,0.6641875364982899,0.04476117794367142,-0.33283214082929413
0.5,0.2,0.7,0.5,0.7,0.0,1.2026358005768862,-0.19856758304460065,-0.5822867274252728,-0.14404997298024955,-0.1894603210843841
0.2,0.3,0.8,0.6,0.4,0.1,0.9148884718883101,0.025240791576127845,-0.328491274040134,-0.6483483108020296,-0.7239928674485073
0.4,0.5,0.4,0.4,0.2,0.9,0.686999715633999,0.3745031968687335,0.28624404832239214,1.812203202452236,1.7082895683359682
0.0,0.2,0.7,0.4,0.5,0.8,0.34047195790583473,0.5728417470347511,0.6620352325548019,0.16217552599347612,-0.11957085883374924
1.0,0.6,0.6,0.9,0.4,0.1,1.4801915526046134,-0.4900913910533173,-0.7450379376156451,2.5069404130131967,2.485389261584899
0.6,0.4,0.4,0.8,0.4,0.8,-0.24962036873159474,0.9682310714602121,1.1306392446968032,1.8760080001671573,1.69491890159794
0.2,0.3,0.9,0.9,0.2,0.9,0.723016109797076,-0.12164446424951858,-0.12785906288626844,3.011245633337211,2.737851721145307
0.2,0.6,0.4,1.0,1.0,1.0,0.9617288394676917,-0.18525925959197914,-0.06734935353104529,3.26101230634815,3.0172646492903374
0.8,0.0,0.6,0.5,0.8,0.0,0.9562714168796032,-0.11270508691520847,-0.1768451554246333,1.2275800569068687,0.7920475127691597
0.7,0.8,0.4,0.1,0.9,0.7,0.162051813437219,0.9245557611567143,0.7179279583975007,3.7320701267572574,3.5037121099514086
0.5,0.0,0.1,0.5,0.0,0.8,0.8355498570503687,0.30456500997176794,0.22461738359224592,1.3493770805488174,1.296019492123667
0.0,0.7,0.9,0.8,1.0,0.1,1.4594961351744131,-0.4553733356037711,-0.5532710773957394,1.797871902844991,1.6213511245956558
0.9,0.6,0.1,0.7,0.5,0.6,0.6491393461178602,0.1156521675211084,0.17354565836359365,1.9793372590042642,1.5446458585705387
0.3,1.0,0.0,0.6,0.7,0.7,0.36931433211266795,0.5406754925721324,0.5581353100518686,-0.08465098984678866,-0.232583273770786
0.9,0.9,0.9,0.2,0.5,0.8,-0.36038077647721306,1.4825128643738572,1.3590943517580174,3.5192833817610603,3.433146758328356
0.2,0.8,0.2,0.4,0.7,0.9,1.0763710638465824,-0.015525630313496075,-0.14752219688202847,1.2312136213314442,1.1383024095853844
0.5,0.2,0.6,0.0,0.5,0.1,0.9294342668727121,0.18568866878184342,0.08736050113468956,0.3191892556267569,0.2442831508576634
0.4,0.0,0.7,0.4,0.9,0.7,0.2917411259455451,0.6778685223491895,0.4821897994039911,0.7525763184852575,0.9007789846470209
0.1,0.8,0.4,0.2,0.7,1.0,-0.30460602187652913,1.1955266271954137,1.1965126333824283,1.8993944538118928,1.7789940664411572
0.3,1.0,0.9,0.2,0.7,0.7,-0.7746968364611578,1.5148664198102477,1.4865978584346315,1.118353406735725,1.1351179875621464
0.1,0.1,0.4,0.5,1.0,1.0,0.5575123027548455,0.5929978354586338,0.3630963842107233,1.824988085289366,1.7385245414319281
0.9,0.2,0.6,0.2,0.9,0.4,0.42952421903094823,0.4585756791516501,0.5831316271976248,3.1345036269177,2.8292116350368275
0.1,1.0,0.7,0.9,0.4,0.5,0.5994525415627256,0.4076625159707204,0.3182772821612244,0.49971472092355296,0.5825282358066162
0.4,0.8,0.3,0.6,0.7,0.2,1.6561874244975179,-0.5474792530103665,-0.8313168486063813,-0.030315820737625603,-0.15122605097746955
1.0,0.3,0.6,0.1,0.8,0.3,0.6228099702397337,0.3294454611721595,0.17883941130832853,2.0746635861334406,1.7022699168912885
0.9,0.1,0.8,0.1,0.5,0.8,-0.7895022637957625,1.5578364238079274,1.5286061316835318,2.5089172084362494,2.434361547626612
0.6,0.1,0.8,0.0,0.3,0.8,-0.489353065945787,1.6648952466541003,1.4936720534152605,2.798928481959207,2.501664727586864
0.8,0.9,0.0,0.6,0.3,0.7,0.5884153570403222,0.08590552943271036,0.2384782252518391,2.957468974699459,2.726248533064414
0.8,0.3,1.0,0.0,0.3,0.5,1.1934454807651642,-0.2764764579382272,-0.406654762145783,2.774095539297212,2.4242069151286154
0.7,1.0,0.7,0.0,0.9,1.0,-0.31418634701881865,1.2138994745372877,1.1931990394586498,3.4062208999873866,3.1354734085352316
0.3,0.4,0.7,0.8,0.0,0.4,0.3962989793182147,0.7530661787234334,0.4436002681976948,-0.33452490561560133,-0.39661697629584514
0.8,1.0,0.0,0.4,0.4,0.5,0.6252255679209723,0.33855642017371984,0.22196667170853254,2.1276426120491356,1.8612385488165553
0.6,0.6,0.6,0.8,1.0,0.7,1.0382655221121897,-0.1732015117806073,-0.1232800479890565,3.1509891636505856,2.8457995966689245
0.2,0.6,0.4,0.7,0.6,0.4,0.614920094483109,0.6246678352209936,0.2901436512957086,-0.7516312987555088,-0.9072287347388238
0.8,0.6,0.4,0.8,0.2,0.3,1.311804424990823,-0.24294006117756645,-0.2744360619611739,2.9269064918302536,2.602280938040309
0.3,0.4,0.6,0.8,0.8,0.4,-0.0195976095864121,0.8715635755357793,0.7072938906738752,0.008001592587468239,-0.3138397484899965
0.8,0.1,0.9,0.0,0.9,1.0,-1.3102871866907284,2.2476541843915623,1.9875024158493764,4.125657739828332,3.934959373967904
0.5,0.0,0.9,1.0,0.5,1.0,-0.11233797442303395,0.7517685919730835,0.8482763082043713,3.020859448527849,2.567608473148762
0.2,0.5,1.0,0.4,0.2,0.9,0.773029502936248,0.13664217781321858,0.021058310059140613,1.768975359222606,1.6422683442447727
0.9,0.9,0.3,0.8,0.9,0.7,0.18621106092258816,0.7844707516705571,0.6027033009048195,3.3903615535873097,3.0692683655296866
0.2,0.7,0.7,0.6,0.8,0.7,0.5838649679376365,0.5212942787641173,0.28643776216951194,0.578394100843572,0.6394608537758532
0.4,0.0,1.0,0.5,0.4,0.0,1.7901949548750737,-0.753805393185836,-0.5908372964460696,-0.0014510281950107923,-0.21460861568335746
0.1,0.4,0.5,0.7,0.5,0.7,0.055509755277991985,0.9637413449156944,0.8358924460932735,-0.21697645693936918,-0.5725849251158961
0.5,0.4,0.9,0.4,0.6,0.1,0.9765912122226685,-0.1837722709384884,-0.1407558072558041,0.03956377169799849,0.02053380464443383
0.5,0.9,0.0,0.3,0.8,0.7,-1.0180017054975155,1.8144639752805274,1.7000155203970093,2.1171388244215663,1.6893482168006713
0.8,0.5,0.0,0.1,0.8,0.7,-0.7963142565869562,1.7007754357408609,1.7523854688475267,1.9622527432532733,1.8470665697409714
1.0,0.0,0.6,1.0,0.6,0.8,1.1077733438993538,-0.2453265469259236,-0.30249800799346227,2.7909917299078697,2.481578133835552
0.9,0.6,0.5,0.0,1.0,0.3,1.4009541468432065,-0.24731350450452,-0.3008926702913089,2.901745008981987,2.779325747083183
0.0,0.1,0.1,0.7,0.9,0.7,-0.4312265881176071,1.1967301681541815,1.4259910746866815,1.1050226083889012,1.0417512387069647
0.5,0.2,0.6,0.4,0.1,0.7,0.790109803834048,0.09583257326430779,0.02255452141516802,2.2974027588797146,2.353608524730663
0.2,0.6,0.6,0.8,0.6,0.7,0.6332409794921026,0.4016023200362733,0.37414593408691454,0.4610546993446607,0.3017629114478344
0.4,0.1,0.8,0.2,1.0,0.9,-0.4475725813624237,1.4807589377253572,1.2177962385975718,2.702356685496597,2.5794588947443993
0.0,0.6,0.7,0.8,0.0,0.9,-0.19877613920984494,1.2967342240095394,1.291496574776183,1.070036635623761,1.0009356798807307
0.1,0.1,0.1,0.2,0.0,0.8,-0.6428222661593631,1.7070135956952945,1.5445746407635845,1.275147829047638,1.3502867623421941
0.5,0.2,0.6,0.3,0.9,0.9,-0.16632450954311684,1.2302307031462063,1.0969313076123,3.158161749076566,3.0234003364598276
0.8,0.2,0.0,0.2,0.2,0.3,1.047400820699473,-0.04762541075689185,-0.02102666023688532,2.861713053196361,2.6158979985620117
0.4,0.7,0.2,0.9,0.3,0.6,2.5484703512655287,-1.4455523623182236,-1.3291198671816458,2.6458251758118796,2.3729994978400772
0.6,0.5,0.4,0.9,1.0,0.4,0.9459721676869147,-0.0270343882924806,-0.19036777567365393,2.355475884826018,2.2484208366791094
0.2,0.6,0.6,0.6,0.4,0.2,1.364409830102044,-0.38720500868274255,-0.35386110067209553,-0.15659867364769847,-0.34826350581612303
0.0,0.0,0.8,0.8,1.0,0.7,-0.04752739913109437,0.8636954711238016,0.9715331755205007,0.9251646165902906,0.790952743688029
0.8,0.6,0.4,0.2,0.3,0.8,0.3018682244660419,0.6640678013875562,0.5395309878658208,3.6476489124869644,3.3991166576501035
0.2,0.5,0.9,0.8,0.9,0.2,-0.18404680455875666,1.1259615067333004,1.2337461093618172,0.5763786724602911,0.37706090283118965
0.0,0.8,0.7,0.9,0.5,1.0,0.5101800709336378,0.49368567269299896,0.4791277147679882,1.9066864188841335,1.6677115090833974
0.8,1.0,0.8,0.1,0.1,0.3,0.4813025393460208,0.45454028847469397,0.48311551905986844,2.610680505005852,2.540212837211125
0.0,0.3,0.1,1.0,0.4,0.6,1.291389935545996,-0.23163374862053288,-0.2892054523402106,1.3983592391622508,1.292202628759471
0.0,0.5,0.2,0.5,0.4,0.5,1.148146218597112,-0.35158627820832605,-0.36587656635964777,-0.6704415151294475,-0.642802211475044
0.6,0.2,0.3,0.8,0.5,0.3,0.9377047434641678,0.1154409173541913,0.05675949084007224,0.956584594734242,0.6667058222532503
0.7,1.0,0.2,0.0,0.6,1.0,0.7572567704523704,0.36048431979991985,0.1324923184788103,2.346615232851135,2.1679766142451506
0.1,0.7,0.2,0.3,0.3,0.3,1.8815550045965002,-0.9116643036183125,-1.1528254157763782,1.2167463359726172,0.9330265707290537
0.9,0.4,0.2,0.0,0.1,0.5,1.091401016159859,-0.37583238150560394,-0.3173528404535097,2.024870806136913,1.6930154374818709
0.9,0.5,0.1,1.0,0.9,0.2,1.1067007941810134,-0.10168353882017428,-0.19267247300107668,3.160608583566554,2.9352422790051773
0.9,0.6,0.8,0.6,0.7,1.0,0.09930398042462989,0.9437327514533516,0.8988100793394059,2.7892674398221295,2.548928248365617
0.3,0.1,0.4,0.5,0.1,0.4,0.7208649970638984,0.1525969636407875,0.2099620325248424,0.631195484106875,0.45774729125084757
0.8,0.0,0.5,0.8,0.2,0.2,1.0986926687611178,-0.15080815596843633,-0.28575305754497493,2.4798580566963544,2.384875533572244
0.2,1.0,0.1,0.5,0.5,1.0,1.0923462040847962,0.04394273432000788,-0.24544242613393133,1.2584989075444952,0.8581956448889898
0.3,0.1,1.0,0.2,0.3,0.0,0.7129524558431837,0.21716743112811226,0.3296520640101075,1.0948973259527066,1.018547612851778
0.2,0.1,0.0,0.4,0.0,0.1,0.3859635524140669,0.7703739248404171,0.5983324126481594,-0.08968032746447312,-0.2504886523586275
0.1,0.7,0.2,0.8,0.6,0.2,2.1158489123025626,-1.2112736163167188,-1.164186265104064,-0.009282978827222843,-0.40496977393680356
0.8,0.2,0.6,0.8,0.0,0.6,0.12677672519699412,0.8812733102090727,0.7369059229925041,2.645478422949618,2.549095792166813
0.7,0.9,0.6,0.4,0.7,0.3,0.7186268205938348,0.1244043362921191,0.13557941366979998,1.8831926249742035,1.4021127206479602
0.1,0.1,0.8,0.6,0.1,0.3,0.4399816728807501,0.7480589760644932,0.6968360463458033,0.47335231226049673,-0.1039798869755729
1.0,0.2,0.4,0.0,0.4,0.1,0.5395417585415693,0.5037835823139244,0.25696617033904356,1.8007372515260733,1.6668814906659781
0.0,1.0,0.9,0.2,0.3,0.6,0.013710868328083943,1.0194035776718222,0.7172515611138621,1.8834625046052575,1.5628150406772485
0.6,0.8,0.1,0.0,0.4,0.5,0.8435094276998323,0.20935754312213806,0.1105164781902509,2.618336059857274,2.276068105484671
0.2,1.0,0.7,0.8,0.8,0.7,-0.5502946840579227,1.4913639258903413,1.4551071988776638,0.6821419007721787,0.25150163695298
0.4,0.5,0.9,0.5,0.1,0.9,0.37783371212229827,0.6352636426209919,0.6665072924858955,2.3456892679410166,1.7627781544307948
0.8,0.2,0.8,1.0,0.5,0.0,0.7887079192378229,0.08288863243142962,-0.2345854498311443,2.1337633899083936,2.0268877783781423
0.0,0.9,0.7,0.5,0.8,0.3,0.30491861896478156,0.6934801934741044,0.5380014141508815,-0.1608878959624632,-0.4346793041627505
0.5,1.0,0.1,0.1,0.6,0.4,0.9847614623660322,0.03515188169827537,-0.07536430537797986,0.9586510738263266,0.4933838403677955
0.9,0.0,0.6,0.1,0.7,0.4,0.8300976142487717,0.4887339206618243,0.1914694591645154,1.1291015519068202,1.009364488017326
0.4,1.0,0.8,0.8,1.0,0.1,1.0267899928101687,0.06016226187200087,0.24046677182348025,1.33887818954188,1.230835615526225
0.4,0.3,0.0,0.3,0.7,1.0,-0.1066982744566699,1.1723169941822786,1.005747399864281,1.2239483145048764,1.15283421527637
0.4,0.9,0.8,0.1,0.3,0.7,-0.05836892308293633,1.0433963600287968,0.9412499591948018,2.4697257679366356,2.1394021567125523
0.2,0.7,0.0,0.6,0.9,0.7,0.7646042929600679,0.19308783884972963,0.061950221682345916,1.3676082095496354,1.0749953456134473
0.4,0.5,0.6,0.2,0.6,0.5,0.3488795162223796,0.5765839490196787,0.432311926286025,0.07898186034327609,-0.1442356163362808
0.7,0.9,0.1,1.0,0.6,0.2,1.4095523438457107,-0.47093119801298716,-0.6082178672552362,2.697098664150725,2.340005704484701
0.4,0.9,0.7,0.7,0.9,0.0,0.4918650288252396,0.6048549059236723,0.5667173860743957,0.9057913036391636,0.8427206542728655
1.0,0.5,1.0,0.6,0.4,0.2,1.3108009192549939,-0.20651783682085914,-0.3456272582226477,1.4049900149697625,1.2379771125559333
0.0,0.7,0.0,0.3,0.0,0.1,0.8030352876634109,0.2508021389822557,0.03938639334752392,0.305856418845728,0.20636877302304346
0.7,1.0,0.8,0.5,0.5,0.5,0.84964301204442,0.1393554198887345,0.12679274535750323,1.3856659867625032,1.2413547580400406
0.9,0.0,0.9,0.1,0.6,0.7,0.04035678796912406,0.9376889134240206,0.8222431301930769,1.9461161054652305,1.7979657878279962
0.7,0.4,0.4,0.8,0.0,0.4,0.12914527933300435,1.0525562973769351,0.9122499445779855,1.431905810982897,1.0611028915831524
0.1,0.3,0.6,1.0,0.3,0.2,2.1114870837174613,-1.1961859508373809,-1.2016719560841715,1.2660554968738977,1.211600678136405
1.0,0.0,0.0,0.8,0.3,0.2,1.0577740338486128,-0.11245063760395363,-0.1755617050269993,1.9882705211866567,1.6207043246132966
1.0,0.0,0.3,0.5,0.3,0.3,2.080925541418344,-1.4065976316313806,-1.2559664287996668,1.3367380694535513,1.256857545235255
0.6,0.8,0.3,0.6,0.6,0.1,1.9355436282190228,-1.0305583911941651,-1.30681770852539,0.49426741579513916,0.54533011156678
1.0,1.0,0.2,0.8,0.9,0.8,0.5533023047689339,0.3577767098484997,0.35002918874253924,3.387366556980797,3.2328467838744865
0.3,0.1,0.4,1.0,0.3,0.2,1.2304724457671912,0.019805802441767557,-0.03215636191349494,1.5179871295388343,1.338991012035637
0.5,0.7,0.4,0.1,0.7,0.9,0.2510306876498234,0.7452196736135093,0.7651239180433637,2.3140797391184784,1.9792505273831178
0.2,1.0,0.8,0.9,0.8,0.9,-0.7018424459235685,1.9619905663855157,1.6998122347155853,1.6807770962148436,1.780735501701172
0.6,0.1,0.5,1.0,0.3,0.8,0.3614244275709132,0.6950954586637883,0.6633899010582744,4.25768237134114,3.888480130848835
0.8,0.3,0.0,0.9,0.0,0.0,1.3258624811863466,-0.3453411067209515,-0.30514254615722713,1.7831760216988843,2.0535645410419785
0.7,0.5,0.0,0.9,0.1,0.8,0.3170509153084053,0.822674569055675,0.5558968257117695,3.000028938239875,2.958914227894739
0.7,0.9,0.9,0.1,0.8,0.5,-0.7809167527340894,1.8019362218225363,1.7580288639148645,3.1013614052930123,2.9728210571517186
0.8,0.9,0.8,0.1,0.0,0.6,-0.5526793076472957,1.526496811066024,1.403417526269119,2.872591022863968,2.767595616572341
0.3,0.3,0.4,0.6,0.1,0.7,0.7900153680885277,-0.0592907989064026,-0.054413626125813484,0.7082483569786716,0.7895582336738745
0.4,0.0,0.8,1.0,0.7,0.8,-0.019392493494487545,1.0506155376537976,0.9837758997235265,1.3324286243226415,1.1848219364711028
0.2,0.6,0.3,0.3,0.5,0.2,0.9927583579467372,-0.10535486047296597,-0.20328807884350047,-0.9386165871125489,-0.8924474415755177
0.2,0.1,0.5,0.5,0.9,0.3,0.468635181430732,0.5342843910743583,0.4475568947817212,0.7363838272046399,0.5118239975388513
1.0,0.6,0.4,0.5,0.6,0.9,1.0799008997790551,-0.04327623900596422,-0.34713991350415785,1.987760422344737,1.802803040220578
0.7,0.9,0.5,0.7,0.1,0.1,0.4687455733171581,0.3335551329086281,0.44187909677962145,2.8513729921099156,2.626133838286498
1.0,0.1,0.9,0.8,0.5,1.0,-0.629572399807931,1.6989588051441322,1.587914740823811,3.831444797414547,3.5852055846379938
0.4,0.8,0.1,0.0,0.1,0.5,1.1028440938977382,-0.04106357682873326,-0.1707487305233849,2.2758543225819694,1.8108865975136696
1.0,1.0,0.8,1.0,0.2,0.7,1.124124779036002,-0.16014151324506432,-0.2955674938671158,4.439615929380234,4.221686601208075
0.2,0.5,0.9,0.0,0.3,0.3,0.12059419385238378,0.8410999899715617,0.8681705669114554,0.4540602048918362,0.14071339202934122
0.4,0.3,0.7,0.2,0.3,0.5,1.0068536191825117,-0.09205438617924819,-0.09820158460835836,1.0712907677711883,0.914591230358624
0.1,0.3,0.9,0.0,0.6,0.5,0.2613710194278265,0.7145119708496441,0.4783306692240517,-0.3970748138336954,-0.44761522742010373
1.0,0.3,0.7,0.6,0.4,0.4,1.5198895635346528,-0.5339985776095253,-0.7782866136203587,1.2601610287976845,1.239011747881399
0.2,0.9,0.8,0.0,0.8,1.0,-1.4912710538411378,2.4555857194310193,2.2882446117400264,1.7294895310541063,1.592356103331778
0.3,0.4,0.1,1.0,0.0,0.5,0.9285927551012103,-0.1230197086685478,-0.13844928917582605,1.251632248780882,1.1006148834213838
0.7,0.5,0.6,0.0,0.2,0.0,1.183663016701237,-0.25724326367625644,-0.30556238159840937,2.0962426898131534,1.6752712633669933
0.8,0.7,0.7,0.6,0.7,0.3,1.5748741736109344,-0.49257976776000933,-0.7940837072653777,1.3298954817789161,1.0902785221113032
0.2,0.6,0.5,0.7,0.6,0.8,0.2160725655910349,0.6857993803397604,0.8015062109571656,0.32898394449322477,0.3512848291769242
0.0,0.7,0.6,0.6,0.3,0.0,2.3142605878688713,-1.3908300559807234,-1.4351853773611574,0.7811245279532693,0.5251005071606397
0.8,0.0,0.8,0.3,0.4,0.7,-0.23583309438114997,1.5130032166733827,1.4965763551896947,2.1977457925959674,2.0852208367542038
0.7,0.9,0.7,1.0,0.6,1.0,0.5514662446207047,0.5662339228590543,0.24245289333699133,3.4771567305011675,3.5055241400845603
0.4,1.0,0.2,0.4,0.2,0.6,1.9414405111223278,-0.7767499124447438,-1.026484447594059,1.875284705792983,1.6140510411234226
0.8,0.5,0.4,0.9,1.0,0.1,1.3103681523058972,-0.24077362551227016,-0.4796742124398984,2.3502059355787037,2.3192754516229654
0.1,0.2,0.0,0.4,1.0,0.3,1.3220379707381982,-0.24251949324479943,-0.6257794679565057,0.45896111188712735,0.3668021550354632
0.7,0.3,1.0,0.6,0.3,0.7,1.7714256520154747,-0.42851424145148287,-0.6088978865412538,2.804337367142451,2.4169285212554454
0.3,0.5,0.4,0.9,0.4,0.2,0.5597014974125916,0.5970893980749685,0.3803841956044485,0.11824842150818927,0.08837556374543754
0.3,1.0,0.6,0.7,0.7,0.6,0.182209737190802,1.0798179117738096,0.550681827311607,0.07065247449379648,-0.03879209702495568
0.6,0.1,0.6,0.9,0.5,0.0,0.8411662140446206,0.17960327386884178,0.021853317019458585,1.3468863494780277,1.2923248831431042
1.0,0.6,1.0,0.5,0.2,0.7,1.9550971237741286,-1.04614972108278,-0.9401895584757085,3.6254336818831083,3.348040802867622
1.0,0.0,0.6,0.8,0.2,0.5,1.206276235277278,-0.4161997652014767,-0.3310912482322289,2.8261654041905055,2.445898080056368
0.6,0.2,0.4,0.3,0.9,0.2,0.07294753801861562,0.9726287035140717,0.6321057530693778,2.1217200783256693,1.909430234376425
0.7,0.3,0.4,0.8,0.4,0.8,0.20992870586749773,0.6731702969989555,0.5952160128240501,2.2838948769677687,2.276554532305356
1.0,0.8,1.0,1.0,0.8,0.5,0.9782180000071062,0.24772141235130044,-0.08804807922227761,4.002712930685636,4.100049714537857
0.7,0.8,0.7,0.3,0.3,0.9,0.748008067503234,0.47633842454338193,0.4010231971789067,4.108107814749451,3.7970887382124947
0.0,0.5,1.0,0.9,0.7,0.4,0.47214773194901827,0.7343510098754255,0.5215739986467338,-0.11634829977898067,-0.23615739687126475
0.5,0.0,0.3,0.1,0.2,0.0,1.7309004160864314,-0.7282124039638767,-0.6130882532374998,0.7953450784359994,0.32610774008851784
0.5,0.6,1.0,1.0,0.2,0.9,1.5414092584749148,-0.40174284985380493,-0.5445854963459619,4.241178764691226,3.8226529549351116
0.7,0.7,0.0,0.0,0.7,0.0,1.112862639013614,-0.09856420032985776,-0.1309448765101491,1.2733402530079636,0.9975414467824936
0.7,0.0,0.9,0.3,0.8,0.8,-0.9975976750015547,2.3219901418695623,1.9655228657237123,2.5859362611611267,2.591694819281817
0.1,0.0,0.0,0.9,1.0,0.0,1.5771913688749954,-0.529653237577468,-0.6078297351527852,0.22787068521875148,0.1314786451597358
0.8,0.5,0.0,0.4,0.7,0.0,0.7056366787007505,0.41040595006959835,0.13584864874642916,0.6403318911592071,0.19424553844135709
0.0,0.5,0.2,0.9,0.8,0.3,0.3973094514559628,0.5482308059505053,0.3145823058144186,-0.16860216494728036,-0.5014698636915212
0.4,0.4,0.9,0.4,0.2,0.3,1.387701804312255,-0.45428463123591595,-0.5052771961540029,1.449629583852716,0.9994224011316155
0.7,0.5,0.9,0.0,0.7,1.0,-0.9659111184610008,2.017095448313867,1.8871032638221616,2.43408489139817,2.2570807726860975
0.7,0.3,0.4,0.7,0.7,1.0,-0.03400088902407397,1.0866888887036463,0.9180041017123137,2.206052670097619,1.8961704294470967
0.0,0.3,0.2,1.0,0.6,0.7,1.7185744034900894,-0.8572717477227544,-0.838440044870859,0.4490213905180864,0.21751447650755437
0.5,0.0,0.5,0.0,0.5,0.7,-0.07089403012721382,0.9120038977720772,0.8835999010312496,0.9383412177469819,0.5575274957320615
0.7,0.1,0.7,0.4,0.0,0.2,0.435251654020806,0.6773347213878368,0.46651362684373243,1.4081074858595866,1.202788685491083
0.1,0.9,1.0,0.3,0.9,0.8,-0.5429830554753953,1.2966257441916162,1.1973323175537989,2.6126331135721417,2.160685245357345
1.0,0.4,0.9,0.5,0.3,0.8,1.1465300643355991,0.015481113111480177,-0.2919710356328848,3.135350380128091,3.003930865205196
1.0,0.4,1.0,0.6,1.0,1.0,1.5025307632345646,-0.6107114608748738,-0.5523201145900742,3.7220059590787664,3.4122865096037662
0.7,0.5,0.3,0.2,0.1,0.1,0.8434952159720668,0.18406498459895976,0.022942949403583886,1.4001196628219421,1.3497622290270985
0.9,0.2,0.1,0.1,0.2,0.6,1.1478135586050715,-0.08508638138271646,-0.28577681394751997,3.7480240768022135,3.562337892763288
0.8,0.7,0.2,0.8,0.3,0.5,1.9690539849463107,-1.0307480606930577,-1.3645268996333313,3.343002840134311,3.2788782407944588
0.3,0.8,0.9,0.7,0.3,0.7,0.6342044602930942,0.30417933008164566,0.3481390081651963,2.5642068977272428,2.502595280748807
0.6,0.1,0.2,0.6,0.7,0.1,1.0991548524764931,-0.2880338079873167,-0.15542780166936315,0.34348106463193184,-0.07745701131887572
0.0,0.1,0.0,0.4,0.3,0.3,0.7458342451726327,0.11384375898811588,0.244601712829231,0.25164346406373167,0.05377578407970289
0.3,0.7,0.4,0.5,0.9,0.3,1.6820479287489585,-0.6072643648838522,-0.8171942564087806,1.0876481798210742,0.7610849734846236
1.0,0.2,0.3,0.3,0.6,0.1,1.0514402545583472,-0.41038441182265034,-0.35267798487642854,0.8487049884428656,0.8274469221520799
0.0,0.2,0.1,0.1,0.1,0.9,0.10460305111714126,0.7378138254816976,0.8540030968886587,2.205598565212434,1.9887293056081115
0.7,0.4,0.7,0.1,0.8,0.6,-0.24765951900248995,1.350226711438572,1.348047078172048,1.4308349055542813,1.0259075872375172
0.0,0.8,0.9,0.9,0.7,0.0,0.6909774928364915,0.26591749700747946,0.3310742589402136,1.0568884993846872,0.8318314966732833
0.7,0.0,0.2,0.5,0.0,0.5,1.5491393532747832,-0.571092726517219,-0.6510338628597638,1.212495382757441,1.0392661382150263
0.8,0.9,0.9,0.3,0.3,0.4,0.2103612915631344,0.6828311260794478,0.6429385800154078,3.6793462333081384,3.6407764656553065
0.2,0.9,0.1,0.7,1.0,0.1,1.1673224676744356,-0.4518185373995273,-0.3522405923635595,1.1510192988511743,0.9347231664688622
0.5,1.0,0.1,0.8,0.9,0.5,0.344855554837266,0.5658334221851526,0.5238682432280836,2.1881506484923516,1.9157997993441336
0.1,0.9,0.6,0.6,0.2,0.9,0.9840518671305639,-0.1309339735296633,-0.02746557990312682,2.1232014322630266,1.9786225013656664
0.0,0.4,0.1,0.3,0.7,1.0,-0.04359364329370913,1.2675908226111257,1.1329096735113273,0.6462362256503671,0.5982455242170248
0.9,0.1,0.4,1.0,0.2,1.0,0.7581986031425174,0.4511445324576523,0.3165046030996217,4.902351726621465,4.847195373638283
0.8,0.3,0.7,0.6,1.0,0.1,2.1600035123356403,-1.037968377081001,-1.2311939595931867,1.7957226062534652,1.5413127345329818
0.0,0.1,0.6,0.2,0.8,0.0,-0.47622217696156144,1.5032982522170208,1.3848222708323168,0.06145088159843894,0.05013706196527584
0.8,0.2,1.0,1.0,0.7,0.8,0.486876578492683,0.2548924615181587,0.37843218747565005,3.481785716788018,3.599609403554682
1.0,0.5,0.5,0.1,0.5,1.0,-0.21531665406995706,1.2440194029753393,1.1626318111251155,2.9787863322075765,2.6606118827618728
0.0,0.8,0.6,0.9,0.9,0.2,1.3396717824440214,-0.2920046537638797,-0.2479433592157316,1.8217578586396177,1.6013209603140717
0.2,0.4,0.4,0.0,0.9,0.7,-0.2442991954308577,1.2442927858035047,1.2476636890134352,0.3555401057574895,0.15780867121141548
0.4,0.1,0.6,0.5,0.6,0.7,0.8343202332635786,0.024738159277782196,0.07268766495574303,0.42197323745302134,0.3112511948136809
0.3,0.1,0.5,0.9,0.0,0.8,-0.14601616124107003,1.3725925303922908,1.4167263419818592,2.170124353516804,1.9941549851472913
0.1,0.2,0.0,0.9,0.2,0.7,0.8950092041528773,0.3203232202928543,-0.18756731245882918,2.0210809633692106,1.8933036012164726
0.0,0.9,0.9,1.0,0.4,0.2,0.5189826284487252,0.48668275981608466,0.4799712785650606,1.7353176467268292,1.6751325344921486
0.2,0.7,1.0,0.6,0.9,1.0,1.0410140257089673,0.059789757339145086,-0.006041866734608173,2.5146539108301638,2.463523694026599
0.7,0.8,0.0,0.5,0.1,1.0,1.2857824373036157,-0.08915439599715375,-0.25391099576244636,4.1522372729001225,3.7811447460278815
1.0,0.3,0.7,0.7,0.3,0.7,1.0790613304103644,-0.09057801955400585,-0.07506266110897343,2.6721405010324584,2.3031127787685697
0.2,0.1,0.9,0.4,0.1,0.5,-0.01453165794109075,0.975217584448903,0.7909073741781862,1.3531539684839513,1.1155344433816805
0.6,0.0,0.7,0.5,0.4,0.6,0.9836507483131809,-0.11746536126248225,0.05539757643666504,0.8109382584417165,0.7860434054274719
0.6,0.4,0.9,0.6,0.1,0.0,1.0732439487722258,-0.13197353784374485,-0.22189010921904945,1.4035618735725441,1.3636698101352451
0.3,0.0,0.3,0.4,0.3,0.6,1.350126900455883,-0.2303768544433083,-0.2946583150084932,0.25600457793188885,0.02393699125234786
1.0,0.5,0.6,0.6,0.0,0.0,1.1875188245502928,-0.01515052410786269,-0.13203548205512608,1.2037696733797467,1.111496996707933
0.5,0.9,0.0,0.0,0.7,0.3,0.039491278817288616,0.7641820001071009,0.9204231821188068,0.6408318803601168,0.295153002584713
0.3,0.4,0.2,0.0,0.6,1.0,0.6769992390816674,0.22039953710180749,0.25580323647716563,0.10112970666095077,0.061811310519173934
0.4,0.8,1.0,0.8,0.2,0.8,0.986767690734552,-0.1849314588351312,-0.05399525778199707,3.3760213102769976,3.1731251750956764
0.1,1.0,0.6,0.2,0.8,0.8,-0.6222162913597068,1.8525299892013283,1.5783484345003975,1.3584552712436078,1.0466745101686776
0.6,0.4,0.3,0.9,0.2,0.7,1.4889807547520235,-0.36620660298655017,-0.39051388675638055,2.2338427266177576,2.309521453664731
0.1,1.0,0.4,0.0,0.5,0.7,-0.1546853882222561,0.9684497500068716,1.0629290431258884,0.04795760318926559,-0.18507768612391204
0.1,0.8,0.5,0.7,0.3,0.1,1.0349476545030627,-0.04913563032793883,-0.33595177980816043,1.3048642729371531,1.2016012566787175
0.2,0.3,0.2,0.6,1.0,0.1,2.564140284193216,-1.7986543647710356,-1.7986314237866734,-0.01106861875053769,-0.09323017687140012
0.8,0.4,0.0,0.2,0.3,0.2,1.033710135614415,-0.13597210386181796,-0.06512232643684833,1.755496649478778,1.8872884467821958
1.0,0.8,0.0,0.7,0.8,0.6,0.04726999751573717,0.8759034315593991,0.8153221609067192,2.974369723131075,2.6430424753311055
