X1,X2,X3,X4,X5,X6,y1,y2,y3,y4,y5
0.5,0.8,0.9,0.5,0.0,0.0,-0.18229576928942728,1.0777533437339835,1.020271300429601,0.9063522347773579,0.7481065294021249
0.1,0.7,0.6,0.9,0.2,0.4,-0.8373728615614958,1.899906969753438,1.4631130840282354,2.1717960348241583,2.1532719701124603
0.5,0.2,0.4,1.0,0.2,0.4,0.566608886321451,0.4005667765084912,0.4189853582652722,1.1921018215916193,1.0504507116982826
0.7,0.7,0.9,0.1,0.7,0.0,-0.6071059252495614,1.491955985514444,1.6366177040279402,0.3636549166154044,0.0564434796126069
0.6,0.9,0.9,0.7,0.6,0.9,-1.3654191972586562,2.733328863538339,2.4475968348508,2.4713512467427865,2.38800867253275
0.1,0.0,0.1,0.8,0.8,0.3,1.2400206738323387,-0.09481103707583191,-0.3944846020230906,2.1755205402221574,1.9772021642356479
1.0,0.9,0.8,0.7,0.3,0.6,-0.5948489750397596,1.6191340174807416,1.3938411359987064,1.6823056977468556,1.5368150668603628
0.5,0.1,0.9,0.3,0.4,0.8,-1.2736224598534938,2.333828081114102,2.052356505058995,1.3014673185413421,1.2492040058090108
0.1,1.0,0.4,0.0,0.3,0.9,0.26535778140442634,0.6055052514746726,0.385988417333866,1.8043502009722503,1.797787901891475
0.2,0.0,0.4,0.9,0.2,0.7,0.5850086362535367,0.4218796764542601,0.35916067201123847,1.7734816665819522,1.5701582617713665
0.7,1.0,0.9,0.8,0.6,0.9,-1.8045095339065216,2.670350769630969,2.6894946766883447,2.7781456195028196,2.7556835296787816
0.3,0.7,0.7,0.4,0.5,0.9,-1.5540226652650209,2.422285073790254,2.3567028341376584,2.654115627088309,2.671672911190671
0.3,0.6,0.8,0.0,0.2,1.0,-1.4021324722876172,2.2645250095584863,2.25052164769361,2.444386364804872,2.479735089087991
0.7,0.7,0.9,0.7,0.3,1.0,-1.8666488195696298,2.6853392334763146,2.5647138613559193,1.8848894504200733,2.0045854519728086
0.0,0.8,0.7,0.7,0.1,0.1,0.014036592556621867,1.2849503198861587,1.0000955071054718,2.479465128501002,1.956180918683001
0.3,0.0,0.8,0.6,0.4,0.5,-0.6844118374201813,1.578529104847088,1.4491652351163087,1.0020698033210007,0.8200703459035101
0.6,0.2,0.5,0.7,0.8,0.4,-0.2883509602311167,1.1980046065758083,1.1711702342853687,2.0943273277440695,1.9866489107180119
0.4,0.7,0.7,0.4,0.9,0.0,-0.6464104342499875,1.5898390090481074,1.620869716691077,1.3856587405021166,0.9985100635685754
0.2,0.0,1.0,0.7,0.1,0.7,-1.0113067326913916,1.718741870811551,1.856991550667072,2.2073516218219544,2.2265156554573733
0.9,0.8,1.0,0.4,0.0,0.1,0.16872681653829869,0.8525981498285473,0.782408922770282,1.1721429042412184,0.9855410785886827
0.9,0.8,0.2,0.3,0.1,0.2,1.7778738090840682,-1.1644225214869321,-0.9847798658165569,0.8901426175948618,0.36660238194148675
0.7,0.2,1.0,0.6,0.0,0.9,-1.3115204952775108,2.452089566498865,2.2762317177628235,2.907432637153966,2.744502674574586
0.2,0.6,0.6,0.2,0.7,0.7,-1.1546506426778003,2.189332961607209,2.0925439196074427,3.1755411409089422,3.0298482797720965
0.0,0.6,0.5,0.1,1.0,0.4,-0.12613557815035986,1.0493976590161425,0.9934257209494749,1.7239574279115504,1.450898318778809
0.6,0.0,0.6,0.5,0.1,0.2,0.3587467346005133,0.7779683285929936,0.5685931826286564,2.1898552415536234,2.0196577981445665
0.1,0.5,0.4,1.0,0.0,0.7,0.06773359737756168,1.0466093859997527,0.6946124536997217,2.675249515375773,2.2649492999894436
0.8,0.9,0.5,0.7,0.0,0.9,-0.09289446049683635,1.0027019786394777,0.9121516777228965,3.6962957888482153,3.5681918826541907
0.3,0.9,0.1,0.4,0.4,0.6,1.0374464983270848,-0.22612449376315208,-0.25075449826686247,1.72782172190151,1.651840367771862
0.8,0.8,0.9,0.2,0.7,0.5,-0.8109406031601746,1.6354910496955601,1.6661033578989963,1.1873403857455653,0.9057562593134856
0.5,0.4,0.5,0.8,0.5,0.8,-0.4751405794970522,1.6056459478878915,1.1603451566524956,2.3387218193423402,2.141287244240532
0.1,0.1,0.8,0.7,0.0,1.0,-1.3468887978980453,2.1123612735855657,2.0356000229611957,3.7308911466839145,3.60911872625486
0.3,0.4,0.2,0.0,0.3,0.5,1.5910105876220577,-0.7497989249065278,-0.9448135009490924,0.14484548039415585,0.022001376269899155
0.1,0.2,0.4,0.3,0.0,0.6,0.638261144588548,0.465472598134569,0.2978302231014383,1.7588734622094189,1.7596109324964315
0.0,0.7,0.2,1.0,0.8,0.3,0.5025452723929416,0.6396288445119611,0.29925502070458027,1.6004685825151717,1.3675099554181547
0.0,0.8,0.4,0.2,0.9,0.0,1.41406376120021,-0.08111640052700991,-0.47636707104197995,0.5062959437285984,0.3660729142625152
0.3,0.8,0.1,1.0,0.4,0.3,1.1924566644986627,0.003776541005957562,-0.23420156159509026,1.2708679104176357,0.8393331966151469
0.3,1.0,0.6,0.7,0.3,0.5,-0.5810978413155214,1.554994006399238,1.5566629070518259,2.476611544909016,2.4003655218633293
0.3,0.2,0.4,0.4,0.0,0.3,1.075552583028577,-0.03880817683424999,-0.1373144437365337,1.3692135569653134,1.1282246101160796
0.3,0.8,0.3,0.5,0.6,0.7,0.4940979047031704,0.5300973241838504,0.47050205474209833,1.3736753729194995,1.0645223944789326
0.5,0.1,0.7,0.0,1.0,1.0,-1.1599165124794115,2.371554215708372,1.9734806601920987,2.8333460372552772,2.697536399608862
0.2,0.8,0.2,0.1,0.4,0.0,1.8759038327333337,-0.9653646912334867,-0.9500702230984398,-0.26753744492331455,-0.3514400203770181
0.4,0.1,0.7,0.3,0.1,0.6,-0.815408578552516,1.7623093169246038,1.7389300431034704,2.8738501201919853,2.7169869246692904
0.6,0.9,1.0,0.6,0.9,0.6,-1.4747864722528157,2.3451164594428575,2.4094974179950706,2.0375959740581004,1.5419472103903287
0.0,0.0,0.2,0.9,0.6,0.0,1.4525507059661573,-0.5814183437439149,-0.588824704498759,1.1678868207187945,0.9246189512588325
0.6,0.7,0.0,0.3,0.9,0.0,0.7242292091380744,0.09603728978812393,0.040749545749639834,1.1865682599239378,1.1397004130276054
0.3,1.0,0.4,0.7,0.5,0.3,0.7007542510918308,0.2932133788306002,0.5327064686111569,1.2461198785929073,1.0194425534292746
0.8,0.8,0.0,0.6,0.7,0.9,0.2522470908705427,0.6967906872074985,0.6826799107974065,3.3913394795849103,3.172624447318037
0.5,0.4,0.9,1.0,0.5,0.2,-0.5433037884638723,1.6323199242183632,1.5443203827570953,0.55773500321825,0.3789519410612223
0.5,0.6,0.6,0.8,1.0,0.7,-1.67188047448672,2.777635402248075,2.775219863008643,2.8238294511343476,2.4775937481485983
0.7,0.7,0.2,0.6,0.0,0.5,0.62515650039465,0.37265809183863113,0.088513526984322,1.6183843250742072,1.458302098892314
0.2,0.1,1.0,0.8,0.5,0.9,-1.6309965477068653,2.835627469052411,2.636349979874951,2.434105970369977,2.147218348725455
0.4,0.9,0.1,0.2,0.0,1.0,1.1987864748988055,-0.04302925269012626,-0.02264190029808577,3.636596576477623,3.313299050685268
0.4,0.7,0.0,0.6,0.2,0.4,0.8947779620820155,0.3392970922970594,0.08190694792251549,2.1497124411801134,1.817753841762112
0.3,0.6,0.7,0.6,0.3,0.0,-0.5401651769673801,1.512618165107562,1.5862067006483376,1.539946000574146,1.3485527681632306
0.6,0.4,0.7,0.6,0.2,1.0,-0.9277919218614531,1.8766910106875914,2.0442550781271986,3.3156564496982015,2.761682320550863
0.9,1.0,0.5,0.9,0.9,0.9,-0.7907781916079604,1.8962064044397045,1.7903416520988784,3.497208838790892,3.399014169482439
0.8,0.6,0.4,0.2,1.0,0.9,-0.281456170654961,1.3358481729126472,1.190534752710373,1.8897376021995516,1.7172810715389903
0.4,0.0,0.0,0.3,1.0,0.4,1.2320068376670652,-0.2700113215039725,-0.28503572125086135,1.4886503339545658,1.3131126702428555
0.9,0.3,0.9,0.1,0.2,0.5,-0.04034349692247124,1.0561489409994091,1.0791927145922493,0.6937234416321141,0.24520029979856361
0.4,0.0,0.8,0.2,0.3,0.9,-0.8458793822625649,1.670047652892058,1.5538016867405808,1.6127900191826063,1.6646657091768318
0.9,0.4,0.4,0.8,0.2,0.1,1.3987512331119787,-0.5290870155263365,-0.6465160593977295,0.6696367635933389,0.5623587257353535
0.6,0.3,0.8,0.9,0.7,0.0,-0.532146821529375,1.421594842576357,1.2992897222242312,1.3084673584675521,0.7950142732529246
0.5,0.2,0.2,1.0,1.0,1.0,0.06159538699870723,1.085840733167125,1.0799778277528298,2.2824945518157067,1.9354989649380514
0.8,0.5,1.0,0.0,0.5,0.9,-1.1751289459021388,2.2481014583802197,2.1584478033602483,1.8806760323778615,1.6250490227971917
0.8,1.0,0.6,0.6,0.0,0.4,-0.2324191306806566,1.054203155754772,1.149787603877386,3.0983978406688184,3.1871725211162016
0.7,0.3,0.0,0.1,0.6,1.0,0.6643143099785346,0.43449507688371336,0.26290290951104023,2.8463421978227603,2.682634825795906
0.0,0.6,0.1,0.6,0.4,0.2,0.8437687140480311,0.16553617982817637,0.022555847172259384,1.252011491813776,1.2769886713433571
0.5,0.4,0.6,0.2,0.9,0.2,0.07637307697511983,0.8115599157519934,0.6964996155106429,1.4604482048486018,1.2987123759370027
0.7,0.5,0.0,0.7,1.0,0.8,-0.12949223086412479,1.2938279329621811,1.2149118620961679,2.6772559493653696,2.6065811044607807
0.8,0.8,0.0,0.7,0.2,0.0,1.3183458900690093,-0.5774832575976017,-0.6623607947962712,1.4349068438436305,1.150407645444473
0.7,0.1,1.0,0.1,1.0,0.9,-1.4442994431166918,2.5149566640825918,2.3102116967599975,1.8811567694846882,1.548319844763438
0.5,0.1,0.5,0.9,1.0,0.6,-0.8278710393489518,1.7620701295947514,1.7229198706645465,1.9148163318182647,1.6456781969384073
0.4,0.9,0.8,0.7,1.0,0.5,-0.7087996117344993,1.8289458080769774,1.6394938184536407,1.719468727398368,1.3436726379529222
0.1,1.0,0.8,0.0,0.5,0.3,-0.2584246352629084,1.3186803975271084,1.2764225660423936,1.4823310982904103,0.938595605867102
0.9,0.0,0.4,0.8,0.6,0.2,1.2227274474192373,-0.17755739051105932,-0.3472123692810317,1.0700804813755374,0.8503387504116481
0.4,0.3,1.0,0.2,0.0,0.0,0.4377296011910822,0.6246739987935437,0.6010783303467858,0.7913769989741688,0.6706732611603159
0.4,1.0,1.0,0.2,0.5,0.0,-0.3647372476253721,1.522898622971199,1.0838948216977229,0.7777631870232372,0.5546950188623363
0.0,0.3,0.8,0.5,0.3,0.1,-0.09921221576733627,0.9325507235546255,0.8336965442622147,0.6455827004394845,0.711715164127987
0.4,0.7,0.3,0.2,0.2,1.0,0.27536639536671825,0.5533349085522543,0.5712877744507503,1.6560798201333147,1.361984987655326
0.2,0.6,0.6,1.0,0.0,1.0,-1.3849100122306626,2.479959832167596,2.4092322934143393,4.781097498830488,4.442955859464567
0.1,0.5,1.0,0.6,0.5,0.8,-1.5722197143624232,2.4279256868301906,2.3117474127909996,2.08541395231013,2.129680713487953
0.8,0.5,0.5,0.7,0.5,0.9,-0.49450195609127995,1.8346077486199048,1.5964035054192134,2.779346023349269,2.8167380797159294
0.1,0.3,0.9,0.3,0.3,0.3,0.1593142489070476,0.9917515619926304,1.0435374712040406,0.2583654641566654,-0.19559167087432683
0.6,0.1,0.3,0.0,0.5,0.0,1.5784021743899208,-0.6354250698506239,-0.6195561504013726,-0.26834215227195,-0.38660581844769504
0.5,0.2,0.7,0.6,0.4,1.0,-1.347507928917312,2.3236700481980104,2.2808647389718404,3.067759556450557,2.937375120236532
0.0,0.2,0.4,0.8,0.7,0.6,0.043382972060910754,0.9002396018702102,0.9104021113881673,2.2823607177220007,2.060428477158086
0.7,0.7,1.0,1.0,0.1,0.7,-1.7647992257662912,2.926179072661332,2.934987420301013,2.2236928824282636,2.0165959977564474
0.7,0.3,0.8,0.3,0.0,0.6,-0.39304670733621794,1.5994753641632298,1.4256671634077813,1.8691157008765824,1.5498459325415928
0.3,0.0,0.6,0.5,0.9,0.6,-0.6111685745159651,1.537501494538625,1.40024749440804,2.536774930054866,2.2903700404752807
0.4,0.6,0.6,0.2,0.2,0.4,-0.3504850632232201,1.4242779573967634,1.2656676822192883,2.068982451004535,1.877366054795523
1.0,0.1,0.2,0.3,0.9,0.3,1.601569305149264,-0.4149723498003841,-0.6236036795661237,0.8431461317538342,0.7128854155728754
0.6,0.7,0.0,0.3,0.3,0.6,0.4579587571548528,0.7389414309630915,0.4760588856341304,1.8709508820594862,1.4911769869571228
0.8,1.0,0.6,0.5,0.1,0.3,-0.15949066081861107,1.1908857267607635,1.1222896611489985,2.862765405977574,2.6400769685912837
0.2,0.6,0.3,1.0,0.6,0.7,-0.41203147480109376,1.4786401790609116,1.1741072063551936,1.7829683032133052,1.80240188695847
0.2,0.8,0.0,0.1,0.8,0.6,0.7862323472392958,0.3155149673823168,0.04807964279574441,2.416175437564286,2.096648374688155
0.0,0.0,0.1,0.2,0.7,0.7,0.9597760996969634,0.12113702808497324,0.036185126572365944,2.566802243457474,2.402782082642127
0.4,0.4,1.0,0.0,0.1,0.0,0.33237758393585465,0.4842255753522701,0.5538521443100096,0.7057270111875916,0.14337425561654554
0.8,0.5,0.6,0.2,0.5,0.4,-0.3150564275991149,1.1618791007608258,1.066652371431246,1.9162889599922794,1.7076287205802407
0.3,0.0,0.6,0.2,0.1,0.9,-0.23241205855883706,1.2546592550958195,1.000678453817622,3.241219378257692,3.0993432530787715
0.4,0.4,0.0,0.9,0.8,0.7,0.3114349799023046,0.7190381296714851,0.7324000492552569,2.962805832231639,2.588171235970945
0.7,0.6,0.1,1.0,0.7,0.2,0.1388215335360218,0.779731909396972,0.5801557947459622,2.0704296692823845,2.0214470120915857
0.4,0.5,0.6,0.7,0.2,0.0,0.13912374036099162,1.17499346750864,0.8224041819538612,1.9250587394928913,1.8106223590413193
0.5,0.2,0.7,0.9,0.9,0.7,-1.6090637806857322,2.4962253168250794,2.429182896524992,2.6604533468580036,2.6660052919139976
0.1,0.1,0.4,0.6,0.5,0.6,0.12432021232460876,0.87714023538905,0.6632046636296094,1.5609163437568072,1.3592378135067134
0.4,0.1,0.1,0.5,0.1,0.2,1.3130835669198737,-0.3638793042010019,-0.4321229782488388,1.6760342885971893,1.642159551251511
0.6,0.2,0.3,0.3,0.2,0.3,1.2812258618162078,-0.26722968279904996,-0.39449590588582506,0.20322488533457178,0.1583773102066067
0.0,1.0,0.0,0.1,0.5,0.0,1.4409353805437721,-0.37919991205001,-0.5428113476204345,1.8140875217893668,1.6505215615811881
0.5,0.8,0.8,0.0,0.0,0.0,0.2572513899864714,0.8540977273761363,0.6934501717204152,0.882812418201897,0.5737603575184282
0.9,0.8,0.5,0.9,0.3,0.4,0.20994096343854596,0.563231778815496,0.4115469697203685,1.4963365216128865,1.338579720441661
0.0,0.9,0.8,0.6,0.3,1.0,-0.7813639539299979,1.8747161638617635,1.8658023258432515,3.23926324950167,2.7783414547160166
0.9,0.9,0.0,0.8,0.1,0.6,1.1061689282076093,-0.015154659290477782,-0.1639992305257926,3.083135206119608,2.908911487159266
0.6,0.1,0.3,0.7,0.3,0.2,1.004568056690881,-0.04131638934392853,-0.025219841588675004,0.33034396134975597,0.02313437854359718
0.3,0.0,1.0,0.2,0.8,1.0,-0.9214024302762899,2.056258762754743,1.9754430811414576,2.458044838967748,2.3556480980762116
0.2,0.9,0.0,0.1,0.3,0.9,0.9772426286700693,-0.11105500374274578,-0.04522671398633615,2.6732009402958314,2.61425816053132
0.4,0.8,0.8,0.8,0.2,0.8,-1.1052884094153899,2.2247183201343534,2.0394977876302938,1.919680229636815,1.928187613546079
0.6,0.4,0.9,0.0,1.0,0.5,-0.6164870160799477,1.544434145852593,1.4176619428823696,0.05097743592999793,-0.1427096738898211
1.0,0.5,0.6,0.1,0.7,0.6,-0.5440193514164581,1.437012003633822,1.1470739620215065,2.9227885793464776,2.503889216105135
0.5,0.7,0.1,0.9,0.7,0.5,0.17039170410491383,0.8989395434867249,0.7157010585723582,2.259073579132797,2.1074773826530917
0.6,0.7,0.6,1.0,0.7,0.5,-1.4768796562877442,2.3358550216049783,2.343872995070763,3.036955785119647,2.623812543246368
0.6,0.8,0.7,0.4,0.2,1.0,-0.9328164809179419,2.0640552675195063,1.9794409533818191,3.0604693889082704,2.9850173119251195
0.4,0.0,0.0,0.3,0.5,0.9,0.7419420890833437,0.25483870924048996,0.32235611150554244,2.4031195112016714,2.1869404634157976
0.0,0.3,0.6,0.5,0.1,1.0,-0.42728725815243707,1.272867371466156,1.1547771380463763,3.908914378250444,3.9410083076981106
0.1,0.8,0.4,0.7,0.0,0.1,1.248446729175618,-0.17125655770372972,-0.3613200782532742,1.4312430674262218,0.9445996349403285
0.7,0.1,0.5,0.4,1.0,0.5,-0.3408428815790859,1.29264331069731,1.2960320710410733,1.7395585386488888,1.6046793603267826
0.6,1.0,0.2,0.5,1.0,0.3,0.9792990416011688,0.0933192516341111,-0.043890503693348785,1.0229986498508106,0.7837025191413868
0.9,0.3,0.9,0.5,0.1,0.9,-0.718846844133598,1.699531379906403,1.7192572702352886,2.0252964210571793,1.9145186818743414
0.7,0.7,0.0,0.8,0.6,0.1,0.4848526998913667,0.41103465851900467,0.2930834474089533,1.6934126548182544,1.3853064281873109
0.2,0.0,1.0,0.4,0.4,0.6,-0.799855796339708,1.869771144735625,1.6434896326658157,0.9985678666538819,1.0966801957606258
0.1,0.0,0.9,0.4,0.9,0.3,-0.3504034805654765,1.097191949259655,1.1374991042644664,0.8451841884934832,0.6461104126602144
0.0,1.0,0.5,0.1,0.1,0.9,0.20631603424925607,1.0643277473028852,0.8294571527869182,3.811531681039443,3.4218891331864683
0.6,1.0,0.0,0.2,0.8,1.0,0.07032686944565282,0.9664492493742417,0.6966299653989493,3.92844914600499,3.604972193349582
0.3,0.7,0.2,0.5,0.6,0.0,1.1180277741094,-0.17530727982251715,-0.2751503619184649,0.6387923418506279,0.28136279908715434
0.4,0.2,0.3,0.1,0.0,0.5,1.1686146325760869,-0.31294007847617594,-0.40981495965643483,0.9986651157154589,0.7472344366675056
0.7,0.0,0.2,0.2,1.0,0.0,1.716574817525054,-0.7889391434369448,-0.903679460129527,-0.12127689091115564,-0.2999908318834538
0.9,0.5,0.1,0.1,0.6,0.3,1.5639336521088043,-0.5136958736788027,-0.43133717134147187,1.3782620624428867,1.2465897730718074
0.2,0.1,0.1,0.2,0.7,0.5,0.8936518065833682,0.2406582137337313,0.016228369079768247,2.3133010187027216,2.165404829006981
0.2,0.9,0.4,0.7,0.3,0.5,0.9580903308287009,0.17384409517367208,-0.011327061768871313,1.1521173969656915,1.051287480655681
0.0,0.2,0.1,0.4,0.9,0.4,0.9265185921998167,0.05428738290451751,-0.2405341364444325,2.074375435022327,1.6194215769299862
0.6,0.9,0.3,1.0,0.8,0.8,0.06755793344235353,1.1449000062598957,0.7300858081353667,2.3070676869809494,1.9595098680606695
0.7,0.1,0.8,1.0,0.7,0.8,-1.9757207118101185,2.9682646524286778,2.836543203879102,2.9862433705108007,2.6014160761246385
0.9,0.2,0.2,0.5,1.0,0.5,0.986056924452885,0.1780673011669493,-0.056255267773223955,1.0382840026149234,0.6854645450699449
0.3,0.5,0.9,1.0,0.2,0.7,-1.4422114798815326,2.4570837438484645,2.385941191181214,1.7929991055058494,1.7169670096038634
0.4,0.1,0.6,0.9,0.8,0.1,-0.46327673404862774,1.64378835605406,1.4769115756014812,2.4916710508569317,2.4472674893375985
0.8,0.1,0.6,0.2,0.6,0.1,0.03177509746680667,0.9425022039534853,0.8502243229386185,1.745590715229789,1.8367814130721571
0.8,0.3,0.7,0.0,0.7,0.0,0.1802234589115479,0.6444465217605155,0.6018864776327119,1.3200192814410117,1.0782679538674556
0.0,1.0,0.7,0.3,0.9,0.5,-0.6152015341378593,1.616212800644994,1.9002272344803703,2.846436788443058,2.5361809062936476
1.0,0.2,0.5,0.1,0.2,1.0,0.3189573979122463,0.9198087539328995,0.6914468386160351,2.799834280397402,2.4148354385019326
0.5,1.0,0.3,0.3,0.6,0.1,1.0199367155010113,-0.25722823191093946,-0.3216809774096239,0.7919832729654682,0.6987734264391502
0.8,0.1,0.8,0.6,0.4,0.6,-1.1673750171801351,2.2638254771253035,2.0707934611081424,1.5432680222468735,1.3090648806315117
0.9,0.5,0.4,1.0,0.7,0.2,0.8149051386897006,0.2666002183446089,0.3369228695712517,1.6545892624472027,1.2122553374867153
0.0,0.2,0.0,0.5,0.9,1.0,0.22930249838450234,0.7170010520096621,0.6307313862723097,3.81953082834356,3.675909533379227
0.4,0.1,0.4,0.5,0.2,0.9,0.14890790704425308,0.872658783952598,0.5416339325612017,2.25540063088515,1.9644720589872302
0.3,0.1,0.5,1.0,0.1,0.1,0.39168690292334873,0.6479251701060575,0.6638629962186016,1.907031270775383,1.9761826065048451
0.7,0.1,0.2,0.6,0.0,0.7,0.5368763746097215,0.6059899041488359,0.30753527059086916,2.340564051689257,2.057720318500285
0.7,0.4,0.3,0.2,0.7,0.8,0.6010800446184837,0.17418586089996008,0.16876409957340138,1.409207889778731,1.3544579133783579
0.5,0.2,0.4,0.9,0.2,0.2,0.7209767720151042,0.46039726809766923,0.22025924609175218,0.9367654208469312,0.752546217295603
0.3,0.5,0.9,0.6,0.4,0.9,-1.5017513554957824,2.4465428093535335,2.47428739872782,1.7176324154209015,1.8400327896660464
0.0,0.2,0.8,0.3,1.0,0.7,-1.2210378556899482,2.1039873755146186,1.944489233502816,1.779029087737262,1.459316445884268
0.3,0.9,0.2,0.3,0.8,0.8,0.9333840385314748,0.392459224813856,0.08471084664087022,2.2870740912126863,2.0316150011584235
0.0,0.2,0.6,1.0,0.8,0.3,-0.8261093188307771,1.7764865140524058,1.537836628764484,2.9395827583339806,2.8320884613652426
0.6,1.0,0.4,0.9,0.7,0.6,-0.23774034715643091,1.3036742097221015,1.3464747523588516,2.269028191047125,2.272057445999251
0.3,0.2,0.9,1.0,0.1,0.5,-1.0682811775998535,2.044715465908953,1.8255262697797778,1.4680076726239921,1.2876317193969968
0.5,1.0,0.6,0.9,0.4,0.6,-1.1745487893389412,1.9822433182686332,2.1952405375093034,2.7596721704748783,2.5815626683073014
0.7,0.8,0.5,0.7,0.2,1.0,-0.5668682371291931,1.3017731209758832,1.0829856155199737,2.9588428935442903,3.0055589315148867
0.5,0.3,0.4,0.5,0.9,1.0,0.0516116623193468,0.8467894903422217,0.6115378318899355,2.1676328175957114,2.0714360063411554
0.2,0.4,0.0,1.0,1.0,0.3,1.066404789172415,0.10750707562311218,0.02497672757623992,1.5257952820877216,1.3301549826539467
1.0,0.5,0.2,1.0,0.6,0.2,1.2493370207613244,-0.4256098425208267,-0.3444098078608438,1.50924002054437,1.0780788525891218
0.8,0.0,0.2,0.6,0.4,0.8,0.8924287437141162,0.25460612903872554,-0.06723944988121608,1.3332454470981057,1.1292286044023205
0.4,0.3,0.4,0.9,0.8,0.3,0.7511547368304182,0.24684069791956553,0.09444683894251811,1.0832920762427773,0.805540349188044
0.5,0.2,0.0,0.7,0.9,0.8,-0.29901485627551494,1.021366111184965,0.8344127204602743,2.8606171760433883,2.7262011859359307
0.1,0.4,0.6,0.1,0.6,0.9,-0.38372574741519944,1.4991580480553988,1.52308811783047,3.065057128095697,2.8425433614281252
0.3,0.4,0.3,0.7,0.3,0.8,0.6420874337524233,0.15038763941249933,0.10031370950998351,1.1495222272018186,0.874326980381961
1.0,0.3,0.4,0.4,0.4,1.0,0.7368016101349539,0.21529638970958245,-0.014765523080411971,1.5140039580501516,1.4621541632117807
0.6,0.3,0.0,0.4,1.0,0.6,0.3542402694527922,0.4589475836125905,0.18895126304629323,1.6600179945439375,1.302517491344519
1.0,0.4,0.9,0.3,0.0,0.6,-0.1946122491580558,1.0597022002268517,0.8812306192642461,1.531406934542243,1.400562719072196
0.2,0.9,0.2,0.9,0.0,1.0,0.5948418776131688,0.3703834508496914,0.15620340975991387,3.3087164297641936,3.307737408814161
0.1,0.2,0.4,0.6,0.0,0.6,0.45725811393837096,0.5472736429129033,0.3321291594637336,2.1644574496216396,1.8621791079374885
0.0,0.0,1.0,0.2,0.6,0.4,-0.20758159452104438,1.3579974270782724,1.0593133276402902,1.3151953765774453,1.1411232965994733
1.0,1.0,0.1,0.5,0.8,0.2,1.488384728607176,-0.35369755817941934,-0.5380790837180981,2.3472173567079775,1.909522326550345
0.2,0.6,0.5,0.1,0.2,0.7,-0.39086917556876266,1.4478279991415304,1.2992616380842397,2.257781913742079,2.078991699756322
0.6,0.7,0.4,0.5,0.7,0.2,0.3721993354953924,0.6339991905330081,0.5132738184528279,0.9828677582568306,0.8463893381845687
0.3,0.7,0.4,0.1,0.5,1.0,0.08840145982655402,0.8437409264400876,0.7413740993213027,1.8638257086289924,1.5894250561346837
0.8,0.3,1.0,0.1,0.0,0.8,-0.5269717836421118,1.7295742104185206,1.3875011687753576,2.0148119175341783,1.6656020981663384
0.8,0.4,0.4,0.2,0.6,0.8,0.6189899002155252,0.5803733058508249,0.3789758014568506,1.5087471285113871,1.3677380488977338
0.5,0.7,0.7,1.0,0.9,0.7,-1.9023163039656146,3.0411301549476666,2.9052290562731167,2.6208272085427526,2.5084354143444028
1.0,1.0,1.0,0.8,0.8,0.9,-1.6344916711226887,2.7262766340684905,2.3364640525861318,3.157415280954569,3.0902680079397205
0.4,0.9,0.6,0.2,0.3,1.0,-0.48042717443022787,1.4541276991129628,1.304462327510324,3.4641793956976903,3.0848050590726657
0.4,0.3,0.5,0.2,0.6,0.9,-0.10278603024577941,1.1103237016790206,0.7821796743921283,2.515289977161651,2.298719365035324
0.6,0.0,0.4,0.7,0.3,0.7,0.4207977518750156,0.6910706551756147,0.4117907341806675,1.2263232030750157,1.044154312097143
0.6,0.5,0.0,0.2,1.0,0.9,0.14967626982602905,0.5458292069599933,0.7194820230684478,2.644101362856057,2.559132752159603
0.9,0.3,0.2,0.5,0.1,0.7,1.2512008566672348,-0.18258130609017903,-0.312453344978189,1.6542475716342742,1.4339756822027232
0.9,0.8,0.7,0.3,0.1,0.7,-0.6018833704021427,1.4755299107977862,1.4184510983549008,2.5557656077234623,2.462240835416727
0.3,0.7,0.9,0.3,0.8,1.0,-1.8005746480146676,2.615093693602811,2.468557190053922,2.4422136256684093,2.2499676325341795
0.7,0.4,0.9,0.8,0.9,1.0,-1.4035428829368437,2.3655310143312156,2.4729322185963367,2.3073963841239657,2.161480057982841
0.5,0.6,0.0,0.3,0.3,0.5,0.32140580728941465,0.44814264866818343,0.4214378629612361,1.6722513990476708,1.4221165910842715
0.1,0.8,1.0,0.5,0.2,0.3,0.007004156777873749,1.1961170720875776,1.2698568402072667,0.9904392772558833,0.8873147373638216
1.0,0.3,0.7,0.6,0.8,0.7,-0.6324629966062748,1.8317934037779704,1.709272074488977,2.6523633001556095,2.452467295048671
1.0,1.0,0.8,0.2,0.7,0.7,-0.9108226094931037,1.9392304930354516,1.823432014413847,2.6896408833581895,2.2103337925750925
0.8,0.7,0.2,0.3,0.7,0.0,1.184822376450649,0.07400449354217783,-0.2734306449763593,0.7977942830963101,0.4525457450312189
1.0,0.4,0.0,0.8,1.0,0.9,0.8555929561833724,0.26040720420870517,0.27878582894463916,2.8049680936458947,2.411571431766608
1.0,0.4,0.2,0.7,0.8,0.3,1.6705728146066803,-0.7041278278329762,-0.7111222542254244,0.9875535354023168,0.8739842043621036
0.4,0.0,0.7,1.0,0.7,0.9,-1.3800629741682802,2.351170072972461,2.1821904869187563,3.5554301873877603,3.521325978578463
0.8,0.7,0.1,0.4,0.8,0.3,0.9028789855068078,0.14037055613755328,0.1351483235623308,1.6464963290794863,1.3725657093409616
0.9,0.4,0.2,0.9,0.0,0.1,1.7505560053528113,-0.8286524573199812,-0.8050720907732849,1.2690463891859614,0.7796010591240541
0.2,1.0,0.8,0.3,0.6,0.9,-1.4885204919952524,2.2824160863883436,2.2881643932762015,3.1047735221628674,2.9262074340030115
0.7,0.8,0.6,0.9,0.9,0.9,-1.3969349768542938,2.313978054125785,2.4280011990205113,3.485190444723112,3.1393073000418608
0.8,0.2,0.1,0.6,0.4,0.9,0.20250223931060174,0.5203712469509475,0.6274156875545892,2.228689115378431,2.261710691327316
1.0,0.3,0.1,0.3,0.6,1.0,0.9962341774653015,-0.020589779035313907,-0.12784695420920952,2.659873143434808,2.6423680856310994
0.5,0.4,0.9,0.6,0.8,1.0,-1.2946359829825356,2.203170845609024,2.205491567993986,2.6284393401026658,2.3575363665513653
0.4,0.0,1.0,0.3,0.9,0.3,-0.256803284624986,1.5446077382318324,1.3661431387744214,0.7872950248246279,0.5436173739917701
0.8,0.2,0.8,0.7,0.4,0.6,-1.1570841927559927,2.305601877011508,1.997175554772363,1.3723051320524315,1.0611291507193281
0.4,0.7,0.5,0.5,0.4,0.7,-0.6362120381437946,1.8445813209999005,1.481153369056599,1.7399794959330117,1.3778300794568228
0.7,0.2,1.0,1.0,0.8,0.1,-1.1337147230395495,2.0974490587684387,2.1180017668426157,1.2131820870744623,1.1308099130437903
0.7,0.1,1.0,0.5,0.1,0.8,-1.3778132272698653,2.2299920106371207,2.47225641198247,2.456022016705272,2.2484224405754794
0.1,0.2,0.2,0.0,1.0,0.3,1.568560879569866,-0.3610022096464503,-0.5623696773940022,0.27629012332077973,-0.0790779049967282
1.0,1.0,0.3,0.4,0.7,0.7,0.6287674620336896,0.24358489270592343,0.16380965328732655,1.8798420684660562,1.700977039261084
0.3,0.7,0.6,0.5,0.7,0.2,-0.5990460435702516,1.5077663804988095,1.4549699263626088,2.307371658584559,1.9866801602803696
0.7,0.5,1.0,0.5,0.8,0.7,-1.8266531213946535,2.744676897142501,2.607548294685991,2.0300477118384013,2.075167922540192
0.1,0.4,1.0,0.2,0.1,0.4,0.09344506307896912,0.905100132638695,0.7852014996733534,1.157509089115548,1.0664070567518888
0.7,0.6,0.4,0.1,0.3,0.0,0.8784614991416239,0.07283316561759173,0.09412938732432591,0.14696619192235455,-0.20816740576536152
0.1,0.4,0.0,0.0,0.2,0.4,2.037128465702496,-0.7809997465651737,-0.9307734307321441,1.3867320679212096,1.3629172216516998
1.0,0.8,0.7,0.3,0.1,1.0,-0.4603283947655966,1.3132355550307975,1.2401493434094073,3.5032139186468245,3.3914782712997757
0.0,0.5,1.0,0.7,0.1,1.0,-1.4987610057030802,2.448468031415173,2.2521060932792745,3.465666658119057,3.3216937527412562
0.4,0.8,0.4,0.2,0.1,0.3,1.331557293038812,-0.43008401373280825,-0.389287869950537,0.9274485467212391,0.7212107848919938
0.1,0.7,0.7,0.0,0.7,0.2,-0.5254892143681578,1.4356918238711989,1.205885353185109,1.7088294938574324,1.4082404160046944
1.0,0.3,0.4,0.0,0.4,0.4,1.8436177246696168,-0.8072389024964113,-0.8274971840421087,-0.06630511172227747,-0.2946350473598887
0.4,0.4,0.2,0.2,0.4,0.3,1.7773205715426752,-0.8607023659795741,-0.8009884696628251,0.0021140244280213535,-0.38596866130451457
0.0,0.2,0.3,0.5,0.1,0.0,1.6072218745368565,-0.502169246801599,-0.63307548023586,0.8470099012427781,0.8269626378784527
0.9,0.3,0.8,0.6,0.7,0.0,-0.11680582219436804,1.161100969172584,0.9742773746527729,1.051292364250136,0.9803987407600767
0.8,0.0,0.4,0.8,0.8,0.3,0.7612720886986852,-0.019013142051357512,0.05856889174761773,1.3032813849613163,1.0542416552100766
1.0,0.1,0.2,1.0,0.7,0.6,0.4493688010161575,0.4687809964271361,0.536387281020245,2.2032286663442036,2.0224856507483744
0.7,0.3,0.0,0.3,0.3,0.3,1.6335432038416884,-0.5641674895649775,-0.796957804344452,0.8762076158199211,0.9230790923025772
0.1,0.2,0.0,0.3,0.7,0.5,0.7679146645739068,0.3476685967396067,0.1240335253998964,2.667788818102805,2.4157904657716713
0.8,0.0,0.4,0.1,0.4,1.0,0.6350833239780543,0.30953842380257923,0.20201077300484552,1.6363436549354347,1.302113526679839
0.6,0.8,0.8,0.0,0.0,0.6,-0.548190811156729,1.5279049785056398,1.6852193172556125,1.5873023343289139,1.5800114467749837
0.6,0.8,0.9,0.3,0.9,1.0,-1.343706409592755,2.4444280749491845,2.2873460592038275,2.113388999016511,1.8715945933352116
0.7,0.1,0.0,0.3,0.1,0.9,0.2813266721643819,0.5340913696140156,0.43948740756437543,3.342200754655022,3.4063470281372816
0.3,0.9,0.3,0.2,0.6,0.1,1.7288969860277175,-0.715716326832004,-0.6613044848303081,0.32415542631414285,0.24187580370682613
0.7,0.3,0.7,0.0,0.3,0.3,0.4033338691575953,0.7198149459943649,0.7175671504421202,0.6967776874252178,0.7912856592605347
0.8,0.9,0.0,0.9,0.5,0.3,1.0503413313074934,-0.1983095584972177,-0.27057821979241786,1.947199348974318,1.8224268885164052
0.4,0.4,1.0,0.0,0.8,0.8,-0.9187784533792072,1.954296415358782,1.8805739026496258,1.7116624439678592,1.521481858871192
0.7,0.8,1.0,0.3,0.2,1.0,-0.9505328198255517,2.204330174132407,2.072122638219414,2.2724979964736085,1.9456185293048378
0.3,0.1,0.9,0.9,0.4,0.5,-1.2835180006116347,2.1200927299685937,2.1248526944409,0.9831518726092694,0.9300749694895094
0.9,0.4,0.8,0.6,0.5,0.0,0.04217875134664,1.0462195473436955,0.8133260452260862,0.7036259181391177,0.4202185361195444
0.8,0.6,0.6,0.8,0.6,1.0,-1.8278976904731037,2.6518847741210845,2.464517960577962,3.9592500650153486,3.790291914347455
0.4,0.0,0.4,0.5,0.4,0.9,0.5823421179207131,0.5037178632522111,0.3426406804793502,1.6499995821152624,1.382495751662791
0.2,0.0,0.2,0.3,0.6,0.8,0.8525032914506742,0.08791774950456965,-0.13575625537390698,1.957535233992857,1.512540183535871
0.7,0.2,0.1,0.3,0.1,0.2,1.3722694145709946,-0.6028286664269693,-0.6642251184808319,1.5670016431075906,1.3858707171724456
0.2,0.3,0.9,0.2,0.6,1.0,-1.0061876752414132,1.8568755898036704,1.7862622073396826,1.870753036035767,1.9023203351886417
0.2,0.9,0.1,0.1,0.5,0.4,1.5615113682463133,-0.55924822566408,-0.6510352042721358,1.4651020523115337,1.227176939819026
0.8,0.4,0.7,0.2,0.3,0.0,0.2131391797810217,0.8198790120524704,0.4645277365830149,0.8547327799944506,0.7224384867933357
0.5,0.8,0.2,0.9,0.4,0.0,1.2637315046464372,-0.379190186641662,-0.1589433837356397,0.26864016637098187,-0.1078580237929716
0.0,0.3,0.4,0.9,0.6,0.7,0.2622513706544723,0.7560727004571701,0.6696223471582857,1.8660615487500383,1.6433994157325165
0.6,0.8,0.0,0.8,0.0,0.5,0.6323479459984401,0.17858545282431865,0.17138780819202049,2.7809954793437233,2.6317053989436454
0.2,0.0,0.8,0.6,0.1,0.9,-0.7310147111417967,1.857008880300492,1.7194639604400963,2.8775137771359383,2.59267092935021
0.5,0.0,0.0,0.8,0.1,0.3,1.268368706031399,-0.4950342506748707,-0.24840279451614145,2.3561625125517156,2.040915592989125
0.7,0.5,0.1,0.2,0.6,0.3,1.24717730889832,-0.1297999292360535,-0.2607647790363622,1.5108043914953373,1.4629379428520197
0.2,0.1,0.8,0.6,0.5,1.0,-1.5748549220695556,2.587307591551973,2.1946877444695407,2.9861510378624097,2.669978016836491
0.9,0.1,0.5,0.1,1.0,0.6,0.05607703776942784,1.0152281852826495,0.9428726266508691,1.582055805257811,1.3827913369882276
0.3,0.0,0.5,0.7,0.3,0.2,0.8241096846302551,0.2629178815349533,0.036457514907421024,1.1567111113693653,0.9530000920816389
0.9,0.4,0.4,0.4,0.9,0.9,0.5048105876528994,0.5938255562876551,0.5541989856695333,1.8171126778973248,1.7392189724801417
0.9,0.4,0.8,0.1,0.6,0.6,-0.5397432508361424,1.4604490342966518,1.518390798808041,1.2909372721637984,1.076249364635781
0.7,0.2,0.4,0.5,0.7,0.3,0.6996211588490034,0.27688596157220835,0.4117288775000225,1.22256883950505,1.0589777471745423
0.7,0.1,0.6,0.7,0.9,0.4,-0.8208263478678834,1.7022788815085985,1.666386234452558,2.564413532593762,2.428642545302541
1.0,0.8,0.7,0.0,0.4,0.1,0.4187160867075764,0.37969426511564647,0.4210017689467742,0.6677828083824724,0.5023559628550857
0.9,0.7,0.8,0.6,0.9,0.1,-1.0585030699997071,1.8498626999484833,1.6938548665286257,1.0461340755330268,0.8135409611279405
0.8,0.3,0.4,0.7,0.2,0.2,1.2070892354795824,-0.3725856759663472,-0.4505871478583804,0.3790617975069504,0.430631690318364
0.6,0.1,0.2,0.2,0.1,0.5,0.9612720185765247,0.0005932499636932542,-0.18577368696341437,1.3578601956815093,1.168139515592598
0.5,0.2,0.3,0.3,0.3,0.0,1.565655713929765,-0.4298907058883591,-0.6984898672267842,-0.20696813049389973,-0.5377489322923451
0.5,0.3,0.1,0.0,0.6,0.4,1.5635278397274257,-0.6748417459831059,-0.6635600792608467,1.163714517000515,0.8398341503394373
0.3,0.1,1.0,0.5,0.5,0.9,-1.3844999701091867,2.4390641655273555,2.468796432354663,2.400176460923736,2.1710969867974796
1.0,0.0,0.6,1.0,0.7,1.0,-0.9839191927015731,1.8690268998269248,1.5380323591028648,4.1752262139244145,3.898394474088309
0.8,0.2,0.8,0.5,0.0,0.8,-1.127466531806119,2.3350381234148228,1.9464743214644855,2.7850358190862647,2.453175729759079
1.0,0.2,1.0,0.8,0.9,0.4,-0.7249022800214128,1.824435956624748,1.530326600982784,1.2733996251638047,1.1912354847592206
0.1,0.2,0.1,0.6,0.5,0.0,1.2350452110804515,-0.37278488816945043,-0.4448843977342589,1.2397519034715747,1.089852504457743
0.6,0.1,0.0,0.1,0.3,1.0,0.39419911444393113,0.5952616742826882,0.5243711851542964,2.8210379643640366,2.5058771668941953
0.5,0.4,0.7,0.6,0.4,0.2,-0.17052167592092654,1.2053174788906107,1.0511073849907966,1.0823329433680207,1.0562899005002715
0.9,0.3,0.2,0.8,1.0,0.4,1.3205659492029596,-0.1436226978576709,-0.2352456954216311,0.4991303346598775,0.37780253491118776
0.2,0.5,0.1,1.0,0.2,0.5,0.587159310736366,0.34064776646222134,0.39197334831421893,2.236255927242552,2.0196751007217126
0.3,0.3,0.3,0.2,1.0,0.8,0.7770069526756416,0.17374993913460365,0.14981432907010686,0.7433909543129045,0.5009757501274875
0.1,0.9,0.6,0.4,0.3,0.4,0.24069613971475276,0.683902844685881,0.7507091464311506,2.259814240882547,1.9015767017985892
0.8,0.3,0.8,0.7,0.1,0.3,-0.059324165212459076,1.0704841353118912,0.943333119219092,1.4351985566577794,1.1110336931286298
0.4,0.0,0.2,0.3,0.4,0.2,1.8805187940831674,-0.7701006229511622,-0.9076542615847274,0.04863820958744952,0.04823659380564452
0.0,1.0,1.0,0.5,0.8,0.7,-1.5053304025152703,2.498706782505161,2.424007704954803,3.0170877469953767,2.6547494596992545
0.8,0.8,0.4,0.6,0.3,0.4,0.9157141919647999,0.020809365189188564,0.22305043329955368,0.6143236244299907,0.22878227406689125
0.5,0.1,0.4,0.5,0.2,0.4,0.7363833965012413,0.18605730229480222,0.04904927243391813,1.2281613964844995,0.9540326222295521
0.0,0.8,0.3,0.7,0.0,0.3,1.3636701358580625,-0.41519277860402554,-0.575851551954629,1.2336829685079889,0.8730290540442085
0.5,0.5,0.8,0.2,0.1,0.9,-0.9860078809012431,2.047177049386862,1.9297171677626743,2.744261489048445,2.4361833546244727
0.3,0.1,0.2,0.8,0.9,0.9,0.07822718640010198,0.9350211081187926,0.9595779585533746,2.4978660722913513,2.173845034288269
0.9,1.0,0.0,1.0,0.1,0.0,1.1238630476514353,-0.13664498254450352,-0.2970366355166547,2.46222457684976,2.2146337857611873
0.3,0.1,0.0,0.6,1.0,0.3,0.763216003640962,0.22907824926070167,0.009450366773651159,1.9422623276910311,1.5049192514888177
0.5,1.0,1.0,0.5,0.1,0.4,-0.6982590429881295,1.5063510054857587,1.5162693074776445,2.036238757509886,1.816408111045106
0.9,0.4,0.0,0.7,0.7,0.5,1.0506691718795953,-0.026645795257471377,-0.1294958193198449,2.1993961835534366,2.094251103746871
1.0,0.4,0.3,0.7,0.5,0.0,1.8514263593771987,-0.9365229037061618,-0.8691804099598575,-0.12265438310098051,-0.21683517059648982
0.9,0.7,0.0,0.8,0.7,0.7,-0.1662816694017692,0.9845775683841163,1.035805132413097,2.7655980619007776,2.8407434590166023
0.4,0.1,0.5,0.0,0.2,0.3,0.6053502866337371,0.38930313661755334,0.17272445120891378,1.2660270721356135,1.297945361506115
0.7,0.7,0.7,0.0,0.2,0.5,-0.7081535114087577,1.5758286307287184,1.6350337860597222,1.5183373941331981,1.4141293552687502
0.6,0.2,1.0,0.3,0.8,0.5,-1.1198065479869936,2.1806463778575833,2.1695817988935273,1.2963201469515286,1.50276067336579
0.1,0.2,0.6,1.0,0.5,1.0,-1.4056443406857184,2.520901386516182,2.3119972115041563,3.835535195400547,3.675802649991851
0.5,0.6,0.8,0.2,0.7,0.2,-0.9235655168150253,2.0040949707144526,2.0248492641416376,1.5215762052839583,1.1757503012610129
0.9,0.6,0.4,0.1,0.7,0.8,-0.1686886370958553,0.9662860954603887,0.6617124250866026,2.02717369236456,1.8640106138208825
0.9,0.7,0.9,0.4,0.7,0.7,-1.5115819902596905,2.3951700305214474,2.318151260985515,1.6090756937573265,1.5475083984644304
0.5,0.6,1.0,0.6,0.1,0.3,-0.9737641630278332,2.09051799631855,1.6863001056813038,1.658858683750447,1.4380045605187817
1.0,0.0,0.7,0.8,0.2,0.0,0.2826879116540505,0.6445492505717978,0.4925010077511405,1.5446017571091173,1.227458023988018
0.3,0.4,0.7,0.6,0.1,0.8,-0.7232541006463473,1.6397204294455257,1.5959488892950158,2.97844643072469,3.0552394687985593
1.0,0.8,0.9,0.0,0.6,0.0,0.3960470193396358,0.5899627318968631,0.736971322118668,0.14691841647154852,-0.08858242021971859
0.7,0.4,0.6,0.1,0.2,0.6,-0.06211221662600407,0.9943147145378016,0.8858910273213718,2.008879758622597,1.8747509848542143
0.3,1.0,0.2,0.0,0.5,0.1,1.6421427003315079,-0.5444029621236754,-0.7733016893397989,0.4257944020149289,0.30614445342593855
0.9,1.0,0.6,0.8,0.9,0.2,-0.16214213617646206,1.3428344336271905,1.4123221075942052,2.76790710631609,2.290425586431132
0.6,0.9,0.6,0.1,0.0,0.6,-0.17542946514118157,1.0285670113002583,1.0950420103212033,2.9193296139465392,3.037359342207712
0.5,0.4,0.5,0.8,0.4,0.6,-0.01629200196637176,1.1367009620876205,0.8965323324946438,1.6616304652466858,1.443852229780986
0.0,0.5,0.6,0.7,0.5,0.9,-1.1597273853801158,2.067963913532417,1.9524409666802902,3.855233496199251,3.372806727033696
0.0,0.4,0.0,0.6,0.9,0.4,1.1933277675308724,0.07978375724431555,-0.21160309173889255,2.3677812952515964,2.0119254996094162
0.4,0.0,0.5,0.5,0.1,0.0,0.8866991723344926,0.07149548068598251,-0.2463703213545616,1.660499163350321,1.3970818208462736
0.5,0.5,0.5,0.0,0.6,0.0,0.5309615357819217,0.4771379334267139,0.17221385275522308,1.1100083294468472,0.9813242811631755
0.1,0.3,0.7,0.6,0.0,0.6,-0.46641044548894933,1.4861485914244097,1.436747389789891,2.5765036763564297,2.5259589043975774
0.9,0.5,1.0,0.1,0.7,0.4,-0.43192528827109045,1.5513050374784696,1.481855492720894,1.268530071372858,1.1217244844837504
0.7,0.6,0.2,0.0,1.0,0.5,0.4301731589560988,0.42442516445071365,0.577699709916685,0.6603192068597672,0.4110776559998815
0.4,0.8,0.2,0.6,0.8,1.0,0.4113826501405273,0.7339185645476196,0.632822518353227,2.5602512447895336,2.358106999616351
0.1,0.8,0.3,0.9,0.7,0.6,0.32845230830686273,0.6611981028078262,0.557434455991717,1.5758500767589925,1.3661441680303437
0.5,0.6,0.9,0.0,0.2,0.1,-0.456404243833671,1.551348418880226,1.312022156346075,0.29536003050299114,0.10398744249087816
0.6,0.4,0.6,0.3,0.6,0.0,0.14298890248986096,0.8453604409949307,0.8074802096657618,1.5891365053053135,1.1695991563332624
0.2,0.9,0.2,0.7,1.0,0.4,1.2637679220061082,-0.0756088846250732,-0.15705938124517016,1.0451323442353015,0.9358272301946466
0.1,1.0,0.2,0.6,0.2,0.9,0.39999430004707476,0.48435055889447465,0.38939829456109837,2.855765396622896,2.753949441789605
0.0,0.7,0.5,0.8,0.4,0.9,-0.9862070574784507,1.9772340484426487,1.7666511096865822,2.649551297705291,2.498022899150022
0.1,0.2,0.8,0.7,0.8,0.2,-0.6048526141493124,1.6064259885739116,1.470881392231267,1.691591738187685,1.2361362660838842
0.6,0.2,0.9,0.2,1.0,0.2,-0.4979058821103988,1.6772225833242576,1.6617962234972423,0.24815656552707135,-0.10410027229165017
0.0,0.7,0.1,0.1,0.1,0.4,1.3308074741925033,-0.427249962297076,-0.37381067827141706,1.7897830876964336,1.6694003779877398
0.1,0.0,0.5,0.0,0.4,0.1,1.2857183943899542,-0.19218671225244596,-0.288381264212825,0.3768275228093065,0.5308487083555666
0.9,0.5,0.3,0.0,0.7,0.0,1.661323358899695,-0.48705013257824825,-0.7722161489603213,0.39267065730165485,0.23879378621166436
0.8,0.0,0.5,0.0,0.4,0.4,0.9616399735162454,0.017943061614811934,0.026729192825508896,0.7304686434499756,0.6170627378537327
1.0,0.6,0.7,0.9,0.2,0.2,-0.5335025807013715,1.7302354862307219,1.3294082534601865,2.0629179350930955,1.8162791833847673
0.4,0.9,0.2,0.3,0.0,0.2,1.9348000289446878,-1.0600890742237348,-0.9642808031703299,1.4372881946086906,1.376437131623919
0.6,0.0,0.5,0.1,0.6,0.2,0.6972947392854913,0.39714693377694743,0.20689055525590094,1.2196369530892481,0.8377271271702005
0.5,0.0,0.9,0.1,0.1,0.3,0.17262121069464711,0.7779405946014365,0.7762039316279953,0.6597061385051832,0.45371164797161784
0.9,1.0,0.9,0.5,1.0,0.9,-1.2948167048312484,2.494580799762572,2.285910667026365,2.3662094227829455,2.050509491695963
0.6,0.7,0.6,0.7,0.6,0.7,-1.5552160465180838,2.6582758181659933,2.515668420648027,2.8631127688653977,2.746515761577975
0.7,0.2,0.9,0.9,0.0,0.4,-0.9701100956237656,1.906208283656051,1.7363927740822354,1.4196575308390484,1.5408561849897604
0.4,0.9,0.9,0.4,0.1,0.5,-0.3926739135805877,1.411152370304415,1.4091152158714975,1.4723478130616026,1.5340038158922213
0.9,0.9,1.0,0.6,0.2,0.0,0.2010307847652545,1.017716261028793,0.8605763621434539,0.9287145297761411,0.7391452975840396
1.0,0.2,0.3,0.9,0.8,0.8,0.37664723695210467,0.6996288069646214,0.7149004425169146,1.821755570001337,1.6783470236295275
1.0,0.4,0.8,0.2,0.6,0.4,0.0595083037059715,0.8596483634466277,0.9428673550947516,0.9934542139814053,1.0005724797593092
0.6,0.4,0.5,0.7,0.0,0.5,0.16204827311168357,0.6990329480215772,0.42370488669235074,2.3041802917537892,2.0583308145067774
0.5,0.3,0.8,0.2,0.0,0.5,-0.23628120463551872,1.3644310711026555,1.1944463806376688,1.5733658739374183,1.082870105510877
0.3,0.8,1.0,0.8,0.5,0.8,-1.396201002115865,2.5004907023024874,2.274604047247102,1.8272290571008931,1.7490542193935066
0.7,0.4,0.9,0.5,0.5,0.0,-0.03974451705708304,1.1932458853867647,1.162977575565551,0.10709433735941085,0.028718437261063892
0.7,0.1,0.4,0.4,0.8,0.2,0.8115288575544568,0.33811298159597963,0.3029146731336896,1.1680451724814158,0.9489367801248267
0.2,0.6,0.7,0.1,0.5,0.3,-0.532759037375179,1.6803589306291624,1.5098574629726123,1.5759933366758316,1.6245347333513223
0.8,0.4,0.0,0.4,0.0,1.0,1.0672075639145255,0.08128919759857453,0.08791504627643745,3.7741375061199633,3.3950057576185446
0.5,0.9,0.7,1.0,1.0,0.9,-1.4813083716648119,2.598723871513358,2.472249174183014,3.2789333401441314,3.0236625187566784
0.5,0.9,1.0,0.5,0.9,0.7,-1.2739611779294764,2.265378673322185,2.1804431614053192,1.929551336690631,1.8709577692372983
0.2,0.4,0.2,0.9,0.4,0.0,1.6705660154705666,-0.5747682324776635,-0.4832163233960537,0.009677759940560637,-0.002499687545362776
0.5,0.3,0.9,0.7,0.4,0.6,-1.0033347913458546,2.0803373587684995,1.7857616527363342,0.5713655921511549,0.3526942396652381
0.0,0.0,0.4,0.1,0.3,0.4,1.525055692715206,-0.5996626453182357,-0.4573955922960027,0.6233535870424101,0.35662971013806094
0.1,0.6,0.3,0.2,0.4,0.2,1.0435733118184627,-0.08154782730958907,-0.1749188456865854,0.06902814517538666,-0.129223591586584
1.0,0.6,0.7,0.1,0.0,0.0,-0.034701203052452,0.8815248095919141,0.8963864762675177,1.959514275884487,1.8108675385103978
0.8,1.0,0.5,0.2,0.9,0.7,-0.5539778249256211,1.379395444085794,1.3599302621317537,2.4604496480676206,2.3777611021653646
0.5,0.5,0.7,0.2,0.0,0.8,-0.9137742782401767,1.8927183623392299,1.9354978613603282,3.273549983554138,3.239095061800948
0.3,0.2,0.7,1.0,0.8,0.3,-1.1277372775102086,2.084804986944451,1.6997683154904113,2.335687663394729,2.200004536591111
0.5,0.0,0.6,0.0,0.8,0.1,0.28101779161387885,0.8806182344678629,0.4045500834310515,1.5545765562421408,1.4228015052516247
0.9,0.6,0.3,0.4,0.8,0.7,-0.006266819126127227,1.010077758302935,0.9351307001761843,1.5582725664500447,1.508776448002861
0.5,0.9,0.5,0.2,0.0,0.6,0.37785779944523384,0.6116665992108006,0.4516533199795145,2.4781854373370633,2.3233072027005446
0.0,0.6,0.4,0.5,0.9,0.5,-0.18006490719924978,1.0672133005158957,0.945469692196653,1.7380341801185804,1.6012534912473408
0.2,0.0,0.6,0.9,0.2,0.0,0.14650792282238595,0.7918565568720166,0.6915403115808806,1.8084766389649407,1.7188898637580958
0.2,0.9,0.0,0.7,0.9,0.5,0.7006375362736875,0.2913548558000451,0.21341548514888214,2.6389851097086727,2.348728155421259
0.4,0.2,0.9,0.9,0.3,1.0,-1.6697232523470789,2.6949194538582004,2.433014876828951,2.093018603444584,1.9961577048347083
0.7,0.4,0.3,0.4,0.4,0.9,0.8658683169914395,0.22574179958550403,0.04070556050424007,1.1194125291674375,0.811071628962408
0.7,0.4,0.5,0.9,0.9,0.7,-0.5246581445693972,1.6341283577300898,1.521586466779303,2.2633743972908364,2.269604127524043
0.3,0.0,0.2,0.1,0.4,0.4,1.889708546003275,-0.7504918357137909,-1.0218938530987993,0.12258866856517027,0.03400702201152129
0.3,0.9,0.3,0.5,0.6,1.0,0.4908470511621438,0.5241654270297673,0.29444740053754304,2.603680247451289,2.398211039646399
0.8,0.9,0.2,0.8,0.3,0.3,1.4478028424814633,-0.4856960875625759,-0.5896195752229358,0.8059281902167239,0.6184529049989465
0.2,0.6,0.9,0.8,0.7,0.6,-1.8673101305945152,2.9312390669161306,2.5982286544828277,2.0337508380699565,1.9108594856643486
0.6,0.5,0.7,0.4,0.2,0.4,-0.7061276005266335,1.575021024372857,1.6021349212123341,2.0262186136754834,1.750755781620519
0.4,0.9,0.1,0.1,0.8,0.9,0.6102182124250148,0.3050162705401732,-0.08674716930960823,3.1478878413050246,2.730576958750005
1.0,0.6,0.3,0.5,0.0,0.4,1.1451302121070688,-0.14391882330788358,-0.13290059392628337,1.2978152605274287,1.3668228772174151
0.7,0.9,0.4,0.5,0.2,0.1,1.2975500771733195,-0.417950950082276,-0.5006103282796605,0.8047747769647658,0.8757888934759658
0.9,1.0,0.8,0.5,0.0,0.2,0.006204300059502177,1.1504887231253138,0.9268333938513892,2.146630565621903,1.8982045169873751
0.9,0.4,0.0,0.9,0.3,0.4,1.2785244763520442,-0.23517029918457685,-0.33756762844197474,1.5122336077260936,1.528790989650949
0.0,0.2,0.4,0.1,0.6,0.0,1.2947031156850177,-0.19427953542727183,-0.49762872610294706,0.7707169946145127,0.3990931320633161
0.8,0.7,0.0,0.1,0.3,0.7,0.4264512900065227,0.41469295037357834,0.43709004109939487,1.818412357199366,1.3453599042982922
0.1,0.9,0.3,0.1,0.1,0.6,1.363257986492792,-0.41466873478523913,-0.49212015924001595,1.4691223002803238,1.23098377027773
0.7,0.8,0.1,0.1,0.8,0.2,1.4543878569773614,-0.423863436456612,-0.4870991067479622,1.3080496693803942,0.85081700948966
0.0,0.2,0.2,0.8,0.6,1.0,0.47534589546291495,0.9751293913075452,0.6606556901839435,3.0000577112770834,2.9259552920159306
0.7,0.1,0.8,0.9,0.2,0.2,-0.8614186368430324,1.5698818308326312,1.8477186745880867,1.2426799875319834,1.1769995610559392
0.3,0.5,0.2,0.2,0.3,0.8,0.7629788714328979,0.22280784298280693,0.009014435935376347,1.595413606697145,0.9979687766109536
0.7,0.4,0.1,0.5,0.9,0.1,1.4336366224849595,-0.2812234155616572,-0.5329377965219722,1.1159712942906734,0.823908903080838
0.7,0.1,0.9,0.9,0.0,0.6,-1.358664117316276,2.2627864176988552,2.182907059054697,2.1845357062823467,1.764310382221021
0.7,0.0,0.8,1.0,0.8,0.5,-1.1763849826099955,2.1221018245925047,1.9775232855160527,1.9916173597789002,1.8145429587434332
0.6,0.0,0.3,0.6,0.4,1.0,0.6523416863243595,0.33283030798907587,0.3742314745915872,1.5954121376283565,1.299968415107501
0.9,0.3,0.5,0.5,0.4,0.2,0.8692543286691239,0.13605743188975128,0.03720287746430263,0.7904333838772191,0.5990170921474414
0.7,1.0,0.1,0.8,0.5,0.5,0.4219959177286063,0.3326626347124746,0.43680809138717974,2.185095985513914,2.0154369707986763
1.0,0.7,0.8,0.8,1.0,0.7,-1.4872159532277964,2.5586249066902362,2.420361377221726,1.5818053039229631,1.4114339397513749
0.3,1.0,0.9,0.0,0.9,0.4,-0.3448407308874831,1.5571123189707554,1.4364656129150433,1.05168879746931,0.8293243077606084
0.8,0.3,0.8,0.2,0.8,0.8,-0.986770684673127,1.9467094604040271,1.9402994970354694,1.8625994416068477,1.747087811138648
0.5,0.7,0.1,0.2,0.6,0.8,0.31703879311127586,0.8542798613054648,0.754893926676646,2.359692346347002,2.08412509623318
0.4,0.0,0.2,0.8,0.5,0.4,1.167392056776098,-0.34695471571748093,-0.4154114195350609,0.9248111724187207,0.6376802467965711
0.7,0.9,0.6,0.8,0.9,1.0,-1.105208018992594,2.2419021488052997,2.1559304957023784,4.109410752334556,3.8966238458215403
0.4,0.8,0.9,0.1,0.2,0.7,-0.6154280189937231,1.7379332673922325,1.8658387256333357,1.042202821614137,0.9312751232715256
0.3,0.8,0.6,0.1,0.6,0.1,0.2474075823275489,0.5929690735689399,0.5969001799836671,1.474385230310563,1.416689612059483
0.9,0.9,0.7,0.5,0.8,0.7,-0.9540553663995317,1.872562822303208,1.723493987790924,3.1026313192573514,2.9606035094263894
1.0,0.1,1.0,0.7,0.5,1.0,-1.294247711449003,2.414664527589372,2.2737166733808616,2.6849707390127118,2.6239953537892244
0.9,0.1,0.0,1.0,0.2,0.8,0.2663797914568198,0.6893724393874603,0.6373840806747398,2.986990308965046,2.998560852713794
0.7,0.7,0.6,1.0,0.4,0.0,-0.6393795615134332,1.7143941852703648,1.4198373428676134,1.5354706959295212,1.2852687939603435
0.7,0.5,0.3,0.9,0.4,0.8,-0.0761266877822143,1.1140301803799275,0.9054910507945925,1.4142107384838338,1.2443526367591833
0.7,0.0,0.6,0.1,0.7,0.2,0.14616326711224242,0.7561908281531676,0.6372440852064537,1.8658782940067014,1.7626832705239914
0.4,0.0,0.4,0.3,0.5,0.3,1.3769854110781614,-0.2858400998935944,-0.2872515260828293,0.5964546487570277,0.0355744662748842
0.1,0.1,0.7,0.4,0.9,0.7,-1.298413807434425,2.0469020832629967,2.1746360031423895,2.8583398724083375,2.606643318113115
0.9,0.3,0.3,0.8,0.4,0.7,0.8825370229867925,0.3311704191968303,-0.057146089390663124,0.4929528130213299,0.6033067185509522
0.8,0.7,0.2,0.8,0.9,0.1,0.6914264395122889,0.40652056411975945,0.1290456861436805,0.6172840624848137,0.5678115920316595
0.8,0.5,0.5,0.6,0.9,0.7,-0.7236601930343767,1.84895327277195,1.4525901602370612,2.5426987199830915,2.3997031410170644
0.1,0.3,0.0,0.8,0.5,0.4,1.1110489946523783,0.008546085283394234,-0.06030197381643476,1.6478163704831565,1.5207461283199042
0.9,0.0,0.3,0.6,0.4,0.9,0.9466309992987161,0.13614578233858335,-0.17119790547195785,1.1961041021498173,1.0491225756735525
0.8,0.9,0.2,0.3,1.0,0.9,0.7132220605386069,0.35911791669989657,0.19372586072534012,1.9171455291607216,1.6770086361706533
0.0,0.6,1.0,0.7,0.3,0.9,-1.7743550374199795,2.8922287022524062,2.729533197761452,2.5357904692336115,2.2815107140673274
0.3,0.7,0.5,0.8,0.2,0.8,-0.6991299855523584,1.7774769193586777,1.6579853351223943,2.6112869575196043,2.3833759243147807
0.2,0.7,0.5,0.3,0.1,0.2,0.33610337790179756,0.5898271702828192,0.49734853202015405,1.7891115584321426,1.5544949979178206
0.6,0.9,0.1,0.2,0.3,1.0,0.9348010781825637,0.2552139316130819,-0.06037173366764298,2.853853663115222,2.610814011683492
0.0,0.6,0.2,0.7,0.1,0.9,0.12190073816357826,0.8589003721319347,0.6911960502690214,3.0949876642457954,2.825167065326645
0.1,0.9,0.1,0.9,0.5,0.0,1.792956642682814,-0.32453694185983484,-0.4131696286457287,1.5658744401515265,1.4345795074849597
0.5,0.0,0.0,0.6,0.7,0.5,0.6987252667855883,0.30418025128259985,0.12419928155667466,2.4908939149777387,2.1902601243841184
0.5,0.7,0.0,0.7,0.1,0.2,0.6456496743887178,0.15060323244637272,0.12112378783040478,1.9752868009515145,1.7598410496325936
0.4,0.0,0.8,0.8,0.3,0.8,-1.052269882165444,2.2567459658049356,1.6922316048363406,1.758962406703285,1.6586675223971223
0.3,0.2,0.0,0.3,0.3,0.4,1.2386890359407035,-0.39519755949756097,-0.10295176148068375,1.523197474420283,1.1998158134503358
0.1,0.0,1.0,0.2,0.2,0.6,-0.562145137639626,1.5545942883675015,1.372670007487528,1.2393819074347914,1.1708033910983662
0.7,0.4,0.1,0.0,0.1,0.2,2.1930445358561506,-1.2219774189073207,-0.9282280919920893,1.130701703733617,0.9185963739399851
0.8,1.0,1.0,0.7,0.4,0.3,-0.8467311192068945,1.5350361565176625,1.6681199324891227,1.1722312632394194,0.9912668043173677
0.5,0.3,0.5,0.3,0.8,0.8,-0.37670989121281806,1.2667935875111471,1.1463419064777467,2.336657004571271,2.2655355775411343
0.5,0.9,0.8,1.0,0.4,1.0,-1.39888521215561,2.5001708173679584,2.303592552347394,2.6903416875917405,2.676203442741423
0.1,0.4,0.5,0.3,0.7,0.6,0.09814568415715796,0.872051695692996,0.7756404903733579,2.3884653274209344,2.1928612828022933
0.0,0.7,0.9,0.6,0.7,0.8,-1.6639944558825885,2.817282252341986,2.621301381354377,2.5623470993172677,2.140246141172845
0.2,0.2,0.3,0.5,0.2,0.3,1.3721176461800042,-0.4863889923098431,-0.29829496367881636,0.5913217600888555,0.29449662113808295
0.2,0.1,0.0,1.0,1.0,0.2,0.5185696407622812,0.5022979151984093,0.11307043431654282,1.841030003095144,1.5463555946919914
0.3,1.0,0.6,0.9,0.4,0.7,-1.149913526410205,2.0995903309732813,1.919181659140649,3.069645814721068,2.8881942213043956
0.9,0.9,0.7,0.0,1.0,1.0,-0.5433625164080853,1.462823867030541,1.3510332118169617,3.0252403516242463,2.7209161534856428
0.3,0.2,0.9,0.6,0.3,0.5,-0.7175357288794086,1.7794351602403955,1.8544328469615954,0.7598192308946848,0.5605391451902385
0.2,0.5,0.6,0.7,0.9,0.7,-1.1018866897926411,2.2757486352080125,2.2426539967740533,3.0810561228428583,3.0100896832516573
0.1,0.1,0.6,0.7,0.3,0.1,-0.10431462125191497,1.1577781668727154,0.9335562888016292,2.059855999188281,1.8329332980686133
1.0,0.1,0.7,0.2,0.5,0.5,-0.31196972650740723,1.414630011735269,1.2920858771187769,1.9812724284205476,1.560322133647932
0.4,0.3,0.6,0.1,0.1,1.0,-0.29610156585990977,1.0693093175236879,1.0853058913542502,3.2580323427409095,3.1362760196724473
0.5,0.8,0.6,0.1,0.8,0.7,-0.742582412578602,1.6557009590189375,1.5779075040238288,2.6103481679620337,2.4414819548289017
0.0,0.7,0.7,0.3,1.0,0.8,-1.4763308148400984,2.343045881619298,2.2049132096458295,2.5632903242484253,2.350935064283153
0.9,1.0,0.8,1.0,0.5,0.1,-0.6004544406428528,1.710166186883893,1.5466596069437242,1.3575373120788474,1.3594175051077166
0.7,1.0,0.3,0.6,1.0,0.9,0.07008092205954579,0.972611686862826,0.8441572399616435,1.986772729498186,1.6457243602280627
0.4,0.8,0.7,0.1,0.0,0.7,-0.7294528177540885,1.6427606601150493,1.5018184668031487,2.666829599734644,2.3043557460749953
0.1,0.1,0.0,0.6,1.0,0.0,1.1347809083451987,0.025332760421784055,-0.10204781534987824,1.860821525012446,1.3593278787225136
0.7,0.9,0.7,0.0,0.5,0.2,0.08003984328547747,1.158531763430556,0.8999425506391239,1.3064076419166664,1.0446462026500423
0.8,1.0,0.2,0.0,0.2,0.7,0.9236551801320741,-0.1627415401371173,-0.0857645430752438,1.5302170233158037,1.275384890885618
0.6,0.0,0.1,0.5,0.7,0.0,1.4837680048225184,-0.27310562102456926,-0.5940086611862714,1.5041409278482354,1.2830854902276538
1.0,0.8,0.5,0.7,0.8,0.8,-0.44687058559404724,1.457251381633085,1.2111509325774987,2.8320857987400667,2.573710449427047
0.8,0.4,0.3,0.3,0.0,0.0,2.221775665256884,-1.1001530508289326,-1.0169166433858987,0.4047907661978737,0.056623163260070636
0.3,0.7,0.4,0.9,0.8,0.3,0.22389668627840453,0.7754331060865838,0.8899603755738152,1.1891417079627584,1.131997848921553
0.5,0.3,0.1,0.8,0.7,0.0,1.408000867266153,-0.2604128825026839,-0.579140491383388,1.4078652413493264,1.1144294819443132
0.6,0.0,0.0,0.7,1.0,0.1,1.1891677543253107,0.043006303011375174,-0.14164418191316602,1.2454685001333903,0.9731879318089047
1.0,0.8,0.7,0.5,0.8,0.3,-0.14909491198002095,1.209664832924099,1.093481948649712,2.2298771276574265,1.768128344497866
0.1,0.7,0.6,1.0,0.7,0.9,-1.6352151820963892,2.783133148843996,2.57416578305761,3.957553995859041,3.8568829750411604
1.0,0.0,0.0,1.0,0.7,0.5,0.8961194808068333,-0.02503227760147303,-0.06637873772377809,2.6362377765414284,2.476622493245906
0.5,0.0,0.1,0.6,0.3,0.0,1.6136034105701211,-0.5980271117247913,-0.736879781148789,0.8410296901995746,0.7322054456314739
0.6,1.0,0.2,0.3,0.6,0.3,1.0455893108140673,-0.13753393625879753,-0.08735084428107653,1.3145471239707258,1.150230503330635
0.6,0.2,0.0,0.5,0.7,0.6,0.286755861161455,0.724744124034708,0.6167267692820957,2.8740705876362327,2.4553130117137316
0.2,0.5,0.5,0.1,0.4,0.0,0.773767581881076,0.006998801643486929,-0.06635403468040883,0.8146216161157276,0.670093344157989
0.3,0.3,0.5,0.3,0.4,0.3,0.8736191609048737,0.09678057546369764,0.268932828390377,0.907003950926411,0.561225758603494
0.0,0.3,0.8,0.9,0.0,0.7,-0.7549727137691961,1.838372634285741,1.7352534770896124,2.715720955300246,2.3951968645886126
0.6,0.5,0.0,0.1,0.4,0.6,0.7864487464901001,0.3427883730855586,0.21894445957601466,1.6589621932318626,1.4865826288664623
0.7,0.5,0.5,0.6,0.5,0.4,-0.17560411334527737,1.1529365839021715,1.0572581321773784,1.8156205412063053,1.631032670086717
0.4,0.0,0.8,0.1,0.3,1.0,-0.6334765701584971,1.4927285888596376,1.347201553583194,2.0500629539840047,1.7012156065807371
0.3,0.0,0.0,0.0,0.4,0.6,1.0359395191690708,-0.28564970326872097,-0.2582313264114681,1.288665486714484,1.2233521797414304
0.6,1.0,0.3,0.4,0.9,0.6,0.33017834395013596,0.7096974594562117,0.6153847767124684,1.2766512426822847,1.3558683077272198
0.7,0.8,0.7,0.3,0.3,0.1,0.07309745861821329,0.9377192629215024,0.8272215240741594,1.0406353248543754,0.8630290452765274
0.2,0.2,0.3,0.5,0.7,0.0,1.1663869153285142,-0.1592849300066818,-0.06547248510669601,0.5384025478687515,0.5030510402521993
0.1,0.5,0.5,0.7,0.9,0.2,0.08857365191807536,0.8940583614353508,0.5547530710756483,2.037852952907345,1.8244087760565935
0.7,0.8,0.6,1.0,0.3,0.2,-0.3802938598624781,1.176876136213385,1.1786337854800757,1.6762508684674222,1.4451635924355322
0.5,0.9,1.0,0.2,0.6,0.5,-0.4536514790900734,1.6937298045947573,1.590401108752853,1.431778328276069,1.287602474566855
0.4,0.6,0.9,0.6,0.0,0.9,-1.74782167838467,2.8140610209168595,2.657856966852683,2.732235125956631,2.7282776633269616
0.3,0.1,0.8,0.0,0.4,0.7,-0.7983343532071919,1.85676027430949,1.903224206250331,1.1692152728818357,1.1706409100714157
0.2,0.3,0.0,0.0,0.9,0.9,0.7043080820788793,0.2375037049821644,0.2882468708716959,2.499086670229884,2.162120740349922
0.0,0.9,1.0,0.4,0.6,0.6,-0.8918542658986429,1.9616249051143295,1.7977068201938038,2.5734466293512956,2.006739677745189
0.1,1.0,0.5,0.3,0.4,0.9,-0.3849308176399253,1.4268386501499848,1.1345840638105493,2.9286492908570554,2.738994243535667
0.6,0.9,0.9,0.1,0.3,0.5,-0.46035902436518006,1.3388705875179956,1.2895317097939791,0.6368440031362473,0.35656955585719063
0.5,0.9,0.5,0.8,1.0,0.4,0.04852052744234055,0.9673277284922547,0.876700002233764,1.973240633982314,1.5674049525438982
0.7,0.8,1.0,0.1,0.6,1.0,-1.213319704196909,2.2010311491267545,2.0969530811565718,2.2362959473679993,2.1540713287599265
0.6,0.5,0.0,1.0,0.8,0.5,0.1359292538937439,0.9856532178569539,0.943858371204699,2.9208535839369825,2.715278764383332
0.9,0.8,0.7,0.6,0.1,0.7,-0.7524928005399828,1.7222163351378972,1.4583858243539507,2.655525763669726,2.513359400965863
1.0,0.8,0.3,0.3,0.8,0.4,1.4459579672462481,-0.5880688111075802,-0.4210498937992847,0.8285137290142622,0.5792038811074376
0.1,0.7,0.9,0.5,1.0,0.7,-1.7027767463692591,2.54172822790236,2.5789053299595195,1.2244498300745614,1.0831252977993584
0.8,0.0,0.1,0.7,0.7,0.9,0.33275232937280796,0.5220232566650861,0.5057185212312159,3.1239006596281245,2.8696113350536465
0.8,0.6,0.2,0.2,1.0,0.0,1.0888704755848,0.22140511755420333,-0.07370974160981535,0.17688274355395414,-0.06237266709480271
0.3,1.0,0.2,1.0,0.2,0.9,0.42598393071118223,1.0089512683028943,0.5711189465264851,2.579999329177414,2.716322341935598
0.4,0.6,0.6,0.2,1.0,0.4,-0.8011997290396351,1.68392116460884,1.667758699954103,1.8463657470985184,1.6563949565551792
0.0,0.2,0.8,0.7,1.0,0.3,-0.830579538871552,1.5373710841184736,1.7670241798311757,1.4027496787284564,1.2417883821133604
0.5,0.5,1.0,0.6,0.9,0.8,-1.7228273039452446,2.782496582685659,2.729805981581973,2.1501816993028635,2.1766862680723658
0.3,0.2,0.5,0.4,0.6,0.3,0.09130178722838173,0.5307565849751935,0.6140151318536909,1.5601331395335978,1.550859527256446
1.0,0.5,0.3,0.3,0.4,0.9,0.9590722170221914,0.1887772845698738,0.09565829981886048,1.4820800310279272,1.097344706962198
0.5,0.3,0.0,0.9,0.4,0.1,1.0968872642243188,-0.3040136268029645,-0.2769878134814464,1.0673619640007301,0.8737337791852973
1.0,0.7,0.0,0.5,0.7,0.8,0.14390030368692047,0.8327745120785638,0.581083018926049,2.8909370507556753,2.9152108966761907
0.3,0.3,0.3,0.6,0.2,0.5,1.2752011030263866,-0.26853011949325317,-0.22941802357035057,0.5270788418123526,0.3163989851982066
1.0,0.7,0.7,0.0,0.2,0.2,0.08416863300779354,1.0094485853709325,0.6587601224459959,1.158332041949334,0.9704123001445201
0.2,0.2,1.0,0.2,0.5,0.8,-1.2271135397029078,2.269211293779093,2.001088608112084,1.6505046950703484,1.4973817269314997
0.1,0.9,0.8,0.9,0.4,0.2,-0.2840635532939129,1.3229186478659205,1.2667006097846396,1.2687025240582823,0.9775143514110829
0.1,0.6,0.1,0.6,0.6,0.5,0.38011863283466724,0.7801531536190693,0.5683707233411112,2.41764243714116,2.163121312185351
0.5,0.0,0.2,1.0,0.7,0.8,0.23863718681359405,0.6340751544621546,0.6668835026388534,2.205551663230425,2.1878232191526217
1.0,1.0,0.5,0.4,0.8,0.9,-0.18049147293485843,1.2452369009095037,1.0807034128934294,3.615582890276435,3.553862910871898
0.0,0.2,1.0,0.0,0.9,0.5,-0.6926975215518539,1.6836924813285494,1.5297423405899524,1.1435251945389446,1.0664172884933585
0.1,0.9,0.7,0.2,0.3,0.3,0.34114160201799293,0.853201599415616,0.7799736919321163,1.6810010001073392,1.735143989587808
0.2,0.0,0.0,0.9,1.0,0.5,0.6914496548309551,0.11640099243115606,0.11829588287945418,1.8653014813523214,1.8368453548896728
0.0,0.5,0.5,0.3,0.5,0.6,-0.10358070649787177,0.8846007004705144,1.1849956793006695,2.2005517253009512,2.088980699628937
0.6,0.7,0.0,0.8,1.0,0.9,-0.49151044517458986,1.4228873761734986,1.3330978425147433,2.668366464075648,2.4660927834454323
0.0,0.3,1.0,0.2,0.6,0.5,-0.38832967312000394,1.4888435666236604,1.4191057632500703,1.3648099636633841,0.9755310551354884
0.6,0.5,0.9,0.4,0.8,0.5,-1.1331109576734997,2.2721436161797475,2.3499619258947937,1.8089438200984223,1.4943936826788036
0.9,0.4,0.2,0.0,0.7,0.2,1.9979259918391148,-1.1710141468364634,-1.1272332056748764,0.4593879633651606,0.25657883980829055
0.0,1.0,0.9,0.7,1.0,0.4,-0.8622022777163632,1.967514977564367,1.8370820017485086,1.4270605556778662,1.2904561781922537
0.8,0.7,0.8,0.5,0.9,0.9,-1.6848808146207157,2.7932909518598197,2.773299012845061,2.3832424456090293,2.0338690529046293
0.7,1.0,0.1,0.5,0.1,1.0,0.38764174882334973,0.6610621541936335,0.34461667465083845,4.068759061362019,3.445040285399005
0.8,0.3,0.5,0.8,0.9,1.0,-0.4567155315275896,1.4313048302381077,1.5009023135493451,2.9416343392539996,2.706733673358824
0.1,0.0,0.0,0.1,0.5,0.8,0.8975955048737275,0.00944910680324415,0.028475473916187252,2.408573532738081,2.0312293758590716
0.5,0.2,0.8,0.2,0.5,0.4,-0.6253438797668834,1.388048615624497,1.6184485979977845,0.8243491744104494,0.5223316463102697
0.3,0.2,1.0,0.5,0.7,0.1,-0.6862667518753803,1.7596641900988392,1.610532376416959,1.1842941181064535,1.3014091431337316
0.1,0.9,0.2,0.0,0.6,0.4,1.3981931080973324,-0.7801386420001599,-0.8673756975469323,1.0795229597834854,1.0260928866070311
0.2,0.8,0.6,1.0,0.5,0.8,-1.0242549810713086,2.2291016201486875,2.1741976201823947,2.916755058958766,2.746524310362513
0.7,1.0,0.7,0.0,0.6,0.5,-0.6697962978283554,1.5935358546410743,1.5398047404476083,2.2304707808606903,2.169281327406442
0.6,0.9,0.7,0.0,0.1,0.7,-0.5449256694295835,1.4619768768018346,1.317555333851954,2.686294343892035,2.4236161137439707
0.6,0.0,0.9,0.3,0.9,0.7,-1.163547417899849,2.04248284784588,2.055386788934553,1.2266883201599976,1.0620312511035257
0.8,0.9,1.0,0.5,0.3,0.3,-0.12232454548098276,1.2451271104516224,1.0077477488029112,0.9926036850149823,0.8007125051544255
0.3,1.0,0.2,0.6,0.3,0.6,0.5293705993659643,0.4069033241711068,0.29196594026057304,1.610419210850404,1.3088199722928024
1.0,0.1,0.5,0.7,0.2,0.8,-0.18076909224582677,1.0057967488646904,1.0720509351016065,2.728930398507483,2.631611963389121
0.5,0.0,0.6,1.0,0.2,0.4,-0.12507968834720104,1.0942159045871347,1.3542873988565898,2.4431304437485495,2.1853701858179075
0.8,0.9,0.7,0.5,1.0,0.5,-0.654377862259377,1.6728996461658927,1.493455745567536,2.040692762990613,1.8870356467732678
0.3,0.5,0.9,0.6,0.1,0.6,-1.0981764783892451,2.0845298602183076,1.8969937676093136,1.8952154296506722,1.830954838808766
0.3,0.0,0.5,1.0,1.0,0.0,0.2106258225935425,0.6680153993829587,0.5612956024776901,1.2768957260657576,0.8779506539579941
0.7,0.7,0.4,0.9,0.7,0.8,-0.8060467128364178,1.5564660526824983,1.6490348436481597,2.224827778976784,2.1048580648935435
0.0,0.5,0.1,0.1,0.1,0.8,0.8650549717083162,0.19356453430963677,0.0808337945184268,2.781500760200082,2.840994418642249
0.0,0.7,0.1,1.0,0.8,0.1,0.634128239238006,0.3682042007717554,0.2684838232480731,1.9467845325846624,1.9827097125527526
0.3,0.3,0.0,0.8,0.0,0.6,0.6729179230140517,0.089796661808387,-0.018281373256831532,2.5556963638160077,2.437408981845636
0.5,0.2,1.0,0.9,0.3,1.0,-1.7396549523914213,2.797566462902031,2.7427886382671396,2.432547262956354,2.1681325362512456
0.3,1.0,0.4,0.5,0.7,1.0,-0.11092233319986053,0.9986224836763371,0.9721600050809243,3.122649462095013,3.1497363189682526
0.2,0.4,0.1,0.4,0.5,0.2,1.753817228965693,-0.6738771397973795,-0.6342128316830987,1.0458231891314052,0.8024985733523412
0.0,0.2,0.9,0.8,0.1,0.9,-1.3817924615339672,2.3892507500425344,2.2157281845223777,2.7684038870076395,2.6297542390865525
0.5,0.9,0.6,0.6,0.2,0.2,-0.014698724712889105,0.4725203781017709,0.7601495537455066,2.3009819360150683,2.0486699581969434
0.6,0.0,0.2,0.7,0.7,0.4,1.1031960580768572,0.010862035135967611,-0.19475242210374044,1.3227050306561623,1.1922713997962462
1.0,1.0,0.7,1.0,1.0,0.5,-0.94554751180681,1.9724993366747927,1.7781464805064766,2.4933284324997014,2.3430676291332295
0.2,0.4,0.4,1.0,0.3,0.9,0.25209131908937926,0.682393053855517,0.7162213335098208,1.74530543165341,1.5026162594545425
0.2,0.9,0.9,0.0,0.8,0.7,-0.9316641050259337,1.85180521034105,1.6620058588339002,1.7297467412645433,1.4810824528045623
0.5,0.5,0.8,0.3,0.4,0.3,-0.49673473233821064,1.6618062233255617,1.2326492407372505,0.6235822043323705,0.681404248103652
0.6,0.3,0.7,0.2,0.8,0.2,-0.14136506122493359,1.0775815067166061,1.0944203329891953,1.4276985537092235,1.3682662162243788
0.7,0.9,0.4,0.8,1.0,0.7,0.19961999856815216,1.1113747466036459,0.8403683278556708,1.6525306518969083,1.4356950633155279
0.2,0.9,0.0,0.2,0.9,0.7,0.5785553132314665,0.11315729182593079,0.3010378309539127,2.6567100466453675,2.616755784087485
0.9,0.0,0.1,0.9,0.8,0.6,0.8707060051760867,0.09745700902026172,0.1951269390733192,2.5419306208126304,2.331324086817505
0.6,0.2,0.7,0.9,0.7,0.5,-1.2423462444872495,2.247367815825477,2.1359078576253197,2.6584806850176683,2.470597576015027
0.2,0.7,0.0,0.9,0.9,0.0,0.5071568220946803,0.4749532996491248,0.23229017308769148,1.7270463717649664,1.5297368488341117
0.7,0.3,0.6,1.0,0.1,0.7,-0.8183500496379057,1.6177225845915366,1.9100983825445934,2.9190092756080106,2.6948898031401245
1.0,0.1,0.8,0.0,0.9,0.2,-0.07426988165781542,1.1719019739900898,0.9991010680963722,0.7344649335143536,0.6713326772123293
0.4,0.5,0.5,0.5,0.0,0.3,0.622319428654546,0.5100905728340307,0.51233217760463,2.339740896137536,2.227922659906347
1.0,0.1,0.1,0.8,1.0,0.8,0.3244344155591772,0.8621318253617702,0.4909324608701573,2.4282960083746343,2.2384450093877453
0.8,0.5,0.6,0.5,0.8,1.0,-1.302098233612851,2.4785291486020116,1.9800010034386344,4.399890802037314,3.935766881941477
0.1,0.8,1.0,0.6,0.3,0.7,-0.9940566974408037,2.2007247803395753,1.9262842052311744,1.5435493307897998,1.3318235839745498
0.9,1.0,1.0,0.2,1.0,1.0,-1.2954197320061125,2.169032854405816,2.2007851242760434,2.583187258886795,2.4980375391556473
0.5,0.1,0.8,0.6,0.8,0.9,-1.5618891714545031,2.7307866066100415,2.6418992472099316,2.9614867073567317,2.8376822709675604
0.6,0.6,0.3,0.8,0.2,1.0,-0.44197340965845966,1.302621823686794,1.2927317847055906,2.1560102980121427,2.14056497874088
1.0,0.2,0.8,0.6,0.2,0.8,-0.8995507506827213,1.888358135344504,1.7383131709824269,2.412103084893894,2.07214566198587
0.7,0.4,1.0,0.8,0.3,0.5,-0.7686261731924475,1.5965173900854845,1.8795451192169472,1.0346766369126537,0.7177097514125336
0.0,0.4,0.2,0.3,0.6,0.6,1.1933563653784955,-0.2810111114923884,-0.27793442047184097,1.3832890380348264,1.5118011969854814
0.2,0.7,0.5,0.4,0.1,0.2,0.42222359006966725,0.556435656576968,0.5671097068618176,1.6636270367679855,1.4778489631955138
1.0,0.5,0.3,0.8,0.9,1.0,0.19847072956586131,0.7442763761718595,0.5951903801859928,2.2382476635214017,2.1962165467239996
0.8,0.1,0.5,0.6,0.2,0.2,0.44152895001235315,0.7028174010592472,0.5770337139714856,1.7104981873888272,1.4590089755484121
0.0,0.8,0.0,0.2,0.3,0.4,1.450720183746345,-0.5921713255026518,-0.49853792710611644,1.551311171117891,1.3474997166012526
0.2,0.8,0.2,0.3,0.9,0.3,1.22748405803215,-0.5594797488656429,-0.5160793331715878,0.5890665105614046,0.5802180871176382
0.4,0.9,0.8,1.0,0.6,0.1,-0.38665317950961764,1.5704005720396672,1.542072311130685,1.4743003712939242,1.4744978041420602
0.9,0.8,0.6,0.6,0.8,1.0,-0.9771247934324044,1.9736000098478197,1.9681063525364215,3.901789955385053,3.6536635003322564
0.5,0.4,1.0,0.7,0.2,0.3,-0.39486760587777914,1.3447608711001324,1.1552756195804519,1.00560876122651,0.8911805776598982
0.2,0.3,0.7,0.2,0.7,0.1,0.051773210447459056,1.0558607982467845,0.7921260376054784,1.6808871797212241,1.3655150791513107
0.6,0.3,0.6,0.3,0.8,0.4,-0.1340496481882003,1.1614408338115565,0.8836486874549955,2.153044563421282,1.8592932231469226
0.4,0.0,1.0,0.1,0.3,0.0,0.39492109923259056,0.7012094090955105,0.6639429220856301,0.09891226881346493,-0.0848722957372138
0.9,0.5,1.0,0.3,0.2,0.2,-0.1838073940057458,1.201473154327208,1.0948622161542108,0.8018271737723905,0.8589489036395866
0.2,0.0,0.1,1.0,0.2,0.1,1.5952510719885968,-0.5991645197214708,-0.5204772475627932,1.6018608353148782,1.193321150585482
0.0,0.0,0.3,1.0,0.8,0.4,1.0177864975816833,-0.18818168959850237,0.04374613931776142,1.2526158534706315,1.2563812599566135
0.0,0.4,0.2,1.0,0.4,0.5,1.235487381643505,-0.1445904572278423,-0.43971787893226455,1.2384507038428711,0.8721642621433368
0.8,0.8,0.9,0.6,1.0,0.1,-0.5671693421785421,1.4570431398098866,1.409931343924441,0.06422505765005176,-0.16402739222269078
0.1,0.5,0.9,1.0,0.9,0.0,-0.8910253731617388,1.8426893434627316,1.6984280533486986,1.0099707585640263,0.9948655263771191
0.8,0.3,0.6,0.3,1.0,1.0,-0.7380487320494747,1.7758559761283097,1.503464535451165,2.857526301982177,2.664868786397011
0.1,0.1,0.0,0.4,0.6,0.5,0.6109597859481907,0.41941304983600475,0.3917449726309632,2.556520825665167,2.4707596857647207
0.0,0.2,0.2,0.8,0.9,0.6,0.38398100207764746,0.4728624837480623,0.3723393606995854,1.9287664086302665,1.7659638856025213
0.1,0.6,1.0,1.0,0.5,0.0,-1.25254168927631,2.198260246476889,1.9382779304212063,0.9784126569246823,0.8540561449359694
0.7,0.5,0.5,0.3,0.6,0.5,-0.3294752706534084,0.9837801658000271,0.9662826087950555,2.139900512503973,1.9172167972097043
0.6,0.0,0.9,0.2,1.0,0.3,-0.5007391248396522,1.281012729870135,1.368962626356252,0.033899511696601464,-0.029426023510415372
0.6,0.9,0.8,0.7,0.2,0.2,-0.24210199111456637,1.418007308234841,1.1425975151449217,1.455195182721171,1.2939185097013215
0.4,0.4,0.3,0.7,0.2,0.3,1.4038748174006406,-0.6030226863070051,-0.65502908032718,0.3141676211616746,0.2514561520535521
0.8,0.2,0.2,0.9,0.2,0.6,0.5379913976500221,0.4167759222578836,0.3410282769695793,1.5283928662298005,1.2283107327017924
0.3,0.4,0.5,0.5,0.8,0.5,0.3636529538159271,0.9520918103682974,0.7655517340374925,2.1184647376845254,1.8291034173974856
0.8,1.0,1.0,0.1,0.5,0.9,-1.2949585985136043,2.277635958588572,2.057361727538172,2.001558823380827,1.8718272583920692
0.5,0.5,0.4,1.0,0.6,0.6,-0.1591854981225811,1.175821662221493,1.2483640764003598,2.097571064125755,1.7450062393158146
0.3,0.1,0.1,0.3,0.6,0.0,1.3683595459418727,-0.5714755659302421,-0.4943617888576903,1.3389555124114705,1.2015663108367864
0.2,0.1,0.5,0.6,0.4,0.6,-0.1958591104424406,1.395480979931423,1.1758036318411949,1.9850411901999414,1.7360081958300784
0.6,1.0,0.1,1.0,0.8,0.4,0.49543446698726185,0.5072552705269485,0.6066056271266702,2.6176081440920655,2.452716747042635
0.9,0.9,1.0,0.8,1.0,0.5,-0.9804992408943144,2.0031302806670066,1.7196397392313336,1.5414898516877524,1.2896630891583254
0.0,0.5,0.4,0.7,0.4,0.3,0.9093796815888938,0.1892970706345944,0.04994189736651756,1.1029769667590152,1.1944245850901314
0.1,0.2,0.7,0.0,0.3,0.5,-0.23543307683830955,1.3241080617880663,1.2029345618026235,1.7030453258269098,1.2760710097130918
0.9,0.5,0.3,0.3,0.2,0.9,0.854775614796561,0.40205171073280543,0.043047968546911994,1.8252320693353865,1.5874013188493126
0.2,0.5,0.9,0.9,0.4,0.8,-1.7600795087003946,2.4448643216042885,2.4859888469065683,1.814182271750771,1.536491821434765
0.7,0.5,0.4,0.9,0.6,0.5,0.0057884446537681735,1.1326011403424547,0.951459105263436,1.6355828295032526,1.6984207467528727
0.6,0.4,0.2,0.3,1.0,0.8,0.8906413067775344,0.31897705935292037,0.009457138281878663,1.1310786254048912,0.892846999532976
0.8,0.3,0.5,0.6,0.9,0.0,0.6517592755321946,0.4391715400895286,0.3672634798553482,1.1994123697827366,0.8776982706491527
1.0,0.5,1.0,0.0,0.6,0.9,-0.8342726801760267,1.9414469821462872,1.8370371440575366,2.3621173422345283,1.7238468033174017
0.5,0.2,0.9,0.1,0.3,0.4,-0.27868768440275404,1.5283447507963972,1.2270014010675552,0.17568772122306586,0.09224277614695583
0.1,0.5,0.8,1.0,0.4,0.9,-1.5764659386191504,2.744336184671089,2.5151357339734433,2.430196670434896,2.38194991015688
0.1,0.8,0.6,0.0,1.0,0.1,0.23698275731558038,0.6748735088298357,0.5309685916822848,1.2640125263239326,0.7149693712872414
0.9,0.5,0.9,0.7,1.0,0.5,-0.9213003610144641,1.9996058241831092,2.0394512232152238,0.96774814949242,1.0687944362006405
0.6,0.8,0.9,0.1,0.3,1.0,-0.9112123705641884,1.776104599975618,1.9331919514321536,1.5191325432464156,1.3205124061375224
0.7,0.3,1.0,0.8,0.4,0.5,-0.7810452040063909,1.8778630769563256,1.964684662399419,0.7564074484020065,0.4635393798106134
0.8,0.9,0.4,0.4,0.2,0.0,1.5964050472786635,-0.8210034732996261,-0.4496893291539411,0.9086057155719284,0.7658523698135324
1.0,0.6,0.9,0.4,0.8,0.2,-0.7443558683306598,1.9031250220739504,1.6173094000987394,1.2313468284406626,0.7179700928327937
0.0,1.0,0.7,0.6,0.4,0.2,-0.449893925629284,1.3248921997704575,1.0770088861847056,2.286980805396632,2.010510811890071
0.6,0.2,0.9,0.1,0.1,0.0,-0.1810956995162274,1.1364467051178035,1.0919790365326818,0.3777829306712238,0.24676073905753876
0.7,0.5,0.5,0.5,1.0,0.3,0.038531096998501164,1.011305914238439,0.9327496186766054,1.418157308489191,1.387452444815262
0.1,0.7,0.4,0.4,0.7,0.9,-0.024639311950906545,1.256185676271172,1.008069500614261,2.5430813794189384,2.089372455246664
0.9,0.4,0.2,0.7,0.5,0.6,1.1183863928015725,-0.0414271230435666,-0.12635890836866712,0.9570437320698212,0.8085901446346793
0.4,0.5,0.3,0.7,0.6,1.0,0.07447001983431137,0.9520768777022316,0.8083953858197748,2.542030597660322,2.2570858741184474
0.3,0.5,0.8,0.0,0.5,0.3,-0.2801767550736617,1.3018614685640126,1.0740747167236309,0.6886886678752608,0.6511901529568744
0.4,0.5,0.0,0.3,0.8,0.3,0.9984896880338618,0.004787124312397965,0.07117524004046186,2.0637668896202648,2.002504127421612
0.6,0.8,1.0,0.7,0.4,0.2,-0.799759859038118,1.6823429567525388,1.3546756011955923,0.5753811802003428,0.2150052070041023
0.7,0.0,0.7,0.0,0.2,1.0,-0.5387334641418904,1.4446261928716324,1.6258588595520798,2.8119349033497807,2.6560766192512717
1.0,0.5,0.5,1.0,0.8,0.1,0.24702286646016897,0.7814809135345548,0.7410189466251855,2.1555452798340906,1.98735610688186
0.2,0.9,0.3,0.3,0.8,0.4,1.183555558899633,-0.4149273606358106,-0.5708683504968515,1.0500364247026661,1.108092850622259
0.4,0.5,0.3,0.0,0.2,0.9,0.6248470280644252,0.2451477384373636,-0.025293222600830695,1.4957362248803445,1.2528846764739021
0.6,0.7,0.6,0.4,0.8,0.0,-0.4686080276545801,1.4980352320160286,1.602087845154129,1.9660464657496335,1.6617472699552678
0.7,1.0,0.2,0.5,0.5,0.2,1.2505295522951005,-0.12074829069980603,-0.573351901027052,1.0990117657722829,0.8083928059465775
0.8,0.4,0.3,0.3,0.7,0.1,1.6112172744755624,-0.7444113478099776,-0.6990689885878802,0.4171818165465858,0.008881095708790837
0.2,0.7,0.7,0.7,0.0,0.9,-1.5209322327153691,2.550367770352983,2.2199860694378057,3.5012768671411023,3.2915710960054967
0.0,0.1,0.5,0.3,0.5,0.0,0.6435875193517797,0.548864207633998,0.3778344334927629,1.559552757100736,1.4295649751380486
0.2,0.7,0.1,0.7,0.4,0.1,0.9492795063452535,0.1471898936116077,-0.016159857857837148,1.0560359573690759,0.8225805418059963
0.9,0.5,1.0,0.5,0.4,0.4,-0.6655821798278381,1.4787690978138355,1.5125699719915076,0.9531762181937847,0.9809992422660135
0.5,1.0,0.3,0.1,0.4,0.7,0.7623081458561072,0.23876273798831735,0.2623195582840488,0.9784634674558996,0.6250351223278895
1.0,0.1,0.0,0.5,1.0,0.9,0.20027253451671623,0.7587975555147923,0.5353207095923788,2.9262661606043907,2.6991266989890326
0.9,0.8,0.0,0.9,0.4,0.8,0.42046833586851845,0.7708980177215693,0.6528713289580327,2.47645810663577,2.042983358094229
0.3,0.6,0.1,0.1,0.8,0.6,0.29051083760161256,0.5360229460976361,0.6790900817189885,2.171086465102197,1.9598627955078525
0.3,0.5,0.5,0.0,0.3,0.6,0.2565158955804002,0.9354461018296732,0.8188495164156493,1.4004372840872488,1.376729444588431
0.8,0.5,0.6,0.4,0.3,0.6,-0.7255860748773214,1.4968963752852886,1.5612309618199984,2.3361441089404424,2.2531804747498607
0.7,0.1,0.1,0.9,0.9,0.2,0.5370552717083413,0.3654791600432571,0.07097413327248075,1.739886039700864,1.6311705450174085
0.4,0.9,0.0,0.5,0.9,0.1,0.9214754008291585,-0.31349593095153694,-0.33398119273118504,1.8109266283308783,1.6730707654471992
0.7,0.7,0.3,0.7,0.2,0.5,0.5239159293594239,0.4428568925192038,0.2865753297985524,0.7176021832673176,0.4987861186342687
0.3,0.9,0.2,0.8,0.9,0.5,0.9528752367340612,0.290959129223746,0.027415979746357788,1.4269674945158395,1.4521305024514246
0.5,0.7,0.2,0.1,0.5,0.5,0.7466017007764533,0.2207026982624677,0.048411874911908986,0.4603054459904344,0.11812645175759895
0.9,0.5,1.0,0.8,0.6,0.2,-0.7572685480639112,1.689683780283751,1.8392854320568404,1.543969945909001,1.2880355955351055
0.0,0.8,0.3,0.0,1.0,0.4,1.421029494260725,-0.17534809907088444,-0.4526601582285116,0.3059249949137416,-0.04366679203219531
0.1,1.0,0.0,0.8,0.5,0.6,0.3373360140316185,0.7964793007589245,0.7121943658301796,2.805317332813699,2.6639778779716474
0.5,0.4,0.1,0.9,0.6,0.2,1.3126379655519844,-0.3203438072221113,-0.2980157748582418,1.4662319249496776,1.2718588222927667
1.0,0.1,0.7,1.0,0.3,0.7,-1.0960176756091247,2.094604538233342,1.8351795590502262,2.542196429751327,2.422000573767304
1.0,0.8,0.9,0.3,0.3,0.2,0.3300537539487191,0.7573613484844989,0.5498231456875762,0.10893332866801211,0.12494120394040797
0.4,0.6,0.8,0.2,1.0,0.5,-1.2651842727477085,2.087725145657134,2.1579649246040984,1.0743861102370151,0.9226435439463269
0.2,0.5,0.7,0.6,0.2,0.3,-0.40217064979763295,1.3287428872534677,1.1887034158778889,2.101187055144289,1.7898483159791994
0.6,1.0,0.1,0.6,0.3,0.8,0.2563712324639622,0.7928733189670626,0.668083154732477,2.6953179068935684,2.4947413948345813
0.9,0.7,1.0,0.3,0.5,0.9,-1.4080149202926395,2.3939210636763337,2.232920376679938,1.8128320105981472,1.728029242032463
0.3,0.2,1.0,0.6,0.5,0.7,-1.345387423659728,2.332765911820396,2.1047675774591905,1.6191545601319919,1.4221289630836775
0.2,0.5,0.2,0.1,0.5,0.5,1.161634478703072,-0.17610457581884242,-0.2798029933344868,0.8353450239528164,0.561825799973408
0.3,0.4,0.6,0.6,0.1,0.1,0.36772966744819746,0.6617142680500347,0.43959886940008414,2.1836162078477224,1.830512595572919
0.0,0.2,0.5,0.7,0.0,0.6,-0.04597729531845059,1.1307773313920446,0.8650809777170523,3.081581851714565,2.851249067943829
0.4,0.9,0.0,0.0,0.2,0.7,1.1684879420553111,-0.14991462263763397,-0.3486962207546326,2.2534840451555387,2.1060038881615477
0.7,0.9,0.0,0.1,0.3,0.6,1.032793906312975,-0.04101933443035291,0.11129148381177495,1.8411094690624636,1.552913348826349
0.5,0.1,0.9,0.2,0.1,0.9,-1.1152134249424024,2.2163813973313684,2.0261950244450326,2.2233715469922783,2.231826232468392
0.9,0.8,0.8,1.0,0.7,0.1,-0.5246532494838662,1.7868172841245422,1.5366640621803915,1.3850708239006069,1.2023167719633057
0.3,0.8,0.9,0.7,1.0,0.3,-0.8282581500494162,1.5672328297891842,1.6960826607483352,0.3896132347672678,0.11667659707411493
1.0,0.6,0.1,0.1,0.7,0.1,1.289517859387271,-0.4520644179586227,-0.27299467782997366,1.4013978517810726,1.388238801824533
0.9,0.3,0.0,0.3,0.8,0.7,0.8129376144234439,0.22903844978145452,-0.10020283779257261,2.3229965892001627,2.0513075756301395
0.5,0.0,0.7,0.8,0.7,0.4,-0.7535381771679381,1.6609377971758752,1.622315802827222,2.506216058113754,2.2278437217428326
0.6,0.1,0.2,0.3,0.8,1.0,0.188396423544217,0.8208588749834085,0.6740302402486655,2.77130108274167,2.559612703119216
0.7,0.0,0.8,0.1,0.3,0.6,-0.6025024078236242,1.392141729245191,1.4070183366699724,1.1156910060183223,0.7880652344566987
0.2,0.0,0.5,0.5,0.0,0.9,0.0054489292882670265,0.7379688491449574,0.6892897629783399,3.2719109845404253,3.1687880738609246
0.2,1.0,0.7,0.0,0.5,1.0,-0.7358338337634436,1.8782160430477268,1.6895517532581992,3.100035878991533,3.1080918883337745
0.8,0.6,0.2,0.6,0.1,0.3,0.9667931433604418,0.010304456621639146,-0.09845955852632073,1.4506044926955761,1.2740926482491726
0.2,0.5,0.8,0.9,0.8,0.6,-1.5279755227608844,2.2645003355549775,2.498860713880244,2.4234446905186546,2.4394496798257257
1.0,0.3,0.2,0.6,0.2,1.0,1.2025818051583868,-0.0908949168263209,-0.25873961990175515,2.076482289769667,1.9033997278637578
0.7,0.1,0.2,0.9,0.8,0.3,0.5566073659248172,0.274812006378653,0.29655006052265276,1.4447121459779968,1.2846324197964165
0.9,0.6,0.2,0.5,0.3,0.3,1.0648242039576903,-0.07787626202111787,-0.293421462968858,0.7114633064692363,0.6666579755805557
0.3,0.3,0.8,0.5,0.6,0.0,-0.14794812660763285,1.2994356520351333,0.918997393412079,0.7128574768858442,0.47322650479627854
0.5,0.8,0.7,0.1,1.0,0.6,-0.8540954998753062,1.9417545582041933,1.6569895054293444,1.5080085491874915,1.1967947718025316
0.4,0.6,0.9,0.1,0.9,0.9,-1.9150196919768705,2.7387458521547545,2.585542404784686,1.975611999609283,1.7211778513104214
0.6,0.5,0.8,0.9,0.6,0.9,-1.7860804752877837,2.8518839259244837,2.7864485266753585,3.1745688415012205,2.5771310262240474
0.2,0.0,0.6,0.9,0.2,0.4,-0.15927685226051747,1.1687618502186676,0.9829656862851481,2.3403501082829927,2.123275544450296
0.1,0.3,0.8,0.6,0.7,0.5,-0.7828283081606181,1.551533966262149,1.6183065249139406,1.769382816259794,1.5809504544885475
1.0,0.1,0.6,0.4,0.6,0.8,-0.8026854350122282,1.6147511642982706,1.7770484400311624,3.18412736785195,3.154408289709009
0.4,0.8,0.5,1.0,0.2,0.7,-0.3054994208545459,1.5846083354599458,1.127954734072649,2.3325102294738285,2.1869680502469087
0.3,0.3,0.6,0.0,0.7,0.8,-0.376866175434712,1.4924922701482732,1.196561323173734,2.759314254563481,2.451208401637458
1.0,0.9,0.7,0.4,0.8,0.3,-0.06464269512121085,0.8687740510590899,0.6937996102042042,2.4164452190248724,2.195951086575492
0.8,0.0,0.3,1.0,0.8,0.7,0.21053024535051537,0.7263991525778429,0.5999672144924755,1.7212387977078332,1.5947341237603683
0.8,0.5,0.5,0.1,0.5,0.9,-0.400917419819858,1.1999580680781285,1.2341809163963602,2.4664252494372456,2.308238669006008
0.9,0.3,0.9,0.0,0.6,0.2,0.3683358012411614,0.708685369214026,0.6321873627846094,-0.09604099926286583,-0.1303199593362807
0.2,0.6,0.3,0.2,0.2,0.4,0.898318511998555,0.02815254928435997,0.09881338258577702,0.5722931261383293,0.38461208256294005
0.0,0.8,0.0,0.6,0.2,0.4,1.2614686881234178,-0.35278190834359313,-0.29129199565569475,2.1066651300113417,1.9833771984302144
1.0,0.4,0.7,0.3,0.7,0.8,-0.4689035455879821,1.4123735185481063,1.629486020296448,2.804101414920036,2.8344718919516367
0.5,0.2,0.1,0.2,0.5,0.9,0.5126006673734056,0.4347414514232695,0.48753385191422544,2.422723845055655,2.0735198188477564
1.0,0.8,0.3,0.4,0.2,0.4,1.7371752843028423,-0.5751226516505578,-0.8336446994705037,0.43208410878593734,0.2530566828847999
1.0,1.0,0.5,0.7,0.1,0.8,-0.2842403371752906,1.1269533099203515,1.0403032425719205,3.441166810268534,3.3036913947899254
0.4,0.3,0.9,0.0,0.1,0.7,-0.43940325397904323,1.3192135561565363,1.1785435540322802,1.0475457450613386,1.008821027738643
0.1,0.1,0.2,0.8,0.3,0.3,1.1197750182299595,-0.24820152813832952,-0.270993002015625,1.1330319297604934,0.972437727051352
0.4,0.8,0.2,0.8,0.6,0.4,0.8807771072633218,-0.032357255222288175,0.01279700835958815,1.0477991673966878,1.0277583973405235
1.0,0.4,0.1,0.3,0.6,0.4,1.8792469074903826,-0.8116648613215033,-0.9430220930168872,1.5255449360251054,1.4384927781526922
0.2,0.9,0.2,0.3,1.0,0.0,1.6862409074128635,-0.7535321962633912,-0.7966569388259757,0.29057521668599395,0.2194292166155812
0.9,0.8,0.8,0.6,1.0,0.9,-1.3104285850784405,2.3247583416064885,2.221118517464608,1.945323459132152,1.7838635067732869
0.3,0.0,1.0,0.5,0.7,0.5,-0.7427430460678245,1.76059215089282,1.5571709501376547,1.6724990494228318,1.4136190401153073
0.9,0.8,0.4,0.1,0.6,0.1,1.42776138166007,-0.5150417742248793,-0.5291528725581348,0.3578897733115094,0.09272402973453561
0.4,0.0,0.5,0.6,0.7,0.7,-0.14496144009421172,1.24711297027204,1.195593340496436,2.609157770886159,2.408403899772115
0.9,1.0,0.4,0.3,0.6,0.3,1.153304668060393,-0.031476000627677136,-0.09738913866054393,1.6039573974146033,1.2726003343346286
0.6,0.7,0.5,0.0,0.6,1.0,-0.6717570211798668,1.6344744628075352,1.5605163282887682,2.771987129788436,2.6504821778610315
0.3,1.0,1.0,0.7,0.9,0.3,-0.7934764487154753,1.9944597161479907,1.8418171831500694,1.7300371231900693,1.5255110090541202
0.1,0.2,0.4,1.0,0.1,0.0,0.9642255595194421,0.09466424862828822,-0.028328000760618186,1.2922552216586078,0.9515827371390095
0.6,0.5,0.6,0.9,0.3,0.4,-0.6953848396714644,1.7115146968352417,1.6692723109411416,2.3686021187186053,2.0760947610512774
0.4,0.6,0.4,0.6,0.9,0.8,-0.5674038341238434,1.6343675497942063,1.3554791617683424,2.1166728766978364,1.769699581791874
0.5,0.4,0.1,0.6,0.7,0.4,1.0786600812580218,-0.2753876631626578,-0.24877561394171335,1.8613520243028794,1.646288985414071
0.3,0.3,0.4,1.0,0.8,0.2,0.749458504017454,0.1851068611538944,0.1907394213330319,1.0395010447724258,0.6430725018431175
0.8,0.4,0.8,0.8,0.4,0.3,-0.34634967768105607,1.3518294183623425,1.1023452133818739,0.7483875727972394,0.5012759566593216
0.8,0.1,0.0,0.8,0.6,0.5,0.46750914523119796,0.435229696213143,0.4656657546974352,2.5637528727740193,2.180046772179949
0.7,1.0,0.5,0.2,0.6,0.7,-0.45282350115153297,1.2988297619488147,1.3086313960447356,2.5392172429316644,2.380503468475444
1.0,0.4,0.6,0.8,1.0,0.3,0.23887329507778868,0.7868129883515436,0.7932265046339024,1.6476714435570232,1.3922197763904698
0.1,0.8,0.2,0.5,0.0,1.0,0.9080561471661256,0.14950503269382723,0.09984949955916836,2.847090662544702,2.7771855985216383
0.6,1.0,0.2,0.9,1.0,1.0,-0.20531602299481677,1.340138418821636,0.9175987536362855,2.5701175601340855,2.4014648534213263
0.7,1.0,0.9,0.9,0.9,0.5,-1.309138352217486,2.44457567330058,2.328497164108271,1.4913816709245247,1.577664437450975
1.0,1.0,0.3,0.6,0.4,0.3,1.3731839737222171,-0.38268157355604165,-0.6110723678661509,0.5263577675804194,0.45377222251838584
0.1,0.3,0.4,0.1,0.3,0.8,0.7391492913273114,0.24404117834302916,-0.08672539108822735,0.9328556341676274,0.9076681507290374
0.9,0.0,0.3,0.9,0.4,0.6,0.8087099831796166,0.30557433851266796,-0.05899614897675863,0.48010476280107695,0.4018259804213892
0.8,0.5,0.8,0.4,0.9,0.9,-1.531659992677162,2.5089584341228277,2.2216766513917365,2.6834852638820257,2.372790600062304
0.3,0.2,0.6,0.1,0.1,0.5,-0.06652676357817126,1.22870672979567,0.7358333785776607,2.3484992012995587,2.3111262003087814
0.9,0.0,0.0,0.2,0.9,0.8,0.8797205285164381,0.20220359785421113,0.14116831577001424,2.4665338212407604,2.189411293939458
0.3,0.5,1.0,0.4,0.2,0.8,-1.2493842736062288,2.29339883810275,2.0748079769795553,2.1485256468257283,1.9056557492151256
0.1,0.8,0.2,0.0,0.1,0.3,1.9858177413553455,-1.0319225183154994,-1.0505618762671072,0.7611216759029338,0.6044211577585185
0.3,0.6,0.7,0.0,0.2,0.0,-0.22751038779115107,1.2844698291948775,1.243824909272171,1.2446740297684193,1.1495941696519099
0.9,0.7,0.8,0.1,0.6,0.2,-0.4450106940905274,1.489465439166933,1.419036923012736,0.9577928510466137,0.6093594973578847
0.0,0.4,0.3,0.6,0.0,0.6,1.0407257837180763,-0.15549687103625362,-0.4484338802346366,1.6109819859168355,1.5224808412060773
0.3,0.1,0.7,0.6,0.4,0.6,-1.0215417954175634,2.0873195356596193,2.0834695515544976,2.300045714538198,2.1619917559659
0.7,0.9,0.9,0.3,0.8,0.6,-1.0793060855463903,1.9955562649387846,1.838416254476963,1.816075276783312,1.6262814757845343
0.7,0.2,0.7,0.6,0.7,0.3,-0.7453878177594696,1.7879884117634335,1.8473596043564822,2.2055186799776765,2.104371084215244
0.6,0.5,0.8,0.6,1.0,0.7,-1.7772962254477223,2.597054888333146,2.4397404010465107,1.6741943092003149,1.5839093809750446
0.6,0.0,0.6,0.1,0.0,0.9,-0.4793792162646935,1.415823905331989,1.2363480356806433,3.351023526417304,3.0509864070877604
0.1,0.5,0.0,0.5,0.1,0.0,1.5111708343053567,-0.2263225089630115,-0.3568184309553225,2.00234502450171,1.9747444352969015
0.3,0.4,0.2,0.6,0.6,0.6,0.7450410652082662,0.21253930625454215,0.04862776077548954,1.5093515724389408,1.1995463176298073
0.5,0.2,0.3,0.6,0.6,0.2,1.1556466568014285,-0.211391952231023,-0.13467077658267257,0.6091046834184759,0.2790698873562737
0.8,0.7,1.0,0.3,0.5,0.2,-0.6922201931232719,1.7639803699098948,1.5714996851438852,0.3461832074109973,0.2389200368427509
0.1,0.4,0.9,0.2,0.6,0.1,0.2544973293101189,0.8438483185905516,0.7995435931714876,0.7179183846609265,0.41475865813730467
0.1,0.8,0.5,0.2,0.4,0.4,0.791680941656701,0.374022493683337,0.22559673516523324,0.9513181943336824,0.986719963666355
0.6,0.4,0.3,0.0,0.2,0.6,1.2740320548551538,-0.0988818123747437,-0.36951620310993194,0.35735438450737594,0.31324462813300613
0.9,0.6,0.5,0.2,0.8,0.2,0.20216998640192663,0.9186970049111494,0.6251668420735098,1.8468194147895558,1.6054866186188017
0.5,0.9,0.2,0.6,0.0,0.4,1.4617826435976564,-0.5066274901962442,-0.6044849079963486,1.6162073396878263,1.4578359394061033
0.9,0.5,0.8,1.0,0.8,0.6,-1.4421868891040348,2.392241240360016,2.370835719526722,2.356175085335848,2.1785015563500467
0.4,0.8,0.3,0.5,0.1,1.0,0.847514941673908,0.3085265642770214,0.28324062740629713,2.1652707106902995,2.028278518254423
0.7,0.2,0.7,0.6,0.0,1.0,-1.185582433542804,2.2932980766700677,2.216258522270946,4.057876074434153,3.8584010028295044
0.4,0.9,0.2,0.1,0.1,0.3,1.9293858427548163,-0.9875388742995742,-1.0406977239433814,1.035883998276753,0.7655514038447034
0.1,0.5,0.2,0.2,0.9,0.8,0.5247733721252806,0.36399577578235626,0.372306394123209,1.9877259552313478,1.6462534903159496
0.8,0.7,0.7,0.2,0.6,0.5,-0.9818606208071549,1.913320449013483,1.8541556513485535,2.041641600872002,1.7668838878199302
0.5,0.6,0.9,0.0,0.9,0.5,-1.2507004439488152,2.323460729197092,2.3032853258371873,0.8448134857179821,0.5977074276110946
0.7,0.1,0.7,0.7,1.0,0.4,-1.1095655196520544,1.928593347130658,1.7874809304973187,1.8484941523935388,1.7506424340901512
0.6,0.7,0.9,0.9,0.6,0.1,-1.24031272713192,2.2587051860459844,2.0926186382872203,0.6374099847448247,0.5945782885314241
0.9,1.0,0.7,0.8,0.3,0.2,-0.3147240663991816,1.2279257361182971,1.3297195520753986,2.101979170269591,1.88197956946305
0.9,0.1,0.0,0.2,0.9,0.3,1.216695404433402,-0.2142069633662368,-0.46820087099725016,1.889839500023011,1.6849767145033305
0.7,1.0,0.0,0.4,1.0,0.4,1.0328580086584331,0.327609432393804,0.25104393681973497,2.0202068936512974,1.8004920762107723
0.5,0.0,0.9,0.7,0.8,0.4,-0.8477323891394075,1.8164133927908077,1.5393712705122937,1.1012047188990666,1.0732719832887312
0.9,0.9,0.4,0.2,0.9,0.0,1.3842077661317922,-0.57454648908533,-0.6430778918435794,0.6336147120387342,0.5060659868224036
0.4,0.5,0.6,0.9,0.9,0.2,-0.5738876259777432,1.5373853924917344,1.5883238648205225,2.335524987023966,2.179532020140843
0.0,0.6,0.3,0.1,0.1,0.1,1.470034188842503,-0.510669803317886,-0.5440442989174124,0.8330955638053739,0.685125175231349
0.2,0.6,1.0,0.9,0.2,0.0,-0.8814344620210192,2.018100155117465,2.029410346368359,0.9382638251829691,1.0489505934609704
0.5,0.4,1.0,0.0,0.3,0.7,-0.6847711573143922,1.609157958552734,1.5294210830327621,0.816389711892755,0.661803572281371
0.6,0.1,0.0,0.2,0.8,0.8,0.06129207151914713,0.8487806746349781,0.9052452543173165,2.838949943988024,2.827390466158084
1.0,0.5,0.7,0.0,0.6,0.4,-0.1480678348203054,0.9445406282108939,0.8943622642392102,1.7648972115164705,1.5227274545390443
0.9,0.6,0.9,1.0,0.3,0.2,-0.8355597281910511,1.9541828884231462,1.6820378631561002,0.668339032227294,0.4800629123269775
0.2,0.4,0.3,0.6,0.8,0.4,1.2666294156391245,-0.23643645224730445,-0.32984544217094963,0.9827494175596391,0.7893880037451199
0.2,0.0,0.6,0.5,0.5,0.2,0.22019403637946097,0.7717088672105247,0.7032008388168798,1.5740863058867607,1.5581361247685401
0.9,0.5,0.3,0.0,0.3,0.3,1.5802158786394211,-0.5245468013379897,-0.6533840970251122,0.0398415021248249,-0.3495585067175103
0.6,0.6,0.8,0.6,0.4,0.1,-0.9738935035098472,2.074083530599027,2.0002194280005607,0.7815231453930462,0.636731952868816
1.0,0.2,0.0,0.1,0.9,0.0,1.626049460472511,-0.5793053570453544,-0.9060613008396683,1.0311178791842528,1.08260371239334
0.8,0.0,0.1,1.0,0.2,0.5,1.0286946058998392,-0.058466586432479414,0.05944699744658005,1.9509210582065215,1.7805884985004439
0.1,0.7,1.0,0.6,0.4,0.0,-0.6691403844365104,1.6320122737017677,1.74961742777948,0.23540708463426102,0.15682691053633724
0.5,0.5,0.4,0.5,0.2,1.0,0.333436313408362,1.1047610255607658,0.933685227108168,2.6220213096409277,2.232844294748573
0.3,0.1,0.6,0.0,0.1,0.3,0.29955981740264126,0.49845441447592626,0.47870791279123914,2.1845953099070092,1.8980762252136463
0.5,0.7,0.5,1.0,0.9,0.2,-0.4307461851267437,1.4705899257026651,1.1526322211830118,1.703051263913333,1.391026511550881
0.3,0.6,0.1,0.6,0.7,0.5,0.0679875454933393,0.7775242583140999,0.6119765522180775,2.3190856292017723,2.272370192177211
0.3,0.3,0.6,0.0,1.0,0.2,0.45202040020340906,0.5651610489080612,0.4133734994677393,0.967619520889432,0.745295987874858
0.4,0.0,1.0,0.5,0.5,0.5,-0.6485232658721484,1.60391919585656,1.7684826872149784,1.0653530548884587,0.9569258924068713
0.6,0.0,0.6,0.9,0.6,0.5,-0.7487370218031851,1.76635696986893,1.7375684326428753,2.4654460150359516,2.3669360162470316
0.5,0.9,0.1,0.2,0.5,0.4,1.2851341707044726,-0.487825488893138,-0.5345280319344021,1.3542732291195605,1.1986890920686843
0.4,0.2,0.2,0.9,0.7,0.6,0.3345308234496014,0.911351922672975,0.6472241383393539,1.8750578954862651,1.6508196651079683
0.5,0.2,0.7,0.3,0.4,0.4,-0.658222369174492,1.4548465724263766,1.4390378318157706,1.3312716206140471,1.19996278480559
0.7,0.4,0.3,0.2,0.2,0.0,2.1193688435922784,-1.1792760591253346,-1.1429262633611894,-0.15743713323158054,-0.5108277782609111
0.4,0.8,0.7,0.0,0.5,1.0,-0.845339417604633,1.8257899591689326,1.6561740816078236,2.7088617591418136,2.503339652755054
0.0,0.4,0.6,0.8,0.7,0.9,-0.9401205894020854,1.9905741906668535,1.9381174230253035,4.00838776769867,3.8417278189952557
0.4,0.4,0.9,0.2,0.3,0.2,0.13424184725535315,0.8872208258293112,0.511840307250541,-0.25734718852058086,-0.3375847815618064
0.2,0.2,0.5,0.8,0.2,0.8,-0.43198475752666116,1.3694855680094185,1.1821086459547017,2.691198666274734,2.5545122372887468
0.5,0.5,0.0,1.0,0.0,0.0,0.9073141437756077,0.15323438315128252,-0.15743432220179057,2.381119618175288,2.0431579477684507
0.5,0.5,0.2,0.1,1.0,0.9,0.37231118744858216,0.507124897255754,0.39007677172644006,1.6033824139274335,1.3395169448494124
0.6,1.0,0.0,0.4,0.2,0.8,0.4756467386243457,0.6492787965735146,0.6278506701456243,3.0569465984043225,2.8116316712804985
0.0,1.0,0.7,0.0,0.8,0.1,0.01043659997375071,1.013460910984346,1.091470106299017,2.43599346195916,2.096258019548734
0.8,0.4,0.5,0.5,1.0,0.2,0.3413063769478715,0.42084993057645126,0.3919257848959731,0.8637802685615986,0.8517130332078259
0.8,1.0,0.2,0.1,1.0,0.2,1.3569837258385045,-0.3958348811773217,-0.4568367539307963,0.48633851707509684,0.36514566742003596
0.5,0.5,0.0,0.4,0.8,0.3,0.7254497306275396,0.22737635873819845,-0.09897291697319621,2.1528724956513976,2.1717301937771274
0.9,0.3,0.1,0.3,0.6,0.5,1.4211299698956312,-0.3029050527329593,-0.44124949608249925,1.267685812392921,1.3042157024148695
0.0,0.9,0.0,0.3,0.5,0.0,1.717991624865095,-0.6328395644431986,-0.7479925851854112,1.7106113558891722,1.7829564191101595
0.5,0.8,1.0,0.0,0.3,0.7,-0.695857913545347,1.865575447937089,1.7409180960838466,0.8223294678059662,0.5836109845617089
0.5,0.4,1.0,0.4,0.7,0.3,-0.34964263984302524,1.462278403800167,1.5457445692855036,1.2855324259141288,0.9248450725325011
0.5,0.1,0.5,0.0,0.7,0.6,-0.2601298439159663,1.445058941999662,0.9528939417912866,2.2974273059462145,2.0347008108284768
0.2,0.8,0.5,0.5,0.3,0.3,0.4718714941382164,0.34603947484105835,0.16834175296349782,1.18025397499138,1.1120338282130038
0.6,0.0,0.4,0.3,0.7,0.8,0.3725979803149605,0.7628622744742939,0.7737172797794146,1.8656541247901157,1.9023069978367375
0.5,0.2,0.5,0.1,1.0,0.5,-0.06389982650540466,1.0217757319617589,0.9361071068915495,1.3057657079204075,1.0491551770467136
0.6,1.0,1.0,1.0,0.6,0.0,-1.0784798177973796,1.986092825332026,1.880728203195495,1.6490070087838475,1.2656846716638728
0.8,0.2,0.8,0.2,0.8,0.9,-1.2429093714460817,2.2562225719509374,2.3398214356361007,2.448511075377061,2.4756016134479624
0.8,0.1,0.4,0.4,0.6,0.1,0.9350071303629472,0.09881365085051132,0.044823371169226744,0.8973900330121604,0.5700769147007347
0.3,0.4,0.7,0.6,0.8,0.7,-0.8894904167355737,1.9832617755984274,1.777033296011142,2.7406420882549885,2.604746288420149
0.6,1.0,0.7,0.2,0.6,0.6,-1.2179412294709926,1.916471763558184,2.042207853042201,2.718081691136113,2.43724199430016
1.0,0.9,0.3,0.7,0.4,0.1,1.7922046869074595,-0.988366998064809,-0.9576634684746785,0.18747977540341576,0.02221425126676736
1.0,0.4,0.6,0.2,0.3,0.7,0.1329272499100223,0.924845919365936,0.7174513925801045,2.2385460452526753,1.9537596932708996
0.5,0.0,0.7,0.3,0.7,0.0,-0.14990880315005012,0.9671707826150815,0.8411380074671496,1.6875903864302186,1.4579853268261167
0.4,0.4,0.2,0.4,0.4,0.3,1.7272393726706767,-0.961271867915205,-1.002487499275444,0.11782056072200427,-0.047570798402680727
0.6,1.0,0.9,0.0,0.7,0.8,-1.3648729053900215,2.1590618970143933,2.214266448665914,2.1380380595054826,1.7829443752687872
0.7,0.9,0.9,1.0,0.4,0.7,-1.2886096261933915,2.2916179827930536,2.19453106083337,1.4698060591580573,1.2938681281757287
0.9,0.4,0.2,0.2,0.8,0.5,1.420304309887682,-0.37110644177915486,-0.553855378580672,0.9842131233964994,0.8454942695378894
0.3,0.5,1.0,0.0,0.3,0.5,-0.6030250079357384,1.4929855443912157,1.5203771530446175,0.7577577463918648,0.5126252153456786
1.0,0.4,0.1,0.5,0.0,0.3,2.0330364368944167,-1.1008767836447657,-0.9902803729576677,1.9811673779219874,1.5521677536516902
0.6,0.5,0.8,0.9,0.1,0.4,-0.8661688787400552,1.9054785668513898,1.9540493645951,2.0062588166284776,1.8466140560194284
0.6,0.5,0.0,0.8,0.9,0.9,-0.34231459762711325,1.4029157411319755,1.166240392057853,3.3415207575106796,2.862965671079399
0.3,0.3,0.0,0.6,0.9,0.6,0.6845219649561893,0.2035133560694572,0.3686427410298967,2.090417209989359,2.0750240736507957
0.1,0.2,0.8,0.0,0.6,0.3,-0.09616695485010093,1.346985895510053,1.3215569248667884,1.0414139903454238,0.8618245860448518
1.0,0.9,0.3,0.5,0.2,0.8,1.1032700414601895,-0.214578995844287,-0.15650308526403325,1.8308003265266044,1.3816936789084153
0.7,1.0,0.9,0.8,0.3,1.0,-1.6532933445264963,2.6880924617397914,2.540680143522871,2.7739294691720646,2.272895973068938
0.0,0.5,0.3,0.9,0.0,0.0,1.0614999724181,-0.20534513480100586,-0.4678476063730904,1.5511049311775291,1.0434582371711985
0.4,0.3,0.4,0.4,0.5,0.2,1.4412647574422275,-0.24779167387461004,-0.3516447756995876,0.2707540488077387,-0.08544829941774516
0.9,0.7,1.0,0.3,0.9,0.4,-0.9984854088995009,1.9580223803436403,2.073875892589596,0.9908962287893042,0.7097572482559859
0.8,0.8,0.1,0.2,0.6,0.3,1.3355256604844166,-0.2589816986356469,-0.608170308081989,1.2403342613136,1.0855009382246452
0.3,0.5,0.7,0.9,0.6,0.0,-0.7204752507177836,1.8980826485615978,1.5355253438122949,2.121133089657561,1.7301442134527723
0.6,0.6,0.5,0.6,0.4,0.3,-0.23234600892886795,1.1852463885687796,1.1774155913468214,1.4278915344211867,1.2335960876144427
0.4,1.0,0.0,0.2,0.9,0.4,1.0149926152460587,-0.0997983515958295,0.0729581140567667,2.311155014379,2.0352098904820743
1.0,0.1,0.5,1.0,0.7,0.8,-0.7599070842057943,1.5837161467082341,1.6049393858287846,3.260578799203495,2.99525936011966
0.6,1.0,0.4,0.7,0.4,0.3,0.6446479348628289,0.3825592566058365,0.3046957107473424,1.0620654991716612,0.785437650885538
0.8,0.3,0.3,0.4,0.4,0.9,0.8368949948555628,0.09685073430649284,0.135592483801792,1.0057220493521553,0.7418086606879362
0.6,0.3,0.5,1.0,0.4,1.0,-0.42066312200219025,1.2876626045399775,1.4095724308227862,2.5429095297340574,2.3375292041453433
0.4,0.3,0.7,0.8,0.8,0.0,-0.2985974830371402,1.2719537061277464,1.2189683791030308,1.7085649289325822,1.627975740611714
0.6,0.6,0.8,0.5,1.0,0.7,-1.9952923231294357,3.0262034032047995,2.9124835290012534,1.69780794655863,1.4802528848760748
0.2,0.9,0.1,0.5,0.7,0.7,0.6948429071493735,0.24029309172649183,0.18383297075472255,2.9701576024215472,2.7306977516823663
0.9,0.5,0.3,0.2,0.1,0.4,1.5011809854777103,-0.5154395935760113,-0.51505181887306,0.7118411603448155,0.795272497687079
0.4,0.0,0.3,0.6,0.1,0.8,0.6782820170149391,0.26807153878204326,0.18980933524071478,1.7327255218926603,1.6360556887720905
0.6,0.8,0.0,0.2,0.6,0.1,1.3726496471559937,-0.3559558434787467,-0.29007672091602277,1.2676263706340576,1.073665711961223
0.7,0.2,1.0,0.8,0.1,0.7,-1.5272967187083473,2.406397178916656,2.380188316056382,2.1787820454512166,1.9776946392941746
0.4,0.6,0.2,0.2,0.0,0.6,0.534044629012608,0.3280508075717715,0.26494317687369834,1.8043287528795813,1.4698240906206843
0.0,0.7,1.0,0.8,0.6,0.0,-0.9812745239112944,2.0306709463259778,2.04154693353425,1.248215904886126,1.1976965600599152
0.9,0.4,0.8,0.5,0.7,0.7,-0.7018118151018479,1.8090190447506542,1.6738833358948286,1.9675411955730095,1.92383964929788
0.2,0.0,0.4,1.0,0.2,0.3,0.9643908438736268,0.08273139481662845,-0.2615091701798688,1.0460869234653134,0.779868485566975
0.5,0.2,0.7,0.1,0.6,1.0,-1.32726707649171,2.3931385382589654,2.0226808015426143,3.346343060067113,2.896452233841658
0.1,0.3,0.6,0.4,0.8,0.8,-0.6243762194934714,1.7941641462431799,1.5673980228070856,3.427781097814879,3.192564687655906
0.6,0.6,0.3,0.1,0.5,1.0,-0.20398782109561642,0.8578950021889336,1.0126266293346649,1.579331195101239,1.5061235702435853
0.1,0.8,0.5,0.6,0.9,0.6,-0.4374940868941524,1.302483787474609,1.2275688951399963,2.066599916778835,2.1512050452643274
0.1,0.0,0.3,0.0,0.2,0.7,1.5649634186533412,-0.4821661114520472,-0.550031329126614,0.6896975532938859,0.5250781163519589
0.3,0.0,0.2,0.5,0.8,0.3,1.2702406473098895,-0.4388928420764105,-0.5794720421569886,1.1702082172452462,0.935399548642808
0.3,0.1,0.8,0.3,0.1,0.5,-0.3617799650492386,1.6257698158821623,1.4330898219349901,1.9824471779041086,1.737549861518221
0.2,0.2,0.5,0.6,0.2,1.0,-0.20296680130230904,1.4409863228943347,1.243094951069068,3.1117736653933346,3.2415178100840762
0.1,0.1,0.8,0.9,0.5,0.9,-1.5076331214345042,2.3748316624738726,2.4275356854480012,2.8287629703943633,2.5874175775034933
0.9,0.2,0.9,0.7,0.0,0.2,-0.441597350765894,1.4533881769440167,1.1228592651892575,1.3794987121137954,1.12577101514116
0.9,0.9,0.0,0.9,0.1,0.0,1.7750651316525856,-0.47888865702430194,-0.4962888146018695,2.397211958623339,2.0531030757366056
0.9,0.4,0.7,0.6,0.9,0.4,-0.265323782082159,1.3817686882558184,1.1271300029260876,2.0207955137630425,1.7350574115962754
0.4,0.0,1.0,0.8,0.7,0.0,-0.6911122358774782,1.3385614145966436,1.2937828104107159,1.3312628229574839,0.9903704021424511
0.1,0.9,0.1,0.6,0.1,0.5,1.4300587517391354,-0.3406107614907738,-0.3358453253080108,2.8163230771021333,2.3291049743310657
0.4,0.8,0.5,0.8,0.4,0.8,-0.47888567022912176,1.3871793727419306,1.2622005439852113,2.1810237030045165,1.896507947420042
0.3,0.5,0.9,0.1,0.5,0.4,-0.3914762799551189,1.5230782653803685,1.46737671435151,0.6353103509929661,0.4926495876560011
0.2,0.3,0.9,0.1,0.9,0.8,-1.0850313074691293,1.809677252469167,1.8833688647856108,1.2193677231984796,0.9156993024427595
0.9,0.0,0.6,0.2,0.7,0.2,0.3528895265816963,0.7119032512719669,0.3105890813209835,1.9817383496466405,1.8413709092191977
0.6,0.9,0.6,0.3,0.7,0.6,-0.49902119709489856,1.4907593096310996,1.5344909720330908,3.1920678848878916,2.784323117071349
0.3,0.6,0.7,0.7,1.0,0.4,-1.254866570683234,2.272518973188643,2.1869461291423193,2.1718229248172802,1.7326538219823218
0.1,0.9,0.0,0.7,0.0,1.0,0.7352928425860805,0.488922438020522,0.36346185083569116,4.363879360159,4.241875945340394
0.7,0.1,0.0,0.4,0.6,0.5,0.40569837672630243,0.5177855926126104,0.4825987868231465,2.3819822716960894,2.175371163167158
0.5,0.5,0.3,0.4,0.3,0.7,0.5420866801357946,0.419474204882648,0.38512378333070013,1.137947211812957,0.8270879283662961
0.4,0.6,1.0,0.4,0.4,0.2,-0.8351288873172171,1.9491019592359886,1.7574222423786674,0.8284260419590147,0.4144247052359359
1.0,0.9,0.9,0.0,0.2,1.0,-0.07717077435007882,1.25987054872065,1.3028306584355505,1.9338068749364294,1.8500690388633612
0.6,0.7,0.7,0.7,0.4,0.7,-1.6330107414454833,2.656275950006343,2.5335722755507377,2.110725545760559,1.9359992341054293
0.6,0.0,0.1,0.1,1.0,0.9,0.8010528457831653,0.34500798810886935,0.1924752831745262,1.9987030820968146,1.7942926049264931
0.1,0.5,1.0,0.9,0.7,0.1,-0.9515124133857523,1.8570932582590014,1.9316952664854674,1.7775547373375402,1.7797040845351713
0.8,0.9,0.6,0.9,0.0,0.5,-0.19166361161927767,1.1799329010764479,1.1355628577561556,3.176743563295817,3.0829182181481034
0.6,0.6,0.3,0.7,0.1,0.5,0.17955899719015678,0.7943055362036432,0.4781283278098941,1.280217836698142,1.0099076506629507
1.0,1.0,1.0,1.0,0.3,0.3,-0.6530515039794875,1.477981686086843,1.6480319430444874,1.4844889252200009,1.1624727886863195
0.6,0.6,0.3,0.6,0.4,0.1,0.8072770583649905,0.3238827013196103,0.44893343884280834,0.12687223931904928,0.055000169518198
0.8,0.2,0.0,0.7,0.6,0.8,0.06341735400224957,0.84887299826799,0.7333084628601214,2.908087032489048,2.8532387109351913
1.0,0.9,0.0,0.2,1.0,0.2,1.8522544274117922,-0.7874119621907406,-0.8444205045269859,1.269167655583984,1.1332728748215515
0.6,0.1,0.8,0.8,0.2,0.8,-1.4036894343538273,2.4794699957316495,2.4852009901188867,2.316076076210539,2.3000129363076014
0.7,0.5,0.7,0.2,0.8,0.9,-1.4006363058159825,2.4111359847286717,2.134800801973909,3.314760353547745,3.2744889131811328
0.7,0.5,0.3,0.9,0.5,0.8,-0.03824474778355008,0.9773445635146176,1.0561297439286041,1.624822868081639,1.4800596679912292
0.5,0.8,0.2,0.5,0.6,0.9,0.4337612768349572,0.6758122453361581,0.34184895647304664,1.957123157646244,1.9720435442308963
1.0,0.2,0.6,0.7,0.2,0.8,-0.5214322338695169,1.5062142477970855,1.5379811550452946,3.249887606496461,2.8848015925145356
0.4,0.8,0.1,0.6,0.0,0.2,1.4612187694262575,-0.5208872923377221,-0.664911675607683,1.7340042643742895,1.5990927666545705
1.0,0.6,0.0,0.0,0.7,0.0,1.2441743323638985,-0.3936114447712493,-0.45599551977758973,1.5985564749951746,1.4099866044260128
1.0,0.2,0.8,0.2,0.5,0.4,-0.1486722251850285,1.213293332526437,0.9957346190912921,0.9842794083822558,0.7973328389245244
0.0,0.6,0.8,0.6,0.0,0.4,-0.9342213803756436,1.871201937063387,1.6244060865257173,2.422635334486014,2.2839197901522246
0.7,0.3,0.5,0.2,0.7,0.9,-0.17902490369152035,1.070219890770758,1.069011351842791,2.815076179191855,2.6592970444678032
0.2,0.1,0.2,1.0,0.4,0.9,0.35992907841588906,0.8052321182897706,0.8487622148450062,2.148379208112764,1.7161930473388942
0.4,0.4,0.4,0.0,0.7,0.1,1.6780301079284003,-0.5471734254140505,-0.6241826235189,0.26773831362255046,0.30123772277088995
0.9,0.6,1.0,0.5,0.5,1.0,-1.8454687013538198,2.7314682536277157,2.4081568208387023,2.6075977413849123,2.5234035046305427
0.3,0.1,0.3,0.4,0.9,0.1,1.3001324388825801,-0.04648434224983913,-0.3856686387598257,0.44457930084096714,0.25482877884514665
0.2,0.3,0.6,0.6,0.5,0.2,0.3103951964485977,0.7589476824435581,0.7280081182009891,1.3555267618235305,1.4887208942565082
0.0,0.5,0.0,0.1,0.5,0.3,1.4756227519412182,-0.3739122011281976,-0.44330023732952034,1.9152476443651318,1.6704153672571487
0.9,0.5,0.9,0.6,0.6,0.0,-0.49781114505062946,1.5520511700621924,1.4388471975605766,0.9778112280407867,0.8394285223100131
0.3,0.5,0.0,1.0,0.0,0.5,0.5263482879362831,0.387449282461599,0.33028927030873145,2.9243691134461103,2.8441730396281186
0.2,0.5,0.0,0.1,0.7,0.9,0.4061093542269194,0.6818360654726777,0.5648842238152803,3.359730935923469,3.1091434580795845
0.9,0.7,0.8,0.2,0.8,0.8,-1.4343662102752937,2.430972008185563,2.233512589854058,2.1588003673687948,1.9601368690819703
0.2,1.0,0.1,0.7,0.2,0.9,0.3491594481960557,0.56523968232277,0.3969587464429549,3.229432751475399,3.094633873894159
0.3,0.6,1.0,0.4,0.4,0.5,-1.3807736838591065,2.358781966180876,2.277362097695127,1.1465636875624492,0.8147088781553717
0.6,0.9,0.1,1.0,0.5,0.1,1.099772237588004,-0.11019608604033126,-0.2890247287795372,1.4813287796017554,1.2035261275730875
0.4,0.5,0.7,0.2,0.6,0.2,-0.23544047623653253,1.3763144726712122,1.4378085791846833,1.843742643729142,1.6603372604593805
0.2,0.2,0.4,0.2,0.9,0.8,0.14856755517395598,0.7903238938394495,0.7337241878889814,1.7574673819871913,1.4273391109801452
0.1,0.4,0.6,0.2,0.5,0.1,0.2954519897734551,0.609352528188519,0.4561011206537569,1.426175627594879,1.3231734613028157
0.6,0.6,1.0,0.5,0.9,0.4,-1.576033142908297,2.50683083511672,2.313861526711122,1.2762101683534806,1.1711843292747257
0.0,0.0,0.7,0.3,0.3,0.5,-0.07893377674471333,1.0937739492796872,1.0175134569910473,2.184136036792132,1.7559512342076449
0.6,0.3,0.1,1.0,0.6,0.0,1.270425617180154,-0.2283113349595085,-0.1463576395686485,1.1557578102900328,1.0098512582040173
0.3,0.8,0.1,0.9,0.7,0.8,0.3039293744023524,0.7924486847828067,0.9360606898109964,2.6921566441985925,2.644961619775621
0.5,0.6,0.3,0.2,0.3,1.0,0.08892439978527207,0.7700557411286798,0.776155449588668,1.60827072313372,1.3815273925004248
0.9,0.5,0.9,0.2,0.6,0.6,-0.9015473291262609,1.7962587464804707,1.6672256815762647,1.4105562083522307,1.1738660868837163
0.2,0.2,0.5,0.8,0.6,0.8,-0.8906268811128815,1.7322846106961607,1.6660704383133251,2.9349364600196193,2.4855532792731507
0.5,0.7,0.6,0.0,0.6,0.4,-0.489281230100275,1.5174057154788878,1.2139418897317578,2.0037790271798914,1.6781184732410477
0.4,0.4,0.2,0.3,0.4,0.2,1.8776043854333675,-0.7748907709167131,-1.0535001153828896,0.058335760110884864,-0.06989800398408601
0.5,0.7,1.0,0.6,0.4,0.8,-1.9980186163097953,2.764901938252077,2.743355174043256,1.607638307283834,1.3888523226111413
0.4,0.7,0.2,0.8,0.4,1.0,-0.02529251471719045,0.9068005873866818,0.9569360915139928,1.733414585901309,1.7284007245525463
0.0,0.2,0.3,0.1,0.6,0.2,1.4402324657491232,-0.5247202163414453,-0.600032004696874,0.5822521222564865,0.3997243221173623
0.5,0.6,0.5,0.9,0.4,0.8,-1.186951409563426,2.154874343290697,2.1535331472918644,2.6832372923117624,2.266657262637431
0.4,0.5,0.4,0.1,0.9,0.3,1.022826088137614,0.2144285899068466,0.08220066758511446,0.8943443186327109,0.5142279440650209
0.9,0.3,0.2,1.0,0.6,0.6,0.8224691535319246,0.46184090641343,0.1609512880095628,1.4190854412875262,1.043913496641916
0.4,0.7,0.7,0.7,0.9,0.6,-1.517191446500017,2.581732094848656,2.4003760116533948,2.4046249580201438,2.0426835984559024
0.6,0.8,0.8,0.1,0.5,0.4,-0.4794263794214564,1.462888016278875,1.2198005173104376,0.8105460471061863,0.35904590727327285
0.2,0.7,0.1,0.7,0.7,0.7,-0.05059701297479127,1.0223980207935448,0.8334014330102651,2.440273891996882,2.4588320991446477
0.7,0.8,0.1,1.0,0.5,0.5,0.45416439588766827,0.35188500264584005,0.24911091754040204,1.645237786556215,1.364332850378556
0.9,1.0,0.1,0.5,1.0,0.6,0.5896203678679343,0.34705425317242605,0.26021521165824474,2.0377682900053586,1.9407374083294482
1.0,0.3,1.0,0.1,0.6,0.3,0.1928853010716007,0.8219767628200266,0.7033876156554548,0.6588354549766925,0.29073266024568606
1.0,0.5,0.8,0.6,0.7,1.0,-1.3211703982781637,2.3141508230967327,2.322586103797462,3.287937458027175,3.250721383588748
0.3,0.7,0.6,1.0,0.2,1.0,-1.1786377817167633,2.57300497877303,2.4217362314742568,3.5656576127172928,3.5124476574467685
0.7,0.8,0.5,1.0,0.7,0.0,0.17482356446132616,0.7809686757590804,0.8950379623123512,1.660689064337141,1.5350599251948773
0.5,0.1,0.3,0.9,0.1,0.0,1.1247624373234755,-0.1898880542486484,-0.21642098114996708,0.7275323818953651,0.8395611164670835
0.4,0.6,0.1,0.2,0.5,0.3,0.9969085369856321,-0.038737095388958004,0.14796096988427634,1.3236560084093427,1.0664903133344104
0.5,0.7,0.4,0.0,0.9,0.8,-0.17238944015676178,1.1513447644553292,0.9953911260000592,1.4952979555148036,1.0588078582579137
0.3,0.6,0.3,0.2,0.4,0.9,0.007556910380234816,0.7870020817200604,0.8481940401578791,1.3183532181130404,1.0043778028570707
1.0,0.6,0.0,1.0,1.0,0.8,-0.255142573157205,1.1412968062139774,1.1720854613423368,2.8149265669961117,2.850442048640953
0.0,0.3,0.4,0.1,0.1,0.7,1.1493734328994594,0.01750028999113283,-0.15952945722332607,1.6530326529203203,1.2825949689874807
1.0,0.5,0.9,0.7,0.3,1.0,-1.046473824018266,2.0156339580428764,1.9453059873246068,2.451326308834302,1.9762916050496413
0.3,0.7,0.6,0.2,0.8,0.0,-0.24216546329424363,1.219336065061356,1.1604973999580732,1.6856818082660339,1.501185904657261
0.8,0.7,0.3,0.4,0.8,0.0,0.7898044631867335,-0.01765027140753367,-0.1053595487037639,0.3336316741456508,0.017287409138845244
0.3,0.6,0.7,1.0,0.7,0.2,-1.1923998166554632,2.3180997474328064,2.096868149925729,2.5089439356583494,2.284610041186437
0.7,0.9,0.6,1.0,0.2,0.7,-1.0110577380618184,1.9455577434143405,1.7848735871980632,3.059619392301161,2.962389056513946
0.2,0.6,0.4,0.5,0.4,0.1,0.6959834764498158,0.3374344853042617,0.28431896493493336,0.3319827941744701,0.379204513472563
1.0,0.3,0.4,1.0,0.8,0.9,0.453927807007514,0.704495253729104,0.7026291939744203,2.3845100582669745,2.098795407747269
0.2,0.5,1.0,0.5,0.0,0.0,-0.14131464590733792,1.3086787476671886,1.1942889926668525,1.4748255944565578,1.4075461552370507
0.4,0.7,0.4,0.7,0.3,0.5,0.17154017147973727,0.9063845921433316,0.7571673741288361,0.8536892643788324,0.6376332738993092
0.4,0.4,0.8,0.0,0.4,0.2,0.37106428294674265,0.6705530076949073,0.5086550839140312,0.04155199560445355,-0.18032865940807416
0.2,0.3,0.6,0.0,0.9,0.5,0.014345786879840984,1.0694314846635107,1.0111713961802933,1.8582489171668128,1.4902538613161416
0.1,0.9,0.6,0.4,0.5,0.5,-0.07725381921391493,1.32591208583094,1.1418430798393664,2.6094089388816237,2.3108899967105008
0.0,0.5,0.6,0.8,0.3,0.3,-0.40197129272944176,1.4131586782748264,1.099050098819096,2.463040663897237,2.2927117101148955
0.3,0.1,0.4,0.4,0.6,1.0,0.11839008885240959,1.0310047249223107,0.8733864049882691,2.5470774545842567,2.609250131524987
0.6,0.9,0.9,0.5,0.1,0.3,-0.41342235797407634,1.1437658340727388,1.216206849872437,1.3632214180343152,1.3760840942107713
0.3,0.7,0.7,0.7,0.9,0.0,-0.9204209969027869,2.123533465941272,1.838864454869929,1.5910366647385192,1.4515752575527947
0.7,0.5,0.5,0.2,0.0,0.7,-0.13768667267826915,1.1498823610234543,1.0488145677440313,2.76813493379287,2.579057122341915
0.0,0.7,0.5,0.8,0.2,0.0,0.28133528749621983,0.7876221456316712,0.6302891358864811,1.470123556006733,1.5107376035328413
0.6,1.0,0.4,0.1,0.6,0.3,0.7681803190066434,0.02524417186266731,0.11473235855964206,1.1572689896625823,1.0609226645543877
0.9,0.6,0.6,0.6,0.2,0.9,-1.0764464983585174,2.181428745084923,2.0070944622992983,3.6665177954632737,3.435714971515524
0.4,0.0,0.0,1.0,0.0,1.0,0.30061857365993394,0.49866071044634974,0.3665642283523537,3.9418713656249373,3.6662723524516725
0.6,0.4,0.9,0.3,0.8,0.0,-0.2595061192420083,1.0989120331547964,1.0987918568949981,0.5298721307942769,0.15175105453012588
0.2,0.8,0.0,0.3,0.9,0.2,1.4411648954806764,-0.33527879576876746,-0.24016525982717132,1.6731303412932652,1.1814757220995369
0.1,0.0,0.4,0.5,0.1,0.6,0.8609048606327787,0.13631944992719822,0.007256665204316306,1.8531515230686675,1.7390257136817844
0.9,0.1,0.6,0.9,0.8,0.2,-0.4018084925042614,1.3673332106219112,1.30126190362457,2.5178300529226716,2.3166041137037947
0.7,0.1,1.0,0.1,0.3,0.8,-1.2001951083236153,2.16125839419923,2.075268865404778,1.4408180452217054,1.170348800734192
0.2,0.9,0.6,0.6,1.0,0.7,-0.6264491697713197,1.8896971798506832,1.7249988557084528,2.772716761755862,2.915399044308085
0.4,0.3,0.8,0.5,0.6,0.0,-0.012260508480905208,1.0251688044398035,1.032603467783106,0.8564320700246393,0.5770348866344134
0.6,0.0,0.5,0.7,0.5,0.4,0.20331453261791432,0.711515088541319,0.6711311403031042,1.447098415137762,1.4094576254800488
0.1,0.2,0.8,0.2,0.1,0.8,-0.9296146089577664,1.9054854499237133,1.724054585684915,2.5432933485171842,2.261855894215903
0.4,0.4,1.0,0.0,1.0,0.7,-0.7694133208870415,1.861286849853256,1.7109321903827508,1.1015674033257064,0.6509061180184674
0.7,1.0,0.3,1.0,0.1,1.0,0.039276050277738256,0.7615833843430391,0.8708581962728591,3.029078188942937,3.035780354949139
0.5,0.2,0.3,1.0,0.1,0.8,0.09413456270785055,0.7883897962531422,0.6504951112346311,1.9484840914733255,1.7447834799170154
1.0,0.8,0.9,0.6,0.6,0.1,-0.11307757554440925,1.1306773926405664,0.9030565146365032,0.8125912992734105,0.4152675870935775
0.8,0.5,0.0,1.0,1.0,0.4,0.3734198121639433,0.5976903965988305,0.5564490036357648,2.1007801265837354,1.7829285362772558
0.7,0.4,1.0,0.5,0.0,0.8,-0.9836970609689146,1.909295643018295,1.8178761170721265,2.4535578152078363,2.046848846049235
0.5,0.9,1.0,0.3,0.4,0.2,-0.13192097257059968,1.2057679148283689,1.0783945405451851,0.6696107740893149,0.42451019661887446
0.7,0.8,0.3,0.4,0.8,0.7,0.5469731595961002,0.5842152073197254,0.45315879568513795,1.44690396293582,1.160840592922046
0.5,0.0,0.2,0.5,0.6,0.8,0.7556588686269056,0.27241352722198264,0.3587031947368436,1.866585810971041,1.4213650480182065
0.7,0.3,0.5,0.4,0.7,0.5,0.10934454173962999,0.8098390952683636,0.8423314384882027,1.863900816452188,1.6981792994031877
0.5,0.0,0.7,0.7,0.8,0.5,-0.8073516997360133,1.8453548478754012,1.7325296373693213,2.55025072099904,2.5772698096768645
0.9,1.0,0.1,0.2,0.2,0.6,1.053676553481328,-0.10923168151135702,-0.1612382540783018,2.080472500576333,1.9060871207653436
1.0,0.9,0.3,0.8,0.5,0.2,1.519039132849449,-0.6357266296429926,-0.8506339576036026,0.4951715242103228,0.3380353162319735
0.0,0.0,0.5,0.0,0.0,0.1,1.2189010941858462,-0.39061503682580817,-0.3716440971981526,1.7197296240854614,1.5211843059613888
0.7,0.4,0.1,0.0,0.8,0.6,1.0954454117105827,0.09167527087922467,-0.2388511455862818,1.868712384757535,1.5870130135048397
0.6,0.3,0.0,0.5,0.1,0.0,1.8026367687983127,-0.6298260882330535,-0.6679609664474557,1.5229756507024514,1.3783162554522475
0.3,0.3,0.8,0.5,0.9,0.8,-1.2009022159772045,2.157162375966112,2.1083613786133446,2.005902379972385,1.7411461926813467
0.0,0.2,0.2,0.5,0.4,0.0,1.6446106846056536,-0.5720239920970485,-0.6280545969228624,0.5389663649434192,0.19241477184708383
1.0,0.0,0.4,1.0,0.3,0.8,0.5046901353823184,0.7225818360744024,0.44358563013116115,1.624253202002838,1.2276116853530314
0.3,0.4,0.3,0.9,0.8,0.8,0.43497792947749747,0.6741711177914418,0.6920033913995149,1.7809530415474286,1.5219005441366296
1.0,0.3,0.2,0.6,0.0,0.3,2.0016102438297043,-1.146043629855666,-1.1477234218191392,1.2125476354031453,0.8942904021689144
0.5,0.8,0.5,0.6,0.5,0.4,0.09673660363874574,0.6325084559864974,0.7533529610100844,1.6257222345873799,1.2935885996493852
0.3,0.6,0.4,0.4,0.8,0.0,0.572338443998381,0.3663910493521821,0.16926587072676802,0.9742727215166381,0.8700698245146931
1.0,0.2,0.1,0.5,0.8,0.2,1.2780934824913563,-0.27600619036163154,-0.498900654562238,1.7904076880261741,1.6953159457767695
0.0,0.3,0.6,0.3,0.1,0.4,0.5303833494305732,0.7699713128372057,0.4380400369042877,2.457575124990849,2.3546711118175763
0.6,0.2,1.0,0.4,0.4,0.1,-0.497156402834459,1.4494178472600037,1.3958637439231882,0.384974750765979,0.05417665130798824
0.5,0.8,0.1,0.1,0.2,0.5,1.418488818295262,-0.36187195414981965,-0.4301210793644966,1.314060857694784,1.1306411949625756
0.0,0.8,0.0,1.0,0.5,0.9,0.2578838471474479,0.6968873237294498,0.6893212475052108,3.4599757807677696,2.9235122102185804
0.1,0.8,0.6,0.8,0.9,0.8,-0.9263180863604036,2.181598254439177,2.0989945504921037,3.3379252259548577,2.795274811217319
0.2,0.9,0.8,0.9,0.3,0.5,-0.7266099958010278,1.7083225168342482,1.531697741915079,1.5261535023021993,1.2929014133771664
0.9,0.6,0.9,0.3,0.5,0.0,-0.6948606265510792,1.61383404532811,1.5898602859346922,0.39148366424013636,0.2685541006614852
0.4,0.6,0.7,0.4,0.1,0.7,-1.545430697156023,2.369797179048557,2.180582989981986,3.0502829080147627,2.7538206345596077
0.2,0.2,0.4,0.8,0.5,0.5,0.24633684272186968,0.6410802096739122,0.5858513594982596,1.2420196795347769,0.8032486178625016
0.5,0.2,1.0,0.0,0.8,0.5,-1.0084364629349236,1.9191925661045988,1.7362185577494307,1.2962515991505008,0.9905933536698811
0.4,1.0,1.0,0.2,0.5,0.6,-1.188865707803684,2.144399524338104,1.9927211219127392,1.4693470837829974,1.2182170712877802
0.4,0.9,0.0,0.4,0.1,0.5,1.3855817958417542,-0.07603978369464748,-0.29873684585777077,2.7184461336737353,2.552519938371779
0.0,0.7,0.0,0.2,0.6,0.2,0.9238656680503596,-0.032653464510209444,-0.06749035526031771,1.9090934817437901,1.6397519674012473
0.1,0.0,0.9,0.0,0.1,0.5,0.08779681180857318,0.7762385482208245,0.8983685759589793,1.1636800154098073,0.884552810726131
0.0,0.5,0.4,0.4,0.8,0.2,0.7801667475361695,0.2252598923268306,0.027741760944705516,1.5372169434142429,1.2842638595149651
0.8,0.8,0.9,0.4,0.0,0.0,0.10323945413407593,1.0104301504203266,0.789584333630179,0.8633213986764647,0.5486271711115616
0.1,0.3,0.3,0.1,1.0,0.9,0.7630599964013838,0.03409215169112356,0.16969840568509137,0.8713043793192383,0.6558242957446364
0.9,0.3,0.5,0.6,0.8,0.1,0.49155418016279717,0.21579932592710216,0.24873647209100902,1.4562841038935255,1.139503794645801
0.7,0.8,0.1,0.5,0.9,0.4,0.9503867508376845,0.01438872587230288,0.03110816159381409,1.550908907876306,1.3879816199649047
0.1,0.1,0.3,0.4,0.7,1.0,0.3454524687060722,0.9237014715350279,0.624371278426035,2.781639683742932,2.5979641758268155
0.3,0.3,0.3,0.0,0.6,0.4,1.5378180787729137,-0.7765451868534854,-0.7781351130316221,-0.05846611852555031,-0.016429707524988915
0.4,0.7,0.5,0.3,0.3,0.7,-0.4078602724374555,1.556382791986945,1.1395562868942442,1.59729080238749,1.5526807821991488
0.2,0.1,0.8,0.3,0.4,0.6,-0.7216034057914985,1.9915045100261792,1.7998945312686423,1.518838051123241,1.0144857103497467
0.7,0.7,0.3,0.9,0.1,0.4,0.6235073471808303,0.6535862512904274,0.3065428100273171,1.2780739053566763,0.7614286509081348
1.0,1.0,0.4,0.7,0.1,0.1,1.3454359577047457,-0.1480228931642174,-0.4939972198080136,1.581939262838287,1.3829810525836004
1.0,0.6,0.1,0.7,0.4,0.2,0.957908443030103,-0.15952517809881206,-0.13201390993446835,1.4651205592067305,1.1620565403365974
0.8,0.5,0.9,0.0,1.0,0.8,-1.1664540196653117,2.4224009725605105,2.175377309645716,1.1213310641820837,0.9772291569185795
0.2,0.6,0.4,1.0,0.5,0.0,0.22235506181628217,0.8698966875664049,0.6327639069277673,0.7775105210252509,0.794433963895604
1.0,0.3,0.4,1.0,0.5,0.6,0.6131475195299722,0.5648412432476435,0.2418744718449723,1.058296668971153,0.850881500790735
0.3,1.0,0.7,0.8,0.5,0.5,-1.1151382415684612,2.0488737414407985,1.8169939645088,2.5603793815415727,2.1725706139353895
0.8,0.1,0.0,1.0,0.1,0.1,1.108306894580405,0.16024625657719282,-0.2393703442042469,2.3217218308683796,2.049553958066496
0.4,0.5,0.7,0.4,0.6,0.7,-1.191976349693576,2.220414197878814,2.076150495807531,2.7412058201154763,2.5981678285629117
0.3,0.2,0.3,1.0,0.3,0.9,0.24282782238867845,0.8248215910708752,0.8060593554849556,1.6129507982389693,1.425507172691948
0.4,0.1,0.0,0.5,0.2,0.3,1.034761323503863,-0.12165534161569679,-0.2720118430090573,2.045717360439836,1.7507405426124591
0.7,0.8,0.9,0.9,0.7,0.3,-0.8363949490242527,1.9922329384453612,1.8022183992886027,1.0613656323170235,0.9185512806251128
0.9,0.8,0.0,0.9,0.1,0.1,1.4786138899151997,-0.459231385535212,-0.4855230781550903,1.7945003888021085,1.6973481828361259
0.6,0.3,0.5,0.4,0.1,0.0,1.0704301879866516,0.17875419434892842,-0.13140554343369515,1.288096032845072,1.004851869117603
0.4,0.8,0.2,0.4,0.5,0.6,0.7675362226523303,0.1305794221253039,0.16794514832871593,1.0151226837400182,0.7030077289863975
0.3,0.5,0.4,0.4,0.4,0.4,0.6777639552251453,0.3018419119158136,0.12981155529617366,0.6904764741944791,0.6908844041179547
0.2,1.0,0.4,0.7,1.0,0.5,0.18032600872813398,0.6607275360545867,0.5609514493582921,1.5345735489132188,1.2264895207253506
1.0,1.0,0.0,0.5,0.4,0.0,1.4976920866259265,-0.5604151358357603,-0.7365709394661469,1.685834535722475,1.3572791620430988
0.1,0.4,0.3,0.8,0.1,0.0,1.7190356196622243,-0.9159597951044689,-0.6849765972392231,0.7042532618777733,0.5203628589576155
0.4,0.2,0.3,0.8,0.8,0.1,0.9461581195426373,0.13992914445910928,0.14752388667478106,0.5104566941694173,0.5461458551544993
0.4,0.6,0.9,0.5,1.0,0.9,-1.8677237610468602,2.95713062543915,2.983549816477385,1.8936321494193962,1.8880036388363546
0.3,1.0,0.9,0.2,0.0,0.9,-0.9966937409975564,2.0089179639914523,1.6956111629183377,2.868148802626716,2.6944509821003066
1.0,0.7,0.4,0.0,1.0,0.3,1.0706556588218752,-0.024369100082742772,0.019587248677253977,0.020110325019795573,-0.18975175337030706
0.9,0.7,0.5,0.0,0.1,0.7,0.07052071221956685,1.0963752817774521,0.9286773223484943,1.9714402130702857,1.783488208534027
1.0,0.3,0.7,0.6,0.1,0.6,-0.19624579299155542,1.303527287061343,1.0286337362584523,2.5865461858213625,2.0378599794865577
1.0,0.1,0.0,0.7,0.3,0.4,0.9709922553786741,-0.3996516254449172,-0.24534387775030742,1.9283480230389922,1.7172901783734185
0.2,0.7,0.6,0.5,0.2,0.5,-0.6636791039443217,1.6471975668741574,1.6168595840527018,2.4202437413175573,2.2116164734663224
0.7,1.0,0.5,0.1,0.6,0.7,-0.2939082853303315,1.2404382554077102,1.2360396175658632,2.439449798994718,2.378329660990926
0.5,0.1,0.2,0.7,0.5,0.3,1.0762818458521533,0.0027528130304376036,-0.05844669653359516,0.8912065902925042,0.5711191409807088
0.5,0.2,0.5,1.0,0.5,0.6,-0.6190841858764727,1.7197627215325861,1.6222842681886365,2.1249130381887973,1.8795788889456484
0.1,0.0,0.9,0.2,0.5,0.1,0.17914116139045,0.8862207020726565,0.8191943100864891,0.18876909967449007,-0.07494981098569382
0.9,0.1,0.9,0.2,0.9,0.2,-0.27021129235218844,1.4717240232967324,1.2998190529249865,0.771958804784417,0.3820060397325157
0.3,0.7,0.9,0.7,0.5,0.9,-1.8257464014266542,2.8415902683094334,2.7634490276915766,1.8764675113248506,1.5910619018639567
0.6,0.2,0.9,0.4,0.7,0.1,-0.6925334273012095,1.5731516936984378,1.6548182530459747,0.7431427658503852,0.8750320718872183
0.9,0.1,0.9,1.0,0.1,0.4,-0.9254643179754654,1.740945244809005,1.9066838391710916,1.579179850472231,1.4417730485671247
0.6,0.8,0.6,0.5,0.4,1.0,-1.1002926281018026,1.9380955371310573,1.7176812415130591,3.168846252883646,2.6748898971446273
0.4,0.9,0.8,0.8,0.1,0.6,-1.0443058999266206,1.774081678276272,1.6493396102615092,2.416646374116236,2.079479542592036
0.9,0.8,0.1,0.5,0.2,0.5,1.2821115454328909,-0.35914219223306576,-0.46720944371226514,1.6756450750280936,1.3395214588240425
0.5,0.5,0.4,0.7,0.9,0.6,-0.1583140489766889,1.1639570535706212,0.9790835677232463,1.5051461149650254,1.5174699179707862
0.1,0.2,0.1,0.1,0.4,0.1,1.5563479279656343,-0.649594119216031,-0.8323472657382942,0.7359885445636486,0.5735397060867286
0.6,0.5,0.3,0.9,0.8,0.2,0.5474443702764185,0.4627735793509386,0.25188615663855884,1.1534120542744533,0.8045981244439665
0.3,0.3,0.4,0.3,1.0,0.7,0.5388953783350091,0.6344598795463867,0.2955684120686303,1.0019309578340119,0.7063781921779851
1.0,0.3,0.8,0.5,0.6,0.0,0.3148556217904278,0.7150463842647233,0.6075571486237664,0.7818669699242423,0.40850253901807837
0.9,0.3,0.0,0.1,0.0,0.2,2.0164737872925325,-1.0375853066760063,-1.238767208983018,1.4603427374190276,1.4123662028790114
0.3,0.2,0.0,0.2,0.6,0.6,0.41114245061210425,0.4324939065853273,0.30691502885708,1.9215911012240106,2.123380656168249
0.3,0.3,1.0,0.8,0.1,0.4,-0.3766102879662292,1.2984124790257612,1.3958196676153576,1.4395388541774197,1.2684598654370485
0.9,0.5,0.5,0.7,0.7,0.6,-0.4356815441519364,1.3554195229060428,1.550113653684257,2.7862511202956597,2.6596333010397624
0.8,0.7,0.9,0.1,0.2,0.1,-0.4000943468205015,1.341114208410397,1.2931849164588038,0.032440523340027956,-0.1331603367735339
0.5,0.2,1.0,0.2,1.0,0.9,-1.6078706715634885,2.636007690996937,2.3660528685307742,1.8321333620326279,1.5760865365207326
0.2,1.0,1.0,0.2,0.2,0.0,-0.1744287815186513,1.0045413210160488,1.0524930873206448,1.0746130006331027,0.9128194583183641
0.1,0.3,0.4,1.0,1.0,0.7,0.09448043387854207,0.8425654421056017,0.7424761008127503,1.3036305383820783,0.997242838942648
0.7,0.7,0.0,0.3,0.2,0.6,0.29773267827290295,0.5621607977685913,0.548415688923514,1.953326893247615,1.835812111097551
0.8,0.9,0.3,0.9,0.7,0.4,0.9791515162728739,-0.04495411482585904,-0.02884631930870667,1.6181288120931052,1.2527509410483113
0.0,0.5,0.7,0.9,0.6,0.9,-1.6117236376158997,2.553305985227005,2.674206944835311,3.9072606142067965,3.810281943331348
0.9,0.0,1.0,0.2,0.9,0.9,-0.8997193216386238,1.996863622619909,1.8996335682856753,1.7922025342837327,1.709372214441972
0.0,0.1,0.2,0.4,0.5,0.4,1.0236357902549416,-0.21913385291993923,-0.3203293369846911,1.1302612751837628,1.0822395871812727
0.2,0.0,0.2,0.1,0.8,0.0,1.801242393748753,-0.7827384142693325,-1.0121629122460643,0.5415587048500454,0.26150449985408836
0.0,0.4,0.6,0.8,0.5,0.7,-0.7271380821172656,1.732182172268635,1.5143134404570344,2.959409572382873,2.5485801934845536
0.7,0.0,0.5,0.2,0.2,0.8,0.07464428878781268,0.7911758830349074,0.7463018896398985,2.243880724020657,1.976325309075437
0.2,0.6,1.0,1.0,0.4,0.4,-1.4941780378178473,2.660423821263635,2.4350633353274844,1.144308219793495,1.0768154180350853
0.8,0.2,0.0,0.8,0.0,0.1,1.1087267410349795,-0.3836226845419376,-0.3916638714943571,2.2060358377949334,1.9878273545319207
0.4,0.9,1.0,0.5,0.9,0.7,-1.3474065014659766,2.3204754134284804,2.20180897378556,2.028928035495583,1.9440819097700397
0.2,0.0,0.4,0.6,0.5,0.2,1.20242618092534,-0.24223504719805283,-0.31834690704995877,0.7398788206769955,0.48779564197539
0.3,0.6,0.3,0.1,1.0,0.3,0.9184442089027487,0.30737663551090555,0.034455696782576734,0.15725866997632643,-0.2373155122759904
0.2,0.6,0.1,0.3,0.7,0.9,0.027885930493235123,0.8930134938858945,0.7902285975693019,3.1431866707307137,3.0802298006057383
0.6,0.3,0.4,0.6,0.2,0.9,0.3683036493527444,0.7537697520594517,0.47715535766933626,1.674941493497053,1.8453236246728797
0.5,0.7,0.5,0.6,0.0,0.0,0.3410119438477361,0.5946926653504911,0.7905427885537891,1.7494148687035915,1.6171680944556024
0.1,0.2,0.2,0.8,0.4,0.7,0.40236720703286916,0.7083846331074177,0.29278174478791136,1.3624025028857147,1.1869012858996637
0.1,0.4,1.0,0.0,0.1,0.3,0.502317285944809,0.7358177124388022,0.4975269026539853,0.9237277362840175,0.8485544794124504
0.9,0.2,0.1,0.6,0.0,0.9,0.7228104102524896,0.31156074555387375,0.2287616120175078,3.350397013922665,3.081894675031406
0.6,0.1,1.0,0.5,0.3,0.1,-0.7402171307654285,1.5561640679089073,1.4527935803921537,0.5244136161928359,0.5680196323433809
1.0,0.7,0.3,0.5,0.6,0.9,0.23435727640154463,0.6975399333860933,0.5885285919339539,1.8678938965195382,1.7179136965180701
0.2,0.8,0.1,0.8,1.0,0.8,0.3381686724209269,0.6542430515392225,0.6899371913238326,2.238094985927704,2.070615486231772
0.9,1.0,0.4,0.3,0.5,0.9,0.41675706404591906,0.742144935778638,0.6259950872113694,2.1991443687145957,1.8025070996994754
0.9,0.8,0.0,0.9,1.0,0.5,0.6490852343839196,0.2691466493356467,0.24011892339138965,1.786741350114967,1.748904759436584
0.7,0.2,0.0,0.0,0.1,0.2,1.4165376182154794,-0.4821347502727483,-0.6338508627503328,1.590597691436966,1.4963836731291615
0.6,0.7,0.4,0.4,0.3,0.0,0.7782631607223822,0.08284186026287649,0.07309307726123826,0.09731814587472694,-0.213224843606741
0.1,0.5,0.3,0.4,0.4,0.5,0.9755844061947716,0.17135758977875398,-0.020902817442367903,0.5865675031855229,0.5553681799363929
0.8,0.4,0.4,0.8,0.5,1.0,0.32410552894023015,0.7719654966689857,0.9222121677226534,2.5160862828225152,1.9706942146437514
0.5,0.4,0.3,0.1,0.8,0.8,1.013819933902218,0.28457544198786894,0.2899453635847298,1.128682215112984,1.072352444371257
0.8,0.2,0.4,0.2,0.8,0.6,0.05772308382457003,0.5217495999543209,0.48975454410231267,1.5027665776393873,1.3390248172901997
0.0,0.3,0.7,0.3,0.3,1.0,-0.5598018673204959,1.590051334280339,1.6097320834846331,2.8741226071799257,2.8231932258169
0.7,0.1,0.5,0.2,1.0,0.2,0.28950579890112255,0.8085059271936114,0.6752102226633746,1.1949998085721196,1.0007638302754651
0.9,0.4,0.8,0.8,0.8,0.7,-1.034002901486406,2.069350317126805,2.047532108817426,2.326504912547331,2.0161570640476434
0.0,0.7,0.0,0.9,0.6,0.4,0.4474904718061421,0.7813447047247097,0.6301922473566812,2.494076579318576,2.1750460836129863
0.9,0.5,0.1,0.4,0.8,0.2,1.3090903759728734,-0.23643077256086106,-0.38262204418772705,1.9271188301154045,1.838492715894852
0.7,0.5,0.7,0.2,0.3,0.8,-0.8862464955779032,2.1237905574017537,1.9509136363459931,2.4827863336358074,2.4111374833699055
0.9,0.9,0.8,1.0,0.0,0.7,-0.8598362796564071,1.8444970696034262,1.9975585672901717,2.9708284942880683,2.698125240084713
0.5,0.4,0.2,0.2,0.7,0.5,1.111078146659257,-0.19198990699267263,-0.2746176325051678,1.2795110256898474,1.0268159265858685
0.9,0.2,0.1,0.5,0.4,0.4,1.2827169917177967,-0.28708112450344625,-0.32757099142865453,1.180555308320015,0.8324199598917932
1.0,0.1,0.3,0.6,0.2,0.0,1.6780787025512278,-0.7968576354227412,-0.8103717229716026,0.5622304986205079,0.045936348521587345
0.8,0.9,0.8,0.5,0.6,0.5,-0.5782413880829106,1.7245060933383847,1.4067306933501145,1.9420128275501614,1.7008737326620482
0.4,0.1,0.6,0.7,0.1,0.9,-0.8722601308139526,1.8203744081826858,1.7505353513388844,3.7612235368761007,3.6647185269385605
0.4,0.0,0.1,0.8,0.3,0.2,1.6289995108566098,-0.5746271576061421,-0.6161358275355802,1.101723603908419,1.0066667024529852
0.5,0.0,0.4,0.9,0.3,0.7,0.2211894097813149,0.7478170912319948,0.6455624405859451,1.1432744415004554,1.052954419131268
0.5,0.3,0.3,0.4,0.6,0.6,0.9086673933306867,0.10580220307055352,0.010185691939254865,0.761549790295668,0.6108102238352779
0.3,0.0,0.4,0.8,0.1,0.4,1.0225746109768559,-0.08190201350562401,-0.17511275773528723,1.365253866509465,1.1565704512886195
0.9,1.0,0.6,0.8,0.6,0.3,-0.3688507654322358,1.4219395510297288,1.3463084489989101,2.8606798988233484,2.7642824784073046
0.3,1.0,0.6,0.0,0.7,0.3,0.02098177970814369,0.8363377104776293,0.9689707642470905,2.5235434532775467,2.419059559827208
0.2,0.6,0.0,0.9,0.0,0.2,0.7281625190992407,0.23767514172543258,0.25125644382768153,2.541028347830174,2.4994307294763165
0.1,0.3,0.0,0.7,0.4,0.3,1.2532012580124514,-0.2602582948188822,-0.3640103581982034,1.3018544285227838,1.2514307591883367
0.9,0.9,0.4,0.7,1.0,0.1,1.2185063051979532,-0.10897196097309808,-0.3068174590587568,0.5636720673166019,0.4930918193190773
0.5,0.6,0.9,0.6,0.0,0.3,-1.090129962164717,2.0404114731312473,1.8487545009594932,1.5807329220131503,1.444887731801296
0.4,0.8,0.2,0.1,0.9,0.5,1.2071498139283228,-0.08646756505439407,-0.15991917794192054,0.7126995845412852,0.5008483028636725
0.7,0.4,0.7,0.0,0.2,0.3,0.43236260495527257,0.9755860495844735,0.5725661512020532,1.113518326314837,1.2074268713048455
0.5,0.5,0.9,0.1,0.9,0.6,-0.962849674903123,2.2629717123054727,2.047705829023774,1.1737150799624492,1.138920698421551
0.2,1.0,0.2,0.4,0.7,0.4,1.0254117378027041,-0.013485526475503749,-0.17809533332318256,1.7810864629582945,1.827320764619571
0.9,0.3,0.8,1.0,0.8,0.9,-1.2498622505372758,2.49981908634175,2.1559594050177053,2.8218650588580196,2.5103815934559974
0.1,0.4,0.1,0.1,0.1,0.0,2.4061682972244403,-1.3204839856611992,-1.2262418235894788,1.1008126628391632,1.0278709691707624
0.4,0.1,0.6,0.1,0.2,0.8,-0.5470558114409297,1.6493043748264207,1.5900923189495648,2.927907741260815,2.664865911049343
0.5,0.0,0.0,0.8,0.7,0.2,1.0770228606289793,0.0034128901461967023,-0.19918857806399187,1.9442874330712228,1.719223902883626
0.1,0.2,0.0,0.3,0.5,0.8,0.3356612925389154,0.5733165504086793,0.3776453344292547,2.6514612626717056,2.2809889392849527
0.5,0.6,0.1,0.2,0.4,0.3,0.8422555384058092,-0.029257100600255243,-0.03634998098912704,1.052893854745791,0.6778626306400336
0.9,0.9,0.9,0.3,0.0,1.0,-0.6923904914752269,1.6854397737351463,1.3295902319945643,2.988375560408902,2.790260562914701
0.3,0.5,0.1,0.9,0.6,0.3,0.6611726197888218,0.29126029512876256,-0.02658036796759132,2.0074525206810225,1.8026049584737873
0.3,0.3,0.6,0.8,0.6,0.7,-0.8100561874956267,2.017862671003487,1.7473066466511917,2.7624426611191817,2.3426939593976495
0.9,0.3,0.3,0.9,0.7,0.9,0.2843799479010454,0.3773115645121706,0.3508876907715259,1.9504946546732256,1.8141992516089431
0.5,0.1,0.8,0.3,0.5,1.0,-1.4418016328304843,2.2616067483013356,2.2765430365838726,2.681276446633701,2.4214678043849
0.3,1.0,0.1,0.3,0.4,0.6,0.6650578600110972,0.027013248851299576,0.15214490279641624,1.9104642753891823,1.8899793300382677
0.7,0.9,0.6,0.6,0.3,0.2,0.08320549218458795,0.8634108189417673,0.7004192643138152,1.8898794105247392,1.7793114867810331
0.4,0.4,0.9,0.2,0.3,1.0,-0.7655878668546995,1.5575456373461425,1.7007604571290926,1.3336981582186347,1.3882668612674647
0.6,1.0,0.8,0.4,1.0,0.8,-1.4565245169270788,2.358397078810581,2.4437080676687537,2.316301308360573,2.194997669097611
0.5,0.8,0.9,0.5,0.7,0.1,-0.41367862795325105,1.512577241943345,1.4705995647879502,0.7907660265072154,0.5174750742028822
0.8,0.9,0.3,0.0,0.8,0.0,1.8144449862552052,-0.9144125222086041,-0.9099594738771027,0.30400838667547164,0.24426170525791852
0.3,0.9,0.5,0.9,0.8,0.7,-0.5501456289085445,1.4233288983248484,1.2944129288241644,3.0760947039717554,2.9694940064429236
0.1,0.2,0.9,0.8,0.5,0.3,-0.7545540955495162,1.557536138082583,1.6821155753594201,1.040646922095009,0.727408778666458
0.8,0.8,0.8,0.0,0.2,0.0,0.2681052743002369,0.5134115679140969,0.7047575410892495,0.3738728043413896,0.21226569189672487
0.9,0.4,0.2,0.9,0.5,0.6,0.8505692467302947,0.08754482642776402,0.06561730903434444,1.069780097659313,0.9983582950915101
0.7,0.7,0.9,0.2,0.5,0.8,-1.2883553097139688,2.557476199381052,2.542144461065827,1.2936537928833511,1.0507530376056207
0.5,0.0,1.0,0.8,0.6,0.8,-1.3632303084360011,2.611487406448411,2.3665834358736384,1.9594895769174054,1.9755100703424506
0.1,0.3,0.8,0.1,0.3,0.7,-0.2724234290193037,1.4508066219872047,1.3399386080389906,1.0614982754807927,0.9667812388385765
0.3,0.3,0.4,0.4,0.7,1.0,0.318340798595596,0.5634630381766813,0.6480791590928721,2.6520689055424533,2.1625257500778186
0.3,0.6,0.8,0.1,1.0,0.9,-1.4780864929898976,2.610082465127999,2.567564316025798,2.1309276813529796,1.6208155596686078
1.0,1.0,0.5,0.5,0.1,0.0,0.8840423796388859,0.09953100776256976,-0.10227826118051142,2.125179932538098,1.902979808287046
0.2,0.3,0.5,0.6,0.9,0.4,0.08396114729005627,0.7374222362209878,0.5944977705489353,1.6171829216222118,1.4329941194621336
0.7,0.8,0.6,0.0,0.1,0.5,0.0322812458618144,1.1169497456511768,0.6367205438368826,2.101762048429012,2.0375091834585812
1.0,0.7,0.4,0.7,0.4,0.1,0.9380131202943947,0.036677725231964456,-0.1380480746977557,0.16890166419425529,-0.023968668324700307
0.6,0.6,0.4,0.6,0.8,0.2,0.12901881512239968,0.9538404005775515,0.8720238649316269,1.251872940816408,1.2181457422115312
0.7,0.1,0.5,0.3,0.3,0.7,-0.23649427951914193,1.3408534393364977,1.1769566219686258,1.9630765034111453,1.7597631927616142
0.8,0.1,0.4,0.3,0.9,0.2,0.8427124381865208,0.13104687133742934,-0.14472425627032934,0.8825933877103895,0.54943462104915
0.5,0.6,0.1,0.9,1.0,0.0,0.37060114641753344,0.5603037959803397,0.3564279682102789,1.3720830044871246,0.9226857734170886
0.9,0.5,0.8,0.2,0.6,0.6,-0.8838376529526163,1.857856635813449,1.8849828566893407,1.8328883534333658,1.7765101482118384
0.5,0.4,0.4,0.8,1.0,0.6,0.20905481043183827,0.7340984473832525,0.4865208977225641,0.9693117565265413,0.6784712878485054
0.8,0.6,0.3,0.4,0.7,0.1,0.7826465421423836,0.5048126483705728,0.16286754832831035,1.0235730928022149,0.5933216803794975
0.7,0.2,0.9,0.1,0.7,0.8,-1.2706927892042181,2.4009073900273568,2.3270956641765306,1.8238996858981922,1.7136568812693933
0.2,0.1,0.7,0.6,0.5,1.0,-1.499483153299812,2.4744800546035663,2.2366045382924598,3.448143528250168,3.316282975407477
0.2,0.4,0.6,1.0,0.7,0.3,-0.3030905330569889,1.2636491650899955,1.3398341231129631,2.6310339491339385,2.3667666493691053
0.2,0.5,1.0,0.8,0.7,1.0,-1.9187608986923568,2.8859483243118915,2.6121275500336782,3.4834378910380424,3.1257032769169104
0.2,0.6,1.0,1.0,0.0,0.3,-1.1299430085582327,2.182709105543916,2.019648828323034,2.035990088230935,1.8034360424391838
0.9,0.7,0.2,0.5,1.0,0.4,0.7703796989422937,0.23665166295449636,0.31539709798386706,0.6859934289542051,0.508529625008174
0.8,0.1,0.6,0.4,0.1,0.9,-0.9035414087697671,1.6192089454403535,1.6783385762624232,3.712582054546389,3.584677616306669
0.2,0.9,1.0,0.1,0.1,0.5,-0.24655258880857764,1.296863334028677,1.0211665504378384,1.6337905682445095,1.5283091760843919
0.5,0.3,0.9,0.3,0.5,1.0,-1.0257955395992562,2.0934456151606047,1.8125808855989334,1.6891937595527735,1.4612333517391713
0.7,0.7,0.6,0.1,0.9,0.2,-0.40904445096247394,1.239525232241034,1.2369661923052298,1.4295969546471676,1.292960723456602
0.7,0.8,0.0,0.7,0.5,0.9,0.2599564260880217,0.9785414413329412,0.7687343198688865,2.6007241502740817,2.5001163481823903
0.1,0.7,0.4,0.5,0.0,0.9,0.07999847699612439,0.9389618796381782,0.9313384796898444,2.6003563817791684,2.4544350972588322
1.0,0.5,0.2,0.6,0.4,0.1,1.6150729879117942,-0.5172319363246529,-0.9025692125677514,0.528102619651707,0.37367269888414945
0.1,0.5,0.8,0.1,0.7,1.0,-1.2989882591350077,2.164718134064474,2.0744854837556765,3.2031305832438135,2.8820293572319944
0.5,0.6,0.7,0.5,0.3,0.4,-0.9274852508245353,1.9335194604707557,1.9449189737288994,1.8265113558157808,1.5682447036660294
0.7,0.7,1.0,1.0,0.3,1.0,-2.3015970618543897,2.987626642290698,3.108736711396174,2.2493218120444434,2.0943716920915065
0.6,0.9,0.1,0.5,0.8,0.8,0.41649522910298675,0.5440551159800296,0.4392659946726132,3.0211135311688424,2.9540431771726174
0.9,0.4,0.5,0.9,0.2,0.8,-0.03865265857805483,0.9459696914627839,0.8868199266267228,2.5668877561126124,2.277693680936317
0.5,0.9,1.0,0.7,0.6,0.6,-1.1366515734278237,2.1262131690477784,2.15725091267263,1.9357380403946316,1.8595675330902124
0.1,0.3,0.3,0.1,0.2,0.9,1.3216171339667406,-0.11791115883369431,-0.17374767242375866,1.3347339070578748,0.9901710113465073
1.0,0.2,0.9,0.3,1.0,0.7,-0.9713543324135763,2.027015296190368,1.8016170557660551,0.9611132013940965,0.7479695073791855
0.0,0.9,0.0,0.8,0.7,0.5,0.7684742833465933,0.44253497862137064,0.22461965460922895,3.3738499598137612,2.8997054672152824
0.7,1.0,0.0,0.9,0.6,0.3,0.37029771406355966,0.4741192016158454,0.16647989357962747,2.598096792421752,2.292001282456612
0.5,0.0,0.2,1.0,0.5,0.8,0.3560266237634523,0.6487434729108492,0.4882021532881768,1.6904876886724574,1.5028461961966442
0.7,0.0,0.6,0.7,0.6,0.4,-0.2629896781700159,1.1855083704786211,1.1333330556059558,2.390221724384478,2.017911066838057
0.0,0.0,0.1,1.0,0.3,0.9,0.7778453512358822,0.5533181916091909,0.19722271975776665,2.7994930523257615,2.490793052680577
0.5,0.9,0.1,0.8,0.9,1.0,0.31783592882927547,0.6699246883703361,0.6174681357380657,3.3026611987783507,3.2473184303593725
0.5,0.6,0.0,0.6,0.4,0.5,0.23660875342670762,0.8656654446151874,0.6963234562404413,1.8072976209933838,1.7298263299692416
0.1,0.0,0.0,1.0,1.0,0.7,0.3619380977707791,0.7288201161458678,0.5776646140720676,2.464627331436243,2.304177730562587
0.6,0.3,0.4,0.9,0.2,0.9,-0.08934684523625142,0.9394058269825869,0.7475036413031952,1.9521765553198458,1.8857161683629575
0.9,0.3,0.8,0.1,0.2,0.0,0.4584412680844627,0.4815379664989618,0.2818451417481001,0.3757173193017421,-0.03604579021630111
0.9,0.3,0.2,1.0,0.8,0.5,0.7918090877047381,0.0969321971342087,0.013232028308502692,1.167037137076459,1.3461793125909867
0.6,0.9,0.7,0.3,0.5,0.5,-0.7441978595569143,1.4765764905084664,1.5215548074597043,2.1794823783224535,1.841853115436072
0.3,0.8,0.8,0.0,0.6,0.0,0.21751042923682323,0.979533450181087,0.7357990006027709,0.5372010864425099,0.48206521413611664
0.0,1.0,0.0,0.8,0.7,0.1,0.9656187140713641,0.138339169853082,0.12336389122002384,2.8225225329840273,2.7373691684425436
0.5,0.4,0.4,0.4,0.2,0.7,0.7894308105800482,0.2683422219030434,0.23836579005664665,1.3128742463378784,1.1531285725479035
0.5,0.2,0.0,0.6,0.9,0.6,0.29731450157381967,0.6749454820907254,0.8143036371078233,2.3696751561915548,2.151754587923192
0.4,0.2,0.6,0.1,0.3,0.9,-0.6930133065016344,1.5790703999227687,1.5910809716211434,2.787064127196483,2.5860483055475436
0.4,0.3,0.9,0.9,0.4,0.6,-0.9862022594667409,2.1336259250874194,1.8787779879647044,0.7641212447882078,0.37790027980388635
1.0,0.2,0.2,0.1,1.0,0.2,1.7923079179408477,-0.6454636785056173,-0.9601369946666622,0.03779859415700694,-0.12547135951303143
0.6,0.5,0.7,0.0,0.8,0.7,-1.2209048314805049,2.034558352520949,2.1188008175412407,2.6393799050414026,2.4995014455338467
0.9,0.9,0.9,0.1,0.8,1.0,-0.7593791626585804,1.7783662993231981,1.6709955607953098,2.519807279833631,2.316805490318503
0.7,0.5,0.0,0.0,0.6,0.2,1.2006797147522075,-0.31090681100587203,-0.44644287657243475,1.5357516828258697,1.3693559780269262
0.5,0.0,0.3,0.3,0.1,0.3,1.5912774835520134,-0.8813507558262484,-0.8113669035667784,0.7575789889557858,0.46674739740457
0.9,0.3,1.0,0.9,0.3,0.1,0.07385498283432235,0.965159696301079,1.093529048992862,0.6110615934068202,0.22388261114586622
1.0,0.4,0.0,0.7,0.8,0.2,1.6504309862125164,-0.3107328917273593,-0.5065544468060925,1.9200509787262026,1.615682991741664
0.7,0.1,0.8,0.8,0.7,0.7,-1.846488305377004,2.700781113214129,2.6078938149360424,2.421466499676421,2.2984752247918983
0.3,0.4,0.1,0.0,0.7,0.5,1.4318872007383838,-0.33260505323745726,-0.6067504502594623,1.5898081385620269,1.3973505545740184
0.0,0.1,0.0,0.9,1.0,0.8,-0.05377738033288963,1.0529185097041298,0.8972478990809459,3.2156271388863074,2.8692400585656612
0.7,0.0,0.4,0.8,0.3,0.6,0.44431926613786593,0.4775800320859389,0.49057537862024325,0.9179037943646159,0.8632907267584703
0.9,0.8,0.0,0.7,1.0,0.0,1.33510704535332,-0.40154130156688395,-0.4627213505756075,1.1831623787090895,0.9866404387846872
0.2,0.6,0.8,0.1,0.5,0.4,-0.9378338877284254,1.873470026130424,1.6503089297492064,0.9135625164117517,0.9730211482451214
0.0,0.9,0.0,0.5,0.6,0.9,0.42764253714109823,0.48021915752510436,0.2928908808363997,3.5979421569574277,3.5043523805614964
0.5,0.3,0.5,0.6,0.1,0.6,0.15931617885752453,0.8234729515019037,0.9052029734222476,2.065207164492719,2.020599640953893
0.4,0.5,0.5,0.9,0.5,0.1,0.010325710109946415,0.9932487211512491,0.8104083318232477,1.4480276718255527,1.3224713686714789
1.0,0.1,0.8,0.4,0.0,0.3,0.05163852484948899,0.8879716092598295,1.050772762470421,2.000905071406305,1.6820617137080336
0.1,0.4,0.4,0.2,0.6,1.0,0.8022013060887566,0.4281562636848266,0.39610715495942367,2.3236751644967013,2.0899422712118043
0.1,0.7,0.4,0.7,0.3,0.5,0.24107524042095224,0.7371134581700141,0.6142448035272048,0.9013559840140263,0.7943892990157463
0.9,0.9,0.5,0.2,0.7,0.4,0.47489710954944186,0.33875918061050503,0.3439408580119568,2.1785595091926866,1.9433819940805133
0.1,0.2,0.4,0.1,0.7,0.7,0.29461814461354086,0.6421593475086549,0.5922215703785322,1.7715327263438716,1.5771170162783286
0.2,0.1,0.1,0.2,0.9,0.4,1.252615465227923,-0.231415012016877,-0.40131059068863073,1.8257847987653661,1.501750626387315
0.6,0.5,0.7,0.3,0.5,1.0,-1.3733852665952477,2.130996869085634,2.1840651455608415,3.3976917612593023,3.2751113965038825
0.9,0.1,1.0,0.5,0.2,0.6,-0.989055283559056,1.9900104628684767,2.0369364380829893,1.732918756526706,1.4657925185045615
1.0,0.8,0.4,0.6,0.6,0.3,1.160653463241632,-0.13383316052092825,-0.26127861153603166,0.9876747293835729,0.9231662817606489
0.2,0.7,0.9,0.5,0.3,0.9,-1.4877822226550868,2.5445136183092565,2.5804007268847404,1.6530588415597478,1.5312252801989366
0.6,0.6,0.9,0.0,0.1,0.7,-1.2873032556346589,2.4276532407295717,2.124744380234149,1.520863188787772,1.2515864813184294
0.7,0.5,0.1,0.5,0.9,0.4,0.5322366273588812,0.1875346514402349,0.24994064058651932,1.8337111659059644,1.7228552513711322
0.3,0.9,1.0,0.9,0.0,0.6,-1.0207722189795105,1.8547871958656548,2.0016262412419508,2.440037224035758,2.344031279706623
0.7,0.7,0.7,0.3,0.4,0.7,-1.2054317502721539,2.382260867236437,2.25414050339818,1.9546318188899956,1.7156927642593838
0.3,0.7,0.4,0.3,0.2,0.9,-0.018288970804587384,1.0537370993809294,0.7189716859105402,1.6689906581952083,1.764551262887958
1.0,0.1,1.0,0.0,0.2,0.5,-0.07728125229887037,1.2265926983296869,1.2284301259171042,0.9434333153685139,0.822770777025068
0.3,0.5,0.8,0.9,0.0,0.9,-1.547826581123559,2.371299805123474,2.247635848200725,3.3811491877205966,3.1115550177051996
0.9,0.8,0.3,1.0,0.9,1.0,0.23803226058552346,0.9710080920167362,0.7864999922073161,2.124797636731154,2.0814398052612226
0.1,0.0,0.6,0.2,0.6,0.1,0.3497525542684703,0.5827010547859452,0.3853782001633874,1.988317916620036,1.8646743522154259
0.3,0.6,0.4,0.9,0.9,0.3,-0.13829782504206942,0.8175957554469383,0.9577031540160795,1.1307432225828096,1.107866430157803
1.0,1.0,0.9,0.5,1.0,0.8,-1.1735457446379944,2.0452719340138747,2.1896599865306876,2.0470163310446408,1.7882756567127789
0.2,0.3,0.6,0.4,0.2,0.6,-0.17639404206450066,1.281886041303612,0.9836743635267685,2.253163364157781,2.017714512914144
0.4,0.4,1.0,0.6,1.0,0.3,-0.4715788747726612,1.5648646480123076,1.4017783466378393,0.5115701475992334,0.5849721770137509
0.5,0.6,0.9,0.6,0.1,0.4,-1.151902327564466,2.1060162407216394,2.0736955217095696,1.447779255315532,1.3095181293581988
0.3,0.1,0.3,0.9,0.5,1.0,-0.018495436693567263,1.034368160100189,0.7581401723830195,2.390104797783249,1.9402790405761767
0.0,0.0,0.5,0.8,0.2,1.0,-0.21129000506690246,1.4721008861021057,1.0300676475176482,3.4005511332669496,3.402951636058485
0.1,0.9,0.2,0.0,0.6,0.5,1.50381922746379,-0.507660936457411,-0.6182334720446333,1.3228922500460445,1.0890993663567106
0.3,0.1,0.5,0.1,0.9,0.2,0.40556087110479977,0.4879631964009227,0.5872199976558323,1.5771596598303317,1.136155365183756
0.8,0.7,0.0,0.0,0.2,0.3,1.2765256220741674,-0.17683467523668805,-0.374014628263451,1.3155081698839464,0.9083204865005964
0.3,0.1,0.5,0.5,0.8,0.0,0.27840324658319543,0.6894210639779019,0.6733386192104748,1.9776969190166043,1.6550290261439464
0.7,0.4,0.9,0.0,0.0,1.0,-0.7247667161998717,1.573519744675463,1.5327584831261214,2.1443852790167406,2.0421515796146945
0.4,0.5,1.0,1.0,0.4,0.6,-1.4902442759936816,2.703674795292283,2.3595724613558895,1.461751724646751,1.3028337283872413
0.7,0.1,1.0,0.0,0.5,0.6,-1.0220149857853682,2.112656468223821,2.0122937745123735,1.0403404442811155,0.9443005908459046
0.1,0.9,0.7,0.5,1.0,0.2,-0.30152530918377923,1.1643055360356598,1.0651365255543168,1.8567485353499396,1.5169836694849352
0.3,0.3,0.1,0.9,0.1,0.3,1.6292875558926452,-0.39207349460854335,-0.6372055215757118,1.8421228261006886,1.3251797380368575
0.8,0.9,1.0,0.2,0.8,0.8,-0.9675035350266212,1.9182806531143242,2.0709037893065902,2.4811179444712423,2.1395616146235
0.1,0.2,0.2,0.9,0.1,0.6,0.7417166236261651,0.48824164075046506,0.4106920754418383,2.110939661859178,1.8053756903018097
0.5,0.6,1.0,0.1,0.0,0.0,-0.4926591529758791,1.313624566021185,1.5486863170685616,1.245956280462454,1.0256957313168404
0.5,0.0,0.6,1.0,0.1,0.7,-0.6064458885996585,1.7503130630088481,1.4578049619332363,3.2025384845754363,2.945667121802503
0.4,0.3,0.1,0.4,0.5,0.8,0.8344446842262424,0.2835017769003753,-0.0032437964729415125,1.7209286929106753,1.7364698182144862
1.0,1.0,0.7,0.6,0.7,0.0,-0.1949273956050105,1.3203384506987113,1.046667486571287,2.4134491017077377,2.3384730466776658
0.7,0.6,0.0,0.8,0.6,0.9,-0.5641997119662666,1.5281144532514648,1.4879119370595681,3.4264467519202655,3.2550067875980204
0.6,1.0,0.8,0.2,0.5,0.2,-0.5812707914969584,1.5312892860369156,1.267116247655976,1.055289419336781,0.8110977279153113
0.8,0.9,0.0,0.0,0.0,1.0,1.14480264315844,-0.046928797743789864,-0.21200958736616043,3.6521622684191555,3.5562803432888974
0.9,0.2,0.7,0.6,0.7,0.1,-0.45193309286874384,1.4647283415787309,1.2423156884640363,2.01100071995217,1.9708447552529633
0.6,0.7,0.9,0.0,0.8,0.4,-0.9481515923530774,1.951057287259652,1.8171314049643277,0.7077568102433861,0.30095681341774505
0.8,0.9,0.7,0.6,0.9,0.7,-1.0224404244830894,1.8699234589288893,2.0285311795272554,2.9378316564510687,2.8523581516735277
1.0,0.6,0.5,0.7,0.5,0.7,-0.7223446289662715,1.6948389191412079,1.587210539979596,2.3856203947294192,2.0864846849717082
0.3,0.4,0.8,0.2,0.2,0.0,0.2836689997368722,0.4399052083181012,0.39490816994063305,0.5013460300894821,0.18447073167809358
0.4,0.9,0.3,0.3,0.5,1.0,0.6448009769626286,0.1812744851820207,0.3025531515933194,1.9510987199701184,1.81315198305896
0.1,0.0,0.9,0.0,1.0,0.7,-0.6349442985684774,1.687904569723909,1.7228325737534893,1.0904172551031854,0.3643953220711586
0.8,0.3,0.0,0.0,1.0,0.8,0.9006860974452113,0.1936384440219522,0.14206612839252553,1.6365804915912143,1.6683525994539306
0.3,1.0,0.7,0.1,1.0,0.3,-0.4101444115279655,1.418259294132149,1.2044522205883568,1.6768886464480781,1.5585594331489772
0.5,0.7,0.8,1.0,0.9,0.3,-1.4218163869448883,2.4293464194831556,2.18733468483217,1.3992984815541103,1.0659515720522184
0.5,0.2,0.6,0.8,0.4,0.7,-1.2038881661127332,2.2570462431389466,2.1238863947841806,2.5209559586815624,2.3202317493047633
0.9,0.4,0.0,0.9,0.0,0.7,0.7941478406780841,0.14144434254599375,0.14210509471721705,3.1978942181156826,2.8680118983957974
0.7,0.7,0.0,0.5,0.6,0.0,0.7451572767574969,0.11259529892406964,0.16341597323968146,1.6507369388197812,1.4284109955201854
0.6,0.1,0.4,0.8,0.2,0.3,0.6169119067402001,0.37849743712474515,0.40311885532090624,0.9809492956740051,0.8004237084543195
0.0,0.8,0.3,0.2,1.0,0.0,1.496778237473294,-0.7140511444109235,-0.7611824482212148,-0.06435658395734899,-0.3123896591391283
0.4,0.9,0.3,0.2,0.4,0.2,1.8097717968063158,-0.7709110773862949,-0.8864740802521477,-0.06160744989371794,-0.15186439514622938
0.5,0.6,0.4,0.8,0.6,0.4,-0.13016662487560507,1.0848047828450216,0.7735787751343338,1.3725116685906036,1.2714060914849519
0.5,0.8,0.2,0.5,0.1,0.1,1.7964992159037285,-0.5879231966025524,-0.6253282379682261,0.8390112330076961,0.5663598145073963
1.0,0.9,0.6,0.4,0.0,1.0,-0.0481750677613285,1.0217733612987971,0.8812459535926951,4.345489144977151,4.167401044175446
0.2,0.5,0.1,0.4,0.1,1.0,0.4899499573263866,0.30904741688744475,0.2730436836416953,3.607892739570262,3.43364495873604
0.5,0.3,1.0,0.0,0.8,0.9,-1.2230171021007923,2.075044706347039,1.8009709515739547,1.8812893409960516,1.5747369177330777
0.7,0.6,0.0,0.6,0.7,0.2,0.3263014080677913,0.5211065332091187,0.6191692689578966,2.4300660401492085,2.1024130003333443
0.2,0.8,0.8,1.0,0.3,0.9,-1.4985650758799354,2.1676085641676073,2.156799599567855,2.1535184932666134,2.0603985001440757
0.2,0.3,0.0,0.1,0.5,0.0,1.722540543800029,-0.6781128625612858,-0.8728918327667459,0.6741926817960117,0.6311389814405786
0.1,0.1,0.2,0.4,0.5,0.0,1.432446270849976,-0.3642150669584243,-0.5167982282719684,0.41689921045571465,0.5445189135815842
1.0,0.0,0.7,0.8,1.0,0.3,-0.11012669369733542,1.1459860661554788,0.9563331934362189,1.6559786137349863,1.5039280509801558
0.2,0.3,0.5,1.0,0.1,1.0,-0.12962524008681103,1.068529654537185,1.105345675998778,3.396395230517422,3.2628201723178467
0.1,1.0,0.7,1.0,0.3,0.6,-1.2840359882679542,2.318791808360624,2.1147757612782914,2.871008971835191,2.636046854222648
0.1,0.2,0.4,0.6,0.0,0.5,0.7486491171469338,0.3228240939062782,0.29137023542750007,1.8749136820223409,1.69432189462655
0.0,0.0,0.4,0.8,0.2,0.1,1.555456897885339,-0.28854062651813306,-0.4932442918081071,1.0933162021496345,0.8806554900523289
0.2,1.0,0.8,0.2,0.1,0.8,-0.7869732444849946,1.896066578703766,1.7227227038533115,2.7336516662309376,2.534117117827501
0.1,0.0,0.9,0.7,0.7,0.8,-1.1323186278468407,2.1321946781212326,2.1576078828265266,2.181210510191857,2.296098413028554
0.9,0.9,0.5,0.1,0.0,0.9,0.24528469801805614,0.5161880271428728,0.41812567079593455,3.144207063763725,2.900234424047687
0.1,0.3,0.4,0.5,0.3,0.1,1.5218393618407036,-0.41575230147285847,-0.5320778569364348,0.03577915956607644,-0.05326586333288537
0.9,0.0,0.5,0.2,0.5,0.7,0.25904649053693724,0.6622384423586176,0.497805577083144,1.7436688800549132,1.6226013320017703
0.5,0.3,0.8,1.0,0.9,0.5,-1.2024287777614782,2.2316190592740797,2.0653055272176104,1.493407329603151,1.144433481038398
0.9,0.3,0.2,0.8,0.8,0.5,0.9872752841931732,-0.039853321673422606,-0.1632814009115403,1.3599597031507957,1.117085912776064
0.4,0.5,0.6,0.4,0.4,0.0,0.09032961803703063,0.9709834877931021,0.9048438366983416,1.4458461552952298,1.3179981312667117
0.8,0.7,0.8,0.8,0.9,0.0,-1.0909259405733271,1.9008488592372332,1.8168013461286796,1.0125842395521838,0.6836078322617252
1.0,0.2,0.2,0.8,0.5,0.5,0.8571320175412219,-0.13805302541610895,-0.2876652604601774,1.270927943359314,0.8987777017039272
1.0,0.0,0.3,0.3,0.1,0.7,1.4781701397627582,-0.5010661212949505,-0.7097620906417564,1.354430262148108,1.1999487548435972
0.0,0.1,0.2,0.8,0.6,0.6,0.46454292741998227,0.569681786186156,0.6320014845130897,2.036860080875782,1.9322344899980601
0.3,0.4,0.0,0.5,0.2,1.0,0.8275293500446509,0.35395325043183323,0.15681633352042512,3.1159447255441903,3.0154601456154566
0.7,0.9,0.9,0.7,0.2,0.8,-1.111926580459934,2.245764357177255,1.9330259820520126,1.914780040174215,1.9104669212993477
0.7,0.9,0.7,1.0,0.5,0.1,-0.4378198195108447,1.5602880578526424,1.435242584722567,1.9843921335175754,1.5488480477695674
0.1,0.7,0.1,0.3,0.8,0.1,0.8472715626021766,-0.22719371868254626,-0.017862432793955857,1.7636637466644598,1.2792419799882957
0.1,0.6,1.0,0.3,0.2,0.3,-0.838158331583953,1.8281253086902345,1.620241658935262,1.3774488000273344,0.999172064869531
1.0,0.0,0.2,0.6,0.1,0.8,1.261969292198945,-0.13642852486261148,-0.3731046671740206,2.1216158668790315,1.8926389852129752
1.0,0.3,0.5,0.0,0.4,0.4,1.2618579601740565,-0.2000933271909448,-0.24326532291899822,0.6709116876784095,0.3767132686640695
0.5,0.0,1.0,0.0,0.6,0.0,-0.04753631008506211,1.0381007905344808,0.9267478073549331,0.3327848977315763,0.10833704614246564
0.1,0.5,0.6,0.0,0.1,0.7,-0.39793537653182115,1.417184170238175,1.3304764223525631,2.8466175123618322,2.5755205362844205
0.1,0.7,0.4,0.4,0.4,0.4,0.6134731431168488,0.17180673277849823,0.2732858776501694,0.6765529629954101,0.3873028465083963
0.2,0.4,0.1,0.6,0.0,0.3,1.575997490653462,-0.8597740480842583,-0.6481039571258644,2.207635490561858,1.9465430443861385
0.7,0.6,0.3,0.4,0.5,0.0,0.7502191678344537,0.10487056215913913,0.08313828076868626,0.14329361364029916,-0.21011400906658761
0.8,0.6,0.5,0.7,0.8,0.8,-1.244523483470473,2.153187211513585,2.197725547464658,3.1409148855188795,2.9838652815836206
1.0,0.3,0.5,0.1,1.0,0.5,0.6364045964075945,0.23721993984117085,0.16367050691645965,1.0994695369309262,0.9779678812281243
0.2,0.0,1.0,0.7,0.9,0.3,-0.4595639878598398,1.598854472499765,1.3527511997407644,1.2370041869583441,0.8703327798937832
0.9,1.0,0.8,0.2,0.9,0.6,-1.0280185792058294,1.8163197538860953,1.8169961225093907,1.824451812596814,1.7954142142851348
0.2,0.0,0.0,0.1,0.6,0.3,1.7500992815902081,-0.6101280600928262,-0.8424599661429035,1.6189604453815392,1.4140860744535533
1.0,0.2,0.1,0.8,0.4,0.8,0.6256069631327275,0.3263607191626815,0.2232821155492822,2.174608813748168,2.0508609722990334
0.6,0.1,0.9,0.5,0.9,0.1,-0.7721264754694455,1.8961151349608425,1.6160454535656787,0.48393342611418966,0.5488717799791977
0.7,1.0,0.1,0.5,0.9,0.0,1.1014636907344615,-0.0635141629295091,-0.11005890505661185,1.6496590021358988,1.5081755535062624
0.5,0.8,0.7,0.1,0.8,1.0,-1.1645160061180335,2.123321489122025,2.0305213697259674,3.234388083968312,3.1226308800830442
0.7,0.1,0.8,0.1,0.0,0.9,-1.011548145596521,1.899788725886838,1.9467016834329063,2.844878293512188,2.586814027452094
0.5,0.8,0.9,0.4,0.7,0.6,-0.830525761736133,2.292958263464146,2.185673766973333,1.3899727536165694,1.3587535620432536
0.7,0.9,0.0,0.7,1.0,0.0,1.2723705959043512,-0.2219210877179745,-0.31519865639145683,1.5676809268943301,1.2116669655830532
0.3,0.0,0.4,0.9,0.6,0.2,0.9798461243583751,-0.038412236110390977,-0.216708675256513,0.9098340306126539,0.687532206364778
0.1,0.0,1.0,1.0,0.8,0.0,-0.5448566960765582,1.452757921272497,1.2651777650958964,1.1950023185921097,1.2498014566604685
0.4,1.0,0.2,0.9,1.0,0.0,0.8122719367457933,-0.08857376816333545,0.12129638687918143,0.8892747313044626,0.6709126822795853
0.6,0.7,0.3,0.3,1.0,0.9,-0.0369767589507307,1.0487677761917231,1.0040758312679754,1.1506401663638919,1.0418145782919073
0.1,0.5,0.6,0.4,0.1,0.9,-0.7723732061484685,1.6800895146537924,1.6502171386347764,3.9450324919379844,3.5769171620675486
0.3,0.5,0.2,0.5,0.1,0.9,0.7959812842380505,0.31664280090410724,0.3457590361309273,2.5177229549233284,2.533217535605891
0.7,0.9,1.0,0.1,0.4,0.5,-0.5546023059852097,1.6190115317952527,1.3510799475877435,0.6922827488086468,0.7348017662561422
0.1,1.0,0.7,0.0,0.3,0.5,-0.5920966369105598,1.4258589206372694,1.4242737108302617,2.027378589587642,1.7595692820021784
0.8,1.0,0.2,1.0,0.0,0.2,1.0468178625057134,-0.009208812500077518,-0.096929329668859,1.7952402504013696,1.7250113013215478
0.0,0.7,1.0,1.0,0.8,1.0,-2.1419856687340304,3.030727125575719,3.022212216460183,3.2599242900747454,3.1892587699597486
0.2,1.0,0.8,0.9,0.8,0.9,-1.9065279925849499,2.7777166617160542,2.664720846184961,3.5987209391143224,3.31267642224831
0.1,0.5,0.7,0.4,0.5,0.7,-1.097988883717733,2.117424380026447,2.0760683720463424,2.681392283760871,2.578783204152616
0.7,0.9,0.3,0.4,0.0,0.9,0.7778022922399973,0.29797769928987344,0.06198146515249613,2.5598311181786872,2.3091783240951163
0.2,0.7,0.6,1.0,0.1,0.8,-1.280336540949284,2.3927763902537076,2.1777024595825405,3.4144101052516156,3.458584390106201
0.5,0.3,0.4,0.2,0.2,0.8,0.8643876152902162,0.3266529580517262,0.2693823923095937,1.195217958856061,0.9123258500217784
1.0,0.7,0.8,0.7,0.6,0.7,-1.4738639115684584,2.3595078300798535,2.4007112566775235,2.225178812466166,2.0175572668558734
0.1,0.3,1.0,0.3,0.6,0.0,-0.1726309164220605,1.0844745892265866,0.9311631369477179,0.7190888892196474,0.2781434340810961
0.1,0.1,0.5,0.5,0.1,0.7,-0.3001138785049262,1.068998204593678,1.1315874049096148,3.0631989430130626,2.77410869996074
0.0,0.5,0.3,0.6,0.9,0.0,1.1385860764074525,-0.22219867164463153,-0.206728571536616,0.9340834179954269,0.7256911446966856
0.4,0.9,0.5,0.9,0.9,0.1,0.30447041439537187,0.6481834379701815,0.46001704757581935,1.9454737655045986,1.5194858659659178
0.6,0.3,0.9,0.0,0.5,0.6,-0.6271161048690542,1.7168067253769579,1.6077740159599838,0.2566244972895615,0.09252215399186597
0.3,0.2,0.5,0.5,0.6,0.6,-0.4203927459891668,1.3159440560656033,1.3840233206237693,2.3158095533552543,2.0551795642151984
0.9,0.8,0.2,0.0,0.3,0.7,1.1849794580747133,-0.3393503013008618,-0.36250476277370575,0.6908024284235983,0.5627470819651562
0.6,0.6,0.5,0.0,1.0,0.1,0.07409507330900332,0.9933771385919472,0.8877525877114045,0.9010319866194205,0.7791625698986637
0.2,0.4,0.4,0.7,1.0,1.0,0.11801906174327037,0.8637476639831699,0.5166990321262409,2.2051775780611056,1.9158544165413207
0.7,0.5,0.0,0.6,1.0,0.5,0.36670306732304225,0.6420211838567678,0.5742857851673616,2.1218496060580505,1.827871973844453
0.7,0.8,0.8,1.0,0.5,1.0,-1.789126183485359,2.5591438277439664,2.7011134019781173,2.694351660179932,2.53376846590823
1.0,0.7,0.0,0.1,0.1,0.3,1.593075208942486,-0.5503745193516418,-0.6957498226593761,1.6639344682395116,1.3816191478695794
1.0,0.8,0.4,0.5,0.9,0.7,0.4446181541793274,0.5878380744305371,0.310433416791822,1.4167007307449473,1.3169313588968394
0.0,0.8,0.6,0.0,0.3,0.7,-0.18039679990941226,1.1495624947179646,1.1610454571535969,2.13790712363259,2.190297070447427
0.0,0.2,0.3,0.3,0.7,0.8,0.49768399048561934,0.5774318448328897,0.4679516720087629,1.8586314302757252,1.8736580325681624
1.0,0.5,0.9,0.9,0.2,0.2,-0.4736952202493758,1.4110279429442836,1.23874729113957,0.9650313245268817,0.853286434329794
0.5,0.6,0.6,0.9,0.1,0.4,-0.8083507632522127,2.1769631989648706,1.9979601765042756,2.8412708384073415,2.629184258549778
0.0,0.1,0.3,1.0,0.0,0.1,1.2078056201446488,-0.09745581761334927,-0.08463703239490078,1.561116239573328,1.209602050877548
0.4,0.9,0.2,0.7,0.4,0.8,0.6436920724793617,0.33925041834841885,0.26664643515914616,1.7681298258308813,1.7170685125485652
0.6,0.9,0.3,0.3,0.2,0.0,1.9363305822443322,-0.8942873152784241,-0.8412008274272806,0.1326588441680027,-0.019951539953360534
0.6,0.8,0.1,0.1,0.5,0.6,0.812003054522016,0.11375091086560955,-0.12560226537392147,1.3387676669452806,1.1613867243851586
0.8,0.0,0.2,0.8,0.0,0.4,1.4495487939261966,-0.5361075275666868,-0.5039487541715946,1.6004053386416481,1.311375329711141
0.7,0.6,0.8,0.9,0.8,0.6,-1.8976135294855467,3.240780065641131,2.836491960726686,2.3542731891380595,1.9835767443290502
1.0,0.1,0.0,0.4,0.4,0.9,0.7329959787211203,0.4461209478078827,0.30948398487482887,2.747711377026098,2.4839334786525797
1.0,0.8,0.0,0.4,0.5,0.5,1.1271136927747991,-0.0712831775634476,-0.2899129848366994,1.7525167552885221,1.4731956049354398
0.7,0.1,0.3,0.5,0.5,0.0,1.1731369631981916,-0.03293974841312369,-0.22651476078321414,0.1072494442811386,-0.034232410227234514
0.3,0.7,0.0,0.5,0.0,0.9,0.2825039976518897,0.9796528998886072,0.6599407643727743,3.2938998189918216,3.2449072877547325
0.7,0.0,1.0,1.0,0.6,1.0,-1.5597904821416169,2.6475791759327225,2.3877250396902077,2.890934773605738,2.7151033507778974
0.0,0.4,0.9,0.7,1.0,0.8,-1.198558272865024,2.001439395157775,2.00018598437551,1.8401075620831766,1.5063105566516433
0.9,1.0,0.2,0.3,0.1,1.0,0.8713079812695317,0.19126669403836308,0.27543351622128276,3.1632461342782507,2.9092226900007296
0.9,0.9,0.3,0.1,0.5,0.6,1.2611931185062701,-0.34735270616810326,-0.3533804884132016,0.7629335153184916,0.508217702469157
0.4,0.6,0.6,0.1,0.4,0.8,-1.1089642149342562,2.1706529903715506,1.88404842105271,2.564702806011584,2.265292210001857
0.4,0.5,0.3,0.8,0.0,0.7,0.3466169586563138,0.5807042661788465,0.3422294917706364,2.1111539233455967,1.8609280999304454
0.9,0.3,0.2,0.5,0.8,0.7,1.0041061795999524,0.2518801045578414,-0.03835244024600197,1.5397254871168025,1.4873917424268588
0.2,0.6,0.8,1.0,0.7,0.9,-1.926727584408219,3.2613272689766966,2.924046881287705,3.380896899735192,3.225218102971572
0.4,0.6,0.9,0.8,0.7,1.0,-2.050717448813238,3.1340322440452235,3.0469507807008616,3.1740309160115925,2.824706549416413
0.7,0.4,0.5,0.2,0.2,0.7,0.37233309900428346,0.8087399309853568,0.6706267129334043,1.888469030579038,1.5958277110899877
0.0,0.7,0.2,0.7,0.0,0.1,1.0423693302707584,-0.25053979829474243,-0.22813859624108213,1.4948183096767358,1.2930618819072326
1.0,0.9,0.6,0.4,0.9,1.0,-0.34141993571909873,1.6214198304714906,1.1734892441342548,3.955673265596115,3.7768240811511995
0.9,0.8,0.7,0.6,0.9,0.7,-1.1752461422487757,1.9623703915875512,1.931770524731441,2.599397742594167,2.3114918929971076
0.2,0.6,1.0,0.1,0.2,1.0,-1.5548658364238215,2.290366441936608,2.32243205624456,2.6889620241118104,2.384844033658594
0.8,0.0,0.5,0.0,0.0,0.6,0.6177937256142894,0.42385161756061707,0.26531667935501907,1.9526430280617277,1.87650098676149
1.0,0.1,0.8,0.3,0.5,0.6,-0.6805196661057513,1.6689958975291814,1.6365609211826349,1.7389857455378908,1.4957007867374799
0.0,0.5,0.7,1.0,0.9,0.1,-0.9991763856513801,1.617693946544654,1.6151978523552526,2.301304954917611,2.0672682029523775
0.5,0.5,0.5,0.5,0.3,0.7,-0.2612536925882306,1.3761363168411396,1.0616203834542652,2.202015856960018,1.7900741281653896
0.2,1.0,0.0,0.0,0.2,0.6,1.1142535183747269,0.00678781692838714,-0.1318414344713457,2.327223910728912,2.0408266716137273
1.0,0.4,0.8,0.4,1.0,0.2,0.1791208773652998,0.7974683999544828,0.8194465320493713,0.7342291086659974,0.4350475867222203
0.5,1.0,0.0,0.3,0.8,0.7,0.2476802630282352,0.6948485798694881,0.5500525073105754,3.160627688671938,3.1022446426951853
0.2,0.8,1.0,0.0,0.4,0.2,-0.19176780081519787,1.106239515501538,0.8658670156668274,0.09276399117760771,-0.07570428266106892
0.4,0.3,0.6,1.0,0.5,0.4,-0.3461143642475918,1.3242306925669967,1.3105961108382025,1.9807841384152354,1.594217010470944
0.5,0.4,0.1,0.3,0.9,0.1,1.5143462460229502,-0.6499165241497746,-0.6696980348442054,1.0406950454020367,0.8200447456584548
0.2,0.4,0.7,1.0,0.0,0.3,-0.07204658730587016,1.2320489158664734,1.01735185170975,2.3868467790917487,2.26782659559869
0.0,0.0,0.2,0.4,0.7,0.3,1.5832759214851457,-0.4197245155982361,-0.8087668058489316,1.4923947157256672,1.2563584141474369
0.6,0.6,0.6,0.3,0.7,1.0,-1.530124555886845,2.678377628819198,2.594376245682757,3.987781401149137,3.9032903497626856
0.7,0.0,0.1,0.9,0.7,0.0,1.3514031828850066,-0.19509087239241646,-0.31057575870876925,1.6645773383495885,1.6680904371217689
0.7,0.1,0.9,0.0,0.4,0.3,-0.39943350250464416,1.2781867695964533,1.2663277841537879,0.10479279880829953,0.06051751660262161
0.5,0.9,0.9,0.7,0.0,0.1,-0.037146232351964514,1.2099110461747424,0.9985704825296976,1.4972565365722648,1.3625473493243334
1.0,0.3,0.5,0.4,0.6,0.9,0.13207683377369153,0.8146183136015371,0.8865972292309423,2.648738690702124,2.650739166039917
0.9,0.1,0.0,0.6,0.1,0.8,0.47223506473815213,0.5507856120141653,0.6123259844970494,3.4474289636806743,3.1529201778066227
0.7,0.0,0.4,0.1,0.4,0.2,1.3665605691160367,-0.42839009442868964,-0.6231317250036832,-0.12966273143387919,-0.18344710831717392
0.5,0.2,0.8,1.0,0.2,0.1,-0.8733278261082283,1.671446409221904,1.7621033850897558,1.1004759891312235,0.9719398044528589
0.6,1.0,0.5,0.6,0.0,0.4,0.09871369880841666,0.7619891987287871,0.63605707546255,2.7355732390446716,2.483740335065958
1.0,0.4,0.0,0.3,0.7,0.9,0.8554060909836817,0.19501672031383863,0.0494005672124382,2.997211546413138,2.9290197543537495
0.7,0.0,0.9,0.7,0.7,0.6,-1.0355345151398838,2.02752276379115,2.1233847050483194,1.8774416733014563,1.5895877268916543
0.2,0.6,0.0,0.7,0.4,0.2,0.6258718160459534,0.43990951538395373,0.26879856197258317,1.6414233968490886,1.3787311910112767
0.0,0.9,0.8,1.0,0.7,0.3,-0.7732482899665929,1.5433210326148195,1.5913524726651491,2.256279605792446,2.1049307862176687
0.5,0.5,0.8,0.9,0.5,0.1,-0.8293024200183082,1.9309215320113526,1.577992454278982,1.2148359003710447,1.0735975936102689
0.6,0.1,0.3,0.1,0.4,0.1,1.4290771645383602,-0.3335112402153072,-0.4897514804638698,-0.3400468027049928,-0.6010800871885285
0.7,0.8,0.3,1.0,0.8,0.3,0.64652008597899,0.30196536519399086,0.3623885793690038,0.8782096544871485,0.8005696226063458
0.9,0.1,0.6,0.7,0.8,0.7,-1.1222746771898207,2.224822514475037,2.0026957626832145,3.2794313916023325,3.2596305280971825
0.1,0.0,0.6,0.2,0.0,0.3,0.7525173823224064,0.3493992137763791,0.1953101837745831,2.5217834262750416,2.1956818200627755
0.6,0.5,0.6,1.0,1.0,1.0,-1.68654539098721,2.6700437903973375,2.5294352391762924,3.664262658742584,3.4620581002863577
0.5,0.7,0.0,1.0,0.0,0.0,0.7122648363252513,0.2689886861341014,0.25401069774737145,2.092112188004261,1.9366030377411767
1.0,0.0,0.0,0.3,0.0,0.2,2.307107470499061,-0.9712379441809939,-1.2724517007868053,2.008933636399702,1.8216794784356154
0.6,1.0,0.8,0.7,0.7,0.5,-1.1225032000682729,2.260583666237123,2.289865551674096,2.413318491041854,2.309970578958537
0.3,0.9,0.5,1.0,1.0,0.7,-0.47192900298811036,1.5118319382106422,1.505124205229087,2.546872278744381,2.2488740011796264
0.4,1.0,0.6,0.4,0.4,0.7,-0.5882406068687891,1.8452375463257282,1.6072005795519506,2.7441743987614844,2.5501504004848203
0.0,0.0,0.2,0.7,0.5,0.2,1.7693801543791774,-0.6955323317566234,-0.690817853759385,0.8151912167838624,0.8788566309414284
0.8,0.0,1.0,0.9,0.8,0.2,-0.4638672697151611,1.642792898539959,1.5677168436656896,1.464641652152559,1.2164641336251152
0.2,0.5,0.8,0.5,0.8,0.1,-0.5563738862894901,1.6087334846343702,1.601290104515732,1.4968129892260658,1.3915428076270713
0.6,0.5,0.2,0.0,0.5,0.4,1.3089163938518271,-0.383754000747087,-0.32908716207931665,0.5658315572633261,0.3249898821984856
0.9,1.0,0.7,0.5,0.8,0.6,-0.9910771206419787,1.900275923449827,2.0724124712854213,3.2743687509303494,2.7643444428785515
1.0,0.2,0.3,0.8,0.2,0.2,1.356733450821105,-0.5869969837549562,-0.6096182156815877,0.5783812550782017,0.35260589534957293
0.6,0.6,0.3,0.2,0.3,0.2,1.0805028873765332,0.191627755827694,-0.09004153548007138,0.017140530985077465,-0.1441719213221675
0.2,0.6,0.7,0.5,0.8,0.8,-1.5960436988601203,2.8562520826241315,2.7033778974674325,3.430686067406044,3.103727092333318
0.3,0.8,0.3,0.1,0.5,0.9,0.8932013179377957,0.327057509815612,0.16490491076844913,0.9762795079222545,1.0085687410108808
0.5,0.1,0.4,0.5,0.4,0.9,0.012396714605197527,1.1458858223350288,0.852285001551917,1.8484569195577987,1.5980046272030501
1.0,0.9,0.3,1.0,0.7,0.6,0.8387866616570302,0.38877569973628195,0.1881613253856098,1.8055659841062655,1.6770103466561566
0.8,0.2,0.4,0.8,1.0,0.8,-0.38577915609645064,1.3474088695393527,1.277166365127283,1.7740991807424582,1.3799532252288012
0.7,0.2,0.5,0.3,0.1,0.2,0.7287839104432144,0.26352345017926854,0.30424978645861406,1.620685977892298,1.3820341948995407
1.0,0.4,0.6,1.0,0.5,0.4,-0.018072543440997388,0.9480662826829822,0.6514444927958114,2.1065543991656464,1.618109745016369
0.2,0.4,0.2,0.9,0.9,0.1,1.2629195930678863,-0.33915802818823043,-0.4203565452792969,0.7487952320366347,0.6477699520167786
0.1,0.6,0.3,0.7,0.7,0.4,0.25169136828512295,0.7611699530744667,0.4709941484013278,1.496174890307678,1.3364189529027923
0.7,0.4,1.0,0.5,0.7,0.7,-0.9230287945681177,2.0324685899253407,2.042288108190098,1.867413963755861,1.827127199175922
0.1,0.9,0.9,1.0,0.9,0.7,-1.3981546547858934,2.5637140589948446,2.4113408618058725,2.2531348241290114,1.813644274106738
0.4,0.3,0.1,1.0,1.0,0.8,0.37092716369298817,0.8042229376641253,0.33439028869030113,2.1867642324095247,1.7831710435503951
0.8,0.7,0.0,0.0,0.4,0.3,1.0838372261555795,-0.052046932411079286,-0.21564591382864604,0.8617948297169004,0.694822849693144
0.7,0.3,0.9,0.3,0.2,0.3,-0.058093394505020254,1.1505239486760621,1.0624553331314053,0.2882998377883639,0.22632679276130668
0.0,0.4,0.8,0.1,0.4,1.0,-0.6488762362916307,1.7322565892398127,1.3905204437480794,2.228952695268052,1.9443417678590138
0.9,1.0,1.0,0.1,0.7,0.7,-1.2868095074168315,2.0649661554805028,2.0592014259292917,2.493980489641293,2.0445557052400893
0.2,0.3,0.6,0.8,0.1,0.0,0.2824587512794393,0.6267836732825951,0.45856718983634115,1.9067009711509613,1.925386532532614
0.8,0.1,0.9,1.0,1.0,0.6,-1.70025740648029,2.6530473221396393,2.683865934128253,1.3666009146524651,1.0854597707378912
0.5,1.0,1.0,1.0,0.6,0.8,-1.819289874498839,3.103317652166731,2.771363366821838,2.832641523244005,2.616076359995592
0.0,0.8,0.2,1.0,0.5,0.8,0.42790013463618604,0.567433300559935,0.40046801161139045,1.995297649063442,1.832918725824214
0.0,0.0,0.2,0.0,0.5,0.7,1.187426897065038,-0.210117602038725,-0.201181968081377,1.1331088411426102,0.9633086728048803
0.4,0.7,0.0,0.2,0.2,0.8,0.24020326616856086,0.5636727775102526,0.7273431497008367,2.351231414070867,1.9508341675768408
1.0,0.0,0.6,1.0,1.0,0.3,0.16760133620724071,1.0528713084037564,0.7477716965955519,1.8633939531241395,1.5320942939226159
0.6,0.2,0.5,0.1,0.0,0.6,0.06618389341399003,0.8932950278865206,0.7362279248243735,2.203473235239618,1.9662544787304403
0.2,0.9,0.0,0.6,0.7,0.9,0.24064434494611264,0.5038901991029077,0.31881321881461777,3.8932478039706533,3.7684315000761464
0.1,1.0,0.2,0.9,0.9,1.0,-0.10469374744915866,0.9001964478236726,0.9141422468557325,3.2859533425337446,3.1524815313567687
0.6,0.4,0.9,0.6,1.0,0.1,-0.2946130165243485,1.4034111630955173,1.4473339270970866,0.2599158222887631,-0.0021800518453011786
0.7,0.3,0.0,0.3,0.3,0.9,0.9798220795116742,0.27902454910089136,0.22146046952051837,2.342922023529643,2.0579739692672323
0.4,0.4,0.8,0.3,0.9,0.0,-0.11044890214981613,1.0281382468777651,0.948196794928019,0.6336830212221607,0.36025222010352453
0.0,0.7,0.8,0.0,0.4,0.6,-0.9135292439100535,1.9031985581114834,1.929411777657875,1.0803396623504409,0.9019519915022207
0.8,0.4,0.3,1.0,0.9,0.2,1.163519392721705,-0.1036687217156863,0.005362450719872569,0.3569292955565583,0.22960771711186578
0.5,0.8,0.4,1.0,0.2,1.0,-0.0855921511774904,1.0191133170203264,0.9245254144355431,2.3556285113146607,2.2601210895218307
0.8,0.7,0.6,0.5,0.4,0.0,-0.2810941625717585,1.27415037995969,1.1305319363931767,1.2329624401824166,0.9769916081472214
0.9,0.6,0.7,0.9,0.0,0.1,-0.518663637595685,1.722850391714331,1.5019305167819066,2.6687209913375463,2.2199580646492842
0.8,0.4,0.2,0.9,0.4,0.8,0.6825910829337509,0.569849584368507,0.2706727956770794,1.2196508359176188,1.2680040857932533
0.2,0.6,0.6,0.9,0.9,0.5,-1.2499845309734785,2.467915800245719,2.1411811472739952,2.756039488713667,2.5655947908455334
1.0,0.1,0.8,0.3,0.2,1.0,-0.8299491260550187,1.9639149667552058,1.9047204367616433,2.887174200310024,2.487968839891756
0.0,0.9,0.8,0.7,0.1,0.8,-0.9920840015976402,1.6906929304782796,1.5353174267547742,3.1938805349099058,2.894445333090172
0.9,0.9,1.0,1.0,0.8,0.8,-1.4675485989337596,2.5130582918366375,2.294046371530855,2.5905048179841446,2.6694408166935952
0.7,0.7,0.6,0.6,0.7,0.3,-0.6359486634478555,1.7272391154107543,1.8140291388283418,2.4155211448681158,2.1592059001474353
1.0,0.8,0.5,0.5,0.7,0.3,0.6587156360433479,0.37272196222213705,0.09118620731057478,1.8068381624897665,1.7735508158001145
0.4,0.0,0.5,0.3,0.7,0.7,-0.09935869866381311,1.0674384761495144,0.8703837020706418,2.557547744616055,2.3794666092425567
0.5,0.2,0.8,0.9,0.3,0.6,-1.4449250694109974,2.3407683558567385,2.0461620331497516,1.3073022808215256,1.2041795852355606
0.2,0.3,0.6,0.5,0.5,0.3,0.1694759571546144,0.722181092812293,0.8371513720674875,1.7411511024762656,1.5365192612238066
1.0,0.8,0.8,0.7,0.2,0.5,-0.20353001145862257,1.564839505834331,1.327604594445082,1.3717209708700868,1.1736508150001765
1.0,0.2,1.0,0.0,1.0,1.0,-0.9820959704007413,1.8916399254437044,1.828623476196163,1.7849684633351068,1.7866839561767398
0.2,0.6,0.7,1.0,0.9,0.7,-2.0087066155437445,2.9741180007775383,2.847270007962028,2.817345366188959,2.899857919673589
0.1,0.6,0.9,0.0,0.4,0.0,-0.42726124030264867,1.3477811516289742,1.3810298303132127,0.04208770060481115,-0.2890052247165268
0.0,0.7,1.0,0.4,0.5,0.6,-1.362653850656834,2.176987828951264,2.3068168339570922,1.4893608903663578,1.5609669544338762
0.0,0.2,0.3,0.5,0.1,0.3,1.4657115070727182,-0.3929337349492498,-0.4492701985841213,1.1391803215472824,0.9835564915616702
0.0,1.0,0.5,0.2,0.4,1.0,-0.10406490509986706,1.1041706502953053,1.1068886951627765,3.4190334835081297,3.0211426799124688
0.3,0.1,0.2,0.7,0.7,1.0,0.26038722516646895,0.8185461174958288,0.8133384833046671,3.058491999798891,2.752083923378704
0.1,0.3,0.9,0.5,0.0,0.6,-0.5232696158318271,1.6265717737340166,1.6426822215566788,1.6247960914472515,1.3366607193961175
0.3,0.6,0.7,0.9,1.0,0.0,-1.1931225798911305,2.022904731773322,1.9877666567498675,1.5994097127126754,1.5120250434529474
0.1,0.4,0.5,0.4,0.7,0.6,0.17354816436668957,0.8997146146065499,1.021467488570971,2.3046115747141593,1.9756795400560605
0.7,0.2,0.4,0.0,0.2,0.7,0.589133036306381,0.6770881813869654,0.33126400096164066,1.1600682009051968,0.8196512929535009
0.5,0.8,0.8,1.0,0.5,0.2,-0.9351728402630197,1.6740446886691045,1.5807556659460116,0.8440457201066013,0.7655144848517696
0.9,0.6,0.4,0.0,0.2,0.7,0.2559427850366469,0.7573356647498453,0.3963509521147256,1.3756698983721274,1.1151703994913904
0.4,0.8,0.5,1.0,1.0,0.8,-0.7363906161034116,1.718067390836402,1.7240450694329073,2.2609251356917572,2.1147436747902737
0.7,0.4,0.5,0.7,0.4,0.4,0.3411070045558526,0.5713073065137002,0.4534897655466439,1.3156184711746144,0.9670691789601809
0.5,0.7,0.1,1.0,0.4,0.9,-0.1125183829614664,1.1487981094705693,1.1889043047147823,2.4433847191235354,2.150371329812515
0.8,0.8,0.6,0.6,0.5,0.5,-0.5607100161718214,1.4297947249463725,1.4174106607940615,2.058259372209083,1.8729567773181979
1.0,0.6,0.1,0.5,0.4,0.3,1.0941505424783673,-0.18345036114375285,-0.266638476638559,1.2270788910275765,1.118231748059206
0.0,0.9,0.5,0.9,0.3,0.7,-0.2716643631655752,1.0846368383934157,1.1416838441011277,2.5834164851168255,2.398751393358379
0.7,0.3,0.3,0.0,0.5,0.4,1.616928077134611,-0.6186039052801358,-0.7321456483526985,-0.2264299251181915,-0.5237452651639868
0.1,0.6,0.4,0.7,0.3,0.9,-0.5080667619359042,1.209199506070762,1.1842073103936486,2.2022491345893194,1.9659705097655482
0.4,0.6,0.5,0.0,0.8,0.0,0.2496375347789118,0.6960341411556332,0.7856538362196126,1.3148993253325072,1.1524131242641653
0.6,0.5,0.1,0.8,0.9,0.4,0.6442705602921105,0.4000587983277281,0.3604117721872883,1.9857618729348838,1.854755083661998
0.3,1.0,1.0,0.2,0.2,0.8,-1.0032708880342767,1.8891656920209552,1.91929787006284,2.1919702662446525,2.206907914866287
0.0,0.0,0.4,0.8,0.5,0.8,0.20932727146789387,0.6438392414661166,0.5119707361395582,2.011822887697142,1.6588245440533553
0.6,0.4,0.1,1.0,0.1,0.1,1.455583657358483,-0.4908252547562397,-0.38850462959909043,1.6907788415188776,1.4752176345474677
0.9,0.7,0.7,0.4,0.2,0.2,-0.2536382128684811,1.2306252958112929,1.252317650931477,1.4333339037372352,1.4226800747983808
0.4,0.3,0.7,0.5,0.0,0.9,-0.936859763354434,1.6936065022178886,1.5979350240933792,3.468701398680742,3.245108729114726
0.6,0.3,0.6,0.5,0.8,0.5,-0.6004877510451394,1.5958446556985726,1.3207480423419158,2.5137546563871123,2.011025378240582
0.7,0.6,1.0,1.0,0.7,0.6,-2.3186069904944313,3.202638972688591,3.065459850347484,2.162480972127948,2.1394750129449718
1.0,0.0,1.0,0.7,0.7,0.9,-1.002574660355094,1.9707316396383134,1.9471712850936556,2.803223752801579,2.630200126963543
0.4,1.0,0.7,0.0,0.2,0.4,-0.02258070327039899,0.9818174022957838,1.0501881927466208,2.051738528608128,1.6145273741411263
1.0,0.9,0.8,0.3,0.7,0.3,-0.015367653328867414,0.9864887912019245,0.7357652681391255,1.5314076655250652,1.5772922042293847
0.2,0.8,1.0,0.5,0.6,0.0,-0.489636316982033,1.3400815692704409,1.2439730612383872,0.8112680637810084,0.6617795486258534
0.2,0.6,0.4,0.3,0.9,0.6,-0.12162261999088934,1.0677181547771275,1.015450953738882,1.3901426787163107,1.4034379525432275
0.4,0.4,0.7,0.4,0.3,0.6,-0.5133728762450878,1.4911104999046696,1.4201301226344238,1.8343648412604743,1.621958859014532
0.7,0.7,0.0,1.0,0.4,0.2,0.4449334208193657,0.5773609796502864,0.29759968338732,1.3569952941494678,1.1273046663659245
0.2,0.4,0.1,0.3,0.3,0.0,2.0682893787812375,-1.108880414115633,-1.1454613398672069,0.605011808044373,0.30701555029196276
0.1,0.5,1.0,0.3,0.4,0.3,-0.4059878206897599,1.365920936163992,1.499161789494206,0.8438649215108027,0.8181160718826844
0.8,0.2,0.6,0.9,0.2,0.8,-1.0479215196062641,2.238277110280837,1.7313322890317622,3.1422009483443083,3.1933860926176587
0.7,0.6,0.6,0.3,0.0,0.3,-0.2991332825276489,1.5304932897596768,1.4477284263836812,2.730746633465558,2.349797542731942
0.4,0.0,0.5,0.9,0.3,0.3,0.38302538857538554,0.5082512260405646,0.3715430251345205,1.44259902833327,1.253942475480288
0.0,0.3,0.0,0.1,0.7,0.5,1.3429099319558373,-0.16548190597732887,-0.3617521726140958,2.185647830680834,2.1006473673056667
0.8,0.5,0.9,0.8,0.1,0.8,-1.4672721247014224,2.4809673278365487,2.347574218346872,2.5014734907567937,2.258076283808137
0.7,1.0,0.9,0.1,1.0,1.0,-1.4620736826858152,2.4340024507946003,2.2776074985106707,2.134380690260468,2.017609046482446
0.1,0.2,0.8,0.1,0.7,0.7,-0.953650721371264,2.2905301704336534,2.001831381815774,2.070957761224525,1.9545771813005843
0.4,0.0,0.3,0.0,0.0,0.2,2.128908610670675,-0.9681446464451728,-1.202412540723572,0.604036222449672,0.26050313982602347
0.3,0.7,0.4,0.6,0.3,0.7,0.07795670932885537,0.9977214204492314,0.9430808638623862,1.071591122811721,1.0074489002216247
1.0,0.9,0.1,0.6,0.6,0.4,1.506062152131133,-0.5203241718830186,-0.4991463117175417,2.1320300751045993,2.155987710313317
0.5,0.1,0.0,0.9,1.0,0.8,-0.3395986187754777,0.9677775037201968,1.215631304879786,2.834469797588273,2.46990970450573
0.1,0.1,0.4,0.3,0.5,0.2,0.9584496026051084,-0.07448389753539367,-0.10539759515977187,1.0179268834720818,0.6076501740891121
0.9,0.0,0.9,0.3,0.4,0.8,-0.7699602817715672,1.6159366987320325,1.5732027482893216,1.1817946376129655,0.9006133734962671
0.9,0.3,0.0,0.8,0.2,0.3,1.4718901521421088,-0.4846100905054419,-0.6567282698635908,1.645783778636844,1.476650680229234
0.5,0.2,0.3,0.7,0.5,0.8,-0.14262979718912544,0.8181836261902508,0.7463766150363919,1.195585378291648,1.1032804084390455
0.9,0.8,0.5,0.2,0.4,1.0,0.0756825981730064,1.0049620173616733,0.8180629233576812,2.3878746967460116,2.338584562918963
0.5,1.0,0.2,0.2,0.7,0.4,0.9160367082109077,-0.13131150391087998,-0.06577135599747058,1.5229541495715302,1.3313105368933036
0.4,0.2,1.0,1.0,1.0,0.2,-1.1779635959462933,2.0666389701572365,1.7735034482729286,0.7853085565697019,0.516127626634835
0.2,0.5,0.1,0.6,0.8,0.0,1.0694460028105588,-0.13669305042420682,-0.24787249733531927,1.7388556063949485,1.556439541539194
0.9,0.3,0.8,0.1,0.3,0.4,0.27344033201763773,0.7835732974034765,0.6743791205513348,0.36735510734231497,0.21782074010835287
0.6,0.8,0.5,0.1,1.0,0.1,0.7110984722174828,0.556132573844012,0.41539116677234816,0.6381596425247862,0.5915530130244834
0.6,0.5,0.2,0.4,0.7,0.5,0.6741335105940681,0.2612168437135302,0.20722823065168824,1.5564570677965603,1.4949347964810422
0.1,0.0,0.7,0.2,0.4,1.0,-0.7399650390841362,1.7438349718250559,1.5902117930017234,2.8178523527970465,2.6993033391559824
0.2,0.3,0.2,0.5,0.2,0.5,1.4399910737670178,-0.22816616274346216,-0.5658154417087982,0.9694594320799085,0.6425614877211729
0.1,0.6,0.8,0.7,0.8,0.0,-0.9917399594170179,1.913704051631124,1.9548680015326658,1.6206955071521703,1.5405033893765658
0.7,0.2,0.7,0.0,0.6,0.5,-0.5197839609168531,1.7752257488640772,1.6470504714559135,1.8182662747499858,1.519002523296931
0.1,0.6,0.7,0.3,0.1,0.8,-1.3854684337916259,2.1790289853561364,2.2853174490292165,3.366994207854267,3.169362488437709
0.0,0.1,1.0,0.7,0.5,0.3,-0.8967981153855294,1.761493822550566,1.6988490109052667,1.6629545170524556,1.268478191580044
0.8,0.3,0.4,0.8,0.5,0.5,0.6030382630723696,0.32764310785270767,0.4931389897667653,0.8010633486506085,0.6171248565759023
0.9,0.4,0.9,0.7,0.2,0.6,-0.6185796701824905,1.588364125494124,1.304399049888274,1.1872591422745964,1.2126901212819985
0.0,0.8,0.3,0.3,0.0,0.7,1.1647398824668758,0.04076519825274111,-0.11307714893791992,1.8875739186259604,1.5692439631232649
0.5,0.6,0.2,0.5,0.8,0.0,0.6543123382378876,0.27469398437227344,0.1550115649388099,1.21539095146725,0.8408270145654242
0.5,0.8,0.0,0.9,0.0,0.4,0.9864184693365067,-0.10726687429222809,-0.0024904914100832218,2.4938327986303626,2.307470552301008
0.3,0.1,0.2,0.9,0.9,0.1,0.8158305500544425,0.1119322690961648,-0.03440189289964921,1.1453329025337988,0.7186032776911606
1.0,0.8,0.1,0.5,0.4,1.0,0.8074497284937101,-0.10759513471666676,0.10039059119167947,2.415715060579799,2.5738166342842645
0.8,0.0,0.3,0.7,0.4,0.0,1.622218836505289,-0.5986065370075376,-0.5301101235951061,-0.209773571196225,-0.4598138568081474
0.4,0.0,0.4,0.5,1.0,1.0,0.3319045696405003,0.7186394620050862,0.7342165752735982,1.8856491103966637,1.7010387603360515
0.1,0.8,0.7,0.0,0.1,0.7,-0.29802967788385337,1.4377369463358076,1.0771504412493065,2.496271861771736,2.3165970843740125
0.5,1.0,1.0,1.0,0.3,0.6,-1.3655537530467843,2.6085690534493207,2.52952023167992,1.8719088743815626,1.6181408647205908
0.9,0.6,0.3,0.1,0.0,0.7,0.5657149752122351,0.5607159600117189,0.418007736416509,1.403306193495215,1.3457910642037838
0.1,0.3,0.9,0.0,0.9,0.1,0.217086800302292,0.9069414234398806,0.774080401680222,0.2171407095829386,-0.07319000391952518
0.6,0.3,0.0,0.0,0.0,0.0,1.9234028888486319,-0.9951832871914259,-1.143787674199635,1.2231898776674304,0.9600464658503849
0.9,1.0,0.0,0.7,0.3,0.0,1.3802805263453124,-0.5018612667824522,-0.3533563611695185,1.6893967405491856,1.467461981170927
0.5,0.4,0.6,0.8,0.4,0.5,-0.4628324885203488,1.3318253945515175,1.2731618518782033,1.7512993619273383,1.613915800125108
0.9,0.3,0.8,0.2,0.1,0.7,-0.6315224746550968,1.3341308191135275,1.2207294566704574,1.7538422676453806,1.4579561851262093
0.3,0.9,0.9,0.3,0.6,0.2,-0.0623438073630755,1.150618327128393,1.0598113577139272,0.9596653011562853,0.6728477965331628
0.0,0.1,0.9,0.0,0.6,0.6,-0.8663068906438519,1.620173114911089,1.7836873677662448,1.437800413685288,1.4285516779435339
0.7,1.0,0.4,0.7,0.9,0.3,0.4582676015424469,0.6390072105025787,0.4432797890808189,1.5550848140747189,1.167404162270952
0.0,1.0,1.0,0.8,0.6,0.8,-1.6561802161057102,2.6024202208269442,2.717379936761658,3.0898746156728394,2.767634088069778
0.2,0.0,0.7,0.2,0.3,0.0,0.26847381981775753,0.5856290828366779,0.470767151630731,0.9550667142369684,0.8316649216471564
0.9,0.9,0.3,1.0,0.0,0.1,1.6160460903173037,-0.7046072604795305,-0.7344263754632818,1.2067148132240522,1.1097924931509882
0.1,0.3,0.5,0.1,1.0,0.0,1.1726798653154313,0.04454087121873769,-0.08294974485906562,0.6077157180098915,0.3600171836260393
0.6,0.7,0.7,0.4,0.0,0.9,-1.3530753329174672,2.551442815756635,2.2038645467098315,3.27129204846337,3.1936403308463603
0.6,0.5,1.0,0.4,0.7,0.9,-1.6806234208802555,2.8021583186591768,2.6113824329288615,2.7895852429519303,2.6755107690671185
0.6,0.1,0.0,0.0,0.5,0.0,1.3743692840525668,-0.4817215755691009,-0.4534695198422009,1.0529109192005832,0.8704060480452718
0.7,0.0,0.2,1.0,0.3,0.4,0.9687976665798924,0.009489015837048725,-0.24915386438174095,0.817128686814156,0.4903723787339308
0.5,0.6,0.7,0.4,0.6,0.8,-1.6089177232003675,2.647475061998522,2.655983900658224,3.138141328422872,2.959448498029679
1.0,0.7,0.0,0.8,0.5,0.8,0.22169720770883955,0.833020036454854,0.9304104271551562,2.59078046189295,2.5011699834302648
0.6,0.5,0.2,0.7,0.9,0.0,0.9746448132951,0.09462881409584833,0.12637393528923976,0.7398901763062178,0.6756808329060974
1.0,0.7,0.0,0.6,0.0,0.4,0.9859880957190912,-0.09488378290657955,-0.12742138009383103,2.3945066850268395,2.1461228719773704
0.9,1.0,0.7,0.4,0.4,0.2,-0.2245175138353649,1.2477018007369893,0.9995647178674576,1.788464143096108,1.4951741638370568
0.1,0.4,0.5,0.6,0.2,0.1,1.0798775669610938,-0.10774795968146153,-0.10014422046956264,1.3872254842815295,0.9607549218350773
0.9,0.7,0.1,0.3,0.7,0.9,0.16915206361035243,0.7041322672556355,0.5833589446904707,2.71775890944446,2.518259879430518
0.4,0.5,1.0,0.3,0.7,1.0,-1.4711791098243805,2.5008435910285804,2.373430721768748,3.047383119476509,2.9097444575575975
0.8,0.2,1.0,0.4,0.3,0.5,-0.8932342622420695,1.7322225185437086,1.7371128723292324,0.9606616307674728,0.6685382071746151
1.0,0.4,0.0,0.7,0.1,0.2,2.0275822619795125,-0.9160821087804538,-1.1092047097986468,2.077709763140009,2.110634856698887
0.8,1.0,0.6,0.3,0.2,0.5,-0.3865018234251293,1.2899680002310603,1.31343206258193,2.6200970787701547,2.40345207983724
0.5,0.7,0.6,0.1,0.9,0.8,-1.3014732673132818,2.288167127124471,2.1912228269453586,2.557951997980881,2.447983034770725
0.7,0.8,0.8,0.5,0.6,0.8,-1.275412166546418,2.193789805573725,2.080199114497753,2.2872770001822413,1.8749990723365597
0.3,0.8,0.9,0.2,0.2,0.2,0.04946762069024453,0.8547580607437932,1.0301996322414018,0.3050360876155546,0.22170112551089433
0.6,0.5,0.7,0.8,0.3,0.8,-1.5476499080297408,2.462648855313504,2.6773833327964733,2.664738659455181,2.5173207542172547
0.4,0.5,0.3,0.1,1.0,0.2,1.3492503301433658,-0.26939642851555706,-0.3218006906789946,-0.11566928135459184,-0.2935515495960806
0.7,0.5,0.0,0.6,0.3,0.7,0.2517967747900384,0.6711197952970079,0.2932675478183692,2.5971514027118894,2.4228990509520876
0.5,0.6,0.9,0.6,0.5,0.6,-1.6797374192254693,2.875851269835981,2.6223783721010108,1.5038296595515734,1.26414474289861
0.0,0.7,0.7,0.5,0.1,0.5,-0.9204697568593039,1.8999957924960353,1.806258900712541,2.8295372565877406,2.4390951046529357
0.6,0.9,0.2,0.5,0.6,0.1,1.4269866191512117,-0.554246658511717,-0.6567634499433428,0.938372837064482,0.969781959834009
0.7,0.0,0.8,0.0,0.2,0.1,0.21553736047999972,0.7372152360781404,0.6053434278865015,0.6523878588464526,0.23581735184499406
0.3,0.4,0.7,0.4,0.9,0.2,-0.025688888723261097,1.1222582324190682,0.9379958900348669,1.4787937242085174,1.4142322212860745
0.4,0.6,0.0,0.7,0.1,0.2,0.8299013481884447,0.35755577569466157,0.04774269236342249,2.29341770743684,2.0325540797586767
0.8,0.9,1.0,0.8,0.8,0.1,-0.44972500640323415,1.5157499880153142,1.4982033939137955,1.3086145372795013,1.3558446231240098
0.4,0.7,0.7,0.2,0.9,0.4,-0.864036498964349,1.787049060415718,1.7180559531918962,1.5682890667517622,1.4476820089316929
0.5,0.7,0.8,0.3,0.2,1.0,-1.4476847920762352,2.436308244359438,2.4787412371663824,2.611021429253139,2.343714545208462
0.3,1.0,0.2,0.6,0.0,0.1,1.369537919661008,-0.41154163485940226,-0.6473963052256566,1.7655454150185017,1.5209467528521128
0.7,0.9,0.2,0.3,0.5,0.3,1.5109474528703013,-0.4654155530303534,-0.5241986754685668,0.6370813910100002,0.5736264091921058
0.5,0.4,0.6,0.0,0.7,0.6,-0.1200610784184088,1.0989136481001758,0.9284721151266819,2.321097390518063,2.066885317395558
0.1,0.5,0.8,0.7,1.0,0.1,-0.7394250170324713,1.4467532886037864,1.6041637828885735,0.9693343566208685,0.9770511467656452
0.8,0.5,0.8,0.9,0.7,0.6,-1.5215898060918869,2.3922574469828732,2.380648803057818,2.476980817015709,2.3297834709440197
0.2,0.9,0.0,0.0,1.0,0.2,1.4952520053149159,-0.8229922320761487,-0.7276835266920932,1.4157871687785444,1.195675807066587
1.0,0.8,0.7,0.6,0.2,0.3,0.08184706674903139,0.8761323603891705,0.7726265152785616,1.7424612439168534,1.5965734843501167
1.0,1.0,0.0,0.1,0.3,0.2,1.6819285632486773,-0.7014402111347977,-1.0778296790677049,1.5926735031217578,1.2949853398682143
0.5,0.7,0.4,0.5,0.7,0.5,-0.04792703029281144,1.10038546798162,0.8525450857543212,1.4834829452704341,1.2584735972476817
0.1,0.0,0.4,0.1,0.4,0.7,0.9461546478043302,0.19317228160142982,0.011832972752184034,0.8166800130986434,0.6433453047783882
0.0,0.8,0.0,0.3,1.0,0.0,1.5644072789899774,-0.5414125703534451,-0.4713124362544938,1.0991137824348318,1.1292458437101358
0.3,0.6,0.0,0.3,0.6,0.8,0.036168419543577704,1.2173824459672105,0.9751204177488427,2.940283667734068,2.589631735769932
1.0,0.1,0.3,0.2,0.8,0.8,0.6436588153692947,0.2777531685448207,0.21064719746672622,1.7983728060783088,1.5480743305160507
0.5,0.7,0.1,0.8,0.6,0.9,-0.2396213226763161,1.2744574116743912,1.1390189507693453,2.976421526585428,2.589121265205189
0.3,0.0,0.0,0.1,0.8,0.4,1.2822539388205043,-0.37569900316451427,-0.27188914628788846,2.0260610975871938,1.6695422888630256
0.1,0.3,0.1,0.4,0.1,0.7,1.0279296262618651,-0.07203279305688644,-0.26745182619157815,2.4016195146873947,2.270459465590977
1.0,0.0,0.4,0.7,0.3,0.7,0.7813939234014641,0.22658933424739375,0.026768582907379518,1.3834876090338404,0.9795972315992498
0.4,0.0,0.2,0.6,0.8,0.6,0.8358727613995505,0.32323937468805963,0.30731459032046343,1.5431328971669533,1.4924718953611136
0.7,0.1,0.3,0.1,0.0,0.9,0.591175616433841,0.29233013700158683,0.1885011572968911,1.9828253304947159,1.7527105457171588
0.3,0.0,0.0,0.9,0.8,1.0,0.15307353592615705,0.7087947703841242,0.8489127424817555,3.8198203547603358,3.5358547392172897
0.2,0.6,0.7,0.3,0.9,0.8,-1.5119386442763896,2.696109510112868,2.7871691705073696,3.0207455927418922,2.6930120470773398
0.3,0.4,1.0,0.4,0.8,0.3,-0.45098842123488214,1.2026813438239652,1.3684788993921142,1.1321241347069182,1.0130527967900653
0.3,0.0,0.4,0.3,0.4,0.0,1.4833055708914087,-0.49775881279644385,-0.7063912905849163,0.14311598761229682,-0.1765291612924419
0.8,0.4,0.8,0.7,0.4,0.2,-0.006988919681350347,1.1496054819512718,0.93305959084627,0.5245631672307198,0.291509108257404
0.4,0.8,0.8,0.7,0.3,0.7,-1.344535394380984,2.3534015000089226,1.940401019099274,1.6056737828527636,1.2903067753690804
1.0,0.4,0.4,0.5,0.2,0.3,1.8384876270326524,-0.5518138967996813,-0.9200110610905963,0.7955573779705525,0.5730796622076759
0.0,0.0,0.5,0.0,0.6,0.7,0.06364065119725468,0.6200982208203929,0.4487641462918387,2.134926430674459,2.135639019993753
0.6,0.4,0.5,0.5,1.0,0.1,0.39682311170025814,0.46360880034645563,0.4824700134588103,1.0125173548456585,0.6898323203352883
0.7,0.0,0.6,1.0,0.9,0.7,-1.045824957245734,2.223059044999082,2.0037704340405464,2.905772697962053,2.5145093010274753
0.1,0.0,0.9,0.8,0.7,0.8,-1.365003879987199,2.280915559534737,2.222616932502146,2.147965008132417,2.0759615537324114
0.7,0.5,0.6,0.7,0.0,0.8,-0.9603384720751913,2.0036456937358245,1.9322071085621346,3.79235340620736,3.5733323495584868
0.3,0.5,0.1,0.8,1.0,0.8,0.13689609960079435,0.8708276290087074,0.8576986440143779,2.502280521973655,2.4506276325046494
0.4,0.2,1.0,0.1,0.7,0.5,-0.6605754504982027,2.0686684193627793,1.8241046204188027,1.4827528152551042,1.2511660521333277
1.0,0.6,0.8,0.3,0.3,0.9,-1.127187705496094,2.255830301351359,2.2300296874046612,2.2222895014803474,1.9791262857974046
1.0,0.5,0.4,1.0,1.0,0.3,0.5788096685902888,0.18543755569393186,0.4148781461525195,0.8692902158446846,0.6466449442399338
0.8,0.0,0.1,0.4,0.0,0.6,1.1525335731849715,-0.2460829845665886,-0.353616306894522,2.4324278007370825,2.0979188242237656
0.1,0.4,0.4,1.0,0.5,0.0,1.1208413900317902,-0.08801383328602896,-0.38471709726036635,0.6012199007656177,0.49281410849761864
0.8,0.6,0.7,0.8,0.3,0.5,-1.3569164774998403,2.3122484428990577,2.2239875052831524,2.146306457798763,1.9518218267724141
0.0,0.0,0.8,0.6,0.0,0.3,-0.0885219821258146,1.1104673905228528,0.7679506633610739,1.7863927378097704,1.8645124313877721
0.9,0.0,0.3,0.8,0.9,0.0,1.5955345283500928,-0.38536651943461814,-0.5891420707652554,0.25142945194707444,0.22348754506455132
0.2,0.9,0.7,0.9,0.4,0.9,-0.8598995317661156,2.283985783924973,1.863100835396217,3.1136487799269665,2.9276128321928545
0.7,0.8,0.2,0.9,0.2,0.8,0.3678806508603822,0.6552095910680897,0.5694930916613898,1.828933094994521,1.4401342104802428
0.8,0.8,0.0,0.2,0.9,0.1,1.3448624744726991,-0.25763391356452114,-0.4162376078619001,1.3031104837750045,1.1751901689945523
0.2,0.1,0.2,0.4,1.0,0.4,1.0468386081293086,0.1797008108797428,0.09917156327829224,0.8747598616218089,0.7388182042679152
0.5,0.8,0.3,1.0,0.4,0.0,1.0845096189537606,-0.034525107723246906,-0.2811798768556333,-0.08807298563194135,-0.3868747736323357
0.3,0.7,0.4,0.4,0.7,0.0,0.45781955931923957,0.4164741620215967,0.3191993726832082,0.8657976010474617,0.6208733832587091
0.6,0.0,0.7,0.9,0.2,0.5,-0.7111405608410114,1.7098078659350193,1.6723064493267334,2.216168914696804,2.0855366923583096
0.6,0.9,0.1,0.5,0.4,0.5,0.9735613752835865,-0.011502493477143126,-0.2917634828315242,1.649903767577717,1.546285540672282
0.4,0.1,0.8,0.2,0.9,0.9,-1.385028538302613,2.373157987836457,2.191328452827872,2.447903312291187,2.167748531854558
0.0,0.9,0.1,0.2,0.4,0.8,0.9956453446639191,-0.009096934215491695,-0.1911832673625244,2.3575124244189136,2.0313291165476586
0.3,0.7,0.3,0.0,0.6,1.0,0.35437957624673755,0.6382993441379351,0.5580061952678916,1.73208251900361,1.4376149616649103
0.4,0.4,0.9,0.2,0.4,0.3,-0.07437168648273439,0.984082274819826,0.8574436573116231,0.08094655151456005,-0.2743638019890797
0.9,0.7,0.5,0.6,0.2,0.0,0.5612184810680889,0.43490426369366353,0.477957920617702,1.2514876680342475,0.9255256720734903
0.7,0.1,1.0,0.8,0.1,0.3,-0.8246206004982362,1.9360222135818084,1.6975780445684232,1.7148102147226836,1.478456958310799
0.8,0.4,0.0,1.0,0.7,0.2,0.8886373383117755,0.011658182455144023,-0.17939533776176558,2.1772815425169245,1.807380025505877
0.0,0.7,0.6,0.1,0.5,0.3,-0.1938391244595675,1.2039292297290107,0.9719674765714844,1.5553107074193004,1.4969869207302426
0.4,0.0,0.7,0.5,0.6,0.6,-0.7985406365944557,1.724628039705885,1.7358012038474266,2.54519114353792,2.2927340769972
0.9,0.5,0.1,0.6,0.8,0.8,0.3947226025649207,0.5606205101636724,0.4923726305355906,3.054859602711319,2.9750327003343933
0.2,0.2,0.2,0.9,0.9,0.8,0.14247095867058734,0.7635867815586612,0.7996995971208952,1.9114652130733616,1.8909502956092479
0.6,0.5,1.0,0.7,0.0,0.0,-0.5087868399758465,1.5332511694418456,1.4906276943034509,1.6659822378530118,1.2741275291530227
0.9,0.9,0.3,0.8,0.7,0.4,1.2550771651306123,-0.2262383491808963,-0.20052807838346795,1.659023102086784,1.196321337020012
0.2,0.5,0.1,0.0,0.5,0.4,1.3320216784278083,-0.4032039501096296,-0.4745493964845021,1.146358528401179,1.1835728979076217
0.8,0.2,0.6,0.4,0.1,0.4,0.005082168173190252,1.0338281003389607,0.929488480795535,2.409110628390903,2.3157282459066897
0.8,0.4,0.5,0.3,0.8,0.2,0.5827904702722574,0.1962191366568903,0.16556836159323438,1.5135881578408326,1.4121039455725954
1.0,0.1,0.7,0.9,0.8,0.9,-1.3353514014588712,2.584559936249258,2.2446686156378903,3.8153025185159866,3.5551086024648257
0.4,0.2,1.0,1.0,0.8,0.8,-2.1088029113402125,2.744811478884476,2.709991743850966,2.3444331140682477,2.346252983669089
0.1,0.0,0.1,0.8,0.1,0.1,1.581841279241587,-0.8031964181538986,-0.9076644500714398,1.8734659186370017,1.5568903634618447
0.1,0.6,0.1,0.0,0.8,1.0,0.14681187441147325,0.6866514688821641,0.6864612300433318,3.358621548302873,3.1090477547232975
0.7,0.8,0.1,0.3,0.0,0.2,1.6803517323910953,-0.6221392052975806,-0.7196662809323081,1.6536958854451909,1.371773641178427
0.5,0.6,0.7,0.2,0.7,0.6,-1.3686969289895394,2.38398483123106,2.2623651918075494,2.8016127321026127,2.3936788833662415
0.5,0.0,0.5,1.0,1.0,0.3,0.15931924652385226,1.0050239121671765,0.7262638623264412,1.2175121613283961,1.2060751432194865
0.5,1.0,0.4,0.7,0.3,0.4,0.5021087237359674,0.25080400038659534,0.3991325288083652,1.1680574352502338,1.0394168070315868
0.9,0.0,0.4,0.3,0.4,0.7,0.8054634196259212,0.08301318713084782,0.06500739031587416,0.9626950483131873,0.7577258438945383
0.6,0.0,0.4,0.4,0.8,1.0,0.162814387311749,0.8131234428865972,0.7325242548103509,2.7153495218464734,2.51150436063083
0.2,0.8,0.3,0.3,0.3,0.0,1.7359475893846872,-0.6952855788034433,-0.8336076964205712,-0.17963790585063896,-0.5260062773349629
0.7,0.2,0.8,0.4,1.0,1.0,-1.4512471658527275,2.765150036505469,2.5593752371010936,2.4355862232571788,2.329503744202454
0.1,1.0,0.2,0.6,0.0,0.3,1.2018193149814933,-0.39425101273202406,-0.5315878685401274,2.04395381926708,1.956262867026817
0.9,0.8,1.0,0.5,0.5,0.8,-1.258993721980899,2.1509339109999575,2.1143687115246808,1.732699412985401,1.441473880147604
0.8,0.4,0.5,1.0,0.4,0.4,0.3483529842961239,0.8197435424741024,0.5829350351223148,1.3391304386336134,1.1878691545665239
0.2,0.8,0.7,0.4,0.5,0.1,-0.10819194208334668,1.1177023696544763,0.9846031607140614,1.3383496766536913,1.1277912021754395
0.4,1.0,0.1,0.6,0.3,0.2,1.3609673623490304,-0.2725473680580206,-0.506815648201032,1.4950268370076998,1.302894387820601
0.4,0.8,0.6,0.2,0.0,0.6,-0.32292008897243324,1.2501810741214843,1.0525679826684924,2.6317069366769443,2.509281852493854
0.2,0.2,0.5,0.9,0.2,0.6,-0.30546729874990247,1.1976093269740806,1.1635493850863199,2.213465134512051,2.2196019918960763
0.8,0.3,0.5,0.7,0.2,0.7,0.17225613792393454,1.2111813885373954,0.8014045306163614,1.7330502602663262,1.9843955530390618
0.1,0.4,0.1,0.8,0.7,0.8,0.5669150631186687,0.6300328256154576,0.2069132988068396,3.0258250339157615,2.7327958133147443
0.6,0.0,0.6,0.7,0.2,0.4,-0.112061949110515,1.1868941136704052,1.0585688795056363,2.3417215075631477,2.0643973109352793
0.8,0.8,0.8,0.4,1.0,0.1,-0.36311545022973146,1.4029450582186394,1.1537061831302933,0.585057937341868,0.202902358133272
0.5,0.5,0.7,0.8,0.6,0.3,-1.0093743317540438,1.8840635633458804,1.7404575159946283,2.289554255909408,2.1171359847313562
0.1,0.1,0.5,0.6,0.6,1.0,-0.7121659810824692,1.685424014858949,1.5976601263775838,3.8592780488833567,3.5708740431112904
1.0,0.4,0.2,0.4,0.3,0.8,1.458295747904119,-0.456027992728416,-0.5358246452544303,1.3850216507944815,1.0055163542646521
0.4,0.5,1.0,0.3,1.0,0.3,-0.6929188852027521,1.7633080604876255,1.6804223314929396,0.8900899601703558,0.6817968366360513
0.9,0.0,1.0,0.0,0.2,0.6,-0.25457838600584975,1.3006288482378017,1.122761762237802,1.0682673483173442,0.8138679787929952
0.2,0.3,0.5,0.5,0.3,0.9,0.1953151450420288,0.970014822175042,0.9856384662013458,2.2885873625415716,2.028276117931715
0.8,0.8,0.2,0.9,0.7,0.2,1.0414689940653907,-0.17630013483247065,-0.05427032915638727,1.1466857345690071,0.9194486297913467
0.6,0.8,0.8,0.2,0.7,0.3,-0.4606560371055787,1.5385082700943993,1.3858321179545592,1.134702671193235,0.8633461968172574
0.4,0.7,0.7,0.9,1.0,0.8,-2.0205345088801567,2.906077011122158,2.7500196495661227,2.46683968274204,2.3804316241266767
0.9,0.9,0.8,0.6,0.4,0.5,-0.2557628106676665,1.291026595588106,1.5436831805657478,1.4763650403352901,1.2981087188276006
0.2,0.1,0.1,0.4,0.8,0.3,1.2113889254467503,-0.20317995960424162,-0.14898413330357999,2.010968739897581,1.8254667501714064
0.5,0.9,0.9,0.6,0.8,0.6,-0.9849251415904343,2.0924585438982892,2.1391373252678294,1.950242437642372,1.805824672907541
0.2,0.0,0.6,1.0,1.0,0.9,-0.9527690371186345,2.1321998642444826,2.149191806277798,3.2615962933880454,2.901915483252792
0.7,0.5,0.5,0.6,0.9,0.4,-0.250379464022668,1.109384494258306,1.1693503637980724,2.125236709115376,1.7493365155902283
0.6,0.4,1.0,0.1,0.9,0.0,-0.23788915789623843,1.1411829286859196,1.2010795759470196,0.15282166371205005,0.09181353316270818
1.0,0.1,0.1,0.5,0.9,0.8,0.6437337832646641,0.4938160038655696,0.3206223766278678,2.7291522987501926,2.3911241318635987
0.3,0.2,0.0,0.9,0.6,0.6,0.23885392798222999,0.7787760608269582,0.6965663945465772,2.6495001511946406,2.5497254965714076
0.3,0.1,0.9,0.9,0.1,0.5,-1.0128645283468725,2.000553331794562,1.8685116893372617,1.7001977791101093,1.64218750256868
0.9,0.0,0.4,0.1,0.5,1.0,0.6802971412150958,0.23791190598071965,0.0096933799210564,1.6917582079769882,1.705858756769811
0.0,0.6,0.4,0.5,0.8,0.1,0.5555820829047942,0.4682358978870105,0.5185112315078745,1.7160721197435522,1.453094918141781
0.6,0.7,0.9,0.4,0.6,1.0,-1.8079637896872027,2.805467677358324,2.8237267003283972,2.273354217450976,2.074039077031846
0.9,0.1,0.2,0.4,0.5,0.2,1.4227308417791877,-0.3446560081489058,-0.5157181044698733,0.6286344986615301,0.417212343697077
0.5,0.8,0.9,0.2,0.8,0.0,-0.21834417712956883,1.103794137953678,1.3689559990146642,0.30179223326819804,0.04035513869374982
0.4,0.4,0.5,0.9,1.0,1.0,-0.7918832591065339,1.62863616120595,1.4076286299067742,2.659499976730027,2.5314187194964544
0.3,1.0,1.0,0.0,0.3,0.1,-0.1305493640507488,1.1388007039670875,1.0140844708566823,0.5610683769285254,0.4049545567177632
0.8,0.2,1.0,0.0,0.3,0.0,-0.18884405649118052,1.1921387786261328,0.8915908609013724,-0.037902719333520865,-0.318966150206478
0.6,0.6,0.6,1.0,0.8,0.3,-1.4566516196056405,2.406684421807182,2.314850426749282,2.6756619484102937,2.7609887442144423
0.9,0.6,0.2,0.7,0.5,0.3,0.8325258669756778,0.2124918637107567,0.042823576007427276,0.8200343628690586,0.731304978308764
0.9,0.7,0.9,0.9,0.5,0.5,-1.335585061835488,2.3019317367858836,2.059591787751442,0.7775521769595076,0.8555896930051805
0.9,0.6,0.3,1.0,0.9,0.0,0.5209976126997795,0.45870546438653664,0.19442122494465663,0.5767225070764005,0.4100774041965096
0.5,0.2,0.4,0.4,0.1,0.4,0.8464548411554174,0.1498001623694524,0.20649134015717274,1.4561997181143036,1.1656517185302067
0.7,0.5,0.7,0.8,0.0,0.8,-1.328548525431485,2.374711358457528,2.347612851051807,3.5478573338513173,3.536995775533156
0.2,0.8,0.4,1.0,0.5,0.3,0.6540689609834062,0.11200086025584177,0.11368148472168271,0.6760293018516206,0.6109560351278973
0.4,1.0,0.0,0.1,0.1,0.4,1.3314234148583775,-0.47104579555734816,-0.42188744425641755,2.318518391188505,2.3151029022051643
0.7,0.5,0.3,1.0,0.1,0.5,0.4786462472581965,0.6744848327790416,0.3004316109082205,1.5761393078565982,1.2591992376791616
0.5,0.4,0.2,0.2,0.0,0.5,1.631697667265067,-0.6062963912435831,-0.6479113422844007,1.004989406783542,1.0189865084973706
0.9,1.0,0.8,0.5,0.0,0.9,-0.946439921259197,2.0863758711698903,1.9652792895540812,3.349919177705152,3.3805737291073275
0.0,0.4,0.0,0.5,0.5,0.9,0.7891654896569746,0.23911026360751314,0.14845842928274064,2.9901794156485364,2.873226932080851
0.0,0.0,0.7,0.2,0.6,0.1,0.20449294953379624,0.766605908593181,0.7878323291166083,1.776721221666382,1.556719330181649
0.3,0.7,0.6,1.0,0.6,0.8,-1.5863628168290582,2.592927675984562,2.722521866195462,3.112785328574051,2.9725413018109093
0.2,0.5,0.8,0.2,0.1,0.7,-0.990224801380049,1.8694649052680306,1.8338725047498192,2.2439554199761256,1.9807332715425372
0.0,0.9,0.7,0.6,0.8,1.0,-1.0985503720782763,2.0715289681507,1.9329352746147466,4.400507980109497,4.107276555840255
0.0,0.5,1.0,0.3,0.5,1.0,-1.2707723142379477,2.2905893870180916,2.168695366014629,2.742067891903766,2.8108937460253975
0.1,0.2,0.1,0.5,0.5,0.5,1.0093144351736043,0.3222702579806366,0.055729189442420696,1.9094687544467033,1.8205554119804632
0.1,0.2,0.4,0.0,0.8,0.6,0.5041207890307858,0.49907113827533517,0.45003359898249706,1.2819175797431506,1.0886536071274757
1.0,0.6,0.2,1.0,0.1,1.0,0.19879995528833158,0.8252568286599553,0.6932871899456333,3.1260805948184993,2.919579947950818
0.4,0.8,0.7,0.1,0.8,1.0,-1.0947119264178446,2.1347721169963623,1.937351805032428,3.1478575502781903,3.3663093547011167
0.9,0.5,0.4,0.2,0.9,0.3,0.8391043339977066,-0.016300595649564327,0.019463987898231505,0.8755092245040413,0.7970423538028922
0.6,0.8,0.3,0.7,0.2,0.9,0.37951411328680607,0.6263874766212164,0.44533403940292937,1.694940439167806,1.4250106799552207
0.8,0.6,0.3,0.7,0.1,0.9,0.05033150878777383,1.1004895682614744,0.8448897276234528,2.563599516543534,2.0960181641086253
0.4,0.5,0.4,0.3,0.1,0.0,1.293410169537253,-0.15404728491763967,-0.3596168159465277,0.9027150406336911,0.6349355321943514
0.5,0.3,0.0,0.9,0.1,0.8,0.3288380174148602,0.6325436812265739,0.44175408015934114,3.016032527946343,2.8559679900427835
0.9,0.2,0.0,1.0,0.8,0.5,0.3100532931191151,0.7312654068790005,0.5756536167318299,2.696156910761956,2.442728820724375
0.5,0.4,1.0,0.7,0.1,0.3,-0.4055340642213825,1.3982907393000517,1.314537363393276,1.3514540754610243,1.164438322015107
0.2,0.5,0.3,0.9,0.6,0.4,0.7265340436966079,0.38727032334273187,0.24389105869206873,1.309021878311882,1.1767695713498088
0.8,0.6,0.6,0.0,0.3,0.8,-0.9330254759679473,1.777056169236809,1.9644832738464726,2.425569578510297,2.1685257402091382
0.1,0.6,0.0,0.6,0.8,0.8,-0.37767909054278614,1.4013067471648162,1.2633783547966224,3.6306888959837322,3.2681954142586727
0.3,0.2,0.1,0.2,0.5,0.7,0.558258514728585,0.4042789070602055,0.3142539479063286,1.7746797362223223,1.596815365756503
0.8,1.0,0.9,0.5,0.8,0.2,-0.7488928699526153,1.7397651257342557,1.5900800145979441,1.4726984499243108,1.2121259226916583
0.5,0.7,0.1,0.5,0.0,0.1,1.1793252289839085,-0.1956024146115556,-0.17673621559953295,1.7306407674972573,1.474666244147738
0.1,0.3,1.0,0.6,0.1,0.4,-0.26787170217614203,1.436528102118046,1.127073967096369,1.4107704674598147,1.319804856173033
1.0,0.9,1.0,0.4,1.0,0.5,-0.38907429443426145,1.461031924460754,1.4882101451987502,1.1991416606227672,1.089703905930265
0.9,0.9,0.9,0.9,0.1,0.0,-0.09714303982911665,1.017071620856763,0.8646663956376507,1.237960172224327,0.870710491097016
0.7,0.6,0.0,0.4,0.1,0.7,0.18998660645050638,0.9159840618369878,0.8029515802512618,3.0982174709119294,2.808070826601579
0.0,0.3,0.6,0.2,0.3,0.7,-0.26617941527344013,0.9532610990954485,1.151991021260165,2.223350202936565,2.1107298400009467
0.7,0.6,0.9,1.0,1.0,1.0,-2.302718659355045,3.365120748507527,3.370990271918659,2.4695114889804253,2.3346616394725648
0.6,0.9,1.0,0.2,0.2,0.0,0.033359136942424865,0.7473385357181952,0.8954586930156782,0.720791835654367,0.3756417058711
0.6,0.3,0.2,0.8,0.9,0.4,0.7003710218020698,0.15492234719746434,-0.05040628965135134,0.7104464023625987,0.6496800242406144
0.6,0.6,0.2,0.1,0.7,0.4,0.5881028585544416,0.2563797091446325,0.2311264567217524,1.2675199573907052,0.9705647868350737
0.3,0.2,0.4,0.8,0.0,0.2,1.0207382975629975,-0.013479476227521076,0.10308016660867292,1.3693350930216044,1.204703702776298
0.3,0.4,0.4,0.3,1.0,0.3,1.0826209758250884,0.054201375944225805,-0.18379910617015416,0.15837321147905165,-0.07529957148536467
0.3,0.4,0.2,0.2,0.6,0.9,0.9981667248835056,0.03340746281032213,0.02968236568129526,1.812009429084058,1.6713539250669276
0.3,0.4,0.9,0.2,0.4,1.0,-0.628226794879635,1.922800738138495,1.5475098858755398,1.4593533981837497,1.4746973196853552
0.5,1.0,1.0,0.5,0.3,0.0,-0.5472118435065294,1.4331836607205062,1.4938179012635324,0.7608090239192139,0.6693322405043312
0.4,0.1,0.2,0.9,0.5,0.2,0.9194295562454669,0.13733400582107796,-0.004847891379715807,0.9115534736810402,0.7727617730311266
0.0,0.8,0.2,0.6,0.7,0.4,1.1949965246581524,-0.049793210285795114,-0.2708748375204758,1.8530667746066736,1.365709742376552
0.7,0.7,0.5,0.6,0.8,1.0,-1.1296007527116594,2.1399627439566746,1.9974497806509206,3.216172855021255,3.0479383515462137
1.0,0.2,0.1,1.0,0.8,0.6,0.5527078054275819,0.7531937703419112,0.32378953185817233,2.5752931386565114,2.3759048808426786
0.6,0.2,0.5,0.3,1.0,0.9,-0.7153748219179328,1.7062112653955004,1.3546869566516286,2.4051705842518074,2.29275934919932
0.8,0.9,0.7,0.9,0.7,0.4,-0.6653181919439692,1.5754934225041066,1.6408310174486003,2.8591117438724996,2.6023786747483393
0.1,0.5,0.9,0.8,0.2,0.9,-1.344604394919046,2.2730074524976147,2.3518240488941258,2.537838486254948,2.3556518833634024
0.2,0.8,0.1,0.9,0.4,0.5,0.5342129075472579,0.0980238280492915,-0.24242236686066126,1.5604183716004456,1.2382713164715846
0.3,0.4,0.2,0.3,0.5,0.0,1.8980341245275656,-0.8003981303112828,-1.0385915686644782,-0.020596809943709785,-0.14627956157046046
0.2,0.4,0.1,0.4,0.2,0.7,1.0449560405165874,-0.16201251493834334,-0.24708848299490632,2.1330497516661038,1.9941738448633808
0.6,0.8,0.2,0.9,0.4,0.8,0.4304878979104244,0.7280524794070723,0.5673844321460291,1.4126746936293968,1.1660774638918399
0.7,0.0,0.7,0.9,0.7,0.7,-1.4083924300667618,2.245363862571829,2.375870753546054,2.9900349853676875,2.8036345475150832
0.1,0.7,1.0,0.3,0.0,0.7,-1.3570534497824784,2.027264578607289,2.109434201771351,2.391015775104751,1.9422907461924583
0.7,0.5,0.9,0.3,1.0,0.8,-1.545523730837169,2.444735879656686,2.3089572145639474,1.5271722038111288,1.2591189563532375
0.1,1.0,0.6,0.2,1.0,0.8,-0.8077157405830958,1.7651195186673967,1.7057701790980848,2.92920403786274,3.002213009101385
0.4,0.3,0.9,0.1,0.5,0.9,-0.747823993999738,1.8728557579391134,1.598500001484226,1.0681985606154918,0.8839703814368212
0.1,0.1,0.2,0.8,0.2,0.8,0.45560750320665366,0.4591501574483714,0.40177890350309164,2.123572726214351,2.0325129488363074
0.6,0.4,0.6,0.5,0.4,0.3,-0.02337076096045576,0.9756732260753306,0.92685880882798,1.529487391665914,1.239208614152546
1.0,0.5,0.8,0.3,1.0,0.6,-0.6539710731223055,1.7870686359452124,1.7797071983952863,1.3977863990504935,1.324476064543122
0.6,0.6,0.0,0.8,0.2,0.6,-0.09513668052639104,1.129853630561122,1.0098992161689464,2.674305197513214,2.4326280028840896
0.7,0.1,0.6,1.0,0.0,0.1,-0.25278152827201916,1.3167088094919825,1.195666694596265,2.6283902308441696,2.497169538802976
0.1,0.7,0.2,0.2,0.4,0.4,1.174593190245962,-0.2754441206027734,-0.2802594533052285,0.4031578806325823,0.34158547288047614
1.0,1.0,0.5,0.7,0.1,1.0,-0.25138358624167356,1.2369844051252035,1.022350053867388,4.042623831617502,4.0124173636714735
0.1,0.5,0.4,0.2,0.7,0.2,1.065155618655202,0.003524689130487129,0.020094207177817763,1.2707123643381253,1.0602784941596064
0.7,0.2,0.6,0.0,0.5,0.9,-0.7286236230328819,1.8955638373141428,1.6518673476545371,2.620594341987278,2.5133554346100366
0.8,0.4,0.6,0.5,0.4,1.0,-0.5360227997607452,1.612833086444672,1.4254661637504444,3.0553805437341053,2.8646728869585485
0.3,0.0,0.0,0.4,0.7,0.5,1.0048224434114568,-0.0020526020285209987,-0.21579758012097566,2.4008028117557365,2.128126140394122
0.5,0.9,0.3,0.9,0.3,0.5,0.7418114399441668,-0.12749210407402534,0.009076733672923748,0.8868743136961219,0.6276672793797198
0.7,0.3,0.6,0.8,0.9,0.9,-1.2865313608706943,2.0476652272228284,1.9705855395670275,3.22548005379065,3.176904108518325
0.5,0.6,0.9,0.4,0.5,0.2,-0.8975313801371246,2.047334313961369,1.8802924361551787,0.5762177198974315,0.28779987500066745
0.0,0.7,0.5,0.3,0.3,1.0,-0.49548302224272833,1.5353449726563904,1.3353533685462333,2.9400631173331435,2.7317047387563154
0.7,0.9,0.4,0.6,0.2,0.8,0.48292988982061047,0.6776333505043315,0.5710440955860306,1.9852502251841269,1.8821178733234727
0.7,0.3,0.1,0.8,1.0,0.4,0.9977377444629635,-0.0022050498964485132,-0.11414652707259244,1.1314783992891513,0.7524878796153449
1.0,0.1,0.1,0.7,0.8,0.6,0.6205115166054148,0.49816969098700464,0.27227023544198664,2.6598931078289128,2.4986689260186177
0.0,0.1,0.1,0.7,0.2,1.0,0.503686097249157,0.5436364813217411,0.4217296479443154,3.7501916244148528,3.424084470856381
0.6,0.7,0.8,0.4,0.7,0.3,-1.0853594130804076,2.1859523110323043,1.9754415466409365,1.3776515173264774,1.274867149507705
0.2,0.5,1.0,0.4,0.1,0.6,-0.9475712399759589,2.1099587265847766,1.9466216747497915,2.059274470115249,1.8840300220191997
0.5,0.1,0.6,0.3,1.0,0.3,-0.4898249171052329,1.3564801169919076,1.2205581633858638,1.9147172453805188,1.5415040925191619
0.8,0.7,0.9,0.6,0.7,0.7,-1.8820072230236071,2.647013423287326,2.5883840765395396,1.920924138131013,1.821738796002309
0.8,1.0,0.9,0.5,0.3,0.9,-1.4479273136544464,2.2750542026115537,2.4762975788269688,1.996443019881864,1.7970996773314227
0.1,0.9,0.5,0.4,0.9,0.7,-0.24320572952577746,1.1523221542834803,1.2437683614868056,2.702584661587252,2.489740839788255
0.1,0.1,0.3,0.0,0.0,0.8,0.6923276694339444,-0.025980371140589584,-0.20230924590014324,1.7550016476817825,1.8026417452439465
1.0,0.5,0.0,0.4,0.7,0.4,0.9780076949779641,0.14177835901218033,-0.1347190755256353,2.524879446425653,2.4103490435516637
0.4,1.0,1.0,0.5,0.3,0.6,-1.145427077794368,2.1161886303891726,1.9584755170619728,1.7602086057143442,1.3586286172857642
1.0,0.0,0.2,0.2,0.0,0.5,2.0477430152247593,-0.9651394101305264,-0.9376851264448627,1.4113761048369489,1.129126451760814
0.5,0.9,0.6,0.0,0.9,0.7,-0.49055682011745594,1.556631017045008,1.557238146596158,2.6442572691152075,2.3812352471221443
0.5,0.5,0.4,0.7,0.9,0.9,-0.3610610164138585,1.3309210545679206,1.203063111013269,2.286677150306724,2.276509340355637
0.4,1.0,0.4,0.8,1.0,1.0,-0.3187533307668832,1.3070108430393665,1.1892642224082237,2.753975616478111,2.507383258037732
0.8,0.4,0.9,0.6,0.0,0.5,-0.4328467093983067,1.4471026245737169,1.342375929395228,1.5146410909370742,1.243183997575395
0.3,0.6,0.6,0.7,0.2,0.6,-1.2555944681183462,2.0382580750224593,2.193237200886088,2.7157298423274776,2.462294972407488
0.5,0.0,0.7,1.0,0.3,0.9,-1.0414225108936825,2.1424345249054766,2.291188670627607,2.9006260347596857,2.5164810170089376
0.1,0.7,0.0,0.6,0.3,0.0,1.0841115297991872,0.07963519197675356,-0.1851428344168295,1.0880515497124184,1.0788383777445032
0.6,0.4,0.4,0.0,0.8,0.3,1.266845052779086,-0.06053392168061225,-0.3681048952669618,0.5313631380142582,0.2927585316035387
0.1,0.6,0.8,0.7,0.9,0.7,-1.7377498051043947,2.8590192102004512,3.018680986621091,2.414208033128615,2.2451894985181977
0.3,0.4,0.3,0.1,0.3,0.3,2.1752621261326874,-0.885706763925005,-1.1753570205123258,-0.20555764497612944,-0.4986533761798664
0.9,0.8,0.2,0.5,0.0,0.2,1.841266287792093,-0.5688825313567403,-0.8600811350233182,1.3675580875922804,0.8125417349811827
0.1,0.6,0.6,0.8,0.8,0.2,-0.7743101648471349,1.963701085801658,1.863410553652998,2.797614306802478,2.5589105268720926
0.5,0.4,0.5,0.0,0.1,0.8,0.42047212611877627,0.4987151525673641,0.4712715333764402,2.340316277996225,2.1028534311440756
0.8,0.3,0.2,0.8,0.8,0.8,0.6100038036838497,0.6742863770636588,0.5822763258581755,1.8870288021095416,1.7580689675278054
0.1,0.5,1.0,0.7,0.8,1.0,-1.725943892600517,2.7624274827713253,2.4972268262322252,3.421902254744729,3.2420131623806387
0.2,0.0,0.5,0.2,0.3,1.0,0.20336382363247524,0.8249530498226616,0.6169992389486574,2.542998548311755,2.4984089289354667
0.3,1.0,0.1,0.6,0.9,0.6,0.4330619231715817,0.7128028145324328,0.457702679890512,2.650514176213414,2.3222371044126895
0.7,0.0,0.7,0.9,0.3,0.1,-0.183434178733166,1.0100094485573867,1.057854290433911,1.3407142022905263,1.3392852942546445
1.0,0.5,0.3,1.0,0.5,0.1,1.3023147589908592,-0.1642707174171878,-0.26530405614761304,0.5579251011214439,0.41131018352270565
0.7,0.5,0.1,0.6,0.0,1.0,0.3681981812761458,0.7700037841719956,0.4810122719591855,3.769508702019496,3.4638229478371296
0.5,0.1,0.2,0.6,1.0,0.7,0.10985331864815531,0.6859439234511988,0.7312264615530484,1.4898860647199519,1.2846950717490888
0.0,1.0,0.2,0.8,0.0,0.8,0.4863441779253804,0.45196825615824804,0.3669355412921732,3.1178393478547886,3.129288432368566
0.6,0.8,0.2,0.6,0.4,0.3,1.0909527337264635,-0.32851792015043374,-0.4456573705012982,0.20211639254301653,0.14251891306674414
0.4,0.5,0.5,0.6,0.8,0.9,-0.9221552154151634,1.9734725712366088,1.8718251013114933,3.3369537888662264,3.3059524980299293
0.1,0.0,0.8,0.6,0.2,0.8,-0.7932638644730883,1.8574900658406788,1.7099330918812827,2.373336893799042,2.0722186017325597
0.4,0.6,1.0,0.6,0.5,0.2,-1.1125727381514663,1.9098021706639439,2.0054467229537276,1.0733306786493917,0.7699804802468824
0.8,0.3,0.2,1.0,0.0,0.5,0.9304511186266048,-0.1688336976362057,-0.02740958116233172,1.5248480091612344,1.2029780173143707
0.7,0.8,0.7,0.6,0.6,0.7,-1.2311820650791436,2.278426412907588,2.1971689829200263,2.5900056774104128,2.738131640097933
0.1,0.0,0.8,0.1,0.7,1.0,-0.836095834809572,1.7769657641316168,1.6552685106413507,2.8047401912480283,2.727535876514504
0.1,0.4,0.7,0.5,0.7,0.4,-0.3950917476583104,1.260002480364828,1.115405922766996,2.3363676867643925,2.1194191711402848
0.9,0.5,0.2,0.9,0.9,0.3,0.8986226338055723,0.022644835741073358,-0.0005003413546163307,1.119699976235305,1.0920193150341357
0.0,0.4,0.8,1.0,0.0,0.8,-0.9902528868622757,1.9194710354793245,2.0346932433466485,3.15712391194391,2.9682409503176066
0.3,0.0,0.7,0.4,0.1,0.6,-0.4925881173702059,1.18642431568007,1.3712429894635836,2.634720915891309,2.4367291249987133
0.1,0.8,0.1,0.5,0.5,1.0,0.5600726851053149,0.42873832474804313,0.28036810144691937,2.9423170234254488,2.6856815870505564
0.2,0.9,0.8,0.1,0.6,0.8,-0.7385060926418894,1.9117974821946753,1.6984079535138406,2.3321817835531333,1.9918462468522677
0.8,0.7,0.0,0.9,0.1,0.7,-0.029332389627101205,0.9350910246986244,0.858651316065457,2.875223673385232,2.7475268318199695
0.3,0.5,0.6,0.3,0.4,0.6,-0.6529413165928639,1.6185335878593343,1.3792963015431492,2.1755445437901595,2.0021445750896456
1.0,0.8,0.8,1.0,0.8,0.8,-1.4932773526576462,2.426695278033616,2.223128965877537,2.6889358440015525,2.390005769074893
0.7,0.8,0.5,0.0,0.6,0.6,0.011536994795140355,0.8942702297765341,0.943819154918875,1.774827640710087,1.5607412012302202
0.4,0.0,0.8,0.5,0.0,0.3,-0.002473314848797236,0.9535850712513468,0.9621189958615202,1.6205209214382152,1.5649712763427004
0.5,0.1,0.5,0.1,1.0,0.4,0.17210245866691218,0.8314339409335713,0.7922518079972377,1.4054730813481473,1.0037567268513332
1.0,0.0,0.6,0.0,0.4,0.3,0.9436621970270128,0.24786309481802393,-0.07419946012889908,1.2015529333482995,0.870473768056168
1.0,0.9,0.0,0.6,1.0,0.9,0.7069637086633754,0.21958996311104162,0.27021882663985786,2.9391195017220655,3.117899206392829
0.0,0.8,0.1,0.4,0.2,0.5,1.424156451359635,-0.204423187212264,-0.8291157351405427,1.8354040908078226,1.6496542285768487
0.5,0.1,0.2,0.7,0.3,0.0,1.160102898095838,-0.20278863164437153,-0.3442213960039923,0.6745813114785125,0.27688514214273907
0.7,0.3,0.2,0.6,0.6,0.0,1.559041818742175,-0.45240914803020554,-0.7475637285208924,0.5443148097175374,-0.07034194805752486
0.8,0.8,0.4,0.4,0.1,0.6,0.6465972792165191,0.14236423695291484,0.17421243235644432,1.4998761795298043,1.3897547277883442
1.0,0.8,0.5,1.0,0.9,0.4,0.24058734541063378,1.0226709228883246,0.8206549305342301,1.8790002187038197,1.7552634234398483
0.5,0.3,0.5,0.7,1.0,0.0,0.3928503267721999,0.32517704082100907,0.35696713840409217,0.6963494614363406,0.7413803984672188
0.0,0.8,0.2,0.0,0.8,0.6,0.9220702459196193,-0.2216014362200688,-0.33710492706743034,1.6079755896268462,1.1332250746688213
1.0,0.0,0.6,0.4,0.6,0.6,-0.18584151358991746,1.1508139907777486,0.9436950442901408,2.7440981679995433,2.5281077203552753
0.4,0.8,0.1,0.3,0.3,0.6,0.793645302885958,0.03208478631597458,0.09226660336834777,1.4216891183686038,1.1335142392560171
0.3,0.0,0.1,0.9,0.9,0.8,0.23282459723217305,0.6843216377435896,0.665621187111353,2.478061468454574,2.357937241762918
0.5,1.0,0.4,0.6,1.0,1.0,-0.19542931564400617,1.3159073564511095,1.123188741546592,2.73703518841228,2.373641024716773
0.3,0.2,0.0,0.7,0.4,0.6,0.39880092143435,0.6411337418500724,0.7033444247936347,1.9598547953987158,1.6504418658679898
0.4,0.9,0.0,0.0,1.0,0.2,1.4876529528577958,-0.6165242669235728,-0.7373636702118632,1.3060930828841495,0.9000570378428541
0.9,0.5,0.4,0.9,1.0,0.6,-0.06488140164469916,0.8735185073910082,1.0433929705469323,1.4828903213277687,1.2663270318353894
0.2,0.1,0.6,0.3,0.3,0.9,-0.5605187302471428,1.8313140940509611,1.611252056133682,2.8359851370529627,2.857320313744228
0.4,0.6,0.0,0.4,0.6,0.2,0.6678655647205799,0.19085117942279142,0.3738993142739757,2.153513009361001,1.7944281818285772
0.8,1.0,0.6,0.1,0.4,0.4,0.1498426561779097,1.0845348184862704,0.8389551470050307,2.0127841785158713,1.8037182922754864
0.1,0.2,0.3,0.7,0.4,0.6,0.6533769573419815,0.42866033258144454,0.31332881840556154,0.9450155101736352,0.7647731540443999
0.4,0.7,1.0,0.4,0.4,0.7,-1.3767399839785692,2.5476819977148133,2.2839676764713297,1.1961727737745629,0.903648790259262
0.8,0.7,0.3,0.5,0.9,0.5,0.33686359786342523,0.8067421464178943,0.591105077821545,0.7855123674934257,0.7242079335679901
0.7,0.4,0.6,0.3,0.1,0.1,0.44769376317878784,0.2765720570565936,0.30037174959379176,1.8894119442099178,1.8754765880315056
0.8,0.1,0.2,0.5,0.7,0.2,1.3019757759109045,-0.17427571339809322,-0.3080815427300505,1.3790664804206367,1.1080954069916114
0.6,0.3,0.7,0.6,0.7,1.0,-1.2712985612695589,2.239095831812858,2.311916766974664,3.471047974129158,3.344969155495983
0.9,0.5,0.8,0.3,0.9,0.2,-0.49411598168262844,1.4444991495174644,1.2931500667222262,1.1958514899571053,1.1096319917709632
0.4,0.4,0.4,0.2,0.8,0.7,0.5785732219434612,0.5346347577680283,0.5064250453688655,1.4760436538123782,1.3419867846399145
0.0,0.3,0.4,0.0,0.0,0.5,1.4928470842056587,-0.4640144726343751,-0.6371057824055735,1.2189443049329285,1.0628192370828167
0.4,0.9,0.1,0.7,0.9,0.8,0.6926616891423629,0.6301969208837983,0.31594966102157296,2.9107231286409347,2.7664025176968976
0.7,0.9,0.0,1.0,0.7,0.7,0.2318640172432514,0.799048536746399,0.824573559482312,3.3027644370497558,3.1766740696586835
0.3,0.2,0.3,0.0,0.9,0.3,1.3790788607663433,-0.37962842052264045,-0.40820684695113574,0.26210177873525153,-0.09662990246333346
0.4,0.8,0.4,0.8,0.8,0.0,0.7528175457987932,0.137690519800739,0.2898214445279052,0.7923657348274896,0.5740536091353553
0.1,0.7,0.6,1.0,0.7,0.2,-0.8472005044664576,1.7395987304999554,1.9148876517761941,2.5926898620766656,2.266384707944369
1.0,0.4,0.5,0.5,0.0,0.5,0.8701748849125908,0.27934697920420537,-0.05720006800157629,2.347150035974768,2.256097141718356
0.7,0.0,0.7,0.2,0.9,0.5,-0.4599761306782525,1.4936169989175283,1.3055385515056646,1.7807098986873209,1.605070991555416
0.7,0.6,0.3,0.1,0.4,0.8,-0.013825523530757305,0.8108060667940221,0.7960286974262771,0.7982136192412173,0.715571026055906
0.1,0.8,0.8,0.5,0.2,0.0,0.09272133536959346,0.8859063421429563,0.9265248631838606,0.8033008016894614,0.6945522077174391
0.5,0.5,0.5,0.8,0.4,0.2,0.26632061892732234,0.9036027678000763,0.6041792705621761,1.3553901987214667,1.1998548486661433
0.1,0.7,1.0,0.9,0.2,0.4,-1.2272398739288835,2.1228857420391956,2.0643939433744007,1.331778353456308,1.1464283199918435
0.6,0.9,0.4,0.6,0.4,0.6,0.3877376214771446,0.5446815906412605,0.5090266598627918,1.3810786332191256,0.972562786812533
0.1,1.0,0.6,1.0,0.4,0.7,-1.1346870817915036,2.161745891560279,2.0777968766832564,3.151913544316977,3.0623345154592987
0.2,0.2,0.7,0.3,0.3,0.1,-0.10296362056603298,1.0685629399230436,0.9638891996036266,1.0822107572617778,1.0443264630715214
0.0,0.6,0.6,0.8,0.7,0.0,-0.8300379844427963,1.5325595865338753,1.679791027142476,2.7601060745668966,2.6541300125169283
1.0,0.9,0.6,0.1,0.2,0.3,0.6980550180993437,0.03420060800051618,0.3383572992561645,2.082792763074915,1.8879246362276654
0.9,0.2,0.7,0.1,1.0,0.6,-0.6743309917344691,1.5859914202327836,1.6840185177703608,1.7127377555641878,1.3929536389513035
0.6,1.0,0.6,0.8,0.4,0.6,-1.077320443521346,2.01253044916576,1.934181129159219,2.6995046886908733,2.5598126691296796
0.2,0.6,0.3,0.4,0.6,0.2,0.6929421175780439,0.15441972573008186,0.31278863362602505,0.7317382041184461,0.563227835862025
0.5,0.1,0.2,0.2,0.0,0.4,1.3476798085027277,-0.3209675534535386,-0.580720798143887,1.5291837776600476,1.2735135629751428
0.4,0.3,0.3,0.3,0.7,0.6,0.9240733383279829,0.24601874782137265,-0.03236066172278898,1.0461568368788363,0.67786669684392
0.9,0.8,0.1,0.9,0.9,0.3,1.0556352682168464,-0.01973875841890233,-0.04280081865260081,1.453725662874396,1.2858512121501553
0.4,0.7,1.0,0.7,0.7,0.9,-1.9769160502932501,2.97019219078785,2.995866024562958,2.592631158518666,2.2734359410910527
0.1,0.5,0.0,0.1,0.9,0.4,1.0835262496602287,-0.09883653652842643,-0.13647792878890186,1.8921509562022438,1.7190238250052052
0.4,0.6,0.2,0.4,0.4,0.8,0.07342007186106811,0.8065875755323713,0.6328468449059335,1.5820214905472247,1.3210891884054088
0.9,0.3,0.6,0.5,0.1,0.7,-0.2401580645899903,1.1790448956130615,1.0099992008357024,2.834745931315444,2.691201281134988
0.3,0.8,1.0,0.1,0.3,0.1,0.03975277605739038,0.9263508938015116,0.8653609518016907,0.08558676552042489,-0.19813985828546557
0.2,0.6,0.2,1.0,0.9,0.1,0.3246077287661163,0.6506680668924563,0.5937578546712537,0.9557920720963551,0.939196187242315
0.1,0.7,1.0,0.6,0.0,0.3,-0.7414967046201744,1.7094280749886575,1.817627156110284,1.6122265476728987,1.5432032677085137
0.1,0.5,0.4,0.9,0.8,0.1,0.6294889110259749,0.3712470484923665,0.40340027900220576,1.4404458783608332,1.3791701270298997
0.8,0.5,0.5,0.9,0.8,0.7,-0.6954457858373824,1.7682387875246126,1.9441732704233199,2.7078110820638974,2.905304609714915
0.1,0.7,0.7,0.5,0.2,0.0,-0.22413140972027992,1.3793425766861722,1.2448822888261424,1.5035212827972995,1.380068312575403
0.4,0.1,0.7,0.4,0.2,1.0,-1.0116401155377894,2.041455094071796,1.9343587586651516,3.2891005019948607,3.302186170515115
0.2,0.5,0.2,0.2,0.7,0.7,0.5653240687065912,0.3000565615216202,0.2851754444155881,2.0224365483667137,1.7037274767529313
0.2,1.0,0.0,0.7,0.5,0.3,0.8369340211435911,0.18772651364199838,0.06362349785308773,2.377590333861559,2.0414939265751464
0.3,0.6,0.0,0.5,0.3,0.0,0.9709731474647324,0.06139215839608409,-0.047482949017584423,1.439829883464337,1.1267425806571123
0.8,0.6,0.0,0.6,0.5,0.1,0.7878155421513897,0.20982226522987124,0.25512015069519367,1.7406496155872295,1.4857238585547023
0.9,0.1,1.0,0.5,0.5,0.2,-0.6260796990922466,1.4704644450315516,1.3465869869594402,0.8202324353622001,0.8603321032773564
0.9,0.8,0.4,0.4,0.3,0.0,1.3780907814539576,-0.3890353024813234,-0.7438692480164983,0.006435828486999522,-0.02320963531955464
0.8,1.0,0.3,0.0,0.2,0.9,0.8484393913108319,0.36964337107893264,0.06653409843184989,1.8365649904060501,1.6513801543451947
0.0,0.5,0.5,1.0,0.7,0.0,0.03758232433446179,0.8653211395772695,0.7745284484106272,2.378520534894022,2.1560729739547115
0.7,0.4,0.0,0.5,0.7,0.5,0.7958042151313233,0.1061840891448654,0.10445467532080407,2.2668437230165623,2.0748558597374203
0.6,0.9,0.7,0.1,0.1,0.6,-0.39908797144194935,1.404722735041185,1.3049979680280992,2.413383771175438,2.3545064654651804
0.2,0.0,0.3,0.0,0.4,0.8,1.013704847489077,-0.25676808125085254,-0.12756618745097842,0.5220436038018625,0.38817915624723265
0.4,0.2,0.7,0.3,0.7,0.7,-1.1213583127659792,2.29053763915032,2.1003860882236354,2.634685363002021,2.6057193632379723
0.8,1.0,0.6,0.7,0.5,0.2,-0.32684991841134986,1.2328206451784967,0.9676679913752959,2.3178140717134497,2.129764769681654
0.5,0.2,0.2,0.4,0.3,0.3,1.3007025312659375,-0.2644990706179652,-0.602185512319569,0.48966372883047915,0.20127989858507098
0.6,0.3,0.7,0.6,1.0,0.5,-0.8334814462115384,1.8508375203881833,1.9534174432034819,1.6975096813076034,1.366095170673298
0.7,0.8,0.4,0.7,0.3,0.2,1.1141761681337328,0.1723744760005984,-0.07403783501928204,0.4554378217394376,0.3248959166251241
0.8,0.7,0.8,0.0,0.9,0.0,-0.6454022301951937,1.5454080760872515,1.3966755800112471,0.3889037868721142,0.24326879709387705
0.9,0.0,0.3,0.6,0.9,0.2,1.5781220829722267,-0.3589083515267756,-0.39747933680930003,0.4006963035871115,0.1747172541777712
0.3,0.2,0.8,1.0,0.7,0.3,-0.7247608155138645,2.282091727806546,1.9124138290178572,1.8879669681954847,1.5097592176179764
0.8,0.5,0.7,0.8,0.2,0.7,-1.1203166439088907,2.0323833610417545,2.159015693050307,2.835368781864109,2.550770345854043
0.8,0.1,0.2,0.1,0.7,0.7,0.6848920514414715,0.3836861515350685,0.37026997718562343,1.797768034742305,1.79128428463151
0.9,0.3,0.1,0.9,0.2,0.3,1.5699531641386981,-0.6465117988952441,-0.6456480594012959,1.2257108352635204,1.1850907904660188
0.9,0.5,0.8,1.0,0.9,0.3,-0.9652288093885053,1.7330908615921927,1.9264954541295878,1.7531783526041351,1.376751539979017
0.2,0.5,0.9,0.9,0.6,0.9,-1.8309473086780292,2.6699829712548007,2.7202076535326407,2.6632731062693686,2.4254997132389344
0.9,0.6,0.5,0.7,0.5,0.5,-0.4537287127646919,1.4858360698660302,1.3217043139532527,1.9277738305891405,1.8825929544841942
0.2,0.6,0.9,0.6,0.5,0.2,-1.0701574536562022,1.9957055423817278,1.6595523274410067,0.6852981232574195,0.6500812295855822
0.3,0.2,0.4,0.9,0.0,0.8,-0.05746281219832905,0.9408934666628167,0.8788868359071269,2.3957192738955344,2.152073429647544
0.7,0.7,0.2,0.8,0.6,0.4,0.34736375616342635,0.424482528906167,0.5052902352984551,1.0631388551779792,0.9665380636389392
1.0,0.5,0.9,1.0,0.3,0.3,-0.5481174563380244,1.454791434554911,1.368464609112367,0.7699640718543939,0.5524375744545222
0.9,0.4,0.6,0.1,0.3,0.0,1.0549347379732827,0.27704668247974185,0.20280224654391027,0.980076224436165,0.7368429278783127
0.0,0.7,0.2,0.5,0.2,0.9,0.26850466471353596,0.8425047258819675,0.5879885894009577,2.375273795039271,2.1908953403185762
0.2,0.1,0.3,0.9,0.2,0.7,0.2354204061753145,0.6477887218473224,0.5852577777515556,1.6009630574904608,1.5430957193328092
0.9,0.8,0.3,0.9,0.9,1.0,0.10857923928599823,0.8446756895773284,0.6257772974932059,2.078922205518705,2.0085926928293776
1.0,0.2,0.9,0.2,0.5,0.3,0.04453989194524305,1.0437639860959453,1.011676493852367,0.341599313871135,0.18081175433482222
0.5,0.3,0.2,0.9,0.9,0.8,0.3262281898597974,0.6657380279544262,0.5850424567015657,1.737247866061381,1.630791833123185
0.0,0.3,0.7,0.0,0.7,0.7,-0.5191900858272921,1.5932948839072505,1.4563502708484315,2.640368303314709,2.3968481608526915
0.3,0.9,0.9,0.8,0.9,0.8,-1.4254299704041256,2.2906953194269875,2.196265875540792,2.1907301260382903,2.002164248642036
0.7,0.9,0.9,0.9,0.8,0.7,-1.5385738567131026,2.4826433896335485,2.2685475259171897,1.9906041647402848,2.0638150533534545
0.0,0.7,0.0,0.5,0.6,0.3,0.7220922108515057,0.15102954636732258,-0.03794826320727071,2.1463389644786828,1.9499247597355254
0.3,1.0,0.2,1.0,0.3,0.9,0.24735863727866383,0.7821921189184293,0.7210939995667918,2.4341918863351504,2.237464817530588
1.0,0.1,1.0,0.5,0.5,0.5,-0.7718787352012041,1.883026104870532,1.6822061159459916,1.2541776760147048,1.0912892940909433
0.2,0.0,0.4,0.2,0.9,0.1,1.330505089078477,-0.4647635525008116,-0.6182671078155182,0.7825258192537018,0.16662838723885223
0.5,0.5,0.4,0.2,0.0,0.2,1.0647635868645513,-0.3205116011013658,-0.3276513580648526,1.3662046150216205,0.9832513105752291
0.3,0.2,0.8,0.1,0.1,0.4,-0.25763419673337956,1.3228703403810225,1.0395053910353504,1.0611240930949402,1.0297480340403418
0.2,0.7,0.1,0.7,0.3,0.6,0.2584955087262855,0.5276236758443061,0.597331200245936,1.8097310638721982,1.4324689569097817
0.9,0.8,0.7,0.2,0.9,0.5,-0.5474119496302887,1.2664419384045749,1.3061228602944115,1.8239770782379705,1.701390459992821
1.0,0.2,0.7,0.5,0.4,1.0,-0.803330538443313,1.8299007952164952,1.7438383782236968,3.13053741862608,2.9689179281218654
0.9,0.7,0.3,0.5,0.4,0.6,0.39699715460928203,0.4780917187528155,0.2776497125418408,0.4618667545175588,0.290641304091836
0.6,0.5,0.0,0.8,0.2,0.4,0.537060142369002,0.317749309721077,0.28189245445059163,2.2151353485936545,2.087526895223937
0.2,0.8,0.5,0.6,0.5,0.0,0.5621240631251397,0.48791573849365844,0.20051627903024044,1.084216925474668,0.9546114338256136
0.8,0.9,0.5,0.5,0.9,0.2,0.45247682208101175,0.49055681358872805,0.401468512007082,1.8799669577164015,1.521095286414694
0.1,0.0,0.0,0.6,0.9,0.9,0.4275847064310109,0.6134911954738108,0.6449986418627989,3.2854500465330854,3.065748498652865
0.4,0.0,0.0,1.0,0.9,0.0,0.9286548200500964,0.031649946504670345,-0.23564226031579366,1.7491899743133252,1.5124319323650322
0.1,0.0,1.0,0.3,0.4,0.4,-0.25575476410430953,1.304980408169239,0.9930347968010846,0.6044483468809637,0.605429018181322
0.4,0.6,0.6,0.5,0.1,1.0,-1.430381714996618,2.2849794670847907,2.2268021638680446,4.027349325664187,3.7925025874664393
0.6,0.8,0.1,1.0,0.2,0.4,0.8058536833303144,0.09288670378003522,-0.1563897007663158,1.796193061537533,1.5402400038155484
0.9,0.1,0.6,0.3,0.1,0.0,0.42918694243655847,0.5695728942112978,0.534752844441738,2.2652082792036237,2.1038111529468737
0.3,0.8,0.8,0.6,0.0,0.2,-0.36349164747517043,1.1313343247758882,1.0511847824659386,1.671991724098353,1.4800896950373708
0.5,0.8,1.0,0.0,0.8,0.8,-1.1442954753890877,2.0510070027476264,2.031602713210989,1.7907251755388205,1.4062794470336735
0.0,0.6,0.5,0.0,0.6,0.6,-0.4395855470104936,1.3240798541222996,1.3542541622589952,2.428972628339614,2.019624964469427
0.5,0.3,0.7,0.1,0.3,0.0,0.37874147186481116,0.7594295378910738,0.5675809553551432,0.39603619177881044,0.3610748458033351
0.3,0.9,1.0,1.0,0.9,0.3,-0.9211209231809911,1.7252801148973478,1.7663558629130425,1.616547386501218,1.5161738721607574
1.0,0.2,1.0,0.6,0.5,0.1,-0.2307761325829053,1.2885946310103407,1.2525463564314663,0.665383169131812,0.4770098709988238
0.0,1.0,0.6,0.0,0.4,0.0,0.4195244084872348,0.5222165613344639,0.5643129568011143,1.845058456931687,1.630589834658161
0.3,0.4,0.3,0.3,0.3,1.0,1.097352172282885,-0.005404233236087859,-0.02221048339396004,1.437110325429317,1.1671484300633592
0.9,1.0,0.7,0.0,0.6,1.0,-0.9127751175957917,1.768278416495425,1.8034948350331437,3.4927495029777282,3.368833659653609
0.6,0.7,0.4,0.3,1.0,0.0,0.4472416150251751,0.47706242549096467,0.2650294950984706,-0.05958142427367222,-0.3557210387823327
0.8,0.0,1.0,1.0,0.6,0.2,-0.5880730878272145,1.6122348297840652,1.6758842181800988,1.3517065728918076,1.0548156568741753
0.8,0.5,0.9,0.0,0.8,0.7,-1.1494242548566496,2.1850866090916696,2.0233997871513854,1.5140857276991415,1.4123280054199945
0.5,0.1,1.0,0.1,1.0,0.4,-0.8557934410443004,1.7493045707871722,1.7599785359751996,0.8377446401931989,0.507120416295952
0.3,0.6,0.5,0.8,1.0,0.6,-1.1522655135287974,1.6961545507569709,2.000762190198781,2.2865087535357653,2.000279368716686
0.5,0.1,0.8,0.1,0.8,0.6,-1.2509149559990356,2.195350190363821,2.1405286862512396,1.8759654594636854,1.6787294184520276
1.0,0.4,0.6,1.0,0.4,0.4,0.042236453459522504,0.7972483782523487,0.7813493101214524,1.8153905199920675,1.5555499612319736
0.2,1.0,0.5,0.8,0.7,1.0,-0.7721758968233171,1.8965056657753527,1.5879718686326436,4.204117523381344,4.175423588812947
1.0,0.6,0.2,0.3,0.0,0.4,1.315844298975737,-0.5342703068681235,-0.43253580161242905,1.4024871011592857,1.3629270521433272
0.0,1.0,0.9,0.2,0.8,0.6,-1.2892104903965098,2.0095928710705935,1.99039539261989,2.1091492865138184,1.9408475976706685
0.4,0.0,0.7,0.3,0.9,0.5,-0.6770325979805123,1.3961638885539907,1.5345073879994475,2.1643895561552906,1.8226548042563107
1.0,1.0,0.2,0.1,0.2,0.1,2.02344674792826,-0.9573472097526164,-1.2891063603621724,0.6713399732283214,0.8653073497264615
0.1,0.7,0.1,0.7,0.8,0.5,0.3350644906836777,0.8051758523022465,0.7289644513956585,2.2422451857308308,1.925790579465765
0.2,0.7,0.4,0.2,1.0,0.3,0.650060903406491,0.41577533039277004,0.14717100587613607,0.30200031464101845,0.08511345524257914
0.1,0.6,0.3,0.4,0.2,0.9,0.16514796929201894,0.8465768202241822,0.5779607275125371,2.0370504178231634,1.8953444823353012
0.9,0.1,0.4,0.9,0.4,0.0,0.8681479979365359,-0.006043678237838981,-0.07119436884097936,0.5157171505048767,0.2171721876374209
0.6,0.3,0.5,0.3,0.7,0.9,-0.17366992448890473,1.006855300249633,1.3142244933598681,2.8647591445125893,2.764626782417485
0.0,0.6,0.4,0.7,0.3,0.5,0.13491865252814772,0.7924048183063761,0.7243157669058244,1.446714413426087,1.3079164620895978
0.8,0.3,0.5,0.5,0.7,0.3,0.4176758275568706,0.6370838832646104,0.4287370959618254,1.734462811323481,1.5417767587960065
0.6,0.1,0.7,0.3,1.0,0.0,-0.6630226189168663,1.4438223077981753,1.3570304735198302,1.2790909404873085,1.0207453614271362
0.7,0.8,0.7,0.8,0.1,0.3,-0.30645749747069095,1.24150282846196,1.1584335000362551,2.2045909426303334,1.9972670924715712
0.1,0.1,0.6,0.9,0.6,0.6,-1.051642697849346,2.1152318415386766,2.0172034019329073,3.129669094815306,2.9415376193592198
1.0,0.1,0.3,0.1,0.7,0.8,0.7660768405125926,0.3304280839675582,0.19312252941413516,1.5103905322957425,1.6311808076308467
0.0,0.1,0.5,1.0,0.1,0.6,-0.4795304698234164,1.5260946453304194,1.2154586502886877,3.289151877199011,2.9122978027841793
0.0,0.0,0.0,0.0,0.5,0.4,1.7189316624690276,-0.6799058298359921,-0.7090537810206105,1.4900024292962495,1.323974050147254
0.4,0.5,0.2,0.5,1.0,0.2,0.9993635767038546,-0.24733196826307205,-0.3160202245821481,0.6700294684302814,0.530459570756759
0.9,0.8,0.7,0.2,0.6,0.9,-0.9581159810120994,1.9430816323153375,1.6008023591066716,2.83818852429675,2.6364282969457236
0.5,0.9,0.3,1.0,0.4,0.3,1.14111658370969,0.02201756396385518,-0.17887059713798753,0.4740548609562057,0.27920893519523654
1.0,0.2,0.8,0.6,0.0,0.9,-0.9313972017103653,1.8776958004705813,1.6851034021294145,3.0620319261838467,2.8622793441717578
0.1,0.1,0.6,0.3,1.0,1.0,-1.0849211467823738,2.0330191353638116,1.9319359593101406,3.6012265047074266,3.364385199814232
0.9,0.8,0.1,0.6,0.2,0.0,1.6834623660227797,-0.7793871316478211,-0.8412920477763388,0.98077750917679,0.8803453678869426
0.2,0.7,0.4,0.7,0.9,0.7,-0.5913525288902168,1.4795908674449945,1.5405194437483543,1.6244952474140262,1.5775533211029005
0.8,0.9,0.3,0.0,0.0,0.0,2.2143625697422507,-1.1201657911330392,-1.166385632182559,0.45081562660744434,0.375779609465574
0.5,0.9,0.6,0.1,0.1,0.8,-0.22466870097372885,1.306767938305462,1.2954150268841071,3.287206799265526,3.105475035677452
0.0,0.8,0.6,0.6,0.1,0.7,-0.5623897416577771,1.5018095685562152,1.5581928699265788,3.475849244409102,3.051527923310012
0.1,0.8,0.6,0.7,0.6,0.9,-1.0494272315303685,1.9068616679935826,1.8745690755993205,3.6247210395411376,3.449648840564258
0.9,0.5,0.7,1.0,0.1,0.1,-0.1695346808098977,1.5958449119490397,1.0383200859163741,2.3263683064335323,2.2306326271337014
0.6,1.0,0.3,0.6,1.0,0.5,0.41826645411525476,0.5348367815962474,0.40662685212219574,1.0712183189506943,0.8430609484419123
0.5,0.0,0.5,0.3,0.2,0.7,0.22065994185410975,0.9055842780003206,0.7596218410042763,2.084079715729552,1.9067666924030848
0.9,0.0,0.6,0.9,0.8,0.5,-0.6515994501442868,1.6138480160586433,1.3861879214117976,2.669417334078556,2.6087295845411056
0.0,0.9,1.0,0.0,0.5,0.1,0.2799379350851339,0.8202752042525246,0.7662587035028645,0.7495253112086164,0.7089205144110114
1.0,0.5,0.2,0.8,0.3,0.1,1.4249496790131158,-0.6407404010839731,-0.7093243687977113,0.6724180699291924,0.4852298172104585
0.4,0.0,0.6,0.7,0.3,0.7,-0.6561698529808608,1.5688469842700865,1.4626559168710878,2.460167144083115,2.145387322750273
0.5,0.0,0.6,0.3,0.7,0.6,-0.5289870197686335,1.472291939533044,1.4513320664012734,2.571838998695332,2.530181856146566
0.4,0.9,0.3,0.7,1.0,0.4,0.8663032579096913,-0.12498727777502722,-0.17714244444815436,0.742317054399986,0.4689878521651637
0.2,0.1,0.7,0.5,0.7,0.8,-1.3608812883808445,2.40487173699183,2.3053723784008255,3.423516498684588,3.1879101770759655
1.0,0.1,1.0,0.0,1.0,0.2,-0.1786633276119972,0.9447975781706642,1.0737591953018089,0.32657322480888,0.2832943871290088
0.2,0.0,0.8,0.1,0.2,0.2,0.16998133721152295,0.6941483332225155,0.594999997352296,0.5983211697601599,0.5437895279230609
0.5,0.8,0.9,0.8,0.6,0.3,-0.904790164979273,1.9288122113543158,1.8431951423721664,1.0474139031910688,0.6853697073116345
0.3,0.6,0.2,0.9,1.0,0.7,-0.34086096408326877,1.1571694524240441,1.1225239933443099,1.4789280102537756,1.4193684646536202
0.6,0.9,0.0,0.9,0.2,0.0,1.4300631356753126,-0.3281109713436826,-0.438431587134408,1.8500984836485324,1.6886038027072847
0.8,0.9,0.4,0.1,0.8,0.5,0.7536891084195927,0.13239095067131607,-0.13477924067538213,1.2781159095349577,1.3717741093946403
0.1,0.9,0.8,0.6,1.0,0.5,-0.8969081429096912,1.5954504937329654,1.6465299995378124,1.6610588264923936,1.4063485375220721
0.8,0.2,0.1,0.1,0.4,0.3,1.3758001617522786,-0.5470105484847496,-0.7097447030162585,0.7072789156894171,0.3876707766918368
1.0,0.0,1.0,1.0,0.0,0.8,-0.948059833586933,1.7723632229244093,1.7023554954918443,2.449727441186667,2.7449824414488986
0.8,0.2,0.4,1.0,0.3,0.6,0.22046797174501745,1.0174672066750878,0.6288119360174964,1.1983285241738626,1.0722584033845606
0.2,1.0,1.0,0.8,0.7,0.5,-1.4991736024403017,2.4740666950226426,2.2540307702610893,2.3510486727000184,2.232524306282032
0.8,0.4,1.0,0.9,0.1,1.0,-1.1391971232152815,2.207871677135317,2.005674556184558,2.8468924438599132,2.592550781268844
0.0,0.3,0.5,0.4,0.8,0.9,-0.15748180943009504,1.3353908778102357,0.925719293105532,3.153196275266227,3.1455436721925616
0.8,0.0,0.5,0.1,1.0,0.2,0.790606715255049,0.045706059566328894,0.07766570980300258,0.8045401221933459,0.584156819861202
0.5,0.0,0.2,0.8,0.1,0.3,1.5817345462308257,-0.4690828950469953,-0.6485258447609231,1.056908001436588,0.9671450567324792
0.0,0.5,0.9,0.7,0.4,0.5,-0.7498207825054498,1.9143672499059918,2.0145572315931286,1.2379121982415286,1.1831709868772609
0.1,0.1,0.1,0.0,0.1,0.4,1.556841097795247,-0.6331509269310545,-0.4515492317752643,1.8722052494732782,1.7031713887006525
0.6,0.4,0.5,0.3,0.5,0.9,-0.13452220130101886,1.085713467092446,1.053110743656152,2.278947519745949,2.070390447421379
0.6,0.7,0.8,0.7,0.5,0.7,-1.8181909565653804,2.75651748939314,2.8197925325962165,1.7545455451758174,1.5691474374803172
0.4,0.8,0.7,0.3,0.3,0.3,0.001171915116416511,1.2323346100728612,1.1472729824962888,1.345714834127826,0.8568386268640853
0.7,1.0,0.7,1.0,0.4,0.7,-1.458057887091257,2.529166160831541,2.379041190627335,2.697172722155913,2.6369340341853493
0.9,0.7,1.0,0.5,0.8,0.8,-1.7299617747912357,2.7530922712663144,2.4604942399813168,2.07958017603375,2.179107533417597
0.5,0.3,0.5,0.5,0.3,0.5,0.26291874441888313,0.7079351710161829,0.7354769765607378,1.0820851734823556,1.0105058868504047
0.4,0.4,0.4,0.8,0.1,0.1,1.3153687275935655,-0.40782404097105235,-0.5318764970391401,1.017581925432079,0.70769305685417
0.6,1.0,0.3,0.7,0.8,0.5,0.36740449792652813,0.9859112021401242,0.6741429846392769,1.5158188933592014,1.5157955536474959
0.7,0.0,0.2,0.6,0.1,1.0,0.7811679753566096,0.17670366275601784,-0.09336192590433848,2.6007478830255684,2.3802894616505283
0.9,0.9,0.4,0.0,0.4,0.2,1.7981385197837463,-0.570618668295443,-0.7440553004607188,0.1427476910024004,-0.17721064290736518
0.5,0.3,0.0,0.7,0.2,0.3,1.1948620766662592,-0.38725945975805864,-0.5336073699735908,1.6759229345984485,1.384034638291587
0.9,0.5,1.0,0.5,0.4,1.0,-1.3167362796129196,2.4160078873351263,2.350862372381696,2.349910679807667,2.2710680061147412
0.0,0.8,0.9,0.6,0.2,0.3,-0.14422547371189703,1.2872005061887046,1.0756090265280291,1.0455107439328564,1.0168841857546322
0.4,0.1,0.3,0.9,0.4,0.2,1.0571546618618952,0.10585393463740683,-0.07910916892907448,0.29614752638325725,0.16079553737865285
0.6,0.7,0.9,0.2,0.1,0.3,-0.5524462425086152,1.6384547218092458,1.4578350542934346,0.790019529104373,0.6724644442759778
0.1,0.0,0.8,0.8,0.6,0.3,-0.3273677082484483,1.4401568585100644,1.3556989406144655,1.6240943955910125,1.3865288796875905
0.5,0.2,0.0,0.6,0.6,0.6,0.2298829769003502,0.9413566337571604,0.5729694392973487,2.495252227084866,2.3318581709570974
0.4,0.6,0.1,0.2,0.8,0.8,0.24390318843278905,0.9924521332435264,0.9177775468483307,2.7551892148364505,2.7627224708472604
0.6,0.9,0.1,0.7,0.7,0.4,0.870651853800961,0.002738357485254611,0.015560609095527242,2.3012304922507147,2.187045178878988
0.5,0.9,0.8,0.9,0.5,0.4,-0.8281582047238975,1.7805740721034566,1.7879496499220882,1.5352267154805017,1.3975695441094118
0.9,1.0,0.1,1.0,0.4,1.0,0.21168652691656437,0.6977333656941016,0.6508590234579569,3.3723772446611786,3.0642259786686847
0.8,0.3,0.3,0.0,1.0,0.3,1.5830497596020565,-0.6974778848215836,-0.5995459399032864,-0.24826446201550212,-0.6541061559297501
0.6,0.8,0.2,0.3,0.7,0.5,0.8240748490560322,0.10472681633747463,-0.10670987385721403,1.2232329537952495,0.9707660120737378
0.7,0.5,0.9,0.9,0.1,0.3,-0.8593317271688542,1.806610805227026,1.8364585361045311,1.4254920998330995,1.3040310784985294
0.6,0.8,0.6,0.1,1.0,0.1,0.04502498940384783,1.012823103622635,0.7429043173686368,1.1922303738738527,0.8295738986146354
0.1,0.0,0.0,0.1,0.0,0.9,1.1581310863888723,-0.18876085317223665,-0.42688815067596997,3.306336069766489,3.322214802549602
0.1,0.1,0.9,1.0,0.4,1.0,-1.6031356333230011,2.6790884886362574,2.5582544977572512,2.619387320221112,2.1403190487895287
0.0,0.7,0.3,0.7,0.5,0.1,0.8858943775037962,0.11405990368824076,-0.043793610005301783,0.41268190598012716,0.2842188232691952
0.3,0.6,0.7,0.0,0.8,0.3,-0.4712348278362858,1.8685579886315695,1.7207394878444422,2.002481440601955,1.6578501578423526
0.3,0.9,0.6,1.0,0.2,0.9,-0.79642833160303,1.8323271617840287,1.6597281137724937,3.547689880447689,3.453351214391287
0.1,0.1,0.4,0.7,0.4,1.0,0.0652861478663557,0.9823488168019655,1.0220629502520122,2.2836814030029284,2.2674840480494916
0.2,0.0,0.7,0.9,0.2,0.0,-0.028261844737026205,1.1092320990573286,0.9817902902553362,1.8482140821385995,1.4691271575445972
0.6,0.8,0.0,0.4,0.6,0.7,0.47589108140558994,0.7562285011203357,0.4245436687463899,2.587340850565414,2.3600663941814783
0.8,0.4,0.0,0.0,0.0,0.1,1.9806739504547501,-1.0687965834419404,-1.3580701762756924,1.362797654068648,1.1323158035575154
0.5,0.1,0.5,0.1,0.5,0.4,0.1934178557132119,0.8155874047804097,0.599551705486873,1.420993079994213,1.2543016493122052
0.7,0.0,0.8,0.3,0.8,0.1,-0.2009645752447421,1.1336514808799238,1.1101016360868992,1.0093332787408713,0.7479006659509575
0.8,0.8,0.5,0.2,0.6,0.7,-0.26959946743326707,1.0116875280647686,0.9009520371072841,2.1524290952741976,2.0460688089439656
1.0,1.0,0.4,0.2,0.5,1.0,0.409339223950841,0.3623925085627476,0.35761582374163703,2.532563568614466,2.279821717691356
0.3,0.9,0.4,0.6,0.4,0.8,0.3197760180467093,0.33791809783764554,0.5371600387770207,1.7860909417244315,1.586885535307228
0.7,0.0,0.2,0.0,0.7,0.6,1.1276068627265763,-0.03284118145942434,-0.06634890982620331,0.9975108377790358,0.9722930521011087
0.1,0.4,0.1,0.5,0.7,0.4,1.3904121805192746,-0.49934848880809074,-0.5643007312012865,2.185358565999232,1.8428235074213306
0.9,0.0,0.0,0.0,0.6,0.5,1.5971273539843913,-0.29740132659191676,-0.5495781996092426,1.6292781095176396,1.6196091622572406
0.5,0.8,0.1,0.6,0.7,0.5,0.772919905553442,0.24850626612639706,0.26448485627727475,2.1675305901781656,1.901658556924002
0.0,0.6,0.5,1.0,0.3,0.7,-1.0308401161488865,2.0088245022023044,1.9066724663324355,2.723929563916111,2.4867268523799213
0.2,0.3,0.6,0.7,0.1,0.0,0.3027607724387781,0.6378853869374336,0.5515463346902342,1.9974368247271366,1.8016626757553698
0.0,0.8,0.3,0.4,0.8,0.5,0.8737240386449584,0.13172331298308737,-0.10986093913583453,1.3383085398334016,1.133357448250079
0.6,1.0,0.9,0.9,1.0,0.3,-1.0665476509806433,2.138822221963827,2.055188470710873,1.0438661196930192,0.9369793558761071
0.9,0.5,1.0,0.0,1.0,0.7,-1.029187139986649,1.9987838708591612,1.8992637220582327,1.254862005516074,1.2111311252819323
1.0,0.4,0.2,0.9,0.9,0.7,0.9040182965785295,-0.06018242161982257,-0.0005679042472163248,1.4797457850777163,1.2880183564442347
0.2,1.0,0.2,0.0,0.8,0.3,1.3629546411474798,-0.33123852881460203,-0.4869841255689094,1.2584096922704178,1.154107290263019
0.6,0.5,0.7,0.1,1.0,0.8,-1.2375316757614705,2.1698618431739543,1.9965494587573,2.3217180140225873,2.1727537076645094
0.0,0.1,0.8,0.6,0.0,0.5,-0.6163154447481363,1.633179027234775,1.767046424554911,2.5973897285676797,2.38568363983676
0.2,1.0,0.5,0.5,0.4,0.7,-0.36378812923107273,1.1414965890112723,1.2978836132903522,2.4234095604053243,2.2370912460482604
0.4,0.5,0.0,0.6,0.6,1.0,-0.03769360036465429,1.1077467718958929,0.9120012296768653,3.8026053198901373,3.6132068019250267
0.5,0.6,0.1,0.9,0.9,0.1,0.29912370724021864,0.6937089195674009,0.5774620107444746,1.5483293759106627,1.413813427416466
1.0,0.3,1.0,0.2,0.7,0.4,-0.049815713344334364,1.1194786998760384,1.1144113823977524,1.1239174254407376,0.8460901520791628
0.7,0.6,0.3,0.1,0.5,1.0,0.09262609139570063,1.254305059798137,0.7304771720385856,1.6334695421292966,1.6560710780860248
0.9,0.8,0.9,0.8,0.8,0.0,-0.6436883126102249,1.3791925195199852,1.2485804732022754,0.9099134844544163,0.6805476833236247
0.1,0.9,0.2,0.7,0.5,0.7,0.7799954233041738,0.28662616973528277,0.09478451325361992,1.7959595883170547,1.7576808150883405
0.6,0.0,0.2,1.0,0.7,1.0,0.276752741485092,0.8139629748020973,0.7257945947937368,2.9461809697002543,2.5646767221388767
0.0,0.8,0.2,0.0,0.6,0.9,0.7971176048774835,0.09985337901127628,-0.06059845652055758,2.0156513923114154,1.7090131210118564
0.9,0.9,0.6,0.3,0.8,0.4,-0.01260528482734806,0.8396387114971969,0.8365363151075946,2.632999777893864,2.4392189541786737
0.4,0.8,0.2,0.7,0.7,1.0,0.3133500583248693,0.6932407298894158,0.36639966569524807,2.6996403200419077,2.6495814641729956
0.3,0.6,0.5,0.2,0.9,0.8,-0.8172330333019553,1.5866972533170214,1.7872994420493435,2.5492986032422023,2.3281532847196633
0.9,0.6,0.0,0.1,1.0,0.2,1.1492220279744956,-0.09353608230195407,-0.0008608724135785589,1.3275877522559953,0.9859234664010832
0.9,1.0,0.1,0.5,0.9,0.9,0.2798779839767659,0.6591366758640518,0.5753906825204731,3.0842765957409872,3.109147666001225
0.7,0.0,0.9,0.1,0.5,1.0,-0.8907100129076595,1.9752525762880322,1.7182944132870204,1.6742515356163095,1.33175462532315
0.8,0.7,1.0,0.6,0.2,0.8,-1.4803169044611473,2.52376614973819,2.4319995380853947,2.080519089925797,1.5330195702173177
0.0,0.1,0.8,0.9,1.0,0.9,-1.636489526720991,2.733453203534604,2.9176583922632036,2.722452714218877,2.5235170439524435
0.4,0.3,0.4,0.6,0.8,1.0,0.1770481475524969,0.8883096236212336,0.7096022938061276,2.4472503843852036,2.375063006259717
0.0,0.4,0.6,0.1,0.8,0.0,0.4073069124120776,0.3238690555642735,0.45397924898276637,1.8914852882109159,1.797005299499756
0.7,0.2,0.2,0.3,0.2,1.0,0.5517607144628663,0.26211697022041974,0.29667838457857465,2.213291214060592,2.159065693688683
0.8,0.8,0.1,0.4,0.1,0.4,1.4818714546321663,-0.4857263565533374,-0.6866862849786745,1.6927697599371034,1.5593564542961906
0.5,0.1,0.8,1.0,0.8,0.3,-1.2975119940725248,2.080174248755811,2.1325366696058636,1.8556517734203533,1.5489487052700888
0.1,0.7,0.3,0.8,0.3,0.8,0.31872680879688314,0.8312753169472586,0.9402853229893939,1.1553045556205332,1.0678837422510323
0.3,0.4,0.2,0.8,0.9,0.8,0.5200135562261284,0.3553653745044446,0.4296758981710236,1.8107662521260324,1.6355944703699326
0.9,0.1,0.4,0.6,0.8,1.0,-0.02628515041031676,1.102991139263665,1.0558817688800997,3.0538761657072255,2.9228445270240457
0.5,0.6,0.4,0.2,0.3,0.6,0.11995365435728059,0.9651521066164366,0.9127021790417132,0.8287589509844498,0.77816105124125
0.8,0.9,0.2,0.1,0.2,0.4,1.7789646615185912,-0.742447696248042,-0.9907347947419919,0.9082368864863253,0.4565747287443299
0.5,0.7,0.8,0.4,0.6,0.3,-0.9945473247730277,1.893264723609844,1.8333123118475543,1.2559660565541226,0.9912686179335575
0.5,0.9,0.0,0.8,0.2,0.6,0.5890534667215385,0.3718772212543751,0.21179645799661484,2.687224911791705,2.2651224010908697
0.1,0.4,0.9,0.6,0.0,0.2,0.008669939084187728,1.0969866117772173,0.710838201554105,1.1812386574257083,1.0367312095750396
0.9,0.7,0.8,0.8,0.3,0.7,-1.5113261993727514,2.5045376406598407,2.2639388284345747,1.564266032014751,1.2808207045797206
0.4,0.7,0.8,0.6,1.0,0.2,-0.8868020018798862,2.078410294157071,1.8299604506454128,0.8160009333179823,0.5740672455620668
0.7,0.4,1.0,0.3,0.8,1.0,-1.3263166281329262,2.195604567488457,2.1420133546786677,2.8155200294793197,2.5102430071941164
1.0,0.0,0.6,0.7,0.8,0.3,0.2242078224033941,0.8807362021544715,0.7076996607663902,2.4300166382998722,2.064229259221216
0.9,1.0,0.8,0.4,0.9,0.0,-0.3725649807063565,1.3187055037139255,1.235524880714849,1.321355619938134,1.1157848420612597
0.3,0.8,0.9,0.9,0.1,0.1,-0.529089926201583,1.2918218271086157,1.131022518091843,1.1720926981341886,0.7182468554345117
0.8,1.0,0.0,1.0,0.0,0.4,0.7856977277756152,0.2639495728911588,0.053061985830591074,3.050671356869589,2.8547465813719652
0.2,1.0,0.2,0.0,0.9,1.0,0.4908560837861709,0.6044917576986798,0.4122482512865765,2.603199355091962,2.2775820222090677
0.2,0.6,0.0,0.5,0.8,0.7,-0.27824719332290593,1.3042231259496346,1.099905875632718,3.0762921967573766,2.89656777657076
0.1,0.1,0.3,0.1,0.6,0.4,1.1191893940222026,-0.27569516647170045,-0.17957142667890302,0.7186498394482328,0.6393111228275257
0.8,0.0,0.6,0.2,0.7,0.7,-0.6001127466443921,1.4866030558778172,1.3704813534069082,2.8112565358151422,2.5104826625607948
0.6,0.6,1.0,0.5,1.0,0.9,-2.1562083143561512,3.1780842837187704,2.963795796922752,2.303942747603291,1.99741091774165
0.5,0.6,1.0,0.5,0.7,0.1,-1.0015559750854686,2.3112017501566586,1.919906950995003,1.5549438466015657,1.0454113607286806
0.3,0.6,0.5,0.7,0.9,0.4,-0.4254325339954267,1.5330820880064437,1.6299637886053764,2.1042768531692944,1.9002555011560212
0.0,0.9,0.4,0.1,0.3,0.7,0.7716941682491474,0.19667923598216341,-0.014719142126334352,1.4081271720837354,1.3480816933404978
0.6,0.2,0.3,0.4,0.0,0.4,1.1211443768603424,-0.13259612052860556,-0.1757181658468786,1.1263235808227332,0.9619646012583171
0.9,0.5,0.5,0.7,0.1,0.5,-0.0366136563056102,0.8551566474158678,0.7445627258183845,2.362795898924395,2.3737180854163498
0.4,0.1,0.7,0.7,1.0,0.6,-1.4661655665649722,2.292000297788711,2.131263928135857,2.435602112983794,2.031656788874315
0.0,0.7,0.7,1.0,0.2,0.3,-0.8308652857562577,1.9233280260008712,1.8029032786352637,2.2014512750589215,1.9825642856528354
0.8,0.2,0.2,0.5,0.9,0.8,0.3639772699719557,0.6293959815768899,0.6081664763573196,1.8527724250681312,1.5808710103965593
0.4,0.6,0.6,0.2,0.9,0.0,-0.4853456221783555,1.4154069007981036,1.4418369397746382,1.7079929781937953,1.577305682731454
0.0,0.2,0.9,0.1,0.4,0.2,-0.17044315013408728,1.0362009948476647,0.9602866991704677,0.2467593443664896,0.19033875971407024
1.0,0.1,0.4,0.2,0.3,0.1,1.4965184590938816,-0.7833527924870064,-0.5665004586086956,0.3014910254359716,0.09333477909858626
0.0,0.0,0.6,0.2,0.8,0.5,-0.17676487314173303,1.0521067896371685,0.9547795133857521,2.895101692076209,2.6284191397499588
0.8,0.9,0.5,1.0,0.1,0.3,0.41585225027398476,0.5471051170052276,0.6043457643779937,2.4299999002403077,2.1570926389556
0.1,0.6,0.9,0.9,0.3,0.9,-1.796401442557155,2.783259467155481,2.747581633548051,2.177762139380004,1.9860755279676143
0.2,1.0,0.0,0.9,0.0,0.0,1.2408926350318166,-0.16944187179711778,-0.23182136511910395,2.748364248757471,2.4820803871103045
0.4,0.0,0.7,0.6,0.4,0.8,-0.9616285235362354,1.9267415328055604,1.779882018649991,2.345547208567856,2.2236582239552183
0.1,0.2,0.6,0.7,0.4,1.0,-1.1661030913221357,2.0682462088818587,1.9369245599650298,3.533244647856894,3.388564753898682
0.7,0.1,0.1,1.0,1.0,0.4,0.31780555191944576,0.5471811312528108,0.47366175031486607,1.6520661360181852,1.4901969930192247
0.2,0.1,0.3,0.6,0.1,0.5,1.0308896117835764,0.22377993379280128,-0.019650720937859568,1.4155859211912343,1.146695658945855
0.0,0.4,1.0,0.8,0.0,0.9,-0.8431833579505916,1.9924387149817815,2.0554682496055574,3.0050927657870536,2.920471409662389
0.3,0.7,0.0,0.0,0.9,0.3,1.1640523796287576,0.03992499913703301,-0.08187137125953489,1.3117189328340984,1.1501516308560575
0.9,0.2,0.0,0.7,0.3,0.4,1.0761372095698614,-0.1246755180048902,-0.12705926012875055,1.7117008234567999,1.584317666102891
0.0,0.2,0.3,0.4,0.7,0.3,1.1304435069123537,-0.1915977678116691,-0.2701055484756376,1.0938124731890257,0.9696461651199726
0.2,0.6,0.6,0.8,1.0,1.0,-1.9253408836513373,2.5803112047739916,2.6346760507617843,3.5900010120421593,3.3890179510363776
1.0,0.2,0.6,0.0,0.3,0.6,-0.11505949548830297,0.967451817252481,0.9576836050259214,1.6953878878438888,1.4314538477692214
0.4,1.0,0.4,0.7,1.0,0.5,0.31442843028378953,0.9612650873847447,0.7138245684076437,1.3605215323192485,1.2279765612053701
0.4,0.2,0.3,0.9,0.8,1.0,0.005893125249966991,1.2497346041280541,1.1039925949451834,2.5915024020155837,2.260048600577997
0.3,0.6,0.0,0.1,0.9,0.6,0.05938388265043393,0.9046761459187137,0.5469018626026672,2.1114280010807764,1.8599985768317713
0.8,0.1,0.4,0.6,0.2,0.4,0.9002444983009988,0.33140413805176083,0.04000359871017439,1.0628801625088655,0.9782338953619476
0.0,0.0,0.1,0.5,0.3,0.6,1.178941965746695,-0.20339465954930785,-0.31145877183619075,2.0211061594717163,1.7019885966837274
0.6,0.7,0.1,0.1,0.3,0.5,0.9268024756830442,0.23923353639943928,0.09991925660194068,1.0720370403409198,0.7168861988865126
1.0,0.8,0.7,0.6,0.3,0.4,-0.20408169730175285,1.2088801809745369,0.9714630927277859,1.453268952124094,1.4992917033403792
1.0,0.9,0.0,0.1,0.4,0.9,1.2495253890322617,-0.06896831210649149,-0.2242488597471357,2.549806844183815,2.4100555243138198
0.3,0.6,0.4,0.8,0.2,0.9,-0.39858892526455786,1.5073429312389395,1.3578030873524474,2.566907032495464,2.2553987386913636
0.2,1.0,0.9,0.3,0.9,0.9,-1.4809841378615747,2.5967928310112,2.3231070400351683,2.3964382260423966,2.17130472556635
0.5,0.4,0.5,0.5,0.8,0.5,0.05366947909088621,0.8385274626179187,0.7492059344987797,2.113200834734906,1.9420869227771262
0.0,0.4,0.5,0.3,0.2,0.9,0.41279756925776173,0.6907254905418324,0.6815216269407706,2.8900278169746176,2.665168514121276
0.9,0.8,0.7,0.6,0.0,0.3,-0.01806860480142231,0.9883109907779593,0.9436637103996462,2.419951788403321,2.0015869264150608
0.9,0.8,0.6,0.5,0.1,0.3,0.1674248093701271,0.5954714485612064,0.6844193573211184,2.2036195713409734,2.081618545270966
0.3,0.6,0.9,0.5,0.2,0.7,-1.4061291943328331,2.7148075342774716,2.324562959238777,1.5650637479209843,1.4181241265921138
0.7,0.6,0.5,0.9,0.5,0.7,-1.1452863008948668,2.1659426469654277,2.0490866512459847,2.5440802771722693,2.322481775521244
0.5,0.4,0.7,0.5,0.1,0.9,-0.794999045062557,1.8486993800914617,1.488947841283433,3.2213340025767834,2.962496231847215
0.1,0.9,0.8,0.7,0.0,0.5,-0.5411032181044911,1.3206176019570313,1.4477200766713225,2.6012112672799224,2.2621335876666375
0.2,0.8,0.2,0.1,0.9,1.0,0.6916446804733007,0.15125339373456545,0.2098770380135359,2.1110856043852735,1.5827052050643968
1.0,1.0,1.0,0.7,1.0,0.9,-1.357479973310334,2.3145625448140486,2.4274265632061254,2.5597953558461204,2.475357248564619
0.3,0.9,0.2,0.6,0.3,1.0,0.7977635148378733,0.14772110167038205,0.07155926379817547,2.450968579808913,2.1872924807866765
0.1,0.2,0.1,0.8,0.2,0.5,0.8287704859489569,0.09731201346804647,0.06838766553618549,2.1937312170235934,2.028215524781318
0.3,0.1,0.8,0.7,0.8,0.0,-0.6318231745151834,1.6586520275382413,1.528754193677065,1.5370743509526685,1.4383740102410623
1.0,0.9,0.3,0.2,0.2,0.0,2.306567777243111,-1.3589459137951403,-1.4481027415245156,0.11113191113002469,-0.10671184577987221
0.1,0.0,1.0,0.9,0.7,0.6,-1.1737116137096575,2.136222046983698,2.1627146377204474,2.2449811841907144,1.9682638743622662
0.8,0.4,0.8,0.8,1.0,0.5,-0.8003930872587328,1.9347981836568304,1.7976244091177318,0.9785029990239039,1.0463115016944584
0.1,0.9,0.1,0.4,0.6,0.9,0.7390748044235143,0.42638402132986525,0.27123381382911094,3.2126233925532293,3.0298930526407406
0.6,0.9,0.0,0.1,0.4,0.8,0.8024581273559538,0.28778517910716467,0.22419136661775046,2.2042689208889796,1.9427091427830845
1.0,0.1,0.2,0.8,0.7,1.0,0.23018237998307656,0.6730183543527508,0.49333682171287513,3.16769952431342,2.856853609578561
0.2,1.0,0.2,0.8,0.8,0.5,0.5581987424773416,0.4583784470535567,0.45176685741036454,2.1419775039030404,1.8583307919370482
0.8,0.0,0.1,0.5,0.6,1.0,0.8253333948491145,0.3904929445884217,0.10282714663936812,3.0963694317544164,2.915325108619922
0.2,0.0,0.5,0.5,0.6,0.1,0.6557864237120267,0.2858937715490422,0.2774113097549109,1.6363498584596208,1.3654029746073162
0.0,1.0,1.0,0.7,0.2,0.3,-0.5645691599492416,1.713694785048541,1.409658099751118,2.007335647413617,1.5519319257660207
0.5,1.0,0.8,0.5,0.9,1.0,-1.642102498333991,2.4220248907642556,2.570010371144848,3.3790384839466596,2.932550226609744
0.2,0.4,0.0,0.5,0.1,0.4,1.6985572451456012,-0.5837045343187582,-0.4872509991490098,2.2208048185268874,1.9688160264719208
0.5,0.6,1.0,0.0,0.3,0.9,-1.4683963664273496,2.471789112526684,2.419825084834237,1.631533820933695,1.3347541887993786
0.1,0.9,0.5,0.7,0.0,0.2,0.9330059346081122,0.1385604502343247,0.15298709964131746,2.3521207600492446,2.3035098291132616
1.0,0.3,0.9,1.0,1.0,0.3,-0.35632903290999157,1.4850994892089138,1.1771472003232464,0.3197292596526869,0.16991115336127394
0.1,0.2,0.0,0.0,1.0,0.6,0.6701138841827115,0.23457684099852705,0.09597457926079987,1.7443780961282216,1.3356983714256507
0.4,0.7,0.7,0.6,0.8,0.7,-1.8107897840935265,2.5755141747328256,2.4326948474094503,2.8696922023333515,2.451125950697458
0.3,0.7,0.0,0.0,0.0,0.5,1.1130910954088007,0.09876787234437681,-0.22140891178843886,2.0660141307919773,1.9912204299805158
0.3,0.4,0.9,0.5,0.4,1.0,-1.0073425072108668,2.0464278259183133,1.6864694779978653,1.7250254453775302,1.5268730416150997
0.3,0.8,0.5,0.9,0.5,0.0,0.5268535098217721,0.3752300919675249,0.36021182378919137,1.121898723865779,0.9097488274204799
0.5,0.4,0.3,0.6,0.8,0.7,0.3885062381549914,0.5407395719938632,0.3407812063036184,1.5622397884666384,1.1510451823707766
0.0,1.0,0.9,0.8,0.4,0.5,-1.0463908822792416,2.08493623303052,1.8232863323733217,1.445393303831704,1.6085781258158716
0.4,0.4,0.8,0.2,0.2,0.6,-0.30620549425829174,1.459963856210621,1.253593677884528,1.4874006377398037,0.9272424471986076
1.0,0.4,0.4,0.4,0.4,0.8,0.9891757298925022,0.2212706705476136,-0.10531178570354785,1.2285554931096767,0.8995848303911842
0.7,0.9,0.5,0.6,0.6,0.0,0.41499682908701646,0.3489576175676142,0.54873082160554,1.724432258543622,1.5957575371770059
0.3,0.2,0.1,0.4,0.6,0.8,0.17827275762823946,0.541108551557325,0.5028886920514019,2.599664921033411,2.4906484895930183
0.6,0.3,0.9,0.7,0.0,0.1,-0.31684563611540906,1.4022696323425015,1.2217941166584891,0.9448608863921615,0.5934529327720822
0.0,0.4,1.0,1.0,0.5,0.3,-0.700839855509688,1.706135807828887,1.4210399492002133,1.2625242140189612,1.086451721683109
0.4,0.7,0.5,0.2,0.7,0.7,-0.5225269249384906,1.5031212245692585,1.495665016687849,2.266042579176816,2.1117955443159064
1.0,0.2,0.0,0.1,0.3,0.6,1.1124188687252583,-0.2650667206311367,-0.3741824637757092,1.576869257173993,1.2846610264622527
0.2,0.6,0.5,0.9,0.8,0.0,-0.10989230296556646,1.3409478164615785,1.1926829470273141,1.9643235208264764,1.8044075485618978
0.7,1.0,0.3,0.3,0.6,1.0,0.04870249681740954,0.8342375269365438,0.6034868729157414,2.353442749166806,2.322050251331039
0.1,0.7,0.8,0.7,1.0,0.6,-1.6040441741571552,2.6728223428700146,2.42438946312888,1.5191920353116248,1.5033563555299632
0.7,1.0,0.4,0.4,0.8,0.2,0.7120232773815669,0.2424770075735792,0.3768603659989398,1.4774460340225424,1.1952287603569003
0.1,0.8,0.4,0.7,0.3,0.9,0.24015096937746147,0.8924525706939084,0.6385396748953787,1.9136627844098242,1.760671920096167
0.0,0.8,0.9,0.7,0.3,0.1,-0.22264709567090413,1.2812152394065837,1.0277709412340212,0.752913085356899,0.2690633909008395
0.3,1.0,0.7,0.0,0.4,0.1,0.07493405394319919,0.8556829096987851,0.9658324776101563,1.0928134825842006,1.1966179242567754
0.2,1.0,0.1,0.6,0.2,0.4,1.2296945997767412,-0.10941091356446986,-0.3127048796248973,2.3802335881073566,1.8739985898055085
0.4,0.1,0.3,0.8,0.1,0.4,0.8934295102884846,0.21834547059553755,0.10429792551192471,1.284904181519173,0.9966744290193172
0.0,0.7,0.6,1.0,1.0,0.2,-0.9428277307715026,1.9408140877086524,1.687984122743126,1.9962681635700188,1.9335378914279655
0.8,0.9,0.5,1.0,0.3,0.1,0.5904120719663475,0.4628137534963443,0.44738190787770155,1.4742156858991982,1.1887738836810364
0.6,0.2,0.9,0.2,0.6,0.3,-0.6220253933376241,1.5343903275125639,1.5503762736394862,0.8502894486593886,0.3892946940101956
0.7,0.5,0.3,0.2,0.5,1.0,0.32346751232636994,0.7572119550731624,0.44873084664301166,1.7595184727147573,1.6282598842356395
0.6,0.5,0.1,0.1,0.0,0.7,0.7497972708846717,0.4591098597471708,0.21687255760803065,2.56021974490496,2.4378286361452868
1.0,1.0,0.2,0.8,0.2,0.1,1.742243453318792,-0.6039124425998503,-0.6935406982122719,1.1931642486155987,0.8289100526757187
0.8,1.0,0.0,0.0,0.1,0.7,0.8342282820764148,0.09147405308325167,0.02157535094153746,2.9861763808399004,2.7288776720795727
0.5,0.9,0.0,0.7,0.4,0.9,0.3856324287433137,0.630802602984789,0.3659401121982129,3.059048665167152,2.7366533223881726
0.4,0.8,0.5,0.5,0.1,0.3,0.5642748154950996,0.29738634750468385,0.3326229802598605,1.7405878061507767,1.7262993728779774
0.4,0.0,0.0,0.8,0.9,0.4,0.7319016261187233,0.06595345178655931,0.1079474097751017,1.9911540165574233,1.8071769938995244
0.2,0.8,0.4,0.0,0.0,0.1,1.7501109133867283,-0.6923026139306852,-0.8494716242385265,0.7389028126841567,0.514277902948889
0.4,0.8,0.7,0.3,0.5,0.6,-0.7263738187908396,1.8265616369751325,1.5417674087483346,1.954933872614878,1.5238111604449243
0.5,0.2,0.2,0.4,0.8,0.9,0.20276413954928224,0.6185982446469285,0.6763674251974988,2.2657491220266954,2.220707890699905
0.6,0.3,0.7,0.3,0.8,0.2,-0.22059003910247196,1.3383540675742989,1.1126360998674811,1.6048097752684043,1.2766482108687165
0.2,0.0,0.8,0.0,0.8,0.9,-0.7381355102959212,1.9446317075915944,1.529409903645279,2.3641942124207835,2.2403356770926175
0.0,0.7,0.8,0.6,0.0,0.4,-0.7282076332433326,1.6581249169282983,1.6067383376817534,2.3260342960276166,1.8859144524762332
0.6,0.4,0.2,0.9,1.0,0.0,1.2862064856761175,-0.23459668311229473,-0.29178265172444073,0.27895850047730925,-0.04077865194094396
0.7,0.5,1.0,0.5,0.7,1.0,-1.6299156419257834,2.641168832708763,2.8380391844746056,3.262214049957003,2.922499951026566
0.4,1.0,1.0,0.9,0.6,0.9,-1.8322277856839952,2.82534203980143,2.658387973502507,3.066096197611267,2.965967514990908
0.7,0.2,0.8,0.8,0.6,0.2,-0.8334061014561488,1.886135160994924,1.6308116576603375,1.2263078894401138,1.2197100806174288
0.8,0.9,0.3,0.1,0.2,0.9,1.2191392149085565,-0.0457314609518457,-0.25092798009679795,1.6166867966142597,1.3592894793044232
0.1,0.0,0.2,0.8,0.9,0.5,1.0832998298233052,0.15371486213989038,-0.09573821848083051,1.339278354368331,1.151790134503904
0.3,0.9,0.5,0.6,0.7,0.5,0.0766849707633727,0.9935269029522915,0.9232415999745858,2.620911599607832,2.4149313982206095
0.1,0.9,1.0,0.3,0.6,0.3,-0.2521047010174805,1.100969222502104,1.109736618041201,1.3159823990291897,1.3759115891871063
1.0,0.4,0.7,0.3,0.4,1.0,-0.4738168108866979,1.2781723838362418,1.2207055478024824,2.798548547847029,2.5211450229177474
0.5,0.8,0.1,0.3,0.5,0.7,0.5080144399922998,0.20426512490914345,0.1976272903551583,1.7554891258896472,1.5117685352175532
0.5,0.1,0.0,0.6,0.9,1.0,-0.1930774324291511,1.091653511936705,1.109272844919298,3.6046747254258444,3.337567689070901
0.4,0.1,0.5,0.0,0.9,0.3,0.32167202344161155,0.6836600602885176,0.8083804799601362,1.4644441241600785,1.158868509682427
1.0,0.2,0.3,1.0,0.4,0.2,1.107016331950992,-0.1236535872056515,-0.28175571766336155,0.27505757304442546,-0.11326317887837267
0.4,0.9,0.6,0.6,0.4,0.9,-0.7404213152877186,1.6869988137062626,1.7984533399208313,3.2602079941689075,2.9583458658616384
0.6,1.0,1.0,0.3,0.1,1.0,-1.1425557901513528,2.3913097020470273,2.1281123863593607,3.1609093620733097,3.1169576838996798
0.2,0.1,0.2,0.5,0.2,0.3,1.373655054933505,-0.4517427979614159,-0.6491975373073222,1.0991154528782983,0.9030655377816148
0.9,0.1,0.7,0.1,0.7,0.5,-0.6785314207195305,1.5190649000614462,1.422019109305638,2.327400933326494,2.1528241276986995
0.0,0.3,0.4,0.8,0.7,0.8,0.14998088625970465,0.6083871396907325,0.8602008685140317,2.137265117952077,2.1935446132129783
1.0,1.0,0.2,1.0,0.4,0.5,0.9293746699593101,0.04341762017899768,-0.07880861999641096,1.3790666548112838,1.3263392970998888
0.6,0.1,0.7,0.3,0.7,0.6,-1.2044640593351061,2.2308046708928826,2.015540450769774,2.603518108973601,2.583088335272781
0.1,0.6,0.5,1.0,0.6,1.0,-1.4802235489261495,2.4264433457255326,2.151004590637477,3.956663339439859,3.6118533734947595
0.0,0.5,0.8,0.6,0.5,0.6,-1.0518736616971425,2.113109018357997,2.0326147859310693,1.9753581249159353,2.0282924483551
0.3,0.2,0.7,0.9,0.5,0.7,-1.4003552821553775,2.4782264562458187,2.4287825411585957,2.535458466161081,2.3424281393306856
0.8,0.9,0.7,0.6,0.2,1.0,-0.8503250225836265,1.896273426902423,1.5995465767582049,3.6744217002962025,3.616182277213221
0.1,0.1,0.4,0.3,0.6,0.5,0.5743278310531131,0.3716120234225412,0.3793842923909523,1.594915879103022,1.2628494821296503
0.3,0.2,0.4,0.6,0.9,0.9,-0.13942032654849015,1.321181710635784,1.016561647715962,2.306413131411941,2.0071065026652453
0.6,0.2,0.5,0.1,0.3,0.4,0.3959088594348845,0.6318469993475906,0.43732375631628834,1.140856077886051,0.7696571392992634
0.0,0.6,0.8,0.9,0.2,0.8,-1.6649670264903287,2.695741442630983,2.5564379265617303,2.8973175231158077,2.652982607680232
0.5,0.0,0.9,0.9,0.9,0.0,-0.7336343203059891,1.6279885840768527,1.542077434210034,0.3987548895794395,0.4821279415537258
0.8,0.0,1.0,0.2,0.6,0.0,0.0500287368334969,1.0211882660477447,0.9173307058810277,0.5369010649832278,0.22764356915604414
0.9,0.3,0.6,0.4,0.3,0.0,0.5709609105548924,0.433289092941763,0.3100404804087472,1.056863407341741,1.1174656154134421
0.9,0.7,0.8,0.5,0.6,0.7,-1.3985696412756954,2.3352409204506146,2.245749159373104,2.147962530320585,1.700430113564124
0.7,1.0,0.3,0.2,1.0,1.0,0.2117756301776451,0.819098487717955,0.810551501406216,2.208851540268185,1.6795783043367074
0.4,1.0,0.6,0.3,0.9,0.4,-0.3821276508460919,1.5192277655288944,1.3686486794033903,2.4647287214577194,2.442329771947716
0.2,1.0,0.5,0.4,0.7,0.2,0.422121197905592,0.7546844886398898,0.6846056401182407,2.270797786859433,2.200520540595979
0.9,0.0,0.5,0.7,0.3,0.1,1.0306160457037716,0.19592378206017474,-0.13114597997161298,1.1372158276272493,0.8433177349215332
0.8,0.6,0.0,0.1,0.8,0.1,0.8312335991567432,0.1657646918249147,0.03715365754852136,1.7184158428734566,1.6785301541913547
0.9,0.7,0.5,0.8,0.4,0.1,0.15779270918032148,1.0510136479666803,0.8515052659833171,0.9623066386117833,0.6900973825091599
0.6,0.3,0.2,0.8,0.0,0.1,1.5904165614565415,-0.7390144950777133,-0.735832058579319,0.8786583948016611,0.8308625409057477
0.4,0.5,0.8,1.0,0.9,0.0,-0.9366908068372622,1.933816068607986,1.8313971283090835,1.2578699653116518,1.1495680445991674
0.6,0.7,1.0,0.3,0.7,0.2,-1.1303811708501705,2.166800377107613,1.9356925592244056,1.0877028555178927,0.6856143224037544
0.3,0.2,0.0,0.7,0.8,0.9,-0.054585106916338666,1.0467722348475137,0.9880317578833229,3.483155540424236,3.3316828883952327
0.2,0.2,0.6,0.0,0.9,0.0,0.058121042246105814,0.9873285433838246,0.632465114369135,1.5731422235566557,1.2460104566103438
0.7,0.7,0.4,0.1,0.6,0.3,0.47430312350721493,0.6216753675537046,0.10260881018145593,0.6648520676031848,0.28986303629048227
0.4,0.3,0.5,0.5,0.5,0.9,-0.28353764187550523,1.369595907003809,1.170499481081303,2.1537665215335626,2.1710162517789793
0.8,0.0,0.6,0.2,0.2,0.0,0.605688872653694,0.1917584402513786,0.1335694552638481,1.4070345792956627,1.320930959501521
0.0,0.1,0.0,0.4,0.7,0.5,0.7266684498700184,0.47261828864864996,0.23930897245730492,2.969216049749712,2.7742349957002492
0.9,0.1,0.4,0.4,0.3,0.6,0.5112763122058416,0.42797592243698407,0.42680078731303656,1.2151912166543934,0.784389462150357
0.2,0.5,0.0,0.4,0.9,0.0,1.1987103303915596,-0.1052888556797049,-0.2924440311971897,1.6315674650770835,1.5690158869205717
0.5,0.7,0.1,0.1,0.9,0.8,0.14888309403501318,0.862295331809692,0.7149323392266469,1.9285080061204725,1.6845958836741584
0.4,0.0,0.8,0.0,0.2,0.9,-0.3903844152489019,1.5525272002323143,1.3616523981661155,1.8685933591975885,1.6496298758031127
0.5,0.7,0.0,0.6,0.8,0.3,0.49432809553986273,0.5783079115694892,0.5646100136972612,2.1360551239310728,1.8634963161349234
0.4,0.5,0.1,1.0,0.0,0.2,1.1741001325472178,-0.06463778578278914,-0.16168326151958567,2.2024149158472546,2.04508431830838
0.2,0.5,0.3,0.4,0.2,0.6,0.8755389922490824,0.31373526105841004,-0.03945690690775999,1.335168535050796,0.8529446583343712
0.7,0.9,0.1,0.8,0.9,0.8,0.5376596012868922,0.7739172385449054,0.6332078415798256,2.9972037697125673,2.634190296986961
1.0,0.9,0.8,0.1,0.7,0.7,-0.5238877751168023,1.4795020918330388,1.3301815710457436,2.360628670698332,1.8654819922142858
0.4,1.0,0.8,0.6,0.9,0.3,-0.704830151580205,1.9366752039183834,1.8231015227235412,1.7366915618447503,1.5651616184812704
0.7,1.0,0.0,0.1,0.6,0.4,0.9472990175746372,-0.15038072180723747,-0.025775415806499627,2.3711391717796406,1.9162607065367954
0.2,0.9,0.6,0.2,0.5,0.0,0.5373788813572559,0.455108650307771,0.4878471024142592,1.7603027351274299,1.5039560282618396
1.0,1.0,0.5,0.8,0.0,0.3,0.4713968199324483,0.459609696301464,0.26774609646973807,2.813553954517226,2.406084062776398
0.4,1.0,0.0,0.9,0.2,0.9,0.22609921597673693,0.8649782873666461,0.7165695688356495,3.6893940095067674,3.4654343281688775
0.9,0.4,0.9,0.6,0.2,0.3,0.07769873288617371,1.054174586750026,0.8744698181946621,0.6037448767013217,0.3816164461425904
0.5,0.6,0.6,0.1,0.1,0.7,-1.0590314763945985,2.0378316530982103,1.9578495258173616,2.880174692141299,2.6078472514635833
0.4,1.0,0.8,0.0,0.8,0.9,-1.2976294273087299,2.190607567808721,1.9495435480048886,2.5417425978037698,2.5952836634196057
0.7,1.0,0.2,0.3,0.6,0.4,1.0854665829820436,-0.07179391142571259,-0.07042324319194453,1.5104970700804086,1.220272115808621
0.3,0.3,0.5,0.2,0.7,0.2,0.6198595505340947,0.057527600752172,0.032381650618336574,1.4213702059086504,1.1717245329255794
0.1,0.7,0.7,0.3,0.6,0.3,-0.584318797245377,1.6516268943474781,1.7260764936284274,1.917484812672139,1.6415639604636887
0.3,0.6,0.5,0.1,1.0,0.5,-0.43110188103983477,1.3830931116610834,1.2462520303840106,1.3495499688016976,1.1100284559959863
0.7,0.5,0.2,0.1,1.0,0.6,0.7045308859885532,0.38595035163138564,0.1565766391442432,0.8421283697357208,0.49405887799934467
0.8,0.0,0.3,1.0,0.5,0.1,1.3845475003018448,-0.3811165836028454,-0.47862564887159964,0.09937791372445393,-0.0512385149697687
0.6,0.8,0.0,0.2,0.3,1.0,0.5038796259321366,0.4015386649846813,0.5125704066809447,2.6818759112466077,2.370998628230091
0.7,0.3,0.4,0.1,0.5,1.0,0.6500124306174055,0.41875113657438,0.418097701014946,1.625472245515652,1.3328643660454453
0.3,0.6,0.5,1.0,0.9,0.0,-0.5349953328881769,1.3501822232446157,1.3018446271183222,1.7521231807424946,1.413349440440957
0.3,0.7,0.2,0.8,0.3,0.8,0.1068615953592379,1.046186926479702,0.67395149185193,1.5110959027579813,1.2963951532113025
0.4,0.5,0.3,0.9,0.0,0.7,0.33296010319480923,0.7807929951861261,0.36073879257950114,2.0554013700601517,1.7838126559464411
0.3,0.9,0.2,0.8,0.0,0.0,1.7684408187184149,-0.8328058677692308,-0.8265451341097496,1.4878563580783903,1.3610014148172018
0.4,0.4,0.1,0.6,1.0,0.5,0.9304656863856859,-0.0720047029167028,-0.04583077041830508,1.2851684791469724,1.2896071083763923
0.4,0.8,1.0,0.8,0.0,0.3,-0.46677373387916465,1.4091481793972627,1.3634296311462009,1.4088638542844008,1.3188673164664124
0.1,0.2,0.3,0.3,0.6,0.7,0.5950449063620465,0.5335035972102834,0.34605238950170525,1.296165842557931,1.192264010976243
1.0,0.0,1.0,0.4,0.1,0.0,0.5727506343991715,0.47859269939428656,0.6798016073183306,0.8045163854957137,0.6807318119551163
0.8,0.5,0.2,0.7,0.9,0.8,0.12923368178382852,0.9214804570324329,0.6606011471439975,2.086056053867705,2.033666729596641
0.0,0.3,0.3,0.9,0.4,0.6,0.6738660063085752,0.1851334242484117,0.1439017710105124,0.6605760767721851,0.7105282936104349
0.3,0.8,0.0,0.8,0.3,0.4,1.0525919814623867,0.055219724608855866,-0.15062753505039866,1.5220319520275218,1.4927270569887243
1.0,0.6,0.8,0.7,0.9,0.6,-1.5423952460957095,2.549761225197369,2.5441019165601912,1.889681754587718,1.7264406397076157
1.0,0.5,0.0,0.1,0.8,0.4,1.3024970499281656,-0.28880830344277814,-0.5322887939106737,2.392096035474893,2.0436516480348463
0.4,0.8,0.9,0.2,0.1,0.0,0.07129607368620529,0.7848131747816908,0.8552033335353937,0.46444666307052584,0.2729350128027208
0.4,0.1,0.2,0.3,0.5,0.9,0.4613469282262307,0.6004917650537492,0.5154791950411507,1.9281602894935055,1.7042123257771504
0.8,0.5,0.1,0.6,0.4,0.7,0.5658552818508851,0.5501697471941914,0.4680396274340351,2.202612531073038,1.834587106926492
0.4,0.4,0.9,0.2,1.0,0.6,-0.7418931150824857,1.8542849658836968,1.613392600716345,0.5147767553134026,0.4595124116195429
0.8,0.2,0.1,0.0,0.3,0.5,1.2148318670732783,-0.20116321988876876,-0.44371822949278766,1.0348310037304316,0.8393196235773799
0.4,0.6,0.1,1.0,0.1,0.0,0.7008212406928274,0.15530994446613636,0.2328951762564169,1.816851131407589,1.6868549031708056
1.0,0.2,1.0,0.2,0.8,0.4,-0.4541263005381291,1.7338490450890196,1.4718065032256853,1.195163081662884,0.9494528563045868
0.8,0.0,0.5,0.3,0.7,0.8,-0.021024471266109956,1.1884531132414253,0.9859150591380846,2.9566165173809162,2.5522816507270862
0.0,0.2,0.4,0.7,0.2,0.0,1.1154078624115036,0.08531584927708744,-0.44022334917271566,0.9547832496176597,0.7869410188544624
0.8,0.7,0.7,0.4,0.8,0.7,-1.7318948712802784,2.692139794881783,2.4948031811769824,2.597556600819786,2.4138144060737647
0.9,0.0,0.8,0.2,1.0,1.0,-0.7711626905343606,1.8349308133915507,1.7105016012015384,2.114690657352962,1.9272515234233332
0.7,0.6,0.1,0.7,0.3,1.0,-0.23965501306253756,1.1871175157763125,1.226988121657125,2.991060190646799,2.5061365004630005
0.6,0.3,0.6,0.8,0.1,0.0,0.4438854448840638,0.8310389499945698,0.7325812747375671,1.8406117069629961,1.8218481993160112
0.7,0.9,0.3,0.0,0.0,0.9,1.2193679470057162,-0.2620150368809079,-0.1912657474805887,2.266197099185779,1.8932522704112429
0.6,0.4,0.0,0.1,0.6,0.9,0.43469103273840054,0.3045554143154845,0.22383997457110794,2.4825152369864703,2.486184486088772
0.3,0.3,0.4,0.6,0.1,0.5,0.8774717254463016,-0.10345889003613554,-0.3107083560655566,1.148631987087003,1.2799585984286188
0.0,0.0,0.5,0.9,0.9,0.4,0.06493064805996585,0.7188797853144795,0.6797044368313001,2.1632580805403476,2.0388745960802046
0.8,1.0,0.9,0.4,0.3,0.6,-1.0093996627125652,2.0473701800502617,2.0622937883824695,1.2914790228673947,1.2349730065704758
0.7,0.6,0.2,0.9,0.7,0.2,0.2717343234175622,0.5463236579116426,0.7195557005803095,1.441151651587794,1.222683247272665
0.4,0.2,0.1,0.9,0.5,0.2,0.8937980632024085,-0.016948227400368034,0.02463843133280902,1.1712246591189235,1.1899585704467186
0.9,0.0,0.9,0.5,0.9,0.9,-1.0791265449861884,1.9628417782697567,2.0086188764213957,1.902897312075222,1.8812978144419943
0.5,0.1,0.8,1.0,0.1,1.0,-1.7147578170901858,2.6487295212938395,2.556333524185762,3.4180075607795657,3.2311608061047434
0.5,1.0,0.1,0.4,0.1,1.0,0.47758321311277196,0.6437364759701237,0.390168485413614,3.8194369691376844,3.7597389348532255
0.7,0.7,0.1,0.7,0.2,0.1,0.9405382333761303,0.14806814901797993,-0.02627661288934178,1.1963841744672616,1.1203108772413466
0.8,0.3,0.8,0.2,0.8,1.0,-0.9929301531455482,2.107099842965111,1.7995442523392993,2.5605605209700224,2.245129633622416
0.4,0.7,0.2,1.0,0.4,0.3,0.6787139791875512,0.3725110540107934,0.29271002180929356,0.5460031884959077,0.2988859894898867
0.9,0.9,0.5,1.0,0.5,0.7,-0.307982952553864,1.3722006103706605,1.0894605580434464,2.562537825260379,2.501661024361455
0.5,0.4,0.8,0.2,0.7,0.8,-0.8736279637846944,2.1293314367247276,1.6918242325619832,2.148685354166109,1.885102947883812
0.8,0.5,0.0,0.0,0.3,0.8,0.8506925279300476,0.18483541856361804,-0.009288383890162732,2.0948765802166043,1.8291984863680621
1.0,0.5,0.1,0.4,1.0,0.2,1.532462558166008,-0.4648101125623954,-0.5327235197434427,1.2027482763576454,1.230047431892758
0.5,0.6,0.3,0.4,0.5,0.3,0.7892089808848658,0.38463208041853725,0.14803362933353897,0.43967162973819424,0.25352838027190744
0.1,0.2,0.9,1.0,0.1,0.0,-0.512495730824358,1.497684656729393,1.4221989624480504,1.236534225265144,1.0952809316002665
0.5,0.9,0.9,0.2,0.0,0.6,-0.3251159988834479,1.567720699587321,1.509237337353134,1.8109118626240828,1.7670558964689775
0.0,0.0,0.3,0.3,0.5,0.6,1.0863778178994563,-0.22651019470978656,-0.1332975600694737,0.793595854311625,0.6306545889391754
0.4,0.3,0.4,0.1,0.7,0.7,0.569115924133306,0.49186559409613184,0.4299148572156526,1.3541422400578975,1.2865366186060945
0.2,0.0,0.3,0.3,0.8,0.8,0.6562110922411755,0.14845905752091132,0.08588282553833544,1.6214261293395205,1.2420389984264493
0.1,0.7,0.7,0.6,0.0,0.8,-1.338174505158096,2.3748897608106274,2.270361652851084,3.482807066622871,3.227299743072334
0.6,0.6,0.9,0.6,0.6,0.5,-1.8156479711358424,2.710891966844773,2.6976396425688365,1.2721264452575716,1.2523046908322044
0.7,0.5,0.3,0.0,0.6,0.2,1.2353784360111124,-0.31143761328219444,-0.3630652852712672,0.1617158552571807,-0.08074589566682588
0.2,0.1,0.1,0.5,0.2,0.7,0.651255433546207,0.4375268899633518,0.2570409873775292,2.306635992125704,2.095179591411198
0.1,0.4,0.2,0.2,0.8,0.3,1.6597295981624318,-0.7266049304195443,-0.7331182512397093,0.8785749592700127,0.4970317650254556
0.4,0.2,0.4,0.5,0.6,0.9,-0.04195259436472197,0.9533381651027194,1.0437286986413767,2.1790419363493982,2.1585261215272284
0.1,0.1,0.1,0.4,0.1,0.1,1.651517678107687,-0.4618333097420188,-0.7821666595729693,1.8398095891177384,1.7871260623461414
0.9,0.6,0.1,0.1,0.2,0.0,1.4276805990743244,-0.4828940709281586,-0.7385547321047812,0.9248553971167744,0.5865119823534668
1.0,0.0,0.3,0.4,0.3,0.7,1.3096434435888564,-0.15549006315275316,-0.3827420887376087,0.5837607087980654,0.5070148469145448
1.0,0.8,1.0,0.4,0.5,0.6,-0.6645918469828882,1.7173180994216384,1.5062987547765445,1.2959631012954143,1.069709887330482
0.6,0.2,0.6,0.4,0.8,1.0,-1.0505544011382895,2.413460839514216,2.0560686558637373,3.919903310846689,3.8639158834681115
0.8,0.7,0.0,0.8,0.3,0.2,0.7908282771770709,0.29076969202753156,0.12033268856579304,1.3509853964189178,1.1200644491571463
0.1,0.4,0.3,0.1,0.0,0.0,2.228039128571348,-1.249565472219222,-1.4517169657520534,0.47467421235271773,0.05397667275249421
0.4,0.3,0.0,0.5,0.5,0.1,1.3881983079179139,-0.7261591093367213,-0.6916473413856676,1.1452874283774825,1.1054827591922645
0.9,0.0,1.0,0.1,0.2,0.9,-0.7332035911012638,1.5703747304965483,1.4949829516374518,1.7005087135962533,1.748518487661081
1.0,0.6,1.0,0.4,0.5,0.7,-1.4294079075594808,2.4215983928822955,2.270224490192555,1.7244045961326957,1.6222486441508701
0.8,0.2,0.4,0.4,0.5,0.7,0.24744284810742517,0.6830452838477528,0.741459533162781,1.3186357531094943,1.0624179120330828
0.7,0.1,0.1,0.3,0.0,1.0,0.5111046412584872,0.603631983503869,0.2948955316484227,3.6791041501317436,3.2144269804409484
0.3,0.7,0.9,0.2,0.2,0.7,-1.265035933088769,2.193909911391622,2.0540657412488654,1.367294003573748,1.1156180925924066
0.4,0.0,0.9,1.0,0.6,1.0,-1.5996704504920944,2.460760408236289,2.203790479221757,2.6715880569704225,2.2847839102225103
0.5,0.3,0.3,0.9,0.8,0.2,1.0308482874817644,-0.016548841123519658,-0.11692415250728082,0.4480749179918776,0.4508765708685634
0.8,0.3,0.7,0.4,0.8,0.0,0.09861915491387208,0.938904287377042,0.967951737307774,1.4816965283961305,1.1612095889645544
0.3,0.5,0.3,0.9,0.4,0.8,0.24015927285672917,0.8788111399135589,0.9082597270336689,1.2051888766027512,1.104693267829457
0.7,0.5,0.3,0.8,0.3,0.8,0.18755337683137627,0.7940914934390064,0.5302736732467392,1.509398823646561,1.1379695917057728
1.0,0.1,0.5,0.1,0.1,0.5,0.5540044975361014,0.3593882222433563,0.23875660131362683,2.149254168964047,1.7288778442237371
0.1,0.6,0.0,0.2,0.8,0.0,1.0551084678997986,0.05538322822063221,-0.06967696712919434,1.795630175189323,1.658573295755333
0.2,0.0,0.7,0.5,0.7,0.5,-0.5852876599257717,1.5187223610557106,1.5705534017479872,2.326656459309542,2.5231743448466086
0.4,0.8,0.6,0.5,0.0,0.3,0.0816986763672681,0.7506494498646644,0.7885371246007729,2.563462127690129,2.2145590711573995
0.8,0.8,0.8,0.9,0.1,0.1,-0.25354947101342695,1.3374514441096865,1.1620311873205214,1.2822762483479841,1.0984064850520108
0.7,0.2,0.1,0.6,0.0,0.2,1.3126838778533114,-0.34429790252849624,-0.4165514622033896,1.954380325527532,1.7329524442726625
0.6,0.8,0.4,0.6,1.0,0.1,0.6464814402102166,0.21442789562183215,-0.05896985626085119,0.22632248243742892,0.01716835303054183
0.1,0.7,0.2,0.6,1.0,0.3,0.7099071532626047,0.24093832778593438,0.05232709254708336,0.7190963174195566,0.42423686811566214
0.2,0.2,0.5,0.0,0.1,0.5,0.6899134108668257,0.5875420539902825,0.32856633583645617,1.7810440564546794,1.3944457157319154
1.0,0.4,0.8,0.1,0.8,0.6,-0.3069631906837371,1.2115184460935455,1.2114296499492205,1.5947260781277728,1.4005835432683722
0.2,0.1,0.0,0.0,1.0,0.2,1.1470457637604468,-0.1945875093758706,-0.3836647835685616,1.24315256924538,0.9615958713925479
0.3,0.4,0.0,1.0,0.4,0.2,1.3004538678888828,-0.1605398924962982,-0.3875070903880245,1.3748493742299976,1.0908771409642752
1.0,0.1,0.2,0.1,0.8,1.0,0.7552986213982887,-0.031702326341415565,0.14065010119723664,2.6140281692129923,2.451437135447639
0.8,0.0,0.1,0.3,0.1,0.9,1.1215785773539872,-0.23601587001658242,-0.19087170370085438,2.9533712258768174,2.754574691938722
0.2,0.0,0.5,0.8,0.0,1.0,0.0429677842936782,1.250355693792055,1.274019503017906,3.704057956288275,3.548511205795859
0.6,1.0,0.4,0.5,1.0,0.1,0.5325616832356799,0.4597921406192016,0.3102639072402734,0.8251321638622635,0.5877306783700316
0.1,0.9,0.2,0.3,0.1,0.3,1.8482378482550228,-1.0014460725959506,-0.928902676322334,1.4331077697155563,1.104685252918108
0.0,1.0,0.5,0.3,0.8,0.5,-0.043534081215054574,1.0688884346974816,1.0313346478713252,2.95618063674582,2.684718031350103
0.1,1.0,0.3,0.4,0.4,0.9,0.41130023411060274,0.45895125116617974,0.5498169350441355,1.9858540197827443,1.7302637167772037
1.0,0.2,0.2,0.1,0.9,1.0,0.8726653986480204,0.22389658035479046,-0.041563946700943655,2.0740238211875592,1.9055774419633542
0.5,0.2,0.2,0.2,1.0,0.5,0.7697484839560369,0.03299258374156769,0.09022126048518386,0.5770156655992527,0.29483427766651804
1.0,0.5,0.4,0.5,0.3,0.2,1.2906649830386836,-0.4642551029392049,-0.4127178487729972,0.6802150505778382,0.3511621562151456
0.3,0.6,0.8,0.1,1.0,0.4,-0.8663482560060667,1.9646947865583482,1.8195291978061827,0.9350882867453443,0.926322814416158
0.9,0.1,0.0,0.0,0.2,1.0,0.48030573939034604,0.06924301376097967,0.0800110324677917,3.02663967232003,2.9196187246183274
0.8,0.9,0.5,0.7,0.8,0.8,-0.3287816475519932,1.3721921510522233,1.2468086533059737,3.438382601736207,3.0662988472383783
0.8,0.6,0.1,0.3,0.1,0.2,1.0267258164262287,-0.20035738781023674,-0.3376761364302388,1.7244415283061318,1.6498317373826266
0.7,1.0,0.4,0.9,0.6,0.6,-0.19230428070880115,1.3260223838699345,1.020533888110923,2.050688750402365,1.7547037988204515
0.7,0.3,0.9,0.0,0.2,0.7,-0.5569386311010509,1.5902789809551814,1.477076953950031,0.6277772615228904,0.4226644499980251
0.8,0.6,1.0,1.0,0.1,0.7,-1.937329102203171,3.064668034226929,2.941113051794218,2.4551093509243866,2.397079358255825
0.4,1.0,0.0,0.9,0.0,0.0,1.303556241851789,-0.2432060359487636,-0.11961617255322222,2.5167152068758867,2.4873220726543686
0.9,1.0,1.0,0.3,0.1,1.0,-1.1514416741537676,1.9321929988737474,1.7353304628273478,3.3587623695558815,2.9954716059232824
0.7,0.0,0.6,0.9,0.1,0.4,-0.1477731946876321,1.1220441174824811,1.0340560800332703,2.7014670946037302,2.3845891654802167
0.0,0.0,0.7,0.9,0.2,0.4,-0.31099919167343343,1.3728038540729186,1.0102333700397428,2.2970196397492098,2.3398483567620993
0.8,0.1,0.2,0.3,0.5,0.4,1.314917615337761,-0.24498680122749728,-0.24682358134723834,0.8167039454377895,0.7161240611043141
0.6,0.9,0.3,0.9,0.2,1.0,0.40105772969526987,0.6318110936435529,0.36112150485406624,2.5161646119969614,2.405310317328121
0.1,0.9,0.8,0.4,0.9,0.3,-0.3910560928224103,1.3223230048190933,1.1129352489194657,1.6095860326431413,1.358455430623559
0.5,0.3,0.4,0.0,0.7,0.6,0.5810070699439965,0.32426737870591504,0.3965150843810121,1.0116272141858036,0.7474172089511743
0.3,0.6,0.1,0.8,0.7,0.6,-0.0817846916980888,1.1538535627181419,0.9575172594017678,2.7164534536155442,2.567701664668101
0.8,0.2,0.5,0.1,0.6,0.5,0.028781497907401796,0.8240907676342851,0.7204110820810709,1.7430355223151388,1.4267225371445516
0.6,0.5,0.0,0.8,0.5,0.5,0.31095214219143236,0.5145910833458024,0.7043658019843452,2.121208115660868,1.9834858395377002
0.7,0.3,0.0,0.7,1.0,0.3,0.9276728901603599,0.12232767981526976,-0.0798046384596058,1.3986811636985192,0.8354201380470996
0.4,0.0,0.3,0.7,0.6,0.0,1.482219045266282,-0.5710657515840055,-0.4872540743738969,0.4520073662415925,0.23322270368457818
0.4,0.7,0.8,0.2,0.2,0.9,-1.1406251276632569,2.317300025051418,2.0723332444339713,2.1502218912953133,1.8955527572698097
0.9,0.7,0.4,0.9,0.7,0.9,-0.43312494570978344,1.423925212200966,1.321684007382599,2.525653719777947,2.250664866500186
0.5,0.1,0.9,1.0,0.1,0.1,-0.7609335531304436,1.6118263359724265,1.5419394015437948,1.1343614826707824,1.0329907563091052
0.9,0.8,0.0,0.3,0.7,0.6,0.6509037515332629,0.13577591149869017,0.23882555536051286,2.2346702646597256,2.2395916720078324
0.5,0.8,0.8,0.5,0.9,0.8,-1.4321783602738816,2.0992542244030026,2.3574092541788567,2.3037662041990234,1.8856857171681733
0.0,0.7,0.7,1.0,0.5,0.2,-0.8798317719272664,1.7456180189246506,1.853831096958628,2.101637951979565,1.745330324842261
0.8,0.4,0.7,0.0,0.4,0.7,-0.47201604786303447,1.3345179523497808,1.2737147439748149,1.583865511270768,1.2137201800662187
0.2,1.0,0.4,0.0,0.3,0.2,1.184988673855997,-0.2898874390696772,-0.5702731637752428,0.5231570857241055,0.28998379011254327
0.4,0.5,0.3,0.7,0.8,0.0,0.8658852189390895,-0.02474747989788443,0.019093024556034427,0.7106510447463361,0.6999658486713237
0.4,0.2,0.1,0.1,0.9,1.0,0.5750101639322759,0.4957065014134,0.4725465763122353,2.7655663540809594,2.499853671405054
0.4,0.8,0.3,0.7,0.6,0.0,1.3129740440026811,-0.08849731405282413,-0.3734311452555126,0.39898322031603684,-0.026309681208871977
0.7,0.6,0.2,0.2,1.0,0.1,0.8166088169934921,0.10282230781451651,0.11869537242991561,0.06787953793612173,0.07797166959374252
0.4,0.2,0.3,0.3,0.8,0.5,0.6567000125435746,0.22546226372624917,0.1339523582614759,0.8861361597194357,0.9173101666409945
0.9,1.0,0.2,0.3,0.4,0.2,1.5390256675274645,-0.6591194286271146,-0.4350162447093884,0.7319884564619437,0.5091120844302311
0.3,0.3,0.3,1.0,0.9,0.3,0.8338118876342098,0.12737222975748153,-0.03153174894097541,0.3031483208046504,0.17131771825256975
0.0,0.3,0.5,0.9,0.2,0.4,0.5466816932814951,0.6504380592240382,0.4950991574380842,1.938239952741161,1.8599760781260535
1.0,0.2,0.2,0.0,0.6,0.9,1.0571284795464682,0.03693541588151042,-0.1457236519243294,1.8492065848625443,1.6219337330538328
0.1,0.4,0.2,0.9,0.8,0.2,1.1682949007474615,-0.17793168661537231,-0.3617746085552156,1.1022000810383554,1.0911603254886173
0.7,1.0,0.0,0.0,0.3,0.7,0.6534045999828888,0.2726667677543163,0.26057512792301174,2.225588040750502,2.1516431584029525
0.5,0.0,0.2,0.0,0.9,0.1,1.8555999391076865,-0.7706921513000171,-1.1342139991577156,0.22190657214951814,-0.25173866624547425
0.9,0.3,0.0,0.9,0.8,0.6,0.7336473301310517,0.3592735533388939,0.34763264919115666,2.608266383115261,2.2357392757439793
0.8,0.8,0.2,0.7,0.3,0.6,0.8245192481117272,0.32936494163465,0.012096863708101424,0.8437244532301578,0.7028856207230387
0.8,0.6,1.0,0.2,0.6,0.0,-0.9273230928569481,1.7177754212498957,1.6436602085045589,0.7379358961776802,0.8565027483099712
1.0,0.4,0.2,0.6,0.5,0.9,1.056199688153247,0.0394671598611836,-0.1794032138691089,1.912003699114454,1.5808749620560363
0.4,0.7,0.6,0.1,0.8,0.9,-1.2204486214938621,2.3868303692481185,2.0973421130100087,3.176882990227852,2.8593902767998154
0.7,0.6,0.7,0.6,0.6,0.7,-1.7773474965125873,2.87546453310823,2.533359493758216,2.836625674584925,2.502552821632483
0.9,0.3,0.2,0.8,1.0,0.3,1.3656841281703938,-0.380007338857363,-0.47100809634106683,0.2750665141655718,0.12499080602818698
0.2,0.0,0.0,0.3,0.5,0.8,0.7307900665696356,0.24044008835106342,0.1238772445733485,2.56239315660565,2.1413390508820083
0.6,0.8,0.4,0.0,0.0,0.8,0.7677023133386384,0.19891593405961067,0.16285805783908308,1.7094149983858862,1.5622777658022968
0.2,0.5,0.3,0.4,0.1,0.5,1.0589303364933398,-0.1420228072331747,-0.2012813549212673,1.4282600313307714,1.1960630299113886
0.6,0.5,0.0,0.6,0.6,0.8,-0.11572473888989207,1.2029394190150662,1.1621513871335596,2.961561879015259,3.0262602898247115
1.0,0.1,0.7,0.1,0.4,0.0,0.3677230733222343,0.6839535094268606,0.5041112225436636,0.8791344805383445,0.7115200669333638
0.8,0.8,0.8,0.1,0.3,0.8,-0.7212761372827686,2.008460642814418,1.712189866665915,1.2335833397375258,1.1918222756411008
0.4,1.0,0.6,0.2,0.0,0.1,0.1874615049970373,0.6716886286985169,0.575732416875941,2.6560162733333956,2.5061074165773958
0.0,1.0,1.0,0.7,0.4,1.0,-1.5260221387239534,2.5801980114609466,2.5464120829960533,3.1108645070538437,2.8163438237763945
0.4,0.2,0.3,0.3,0.7,0.5,0.7532568347733293,0.22041079302996397,0.24731880864620537,0.8428721547057968,0.7899719855090733
0.5,0.8,0.4,0.6,0.4,0.9,0.11014742448248785,0.8408733003542302,0.7475260526255405,1.5919405412211534,1.3782507241167834
0.4,0.9,0.0,0.2,1.0,0.1,1.6570784600712103,-0.535110818088013,-0.6870027086039606,1.1810720136672683,1.1004993682089133
0.6,0.3,0.2,0.8,0.7,0.0,1.4418631990776094,-0.267828360520902,-0.40751170344255117,0.8020750463888815,0.5468482659278505
0.3,1.0,0.5,0.3,1.0,0.5,-0.08298124199385354,1.1360430747954398,1.0344206958785263,1.8520301474505476,1.7450198534283485
0.3,0.9,0.0,0.1,0.6,0.3,1.3792716008278831,-0.5765213968120703,-0.7680882212468421,2.2647771734620683,1.6316577850028808
0.2,1.0,0.4,1.0,0.3,0.0,0.6832218117498966,0.3156452255513343,0.15425478878556478,0.7791180267490029,0.7344827615987278
0.5,0.4,0.0,0.6,0.6,0.5,0.7602145993117211,0.2001902671394652,0.21368981289091693,2.170650334651411,2.117564467634396
0.9,0.8,0.3,0.0,0.2,0.1,1.9930109882118237,-1.0970747852426663,-1.1108247842856993,-0.14065870757347593,-0.42493853572495893
0.8,0.6,1.0,0.8,0.8,0.1,-1.2967383906425314,2.3112305049213,2.290489414384608,1.3253324461753084,1.1968671347250301
0.5,1.0,0.6,0.1,0.6,1.0,-0.9864323607631055,1.882683779681524,1.838062276791049,3.87518241334826,3.6278806281033718
0.5,0.2,0.5,0.0,0.7,0.4,0.13495391930459638,0.859781439604035,0.8394264927989231,1.5024926581565257,1.5142295561292858
0.4,0.0,0.2,0.7,0.8,0.9,0.4198012792311722,0.5780289967694335,0.4271294692316342,2.4261080906343953,2.1149437504408453
0.1,0.8,0.0,0.0,0.3,0.3,1.706808520697929,-0.7887712382985728,-0.9051772646479411,1.0421667300047133,0.8667752395315884
0.3,0.9,0.9,0.5,0.3,1.0,-0.9024461942098994,1.9011124630767449,2.042869358211551,2.182266774538609,2.2343669101343315
0.9,0.6,0.1,0.4,1.0,0.5,0.4000762418341624,0.5772247278284545,0.4424462608724916,1.7514934990339457,1.5167482796794092
0.4,0.8,0.2,0.7,0.0,0.2,1.4546783279198754,-0.2080871527141236,-0.5997253459043282,1.2434117215273803,1.087413563636096
0.7,0.6,0.7,0.0,0.8,0.9,-1.4495206050702338,2.669998434968207,2.5206840666413917,3.108946937614176,2.8974635537258173
0.8,0.8,0.1,0.7,0.9,0.9,0.240849420345562,0.8092222034092,0.7891710655082984,2.7533855975589345,2.6430336688687195
0.9,0.9,0.3,0.2,0.9,1.0,0.7366337534999188,-0.028504476339628715,0.022480000383130902,1.954464616802551,1.863472473077145
0.6,0.4,0.0,0.8,0.7,0.0,1.0373673934322398,-0.1323434883573829,-0.27872380031573524,1.6233913407575862,1.6536690503340084
0.3,0.4,1.0,0.3,0.6,0.5,-0.6537333675939598,1.723813232302033,1.5629924725191644,1.2472466015601578,0.8584498789666266
0.9,1.0,0.2,0.0,0.4,0.1,1.697532816165407,-0.8829265987217939,-0.7442938516624991,0.11696618192648459,-0.04794387119576958
0.6,0.0,1.0,0.3,0.1,0.0,0.054794926834599925,1.064598642904364,0.8464202208177733,0.9940304528226892,0.6301287254388962
0.9,0.4,0.0,0.7,0.8,0.6,0.8876638589987413,0.27723341080201813,0.10690233944315224,2.6243767080447333,2.3200440879995616
0.9,0.3,0.9,0.3,0.9,0.0,0.10425064653220661,1.0182826633003836,0.8818129714119745,0.16091611400170347,-0.32441131865310935
0.6,0.9,0.1,0.1,0.1,0.3,1.6842435316208473,-0.9042417887679911,-0.8537584053545431,1.7439144542841427,1.5543291655965383
0.8,0.4,0.0,0.4,0.4,0.7,0.8894458453725299,0.09935349837303073,0.02915635566307513,1.8868653658302,1.7185105296987537
1.0,0.5,0.1,0.0,0.0,0.8,1.2051999104689675,-0.34262153043199195,-0.28175665609203066,2.664804637342095,2.5588329865977135
0.2,0.4,0.0,1.0,0.6,0.9,0.2017285428016981,0.721986308442419,0.46324889120841134,3.4413168828398875,3.0465500794165203
0.7,0.6,0.1,1.0,0.7,1.0,-0.6959541562723451,1.570772562688324,1.4987205167729216,3.8274777549055776,3.6935631450522193
0.0,0.7,0.7,1.0,0.1,0.1,-0.6588873268350446,1.4101729461221997,1.6469238981117185,2.5017316676006223,2.271292385896876
0.9,0.3,0.0,0.9,0.4,0.2,1.4087828757089043,-0.2893011626758374,-0.5500631536884972,1.0349757207735863,0.9080940995956998
0.7,0.2,0.0,0.9,0.9,1.0,-0.29065172604350625,1.3488714328475966,1.137819637196691,3.483920171132134,3.431576029399079
0.0,0.7,0.4,0.1,0.2,0.4,0.9538030942350898,0.01727924274958363,0.07470531044913885,0.7201979660478084,0.6258619200897152
0.9,0.8,0.5,0.2,0.0,0.8,0.3355255583323537,0.7288121538339173,0.5078954018209619,2.7237255916553984,2.4323722334580777
0.9,0.4,0.8,0.7,0.0,0.1,-0.05728176745791941,0.7012945601787941,0.783496295510734,1.398346871883774,1.2501818729665222
0.9,0.8,0.8,0.9,0.8,0.9,-1.4095937655488058,2.5583949928289123,2.3318491465116984,2.6971286665144576,2.608069357363924
0.6,0.4,0.8,0.6,0.7,0.1,-0.3471272945283814,1.5680316377863175,1.3365483726695762,1.1109088916355863,1.1411695786269278
0.1,0.8,0.1,0.7,0.2,1.0,0.6186732269172992,0.3629959518155581,0.25078851580226,3.031003707320589,2.8609508810029034
0.7,0.2,0.1,0.2,0.9,1.0,0.24986053947841178,0.6968059059022128,0.6235871522859457,2.876837583607612,2.7097605690050126
0.5,0.5,0.8,0.7,0.3,0.0,-0.5100606336494818,1.6360084181473742,1.5137303066377716,0.8325888324031729,0.7419603839083591
0.0,1.0,0.1,0.6,0.7,0.5,0.6456492241395504,0.2955883856309596,0.2691363709581913,3.184020001003302,2.803578717677041
0.2,0.4,0.2,0.9,0.5,0.8,0.8264506706916268,0.4365900256225611,0.21007682496174307,1.5638173056523357,1.299130203654958
0.0,0.1,0.5,0.1,0.9,0.9,-0.27263206856898925,1.428439448264883,1.2710219080635425,3.013508200330943,2.970312410346109
0.3,0.5,0.7,0.4,0.0,0.9,-0.8745528443926567,2.067515077623862,1.9034211467321507,3.7525213332076093,3.6000133989744145
0.0,0.0,0.2,0.6,0.2,1.0,1.0718386284207286,0.019885234954289465,-0.15166140534243017,2.5649274970388927,2.5085904478546226
1.0,1.0,0.9,0.4,0.8,0.4,-0.5548735700120331,1.6771992859250442,1.397518611315547,1.6902875508023938,1.5361840338223387
0.5,0.8,1.0,0.5,0.0,0.6,-1.1169096330446076,1.8506977210456867,1.7478531228380356,1.7985698070013787,1.7365804762796182
0.6,0.0,0.3,1.0,0.3,1.0,0.3544038387524159,0.7188944482483511,0.6157044444222537,1.8877453078068018,1.6522999660358308
0.2,0.7,0.3,0.7,0.5,0.1,0.932644570931487,0.011173065823471995,-0.05389740736326433,0.08190373015705432,-0.00010747960265131834
0.9,0.0,0.6,0.9,0.5,0.1,0.0661943508002373,1.0063864717579378,0.6214229995927276,1.7090891532895074,1.561752026020779
0.2,0.7,0.6,0.5,0.8,1.0,-1.5874577703493091,2.4084027709727844,2.335194385621773,3.923947123287549,3.788093504902254
1.0,0.3,0.8,0.3,0.9,0.5,-0.346326577314523,1.3074233257087537,1.1871081513321404,1.0234386034898169,0.9127977353260847
1.0,0.8,0.8,0.3,0.2,0.2,0.22622485946290427,0.6874820652571647,0.5621975297201784,0.8438882715658015,0.5932409269484851
0.7,0.5,0.2,0.7,0.7,0.2,0.806415287057578,0.2589725100724844,-0.06645357162911661,1.4141178686786116,1.23507721036477
0.6,1.0,0.4,0.8,0.0,0.6,0.3082024777496426,0.9971520091829572,0.7902112890262819,2.3673469814022594,2.2638297806935297
0.0,0.5,0.0,0.4,0.2,0.6,0.8038763945212283,0.28352880329221997,0.07328841230688178,2.7247957310108335,2.5340175499556863
0.8,0.2,0.4,0.0,0.8,0.7,0.4378550143287932,0.6102273583509037,0.5130422134315962,1.5247697205168156,1.3520509669813268
0.8,0.7,0.8,0.8,0.9,0.2,-1.092061692298773,2.185053613949728,2.062340593423905,1.0044696974006184,0.7577443910929418
0.4,0.2,0.3,0.8,0.5,0.1,0.9009925440925168,0.11220583641692769,0.05598698460084525,0.08537634518125375,-0.04094968685525405
0.2,0.1,0.4,0.6,0.1,0.6,0.22876971645312416,0.6431779594994265,0.44174230287624966,2.002174091980963,1.8132061494847458
0.5,0.7,0.0,0.3,0.0,0.6,0.7371617295422677,0.5613477249317372,0.5804568306206395,2.40500026179431,2.2651340338339043
0.1,0.1,0.6,0.3,0.4,0.3,0.31994068808754195,1.1153052774101604,0.5719457697205874,1.9583960271940988,1.8339903943711628
0.6,0.6,0.5,0.4,0.5,0.4,-0.22227131688131935,1.3712679267573706,1.2930686209569238,1.5839847941251457,1.4753304590635592
0.9,0.7,0.6,0.1,0.7,0.2,-0.10029765512579297,1.0771370546812098,1.134372750153166,1.9556441532775468,1.6389736313072645
0.5,0.5,0.7,0.1,1.0,0.5,-0.8786685230050131,1.6532425566765923,1.7944506818811847,1.7175207105352308,1.555508840806339
0.8,0.6,0.5,0.6,0.6,0.1,-0.11716533355427038,1.271148233726327,1.032349145191855,1.85762922299156,1.6404887831307415
0.4,0.0,0.0,0.2,0.1,0.9,0.9724272491636428,0.03113787543887879,0.11529061426628223,2.791590878322054,2.9606776123051186
0.4,0.9,0.0,0.3,0.0,1.0,0.8641712556782626,-0.03645207372162795,-0.03927607044477413,4.0593175412387135,3.73638820084129
0.1,0.8,0.6,0.5,0.9,0.9,-1.0893446053581515,1.9273126062414445,1.8212868104699302,3.3732529560592197,3.14346691362084
0.0,0.0,0.2,0.6,1.0,0.5,0.8522805369369579,-0.12550255861190387,-0.2676580806253435,1.2077039404607681,0.9278526659588294
0.4,0.3,0.8,0.2,0.7,1.0,-0.9288245180117135,2.0696525571886,2.0214223507516875,2.5350493978166417,2.38045470987509
0.0,0.9,0.6,0.0,0.7,0.5,0.3025398925544424,0.9351274335957459,0.8283945454252741,2.8648612261944773,2.7515948172942424
0.2,0.8,0.2,0.5,0.9,0.3,1.364940624377702,-0.30129360251511744,-0.35513827778627144,0.7775142126895798,0.5714048476772564
0.5,0.7,1.0,0.1,0.3,1.0,-1.3745688917974408,2.582890655575451,2.2663981674090388,1.7925334966346476,1.711593387016463
0.5,0.5,1.0,0.1,0.2,0.9,-0.9410976189666391,2.121563006742076,2.0327511557766806,2.251405361301108,1.9264001612156412
0.0,0.0,0.4,0.1,0.8,0.2,1.3878189434601502,-0.3934930918396884,-0.37521483108647125,1.1954701146469973,0.7197737025582479
0.9,0.2,0.1,0.7,1.0,0.9,0.26617137782730427,0.7213246320891848,0.5447379285134556,2.4913993536557943,2.206865701065624
0.0,0.4,1.0,0.0,1.0,0.9,-0.928896232008717,1.793741697375369,1.769867944894872,1.6319877357053483,1.3201367453992536
0.5,0.0,1.0,1.0,0.9,0.6,-1.3944181661073656,2.353561020184012,2.251181701952155,1.701914161397303,1.5634490936077343
1.0,0.8,0.0,0.2,0.9,0.7,0.9343488095770703,0.31316076788468766,-0.08714734859081291,2.176763784951055,2.130345936634725
0.5,0.7,0.8,0.1,0.7,0.7,-1.5453442723116388,2.4809822487127717,2.2597736277785905,1.7208429585794354,1.5781011575170638
0.6,1.0,0.0,0.6,0.5,1.0,-0.09988964343667799,1.065603204908371,1.0722644328905298,3.8322792537655217,3.2912700633280623
0.7,0.4,0.3,0.2,0.2,0.5,1.3191124269633911,-0.4594515318361541,-0.5534982530341368,0.3700466386292717,0.09638711838272036
0.5,0.8,1.0,0.2,0.4,0.1,-0.15228167498555562,1.249061340857519,1.1198586494735998,-0.05313704694340937,-0.06966890138241245
0.3,0.5,0.6,0.5,0.6,0.0,-0.13772314241509903,1.2242042163656752,1.1167498813814305,2.1966185411866443,1.9719507148269633
0.3,0.5,0.1,0.0,1.0,0.7,0.6718668912746585,0.21390763266879317,0.3100387811359736,1.7071414884389362,1.506529606714172
0.9,0.4,0.5,0.9,0.2,0.8,-0.18931973620940062,1.1893517345233826,0.9770887593098643,2.5656032707844663,2.3145217667085736
1.0,0.9,0.5,1.0,0.8,0.1,0.621864781318056,0.5747803947844936,0.1686633978379307,2.3334436898001987,1.9245804613141784
0.0,0.0,1.0,0.9,0.9,0.3,-0.5948075971840554,1.6487522123251899,1.384329280715974,1.3122257451780217,1.3718923322992065
0.8,0.8,0.9,0.0,0.8,0.9,-1.084112391234564,1.998503675856819,2.153130296293816,1.7058338950410141,1.5691501490224171
0.9,0.2,0.7,0.9,0.5,0.5,-1.0649759518268784,1.9333846799491292,1.9363128729988819,2.1383111405231694,1.991405054889609
0.6,0.8,0.8,0.8,0.9,0.9,-1.7407229789320977,2.781073930908314,2.6259401845803425,2.413296602970417,2.3370377422284383
0.0,0.6,0.6,1.0,0.5,0.4,-1.1901872582807624,1.9171210808104187,1.9696406480254751,2.7146679512122978,2.356683321307811
0.3,0.3,0.1,0.1,0.5,0.7,1.0734243978923546,-0.05667654395316345,-0.3016399698014025,1.4563396752313333,0.9659603775291168
0.0,0.1,0.2,0.5,0.6,0.1,1.34502623428348,-0.3255216209357906,-0.38550134673103914,1.5346565894141964,1.1706844964626968
0.0,0.2,0.9,0.4,0.1,0.5,-0.6429977858249547,1.6166166730381923,1.435851478333155,1.6644758456996833,1.5882123693799657
0.9,1.0,0.1,1.0,0.3,0.8,0.2974664670020984,0.4952636643993117,0.49662276359570434,2.7815516583610256,2.6178535475136995
0.5,0.0,0.5,0.4,0.0,0.9,0.08478025495631572,0.9501685268157218,1.1019253713121744,3.3509720492095085,2.84870956208009
0.9,0.3,1.0,0.5,0.9,0.7,-1.21263843532464,2.0604370599933577,2.029162559912523,1.355312099076132,1.2841109993584614
0.8,0.9,1.0,0.2,0.6,0.6,-0.7159009387239211,1.77098130524302,1.7894035598799019,1.7822221412135086,1.4289831899947107
1.0,1.0,0.0,0.8,1.0,0.5,0.634745875283547,0.19377573021586603,0.23891980676390517,2.206771999878574,2.0841373580254436
0.0,0.5,0.5,0.6,0.3,0.9,-0.25117207287573,1.4489391123550748,1.269147373174274,2.8912522041768867,2.795359125771837
0.9,0.3,0.7,0.0,1.0,0.4,0.005103672866776841,0.8490298539683195,0.8257812658164725,0.7990224373093291,0.6362126501620583
0.2,0.6,0.3,1.0,0.1,0.2,0.6278524513654529,0.20052484026203687,0.03963119307034696,1.3243787270395826,1.039561799860696
0.8,1.0,0.6,0.5,0.9,0.6,-1.1409067257831773,2.0013201715604008,1.8825329893143057,3.152573414713654,2.8157052835785557
0.0,0.5,0.8,0.3,0.7,0.1,-0.48746674417119973,1.5119454327170352,1.3143849275437742,1.7050416473132606,1.4906009625513734
0.8,0.3,0.9,0.9,0.7,0.0,-0.5118750479540215,1.4805288273258503,1.336083308807672,0.6423020764319439,0.46346904236591485
0.9,1.0,0.5,0.1,0.3,0.9,0.09353364460927782,0.9671741023216549,0.8928044826362759,2.6433041710175877,2.5250372390171503
0.3,0.4,0.6,0.4,0.4,1.0,-0.6545693300506817,1.577578258307776,1.4078156934342907,2.8449607837760342,2.7977691744081543
0.4,0.4,0.1,0.5,0.1,0.7,1.0906309102868035,0.06461376774356042,-0.1628218429254253,2.2741907548276385,2.3681868659716354
0.0,0.1,1.0,0.8,0.7,0.4,-1.0281612137845968,2.2501385934453895,1.8960418697825154,2.0688489532405008,1.9495021437259121
0.0,0.0,0.7,0.8,0.8,0.8,-1.324880698395047,2.1567344287772694,2.20916668056844,3.5386610995008048,3.3439628582311443
0.9,0.1,0.7,0.2,0.2,1.0,-0.8166853391202757,1.7738648925891005,1.5973850707170354,3.3966148658913418,3.053323726097776
0.9,0.0,0.3,0.1,0.4,1.0,1.2344255422915444,-0.04553353788792529,-0.3764024924631987,1.2002041837707225,0.9616240861906483
0.7,0.0,0.4,0.6,0.4,0.1,1.10149966111732,-0.14142478390028176,-0.33525958318066307,0.2235675730394081,-0.09477876119852292
0.7,0.3,0.7,0.8,0.4,0.5,-0.8117737814695605,1.6302910297061535,1.5509220706496,1.5503685239688967,1.3379534587594253
0.1,1.0,0.9,0.5,0.0,0.1,-0.23137307187922956,1.2472362636774794,1.0300484522752522,1.618512565195086,1.476727512767167
1.0,0.2,0.0,0.7,0.9,0.4,1.0911996792198846,0.09702040383705753,-0.1941638180341782,2.007125333843606,1.8414878933026793
0.9,0.3,0.5,0.5,0.4,0.3,0.8803981185519794,-0.055682795863344625,0.06941087251375119,0.806862264146485,0.6180923119414069
0.1,0.9,0.0,0.5,0.9,0.9,0.32295561898679054,0.4406259845067056,0.27895810943276356,3.679359146581322,3.4126367070015755
0.7,0.2,0.2,0.9,1.0,1.0,-0.18035919347762236,1.0296994953475882,1.0007965132421066,2.2946859053340956,1.874568089312328
0.8,0.3,0.1,1.0,0.2,0.1,1.5569575645983613,-0.5208758473125316,-0.5704814381412459,1.0250404410400624,0.7301401106514935
1.0,0.7,1.0,1.0,0.8,0.9,-1.8860745635478622,2.8150829146999743,2.759422813333792,2.737603321520619,2.4969504799329143
0.3,0.4,0.4,1.0,0.4,1.0,0.08232451767987602,0.7448143992622143,0.796085095662953,2.098748585631211,2.0287510182472843
0.1,0.3,1.0,0.9,0.2,0.6,-1.1692223858137951,1.8716763098601663,1.8908717915488706,1.6329092858598777,1.5081391166288205
0.5,0.0,0.5,0.8,0.7,0.1,0.3887028664503293,0.7623197322828446,0.5339878342568163,1.668446832966968,1.7651356466854116
0.6,1.0,0.3,0.1,0.3,0.7,0.47834729508733276,0.41876456659339834,0.25596000114612705,0.8388120474862587,0.6772892907745252
0.5,0.8,0.6,0.4,0.4,0.3,-0.02346908421482347,1.0739170992350169,1.0455288361293558,1.466337080492182,1.0292797680587609
0.7,0.6,0.0,0.7,0.4,0.3,0.3501270991440936,0.3641605875395858,0.3685016873786935,1.6275869782728078,1.5498137407766819
0.7,0.8,0.3,0.7,0.7,0.2,0.9428888950640933,-0.018500832714982825,-0.05490418756921479,0.7468623968183715,0.5738329232118557
0.7,0.5,0.8,1.0,1.0,0.7,-1.9693814844421307,2.8683208478141373,2.6558690173830986,2.0820916836455092,1.8172946433421857
0.6,0.7,0.9,0.8,0.8,0.1,-1.315683343781557,2.3346573600879537,2.005049597097038,0.8578478123190947,0.6774326703504812
0.9,0.5,0.0,0.7,0.7,0.8,0.1539750411714917,0.843797292092321,0.8542316223664055,3.4099657231273515,3.1980552848810366
0.9,0.5,0.9,0.3,1.0,0.7,-1.1382183819940659,2.2159905476071216,1.96231377801956,1.1262303145921577,1.1456976613353596
0.8,0.9,0.4,0.3,0.6,0.0,1.344005219980932,-0.3171334766781107,-0.37279451289109256,0.7558878703963553,0.7113908481808737
0.5,0.0,0.6,0.1,0.2,0.5,0.1652217747218541,0.9762101802572688,0.6371841133959911,2.1724767989669487,1.3791395290906479
0.9,0.2,1.0,1.0,0.8,0.2,-0.8035394454594647,1.997413354324377,1.8092521510824184,1.5989416125019673,1.2716449706743773
0.0,0.5,1.0,0.5,0.0,0.4,-0.6290004100340355,1.4180042330067388,1.605609598736313,2.3409411505581126,2.173149308353783
0.5,0.9,0.1,0.7,0.1,0.8,0.889710130147745,0.3680188373987438,0.05389510429703831,2.992443038025367,2.9931419893575146
0.1,0.7,0.3,0.9,0.6,0.6,0.027622680453938606,1.0585830982858158,1.1174384328471862,1.2719424685258784,1.2163708134318185
0.7,0.3,0.8,0.2,0.7,0.2,-0.27448947674973184,1.0602100853326066,0.9119061543067233,0.8438804126253955,0.7795027821648501
0.2,0.4,0.4,0.1,0.1,0.5,1.3201365400829035,-0.35956391037819757,-0.3384327885068602,1.1302902403742183,0.8364026801860978
0.7,0.1,0.8,0.3,1.0,0.8,-1.504933110763854,2.527532278907317,2.464037431730251,1.9100343151664043,1.6676946217408932
0.5,1.0,0.6,0.5,0.4,0.1,-0.1873669475877153,1.3095824787230959,1.112053884271271,1.9281761513159246,1.7140116819740707
0.5,0.3,1.0,0.4,1.0,0.5,-0.8079336093593612,1.7268818113807238,1.6524754780499027,0.7907906168237336,0.31854087121293306
0.6,0.5,0.2,0.5,1.0,1.0,0.09772246419028431,0.8021127926554474,0.7377870271062597,2.211008345073604,2.028275006170978
0.8,0.2,0.3,0.0,0.0,0.9,0.6881139391449107,0.17037968349593335,-0.0020382057622009217,1.9629924719557656,1.6504668431710006
0.5,0.9,0.8,0.2,0.3,0.9,-0.9186001895016742,1.8409605278959826,1.7139096674687786,1.9103653386919275,1.922652736226602
1.0,0.5,0.4,0.6,0.1,0.1,1.4482217573456255,-0.30092492882380567,-0.6880904894635572,1.2406122174870464,0.918239387186338
0.5,0.8,0.2,0.9,0.7,1.0,0.21140356249371162,0.9672692425774402,0.8535687558324009,2.7830049916243587,2.4630353538043726
0.9,0.5,0.0,0.2,0.8,0.7,0.5289069573554166,0.5439297738501105,0.3554090454995068,2.9334304788483827,2.5695603813575443
0.7,0.9,0.7,0.9,1.0,0.9,-1.2274171070446864,2.721692156521773,2.4448175169619573,3.1333581647205664,2.9262174189365036
0.8,0.6,1.0,0.7,1.0,0.1,-1.266619584450123,2.1613388768355666,2.018657755667472,0.8167594526215336,0.5550638757028409
0.6,1.0,0.4,1.0,0.4,0.5,0.008529654701010778,0.8360673538553872,0.8157317799643418,1.1549443345814097,1.1973243664433166
0.4,0.1,0.9,0.9,0.3,0.5,-1.272083500128168,2.0562429064278835,1.9658497384298663,1.238008385724193,0.9236010620835927
0.9,1.0,0.6,0.8,1.0,0.8,-1.3244413821105332,2.2490384640196646,2.1405281696124,3.2970827418336492,3.170366285591575
0.5,0.4,0.5,0.3,0.7,0.2,0.7849669931161957,0.36618907012371915,0.3246345897382261,1.6428381698859444,1.3142016166489654
0.3,0.5,0.2,0.3,0.2,0.9,0.8552944855894329,0.17468955772596614,0.10183062975725476,2.0609052519935904,1.9565475513602115
0.5,0.9,0.3,0.2,0.1,0.7,1.1076900026528267,-0.26426289441228845,-0.17421927216168295,1.5901965759694845,1.585856577064638
0.1,0.0,0.1,0.6,0.4,0.4,1.357140576264208,-0.38650583825545837,-0.4498600145217376,1.3715633958304099,1.2191414835298224
0.9,0.4,1.0,0.5,0.2,0.0,0.17641458602785404,0.8762679544703014,0.6077103397454526,0.5049972633748517,0.29536636986852977
0.9,0.1,0.7,0.5,0.6,0.8,-1.1033247628041,2.052608348261437,1.8669700324334833,3.2713429343310905,3.1149868663077824
0.4,0.0,0.7,0.0,0.2,0.4,0.14074766681027,0.9221236125718918,0.5489224997352639,1.3196655609213028,1.3227235191811457
0.0,0.6,0.8,0.0,1.0,0.5,-1.1756469268776137,2.0798769426711448,2.0271014420953604,1.1907309971868896,1.1785452267353367
0.0,0.7,0.3,0.5,0.1,1.0,0.22543443642139416,0.7026016216159808,0.49351543105087803,2.674241172875684,2.4581376033578555
0.2,1.0,0.3,0.5,0.5,0.6,0.6292475411831144,0.5072540353905948,0.45933833241003713,1.2606928230249115,1.1638727317935353
0.2,0.5,0.3,0.0,0.8,0.0,1.498431508370704,-0.5005519485162735,-0.41551088247433826,0.4474759517900708,0.5258397118638835
0.0,0.3,0.5,0.5,1.0,0.6,-0.13025190316920937,1.1325405246400404,0.8319282484333954,1.5986373499128357,1.7260508735109668
0.6,1.0,0.4,1.0,0.8,0.3,-0.0007007391488513814,1.0417879494822755,0.5787935693863322,1.8143363960315537,1.6326573335187529
0.8,0.0,0.6,1.0,0.6,0.2,-0.21883342159731145,1.0341937443107607,1.1091859105839772,2.227258088134542,2.071000815401964
0.7,0.7,0.6,1.0,0.3,0.2,-0.6526884989851118,1.8044751935408407,1.5879508365954917,1.7283283210286247,1.6231793931522849
0.2,0.8,0.3,0.5,1.0,0.8,0.5082149101148482,0.4945412727338115,0.6444877206722717,1.1280196042515716,1.0305888234745284
1.0,0.9,1.0,0.8,0.4,0.7,-0.8040266892420809,1.7395137838850054,1.785596367496809,1.70921936352457,1.4824546669283685
0.6,0.7,0.5,0.2,0.2,1.0,-0.565356765661829,1.7018528951485954,1.4354360020874886,2.8404454195210382,2.5591960628764565
0.0,0.2,0.4,0.2,1.0,1.0,0.11581017044049449,0.9217789705703265,0.8292993896519958,2.246865858678239,1.9593741117501686
0.2,0.0,0.0,0.2,1.0,0.8,0.8428162173181611,0.37631304739814403,0.21608491065525462,2.0948726901777883,1.789134818438798
0.1,0.2,1.0,0.7,0.7,0.6,-1.3260125678089512,2.541977128379476,2.3111059168613015,1.9873020333202673,2.0181874619178264
0.5,0.3,0.5,0.1,0.4,0.2,0.9554809315328155,0.04446482579448943,0.08268423418079252,0.5209504141303394,0.3247384920760923
0.8,0.4,1.0,0.9,0.4,0.9,-1.369630803794049,2.208755696386451,2.318516893524182,1.8706187790198374,1.5263842401337127
0.3,0.0,1.0,0.7,0.7,0.7,-1.0824227080076525,2.3998110385664484,2.0869474141526085,1.992472161502807,1.8932563613140179
1.0,0.2,0.3,0.4,0.2,0.7,0.6965941080572071,-0.16224823341042122,-0.089045936264968,1.0046790800436252,1.1000528335153485
0.8,0.6,1.0,0.4,0.0,0.3,-0.8660423895982491,1.8470724049736318,1.9123065944738722,1.5818340622321814,1.5054856650581574
0.6,0.0,0.5,0.1,0.2,0.8,0.15649147396334062,0.9216554511500931,0.852981395398101,2.102370555424817,1.8499960462077318
1.0,0.9,0.2,0.2,1.0,0.6,1.3258422017524598,-0.3129308583626828,-0.3723677414633922,0.930980497668769,0.7884803275762761
0.5,0.7,0.2,0.2,0.5,0.4,0.7582041541074682,0.09099960660017142,-0.017804694658664622,0.48759753542970335,0.1659631840737732
0.2,0.7,0.3,0.6,0.0,0.4,0.9884614607212157,-0.025518792421274417,0.033538750052401395,1.125560931457209,1.117142849488645
0.6,0.1,0.6,0.2,0.8,0.2,-0.2894147085568462,1.2664482596886324,1.073305221070606,2.185343643754969,2.0245801304105786
0.8,0.4,0.4,0.9,0.0,0.8,0.36492568636264144,0.7916094126005007,0.46397435825202415,2.34982872752998,1.9487455190891385
0.1,0.8,0.2,0.4,0.9,0.4,1.160742535578466,-0.2691484324331303,-0.20531660600767515,0.9157571906628564,0.7146059768146333
0.0,0.4,0.5,0.6,0.0,0.8,0.03307612817663767,0.928491642090324,0.7495504231214536,3.333335726688671,3.2037471387941863
0.5,1.0,0.1,0.7,0.3,0.1,1.0460358806425567,-0.12264283884818372,-0.32850837657692455,1.585894273145946,1.3327109105905033
0.0,0.9,1.0,0.2,0.6,0.2,0.03469070009411049,1.2698984401525388,0.9621330833593049,1.5021879572477221,1.3269206480987297
0.4,0.2,1.0,0.9,0.7,0.9,-1.8401488554432455,2.9249889575553722,2.8910637400678203,2.796499429025796,2.7304566111584365
0.1,0.8,0.2,0.5,0.1,0.6,1.1551589408146796,-0.06122283091601059,-0.24257840675314812,1.4828128582166886,1.5907647211085751
1.0,1.0,0.0,0.2,0.1,1.0,0.9857721814663383,0.04349649051661369,-0.00853945127338626,3.8355931602069457,3.6071841707209216
0.6,0.4,0.5,0.5,0.6,0.2,0.46800547993307895,0.437313565220114,0.29191097941866767,1.5732860653097027,1.2859955208552851
1.0,0.1,0.7,0.6,0.7,0.6,-0.8824583748671782,2.074136579767722,1.97881642601698,2.9622803310552714,2.594543834992368
0.4,0.9,0.4,0.4,0.4,0.3,1.0469224553189331,-0.22970706611521513,-0.2790715496017555,0.7584580442413023,0.5122378540379112
0.1,0.7,0.0,0.1,0.8,0.2,0.9150915172451136,0.1398889526815058,-0.19130652209613178,1.6826593758087254,1.4303822072288446
0.6,0.6,0.2,1.0,0.5,0.2,0.49768284310968464,0.6454505968883597,0.5193483459566404,0.8227751356630787,0.7672818691894772
0.9,0.2,0.2,0.2,0.0,0.4,1.6450798176364945,-0.7897232145462718,-0.8448381560366742,1.2991548464582525,1.1346780707320927
0.5,0.0,1.0,1.0,1.0,0.8,-1.566469247667258,2.509955742182436,2.4949939416386084,1.6366031982545182,1.7055786701924618
0.9,1.0,0.6,0.9,0.7,1.0,-1.4383067885836993,2.294885433259706,2.2134699049010087,4.5026106672856265,4.64416899637626
0.6,0.4,0.5,0.1,0.5,0.0,0.914447307134851,0.04278649308873956,-0.24746553643612346,0.6441825494420974,0.34897833325130034
0.2,0.0,0.4,0.6,0.2,0.5,1.0276455938799909,0.013596983062886519,-0.23399404284451147,1.288246276516976,1.102562590013957
0.3,0.7,0.1,0.0,0.6,0.1,1.340645328147466,-0.3163165784228629,-0.5545881750216358,0.7984148546157499,0.7756315041942932
0.5,0.8,0.9,1.0,0.6,1.0,-1.7229436672581682,2.6647318346664646,2.715804656977464,2.4975425422542545,2.4490332908675008
0.9,0.4,0.8,0.0,0.0,0.7,-0.14146802570337808,1.0819574630344337,1.0064890028933868,1.9464994196588867,1.7394796450039973
0.2,0.3,0.8,0.8,0.5,0.5,-0.77838078076284,1.764554322747313,1.6262099133913894,1.255982961936513,0.975260610163042
0.2,0.4,1.0,0.7,0.6,1.0,-1.2890814064620624,2.427308565885671,2.3555565376844387,2.8421111373638475,2.5803728813259754
0.2,1.0,0.4,0.0,0.8,0.8,0.1938096747420374,0.882017221683919,0.6530022131483706,2.160304207954599,2.0864637887540822
0.3,0.0,1.0,0.5,0.6,0.2,-0.30352642356371573,1.2885318579812644,1.1193841628408692,1.0132852637750134,0.7131553533815006
0.1,0.9,0.3,0.2,0.3,0.4,1.7816475113983117,-0.5812384085794273,-0.9798866374457411,0.5796036598870858,0.20283578494980636
0.3,0.3,0.7,0.4,0.3,0.0,0.292156286785105,0.8368357932559102,0.5984660692909906,0.8246016217690375,0.6831572234804284
0.4,0.5,0.8,0.9,0.1,0.7,-1.4677468449865465,2.2746491439346497,2.1080155621434544,2.5799326737514727,2.5184712670808893
0.5,0.8,0.5,0.3,0.8,0.7,-0.09245867078872994,1.244112852351018,1.2418150851147314,2.2914036177479993,2.104868410601252
0.3,0.5,0.1,0.5,0.7,0.2,1.1906557037534902,-0.06656617597862763,-0.1889608401264849,1.892877365850053,1.836495354752192
0.0,0.3,0.5,0.4,0.8,0.6,0.08674854026174084,1.1037703270188877,1.0366636957462418,2.247247684695525,2.2354514698826944
0.6,0.7,0.3,0.9,0.6,0.5,0.2531615672009429,0.9254941052310038,0.9053070571403679,0.9685298182701298,0.5765349701801434
1.0,0.9,0.2,0.1,0.7,0.7,1.3188313978812196,-0.308436366651868,-0.3761968175992085,1.8949020249388375,1.7689533401538486
0.3,0.4,0.3,0.3,0.9,0.6,0.892574919232299,0.22311590381579305,-0.1665214351103152,0.7842865604796814,0.5653531441660874
0.1,0.5,0.2,0.8,0.6,0.9,0.2210571281120531,0.6401885961842958,0.6971376325610447,2.7784143854584635,2.4541231325358446
0.3,0.2,0.2,0.7,0.3,0.1,1.2791480440684722,-0.33961374828004154,-0.3673911337597205,0.4083790365512142,0.12186966965716865
0.1,0.0,0.0,0.0,0.3,0.6,1.276813108606808,-0.47442405219482187,-0.39233714209576653,1.6027806213968212,1.3908266428847074
0.5,0.2,0.4,0.6,0.7,0.8,-0.40450594357128195,1.0306370826748674,1.179759909400111,2.098724922265195,2.0845908182024244
0.8,0.2,0.8,0.3,0.4,0.8,-1.125347176935037,2.2900170790327756,1.993319170154592,1.566649376668589,1.5031428293190312
0.0,0.4,0.1,0.7,0.2,0.7,0.8826246381031936,0.07451668800388407,-0.04635443060047976,2.3003133898719623,2.263153300451648
0.5,0.6,1.0,0.9,0.6,0.4,-1.5773067243139698,2.529690721740001,2.603937320501438,1.6697688259555188,1.4265261718451907
0.3,0.3,0.3,0.9,0.2,0.5,1.0996405343655205,0.11470825733156481,-0.1921478024595356,0.7524311946704038,0.5160506420004606
0.2,0.9,0.3,0.8,0.0,1.0,0.8228778585445071,0.27072636608901224,0.30301564246578805,3.140568217964524,2.811517731094706
0.8,0.9,0.5,0.8,0.9,0.2,0.32547703342244483,0.6909617131559525,0.49085993777561915,1.7993769177804864,1.6595062610170859
0.0,1.0,1.0,1.0,1.0,1.0,-1.9576093558622027,2.7181250308092015,2.688091161960706,3.278773615779544,3.003382106185565
0.2,0.4,0.8,1.0,0.9,0.7,-1.2331836720915903,2.5767675789821616,2.0130759244513756,1.9388141552391034,1.8708071381576228
0.7,0.5,0.7,0.1,0.8,0.4,-0.7017457577078373,1.5878365873806266,1.376736632019429,2.1912750653510122,1.855320179885507
0.8,0.7,0.3,0.0,0.3,0.8,0.5970500398298122,0.4976545670738024,0.5085248980061555,0.5607771337497949,0.22226989624698557
0.7,0.9,0.8,0.4,0.4,0.6,-0.7905133997262257,1.796923554274939,1.589589612297498,1.3898352210160763,1.2336800467917328
0.0,0.3,0.3,0.9,0.5,0.0,1.4603559643972965,-0.43845259197259534,-0.5850056732118928,0.07261752114094215,-0.053184008526325516
0.3,0.3,0.4,1.0,0.5,0.5,0.6042024861121074,0.4332724186659494,0.6473723439193886,0.9084931007154476,0.8626599805812015
0.2,0.8,0.0,0.1,0.9,1.0,0.5851521468340565,0.5341196086549962,0.21858763253815777,3.0924991521782776,2.938421654749202
0.4,0.6,0.0,1.0,0.5,0.7,-0.2566104859532803,1.4555195913950965,1.4133824960818158,2.6802825206288126,2.4778505950800382
0.9,0.4,0.3,0.5,0.1,0.5,1.6717324586845388,-0.6062584049994095,-0.6703504046915788,1.0235576786319232,0.684923076165415
0.7,0.7,1.0,0.0,1.0,0.6,-1.2034538299178879,2.3650419808987135,2.41613560991848,0.8460851500859667,0.5056218503082179
0.1,0.6,0.4,0.0,0.0,0.2,0.999151615149582,-0.22739866882433404,-0.21733532982201748,1.2413766339073955,0.9655512429831931
0.0,0.3,0.7,0.1,0.0,0.4,0.28248188062585433,0.6236461237267559,0.4879514284232266,2.322089302088752,1.8875876958244846
0.2,0.9,0.7,0.5,0.6,0.8,-0.8367109661786847,1.9542914668763862,1.8197553484602356,3.4046293053792893,2.944307941559491
0.4,0.9,1.0,0.8,0.6,0.8,-1.4466567021656522,2.353709863073923,2.1884171299500883,2.5492026037953837,2.403901019087415
0.9,0.0,0.3,0.0,0.8,0.5,1.4201822361991636,-0.4220771282227962,-0.7127933332437325,0.754445172077635,0.348958340833329
0.6,0.8,0.2,0.2,0.5,1.0,0.5032154294881076,0.3825406073972783,0.2510945422014504,1.8984636467580946,1.6252902159725797
0.7,0.9,0.5,0.7,0.1,1.0,0.05217418377874211,1.247773979213347,1.1330342922404237,3.9456980337174303,3.6104033509125353
1.0,1.0,0.9,0.1,0.5,0.6,-0.6670153392451246,1.678398877910197,1.3983202541330124,1.15719887238842,1.067877201397416
0.1,0.8,0.9,0.6,1.0,0.2,-0.4460516104806257,1.564445860892309,1.522734791038437,0.5046023693696119,0.3518777190004176
1.0,0.5,0.9,1.0,0.7,0.6,-1.3129322850399472,2.413462149402834,2.174102768494,2.0242009358090685,2.024590818537387
0.2,1.0,0.4,1.0,0.0,0.0,0.8397069753742499,0.07979366266870111,0.20965359230030944,1.8783388394988465,1.6113096912110034
0.6,0.3,0.3,0.3,0.9,0.8,0.5549325317466667,0.6688815246450421,0.4018711352264139,1.0098857222732387,0.8940465880710913
0.2,0.1,0.2,0.7,0.0,0.5,0.9253951037522172,0.03772020855802741,-0.03064350883672392,2.0458929109011006,2.055706474562582
1.0,0.7,0.5,0.7,0.0,0.1,0.7539491563245742,0.2931681281862428,0.3221124455170899,1.8624980062050391,1.758506037145951
0.4,0.3,0.9,0.1,0.2,0.0,0.16970927798093685,0.7027803629689311,0.5775278930047738,-0.1370906141666631,-0.21158232570770605
0.9,0.7,0.8,0.1,0.6,0.4,-0.7172092467366117,1.624182108651378,1.415648131127478,1.102077457542103,0.7279179622888408
0.7,0.9,0.3,0.5,1.0,0.3,1.0291673066490794,-0.17039226706282823,-0.3870610370545062,0.46791742554556515,0.1807310979203252
0.5,0.1,0.4,0.2,0.5,0.8,0.06970686554808861,0.84919985136177,0.8210891386799266,1.4896886428289517,1.3401115893390203
0.0,0.1,0.0,0.9,0.6,0.8,0.09413566848651636,1.0364397095706381,0.9658230457869219,3.6758598351701264,3.3789549735679807
1.0,0.7,0.2,0.4,0.7,0.8,0.4625695431388594,0.7423593463941534,0.5142905324834309,1.9181818478102528,1.8347438991482685
0.5,1.0,0.9,0.1,0.0,0.4,-0.537927576817752,1.4800977303328156,1.101351472911881,1.403999855158287,1.3357046468951044
0.8,0.9,0.7,0.6,0.0,0.1,0.3783924904970583,0.9828640114808178,0.7668171499032845,2.3924779627926496,2.151699311506884
0.7,0.6,0.7,0.1,1.0,1.0,-1.811427370345381,2.648379579398886,2.5984161103597274,2.8043406050185955,2.5660106125422932
0.8,1.0,0.0,0.7,0.4,0.1,1.101056450666076,-0.14273946018483008,-0.18853989949994573,1.5591994155741267,1.5604821009440724
0.4,0.8,1.0,0.8,0.5,0.3,-0.6325773404013837,1.817876422605304,1.5106630194909156,0.7933018524691936,0.6351983978390967
0.3,1.0,0.3,0.0,0.5,0.6,0.7225664632805818,0.1453110585955358,-0.01452852713112611,1.003389623742982,0.543225487559602
0.0,0.8,0.7,0.8,0.1,0.3,-0.1535066739519118,1.1566643107459953,1.14129247153438,2.6895209522792993,2.3224375079594086
1.0,0.7,0.2,0.1,0.1,0.2,1.6997823935900995,-0.8403718297769037,-0.8201268890290088,0.820811233480981,0.29831325531920017
0.3,0.4,1.0,0.8,0.9,0.0,-0.7101743002462395,1.4382941650425591,1.35448005229314,0.7649203545852243,0.4571765052406271
0.1,0.8,0.9,0.2,0.1,0.0,0.2808838629010294,0.825025952401568,0.6556213135326955,0.7002985724537052,0.39862989174635033
1.0,0.0,0.3,0.3,0.7,0.4,1.7624785115107084,-0.5765254261392305,-0.7587006048562863,0.7245036218302632,0.5723628497230091
0.3,1.0,0.8,0.0,0.4,0.5,-0.4723289442735495,1.6681076186112718,1.5232281413299198,1.211764294426006,0.7999581454303214
1.0,0.4,0.8,1.0,0.2,0.4,0.08670250715566616,0.999568033664617,1.1099104552266639,1.3329723457430125,1.0417365009344224
1.0,0.2,0.6,0.1,0.3,0.4,0.5588852836483811,0.5659782215008671,0.5436029179682439,1.4895687554553103,1.4464233436321494
0.9,0.5,0.0,0.7,0.1,0.9,0.4859307419564326,0.6655490171085326,0.417309936317444,3.6398129697249706,3.491623264001056
0.3,0.8,0.4,0.0,0.7,0.7,0.5697964896657832,0.4516000084897862,0.2915453961128041,1.279442567656093,1.0655893361664508
0.2,1.0,0.4,0.8,1.0,0.7,-0.10385907397089383,1.1927248732564024,1.1685871377309005,1.848237901926494,1.5250393676979248
0.2,0.3,0.0,0.5,0.0,0.5,1.1603564480218775,-0.1883156432046207,-0.3101800019717633,2.4952064402143797,2.3817528965387735
0.1,0.2,1.0,0.1,0.0,0.4,-0.2664260921232061,1.371106142644593,1.156007568462267,1.5939750684426577,1.4559756257267003
1.0,0.3,0.7,0.0,0.5,0.6,0.051506488262856226,0.8174782735901716,0.9748244471954488,1.4383127146115469,1.2692752861424623
0.7,0.9,0.0,0.0,0.4,0.2,1.6994886774579558,-0.8041164786590097,-0.7999340432766635,1.1709728089659037,0.7553547872754092
0.2,0.2,0.1,0.0,0.8,0.6,0.7516952132474553,0.28362645840758044,0.246440362003147,1.9620005384395713,1.7355519471474752
0.6,0.1,0.1,0.7,1.0,0.1,0.8660174659285941,0.14463905917076855,0.16175450209132713,1.1185548887198757,0.9875787169372917
0.2,1.0,0.4,0.4,0.9,0.9,0.04285011263761784,1.0474436721876554,1.0167814821129124,2.5677438970937594,2.4079469351459246
0.8,0.2,0.0,0.9,0.7,0.6,-0.14291072737137106,1.112429025068046,1.0039047355890818,2.803849118099084,2.6894674952965634
0.0,0.8,0.5,0.9,0.8,0.3,0.2520518972403748,0.8117783872107218,0.6512710549443159,2.2915351721379262,2.08388211499956
1.0,0.4,0.1,0.7,0.3,0.3,1.8765382759741274,-0.6865544116657551,-0.9882635465231894,1.177232532701836,0.9175277404718543
0.6,0.8,0.7,0.4,0.1,0.1,-0.12342866287740971,0.9245700984431786,1.0763083665114854,1.5804880787261186,1.7983269686265504
0.0,0.9,0.1,0.2,0.9,0.1,1.9162221255139116,-0.6995295332703905,-0.751131298741699,1.5455137654892388,1.3350846339685782
0.1,0.4,1.0,0.5,0.7,1.0,-1.3778471194217425,2.2326020738989483,2.115201753681115,3.0796158435102168,2.9120237884349716
0.3,0.1,0.9,0.7,0.0,0.6,-1.047648869899121,2.081484679459422,1.970070401248701,1.9923277887644397,2.022234036845097
0.8,0.7,0.8,0.5,1.0,0.2,-0.9039685142250612,1.9469093946757052,2.0139962260584894,0.5214908291231366,0.44498375059848766
0.0,0.8,0.1,1.0,0.0,0.7,0.6595012363578542,0.4329011416376469,0.4202387440163138,3.05687547331652,3.002145620775685
1.0,0.5,0.4,0.7,0.6,0.1,1.1429859726035287,-0.000976950024480304,-0.0736315971845833,1.0336838463516573,0.9553946322932428
0.1,0.2,0.3,0.8,0.6,0.4,0.7338356495028995,0.46214469567300853,0.010015574009855324,1.1093254007715072,0.8133745717923645
0.9,0.5,0.9,0.0,0.6,0.2,-0.06586139267558275,1.4034731363799862,1.1288832688739732,0.4739158619333326,0.3199846819120328
0.3,1.0,0.6,1.0,0.7,0.7,-1.444454208978718,2.5779472350861026,2.473278038662789,3.764500111124341,3.640951537939608
0.0,0.3,0.2,0.7,1.0,0.0,1.7199212696281547,-0.4553118271833344,-0.6319266851005395,0.27902576620248565,0.08376601545909917
0.3,0.3,0.9,0.0,0.2,0.3,0.23060088070448798,0.6643043059530441,0.7352598729583063,0.11496422075985907,-0.10503211184126221
0.9,0.2,0.8,0.0,0.8,0.3,-0.1346275961523867,1.278377012202467,1.3879692894593747,1.3385728719377288,0.9249601996078805
0.6,0.4,0.2,0.9,0.4,0.1,1.3737663845622654,-0.5322112116345593,-0.3750961532101815,0.212560100544975,-0.052375421426756656
0.1,0.8,1.0,0.5,0.1,1.0,-0.9423779682492683,1.949315933218553,1.8500250601040196,3.151928933142159,2.806220766256097
0.9,0.5,0.3,0.0,0.0,0.5,1.5786997720895661,-0.4065568375448552,-0.699345571335585,1.0860987710631838,0.8659807071210104
0.5,1.0,1.0,0.8,0.5,0.9,-1.8330448613677683,2.8035007319491543,2.6451108186854624,2.4874149618743977,2.2843218750200567
0.2,0.3,0.0,0.6,0.5,0.3,1.2922903171019653,-0.49152940171269377,-0.24712912357662078,1.5360549669727876,1.1659306833231853
0.1,0.0,0.0,0.5,0.0,0.7,1.0195063400603308,-0.02239975001994416,-0.04545850983642388,2.9960735413632285,2.8885945511719853
0.9,0.4,0.8,0.3,0.3,0.4,0.1226640824589546,0.9620808469887661,0.9295843451333098,0.5312440265876849,0.5056102310290138
1.0,0.5,0.1,1.0,0.1,0.6,0.7583794556191985,0.25402997512293757,6.224054886624919e-05,2.6767108196034224,2.639166640358221
0.5,0.5,0.1,0.5,0.8,0.6,0.4535048736971268,0.7823418887184734,0.6358458956495444,2.464905511159897,2.245271077484972
0.0,0.6,0.5,0.5,0.5,0.4,-0.161615589239636,1.2061836346028785,0.9863688567348287,2.124095026883993,1.854454657296368
0.4,0.6,1.0,0.0,1.0,0.2,-0.8101294924054387,1.8012958848257024,1.6328418532673032,0.5722116414851253,0.21861883050339687
0.7,0.3,1.0,1.0,0.1,0.9,-1.2341419309354382,2.506237716572409,2.2234774465235283,2.446300957112692,2.3482753965526832
0.8,0.0,1.0,0.8,0.9,0.8,-1.353226473729591,2.4585157570388456,2.4246638141419057,2.088841656928658,1.9278713047378588
0.1,0.1,0.9,0.9,0.4,0.1,-0.6653711402544508,1.7633544624159545,1.551848398514408,0.502473790324794,0.48108002431593466
0.8,0.7,0.5,0.3,0.3,0.3,0.3366641117796936,0.7154406150588225,0.8628970959994822,1.1506746515944866,0.7501960412200271
0.4,0.0,0.9,0.8,1.0,0.0,-0.2825641263741798,1.3420267629533191,1.289440514495096,0.28302287455293823,-0.07528177901368378
0.2,0.1,0.4,0.2,1.0,0.0,0.8940709856263281,-0.08443405666452874,-0.15157184312507285,0.42890430368004134,0.16344244828667692
0.4,0.0,0.8,0.1,0.5,0.3,-0.1986416614891697,1.0555458134590467,0.8322040236350592,0.5789053790056767,0.5540655903979246
0.7,0.2,0.3,0.3,0.6,0.7,0.4693669224012024,0.6989407883186616,0.536247185201479,1.1911602426955643,1.0603601162986243
0.5,0.5,0.5,0.5,1.0,0.9,-0.7493146516819454,1.6178672401746028,1.674957552721111,2.6408377441246222,2.5464226627021125
0.2,0.0,0.7,0.7,0.2,0.7,-0.9706054414932118,1.6760996613991366,1.6341259795241412,2.6023174914370752,2.2974495981784533
0.7,0.0,0.3,0.4,0.5,0.2,1.5747585139432694,-0.625075601589185,-0.542075978726615,0.06321756718871414,-0.2061117916685457
0.9,0.0,0.4,0.3,0.6,0.3,1.4377484256304873,-0.14189938568907381,-0.5455095657776249,0.7080110676300062,0.4752379317626396
0.0,0.8,0.4,0.2,0.9,1.0,0.3175363685894639,0.7133514258542321,0.6739981689770876,2.584939215087092,2.2145615290633347
0.4,0.8,0.6,0.1,0.5,0.7,-0.5584890420454247,1.3870672395558903,1.2951213614185657,2.1444746551336835,2.063336555779804
0.5,0.0,0.2,0.8,0.5,0.4,1.2062551901775274,-0.23512291337464347,-0.21319365486569303,0.6738438451355134,0.4994916645156406
0.1,0.2,0.3,0.8,0.4,0.0,1.0486494523555865,-0.06258700527112013,-0.45012725364393746,0.07506834849675303,-0.0604504874300757
0.3,0.0,0.3,1.0,0.5,0.2,1.2568933681912589,-0.0033110502412823928,-0.39436770055412373,0.5166234589851693,0.14636150460955336
0.1,0.7,0.6,0.7,0.2,0.8,-1.1419043248555558,1.9687951802258765,1.937414988609948,3.23376894729648,3.0267381762169694
1.0,0.5,0.9,0.1,1.0,0.8,-1.0702673158219702,1.756333511317758,1.9243587690210477,1.3805271614103682,0.995293262049985
0.8,0.9,0.8,0.6,0.8,1.0,-1.4113382258190377,2.249733422098309,1.9026353741635809,3.397424069416075,3.239146337370565
0.4,0.8,0.6,0.0,0.6,0.2,0.21159029209046837,0.8241259802971097,0.6108165526826473,1.6136039130600544,1.4250108408667719
0.9,0.6,0.0,0.7,0.9,1.0,-0.22914968465121255,1.3604009728775726,1.1694095779725435,3.829475320046039,3.62133056392734
0.6,0.5,0.5,0.1,0.8,0.4,0.21007419186664864,0.7378879823282226,0.5961338932304364,2.029906406038535,1.7448786461075692
0.6,0.1,1.0,0.5,0.4,0.8,-1.5685164403995255,2.5050927482507257,2.3703393751346846,1.9324658914765047,1.6063403732155421
0.4,0.5,0.4,0.9,0.2,0.6,0.18457670381368857,0.8332753799702897,0.7860347579688595,1.5427298510718674,1.5298629690800705
0.6,0.9,1.0,1.0,0.8,0.4,-1.0132790764793438,1.9707893122923898,2.0927337342195735,1.9541817676060336,1.8173854981021638
0.3,0.8,0.7,0.7,0.0,1.0,-1.0464668543239932,2.116245356932959,1.8333981081655386,3.7068313600626794,3.628378916225204
1.0,0.5,0.0,0.4,0.0,0.3,1.514942934569308,-0.5255586195877819,-0.6064776123025076,2.4741459250464843,2.1335349124816534
0.8,0.3,0.1,0.9,0.0,0.5,1.0809530717659057,-0.14827375402376408,-0.3988088304528794,2.202626474438448,2.0359685424556373
0.6,0.0,0.8,0.6,0.9,0.6,-1.1142055761221155,2.093990437371678,2.0711242576942155,1.8153991575979496,1.4077217793927972
0.5,0.0,0.7,0.3,0.0,0.9,-0.6267214379558612,1.6569397246599002,1.3889362143895954,3.3925089106267308,3.121655848369001
0.0,0.6,0.4,0.7,0.7,0.2,0.37217599611567237,0.5014522842307678,0.800479223794226,1.653396373623876,1.4925744820674058
0.9,0.3,0.3,1.0,0.2,0.1,1.726919367750795,-0.552090357557341,-0.7462747179395803,0.1619139565022795,-0.142005169119795
1.0,0.8,0.6,0.3,0.3,0.8,-0.23491015431043796,1.2984718991763198,1.2215486624239542,2.4516319872218735,2.1641656149379944
0.3,0.0,0.4,0.1,0.2,0.6,1.2546575093955332,0.02946625632373001,0.015386090469388353,0.9612766420033348,0.7628706401666225
0.6,0.3,0.9,0.8,0.5,0.2,-0.35608314317894074,1.4603652235675904,1.4932396205379375,0.4164839059685276,-0.10446665427559962
0.8,0.9,0.6,0.6,0.6,0.6,-0.6407002923629181,1.723088075996653,1.4685147201143631,3.173589954267337,2.948617181640592
0.7,1.0,0.8,0.7,0.1,0.3,-0.7030430219668409,1.776405729966701,1.4015354472713613,1.9381745147020109,1.9886108561450104
0.8,0.2,0.6,0.0,1.0,0.0,-0.029209746075100185,0.8927429024284197,0.7428429932349883,1.0264477117710793,0.7440205029282511
0.7,0.6,0.1,0.1,0.6,0.5,0.6180795088305202,0.49862338011363555,0.5321369151329236,1.6529111130758853,1.7313975387724505
0.2,0.1,0.6,0.8,0.6,0.3,-0.4320241459779651,1.5559231803800868,1.4520761531203337,2.720369831107315,2.3937376498034775
1.0,0.9,0.2,0.5,0.3,0.8,1.2140910831002338,-0.33436501281837316,-0.39905771656540234,1.7045639433979138,1.694184787244485
0.9,0.0,0.6,0.4,0.8,0.1,0.33158835789576757,0.852525056752751,0.5682919252081758,2.1825884122570156,1.8078099681155
0.4,0.7,0.0,0.2,0.6,0.7,0.3497962420541454,0.8142961547215505,0.726563677468317,2.2670675820925097,2.142000874777287
0.9,0.9,0.6,0.6,1.0,0.7,-0.5967957629996082,1.5652649955632618,1.3390459691900047,2.6946780884487045,2.4661111857996176
0.7,0.7,0.1,0.9,0.4,0.2,0.7314926032756993,0.24637437069317886,0.18106330264223072,0.9587696376602802,0.8903698512848829
0.8,1.0,0.8,0.5,0.6,0.5,-1.0099338106418134,1.8840435843949013,2.1599348543085357,2.02597389101125,2.01120712342173
0.5,1.0,0.0,0.6,0.9,0.3,0.6145884258000602,0.1835862999661697,0.3114888385529798,2.2968502884238937,2.200752479722702
0.9,0.2,0.1,0.2,0.6,0.9,0.6856771376557195,0.3607670151385456,0.003551440755964863,2.6836447967761186,2.475007510196282
0.7,1.0,0.7,0.5,1.0,0.8,-1.5452543323382009,2.5508317416742607,2.4174368191651827,3.0463603215209294,2.816698060166313
1.0,0.6,0.7,0.6,0.1,0.5,-0.6070979259156781,1.8849717518647509,1.8060564315218561,2.7053978199224296,2.594174033256817
0.7,0.4,0.3,0.4,0.1,0.3,1.5874149802474251,-0.7177445167865388,-0.7040843610832253,0.7261618551036445,0.43369912011608036
0.0,0.0,0.9,0.0,0.5,0.3,0.23023866035495694,0.9697527064868121,0.6730762773177486,0.4457965462226863,0.33579058367743414
0.1,0.7,0.0,1.0,0.5,0.9,-0.2618587079815384,1.3192094356853623,1.1383356977251775,3.2114047186356816,3.053931242708927
0.5,0.0,1.0,1.0,0.8,0.9,-1.671031935233265,2.599155633351566,2.624805713076208,2.5801491824985288,2.469390568551963
0.9,0.1,0.7,0.4,1.0,0.6,-1.076631340532792,1.960147012164815,1.9408518604954592,2.2445024399864795,1.942965620151336
0.3,0.8,0.8,0.9,0.1,1.0,-1.1796081699232934,2.3582378157772004,2.054736268692795,3.0854214966053672,3.0347438416913173
0.1,0.7,0.5,0.4,0.7,0.7,-0.6235200110030067,1.796824523160026,1.5950568044953186,2.870885496841946,2.441925488398933
0.8,1.0,0.6,0.5,0.1,0.7,-0.8246410219762413,1.8135303374778355,1.648068330360275,3.486514503554822,3.3574641145021684
0.1,0.4,0.8,0.3,0.3,0.3,0.16622267147124495,0.7726489727041436,0.735251836692418,0.7015047107906167,0.5444709610411107
1.0,0.1,0.0,0.6,0.4,0.4,1.1571615193149984,-0.051821702543632275,-0.25484275430352843,1.784018611591773,1.4126000718633431
0.8,0.1,0.0,0.0,0.8,0.0,1.2747540489756355,-0.12560540442884077,-0.46607256931413577,1.3536683364477502,1.4071286303589474
1.0,0.5,0.8,0.2,0.7,0.0,-0.19002022061747148,1.0932680358756859,0.7471037644027455,1.34303181581051,0.9448472991672543
0.3,0.0,0.6,0.4,0.4,0.5,-0.17647277866204003,1.115654185844118,0.9912124290829484,1.666839772188921,1.6690341177189176
0.4,0.7,0.6,1.0,1.0,0.6,-1.6619280832745895,2.393108601138109,2.4608859519936273,2.3493969617560935,2.1803659641185447
1.0,0.8,0.4,0.2,0.2,0.6,1.0956867288295382,-0.08776697601246021,-0.11351992784547717,0.9432315046477033,0.7980686057699837
0.5,0.0,1.0,0.6,0.6,0.5,-0.9237617217477382,1.94108072008066,1.9020448924994096,1.5795251884364596,1.2476855604561776
0.7,0.2,0.7,0.7,0.5,0.0,-0.4840206672402526,1.55735605751451,1.5267401550318047,1.469250279001645,1.3040034163021286
0.7,0.0,0.9,0.4,0.8,0.5,-0.6790831704671266,1.7916700260747593,1.54700924664502,1.022439640264831,1.2375452040575463
0.8,0.1,1.0,0.8,0.0,0.9,-1.3551743188505792,2.321256329447479,2.183496083203647,3.160013232219998,2.821896577366626
0.3,0.2,0.1,0.5,0.2,1.0,0.4043609830918753,0.3045824063987884,0.37604269260505413,2.9306049871330795,2.9939180257969817
1.0,0.1,0.6,0.7,0.5,0.8,-0.7869964415272344,1.9466266844760935,1.7806794275874522,3.0121424715754292,2.8197682282023715
0.6,0.1,0.7,0.2,0.9,1.0,-1.375548864295084,2.5930311807543487,2.27099671021357,3.2886869552811775,3.2794043191711366
0.2,0.4,0.7,1.0,0.2,0.1,-0.17421733348567175,1.2060491421581168,0.955825302317026,1.6961863993225756,1.4791210633031349
0.5,0.6,0.9,0.5,0.1,0.5,-1.14471531352261,2.2048100675656457,2.1526234057114393,1.55279908220168,1.511704217729162
0.5,0.8,0.3,0.0,0.6,0.5,1.1970972523094814,0.06733038007602438,-0.011083950289558192,0.24857620813131867,0.1887400503523444
0.3,0.3,0.5,1.0,1.0,0.1,0.41336001273688816,0.6561592253404381,0.6662103689413024,0.868605107958187,0.7860110061038609
0.2,1.0,0.0,0.8,0.6,0.9,-0.16793407234809185,1.0247818770397183,0.9036172634353635,3.9250229682092916,3.761896487470846
0.4,0.6,0.2,0.2,0.9,0.8,0.020449735164867373,0.8764309757845867,0.8293464382156404,1.819452104067863,1.5039556886437273
0.3,0.8,0.3,0.8,0.8,0.2,1.1015665489427267,0.061291439283113425,-0.1137145044495528,0.8902502775928065,0.6940365318658123
0.8,0.9,0.1,0.4,0.9,0.0,1.6067916438867955,-0.594795341530976,-0.6364631303317762,1.4140301135580642,1.2466891621290035
0.7,0.7,0.0,1.0,0.4,0.4,0.22447506598107025,0.6565632810558321,0.6327171415565888,1.70239959824521,1.2656254725584835
0.8,0.0,0.6,0.8,0.2,0.9,-0.7252339368095603,1.732437049372813,1.6102409403237796,3.2136468040514323,3.028224269344295
0.3,0.2,0.2,0.8,0.2,1.0,0.452036428477478,0.7033005278384832,0.3903922405013894,2.575474828523578,2.247390540958951
1.0,0.0,0.6,0.4,0.9,0.9,-0.4105850310311691,1.5699828507075426,1.219222612274447,3.2206941602911074,2.8507861195331947
0.9,0.4,0.1,0.0,0.3,0.2,2.1596836035676907,-1.1021315244317713,-1.292826970087016,0.40169418427941384,0.34457333176229743
0.1,1.0,1.0,0.2,0.5,0.5,-0.7312640620667187,1.7576812429215605,1.8162733286138715,1.6422175793303155,1.3794780736384467
0.5,0.6,0.6,0.4,0.2,0.3,-0.6480378548523595,1.4852125174534858,1.3349587691654436,2.0843434892496324,2.020640194634403
0.7,0.3,0.5,0.8,0.4,0.2,0.47868008018303887,0.5267923482746679,0.5682340086012803,0.7939500003495381,0.7409492439898745
0.0,0.7,0.0,0.2,0.2,0.3,1.2232255290708338,-0.10277231207060121,-0.3530297088247395,1.4926847880161997,1.653741807778195
0.1,0.8,0.4,0.5,0.0,0.3,1.174788684008413,-0.42523108605454274,-0.1378838253161664,1.399544101148019,1.3338558197527206
0.8,0.8,0.9,0.4,0.8,0.9,-1.2215079197049916,2.2101510089011924,2.138114426088162,2.387924755076825,2.065431443009357
0.9,0.8,0.3,0.3,0.8,0.6,0.8643009977968416,0.1776832677638398,0.13035602237562954,1.1702119981208592,0.834881089963258
0.8,0.1,1.0,0.1,0.1,0.0,-0.0087896693776199,0.9513197166727965,0.7653431702177735,0.9520643565476373,0.5708366048543044
0.2,0.5,0.7,0.4,0.1,0.2,-0.23916343909457422,1.2877140441367259,0.9300961720545113,2.218551718272077,2.036406616762612
0.2,0.7,0.3,0.8,0.8,0.8,-0.3570318747442332,1.3340847146682093,1.1075195132530138,1.8165583553618083,1.6742914860790234
0.8,0.2,0.4,0.5,0.4,0.8,0.1763267424754091,0.9402938067065261,0.7577814546335914,1.2925755239218775,1.0423435417017441
0.8,0.6,1.0,0.7,0.4,0.5,-1.3062894352902938,2.329517904581307,2.4940849473144033,1.2565533922208398,0.8828802854340116
0.4,0.6,0.0,0.3,0.1,0.6,0.4407668007376851,0.6076102376048694,0.5824445502204427,2.625302060115736,2.446626500917419
0.7,0.7,0.7,0.5,0.1,0.0,-0.4645792118135509,1.3801863386101745,1.2803156381620435,1.9326447543162346,1.66029576136862
0.7,0.2,0.7,0.5,0.6,0.8,-1.3901362552485583,2.2876659349034365,2.325171546575501,2.8492974431915696,2.5803296142926997
0.2,0.8,0.6,0.0,1.0,0.4,-0.23680293559525994,1.0768500912680277,0.8984139019321362,1.479600895494903,1.1598917835808837
0.8,0.3,1.0,0.1,1.0,0.1,-0.06585830635122278,0.8792515348872325,0.8703166660565314,-0.26659671507783356,-0.32953537998353594
0.8,0.5,0.4,1.0,1.0,0.1,0.5051713196017394,0.557323981931375,0.5594311440269517,0.6961274868178634,0.4078092812355017
0.2,1.0,1.0,0.9,0.2,0.0,-0.569765800341343,1.5018923057616873,1.597536835348897,1.4306152274694868,1.369640103549721
0.6,1.0,0.6,1.0,0.4,0.1,-0.6734975924160289,1.5724388487891168,1.3225143942771067,2.09976469186174,1.826123530087081
0.5,0.9,0.5,0.9,0.9,1.0,-0.8555952961322115,1.7643650862841953,1.6150929654714918,3.790866336098502,3.366502026513934
0.0,0.0,0.5,0.5,0.1,0.6,0.480532686026826,0.6898339474439601,0.8080679197450218,2.6607292822083175,2.65657735670231
1.0,0.4,0.2,0.2,0.5,0.8,1.4273280752595894,-0.3667624484866176,-0.3349279058620549,1.1924577386532493,0.9456246209102752
0.8,0.5,0.1,0.4,0.9,0.2,1.0290926018897857,-0.2895460157754993,-0.3074091296489262,1.7488543188305667,1.4686210124012682
1.0,0.3,0.9,0.1,0.4,0.9,-0.4236400220296142,1.5369380657698863,1.3000498297151366,1.003875587071179,0.7760952001608611
0.3,0.3,0.6,0.7,1.0,0.6,-0.7423458104306373,1.9795531532566872,1.5272962829566286,2.0948174371949952,1.9822794565730413
0.9,0.1,0.2,0.7,0.2,0.0,1.5934775784944135,-0.6244579188467217,-0.7002183887103465,0.8407109762653182,0.5705027437726207
0.5,0.7,0.3,0.0,0.6,0.9,0.25369446644098764,0.8373846107794832,0.788933968643257,1.3119783211751181,1.06392620445637
0.6,0.5,0.1,0.7,0.5,0.7,0.054196342975990686,1.065920492382066,0.7408541231096307,2.2491188085262763,2.225030026235688
0.5,0.3,0.3,0.1,0.1,0.9,0.9495128415055556,0.08193697499373928,-0.07306055119630442,1.3792050550690917,1.330286920637894
0.7,0.2,0.9,0.7,0.4,0.6,-1.342009741351009,2.2551899842546104,2.2789345611576497,1.0034094737805994,0.8039098848337297
0.6,0.8,0.1,0.5,0.3,0.7,0.5551712900840262,0.3316570371861592,0.23099675329232028,1.7080834712750212,1.506931728950938
0.9,0.4,0.4,0.9,0.4,0.1,1.0715607699730383,-0.399976568704525,-0.33931242791570165,0.12829453182475598,0.16295719209649906
0.7,0.8,0.1,0.2,0.7,0.7,0.4854075020392469,0.3461537896485457,0.24950964513688595,2.207442610835881,2.1018418377102615
0.3,0.7,0.5,0.4,0.6,0.0,0.12088653244603911,0.7663098456163794,0.699015093497262,1.1616490162083095,1.092878933777729
0.3,0.4,0.2,0.8,0.5,0.0,1.6591581758171698,-0.5150649074855707,-0.8790093294959065,0.08636989568395148,0.09738873954156695
0.7,0.9,0.7,1.0,0.6,0.6,-1.2444362925076096,2.1816781010287043,2.2491419922162614,2.9424878177294476,2.7142909634085988
0.5,0.2,0.8,0.2,0.2,0.2,-0.25553429594463106,1.3906717627578118,1.1972668392792905,0.6252363456556571,0.6176388614627016
0.5,0.2,0.8,0.4,0.7,0.6,-1.3384164356086168,2.3455906170655103,2.1544648868080705,1.9281616373076358,1.9012398000583826
0.5,0.6,0.2,0.4,0.5,1.0,-0.0010682399900161788,1.0388089347027576,0.9566427330909386,2.313853328967102,2.0955978022479367
0.1,0.5,0.4,0.6,1.0,0.8,-0.09765837081355232,1.0655612073977923,1.0029281498708602,1.9167944193581257,1.6368914521840923
0.8,0.6,0.0,0.8,1.0,0.5,-0.12382494263686536,1.0696411229768532,0.8180347367159473,2.0454997496399763,2.0114933852831127
0.0,0.1,0.6,0.6,0.6,0.9,-0.9573512415405432,2.104248535524498,1.9889729724847716,4.073975154640461,3.8115569012901758
0.0,1.0,0.2,0.6,0.8,0.9,0.2235259045272736,0.6567974812427033,0.6393039224988345,3.3792729987523664,3.157426420974099
0.8,1.0,0.3,0.4,0.9,0.7,0.2817947249798113,0.5663331946812508,0.6133528911399079,1.637725155851575,1.6236512782993175
0.1,1.0,0.3,0.7,0.3,0.6,0.4541270435882244,0.4574551876387492,0.3655383668753528,1.3318477736730472,1.1116322316170693
0.0,0.8,0.0,0.9,0.1,0.3,1.2342955388008867,-0.10998785938568775,-0.3530744626202505,2.430008663096197,2.4015629626190833
0.3,0.2,0.9,0.5,1.0,0.2,-0.5233466380429485,1.644849307961954,1.689229936079611,0.3167640472274262,0.2929368908615496
1.0,0.4,0.0,1.0,0.3,0.5,1.386149631573293,-0.13410302892312556,-0.2030919745378762,1.7173038795180593,1.6191266111869267
0.1,0.0,0.6,0.3,0.4,0.1,0.5290284804521754,0.539626731410311,0.46034954544505596,1.281466083025611,1.205473700383792
0.8,1.0,0.7,0.3,0.6,0.6,-1.063031834770892,1.8248843591073212,1.7594113649071028,2.933426441074916,2.733226490086339
0.0,0.6,0.4,0.4,0.2,0.1,0.7971388254907292,0.14770664069713044,0.06578192173567027,0.9631836804182744,0.9621357867515865
0.8,0.1,0.5,0.7,1.0,0.3,-0.0400320721412384,0.9805660850296484,0.7645650755397706,1.3117756006159462,1.4172738711410842
0.6,0.2,0.5,0.7,0.1,0.2,0.30965142748998764,0.7075601350915114,0.6893391862792402,1.7508711461336732,1.702187586466322
0.8,1.0,0.7,0.1,0.5,0.9,-1.0848285751471825,2.217889329240837,1.9726504871455615,2.962995563515822,2.842670650230088
0.0,1.0,0.2,1.0,0.5,0.8,0.2938219779797678,0.8664284753575944,0.9289993714706413,2.6613435253278626,2.2403818085140874
0.6,0.6,1.0,0.5,0.1,0.2,-1.022520879036441,2.0914234070219733,1.813633739180846,1.3499796994692532,1.2533137026168577
0.7,0.5,1.0,0.6,0.0,0.5,-0.9385036845821044,2.028081419581813,1.7787413845408013,2.105340382867224,1.8129424553874864
0.9,0.3,0.0,0.1,0.0,0.3,2.0640687873269026,-0.9218077266630661,-1.1712357062845624,1.8185406774800377,1.5155711536364964
0.1,0.3,1.0,0.7,0.7,1.0,-1.2594690519618663,2.281804561279032,2.1947531923608987,2.911789886222788,2.783976865143155
0.5,0.5,0.4,0.9,0.3,0.2,0.5348436728876123,0.4507662092025557,0.19520178275025207,0.5637922466394454,0.6232533981836731
0.7,0.1,0.7,0.0,0.6,0.5,-0.7360604850694733,1.7879545713451268,1.557291520454781,2.0913902613198263,1.7083220716980845
0.0,0.2,0.4,0.2,0.9,0.6,0.5333099910093255,0.590420483557951,0.474469235440312,1.637177578188735,1.369053495387375
0.6,0.6,0.9,1.0,0.0,0.4,-1.2032863041445256,2.4196374568001042,2.3933990043493116,1.7497365258219757,1.5297032937961725
0.8,0.3,0.2,0.5,0.5,0.6,0.9085386760242149,0.07575313633880329,0.005438206237579443,0.785250758408817,0.7071024338483421
0.0,0.8,0.4,0.4,0.3,0.4,1.0004116572418473,0.0039304648843695444,-0.2761159270420794,0.6855053717740967,0.5567784969540215
0.4,0.9,0.2,0.1,0.7,0.5,1.1358698270141308,-0.29554866297724797,-0.2936779694822884,1.3638511460793472,1.2982312634250446
1.0,0.8,0.1,0.4,0.2,0.1,2.047946739950676,-1.0104056121365426,-1.117769717470514,1.0528007787078741,0.9544698164356548
0.0,0.7,1.0,0.5,0.9,0.6,-1.5256059009320329,2.596956744796826,2.5261446592519596,1.8517098594341013,1.6115611781252015
0.6,0.6,0.0,0.1,0.8,0.7,-0.07349073249871957,1.1990414114731378,1.0298367471017267,2.806675140893001,2.583361296901951
0.2,0.3,0.1,0.4,0.8,0.8,0.8086624527711648,0.21844489964782687,0.15988929375879166,2.3949575503213194,2.566153699776546
0.9,0.5,0.2,0.0,0.2,0.1,1.8673940557097586,-0.9334676602570527,-1.2211498918623918,0.30184269053519414,0.2344415571743153
0.3,0.4,0.4,0.9,0.1,0.8,0.35513905907686183,0.5474485216169981,0.5032654805503927,2.2282255472591967,2.132330619470863
1.0,0.1,0.9,0.7,0.9,0.7,-1.1934679875623635,2.124749571804044,2.125191192595596,1.9616916275629397,1.494642005729029
0.8,0.2,1.0,0.5,0.5,0.1,-0.43500841399088386,1.5160462310586436,1.2613319055216443,0.6785450373467674,0.2979610752413528
0.1,0.1,0.2,1.0,0.8,0.4,0.6843203047992696,0.4262736938272141,0.25522904649401656,2.0017911721752446,1.6457252669099254
0.8,0.2,0.3,0.2,0.0,0.9,0.7617297888610456,0.34636247468058623,0.30401529825592466,1.903653848583329,1.807946209598653
0.4,1.0,0.2,1.0,0.7,0.7,0.08934953511978784,0.7286852193859132,0.7587772811193476,2.6181583724035447,2.564167842502849
1.0,0.8,0.8,0.6,0.5,0.8,-0.8157523347328482,2.052413435755669,1.9190363218654753,1.8283612803876705,1.625208888992359
0.9,0.1,0.8,0.0,0.5,0.3,0.07999008634979732,1.0916350393552734,1.2047777268360131,0.5970040889135237,0.5319085884844564
0.4,0.9,0.7,1.0,0.3,0.9,-1.1677596841674134,2.0641492402247383,2.058496366930463,3.158304340390797,3.0231926251727455
0.7,0.0,0.4,0.2,0.2,0.0,1.5371693817858145,-0.6273614308296884,-0.7892135892774375,0.2574059555348341,0.15962164575457094
1.0,0.7,0.8,0.8,0.3,0.5,-0.9383089999276506,1.9968759767344169,2.005535309118838,1.3049154540449786,1.0402825155689421
0.9,0.4,0.9,0.5,1.0,0.9,-0.9357180432499308,2.074109486490421,1.9483407175923904,1.7804612152584238,1.4776422389865946
0.9,0.1,0.6,0.4,1.0,0.6,-0.700951016376227,1.7359112164131008,1.5826951730649874,2.535558970914476,2.201180190166346
0.1,0.8,0.3,0.4,1.0,0.1,1.460998042461764,-0.5237214447309217,-0.39041371078742837,0.0015172912107580434,-0.18510337494685297
0.0,0.6,0.9,1.0,0.4,0.7,-1.6923819783434644,2.8038174207302697,2.850082842275412,2.084791013342547,1.6095771769898597
1.0,0.7,0.1,0.1,0.5,0.0,1.6047137956126671,-0.42019698007737083,-0.5936102826823606,0.4783962167448128,0.28906462703618496
0.1,0.7,0.6,0.4,0.8,0.6,-1.200263705902608,1.9349099948632904,2.1594666961081828,3.0015300471729254,2.6311389411992754
0.4,0.5,0.9,0.4,0.1,0.3,-0.31267334752004056,1.5148191993372224,1.3280716267721573,1.219232401987467,0.9583964014608911
0.7,0.7,0.7,0.1,0.3,0.2,-0.3903518767743417,1.4122640507655717,1.4295268518956452,1.0136440886123146,0.8184035814219608
0.9,0.0,0.6,0.6,0.9,0.7,-0.551122369268155,1.6233147375640211,1.6499176572710605,2.7444728255193653,2.6467832773747832
0.0,0.3,0.2,0.3,1.0,0.2,1.6803448245972983,-0.7486604387630966,-0.8860383076843735,0.42060801388120417,0.252964408700488
0.2,0.9,0.9,0.6,0.9,0.9,-1.1872556159688683,2.1677233135269045,1.9559127509682663,2.525505318571112,2.178888267634268
0.1,0.0,0.6,0.0,1.0,0.7,-0.2752012173897872,1.2685770040439668,1.467834114279285,1.9991447875733948,2.019684532431356
0.9,0.3,0.3,0.9,0.3,0.3,1.4934983171962055,-0.5542508602877325,-0.685509559626515,-0.03192529411968225,-0.19661290469847156
0.6,0.7,0.6,0.5,0.4,0.3,-0.5708348021238838,1.6692475872220185,1.4850027000066313,1.4658066192870591,1.3576045217737411
0.4,0.2,1.0,0.8,0.8,0.3,-0.8368911580728614,2.0008089683159596,1.8999542386225636,1.5668871483972668,1.3925112623141904
1.0,0.0,0.0,0.4,0.9,0.2,1.947609363582607,-0.758501387134989,-0.969039152107556,1.5593551501502918,1.5103375534610903
0.4,0.9,0.3,0.8,0.4,0.0,1.4111123173214328,-0.5128927936190679,-0.5310442824584163,0.19042569401645368,0.10466944609820159
0.8,0.3,0.6,0.9,0.7,0.8,-1.1838900978637545,2.0584208922396914,2.001958208414084,3.198782851084734,3.080707939238638
0.5,0.1,0.9,0.2,1.0,0.8,-1.4589518688823466,2.5312254083819687,2.25777740723273,1.2959974868962223,1.2837061216538783
0.8,1.0,0.5,0.5,0.2,1.0,-0.4596925560799366,1.3713759510372827,1.4136231285746395,3.6356095843496283,3.354689884219977
0.4,0.3,0.7,1.0,0.9,0.6,-1.1939011266700064,2.2027401875429997,2.1405407249356676,2.438146488146977,2.0696723435803124
0.1,0.9,0.2,0.8,0.2,0.6,0.8335969348517845,0.16317810083035236,-0.1742156428687831,1.7991725823972229,1.6592102497645058
0.8,0.8,0.9,0.2,1.0,0.6,-0.8928307129335004,1.9788042789275522,1.8053636797360095,0.4739759831197592,0.4788607293389418
0.7,0.7,0.6,0.9,0.6,0.5,-1.290505070221873,2.381741974584337,2.215992058957912,2.6040971450225694,2.214370612982306
0.7,0.3,0.7,0.4,1.0,0.5,-0.6527905698879075,1.639813162460861,1.5171444769187676,1.4921331400472495,1.1519892168863595
0.7,0.7,0.0,0.2,0.1,0.3,1.041987025938631,0.017517778767917422,-0.19284494203139,1.7501266862334517,1.5407450554621631
0.5,0.2,0.2,0.7,0.7,0.9,0.009275865764984265,0.9428174148375822,0.9414050933339626,2.6619555980519016,2.434156257776564
0.3,0.8,0.4,0.9,0.8,0.9,-0.16592268149245223,1.152750565807052,1.0579141113048565,2.4723852428072712,2.2845776958231463
0.4,0.6,0.9,0.5,0.3,0.0,-0.7198975959762486,1.6886509693707747,1.5483371207269234,0.4546105825601653,-0.03499079113130443
1.0,0.4,0.3,0.4,0.1,0.0,2.25610254842371,-1.1690512666637702,-1.386234121515866,0.3923548786478136,0.27097275619807515
0.7,0.1,0.8,0.2,0.9,0.6,-1.1434680810859017,2.192614565329821,2.0460218679294604,2.023555076531542,1.3833052365354752
0.1,0.1,0.1,0.4,0.0,0.7,0.6718174041275028,0.280604568883104,0.1271042664196772,2.970299897347326,2.7807617799037745
0.6,0.0,0.7,0.5,0.9,0.2,-0.3513189333843877,1.4921047077576974,1.244270914378397,1.6792523842381264,1.523800517428027
0.4,0.7,0.7,0.3,0.7,0.7,-1.3604352342749995,2.556560071114264,2.2894497432430176,2.75331459571256,2.4319353704655455
0.1,0.3,0.0,1.0,0.0,0.9,0.49605047391353674,0.39500150218124064,0.4064668833866306,3.513406885460484,3.4044054134188277
1.0,0.9,1.0,0.9,1.0,0.2,-0.25516106115552906,1.3793386671638583,1.320947688180498,0.98227656584381,0.7368297654379545
1.0,0.6,0.0,0.4,0.3,0.2,1.2904504099733267,0.0026774504247346342,-0.3951023353550456,1.4121474403664014,1.3239554438640322
0.4,0.4,0.1,0.9,0.4,0.4,1.2512016459336006,-0.28857514600502576,-0.3876219860364276,1.1468663804463703,1.0034176743603793
1.0,0.2,0.7,0.2,0.9,0.4,-0.3262568544382898,1.3345828429292257,1.1516968905998044,1.9830362161097417,1.5637980183388844
0.0,0.6,0.5,0.4,0.4,0.1,0.3357386876692625,0.741860406904275,0.6533823118909248,1.4095874612407862,1.137837129620728
0.0,0.7,0.1,0.3,0.5,0.0,1.1706500984127903,-0.47244621055462105,-0.4298549231503057,0.7794435048719452,0.9190514725362587
0.6,0.5,0.6,0.8,0.4,0.2,-0.5122576639867011,1.5682242892293736,1.4706987079697482,1.8929264148539848,1.6532399044752455
0.5,0.0,0.2,0.3,0.0,0.7,1.2463427771315105,-0.16652224404924296,-0.08760150816602477,1.8076785524844747,1.5698034641391752
0.8,1.0,1.0,0.9,0.7,0.8,-1.9011661197656982,2.781038874192078,2.6893462295415502,3.1350391346423856,2.7885786894866365
0.9,0.8,0.6,1.0,0.3,0.9,-0.9400946904937059,1.9779061685688721,1.9060032491116778,2.9508672217413814,2.7614681890204897
0.7,0.7,0.0,0.6,0.1,0.5,0.39920562412176813,0.5462269454861717,0.41357893748525154,2.285478143012027,2.1420003070968416
0.3,0.4,0.4,0.9,0.5,0.6,0.3278554690384014,0.5854518305794312,0.39764875952638656,1.1630797915127469,0.9488745610611792
0.4,0.5,0.9,0.6,0.3,0.0,-0.3921604594935525,1.5121109435878386,1.349048990756944,0.3068916718339749,0.3049151906998177
0.8,0.6,0.0,0.9,0.5,0.1,0.3585270162444387,0.6289338123524775,0.44160589978872977,1.7932943888929833,1.4247890617960395
1.0,0.5,0.5,0.1,1.0,1.0,0.075008614049138,1.211368161862862,0.9108384744936202,2.8023062490009703,2.626197319890381
0.0,0.7,0.1,0.8,0.5,0.5,0.4901764883060834,0.5464256795813643,0.5552401287848077,1.936664710546832,1.6543857853576158
0.9,1.0,0.4,0.7,0.8,0.8,-0.2978376430458163,1.251039732791348,0.9121245790183257,2.71602623097733,2.3750425334108067
0.0,0.3,0.9,0.8,0.0,0.8,-1.0700145304263535,1.8889459426551372,1.7714062113581914,2.29367031849185,2.356621974862304
0.8,0.7,0.7,0.5,1.0,0.7,-1.5574296103494032,2.5886556865401062,2.5255595542060543,2.1490014684402126,1.9809255817080882
0.9,0.2,0.8,0.3,0.2,0.2,-0.07999146040509253,0.973171063940277,0.936134546490317,0.8468640237334968,0.8881459558328423
0.8,0.3,0.0,0.0,0.3,0.9,1.0615544559041694,0.05110736505687098,-0.22315532050605152,1.8554458611477647,1.7724284486675175
0.4,0.1,1.0,0.5,0.1,0.6,-1.0199093987064196,2.041806412382901,1.8525781783814426,2.2436542375486552,1.9202885847337223
0.6,0.6,1.0,0.5,0.8,0.7,-1.9758602758633255,3.1139736139933625,3.1070427433389916,2.1758477096770266,2.1433488893321253
1.0,0.9,0.6,0.7,0.2,0.6,-0.04890474007352623,1.2764452832879614,0.8997646058997414,2.925008973467714,2.6948336939789996
0.9,0.2,0.0,0.4,0.4,0.5,0.9563701842505934,-0.00507956681860483,-0.09988194370798328,1.7393106832191865,1.3989449766877373
0.6,0.7,0.8,0.7,0.2,0.7,-1.6632861941762465,2.5547901725356152,2.5067323390673355,2.134376735204805,1.5642788368647205
0.6,0.0,0.3,0.5,0.0,0.3,1.587031772359709,-0.5441685847007218,-0.6852241358765044,0.878544398829589,0.6584108216323337
0.1,0.4,0.4,0.3,0.9,0.3,1.030220046524449,-0.23812494936761894,-0.339441911058211,0.9098770284448917,0.5332260428422047
0.1,0.1,0.6,0.6,0.4,0.4,-0.5362284303941292,1.2752572842680234,1.255559565537415,2.1464384051485492,2.122503378977488
0.0,0.2,0.6,1.0,0.9,0.2,-0.4253393139827564,1.5536853302864517,1.4367154340645159,2.506353682655987,2.228767829615437
0.6,1.0,0.1,1.0,0.5,0.8,-0.040327554147332606,1.3703335047245275,0.9484745952823713,2.783613895764697,2.7264544969041054
0.2,0.1,0.9,0.0,0.7,0.2,-0.5035654623370771,1.2848814241035353,1.0845747479189982,0.8960104807409608,0.6488595812199706
0.9,0.3,0.7,0.2,0.8,0.1,0.09648675542702409,0.7467446035855158,0.7975698837952654,1.4361999846823144,1.1435063029884098
0.1,0.8,0.5,0.9,0.2,0.6,-0.13454285317304904,1.1648262074587572,1.083448030722368,2.229564035333459,2.0137715466271016
0.5,0.7,0.7,0.8,0.7,0.6,-1.6757575999521517,2.96780618213791,2.667329731277588,2.6592034314147566,2.6329619716915458
0.9,0.4,0.6,0.4,0.5,0.2,0.42021987389730214,0.5871569192749314,0.5260926887941725,1.515544675062419,1.2752302005377325
0.6,0.8,0.9,0.3,0.2,0.8,-0.8586821364568169,2.0459453035099666,1.6500717125601168,1.4052742672664202,1.2005372188087857
0.6,1.0,0.1,0.2,0.1,0.4,1.2661368603557708,-0.16665149713820326,-0.24906460419477924,2.201582810924373,2.098119106396141
0.2,0.6,0.5,0.5,0.1,0.9,-0.6599205114316918,1.7683559992889697,1.6221490354318422,3.4107250314156987,3.220853847479621
0.7,0.9,0.4,0.9,0.1,0.4,0.7864220428220015,-0.14316048081011695,0.12879805929548965,1.750903309493504,1.5766074234490641
0.6,0.1,0.8,1.0,1.0,0.4,-1.4526297783708506,2.3857988296938104,2.318246398056958,1.4559227819504108,1.0987499771048406
0.5,0.3,0.1,0.3,0.0,0.6,1.1984859081979138,-0.120853684120406,-0.19382005062176472,2.187952019294135,2.0193257338696493
1.0,0.7,0.8,1.0,0.3,0.0,-0.654662318136579,1.7302550949300353,1.3390261849184795,0.5859613358000677,0.43797464239154316
1.0,0.1,0.9,0.8,0.5,0.0,-0.22247332165959696,1.3391854856197505,1.178650304841605,0.4513828529029995,0.4033353663923299
0.6,0.0,0.9,0.2,0.5,0.0,-0.009777468643260252,1.132732242870258,0.810838837020329,0.04237249314174518,-0.2143759338512997
0.4,0.2,0.6,0.7,0.6,0.1,-0.5538278758355986,1.3059825761298067,1.280703898225619,1.8630455572216746,1.8025571210250761
0.1,0.9,0.8,0.6,0.1,1.0,-0.8571719075207671,1.8765587768507206,1.6113508514697341,3.6314467368505197,3.3115699342611653
0.4,0.0,0.5,0.9,0.5,0.5,-0.004536524961825961,0.858138585673617,0.9336205095187537,1.7634445864851362,1.5457361671897358
0.3,0.5,0.0,0.4,0.9,0.5,0.5928334964359371,0.4819314102680642,0.3667339335483004,2.1570440076143926,2.1299911112849497
1.0,0.9,0.3,0.6,0.5,0.8,1.0947003770777004,0.023612904992469097,0.05042353790454679,1.7514451788878738,1.3298912884832625
0.8,0.5,0.3,0.2,0.1,0.4,1.2136766699627277,-0.2850033344631194,-0.3672225195673019,0.8243455449805224,0.5675233213234101
1.0,0.9,0.0,0.9,0.0,0.6,1.057475360809054,-0.0339345448813433,-0.25505367977331594,3.2836634333700516,2.948559355017136
0.7,0.8,0.2,1.0,1.0,1.0,0.022754757762180326,0.9904217629887418,0.9986852952901688,2.1716060728609885,1.8809963141809949
0.3,0.1,1.0,0.7,0.3,0.7,-1.2897158653479097,2.4303897097818385,2.2095748919734186,1.622641545922875,1.548261327722642
0.6,0.0,1.0,0.2,0.7,0.3,-0.5425636442129307,1.4534365257385082,1.2298719485343224,1.2129007978689315,1.0914906255881707
0.6,0.5,0.7,0.5,0.5,1.0,-1.4129426134958116,2.374633809794788,2.249354236289537,3.3839779890079926,3.214289506615001
0.8,0.1,0.4,0.1,0.7,0.8,0.25712721440675057,0.5828717898530433,0.6010582261424986,1.887638655842753,1.7816915970973484
0.4,0.2,0.3,0.3,0.2,1.0,0.935100614587532,0.6161353878732874,0.3811186848613198,2.0145217395350956,1.6470372799752429
0.4,0.2,0.3,0.8,0.1,0.4,0.9528415978622058,0.14692402441668892,-0.14163522816612453,1.0419908144930867,0.8207007816866938
0.0,0.2,0.7,0.7,0.1,0.5,-0.7241190437449302,1.7613590374462964,1.5536224884570473,2.9386354371480143,2.799796675479862
0.8,0.5,0.2,0.3,0.7,0.0,1.5310123616512619,-0.46602409304940007,-0.5511573526525735,0.9210278276987727,0.7978972623813253
0.4,0.7,0.9,0.4,0.6,0.3,-0.870864428946521,1.997454062931052,1.6824543714370472,0.7374133107064642,0.547603506537297
0.4,0.0,0.9,0.0,0.8,0.5,-0.4707375096345358,1.2730283282861892,1.3240362567757016,1.1128494914078264,0.619484282937996
0.7,0.4,0.8,0.0,0.9,0.0,0.07892292926993755,1.0246580632853217,0.8090159779618519,0.2751944756489224,-0.028250766667397675
0.3,0.7,0.2,0.4,0.0,0.5,0.8827484860972512,0.10702532234544686,-0.05178959072883969,1.4343867777661683,1.2567638942389812
0.0,0.5,0.7,0.8,0.0,0.8,-1.381353375017786,2.1022554270042466,1.9391450981655498,3.7276837772322966,3.7487369313996166
0.3,0.6,0.0,1.0,0.0,0.9,-0.3075684982332142,1.517488501876591,1.3539500088833942,4.032585974678082,3.951096754211478
0.9,0.3,0.4,0.8,0.9,0.8,0.18049844785833935,0.8703571404535585,0.8501670562035681,1.5843373441703277,1.4623831284265525
0.1,1.0,0.6,0.9,0.2,0.9,-1.388756898901019,2.162730358853879,2.1096990373300035,4.149449095771498,3.8473809694619527
0.5,0.8,0.3,0.9,0.2,0.1,1.2044395515588817,-0.24854510439658514,-0.3738434565233725,0.33517164547163564,-0.019020009063770243
0.0,0.0,0.0,0.1,0.5,0.8,1.001437054093157,0.05435324640006145,-0.30128712035925526,2.5048432237859406,2.3558356488884704
0.2,0.2,0.9,0.7,0.6,0.3,-0.8449856159133311,1.882437376863246,1.5985671566078352,1.2703396288169815,0.9364183997449417
0.4,0.2,1.0,0.0,0.5,0.7,-1.086823287309268,2.1165950046269666,1.8576913347685364,1.096101936252409,0.7634913989799417
1.0,0.6,0.0,1.0,0.7,0.3,0.5012006034907334,0.4828484609779967,0.42645237038343436,2.646597699768655,2.331644768238628
0.2,0.9,0.9,0.2,1.0,0.3,-0.15407973929922253,1.0506899175418336,1.2852786210737495,0.43065700825828157,0.3735959481712213
0.2,0.1,0.1,0.7,0.2,1.0,0.24581723659737667,0.6085443702176146,0.47247647566475504,3.550492097779526,3.343616291596814
0.3,0.2,0.1,0.6,0.9,0.4,0.9990409681639877,0.3161427966947905,0.0634323816220622,1.8416632129587762,1.6197025705585768
0.6,0.9,0.9,0.5,0.3,0.8,-1.0093743834208968,2.2634901249042083,1.8467829225049852,1.4941473419366453,1.5876379291352443
0.2,0.5,0.4,0.4,0.3,0.7,0.5840103253329851,0.7760860447970456,0.419380085698808,1.2597390253736798,1.1817768044753232
0.3,0.5,0.0,0.5,1.0,0.6,0.13980412733497777,0.6150580259352971,0.6354098226962793,2.3238072596265664,2.121605354884589
0.8,0.2,0.2,0.2,0.1,0.4,1.4154910088916388,-0.5731071317835286,-0.4771100140601824,1.1084529340687361,0.8606770848587401
0.9,0.4,0.3,0.6,0.6,0.9,0.689997247133012,0.3226825421048328,0.3297970717343756,1.7920498971083527,1.741876922459419
0.1,0.0,0.3,0.6,0.8,0.7,0.4580943210231737,0.44974754456422483,0.3620428480473815,1.411453493348816,1.3860706839304364
0.2,0.6,0.2,0.3,0.1,0.6,0.6299549733237451,0.5400627034371087,0.28675923169918044,1.8017220258377507,1.6475008315907502
0.7,0.0,0.2,0.4,0.5,0.6,0.9365737816700578,-0.001215985007468584,0.025003737097257617,0.9463986936638608,0.7555126305916723
0.0,0.2,1.0,0.1,0.5,0.2,-0.257643379349563,1.356942213282175,1.1886431643650135,0.8548830990900202,0.5961453871352769
0.0,0.3,0.4,0.4,0.9,0.0,1.3009347732521008,-0.5178409129399133,-0.2975402767801897,0.5077793651099191,0.4411014310650645
0.6,1.0,0.6,0.4,1.0,0.6,-1.0062236555336648,2.1338426101745513,1.9605032717700384,2.772334974521676,2.5671627330956293
0.2,0.8,0.8,0.4,0.5,0.5,-0.7473574786080563,1.7207651546384475,1.6272135903180718,1.2229170382985528,1.074513189968051
0.5,0.6,0.3,0.3,0.8,0.3,0.48015422107670824,0.4624034996824339,0.3127481478742313,0.9000721664059298,0.7618805657394101
0.5,0.2,0.1,0.6,0.4,0.4,0.8457268495244961,-0.07803882470126053,-0.2189289281786046,1.1795203946571358,0.9686447444218735
0.3,0.9,1.0,0.1,0.6,0.2,0.039733797728619055,1.0472945051580773,1.0014867030407233,0.9958473714389215,0.8735913825449333
0.0,0.0,0.2,0.6,0.1,0.7,1.0761712270741985,-0.2882232934418606,-0.21022327466732912,2.0077861236934345,1.9947294155405082
1.0,0.0,0.6,0.8,0.9,1.0,-0.7045690526250697,1.5120501018899253,1.6129362746209293,3.5947750072806564,3.535462180996479
0.0,0.6,0.2,0.7,0.7,0.6,0.08319333137883929,0.9242802649972984,0.9494734421449336,2.3128961993304564,2.2575345459670717
0.6,0.8,0.0,0.1,0.7,0.9,0.5679736800305766,0.5610136287023286,0.4568861638083592,3.065142511058225,2.5649077146712855
0.2,0.2,0.1,0.8,0.8,1.0,-0.012859535728604224,1.1809772700881787,0.8379891580795255,3.666960889475525,3.283221778795993
0.0,0.7,1.0,0.4,0.0,1.0,-1.477149654681089,2.3721994717650916,2.2786048519695514,3.2958412975764295,3.1299424530492397
0.8,0.4,0.1,0.7,0.3,0.7,0.6540179972876705,0.12444402313907299,0.07194204488313062,1.9375543084262195,1.562430231733203
1.0,0.6,0.1,0.5,0.8,0.9,0.09821664505557934,0.7226049460022004,0.6589602811402404,3.3311765844392207,3.0198406345810507
0.4,0.5,0.4,0.5,0.3,0.6,0.1773214471298806,0.5848004840137828,0.6057851187376204,1.1383059902221586,0.987032328319193
0.7,0.6,0.3,0.3,0.8,0.5,0.1546573439743797,0.8279967847808001,0.6547992853741347,1.3461350708688935,1.0531527978078363
0.5,0.8,0.9,1.0,0.9,0.1,-0.9560774477067393,1.8365453344540659,1.4921686464503598,0.6862724955789014,0.5357699328131069
0.3,0.5,0.2,0.7,0.6,0.8,0.22848723070406196,0.49599612681390665,0.7437916913196206,2.3566706636024652,2.1170626281939806
0.8,0.3,0.0,0.1,0.9,1.0,0.5942903286309003,0.4002263959734267,0.2547310133001225,2.6745696602730473,2.4842288499394494
0.3,0.7,0.7,0.0,0.1,0.5,-0.5586340036051282,1.5004116747061578,1.6005287531371133,2.0524602881802436,1.7182555881500474
0.1,0.0,0.5,0.3,0.8,0.9,-0.1541500992469091,1.0215899878428931,0.9435416108180543,2.9048600927817034,3.0308787132671946
0.3,0.0,0.8,1.0,0.2,0.8,-1.2185344815870682,2.0705049227985812,1.9244999489149694,2.2147859387554316,2.086611201451131
0.2,0.3,0.4,0.8,0.2,0.8,0.33784517181010976,0.7162376477643413,0.3749236949358353,1.6438653609967284,1.4202655107577153
0.7,0.0,0.6,0.9,0.2,0.8,-0.7211019934520454,1.7899027457971857,1.6586919232937645,3.1278058603587664,2.724215594942545
0.7,0.6,1.0,0.6,0.5,0.8,-2.1346875911143224,3.0260691558768307,2.844032536758371,1.962748465724935,1.7486616030761803
0.4,0.8,0.5,0.7,0.0,0.5,0.29969311746496907,0.9051857353144724,0.6942612313812245,2.3189479241899695,2.1830176522536333
0.6,0.3,0.1,0.6,0.0,0.2,1.7598004099252806,-0.7809130232819304,-0.8708622466884681,1.7174170997013534,1.430114684521615
0.1,0.9,1.0,0.6,0.2,0.7,-0.948831812973832,1.8245184569207846,1.994327648071516,2.257800307747876,2.088974834974154
0.6,1.0,0.5,0.9,0.0,0.3,0.03597819995629365,0.9392704335109958,0.9271987347456159,2.774855617351795,2.4817935846854784
0.6,0.5,0.4,0.1,0.2,0.6,0.5957944543128912,0.40412524621850465,0.3418383525149887,1.084052069963565,1.0021222177159956
0.1,0.8,0.1,0.6,0.6,0.1,1.5431587978906058,-0.5060886358374888,-0.8515563181532293,1.6198695249799322,1.2979942173202208
0.1,0.9,0.6,0.6,0.7,0.3,-0.14541387065151415,0.7646977799625311,0.9008284778336983,3.039157844067276,2.684455392153961
0.4,0.3,0.5,0.3,0.5,0.8,0.01708737120774613,0.8199807777939264,0.7983024916571076,1.9088370674142767,1.6831068601495496
1.0,0.2,0.6,0.6,0.7,0.5,-0.43318053097856934,1.3029302109848,1.3956788309191552,2.5944782497446184,2.6269120291224852
0.9,0.8,0.2,0.4,0.1,0.4,1.7061772060128244,-0.49731136641736196,-0.7487175642465624,0.9792275028723914,0.7948207463332184
0.0,0.7,0.6,0.5,1.0,0.7,-1.136480346325023,2.2006272517074814,2.2291046467318303,2.8660741727456487,2.539805115366209
0.4,0.2,0.1,0.4,0.1,1.0,0.534830974184992,0.2971820951211342,0.002361042910268951,3.5360901175301933,3.294660145464613
1.0,0.1,0.3,0.2,0.1,0.1,1.9710535049468965,-0.8994757962474108,-1.1878582353761042,0.5869788467875257,0.3201862707701296
0.0,0.2,0.1,1.0,0.4,0.3,0.8585034368334536,0.035862710994198965,-0.05379065771187356,1.5529157456213554,1.214050175309805
0.0,0.5,1.0,0.6,0.9,0.5,-1.2855819784347455,2.3125929131048375,2.1108252637840064,2.0933828201042495,1.906619174462844
0.1,0.4,0.2,0.5,0.3,0.6,1.274520648328839,-0.23333136540433227,-0.4861670242074821,0.810081577616085,0.9032599670412502
0.3,0.0,0.9,0.8,0.9,0.2,-0.6367812652455411,1.5704996572156023,1.5366313045386717,0.8679459575256016,0.5659709328599714
1.0,0.8,0.4,0.5,0.9,0.3,1.1702934052830731,-0.16647165007828124,-0.16889780078613814,0.7444790387707315,0.6941521355515571
0.3,0.8,0.0,0.0,0.6,0.9,0.5469453234187425,0.2801355343580772,0.3328703607882615,2.773970917796959,2.4360627553610175
0.8,0.9,0.7,0.0,0.2,0.7,-0.34028605654860644,1.3269592893223405,1.300530486773726,2.2606545059738226,1.9916735962399148
0.9,0.1,0.2,0.5,0.0,0.1,1.5994206317829986,-0.6122912657581588,-0.5923445092762312,1.3154728098120387,1.1609666588646905
0.1,0.5,0.2,0.2,0.1,0.3,1.5363963235262466,-0.5347926041968267,-0.7036464062768969,1.3515523264370797,1.0359990035111744
0.8,0.7,0.5,0.1,0.4,0.6,-0.40099841432384886,1.2792215340273299,0.8383333552817118,1.1024577994082294,0.8724162895513615
0.4,0.5,0.0,0.9,0.1,0.6,0.3713657067643419,0.5985826328068842,0.6917194570753608,2.869183162374533,2.793686845428424
0.4,0.2,0.3,1.0,0.0,0.9,0.050869808609977335,0.7910633204393582,0.8834533541678626,2.5303501631786185,2.193535552637589
0.6,1.0,0.2,0.9,0.9,0.5,0.32799948449725386,0.684000100399499,0.5953635901083388,1.798622224169636,1.5791703564119959
0.1,0.4,0.8,1.0,0.0,0.6,-0.7630641436804558,1.8779983096190183,1.7774729177390067,2.5307609970734153,2.5281401873686855
0.8,0.9,0.1,0.9,0.0,0.0,1.5162015664052388,-0.49809878288264653,-0.7455882672347476,2.1517552955042727,1.8607786209147754
1.0,0.6,0.0,0.9,0.4,0.3,0.8873728989243826,0.27681670228485056,0.09505669938595529,1.8047606819872408,1.3535689739850554
0.4,0.6,0.8,0.4,0.1,0.6,-1.524941819926304,2.2475091732392256,2.320474688803254,2.0942716941010757,2.12733467774828
0.0,0.0,0.9,0.5,0.1,0.5,-0.22737019471514386,1.3146310671115384,1.1368854646787052,1.7972026331384183,1.436669896645185
0.6,0.6,0.4,0.1,0.7,0.7,-0.3442859698652073,1.4923145310117087,1.105219142612489,1.6550659116562112,1.5853200307418893
0.4,0.6,1.0,0.1,0.2,0.6,-1.2444081546204269,2.4500249962438625,2.025928007357583,1.4438743660649316,1.257302437791241
0.5,0.5,0.7,0.9,0.7,0.4,-1.1273862895294136,2.1031575626812358,1.9334457581468933,2.7256228188403586,2.5913815704728025
0.2,0.9,0.1,0.4,0.3,0.5,1.325795149009163,-0.29156668405851255,-0.339874927310376,1.7894370884591162,1.457629891265918
0.5,0.9,0.0,0.8,0.9,0.2,0.8531432178766833,0.016398008440869857,-0.14280336873147012,2.19513817116285,1.9022385722857718
0.9,0.7,0.8,0.2,0.6,0.9,-1.3131406287465346,2.219696914659768,2.3780616988892103,2.169455389472112,2.296982094991165
0.8,0.1,0.4,0.8,0.5,0.0,0.7660659240560216,0.2125322218989423,0.3594731347042021,0.4684096421536935,0.461907959144761
0.7,0.7,0.7,0.2,0.4,1.0,-1.544000955796865,2.579893937915805,2.263483262407007,2.7217066645294663,2.2961475720040387
0.2,0.5,1.0,0.3,0.7,0.7,-1.3877923540953412,2.356607010659034,2.327530466296647,2.2391381428730064,1.8524994144778524
0.9,0.6,0.5,0.0,0.7,0.3,0.26345317605447494,0.8240467716059853,0.6986206063600712,1.8971415933506648,1.4353091147881831
0.4,0.7,0.0,0.6,0.1,1.0,0.12259280560472086,0.8985029186959566,0.8452614144290657,3.5432610675377187,3.507449606171175
0.0,0.5,0.5,1.0,0.1,0.1,0.5066804639930151,0.5407800539025507,0.5038744224318003,2.3503826404892254,2.282225063704009
0.4,0.5,0.2,0.8,0.4,1.0,0.3023671946121183,0.7440522708299929,0.7746331848741548,2.2535607153348964,2.078086538325182
0.2,0.9,0.5,0.7,0.8,0.3,0.30080808618757376,0.7104372268996219,0.5310597118764782,2.40756897670993,2.1909652688613925
0.7,0.3,0.2,0.2,0.2,0.8,1.0307963277408714,-0.3646741425038186,-0.06842316349086627,1.262818292951255,0.8318874323998601
0.8,0.5,0.1,0.4,0.7,0.1,1.0900147521516517,-0.05945730534809823,-0.39900150687877795,1.746243879780357,1.684751198906614
0.7,0.5,0.0,0.6,1.0,0.7,-0.0002122477102896314,0.9309534404623028,0.9238365677661015,2.2744383558140657,2.2141958793701684
0.3,0.8,0.2,0.2,0.7,0.0,1.7385813436987756,-0.5942138047204296,-0.7315235917431634,0.5673081288151164,0.4056078414054631
0.5,0.1,1.0,0.5,0.2,0.4,-0.7774269938189907,1.8443128179659336,1.6650509713804973,1.4100566095396136,1.1551272911258674
0.8,0.0,0.6,0.5,0.3,1.0,-0.3302735125152305,1.5845260462056332,1.3668612391808057,3.1071962503418113,2.9203035328022855
0.1,1.0,0.1,1.0,0.9,1.0,-0.147914458196038,1.1306971166566555,0.998144257384854,3.828029670497111,3.643130604221816
0.3,1.0,0.6,0.8,0.3,0.1,-0.23181894108830342,1.3399570131201148,1.1704811315434664,2.0031821044019966,1.9145655832948512
0.9,0.4,0.6,0.9,0.5,0.1,0.09605152651156747,0.9585436582720153,0.8500990024541613,1.7384832297663415,1.5171169195686474
1.0,0.8,0.9,0.6,0.2,0.5,-0.2491965373554255,1.5037939573850467,1.2915786748436777,1.0469730944823596,0.8067292226957178
0.8,0.3,0.5,1.0,0.9,0.7,-0.5538435468289876,1.4387331626481088,1.509214751219053,2.169137974290592,2.0603987796191245
0.1,0.2,0.3,0.2,0.1,0.6,0.9371014720476866,-0.10407054491704855,-0.34530868735841314,1.251648916833866,1.0132274707802584
0.4,0.2,0.2,0.6,0.3,0.3,1.223088618755781,-0.03587378009045836,-0.46657817897752407,0.5102479641704494,0.3120667527798587
0.9,0.7,1.0,0.7,0.1,1.0,-1.5146384127092103,2.468798901807284,2.4667507264261075,2.8531236786104226,2.8279488360509166
0.6,0.3,0.9,0.2,0.5,0.4,-0.3781793849274378,1.2600992722136497,1.1170771049375654,0.21568507480896906,0.03192150493000187
0.1,0.6,0.9,0.0,0.5,0.2,-0.624625666167329,1.5818360025169784,1.2680334537052511,0.42971904417216134,0.25553084077809324
0.9,0.6,0.9,0.8,0.5,0.5,-1.5530274094294088,2.5567539573255287,2.3605154825194377,1.299850141747317,1.1134417148646942
0.0,0.7,0.4,0.7,0.9,0.8,-0.4094737915910152,1.4410641710915617,1.2979621929566403,2.154345289298237,2.039719694149066
0.0,0.6,0.9,0.8,0.2,0.2,-0.9101055117464731,1.8603082284286976,1.8187994355459454,1.349556816446873,1.1826053883927214
0.1,0.8,0.0,0.6,0.9,0.2,1.1824308495641367,0.005696149302732462,-0.11658266317645628,1.8216518966433952,1.7003139643594964
0.9,0.2,1.0,1.0,0.2,0.6,-1.2539668488119513,2.2182124484220274,2.230116434377421,1.8577085631592976,1.509179233269926
0.9,0.3,0.3,0.1,0.0,0.2,2.0800565688604777,-1.2412806607268063,-1.309588647336524,0.09110384478944994,0.12834618938251663
0.0,0.0,0.7,0.2,0.7,0.8,-0.8701593221160713,1.5832007052916972,1.6282370046159853,3.065484343344561,3.0520079589313327
0.9,0.6,0.4,0.1,0.4,0.4,0.6364942026589296,0.2263642407725036,0.058406077595037034,0.44443125919620224,0.28832567741454856
0.9,0.7,0.4,0.1,0.4,0.9,0.15195763777231702,0.6401385620389095,0.7040924111249084,1.2370553553401875,1.1038887322177855
0.7,0.1,0.9,0.2,0.3,0.7,-1.0050873069483894,1.936880925851148,1.9772077644561803,1.0206677550020244,0.8672015429189878
1.0,0.8,0.2,0.8,0.8,0.4,1.0958270591884918,0.0866277742390062,-0.39081607319218337,1.4128667276330815,1.1295729284153957
0.2,0.8,0.1,0.6,0.5,0.3,1.3906794964009506,-0.23647515977427802,-0.43460720208386916,1.3497987636746365,1.10735132495485
0.1,0.8,0.4,0.8,0.4,0.2,1.0448174284286278,0.03578348004582184,-0.014911910125289016,0.5142988788118692,0.13469478145856312
0.0,0.3,0.1,0.5,0.8,0.2,1.6739882154532706,-0.4454694659385303,-0.7136036788958822,1.5749518375165064,1.5578734293609706
0.6,0.0,0.5,0.3,0.2,0.9,0.10730474418878211,0.8725942192138579,0.8381353184706783,2.6091704828631586,2.3372049124151584
0.6,0.8,0.7,0.1,0.0,0.0,0.09537729540270984,0.7201104444817075,0.6826978704518109,1.6489634875353933,1.428831612448277
0.0,0.0,0.4,0.8,0.9,0.9,0.10312065280193773,0.8473721826747754,0.6605355758049503,2.5781078779655444,2.3297881372136664
0.0,0.0,0.4,0.2,0.2,0.3,1.5299584974673317,-0.6714531090984469,-0.5988921725507352,0.7583984252518343,0.5763116287173722
0.1,0.3,0.4,1.0,1.0,0.7,0.07734160727216315,1.0267038468176428,0.8554872573626287,1.2809621892431065,1.0551928717096541
0.5,0.3,0.0,0.3,0.0,0.5,1.3357883953313383,-0.3289374753448731,-0.5252438459400319,2.2538791804892804,1.9628098664053784
0.1,0.7,0.3,0.8,0.3,0.5,0.5625759380822591,0.4328484957639105,0.37911454212017187,0.6114947563558122,0.4580888748742095
0.9,0.9,0.3,0.3,0.7,0.9,0.9053524718978455,-0.08545426954071023,0.24212433690565824,2.257925245785074,2.0517978264990617
0.6,0.6,0.9,0.3,0.0,0.8,-1.630386948962334,2.6376397737523654,2.5089494837190487,2.3054390712518504,2.147265744574398
0.5,0.1,0.4,0.5,0.8,0.6,0.13809677638095666,0.9892273418774258,0.8626936110040085,1.881455279780895,1.7286407493618134
0.8,0.0,0.8,0.7,0.2,0.8,-1.0258806804522322,2.0306723493479737,1.7691752250798094,2.218118137174185,1.967206946288175
0.5,1.0,0.3,0.6,0.0,0.7,0.2928077487235844,0.48994105310276115,0.55134197083008,2.0909410574400296,2.0111311255095345
0.9,0.2,1.0,0.9,0.5,0.5,-0.8728066700111607,2.114027511828292,2.038111105224452,1.3192053501239756,1.058459647406042
0.3,0.2,0.5,0.5,0.2,0.1,0.73014583678219,0.2505782467052665,0.32846484640427387,1.3837222843484065,1.1846628746102295
0.1,0.9,0.3,0.9,0.4,0.9,0.4061914276037007,0.5393672966872411,0.22013314524787722,1.8010372421779857,1.6616113990125705
0.7,0.6,0.0,0.8,0.4,0.8,-0.2393535749678455,1.4365337145097183,1.3431844073115553,2.62445368828816,2.286598336320122
0.3,0.1,1.0,0.9,0.5,0.4,-0.9865638806514648,2.0765747929138074,2.074027189518591,1.457172582126803,1.1070298579265447
1.0,0.0,0.9,0.2,0.2,0.9,-0.21876032228717143,1.302441478286145,1.1547420585764876,1.752477597878102,1.4972181175592933
0.6,1.0,0.7,0.5,0.7,0.7,-1.5536785074236505,2.4330691908923368,2.331209448541494,3.4716513342385564,3.1330738034447534
0.6,0.7,0.7,0.1,0.6,0.0,-0.4480385903563104,1.4027480796285854,1.538588968368658,1.0887654551343737,1.1128346095999944
0.4,0.6,0.7,0.5,0.4,0.4,-0.8165005969272778,1.9865803987107664,1.9877706759796425,1.8988433240399816,1.6505276129068824
0.4,1.0,0.4,0.4,1.0,0.9,0.06812967086876048,1.0182889535253212,1.03430004868278,2.2308588534020433,2.0737581750703185
0.9,0.3,0.0,0.2,0.5,0.9,0.7937771749956825,-0.15202503737392942,-0.043814422164832265,2.2322006566761967,2.0448013444606103
0.3,0.6,0.8,0.8,0.8,0.6,-1.8254324463736957,2.8921081485485076,2.7349978128643593,2.4032139996165474,2.240679111372288
0.4,0.7,0.5,0.7,0.8,0.3,-0.23546571700799257,1.4272108087626134,1.2258588170976668,2.1658460578474577,1.7838310705099552
0.6,0.6,0.3,0.2,0.6,0.6,0.1469196513608707,0.8791105997075143,1.0171929524352379,1.1925084772951058,0.8937945323975914
0.1,0.7,0.7,0.9,0.9,0.7,-1.8861628708501648,2.9558033169887503,2.8003001896736093,2.7227466000515785,2.3588505196790375
0.9,0.5,0.6,0.6,0.6,0.6,-0.9626144898361553,1.7269365761181432,1.8218688612393148,3.0148765552068615,2.9272435188417147
0.1,0.2,0.0,0.9,0.3,0.5,0.5784014841120726,0.42936987149433364,0.22149106722381037,2.1778952528647957,1.9308785810102806
0.8,0.4,0.1,0.9,0.1,0.0,1.4730347719617491,-0.7652659441042758,-0.6592425894477945,1.8103328759375101,1.3731960300054848
0.9,0.9,0.3,0.4,0.3,0.7,1.2148851466432276,0.014987350243037767,-0.159136200609126,1.1523389300061964,0.9393937270786002
0.5,0.5,0.8,1.0,0.3,0.0,-0.7748111001636582,1.5528609879025446,1.5139034108468508,0.8988627327944344,0.9190171701014178
1.0,0.6,0.3,1.0,0.5,0.8,-0.12832059341372792,1.1442703787385877,0.9190437369908566,1.548930991867325,1.4611535459987637
0.1,0.7,1.0,0.1,1.0,0.3,-0.6736396507484168,1.862641217889674,1.6436416569068004,0.387391617014772,0.3136159394091588
1.0,0.9,0.4,0.9,0.0,0.3,1.41951313677504,-0.5107648982992997,-0.6253801165226001,1.7088095587489265,1.6396973461265665
0.6,0.0,0.3,0.9,0.5,0.4,0.8640841742923765,-0.022865059715910532,0.010926419965884143,0.4962224907255397,0.2185184958113689
0.3,0.6,0.3,0.0,0.8,0.3,0.8429010327181371,-0.22269221307285825,-0.07028784803550826,0.746373846799545,0.5363520048439643
0.0,0.8,0.3,0.5,1.0,0.3,1.3406579907654734,-0.21444687828527445,-0.18996455166244555,0.22248871493448608,0.28607822421771734
0.6,0.8,0.2,1.0,0.6,0.4,0.6745979105621351,0.32003800142780525,0.2191634580414103,1.1756811425497726,1.0511751527507125
0.2,0.0,0.7,0.6,0.9,0.5,-0.8849693667179779,1.7308642691573528,1.4430935025242346,2.1185572993968327,1.9194080120094208
0.2,0.7,0.1,0.5,0.2,0.4,1.1945528920565365,-0.07634624614083883,-0.2030225445173798,1.6416086665378105,1.379147175409008
0.0,0.3,0.1,0.5,0.4,0.0,1.8227347367753581,-0.8071994054453272,-1.0480215510555377,0.6866581344134475,0.7115647125214057
0.8,0.5,0.2,0.4,0.1,0.1,1.4571078230015937,-0.6934499539281405,-0.5405984607525425,1.1615114727820435,1.046268765469752
1.0,0.2,1.0,0.1,0.1,1.0,-0.768397989094257,1.6498390286181779,1.7789734755611768,2.7177421096658363,2.328088630772943
0.1,0.3,0.7,0.3,0.8,0.5,-0.13256742814728728,1.5814606772886162,1.4906521533396746,2.2107928889167936,1.960668158092194
0.8,0.8,0.7,0.2,0.5,0.0,-0.11419372364777045,1.1301326173603534,0.8098416221998431,1.0362862075074377,0.7782516945136941
0.9,0.9,0.8,0.2,0.5,0.4,-0.12046705799583195,1.1208524060328329,0.971619253626773,0.9868833347846883,1.1273554909787533
0.8,0.6,0.5,0.3,0.8,0.8,-0.7841588136815302,1.899727423503095,1.8720725477527251,2.908462689860292,2.7137786465717957
0.7,0.6,1.0,0.3,1.0,0.9,-1.9663778978970239,3.0160108215596306,2.9453553798143397,1.9408726038574844,1.796923670021126
0.4,0.7,0.9,1.0,0.4,0.0,-0.8558035991563683,1.9430124768416495,1.939071371517708,0.11998268806953825,-0.09492571141948258
0.8,0.3,0.3,0.4,0.6,0.9,0.6685085545048497,0.4762037706775376,0.08892616198499839,1.3861591578860875,1.3623353166949101
0.0,0.0,0.1,0.8,1.0,0.8,0.6933915576374247,0.3581888232180359,0.4728153174906262,2.4815625964766057,2.28189762022022
0.1,0.2,0.7,0.6,0.3,1.0,-1.2828087749502175,2.2271626515262533,2.0608322138464032,3.259558386576546,3.018004021430935
0.2,0.9,0.9,0.6,1.0,0.6,-0.8850284806486549,1.9617293479662437,1.865683923546718,1.3749008699088867,1.152004923211296
0.9,0.8,0.0,0.4,0.7,0.2,1.289628717570848,-0.3518800563021255,-0.37552283288768185,1.980042475201097,1.577894296508694
0.5,0.1,0.0,0.0,0.1,0.2,1.5278015550607167,-0.4546800206177539,-0.31098080501444764,1.8582508616332134,1.731189672990548
0.5,0.5,0.1,1.0,0.7,1.0,-0.33666034280244506,1.3654286571851941,1.1359885827777891,3.725362598868339,3.6830718578632413
0.6,0.3,0.0,0.8,0.9,0.6,0.3501215747435471,0.6399983288299389,0.5671009397295375,2.2800862361526217,1.8246061064951444
0.6,0.8,0.6,0.1,0.6,0.8,-0.7216739724920643,1.823732924537437,1.6991126892000201,2.7060962392506918,2.5085334121316256
0.1,0.4,0.8,0.5,0.0,0.2,0.22621793154531156,0.6664918109489468,0.7974696824858606,1.6784176572580884,1.6514670572292516
0.3,0.7,0.4,0.4,0.3,0.8,-0.01572396166399624,0.9718029602893219,0.9516613782758596,1.3371992398813575,0.9895996798352333
1.0,0.3,1.0,0.3,0.6,0.2,0.06754527943257924,1.0366108609379268,0.7696776299741335,0.5878375208019005,0.40474157861592974
0.1,0.2,0.7,0.2,0.6,0.1,-0.19181895383279798,1.134365782843577,0.9577200645480088,1.731832978753116,1.6311661985584296
0.9,0.1,0.7,0.8,0.3,0.1,-0.18487018620467188,1.5040584585255548,1.3128850480545937,1.7250503872077743,1.4147651035989972
0.7,0.2,0.4,0.2,0.9,0.4,0.6365960051655284,0.5418326286186321,0.5250329966674717,0.8194109522553346,0.6474739008851232
0.4,0.7,0.8,0.7,0.5,1.0,-1.6672574244841543,2.997418020382718,2.6798440258900285,2.5939847849200017,2.527742522172357
0.2,0.3,0.8,0.5,0.2,0.9,-0.7682298826559307,1.8129416578691884,1.7390115122383787,2.148857935083314,1.997318271126318
1.0,0.8,0.7,0.6,0.6,0.9,-1.0080060052217694,2.1461131957570303,1.7809414375651922,3.2173204696026434,2.983940410419141
0.6,0.5,0.5,0.9,1.0,0.6,-0.9111875441756381,1.7915356355591074,1.5688154027715178,2.058245639957237,1.97046782497979
0.9,0.5,0.2,0.6,0.1,0.1,1.6268773778927437,-0.5637001260596605,-0.6296819118113337,1.1716278887099176,0.8333536225408815
0.1,0.3,1.0,0.2,0.0,0.2,0.25525316111680874,0.8901739598535574,0.6060123582306515,1.0567638990797672,0.8621746205064809
0.7,1.0,0.4,0.6,0.0,1.0,0.10601585521248953,0.9919594524959476,0.8653195073700177,3.4091669829478612,3.2479561294306016
0.9,0.3,0.7,0.3,0.4,1.0,-0.6392327265472217,1.704395340569607,1.7289076585057561,2.63894279457857,2.25400202399019
0.0,0.1,0.7,0.8,0.7,1.0,-1.4535952768162248,2.507365100861265,2.4071799966020597,4.372621184452697,4.26232411365348
0.3,0.6,0.3,0.6,0.9,0.6,-0.21504774531047344,0.9774515159518127,0.9595735720750554,1.314420916936843,1.1276582640724335
0.9,0.7,0.1,0.1,0.4,1.0,0.5324179780649133,0.3911037891552758,0.4120551527514954,2.221155560657083,1.826203674037313
0.8,0.6,0.8,0.0,0.0,0.0,-0.21178351042711696,1.179353655323298,1.377833032534782,1.1425737093998012,0.9305318671846781
0.2,0.9,0.4,0.4,0.9,0.3,1.1500964740245605,0.08330367548038503,-0.13112178402652608,1.1416363349033052,0.9527266175142183
0.5,0.0,0.4,0.7,0.7,0.6,0.23509510186108007,0.7730718780862674,0.5394289283859167,1.7047372565001777,1.59909208802262
0.6,0.6,0.2,0.0,0.1,1.0,0.3853512861994883,0.6314827602367148,0.6944686454189243,2.3327606638647294,2.224426809078414
0.0,0.2,0.5,0.5,0.5,0.5,-0.15504585053894987,1.070895697974131,1.0537487931664842,2.07591563169649,1.984577342300439
0.4,0.9,1.0,0.8,0.3,0.8,-1.1575349257125496,2.127611014177546,1.9650344117300602,1.8447849892017805,1.7864461325359569
0.5,0.6,0.0,0.5,0.1,1.0,0.08542062535240325,1.0963932504700191,1.1084220448342976,4.147281909915916,3.828333283022261
0.5,0.6,0.0,0.3,0.0,0.9,0.16583091318942667,0.9250763219146032,0.6429985512271544,3.6079596373693334,3.1933160011357615
0.6,0.7,0.9,0.0,0.3,0.9,-1.340135580718872,2.353202031042352,2.3686381199984154,1.0161208013228438,1.020620486851288
0.1,0.9,0.9,0.2,0.4,0.3,0.17298483722320823,0.9386224967861926,0.7808971730757324,0.7301056035711155,0.2641092914817376
0.7,0.6,0.6,0.8,0.0,0.9,-1.5708749904838566,2.50749045105368,2.473811295683317,4.266712739170954,3.873726806903076
0.1,0.9,0.4,0.8,0.9,1.0,0.16440517846044997,1.060454392353686,0.9013721884811181,3.0482304086722207,2.7495736597086484
0.6,0.2,1.0,1.0,0.3,0.9,-1.8340519629707517,2.759712598208288,2.5122556213787504,1.9861473317072456,1.986987626495931
0.9,0.8,0.9,0.7,1.0,0.9,-1.370497047018578,2.3089233098894066,2.0924754226999522,1.6475515076540979,1.480451212875343
0.7,0.4,0.8,0.7,0.1,0.1,0.02563520412032788,1.1996241728131662,0.893378884698081,1.4609197022183074,0.9845431572628137
0.4,0.0,0.0,0.4,0.7,0.9,0.6252948514867092,0.5701905724324933,0.254937473205156,3.128796736814862,3.2376765726746317
0.1,0.9,1.0,0.0,0.4,0.0,0.35068470641174077,0.7432920554896839,0.5676718125281701,0.3029640080126029,0.11845336160206545
0.7,0.6,0.0,0.9,1.0,0.5,-0.18918732953482648,1.2636160673957981,1.1860053707555946,1.9994198514775219,1.9559783434148785
1.0,0.9,0.5,0.3,0.1,0.0,1.4686801020286004,-0.29807948982758153,-0.738122011000769,1.8761280746506586,1.6177900312326141
0.1,0.4,0.0,0.2,0.1,0.5,1.6554061375140134,-0.7169452717114724,-0.6574295131028126,2.240940593057008,2.086231630194977
0.3,0.1,0.7,0.2,0.1,1.0,-0.9674417187612441,2.003937475305733,1.8844418370457858,3.6871328593366597,3.392100431048169
0.0,0.5,0.9,0.2,0.6,0.5,-0.7524377763854131,1.8099680572787336,1.7260265797900924,1.4873729296840406,1.2630261947436479
0.7,0.1,0.9,0.3,1.0,1.0,-1.6381041403338497,2.616613989493947,2.535379577154695,1.9325417110505227,2.0014802970323
0.1,0.9,0.1,0.1,0.0,0.4,2.0422175567087457,-0.8785963148647444,-1.0071120454404805,2.391618770516227,2.0387234854491396
0.0,0.7,0.4,1.0,0.6,0.6,-0.14898013667671187,1.2033659309748754,1.020269637209566,2.091655230191433,1.8362842291768786
0.3,0.4,0.4,0.1,0.1,1.0,0.7159136074324631,0.0729008723319905,0.0384538521181174,2.186801419944932,1.9282694262296785
0.0,0.9,0.6,1.0,0.1,0.8,-0.5271855833029757,1.8311474449888665,1.5888726948306073,4.103239612943975,3.9964980604010147
0.1,1.0,0.8,0.8,0.3,0.6,-1.2731259644827182,2.1865822660445273,2.0487804561303706,2.3368615873400076,1.7557339608889708
0.9,0.9,0.2,0.7,0.0,0.4,1.4413214262333833,-0.8487453867221065,-0.901841171167517,2.0017306252321965,1.7678888606688328
0.5,0.2,0.2,0.9,0.1,1.0,0.4202042447570254,0.8761937385487754,0.6736641037803283,2.770242392727276,2.633311129480388
1.0,0.2,0.2,0.5,0.8,1.0,0.48860256395159696,0.3922286753753229,0.373999168345811,2.8161892336211745,2.517707395573373
0.1,1.0,0.2,0.6,0.4,0.5,0.842864201193782,-0.13346734234109425,-0.033463949133987696,1.356453518701861,1.1524670294880492
0.2,0.5,1.0,0.9,0.7,0.0,-0.7916496070295835,1.827244042003405,1.6890541453017658,1.397727733552283,1.3606809232891157
0.8,1.0,0.3,0.9,0.6,0.1,1.0173556688621865,-0.03442712411200688,0.025061004752116544,1.0427481786652202,0.915201991336846
0.2,0.0,0.3,0.7,0.2,0.1,1.5656007527396223,-0.7602570777750873,-0.677357613555062,0.38501895456741425,0.07718039467220059
0.1,0.4,0.0,0.2,0.3,0.6,1.2062506049685309,-0.4536533831493853,-0.2003746376891013,1.6971569847289771,1.507044607936535
0.3,0.6,0.9,0.0,0.2,0.5,-0.8190659180094025,1.8661276082505445,1.5553289744933876,0.763240763181923,0.6115906922500436
0.1,0.3,0.3,0.2,0.5,0.5,1.4170612023998954,-0.3708547706657215,-0.4620771106505317,0.2177984476664006,0.01824160959088541
0.7,0.3,0.6,0.5,0.6,0.9,-0.8436636267389129,1.8042196148745568,1.7170750596673874,3.020216143329037,3.1400887757018983
0.4,0.6,0.9,1.0,0.4,0.4,-1.4271793047535657,2.388158280624787,2.361931750954887,0.7614500388420675,0.9798530264956181
0.3,0.2,0.1,0.4,0.7,0.1,1.2296538821401506,-0.3347764110857445,-0.40201596533432715,1.6367157007354567,1.3985972011254109
1.0,1.0,0.2,0.7,0.9,0.5,0.9608064499672915,0.24426947583026748,0.08423596483695919,1.6711577228186314,1.4997464949432713
0.2,0.2,0.0,0.1,0.0,0.5,1.2536385634578493,-0.30688802445008223,-0.3742206655451885,2.60806940785726,1.9757737209707809
0.9,0.4,0.6,0.7,0.1,0.3,0.235360573595335,0.6594412429028134,0.57638387547804,2.2891540101974868,2.038273073457833
0.2,0.0,0.8,0.3,0.2,0.3,-0.08364464774515368,0.818463683397771,0.6646723886417776,1.084270798049284,0.7449697506718269
0.1,0.1,0.8,0.4,0.9,0.1,-0.4895014183248168,1.464944656440773,1.4505978616453479,1.4556445258252146,1.0836319580883114
0.0,0.1,0.3,0.5,0.3,0.1,1.3838212948572393,-0.3498242639051114,-0.669094864184001,0.5635823522649567,0.15516671252862985
0.2,0.6,0.2,0.1,0.6,0.5,0.7077925323861137,0.32126908303955476,0.34091543208861486,1.070306652978763,1.093963719971501
1.0,0.6,0.2,0.1,0.3,0.6,0.9666013430527997,0.0807052425825922,-0.10597344246948523,0.7280862103234054,0.6245813575307017
1.0,0.1,1.0,0.6,0.6,0.5,-0.9177664251484695,2.0450596516399036,1.7757339658152356,1.4883921919878123,1.542063135796991
0.9,1.0,0.8,0.4,0.6,0.0,-0.23994172954538015,1.2721557085398696,1.0657582745828238,1.4907236080088677,1.2368179494930398
0.2,0.3,0.0,0.5,0.2,0.6,0.9816680119337972,0.05822714561769793,-0.037492078569328374,2.015082719603126,1.9131830363787146
0.7,0.9,0.1,1.0,0.2,0.1,1.4391886726467962,-0.4436268016084915,-0.43831453631041756,1.5510009256941584,1.5483139250711977
0.6,0.5,0.4,0.5,0.1,0.0,1.122962778828027,0.028358050989039763,-0.2421521433948728,1.0206135739509599,0.765617931260071
0.1,0.8,0.0,0.1,0.1,0.6,1.2412466720056945,-0.13573210794643792,-0.20846914625953455,2.3829813711230483,2.1881852499772965
0.7,0.7,1.0,0.2,0.2,0.2,-0.6301624958398503,1.6303088280520712,1.3493278298247677,0.5184253736063594,0.43624713755704647
0.0,0.8,0.3,0.4,0.8,0.6,0.8506646781942027,0.2795183754269418,0.22589621225104073,1.5791426061815195,1.4268445761104758
0.7,0.2,0.8,0.0,0.6,0.4,-0.6282836436194957,1.5474737794616475,1.4650796738441578,1.163211983340375,0.7977947601029741
0.4,0.8,0.7,0.8,0.7,1.0,-1.3884571517938409,2.4737384602777213,2.3690217685126624,3.8623581660371205,3.7442262140307743
0.7,0.2,0.8,0.9,0.8,0.1,-0.9030897021509268,1.994646364943055,1.7118909632429091,1.3713673585173551,1.3954182333247824
0.4,0.2,0.7,0.3,0.8,0.4,-0.5348913987502322,1.5833486638337788,1.5232753464277813,2.1639179523585845,1.9294715992946572
0.6,0.5,0.6,0.2,0.4,0.6,-0.6209210633401382,1.725192668233583,1.524145170865454,2.084975035335668,1.8479321132271813
0.9,0.7,0.8,0.6,1.0,0.4,-1.0731219965746372,1.9711225555067025,2.0279637441868714,1.2241218841190091,0.7562195698287006
0.2,0.9,0.0,0.3,0.2,0.9,0.6910709692689997,0.07633869623600441,-0.08311904696519123,3.2595633781919426,2.944534867890923
0.3,0.9,0.6,1.0,0.2,0.5,-0.2597790666588058,1.1069085411957444,1.6010387455882507,2.6833472082472727,2.564806505392772
0.7,0.8,0.0,0.9,0.1,0.1,1.015355807272269,-0.02270026940272446,-0.11219246254428145,1.9830624398199603,1.8387848906382245
0.5,0.2,1.0,0.4,1.0,0.3,-0.7313774103621665,1.6840984247625719,1.530372087581546,0.6398593419349216,0.5475665652322766
0.1,1.0,0.1,0.7,0.1,0.4,1.0752452695708783,-0.16142331400987067,-0.20271032965945496,2.7575414507350784,2.2766598703797927
0.3,0.0,0.6,0.0,0.6,0.0,0.6904284174613954,0.32671526298827663,0.49683877471193894,1.5423892029137178,1.2386567066139664
0.8,0.0,0.4,0.6,0.7,0.5,0.7782919675349885,0.35121736196119346,0.3174753824136735,1.4220625346349296,1.4030220773464224
0.9,0.2,0.9,0.9,0.4,0.9,-1.674008582125981,2.3796283539895966,2.3569032951428674,1.6205008029319736,1.7455102421480522
0.8,0.3,0.6,0.5,0.0,0.5,-0.022147652081321557,0.8133357460261368,1.0635795240015262,2.6813968447752767,2.413399151067954
0.4,0.9,0.8,1.0,0.6,0.9,-1.5315053342030414,2.614204109994924,2.3942680683644686,3.0289583111472616,2.8563864573023516
0.2,0.5,0.7,0.5,0.3,0.7,-1.130908040867473,2.1881428887598875,1.9622996058745954,2.5402682241610774,2.2871071051013354
0.5,1.0,0.3,0.4,0.0,1.0,0.7869747205720761,0.5629563833184116,0.47544572904112975,2.9835838044126466,2.751648184336359
0.7,0.8,0.3,0.7,0.8,0.7,0.11246053557195372,0.7064631204931651,0.6461444696556098,1.476176481468048,1.1274304270673237
0.6,0.7,0.4,0.1,0.2,0.3,0.8609580426561522,0.1018193959136723,0.13816819865201269,0.38867067916925085,0.016436137090628883
0.4,0.7,0.2,0.1,0.8,0.7,0.35599193368471344,0.6937915607210725,0.6401749347915153,1.4539689768919344,1.27183050545981
0.3,0.7,0.1,0.9,0.3,0.4,0.7404885177718759,0.32324966100314034,0.2024875110309236,1.2527841896773615,1.275758096644653
1.0,0.8,0.4,0.0,0.3,0.4,1.6780356926893276,-0.6882457159939792,-0.6908900367285723,0.1425417182402725,-0.149204373672326
0.6,0.0,0.2,0.3,0.5,0.5,1.3077953214039564,-0.3105599463345084,-0.3879958746101056,0.6576252609570754,0.6194962519562507
0.8,0.2,0.9,0.4,0.8,0.5,-1.0823589558051208,2.109457363213768,1.9595786510090853,1.1738881928458518,1.1079530204289791
0.4,0.4,0.0,0.9,0.2,1.0,0.47754996458946036,0.49875768177227237,0.43805646605642234,3.438783995512051,2.9218776217128966
0.3,0.2,0.3,0.8,0.7,0.8,0.25051462099275656,0.8905649410530101,0.6967872067138576,1.8528906305343067,1.6740348809742256
0.7,0.6,0.7,0.6,0.4,0.2,-0.7889364106596423,1.8781106907024716,1.8123928631404638,1.6665477772671395,1.2033875343276235
0.3,0.3,0.7,1.0,0.3,0.1,-0.14443385613111287,1.4186585681510455,1.0548185218175767,1.3645128449175932,0.9182812965488089
0.8,0.3,0.2,1.0,0.3,0.3,1.365893006801246,-0.3061111137810743,-0.3936478959134445,0.24541906840740657,0.280743078026778
0.4,0.9,1.0,0.4,0.3,0.2,-0.1730352081031541,1.034948973614094,0.9745122372309776,0.8053032184504206,0.5512242845913502
0.0,0.6,0.1,0.3,0.7,1.0,0.0964204155559224,1.0084814607908008,0.8087197034097515,3.8063546849125793,3.8540349314488753
1.0,0.9,0.7,0.7,0.2,0.7,-0.46454290770580187,1.5148677125018155,1.322659662059697,2.811623325602733,2.860228840549086
0.2,0.2,0.6,0.1,0.2,0.1,0.38929464244582246,0.621242834766339,0.5352968541140096,1.570513435542796,1.3015269840287782
0.0,0.2,0.8,1.0,0.9,0.0,-0.6352356929412292,1.7573175850171647,1.6832786500315589,1.3538672021694755,1.2007534968694582
0.1,0.5,1.0,0.4,0.7,0.1,-0.5604827426308391,1.5179784792603779,1.6496584085035322,1.364278025153502,1.2911689355585068
0.6,0.5,0.4,0.5,1.0,0.1,0.5613130432611063,0.24029885093609588,0.1088100364556068,0.7862421090636602,0.18893364791039385
0.8,0.6,0.1,0.9,0.5,0.1,0.5601054439481981,0.4291257408197181,0.3162337207649817,1.3312758526214292,1.3330573347771215
0.4,0.1,0.4,1.0,0.3,0.4,0.5757575655704025,0.6753103671122958,0.4167828707541351,1.1384831860560034,0.9170776072904413
0.5,0.2,1.0,0.3,0.0,0.5,-0.5863809438094855,1.795046769334862,1.6410468634478357,1.8216472983699354,1.4700857355152661
0.3,0.1,0.2,0.5,0.2,0.3,1.2977756552597592,-0.3245702671909174,-0.49224202551695007,0.9635273074663052,0.7289119549698222
0.2,0.5,0.3,0.8,0.4,0.7,0.4013132916697511,0.8539210825310639,0.86070146276339,1.2667809330438666,1.0646174204927135
0.6,0.0,0.1,0.4,0.3,0.8,0.8617949342623348,0.30737247320405947,0.16749364607039527,1.9617330639644746,1.6339999729566117
0.0,1.0,0.7,0.2,0.0,0.9,-0.9546933418347391,1.8910186093239965,1.6543055755628397,4.364834420457436,3.8898437924046037
0.7,0.7,0.7,0.7,0.7,0.6,-1.6850373845483326,2.6175315582613523,2.6217387442588467,2.778888790308385,2.4903548178078037
0.6,0.0,0.3,1.0,1.0,0.4,0.7578856166880996,0.24475714085921013,0.43274465374982973,0.2880949981198502,0.31684088072677247
0.4,0.6,0.5,0.3,0.6,0.5,-0.4375546782428832,1.3995105447568923,1.3097088732093722,1.993048987884244,1.930049433222786
0.2,0.5,0.9,0.1,0.2,0.6,-0.8623618216091983,1.6669212101952138,1.7476720651692812,1.2786883041107124,0.9776617972219871
0.1,0.1,0.3,0.6,0.5,0.9,0.2899862144319746,0.7575476600769416,0.5869290634455614,2.075298461349254,1.6976992354326936
0.4,0.3,0.1,0.7,1.0,0.5,1.135447809932453,-0.028123177110124686,-0.019033770795591022,1.3138870721817733,1.1526657457304659
0.3,0.6,0.6,0.9,0.3,0.5,-1.153297360906162,2.206085294362447,2.0097780975706145,2.506628504946322,2.2072734674518077
0.2,0.5,0.2,0.3,0.2,0.6,0.9419526922239351,0.014672785899840578,-0.07822926910086234,1.2928199897755694,1.2460156778297626
0.5,0.5,0.1,0.8,0.6,0.0,1.1207294811018795,0.06964380059696867,0.06956827361939041,1.7516955134847338,1.4930345483734981
0.1,0.3,1.0,0.1,0.6,0.9,-1.0629790593123394,1.8469841951050874,1.6612512124077412,1.9798236980714314,1.773319717059824
0.2,0.1,0.1,0.8,0.0,0.6,0.594706501744107,0.34934988927310223,0.12791573646958979,2.8457544900032814,2.7596485047868367
0.7,0.9,0.7,0.3,0.6,0.5,-0.47751791948157596,1.5602180177643572,1.538470451242372,2.456004499752506,2.203208746399207
0.0,0.7,0.6,0.9,0.5,0.8,-1.4036526286021547,2.393873309101771,2.5164072775829984,3.320944557742001,3.056284667719145
0.0,0.0,0.7,0.0,0.3,0.1,0.6435246247986357,0.5049148213638464,0.16454885013681764,1.0952055491779045,0.7728480266217302
0.3,0.1,0.2,0.1,0.0,0.8,0.7962799648471603,-0.05340039913646552,0.10053243187832595,2.2371612253740194,1.9949907027698432
0.2,1.0,0.7,0.2,0.5,0.0,-0.1380378103861744,1.0144790980168694,1.0377117905258035,1.6997944358021941,1.572902640937672
0.5,0.9,0.6,0.8,0.8,0.5,-0.6890410972793686,1.6339543244083614,1.6956611690259733,3.0221758090705126,2.909825662108649
0.8,0.0,0.5,0.4,1.0,0.2,0.6681077148742305,0.28527193567866205,0.49885289658152,1.1125762478439905,0.8118813146319378
0.0,0.8,0.4,0.5,0.6,0.4,0.8696781115954858,0.3752361395912166,-0.04206196747373613,1.187379580326007,1.273501456029635
0.3,0.1,0.0,0.2,0.1,0.9,0.7079860347845197,0.571995660184484,0.27201461244012604,3.4037875650015152,3.0420454205824483
0.0,0.4,0.2,0.0,0.6,1.0,1.0790655220094822,-0.1278096807711086,-0.03616503111827049,2.1229161451829857,2.096609174903641
0.5,0.1,0.7,1.0,0.5,0.4,-1.0730514568309504,1.9436540842720493,2.0591618690066915,2.1875064830541966,2.018583696127768
0.5,1.0,0.8,0.0,0.0,0.1,-0.022240487966835844,1.1457412898879538,0.9018149785761691,1.3574053769698522,1.3078653365499877
1.0,1.0,0.8,0.6,0.1,0.1,0.15113576293588546,1.0323761474123385,1.0103761071237716,1.7437608565719125,1.7625683616944468
0.3,0.2,0.2,0.8,0.1,0.5,0.8381742694346858,0.20494796217184647,0.07837015144293168,1.5082624518638175,1.5736272170853711
0.2,0.8,0.5,0.7,0.9,0.9,-0.6584142018920883,1.6947287448895056,1.5357783166387229,3.0037640712021854,2.6348444237022663
0.7,0.3,0.3,0.3,0.2,0.2,1.7156189942620865,-0.7161499362302259,-0.8481302622082262,-0.21329006908545842,-0.1574431905144519
0.4,0.7,0.0,0.4,0.4,0.0,0.9832245379096511,0.05934642047502424,-0.006100729389200754,0.9014366868952255,0.6632338108014808
0.7,0.4,0.2,0.4,0.0,1.0,0.9962795632562871,-0.0660157031857383,-0.11242099471973432,2.7692180659068955,2.5477134993061434
0.0,0.3,0.2,0.9,0.1,0.2,1.5586399077714177,-0.7694108170831976,-0.7364198178144522,1.339656143732723,1.1161522134574986
0.9,0.6,0.9,0.9,1.0,0.4,-1.4919485575543745,2.4373678438923263,2.4705555210522414,0.8477170047933983,0.6894800162022263
0.4,0.3,0.1,0.5,0.4,0.1,1.749015482784213,-0.6289339786995373,-1.1219786871633224,0.5987749299805598,0.3660710045424056
0.8,0.4,0.4,0.6,0.8,0.3,1.1906786329341656,0.18157618279419527,-0.09833957010927649,1.167318464807542,0.884052430273658
0.9,1.0,0.4,0.1,1.0,0.8,0.48641747342133407,0.5729968191714521,0.5462202066529224,1.6800906299306806,1.4241974759022966
0.3,0.4,0.1,0.6,1.0,0.7,0.6811376623779344,0.3869040766381797,0.3322284277513216,1.7384938492817161,1.6660608945659374
0.8,0.8,0.2,1.0,0.6,0.5,0.6431388930243912,0.2622327351385436,0.31864167312613434,1.3059676369727025,1.1878074338293936
0.9,0.4,0.7,0.1,0.6,0.3,0.2307888009960751,0.747722762116259,0.6482752865060695,1.421409578946439,1.365722610641979
0.3,0.4,0.3,0.0,0.9,1.0,1.0075682792013674,0.197340065135214,0.08972647917496838,1.5394969441337292,1.3848050476027076
0.7,0.1,1.0,0.6,0.4,1.0,-1.4779913002443477,2.5309700049948565,2.5869259353657794,2.2423199054661587,2.1177497197092756
0.5,1.0,0.1,1.0,0.4,0.6,0.09859751935473471,0.6469783426925392,0.67040872408894,2.298366639954051,2.048963446301102
0.7,0.1,0.6,0.6,0.1,0.9,-1.2387638958948535,1.957900022172439,2.076097262736342,4.003319833814167,3.690717151766338
0.5,0.3,0.2,0.8,0.1,0.4,1.376204228610944,-0.4568850848017353,-0.5762257336815776,1.1311243266573763,0.9927150113400646
0.6,0.3,0.0,0.0,0.0,0.4,1.5802454753061064,-0.7123221684999084,-0.7302389267918151,1.5708003827970898,1.4659974928840798
0.3,0.4,0.5,0.0,0.4,0.1,1.2166561812312982,-0.15123406449769056,-0.3702737130252598,0.44399445739815,0.1372333216297665
0.1,0.6,0.0,0.4,0.6,0.3,0.5279896029724229,0.290188555127061,0.04028839530682263,2.150841131380745,2.3858033402228616
0.1,0.5,0.8,0.2,0.8,1.0,-1.2962931877773565,2.404826037748095,2.253270725279359,3.0692479873268237,3.1128314644421224
0.3,0.8,1.0,0.7,0.8,0.4,-0.8743937531271934,2.0702562895802608,1.8551109559449788,1.6814779720020216,1.4021503302324205
0.2,0.9,0.0,0.7,0.9,0.3,0.9992576695215281,-0.18201597076418452,-0.09257972192086428,2.1061107507677512,2.0994348899468007
0.4,1.0,0.2,1.0,0.8,1.0,0.09520731162949625,1.122671571365268,0.8486573865636373,3.3288211444605946,3.1813532903531114
0.9,0.1,1.0,0.2,0.9,0.4,-0.6807931569592973,1.68074807601074,1.5938994072992474,0.937169435956437,0.9515775921758565
0.9,1.0,0.9,0.7,0.7,0.0,-0.5758458992168016,1.5953917521409158,1.4080517731225557,1.4065356521217527,1.1745791556926735
0.1,0.1,0.6,0.8,0.1,1.0,-1.0207568865759649,2.088596385846371,1.7617570562378686,4.430065799718107,4.143808436729111
0.6,0.0,0.1,0.0,0.3,0.8,1.1795189307845897,-0.20040890384991555,-0.06998258435026203,1.6174579241541676,1.320526008956328
0.0,0.0,1.0,0.2,0.7,0.1,0.10644240099743213,1.11260674045044,0.9520071893966615,1.2216880362060818,1.0993962359568834
0.2,0.3,0.4,0.3,1.0,0.9,0.5691282978023616,0.5757674462247114,0.5609254495825955,1.295584729678211,1.2761393901886136
0.3,0.0,0.9,1.0,0.0,0.5,-0.47213145961403435,1.6203298231986263,1.5812094844796012,1.8579110357810338,1.6900476711995587
0.2,0.2,1.0,0.7,0.1,0.0,-0.473985981448431,1.1648188175724887,1.2851806622171558,1.2712493042574797,0.9986264861909699
0.4,0.4,0.2,0.1,1.0,1.0,0.957384792914903,-0.10720108095646963,0.12735208535374723,1.6121499052190993,1.4118973755607003
0.7,0.5,0.6,0.4,0.4,0.7,-0.8376956092820625,1.970361724882089,1.8332486230221192,2.396493097769527,2.157025260759116
0.7,0.4,0.5,0.0,0.7,0.1,0.9616421603110518,0.1162675467022129,0.03797090302916884,1.1122621732271285,0.977210680855259
0.4,0.1,0.5,0.9,0.4,0.5,-0.3584439878092926,1.37908952640969,1.303062354222928,1.9444378991964153,1.5097052898430263
0.5,0.3,0.3,0.3,0.4,0.5,1.203617345824373,-0.1181548537897684,-0.4794773324284714,-0.09748417171845872,-0.26719780970525003
0.7,1.0,0.3,0.5,1.0,0.9,0.1837550719255851,0.656701899698968,0.8702746658846534,1.9295855292296151,1.637063349607418
0.4,0.0,0.0,0.4,0.8,0.5,0.8382872528464056,0.005446636157004955,0.12454231671374669,2.4412621024956938,2.037137814188459
0.9,0.8,0.4,1.0,0.8,0.1,0.716158522732574,0.13545735796231628,0.156889197516318,0.898157711874606,0.9694615132005692
1.0,0.9,0.8,0.1,0.1,0.7,-0.17170820169765327,1.239171983913276,1.0794939457165666,2.194509961383622,1.9163495733771418
0.2,0.9,0.3,0.3,0.2,1.0,1.1362109182057007,-0.017467778017394436,-0.03019870310611443,2.342278309389531,1.902611045014934
0.9,1.0,0.7,0.1,0.8,0.5,-0.4141576442664917,1.6751553310962757,1.5614399942627877,2.664695628073899,2.54713295797153
0.7,0.9,1.0,0.6,0.8,0.9,-1.4166091050191125,2.4780902813759993,2.3460997505264136,2.7372460506632796,2.714777498843819
0.4,0.0,0.8,0.9,0.1,1.0,-1.1851744127895358,2.058500586096883,1.9239147348679555,3.1398560134339935,3.0277641362157715
0.5,0.1,0.8,0.8,0.8,0.3,-1.0139226473543257,1.953111323734976,2.032915791760758,2.0226613311064865,1.5656115844059775
1.0,1.0,0.9,0.3,0.0,0.2,-0.018635869034240193,0.8724763564196811,0.8319255948788923,1.5927830131109348,1.3858203351300817
1.0,0.5,0.2,0.1,0.9,1.0,0.7915518423010451,0.25727500398299447,0.09451239938001692,2.156999216097721,2.124668332796113
0.2,0.4,0.5,0.6,0.4,0.1,0.7314498493508824,0.2487405196973879,0.07551531893352706,0.9420570080312529,0.5853113813593341
0.2,0.9,0.9,0.2,0.9,0.4,-0.2992185288824378,1.3780005811583989,1.2772777093263599,1.0962086520621281,0.9700980391674905
0.8,0.6,0.3,0.1,0.9,0.9,-0.03825503935291034,0.9437076660172353,0.7946390122344533,1.6734939055498124,1.383435712402523
0.5,0.9,0.9,0.5,0.6,0.0,-0.4069427555684376,1.2768463318678414,1.4015411738210888,0.9355657698712746,0.5694513267723343
0.5,1.0,0.6,0.8,0.5,1.0,-1.4451720020927112,2.406888877771918,2.2300124978434246,4.069754117475817,3.8185651469840427
0.6,0.4,0.6,0.8,0.8,1.0,-1.030988280060567,2.1395827630580166,1.9730581251506765,3.9597080543347567,3.7516280366156773
0.2,0.9,0.3,0.8,0.8,0.3,1.239420982781144,-0.2667128446748517,-0.3110198910823413,1.2769784930925367,1.0896631062163609
1.0,0.0,0.3,0.1,1.0,1.0,1.0074189373466311,-0.05323086712459833,-0.21583059076513822,1.4878709729024067,1.2335888638957195
0.3,0.1,0.6,0.6,0.0,1.0,-1.053650208588866,1.8627101693731518,1.7554010373071527,4.340210857717337,4.43045461781361
0.0,0.2,0.2,0.3,0.7,1.0,0.38363355264331134,0.4542979518878134,0.44825948361465173,2.9651170734489027,2.664077966527288
0.6,0.1,0.2,0.0,0.9,0.0,1.512653360396224,-0.27829816937272267,-0.4938094666739625,0.42210344686660267,0.026612114296021103
0.3,0.3,0.7,0.7,0.5,0.4,-0.3930961883451593,1.276866708612632,1.5013269764928103,1.7264373876473544,1.4575743209120735
0.7,0.7,0.8,0.8,0.3,1.0,-1.7763310603925728,2.7255791864134724,2.905271651721612,2.5202910653534962,1.9908139092761554
0.8,0.1,0.5,0.4,0.0,0.0,0.7928212178149147,0.16337495200106636,0.26591853031947854,2.0163409431251633,1.7602417147671987
1.0,0.3,0.6,0.6,1.0,0.8,-0.32862526636871203,1.5349617252467909,1.5338441344493734,2.54405467380315,2.1470461953154936
0.7,0.6,0.9,0.8,0.4,0.8,-2.0105512561676826,2.955981017605383,2.856697012701437,1.605057046983024,1.572955601308887
0.8,0.5,0.6,0.6,0.5,0.9,-1.2256911596762046,2.062321127513818,1.928409097519617,3.202885538823775,3.1000671953773398
0.9,0.1,0.3,0.1,0.5,1.0,0.865646632563032,0.2890692654961467,0.10786280391941541,1.680674635894978,1.4276929055743428
0.6,0.7,0.0,0.6,0.5,0.6,-0.017754568455686646,1.153856410812662,0.8489914351460572,2.0982459358921455,1.7127921275038627
0.5,0.8,0.5,0.3,0.7,0.8,-0.350203485114867,1.3493821454292692,1.3194297809272542,2.799461840487996,2.5071972195853904
1.0,0.5,0.1,0.0,0.9,0.8,0.865324463577853,-0.08621698380086779,0.06072572640824457,2.174608042267337,2.1412428491137065
0.7,0.1,0.4,0.5,0.5,0.0,0.8347795405051583,0.11596666791792296,0.09272585558158844,0.6159753887651641,0.3956529487539583
0.0,1.0,0.3,0.1,0.6,0.7,0.5460899611382138,0.4277566871525677,0.1684131179174871,1.779126635671623,1.6029504120338387
1.0,0.0,0.9,0.9,0.0,0.4,-0.13861664969138968,1.148075373466612,0.9195099252152095,1.3863134442210128,1.3129936600667766
0.5,0.9,0.1,0.3,0.8,0.1,1.5731791318848543,-0.4715757971572406,-0.6261026040804125,1.6812528876596984,1.604215310066319
0.1,0.4,0.0,0.2,0.1,0.2,1.9743888111181735,-0.8311563716780794,-1.1624947271263066,2.042146241331589,1.7287703638963166
1.0,1.0,0.7,0.6,0.1,0.6,-0.5650487104886084,1.4490586688413853,1.63176119886182,3.1020290206090957,3.051876252580037
0.1,0.1,0.1,0.9,0.9,0.1,0.8428357185283426,0.07949583034557998,-0.1882675034736887,1.7531242679718264,1.802856658721161
0.1,0.3,0.4,0.7,0.2,0.1,1.5634477164945455,-0.29100886425785477,-0.43284156638169413,0.6336523348619674,0.32020651533273353
0.2,0.3,0.4,0.6,0.3,0.5,0.8704833048079049,0.2528841138213937,0.10559759246648454,0.5660215476239154,0.33686525474539825
1.0,0.5,0.6,0.8,0.8,0.2,-0.07153194207065619,1.2261022593114106,1.1124523899728045,2.5252781686008463,2.5763528686650314
0.8,0.3,0.2,0.3,0.8,1.0,0.7951705955409512,0.20644892492373362,0.1416135070080788,2.3216852215794463,2.113934145549324
0.0,0.3,0.3,0.6,1.0,0.0,1.4612666371384235,-0.39607481888446594,-0.7914749763684725,-0.004905034929370186,-0.18994926220105424
0.9,1.0,0.8,0.8,0.0,0.8,-1.152197907378821,2.242552025594674,2.144950793583947,3.273295821151738,3.1355464036778278
0.7,0.8,0.5,0.0,0.1,0.5,0.4271760435552025,0.4377622436029187,0.47591145467751483,1.706324390877933,1.3848879474452236
0.5,0.3,0.2,0.4,0.5,0.8,0.8483748284635603,0.1024457774139653,0.19487445815249763,1.1176408890821334,1.2065520154652374
0.3,0.2,0.2,0.2,0.2,0.9,0.9001450775918165,0.24903129780118732,0.04383968935195129,1.7465640121024948,1.8798817414520639
0.4,0.2,0.3,0.8,0.1,0.9,0.2962873156927572,0.7514753683858058,0.39278206810014954,2.2016571183906524,2.030437785649341
1.0,0.5,0.7,0.1,0.4,0.2,0.19340391498691714,0.7812621278299181,0.5771885132911989,1.2157071440999365,0.8602316972449688
0.1,0.7,0.8,0.5,0.0,1.0,-1.348709737630874,2.475290499217844,2.4401447829500023,3.16264564187963,3.2526786784542883
0.0,0.1,0.8,0.2,0.6,0.1,-0.36570495041542483,1.3070604652831026,1.2330937266761801,1.4295815967874006,1.1399513682695053
1.0,0.8,0.2,0.9,0.4,0.0,1.6362535271428114,-0.605887696332523,-0.7881704400485624,0.40291339837015183,-0.0851807588846076
1.0,1.0,0.5,1.0,0.1,0.3,0.5066552046648968,0.6276324556882203,0.34625158064291317,2.6280444541689802,2.473922792116174
0.2,0.6,0.0,0.9,0.8,0.7,-0.445797547870513,1.3188155473969034,1.4859070135552481,3.322159754791233,3.148998409389076
0.7,0.8,0.4,0.0,0.0,0.9,0.5141124398115742,0.5742214486582287,0.17327544775260706,2.024344733292953,1.8347721465607583
1.0,0.2,0.6,0.3,0.5,0.4,-0.01874627396861879,0.8616552712417689,0.7230153129356852,1.888211204090271,1.8367034167221592
0.2,0.3,0.5,0.8,0.0,1.0,-0.09343006914921334,1.031445627373028,0.9769138083077504,3.67822631142086,3.3407516319826858
1.0,0.0,0.2,0.5,0.6,0.0,1.9743108831452632,-1.075685272407339,-1.054067036637126,0.7662699539214761,0.4034222540184097
0.9,0.8,0.8,0.9,0.6,0.2,-0.527614578223386,1.5732116561443732,1.3011497147127808,1.2083651177377572,1.1037738135578103
1.0,0.1,0.5,0.7,0.9,1.0,-0.570544736214167,1.5936461438943554,1.3138804792576866,3.530228788209399,3.328474980993784
0.1,0.7,1.0,0.3,0.0,0.7,-1.2270989977140543,2.3537720787928547,2.065307891888332,2.2732322548551003,2.1894861576763893
1.0,0.6,0.4,0.1,0.4,0.8,0.4150743972967547,0.5951169990614262,0.5315115492384939,1.2958741000040046,0.9786774695647699
0.1,0.8,0.5,0.8,0.3,0.2,0.6107622487008346,0.43463381622238295,0.37080114950447174,1.397033745126961,1.196225670473258
0.2,0.1,0.0,1.0,0.2,0.7,-0.028210381077453883,0.6935170842411698,0.8191804521719103,3.0615476182770425,2.6588561872178493
0.0,0.6,0.0,0.6,0.5,0.4,0.3985373737493122,0.5769320964259466,0.461430536935841,2.256101257552603,2.183565399443791
1.0,0.8,0.3,0.2,0.8,0.4,1.3819843101318268,-0.4772602296386134,-0.7616955201788418,0.679192118917179,0.4316594784772933
0.3,1.0,1.0,1.0,0.3,0.6,-1.262606861111733,2.4070626061016727,2.4068661374294993,1.8127529100673951,1.6292815920758297
0.4,0.5,0.8,0.5,0.3,0.6,-0.893500560937061,2.023664610031966,2.117624393686805,1.6049003269597073,1.2169423764637628
0.7,0.5,1.0,0.3,0.5,0.4,-0.8308841661626648,1.7100957765049047,1.7312177366474293,0.9245639116115459,0.9391714427005912
0.3,0.8,0.1,0.5,0.9,0.5,0.8418574462327855,0.029355957317513837,0.11873396316788906,1.8877760722436354,1.5451895352454716
0.9,0.5,0.9,0.7,0.8,0.2,-0.6658284453335801,1.8229454484194072,1.5972413726385413,1.2246275505094801,1.1860449780380933
0.9,0.6,0.8,0.6,0.8,0.6,-1.5056899543385083,2.834992956472061,2.551075631605632,2.287632546397538,1.967003919055365
0.3,0.3,0.4,1.0,0.5,1.0,0.1596132381199052,0.9479966442343157,0.8010165356385174,2.1173293979471186,1.940901152688687
0.1,0.7,0.6,0.5,0.7,0.5,-1.0485464159009539,2.0591797037738973,1.6483256275923261,2.8429080274406076,2.6021703246160697
1.0,1.0,0.6,0.0,0.5,0.8,-0.6061360652736901,1.4568696215253882,1.1865297430437838,2.7725040532775296,2.7718201850820887
0.9,0.1,0.5,0.3,0.1,0.7,0.0057359137562802,1.1291213337799015,1.0173562506550118,2.743728625847019,2.4033334919243803
0.1,0.2,0.0,1.0,0.9,0.8,-0.13347783988834847,1.207141383033076,0.9310650082827006,3.3039518303107003,2.8737815871516363
1.0,0.8,0.8,0.5,0.9,0.9,-0.9646254380086832,1.8433099121700336,1.852699423298583,2.50300761464399,2.0772415101096096
0.3,1.0,0.3,0.4,0.8,0.0,1.4062780780803945,-0.29120190420485453,-0.362379648881269,1.0034336759985034,0.6775646484101515
0.8,1.0,0.3,0.3,0.5,0.2,1.3619594493566107,-0.40944905987110686,-0.5064142309794591,0.49362539671924355,0.38274581675525415
1.0,0.2,0.7,0.1,0.3,0.8,-0.6092511486554515,1.4670596460624317,1.4911785548488474,2.1111696807094567,1.8940903329356995
0.6,0.5,0.1,1.0,0.9,0.4,0.40574623666841014,0.7223066986562855,0.5680738034465282,2.084739509401961,1.9847486861696948
0.3,1.0,0.4,0.7,0.0,0.4,0.8970703649224052,0.21001296836803168,0.1920911392470447,1.997173661906176,1.9729602672357776
0.5,1.0,0.3,0.5,0.8,0.3,0.6661786142141528,0.1533525385807279,0.03621640632057192,1.2959396130268095,1.1991448873244606
0.3,0.6,0.1,0.0,0.2,0.6,0.7787512193021935,0.2587250242834522,0.17965845624384205,1.7484073222452878,1.4080720044376425
0.3,0.3,0.5,0.2,0.8,1.0,-0.14683254192749703,1.0012210844409426,1.0891316331902827,2.925196141497254,2.76078126159349
0.8,0.5,0.1,0.1,0.0,0.9,0.7620139246607978,0.10322599289246284,0.09089125420060042,3.1140751013815975,3.013512200822425
0.0,0.2,0.1,0.3,0.9,0.8,0.473691707797044,0.5296033795002548,0.3156558861054053,2.7103785901819766,2.539451619512175
0.0,0.1,0.9,0.6,0.7,0.3,-0.7707228212679903,1.7676029145557899,1.6419702684112358,1.831120664759793,1.570182078738616
0.3,0.2,0.4,0.0,0.1,0.3,1.4672514768054148,-0.5938120792093835,-0.7049696736406026,0.7419953931633325,0.611129076514795
0.4,0.7,0.1,0.5,1.0,0.4,0.5146348962788108,0.3171661489605164,0.46175632802490096,1.1908449831271388,0.9655511118355502
0.8,0.8,0.4,0.7,0.0,0.2,1.144409692006916,-0.08167011247953407,-0.2883529758709313,1.2396461023544127,1.0105279750043894
0.4,0.2,0.4,0.0,0.5,0.8,0.3217350051529339,0.5657581455336509,0.4676589731762622,1.1216676654866113,1.0400285840510224
0.8,0.0,0.2,0.6,0.8,0.0,1.4448923528105706,-0.53659287152711,-0.5851483729441449,0.9586020186053259,0.782483150853122
0.4,0.0,0.3,0.0,1.0,0.2,1.6972153776212244,-0.6810936420444137,-0.6395562184353033,-0.41296675563900104,-0.42216721220887804
0.4,0.4,0.4,1.0,0.2,0.6,0.5990501880753234,0.3879905801907987,0.3950405850251512,1.3950695379084885,1.2416719524588737
0.5,0.5,0.2,0.8,0.6,0.3,0.9315140995996555,0.030328231012984874,0.28411731006869834,1.4918977960662152,1.1917323962784592
0.1,0.3,1.0,0.7,0.7,0.1,-0.557831072230867,1.461748136996511,1.2711471044010918,1.204481097692268,0.9558546976793609
0.8,0.3,0.7,0.9,0.8,0.1,-0.26663500146174324,1.4777867193220031,1.3715539270700094,1.8755627787948612,1.5126823177037672
1.0,0.8,0.0,0.1,0.5,0.0,2.0624816893319533,-0.8299783705968735,-1.0059012716507316,0.885443255460632,0.5737283957220065
0.0,0.9,0.1,0.4,0.4,0.7,1.0388996797169563,-0.12858817247896592,-0.07742319145299961,2.2092798444097674,2.0352352042347057
1.0,0.3,0.9,0.2,0.1,0.8,-0.05803716451173779,1.3258606065421326,1.0527457300602392,1.5837915774803237,1.4175581367957948
0.5,0.2,0.1,0.2,0.0,0.0,1.6771201259033515,-0.7774098490093492,-0.7618569780080895,1.260400660843695,1.2201073157290767
0.1,0.1,0.3,0.3,0.1,0.0,1.7014637442433989,-0.8349436599827664,-0.895045359493115,0.7485847955500414,0.665109234027391
0.8,0.4,0.3,0.9,0.7,0.2,1.1943170455131449,-0.061856732194398384,-0.33557799545477773,0.6993179997051086,0.5916960444458266
0.4,0.7,0.2,0.4,0.0,0.2,1.3302048110474964,-0.07286725746440223,-0.385748762922724,1.1540676271422863,0.939715671494553
0.6,0.0,0.7,0.9,0.0,0.6,-0.8808394997602297,1.7962191947339472,1.9037343880820732,2.948885830005124,2.724246698468165
0.9,0.0,0.5,0.2,0.5,0.0,1.1974910250922393,-0.2885703821464223,-0.24103654916599815,0.7574833669961272,0.6032960650742859
0.0,0.0,0.3,0.0,0.6,0.1,2.0819446062087232,-0.8080506362529964,-0.9893655256916871,0.21296648210195768,0.0036781566557463896
0.5,0.2,0.4,0.3,0.7,0.3,0.5873253303991144,0.43617361633740304,0.1326571715579333,1.1099134867295033,0.9329312241137557
0.6,0.4,0.1,0.0,0.5,0.6,1.1213253327805548,0.01741417547847174,-0.21096412941741116,1.1905049862844457,0.784300042367703
0.6,0.1,0.1,0.0,0.9,0.1,1.3937985718507857,-0.1412760438623839,-0.3107725944973886,0.9103008361875307,0.7599616402183762
0.6,0.7,0.4,1.0,0.8,0.4,-0.1910754917656533,1.2276074708935172,1.2500177363537965,1.3456894061836342,1.3652049486348836
0.3,0.4,0.3,1.0,0.5,0.7,0.45304004861582653,0.35207612791033605,0.4460624520268178,0.9816565220786385,0.8439492112400792
0.4,0.3,0.6,0.7,0.8,0.1,-0.04850996238075332,1.1744990925345453,1.140831266479751,2.1543902635795216,1.9179355216317127
1.0,0.8,0.4,0.8,0.8,0.1,1.076225832660327,-0.17480877223593205,-0.29661360927108515,0.9612229274512255,0.7963321971549359
0.2,0.7,1.0,0.0,0.1,0.2,-0.171153700323108,1.204869494722195,1.4119240906251134,0.7976420564968113,0.6588250492268998
0.2,0.3,0.9,0.5,0.6,0.0,-0.13255150943043986,1.0996656462429548,0.94842424477066,0.4219494842074195,0.3020753843394377
0.0,0.7,0.0,0.6,1.0,0.1,0.8154065745186482,0.17455070090503888,0.07761343441891508,1.7596832264916966,1.3601232201078017
0.7,0.3,0.9,0.6,0.3,0.7,-0.9593853021502947,1.9263481500907582,1.786869849581026,1.088559782756558,0.6640650676668001
0.4,0.9,0.2,0.1,0.0,0.1,2.0789038316902526,-1.2408951560062498,-1.1862707921565276,0.9573448607290835,0.9005954981255133
0.1,0.4,0.4,0.4,0.1,0.5,0.963473937098814,-0.022920231707041272,-0.31689222006183715,1.693681766978865,1.3150784214597133
0.3,0.6,0.4,0.9,0.6,0.7,-0.8783758007975351,1.675441533653599,1.458204182487841,2.2393739162040793,1.7976633803728042
0.3,0.5,0.7,0.3,0.3,0.2,-0.18962337859005338,1.4084851869779607,0.9889541273559013,1.5274352436281449,1.318956393758908
1.0,0.6,0.2,0.2,0.9,0.7,0.433520331954372,0.5753718503879154,0.4205332315802761,1.625819141026228,1.3368758989930838
0.5,0.9,0.4,0.4,0.4,0.3,1.2831203277191048,-0.12577915239699095,-0.15193422335750736,0.6968087019711176,0.39374696862132785
0.0,0.8,0.9,0.7,0.7,1.0,-1.4785729798677303,2.4489028248112983,2.2700416313647356,3.0309681694052353,2.893931135030402
0.6,0.7,0.2,0.7,0.1,0.2,1.101777596014565,0.09232212618463867,-0.10500238278208643,1.1241034306998698,0.6500711472623989
0.3,0.9,0.9,0.5,0.5,0.0,-0.2984894768591475,1.2056405362162053,0.8670571572941128,0.3475684072967856,0.4119427624152811
0.7,0.6,0.9,0.9,0.5,0.9,-2.172433377440883,3.125512813168869,3.1475889136573025,2.215518460207984,2.0765635343387805
0.9,0.2,0.6,0.1,0.9,0.5,-0.3228695984895295,1.3748296445924042,1.2025807890920477,2.152606225545738,1.7499913020934448
0.4,0.2,0.2,0.5,0.7,0.5,0.7223617025024976,0.26204787352862874,0.2849291909792934,1.6194728041855109,1.1829025238890847
0.9,0.8,0.9,0.8,0.3,0.2,-0.18558005235395764,1.2324743980085051,1.3292305735037635,0.4553244062822692,0.014875304694176472
0.6,0.0,0.1,0.8,0.3,1.0,0.3433782098133321,0.5097281311132946,0.32903446501208466,2.7452616099467484,2.5478679506406334
0.2,0.9,0.8,0.3,0.5,0.2,0.014900327230646455,1.1137931804775816,0.7514050769757692,1.0193565730211773,0.7700584265555456
1.0,0.7,0.4,0.8,0.8,1.0,-0.21842061150627978,1.1469740274307068,1.0986553659137808,2.9144213194177278,2.603186379302375
0.8,0.6,0.5,0.9,0.7,0.8,-1.3524996745801017,2.303212501013076,2.258592058981713,3.110870497037231,2.784606004748965
0.7,0.0,0.7,0.8,0.0,0.0,0.06373302989301437,1.0460711078867448,1.041088786455836,2.0018738319092826,1.6871374632304474
1.0,0.5,0.0,0.4,0.4,0.8,0.4833561736962142,0.4192459787655113,0.14205507674716544,2.62337631456333,2.271090532617691
0.8,0.9,0.3,0.8,0.9,0.5,0.822142965916838,0.33783318885696145,0.08056539710638519,1.2963837444232562,1.0213811768901269
0.7,0.7,1.0,0.5,0.4,0.1,-0.7471318060072342,1.7261833092438577,1.7218457014029265,0.30934165331309504,0.005287400517672611
0.8,0.6,0.9,0.3,0.7,0.1,-0.8367614841484832,1.9229170585076254,1.767267269025454,1.0908291604189806,0.5583117010050787
1.0,0.2,0.7,0.2,0.6,0.1,-0.07613040616819375,0.8426664996627777,0.832486181642291,1.3747881914979616,1.2218014633163756
1.0,0.8,0.6,0.4,0.1,0.8,-0.12546462330137553,1.0818439460860911,1.1406756168366714,3.325406322570856,3.109973928366689
0.7,0.3,0.1,0.9,0.2,0.8,0.48093259475873873,0.4894725813122148,0.40799189950066483,2.2703725751219697,2.074687996689739
0.7,0.6,0.8,0.5,0.3,0.8,-1.6908292311413773,2.833935798006013,2.7450524829318743,1.9666487624339273,1.7434309423107321
0.7,0.2,0.2,0.3,1.0,0.1,1.2166890905000045,-0.2489577174743885,-0.3334746115526872,0.08505707542055221,-0.07244257688472001
0.3,0.5,1.0,0.4,0.1,0.4,-0.4177660106486727,1.4172798797523947,1.3529131809340464,1.5115040044302035,1.4928335611085777
0.1,0.7,0.3,0.4,0.9,0.1,0.8292520100900634,0.16084352489053047,-0.2606022149297887,0.25513087234732046,0.21754530704074332
0.6,0.9,0.6,0.2,0.1,0.7,-0.37759783998884977,1.3856841359490129,1.1477659833213016,3.011485883866749,3.017143027578315
0.4,0.2,0.6,0.0,0.5,0.7,-0.5209715584973248,1.4787876591145268,1.440154820178715,1.940836221712304,2.012064031601259
0.6,0.2,0.8,0.9,0.5,0.8,-1.658957367562975,2.427257440943283,2.5764632076859053,2.2383048877217115,2.095276984210007
0.7,0.9,1.0,0.9,0.3,0.0,-0.19088967739750826,1.4703725217956407,1.2637538830681394,0.8407577813132838,0.7119111129361173
0.0,0.5,1.0,0.3,0.8,0.2,-0.467308233353944,1.7103878311907836,1.6359949967824183,1.6405254600072872,1.5210683175644808
0.4,0.1,0.2,0.3,1.0,0.6,0.636697100242463,0.5405313878435452,0.3490793122154084,1.2520048905466812,1.0447810578210506
0.7,0.7,0.2,0.1,0.3,1.0,0.6902749950881335,0.551634003143111,0.4484399319133952,1.7322569060128064,1.2969176138315692
1.0,0.0,0.6,0.8,1.0,0.0,0.1692369415277766,0.7263639429082606,0.6700143667787611,1.5144846677149228,1.5469322647675292
0.7,0.8,0.7,0.6,0.8,1.0,-1.4665769415072467,2.277137350348663,2.2778607448373562,3.7227913797827865,3.6888037931272843
0.2,0.7,0.0,0.2,0.4,0.0,1.3241647094620164,-0.2721109451070528,-0.3890559860156272,0.6838609853728776,0.7205639382078697
1.0,0.0,0.5,0.3,0.7,0.3,0.9706858780675218,0.04511486070882742,0.058578123402355214,1.712770740122451,1.5997955278959088
0.4,0.3,0.1,0.6,1.0,0.5,1.0714836963610592,0.05381805345920776,-0.10080324623888465,1.3112705818321282,1.1579538191042509
1.0,0.2,0.5,0.3,0.2,0.2,0.6979235526601772,0.09427609099722008,0.018253418058308296,1.2229555984470657,1.102373533874378
1.0,0.4,0.3,0.0,0.8,0.1,2.106294987910956,-1.0573909222838629,-1.3133923885160703,0.16705312876323414,-0.29965540027331106
0.6,0.7,0.5,0.7,0.9,0.5,-0.9630920715667185,1.7871216126039962,1.6385827075086203,1.866118848891937,1.7510030282215212
0.9,0.8,0.2,0.5,0.0,0.9,0.9944973815646218,0.1264926561375637,-0.15783287348506284,2.5125364982470595,2.1812086811253106
1.0,0.9,0.9,0.5,0.5,1.0,-0.8177858803334225,1.7997163628151223,1.6133485581640326,2.6356427156551767,2.2902007511948606
0.7,0.6,0.1,0.0,0.8,0.9,-0.1077701755146267,0.86680279164448,0.8695348212676377,2.770763868817414,2.524843505810123
0.8,0.6,0.6,0.9,0.3,0.1,-0.5910101821043892,1.6954238942215425,1.368130270266337,1.7608872489615641,1.71636562566266
0.0,0.7,0.8,0.7,0.3,0.5,-1.1449852330490289,2.0106782055424763,2.0955672583888063,1.3756867190099156,1.3397655621187277
0.2,0.8,0.7,0.6,0.3,0.3,-0.10717265543362299,1.2024289071821246,1.1375305597981784,1.5787796871264925,1.4015542246327595
0.9,0.6,0.9,0.8,1.0,0.4,-1.4322580162828262,2.401977025007677,2.3372998979783413,0.7797950119699414,0.8037648053757704
0.4,0.0,0.3,0.3,0.8,0.6,0.7680049300033679,0.18156596540529046,-0.017231986014292044,1.2303371192685324,1.0104892631007893
0.4,0.4,0.5,0.7,0.6,0.6,-0.07849854470130938,1.1134537558184148,1.0457947466255255,2.195698313759866,2.0476030871058026
0.4,0.7,0.9,0.3,0.3,0.8,-1.2453882428259262,2.4294092019388605,2.3052711337613183,1.0637554598299597,0.948692857514266
0.9,0.6,0.7,0.8,0.9,0.2,-0.9640134143862931,2.3518237657983043,1.9238794422666345,2.045908831038494,1.9703405662249827
1.0,0.5,0.8,0.9,0.9,0.2,-0.7243503234644257,1.5855599161692961,1.4104387570718455,1.372031400984327,1.332518375084399
0.4,0.4,0.8,0.8,0.6,0.9,-1.1860645602112592,2.160099137577913,2.392673818320709,2.484455565886136,2.5596423407042628
0.8,0.4,0.2,0.0,0.6,0.8,1.1086099560781821,-0.11094067461929678,-0.155687887777397,1.1918668704027542,1.1592715568887355
0.2,0.0,0.4,0.9,0.5,0.1,1.1913038549423343,-0.11383938470243651,-0.2656265199966613,0.6877271805996289,0.3204597651512425
0.3,0.2,0.1,0.9,0.6,1.0,-0.0785789550489113,0.917220005343631,0.9961692043763006,3.4119184788039196,3.210485957345842
1.0,0.1,0.3,0.4,0.7,0.7,0.7078019596885614,0.34155782966613385,0.1964253422185472,1.7591540103526766,1.5568705414432473
0.0,0.9,1.0,0.7,0.9,1.0,-1.2916652842199305,2.416241244118688,2.1979802720181962,3.4504178835380954,3.1008840528720794
0.4,0.4,0.8,0.4,0.0,1.0,-0.6088656468877454,1.760540360613474,1.6476867373120143,3.0902646195029253,2.852650129081817
0.1,0.7,0.5,0.3,0.5,0.7,-0.530421547605102,1.4220658455900115,1.3507071888103483,1.9838162149987622,1.5855914755496736
0.6,0.3,0.7,0.2,0.5,0.4,-0.28962865124669224,1.2927375204629108,1.179637318450742,1.2418315445113604,1.1383302144620218
0.0,0.8,0.3,0.9,0.7,0.3,1.1241405763692867,0.0836468922102118,-0.07434626547529351,1.2350007812725599,1.063886229890333
0.3,0.8,0.1,0.2,0.7,0.4,1.3314950928382234,-0.17762289184414087,-0.5641468487037794,1.6067460236021582,1.5737649624814576
0.7,0.2,0.2,0.8,0.1,1.0,0.1416409228615137,0.7607515771554698,0.6333276707581824,2.9259750548840073,2.644946030438374
0.9,0.4,1.0,0.1,0.4,0.9,-0.5503986218162717,1.6315035013724295,1.3762387910966258,1.3461493858565439,1.2448541850363013
0.7,0.0,0.0,0.8,0.9,0.0,0.9720481234703477,-0.07928125555468732,-0.22220473490742054,1.6379030760567386,1.5353540893763782
0.2,0.5,0.3,0.2,0.1,0.6,0.9202207963298479,0.05690290026107281,-0.007668894927888269,1.4833633855137647,1.1699437805683612
0.1,0.6,0.9,0.8,0.2,1.0,-1.8618035000507709,2.885964363947688,2.693955963056773,2.741822324200889,2.5956883947822647
0.5,0.4,1.0,0.4,0.5,1.0,-1.0962588445359958,2.102580650192997,1.9287496187883437,2.2467341873414854,1.9006736086700198
0.6,0.5,0.1,0.8,0.6,1.0,-0.18863905803317688,1.1455039227563848,1.0349767652230268,3.388913558318307,3.357608185491883
0.1,0.8,0.1,0.6,0.3,0.1,1.5529454510938525,-0.7350328314550714,-0.7749635591197934,1.1142290396103771,1.0856961710024517
0.0,0.1,0.7,0.0,0.9,0.5,-0.7307729897933275,1.7212912397695104,1.4762955061025922,2.2952552967964666,2.194835716535708
0.1,0.9,0.9,0.9,0.7,0.5,-1.1182606094866607,1.962702185298952,1.9563536689326104,2.272453749483999,1.98603144010648
0.6,0.1,0.3,0.4,1.0,0.8,0.15954052091279441,0.9946820183015143,0.8066117508560328,1.250535956298428,1.1089775751597648
0.1,0.4,0.0,0.0,0.9,0.7,1.1311824194605578,0.1721730950304962,-0.10703890009768031,1.9860071653110403,2.0275677904717844
0.9,0.8,0.5,0.9,0.7,0.0,0.3697360608028671,0.5140950708844542,0.4249399241294148,1.5430797511222536,1.4078650945357718
0.2,0.7,0.7,0.7,0.0,0.3,-0.6120891773171786,1.6055330302136204,1.535826639277225,2.3747183549079867,2.2246813916722656
0.9,0.4,0.7,1.0,1.0,0.7,-0.9942645230647589,2.076310711635582,1.967990887390434,2.337423856816395,2.0343305364200677
1.0,0.5,0.4,1.0,0.5,1.0,0.11028461781740892,0.9974857648052502,0.6844468448470605,2.6485910086975344,2.537760041277002
0.6,0.7,0.0,0.7,0.8,0.6,-0.12028241647044652,1.3570522934000686,1.1949854908377735,2.5243352354784494,2.356968039028689
0.0,0.9,0.9,0.3,0.8,0.1,-0.09622527120745328,1.0276043903940257,0.9220970824148517,1.4222138292550979,1.1468562485084148
0.9,1.0,1.0,0.4,0.8,0.5,-1.0440516258808676,2.0542381308402478,1.8997060798304777,2.1734923411966216,1.9288255373203498
0.9,0.1,0.0,0.5,1.0,0.8,0.2378064875388606,0.7598719880013863,0.573907435846649,2.5548981779912534,2.3762611815289367
0.8,0.5,0.9,0.2,0.9,0.5,-0.9998678483699399,2.1938524522207477,1.9102724498433963,0.9773796658807548,0.9300996504558068
0.6,0.1,0.8,1.0,0.5,0.2,-0.9517981687119463,1.8136099789979327,2.0802203505843164,1.3874847015190204,1.085733103344544
0.8,0.0,0.1,0.2,0.3,0.2,2.0523049356684946,-0.9903152930678442,-1.1932152783563468,0.6963232585276762,0.48079625540047727
0.1,0.9,0.0,0.9,0.5,0.7,0.5852684965193902,0.5996913108932111,0.3401811387184167,2.849308293934612,2.7426936436482348
0.2,0.0,0.8,0.8,0.6,0.6,-0.8612526772834462,2.070243346104051,1.7020012387954306,1.8818166035160122,1.7895591856880333
0.5,0.3,1.0,0.2,0.1,0.6,-0.5942650906632599,1.616135707816548,1.4778189814776614,1.4696244749975718,1.089137394452553
0.7,0.1,0.3,0.1,0.3,0.0,1.6857535540891027,-0.5977427895263357,-0.6044424674689889,-0.05045344905821686,-0.4504829263595239
0.9,0.6,0.2,0.5,0.3,0.4,0.9481596604076628,0.14566743536242766,-0.03075924718410556,0.7835089025096292,0.5032725477631842
0.2,0.1,0.2,1.0,0.1,0.3,1.1665152553812068,-0.12948135721664067,-0.05615034256496268,1.7185740345024065,1.6187015833371994
0.5,0.0,0.2,0.7,0.2,0.6,0.9154226566436612,-0.13369122099845626,-0.005119841326611842,1.2843409323480675,1.0604951435086942
0.4,0.2,0.0,1.0,0.5,0.8,-0.011878713730795992,1.1077579500287411,1.1765109744466529,2.7360103068071724,2.5113281127806797
0.6,0.3,0.4,0.8,0.4,1.0,-0.03414951360569199,0.9517501078959868,0.8500594792475846,1.663806689709361,1.472545656057473
0.6,0.7,0.7,0.3,0.2,0.5,-1.0268722796643148,2.025278585000509,1.9069644942960846,1.7319560833550804,1.6804348140661562
0.4,0.0,0.7,0.5,0.6,0.8,-1.029881050956277,2.0775693745962993,1.8777129718720162,2.8308111192597787,2.6470973876666863
0.3,0.2,0.2,0.3,1.0,0.5,0.933151651066707,0.11202718202221694,0.14886110547657233,0.9545738502017238,0.7200670861981825
0.8,0.2,0.8,0.2,0.6,0.1,-0.3789624241978045,1.3099858662164645,1.1716156919050613,0.9237603526960453,0.5616566216500877
0.6,0.7,0.8,0.6,0.1,0.1,-0.7472765233948061,1.7629640038670287,1.6099846530260662,1.4142914485101346,1.0464882431429627
1.0,0.5,1.0,1.0,0.8,0.3,-0.889043057007338,1.7767020983074302,1.7641471367747033,1.881706955640653,1.6045219195151172
0.0,0.5,0.2,0.2,0.6,0.4,1.1535195750170293,-0.10258947637374374,-0.2959344317500735,1.3139058573632503,1.2062942835238384
0.5,1.0,1.0,0.9,0.6,0.2,-1.126340140982314,2.0459488542507676,1.8908546855277812,1.6928154211884756,1.3822362152838534
0.0,0.1,0.9,0.3,0.4,1.0,-1.161583408414583,2.150364719804777,2.207065702831177,2.2017807585833116,2.0897942540932095
0.8,0.0,0.7,0.7,1.0,0.9,-1.1931055436198217,2.310648112214754,2.0798975070151764,2.8716469674363494,2.595604712404355
0.0,0.8,0.3,0.8,0.1,0.8,0.5121850215710403,0.4258792674413861,0.28892014887112577,2.1105484053991574,1.8947057211065532
0.3,0.8,0.2,0.7,1.0,0.0,1.3164922987381278,-0.32170058595916856,-0.456899918200096,0.055194519453202306,-0.009162685991634362
0.6,0.7,0.9,0.5,0.6,0.4,-1.1739110101390577,2.2948306163004126,2.061621713089375,0.8318099783013729,0.9258295047976712
0.3,0.8,0.9,0.9,0.5,0.8,-1.3666203391618046,2.2390781736690437,2.2718092720735177,1.442383953999311,1.5347372450650187
0.1,0.0,0.2,1.0,0.9,0.1,1.358870810149023,-0.36083148525270237,-0.24814635072697114,1.1447871314837264,0.6852428417432247
0.2,0.2,0.1,0.3,0.8,0.2,1.3434400423687052,-0.21981900005183624,-0.26593236593799463,1.4773742867107627,1.3954879793646005
0.3,1.0,0.1,0.8,0.8,0.0,1.0381961398363095,0.10221313130281412,-0.12029262938473032,2.2498848459560916,2.1301988089321013
0.8,0.0,0.6,0.5,0.8,0.6,-0.6384869781072146,1.797695256847781,1.6202683484796094,2.8851324100290805,2.619315468855674
0.6,0.0,0.6,1.0,0.5,0.7,-0.9935340328440535,2.1975431382366084,1.765557893284225,2.7243315766102403,2.476872100044126
0.0,0.4,0.6,0.2,0.2,0.1,0.6639491479415291,0.23842584621178584,0.10093334364810536,1.8933517141872265,1.5704618156707337
0.3,0.0,1.0,0.1,0.4,1.0,-0.8364762134906542,1.8238830074990124,1.7028119561498436,1.6642259074030237,1.4118195822590245
0.3,0.2,0.2,0.0,0.2,0.1,1.9389166491792404,-0.8062321228494459,-1.1295446407467398,0.1000333677519105,0.020502640701816358
0.3,0.3,0.4,0.4,0.5,0.8,0.45517578968411715,0.5753647323042976,0.20111852948390688,1.2216377576181428,1.0157724188206911
0.6,0.7,0.6,0.4,0.8,0.7,-1.3903394366718662,2.4934560896780424,2.322220109314162,3.0327948425822315,2.8270750350609894
0.6,0.1,0.0,0.0,0.7,0.6,0.47994075740781,0.48020579446511225,0.2994746665156849,2.3364174500179056,2.2203956982445856
0.6,0.0,0.9,1.0,0.4,0.3,-0.6223592447413765,1.5906690107640669,1.5292012788974725,0.45259043992613057,0.3842476346881782
0.1,0.3,0.3,0.5,0.5,0.6,0.9549520188510416,0.06690799503020664,-0.09965021491723763,0.5825539032040326,0.38130136372213413
1.0,0.7,0.4,0.6,0.2,0.1,1.0317767356172252,-0.13585832455166263,-0.07868759500382627,0.5922412687735411,0.42188728042310153
0.7,0.2,0.6,0.6,0.4,0.6,-0.9879258497877885,1.8377735721285868,1.836491545839966,2.2065639020302648,1.9125165223583294
0.5,0.2,0.4,0.6,0.9,0.4,0.4189292398995926,0.6121775863640234,0.6199619726086316,1.020174493444056,1.0053964975009295
0.9,0.2,1.0,0.9,0.8,0.7,-1.5390261889335881,2.696191444720694,2.346432502123816,2.3536728744722106,2.1300180817879757
0.4,0.4,0.9,0.9,0.6,1.0,-1.2430492712995838,2.442882801480442,2.358325158812423,2.444823900328231,2.1985163192112163
0.4,0.0,0.5,0.2,0.3,0.1,1.054914166392654,-0.1760017474102344,-0.22147504168196205,0.7076152355590124,0.5148226278226984
0.8,0.7,0.5,0.5,0.7,1.0,-1.0840072761364832,1.9016192448297424,1.7837541737763254,3.3820112096814845,3.370588033367268
0.4,0.2,0.0,0.8,1.0,0.3,0.6566483549068693,0.2551920005310296,0.11157033350454787,1.7604797927163895,1.4451804683292782
0.5,0.5,0.3,0.2,0.2,0.6,0.8194468138007276,0.1630478391474996,-0.096716774142985,0.8930687206092238,0.6623050786085496
0.5,0.1,1.0,0.9,0.8,0.4,-1.6003154916274038,2.4529204189146885,2.1851570005431773,1.811662247915692,1.6632751018435943
0.4,0.6,1.0,0.2,0.2,0.5,-1.0522857791691578,2.018297457566089,2.0224550650064375,1.3043971925824263,1.0151203038581469
0.6,0.2,0.7,0.2,1.0,0.6,-1.0191141507313244,2.0042290481543064,2.1559719730837066,1.7544650667152082,1.5881599141663056
0.2,0.3,0.9,0.5,0.3,0.3,-0.206329719338075,0.9894957078989122,0.9220847213383715,0.19176920695621674,0.07800146031627633
0.7,0.9,0.2,0.1,0.7,0.7,0.9620462088529105,0.11854923751587068,-0.04497524855237223,1.9499218468392627,1.5714711786494582
0.3,0.5,0.5,0.3,0.0,0.4,0.534086064233311,0.4750656369376382,0.3575068795509417,2.258229454972943,2.195412666008289
0.6,0.6,0.0,0.2,0.7,0.5,0.31954701482509995,0.8823383289898763,0.6095641710208045,2.460396315753596,2.3099944676745596
0.0,0.8,0.9,0.8,0.7,0.9,-1.427209779402144,2.4067000100253932,2.44736401157386,2.7068582683422298,2.5540528444417507
0.3,0.6,0.1,0.4,0.5,0.6,0.4017583226574246,0.6152727316619555,0.6873195071546578,2.028415707535739,1.8734271004389078
0.4,0.1,0.2,0.7,1.0,0.5,0.5241727098311574,0.4612848659303074,0.25871478445277274,0.9637943172112119,1.0842867181266311
0.4,1.0,0.1,0.5,1.0,0.0,1.2242541693090359,-0.05280037049720143,-0.2756260218837471,1.280088843702826,1.4403691824454599
0.3,0.7,0.4,0.6,0.1,0.7,0.032820051707640886,0.8995628037335097,0.6774944384069997,1.7881977645684113,1.599279676645603
0.8,0.8,0.1,0.1,0.1,0.6,1.2472469320884625,-0.24980322371097624,-0.28584556015426876,1.9994699182339661,1.4140561577720183
0.7,0.2,0.7,0.0,0.1,0.1,-0.04101295149795817,1.0114595596881233,0.6878174339988202,1.6152032065690145,1.5875905215979966
1.0,0.7,0.4,0.1,0.7,1.0,-0.01981782831772,0.7340943747822561,0.6664943839503294,2.3518058512292126,1.944906135209057
0.4,0.9,0.5,0.7,0.3,0.4,0.3327264699404076,0.649997789638755,0.4775030995442436,1.6530099899039206,1.6720566097757563
0.2,0.9,0.6,0.9,0.0,0.9,-0.6421418168889221,1.8163417471761774,1.736605966963699,4.4853221478171825,4.122612563264183
0.6,0.8,1.0,0.7,0.0,0.8,-1.2445394990441123,2.368472320251123,2.348390454726103,2.5997708273432014,2.4014477559819
1.0,0.3,0.8,0.1,0.9,0.5,-0.20795060176203248,1.1207508096338878,1.2319007312634904,1.0738842796477186,0.729603540431507
0.2,0.6,0.0,0.0,0.6,1.0,0.020293640831344592,0.9440298435331086,0.8988790967828031,3.268905016670311,3.1421593342302
0.5,0.6,0.5,0.3,0.1,0.8,-0.5583049394345314,1.6127778906765566,1.6355003929273058,3.0317873588769406,2.688540948854455
0.8,0.4,0.6,0.9,0.9,0.0,-0.12584439644866127,1.1752888701423918,1.097528543615173,1.6909185863561915,1.6388661941809828
0.2,0.7,0.2,1.0,0.5,0.9,-0.09660317948996444,1.2492364499608504,1.1232331731582472,2.1556402160913355,1.93823124843904
0.9,1.0,0.0,0.7,0.6,0.8,0.1551574794844969,0.9302111768434627,0.9009365826791591,3.442559081762908,3.2952560685376584
0.6,0.7,0.1,0.4,0.0,0.3,0.9637548388932059,0.02184547616019862,-0.1894878418776451,1.8736385535578488,1.6089353376108921
0.0,0.5,0.5,0.3,0.3,0.5,0.4052329491040344,0.7029401065142099,0.6901987815768076,1.8931235995661095,1.6528401182037646
0.2,0.6,0.2,0.2,0.5,0.0,1.0847235902094288,-0.09996603910527765,-0.34551400616262407,0.26771322395597325,0.27251084024414846
0.5,0.7,0.4,1.0,0.1,0.8,-0.48701134678973407,1.5481576371736083,1.341622656046766,2.1748869397885384,1.9884005061261028
0.9,0.7,0.7,0.4,1.0,0.4,-0.8900352511245242,1.8162469589061152,1.6246319513730212,1.5260504781084059,1.2909136103063745
0.5,1.0,1.0,0.4,0.0,0.2,-0.4229726783119197,1.4110635832693454,1.361878433938809,1.7701107659254487,1.704900230831156
0.9,1.0,0.4,0.7,0.3,0.5,0.3740497816536283,0.5734066919816468,0.40552747527572464,1.3367049180561352,1.1963714462431925
0.9,0.0,0.0,0.3,0.5,0.8,0.896093196168868,0.12165097988245752,0.01185173178301938,2.224873111585332,2.2031579386618345
0.5,0.6,0.2,0.5,0.7,0.4,0.37188217807069396,0.4938299877494763,0.41320408761578215,1.8235990443493897,1.4539494266993822
0.2,0.0,0.1,0.5,0.8,0.9,0.6926955456246677,0.3444061677763015,0.23779652373997015,3.1796940197534895,3.162066370605378
1.0,0.8,0.5,0.4,0.8,0.4,0.6274229998292121,0.4120233001089303,0.007597388230872637,1.7875009127195485,1.7341278774753544
0.1,0.9,0.5,0.7,0.1,0.6,0.1431057073775626,0.9314357907904931,0.7051619753912386,2.8480432002058036,2.717511860916286
0.6,0.0,0.7,0.4,0.8,1.0,-1.3328743816922155,2.094752720705736,2.0906981459886014,3.693782086414282,3.2714729756919327
0.9,0.2,0.0,0.0,0.5,0.7,0.8867360674182836,0.28700915435765345,0.05263703203501765,1.7294393009651092,1.7281691459054602
0.1,0.3,0.8,0.9,0.6,0.5,-0.9730400581989055,1.8092479496637583,1.7505280364663856,1.640309909766966,1.5173458063696093
0.6,0.1,0.4,0.1,0.7,0.6,0.3462877651933437,0.6126437321947554,0.686794723306381,1.3983253704117486,1.4343446415019845
0.0,0.5,0.9,0.5,0.2,0.4,-0.5574482952020366,1.6157727205311567,1.4480595792492301,1.441401246063088,1.1108542005023665
0.9,0.0,0.9,0.2,0.1,0.7,-0.5226114680408821,1.5967499092189525,1.3157578528239033,1.5190571926178742,1.3990013048653354
0.7,1.0,0.5,0.0,0.8,0.9,-0.3409087195637999,1.3875380478646613,1.2247698205438278,3.1016748215419887,3.0448296464191333
0.5,0.3,0.2,0.3,0.0,0.5,1.478506230839431,-0.25207559451799333,-0.4945701127730918,1.365349013638626,1.0457399911454337
0.6,0.7,0.7,0.5,0.3,0.0,-0.34156021737571046,1.705567613911867,1.4972503439779827,1.1604227227108694,0.7852750677513062
1.0,0.7,0.1,0.0,0.0,0.9,0.9743760266153092,0.04775279992880985,0.0015855432845080647,2.696044991936911,2.642021870164469
0.9,0.6,0.3,0.8,0.8,0.8,-0.31224915860852953,1.181153366146508,1.0828381236416706,2.058953754869458,2.008095830986739
0.5,0.8,0.6,0.9,0.0,0.1,-0.12492122565972198,1.0641808789668468,1.0885643473495423,2.459915003732416,2.230719560732902
0.0,0.7,0.0,0.3,0.7,1.0,0.012377535276176396,0.939211573926304,0.8933493660029976,3.7019887371619067,3.559984402285072
0.4,0.7,1.0,1.0,0.6,0.5,-1.6627485953639878,2.7445310996648082,2.609870504471086,1.6562670225584177,1.1216425377197345
1.0,0.5,0.1,0.6,0.1,0.9,0.888893245685158,0.11140847092775798,0.13171900649066623,3.391410768934518,3.0318128093491246
0.9,0.8,0.4,0.1,1.0,0.0,1.4957878863885665,-0.3696739913789223,-0.8784623050032728,-0.16738888651138817,-0.43721814819608895
0.1,0.3,0.3,0.3,0.0,0.3,1.8947680207827717,-0.8148735292744098,-0.9071409149492308,0.8408277220249093,0.5036007294154456
0.5,1.0,0.8,1.0,0.8,0.9,-1.9862535924895588,3.0416476173653937,2.874598456305748,3.434424978752893,3.0448542599397728
0.1,0.4,0.4,0.5,0.1,0.4,1.3270434835475626,-0.2620281601978439,-0.5396445106767438,1.3879958036556486,1.3285950870331948
0.2,0.3,0.7,0.1,0.5,0.0,0.21336929241560837,0.7572166851443843,0.4710370364068327,0.7452475606037428,0.7973743541321091
1.0,0.0,0.2,0.6,0.9,0.0,1.7932454758320937,-0.8371202843563235,-0.9900628087164521,0.6492751611356786,0.5389712446883946
0.5,1.0,0.8,0.9,0.1,0.4,-0.7633706813385939,1.7712938294505476,1.6444623137811822,2.314229122033119,2.116695142177978
1.0,0.2,0.7,0.7,0.3,0.6,-0.678615631593815,1.7635583996152322,1.5641332712038123,2.1143763898635597,1.838947875190498
0.9,0.4,0.2,0.7,0.4,1.0,1.023410697284694,0.09775573195168774,0.08188422945193324,2.0258495534642584,1.6288997062891184
0.7,0.1,0.9,0.2,0.5,0.4,-0.6888354165066701,1.7262150985572307,1.5647068459197353,0.6626372923548955,0.35031481170339196
0.5,0.9,0.7,0.9,0.0,0.4,-0.4937309037364075,1.4324643936561061,1.266764318145796,2.942120909161226,2.6851548142006005
0.1,0.7,0.0,0.5,0.0,0.8,0.26004661383731636,0.7513918943320079,0.7332912561642924,3.137100228633718,3.134587310917403
0.9,0.2,0.6,0.1,0.9,0.5,-0.3242924838913616,1.1979082770416754,1.2013470206941124,2.2355743096191896,1.955826818398301
0.4,0.1,0.2,0.9,0.8,0.8,-0.03663501730915318,1.0083338520058769,1.076119095879669,2.2860785403031274,2.189125404750065
0.3,0.2,0.9,0.6,0.2,0.5,-0.8997083282083622,1.798273018660512,1.645256587135961,0.9639175337093033,0.6816877776254258
0.9,0.4,0.0,0.7,0.2,0.2,1.6812671503542473,-0.7713547450127867,-0.988325628886001,1.675234628809511,1.202641387839507
0.3,0.5,0.4,0.0,0.8,0.3,0.9293626312638477,0.010127869062405828,0.05726781267771111,0.976383375880647,0.8688996659285341
0.5,0.1,0.1,0.9,0.6,0.1,0.9684418465245059,0.1697259235941072,0.17611484727433896,1.7465984560638061,1.5698921284634082
0.3,0.8,0.7,0.1,0.7,0.0,0.11178699724136622,1.078105765213235,0.7740121887355731,1.4424061257492886,1.130320083451954
1.0,0.2,0.9,0.2,0.2,0.6,-0.5433737550125031,1.2769253148913657,1.4350104669492025,0.8839224277530222,0.5831142914939249
0.8,0.9,0.5,0.6,0.6,0.4,0.267145378296071,0.8284504794814663,0.6995194030565057,2.190232527049748,2.0232470455250167
0.1,0.3,0.8,0.6,0.6,0.3,-0.5446482191296077,1.40424943762431,1.1543440866692527,1.3994355447156477,0.9235541550696048
0.9,0.0,0.9,0.1,0.3,0.2,0.3821837935730858,0.5302043880322347,0.5009428474487729,0.18431045918493721,-0.03241422423624085
1.0,0.5,0.4,0.0,0.8,0.7,0.7205341362873527,0.4409428163626031,0.379767770967138,1.4485162369326416,1.4981129350332836
1.0,0.6,0.8,0.2,0.8,0.0,-0.29682049929732846,1.4135273002525268,1.3590258769452557,1.4044722905324394,1.0957754721578894
0.1,0.1,0.2,0.2,0.6,0.7,0.6222603628381019,0.4301920701204447,0.18409593837369598,1.9542274976916627,1.5120160629614412
0.4,0.9,0.9,0.4,0.8,0.1,-0.2878362387149325,1.1933863212627605,1.056107942040514,1.1018228082919146,0.8478282602061686
1.0,0.2,0.5,0.8,0.1,0.8,0.08256675695810226,1.2644095955050927,1.0470791965493575,2.957360778157866,2.834107053053353
0.3,1.0,0.1,0.6,0.7,0.5,0.5758268277369225,0.6462271507776569,0.35956952332485764,2.5367532486924826,2.4943397181236246
0.5,0.0,1.0,0.2,0.7,0.7,-1.1615675294451313,2.1108502547564525,1.7389802040526234,1.695165221527075,1.589613434214313
0.1,0.3,0.5,0.5,0.5,0.8,-0.023622393796823543,1.0732537844420011,0.833899347206847,2.1389544555180793,1.8349762995384888
0.1,0.8,0.1,0.7,0.4,0.1,1.5135691195589958,-0.4312815242130674,-0.6350398255257793,1.042698488082303,0.7630043856614209
0.5,0.9,0.5,0.6,0.4,0.3,0.3310741644910965,0.5428401831005393,0.1596772149965271,1.4542695291819443,1.3091482677189912
0.2,0.8,0.9,0.8,0.2,0.5,-0.7790988768415197,1.8448805979803728,1.861615380832164,1.1288823696946273,0.9140447758254376
0.9,0.9,0.6,0.3,0.5,0.5,0.09736781703181069,1.0416163518689037,0.9717486138304172,2.2811606150746395,2.0547704124910706
1.0,0.4,0.1,0.0,0.2,0.4,2.175859872966507,-1.0867465942534602,-1.1695279720956258,1.0689152405161344,0.7126779088214712
0.6,0.9,0.7,0.6,0.2,0.7,-0.8618202365990708,1.8050241842481245,1.9014844950937413,2.8017904099694486,2.607573987066433
1.0,0.8,0.4,1.0,0.7,0.2,1.0447999053925716,0.08077451360754206,-0.020780593649991737,1.2135777682084894,1.0328185984773608
0.7,0.8,0.2,0.4,1.0,0.5,0.7864947096423144,0.07001290266326894,0.1443321269030692,0.6505712999068772,0.5545520032171813
0.0,0.5,0.2,0.9,0.6,0.7,0.17590595477435456,0.8817420030032256,0.731670223008179,2.442636785487986,2.062956824791498
0.8,0.0,0.1,0.5,0.2,0.1,1.854356540491968,-0.8401565480457591,-0.7809177666913478,1.2549885509531196,0.9981054701380802
1.0,0.0,0.4,0.3,0.8,0.0,1.5376110981784514,-0.5323088235189901,-0.8984615321282209,0.5566605327918648,0.49893551187707247
1.0,0.9,0.8,0.8,0.1,0.0,0.25576836760125,0.8093591122328991,0.772310331208699,1.7171947179685008,1.4680910561882337
0.1,0.1,0.7,0.9,0.7,0.0,-0.6732304753080856,1.6671613603469102,1.6653641676526565,2.446411856859785,2.2033137204951094
0.8,0.6,1.0,0.5,1.0,0.1,-1.1395597100209633,2.249550727916624,1.8553213930685093,0.9540891549177175,0.4288516294890955
0.4,0.9,1.0,0.0,0.4,0.3,-0.12371782851183544,0.8784049487432138,0.7889114106540498,0.4788081843396696,0.2900641552951767
0.9,0.5,0.0,0.8,0.5,0.4,0.7716959615211821,0.0816119235727186,0.08707558469843835,2.123619231651254,1.7886430668047812
1.0,0.7,0.2,0.1,0.3,0.7,0.8847205064962009,0.03143826247080945,-0.12846770055274542,0.8017925892784818,0.5544195638439869
0.5,0.8,0.1,0.2,0.7,0.6,0.6846628340443279,0.3174598801221675,0.16034462153288517,2.021228712167807,1.7045613473603007
0.4,0.0,0.2,0.4,0.4,0.1,1.8215957638792237,-0.6992668971334092,-1.0081750474104632,-0.11885933364032536,-0.290430656044279
0.8,0.9,0.9,1.0,0.5,0.0,-0.5826134595165993,1.682546390987477,1.3375425265473417,0.7129459964978577,0.5080403458139261
0.4,0.2,0.4,0.2,0.1,0.0,1.4096387415195752,-0.34725535505856964,-0.5945041555549255,0.6824576761875781,0.5014677498787805
0.2,1.0,0.7,0.8,0.1,0.4,-0.37640829464805026,1.8352997943875409,1.4537723084276444,3.0446378551565156,2.8035359205611905
0.7,0.6,0.3,0.8,0.8,0.7,-0.3262805795095359,1.5264052169776228,1.3157392138087904,1.85329294812621,1.76255178684373
0.3,0.8,0.1,1.0,0.1,0.6,0.5619098095566305,0.34959655604804835,0.15220544136905964,2.330140467948895,2.3466141547942927
0.9,0.2,0.7,0.1,0.7,1.0,-0.9140892625260081,2.123856544329989,2.0257484540903854,3.385148382758228,3.173178867718808
0.5,0.4,0.4,0.8,0.0,0.6,0.5815742923441123,0.5226783089242777,0.32313148005755055,1.966569600153134,1.6215709192602732
0.0,0.7,0.6,0.3,0.0,0.3,-0.0006991504717033248,1.1669341049262862,1.136234375219669,2.6551900687672547,2.370606842288401
0.9,0.0,0.4,0.5,0.5,1.0,0.5516050630326891,0.5121188654987082,0.6575275867321562,2.064966080885613,2.0781073228649154
0.6,0.3,0.9,1.0,0.2,0.7,-1.3899974389041985,2.3322515914248463,2.0677243010768542,1.2863428095423828,1.1964506542997309
0.6,0.8,0.3,0.6,1.0,0.6,0.282827766465962,0.7081788139303885,0.49157054054169025,0.5961463141162593,0.3881550835696189
0.9,0.0,0.1,0.4,0.7,0.5,1.2553598171643383,-0.23267254391449874,-0.23308922217312322,2.1316203333027617,1.8728384031745025
0.6,0.1,0.7,0.7,0.2,0.7,-1.3668729627096914,2.2085213984318868,2.285533591989435,2.866599733264457,2.6262638498966084
0.7,0.6,0.5,0.9,1.0,0.4,-0.6659055495988404,1.8390539812668552,1.6183333199191587,1.774279853815096,1.6800697102704574
0.8,0.9,0.3,0.2,0.2,0.3,1.8905791484327406,-0.6061730540593371,-0.9853523349914142,0.6987602048355545,0.10537996921629739
1.0,0.0,1.0,0.2,0.8,0.0,0.26025075846291446,0.7396700238317546,0.37460331299625393,0.7975499917419264,0.7430923153251943
0.7,0.2,0.3,0.3,0.7,1.0,0.25114321910316617,0.6609002290070786,0.6902230629027855,2.2811318268760417,2.159357890465138
0.1,0.7,0.1,0.9,0.6,0.4,0.22283836384331795,0.5346895379224591,0.41553462322924545,2.0800527632633927,1.7707818380623226
0.4,0.7,0.6,0.8,0.5,0.8,-1.4933867406799157,2.495161535309992,2.3308016909115055,2.8417202438630866,2.6018771664511666
0.9,0.3,0.8,0.1,0.1,0.4,0.197635750017894,0.717650362725209,0.6023717760060687,1.133524403670749,0.9708215533600659
1.0,0.3,0.6,0.1,0.2,0.6,0.5125188482022829,0.6468964447321206,0.6761223325957039,1.9613081925056859,1.6367204359793366
0.2,0.8,0.2,0.0,0.4,0.7,0.9585332019609841,-0.07572505970958718,-0.1735651367834813,0.7688768310474543,0.36832383902037874
0.6,0.2,1.0,0.2,1.0,0.0,-0.5089391989109373,1.5291549512067981,1.4605567882718298,0.14657936543448744,-0.03839235832190639
0.0,0.2,1.0,0.0,0.8,0.9,-1.0089526546748555,2.2244160444120222,2.0157164673374535,2.574195779720959,2.3255085878167767
0.5,0.0,0.0,0.5,0.7,0.5,0.6606488858427209,0.14166055984090437,0.032788834786312,2.28694919156744,2.1975614725915533
0.1,0.0,0.6,0.8,0.5,0.7,-0.6676802232715102,1.6505966955162912,1.5675187035370566,2.7825654041944485,2.393124401294207
0.7,0.9,0.4,0.9,0.0,1.0,0.4188201338147436,0.9251057003405173,0.7177460000501812,3.361193120863199,3.0748063260672476
0.7,0.8,0.4,1.0,0.7,1.0,-0.3596661250647259,1.2591312714963805,1.334090360224698,2.9144224767977778,2.687106094487912
0.8,0.8,0.2,0.4,0.5,0.5,0.9891021020009692,-0.1294499744102619,-0.08638777233748815,0.9208182889957295,0.5939508295012744
0.5,0.4,0.4,0.9,0.6,0.1,0.9592503920398335,0.18310465611091856,0.12966546921001512,0.5944466668907384,0.6900228676874705
0.7,0.8,1.0,0.4,0.5,0.4,-0.7472744024500668,1.7673798355629953,1.5258706304990461,0.7420224996060448,0.6148047500792057
0.9,0.2,0.0,0.7,0.7,0.9,0.16950681902147074,0.8351526884526137,0.8805131595639475,3.4494445951315287,3.3209971220595738
0.6,0.3,0.1,1.0,0.5,0.5,0.6218411130506326,0.41489721187601886,0.38065477445908513,1.3024963475013136,1.2040085232525242
0.0,0.5,0.7,0.8,0.7,0.1,-0.41546853232157827,1.454986913085147,1.5596105576769284,2.7177366500989195,2.530630824841626
0.6,0.4,0.5,0.0,0.7,0.0,0.9491183098496655,0.06153863305495566,-0.022588221855708742,1.1063233233534462,0.7749916977563097
0.2,0.7,1.0,0.5,0.5,0.2,-0.8280921667405028,1.9325346497392055,1.6937227558082462,0.7354985009686379,0.538256843643692
0.6,0.9,0.5,0.3,1.0,0.1,0.49975166033751006,0.5301738734756194,0.30583691080880826,1.2018361607179306,0.7577623715502397
0.1,0.8,0.9,0.9,0.9,0.8,-1.4819228098777666,2.564180058618143,2.385937217196757,1.9601840476152492,1.8604956807145703
0.1,0.2,0.1,0.5,0.5,1.0,0.574813660625312,0.6353113097749274,0.5269143556558418,3.0758610972924036,2.7627350728581583
0.0,0.7,0.0,0.5,0.8,1.0,-0.15188243207646157,1.1170566628809437,0.9358289797727792,3.8335071024255782,3.609190542140462
0.7,0.9,0.1,0.4,0.5,0.3,1.443040038662943,-0.38278226349892963,-0.5237764149927481,1.3525271286355183,1.427523890504156
0.2,0.0,0.3,0.4,0.3,1.0,0.6856915243649013,0.12318112750681079,0.03747834899253342,1.8140364006981686,1.312052417075174
0.9,1.0,0.6,0.3,0.8,0.9,-1.1155874777792452,1.9827744896566346,1.8952717535097987,3.8940649668810243,3.9102551849918847
0.6,1.0,0.4,0.3,0.7,0.6,-0.14212562912517127,0.8576703973571775,0.8973785055843571,1.9313385303689485,1.7317950987835304
0.0,0.0,0.9,0.8,0.2,0.2,-0.1287369300450814,1.0498306732932363,1.0894209956400218,1.0008482404324202,0.743071878845382
0.0,0.1,0.1,0.2,0.5,0.5,1.2180285256235641,0.003608693559027612,-0.034968108551100885,2.0946627921093253,1.6095981605018514
0.9,0.8,0.1,0.6,0.1,0.5,1.332960930199504,-0.2418078946235896,-0.44734785846211256,2.133158735130988,1.8312819803902973
0.9,0.8,0.2,0.9,0.9,0.9,0.29230500082121125,0.6875286355681348,0.5307858921252294,2.116472713865012,1.8584107152546203
0.2,0.2,1.0,0.5,0.3,0.2,-0.36979379663676315,1.380097532146091,1.3369152215303595,0.6023433960157599,0.302641267041731
0.4,0.5,0.1,0.8,0.2,0.9,0.4588151465196908,0.6237569068274278,0.5736392851487911,3.0283818654931935,2.678609640006036
1.0,0.9,0.2,0.0,0.7,0.1,2.082663693516914,-1.3146055271566348,-1.1922493033451305,0.8383512155922511,0.7222730880107447
0.6,0.0,0.1,0.4,0.1,0.4,1.477260918897774,-0.4339993387915249,-0.5749301008215543,1.9130429656534897,1.6465522566993245
0.5,0.9,0.1,0.6,0.3,0.0,1.5521861625871316,-0.6622860656254536,-0.6386639351474009,1.2708600134064736,1.0632943791362588
0.9,0.2,1.0,0.2,0.8,0.9,-1.0443739652583683,2.1247025487339277,2.288611591703946,2.515510374289483,2.3338934241337905
0.9,0.7,0.5,0.1,0.7,0.5,-0.10257782737693216,1.0901768708736554,0.848449827492304,1.8205983460794353,1.7763306876773388
0.0,1.0,0.8,0.2,0.1,0.9,-0.8595646861902877,1.7790970755102482,1.9757677493322765,3.424315790648736,3.1273343222425147
0.8,0.4,0.5,0.2,0.3,0.2,1.0249917857555282,-0.08624672978773118,-0.1601964376931193,0.7556570290821776,0.43286323015916855
0.3,0.6,0.2,0.3,0.6,1.0,0.0765982831005445,0.7825761194163262,0.809317302939769,2.6367476677048063,2.305977006852653
0.8,0.6,0.5,0.7,0.5,0.4,-0.4780967734602248,1.618066044933284,1.3898529871564351,1.8747632083864436,1.7909074932735716
0.5,0.4,0.2,0.4,0.8,0.1,1.7613254450875933,-0.507803021183915,-0.6693921903797599,0.6328898606239778,0.4330748274109545
0.0,0.6,0.1,0.7,0.4,0.8,0.0030774516389552257,0.9076103942326667,0.9635088746670606,2.6181200718141913,2.335751532018637
0.9,0.3,0.2,0.5,0.0,0.2,1.9453394005339868,-1.0415482348807723,-1.1017603626984338,1.0626244222960262,0.7238160944285409
1.0,0.7,0.2,0.4,0.1,0.2,1.511223000227732,-0.6289635700639263,-0.5385834919862169,0.761631345957243,0.6724378587833795
0.1,1.0,1.0,0.7,0.4,0.9,-1.5533278986903678,2.5734387831176164,2.4687469394881716,2.3598025661000865,2.504390082890633
0.6,0.9,0.5,1.0,0.0,0.3,0.331621172315525,0.8788997376411366,0.6316639766033203,2.5178930399840227,2.443803473618735
0.6,1.0,0.3,0.4,0.7,0.7,0.12219494129796767,0.8030672952436264,0.7613800629628187,2.159598514195677,1.890814907928517
0.9,0.0,0.3,0.5,0.8,0.1,1.5358776850596207,-0.47231371749147016,-0.5199436984266496,0.6576527565687589,0.5527410849297898
0.1,0.6,0.0,0.9,0.5,0.5,0.12138434476996117,1.0009147005748116,0.9937499793300811,2.4559768848459442,2.1430590490570807
0.3,0.1,0.8,0.5,1.0,0.6,-1.394641581441018,2.2558714489714355,2.2615205771562423,1.4988476392946024,1.3750971459950845
0.3,0.5,0.0,0.0,1.0,1.0,0.40025027048746853,0.7017867735019649,0.4281446193184105,2.8940141083641864,2.6511051238471754
1.0,0.6,0.4,0.6,0.5,1.0,-0.09171998258631346,1.1880141512493414,0.913145625213237,2.6056323240746853,2.351220092402743
0.5,0.2,0.3,1.0,0.2,0.1,0.9895041818172403,-0.10805728808222079,-0.0371567891094922,0.3969091982856248,0.2447056146412336
0.5,0.3,0.3,0.2,0.9,0.4,1.1763761906095644,-0.22985151727806657,-0.40143898291873964,0.04468906676675895,-0.01414242645157178
0.7,0.0,0.5,0.1,0.8,0.7,0.17326538508568118,0.9938703246919988,0.9215699277617477,2.113072957929837,2.1668981594493224
0.7,0.0,1.0,0.9,0.0,0.1,-0.15381550027310342,1.6380015638406045,1.275490964546319,1.5370968397919058,1.0374243649494708
0.9,0.7,0.1,1.0,0.7,0.2,0.6478218910670888,0.31499578611449186,0.13824059675457973,1.769162546219035,1.6668475009013113
0.3,0.8,0.6,0.2,0.2,0.4,0.14111377911585632,0.7358938717300427,0.6359040284864816,2.0403879553822675,1.6034177897251014
0.8,0.4,0.9,0.8,0.6,0.4,-0.688165996917351,1.7183275375231446,1.5308621683280046,0.9347767183055318,0.7733180108914516
0.2,0.7,0.1,0.3,0.2,0.7,0.6640477518804028,0.5177830456709852,0.4760970284545823,1.8961106148728242,1.8224509738510464
0.7,1.0,0.6,0.4,0.4,1.0,-1.1426631184027107,1.9670822411158386,1.8987720396856904,3.567849872328487,3.4397126081690135
0.3,0.3,0.2,0.9,0.5,0.8,0.47839043933581427,0.38961889802407174,0.37325638399636263,1.487740066927017,1.27326681375635
1.0,0.9,0.5,0.9,0.9,0.6,-0.12343248811485127,1.115046498310257,1.129256782847526,2.3839354617394894,2.5496348688122485
0.7,0.1,0.9,0.7,0.8,0.6,-1.3488703397556339,2.552960166093214,2.3083989318444207,1.883060481412,1.6872305710833382
0.8,0.2,0.3,0.0,0.5,1.0,0.5975897641798996,0.4377482331614122,0.22706328818847785,1.1946710547680244,1.1947171228488367
0.1,0.0,0.4,0.2,0.2,0.6,1.0220320977305517,0.002152349779561427,-0.07214667363034549,1.1997315345823367,0.8278922068904884
0.6,0.4,0.4,0.9,0.8,0.9,-0.09982280181521672,1.198314990433744,0.961044282333064,2.4624469513911422,2.1884320038901905
0.1,0.4,0.8,0.5,0.5,0.6,-0.6475563339322405,1.6208478797972539,1.6127800957563614,1.5783708127927605,1.2591296222173214
0.5,0.3,0.7,0.0,0.4,0.0,0.37607508420860397,0.5701422981424181,0.7483479634754533,0.27378875361374216,0.14368066423766115
0.8,0.6,0.0,1.0,0.9,0.4,-0.01916519844108148,0.9891832476321212,0.9253247985056834,2.4084270469205458,2.124044945605265
0.1,0.5,0.2,0.7,0.7,0.5,0.7597986844274218,0.3101914380096143,0.3818161671792428,1.971454011714541,1.7011299507079003
0.7,0.2,0.0,0.9,0.4,0.1,0.8738884428820164,0.11356261983871709,0.13244924024553606,1.3465462395143253,1.1001821717908344
0.6,0.7,0.3,0.6,0.5,0.7,-0.2615263280834768,1.066645621588098,0.9790099630314067,0.9968200869275065,0.6885564368326388
0.7,0.4,0.4,0.5,0.0,0.6,0.7176882434427798,0.21626630371324623,0.125708375722112,1.796444526453428,1.6980482865448137
0.6,0.0,0.0,0.1,0.6,0.0,1.6129842191846664,-0.7090692861000665,-0.6718730107354571,1.216680664044244,0.9539232395679286
0.1,0.3,0.3,0.1,1.0,0.3,1.5708894257324786,-0.6609679963185664,-0.7933163675250253,-0.3087866455457402,-0.46749943718467696
0.9,0.2,0.8,1.0,1.0,0.3,-0.7844162619462713,1.8824682516772302,1.8083338678161471,1.0098545024082846,0.9151769274657731
0.8,0.9,0.9,0.5,0.7,0.8,-1.156553375814188,2.2086352073791717,2.170507036255004,2.3314848760661775,2.105828393118931
0.0,0.6,1.0,0.9,0.8,0.7,-1.9644940853927269,3.223754899588596,2.779376800255948,2.7244543341098577,2.5848140319362103
0.8,1.0,0.1,0.8,0.8,0.2,1.050024150762383,0.10438748590576255,-0.05614367999481695,2.2161126016929096,2.1129551948107355
0.1,1.0,0.2,0.2,0.0,1.0,0.7130224522309011,0.2283293742809126,0.17382498594221274,3.2163766604774007,3.2445349733104294
0.4,0.1,0.9,0.5,0.9,0.9,-1.6530067411265041,2.6310296318612845,2.6544969966480316,2.1921485526485447,2.0968852078903755
1.0,1.0,0.2,0.7,0.8,0.9,0.2901178595212319,0.8291999830025052,0.34384639269532336,3.043873115946055,2.6091866574510982
1.0,0.8,0.8,0.0,0.8,0.7,-0.6012442825854984,1.6174698540457733,1.3766784976313275,1.654302112413554,1.536738352633759
0.0,0.8,0.7,1.0,0.7,0.0,-0.5129682562470755,1.4669956191263345,1.3895122820822163,2.3739122076380905,2.1402937349472477
0.0,0.4,0.8,0.8,0.3,0.6,-0.6424589396760085,1.6347476385654263,1.6702367845838229,1.5772926328332695,1.4275357911936373
0.8,0.6,1.0,0.8,0.6,0.2,-1.353784372916957,2.255012224640923,2.0028397030062077,1.316276322789959,1.221515291378938
0.5,0.8,0.5,0.1,0.9,0.6,0.050858558273864846,1.079594298537436,1.2180823349439591,1.5213330184787914,1.3556758820955157
0.1,0.5,0.2,0.9,0.3,0.6,0.5471432290956266,0.4176874378967085,0.22734399604640426,1.633820669837793,1.1244139655168486
0.0,0.1,0.7,0.3,0.7,0.6,-1.1390496674086246,1.8873079462484834,1.8478980063435568,3.073070825423038,2.722236146020228
0.7,0.1,0.0,0.3,0.6,0.2,1.0152158793498849,0.1546225094350055,-0.32197349781586837,1.8612795791207186,1.773049649723702
1.0,0.7,0.1,0.4,0.8,0.5,0.6990381533575927,0.255040894287211,0.03625824076847785,1.951235405757152,1.6345691723422437
0.5,0.1,0.1,0.8,0.5,0.1,1.001966885391509,-0.04829472384280303,-0.03873085848551721,1.4402639088388365,1.1238978475039145
0.2,0.5,0.8,0.7,0.9,0.3,-0.7903184096407143,1.7128898115131568,1.793138353106015,1.6289603489116908,1.4065713558490816
0.2,0.7,0.5,1.0,0.4,0.5,-0.7350048573423393,1.5645652415140365,1.4925779190753845,1.7234218304554159,1.313619421551918
0.7,0.1,0.5,0.3,0.6,1.0,-0.6190860823712248,1.6949490293820537,1.5938776879493095,3.3200172460967203,3.2444309490550007
0.8,0.2,0.5,0.0,0.9,0.5,-0.00674801169448587,0.8984037860092442,0.9427417567047828,1.495915524506616,1.1169389825133047
0.7,0.5,0.0,1.0,0.5,0.4,0.4631933109467453,0.6072421247285839,0.503224455592171,2.022419524593924,1.8269033255603528
0.8,0.9,0.0,0.7,0.5,0.3,1.2995741126191613,-0.21463499567631134,-0.2729710637885307,1.9650341457378304,1.6380446934019819
0.5,0.9,1.0,0.1,0.5,0.9,-0.8443100010276963,1.891962293559304,1.9868160942812556,2.058374607481725,1.934084721248776
0.4,0.1,0.9,0.8,0.4,0.5,-1.1796509911020698,2.083238490412841,2.330694402485494,1.181364779173744,0.7625932215290467
0.4,0.2,1.0,0.0,0.5,1.0,-1.1648887016483942,2.06833119516697,2.0473429949612365,1.9361796891549674,1.9433052623742375
0.7,0.5,1.0,0.0,0.7,0.1,-0.5335644311344437,1.5660581944128547,1.293311948393391,0.8955820110342759,0.7895193827561798
0.4,0.5,0.5,0.8,0.4,0.3,0.059525074780326204,0.7428065242843183,0.7336844939321515,1.495965760471081,1.37964368328801
0.3,0.1,0.5,0.8,0.0,0.9,-0.6054554057678432,1.4729725094842252,1.3458803604666367,3.6185208244513243,3.479862620724698
0.2,0.8,0.0,0.9,0.7,0.7,0.2225783288989131,0.8889748837406807,0.8623105140782507,3.114782045670793,2.8561838593705087
1.0,0.8,0.0,0.3,0.6,0.9,0.7811440974383912,0.26345657513494536,0.16363585890007348,2.915107417543621,2.6597094482199792
0.5,0.0,0.8,0.3,0.1,1.0,-0.7519321537450593,1.7871732676378347,1.57400768450215,2.8978938909354897,2.5766522109107313
0.2,0.6,0.9,0.3,0.5,0.8,-1.5709770387715893,2.506090221551754,2.60942281438237,1.6274304575739311,1.4346340305149319
0.2,0.6,0.4,0.8,1.0,0.0,0.41513829002669267,0.8225588298396198,0.6087003827649098,0.9117448278344474,0.40234291229072794
0.1,0.9,0.0,0.2,0.0,0.2,1.812833047200339,-0.76756380810728,-0.9489745986462429,2.4663571967220834,2.005391773589764
0.0,0.3,0.4,0.7,0.0,0.3,1.3866764737263757,-0.38232168847570214,-0.5590651002334841,1.6669777264944448,1.2361681356575542
0.6,0.4,0.5,0.2,0.2,0.5,0.6265429374574684,0.5704810432162999,0.38559935999454076,1.3486562692828008,1.3098957704988157
1.0,0.7,0.8,0.9,0.6,0.0,-0.7047547748534366,1.4571248874069016,1.3832789462269526,1.0790597977307381,0.9105334499526045
0.9,0.2,0.8,0.3,0.6,0.1,-0.19059379839132928,1.2271145444894416,1.1910009090670481,0.9107587743466,0.7926953059990364
0.5,0.2,0.0,0.7,1.0,0.1,0.830476336590116,0.11966918375603502,0.274164351443046,1.3897890335045568,1.191113922277778
0.6,0.1,0.4,0.9,0.6,0.8,-0.697960959502018,1.5659060692764708,1.1003826755510544,2.120973075163928,2.131201207660843
0.4,0.3,0.5,0.5,0.8,0.9,-0.28855614098192617,1.3088259331213201,1.2750115822598604,2.854296461592893,2.6200268371212334
1.0,0.6,0.0,0.5,0.3,0.7,0.4846604650180047,0.6543744229735861,0.6725743388086415,2.285962028336048,2.291549855170926
1.0,0.5,0.0,0.9,0.2,0.6,0.6994860838427386,0.4080593278622143,0.35607939080098366,2.5378103116336606,2.4506141539927557
0.4,0.8,0.3,0.7,0.6,0.4,1.1213333764826634,0.04399417765924001,0.040762813175490215,0.7724886895314512,0.5851890446975858
0.7,0.3,0.1,0.8,0.5,0.7,0.5456998436912843,0.5248461364558995,0.4302553642439647,1.8733730675765912,1.4937425369014905
0.0,0.5,1.0,0.3,0.4,0.9,-1.0994390147204294,2.0570308809429596,2.148101268972264,2.243032603150268,1.9556101937999175
0.9,0.9,0.9,1.0,0.4,0.5,-0.7429605361703091,1.7058742255561556,1.3618538291672775,1.2496506873589728,0.8566049007148893
0.5,0.9,1.0,1.0,0.8,0.9,-1.6338143185157599,2.521689849652029,2.741336270936461,3.0215736250517438,2.791167077769524
0.7,0.0,0.5,0.3,0.5,0.9,-0.19979542143570866,1.1890014500537476,0.9048616864661931,2.3266793535099466,2.2782506478758195
0.9,0.9,0.4,0.0,0.0,1.0,0.6883743634211459,0.0868452037084955,-0.1976251591292989,2.6921196303467827,2.557447582435823
0.7,0.5,0.8,0.2,1.0,0.9,-1.413533089248986,2.3622379400507576,2.2676257926065486,2.031026804023506,1.8542515597257934
0.3,0.9,0.4,0.9,0.0,0.4,0.8372090278175277,-0.07366925568598201,-0.10531946956400662,2.0747627807556883,1.8518991374185259
0.8,0.9,0.9,0.2,0.7,0.9,-0.9940378161350091,2.1003530977522216,2.0229642144138644,2.3924100614599038,2.138160271233418
1.0,0.4,0.2,0.5,0.4,0.9,1.1952498519800934,-0.24668722115872357,-0.272651261753326,1.422877887686076,1.1891039306452742
0.9,0.9,0.8,0.0,0.1,0.8,-0.39177850084946164,1.3278971429119124,1.2329940862384392,2.221213856902456,2.1300238225256805
1.0,0.9,0.2,0.9,0.7,0.1,1.715093505672547,-0.7349082746068416,-0.7862787424989163,1.4925677340629928,1.3273150305236556
0.3,0.0,0.1,0.8,0.3,0.8,0.7282711260661738,0.2459596620621616,-0.08915082808310498,2.218601055028214,1.984778563066925
0.1,0.7,0.5,0.3,0.1,0.5,0.12598550103428813,0.8859224712683302,0.6846257105846769,2.2142593707546396,1.752408311484958
0.8,0.8,0.8,0.4,0.3,0.8,-0.9937992323682789,1.9258797036252018,1.9844751556995663,1.7857025909701034,1.5620001893836202
0.5,0.4,0.8,1.0,0.3,0.9,-1.2457384180691387,2.1629715768129683,2.3594029440649353,2.1359558570441934,1.9489402244446787
0.0,0.5,0.4,0.6,0.5,0.8,-0.0038152642822808364,0.8936360120734967,0.8381154221820576,2.14024674167798,1.848252384818982
0.7,0.7,0.5,0.1,1.0,0.9,-0.7955741217502137,1.739681641326876,1.7308931919423123,1.9742160160117224,1.7256098291969018
0.1,0.0,0.6,0.6,0.1,0.9,-0.40371772067911504,1.3769741803470228,1.2868550785325394,3.8368685074164692,3.5816901779548456
0.0,0.4,0.1,0.9,0.8,0.3,1.3848727634655522,-0.0834974324905389,-0.16357791457123733,2.1051105609873586,1.9074831938949532
1.0,0.9,1.0,0.5,0.2,0.6,-0.4292277789254351,1.3318305233151337,1.3306819076143503,1.7126321905595527,1.4111752613106652
0.5,0.1,0.1,0.3,0.4,0.3,1.3031348606832296,-0.17494784471259556,-0.30950541994816877,1.1810352342900714,1.1137332817867696
0.1,0.0,0.0,0.0,0.7,0.8,0.9316635648238417,0.07772093002421393,0.18853520723629416,2.670151336212643,2.2760460254636925
0.6,0.6,0.4,0.2,0.0,0.8,-0.2140454424002055,1.3552060070690706,0.7520298634658994,2.3002282944048664,2.05196714568686
0.5,0.5,0.6,0.0,0.3,0.8,-0.7702032744112591,1.8534677135348414,1.7250809758656127,2.505440900605885,2.341564896177083
0.7,0.6,1.0,0.2,1.0,0.5,-1.446935568720696,2.6418904241606294,2.4179856244194804,0.9708223857490978,0.7875399047320369
1.0,0.6,0.4,0.7,0.2,0.1,0.7494889222386777,0.07508713543813567,0.09361725900681193,0.8242922674465446,0.8153513965166425
0.7,0.6,0.8,1.0,0.2,0.5,-1.6146777207126886,2.612915540847691,2.4140647446594974,1.613929747534402,1.683412582288064
0.6,0.1,0.0,0.4,0.3,0.3,0.7815915842787271,0.19573823744776753,-0.1667067242356517,1.7632571634511598,1.370592369415096
0.0,0.9,0.5,0.0,0.7,0.5,0.7238400282671106,0.45354435165464374,0.34054124105236305,2.5351821664836374,2.2231688656798614
0.2,0.7,0.4,0.1,0.2,0.6,0.43213409552251597,0.6113434177848347,0.27306810813651894,0.8906690111726102,0.7548144196455556
0.7,0.0,0.0,0.9,0.9,0.2,0.9511928693493379,0.057841755990760815,-0.14659059131371116,1.6109349454919717,1.6493607468270128
0.1,0.8,0.3,1.0,0.6,0.0,1.1493955294441713,-0.016227183096749434,-0.1763414300957465,0.42661588466004574,0.6128612988704532
0.8,1.0,0.6,0.2,0.6,0.2,0.09230474220631357,0.8512171251741206,1.1743533736961667,2.3774570006374134,2.1945359335171304
0.9,0.3,0.1,0.6,0.1,0.1,1.9208873587234325,-0.8863577274826984,-1.1374221059626541,1.3903486538316259,1.1559497078581191
0.2,0.3,0.7,0.0,0.0,0.7,-0.21805346034726442,1.4938377554305897,1.1502634373044787,2.6371596309090664,2.1958303262446415
0.4,0.1,0.8,1.0,0.4,0.9,-1.5205684163179252,2.626671009393899,2.6800247470459433,2.4878915923469305,2.195919346881479
0.0,0.9,0.6,0.1,0.4,0.3,0.4265157624726752,0.7045719164030436,0.596223691912466,2.0060600837165525,1.8758316861332702
0.7,0.8,0.8,0.4,0.6,0.5,-1.0194069440706426,2.0382597131470757,1.8045519982919906,1.5826734150185466,1.3324148476158146
0.6,0.5,0.1,0.9,0.3,0.0,1.0605850358376248,0.12109742096669246,-0.26630987921708493,1.3252778068413433,0.9470158169343941
0.2,1.0,0.5,0.6,1.0,0.8,-0.6070295813989053,1.6794724541293071,1.4308906642498442,2.9760432647168735,2.6232132532063996
0.1,0.8,0.7,1.0,0.7,0.3,-0.7064929909897294,1.7851064469104163,1.506218563215848,2.6658670987425355,2.127494748326582
0.5,1.0,0.4,0.6,0.5,0.1,0.6857169409106737,0.1276830309583535,0.19348331759056633,1.1068531279957505,0.7950614134811113
1.0,0.9,0.6,0.6,0.3,0.8,-0.2517547655519717,1.3322135700819686,1.117451171043046,2.9982681206548847,2.868228484703289
0.2,0.2,1.0,0.7,0.4,0.2,-0.7206033644588679,1.844374364262646,1.632946115366409,0.7383650586994995,0.7131229868223996
0.3,0.1,0.3,0.7,1.0,0.6,0.23198930580502794,0.8870128810372767,0.7083853684129805,0.929723022918921,0.7898715649054253
0.8,0.0,0.0,0.6,0.2,0.5,1.262950459973214,-0.2211633188937796,-0.06725614099888608,2.1025185482154045,1.8469937025322458
0.7,1.0,0.8,0.5,0.2,0.5,-0.9427384729881803,1.758928296817062,1.7269829150596816,2.0385456206540074,1.715919503523567
0.9,0.6,0.8,0.4,0.8,0.5,-1.1728028733412217,2.3577712047211183,2.226967755351293,1.8523895889137638,1.9565666638713068
0.6,0.9,0.8,0.6,0.8,0.8,-1.4311228535462404,2.4748507878019557,2.2604442358574124,2.776090594773003,2.7863791250866985
0.2,0.7,0.6,0.0,0.5,0.4,-0.4181881024705627,1.4546556131930486,1.2680809589808397,1.7382508927542668,1.4632165429586133
0.6,0.6,1.0,0.1,0.4,0.9,-1.778964231212968,2.7071384926884607,2.6821796386698806,1.6332900805599082,1.5861391308612514
0.4,0.2,0.6,0.2,0.0,0.2,0.09902030424564406,0.8689389398061611,0.7404430776943421,2.3562670876227525,2.1104300487249263
0.1,0.3,0.3,0.4,0.8,0.0,1.449491674797884,-0.5880506283492773,-0.7380958065574462,0.24781047395707156,0.10522449377342283
0.4,1.0,0.7,0.3,0.4,1.0,-1.196747501635396,2.101426938787754,2.0476367907309307,3.380745648161774,3.0805951344650593
0.5,0.0,1.0,0.0,1.0,0.8,-0.8386347068216607,1.9682759493417235,1.7338022251137406,1.0528698343458607,1.023546806596646
0.3,0.1,0.7,0.5,0.4,0.6,-1.1016573262886789,2.0391769667430366,1.8193073929476564,2.116455403127583,2.009794653725812
0.4,0.5,0.4,0.6,0.1,1.0,0.03682068160804915,0.8338868391760358,0.7013219186070057,3.123061968409932,2.8397510222770075
0.2,1.0,0.0,0.0,0.3,0.3,1.504656778345729,-0.4931751189903375,-0.7402688716729514,1.5974707172422016,1.2701150865155133
0.7,0.1,0.3,0.4,0.2,0.2,1.3517281273429227,-0.19225000355856753,-0.3468328643716204,0.552737242440141,0.21488220388765386
0.7,0.5,0.2,0.9,1.0,0.6,0.24353795395438005,1.0250216539303654,0.8710414934751883,1.5063105975758053,1.1717596765440301
1.0,0.1,0.3,0.0,1.0,0.3,1.7059310418389046,-0.8590494303670144,-0.8006110138918688,0.01522054261578809,-0.23667747190519905
0.5,0.2,0.4,0.5,0.0,1.0,0.2661161409308668,0.6999546649429097,0.5625217132662975,2.870666607249303,2.7560431252668756
0.1,0.5,0.2,0.2,0.5,0.2,1.6715469514950128,-0.3973240479559129,-0.5611026385295351,0.8794274028284524,0.5740456780999813
0.9,0.1,0.6,0.7,0.2,0.1,-0.009167779197584484,1.1262836935376337,0.8518066962164864,2.213882452169685,2.0633285728819537
0.2,0.1,0.6,0.4,0.6,0.8,-0.987239994064395,1.9908720426588666,1.9572062996076027,3.3235550226693316,2.9896520779915092
0.6,0.3,0.9,0.9,0.0,0.9,-1.265032778368665,2.2445416814089816,2.1543113575396013,2.398024475239968,2.198971002104164
1.0,0.4,0.1,1.0,0.9,0.6,0.8013534162079917,0.07133564974884618,0.1104197857088046,2.0018476959702753,1.827319389688142
1.0,0.6,0.4,0.8,0.4,0.9,-0.12071515084089049,1.238007662532795,1.0386669343863468,1.9603746530825135,1.8725418527860647
0.7,0.3,0.0,0.0,0.2,0.2,1.8050480150082717,-0.8704497533025543,-0.8285940484575424,0.8046531690478202,0.7410796191837018
0.8,0.3,0.1,0.6,1.0,0.8,0.5610680850715373,0.5809967550705827,0.16610752651161054,1.8741213850994627,1.7567542590545497
0.0,0.4,0.7,0.7,0.7,0.5,-0.6703240827459319,1.6971609533785843,1.431415970441059,2.8321972494003,2.7435782920862404
0.3,0.4,0.4,0.0,0.6,0.0,1.541551609479461,-0.7650650734876652,-0.7218105872031041,-0.022834945031707438,-0.042434270094906267
0.9,0.4,0.8,0.5,0.5,0.5,-0.25740300938129335,1.352237019281176,1.2456859418541875,1.0263274391063726,0.8777947655655312
0.7,0.1,0.0,0.3,1.0,0.9,0.13601576944530805,0.6780101498145429,0.8394886333867606,2.6607105054896043,2.5220829709957506
0.2,0.7,0.1,0.5,0.9,0.0,0.9240494155269846,-0.021518383406994385,0.017534639416862438,1.0668365006917297,1.0506404270252059
0.2,0.6,0.9,0.2,0.9,0.6,-1.3591945806994008,2.6738201577807894,2.4199214058932204,1.1761940727533473,1.3621585782777643
0.6,0.4,0.9,1.0,0.0,0.2,-0.4648691340963123,1.333286803810676,1.3331660255531694,1.2413741037359651,1.0758021681334122
0.8,0.5,0.6,0.2,0.6,0.8,-0.8388550762885351,1.7764828528345342,1.8331805667545737,3.2276871401244853,2.8400253279432457
0.0,0.3,0.7,0.3,0.1,0.4,0.057014248134288514,0.8816098536786882,0.7039617459534581,2.289230242843344,1.9918772768335835
0.1,0.1,0.7,0.9,0.7,0.2,-0.6324037287729283,1.7795583175078131,1.7248908402788834,2.6458030289246754,2.3805659264942025
0.4,0.0,0.4,0.7,0.0,0.7,0.528657103328496,0.452037428947948,0.21524135518165888,2.069619947728967,1.8607528358201202
0.5,1.0,0.8,1.0,0.9,0.9,-1.9955470770789407,2.7755553469630274,2.90780199655106,2.9936765408931105,2.8742915378837184
0.7,0.7,0.8,0.7,0.6,0.5,-1.5306841171677361,2.5120269052677693,2.489812372366059,1.6147594932010618,1.3594063462307027
0.7,0.5,1.0,0.0,0.1,0.2,-0.13786539059895847,1.2106723755138158,1.104139290517054,1.1636971178099866,0.806480520031363
0.1,0.0,0.0,0.4,0.9,0.5,0.9009383283218706,0.04255743040940502,-0.12252569922402119,2.161989797767326,1.9402144998977529
0.4,0.4,0.3,0.8,0.1,0.9,0.737434805501579,0.3307731799699874,0.18430617588420645,1.9707246129501836,1.797492619212239
0.0,0.0,1.0,1.0,0.5,0.3,-0.7422852654209497,1.4921082040568934,1.4045887843622669,1.1291704980886756,1.0724728018424505
0.1,0.1,0.5,0.6,0.9,0.2,0.0010198847404963296,0.9179868430504718,0.6331169486310215,2.025181937618067,1.6748994171527785
0.6,0.6,0.9,0.6,0.2,0.4,-1.1285410221929797,2.1887575327307194,1.9973303502462507,1.1581113048709153,0.9394586947321424
0.2,1.0,0.7,0.8,0.0,0.0,-0.2682673582247499,1.3404272896016873,1.0735443013307508,2.8720113267638205,2.5593992472324905
0.9,0.3,0.9,0.6,0.3,0.7,-0.5331433284689351,1.8282782655594008,1.6361522704632412,0.9780620188734753,0.3867284302027335
0.2,0.2,0.2,0.0,0.6,0.3,1.468394336427709,-0.5699974589251205,-0.6382154789861789,0.7406414881100922,0.48000533472528417
0.3,0.4,0.4,0.6,0.1,0.4,1.004819699182272,-0.2117550597048448,-0.30468824765630104,1.1255334249529303,0.9988891318070606
0.5,0.2,1.0,0.9,0.2,0.1,-0.7400961847297554,1.8268123906553104,1.672677520831875,1.2207880446811816,0.7237868598525901
0.2,0.0,0.2,0.9,0.7,1.0,0.2877417768862448,0.39508576842314547,0.6180230990879396,3.0559875944612243,2.6135540149658616
0.9,0.8,0.0,0.1,0.8,0.7,0.5962889863601537,0.15334728356862104,0.08684675396893124,2.43964726736742,2.0957936930499526
0.7,0.7,0.5,0.3,0.7,0.9,-0.8970902981763372,1.8153787090498426,1.6958754030765517,3.1220242684389428,2.7171392953279287
0.8,1.0,1.0,0.6,1.0,0.5,-1.273674831766316,2.20410504991445,2.1565170091250305,1.4075634351135828,1.3294737658959226
0.6,0.0,0.5,0.3,0.5,0.5,0.1776258012570497,0.6258348734477287,0.9434836227896897,1.3412446116233487,1.232675949527603
0.6,0.4,0.8,0.4,0.3,1.0,-0.831942306647106,1.9830690911243039,1.7739721928472172,2.2200482967403943,2.04993128064599
0.1,0.0,0.8,0.5,0.2,0.6,-0.5512553347044866,1.6778123891452996,1.5028569818689155,1.649839982936012,1.6259428147904296
0.1,0.9,0.3,0.2,0.3,0.4,1.7052631472389004,-0.6248635832302541,-0.632037107439072,0.46773432225042566,0.313214532601038
1.0,0.8,0.8,0.4,0.6,0.1,0.11745351968523048,0.9146669814220829,1.0845440177368284,0.9999187433244523,0.6927720393337583
0.0,0.8,0.9,0.6,0.8,0.2,-0.47498475879657814,1.463305839565625,1.3397160626541702,1.27330835649237,1.1661579183686601
0.5,0.0,0.7,1.0,1.0,0.7,-1.2639697391487537,2.38157549331698,2.0511687257179583,2.4655734155448723,2.178313852841819
0.7,0.4,0.1,0.8,0.7,0.2,1.4333556434297186,-0.25650099690620976,-0.2443042056089669,1.6239942603397064,1.4439496170366224
0.6,1.0,0.1,0.7,0.1,0.1,1.2731920253211446,-0.16180146587367708,-0.3230541120638662,2.2048116864917433,1.8463756647879073
0.2,0.3,0.7,1.0,0.4,1.0,-0.9972980035103959,2.0474275057421965,2.135793453132535,2.918949861343672,2.8898488770102246
0.9,0.6,0.5,0.1,0.1,0.7,-0.28912789155375757,1.305186355431971,0.9469904984271669,2.463797384250947,2.2966887870944888
0.2,0.3,0.3,0.5,0.3,0.5,1.3254920312857021,-0.16460398772256812,-0.48664311165809404,0.14647609008293722,0.16831072925666246
0.0,0.4,0.8,1.0,0.1,0.2,-0.2603996042299688,1.1116619182509857,0.9714126241777378,1.638580725985805,1.4957829051939004
0.9,0.3,0.9,0.4,0.1,0.8,-0.5522636295364888,1.8270420609218647,1.5408940427709212,1.839648970242817,1.5481540335669803
0.8,0.8,1.0,0.6,1.0,0.7,-1.2881276052547896,2.4450643371014347,2.2364399676107034,1.3897451729309536,1.1043069711348952
1.0,0.4,0.8,0.2,0.3,0.1,0.6465868364410692,0.4932306371301458,0.46615668563724544,0.28682063604361374,0.15105725010842652
1.0,0.0,0.6,0.5,1.0,0.9,-0.5372654947933052,1.5263819031391257,1.2288917841264257,2.9297884377915193,2.773082248414836
0.7,0.8,0.6,0.9,0.7,0.6,-1.098923976215211,2.3522915110916243,1.977227254967538,2.8986643256567453,2.828628575191722
0.4,0.9,0.2,0.9,0.1,0.5,1.1765418580224771,-0.10432340999202828,-0.30465708271546027,1.7437405427627668,1.6392598334147743
0.9,0.9,1.0,0.3,0.1,0.3,0.14663195647436691,0.9257685991020745,0.9266395909389489,1.535643738248953,1.3717315024976686
0.7,0.8,0.6,0.0,0.6,0.7,-0.5904221076386881,1.7217527968347268,1.6242967230204866,2.322148526542902,1.97766868994595
0.5,0.4,1.0,0.3,1.0,0.8,-1.0975259737472616,1.980870233070744,2.052039200951711,1.4438528046448895,1.2269522374362103
0.2,0.6,0.5,0.5,0.6,0.6,-0.7741424600829867,1.8256737097122948,1.7258288406585893,2.5180858980245118,2.341158691694833
0.4,0.1,0.0,0.3,0.1,0.3,1.3802122461676174,-0.24773219853768097,-0.39849481391639213,2.2542068018034565,1.9472312215973757
0.3,1.0,0.3,0.8,0.3,0.4,0.7656825356710673,0.270543928328288,-0.010496778394954775,0.756360545681309,0.7681003796532229
0.1,0.6,0.3,0.5,0.6,0.4,0.5525614701700963,0.45846564361101133,0.3612358184449948,1.4854022039005346,1.0158920718493063
0.1,0.3,0.5,0.0,0.1,0.9,0.4116478090769671,0.4712387796650212,0.43999827079240084,2.6068712822586835,2.3729202192113865
0.0,0.3,0.1,0.1,0.9,0.3,1.6509236857115273,-0.7944856186618827,-0.9636727534308556,1.062010267553675,1.14936968344863
0.3,0.4,0.1,0.8,0.5,0.1,1.4364591459746126,-0.4455463132287809,-0.5271424661953613,1.140703027349388,1.0547772787510303
0.3,0.6,0.8,0.2,0.4,1.0,-1.4229610092767668,2.5008567993052644,2.529807751863184,2.4023830979335603,2.1450657300147706
0.8,0.7,0.8,1.0,0.2,0.8,-1.8683472047706287,2.6884536653946225,2.6982166204815474,2.353825645051743,1.944222310979763
0.4,0.5,0.6,1.0,0.3,0.1,-0.48385489373493995,1.282126928668791,1.1553120709858204,1.9973592992877998,1.7437267700123358
0.2,0.8,0.7,0.7,0.5,0.5,-0.7593581203745401,1.8165747156333392,1.8222318594586981,2.038418209507215,1.8742921997041377
0.5,0.2,0.4,0.4,0.6,0.1,0.8049664460610044,0.061756244278010755,0.10345864150481056,0.7756694398497267,0.5196155198920643
0.5,0.7,0.7,0.5,0.8,0.8,-1.6601016910840816,2.634196576862918,2.651977621910701,3.0502158384082523,2.882828257089467
0.7,1.0,0.6,0.9,0.0,0.4,-0.5984858501155357,1.6003368190766591,1.3994765433823588,3.2695621882245396,3.0533181215484855
0.6,0.1,0.5,0.3,0.5,0.5,-0.10988726174686697,1.1344613087429618,1.0472298086687872,1.7866097640992022,1.5240522216692454
0.0,1.0,0.1,1.0,0.8,0.1,0.8028958756706325,-0.05332029379443304,0.12129405677371045,2.621744885949095,2.394880557094825
0.7,0.7,0.3,0.2,0.8,0.5,0.4934237604460583,0.6124261364500885,0.5716656968647739,0.832924635337332,0.5913237283076251
0.7,0.1,0.9,0.3,0.1,0.6,-0.8840799564083867,1.912997184974907,1.8197313648780624,1.6017913806688149,1.5187596138968158
0.8,0.1,0.7,0.5,0.4,0.2,-0.320545281505201,1.483166268667318,1.390643343786472,1.5678409338166903,1.2850040067506487
0.0,0.3,0.6,0.8,1.0,0.6,-0.7358396668820919,1.7440384926992283,1.565422019863037,2.574063041887746,2.100817074442862
0.0,1.0,0.3,0.4,0.4,0.4,1.0301330494870675,-0.22806691105143428,-0.31650394808070387,0.9910379663633524,0.8085850149954346
0.6,0.9,0.2,0.0,0.6,1.0,0.9042685294262328,0.2591136652510524,-0.014566224383348314,2.460493078952565,2.085329670295379
0.0,0.9,0.9,0.4,0.6,0.2,-0.04899798111004201,1.0754671777339975,0.8377913388803215,1.3928547418701722,1.300090531042845
0.0,0.2,0.6,0.5,0.5,0.2,-0.04969015521455797,1.0611427605542807,1.0077217779648988,2.2593492652234524,1.8798078925872799
0.0,0.6,1.0,1.0,0.3,0.4,-1.288351525613423,2.455303952428801,2.0981435704790363,1.6023783643874634,1.3547198614713305
0.0,0.8,0.3,0.8,0.3,0.3,1.3268093554432727,-0.1243491288041843,-0.413601157901721,0.5277689908577525,0.2598556039588986
0.5,0.8,1.0,0.7,0.2,1.0,-1.4914241464185847,2.4258039358894603,2.4303545239791635,2.4314712156044767,2.4269309359383655
0.0,1.0,0.3,0.3,0.8,0.7,0.37293391053211095,0.674292098816162,0.21717070957031304,2.196785024612162,2.093570099187329
0.1,0.3,0.3,0.3,0.3,0.7,1.0864097947293194,-0.06143662525371113,-0.10411623273481414,0.40868188415562257,0.4316291016205454
0.9,0.3,0.5,0.6,0.2,0.6,0.23127788294769727,0.8244618751845072,0.692486178476555,1.642357384013716,1.5562324235842029
0.1,0.2,0.3,0.6,0.3,0.8,0.6604589042558167,0.6335854243070821,0.4775916093973034,1.3940073587168953,1.2348418380627628
0.5,0.1,0.8,0.9,0.9,0.7,-1.7542854521760953,2.862269381292311,2.6897833213697,2.1269341095190435,1.9698138738496516
0.3,0.1,0.6,1.0,0.2,0.5,-0.571181572224209,1.7908539288194025,1.6929295089539316,2.6019420547964978,2.6616839890333472
1.0,0.8,0.0,0.6,0.1,0.9,0.8674897618693843,0.08605818812019893,0.034007560046855824,3.394893874186991,3.102857704054539
0.1,0.2,1.0,0.5,0.9,0.4,-0.8998110268151365,1.9522203177752238,1.8215442004287048,1.441211473193599,1.2334836813346375
0.8,0.3,0.8,0.9,0.1,0.2,-0.12580262709177037,1.3189386327637223,1.2547131988147968,1.180263667153435,1.136218695782247
0.7,0.8,0.6,0.9,0.3,0.9,-1.2843880760467525,2.1013386224729795,1.9802253202906823,3.081106674550173,2.87899832262709
0.9,0.1,0.8,1.0,0.9,0.2,-1.0788986341945925,1.974531792400413,1.7254255396331812,1.6021602659081584,1.1557449317642614
0.8,1.0,0.7,0.1,0.1,0.0,0.03117855785485396,0.7000026981245693,0.8669957086400398,1.7361909769213335,1.8238842790056529
0.9,0.9,0.7,0.8,0.3,0.4,-0.30341330904100206,1.0818907000249494,1.0937450352690827,1.870540390006596,1.8895301171423105
0.5,0.5,0.4,1.0,0.4,0.1,0.45049288809753696,0.42414372438507203,0.347163344311471,0.6413706068052335,0.5001843845885848
0.8,0.6,0.4,1.0,0.2,0.4,0.07224600296319472,0.9714580278801144,0.7932683912502646,1.4339019031353037,1.2197338587006148
0.7,0.2,0.4,0.3,0.8,0.5,0.35235052282881546,0.4421446415289445,0.4139901774141765,1.3380761088611657,1.246047505966256
0.6,0.2,0.7,0.6,0.2,0.1,-0.39978310736398837,1.4372738460620726,1.3482112706175082,1.67932459394831,1.4582533978452095
0.7,0.9,0.4,0.1,0.7,0.7,0.45511832030836213,0.38199554448431394,0.2106340492879566,1.9974410967716618,1.6039289493438371
0.1,0.5,1.0,0.0,0.1,0.5,-0.3687817340592069,1.5066746031602294,1.400850511802027,1.6490163005840552,1.4712558398073732
1.0,0.5,0.9,0.2,1.0,0.5,-0.6633323147457556,1.6605710202939026,1.4078143482682153,0.7053638708108765,0.6531500049015514
0.3,0.0,0.9,0.1,0.2,0.5,-0.18887867393310578,1.1221111618797923,1.113290813953333,0.7909609634322396,0.353700135451801
0.5,0.5,0.4,0.0,0.8,0.6,0.3515178181270189,0.4658261387847319,0.6449416287463938,1.4176961558155847,1.2354892052894388
1.0,0.9,0.6,0.9,0.8,0.9,-0.7863536089250799,1.824779094759228,1.7517624444981805,3.9449740128489497,3.910185661749364
0.6,0.6,0.2,0.4,0.2,0.2,1.133165063240774,0.08663629550935942,-0.10978385795877629,0.8760798617879635,0.6064663508090713
0.7,1.0,0.2,0.0,0.5,0.7,0.738039883263357,0.24299613240648033,0.2885454320834499,1.3704437867648505,1.1713495081621021
0.8,0.5,0.2,0.2,0.5,0.0,1.6415525999921365,-0.5554423888483684,-0.698591055318598,0.24712599253387071,0.15433628428511648
0.5,0.8,0.9,0.8,0.6,0.5,-1.2426540147378424,2.1229751650608613,2.0568769692871562,1.319755969415266,1.0791654939593789
1.0,0.3,0.1,0.4,0.3,0.4,1.9549016891237714,-0.9188574193214915,-0.9607586468599284,1.0067942052236842,0.8024192518976643
0.3,0.7,0.0,0.8,0.2,0.5,0.433916204142035,0.577774643150501,0.418659528605631,2.0925457593242647,1.8690918500600406
0.5,0.7,0.9,0.7,0.2,0.4,-0.9123425741438564,1.9643711476388528,2.0274945785756113,0.8020714442460587,0.7853221243449335
0.8,0.5,0.0,0.1,0.7,0.3,1.1796797957337273,-0.12314879201741884,-0.2749538546507443,1.888562770033716,1.8330559187065867
0.8,0.1,1.0,0.5,0.1,0.2,-0.6088369782701715,1.5725887360051816,1.2757678520629416,1.3195848685022429,1.4594557521665166
0.3,0.8,0.0,0.5,0.1,0.7,0.7688552342881582,0.1609392881135569,0.1840224155894565,2.7792472721536625,2.516740053075254
0.7,0.9,1.0,0.9,0.8,0.7,-1.6316526866120318,2.5452463322965153,2.492667276361969,2.5188312552954564,2.3627665036790035
0.0,0.1,0.4,1.0,0.5,0.8,-0.3075983035366572,1.1673672329136846,1.0047428429795175,2.26230222494754,2.0973282607801025
0.4,0.9,0.4,0.1,0.2,0.2,1.8060836398140725,-0.606281991784563,-0.5958441053904171,0.6095347478376657,0.24289506439176148
1.0,1.0,0.6,0.1,0.8,0.4,0.07055845705474245,1.145003081454207,0.8248973473808681,2.551635520866293,2.406123160357811
1.0,0.1,0.9,0.6,0.4,0.9,-1.145695524358719,2.286637892299212,1.8783803133434491,1.8333804738230446,1.7519544132781797
0.9,0.5,0.1,0.8,0.3,0.4,1.049021634059188,0.04815191424085499,-0.12727963947699866,1.6577357519302842,1.5587109211655807
0.5,1.0,0.7,1.0,0.5,0.8,-1.7411814362287048,2.5866956352621373,2.5273944653835003,3.269088999676626,3.022116458183414
0.9,0.7,0.5,0.4,0.4,0.7,-0.27077952537799244,1.378391526909861,1.2318669586657227,1.775741642682489,1.4922973620387432
0.5,0.2,0.7,0.3,0.7,0.4,-0.6631970364155021,1.7257627745989927,1.6710848982574729,2.34866878109512,1.9429956553912278
0.3,0.2,0.2,0.8,1.0,0.5,0.4401733414131912,0.28268674005470745,0.2714504748913722,0.9874678929663935,0.7485529304925308
1.0,0.0,0.8,0.2,0.4,0.0,0.6703637047178406,0.42810988243479026,0.34820077114456244,0.35638597454801424,-0.2181580943709631
0.6,0.7,0.1,0.5,0.7,0.2,0.7446249639902687,0.17406008851607493,0.2889604006048818,1.6516475490900404,1.5672203895388324
0.6,0.9,0.4,0.4,0.9,0.6,0.2947317952957069,0.7302789010100685,0.48306863755645846,1.696376234063718,1.1759483846150014
0.9,0.6,0.0,0.5,1.0,0.1,0.7032726379386584,0.2732298239346181,0.03817798815687015,1.396573607205289,1.3238394970700944
0.1,0.2,0.6,0.2,0.2,0.6,-0.508300580485416,1.4450585643241944,1.244041699359363,2.523386707969517,2.221697023080396
0.9,0.7,0.4,0.6,0.9,1.0,-0.26423523841311747,1.4409658084812909,1.412905293355696,2.4817955691316946,2.285754696731353
0.8,0.5,0.3,0.3,0.5,0.0,1.344581967003567,-0.5569916233023926,-0.570320786478229,0.11954414116976889,-0.16561427648199983
0.2,0.3,0.5,0.0,0.2,0.4,0.9591141319393472,-0.032423397956934615,-0.08576279689022916,0.9249594759535888,0.8314010855440999
0.4,0.0,0.4,0.5,0.0,0.7,0.7121736616101465,0.24790734761531844,0.2793632284771457,1.9912186096301452,1.8683973584326428
0.5,0.0,1.0,0.5,0.2,0.9,-1.1316485363527375,2.1228449095549573,1.920756985677729,2.346992636752364,2.0603760686841057
1.0,0.6,0.8,0.9,0.7,1.0,-1.6889824400093711,2.95590972364407,2.6980796810345224,3.6886129841009803,3.423896764472755
0.0,0.7,0.7,0.3,1.0,0.3,-0.6730010727076519,1.751908386605388,1.611148002863353,1.6412588805622403,1.5543555941256046
0.5,0.0,0.3,0.3,0.7,0.1,1.6922749031288575,-0.4190563091827563,-0.8403680975949651,0.25673136143541203,0.2788275627022503
0.3,0.2,0.6,0.4,0.9,0.6,-1.0175306865991647,1.778231537286294,1.8127671122775928,2.636771685294893,2.3983016430096935
0.2,0.8,0.6,0.7,1.0,0.9,-0.8812756552941523,2.14322033851108,1.8524534033036963,3.1139793226318617,3.033052566061226
0.0,0.3,0.1,0.6,0.4,0.9,0.8936499342427463,0.2161814345849354,0.13023472988695062,2.457988912992357,2.046155153869591
0.9,0.6,0.6,0.9,0.9,0.1,-0.7518507764436377,1.8922063237905533,1.693591994865129,2.2000531135303523,2.1707833984761775
1.0,0.8,0.9,0.3,0.9,0.0,0.23725278148331497,0.9354271138791515,0.8482269885914117,0.211719871498059,-0.11383495916755251
0.4,0.4,0.2,1.0,0.8,0.8,0.16969340974541494,0.6646795088547902,0.58198578535574,2.036458096569761,1.9835675662141254
0.9,1.0,1.0,0.1,0.8,0.2,-0.3783486251893474,1.5616225903788832,1.1924139199761496,1.2537657900828918,1.227944040560844
0.6,0.8,0.9,0.0,0.8,0.2,-0.4070330786132805,1.3335610023413962,1.2384140722429635,0.32994624469340095,0.3479694378999641
0.1,0.4,0.5,0.8,0.8,0.3,0.18881488692104723,0.54670957262684,0.4777255578104337,2.0642121255627464,1.7736689235435286
0.5,0.7,0.4,0.5,1.0,0.5,-0.10445034203430537,1.1059643436072406,0.9180852162647627,0.6456884887406767,0.7067271606927128
0.6,0.9,0.1,0.4,0.1,0.2,1.6066044207898085,-0.6546398631210621,-0.8463855928805912,1.8705858173677512,1.8051084973144298
0.0,0.3,0.9,0.4,0.7,0.2,-0.13256476874197468,1.0384226464237858,1.0398685637926304,0.961464880661046,0.7955138360656153
0.6,0.9,0.6,0.0,0.7,0.2,0.264838276261991,0.7579680426305473,0.710704082144333,2.24402416373206,1.9515472800520937
0.6,0.8,0.6,0.7,0.9,0.8,-1.2589140169967068,2.13442248445917,2.096988257067145,2.8843674827824977,2.6682970109123247
0.6,0.3,0.9,0.6,0.3,1.0,-0.9401403539868388,2.1005039740571387,1.9821806760300742,1.7397485876912178,1.5319165735463711
0.8,1.0,0.6,0.2,0.9,0.9,-1.1538016228758383,1.7866270928537016,1.924654149127555,3.5511033077312,3.391360028952256
1.0,0.1,0.9,0.5,0.8,0.5,-0.8502608254330375,1.843897395842865,1.970561878405099,1.7788155688859286,1.419864071598045
0.5,0.5,0.4,0.5,0.8,0.5,0.15968609617670962,0.8126770292744585,0.6996348412208567,1.8023537682248876,1.513847668954472
0.3,0.2,0.7,0.1,0.4,0.8,-0.7199975092576877,1.8153094828587784,1.9281487990404171,2.161690078416067,1.7461548711661863
0.9,0.9,1.0,0.9,0.0,0.5,-0.5908651288781028,1.5570810895727492,1.510387989340247,2.276290202944131,2.0024941049633362
0.9,0.5,0.1,0.3,0.9,0.0,1.3416669208384155,-0.4755248688655249,-0.5670063257432181,1.1608032647870552,1.0882675756234357
0.4,0.4,0.4,1.0,0.5,0.8,0.0325240151045066,0.9737585272641456,0.748373316485179,1.6563523079207079,1.3352660731448438
0.4,0.0,0.3,0.5,0.9,0.9,0.6008976312388143,0.5161840663658429,0.5161073023254101,1.8547088865939874,1.3987262804950606
1.0,0.7,0.6,0.6,0.6,1.0,-1.1076045008851203,2.343711790002516,1.9086997172053033,3.852176808298878,3.5239419736736113
0.2,0.6,0.4,0.5,0.5,0.0,0.6482496140925968,0.47451014629232524,0.20759537284621235,0.5994785824843406,0.3687320423042841
1.0,0.9,0.1,0.2,0.2,0.0,2.3381805934833158,-1.3508989745456648,-1.566989471747693,1.1852018859005107,0.9982804881706394
0.9,1.0,0.5,0.1,0.9,0.2,0.7275862857369866,0.4473213247680883,0.44361955624473604,1.7610323312298763,1.5211183668607648
0.8,0.8,0.7,0.7,0.2,0.9,-1.0775173023763145,2.0090893915714694,1.9831543185944414,3.064633109035602,2.7611918063775263
0.0,1.0,0.1,0.5,0.4,0.8,0.38043649833417614,0.39668331637566695,0.27851222853735264,2.881548072482007,2.56770669758135
1.0,0.9,0.5,0.0,0.6,0.5,0.8664970564287843,0.13017005107505072,0.13946498748651587,1.950065383419211,1.7998306096600754
0.7,0.9,1.0,0.5,0.3,0.8,-1.1114557626224308,2.117241861512145,1.999868172662332,1.928364217363435,1.8529224376858584
0.4,0.7,0.9,0.8,0.0,0.1,-0.6582610181206675,1.688961160483168,1.4926182573646256,1.244005536292351,0.9480865728919416
0.3,0.1,0.6,0.6,0.4,0.0,0.05942458384964722,0.9904483988682489,0.9145058120642142,1.6062477457049507,1.6249480934250315
0.3,0.9,0.0,0.4,1.0,0.9,0.5087363144972119,0.5300024137066481,0.47226340944812784,2.9593763197536456,2.678998279671242
0.0,0.4,0.9,0.3,0.0,0.2,0.21439934515341683,0.726363219313394,0.6460642501826834,1.2776898854185816,1.0574262468098088
0.9,0.1,0.8,0.7,0.2,0.1,-0.5102556626182249,1.2538038422859568,1.1896999546764333,1.2849149512680218,0.8728856058656702
0.6,0.6,0.7,0.5,0.5,0.9,-1.8513471880967214,2.7269891417732923,2.5260373216669416,3.283226646393557,2.9835950804514235
0.6,0.7,0.4,0.8,0.3,0.1,0.4429755107895062,0.528179136102598,0.34924239053136663,0.3859075146167974,0.11561183754924118
0.4,0.7,0.0,0.7,0.9,0.8,-0.28537408316455093,1.3393347012427994,1.4569752728653391,2.630724397474999,2.576879395906845
0.3,1.0,0.3,0.7,0.1,1.0,0.22085638702796642,0.5094250397484279,0.48422553855375544,3.0947029229447995,2.8476619839687474
1.0,0.1,0.1,1.0,0.0,0.3,1.2221374348608904,-0.3217054803393583,-0.6032739656741797,2.463631036854119,2.2028503088765086
0.6,1.0,0.8,0.4,0.8,0.3,-0.7968918660944514,1.7938036546488794,1.777071524729186,1.9596287586115078,2.0081665004872766
0.8,0.7,0.7,0.7,0.9,0.7,-1.6797729698283144,2.6762170064809596,2.7719030962310134,2.607869021853083,2.318112324992897
0.8,0.8,0.4,0.3,0.7,0.8,0.27803931869758275,0.8160185186696712,0.5175148200624081,2.08950847972204,1.7007300279840782
0.5,0.5,0.3,0.4,0.3,0.1,1.3225032885583756,-0.18474256550585336,-0.5181949137103248,0.02147908947909384,-0.1415876213750985
1.0,0.7,0.9,1.0,0.0,0.5,-0.9290958263735204,1.885769061726399,1.8788755632539278,1.7812721849274729,1.4401640925695416
0.6,0.5,1.0,1.0,0.4,1.0,-1.9164654445270872,2.932298323828784,2.828927059965591,2.501743890864756,2.1553111214208744
1.0,1.0,0.8,0.3,0.5,0.4,-0.30350233151152534,1.3528491219478747,1.1725463440538213,1.3228753193025584,1.52536828827138
0.5,0.5,0.1,0.6,0.9,0.6,0.18216762827547167,0.815042620813387,0.7593603672272602,2.2046254061798924,1.9754510204799811
0.8,0.9,1.0,1.0,0.8,0.5,-1.1788008898287758,2.07365375085911,2.1282483414104796,2.1502280659569335,2.0252876884240267
0.3,0.1,0.8,0.7,0.1,1.0,-1.1270521793815464,2.184006721332306,2.407144304648991,3.307841780680521,3.217057997328127
0.0,0.3,0.4,0.6,0.3,0.4,1.1595158454576149,-0.11079277444956723,-0.23005395695442332,0.6994783467113238,0.5148962685416285
0.6,0.0,1.0,0.6,0.2,0.3,-0.18405530512005083,1.3952954622201705,1.2139633357044943,0.8835048883470058,0.8818163342193355
0.5,0.7,0.9,0.3,0.5,0.5,-1.183225661800555,2.081071451802346,2.129314590853172,0.8069206487564793,0.5775655017748889
0.0,0.5,0.1,1.0,0.9,0.7,-0.03424612680174691,0.9156393863516231,0.8715164624365722,2.8572873443657967,2.671199701573492
0.1,0.2,0.3,0.8,0.7,0.3,0.8354611119114037,0.08423408971390947,0.08364360223630546,1.3253254864064365,0.8600493936941873
0.8,0.1,0.5,0.0,0.2,0.3,0.6412955505422093,0.1395646068153045,0.2657073994590567,1.5724521588417417,0.9959330141980495
0.8,0.6,0.6,0.8,0.4,0.9,-1.6845317419609196,2.672872947840776,2.3707551002078873,3.1590159002844462,2.9887856916106537
0.3,0.4,0.9,0.4,0.7,0.6,-0.7110086493422103,1.5532658323137134,1.6700022742965037,1.381436534810795,1.2708585672836947
0.5,0.9,0.8,0.8,0.1,0.2,-0.34128496043512624,1.338011772900756,0.9746806221119049,1.6848043464712827,1.58130715463777
0.6,0.8,0.1,0.4,0.3,0.3,1.47448095199703,-0.5120490049085972,-0.5914288884784306,0.8684287832163016,0.6772917153570726
0.5,0.6,0.8,0.2,0.0,0.9,-1.560850173775519,2.421379068463042,2.4272546955921745,2.9060362270836677,2.756642652493637
0.0,0.6,0.4,0.5,0.0,0.3,0.6724151176945922,0.3380777943760997,0.06516386881689978,1.9409399819852928,1.6096208302002588
0.9,0.8,0.5,0.6,0.6,0.6,-0.24671741161642255,1.1070946077811334,1.1118290247036118,2.1897325577789952,2.108533463996088
0.1,0.1,0.0,0.0,0.4,0.7,0.6340041782041488,0.41997434878236944,0.004413935256033508,2.1313289562953446,1.6715290846505928
0.4,1.0,0.2,0.2,0.2,1.0,0.6075802249333722,0.3249018253235506,0.20424558083852745,2.566223080344882,2.6175659914342884
0.8,1.0,0.2,0.9,0.0,0.9,0.28076293259414786,0.6164163170278801,0.5232253166234948,3.1288916321986333,3.122887794519001
0.7,0.5,0.0,1.0,0.1,0.7,-0.008921109640689415,0.9800359814683697,0.8271790189554021,3.1783135488796512,2.91296834992278
0.4,0.9,0.1,1.0,0.4,0.3,1.3468763145271236,-0.26556797384908426,-0.20975102340108875,1.4345292900085926,1.2566442389975252
1.0,0.1,0.2,0.0,0.6,0.1,1.7407489204876065,-0.9783563822775937,-0.9054473377350337,0.5780239936134176,0.2390323335128412
1.0,1.0,0.2,0.9,0.6,0.0,1.3302152674967385,-0.4332005788743922,-0.5423741207394206,1.178753004217372,0.9932543834936899
0.8,0.4,0.7,0.2,0.7,0.1,-0.03982902499796434,1.0047519124086766,0.6500344803457196,1.6987615145597221,1.3340311290754814
1.0,0.0,0.5,0.3,0.8,0.1,0.9534963657039188,-0.18691809208829302,-0.2474289057303138,1.519593513004306,1.385907515622533
0.6,0.7,0.4,1.0,0.8,0.8,-1.0127127018690842,1.6833466129228083,1.805631630759385,2.1211053408801703,1.9377100560945246
0.2,0.6,0.6,0.1,0.9,0.5,-0.8816014353645578,1.8048115850847,1.6059881616641656,2.2748022392644587,2.2139275844436836
0.3,0.0,0.2,0.6,0.4,1.0,0.6139253047628707,0.3164948558970556,0.1464354862274881,2.034349105613142,1.841937351827959
0.3,0.7,0.3,0.6,0.6,0.2,0.7690391462737436,0.31087891295897535,0.05260743580296646,0.5588341980930854,0.34195120943919943
1.0,0.1,0.6,1.0,0.0,0.2,0.24783570601647875,1.1360893214790915,0.8638324704835691,2.8735515580469593,2.5817524604421473
0.7,0.3,0.5,0.2,0.0,0.2,1.0345267755514753,-0.09731630083789869,-0.2738147516300791,1.5215017601091618,1.3409292027617072
0.8,0.7,0.5,0.5,0.2,1.0,-0.7014879386951915,1.679606630494663,1.646714166049009,2.8883177712393238,2.989428294139291
0.7,0.9,0.8,0.0,0.0,0.2,0.41348099261527727,0.6687855774911919,0.42777395847374755,1.267915743115501,1.255774473299193
0.3,0.0,0.5,0.0,0.0,0.9,0.3294518227108467,0.5335573663747674,0.5581563148210191,2.83448244602505,2.898752435026386
0.4,0.3,0.1,0.5,0.8,0.8,0.6529104616925789,0.36970615128567585,0.41606280508167853,2.5882913671377317,2.1296566458378763
0.4,1.0,0.2,1.0,0.5,0.6,0.16619732735712822,0.7753635303205815,0.6006313789735565,1.9373171230415203,1.6081901478799188
0.7,0.8,0.5,0.8,0.2,0.2,0.35273689673693637,0.6104698709165792,0.5372028028992779,1.4719703261080557,1.3637039862496594
0.4,0.9,0.2,0.0,0.5,0.1,1.9953157476506906,-1.1143548595460797,-1.0926579652143995,0.1633043686527349,-0.16873388917628146
0.7,0.7,0.6,0.6,0.8,0.9,-1.456097247141452,2.6540182473156593,2.6140782655189088,3.6961316888286238,3.3993456048298927
0.0,0.8,0.0,0.2,0.7,0.4,1.213955677633657,-0.22020160630447558,-0.29460391270630276,2.3842744794499975,2.111929985219112
0.3,0.8,0.3,0.3,0.3,0.1,1.554070423788509,-0.6043803805125675,-0.749422788293261,-0.40984023528388347,-0.41586625909501573
0.9,1.0,0.6,0.3,0.1,0.2,0.42971303702531805,0.6835229056094889,0.7458013908027165,2.8354743626011403,2.4085755939474627
0.4,0.7,0.2,0.5,0.5,0.2,1.0254956520173806,0.06293662638697028,-0.11429553386137642,0.4846994665376096,0.3339966878155431
0.0,0.6,0.3,0.6,0.8,0.7,0.10049452941859643,0.9885434720242745,1.3042883465746549,2.2595631754855887,1.7870988224894804
0.6,0.6,0.7,0.2,1.0,1.0,-1.8399357113620416,2.593745885034224,2.602896367977152,3.021957614553289,2.891890926193471
0.6,0.5,0.2,0.4,0.3,0.0,1.3361539900283697,-0.23063466207051464,-0.5898822427169658,0.3153490828525141,0.047404357262339665
0.9,0.9,1.0,0.1,0.3,0.2,0.3584507705487867,0.8268306572687787,0.6637342198695882,0.556856629806749,0.24734912478222035
0.9,0.3,0.9,0.2,0.5,0.7,-0.7457911295962999,1.6928977700330525,1.405584809959859,0.7202517326312927,0.6966532777654616
0.8,0.9,0.8,0.5,0.5,1.0,-1.0569284636644325,1.9057990000175107,1.9600955827823692,2.8441930885276525,2.796534444986444
0.1,1.0,0.4,0.6,0.9,0.0,0.989241917001485,0.27618895732089055,0.03352129875664116,1.3771972747429038,0.9821242479710596
0.5,0.5,0.9,0.3,0.6,0.0,-0.5729142381279859,1.4095587414777557,1.6265809959516924,0.8446323435366119,0.5370262971692917
0.9,0.0,0.4,0.5,1.0,0.8,0.3815681571710168,0.31667325864999873,0.44881496290118933,1.3888195348595447,1.3271479663078207
0.3,0.9,0.4,0.1,0.3,0.0,1.6543171440129585,-0.759513526144274,-0.7439051980908142,0.21297247117702592,-0.002110592982273743
0.1,0.6,0.7,0.5,0.0,0.3,-0.6534655739121623,1.5893658797304924,1.699094297384848,2.667522877412981,2.581922946457489
0.0,0.6,0.5,0.1,0.5,0.7,-0.5705635390904178,1.459433918975807,1.3123963360966595,2.25421813883222,1.9929762401252171
0.6,0.2,0.0,0.1,0.6,0.3,1.0629559969559343,-0.27395980811590437,-0.06613584946790955,1.4640230868706419,1.3300922255651544
0.6,0.1,0.3,0.5,0.9,0.6,0.1722354247840007,0.9157230497715346,0.7887566234643526,1.2352192880317743,1.0722878229797517
0.4,0.8,0.5,0.8,0.0,0.1,0.44920402841741924,0.40019816531677527,0.2109234316653892,1.8219923964686409,1.7416662075867584
0.8,0.6,0.1,0.9,0.4,0.2,0.6938284899453963,0.5081221448753913,0.0968851105958306,1.370282605719942,1.1878820501338774
0.9,0.6,0.2,0.7,0.4,0.9,0.15609020741003682,1.1164744974866412,1.0604887207203366,1.9159660119249062,1.7769956814032573
0.2,0.7,0.6,0.7,1.0,0.6,-1.1764516028702603,2.243709873372889,2.330562963658201,2.3710992296121893,2.2453945612520787
0.3,0.4,1.0,0.1,0.7,0.8,-0.721725924046932,1.97734238519849,1.6832376829703322,2.126131893773739,1.638312134349397
0.2,0.0,0.4,0.0,1.0,1.0,0.5736315224964329,0.5376000309170245,0.17490345184809067,1.678048770465091,1.477199896012238
0.8,0.3,0.5,0.8,0.9,0.8,-0.49564447525579386,1.3012646772278982,1.3474358998237685,2.467314527361716,2.1676295335568194
0.6,0.8,0.9,0.4,0.6,0.3,-0.6579640769186761,1.6152691579255591,1.5057793523262837,0.6737105479487809,0.4196217337328676
0.4,0.5,0.3,0.9,1.0,0.8,-0.24392143657248866,1.088026320185094,0.9976771539648033,1.3323411447042122,1.258046155131082
0.4,0.0,0.7,0.4,0.1,0.1,0.18268826321711373,0.8142187065853126,0.6273712412594913,1.8710153180201667,1.8314438755583728
0.6,0.1,0.4,0.7,0.9,0.5,0.033282670580347395,0.9623532531714266,0.7657567539411675,1.4284059620009206,1.1544418992767007
0.6,0.8,0.7,0.5,0.6,0.5,-0.7559469873700856,1.7587544921817138,1.7255273498888815,2.307698265501868,2.0660985969297223
0.5,0.0,0.1,0.9,0.5,1.0,0.3724618412942845,0.5318704963072473,0.6024789139612258,2.8549290748644007,2.5654054624811486
0.5,0.4,0.1,1.0,0.7,0.1,1.0066391515812196,-0.19331305295486106,-0.30631444738865277,1.5167156322226778,1.4989760466753321
0.8,0.9,0.7,0.1,0.8,0.2,0.029834056996938467,0.9370653093688104,0.8868540224271393,2.1120641995944283,1.6768486076818703
0.5,0.4,0.7,1.0,0.9,1.0,-1.401195424510224,2.5471251197904876,2.3039651963442713,3.3727733482539057,3.2666338023218313
0.0,1.0,0.7,0.8,0.1,0.9,-1.3773389826893732,2.1656010258171623,2.010127166632764,4.250897019680592,4.174187741602765
0.7,0.7,0.3,0.9,0.0,0.3,0.6766454001952924,0.27635583570737277,0.10426428883828621,1.0131175626526738,0.7605534210706569
0.7,0.5,0.6,0.4,0.9,0.2,-0.40648439215765264,1.3748362374636558,1.4399575331537697,2.0368040746927023,1.8816939397757564
0.3,0.9,0.1,0.3,0.5,0.1,1.9238244513550153,-0.9388048584505092,-0.9118249631338264,1.193376080045713,0.9904354792268955
0.9,0.9,0.6,0.3,0.7,0.0,0.2808861978478572,0.4896779801128038,0.40852200218807977,2.284255011209439,2.117223252801304
0.6,0.8,0.9,0.7,0.8,0.7,-1.6216796470919748,2.6434059844492,2.3761099936769203,1.7729889915098478,1.47076466116292
0.9,1.0,0.1,0.8,0.0,0.0,1.450372271356101,-0.45555199126396995,-0.7261710185285815,2.3261486618394493,2.15737388618914
0.1,0.9,0.1,0.4,1.0,1.0,0.4856954027003201,0.37905375951118103,0.299451947718032,2.9732876666296537,3.0352296922924817
0.0,0.7,0.4,0.6,0.8,0.6,-0.057901673026848066,1.2640990738636522,0.84988538269572,1.8443743303180582,1.7883382429207657
0.3,0.4,0.3,0.8,0.2,0.0,1.4965356073406575,-0.639780355352468,-0.7910824573096672,0.380755932278087,0.026149128820207007
0.0,0.6,0.6,0.1,0.3,0.9,-0.90293510019835,2.0185642041504375,2.0537867092824356,3.0056440325095175,3.0129849312761654
0.0,0.9,0.2,0.2,0.3,0.7,1.1778596584003116,-0.18910957016230137,-0.3681025879109143,1.6219172323388562,1.416651203608714
0.0,0.4,0.0,0.9,0.9,0.5,0.6473894205840423,0.25958854291256966,0.1054489611522143,2.395381131479268,2.3863195199230023
0.7,0.6,0.0,0.1,0.8,0.8,-0.04380138585369349,1.128765208785356,1.0359284233069703,2.8587872668342387,2.6916639006697616
0.1,0.2,1.0,1.0,0.6,0.4,-1.124286065940414,2.151574889840325,2.054486555163443,1.7131762198831522,1.523568938731252
0.2,0.0,0.7,0.4,0.8,0.4,-0.1605247632104692,1.4995688718732583,1.1996193580470325,2.1525694684104133,2.002883676804869
0.4,0.2,0.6,0.6,0.9,0.3,-0.3270938109441184,1.3814024227941868,1.3804530774177302,2.0552061448977317,2.1125418314387057
0.0,1.0,0.2,0.1,0.6,0.1,1.6152838979625803,-0.43613385184535675,-0.5382333537960732,1.0940323091521864,1.069185960743476
0.1,1.0,0.3,0.6,0.2,0.7,0.41398555652589036,0.5192381129442887,0.34651125184280046,1.8377678276922924,1.6629886520527455
0.5,0.1,0.3,0.4,0.0,0.7,0.5713198439593725,0.5260636391788152,0.20339404103521755,1.9530091789692383,1.3997895468413697
1.0,0.9,1.0,1.0,0.6,0.6,-1.1639435892698395,1.8908620131026204,1.9750759279432708,1.9283056364615863,1.8169753162069946
0.8,0.3,0.1,0.8,0.2,0.0,1.8600501535343883,-0.650091644767292,-0.6184802184355838,0.9550085361455405,0.5594464111678971
0.2,1.0,0.5,0.6,0.1,0.6,0.004204764536935163,1.3312244669297755,1.208394703804535,2.897650256963851,2.818577175308349
0.6,0.3,0.2,0.1,0.9,0.5,1.2393695851190418,-0.00417023682362741,-0.3974298834486999,0.4036664554268944,0.21539724476852912
0.5,0.6,0.1,0.1,0.8,0.8,0.07317516982728231,0.7875590500072747,0.773408181726019,2.548638567762519,2.3221233804785895
0.7,0.8,0.7,0.6,0.1,0.5,-0.730788618905202,1.4646310403288496,1.4294877877957566,2.4648081959701047,2.230998288782869
0.8,0.9,0.8,1.0,0.4,0.8,-1.2378238871329414,2.320085873534853,1.9795313878710343,2.345016528164972,2.191585637311492
0.0,0.4,0.2,0.0,0.0,0.1,2.3377869943983995,-1.436660658677569,-1.540633063270572,0.9684843151032596,0.7542911596392105
0.0,0.9,0.3,0.9,1.0,0.5,0.8614674745322293,0.3659059821817849,0.1372891789454279,1.3648599618248516,0.9213544657383026
0.2,0.2,0.2,0.8,0.9,0.5,0.47563596459722457,0.4063530415109933,0.5257695625666258,1.4021393427786777,1.1739871821377086
0.4,0.3,0.5,0.6,0.9,0.5,0.012899808618077407,0.9620403067643336,0.8217372684182607,1.7372693760430042,1.559615839549654
0.3,1.0,0.5,0.5,0.5,0.6,-0.4420138134289535,1.2260832474081913,1.1233779571046252,2.2400789812021586,2.16499785047737
0.4,0.1,0.5,1.0,0.4,0.1,0.09071637033557307,1.0014124990434394,0.6716725417230023,1.3843084822009317,1.0519190154692633
0.1,0.1,0.0,0.3,1.0,0.0,1.4178843204899405,-0.19383733269927095,-0.4075420239459889,1.3915573047595087,1.1251240188253504
0.4,0.2,0.9,0.8,0.2,0.6,-0.9602898138773505,2.253717102378962,2.22115793182327,1.4918868113141812,1.2025928140089857
0.3,0.4,0.7,0.5,0.8,0.7,-1.1216601285154497,2.000285309013014,1.755382528512685,2.921281345033233,2.5399516693879924
0.4,0.2,0.8,0.3,0.8,0.1,-0.4529197233235979,1.3400162419045483,1.3951135080646992,1.3745432773731876,1.018861586127104
0.8,0.8,0.1,0.0,0.5,1.0,0.7913704112150389,0.13749317575587572,0.06199108542192232,2.286884560902602,2.0239058429657084
0.6,0.8,0.9,0.8,0.9,0.4,-0.9556697404157141,1.894042215959853,2.1090593847370185,1.071018126549095,0.8075482200628634
0.3,0.0,1.0,1.0,0.5,1.0,-1.5722303713309933,2.32567225896394,2.4385248415868723,2.5178977327666585,2.408283596198226
0.9,0.4,0.1,0.5,0.8,0.4,1.3561966685572677,-0.5772621795859268,-0.4141803944452521,1.756981275584733,1.7325205250251154
1.0,0.1,1.0,0.8,0.7,0.8,-1.5840846139477658,2.463282919736326,2.445658919690991,2.4617900168493305,2.534535204710934
1.0,0.8,0.2,0.1,0.6,0.4,1.7118306856481027,-0.6853629377161414,-0.9565070566931398,0.7639404999723725,0.28083946795526527
0.8,1.0,0.8,0.2,0.1,0.0,-0.06117552398127892,0.9856033615629077,0.8116010011199629,1.6052056775499635,1.3660797801963986
0.8,0.8,0.2,0.7,0.0,0.4,1.2915364028422414,-0.3014918854764972,-0.5368816997774492,1.6334696088081593,1.2637010801362911
1.0,1.0,0.4,0.8,0.4,0.4,0.9306313138679551,0.21166239616054722,0.1704596183065119,1.0330895762102097,0.9395614820698027
0.9,0.1,0.1,0.9,0.0,0.6,0.6924718353986419,0.40237519469106786,0.18526172344746936,2.6971775438580665,2.7416035007621353
0.2,0.6,0.3,0.5,0.6,0.8,-0.00785882686263839,1.0049931559834209,1.1624724782954523,1.8793121074743069,1.6370277413924732
0.1,1.0,0.6,1.0,0.5,0.0,-0.21930879905291747,1.4469593665949312,1.1960349903886243,2.43836035399648,2.345556467612526
0.5,1.0,0.6,0.1,0.6,0.9,-0.9742411934308296,1.9276253031152284,1.8348489147525375,3.6906134203269816,3.1250006382397286
0.9,0.6,0.5,1.0,0.1,1.0,-0.8295362049335345,1.9349435459994648,1.7287669336157905,3.8325727055148526,3.6654463577465366
0.2,0.6,0.5,0.1,0.1,0.6,-0.1329786274630172,1.2545478483066033,1.1842567567492301,2.4301168514217313,2.270324102785432
0.5,0.9,0.3,0.4,0.8,0.6,0.9065067625813473,0.27069380927900405,0.30888340396325265,1.5415810865033452,1.4832864302735018
0.0,1.0,0.2,0.0,0.2,0.7,1.102809535609118,-0.07381561581546725,0.015964606262955594,1.7528749729452073,1.676225161274629
0.7,0.0,0.1,0.9,0.3,0.5,0.8817797195029676,0.267784456528476,0.040767595251509456,1.479182490701237,1.3848502088833894
0.8,0.3,0.8,0.8,0.5,0.7,-1.097818761624972,2.1919929876832485,1.8975012690524171,1.540936141829717,1.3732291965182135
0.0,0.3,0.3,1.0,0.3,0.9,0.704819967947918,0.542381387695874,0.36217764420836923,1.633306869763801,1.4132853895564481
0.2,0.7,0.6,0.8,0.2,0.6,-0.9487691384943777,2.1015634166033705,2.0908584641767387,2.79450792906968,2.366567999685613
0.5,0.5,0.3,0.3,0.5,0.3,1.1907791445166476,-0.04313413692101174,-0.26468437194247535,0.32049260317227907,0.059461739140462114
0.2,0.7,1.0,0.3,0.2,0.6,-1.295854251364394,2.236320182258808,2.1042690010429537,1.3838526406192455,1.139945190633037
0.8,0.0,0.0,0.1,0.5,0.8,1.0249203829125069,0.06079834346281187,-0.09219927828394758,2.1508815000136656,1.8843910369089412
0.3,0.6,0.0,0.7,0.7,0.7,-0.3092257540029058,1.1812244900533078,1.2322381950171495,3.2750894024519464,2.9913771106635694
0.2,0.5,0.9,0.7,0.3,0.6,-1.3529413097095513,2.0884225159195444,2.1025426598293464,1.4136107791599617,1.1802927309617917
0.0,0.8,1.0,0.3,0.0,0.5,-0.36681332606614786,1.5308794872551115,1.368897817891553,1.9531406346450433,1.8434220231190392
0.5,0.5,0.4,0.2,0.9,0.4,0.42650329435690215,0.33745723974738423,0.42184822127683047,0.8689750811254118,0.6845888884303604
0.5,0.6,0.1,0.2,0.2,0.2,1.190367800350655,-0.019890011662087592,-0.21671468180993553,1.2351192939226343,1.186384065042428
0.8,0.0,0.0,0.2,0.4,0.2,1.7139020357489327,-0.6535254786226672,-0.9437393647340337,0.8969740436433375,0.8261470584303373
1.0,0.3,0.8,0.2,0.4,0.9,-0.6041360301440032,1.4701165846307411,1.5059482576206424,1.4973160481692087,1.3576495065081398
0.1,0.3,0.1,0.9,0.3,0.3,1.21831617466846,-0.4305314415055234,-0.5430790655275803,1.2174382949275007,0.9788207159383442
0.8,1.0,0.4,0.3,0.2,0.2,1.1764211545294667,-0.25041027099561713,-0.30620152606581263,0.8889215309336315,0.9853483760076062
0.6,1.0,0.0,0.9,0.7,0.7,-0.08456815431111323,1.0596428002278784,1.0770648491412267,3.6348019458281247,3.2850264126237403
0.5,0.5,0.6,0.2,0.5,0.8,-0.8564920325227061,1.911034563629176,1.80833875220974,2.7931522561730233,2.487285151013016
0.3,0.9,1.0,0.8,1.0,0.4,-0.7403825442367393,1.6696227187361323,1.5839335498513183,1.3752798046355574,1.2461014094658127
0.0,0.5,0.6,0.5,0.4,0.4,-0.2642428997000855,1.2490109113553407,0.9820499073593909,2.3277447059832173,2.218411466049152
0.0,0.3,0.2,0.1,0.8,0.3,1.5300694962553116,-0.5815190716931152,-1.0079511526863243,0.8817651631889903,0.6632165741773836
0.8,0.0,0.7,0.4,0.9,0.5,-0.6493086413662481,1.4643580460575127,1.5729944031599326,2.027560008551499,1.8056714080429943
0.8,0.7,0.7,0.8,1.0,0.4,-1.1507413956719508,2.3442032006163083,2.1129743700880654,1.7902571119247355,1.2301927274677669
0.3,0.3,0.0,0.7,0.8,1.0,0.09123553735983053,0.6675795059440773,0.5505178242675992,3.6207364868583736,3.451567833447666
0.1,0.3,0.0,1.0,0.0,0.1,1.5133853060352755,-0.5125089291818694,-0.5916970907585709,2.023097572794361,1.9218283361988424
0.5,0.0,0.2,0.3,0.3,0.7,0.969183161711486,-0.2522962464385896,0.02906537357177094,1.0031257822080268,0.725261062602771
0.6,0.1,0.3,0.7,0.0,0.4,0.8142253021654351,0.15891923048952902,-0.08562132699448942,1.5748916308773488,1.2850391861970185
0.6,0.0,0.6,0.8,0.5,0.3,-0.15419393682043253,1.1162041128303701,1.1415084911069417,1.7988342871365235,1.6413036089080153
0.3,0.5,0.8,0.3,0.2,0.7,-1.0554076752226673,1.8943512781103056,1.884214005661654,1.8583518535389814,1.7725619458540152
0.5,0.9,0.2,0.1,0.3,0.9,0.9983184785865339,-0.04262312402895485,-0.03044699438974087,1.6478172404369729,1.4562768177350232
0.1,0.3,0.4,0.4,0.5,0.8,0.43714400287936034,0.41900374413896546,0.4436717932628361,1.389175445855155,1.1478276104371237
0.6,0.6,0.4,0.2,0.6,1.0,-0.324714602804048,1.2675866749953064,1.2909721663057439,2.4504259095608023,2.336105199107888
0.4,0.3,0.2,0.5,0.8,0.3,1.4268491396421445,-0.3113661560104025,-0.48422462151605106,0.8530594665710977,0.634568074937997
0.3,1.0,0.6,0.4,0.3,0.4,-0.22991347740975593,1.155667113674749,0.9200670596215639,2.3800205652687483,2.2032906565249037
0.4,0.0,0.6,0.0,1.0,0.3,0.1953149312458061,0.6289657192933134,0.8598052763891553,1.4014737368836558,0.9307917161824604
0.2,0.6,0.9,0.2,0.2,0.0,-0.31607790294687504,1.3293672476964133,1.4743683553701115,0.5318883683133431,0.347787271982428
0.5,1.0,0.7,0.8,0.3,0.4,-0.8619587298609207,2.0061124212979737,1.669031887175469,2.194629747324955,2.0661307435101097
0.4,0.5,0.5,0.9,0.2,0.6,-0.47870872273119314,1.4910836703069446,1.1133228931805839,2.3242531363657015,2.190788850491479
0.4,0.0,0.9,0.3,0.2,1.0,-0.6572219024903517,1.7849316008310303,1.4886535806042347,2.0651474598317003,2.0281380225601726
0.4,0.6,0.5,0.0,0.0,0.5,0.04712433589295509,0.9352136728881991,0.878650333922685,2.117754750419296,2.0505867167550695
0.9,0.3,0.3,0.4,0.2,0.1,1.9973259766764901,-0.989704439670997,-1.027524255675889,-0.2341815268704995,-0.4628172767334584
1.0,0.1,0.8,0.3,0.8,0.2,-0.2742580425269559,1.3080760017301645,1.2128067154595608,1.3681260906409245,1.2863230406633221
0.4,0.8,0.9,0.8,0.1,1.0,-1.3638037252891329,2.008216482218879,2.093218673709001,2.7119761711749337,2.420210652179917
0.1,0.0,0.6,0.7,0.2,0.5,-0.1749303785369014,1.1791341976308378,1.126531916954403,2.6736802806037283,2.444346797441936
0.7,0.4,0.0,0.2,0.6,0.5,1.2056795052808222,0.05905968202328524,-0.17123300932019528,1.9424426026120793,1.6302591170431675
0.3,1.0,0.8,0.2,0.5,1.0,-1.2984232689469442,2.137640601400991,1.9626203542884495,2.858781915399341,2.5069388609695813
0.0,0.3,0.9,0.0,1.0,0.1,0.04077284515304369,0.9605769194821102,0.8665548692564743,-0.24792703622060452,-0.32352271705472596
0.6,0.6,0.4,0.6,1.0,0.4,0.006843033463800621,1.2358687605444516,1.107015065292685,0.8438035728542534,0.609367893936021
0.9,0.5,0.8,0.0,0.0,0.6,-0.45275877184872465,1.4597240754311827,1.5658585687151252,2.1869047798665333,1.7040602248950627
0.2,0.5,0.5,0.7,0.9,0.4,-0.35626965254134746,1.1116673650484314,0.8365949778376751,2.099320261962038,2.0489830522365864
0.8,0.8,0.9,0.8,0.0,0.4,-0.5875213155990986,1.3820885209473133,1.455276910987411,1.4159578769956942,1.3831741453014663
0.8,0.5,0.3,0.4,1.0,0.1,1.1245628400818555,-0.07399139117816335,-0.15445054688885299,0.14055417182797325,-0.20389245984157092
0.6,0.0,0.8,0.6,1.0,0.9,-1.470793497358709,2.2463100302148034,2.1776723762756296,2.1149193311744923,1.8606254070171777
0.2,0.9,0.9,0.7,0.1,0.6,-0.6602684496600999,1.7178480786152812,1.6058355277732923,2.0791298325724057,1.805532286904334
0.5,0.7,0.3,0.7,1.0,0.6,-0.09776243397894516,1.0730888066197375,1.0638812418840096,0.8534440249861469,0.34412136681122163
0.6,0.4,0.3,1.0,0.7,0.9,0.27896981517317354,0.88563114559561,0.8319699590512435,1.9531788443942968,1.7918594699306516
0.1,0.0,0.0,0.9,0.8,0.9,0.4073647256171904,0.7931112140122025,0.7316393972943329,3.7207946102385647,3.435560236776803
1.0,0.9,0.0,0.0,0.5,0.0,2.2556236597958264,-1.0788953642979038,-1.0699627432968337,1.0163133428935145,0.775169032703207
0.5,0.9,0.1,0.7,0.7,0.5,0.8238385128967163,0.3484417903125965,0.37462538091211245,2.533068333860772,2.0324710129714445
0.1,0.8,0.6,0.5,0.8,0.9,-1.0754214572404583,1.9293734966920908,1.9963682265896794,3.673834262067966,3.3603660809817666
1.0,0.3,0.0,0.6,0.5,0.4,1.6200711133634926,-0.3605651017613818,-0.46061262792897717,1.550784472587778,1.451128277591888
0.9,0.3,0.0,0.9,0.6,0.1,1.393417433215636,-0.2326176720430315,-0.39077787964862476,1.5753497934244234,1.4330614742593681
0.1,0.2,0.1,0.5,0.3,0.0,1.6103338722987974,-0.27007851912922,-0.7013944883329911,0.952346964701233,0.8987145097525315
0.7,1.0,0.8,0.4,0.3,0.0,-0.07443868985536928,1.4107732221969658,1.2541488671836123,1.0189640021221917,0.7977098427330885
0.5,0.0,0.2,0.1,0.0,0.6,1.3358291429491629,-0.2907353109667358,-0.7239920897112833,1.513917988744189,1.1020781670934192
0.5,0.0,0.6,0.1,0.4,0.0,0.5829829993245756,0.5379391521228953,0.31584604786352377,1.039360423145589,0.4959965605891168
0.7,1.0,0.9,0.0,1.0,0.9,-1.254411966864193,2.409232149463034,2.013087880716756,1.7804758930994946,1.52172681849905
0.3,0.5,0.2,0.9,0.3,0.6,0.3839832571494496,0.3738703283196784,0.3002118957926602,1.2510796363872514,1.0965832651441703
0.7,0.1,0.1,0.3,0.3,0.8,0.45522086382132076,0.4282425821521331,0.4400348248821226,2.169933752837975,1.9580961136647455
0.0,0.9,0.1,0.3,0.2,0.4,1.5888529081868625,-0.9056242596286062,-0.8132880306179568,2.073976539931285,1.9237165761877393
0.3,0.7,0.6,0.6,0.9,1.0,-1.3579984891092323,2.4656507284863833,2.634419536201067,3.5111060282992246,3.5043853764255104
0.1,1.0,0.8,0.0,0.2,0.3,-0.1437602291927684,0.9464207445409609,0.9732949989903374,1.3608940472246913,1.1705827238148763
0.8,0.4,0.8,0.1,0.1,1.0,-0.6072988903854094,1.3666447808835493,1.2428299319321505,2.5814631420736616,2.2162810010042038
0.6,0.7,0.0,0.7,0.5,0.1,0.5904102273495061,0.35333735056755783,0.11883270450273395,1.4110856087072796,1.2356561465768763
0.9,0.9,0.9,0.8,1.0,0.1,-0.5738086705575385,1.3307723084616132,1.1887011891794537,0.8698631933723925,0.3662932855644255
0.9,0.2,0.0,0.8,0.0,0.6,0.7449377355725564,0.6235750626526027,0.298626925279602,2.9154509527540613,2.718105699848978
0.4,0.7,0.0,0.6,0.6,0.7,-0.13570443086266387,1.036773477927113,0.9286698016365426,2.6904282707331286,2.238847339927257
0.0,0.7,0.6,0.3,0.2,0.9,-1.0500603375893498,1.880309899144076,1.955383633419641,3.3310663808866314,3.256626779756185
0.9,0.0,0.9,0.3,0.5,0.5,-0.3584448093813556,1.2933729019347828,1.1407633682869287,0.9870646128801067,0.5365588664499619
0.9,0.6,1.0,0.6,0.3,0.2,-0.8871448595512755,1.8379752973771304,1.628764598916535,0.7798196633037978,0.6292099033711409
0.4,0.9,0.6,0.8,1.0,0.0,-0.14038384512110413,1.0552421790833786,0.9213568980788558,1.6625700053164676,1.5322851240685826
1.0,0.9,0.8,0.3,0.2,1.0,-0.5717068280680858,1.570491482614711,1.3580139856559117,2.890648266645719,2.7804500491882935
0.1,0.8,1.0,1.0,0.2,0.4,-0.6899219932777088,1.8243146804856174,1.6636963494865975,1.6445199121448337,1.272877077103616
0.3,0.8,0.4,0.3,0.4,0.3,1.0999661899807378,-0.02503608651220829,-0.21059109293140849,0.08365831330045426,0.006456119681607279
0.0,0.2,0.4,0.2,0.9,0.0,1.1490375030490751,-0.0601120266049731,-0.17996803722604687,0.6297672592442782,0.46130533063881124
0.9,0.3,0.7,0.7,0.7,1.0,-1.0617758949853326,2.1207864094663638,2.051325197287576,3.504535027261677,3.26043285785387
0.8,1.0,0.7,0.2,0.8,0.7,-1.0846183404888738,2.0348562231008924,2.08479647184191,3.1161999569562586,2.7548592485863646
0.7,0.5,0.9,0.0,0.8,0.8,-1.1672043860328087,2.2100602389262596,2.3541082888894316,1.8659950443359525,1.5939851066671047
0.2,0.4,0.3,0.4,0.3,0.0,1.9603322693476575,-0.8642025287754443,-0.9866797075206463,-0.3331884366516833,-0.5110431797944002
1.0,1.0,0.9,0.9,0.8,0.7,-1.4851019511525625,2.3422496516561573,2.139923725036404,2.4987156033460325,2.382429013159162
0.1,0.7,1.0,0.5,0.9,0.7,-1.8270779171905576,2.6668820856155295,2.688251050019843,2.08657175264549,1.724439402180657
0.2,0.8,0.3,0.7,0.3,0.5,1.0552696585984032,0.02902715755456911,-0.22046523465695725,0.537053526044197,0.3731068420287283
0.8,0.6,0.5,0.0,0.5,0.1,0.4707867425572927,0.6795634503137145,0.6659834017436239,0.9274806737043808,0.6629090773609986
0.8,0.0,0.4,0.9,0.4,0.9,0.21196258762816225,0.698141756772177,0.7072894620682062,1.6286659553990586,1.7019635374110238
0.3,1.0,0.6,0.8,0.3,0.2,-0.38855734545923637,1.1891073231065994,1.2730697369982726,2.142283665847435,2.1111578198040646
0.8,0.1,0.1,0.5,0.5,0.7,0.5846484998671,0.5300772722928438,0.3019110474436336,2.047058485858776,2.029949838298628
0.5,0.2,0.2,1.0,0.9,1.0,-0.16987634712109212,1.1933273709355057,1.2059045552085443,2.639597925583081,2.3528578386898986
0.0,0.8,0.1,1.0,0.7,0.9,0.2280208109727464,0.7568000079945776,0.8318338832601408,3.3897495143926264,3.434291942151215
0.3,0.2,0.3,0.9,0.2,0.7,0.4566078439276521,0.612272226362107,0.546102492499898,1.3929313612451442,1.148463724757512
0.4,0.5,1.0,0.0,0.0,0.4,-0.22397749905683834,1.2296082228579126,1.2832362410906375,1.48065780635651,1.2693050627936657
0.4,0.4,0.2,0.4,0.5,0.3,1.7030572064998413,-0.4821571452748392,-0.7158646865276646,0.339289894321118,0.4056786185963713
0.1,0.2,0.5,0.5,0.7,0.1,0.5590813808961245,0.5544142670386777,0.4048174987609069,2.003860350502465,1.690788956453678
0.1,0.7,0.1,0.8,0.8,0.0,0.8806123740639377,0.1274614311892413,0.20480553375793153,1.704581980133163,1.4444848190134627
1.0,0.6,1.0,0.4,0.2,0.2,-0.49114234020047154,1.4115002463048185,1.328952358854897,0.9286238797960992,0.8139833829804398
0.7,1.0,0.9,0.1,0.9,0.3,-0.6256552083511907,1.4351800057582094,1.7330890883515309,1.2457003579714039,0.7464655491158069
0.8,0.5,0.2,0.3,0.9,0.0,1.4260974137727183,-0.3292651494384002,-0.597961851760942,0.5802497832094821,0.37664823302849454
0.4,0.8,0.7,0.4,0.5,1.0,-0.8931444796403973,2.059341860705774,2.195089268656743,2.9658581974910705,2.8958967462916436
0.9,0.3,0.5,0.4,0.7,0.6,0.19633969032720955,0.7881662962288055,0.8555311876638834,2.061133819378544,1.901287839085681
0.8,0.3,1.0,0.4,0.0,0.3,-0.10949061562306413,1.1272856227514043,0.9020692688601929,1.216742118033094,0.984495020449086
0.2,1.0,0.6,0.1,0.5,0.6,-0.5409781100117871,1.4924681217371967,1.5898184673611737,2.559653808804855,2.476162189087188
0.3,0.4,0.6,1.0,0.5,0.1,0.06852088348366861,1.1071456705460834,0.969509189696123,1.691294527661785,1.6971429010812047
0.8,0.4,0.8,0.8,0.3,0.1,-0.20548471898587456,1.2334906126966718,1.0137541476991392,0.46130472103076836,0.31231920648373207
0.8,0.7,0.4,0.6,0.7,0.2,0.46787002379756615,0.6766013770374906,0.3567232091087184,1.0949462325211905,0.7094020357237394
0.2,0.7,0.0,0.5,0.4,0.1,0.9624316172029478,-0.00012554935374745405,-0.05153731043718808,1.089184155644187,1.0373759941075271
0.7,0.2,0.2,0.3,0.1,0.4,1.3163876401664814,-0.20119287105637484,-0.3707535977270793,1.1178281741930722,1.0130954649254884
0.4,0.3,0.9,0.5,0.7,0.9,-1.1809095162899748,2.020619080408276,2.0543453782421124,2.037200745158284,2.0909635691095017
0.1,0.3,0.7,0.3,0.2,0.0,0.3560195289593802,0.7578848281073336,0.49422782119427294,1.3102575553432598,1.0321092983881497
0.4,0.1,0.7,0.1,0.1,0.6,-0.6452937088292909,1.685633138633128,1.7283250604088085,2.4872209666020235,2.1736579921038506
0.5,1.0,0.5,0.9,0.4,0.9,-0.9186904469184007,1.753935648953309,1.8008272836752597,3.189074263440347,2.7214235761218566
0.6,0.2,0.0,0.9,0.8,0.7,-0.1251391022455457,1.2061532908929558,1.0475406173054493,2.876250590024689,2.615284001980287
0.6,0.2,0.2,0.0,0.4,0.7,0.7417248908285816,0.15771309840113032,0.05386175099838844,0.6477328383736728,0.524449748345521
0.5,0.9,0.1,0.9,0.0,0.2,1.5340861357526847,-0.6812963217333923,-0.5034737198268814,2.2571705067061627,2.1860726375722104
0.4,0.6,0.0,0.0,0.1,0.3,1.2857482352189162,-0.2771393143380979,-0.29336546969877736,2.004411780799122,1.75948594102238
0.3,0.5,0.5,0.2,0.6,0.4,0.104175189389553,0.7220798425241864,0.6950758078138894,1.7687952340056994,1.589580476429339
0.5,0.2,0.6,0.9,0.0,0.1,-0.054611144304729686,1.1980217206207844,1.1233463664738814,2.53815436656862,2.3027855538869146
1.0,0.4,0.1,0.2,0.9,0.7,1.433971960258379,-0.31226394510619304,-0.17973093331262596,1.700054796477,1.615022883540405
0.3,0.5,0.9,0.8,0.5,0.8,-1.3448032785953803,2.549823664770472,2.435771241391969,1.9115452692817851,1.589607682545274
0.9,0.7,0.3,0.7,0.0,0.3,0.9842800599925244,-0.04014024158299877,-0.019377721200513398,0.9808085456200133,0.816357870962622
0.4,0.0,0.7,0.6,0.3,0.9,-0.8617694926612178,1.8282366208169547,1.8509687831286352,2.7479867472210766,2.5310977003346737
1.0,0.5,0.6,0.9,0.8,0.8,-1.2231615047360285,2.035690926363831,2.0689700013099657,3.6075028405602665,3.57469263441542
1.0,0.5,0.6,0.9,0.8,0.5,-0.6793716225286234,1.624684653818471,1.7133802217501273,3.0588245366647056,2.855261030318601
1.0,0.8,0.6,0.8,0.8,0.3,-0.03864509497232803,1.1062376983332247,0.8678879447599066,2.3945402910916718,2.2825853885691174
0.5,0.6,0.5,0.9,1.0,0.3,-0.38702882085971835,1.5853613221338296,1.3926717984301584,1.6162612044671245,1.5542046265972138
0.8,0.6,0.3,0.2,0.2,0.1,1.384059865780179,-0.16272042493504263,-0.1199424574485492,0.18406176538710428,0.17980661854046825
0.8,1.0,0.7,0.2,0.6,0.2,-0.06945600799541035,1.37870614736344,1.2239076854498183,2.1564217517797473,1.993341951226405
0.6,1.0,0.9,0.2,0.2,0.9,-1.3861035030463689,2.1801131588688487,2.1283126296356594,2.363775039507779,1.9230307909610314
0.9,0.9,1.0,0.6,0.4,0.0,-0.2169480630267483,1.056998411250095,0.8749038122384734,0.6596458438654238,0.43596473012141135
0.5,0.2,0.5,0.2,0.8,0.2,0.4586643627224477,0.7065217385185673,0.5187515013688597,1.5516290246588722,1.460028301538652
0.7,0.3,0.5,0.4,0.6,0.2,0.6036319599992689,0.39511997929355674,0.4020794328390068,1.258016065532713,1.0746996642416393
0.7,0.6,0.8,1.0,0.9,0.8,-2.365647234324688,3.368260693945734,3.1368160191840357,2.3725565433449,2.4304078971134953
1.0,0.2,0.0,1.0,0.6,0.5,0.5740203813463746,0.2797762015036023,0.3416014785378249,2.460193665231943,2.218371657472619
0.2,0.1,0.8,0.6,0.7,0.1,-0.7518873450802805,1.6009469388792208,1.7618776152770588,1.6261720930797985,1.4358534822627524
0.0,0.5,0.5,1.0,0.2,0.9,-0.6615730417184689,1.4989193170286688,1.4939347575013124,3.4508051949084435,3.3450588024525874
0.5,0.8,0.5,0.7,1.0,0.9,-0.556047119420579,1.5699678634674838,1.6895907672155035,2.4454497252464242,2.3544440011906977
0.5,0.7,1.0,0.6,0.4,0.1,-0.8872902061689155,1.8099134288609946,1.8322383582675001,0.30576991733728565,0.24944690098879563
1.0,0.5,1.0,0.5,0.8,0.0,-0.3196314135187705,1.1398553511967795,1.2845257228885822,1.421166287343013,1.2279487204820414
0.3,0.9,1.0,0.4,0.7,0.7,-0.98589333259185,2.0534660840819443,1.9467520646568441,2.236382349091773,2.1993088213717766
0.9,0.4,0.4,0.7,1.0,0.9,0.3098851420355258,0.8365113271288757,0.5522854099426555,1.6792082508092068,1.503152137230218
1.0,0.9,0.9,0.0,0.3,0.7,-0.2538636546968535,1.1497475006895048,1.2389417627919914,0.9483862467032574,0.8345472206016002
0.7,0.9,0.7,0.2,0.0,0.3,0.09932671559105374,1.0140219489843367,0.5878850062716953,2.3427138704283585,2.207036197865766
0.7,0.0,0.6,0.0,0.7,0.7,-0.4685436387642313,1.5320244349681915,1.2782390778261388,2.4990444242631455,2.46753511032108
0.3,0.8,0.5,0.7,0.7,0.5,-0.09703913254672938,1.0887454190569947,0.8997951246534344,2.354026464875576,1.9767436646043144
0.1,0.5,0.2,0.1,0.1,0.4,1.5614999343363352,-0.38280570706280026,-0.6088279138890701,1.357788834297814,1.1410513463980514
1.0,0.4,0.8,0.8,0.1,0.1,0.16162803261668957,0.7488496403958889,0.7377119953704638,1.3196974357435198,0.9671673070517713
0.0,0.7,0.5,0.7,0.9,0.7,-0.7283658765425737,2.0559235249091867,1.794741536137863,2.466358521604597,2.3971881303199476
0.9,0.1,0.4,0.7,0.6,0.1,0.7478640641975842,-0.07224891990978702,-0.017508613528967695,1.063938158342015,0.9495651341709986
0.4,1.0,0.2,0.4,0.5,0.4,1.0616748628625998,-0.03647382751604824,-0.21946725578232332,1.18803653438885,1.116450426452133
0.3,1.0,0.2,0.4,0.4,0.4,1.2013299829813364,-0.2093509101811634,-0.22570183469719057,1.1219758719217419,0.6522044345059113
0.1,0.9,0.5,0.6,0.2,1.0,-0.08248828819722452,1.0132887123499894,1.1311085229231468,3.6085470784608495,3.4342528045760874
0.9,0.2,1.0,0.8,0.2,0.2,-0.5168756439201175,1.4928893929349192,1.5396305772158245,0.9659164819418183,0.8216953729193036
0.9,0.6,1.0,0.9,1.0,0.9,-1.9427773283293894,3.157074760511235,2.9416717609082843,2.2522782639182006,2.1480063153908517
0.4,0.1,0.7,0.1,0.2,0.2,-0.13635772104601995,0.9856519548301178,1.0638402326557514,1.4838053586338704,1.408803176343096
0.5,0.9,1.0,0.9,0.4,0.0,-0.41731342633018004,1.4644088351613995,1.5183139277588018,0.5809840841501657,0.5342201956232526
0.3,0.6,0.2,0.3,0.2,0.8,0.38521980078375595,0.46179321717906496,0.4322226280752703,1.8953569827138972,1.7014477151775187
0.7,0.3,0.6,0.9,0.8,1.0,-1.1372133239772593,2.3379978594081856,2.0794007556523706,3.816994670109575,3.7356099591705254
0.0,0.6,0.5,0.0,0.6,0.7,-0.5401344880017344,1.653192730038602,1.4930023135971113,2.5652157226426646,2.3176090787485495
0.0,0.6,1.0,0.3,0.9,0.1,-0.8088011851339879,1.7547042476470716,1.8600424528622082,1.253207092615632,1.0049912500728377
0.4,0.3,1.0,0.8,0.8,0.7,-1.3412554386171511,2.4419962813811953,2.2444216270258153,1.8618498408885094,1.5943683022126933
0.5,0.9,0.4,0.3,0.0,0.1,1.3917007535134323,-0.5202513978440196,-0.6491755915694117,1.4200048735973876,0.9753729056007459
0.3,0.8,0.0,1.0,0.7,0.0,0.9636214234182723,-0.041300157414258604,-0.15699877220259761,2.037296234579809,1.7973704219452085
0.1,0.9,0.0,0.8,0.3,0.6,0.5871267720832232,0.21523227435698009,0.0011370288376520987,2.5173229147715945,2.3999207963778524
0.8,0.3,0.2,0.9,0.8,1.0,0.26133564732566505,0.7572911174707437,0.5431895661550497,2.641013673825635,2.3782717082686773
0.9,1.0,0.0,0.6,0.2,0.9,0.5555583852137043,0.6435721807356823,0.5360160435833067,3.533805520560396,3.261034222345759
1.0,0.9,0.3,1.0,0.0,0.3,1.7585040194574595,-0.6821359702252032,-0.6277047761439649,1.681652878959101,1.2421362237550255
0.2,1.0,0.2,0.8,0.5,0.0,0.9716696911599986,-0.023698087888727626,-0.20221737750648325,1.1449110270488552,0.7672123886355212
0.2,0.0,0.8,0.7,1.0,0.0,-0.32326382911381385,1.3059893070353241,1.147367619005803,0.8085483746070521,0.48967787822378
0.4,0.0,0.3,0.7,0.1,0.2,1.603699303426078,-0.7270166749649386,-0.6218988468396883,0.7970951279929381,0.5440188031373726
1.0,0.4,0.8,0.2,0.4,0.4,0.32458542192735973,0.800054167191705,0.6450757717433601,0.6284649860455283,0.23074962816378836
0.8,0.6,0.6,0.5,0.8,0.3,-0.8351435368240089,1.7689783955098788,1.7804292269889186,2.4775695119978405,2.4763044658610096
0.5,0.1,0.8,0.4,0.8,0.8,-1.5425710968828266,2.5311211089716994,2.3324717906730235,2.6424264343111457,2.197477877799744
0.7,0.9,0.7,0.9,0.4,0.4,-0.5260277487464633,1.6115149311567232,1.6781290910156283,2.0511842015500856,1.734847669935976
0.6,0.2,0.6,0.7,0.7,0.5,-1.0577921392110579,1.9913523001871762,2.0692444022091907,2.757737563071668,2.5998274137212607
0.7,0.3,0.2,0.4,0.6,1.0,0.6588091607898569,0.32560031571129183,0.09615748114795036,2.199019244632893,1.9721802506937474
0.1,0.6,0.1,0.9,0.0,0.7,-0.1162641553973579,0.9024051644628532,0.857496464248648,3.3698192543074206,3.0621354310162565
0.5,0.8,1.0,0.0,0.6,0.1,-0.21946151532783958,1.0893460024734531,1.0110027736780924,0.4607703302327735,0.2866703683218198
0.0,0.9,0.7,0.4,0.7,0.7,-0.6596676893811237,1.674482960177936,1.8401719116222859,3.3231451798765095,3.1469746415573154
0.7,0.2,0.4,0.8,0.0,0.0,0.97435704385992,0.03110538736722262,-0.11718946969615335,1.0717043870209173,1.0210841343751256
0.6,0.1,0.1,0.0,0.0,0.9,0.7194973311899237,0.2500974312584792,0.08226582183433247,2.990017348489408,2.975597811579532
0.3,0.2,0.5,0.5,0.6,0.0,0.5056515364600798,0.5853174383660217,0.5768235913216706,1.3755085708838573,1.2565110441014158
0.5,0.0,0.7,0.5,0.8,0.9,-1.1545888684664098,2.218647332324831,2.091004219505168,3.3418841694769874,2.957815918757302
1.0,0.8,1.0,0.4,0.7,0.0,-0.07809556765377511,0.958690504769186,0.9579157124706115,0.8769564774498073,0.8691594169133341
0.3,0.7,0.1,0.2,0.0,0.6,0.5458082200473043,0.3402821839833219,0.02865617267507997,2.1166795806162155,1.885550531573524
0.1,0.7,0.7,1.0,0.5,0.7,-1.7272981888275507,2.8339363789473766,2.4990782617086342,2.492970946104675,2.4042322467009076
0.0,0.3,0.1,0.7,0.8,1.0,0.45159018883206775,0.5200882745932257,0.5465985674152081,3.453597243195385,3.3328323396720982
1.0,0.8,1.0,0.4,0.3,0.4,0.08497458288290805,1.0269409945343084,1.1103732124868424,0.6433768148167324,0.5690334935105918
0.8,0.7,0.7,0.6,0.5,0.0,-0.6940036945027362,1.6842008596749618,1.4721508047782692,1.2467291214519785,0.9934258367692455
0.4,1.0,0.9,0.2,0.4,1.0,-1.183197978936104,2.1228305399226923,2.311875890192282,2.070534248119133,1.9895464310312125
0.6,1.0,0.6,0.2,0.9,0.6,-0.9481427291084681,1.9883786200679374,1.6615219864459965,2.8449307226677427,2.619970525296935
0.5,0.0,0.7,1.0,1.0,0.1,-0.4575900137112884,1.429479554221479,1.3865041873487602,1.3683431435883697,1.345834137561803
0.5,0.4,0.7,0.8,0.8,0.2,-0.6966401867833303,1.459955516435802,1.399150024957003,2.183503367173514,1.7447410404349397
0.0,0.1,0.0,0.7,0.8,0.4,0.8059650915433608,0.29841024281373063,0.1944795721150535,2.9599540361248953,2.7192683591014677
0.3,0.8,0.9,1.0,0.5,0.4,-0.8940909944083069,1.7799405512978028,1.6280750275362472,0.7689045351437076,0.528615194376002
1.0,0.8,0.0,0.1,0.6,0.6,0.9436955608069448,-0.04131963483200404,-0.31027984571065387,2.0995571061929743,1.646578368608554
0.9,0.3,0.3,1.0,0.5,1.0,0.35551271331069273,0.48544708420891064,0.38819173385243433,1.7846460428275135,1.2549063723515057
0.6,0.5,0.6,0.4,0.2,0.0,0.1798221012499408,0.9709604805595053,1.0070578802034786,1.8097425495889448,1.6352442366190167
0.3,1.0,1.0,0.9,0.3,0.2,-0.7792820591195702,1.8670436491931286,1.5131538457462348,1.2682028290915957,1.1228254806277902
0.2,0.0,0.5,0.1,0.0,0.2,1.0907514378764218,-0.2492158500195596,-0.17670351883632748,1.8072830012343886,1.4486818196969249
0.7,0.6,0.1,0.2,0.2,0.0,1.116959283230065,-0.30467076365216106,-0.23866421145517033,1.2272356329833998,0.9023892592340196
0.3,0.8,0.7,0.9,0.3,0.9,-1.1928611349993126,2.151755802145438,2.261714979279149,2.8265616832046176,2.5490399524691694
0.1,0.6,0.7,0.4,0.0,0.3,-0.40281541572761026,1.525819223221663,1.6022810413694637,2.719305597085145,2.4437809324768525
0.4,0.9,0.0,0.2,0.3,0.8,0.9234175096942865,0.1667074420840146,-0.0033081093236012583,2.4641451934549625,2.349151248276242
0.2,0.7,0.6,0.0,1.0,0.5,-0.7477616223426053,1.7224988971598787,1.3522562417545732,1.5075799522235602,1.3343753574268016
0.6,0.7,0.6,0.2,0.4,1.0,-1.0111641004475174,2.364601062071452,2.1098816500869755,2.8179652461619833,2.664357591982776
0.0,0.8,0.7,0.0,0.9,0.7,-0.6823399512232959,1.9161988198529187,1.670579094512182,2.442677991988748,2.1955945157930645
0.1,1.0,0.8,0.5,0.7,0.0,-0.638820475456355,1.503516345240754,1.517610788024774,1.9759640913791268,1.6816033014036498
0.0,0.9,0.8,0.6,1.0,0.4,-0.4675635580768208,1.5388951140214662,1.494102096826951,1.5185097765156788,1.4627736269264235
0.4,0.0,0.0,0.2,0.5,0.0,1.639816452917766,-0.6593360715163687,-0.7018831504474964,1.0978600634172633,0.8509949985033831
0.6,0.1,0.6,0.7,0.6,0.1,-0.5390416373161661,1.50049121296631,1.3034706940547685,2.2669736471272457,1.8909616031931917
0.7,0.8,0.9,0.7,0.1,0.5,-0.7885594384036559,1.6029894765665427,1.6473234925889706,1.349716739840692,1.1488918498260232
0.1,0.1,0.5,0.0,1.0,0.6,-0.1257000806928597,1.0684075453315445,0.9549977568287416,1.437178131611335,1.5148652839938497
0.5,0.7,0.0,1.0,0.6,0.3,0.17787541660293182,0.7262882626113745,0.524349805937787,1.960811414663901,1.8784384948401172
0.2,1.0,0.7,1.0,0.3,0.8,-1.4211154546957476,2.5025076786064067,2.277660665828086,3.3050703404014525,3.0500807649267054
0.8,0.0,0.5,0.0,0.3,1.0,0.32000036240013596,0.7810262850513257,0.578542063725763,2.3659833426148187,2.1734396542651404
0.8,0.8,0.1,0.6,0.7,0.0,1.203437171335995,-0.3502965513540109,-0.421112328365222,1.551997871764232,1.3401472413847437
0.5,0.7,1.0,0.8,0.5,0.7,-2.1117359556236925,2.7426357450188403,2.769520880073898,1.468034393583825,1.3249353239975985
1.0,0.6,0.1,0.7,0.5,0.8,0.3295257945069545,0.7181081360783277,0.7977786321053452,2.6479105961132903,2.1542284883937035
0.7,0.8,0.5,0.7,0.6,0.1,0.30044346104366176,0.6615305692417238,0.6211594165586855,1.5696602449930803,1.4224641730799714
0.4,0.0,0.8,0.6,0.4,0.2,-0.1088648615758625,1.144831535250547,1.089124804767959,0.5915806777231578,0.5609448979973654
0.8,0.0,0.5,0.0,0.1,0.9,0.5492783681847294,0.5276317679928848,0.37265601078189636,2.499727290069028,2.3282503472049827
0.7,0.1,0.7,1.0,0.1,0.0,-0.49913164118138587,1.5732638806530141,1.5002326564268864,2.354317026247662,2.056190616797771
0.1,0.8,0.4,0.5,0.4,0.2,1.1803728670526574,-0.15405716170537742,-0.2891894944807105,0.29670205769560265,0.27511153983129016
0.3,1.0,0.4,0.7,0.7,0.6,0.0024418840105810136,0.990733055809559,0.903124237051766,2.2726325815252797,2.2321505183048975
0.9,0.3,0.3,0.5,0.8,0.1,1.4980221514179575,-0.4276464210843217,-0.6038679516450939,0.23654868141387939,-0.05987786390192537
0.3,0.5,0.6,0.7,0.7,0.8,-1.4127994627952043,2.227063182750466,2.2039380372438773,3.701246892601395,3.357980515795639
0.3,0.1,0.4,0.7,0.6,0.3,0.6659040103647307,0.5787762131198336,0.41568262167884085,1.2237192812113564,1.0861972625031546
1.0,0.6,0.2,0.2,0.7,0.0,1.3383960043771963,-0.33932036283548284,-0.5178889541404887,0.9178295094914297,0.8415261543513888
0.3,0.5,0.2,0.3,0.1,0.2,1.6000496966830455,-0.7229450804109362,-0.6255403649423916,1.1585776782488837,0.8492042778908293
0.3,0.5,0.4,0.2,0.7,1.0,0.087392445030451,1.0328825076842643,0.7980765530438882,2.8729506680907546,2.672890439926981
0.7,0.4,0.0,0.3,0.3,0.8,0.857715549763331,0.2617378795428011,0.23997052085281187,2.2154235815259815,1.7644723174912404
0.8,0.6,0.9,0.1,1.0,0.5,-1.1478970028355144,2.26168467640853,2.1417192320822975,0.6525233363339177,0.59456885227818
0.6,0.3,0.9,0.8,0.9,0.2,-0.6722875475957674,1.8177371658187365,1.4262468283407708,0.5504056748789699,0.3421432908036346
0.8,0.1,0.7,0.8,0.7,0.5,-1.1830751120876806,2.18364433263914,1.9810094306009962,2.714975253650652,2.5984114478472744
0.4,0.9,0.5,0.0,0.8,0.7,-0.06808854703275949,1.24018381737896,0.6823922859233326,2.5045222964709892,2.111087037974754
0.8,0.3,0.6,0.9,0.6,0.4,-0.2443798568818592,1.2763998803699117,1.005643308402315,2.409375408457067,1.8121855164055107
0.6,0.5,0.4,0.8,0.9,0.7,-0.35151194583850326,1.4372858308244896,1.215680885797944,1.9560645126842493,1.5686181414653009
0.4,0.9,0.0,0.4,0.1,0.5,0.9680325570989741,-0.17202053938365489,-0.4553600587556581,2.55797464940382,2.4236921693232585
0.1,0.3,0.4,0.2,0.4,0.6,0.9830729008248482,0.09410637581470054,-0.17463176640368683,0.6680241265108448,0.5608357853002347
1.0,0.8,0.2,0.3,0.3,0.2,2.05199938415821,-1.0433957737648676,-1.156304353202855,0.19553945381729307,-0.15924075085658757
0.5,0.2,0.7,0.0,1.0,0.9,-1.2199754860783643,2.1634450168493418,2.237177839969098,2.396749533128967,2.3202848600420127
0.8,0.6,0.4,1.0,0.0,0.8,-0.5129634941027222,1.3961455771796925,1.2727409795481874,2.7665426747662196,2.498942562507464
0.0,0.4,0.6,0.1,0.2,0.1,0.7430540460770377,0.05875722806707717,0.019075139989019774,1.611681108072472,1.4469211614734618
0.5,0.7,0.7,0.8,0.9,0.0,-0.9388810196083507,1.8702695447682467,1.94081782712482,1.6723121266595014,1.3825278222665838
0.5,0.9,0.3,0.0,0.3,0.6,1.0441166570673681,-0.22467744901095377,-0.3342469945128869,0.6584843369868425,0.2552383141899805
0.4,0.9,0.4,0.0,1.0,0.4,1.3575632633784984,-0.3449471908722841,-0.19973193898288158,0.523299263128612,0.4513192125168618
0.6,0.6,0.1,0.5,0.3,0.2,0.9300738146145433,0.1236745175297786,0.05445042291226532,1.2445082224538029,0.9074558313271255
0.0,0.0,0.9,0.5,0.8,0.5,-0.6984034438167381,1.6826094624923649,1.6235447759445114,1.6056201281703983,1.4482483163246445
0.2,0.4,0.4,0.9,0.4,0.5,0.7873026775196357,0.19286250838321062,0.09827760991136553,0.8085650768695858,0.7775272691681425
0.5,1.0,0.3,0.7,0.8,0.6,-0.12134308790837778,0.7508283898555124,0.6306502368964613,1.886489953627644,1.5058740521249334
0.6,1.0,0.6,0.6,1.0,0.7,-1.2905906901827184,2.205001532163542,2.1050194269460376,2.9348299435232454,2.5978560286509156
0.4,0.6,0.5,0.6,0.5,0.7,-0.8000640483616036,1.7538679267842672,1.698750167374994,2.1273315823972148,2.219800648141132
0.1,0.4,1.0,0.6,0.6,0.6,-1.0085459623293116,1.8597760170308508,1.8784577973352092,1.7929465722302618,1.5665442273449584
0.3,1.0,0.2,0.9,0.1,0.7,0.3965990495339459,0.4742559687269898,0.4837964962115991,2.5211193162459367,2.403262365412594
0.8,0.3,0.2,1.0,0.2,0.3,1.3483485579451726,-0.36777257530258856,-0.46583768113457286,0.5401901547767417,0.3651254185972843
0.8,0.4,0.0,0.1,0.9,1.0,0.7672864518541413,0.37206919397741506,0.013499030795128958,2.827202819092837,2.7531830004968154
0.0,0.3,1.0,0.8,0.1,0.9,-0.9998693628267783,1.8939783772390235,1.8030458294735314,2.723098484352496,2.4814386615335895
0.3,0.0,0.5,0.8,0.9,0.4,0.11388469326931802,0.7625849508120461,0.6652427528813096,2.014051487554267,1.7549544420794752
0.3,0.5,0.9,0.5,0.5,0.5,-1.086733235250656,1.969913735697122,1.9397762288719627,1.0075593528520963,0.961338741073982
0.2,0.3,0.5,0.9,0.8,0.3,0.5100907199276514,0.8537845595642259,0.7877772327055331,1.811614144461759,1.620902755740893
0.3,0.0,0.6,0.6,0.5,0.8,-0.6412346823212636,1.730869491480688,1.542946302530154,2.829772646134346,2.774994631287423
0.0,0.6,0.8,0.4,0.8,0.1,-0.8960397325810234,1.811624381345211,1.7667090316879828,1.8612610052080911,1.723419346051316
0.0,0.9,0.4,1.0,0.2,0.4,0.8141706852985306,0.06882335652707604,-0.13771041939125545,1.7992602145611272,1.523796237823155
0.4,0.6,0.3,0.4,0.0,0.5,0.5442751334709556,0.42867842554068813,0.4011936440023638,1.5084375969516741,1.1416736896973079
0.3,0.8,0.0,0.4,0.6,0.6,0.6572443270842397,0.513712424147064,0.3420721095034964,2.2087288732884938,2.2070744399810254
0.1,0.6,0.3,0.5,0.4,0.6,0.3104104111824484,0.8445996187338171,0.7111867406234331,0.8758119237942261,0.5148649603039738
0.5,1.0,0.9,0.4,0.3,0.8,-1.278337370209191,2.227523553684719,2.2723490714689696,1.7042287862987417,1.6317543251164015
0.7,0.2,1.0,0.3,0.9,0.5,-1.0512360610696976,2.1035309811489444,1.986637824283778,1.2127322744596098,1.0010581939176701
0.7,0.1,0.0,0.8,0.9,0.8,-0.10336006342171483,1.3800150856838223,1.162495827245913,3.0153510399536336,2.902579534747075
0.1,0.5,0.2,0.2,0.8,0.4,1.1676849080602192,-0.10710342689575039,-0.37663134315852176,1.2910457336718624,1.2394096868860385
0.4,0.3,0.4,0.4,0.9,0.3,1.1190578805708362,-0.14174890198262452,-0.010625746385238277,0.648494602701507,0.39323350460565254
0.7,1.0,0.4,0.4,1.0,0.2,0.4796971705082617,0.35191245036432417,0.1883198656079959,0.608424507577888,0.6331285285647537
0.9,1.0,0.4,0.6,0.3,0.1,1.1319253546223655,-0.23936004434285768,-0.21094933595822007,0.8431287163725677,0.6107979141744354
0.0,0.8,0.0,0.8,0.1,0.0,1.573919418959113,-0.3464146226935,-0.4526243154568103,2.046075091932416,1.841160423942064
0.5,0.9,0.5,0.1,1.0,1.0,-0.06619216134965779,1.1789344785425782,1.147034770053507,2.50133595677477,2.524474050586771
0.5,0.2,1.0,0.0,0.6,0.8,-1.230489459749305,2.19326294381082,2.194836244423066,1.8749723110445728,1.4940919963769221
1.0,0.2,0.4,0.3,0.3,0.9,0.7793310099835015,0.33730474437522445,0.3043497162341908,1.6615740155454481,1.4396037773602082
0.4,0.3,0.7,0.3,0.0,0.3,0.30101298607959404,0.7514289533380887,0.7287907604776885,1.8168702169934041,1.7256057643342615
0.7,0.8,0.5,0.8,1.0,0.5,-0.3140134057650014,1.448758224600772,1.3276872262431796,1.7086338354373751,1.4655210901065412
0.2,0.5,0.5,0.2,0.4,0.6,-0.0036485029651071033,1.2127956354865468,0.9756069605377373,1.8170710947487525,1.523260785348061
0.9,0.4,0.0,0.6,0.4,0.6,1.0145985876408277,-0.07472833796672589,0.05904007192469782,1.7623437577664445,1.5945884466425082
0.0,0.8,0.9,0.3,0.2,0.4,-0.13380539612331208,1.1088122156782823,1.1538770301973205,1.0069502295029196,0.7863519214539879
0.4,0.4,0.8,0.5,0.0,1.0,-0.8592173553350411,1.7750597502438776,1.8480956239608402,3.1635937855682745,2.9403799549421517
0.0,0.2,0.3,0.1,0.4,0.4,1.4560503264883657,-0.27549425361220004,-0.3835176535359918,0.16881208188940236,0.06564721889370304
0.3,0.6,0.8,1.0,0.3,0.0,-0.9400521027785743,2.1296851533250267,1.884356848034781,1.065441566990573,0.7580629884801623
0.6,0.0,0.3,1.0,0.4,0.7,0.31324573051015175,0.7057501397093834,0.4725193731883451,0.9040020674941175,0.6988749921836034
0.4,0.0,0.0,0.0,0.4,0.6,1.2906138133814453,-0.19906998629457093,-0.2866084877330951,1.1618647005929403,1.1751964924731761
0.3,0.2,1.0,0.1,0.7,0.2,-0.5298492382151636,1.353425292669363,1.3120132553946189,0.884633463295553,0.8038778585804895
1.0,0.6,0.5,0.9,0.6,0.9,-1.0422005106396115,1.777958556567917,1.6729276410818479,3.379134726099312,3.227166969468133
0.7,0.0,0.7,0.6,0.1,0.6,-0.48507312747090403,1.5183238245380253,1.5097261593019387,2.704328195066766,2.576957184932647
0.6,0.3,0.1,0.6,0.0,0.9,0.7389140498133044,0.09361528301327729,0.14880430181527154,2.8844623324617547,2.900632585385724
0.7,0.4,1.0,0.0,0.1,1.0,-0.5956172183779331,1.433326950843997,1.6843492015842834,2.4496107911126495,2.0564208023519335
0.1,0.8,0.7,0.0,0.5,0.0,0.3648686724113721,0.6507246931632213,0.8298458484164744,0.9450998082294916,0.649075639182441
0.5,1.0,0.2,0.2,0.2,1.0,0.6316948192179999,0.39643219920155187,0.24781991033287923,2.5045448509526,2.319836432220495
0.9,0.3,0.4,0.3,0.8,0.6,0.7601059354561885,0.4611374079317006,0.28592038509933043,1.0997440471766584,1.1362279557939037
0.0,0.1,0.0,0.6,0.9,0.5,0.5948927516752367,0.42285125915921684,0.4623457632731825,2.5646373409477605,2.4012709119712965
0.9,0.3,0.9,0.7,0.2,0.1,0.11249260416648652,0.9059294374357598,0.8529032980482799,0.16303279541106816,0.15459279248805297
0.1,0.4,0.7,0.3,0.3,0.5,-0.2987487627921681,1.1314629176545112,0.6806609380111281,1.8284034792084536,1.554000012688095
0.3,0.6,0.3,0.8,0.1,0.9,-0.08569407677917512,1.0300724025032784,0.8369420662619242,2.452872344828287,2.099910384052171
0.2,0.8,0.3,0.6,0.4,0.5,1.228661429953722,0.07015750015374206,-0.023320123753140326,0.4072388617949793,0.20554956388970252
0.0,0.5,0.7,0.1,0.2,0.2,0.19809557068341474,0.9352717825448539,0.7865107558441516,1.870755585411086,1.6694719881203162
0.9,0.8,0.5,0.9,0.0,1.0,-0.19754035444838391,1.1357646060628523,1.053716301837506,3.8933901999678424,3.379611368197584
0.6,0.7,0.7,0.7,0.7,0.6,-1.8585303509151856,2.7255738309142856,2.7196696807662692,2.6703066777199864,2.439949944720438
0.6,0.3,0.5,0.4,0.2,1.0,-0.05786331889445874,0.8955671366636457,0.9845973684090096,2.723552417366619,2.829076713231694
0.3,0.4,0.1,0.1,0.2,1.0,1.170671699858257,-0.12623579701897525,-0.2416048184394708,2.443672781903187,2.264374090529196
0.2,0.8,0.4,0.4,0.9,0.1,1.2146259758622269,-0.15929601968147056,-0.062247442493323174,0.541317094760277,0.39652309795034213
0.1,0.3,0.1,0.6,0.2,0.2,1.4651517862263361,-0.6570025928752812,-0.9479140674005861,1.2806008450631954,0.957888670903187
0.6,0.9,0.6,0.6,0.4,1.0,-0.9466212044798359,1.9010982217965995,1.7777765480174037,3.5730981106811575,3.3699619251379396
0.4,0.2,0.3,0.1,0.9,0.7,0.5627925670199623,0.4584471249670356,0.5225066150193557,0.6935618685751938,0.5951173719913307
0.3,0.0,0.8,0.9,0.3,0.4,-0.33696077882510883,1.4302730257491785,1.3470633501901552,0.9632628045330297,0.9404261107451692
1.0,0.7,0.6,0.3,0.8,0.9,-0.9159125153764145,2.048333796162964,1.7965380783246716,3.5696566649608696,3.105579787232103
0.1,0.8,0.3,0.8,0.8,0.6,0.3970192302076572,0.5653742227299098,0.3096451455307233,1.3853941006352914,1.2035543335123031
0.7,0.7,0.0,0.7,0.6,0.7,-0.28682138029606585,1.2470943244330455,1.202698794971257,2.700414841825126,2.3394165079133526
0.9,0.5,0.0,0.7,0.6,0.6,0.5147787510114903,0.6591728559012243,0.41957508710014063,2.8163317563716515,2.4825555110976443
1.0,0.1,0.1,0.5,0.4,0.3,1.5393728765230645,-0.5579048174721116,-0.8044188658249547,1.4517809499134544,1.0205367620328767
0.6,0.4,1.0,0.7,0.3,0.0,-0.31546251272884274,1.135437972587368,1.2354513654437775,0.37795085330518247,-0.020718103893874157
0.7,0.2,0.2,0.8,0.5,0.6,0.38843516789537746,0.45779558269624604,0.6185474117186913,1.2017728602303168,1.0482680202324637
0.2,0.6,0.9,0.6,0.3,0.4,-1.2150240343132752,1.8839931019282619,1.804156447233011,0.9288753031756123,0.8383978471629455
0.1,0.5,0.3,0.6,0.8,0.7,0.3794590600159701,0.8186850546453796,0.6304076307451291,1.8395707297036679,1.6703520125674425
0.9,0.3,0.1,0.2,0.1,0.7,1.4342848554161574,-0.3813070486752575,-0.5055435297804038,2.109334975415906,1.8803162875946813
0.7,0.4,0.5,0.1,0.8,0.3,0.6223657979704902,0.26744225966334734,0.14524831606024635,1.3730549300827473,1.427003354598321
0.3,0.0,0.0,0.3,0.1,0.0,1.9614485422252637,-0.9203235886487077,-0.9326923203230626,1.7111120537721232,1.4106015883184342
0.4,0.0,0.5,0.8,1.0,0.4,0.04979406075575296,0.8760503104406632,0.7474258786404622,1.564866015898315,1.2656877694781983
0.2,0.0,0.4,0.5,0.8,0.4,0.7814076658771951,0.11080509471428537,0.12430812461672547,1.4673261726535296,1.2105448876885743
0.2,0.3,0.9,0.1,1.0,0.8,-0.8463660784642442,1.9156609858027516,1.5741482973299012,1.1072090202676477,0.8105379924299287
0.2,0.9,1.0,0.5,0.2,0.1,0.057213262889855565,1.0684704366750473,1.0549540833228408,1.1706541863499853,0.8480988980216867
0.5,0.1,0.2,0.1,0.1,0.8,0.6501262591944518,0.22895596123839834,0.1322417909863192,1.9171031695387413,1.8261296816019859
1.0,0.0,1.0,0.2,0.7,0.7,-0.5767219219155194,1.682810506938577,1.557035525373928,1.900012060541762,1.5677518707230131
0.5,0.5,0.0,0.4,1.0,0.3,0.8409182333171742,0.08119615100029988,0.002976534882803146,1.5971607357866016,1.4360379268304524
0.3,0.9,0.9,0.1,0.5,0.8,-1.00470941461871,1.9310513531684599,1.746198400481805,1.484131403295539,1.3424043485936086
0.9,0.5,0.1,0.5,0.4,0.0,1.539681731641931,-0.3952339636318645,-0.531532929913174,0.9517079585080446,0.7485349108390915
0.3,0.0,0.8,0.8,0.5,0.1,-0.2229398084127965,1.3181924237828342,1.1528693495594076,0.8518248745562044,0.6032479662777991
0.3,0.1,1.0,0.0,1.0,0.6,-0.9131893116204467,2.1532239965905307,1.899914035448535,1.0975119215786668,0.6546413930385594
0.1,0.6,0.3,0.4,0.6,0.8,0.1308892217790019,0.947240546130365,1.0356397345424386,2.175956258330091,1.651357305893538
0.1,0.7,0.1,0.1,0.5,0.8,0.3926919166063785,0.6466976358737158,0.5055733237256859,1.8967280975022192,1.7331675703705516
0.0,0.9,0.1,0.0,0.2,0.4,1.8425478708910623,-0.9497044948904556,-0.8600376860708184,1.7864372500654404,1.6663314546297674
0.4,0.1,1.0,0.4,0.7,0.4,-1.1305237508150157,1.871119535101943,1.6951828432159004,1.5008299181003952,1.4212539047123802
0.6,0.3,0.8,0.1,0.9,0.1,-0.20902178952030304,1.0314822295123407,0.9123760570939091,0.5001893662596852,0.11827521841356478
0.9,0.3,1.0,0.9,0.3,0.9,-1.158350687785383,2.233232618418138,1.9952349371490614,1.794710162734104,1.511446986699518
0.8,0.3,1.0,0.0,0.7,0.4,-0.17392052791062418,1.302610014712792,0.9732220382099275,0.865608485692826,0.4888764423875567
0.7,0.5,0.5,0.3,0.5,0.9,-0.6246407963996545,1.4254541481213598,1.5014055781905526,2.710613188369076,2.455965058509427
0.9,0.9,0.7,0.4,1.0,0.2,-0.14428036492185844,1.003785353539299,1.020549867142965,1.6927565542487886,1.4403489073452473
0.1,0.5,0.3,0.7,0.6,1.0,-0.05392328274973701,0.8678931823172169,0.8633144270950193,2.8556738296251476,2.5073026048243925
0.9,0.3,0.9,0.9,0.3,0.2,-0.08962652323349447,1.1256558190406747,1.0864138767708595,0.15734461241494446,-0.04800644232241495
0.0,1.0,0.1,0.1,0.3,0.1,1.603862553669083,-0.8155549449469096,-1.0997915028267182,1.4922469659013433,1.1368456991090643
0.7,0.9,0.1,1.0,1.0,0.6,0.4938962956874274,0.48466369777705814,0.6950440791923946,2.1486830692747634,1.9217278345624675
0.6,0.7,0.2,0.4,0.8,0.6,0.18523390916468496,0.9749017265530053,0.7877241131720961,1.4196092140212808,1.2377427192953414
0.0,0.9,0.1,0.8,0.2,1.0,0.8181920726728518,0.06289923058771899,0.2230535102715237,3.8069498351723974,3.5723966890186283
1.0,0.1,0.3,0.3,0.8,0.4,1.3817269769622227,-0.3277079662295561,-0.3084058777882611,1.1831882196190973,1.0477483699546275
0.6,0.7,0.0,0.0,0.0,0.3,1.1643096658003942,-0.1318905806398184,-0.16554785109712364,1.7396630866112406,1.5173303289178228
0.5,0.2,0.8,0.2,0.7,0.8,-1.2949224771015277,2.5392198304090856,2.2911816110435392,2.32889385821512,1.9363593438040143
0.4,0.6,0.8,0.8,0.0,0.0,-0.7602682207930617,1.889737331975386,1.559899406313698,1.6297087612044077,1.5904829371974185
0.0,0.8,0.2,0.7,0.7,0.0,1.3459094684442867,-0.42294672131414646,-0.5020461059127259,1.2114317017263443,1.074209099330817
0.1,0.6,0.3,0.0,0.3,0.3,1.0522582104915692,-0.12892590451580677,-0.3960026224286445,0.041056066438926786,-0.24437921832635895
0.4,0.3,0.7,0.1,0.0,0.7,-0.5453479591654624,1.536568879870197,1.3618379978313173,2.492519435891346,2.3221780394434326
0.1,0.4,0.8,0.5,0.2,0.1,0.16108676039224035,1.0323156563129696,0.6386204724251846,0.9931303710805731,0.5769851643712818
0.7,0.0,1.0,0.9,0.4,0.1,-0.35754663181728324,1.608907902167023,1.2775008471802378,0.32749103805950375,0.41568174570700694
0.6,0.3,0.3,0.2,0.2,0.5,1.2084486871432023,-0.4030454603278983,-0.3177264348260872,0.45145629078588534,0.0725083579498426
0.0,0.8,0.0,0.3,0.7,0.9,0.24348502791441734,0.583188105897507,0.350819351078808,3.527412760311465,3.2478124451763724
0.6,0.9,0.4,0.6,0.7,0.4,0.6055855589951636,0.37386164375604813,0.3081486750373618,1.7829856249399478,1.484615674943704
0.4,0.6,0.2,0.4,0.0,0.9,0.3996801143278122,0.688459828773158,0.5929530693102004,2.705314396760091,2.4882649156361687
1.0,0.8,0.2,0.1,0.0,0.4,2.0578933197083384,-1.0385102926719432,-1.0157302654649079,1.1367655539920956,0.8694377612443953
0.4,0.8,0.6,0.4,0.2,0.4,0.040565958777975655,1.077329110641077,0.7395116238837731,1.8900090716187508,1.7555877899586902
0.3,0.5,0.1,0.6,1.0,0.5,0.7303684146305218,0.27715763806136606,0.2382040370805732,1.8936067167630126,1.2258277578131391
0.1,0.7,0.3,0.7,0.7,0.1,0.8012140652135835,0.11696936713901973,-0.014696052134516635,0.8228863348996818,0.4390452580682339
0.7,0.6,1.0,0.6,0.5,0.3,-1.3242555142323247,2.342918302790856,2.2170505586281153,1.1783703578257687,1.0161075398910393
0.7,1.0,0.8,0.1,0.3,0.8,-0.9161062101199035,2.2511901032015746,1.8056013554386503,1.944989962940896,1.8132671741194868
0.5,0.3,1.0,0.6,1.0,0.4,-0.7723152417947403,1.759706350585417,1.6770621340229426,0.7588680028814196,0.42794529675531295
0.9,0.8,0.4,0.8,0.6,0.1,0.9503894785979741,-0.0068851764420145775,0.00807598409371231,0.7787152843580788,0.541506104916304
0.8,0.9,1.0,0.5,0.4,0.6,-0.9645448563322331,1.979768016358739,1.697903317830903,1.3715413792128142,1.2599789029456991
1.0,0.0,0.7,0.2,0.3,0.2,0.6312357578166155,0.5289386068400559,0.20514569347115613,1.045643392412242,0.8636191727992021
0.4,0.5,0.2,0.8,0.1,0.5,0.934096390308925,0.2062892788080952,0.10809660672779342,1.7019189423408816,1.556355786242641
0.2,0.4,1.0,0.5,0.0,0.9,-0.7078433014509433,1.7888322125768408,1.6325022969227927,2.7729731489401424,2.6306681090858475
0.2,0.9,1.0,0.1,0.7,0.8,-0.806937478669416,1.8247170124995413,1.7059320306537789,2.3411775829960617,2.114375918670578
0.6,0.0,0.0,0.8,1.0,0.1,1.2353625880658448,-0.055412318552089015,-0.16681949182984615,1.249807191595263,1.0701132885112121
0.1,0.2,0.1,0.0,0.3,0.0,1.7105709601306978,-0.7310413981434551,-1.0840169531270312,0.5452810007530934,0.2832755252843915
0.2,0.3,0.2,0.3,1.0,0.6,1.075731383709355,-0.12520047898104386,-0.06728731997297296,0.571011367416402,0.3799461872829058
1.0,0.2,0.1,0.1,0.7,0.0,1.8917701713273214,-0.6922285474758686,-1.0234007334333142,1.4558862884853336,1.1908190217106678
0.8,0.9,0.5,0.3,0.4,0.3,0.6691147531051069,0.05409705367594336,0.06579819673135473,1.4690069437497597,1.1849292108060792
0.1,0.3,1.0,0.8,0.5,0.2,-0.631588078312934,1.4987108176899504,1.2970936710860985,0.7517307563074885,0.5133595072431745
0.9,0.4,0.9,0.9,0.3,0.0,0.07652391840011136,0.9671660891677378,0.9659141156703348,0.15150302586734657,-0.1096674690238692
0.1,0.8,0.0,0.0,0.2,0.3,1.6867056998946008,-0.6733364261944083,-0.7284332702522016,1.5282388661988704,1.3377950281695468
0.0,0.8,0.2,0.9,0.4,0.1,1.5276947932218607,-0.5848167343843288,-0.5413747884750078,0.5875624996195342,0.5100436248790208
0.4,0.8,0.7,0.8,0.6,0.2,-0.47064745426415977,1.504164518113047,1.3949268741438072,2.016265669402247,1.7758123915156574
1.0,1.0,0.3,0.4,0.9,0.8,0.6313078768272188,0.6156645336952892,0.6168825810777903,1.9457674076836848,1.8015565454315343
0.2,0.0,0.0,0.4,0.5,0.4,1.3670438451425833,-0.46416681022204237,-0.6890501500236713,1.7615549961309287,1.6137457512288154
0.4,0.3,0.2,0.8,0.6,1.0,0.32008589399254483,0.6910796164952349,0.41186811013653757,2.3100073937184464,2.1604449585797023
0.3,0.0,0.0,0.7,0.4,0.1,1.5391794021177785,-0.3730814815617688,-0.7006897864360379,1.234032644234857,1.0640877975461387
0.9,0.7,0.1,0.4,1.0,0.4,0.8440368445872644,0.1145913637716004,-0.04980997728152109,1.1743028455006157,1.1411506336025519
0.7,0.9,0.4,0.6,0.4,0.6,0.598410875809623,0.5767953534757042,0.37978102745373066,1.2711668765288688,1.209497221405733
0.2,0.5,0.6,0.7,0.3,1.0,-1.1074684925316516,2.131494474713774,1.90496228670121,3.594174842893711,3.355329936829925
0.5,0.6,1.0,0.9,0.4,0.1,-1.2425701407760512,2.301475095981612,2.269291282812391,0.6193638794229503,0.5671722475443117
1.0,0.8,0.5,0.5,0.5,0.2,0.88696225507711,0.12040987984754048,0.11103731371083159,1.328839953791826,1.0323445333218204
0.9,0.3,0.1,0.6,0.4,0.7,0.8451470588949211,-0.08531754901869229,0.1335434708513184,1.450427816561561,1.4700344009154043
0.1,0.0,0.3,0.7,0.5,0.3,1.6423049229882327,-0.5987437146030503,-0.5935633478184046,0.38076901859727147,0.3445140479693184
0.4,0.5,0.9,0.4,0.1,0.9,-1.236570114461086,2.0608903999127706,2.1853873659802523,2.392157408716546,2.451204939082677
0.8,0.3,0.1,1.0,0.7,0.1,1.1649243957946567,-0.23140313963459824,-0.07098226202404515,1.5671760198869074,1.3785234482606883
0.0,0.9,0.5,0.7,0.5,0.3,0.4380694590366311,0.45015027062893587,0.3727593517625671,2.299648644836322,1.8383495987301237
0.4,0.0,0.3,0.5,0.4,0.6,0.9814534913115892,-0.019805231263411285,0.10735267935672654,0.5460423450229226,0.11300043527134218
1.0,0.7,0.4,0.7,0.3,0.8,0.22625569218025737,0.9061231168251163,0.6931619719597212,1.362448791533064,1.2771225289479164
0.4,0.0,0.0,0.2,0.1,0.0,1.9426181150559572,-0.9930378229585558,-0.915058703317748,1.3950772648724528,1.3206388828338484
1.0,0.6,0.9,1.0,0.5,0.7,-1.6285280924822265,2.8510871011717316,2.3738566823922698,1.7711839190569583,1.370084392212919
1.0,0.1,0.9,0.5,0.3,0.3,-0.40596756598482586,1.0677276602443664,1.1889176598296092,0.5407538940555825,0.4710740294697914
0.8,0.2,0.9,0.9,0.9,0.8,-1.6817871742876216,2.6419250566651087,2.6958630736367732,2.037671555925644,1.6254019132988786
0.6,0.9,0.0,0.7,0.3,0.8,0.5031964163141702,0.6554968938734106,0.33902361659320224,2.5656734532608234,2.5497774361258383
0.5,0.4,0.9,0.2,0.1,0.6,-0.354742968270396,1.3305169507453647,1.4714021787796956,1.1837362687116166,0.9597841844347607
0.7,0.7,0.8,0.3,0.7,0.2,-0.858837893000378,1.8163677544450696,1.737588716854675,1.149904708575842,0.7927402741159124
0.6,0.5,0.2,0.6,0.3,1.0,0.17292746134549147,0.6849065232951338,0.5318924041007824,2.249383037415028,2.0781377725534225
0.2,0.1,0.0,0.5,0.0,0.1,1.4119664780514745,-0.5186560295024738,-0.29679371296007306,2.4982599692306797,2.191575867914604
0.9,0.0,0.9,0.0,1.0,0.8,-0.7518583407897365,1.8193247868184752,1.6742606280289807,0.7612013729597933,0.6074460414397677
0.2,0.5,0.6,0.3,0.1,0.8,-0.8599605380277525,1.6496759718171432,1.6747012501577714,3.4795967141136512,3.309534636361868
0.0,1.0,1.0,0.9,0.0,0.2,-0.6412196421867787,1.5157255581232982,1.5680049504298825,2.4094854886921486,2.2304991663690674
0.5,0.8,1.0,0.7,0.9,0.2,-0.7439457494019435,1.898834464936055,1.7547369505363728,0.9676272908282788,0.648493964548161
0.8,0.6,0.2,0.5,0.9,0.3,0.7970125028539001,0.4160542756595674,0.2971383972553326,1.0901289927167475,0.9809823785281016
0.5,0.7,0.6,0.5,0.5,0.7,-1.226580384147582,2.273611227905749,2.024856734256992,2.443095087251911,2.42746096751258
0.5,0.6,0.4,1.0,0.5,0.1,0.12184349785461249,1.013816278560181,0.7220039529406628,0.9026789617897294,0.5450566633564461
0.3,0.1,0.7,0.9,0.5,0.3,-0.7426169952141127,1.7803137404044704,1.5757779538961694,2.111027918986268,1.7063992685808023
0.6,1.0,0.2,0.2,0.4,0.9,0.5082719102599119,0.4166293840046591,0.31317913270178477,1.8774668955627587,1.5969719324041225
0.3,0.0,1.0,0.9,1.0,0.2,-0.5455011472917841,1.74489621658475,1.3496510387043679,0.7665974197954333,0.6389560377746669
0.9,0.6,0.4,0.3,0.2,0.0,1.1600124671833147,0.040833880181114515,-0.18247286483194303,0.5396483285796527,0.2965377786353708
0.8,0.3,0.0,0.9,0.6,0.7,0.17868667603859412,0.6936426669151694,0.6764024982849021,2.4524949047146722,2.3532813155233567
0.9,0.8,0.5,0.6,0.0,0.6,0.11345865418056973,0.9631935304070613,0.7994518819499592,2.5819394718287034,2.1788690587895916
0.4,0.6,0.9,0.5,0.3,0.0,-0.9188041855641805,1.6312331308692483,1.83929500529627,0.4188389203182754,-0.07077032155352031
0.9,0.8,0.5,1.0,0.9,0.6,-0.36626689899435266,1.5024237447678206,1.4395187567760688,2.1249137440666654,2.025059451191297
0.7,0.0,0.8,0.8,0.0,0.1,-0.2946971662854073,1.222331094594693,0.9756239633432041,1.486804831514471,1.2212414043059565
0.5,0.3,0.6,0.1,0.3,0.5,0.031176612946150952,1.07605948514121,0.7534703942676266,1.3958065184541955,1.3149025201552187
0.9,0.9,0.2,0.2,0.0,0.2,2.2240423026773053,-1.086196252297405,-1.2673719099070548,1.1741392627424563,1.014489850890007
0.2,0.8,0.8,0.0,0.8,0.7,-0.8446623151540391,1.7793412266288247,1.855265141685772,1.7787055713108073,1.6456303849299074
0.5,1.0,0.7,0.8,0.4,0.1,-0.4068454565799685,1.6831275784252107,1.4629466454102513,1.8232202954904766,1.4732117697600065
0.3,0.5,0.1,0.4,0.3,0.3,1.3056096909209491,-0.32869009038064567,-0.38885383628244813,1.5249090381050159,0.9953357332608037
0.0,0.7,0.1,0.5,0.0,0.7,0.43094330692613947,0.6211908567688066,0.311648892628784,2.9142700429339725,2.855787820751573
0.2,1.0,0.5,0.5,0.7,0.6,-0.4229933995538404,1.4915995591945026,1.4587998417706394,3.0385738067501515,2.841330505563434
0.4,0.8,0.1,0.5,0.9,0.0,1.1841957120552875,-0.2629583036026675,-0.3545064179781893,1.2739577288365231,1.0683254813020102
0.5,0.6,0.0,0.5,0.1,0.2,0.7331649631607451,0.2047701976288749,-0.07345539769706619,2.1138305923654594,1.9857282830193324
0.0,0.5,0.3,0.0,0.1,0.2,1.57123495997101,-0.830394310124266,-0.9637335899919051,0.8548868739934878,0.6974273142570987
0.9,0.4,0.2,0.1,0.9,0.2,1.811516994889497,-1.0027378015929704,-1.2422997826505051,0.3176492609240584,0.0008443301643347723
0.0,0.6,0.5,0.1,0.4,0.4,0.2562447590527423,0.9150735006818441,0.8449601424105664,1.5261069131606986,1.3328665470627852
0.9,0.1,0.4,0.2,0.9,0.5,0.6141876743479668,0.2739252195342328,0.46198755303301764,1.1078515887576819,1.0068619152471514
1.0,1.0,0.6,0.7,0.8,1.0,-1.19352129085068,2.0032038078732537,1.9364488897441712,4.643943258846843,4.286117587296137
0.5,0.9,1.0,0.2,0.4,0.8,-1.099595606066705,2.0871405666217093,1.917449965692202,1.7614600761810069,1.3999928121058345
0.1,0.4,0.8,0.2,0.6,0.6,-0.30970752841892607,1.5289584163196537,1.4345570772089518,1.6042035597054813,1.5048552881743475
0.5,0.9,0.9,0.6,0.0,0.0,0.04446093187393789,1.0152167541738712,0.789453429377226,1.078200689259674,1.0253724861986595
0.1,0.2,0.8,0.0,0.5,0.3,-0.2543494651746727,1.2675122379612256,0.9617641122741967,0.9072439040679887,0.40813883972300247
0.6,0.0,1.0,1.0,0.9,0.2,-0.9412795059178053,1.8458386584668296,1.6865605253785256,0.9429461703754448,0.7999315249404763
0.5,0.1,0.1,0.7,0.7,0.7,0.04492494606081596,0.8254416708063357,0.8791273372738929,2.6904247054935193,2.650714015601412
0.8,0.3,0.0,0.5,0.1,0.4,1.4710931339854454,-0.4351611382364026,-0.5191672771392289,2.100866444774482,1.71617614694354
0.2,0.9,0.1,0.8,0.6,0.5,0.9729108416132749,0.2595320900783792,0.05355115683322216,2.3574796004284924,2.375802175278751
0.9,0.4,0.8,0.3,0.5,0.7,-0.469808613977971,1.569135933163035,1.4537740429331223,1.5278996266740206,1.2047780940772472
0.8,1.0,0.0,0.4,0.4,0.6,0.6111201014170381,0.6086302605985977,0.3754005876357361,2.340407309857725,2.066865064837113
1.0,0.4,0.6,0.9,0.0,0.2,0.5629385489563138,0.4969108746504393,0.4127973828875815,2.4053378767977507,2.1738785539005407
0.4,0.3,1.0,0.7,0.5,0.3,-0.49760141848278505,1.3549555580995223,1.446060385954992,0.6207848504871797,0.35153063684103775
0.1,0.4,0.6,0.2,0.6,1.0,-0.49018895708975513,1.5280801826551027,1.5813137229425467,3.481122594577233,3.308199664289417
0.5,0.6,0.3,0.0,0.1,0.5,0.7773727318179505,0.08010362804584056,0.10702511572286691,0.8056696574050058,0.6113750398122747
0.0,0.5,0.3,0.2,0.2,0.3,1.5072770087740857,-0.6163831557960344,-0.6355385756730026,0.69224915588958,0.5705354864143478
0.7,0.2,0.1,0.5,0.9,0.5,0.6086946456647443,0.4394526165753462,0.47365896449665845,1.7866273420712953,1.6886147586719478
0.9,1.0,0.6,0.8,1.0,1.0,-1.2206451012757717,2.3118025891461493,2.113921116865672,3.952281862094949,3.6027902020293023
0.8,0.1,0.6,0.4,0.3,0.2,-0.025221443075935844,0.989857276639365,0.6688808682797498,1.6393404144440158,1.4613411002270784
0.6,0.6,0.4,0.0,0.0,0.1,0.9622407631060398,0.12676906902142976,-0.050402087967460214,0.7932052303173759,0.519882808858399
0.3,0.7,1.0,0.9,0.2,0.1,-0.8984358377492417,1.7821209460243885,1.8369481564535155,0.9757774144416856,0.7578212520732552
0.5,0.6,0.6,0.1,0.1,0.4,-0.3672043939976778,1.4611046361186675,1.1465703050013716,2.4355821186048425,2.0137173640025354
0.8,0.4,0.2,0.3,0.1,0.5,1.5156542161537239,-0.5601164898410808,-0.5493681777781543,1.1288049171379244,0.9089518338302701
0.2,0.5,1.0,0.1,0.0,0.7,-0.8411154296043357,1.7887338642143558,1.7578268489103677,2.2309471962392813,2.0445697428091663
0.1,0.0,0.9,0.0,0.0,0.2,0.46847053623946294,0.5301906417702626,0.32993019747449104,0.793949973171131,0.5652793657111493
0.9,0.2,1.0,0.3,0.8,0.1,-0.3448823158600376,1.6145799786616686,1.27211082015252,1.0827007994544122,0.7080035709847877
0.7,0.8,0.1,0.9,0.1,0.9,0.2727307191443802,0.7414048687513256,0.5367729348595707,2.9400126031631215,3.133043174056676
0.0,0.9,0.4,0.6,0.3,0.5,0.8717642358146392,0.06086796523318603,-0.14829608699143054,1.511635576523368,1.1090815075373783
0.0,0.1,0.1,0.9,0.3,1.0,0.23760309817276815,0.7360237179942852,0.47106478441552724,3.4500777521184136,3.25505290232189
1.0,0.6,1.0,0.0,1.0,0.0,-0.5019762793924012,1.4165107230989324,1.4210450141999673,0.27333333274193483,0.029141820648383027
0.3,0.6,0.7,0.6,0.1,1.0,-1.6076380360232596,2.49142500760013,2.4701909658076175,4.07738647740811,3.848910505601277
0.2,0.5,0.4,0.1,0.9,0.6,0.30602831230134336,0.7197512904867724,0.6314880954215139,1.269884967993383,1.0414006237036861
0.2,0.9,0.5,0.8,0.1,1.0,-0.10413288094511468,1.2486032606854003,1.167090086534853,3.9385053938983687,3.8146023250835337
0.7,1.0,0.2,0.4,0.3,0.0,1.445227264701723,-0.26840877040427935,-0.6722647819327942,0.6104207420783303,0.5532147119828599
0.4,0.0,0.1,0.6,0.5,0.2,1.5953592397610599,-0.520866253303886,-0.7042068244875802,1.1282733740824833,1.1520815769989228
0.1,0.6,0.7,0.7,0.6,0.6,-1.544017464026642,2.708395354277232,2.49053754933773,2.902341577014256,2.836947428932675
0.3,0.6,0.7,0.3,0.4,0.0,-0.49850401993456067,1.659859235776062,1.3614739550698807,1.3376655846768837,0.9775910229149813
0.1,1.0,0.4,1.0,0.7,0.8,-0.3836667662479505,1.254813168071044,1.2870211781828098,3.0992382923951913,2.8739906149150496
0.3,0.1,0.3,0.2,0.7,0.3,1.026069586192369,-0.14717167577552595,-0.2031679473476777,0.803791890791861,0.6783999449056498
0.2,0.6,0.3,0.7,0.9,0.2,0.5711355482759741,0.5077316009755545,0.4489464787668982,0.6790425514896115,0.5340341184139872
0.7,0.1,0.9,0.0,0.9,0.8,-1.3391497320403314,2.327288342959447,2.1885729929090068,1.4974546406492308,1.3065489178057048
0.9,0.6,0.5,0.2,0.9,0.0,0.18515285586692784,0.7131812038114701,0.6494613704105983,1.2914413363535335,1.2088976910492313
0.7,0.1,0.8,0.3,0.6,0.0,-0.5516834143874483,1.3748674745739793,1.2834507845483678,1.113513765466955,0.8252155596494621
0.9,1.0,1.0,0.3,0.1,0.9,-0.9962537418351732,2.149924904353924,1.929347939939021,2.9188602112445747,2.827618870070064
1.0,0.6,0.2,0.5,0.2,0.7,0.6708365891484627,0.37181130198417006,0.465883136252991,1.6088290777072185,1.3809172472860896
0.4,0.4,0.4,0.3,0.6,1.0,0.3984586667753599,0.733302244857538,0.38257171224164005,2.31817781843053,2.0266156202864805
0.1,0.8,0.6,0.5,0.9,0.1,0.01506677408201404,0.9032581647946368,1.0112634906274476,1.8905574789623871,1.7896180917113746
0.2,0.8,0.7,0.8,0.1,0.2,-0.2632022914950876,1.21093770837096,1.0668616980621886,2.1540376717062544,1.820089158728854
0.8,0.8,0.2,0.2,0.2,0.7,0.985023686029591,-0.046010671344145514,-0.13386798542913841,1.1385777999558555,0.9805856694805805
0.0,1.0,1.0,0.1,0.0,0.7,-1.069839880712459,1.7900184044389968,1.6463682962030048,2.738075667498292,2.4685900703056807
0.1,0.7,1.0,0.7,0.3,0.6,-1.3720825700587682,2.492415890597617,2.416915259001179,1.3793008533954876,1.166597722417511
0.0,0.4,1.0,0.2,0.5,0.9,-0.6563221628601645,1.7860016712726499,1.620620967439009,2.032364516811157,1.8649439525351867
0.4,0.6,0.6,0.6,0.2,0.2,-0.2812582209156781,1.5197291668479005,1.2739577448118664,2.277387345421279,1.8710945683311846
0.7,0.9,0.3,1.0,0.0,0.9,0.5624599739561658,0.5153149220360311,0.6810554483321516,2.6461962846486546,2.486738692093951
0.1,0.5,0.3,0.4,0.4,0.9,0.43633052709775877,0.4178645307874773,0.4714142500956733,1.9049276481321304,1.3549903608668714
0.1,0.4,0.1,0.1,0.5,0.6,1.3564391263895106,-0.3563126520957841,-0.33291861159446645,1.4253452736121033,1.279124854897224
0.5,0.7,0.1,0.1,0.4,0.3,1.102750560734301,-0.2465696442518767,-0.2128865076771137,0.6632390338582083,0.47237224224591084
0.8,0.8,0.4,0.8,0.2,0.9,0.26851072408973725,0.7009326904797499,0.7376363006704266,2.015754884328314,1.904561580003101
0.2,0.0,0.8,0.2,0.5,0.8,-0.7845104313891579,1.7632542496097414,1.5895717632515938,1.6570732608643433,1.5894763098577223
0.2,1.0,0.0,0.4,0.8,0.3,0.7927009917974095,0.10425902574537493,0.08142298155269384,2.674638110091882,2.4300883627841525
0.1,0.5,0.0,0.3,0.7,0.0,1.3864297610054102,-0.32200542277230554,-0.31994866585513176,1.9952117652828727,2.1331837401903644
0.3,0.9,0.9,1.0,0.3,0.7,-0.9940530487546266,2.0903033042902757,2.2003834770258712,1.7709879417679368,1.4880328017726328
0.7,0.3,0.0,0.5,0.1,0.5,1.249244512710017,-0.14405336775208444,-0.3943267210817719,2.117383211977495,1.946705592396472
0.5,0.8,1.0,0.9,0.9,0.3,-0.9297116645706095,2.0802683560346726,1.926567618317255,1.145807871415618,0.8044842047840677
1.0,0.8,0.2,0.5,0.5,0.1,1.7699206321950098,-0.6520711701793955,-0.8171131650114563,0.2579449374058999,0.2151507399739269
0.6,0.9,0.0,0.8,0.3,0.0,1.3291794891794966,-0.1716483196619233,-0.5836641274937541,1.3811354369865816,1.3617861991355393
0.2,0.9,1.0,0.3,0.9,0.1,-0.12382447811040038,1.2672087865025912,1.1648736545856715,1.0813707902359886,0.8173616061449288
0.6,1.0,0.5,0.0,0.9,0.8,-0.4668934524678042,1.643246371629127,1.5314643700755939,2.674301655402,2.367250244019425
0.0,0.8,0.9,0.2,0.3,0.9,-0.7486191729460832,1.7129729415445287,1.8264574607474298,1.5795091432037858,1.3368831524339684
0.4,0.8,0.1,0.1,0.5,0.0,1.5756419277421754,-0.6397886646960406,-0.7944920258047756,0.4107039574136693,0.24575867517689345
0.7,0.6,0.4,0.9,0.6,1.0,-0.7592470392562228,1.8626780938137606,1.894054107364453,2.8310870258505894,2.676571968555079
0.2,0.0,0.1,0.3,0.6,0.0,1.8121922573112326,-0.9408608072010729,-0.8820352547379653,1.4087414474765518,1.1542911249360484
1.0,0.5,0.8,0.6,0.4,0.0,-0.14008557999717414,1.211692351166564,0.8962971499825325,0.761610836781201,0.44251296872914886
0.0,1.0,0.7,0.5,0.4,0.5,-0.7155408548273854,1.6605662885359034,1.550149095375489,2.4429063194428937,2.222041615987196
0.0,0.5,0.6,0.6,0.9,0.9,-1.0212554170385033,2.1942302110102707,2.1799964190487633,3.9271240653454917,3.5519772206281033
0.4,0.7,0.4,0.4,0.1,1.0,0.01509945834751852,1.0038856713439568,0.8714650676233353,2.6009432602324165,2.4159663012057044
0.1,0.0,0.0,0.7,0.5,0.9,0.6169475249805675,0.5076508882340384,0.256710157782886,3.208393183842997,2.8151995544019166
0.4,0.5,0.4,0.4,0.2,0.6,0.547191945065418,0.438953640782418,0.5929732426196459,1.3433621300544851,1.352747277553216
0.2,0.5,0.3,0.0,0.0,0.2,1.6457796087283334,-0.7104424059974155,-0.7602979821707061,0.7042238097311369,0.349740928411607
0.4,0.5,0.7,0.3,0.1,0.3,-0.14114702157965478,1.1965620320674364,1.1530168629370443,2.1185769930893534,2.2010368073166964
0.1,0.2,0.5,0.0,0.1,0.3,0.7231980744231412,0.32474246103870996,0.1672902369021833,1.6287162839249154,1.5457550701178744
0.7,0.0,0.9,0.2,0.9,0.5,-0.8342082673405142,1.582282820666741,1.6985777378375952,0.6857015292936611,0.6811659373793221
0.9,0.5,0.5,0.8,0.5,0.0,0.2489294206296144,0.5268497807164405,0.5915821970939732,1.4381083607072025,1.2441979921555486
0.3,0.4,0.4,0.8,0.5,0.6,0.5352236881858419,0.44270107874865683,0.4561011884938511,1.4171746718254683,0.8774244132965489
0.5,0.0,0.5,1.0,1.0,0.6,-0.23074794848521635,1.562037021615615,1.1903377101117214,1.8013534970283573,1.6079868497761953
0.0,0.5,1.0,0.5,0.3,0.7,-1.2495548641207523,2.2781476971026122,2.010327204073734,1.7796539909293672,1.5838171607624625
0.3,0.4,0.7,0.2,0.1,1.0,-0.4704817917626201,1.555511945507913,1.3645961415008383,3.2874649090083423,3.1818701575752386
0.0,0.6,0.8,0.2,0.7,0.8,-1.5461471885833522,2.616751596560847,2.4032139611727343,2.812978491203016,2.7698575188670267
0.9,1.0,1.0,0.5,0.0,0.9,-1.184917885564106,2.184575200636362,1.8543728928180152,3.1841965752192682,3.160795800829064
0.6,0.3,0.7,0.9,0.2,1.0,-1.1410319441645802,2.199710426194093,2.1053749158044526,3.097905924258061,3.054955972739788
0.0,0.0,1.0,0.2,0.4,1.0,-0.6716149969066798,1.929121063218218,1.65311298676907,2.193641159720279,2.080810412161403
1.0,0.0,0.7,0.1,0.0,0.0,0.920965001790567,0.17816484884898146,-0.09366881950176664,1.9863589426492037,1.5360490993692253
0.8,0.4,0.5,0.1,0.8,0.8,-0.03582028763591458,0.9180558096462114,0.9122200318898132,2.4229416855472525,2.1541769854819455
0.5,1.0,0.1,1.0,0.5,0.2,0.7349202887714422,0.23031752319962653,0.059792483487386375,1.7686069192886482,1.4842988568456321
0.6,0.1,0.8,0.5,0.9,0.9,-1.6638094223747775,2.7763629613135583,2.7486366474647896,2.5095890283387106,2.419766516074963
0.1,0.3,0.9,0.8,0.3,0.7,-0.9954179379029369,2.1380482270871046,1.6977132334625884,1.1580111681363117,1.0166906005335956
0.5,0.1,0.9,0.4,0.6,0.8,-1.5916219191259242,2.4206884575179934,2.3751622328911006,1.7447765593820541,1.9729792870890874
0.8,0.3,0.6,0.9,1.0,0.1,-0.2542731254910646,1.127982531304061,0.978855445652715,1.4418438040074175,1.1571193352889149
0.2,0.8,0.8,0.4,0.7,0.5,-0.7697717179124584,1.6884662530615666,1.7075095768975415,1.8975629274974155,1.572062422749631
0.3,1.0,0.9,0.3,0.1,0.4,-0.4518232602617476,1.3707210088840467,1.3997529519730167,1.6431274148699948,1.5160377991035772
0.1,0.6,0.1,0.4,0.5,0.4,0.8018450187543872,0.14550302100211057,0.14824534636424336,1.7425639433786904,1.5235765080783814
0.5,0.4,0.1,0.8,0.5,0.4,1.266218913833697,-0.27602015763305965,-0.2801918573821799,1.4643934843106807,1.2434332153926382
0.3,0.2,0.5,0.6,0.8,0.0,0.3277448689702187,0.8067237018458735,0.5623369960147483,1.7679171092185153,1.4780188390035067
0.2,0.1,1.0,0.2,0.3,0.5,-0.6688783287575139,1.7154432324275797,1.5868922277974207,0.9499658681210174,0.7921589068985
0.2,0.4,0.6,0.9,0.9,0.6,-0.7512987750338695,1.757636425213253,1.6815971111823789,2.7781986577466795,2.4564116174085444
0.7,1.0,0.7,0.6,0.1,1.0,-1.2008003778705725,2.246241839582183,1.992326217036331,4.391367215882113,3.941118709791591
0.7,0.1,0.0,1.0,0.0,0.3,0.78392115054596,0.23504648938723205,0.09506687890175822,2.721789092983392,2.0877760739665145
0.7,0.3,0.5,0.8,0.9,0.2,0.1469137482580624,0.8125170334535514,0.8018379811730928,1.4977230163135569,1.1914004296169485
0.5,0.6,0.0,0.8,0.6,0.6,-0.3876391666421979,1.3678962264682526,1.0173811512298034,2.8642221788336384,2.650038206951379
0.4,0.6,0.7,0.9,0.1,0.2,-1.0528438431722686,1.9988212069927762,1.939388495433113,2.4032123934606884,2.0883047189779003
0.5,0.7,0.2,0.3,0.4,0.0,1.1682554919326846,-0.16332961706775917,-0.39250678886763457,-0.32242985081377984,-0.22603398624191057
0.4,0.4,0.6,0.6,0.3,0.5,0.050943858173882195,1.1723633283181603,1.0167658503641828,1.8452640973710734,1.8342835818725218
0.6,0.8,1.0,0.1,1.0,0.5,-0.9913929433554164,1.989106833283496,1.9000886187395216,0.5132735824151131,0.53057744922293
0.0,0.0,0.0,0.1,0.7,0.1,1.7975125451909917,-0.640913864176802,-0.915538449767905,1.8573069029587101,1.5904888563385629
0.5,1.0,0.2,0.6,1.0,0.6,0.04780070701565342,0.8066855242702731,0.5632083947678805,1.6868311158680342,1.3760475047144283
0.3,0.0,0.5,0.8,0.8,1.0,-0.5714765232120494,1.6535788664007898,1.5590288559589671,3.6237640440703194,3.3107805844317117
0.9,0.1,0.5,0.3,0.1,0.5,0.311556008329251,0.5836779245910395,0.5371460050595381,2.3729437281016446,2.0354382870840504
0.0,0.5,0.7,0.9,0.1,0.1,-0.4743040811718625,1.2947049985405965,1.173682706735335,2.743723685296665,2.533363066964171
0.7,0.1,0.6,0.7,0.3,0.0,-0.3231299683487368,1.0649359021262497,1.0630103892186555,1.6729640035870572,1.4334405800199082
0.4,0.3,0.8,0.9,0.4,0.3,-0.49981673795762915,1.4453186505351237,1.392954527784945,0.8069914727876962,0.4035547555789873
0.8,0.9,1.0,0.3,0.4,0.0,-0.022464607830487357,0.9896786061599465,0.9285303858896857,0.6066800244898687,0.32699473487948805
0.0,0.7,0.1,1.0,0.5,0.2,0.6106744846801995,0.2753912391492721,0.14491876309532908,1.6967153827351642,1.3227038842868075
1.0,0.5,0.2,0.1,0.2,0.1,1.8553688950140905,-0.8927995616637425,-1.2719737171649181,0.38194068189069924,0.20955353230483903
0.1,0.5,0.1,0.7,0.6,0.1,1.21153206555461,-0.26221449027341825,-0.3876109306492247,1.9745324300172122,1.5676028469516792
0.5,0.1,0.3,0.5,1.0,0.1,1.1370017449319234,0.13597507176945317,-0.12283533054948198,0.24061129144806992,0.06043116139292057
0.9,0.0,0.5,0.8,0.2,0.4,0.5132012479942183,0.44610808704352223,0.3039236119215564,1.7019036919082178,1.6052022094037819
0.1,0.8,0.7,0.2,0.8,1.0,-0.9881001435465132,2.1776612270210083,1.946027791300708,3.4770223808176395,3.3406751702317146
0.7,0.4,0.8,0.3,0.0,0.7,-0.7184409397362543,1.6958629781847991,1.4622607729560457,2.0365292384937064,1.9521475728931525
0.8,0.9,0.3,0.5,0.8,0.8,0.49087113116764447,0.31445026334281945,0.28304588846927736,2.130203434363473,1.828061781630535
0.0,0.1,1.0,0.8,0.6,0.9,-1.8356262319452519,2.621335375531489,2.611896425725937,3.0009482556554317,2.9562254638898944
0.3,0.3,0.0,0.8,0.5,0.3,1.2218317382785189,-0.26267688784383875,-0.31867975925083636,1.6299383109098757,1.162089963133691
0.2,0.5,0.3,0.8,0.9,0.9,0.005764523800132884,0.9462165152359945,0.8563726937385291,1.9382123218774459,2.0407182397033066
0.7,0.9,0.2,0.2,0.6,0.3,1.7198440682965153,-0.4052453884332565,-0.7450680665822006,1.0037756925882793,0.7040268509196911
0.8,0.4,0.6,0.1,0.2,0.0,0.8127350555372386,0.26185385232708336,0.033720190287397755,1.2227032961137374,1.1407545730069173
0.5,0.9,0.6,1.0,0.3,0.3,-0.23659130712057705,1.36235419432817,1.3092144336425784,2.137279175277313,2.0318938172321803
0.8,0.0,0.0,0.6,0.6,1.0,0.2729839894763171,0.5171941949903809,0.34289682649740527,3.3998969893473237,3.2507070003498866
0.5,0.0,1.0,0.1,0.5,0.7,-0.9237089825496906,1.835789241848118,1.8349368457859065,1.0909606868281232,0.8598367450959686
0.4,0.3,0.3,0.0,0.4,0.3,1.884706103793858,-0.9399439089479527,-0.9791870461403526,-0.4552599260809284,-0.8673415647612243
0.5,0.2,0.9,1.0,0.2,0.4,-0.9592626850554777,1.9641351194780532,1.8998115538358067,1.1339412082192106,0.8148531724093337
0.6,0.3,1.0,0.2,0.9,0.2,-0.34263489721683044,1.4425466365822222,1.2100435316375102,0.3607620018193167,0.18783033735431953
0.5,0.5,0.9,0.6,1.0,0.7,-1.6667515589993873,2.6972103147879465,2.6993103971943135,1.5157371852603188,1.213473415018047
0.9,0.1,0.7,0.0,0.3,0.1,0.12890852459668461,0.689512778338195,0.7073629401082054,1.0788234295714236,0.6175274668780236
0.2,0.7,0.1,0.7,0.4,0.6,0.27739572083430114,0.5792051144128948,0.6608849847133247,1.6392474662397196,1.2435018079976263
0.7,0.4,0.4,0.5,0.0,0.7,0.5329664361985963,0.30850838638608014,0.3676153733252874,1.773818848649884,1.9078293093503482
0.5,0.3,0.4,0.4,0.9,0.8,0.2683921761455014,0.7415699741771383,0.747163248729261,1.6515991402258299,1.4292342359472103
0.4,0.9,0.4,0.5,0.5,0.7,0.24680815730264996,0.44258581600702973,0.5597827695523443,1.538490060878813,1.4010476720606873
0.8,0.3,0.2,0.2,0.6,0.9,0.9154768138967938,0.17070049224265,-0.08986254604001367,1.7575859271226673,1.6444052608847102
0.8,0.5,0.2,0.4,1.0,0.0,1.3619938947307288,-0.3090201623827617,-0.34709413955574697,0.44841255751274856,0.1279641306706411
1.0,0.6,0.2,0.8,0.7,0.8,-0.0896706864188562,0.8576228015522651,0.8463575256588003,2.4552180291857835,2.206490244032498
0.9,0.4,0.2,0.1,0.3,1.0,1.2182463993324533,-0.26788969851611394,-0.42616303106102804,1.4471663724447932,1.347242237017659
0.9,1.0,0.2,0.9,1.0,0.5,0.6674586077167675,0.5683981767787066,0.14197529107464602,1.5175047788300282,1.2128226854006012
0.8,0.0,0.4,0.6,0.5,0.9,0.3206904512060049,0.531575723115948,0.5365852465565335,2.0395256951184235,1.6960097349727803
0.6,0.9,0.1,0.5,0.9,0.9,0.3367265914690283,0.5550335489817131,0.3176854599287784,2.9939270854194056,2.6802352578012045
0.3,0.5,1.0,0.0,0.9,0.2,-0.4638268397252676,1.403296244806401,1.2227733274221777,0.6976427148831783,0.5980222626337379
0.3,0.7,0.6,0.5,0.9,1.0,-1.4684700027049211,2.6951675290959995,2.2238682614700025,3.6864672188692706,3.393717589137199
0.6,0.4,0.6,1.0,0.1,0.0,0.007321543461511815,0.978844910645442,0.8752245619211964,2.0651475564154986,1.97581278975291
0.1,0.9,0.6,0.2,0.1,0.8,-0.03515332009404701,1.3511070879178986,1.2721779256537746,3.5395129473028804,3.4744556732421614
0.3,0.7,0.6,0.5,0.7,0.6,-1.2073838087310078,2.3503503363239213,1.9563333195735617,2.854462630607805,2.5584851181151085
0.3,0.8,0.3,0.3,0.2,0.7,0.9051881146546775,-0.12106269472951767,-0.02024168268533954,0.782564205240475,0.8142434190221502
0.3,0.2,0.0,0.2,0.3,0.3,1.3071647394755412,-0.3354817112455326,-0.531848353339968,1.2499047875427973,1.034594163661031
0.9,0.4,0.8,1.0,0.3,1.0,-1.1199738133312485,2.2402860960440765,1.99303229452517,2.4512136720207582,2.2810515963048994
0.6,0.1,0.6,0.8,0.2,0.3,-0.477822678155511,1.336985728326365,1.3130244542994252,2.500832938397626,1.987411620842862
0.8,0.1,0.4,0.1,0.3,0.5,0.8528827877390264,0.09095831848439502,0.08592105253751865,0.5897787171028303,0.4855267445345809
0.2,0.3,0.1,0.9,0.7,0.3,1.1219914378940867,-0.10915084052242874,-0.2270380493949135,1.7005381083091782,1.6528685976026745
0.2,0.2,0.5,0.7,0.8,1.0,-0.7695696089528663,1.8289176966188936,1.692346189696466,3.697832827875549,3.5961000522168285
0.7,0.8,0.9,1.0,0.3,0.7,-1.5182195238168448,2.4053601396720916,2.4005237233455223,1.11798273073434,1.048604034741547
0.7,0.0,0.1,0.0,1.0,0.8,0.8651412252722199,0.060531633575397814,0.009412045795747268,1.4430550575473087,1.5310575382331069
1.0,0.3,0.9,0.1,0.0,0.3,0.7242794328454607,0.5700716079161151,0.46889645127552115,0.4958541203196911,0.24257971061981937
0.2,0.6,0.7,1.0,0.2,0.3,-1.0968537906122968,2.073262793180709,1.901155672441842,2.1430897232897395,2.1362638512567034
0.2,0.4,0.0,0.2,0.3,0.8,1.043139541759873,0.03732400652344449,0.05610969162645915,2.240811487148473,1.740050222062629
0.1,0.8,1.0,0.2,0.9,0.7,-1.1161131359688687,2.0911572878546645,1.9754529247750745,1.536354779748203,1.358227752274241
0.1,0.0,0.3,0.3,0.0,0.6,1.447267573625596,-0.2608394404419262,-0.3213466017516484,1.3995006115999336,1.3446923162478983
0.1,0.6,0.1,0.9,0.7,0.1,0.4670745246237993,0.6952424597483811,0.38474419125642373,2.4132936138936794,1.9987296811772426
0.1,0.8,0.5,0.4,0.5,0.9,-0.22483840104986041,1.1348550556775425,1.163583488596789,2.6866144333734137,2.4996351562920025
0.9,0.2,0.5,0.5,0.6,0.4,0.10549033578587261,0.7036874841511302,0.6697612461384478,1.889368681347288,1.6058236038665277
0.7,0.6,0.4,0.2,0.2,0.9,-0.08723403521183093,1.244235416724625,1.1958141698153846,1.838767058050813,1.7715868220979478
0.2,0.4,0.6,0.3,0.7,0.3,0.12230272506764732,0.9893470051950187,0.7395229376350553,1.9234011140502985,1.9812331447704674
0.6,0.1,0.4,0.9,0.3,0.3,0.4141902369061005,0.580011296276076,0.44253413639222583,0.8287267318675441,0.5657869175096238
0.1,0.7,0.8,1.0,0.2,0.3,-0.9696865133210547,2.0477417522492543,1.9844587316464009,1.5594862204242628,1.1548501337209407
0.4,0.0,0.1,0.2,0.6,0.3,1.6222858934078195,-0.6075446243223824,-0.8340202396483916,1.280980804728483,1.1683778452243576
0.6,0.0,1.0,0.8,0.1,1.0,-1.1768807098113951,2.1994100667715095,1.9458561654434634,2.9086690796859975,2.6601195143996064
0.8,0.3,0.3,0.9,0.3,0.7,0.4639049036131102,0.46304290968350403,0.30824382625705843,0.8205757774660641,0.3396017178285081
0.6,0.3,0.7,0.3,0.5,1.0,-1.0080629456436845,1.8863989751819625,1.6187237714155613,2.868708066933052,2.4908363814260044
0.9,0.9,0.2,0.4,0.4,0.2,1.8771524881666677,-0.9261823894322422,-1.0012931986742226,0.4167102910452557,0.5502496344657333
0.1,1.0,0.1,0.2,0.5,0.0,1.7587740491300854,-0.736466125026257,-0.5201520601779978,1.591453499574681,1.2333298594078037
0.9,0.4,0.3,0.8,0.9,0.7,0.6332196278814944,0.5224584624944866,0.24934803493367869,1.0671177187084473,0.8663759416214577
0.8,0.5,0.9,1.0,0.5,0.4,-1.1192662053772728,2.285551462208337,1.9770167179967513,1.1677704087839071,0.919974190972466
1.0,1.0,0.7,0.8,0.1,0.3,-0.36207085424044394,1.0915712906544681,1.2152335378250358,2.862288111272209,2.6637834039864194
0.0,0.9,0.0,1.0,0.6,0.0,1.195676230513458,-0.16171570935492993,-0.16206430614719847,2.413355555199949,2.1674004449624595
0.1,0.4,0.5,0.5,1.0,0.9,-0.1884658504871151,1.2043591630703767,1.0756536219776718,2.4085385876691245,2.30629764770566
0.9,0.1,0.6,0.0,0.0,0.7,-0.45225370701852574,1.377626395071133,1.003859739265784,3.0638369840319326,3.029803254802763
0.1,1.0,0.4,1.0,0.3,1.0,-0.18543620970763441,1.0675513874523714,1.136327317569941,2.847239057412263,2.807723071244418
0.9,0.0,0.5,0.6,0.7,0.3,0.552657933530733,0.3464915529215742,0.29624523804329794,2.0295312304177946,1.8373123989857836
0.4,0.0,0.6,0.4,0.0,0.4,0.4198650978588029,0.7258826251087181,0.6988526455107602,2.630228724492199,2.4188751369509385
1.0,0.5,0.6,0.3,0.0,0.6,-0.27037657437851437,1.270610466607243,1.0545024958056666,3.193040845328248,2.885749064758812
0.8,0.0,0.1,0.2,0.2,0.8,1.0468060388518288,0.010945172552307258,-0.2693391218883491,2.062885391549127,2.037787231607712
0.8,0.5,0.2,0.7,0.4,0.4,0.9307316142787122,-0.025683205779537373,-0.037440778269147,0.7884428724000327,0.7136117689592478
0.8,0.6,0.8,0.1,0.1,0.4,-0.7194315923291644,1.6588869547810554,1.5351481776491103,1.6404325491511575,1.2594862886549452
0.3,1.0,0.7,1.0,0.9,0.1,-0.7800342893384552,1.682597084381376,1.786957126522159,2.3568119700350594,2.0604440971064015
0.4,0.5,0.8,0.7,0.3,0.7,-1.3748571327304118,2.2986141975416543,2.050705653336001,1.9079814060202347,1.466299564965689
0.5,0.0,1.0,0.3,0.2,0.1,-0.020073251288848085,0.8364519225504413,1.001691727429818,0.6264685903226992,0.4314578927108838
0.0,0.2,1.0,0.1,0.6,0.5,-0.7477623834758212,1.8318861141423797,1.631266891085004,1.5621251245381171,1.112271117666053
0.0,0.3,0.0,0.4,0.1,0.7,1.0124745297151883,0.04784979191974109,-0.16589925399480507,2.858294781102184,2.498366808065094
0.4,0.2,0.7,0.2,0.4,0.7,-0.8689085936090201,1.8273887492222496,1.6809563688545137,1.9162434032992468,1.812722385383083
0.6,1.0,0.7,0.8,0.7,0.2,-0.9026353718483426,1.801642741278599,1.804481771358534,2.727649081090866,2.4563107018389476
0.3,0.6,0.0,0.6,0.3,0.4,0.6243884448402722,0.4074196890199407,0.3499819795082184,1.8691838039996402,1.6372336031700072
0.3,0.8,0.9,0.9,0.4,0.7,-1.4099422521686047,2.155426805347658,2.141741151057468,1.3178843188850513,1.0772863936304056
1.0,0.2,0.4,0.6,1.0,0.1,1.050123497399418,-0.02924408410892001,-0.25882388740736617,0.32842905521057925,-0.08046711903110637
0.0,0.7,0.4,0.5,1.0,0.0,0.7656537531773022,0.2763752127276192,0.2696246715484807,0.4012117385071607,0.18979523841401674
0.3,0.1,1.0,1.0,0.8,0.7,-1.7743925113283194,2.877441076243955,2.901491359846981,2.375778825548465,2.3021904259512174
0.6,0.4,0.9,0.2,0.6,0.0,-0.2122582843350285,1.1540285836634412,1.0227743500478448,0.2397829617280419,-0.01453005772093912
0.5,0.5,0.7,1.0,0.0,0.9,-1.4314116171958875,2.3805559086964254,2.530904588961154,3.961164228437049,3.7794476350726605
0.5,1.0,0.8,0.6,0.2,0.2,-0.6017932082490406,1.4586717687702562,1.3859628319087092,1.507357309241714,1.3888828344147954
0.4,0.5,0.2,0.0,1.0,0.2,1.418972115022527,-0.6405661364388033,-0.5066782846704223,0.18407772298186026,0.11661697491489961
0.9,0.3,0.3,0.7,0.9,0.5,0.979578956646977,-0.0003666726391762798,-0.0003890714740601431,0.6771855927406851,0.42602036168603774
0.8,0.8,0.8,0.6,0.7,0.2,-0.6086733350929008,1.770781566645847,1.1564857248720333,1.3086472936617781,1.281663222016267
0.4,0.0,0.9,0.0,0.6,0.8,-0.8227273721352025,1.9674107922118584,1.5586555018995063,1.3651436448802934,1.071121845067171
0.8,0.4,0.8,0.0,0.4,0.7,-0.4785452494238213,1.5427106367748888,1.2780780242819216,0.845407507082284,0.6201924040903635
0.6,0.7,0.1,0.9,0.7,0.5,-0.19097780434632827,0.9897944197552093,0.9279718880889228,2.3485728794768477,1.929301554585003
0.5,0.5,0.4,0.1,0.8,0.9,-0.20972391891457334,0.9357961174766569,1.0196373875357667,2.340725689616935,2.158987982445859
0.1,1.0,0.7,0.8,1.0,0.4,-1.0840129616597105,1.9584988253050524,1.8122619761333358,2.519447919654333,2.239199322415015
0.4,0.5,0.8,0.9,0.5,0.7,-1.5532194280104086,2.465429770236518,2.5342727007623473,1.935711217619564,1.7500589038469896
0.9,0.5,0.9,0.3,0.6,1.0,-1.227992588825768,2.184065334977449,2.107675386933257,2.5081111116967945,2.4314306903407057
0.8,0.8,0.3,0.1,0.3,0.9,0.7574947393116045,0.12514450446336634,-0.08200681934707982,0.8472255221149566,0.749360864103096
0.9,0.6,0.5,0.0,0.4,0.0,0.5518916352821153,0.40933012218465414,0.16463688651281544,0.5929414537792203,0.5684813362322375
0.9,0.1,0.8,0.7,0.4,1.0,-1.333279142201896,2.26774226324346,2.272313867199238,2.7430585162913093,2.410494631254162
0.2,0.9,0.2,0.3,0.3,0.3,1.8325708239217324,-0.8914085027797143,-0.8238393975309499,0.608923262905833,0.6362830455870788
0.1,0.1,0.0,0.9,0.5,0.3,0.7176061360714313,0.27914124768493276,0.1654282067727776,2.1388974346783516,2.0284081736528226
0.0,0.8,0.1,0.6,0.9,0.2,1.1880983734274748,-0.2679266411989006,-0.44974659783116666,1.5933157244856506,1.4020503268393079
0.2,0.9,0.5,0.2,0.0,0.5,0.7708151101098746,0.2831140819133543,0.19045366797904356,2.662956221992728,2.3432140948607945
0.3,1.0,0.0,0.7,0.4,0.1,1.1366044265930844,-0.03464341700425994,-0.34097881665334423,1.618170712873062,1.5489792850186284
0.9,0.5,0.2,1.0,0.5,0.3,1.1143310293366802,-0.19946224768683504,0.07281398060242858,1.0952023378083489,0.938840931260871
0.3,0.3,0.7,0.9,0.5,0.4,-0.5237206604865998,1.7320152512178189,1.3941260287658943,1.7778899117016238,1.349062214332942
0.1,0.7,1.0,0.4,0.0,0.8,-1.300882553440206,2.5747760448456254,2.166749378255809,2.4651286716406586,2.5082890853396584
0.2,0.8,0.6,0.9,1.0,0.1,-0.30115627744171314,1.3479201720117855,1.2502383939296566,1.6267038894430155,1.3939525412344478
0.1,1.0,1.0,0.9,0.4,0.0,-0.7347152177375516,1.58749425398271,1.408394062210436,1.0825500551189213,0.7033725960664035
0.0,0.2,0.4,0.9,0.9,0.7,-0.23359247483312076,1.0349220179198395,1.2202483858967481,2.0646906115293207,1.8363519460719055
0.4,0.4,0.7,0.6,0.6,0.8,-1.120218548146598,2.025039494369347,2.0352113516618986,2.783730296700647,2.707094158866563
0.8,0.4,0.1,0.5,0.6,0.8,0.5610830765233861,0.25580093373233237,0.33625141824030963,2.4236165947025956,2.089688208191044
0.5,0.4,0.4,0.7,0.5,0.7,0.31674705435692324,0.6815236790574615,0.48558212279998303,1.347715547200376,1.0401699281224919
0.0,0.3,0.2,0.3,0.7,0.5,1.2105934850478595,-0.3469447305056696,-0.41547713925668484,1.3605289764295847,1.289547414192856
0.3,0.5,0.3,0.2,0.7,0.4,0.9934450466808887,-0.05105612804175181,-0.23976693249198427,0.9817535752202635,0.8771777991044372
1.0,0.8,0.3,0.1,0.3,0.6,1.477278242186469,-0.49435593808388106,-0.6355695201520066,0.074607808453788,0.00809736908434426
0.1,0.7,0.1,0.3,0.1,1.0,0.4082138541706414,0.4555883725448151,0.5392462353451433,3.288886087278236,3.2528533171203873
0.7,0.6,0.9,0.7,0.8,1.0,-2.06801236220723,3.4130240446025892,3.048391406307613,2.9314462106489474,2.6109309323155774
0.3,0.4,0.4,0.7,0.2,0.5,0.9436599937950372,0.07949388694113778,-0.05228534674390137,1.0673747703475145,0.9383354968062319
0.7,0.9,0.7,0.0,0.9,0.1,0.06488718105120245,0.8778649206593194,1.0181809420089691,1.5078649169103522,1.2963480703148196
0.9,0.4,0.0,1.0,0.3,0.0,1.484982478659895,-0.5049723335053722,-0.6738615626859394,1.2062267323893576,1.0712059993020615
0.1,0.9,0.3,0.5,0.2,0.7,1.0071917976871598,-0.040590139611169154,-0.008701864330126319,1.6010982693510842,1.3047696979671022
0.5,0.4,0.4,0.6,0.7,0.1,1.02986894623691,-0.12118889013118651,0.012361614728806675,0.746794309285332,0.768479531401209
0.2,0.6,0.8,0.0,0.0,0.0,-0.18622540198404336,1.313904125080727,1.1300913809216915,1.133026214548029,1.0019524837503548
0.3,0.1,0.0,1.0,0.9,0.9,-0.36221767826030665,1.0687298222712336,1.0970020654691912,3.4992312006847186,3.356922842308946
0.9,0.4,0.0,0.7,0.9,0.7,0.5523504144148579,0.4118274727646902,0.28448600327726553,2.517841606307675,2.2153293794553273
0.3,0.2,0.1,0.0,0.1,1.0,0.8359369350859887,0.22045013299803343,-0.30137511216541857,2.9485128600554895,2.8228341028506545
0.9,0.3,0.1,0.5,0.8,0.1,1.5356224401102274,-0.592443618142169,-0.6300119916193098,1.4924378038410766,1.2005933547315462
0.4,0.1,0.7,0.2,0.5,0.9,-1.305436856205717,2.322213510015176,2.02258603900861,2.6441443989728244,2.667744229151725
0.3,0.3,0.1,0.5,0.3,0.7,0.973502608976537,0.0341638766258721,-0.0861990228796228,1.7044232563530868,1.4465179555971126
0.7,0.5,1.0,0.9,0.5,0.7,-1.9255536871596046,2.8884741124118003,2.4016810181383517,1.8239800407811877,1.611892881964363
0.3,0.8,0.3,0.1,0.0,0.1,1.9468390990967712,-0.8674850904752512,-1.1466612750098633,0.41643138450984735,0.1413984102909714
0.1,0.4,0.8,0.4,0.2,0.3,0.05669471669631085,0.8929134895820537,0.7046286897894474,1.0435429773041396,1.0767959241653735
0.6,0.9,0.2,0.3,0.8,0.1,1.6045792533655903,-0.5583058538828698,-0.6597441896761396,1.1261761028806823,0.8711877327882053
0.8,0.0,0.7,0.3,0.9,1.0,-1.0106736030982586,1.9748887402452702,1.8133227412833566,3.32410742344604,2.915065124148961
0.7,0.9,0.2,0.1,0.5,0.1,1.8216756580290907,-0.7787689068057729,-0.987249650474641,0.3564782397182143,0.1460809026326381
0.8,0.5,0.6,0.7,0.3,0.1,-0.02997904818950034,1.2226747614536333,1.1353272777114851,1.8690422962410471,1.6309092179023073
0.4,0.4,0.5,0.0,0.1,0.1,1.2931424377991787,-0.3091391437494123,-0.3804221745175856,1.177629448513681,0.8541648420185117
0.4,0.3,0.4,0.4,0.1,0.0,1.6158740264917886,-0.7132489133587261,-0.7165312438204707,0.5587636280928437,0.3354628505223777
0.9,0.7,0.2,0.4,0.9,0.2,1.1096810280089662,0.04464403385296878,-0.15236164622127574,0.6275651327197684,0.2071782250013811
0.9,0.7,0.4,0.3,0.5,0.4,0.5894738568138392,0.23422383791046666,0.34683858200816264,0.6141307207954783,0.5136704874878003
0.2,1.0,0.7,0.4,0.3,0.6,-0.7039058450683813,1.9751932808717902,1.6805047116426892,2.493312672943167,2.3529441640280138
0.0,0.7,0.1,0.9,0.4,0.8,0.2766769829417724,0.7345146071253797,0.8843118344823504,2.5963767546303673,2.2276181906154093
0.7,0.3,0.9,0.5,0.3,0.4,-0.3665045191501852,1.4810822228607334,1.3186706494740204,0.21047908668889176,0.12421041109502204
0.5,0.5,0.1,0.6,0.4,0.2,1.2150851724249374,-0.08965428626572435,-0.1409149142960933,1.1310994470707816,0.9862173297826943
0.9,0.4,0.3,0.9,0.7,0.6,0.6541592061716104,0.15557178866627616,0.06873294254537468,1.227338833410864,0.9377088127160051
0.0,0.7,0.2,0.8,0.6,0.8,0.03540194841320621,0.9380118641215387,0.951235183368816,2.32216239588301,2.0471528266237184
0.2,0.4,1.0,0.2,0.4,0.3,0.07129173048642198,1.0219333199429557,0.9259406431121696,0.3453700721714214,0.08538367320521247
1.0,0.0,0.7,0.3,0.3,1.0,-0.1851079792731588,1.6310406802066675,1.3751150117314237,2.870699665244086,2.4908890877037533
1.0,0.4,0.4,0.3,1.0,0.0,1.659372201779374,-0.6854684282720399,-0.8023724102914334,0.027797172987318985,-0.288505327290887
0.8,0.7,0.3,0.1,0.5,0.9,0.2494421509440569,0.7312999186597307,0.7075971280714113,1.121083210866292,0.8017341177233503
0.1,0.6,0.1,0.0,0.4,0.8,0.3167540562653949,0.47815519001902934,0.60835908220402,1.9379610788434507,1.8345651288128588
0.7,0.2,0.1,0.5,0.4,0.3,1.1478251417263399,-0.22863020547593332,-0.3165043984683038,0.9942134920908208,0.9846970932728137
0.5,0.6,0.4,0.5,0.3,1.0,-0.42697373121059345,1.3915279215181777,1.321230346373489,2.1458635656234235,2.111181062271899
0.0,0.1,0.7,0.2,1.0,0.4,-0.653637635349018,1.3719237744005754,1.6176275500041517,2.027915328416683,1.8051312137786595
0.2,1.0,0.1,0.8,0.6,0.8,0.02237664004309682,0.8262023181024798,0.8637289553523033,3.28345196286912,2.998727083910845
0.2,0.8,0.9,0.5,0.5,0.3,-0.46861144304096863,1.2203856239182955,1.2181086074900753,0.7599100579616496,0.3367562653955661
0.3,0.9,0.6,1.0,0.0,0.3,-0.12529678090449836,0.8571083799009851,0.8548528522042804,3.041298043612976,2.72142396439943
0.1,0.6,0.6,0.1,0.7,0.6,-1.2070841458738855,1.9267736212876287,1.960520382972245,2.8160850029932756,2.618599718383139
0.7,0.4,0.1,0.8,0.4,0.4,1.1305685034892519,-0.19936979491793927,-0.2721135940982142,1.0447726872144079,0.8825938350544309
0.5,0.5,0.1,0.7,0.3,0.1,1.1437035421855004,-0.2580326000690989,-0.21752372533773628,1.0900803563447687,1.0979877840421706
0.8,0.0,0.1,0.6,0.8,0.7,0.6227942512031681,0.51340776303685,0.2503057703230046,2.5113184961674793,2.3765193014381887
0.4,0.7,0.0,0.8,0.7,0.4,0.2553346742242173,0.540179493246916,0.5208621047098762,2.453322055331064,2.1693809597964164
0.0,1.0,0.1,0.9,0.0,1.0,0.33146395900897785,0.7108155360314231,0.6816760795442279,4.472574600660666,4.292958823043124
0.1,0.9,0.6,0.0,0.7,0.9,-0.37474673829031135,1.5135206123398193,1.3501996785244992,3.695944638264528,3.585082579369777
0.3,0.7,0.3,0.9,0.2,0.9,-0.06844214900477705,1.065806843155158,0.9962740053409803,1.7533188196042255,1.5209276821041484
0.1,0.7,0.3,0.1,0.9,0.9,0.15501115552787828,0.7025245425647535,0.8217711698054738,1.4464674091936585,1.3455296373946528
0.3,0.3,0.4,0.1,0.5,0.9,0.8242744043590181,0.4802926071800992,0.23105435619552206,1.329507373875799,1.0165115358109942
1.0,0.7,0.9,0.4,0.5,0.2,-0.48484617347921666,1.5549802590330182,1.294372033935827,0.39337104443944304,-0.0008079867203566321
0.9,1.0,0.0,0.0,0.9,0.6,0.8403380531784997,0.31943850268339224,0.20773277957709252,2.188701206637763,1.9741769201960055
