X1,X2,X3,X4,X5,X6,X7,X8,X9,X10,X11,X12,y1,y2,y3,y4,y5
0.5,0.8,0.9,0.5,0.0,0.0,0.1,0.7,0.6,0.9,0.2,0.4,-1.0744508593530815,1.958461365363592,1.862755511549791,2.524877408433282,2.249606013393761
0.5,0.2,0.4,1.0,0.2,0.4,0.7,0.7,0.9,0.1,0.7,0.0,1.2681174344853585,-0.10991941755881507,-0.5669789894920313,2.2240318874405753,2.110044831013964
0.6,0.9,0.9,0.7,0.6,0.9,0.1,0.0,0.1,0.8,0.8,0.3,-2.126340982050409,3.2036435242597516,2.9240231355296524,2.4781194569969682,2.096889895499495
1.0,0.9,0.8,0.7,0.3,0.6,0.5,0.1,0.9,0.3,0.4,0.8,0.5860374252293623,0.5738484273351381,0.3964020626446755,3.420893419827436,3.289895282269041
0.1,1.0,0.4,0.0,0.3,0.9,0.2,0.0,0.4,0.9,0.2,0.7,-0.8496220894765595,1.6780460327677367,1.6855166639330792,2.4107412924488756,2.1243383897029147
0.7,1.0,0.9,0.8,0.6,0.9,0.3,0.7,0.7,0.4,0.5,0.9,-1.4225914364125736,2.555310879123266,2.387827572567839,2.869452625052491,2.6516635776434194
0.3,0.6,0.8,0.0,0.2,1.0,0.7,0.7,0.9,0.7,0.3,1.0,-0.2690711676039614,1.174693682074945,1.187477968332629,4.347694466391747,4.077663770402745
0.0,0.8,0.7,0.7,0.1,0.1,0.3,0.0,0.8,0.6,0.4,0.5,-0.6249860069327634,1.609066260869263,1.6732479112112029,1.9874875766267706,1.9606012288695454
0.6,0.2,0.5,0.7,0.8,0.4,0.4,0.7,0.7,0.4,0.9,0.0,0.10514334104731797,0.9410850338437885,0.7908413661017213,2.231325172725239,2.1892572799672445
0.2,0.0,1.0,0.7,0.1,0.7,0.9,0.8,1.0,0.4,0.0,0.1,-1.0816676473501219,2.002516389349534,1.8416485794685153,2.1651380104966083,1.7616463394746886
0.9,0.8,0.2,0.3,0.1,0.2,0.7,0.2,1.0,0.6,0.0,0.9,1.7664364687242127,-0.7760140986244533,-1.1517588324971086,3.913282001879226,3.5633334718145897
0.2,0.6,0.6,0.2,0.7,0.7,0.0,0.6,0.5,0.1,1.0,0.4,-0.6197157375525826,1.5287964304626414,1.435931420459751,2.7568684309254348,2.6082161358743945
0.6,0.0,0.6,0.5,0.1,0.2,0.1,0.5,0.4,1.0,0.0,0.7,0.029968324244509823,0.9911123953685586,0.9013053427568194,2.2242122689284076,1.9639214278729016
0.8,0.9,0.5,0.7,0.0,0.9,0.3,0.9,0.1,0.4,0.4,0.6,-1.8696839835609413,2.6012537121528077,2.7446774012163124,1.4942103160269848,1.2260770123021116
0.8,0.8,0.9,0.2,0.7,0.5,0.5,0.4,0.5,0.8,0.5,0.8,-0.2232889728542211,1.1421720606535446,1.437291361298577,4.621619801752968,4.123404905519841
0.1,0.1,0.8,0.7,0.0,1.0,0.3,0.4,0.2,0.0,0.3,0.5,-0.7733601984127128,1.7965744842699167,1.6431463364261063,1.1447618838683526,1.0159173887180402
0.1,0.2,0.4,0.3,0.0,0.6,0.0,0.7,0.2,1.0,0.8,0.3,0.3975030439161186,0.8037280736602967,0.5628291023853526,2.858133524226899,2.5585263250336907
0.0,0.8,0.4,0.2,0.9,0.0,0.3,0.8,0.1,1.0,0.4,0.3,0.18421618688400146,0.7427650415388085,0.7992368149531396,2.5928514297532166,2.037488952673617
0.3,1.0,0.6,0.7,0.3,0.5,0.3,0.2,0.4,0.4,0.0,0.3,-1.5544918342038658,2.4430352866672433,2.201900242658886,0.8506439498593563,0.766466743033262
0.3,0.8,0.3,0.5,0.6,0.7,0.5,0.1,0.7,0.0,1.0,1.0,0.37780845977853744,0.7197084041281625,0.5551871169888665,3.1701164530836565,2.835664105370609
0.2,0.8,0.2,0.1,0.4,0.0,0.4,0.1,0.7,0.3,0.1,0.6,0.19377197168005605,0.7923323070018202,0.45310533353396554,2.033341950428413,1.9165002686963946
0.6,0.9,1.0,0.6,0.9,0.6,0.0,0.0,0.2,0.9,0.6,0.0,-1.4491597967147947,2.454662568636041,2.250745185899807,3.413182717583378,3.2269785793743586
0.6,0.7,0.0,0.3,0.9,0.0,0.3,1.0,0.4,0.7,0.5,0.3,1.183553614086017,-0.17964717926632928,-0.17824714097023078,2.889460315281942,2.786868156765731
0.8,0.8,0.0,0.6,0.7,0.9,0.5,0.4,0.9,1.0,0.5,0.2,1.7618875304667572,-0.8712873828447216,-0.8862978322559742,3.363880960124171,3.246672902636694
0.5,0.6,0.6,0.8,1.0,0.7,0.7,0.7,0.2,0.6,0.0,0.5,-1.2965190694430417,2.1612414581184582,1.9941994549249797,2.0151998149520622,1.6819342435246076
0.2,0.1,1.0,0.8,0.5,0.9,0.4,0.9,0.1,0.2,0.0,1.0,-3.1048402067884666,4.060356248211139,3.9718088459878738,0.9033991660107275,0.572026446991547
0.4,0.7,0.0,0.6,0.2,0.4,0.3,0.6,0.7,0.6,0.3,0.0,0.4349450740680405,0.31510833809326866,0.34128619015777373,1.4430649275658218,1.4731189769830417
0.6,0.4,0.7,0.6,0.2,1.0,0.9,1.0,0.5,0.9,0.9,0.9,-1.434714607321969,2.5841114403338037,2.3738443842851567,5.287118167981636,4.990374984909881
0.8,0.6,0.4,0.2,1.0,0.9,0.4,0.0,0.0,0.3,1.0,0.4,-0.4962695730668641,1.5015687092131003,1.5619883503052565,3.9750905195991835,3.7610515182208473
0.9,0.3,0.9,0.1,0.2,0.5,0.4,0.0,0.8,0.2,0.3,0.9,-0.09276197182707505,0.9437355468941272,0.7831712676734778,4.506577304943208,4.1107504997711235
0.9,0.4,0.4,0.8,0.2,0.1,0.6,0.3,0.8,0.9,0.7,0.0,1.7525259446366257,-0.9586818402081486,-0.9017603818535085,3.0946609205053406,2.9441172764129115
0.5,0.2,0.2,1.0,1.0,1.0,0.8,0.5,1.0,0.0,0.5,0.9,1.8422876474416139,-0.8052929263950851,-0.867335796137203,3.042435620859733,3.0418019518609767
0.8,1.0,0.6,0.6,0.0,0.4,0.7,0.3,0.0,0.1,0.6,1.0,-1.464627845687059,2.5075265148473562,2.452140771482839,2.941964051621285,2.7257242778563957
0.0,0.6,0.1,0.6,0.4,0.2,0.5,0.4,0.6,0.2,0.9,0.2,0.32707332796962096,0.26848823184018056,0.4820271638265845,1.7116937126424643,1.6711061067505653
0.7,0.5,0.0,0.7,1.0,0.8,0.8,0.8,0.0,0.7,0.2,0.0,-1.116527841030114,2.165534624967069,1.93822049663129,1.2766407477394384,1.2350368843583515
0.7,0.1,1.0,0.1,1.0,0.9,0.5,0.1,0.5,0.9,1.0,0.6,0.08793621981580484,0.8394150579936615,0.6939941269397217,5.709157173853551,5.231754727297277
0.4,0.9,0.8,0.7,1.0,0.5,0.1,1.0,0.8,0.0,0.5,0.3,-0.6604702146010004,1.6726807164213402,1.523494486213395,2.5004908895834723,2.280062603366808
0.9,0.0,0.4,0.8,0.6,0.2,0.4,0.3,1.0,0.2,0.0,0.0,1.7943601769869066,-0.8738787494587714,-1.023037566762777,0.4627311910560831,0.08959991535412794
0.4,1.0,1.0,0.2,0.5,0.0,0.0,0.3,0.8,0.5,0.3,0.1,0.4404882187344955,0.604635191958354,0.3946126565359263,2.4999654049644873,2.524361416528581
0.4,0.7,0.3,0.2,0.2,1.0,0.2,0.6,0.6,1.0,0.0,1.0,-0.748375092534808,1.7524419857420428,1.741533651733373,4.0032301830354236,3.7331014164596996
0.1,0.5,1.0,0.6,0.5,0.8,0.8,0.5,0.5,0.7,0.5,0.9,-0.9276137586266933,1.8351729413406546,1.9161974235356332,2.9761181326617665,2.872383936889529
0.1,0.3,0.9,0.3,0.3,0.3,0.6,0.1,0.3,0.0,0.5,0.0,-0.47776015724772614,1.402855317470901,1.3323597779689873,2.2903147970672593,2.137504791430607
0.5,0.2,0.7,0.6,0.4,1.0,0.0,0.2,0.4,0.8,0.7,0.6,-0.4552815709420269,1.5935057627380698,1.4525763651985624,3.444960303946103,3.2463333222268593
0.7,0.7,1.0,1.0,0.1,0.7,0.7,0.3,0.8,0.3,0.0,0.6,-0.8370639132717548,1.9525730766181606,1.672734844033833,2.53956129519289,2.146314307865545
0.3,0.0,0.6,0.5,0.9,0.6,0.4,0.6,0.6,0.2,0.2,0.4,-0.4137909055994866,1.5931037291327312,1.389127942195693,2.067469526455304,1.806137773541869
1.0,0.1,0.2,0.3,0.9,0.3,0.6,0.7,0.0,0.3,0.3,0.6,2.0125331663984443,-0.9266441006413045,-1.2019954480613317,2.4532115689765086,2.1885619294384533
0.8,1.0,0.6,0.5,0.1,0.3,0.2,0.6,0.3,1.0,0.6,0.7,0.40833161605038537,0.6495280611271281,0.5947528004683729,3.457768692784491,3.494245498943735
0.2,0.8,0.0,0.1,0.8,0.6,0.0,0.0,0.1,0.2,0.7,0.7,-0.6028454760226257,1.676408261585473,1.5593692496007705,2.591720181034943,2.467610794472871
0.4,0.4,1.0,0.0,0.1,0.0,0.8,0.5,0.6,0.2,0.5,0.4,-0.11623313515077405,0.9858940625998671,1.0969886290215,3.2991201433873236,3.0317642664534667
0.3,0.0,0.6,0.2,0.1,0.9,0.4,0.4,0.0,0.9,0.8,0.7,-0.8305220851579872,1.8438961123828579,1.9776836089647185,3.6183733027211438,3.5348533451310695
0.7,0.6,0.1,1.0,0.7,0.2,0.4,0.5,0.6,0.7,0.2,0.0,0.13479391414282987,0.6788964204500768,0.5568730009997629,0.4163271078050882,0.0772495986660032
0.5,0.2,0.7,0.9,0.9,0.7,0.1,0.1,0.4,0.6,0.5,0.6,-0.5920018075033886,1.7830261298935683,1.7379774765735168,1.982937099954938,1.656687221766428
0.4,0.1,0.1,0.5,0.1,0.2,0.6,0.2,0.3,0.3,0.2,0.3,1.1840694430874108,-0.39269739880336213,-0.5158754682840686,0.5379047349257295,0.45818884028657697
0.0,1.0,0.0,0.1,0.5,0.0,0.5,0.8,0.8,0.0,0.0,0.0,-0.07149450181017872,1.1206518249071187,1.1065387301150837,1.5567391741839431,1.1264182744528382
0.9,0.8,0.5,0.9,0.3,0.4,0.0,0.9,0.8,0.6,0.3,1.0,-0.5604836470716686,1.4434883704963828,1.7489516082851615,2.2233739595695394,2.089696773148918
0.9,0.9,0.0,0.8,0.1,0.6,0.6,0.1,0.3,0.7,0.3,0.2,0.9106572575191273,0.1448161949799474,0.14119982920395643,1.6597181195681576,1.4743551681003837
0.3,0.0,1.0,0.2,0.8,1.0,0.2,0.9,0.0,0.1,0.3,0.9,-2.004477250294826,2.8548985259933497,2.720489187757164,2.662546218924473,2.4667878074261087
0.4,0.8,0.8,0.8,0.2,0.8,0.6,0.4,0.9,0.0,1.0,0.5,0.312293817237228,0.6345535940700804,0.4339041003900839,3.348248053652921,3.2939547152631627
1.0,0.5,0.6,0.1,0.7,0.6,0.5,0.7,0.1,0.9,0.7,0.5,0.02645272158664376,1.0576920386808926,0.9930855994807378,4.695243942628348,4.308404898306559
0.6,0.7,0.6,1.0,0.7,0.5,0.6,0.8,0.7,0.4,0.2,1.0,-2.1480766052064433,2.9325595397554776,2.9155897888505464,1.9587978863297417,1.795704308789898
0.4,0.0,0.0,0.3,0.5,0.9,0.0,0.3,0.6,0.5,0.1,1.0,-0.6434535947258583,1.6326308868368211,1.6788133788945212,2.2306589858454453,1.9382286801967312
0.1,0.8,0.4,0.7,0.0,0.1,0.7,0.1,0.5,0.4,1.0,0.5,0.4873747732276378,0.5650986263504353,0.3127002766088741,2.2609366567775786,2.104716354486168
0.6,1.0,0.2,0.5,1.0,0.3,0.9,0.3,0.9,0.5,0.1,0.9,1.6397906961320887,-0.7669692912207084,-0.6313723793315569,3.3526680170350383,3.158144346436518
0.7,0.7,0.0,0.8,0.6,0.1,0.2,0.0,1.0,0.4,0.4,0.6,1.7440581686744319,-0.7414195352879409,-0.7397235383289773,1.2697328531962309,1.2352612701365542
0.1,0.0,0.9,0.4,0.9,0.3,0.0,1.0,0.5,0.1,0.1,0.9,-1.4452773225123194,2.256062983955131,2.4055739198760158,2.199476197818952,2.1598420727910015
0.6,1.0,0.0,0.2,0.8,1.0,0.3,0.7,0.2,0.5,0.6,0.0,-0.2375227851103701,1.265471061240891,1.367802098696055,3.3252272881831653,3.0973860359058007
0.4,0.2,0.3,0.1,0.0,0.5,0.7,0.0,0.2,0.2,1.0,0.0,0.5215828819921968,0.47482121910074315,0.4121010551963106,2.5557712420035594,2.234906297955165
0.9,0.5,0.1,0.1,0.6,0.3,0.2,0.1,0.1,0.2,0.7,0.5,0.8921218980711471,0.16722664456343214,0.12019111516267372,2.7165974834667574,2.696362824258019
0.2,0.9,0.4,0.7,0.3,0.5,0.0,0.2,0.1,0.4,0.9,0.4,-0.5790314871044877,1.3455469940348141,1.434736954622575,1.6897568165074146,1.4047187235702585
0.6,0.9,0.3,1.0,0.8,0.8,0.7,0.1,0.8,1.0,0.7,0.8,0.8952973859177094,0.22674860018333914,0.04577350410189365,3.519842174422787,3.414717060825846
0.9,0.2,0.2,0.5,1.0,0.5,0.3,0.5,0.9,1.0,0.2,0.7,2.937707331661516,-2.0177919196726135,-2.220332090059741,3.6686736444727126,3.348616345443618
0.4,0.1,0.6,0.9,0.8,0.1,0.8,0.1,0.6,0.2,0.6,0.1,-0.5333935608526148,1.5735636202987437,1.3078377629376232,1.713336478377679,1.710495652122514
0.8,0.3,0.7,0.0,0.7,0.0,0.0,1.0,0.7,0.3,0.9,0.5,-0.07905932895563186,1.1289836773555573,0.9140958901442398,3.6489295050111754,3.311067288979245
1.0,0.2,0.5,0.1,0.2,1.0,0.5,1.0,0.3,0.3,0.6,0.1,-0.19899127443314937,1.1015124954561586,1.1784117059521808,4.192742680748485,3.815635432368506
0.8,0.1,0.8,0.6,0.4,0.6,0.9,0.5,0.4,1.0,0.7,0.2,0.4900320382550356,0.5247799606194403,0.28932152150263396,4.235573493443632,3.8656276206222393
0.0,0.2,0.0,0.5,0.9,1.0,0.4,0.1,0.4,0.5,0.2,0.9,-0.19218543769215937,1.1971550603751775,0.9600945832338301,2.7502423003904557,2.2895531811514305
0.3,0.1,0.5,1.0,0.1,0.1,0.7,0.1,0.2,0.6,0.0,0.7,-0.27388648250207714,1.355554725624585,1.4307346525295939,0.43265359651270163,0.3745499479469695
0.7,0.4,0.3,0.2,0.7,0.8,0.5,0.2,0.4,0.9,0.2,0.2,1.0090959196511928,0.19713192504472526,0.0764382923711362,2.265038096036483,2.0429942179040883
0.3,0.5,0.9,0.6,0.4,0.9,0.0,0.2,0.8,0.3,1.0,0.7,-0.23039543459471745,1.2497865792675051,1.1942942227168292,2.9868215850355737,3.1165616216868752
0.3,0.9,0.2,0.3,0.8,0.8,0.0,0.2,0.6,1.0,0.8,0.3,0.18916361372341098,0.6675218342014023,0.5493661824746632,3.4097154587622596,3.1292595234672747
0.6,1.0,0.4,0.9,0.7,0.6,0.3,0.2,0.9,1.0,0.1,0.5,0.6411002126504483,0.43081972977709815,0.06255245481170638,2.099115072673861,1.7853316990309764
0.5,1.0,0.6,0.9,0.4,0.6,0.7,0.8,0.5,0.7,0.2,1.0,-2.0442140867210488,3.5728418728081817,3.1303181765224792,2.022688068118215,2.1701866622922155
0.5,0.3,0.4,0.5,0.9,1.0,0.2,0.4,0.0,1.0,1.0,0.3,0.2085791657935354,0.8828733108683463,0.3712464570455429,3.156304405667733,3.1317406945003627
1.0,0.5,0.2,1.0,0.6,0.2,0.8,0.0,0.2,0.6,0.4,0.8,1.3113864401502444,-0.39820331980705326,-0.6185377439726829,1.3229738859757627,0.8341266225395053
0.4,0.3,0.4,0.9,0.8,0.3,0.5,0.2,0.0,0.7,0.9,0.8,0.574411965494714,0.6510145628956909,0.4952069649803757,1.4413947843516146,1.2770535322880292
0.1,0.4,0.6,0.1,0.6,0.9,0.3,0.4,0.3,0.7,0.3,0.8,-0.30323364881419795,1.3024674192269992,1.169563637922484,2.0354778327447995,1.934808552078661
1.0,0.3,0.4,0.4,0.4,1.0,0.6,0.3,0.0,0.4,1.0,0.6,0.7167150393649538,0.5106240291978373,0.16095397240407563,3.968105507027923,3.9214992640183337
1.0,0.4,0.9,0.3,0.0,0.6,0.2,0.9,0.2,0.9,0.0,1.0,-1.7340170824368175,2.920499777973749,2.7153191729629125,4.061506911796011,3.8489606148551903
0.1,0.2,0.4,0.6,0.0,0.6,0.0,0.0,1.0,0.2,0.6,0.4,0.2235337114992869,0.567622979613849,0.5425493880243591,2.008232277718035,1.906504619284652
1.0,1.0,0.1,0.5,0.8,0.2,0.2,0.6,0.5,0.1,0.2,0.7,1.5507285416551435,-0.550486613536406,-0.6606357097896298,1.8446535859484923,1.4262505098136085
0.6,0.7,0.4,0.5,0.7,0.2,0.3,0.7,0.4,0.1,0.5,1.0,0.7649858933368048,0.3131163157529433,0.2623654693077864,1.9757968133185357,1.8785583614162304
0.8,0.3,1.0,0.1,0.0,0.8,0.8,0.4,0.4,0.2,0.6,0.8,-0.4147780283531039,1.211549828709435,1.018353895020172,3.8507976767273635,3.8876151309835856
0.5,0.7,0.7,1.0,0.9,0.7,1.0,1.0,1.0,0.8,0.8,0.9,0.1523921538249131,1.0672852351662252,0.8023351830755648,4.78466266177527,4.447670910377728
0.4,0.9,0.6,0.2,0.3,1.0,0.4,0.3,0.5,0.2,0.6,0.9,-1.4114087955840455,2.558400415729386,2.420022870530203,4.723194623002302,4.454794577216516
0.6,0.0,0.4,0.7,0.3,0.7,0.6,0.5,0.0,0.2,1.0,0.9,0.33690456952090625,0.7829161215276114,0.5876470430760006,2.384061711784983,2.1631483925945307
0.9,0.3,0.2,0.5,0.1,0.7,0.9,0.8,0.7,0.3,0.1,0.7,-0.2013190167076642,1.4992681252455649,1.1084519900949643,2.5792188629477355,2.30772269050236
0.3,0.7,0.9,0.3,0.8,1.0,0.7,0.4,0.9,0.8,0.9,1.0,0.18523576229767402,0.7651247290411922,0.5024895080886649,5.792544870753726,5.506961468753535
0.5,0.6,0.0,0.3,0.3,0.5,0.1,0.8,1.0,0.5,0.2,0.3,0.378339023447259,0.5654391641899931,0.4294126088888236,2.8150428203126894,2.361109956092184
1.0,0.3,0.7,0.6,0.8,0.7,1.0,1.0,0.8,0.2,0.7,0.7,0.4562028233827817,0.37644708837745205,0.22563109052310792,4.073440827876396,3.7813872896805356
0.8,0.7,0.2,0.3,0.7,0.0,1.0,0.4,0.0,0.8,1.0,0.9,1.6182396342294505,-0.8099504247302871,-0.6415442691921966,4.038933792889058,3.9830782472436086
1.0,0.4,0.2,0.7,0.8,0.3,0.4,0.0,0.7,1.0,0.7,0.9,1.3113737904607188,-0.3228022636677931,-0.7325695353717787,3.9603300471747245,3.5136304867408503
0.8,0.7,0.1,0.4,0.8,0.3,0.9,0.4,0.2,0.9,0.0,0.1,1.0542538892229445,0.10450693495147877,0.17810235865100738,2.5384403661650112,2.562642085493943
0.2,1.0,0.8,0.3,0.6,0.9,0.7,0.8,0.6,0.9,0.9,0.9,-1.900342906753022,2.9032250092857828,2.929594295846852,5.010403981136059,4.8842009964118756
0.8,0.2,0.1,0.6,0.4,0.9,1.0,0.3,0.1,0.3,0.6,1.0,0.3665148286308354,0.7506441756642017,0.6394374470471548,2.773239543854989,2.840287675355801
0.5,0.4,0.9,0.6,0.8,1.0,0.4,0.0,1.0,0.3,0.9,0.3,-0.322590010382849,1.5392732210062712,1.2172520165450138,3.572845067847788,3.4577081019133433
0.8,0.2,0.8,0.7,0.4,0.6,0.4,0.7,0.5,0.5,0.4,0.7,-0.31546200430723426,1.151464961944603,1.2105019548308333,1.8716549831964864,1.89455478667914
0.7,0.2,1.0,1.0,0.8,0.1,0.7,0.1,1.0,0.5,0.1,0.8,0.32485733742572603,0.5488063990979689,0.4131440205004672,2.2041774155460283,2.125932071882691
0.1,0.2,0.2,0.0,1.0,0.3,1.0,1.0,0.3,0.4,0.7,0.7,1.7281955949566363,-0.8489496535345666,-0.9258799788355879,3.010868128909169,2.8059871110720196
0.3,0.7,0.6,0.5,0.7,0.2,0.7,0.5,1.0,0.5,0.8,0.7,1.3639243261409324,-0.49464590905209616,-0.8530442261194531,3.301920305177845,3.2111637547662872
0.1,0.4,1.0,0.2,0.1,0.4,0.7,0.6,0.4,0.1,0.3,0.0,-0.1659875449657473,1.125072367683248,0.9409891610713019,2.378676661176641,2.064742258276174
0.1,0.4,0.0,0.0,0.2,0.4,1.0,0.8,0.7,0.3,0.1,1.0,-0.8314128794456228,1.8078531169721952,1.7039056976483606,2.9208043834038238,2.7107931830310097
0.0,0.5,1.0,0.7,0.1,1.0,0.4,0.8,0.4,0.2,0.1,0.3,-2.8218316044640006,3.8941752294535914,3.718772605059575,1.2657559746829747,1.0800199952889085
0.1,0.7,0.7,0.0,0.7,0.2,1.0,0.3,0.4,0.0,0.4,0.4,0.3091670381612903,0.4931928312822292,0.5005627588412707,1.6381841379542854,1.7224647401372157
0.4,0.4,0.2,0.2,0.4,0.3,0.0,0.2,0.3,0.5,0.1,0.0,0.04298219144257476,0.9574817242678513,0.6867712174416638,1.0624300271052836,0.6597464884725824
0.9,0.3,0.8,0.6,0.7,0.0,0.8,0.0,0.4,0.8,0.8,0.3,0.4043229278782591,0.42468394043126767,0.40475623601711797,3.513579444817264,3.3256718569254917
1.0,0.1,0.2,1.0,0.7,0.6,0.7,0.3,0.0,0.3,0.3,0.3,1.209401001060933,-0.1769327289676217,-0.12475375720453533,0.508463442457448,0.21230458050224843
0.1,0.2,0.0,0.3,0.7,0.5,0.8,0.0,0.4,0.1,0.4,1.0,0.7378092494428011,0.29574713237226796,0.3888009299079962,2.5554956725296267,2.2724754184966383
0.6,0.8,0.8,0.0,0.0,0.6,0.6,0.8,0.9,0.3,0.9,1.0,-0.6976157216758466,1.7738769798167227,1.764915754679138,4.828680319982469,4.590715649626475
0.7,0.1,0.0,0.3,0.1,0.9,0.3,0.9,0.3,0.2,0.6,0.1,-0.5398936466651569,1.2727145791726842,1.2709986101979802,3.0043824368677687,2.97147677916167
0.7,0.3,0.7,0.0,0.3,0.3,0.8,0.9,0.0,0.9,0.5,0.3,-1.633055620379935,2.611462724702888,2.5193259348276773,2.9717814151312885,2.798852841858995
0.4,0.4,1.0,0.0,0.8,0.8,0.7,0.8,1.0,0.3,0.2,1.0,-0.49124530797814414,1.7274997732146162,1.4140277088290516,3.4760921186662244,3.1982411974994496
0.3,0.1,0.9,0.9,0.4,0.5,0.9,0.4,0.8,0.6,0.5,0.0,-0.031727259862133254,1.1292011030617548,0.8103521755773329,2.104932896931058,1.9501637430737528
0.8,0.6,0.6,0.8,0.6,1.0,0.4,0.0,0.4,0.5,0.4,0.9,-1.1888331836123114,2.2298942729595246,2.0590457154244364,2.3724075561802986,2.093443727807406
0.2,0.0,0.2,0.3,0.6,0.8,0.7,0.2,0.1,0.3,0.1,0.2,-0.2459215539204088,1.2775379585964157,1.1552622139470943,0.7207833590690146,0.6959442946674879
0.2,0.3,0.9,0.2,0.6,1.0,0.2,0.9,0.1,0.1,0.5,0.4,-2.4311997624867545,3.442298897178411,3.265732307752055,2.48559717129595,2.119089212070728
0.8,0.4,0.7,0.2,0.3,0.0,0.5,0.8,0.2,0.9,0.4,0.0,-0.21927980652389845,1.2536891936726944,1.1851786515143061,3.2994741888960766,3.20774406831081
0.0,0.3,0.4,0.9,0.6,0.7,0.6,0.8,0.0,0.8,0.0,0.5,-1.887110755528662,2.7139610492807336,2.5757738369621404,0.3103878143788254,-0.022613576181350827
0.2,0.0,0.8,0.6,0.1,0.9,0.5,0.0,0.0,0.8,0.1,0.3,-2.930069104925749,3.886555523972436,3.7430529414965013,1.1919164063374659,1.221777044012544
0.7,0.5,0.1,0.2,0.6,0.3,0.2,0.1,0.8,0.6,0.5,1.0,0.9508593942139401,-0.021866098704299574,-0.20990580842146456,3.1297471098862637,2.902717078003631
0.9,0.1,0.5,0.1,1.0,0.6,0.3,0.0,0.5,0.7,0.3,0.2,0.1996877135803135,0.8327310218320277,0.5988304161523783,3.44922178704283,3.3162371473962744
0.9,0.4,0.4,0.4,0.9,0.9,0.9,0.4,0.8,0.1,0.6,0.6,1.6578312577925676,-0.47374845343191035,-0.6123426769122519,4.648924162490896,4.467785416331117
0.7,0.2,0.4,0.5,0.7,0.3,0.7,0.1,0.6,0.7,0.9,0.4,0.7694559875216467,0.23478797191976905,0.15531304461110876,3.094933189829288,2.830873530480668
1.0,0.8,0.7,0.0,0.4,0.1,0.9,0.7,0.8,0.6,0.9,0.1,0.8104524735087647,0.29808618110325347,0.019312791197976353,4.875007194034193,4.464773537055189
0.8,0.3,0.4,0.7,0.2,0.2,0.6,0.1,0.2,0.2,0.1,0.5,0.17572224438022838,0.8692387944635769,0.6535273793127412,1.2379738835789282,0.9411408162021488
0.5,0.2,0.3,0.3,0.3,0.0,0.5,0.3,0.1,0.0,0.6,0.4,1.293429637264032,-0.3126729058962609,-0.16371652830872374,2.567270907018025,2.285279712524618
0.3,0.1,1.0,0.5,0.5,0.9,1.0,0.0,0.6,1.0,0.7,1.0,-1.3016085080072932,2.030459326950261,1.9832450092771026,5.0155050683498565,4.722939928737859
0.8,0.2,0.8,0.5,0.0,0.8,1.0,0.2,1.0,0.8,0.9,0.4,0.9644726057545034,0.3334852596624934,0.07250174495330955,4.746188358788141,4.505648577687925
0.1,0.2,0.1,0.6,0.5,0.0,0.6,0.1,0.0,0.1,0.3,1.0,0.7529227092163223,0.4875572986530573,0.35697732246013,0.6902274004374147,0.4545119165482803
0.5,0.4,0.7,0.6,0.4,0.2,0.9,0.3,0.2,0.8,1.0,0.4,0.45935379560626227,0.44787781374131486,0.23146009979907198,2.9163988996311905,2.84065312196838
0.2,0.5,0.1,1.0,0.2,0.5,0.3,0.3,0.3,0.2,1.0,0.8,1.3093200405530674,-0.05914306310814668,-0.2618644194736727,1.749557892200037,1.5497599048829234
0.1,0.9,0.6,0.4,0.3,0.4,0.8,0.3,0.8,0.7,0.1,0.3,-0.7371904239116298,1.8768216413223144,1.5537660169729297,2.801601871034263,2.389328094754745
0.4,0.0,0.2,0.3,0.4,0.2,0.0,1.0,1.0,0.5,0.8,0.7,2.4489285372619287,-1.4059365316238561,-1.5083673927630121,2.741847537590319,2.7423872200044244
0.8,0.8,0.4,0.6,0.3,0.4,0.5,0.1,0.4,0.5,0.2,0.4,0.2117698969174167,0.7966658758520012,0.8132717344404703,1.5829572332265955,1.494005053439734
0.0,0.8,0.3,0.7,0.0,0.3,0.5,0.5,0.8,0.2,0.1,0.9,0.1076792311670334,0.8175694563569375,0.7429724148453183,1.106788298597582,0.8700796988468751
0.3,0.1,0.2,0.8,0.9,0.9,0.9,1.0,0.0,1.0,0.1,0.0,-0.7946856250188782,1.7116959454891556,1.7033145985150182,1.085985038457068,1.0141926236947207
0.3,0.1,0.0,0.6,1.0,0.3,0.5,1.0,1.0,0.5,0.1,0.4,1.4232812925809244,-0.35234668774726,-0.4295693247835431,1.8785159667634672,1.7795549683951934
0.9,0.4,0.0,0.7,0.7,0.5,1.0,0.4,0.3,0.7,0.5,0.0,1.4047261181214177,-0.7039405065694683,-0.6858021065401321,2.007539041327909,1.9432902104290395
0.9,0.7,0.0,0.8,0.7,0.7,0.4,0.1,0.5,0.0,0.2,0.3,0.02913517235771107,1.0959206966367492,0.9204924837219991,0.5471417358534568,0.5661179535066121
0.7,0.7,0.7,0.0,0.2,0.5,0.6,0.2,1.0,0.3,0.8,0.5,0.49484165960964144,0.39784493888684214,0.16056323505910092,5.10402900421068,4.955613935316408
0.1,0.2,0.6,1.0,0.5,1.0,0.5,0.6,0.8,0.2,0.7,0.2,-0.4234539402065222,1.466116198184576,1.4000003836438908,2.1381474583054465,1.9716980342228583
0.9,0.6,0.4,0.1,0.7,0.8,0.9,0.7,0.9,0.4,0.7,0.7,1.8341751510658926,-1.030010551015076,-0.777601416570602,4.00074889107709,3.7738726174203494
0.5,0.6,1.0,0.6,0.1,0.3,1.0,0.0,0.7,0.8,0.2,0.0,-1.4225662953105793,2.5252291895242114,2.3548552838698096,2.603562520968231,2.340091046718652
0.3,0.4,0.7,0.6,0.1,0.8,1.0,0.8,0.9,0.0,0.6,0.0,-0.9473253441345539,2.0576565125567488,1.9003247980565032,3.2168847993523144,2.8285452358425167
0.7,0.4,0.6,0.1,0.2,0.6,0.3,1.0,0.2,0.0,0.5,0.1,-1.2220756407808733,2.160976810343311,2.0747857813386132,2.90539187430055,2.845836605273606
0.9,1.0,0.6,0.8,0.9,0.2,0.6,0.9,0.6,0.1,0.0,0.6,-1.8811666049050821,2.6846311143948665,2.5089140386786544,1.7420755319617003,1.7628207387094237
0.5,0.4,0.5,0.8,0.4,0.6,0.0,0.5,0.6,0.7,0.5,0.9,-0.8931881616212887,1.941206101945243,1.7809951553311358,2.171036573925433,2.037881103146237
0.0,0.4,0.0,0.6,0.9,0.4,0.4,0.0,0.5,0.5,0.1,0.0,-1.1114612677162143,2.2164019185825587,2.106694177931391,1.1427809184704214,0.7680015599034233
0.5,0.5,0.5,0.0,0.6,0.0,0.1,0.3,0.7,0.6,0.0,0.6,0.05736816543141303,0.9157072663427677,1.0269576216285579,1.9980374957300846,1.7272012407095925
0.9,0.5,1.0,0.1,0.7,0.4,0.7,0.6,0.2,0.0,1.0,0.5,1.0418648381425448,-0.1187318158910774,-0.10158628561712685,4.132054189525882,3.8729898847774082
0.4,0.8,0.2,0.6,0.8,1.0,0.1,0.8,0.3,0.9,0.7,0.6,0.28318803778315405,0.7577996492559602,0.5565868437699781,2.9416088865842407,2.8644637942868174
0.5,0.6,0.9,0.0,0.2,0.1,0.6,0.4,0.6,0.3,0.6,0.0,-0.8454284623207005,1.9230156147147253,1.87405842954992,3.4785730866218865,3.4309982135287016
0.2,0.9,0.2,0.7,1.0,0.4,0.1,1.0,0.2,0.6,0.2,0.9,0.17785707755857516,0.9774283762829097,0.8331220424993417,1.2646820181083918,1.2177604046682544
0.0,0.7,0.5,0.8,0.4,0.9,0.1,0.2,0.8,0.7,0.8,0.2,-0.5952168453510858,1.740348456547446,1.4396477389852882,2.1283903672465896,2.10161527908737
0.6,0.2,0.9,0.2,1.0,0.2,0.0,0.7,0.1,0.1,0.1,0.4,-1.1232174859451876,1.9832053218640286,2.0892245174527413,2.107853499393374,1.9138939506600783
0.1,0.0,0.5,0.0,0.4,0.1,0.9,0.5,0.3,0.0,0.7,0.0,0.9805621089681084,-0.23730583491538185,-0.35766480005371326,2.204246355382034,2.0012204685572756
0.8,0.0,0.5,0.0,0.4,0.4,1.0,0.6,0.7,0.9,0.2,0.2,0.607897303287225,0.371544960818295,-0.016309627001092786,3.023908073983758,2.67295596258263
0.4,0.9,0.2,0.3,0.0,0.2,0.6,0.0,0.5,0.1,0.6,0.2,-0.09029675207492065,0.9116362392875258,0.9415388094195433,2.5033933598247113,2.3841004301841564
0.5,0.0,0.9,0.1,0.1,0.3,0.9,1.0,0.9,0.5,1.0,0.9,1.0190253568264616,-0.08847405348662238,-0.09150061881657112,4.769706774596996,4.728454685803223
0.6,0.7,0.6,0.7,0.6,0.7,0.7,0.2,0.9,0.9,0.0,0.4,-0.2201018307451791,1.2531224924754496,1.1907176318910015,2.051232423042432,2.0549218675970145
0.4,0.9,0.9,0.4,0.1,0.5,0.9,0.9,1.0,0.6,0.2,0.0,-1.0577175134316656,1.980641424996548,1.9817328266028975,3.542113102218258,3.2361125275820477
1.0,0.2,0.3,0.9,0.8,0.8,1.0,0.4,0.8,0.2,0.6,0.4,1.8841321835744334,-0.9212746216344548,-0.9908087584146511,2.5557065765175033,2.5551375098369355
0.6,0.4,0.5,0.7,0.0,0.5,0.5,0.3,0.8,0.2,0.0,0.5,-0.24887563867841173,1.2372051489645692,1.1621527968022145,1.817970858440438,1.6960801005935797
0.3,0.8,1.0,0.8,0.5,0.8,0.7,0.4,0.9,0.5,0.5,0.0,-0.3282575666993058,0.9436408101385838,1.0897600154542613,2.060116378928826,1.7417313639071639
0.7,0.1,0.4,0.4,0.8,0.2,0.2,0.6,0.7,0.1,0.5,0.3,1.3158509419211557,-0.3371127886664365,-0.4180885631333408,1.962569567082596,1.5764383647207136
0.8,0.4,0.0,0.4,0.0,1.0,0.5,0.9,0.7,1.0,1.0,0.9,-0.005420341225054873,1.1215841660283465,1.1254917405370501,5.515145991368723,5.339837530574958
0.5,0.9,1.0,0.5,0.9,0.7,0.2,0.4,0.2,0.9,0.4,0.0,-0.28936942464307636,1.4351448513576874,1.3964833614291112,2.746121015225991,2.487589035767387
0.5,0.3,0.9,0.7,0.4,0.6,0.0,0.0,0.4,0.1,0.3,0.4,-0.9612038852372147,2.071325698307988,1.9049167911341556,1.1280906717123447,1.0085285723992825
0.1,0.6,0.3,0.2,0.4,0.2,1.0,0.6,0.7,0.1,0.0,0.0,0.3389461576009523,0.8517982730400185,0.7409306917374138,1.6380317897359644,1.8567501863846154
0.8,1.0,0.5,0.2,0.9,0.7,0.5,0.5,0.7,0.2,0.0,0.8,-0.5986694607175438,1.62603874900879,1.5735961539116214,3.3794223958627625,3.090856097375535
0.3,0.2,0.7,1.0,0.8,0.3,0.5,0.0,0.6,0.0,0.8,0.1,-1.2828346631791259,1.9999263122599888,2.02867427576632,1.9666431424778628,1.959374156545428
0.9,0.6,0.3,0.4,0.8,0.7,0.5,0.9,0.5,0.2,0.0,0.6,-0.7675439026672621,1.5372985341009344,1.5016508132813728,2.4018149649178113,2.430908872257459
0.0,0.6,0.4,0.5,0.9,0.5,0.2,0.0,0.6,0.9,0.2,0.0,-0.9666544371819357,2.0695793574187538,1.9493286453940128,2.3058332212015227,2.029483253213614
0.2,0.9,0.0,0.7,0.9,0.5,0.4,0.2,0.9,0.9,0.3,1.0,1.7323016608234827,-0.9124900495008982,-0.851504107602665,2.8183810211952,2.628008613782739
0.7,0.4,0.3,0.4,0.4,0.9,0.7,0.4,0.5,0.9,0.9,0.7,0.9800743831939959,0.2511678686982086,-0.09006991331472779,4.086113831239264,3.992359484746858
0.3,0.0,0.2,0.1,0.4,0.4,0.3,0.9,0.3,0.5,0.6,1.0,0.4610175862744246,0.6548076473836199,0.3577694023020192,2.812407196538325,2.617456704508023
0.8,0.9,0.2,0.8,0.3,0.3,0.2,0.6,0.9,0.8,0.7,0.6,2.3726291315025088,-1.3348484226413304,-1.5261972721017798,3.032873168975946,2.740302459313947
0.6,0.5,0.7,0.4,0.2,0.4,0.4,0.9,0.1,0.1,0.8,0.9,-1.7290126893248705,2.7673321179314114,2.800472597396515,4.110013813866367,3.87641454460122
1.0,0.6,0.3,0.5,0.0,0.4,0.7,0.9,0.4,0.5,0.2,0.1,0.06823763450004258,1.2040565869310713,0.8038504034450367,2.3326826326463337,2.150456896345207
0.9,1.0,0.8,0.5,0.0,0.2,0.9,0.4,0.0,0.9,0.3,0.4,-0.21528478253196937,1.0810669912816544,1.2677133421434577,2.9447381296330204,2.424601337145666
0.0,0.2,0.4,0.1,0.6,0.0,0.8,0.7,0.0,0.1,0.3,0.7,1.0073890091380397,0.15207760261412318,0.07442534692246258,0.7222580646921061,0.7022170335156795
0.1,0.9,0.3,0.1,0.1,0.6,0.7,0.8,0.1,0.1,0.8,0.2,-0.7559039633628681,1.8910034707986,1.5679715588446077,2.740626908439419,2.6477246496039895
0.0,0.2,0.2,0.8,0.6,1.0,0.7,0.1,0.8,0.9,0.2,0.2,0.360154572035043,0.5215197584206185,0.5788069161882621,1.2309102154705647,0.9802451412574952
0.3,0.5,0.2,0.2,0.3,0.8,0.7,0.4,0.1,0.5,0.9,0.1,0.14721110938353424,0.905490924055461,0.6636839772775487,3.0023611953651255,2.9573875054003285
0.7,0.1,0.9,0.9,0.0,0.6,0.7,0.0,0.8,1.0,0.8,0.5,-0.1853532210561778,1.1864303432212664,1.017947750763713,4.246419745547389,3.9447661900857827
0.6,0.0,0.3,0.6,0.4,1.0,0.9,0.3,0.5,0.5,0.4,0.2,0.8492679470300029,0.31524003794387767,-0.0013384955176646562,1.8697916366170615,1.5963168095360292
0.7,1.0,0.1,0.8,0.5,0.5,1.0,0.7,0.8,0.8,1.0,0.7,1.748081426953839,-0.8436526931764435,-0.8346276366926306,2.9659323941074685,2.9878687881362964
0.3,1.0,0.9,0.0,0.9,0.4,0.8,0.3,0.8,0.2,0.8,0.8,0.7092637246539907,0.4264241354896614,0.20875877802129336,4.624237572757762,4.348047296039695
0.5,0.7,0.1,0.2,0.6,0.8,0.4,0.0,0.2,0.8,0.5,0.4,0.010484808680578134,1.0915608556224234,1.0985227830733038,2.44979278170276,2.223280504672026
0.7,0.9,0.6,0.8,0.9,1.0,0.4,0.8,0.9,0.1,0.2,0.7,-0.909480103055582,1.7054716267460512,1.5722315107338953,2.3143026610268724,2.2406241375009346
0.3,0.8,0.6,0.1,0.6,0.1,0.9,0.9,0.7,0.5,0.8,0.7,-0.6528004099821216,1.557597767335326,1.5140019543868284,3.6774075281428886,3.283170561319772
1.0,0.1,1.0,0.7,0.5,1.0,0.9,0.1,0.0,1.0,0.2,0.8,-0.7832348790858045,1.7655348013638628,1.850924950402993,3.1768676524552655,3.015688007180581
0.7,0.7,0.6,1.0,0.4,0.0,0.7,0.5,0.3,0.9,0.4,0.8,0.6598576155566851,0.20405737586222408,0.03129018103993075,2.1588366180359415,2.0156043958944436
0.7,0.0,0.6,0.1,0.7,0.2,0.4,0.0,0.4,0.3,0.5,0.3,-0.34787904195363845,1.1593061754201108,0.925365402286832,1.9648903326500375,1.7866373951431822
0.1,0.1,0.7,0.4,0.9,0.7,0.9,0.3,0.3,0.8,0.4,0.7,0.4284057088017381,0.34156503910819735,0.1629395183877826,3.0012798929672315,2.982585415093373
0.8,0.7,0.2,0.8,0.9,0.1,0.8,0.5,0.5,0.6,0.9,0.7,1.6926242121953483,-0.9135542340804222,-1.0664669784626848,2.7946822961703184,2.7377311082357387
0.1,0.3,0.0,0.8,0.5,0.4,0.9,0.0,0.3,0.6,0.4,0.9,0.9866374118050077,0.26322257466874405,-0.011630024056225319,1.2305281113518016,1.0430977209411458
0.8,0.9,0.2,0.3,1.0,0.9,0.0,0.6,1.0,0.7,0.3,0.9,2.0867344313923257,-0.9578620048869172,-1.026977583499525,4.167723580609283,4.02798585092723
0.3,0.7,0.5,0.8,0.2,0.8,0.2,0.7,0.5,0.3,0.1,0.2,-2.02798182104754,3.0402700573501593,2.8735330712578486,0.530276900661834,0.5118877729257257
0.6,0.9,0.1,0.2,0.3,1.0,0.0,0.6,0.2,0.7,0.1,0.9,-0.584522704706824,1.72342916930133,1.619108647738527,3.100614094587912,2.8015408737714327
0.1,0.9,0.1,0.9,0.5,0.0,0.5,0.0,0.0,0.6,0.7,0.5,-0.35421963779663995,1.2569044645210927,0.9514484847296366,1.368465571598858,1.0308568445385602
0.5,0.7,0.0,0.7,0.1,0.2,0.4,0.0,0.8,0.8,0.3,0.8,1.0198086445704388,0.11300118219526983,-0.21216523938208282,1.9750025128872792,1.6012561544694943
0.3,0.2,0.0,0.3,0.3,0.4,0.1,0.0,1.0,0.2,0.2,0.6,1.2912297968347444,-0.06803794254615093,-0.31287129691401966,2.468784355807887,2.3636083039230815
0.7,0.4,0.1,0.0,0.1,0.2,0.8,1.0,1.0,0.7,0.4,0.3,2.1524569115880876,-1.3001478219963578,-1.3522296829135416,2.7594628998115716,2.537355140471203
0.5,0.3,0.5,0.3,0.8,0.8,0.5,0.9,0.8,1.0,0.4,1.0,-0.1449047215229762,0.9816717665452062,0.9675122976126546,4.124169760098223,3.708610107823201
0.1,0.4,0.5,0.3,0.7,0.6,0.0,0.7,0.9,0.6,0.7,0.8,0.6816506072833108,0.26231567708369874,0.32245877646354515,3.6622185615276512,3.385849293179335
0.2,0.2,0.3,0.5,0.2,0.3,0.2,0.1,0.0,1.0,1.0,0.2,0.6134655512349516,0.37530760325641616,0.2619482142201496,2.4550378128361747,2.2826805200122084
0.3,1.0,0.6,0.9,0.4,0.7,0.9,0.9,0.7,0.0,1.0,1.0,-1.8855903780387804,2.757725345498057,2.6377049459910076,3.0688389703980232,2.8330456836656506
0.3,0.2,0.9,0.6,0.3,0.5,0.2,0.5,0.6,0.7,0.9,0.7,-0.37214181717235756,1.4730219986347166,1.3284071970904066,3.308247578626881,3.216220759456384
0.1,0.1,0.6,0.7,0.3,0.1,1.0,0.1,0.7,0.2,0.5,0.5,-0.16012907802272003,1.2359433505226554,1.2135734324671372,2.3030491491758207,2.2297359407617408
0.4,0.3,0.6,0.1,0.1,1.0,0.5,0.8,0.6,0.1,0.8,0.7,-1.5288633624161019,2.5577262106347978,2.5529186121114877,4.0588706135642045,3.6909989477138447
0.0,0.7,0.7,0.3,1.0,0.8,0.9,1.0,0.8,1.0,0.5,0.1,-0.7651353191127648,1.8726777607176384,1.8518089650476783,5.021414597482174,4.746287232593842
0.7,1.0,0.3,0.6,1.0,0.9,0.4,0.8,0.7,0.1,0.0,0.7,-1.0610169098342852,1.6791810579991227,1.6601012496653424,2.3396622312151103,2.0776238345189193
0.1,0.1,0.0,0.6,1.0,0.0,0.7,0.9,0.7,0.0,0.5,0.2,0.6990533004350735,0.2870423962166865,0.4335704058992278,1.9925535283255562,1.9261629973678827
0.8,1.0,0.2,0.0,0.2,0.7,0.6,0.0,0.1,0.5,0.7,0.0,-0.6587416202598254,1.6558079449453487,1.4874549438690488,3.1448427756885624,2.9301913884100688
1.0,0.8,0.5,0.7,0.8,0.8,0.8,0.4,0.3,0.3,0.0,0.0,-0.21368701602970547,1.243075179860268,1.1425883175796168,1.6523357178498859,1.3576807862395746
0.3,0.7,0.4,0.9,0.8,0.3,0.5,0.3,0.1,0.8,0.7,0.0,0.46714875492167995,0.7179606252999685,0.800756568792826,1.2644822642778595,1.0006760871736333
0.6,0.0,0.0,0.7,1.0,0.1,1.0,0.8,0.7,0.5,0.8,0.3,1.3540350224267206,-0.18317281587542072,-0.29929029263848034,2.9781746731889376,2.4556359236574923
0.1,0.7,0.6,1.0,0.7,0.9,1.0,0.0,0.0,1.0,0.7,0.5,-2.118414799099364,3.177860649337709,2.761573477186491,3.0859359733186,2.7933196130537015
0.5,0.0,0.1,0.6,0.3,0.0,0.6,1.0,0.2,0.3,0.6,0.3,1.1279865724792086,-0.017925000866605312,-0.3419489816841914,1.200155923122856,1.3166671024289103
0.6,0.2,0.0,0.5,0.7,0.6,0.2,0.5,0.5,0.1,0.4,0.0,0.7050539852430663,0.2689420512974118,0.10105445451806694,0.9988428836370286,1.072212004298107
0.3,0.3,0.5,0.3,0.4,0.3,0.0,0.3,0.8,0.9,0.0,0.7,0.3035157397406799,0.5432419470435457,0.3389522319839603,2.3765457101825795,2.2148699075892915
0.6,0.5,0.0,0.1,0.4,0.6,0.7,0.5,0.5,0.6,0.5,0.4,0.5714161988138667,0.5991641323116649,0.5471081148175384,3.1827356645391873,2.935149212504199
0.4,0.0,0.8,0.1,0.3,1.0,0.3,0.0,0.0,0.0,0.4,0.6,-1.7528544999922255,2.5417047630236564,2.6460094935282426,2.6897057323030875,2.351751892712795
0.6,1.0,0.3,0.4,0.9,0.6,0.7,0.8,0.7,0.3,0.3,0.1,0.10575981222729144,1.1326387299014145,0.8878356253672136,2.7602147146728186,2.866396812147113
0.2,0.2,0.3,0.5,0.7,0.0,0.1,0.5,0.5,0.7,0.9,0.2,1.3970839130255857,-0.41656883603774664,-0.6219485184126297,2.06153733109966,1.689355599467599
0.7,0.8,0.6,1.0,0.3,0.2,0.5,0.9,1.0,0.2,0.6,0.5,-0.4566518062488301,1.3958976302570147,1.3148478310807998,2.9206011310615003,2.8985906303864337
0.4,0.6,0.9,0.6,0.0,0.9,0.3,0.1,0.8,0.0,0.4,0.7,-0.5175239865756903,1.5205559237396509,1.5470349626178443,2.269167036809565,1.9361512313945515
0.2,0.3,0.0,0.0,0.9,0.9,0.0,0.9,1.0,0.4,0.6,0.6,0.43877448083049847,0.46971449951281624,0.3323201635062222,3.5947501152212586,3.392454734870635
0.1,1.0,0.5,0.3,0.4,0.9,0.6,0.9,0.9,0.1,0.3,0.5,-0.2875648255747528,1.468170235512408,1.1995789599180866,2.9519245261344658,2.7079004357797722
0.5,0.9,0.5,0.8,1.0,0.4,0.7,0.8,1.0,0.1,0.6,1.0,0.3812367619257729,0.6419228467612388,0.6177471164651799,3.748515352872108,3.4456676748496053
0.6,0.5,0.0,1.0,0.8,0.5,0.9,0.8,0.7,0.6,0.1,0.7,-0.6196607850966905,1.5367634683536155,1.4823794081514148,1.8680623987113767,1.8790442010384236
1.0,0.8,0.3,0.3,0.8,0.4,0.1,0.7,0.9,0.5,1.0,0.7,2.785445585672362,-1.9669892316380937,-1.9946557788647672,4.2375102274505085,3.876421175797317
0.8,0.0,0.1,0.7,0.7,0.9,0.8,0.6,0.2,0.2,1.0,0.0,1.5093820123018842,-0.45259074886267714,-0.5844762146615982,1.6628987465398013,1.562552006677642
0.3,1.0,0.2,1.0,0.2,0.9,0.4,0.6,0.6,0.2,1.0,0.4,-0.018772420122895914,1.0976062556912303,0.871675568734517,2.0625264716981047,2.0017831704226348
0.0,0.2,0.8,0.7,1.0,0.3,0.5,0.5,1.0,0.6,0.9,0.8,1.094494349471906,-0.032858258701156606,-0.18942921010741076,3.495987773436267,3.293453489040974
0.3,0.2,0.5,0.4,0.6,0.3,1.0,0.5,0.3,0.3,0.4,0.9,1.5650764476974635,-0.42964882639988555,-0.3025174339870998,2.013041328134268,1.929044080264755
0.5,0.3,0.0,0.9,0.4,0.1,1.0,0.7,0.0,0.5,0.7,0.8,0.5660919868524399,0.4126045138072881,0.3723642737162408,1.647698309874512,1.6328669725598317
0.3,0.3,0.3,0.6,0.2,0.5,1.0,0.7,0.7,0.0,0.2,0.2,0.5186169351811684,0.4737139293898513,0.5389730601595093,1.7023356633161257,1.536471133940902
0.2,0.2,1.0,0.2,0.5,0.8,0.1,0.9,0.8,0.9,0.4,0.2,-0.7939680024695563,1.7232669255885087,1.7550642376317351,2.746328990116881,2.7456445826363254
0.1,0.6,0.1,0.6,0.6,0.5,0.5,0.0,0.2,1.0,0.7,0.8,0.7119685194958021,0.5241690560025088,0.38084155644069834,2.7858249449185406,2.5341645447901695
1.0,1.0,0.5,0.4,0.8,0.9,0.0,0.2,1.0,0.0,0.9,0.5,1.2553934487407443,-0.4072064172669562,-0.14273460588770037,4.724798074661431,4.527256400103652
0.1,0.9,0.7,0.2,0.3,0.3,0.2,0.0,0.0,0.9,1.0,0.5,-1.544386215724699,2.479617945904789,2.4157952715082187,3.9382419014491648,3.8444269997780833
0.0,0.5,0.5,0.3,0.5,0.6,0.6,0.7,0.0,0.8,1.0,0.9,-0.661987047782744,1.7631286725595046,1.367944705963591,3.6281075403663223,3.5709456990422246
0.0,0.3,1.0,0.2,0.6,0.5,0.6,0.5,0.9,0.4,0.8,0.5,0.8753296248658888,-0.055287058777309175,-0.12167203549377455,4.187783067276251,4.130093024044703
0.9,0.4,0.2,0.0,0.7,0.2,0.0,1.0,0.9,0.7,1.0,0.4,2.708670759576292,-1.5330119456392037,-1.702142039671244,3.1632484026218086,3.002354268274187
0.8,0.7,0.8,0.5,0.9,0.9,0.7,1.0,0.1,0.5,0.1,1.0,-2.405983726224914,3.3685854096395014,3.3862649458858054,3.3985586554823173,3.271191664578607
0.8,0.3,0.5,0.8,0.9,1.0,0.1,0.0,0.0,0.1,0.5,0.8,-1.6989411994939,2.6028021208775605,2.427254131687822,2.145162133985044,1.8583332196670959
0.5,0.2,0.8,0.2,0.5,0.4,0.3,0.2,1.0,0.5,0.7,0.1,0.7554404931660004,0.17656792379190722,0.0284789311932217,4.120211739927983,3.6136417950872843
0.1,0.9,0.2,0.0,0.6,0.4,0.2,0.8,0.6,1.0,0.5,0.8,-0.24512213747127468,1.0808274668733455,0.9292186770697025,2.672560699257336,2.3992842743974103
0.7,1.0,0.7,0.0,0.6,0.5,0.6,0.9,0.7,0.0,0.1,0.7,-2.2634542070846835,3.1725358819472236,2.931313749293069,2.7538734218146397,2.2116024691181013
0.6,0.0,0.9,0.3,0.9,0.7,0.8,0.9,1.0,0.5,0.3,0.3,0.1166402757565385,0.828719007172222,0.9523717819910049,3.516488545273083,3.380029127659867
0.3,1.0,0.2,0.6,0.3,0.6,1.0,0.1,0.5,0.7,0.2,0.8,-0.1027980216325127,1.1153167223774467,1.2116713755765245,2.2490325364426758,2.2566063288579796
0.5,0.0,0.6,1.0,0.2,0.4,0.8,0.9,0.7,0.5,1.0,0.5,-0.9728449181372646,1.9481645548577042,1.7560742139290957,3.0426214640713845,2.869070282837428
0.3,0.5,0.9,0.6,0.1,0.6,0.3,0.0,0.5,1.0,1.0,0.0,-1.3037813282602055,2.3146475593261875,2.2732887580043215,4.016184173897798,3.5042346856698603
0.7,0.7,0.4,0.9,0.7,0.8,0.0,0.5,0.1,0.1,0.1,0.8,-1.1435232807291538,2.3733367787567463,2.0386563911422986,-0.0398978894510909,-0.04308892139185083
0.0,0.7,0.1,1.0,0.8,0.1,0.3,0.3,0.0,0.8,0.0,0.6,-0.14279978582542402,1.1309869110713253,1.3244839407615194,0.2909606557729815,0.11421926725144393
0.5,0.2,1.0,0.9,0.3,1.0,0.3,1.0,0.4,0.5,0.7,1.0,-1.1734639893472023,2.241125470608247,2.2390761549837026,3.1970327397687894,3.1216895436387215
0.2,0.4,0.1,0.4,0.5,0.2,0.0,0.2,0.9,0.8,0.1,0.9,1.285375678345149,-0.13985473707340507,-0.4651228712134134,1.9701954928469458,2.146903035794233
0.5,0.9,0.6,0.6,0.2,0.2,0.6,0.0,0.2,0.7,0.7,0.4,-0.7079286138673807,1.6930656024818,1.5909005557419158,3.1250087076296604,2.6982938636831095
1.0,1.0,0.7,1.0,1.0,0.5,0.2,0.4,0.4,1.0,0.3,0.9,0.38899946795213064,0.35352810026447357,0.6967564457548474,3.6567162404769085,3.7014291038598865
0.2,0.9,0.9,0.0,0.8,0.7,0.5,0.5,0.8,0.3,0.4,0.3,0.16434488564322916,0.9390725654859157,1.0801698646279538,2.653367730191093,2.357030716811415
0.6,0.3,0.7,0.2,0.8,0.2,0.7,0.9,0.4,0.8,1.0,0.7,-0.022396190127114912,0.9884052645698115,0.7943138122644123,3.88895696035552,3.90271388847984
0.2,0.9,0.0,0.2,0.9,0.7,0.9,0.0,0.1,0.9,0.8,0.6,-0.07091238891941437,0.8238953560867159,0.7523351751792831,4.432814826291969,4.050127274845915
0.6,0.2,0.7,0.9,0.7,0.5,0.2,0.7,0.0,0.9,0.9,0.0,-1.3184816658305887,2.238193732518502,2.0408278852654216,1.8861170683140172,1.6583720088852172
0.7,0.3,0.6,1.0,0.1,0.7,1.0,0.1,0.8,0.0,0.9,0.2,-0.5906857021413028,1.4299311375399983,1.3085397771540217,2.8779493473699382,2.8539312827865047
0.4,0.5,0.5,0.5,0.0,0.3,1.0,0.1,0.1,0.8,1.0,0.8,-0.04507941837276762,0.8199949777962383,0.7459427678484292,3.141937960707124,2.9309045409803973
0.8,0.5,0.6,0.5,0.8,1.0,0.1,0.8,1.0,0.6,0.3,0.7,-0.27292408844493266,1.1322842686028411,1.0488046100701536,3.319625070279569,2.887757409276903
0.9,1.0,1.0,0.2,1.0,1.0,0.5,0.1,0.8,0.6,0.8,0.9,-0.017302854182371735,0.9948550216287214,0.9903892950028576,6.728762084310136,6.535090137084865
0.6,0.6,0.3,0.8,0.2,1.0,1.0,0.2,0.8,0.6,0.2,0.8,0.3119535781692903,0.38384744479570276,0.48988807860216993,2.570059632418844,2.427766582840232
0.7,0.4,1.0,0.8,0.3,0.5,0.0,0.4,0.2,0.3,0.6,0.6,-0.656396435696391,1.641735071298374,1.582156905601482,2.4842949063504864,2.190609721141204
0.2,0.7,0.5,0.4,0.1,0.2,1.0,0.5,0.3,0.8,0.9,1.0,0.738460101232315,0.23606987168640875,0.23848860853693138,3.921703482539879,3.9517075755017967
0.8,0.1,0.5,0.6,0.2,0.2,0.0,0.8,0.0,0.2,0.3,0.4,-0.6965810388569679,1.4695148831683023,1.6873229098402298,0.6142535885231993,0.6328221301103316
0.2,0.8,0.2,0.3,0.9,0.3,0.4,0.9,0.8,1.0,0.6,0.1,0.8256329299313414,0.21443813315047972,0.1953584976605546,4.005651183724995,3.702726188415099
0.9,0.8,0.6,0.6,0.8,1.0,0.5,0.4,1.0,0.7,0.2,0.3,0.19545168731214135,0.8005441224749628,0.6634027700915608,3.0752343428926228,2.8909103655875055
0.2,0.3,0.7,0.2,0.7,0.1,0.6,0.3,0.6,0.3,0.8,0.4,-0.08607871421895097,0.9261131423049134,0.9550233306435195,3.232993328515595,3.1030144148399432
0.4,0.0,1.0,0.1,0.3,0.0,0.9,0.5,1.0,0.3,0.2,0.2,1.5257150042625247,-0.4999503539624092,-0.5565548890999061,3.1074547678329085,2.806913268893713
0.2,0.0,0.1,1.0,0.2,0.1,0.0,0.0,0.3,1.0,0.8,0.4,1.1071890334698549,-0.12315811652686132,-0.3012436145479714,1.77968484686763,1.5794207688096014
0.0,0.4,0.2,1.0,0.4,0.5,0.8,0.8,0.9,0.6,1.0,0.1,1.0532486267918297,0.00907922698992604,-0.06071806267347731,2.3113935562427796,2.3303891077489043
0.1,0.5,0.9,1.0,0.9,0.0,0.8,0.3,0.6,0.3,1.0,1.0,-0.34600983404911073,0.920324837741587,1.158995253160056,3.363386752469564,3.2219854054062953
0.1,0.1,0.0,0.4,0.6,0.5,0.0,0.2,0.2,0.8,0.9,0.6,1.284158029977381,-0.04974422423318825,-0.5997170256410345,2.7043445947184326,2.638573187457157
0.1,0.6,1.0,1.0,0.5,0.0,0.7,0.5,0.5,0.3,0.6,0.5,-0.5028771999196653,1.3682762955571988,1.348455196856339,2.233223077864946,2.071801618416671
0.6,0.0,0.9,0.2,1.0,0.3,0.6,0.9,0.8,0.7,0.2,0.2,-0.30334389495319825,1.2132123169339968,1.1684927041398794,3.6096400684636856,3.4233672742546517
0.4,0.4,0.3,0.7,0.2,0.3,0.8,0.2,0.2,0.9,0.2,0.6,1.2597128842752432,-0.15422954492006807,-0.17717118989960173,1.4553968234562942,1.287266165314875
0.3,0.4,0.5,0.5,0.8,0.5,0.8,1.0,1.0,0.1,0.5,0.9,0.796092922405395,0.29973793822555894,-0.00900770021114071,3.6742400396153805,3.398643313714704
0.5,0.5,0.4,1.0,0.6,0.6,0.3,0.1,0.1,0.3,0.6,0.0,-1.0157238377965263,2.123192508004479,2.120323542391502,0.6455530300361303,0.5737716060843433
0.2,0.1,0.5,0.6,0.4,0.6,0.6,1.0,0.1,1.0,0.8,0.4,-0.2736915504103752,1.2229733042835886,1.0047241871271873,3.0374645959742748,2.6144244513446053
0.9,0.9,1.0,0.8,1.0,0.5,0.0,0.5,0.4,0.7,0.4,0.3,0.14697224700116474,0.6492812990148833,0.45689516496253024,2.4025217844214946,2.046575887581012
0.1,0.2,0.7,0.0,0.3,0.5,0.9,0.5,0.3,0.3,0.2,0.9,-0.35246765445237066,1.3660912807788208,1.2310294609460566,2.864681854904005,2.6091773690660647
0.2,0.5,0.9,0.9,0.4,0.8,0.7,0.5,0.4,0.9,0.6,0.5,-0.683875503801827,1.5307845650383518,1.357640364634575,2.9074657193024014,2.6354936797208097
0.6,0.4,0.2,0.3,1.0,0.8,0.8,0.3,0.5,0.6,0.9,0.0,0.7924306774284197,0.08643561087658061,0.06890723325654016,4.020463139195115,3.8486282901648816
1.0,0.5,1.0,0.0,0.6,0.9,0.5,0.2,0.9,0.1,0.3,0.4,0.9505921859087643,0.015899803622614853,-0.18117756691574138,3.493023628338739,3.0414567306943097
0.1,0.5,0.8,1.0,0.4,0.9,0.1,0.8,0.6,0.0,1.0,0.1,-2.4005329558851547,3.53123888815562,3.2609896503255253,2.173995761675394,2.0274894397076175
0.9,0.5,0.9,0.7,1.0,0.5,0.6,0.8,0.9,0.1,0.3,1.0,0.5189017261719033,0.5840411027007064,0.3869359066414718,3.7099903155204514,3.5523965706754455
0.7,0.3,1.0,0.8,0.4,0.5,0.8,0.9,0.4,0.4,0.2,0.0,-1.465665500774075,2.6609213546356174,2.5879781411130716,1.3861011780160968,1.3070952694765892
1.0,0.6,0.9,0.4,0.8,0.2,0.0,1.0,0.7,0.6,0.4,0.2,0.10304154597497164,1.2441803189029825,1.050249122733015,3.27178384971831,2.935711537112694
0.6,0.2,0.9,0.1,0.1,0.0,0.7,0.5,0.5,0.5,1.0,0.3,0.4910859303441201,0.4328000614662184,0.25627618175197164,3.933511366301503,3.611015803166255
0.1,0.7,0.4,0.4,0.7,0.9,0.9,0.4,0.2,0.7,0.5,0.6,0.4734742612966294,0.707575013853706,0.5575204011287694,2.7574293714633917,2.4054681180272968
0.4,0.5,0.3,0.7,0.6,1.0,0.3,0.5,0.8,0.0,0.5,0.3,0.7124888644061671,0.040792265736508126,0.20964036892955515,1.1677698054573022,1.0370735835724605
0.4,0.5,0.0,0.3,0.8,0.3,0.6,0.8,1.0,0.7,0.4,0.2,1.988107860690079,-0.9011235066388652,-0.7499370969589434,2.8248198831324562,2.8291930501743225
0.7,0.0,0.7,0.0,0.2,1.0,1.0,0.5,0.5,1.0,0.8,0.1,-0.25565217630854187,1.4761840503959378,1.2911396208939885,5.43889165897805,5.185545191631514
0.2,0.9,0.3,0.3,0.8,0.4,0.4,0.5,0.3,0.0,0.2,0.9,0.9872178685774594,0.1370527219366371,-0.24597469721344656,2.1197315335857603,1.9401052936222092
0.6,0.7,0.6,0.4,0.8,0.0,0.7,1.0,0.2,0.5,0.5,0.2,-0.40731519163706154,1.1952412414412708,1.303406456797945,2.7539850249853286,2.5452264279306225
0.8,0.4,0.3,0.3,0.7,0.1,0.2,0.7,0.7,0.7,0.0,0.9,0.7682539850474371,0.36858666719661015,0.3396562745036654,2.6412105993095394,2.5217518174382314
0.0,0.1,0.5,0.3,0.5,0.0,0.2,0.7,0.1,0.7,0.4,0.1,0.19402902390304888,0.8971173001059813,0.9145424956820071,1.1905063939799534,1.114774013319798
0.9,0.5,1.0,0.5,0.4,0.4,0.5,1.0,0.3,0.1,0.4,0.7,0.19947836614833267,0.6187852007669329,0.37480007018672123,2.7988306441234583,2.2821117267925985
1.0,0.1,0.0,0.5,1.0,0.9,0.9,0.8,0.0,0.9,0.4,0.8,0.8575628206909846,0.2520835465883192,0.20692338158966905,3.879139268761429,3.6098154166831335
0.3,0.6,0.1,0.1,0.8,0.6,0.3,0.5,0.5,0.0,0.3,0.6,1.1573925479365343,-0.06791194145000931,-0.15879662443419962,1.8607643974000467,1.8577652382187462
0.8,0.5,0.6,0.4,0.3,0.6,0.7,0.1,0.1,0.9,0.9,0.2,-0.9181623501219921,1.9303495961764565,1.7959028110823865,4.476852530054807,4.315136212742505
0.4,0.9,0.0,0.5,0.9,0.1,0.7,0.7,0.3,0.7,0.2,0.5,1.490945387103633,-0.42316672695740554,-0.7186354137807538,2.4569179150952185,2.361711312282296
0.3,0.9,0.2,0.8,0.9,0.5,0.5,0.7,0.2,0.1,0.5,0.5,0.7042437779981845,0.13748430390040745,0.1839235370305563,1.4612197108424905,1.1247508390428593
0.9,0.5,1.0,0.8,0.6,0.2,0.0,0.8,0.3,0.0,1.0,0.4,0.03191779732580595,0.8395766382391843,0.8105277216113779,1.7980862264372413,1.5736990385147014
0.1,1.0,0.0,0.8,0.5,0.6,0.5,0.4,0.1,0.9,0.6,0.2,-0.391604997724873,1.056654450921896,1.1509082220938371,1.5647260579595987,1.4045947509302241
1.0,0.1,0.7,1.0,0.3,0.7,1.0,0.8,0.9,0.3,0.3,0.2,0.371423712930938,0.6191163567192008,0.641203150733358,2.644777518547702,2.3382493510155182
0.4,0.6,0.8,0.2,1.0,0.5,0.2,0.5,0.7,0.6,0.2,0.3,-0.8496952782718055,1.8451550847402587,1.7917443280028966,3.2458490592056997,3.056317228223979
0.6,1.0,0.1,0.6,0.3,0.8,0.9,0.7,1.0,0.3,0.5,0.9,1.1632353075831134,-0.19296470788562337,-0.13140636533888317,3.5931595085445553,3.272840260467383
0.3,0.2,1.0,0.6,0.5,0.7,0.2,0.5,0.2,0.1,0.5,0.5,-0.41513039569470667,1.2745236593689884,1.316814973605042,1.6092876914365042,1.4381844100095709
0.3,0.4,0.6,0.6,0.1,0.1,0.0,0.2,0.5,0.7,0.0,0.6,-1.1557537923257593,1.8880807652634395,2.011008971069928,1.6056615818825097,1.2419654446308717
0.4,0.9,0.0,0.0,0.2,0.7,0.7,0.9,0.0,0.1,0.3,0.6,-0.8630492504517254,1.7983633586750845,1.8870010625446592,1.9001586167325917,1.7982803761784072
0.5,0.1,0.9,0.2,0.1,0.9,0.9,0.8,0.8,1.0,0.7,0.1,-0.5238143080060959,1.570406627079442,1.409648126219439,5.457403172805179,5.274714611305624
0.3,0.8,0.9,0.7,1.0,0.3,1.0,0.6,0.1,0.1,0.7,0.1,-0.27634251552761757,1.4128003014805297,1.4530149343082037,2.719276201626561,2.6203719296779484
0.9,0.3,0.0,0.3,0.8,0.7,0.5,0.0,0.7,0.8,0.7,0.4,0.8039388221733212,0.34756379780538854,0.3522582978947809,4.418576282181817,4.234605996261135
0.6,0.1,0.2,0.3,0.8,1.0,0.7,0.0,0.8,0.1,0.3,0.6,1.3832104567331922,-0.22612914796444888,-0.34488507462161194,2.856992330485327,2.719341298955721
0.2,0.0,0.5,0.5,0.0,0.9,0.2,1.0,0.7,0.0,0.5,1.0,-1.1679088440443874,2.008037738820605,2.074315364640333,2.4422682248861305,2.3202573833611155
0.8,0.6,0.2,0.6,0.1,0.3,0.2,0.5,0.8,0.9,0.8,0.6,2.278539128164244,-1.0925516774033472,-1.018445094218623,3.4581456004063615,3.210667570584408
1.0,0.3,0.2,0.6,0.2,1.0,0.7,0.1,0.2,0.9,0.8,0.3,1.0368595061637607,-0.19906177408250267,-0.21363942481717432,3.792125366926871,3.4432271690905236
0.9,0.6,0.2,0.5,0.3,0.3,0.3,0.3,0.8,0.5,0.6,0.0,1.4761952727565233,-0.40417942709972693,-0.7402921772743877,2.8263254578915338,2.6781587918244347
0.5,0.8,0.7,0.1,1.0,0.6,0.4,0.6,0.9,0.1,0.9,0.9,0.41650797702735626,0.34998407551972743,0.24462125423045633,5.130435871775587,5.0005712991410745
0.6,0.5,0.8,0.9,0.6,0.9,0.2,0.0,0.6,0.9,0.2,0.4,-2.307056097867533,3.4721489593629777,3.3611689833652694,1.6051556979557462,1.536323711614916
0.1,0.3,0.8,0.6,0.7,0.5,1.0,0.1,0.6,0.4,0.6,0.8,-1.265448017540409,2.3318450197572047,2.213141893758156,3.2901667698101718,2.914748842360848
0.4,0.8,0.5,1.0,0.2,0.7,0.3,0.3,0.6,0.0,0.7,0.8,-0.7787384811299426,1.7752047601127885,1.8044461807952623,2.545412123661435,2.3518694822886297
1.0,0.9,0.7,0.4,0.8,0.3,0.8,0.0,0.3,1.0,0.8,0.7,0.7121932942536153,0.20050524418456883,0.20780433862990028,5.050858871869325,4.896724976521268
0.8,0.5,0.5,0.1,0.5,0.9,0.9,0.3,0.9,0.0,0.6,0.2,0.7731727205938905,0.28332231269435376,-0.18487401757889044,3.9623495181437445,3.5372053157819567
0.2,0.6,0.3,0.2,0.2,0.4,0.0,0.8,0.0,0.6,0.2,0.4,-1.123576328032325,2.2549745864195145,2.2494495979098263,1.4514407198354773,1.3862797932754864
1.0,0.4,0.7,0.3,0.7,0.8,0.5,0.2,0.1,0.2,0.5,0.9,-0.8009377641086369,1.7009824569619951,1.831349685717892,3.713027566694185,3.5411298791428902
1.0,0.8,0.3,0.4,0.2,0.4,1.0,1.0,0.5,0.7,0.1,0.8,0.22914845991598437,0.7503429476092335,0.5243272391311231,3.8333923794165825,3.3563070006651614
0.4,0.3,0.9,0.0,0.1,0.7,0.1,0.1,0.2,0.8,0.3,0.3,-1.0244712732167223,1.8362938740444017,1.6372176211147877,2.113071489523601,1.707138911705798
0.4,0.8,0.2,0.8,0.6,0.4,1.0,0.4,0.1,0.3,0.6,0.4,0.5649672645775097,0.5007868020405772,0.4707081944945247,1.116262182486285,0.8582887072408302
0.2,0.9,0.2,0.3,1.0,0.0,0.9,0.8,0.8,0.6,1.0,0.9,1.8966091287188847,-0.8260944906782689,-0.6892627528133302,4.795253208153369,4.776541493568573
0.3,0.0,1.0,0.5,0.7,0.5,0.9,0.8,0.4,0.1,0.6,0.1,-0.30841422519683814,1.6931993887379282,1.42268002415279,2.914569861310845,2.6685908627539487
0.4,0.0,0.5,0.6,0.7,0.7,0.9,1.0,0.4,0.3,0.6,0.3,-0.05590807006154297,1.0176283756832127,0.9328531119507892,1.8045443817902724,1.775468598696949
0.6,0.7,0.5,0.0,0.6,1.0,0.3,1.0,1.0,0.7,0.9,0.3,0.21142024130911297,1.0211957388435926,0.8825727515301478,3.7078640526987647,3.7678701835254422
0.1,0.2,0.4,1.0,0.1,0.0,0.6,0.5,0.6,0.9,0.3,0.4,1.0289979118717496,0.07460664754648108,0.010737663924640768,1.0899536388293076,1.1583932571241193
0.4,0.6,0.4,0.6,0.9,0.8,0.5,0.4,0.1,0.6,0.7,0.4,-0.08549659649263415,0.7994515285316586,0.8805746083103251,2.5486853519792096,2.327439362439476
0.3,0.3,0.4,1.0,0.8,0.2,0.8,0.4,0.8,0.8,0.4,0.3,1.954606280088922,-0.8842526775531844,-1.0905775227223142,1.188898482025384,0.9601838290802
0.8,0.1,0.0,0.8,0.6,0.5,0.7,1.0,0.5,0.2,0.6,0.7,0.9676137161265868,0.2925407211926199,0.18780277239005913,1.9548520034728003,1.719902583401153
1.0,0.4,0.6,0.8,1.0,0.3,0.1,0.8,0.2,0.5,0.0,1.0,-1.0530299416625328,2.263300222155165,1.9752931123170268,1.9362124399427196,1.654332414005064
0.6,1.0,0.2,0.9,1.0,1.0,0.7,1.0,0.9,0.9,0.9,0.5,1.2751362147649423,-0.24134614465504067,-0.31630027400787886,4.307429819918068,4.265023353634131
1.0,1.0,0.3,0.6,0.4,0.3,0.1,0.3,0.4,0.1,0.3,0.8,1.8639793452945461,-0.8536983315961447,-1.0524014936377946,1.2729962611772176,1.1378861299617868
0.9,0.0,0.3,0.9,0.4,0.6,0.8,0.5,0.8,0.4,0.9,0.9,1.9228528654751433,-0.979582408506362,-0.9696480018703049,3.584679312925768,3.1845334516666925
0.3,0.2,0.6,0.1,0.1,0.5,0.9,0.0,0.0,0.2,0.9,0.8,-1.350565315624699,2.5580795593506958,2.280296046633252,3.722788189486026,3.3102190075700597
0.3,0.5,1.0,0.4,0.2,0.8,0.1,0.8,0.2,0.0,0.1,0.3,-2.384387364617113,3.4422365114807065,3.2256847026063133,1.5114423491618738,1.5300815785085506
0.3,0.6,0.7,0.0,0.2,0.0,0.9,0.7,0.8,0.1,0.6,0.2,0.0037318431283874243,0.7171692728371408,0.7205992572274181,3.8148411863531866,3.643296560015576
0.0,0.4,0.3,0.6,0.0,0.6,0.3,0.1,0.7,0.6,0.4,0.6,0.1729807603550898,0.8773675190344089,0.8694344099698328,1.4571289670707313,1.1350184400581043
0.7,0.9,0.9,0.3,0.8,0.6,0.7,0.2,0.7,0.6,0.7,0.3,-0.6287067691289763,1.3131804078373914,1.5596546839052938,4.573072865277928,4.596988743431781
0.6,0.5,0.8,0.6,1.0,0.7,0.6,0.0,0.6,0.1,0.0,0.9,-2.2182040604574897,3.3939298412154915,3.1974212485770006,3.326888942176347,3.1570825569602747
0.1,0.5,0.0,0.5,0.1,0.0,0.3,0.4,0.2,0.6,0.6,0.6,1.0908484863303296,-0.28958799592255813,-0.14022427553619662,2.434690506471076,2.22452754902175
0.5,0.2,0.3,0.6,0.6,0.2,0.8,0.7,1.0,0.3,0.5,0.2,2.4162399359843882,-1.1937823500992841,-1.3876717898203084,1.4197583158443439,1.3118472261551655
0.1,0.4,0.9,0.2,0.6,0.1,0.1,0.8,0.5,0.2,0.4,0.4,-0.8740499818974212,1.9212191158537668,1.75408504051042,1.8587328683230053,1.4724034795944134
0.6,0.4,0.3,0.0,0.2,0.6,0.9,0.6,0.5,0.2,0.8,0.2,0.6270696545521547,0.31060906508177377,0.34614231460383926,3.511324887372656,3.3422672508636095
0.5,0.9,0.2,0.6,0.0,0.4,0.9,0.5,0.8,1.0,0.8,0.6,2.046677823309399,-1.0356392121329792,-1.0199529786379296,3.8723339477580976,3.6147194240975287
0.4,0.8,0.3,0.5,0.1,1.0,0.7,0.2,0.7,0.6,0.0,1.0,-1.024100944180596,1.7516209171955683,1.7157046836373546,3.4221867600738425,3.16189685582661
0.4,0.9,0.2,0.1,0.1,0.3,0.1,0.5,0.2,0.2,0.9,0.8,1.0290839991718,-0.0033022578078466813,-0.022529361007858822,2.5815002736257675,2.2053479562201326
0.8,0.7,0.7,0.2,0.6,0.5,0.5,0.6,0.9,0.0,0.9,0.5,1.3786980807208062,0.07252448830329333,-0.028399221418422813,4.574020018714045,4.497337896210246
0.7,0.1,0.7,0.7,1.0,0.4,0.6,0.7,0.9,0.9,0.6,0.1,0.9772874479903593,-0.12890858088429466,-0.09296343432187079,4.143267597147651,3.7828902695214377
0.9,1.0,0.7,0.8,0.3,0.2,0.9,0.1,0.0,0.2,0.9,0.3,-1.1090891735047155,2.1010945751961194,1.9446567515778737,2.4455678626356887,1.9419179000484266
0.7,1.0,0.0,0.4,1.0,0.4,0.5,0.0,0.9,0.7,0.8,0.4,1.6407751189155286,-0.563655673661085,-0.7301859526069836,4.71435945127461,4.595872803908405
0.9,0.9,0.4,0.2,0.9,0.0,0.4,0.5,0.6,0.9,0.9,0.2,1.6627930330859257,-0.3726991582146705,-0.6824197046426044,4.841845940663673,4.4490127964514095
0.0,0.6,0.3,0.1,0.1,0.1,0.2,0.6,1.0,0.9,0.2,0.0,1.5113330222341075,-0.5818378789316913,-0.8313987983547019,2.1558807260456,2.042849093072195
0.5,0.4,1.0,0.0,0.3,0.7,0.6,0.1,0.0,0.2,0.8,0.8,-1.27482441489637,2.286856364140357,2.3801153008511204,3.4660940032304115,3.291416218481925
1.0,0.5,0.7,0.0,0.6,0.4,0.9,0.6,0.9,1.0,0.3,0.2,1.8021097187458375,-0.8551338360010611,-0.8426202522413034,4.074265300409828,3.944071034067002
0.2,0.4,0.3,0.6,0.8,0.4,0.2,0.0,0.6,0.5,0.5,0.2,-0.198680571424239,1.4648878863048438,1.1457648922285593,1.3493041008333535,1.3490923753942097
0.9,0.5,0.3,0.0,0.3,0.3,0.6,0.6,0.8,0.6,0.4,0.1,2.2571754182186674,-1.1445998603939234,-1.1067412264384313,2.988127782614677,2.798896186082221
1.0,0.2,0.0,0.1,0.9,0.0,0.8,0.0,0.1,1.0,0.2,0.5,1.689064043415935,-0.5714133030261617,-0.7368846613039461,3.852398347790201,3.6336801427141463
0.1,0.7,1.0,0.6,0.4,0.0,0.5,0.5,0.4,0.5,0.2,1.0,-0.2514989470011983,1.327890318115622,1.1295555396616654,2.1706839319336613,2.0669118368253803
0.3,0.1,0.6,0.0,0.1,0.3,0.5,0.7,0.5,1.0,0.9,0.2,0.26921878364568674,0.7651241647765213,0.7997505827698984,3.5572774945422787,3.3501653303071857
0.3,0.6,0.1,0.6,0.7,0.5,0.3,0.3,0.6,0.0,1.0,0.2,0.7625906714529842,0.0801446546765737,0.02258852820467648,1.9886318799620941,1.6346622035810427
0.4,0.0,1.0,0.5,0.5,0.5,0.6,0.0,0.6,0.9,0.6,0.5,-0.7695024127832982,1.6701379321725431,1.625299523434963,4.153724384116356,3.826179730644846
0.5,0.9,0.1,0.2,0.5,0.4,0.4,0.2,0.2,0.9,0.7,0.6,1.3992632529832427,-0.4904257562350023,-0.5004158820054844,3.610478511667825,3.2595008373057124
0.5,0.2,0.7,0.3,0.4,0.4,0.7,0.4,0.3,0.2,0.2,0.0,-0.38094910396669956,1.3831728377381467,1.1091094328889695,2.0251031185715873,1.7508677642497097
0.4,0.8,0.7,0.0,0.5,1.0,0.0,0.4,0.6,0.8,0.7,0.9,-1.4851426129856846,2.500279900634102,2.266472158200422,4.440677376159101,4.221837946827332
0.4,0.4,0.9,0.2,0.3,0.2,0.2,0.2,0.5,0.8,0.2,0.8,-0.49934626211679495,1.5598045173278223,1.468414493621601,2.8286386849727467,2.745781894043998
0.5,0.5,0.0,1.0,0.0,0.0,0.5,0.5,0.2,0.1,1.0,0.9,1.355145134907643,-0.40551143854463384,-0.34901133103623416,2.020124088074482,1.8305456545851102
0.6,1.0,0.0,0.4,0.2,0.8,0.0,1.0,0.7,0.0,0.8,0.1,-0.6623511959449631,1.5586486854079193,1.592055991111069,3.421523516355381,3.3226367571654465
0.8,0.4,0.5,0.5,1.0,0.2,0.8,1.0,0.2,0.1,1.0,0.2,0.7803549518036638,0.014623903529115884,-0.12510859070053137,3.438418319667015,3.0509495968382496
0.5,0.5,0.0,0.4,0.8,0.3,0.9,0.3,0.1,0.3,0.6,0.5,0.9344750122338735,0.0325767714272729,-0.07805943084713508,3.002591242680896,2.854053948595554
0.0,0.9,0.0,0.3,0.5,0.0,0.5,0.8,1.0,0.0,0.3,0.7,1.7654685372232952,-0.7846273669145313,-0.7149990865404953,1.8983291250740217,1.7592411143665097
0.5,0.4,1.0,0.4,0.7,0.3,0.5,0.1,0.5,0.0,0.7,0.6,-0.1838748119792022,1.0880365172019866,1.0581375260351846,3.3949308299953653,3.125319973491903
0.2,0.8,0.5,0.5,0.3,0.3,0.6,0.0,0.4,0.3,0.7,0.8,-0.13911524692426747,1.2949798665667664,0.8710914212428682,2.94736293680548,2.8155728982683375
0.5,0.2,0.5,0.1,1.0,0.5,0.6,1.0,1.0,1.0,0.6,0.0,1.0582265691319621,-0.1788911597189462,-0.4171085738942963,5.04022446944075,4.580019533479643
0.8,0.2,0.8,0.2,0.8,0.9,0.8,0.1,0.4,0.4,0.6,0.1,-0.7249127685365405,1.4808173648718639,1.6089323358603254,4.223710855339332,4.043042247031564
0.3,0.4,0.7,0.6,0.8,0.7,0.6,1.0,0.7,0.2,0.6,0.6,-0.9940831248197126,2.145728820158906,1.9670363912206843,3.063598287886681,2.726958758147698
1.0,0.9,0.3,0.7,0.4,0.1,1.0,0.4,0.6,0.2,0.3,0.7,1.8675429873353802,-0.9246154171529627,-0.9636766688492271,1.8971265819435856,1.6168691620010027
0.5,0.0,0.7,0.3,0.7,0.0,0.4,0.4,0.2,0.4,0.4,0.3,0.57737113202625,0.2447682432220211,0.1154719681455683,1.3791405179920095,1.5468247318387518
0.6,1.0,0.9,0.0,0.7,0.8,0.7,0.9,0.9,1.0,0.4,0.7,-0.19312252715336434,1.281551525311776,1.0013559446391112,3.818242744747,3.808038966110578
0.9,0.4,0.2,0.2,0.8,0.5,0.3,0.5,1.0,0.0,0.3,0.5,2.8460242839068317,-1.924296642907392,-2.0839646084949552,3.3368902869220243,2.9746695086852624
1.0,0.4,0.1,0.5,0.0,0.3,0.6,0.5,0.8,0.9,0.1,0.4,1.4592274070648483,-0.5430629805644269,-0.6160125413342733,2.777147063644439,2.55654993857506
0.6,0.5,0.0,0.8,0.9,0.9,0.3,0.3,0.0,0.6,0.9,0.6,0.05654108443601684,1.0064186530573047,0.961139027342655,2.355525105701028,2.1940921560166737
0.1,0.2,0.8,0.0,0.6,0.3,1.0,0.9,0.3,0.5,0.2,0.8,-0.736970574573038,1.972768036714017,1.6475187671115679,1.8036024190885143,1.5640048893775198
0.7,1.0,0.9,0.8,0.3,1.0,0.0,0.5,0.3,0.9,0.0,0.0,-1.8029670900382384,2.654162960174634,2.788965894444038,1.9354943230549808,1.7691329749384959
0.4,0.3,0.4,0.4,0.5,0.2,0.9,0.7,1.0,0.3,0.9,0.4,2.391024420666212,-1.4306550181310682,-1.4731402157651,3.116047248968135,2.8386173717488137
0.8,0.8,0.1,0.2,0.6,0.3,0.3,0.5,0.7,0.9,0.6,0.0,1.0499363810060467,0.013294118649549769,-0.17358038686860094,3.324769740776589,3.242412448644994
0.6,0.6,0.5,0.6,0.4,0.3,0.4,1.0,0.0,0.2,0.9,0.4,-0.7925465389742432,1.7725521588740187,1.7655732890675362,2.0200118203480333,1.5741767339047095
1.0,0.1,0.5,1.0,0.7,0.8,0.6,1.0,0.4,0.7,0.4,0.3,0.4470039365753057,0.5589033140288124,0.3600912873815024,1.1945919750402985,1.1959046438568512
0.8,0.3,0.3,0.4,0.4,0.9,0.6,0.3,0.5,1.0,0.4,1.0,1.1017623952484323,0.15141145609014767,-0.08061502909953196,3.7544229307010113,3.654561748313991
0.4,0.3,0.7,0.8,0.8,0.0,0.6,0.6,0.8,0.5,1.0,0.7,1.2587809779528845,-0.38620142561896137,-0.5036751805259502,2.448790253709706,2.560348042414547
0.2,0.9,0.1,0.5,0.7,0.7,0.9,0.5,0.3,0.2,0.1,0.4,0.3786172811030813,0.637049232494852,0.6290426727242436,1.1422627623570871,0.944174997157366
0.4,0.0,0.3,0.6,0.1,0.8,0.6,0.8,0.0,0.2,0.6,0.1,-1.0449507505560223,2.021066134138024,1.7542418807860192,1.5133284240485487,1.3292741246871371
0.7,0.2,1.0,0.8,0.1,0.7,0.4,0.6,0.2,0.2,0.0,0.6,-0.9329613415636866,1.8975291437128379,1.7211139298634752,1.1993003766887258,1.1870793551968244
0.0,0.7,1.0,0.8,0.6,0.0,0.9,0.4,0.8,0.5,0.7,0.7,0.7421911411432114,0.6512875544732908,0.3136018320952278,2.4568556921201914,2.2829016534627575
0.2,0.0,0.4,1.0,0.2,0.3,0.5,0.2,0.7,0.1,0.6,1.0,0.32880577326298865,0.6834774811337224,0.6664281044250508,2.0693384479953267,1.8610916438158043
0.1,0.3,0.6,0.4,0.8,0.8,0.6,0.6,0.3,0.1,0.5,1.0,-0.4738860817834417,1.4477166739294507,1.4487450922660536,2.7669400264286867,2.5684934238857915
0.1,0.8,0.5,0.6,0.9,0.6,0.1,0.0,0.3,0.0,0.2,0.7,-0.6004056722932307,1.7148181334504262,1.598513042178313,1.3288177465080144,1.0789028929513442
0.3,0.0,0.2,0.5,0.8,0.3,0.3,0.1,0.8,0.3,0.1,0.5,1.113101392748392,0.12402377595541647,-0.2577303845330371,1.4190897431567775,1.1304963217232584
0.2,0.2,0.5,0.6,0.2,1.0,0.1,0.1,0.8,0.9,0.5,0.9,-0.47747280690137356,1.4548993576146132,1.1619239966949633,3.621800580523467,3.44995581673245
0.9,0.2,0.9,0.7,0.0,0.2,0.9,0.9,0.0,0.9,0.1,0.0,-2.005896066309372,3.2882029742751246,3.066989689025608,1.6627285101469589,1.491710859614353
0.9,0.4,0.7,0.6,0.9,0.4,0.4,0.0,1.0,0.8,0.7,0.0,0.6445449636872177,0.4781445323755282,0.4304557794823624,4.429755631099132,4.268426999276178
0.1,0.9,0.1,0.6,0.1,0.5,0.4,0.8,0.5,0.8,0.4,0.8,-0.1882603110943306,1.236136974875921,0.9997533882696182,2.1357394752274916,1.9631013292227273
0.3,0.5,0.9,0.1,0.5,0.4,0.2,0.3,0.9,0.1,0.9,0.8,0.9463328680065802,0.07663534536785988,-0.1672477969102727,3.6578157727329486,3.585724252867679
0.9,0.0,0.6,0.2,0.7,0.2,0.6,0.9,0.6,0.3,0.7,0.6,-0.08015237305924064,1.2842012100202018,1.0564845307577815,3.878215908741814,3.7622055477111473
0.3,0.6,0.7,0.7,1.0,0.4,0.1,0.9,0.0,0.7,0.0,1.0,-3.240066467685949,3.9908787847384812,3.9195561399625887,1.9379482387811213,1.8797797972610035
0.7,0.1,0.0,0.4,0.6,0.5,0.5,0.5,0.3,0.4,0.3,0.7,1.9866872282769927,-1.1423367212977826,-1.1922476311137362,1.7714456884624783,1.7013047662579015
0.4,0.6,1.0,0.4,0.4,0.2,1.0,0.9,0.9,0.0,0.2,1.0,-0.3075299631253823,1.35088411935661,1.3476529793365213,3.4055833910977,3.1701092015980032
0.6,0.7,0.7,0.7,0.4,0.7,0.6,0.0,0.1,0.1,1.0,0.9,-1.6720547735857911,2.945436143450844,2.6830902790713895,2.975497549928991,2.6868052886653184
0.1,0.5,1.0,0.9,0.7,0.1,0.8,0.9,0.6,0.9,0.0,0.5,-1.6565629448796722,2.739802311918332,2.908971230856814,1.8468698058836277,1.762314386775884
0.6,0.6,0.3,0.7,0.1,0.5,1.0,1.0,1.0,1.0,0.3,0.3,1.7085357629077136,-0.6182828238406872,-0.7064384676268454,2.5868090798670123,2.261842268158345
0.6,0.6,0.3,0.6,0.4,0.1,0.8,0.2,0.0,0.7,0.6,0.8,0.4506695433399683,0.5848216593757841,0.5655257360205816,2.442475083896038,2.434414717432143
1.0,0.9,0.0,0.2,1.0,0.2,0.6,0.1,0.8,0.8,0.2,0.8,1.8372321537510146,-1.0832225629693986,-1.1919366306866364,4.333209241993428,4.126945597605504
0.7,0.5,0.7,0.2,0.8,0.9,0.7,0.5,0.3,0.9,0.5,0.8,-0.10240601617250887,1.0943850494678236,1.0795298381247602,4.468592403584579,4.112279318872574
0.5,0.8,0.2,0.5,0.6,0.9,1.0,0.2,0.6,0.7,0.2,0.8,-0.24860277905297382,0.9346759347292426,0.9065335698297933,2.448009704612349,2.229718364757626
0.4,0.8,0.1,0.6,0.0,0.2,1.0,0.6,0.0,0.0,0.7,0.0,0.3647573145592468,0.48512028447549704,0.6714096315492469,1.4241378786066636,1.176612800839651
1.0,0.2,0.8,0.2,0.5,0.4,0.0,0.6,0.8,0.6,0.0,0.4,0.1753113283681076,0.8410861671259766,0.7974630444193695,3.0317591795817127,2.927462752852095
0.7,0.3,0.5,0.2,0.7,0.9,0.2,0.1,0.2,1.0,0.4,0.9,-0.00405786023464403,0.9004076411922491,1.0779848499932743,3.3222645887654374,3.2519708515092556
0.4,0.4,0.4,0.0,0.7,0.1,0.9,0.6,1.0,0.5,0.5,1.0,2.1748780028557797,-1.1574781472002889,-1.3080356175392756,3.2520992151530206,3.037813934237892
0.3,0.1,0.3,0.4,0.9,0.1,0.2,0.3,0.6,0.6,0.5,0.2,1.263190844599539,-0.3397605224020425,-0.44610531168242495,2.2343772590783093,2.086180497800613
0.0,0.5,0.0,0.1,0.5,0.3,0.9,0.5,0.9,0.6,0.6,0.0,1.6340387864362194,-0.6344834889575333,-0.7168036682307513,2.9069868876425993,2.7844219638183265
0.3,0.5,0.0,1.0,0.0,0.5,0.2,0.5,0.0,0.1,0.7,0.9,-0.44428071029562816,1.4560621970685066,1.2428380962578538,1.5828586628772356,1.744675892157804
0.9,0.7,0.8,0.2,0.8,0.8,0.2,1.0,0.1,0.7,0.2,0.9,-1.7440741116972385,2.8959620690055656,2.621484816032769,3.435343882977031,3.4144105464516543
0.3,0.6,1.0,0.4,0.4,0.5,0.6,0.9,0.1,1.0,0.5,0.1,-1.8172738263715265,2.811349957960178,2.7060875419202435,3.872759568468302,3.4076558598305273
0.4,0.5,0.7,0.2,0.6,0.2,0.2,0.2,0.4,0.2,0.9,0.8,0.10645293535808578,0.7406053118683761,0.8740112269245502,2.99966265227366,2.7833169490832894
0.1,0.4,0.6,0.2,0.5,0.1,0.6,0.6,1.0,0.5,0.9,0.4,1.3600055239725086,-0.233349083842944,-0.30475780690530285,3.4707507088270972,3.3691407640554196
0.0,0.0,0.7,0.3,0.3,0.5,0.6,0.3,0.1,1.0,0.6,0.0,-0.834104269688101,1.8982383587122542,1.8381284606983204,3.7104317925595756,3.523262057064887
0.3,0.8,0.1,0.9,0.7,0.8,0.5,0.6,0.3,0.2,0.3,1.0,0.9269898185251153,0.27316237826340617,0.03515697478858587,0.6233226303887053,0.28920707892043646
0.9,0.5,0.9,0.2,0.6,0.6,0.2,0.2,0.5,0.8,0.6,0.8,-0.46327397776726836,1.6133788370560818,1.1848091123476185,4.536104578005809,4.48020306765109
0.5,0.7,0.6,0.0,0.6,0.4,0.4,0.4,0.2,0.3,0.4,0.2,-0.07699082696576613,1.3620917116225932,1.2296035359401973,1.499342048381712,1.240181292453081
0.5,0.7,1.0,0.6,0.4,0.8,0.4,0.7,0.2,0.8,0.4,1.0,-0.8485752898464684,1.871854481520379,1.6519928280279461,2.729004280375002,2.52235627479604
0.0,0.2,0.3,0.1,0.6,0.2,0.5,0.6,0.5,0.9,0.4,0.8,1.9330835854890918,-0.8109700785634624,-0.7882696739747435,1.7199936109935956,1.606207722426608
0.4,0.5,0.4,0.1,0.9,0.3,0.9,0.3,0.2,1.0,0.6,0.6,1.6154353697582096,-0.7530631424232475,-0.8495790054405638,4.1401953616250236,3.8302641166534905
0.4,0.7,0.7,0.7,0.9,0.6,0.6,0.8,0.8,0.1,0.5,0.4,-0.981542780279577,1.8858241563345075,1.7992598255701315,2.9072519591427626,2.454383153657737
0.2,0.7,0.1,0.7,0.7,0.7,0.7,0.8,0.1,1.0,0.5,0.5,-0.4179529005030544,1.2356539377622824,1.2923838132178425,1.854286792214574,1.8036476443202383
0.9,1.0,0.1,0.5,1.0,0.6,1.0,0.3,1.0,0.1,0.6,0.3,2.363303816097442,-1.3432503550533132,-1.421061149331448,4.3679648300066845,3.971659769419973
1.0,0.5,0.8,0.6,0.7,1.0,0.3,0.7,0.6,1.0,0.2,1.0,-1.2345333310445632,2.2130623796515723,1.8794694096923767,3.767329367591585,3.7670859539029595
0.7,0.8,0.5,1.0,0.7,0.0,0.5,0.1,0.3,0.9,0.1,0.0,-0.37004858808850305,1.3700463908737839,1.2562393766767261,1.1754355962254701,0.8991242102853989
0.4,0.6,0.1,0.2,0.5,0.3,0.5,0.7,0.4,0.0,0.9,0.8,1.4072573772905972,-0.4225539576512716,-0.5969201872751313,2.918635660919836,2.744077350305087
0.3,0.6,0.3,0.2,0.4,0.9,1.0,0.6,0.0,1.0,1.0,0.8,0.6224196507465098,0.168452860317732,0.34277503739740517,4.229077344772163,3.924189790351239
0.0,0.3,0.4,0.1,0.1,0.7,1.0,0.5,0.9,0.7,0.3,1.0,1.3210149057182405,-0.3396485776655286,-0.3475783422121576,3.4209611662211423,3.099748748950711
0.3,0.7,0.6,0.2,0.8,0.0,0.8,0.7,0.3,0.4,0.8,0.0,0.44680035541698065,0.6149769646291813,0.6630570920056356,3.238826669768624,3.040319394806568
0.3,0.6,0.7,1.0,0.7,0.2,0.7,0.9,0.6,1.0,0.2,0.7,-1.6509165519308047,2.5514602599677323,2.374700435846613,1.7455188992865325,1.4165672679381756
0.2,0.6,0.4,0.5,0.4,0.1,1.0,0.3,0.4,1.0,0.8,0.9,1.6039224818330122,-0.6144834149977341,-0.6979243430470922,4.173548461063502,3.8507110794260146
0.2,0.5,1.0,0.5,0.0,0.0,0.4,0.7,0.4,0.7,0.3,0.5,0.34723052056402315,0.5945295839484945,0.5024218595167088,2.21253934517469,2.2080165954831896
0.4,0.4,0.8,0.0,0.4,0.2,0.2,0.3,0.6,0.0,0.9,0.5,-0.3128482468006774,1.2519469065185282,1.0815847124515001,3.156770753495392,3.07532362829956
0.1,0.9,0.6,0.4,0.5,0.5,0.0,0.5,0.6,0.8,0.3,0.3,-1.070469844680854,1.9602125357902038,1.992084267196555,2.0495815866353086,1.6092196674755166
0.3,0.1,0.4,0.4,0.6,1.0,0.6,0.9,0.9,0.5,0.1,0.3,-0.46425921022500044,1.3005866437923355,1.2819276806545872,2.0039155035986997,1.6337421657188433
0.3,0.7,0.7,0.7,0.9,0.0,0.7,0.5,0.5,0.2,0.0,0.7,-0.6036411042548995,1.5595727937815813,1.4586853462698173,1.743747414180256,1.5708200453348504
0.0,0.7,0.5,0.8,0.2,0.0,0.6,1.0,0.4,0.1,0.6,0.3,-0.3196710543182908,1.339710538046926,1.1937374939588035,1.3843282565763133,1.0136226759791565
0.9,0.6,0.6,0.6,0.2,0.9,0.4,0.0,0.0,1.0,0.0,1.0,-2.3087256580593625,3.6418433627645634,3.4075857560271525,3.4585868116228426,3.3265226919342465
0.6,0.4,0.9,0.3,0.8,0.0,0.2,0.8,0.0,0.3,0.9,0.2,-1.2967013113891452,2.145476183524164,2.0569921728305953,2.9097598183339244,3.1181682064331744
0.1,0.0,0.4,0.5,0.1,0.6,0.9,0.1,0.6,0.9,0.8,0.2,0.21357915649016584,0.8190915818496693,0.6401338948576086,3.690474959047523,3.3559182401864285
0.7,0.1,1.0,0.1,0.3,0.8,0.2,0.9,0.6,0.6,1.0,0.7,-1.2795403236503775,2.321284062143483,2.2996215583635444,4.106869134332187,3.7613730004394053
0.4,0.3,0.8,0.5,0.6,0.0,0.6,0.0,0.5,0.7,0.5,0.4,-0.534168145518327,1.5214462330050447,1.5351050772666657,2.4540476163931118,2.2681714482783337
0.1,0.2,0.8,0.2,0.1,0.8,0.4,0.4,1.0,0.0,1.0,0.7,0.5906492381266888,0.24732862616247298,0.07257257071191953,3.914094108514471,3.7630493126451703
0.7,1.0,0.3,1.0,0.1,1.0,0.5,0.2,0.3,1.0,0.1,0.8,-0.23198602953174025,1.3155831407572942,1.08247465084845,2.237907502920121,2.0329716375448026
1.0,0.8,0.9,0.6,0.6,0.1,0.8,0.5,0.0,1.0,1.0,0.4,0.6657367987633337,0.4568458938748988,0.32462919057465334,3.9227300937175684,3.514771978734975
0.7,0.4,1.0,0.5,0.0,0.8,0.5,0.9,1.0,0.3,0.4,0.2,-0.6722407454072542,1.5814899513337273,1.6610950724339126,2.796433187383504,2.7062355838672825
0.7,0.8,0.3,0.4,0.8,0.7,0.5,0.0,0.2,0.5,0.6,0.8,0.02354369663703425,0.828105930100788,0.8134945481942468,3.383885009138649,3.067346106940493
0.7,0.3,0.5,0.4,0.7,0.5,0.5,0.0,0.7,0.7,0.8,0.5,0.03203380727275172,1.1421597056644315,1.0570188925183372,4.33469862767034,4.223926001278475
0.9,1.0,0.1,0.2,0.2,0.6,1.0,0.9,0.3,0.8,0.5,0.2,0.31628982193923844,0.8399800943088244,0.6023412428318926,4.160284201028012,3.843146363054559
0.0,0.0,0.5,0.0,0.0,0.1,0.7,0.4,0.1,0.0,0.8,0.6,0.4406219284152362,0.447515050604594,0.5185255160324714,2.3069871115612157,2.047569993835757
0.6,0.3,0.0,0.5,0.1,0.0,0.3,0.3,0.8,0.5,0.9,0.8,2.1447533720004563,-0.9144139012957919,-0.9640051409744772,3.5489830950885874,3.282448491838927
0.0,0.2,0.2,0.5,0.4,0.0,1.0,0.0,0.4,1.0,0.3,0.8,1.6877515117151676,-0.7262514927536318,-0.9568565138812131,2.1138122519728197,2.125195634434742
0.3,0.4,0.3,0.9,0.8,0.8,1.0,0.3,0.2,0.6,0.0,0.3,0.1986853484008182,1.0229188506786917,0.9126240961910435,0.08740456357372764,0.1605343723392256
0.5,0.8,0.5,0.6,0.5,0.4,0.3,0.6,0.4,0.4,0.8,0.0,0.29159637905094005,0.7247987242213376,0.8890804704316357,1.9384213345875334,1.5963619879307152
1.0,0.2,0.1,0.5,0.8,0.2,0.0,0.3,0.6,0.3,0.1,0.4,0.9278467121114718,0.18521179145144068,-0.19323895282543505,1.4711066774967188,1.6267657919733585
0.6,0.2,1.0,0.4,0.4,0.1,0.5,0.8,0.1,0.1,0.2,0.5,-0.8893750835811699,1.9622030453002257,1.8200253233511632,2.22938811838021,1.8989729870429248
0.0,0.8,0.0,1.0,0.5,0.9,0.1,0.8,0.6,0.8,0.9,0.8,-1.1989682349089397,2.2271915772781994,2.123925358426414,2.211463517286585,2.023756263841122
0.2,0.9,0.8,0.9,0.3,0.5,0.9,0.6,0.9,0.3,0.5,0.0,-0.3242475643837058,1.2547387622649777,1.1581754410916636,2.541812895099933,2.1493924173861236
0.4,0.6,0.7,0.4,0.1,0.7,0.2,0.2,0.4,0.8,0.5,0.5,-0.8605683468741737,2.030716797553912,1.7244625116695276,3.5932810719870494,3.4480554465379547
0.5,0.2,1.0,0.0,0.8,0.5,0.4,1.0,1.0,0.2,0.5,0.6,0.702501695094996,0.4064406821331236,0.21844229723511868,3.5876777103266395,3.553550546808724
0.4,0.9,0.0,0.4,0.1,0.5,0.0,0.7,0.0,0.2,0.6,0.2,-0.7409589457914436,2.0004577061860456,1.7183194160526538,2.347771386922725,2.1846449650578283
0.1,0.0,0.9,0.0,0.1,0.5,0.0,0.5,0.4,0.4,0.8,0.2,-0.43109812649818074,1.1517604201945169,1.2636333818205219,3.0759746391768483,2.680262351871762
0.8,0.8,0.9,0.4,0.0,0.0,0.1,0.3,0.3,0.1,1.0,0.9,0.7040656168590371,0.46268869972310156,0.2877562514485152,4.048244789023495,3.8262213163448955
0.9,0.3,0.5,0.6,0.8,0.1,0.7,0.8,0.1,0.5,0.9,0.4,0.2734908199738716,0.6962168132339681,0.7351528590073052,2.6305505427487206,2.5415164607970833
0.1,0.1,0.3,0.4,0.7,1.0,0.3,0.3,0.3,0.0,0.6,0.4,0.9055197309943818,0.02241195160608247,-0.0239338530743978,2.239963454223043,1.828237654637075
0.4,0.7,0.5,0.3,0.3,0.7,0.2,0.1,0.8,0.3,0.4,0.6,0.0845064943486099,0.9123072189065939,0.7661888203667672,3.006868605595803,3.0288749775277237
0.7,0.7,0.3,0.9,0.1,0.4,1.0,1.0,0.4,0.7,0.1,0.1,-0.2452444073896772,1.4464689249078984,1.3003628664457536,1.4513657169713479,1.140642105096337
1.0,0.6,0.1,0.7,0.4,0.2,0.8,0.5,0.9,0.0,1.0,0.8,3.338995984994253,-2.371762034726536,-2.4167258567363756,3.1196466280024016,2.99791392712965
0.2,0.6,0.4,1.0,0.5,0.0,1.0,0.3,0.4,1.0,0.5,0.6,1.6193067873199585,-0.37620857272982033,-0.6787897886788317,1.9748832874247173,1.8867599882150377
0.3,1.0,0.7,0.8,0.5,0.5,0.8,0.1,0.0,1.0,0.1,0.1,-2.5024950842303433,3.596668865417532,3.402966752117234,1.6494184394341123,1.4130558867187195
0.4,0.5,0.7,0.4,0.6,0.7,0.3,0.2,0.3,1.0,0.3,0.9,-0.024589684652686246,1.1083932942481884,0.9202544263745218,3.1903639668092683,2.82747333514231
0.4,0.1,0.0,0.5,0.2,0.3,0.7,0.8,0.9,0.9,0.7,0.3,1.9879610959646576,-0.7385565076744275,-1.0224513354144622,3.391440431047282,3.1896023702874325
0.9,0.8,0.0,0.9,0.1,0.1,0.6,0.3,0.5,0.4,0.1,0.0,0.0938400933818538,1.0755177362284203,0.901934272436536,0.9960021194533268,0.9720547926321956
0.4,0.8,0.2,0.4,0.5,0.6,0.3,0.5,0.4,0.4,0.4,0.4,1.1503815391837766,-0.13657809512227254,-0.19390551093878786,1.7562585099857981,1.6166950290268114
0.2,1.0,0.4,0.7,1.0,0.5,1.0,1.0,0.0,0.5,0.4,0.0,-0.5241943491088649,1.5926152616579299,1.4702195595643586,1.3016220941319978,1.137265466287598
0.1,0.4,0.3,0.8,0.1,0.0,0.4,0.2,0.3,0.8,0.8,0.1,1.5547296759669604,-0.4499214201975601,-0.5466052855497728,1.7803169404755432,1.5372696885428256
0.4,0.6,0.9,0.5,1.0,0.9,0.3,1.0,0.9,0.2,0.0,0.9,-0.9833992436945651,1.9473938675580698,1.9639364252751612,3.787645886082164,3.4919306915868686
1.0,0.7,0.4,0.0,1.0,0.3,0.9,0.7,0.5,0.0,0.1,0.7,0.8252656246737108,0.13323974215037787,0.12655203306519208,3.0566581847428176,2.833862754717452
1.0,0.3,0.7,0.6,0.1,0.6,1.0,0.1,0.0,0.7,0.3,0.4,-0.7744074888607198,1.7891461971911982,1.7129912766183164,2.7001650264563772,2.697016576212022
0.2,0.7,0.6,0.5,0.2,0.5,0.7,1.0,0.5,0.1,0.6,0.7,-1.1870409850330803,2.163746344203731,2.0520257497452086,3.321872810777586,3.224819703413836
0.5,0.1,0.2,0.7,0.5,0.3,0.5,0.2,0.5,1.0,0.5,0.6,1.6692001196107284,-0.5720016676391461,-0.7037579783562699,1.767870214766203,1.728490798030674
0.1,0.0,0.9,0.2,0.5,0.1,0.9,0.1,0.9,0.2,0.9,0.2,1.1674161845476156,-0.06240999611082749,-0.4021699263377559,3.6286076663468436,3.3708321732001907
0.3,0.7,0.9,0.7,0.5,0.9,0.6,0.2,0.9,0.4,0.7,0.1,-0.32665609824870956,1.347087803005139,1.0366787197833005,3.229201814384997,2.7969096374302787
0.9,0.1,0.9,1.0,0.1,0.4,0.6,0.8,0.6,0.5,0.4,1.0,-1.0959779524972493,2.0516299371054063,1.9665475508475212,2.7235512638466544,2.5448271020899957
0.4,0.9,0.8,0.8,0.1,0.6,0.9,0.8,0.1,0.5,0.2,0.5,-2.35067337431216,3.265433045056582,3.222817188201444,1.7501820367762992,1.711115692297499
0.5,0.5,0.4,0.7,0.9,0.6,0.1,0.2,0.1,0.1,0.4,0.1,-0.24423801295814118,1.2099668021133334,0.8749632596697706,0.9762299354640948,0.6555756896208003
0.6,0.5,0.3,0.9,0.8,0.2,0.3,0.3,0.4,0.3,1.0,0.7,1.9945568782876224,-0.8762270807178263,-0.9565659297205443,1.2758000956857043,1.1390493648245787
1.0,0.3,0.8,0.5,0.6,0.0,0.9,0.3,0.0,0.1,0.0,0.2,-0.3397012728754748,1.2888661964947847,1.2412198376179404,1.9205671646838491,1.7082950541212945
0.3,0.2,0.0,0.2,0.6,0.6,0.3,0.3,1.0,0.8,0.1,0.4,1.46763014415284,-0.2774955059798706,-0.523245613458717,2.529522398582648,2.1748467665133875
0.9,0.5,0.5,0.7,0.7,0.6,0.8,0.7,0.9,0.1,0.2,0.1,0.8109956502304021,0.286028156432286,0.21403664983323473,2.1167288767215466,1.9910303409086958
0.5,0.2,1.0,0.2,1.0,0.9,0.2,1.0,1.0,0.2,0.2,0.0,-0.3652797668499693,1.1363526199536536,1.286066245519296,3.191001002342256,3.201192651267466
0.1,0.3,0.4,1.0,1.0,0.7,0.7,0.7,0.0,0.3,0.2,0.6,-0.49811645993332676,1.60106122037278,1.519180054103963,0.8101468954434775,0.4615832516843632
0.8,0.9,0.3,0.9,0.7,0.4,0.0,0.5,0.7,0.9,0.6,0.9,0.61357373335358,0.3228201881378894,0.2914402435022541,2.610334934438286,2.5140278870087154
0.9,0.0,1.0,0.2,0.9,0.9,0.0,0.1,0.2,0.4,0.5,0.4,-0.4407113328213294,1.4592121885280391,1.5046811007156953,3.509757106938446,3.4444713657621646
0.2,0.0,0.2,0.1,0.8,0.0,0.0,0.4,0.6,0.8,0.5,0.7,1.694518908633258,-0.6624911148153474,-0.503457451676081,2.435342868131568,2.1674740504748966
0.7,0.0,0.5,0.2,0.2,0.8,0.2,0.6,1.0,1.0,0.4,0.4,1.7473484310888627,-0.6943963555230618,-0.6990293455737118,3.9010031692084977,3.707045113860791
0.8,0.2,0.0,0.8,0.0,0.1,0.4,0.9,1.0,0.5,0.9,0.7,1.5925584617645543,-0.6935096641853765,-0.7960709947427164,2.4640621709327104,2.297126661263563
0.2,0.0,0.4,0.6,0.5,0.2,0.3,0.6,0.3,0.1,1.0,0.3,1.9513990618363597,-1.046731170497144,-1.0732344282998774,0.891268139993676,0.560409007297945
0.2,0.6,0.1,0.3,0.7,0.9,0.6,0.3,0.4,0.6,0.2,0.9,0.33440212988339824,0.6461081590363055,0.39734604988352834,2.3117831391345245,2.284181473070484
0.5,0.7,0.5,0.6,0.0,0.0,0.1,0.2,0.2,0.8,0.4,0.7,0.6699030103809882,0.3478116919510911,0.19561078123253278,1.3901149902062433,0.8194220949990775
0.1,0.4,1.0,0.0,0.1,0.3,0.9,0.2,0.1,0.6,0.0,0.9,-1.5209262670794144,2.4954528111852614,2.3049681105163207,2.59214962399788,2.501215341895517
0.6,0.1,1.0,0.5,0.3,0.1,1.0,0.7,0.3,0.5,0.6,0.9,0.41543862012994504,0.335150691212497,0.27408330243495427,4.075959198117425,3.841547175066366
0.2,0.8,0.1,0.8,1.0,0.8,0.9,1.0,0.4,0.3,0.5,0.9,0.23124076228944737,0.7746343110023416,0.7990527622911666,2.33930239966144,2.2236613006650496
0.9,0.8,0.0,0.9,1.0,0.5,0.7,0.2,0.0,0.0,0.1,0.2,-0.3558570898572871,1.159315233725751,1.2668902320753719,1.4672538470221508,1.2686209997168734
0.6,0.7,0.4,0.4,0.3,0.0,0.1,0.5,0.3,0.4,0.4,0.5,1.4413303330212137,-0.42215342359754543,-0.5489415111826075,2.47584265508003,2.013827150024385
0.8,0.4,0.4,0.8,0.5,1.0,0.5,0.4,0.3,0.1,0.8,0.8,0.9385147840898733,0.24058027333583776,0.14346854389433594,2.250177051979731,2.0450435129292903
0.8,0.2,0.4,0.2,0.8,0.6,0.0,0.3,0.7,0.3,0.3,1.0,0.7667290876146736,0.398194981356924,0.20224674455220962,2.993522686685435,2.791035996709521
0.7,0.1,0.5,0.2,1.0,0.2,0.9,0.4,0.8,0.8,0.8,0.7,2.295355531411839,-1.322804143239235,-1.363137695688133,5.024176363935683,4.606935822770733
0.0,0.7,0.0,0.9,0.6,0.4,0.9,0.5,0.1,0.4,0.8,0.2,0.01997874538868244,0.7806281859191289,0.7316534064775085,1.149700259079924,0.8565107011361363
0.7,0.5,0.7,0.2,0.3,0.8,0.9,0.9,0.8,1.0,0.0,0.7,-1.641944209079638,2.5554728047857407,2.4285769108673456,4.3116315652674135,4.080699181976362
0.5,0.4,0.2,0.2,0.7,0.5,0.9,0.2,0.1,0.5,0.4,0.4,0.9727384273966082,0.05803868848464319,0.04644177817037512,1.9654480887888162,1.7034121731640606
1.0,0.1,0.3,0.6,0.2,0.0,0.8,0.9,0.8,0.5,0.6,0.5,1.6615781025454617,-0.7301380794604568,-0.9113428524465848,3.7528464416110348,3.653949221358747
0.4,0.1,0.6,0.7,0.1,0.9,0.4,0.0,0.1,0.8,0.3,0.2,-1.666633296463677,2.6315247384199396,2.6547558156332003,1.214972070377316,1.0004571417353474
0.5,0.0,0.4,0.9,0.3,0.7,0.5,0.3,0.3,0.4,0.6,0.6,0.9972898509806543,0.05161279235449816,0.054553254750650815,1.6379156600999207,1.6108530222398645
0.3,0.0,0.4,0.8,0.1,0.4,0.9,1.0,0.6,0.8,0.6,0.3,-0.0506357425549185,0.8606721289873279,0.942845797080954,1.9786886742274326,1.8307867170667491
0.3,1.0,0.6,0.0,0.7,0.3,0.2,0.6,0.0,0.9,0.0,0.2,-1.4405024150935413,2.6377923141639297,2.3140493713820605,1.356023031350109,1.0109407373338806
0.1,0.3,0.0,0.7,0.4,0.3,0.9,0.9,0.4,0.7,1.0,0.1,0.571513628020352,0.5134615209536857,0.3771089950522505,1.918988040709863,1.8014016074285049
0.5,0.6,0.9,0.6,0.0,0.3,0.4,0.8,0.2,0.1,0.9,0.5,-0.7594052141678103,1.9465186916871613,1.738988249247515,2.707129865754909,2.47154741994377
0.7,0.4,0.7,0.0,0.2,0.3,0.5,0.5,0.9,0.1,0.9,0.6,1.1012169875092375,-0.261852520357835,-0.033098105896287255,4.1430905110653615,3.944383129016787
0.2,1.0,0.2,0.4,0.7,0.4,0.9,0.3,0.8,1.0,0.8,0.9,2.094040810693797,-1.1516802156873824,-1.0229932765089307,4.416694352929673,4.349583495076124
0.1,0.4,0.1,0.1,0.1,0.0,0.4,0.1,0.6,0.1,0.2,0.8,0.5440494277902788,0.5454904171839968,0.6922517630836782,1.916705333196467,1.6719229255759047
0.5,0.0,0.0,0.8,0.7,0.2,0.1,0.2,0.0,0.3,0.5,0.8,0.5580047871321762,0.4467498514707108,0.4741773572554442,0.15400490888485618,-0.1488414218376401
0.5,0.6,0.1,0.2,0.4,0.3,0.9,0.9,0.9,0.3,0.0,1.0,0.25320840981077286,0.8572300435469042,0.5371538690762657,3.1034340467479726,2.845982806929689
0.3,0.5,0.1,0.9,0.6,0.3,0.3,0.3,0.6,0.8,0.6,0.7,0.8383491745617444,0.19313964662225602,0.29871392202870173,1.1657508414308724,1.056648773486284
0.9,0.3,0.3,0.9,0.7,0.9,0.5,0.1,0.8,0.3,0.5,1.0,0.6181559928034291,0.17721078125894224,-0.05171260048918919,2.396743577345873,2.03603220768567
0.3,1.0,0.1,0.3,0.4,0.6,0.7,0.9,0.6,0.6,0.3,0.2,-0.6467960590186045,1.6523673026225352,1.5088285554451641,2.5389191106815043,2.1109378763349427
0.4,0.4,0.9,0.2,0.3,1.0,0.6,1.0,0.8,0.4,1.0,0.8,-0.40880409180453164,1.4236342196958338,1.3117997159687025,5.042671520325527,4.688689533372492
0.5,0.8,0.9,0.5,0.7,0.1,0.8,0.9,0.3,0.0,0.8,0.0,-0.6737730812169174,1.709924075281826,1.4955581736983106,2.668331947606366,2.469437013694432
0.3,0.9,0.5,0.9,0.8,0.7,0.1,0.2,0.9,0.8,0.5,0.3,0.4855826603606098,0.5511812789068331,0.6000843968327034,1.6195932698713154,1.3679685719826218
0.8,0.8,0.8,0.0,0.2,0.0,0.9,0.4,0.2,0.9,0.5,0.6,0.6072793120383336,0.5946478697861685,0.3742704110705018,4.403400011309099,4.3159971700254545
0.7,0.7,0.9,0.2,0.5,0.8,0.5,0.0,1.0,0.8,0.6,0.8,-0.2871448891035745,1.4235629683782114,1.2911375333362063,4.987256023811877,4.7983687956521655
0.1,0.3,0.8,0.1,0.3,0.7,0.3,0.3,0.4,0.4,0.7,1.0,-0.7158989905088029,1.9673925144840436,1.6831245905198002,4.069934782144474,3.728541748283893
0.3,0.6,0.8,0.1,1.0,0.9,1.0,1.0,0.5,0.5,0.1,0.0,-2.483720802148225,3.415212215368689,3.147672336011487,3.240524809996337,3.1305370272863993
0.2,0.3,0.5,0.6,0.9,0.4,0.7,0.8,0.6,0.0,0.1,0.5,-1.1426149876496285,2.1998367498648768,2.1563277329538946,1.8117872685898613,1.6726859846691697
1.0,0.7,0.4,0.7,0.4,0.1,0.6,0.6,0.4,0.6,0.8,0.2,1.7876535492096628,-0.8940673104275989,-0.9022703934405312,2.622905658564344,2.509752112311456
0.7,0.1,0.5,0.3,0.3,0.7,0.8,0.1,0.4,0.3,0.9,0.2,0.03045389328348845,0.912453097545426,0.7472468135525591,3.7100495295783857,3.345634540763837
0.5,0.6,0.1,0.9,1.0,0.0,0.9,0.5,0.8,0.2,0.6,0.6,2.169097806344742,-1.268493880013146,-1.1886535907025422,2.7553705974284712,2.6197009523114505
0.5,0.4,0.4,0.8,1.0,0.6,0.8,0.6,0.3,0.4,0.7,0.1,1.1161043788964864,-0.21327808756439248,-0.29761473890431345,2.604322845213802,2.361718838507839
0.7,0.2,0.9,0.1,0.7,0.8,0.2,0.1,0.7,0.6,0.5,1.0,-1.1314745743673775,2.190054842230701,2.2339862244411,4.04106063233492,3.531669634025535
0.2,0.4,0.6,1.0,0.7,0.3,0.2,0.5,1.0,0.8,0.7,1.0,0.6470783261026154,0.33641896538490057,0.16630662676468994,2.661748558256112,2.5207971799828286
0.2,0.6,1.0,1.0,0.0,0.3,0.9,0.7,0.2,0.5,1.0,0.4,-0.3197203672175919,1.1355564702227627,1.083251794579486,2.0388024082242913,1.9165279013870002
0.8,0.1,0.6,0.4,0.1,0.9,0.2,0.9,1.0,0.1,0.1,0.5,-0.9090329670502577,2.0345173859840107,2.0889804394651006,3.1593413149938168,3.138302545769848
0.5,0.3,0.9,0.3,0.5,1.0,0.7,0.7,0.6,0.1,0.9,0.2,-1.174425605984457,2.130999428756165,2.1154749762900327,3.9828274530251893,3.8716548830157427
0.7,0.8,0.0,0.7,0.5,0.9,0.1,0.7,0.4,0.5,0.0,0.9,-0.7848774559998312,1.700926965423539,1.5314898921783968,1.3629741987132604,1.1645103055002948
1.0,0.5,0.2,0.6,0.4,0.1,0.1,0.5,0.8,0.1,0.7,1.0,2.192129724838274,-1.1884936219146827,-1.4100151175099247,3.2357789574004245,2.9512637935150363
0.5,0.6,0.7,0.5,0.3,0.4,0.7,0.7,1.0,1.0,0.3,1.0,0.8916504959863634,0.32666285060678824,0.30300771446316965,4.164510974239518,4.0740732245434295
0.6,0.9,0.1,0.5,0.8,0.8,0.9,0.4,0.5,0.9,0.2,0.8,0.6333757306354517,0.4996131625849354,0.4131016804334058,2.9037422199382763,2.5247323775913117
0.5,0.9,1.0,0.7,0.6,0.6,0.1,0.3,0.3,0.1,0.2,0.9,-0.7231349554484663,1.7730219715136728,1.5815317752850633,1.2977095686464848,1.1802933946268248
1.0,0.2,0.9,0.3,1.0,0.7,0.0,0.9,0.0,0.8,0.7,0.5,-1.121235432679351,2.14730169035419,2.023778177379411,4.9567352029512595,4.685311211982847
0.7,1.0,0.0,0.9,0.6,0.3,0.5,0.0,0.2,1.0,0.5,0.8,0.41839553639938526,0.7068557961425683,0.46356167345421223,1.7533051848054677,1.61425705124928
0.7,0.0,0.6,0.7,0.6,0.4,0.0,0.0,0.1,1.0,0.3,0.9,-0.8199780797822782,1.7363438266482543,1.8371035453314843,1.5755671484983085,1.4317408686620259
0.5,0.9,0.1,0.8,0.9,1.0,0.5,0.6,0.0,0.6,0.4,0.5,0.21999197019319341,1.0237753805031646,0.8140662306034155,1.6788978856881787,1.5894135882973042
0.1,0.0,0.0,1.0,1.0,0.7,0.6,0.3,0.4,0.9,0.2,0.9,1.0395319770756928,-0.06801065677281957,-0.010020013811670302,2.0975397222058927,1.7923114983305284
0.9,0.3,0.8,0.1,0.2,0.0,0.9,0.3,0.2,1.0,0.8,0.5,1.3679657894381052,-0.31130765851852704,-0.4561151767951736,5.189306142534333,5.326794237327109
0.6,0.9,0.7,0.3,0.5,0.5,0.3,0.8,0.8,0.0,0.6,0.0,-1.4606074096049046,2.2480909450025446,2.2983803852209075,3.5292495692208825,3.3216241096357892
0.0,1.0,0.0,0.8,0.7,0.1,0.5,0.4,0.4,0.4,0.2,0.7,0.920236557371107,0.17173682872157608,-0.010442028950752927,0.011432725905975757,0.06586734109763595
0.5,0.2,0.0,0.6,0.9,0.6,0.4,0.2,0.6,0.1,0.3,0.9,0.6703731109426064,0.12025631743176428,0.05008777830210608,2.4867173793542667,2.068460506626285
0.4,0.3,0.9,0.9,0.4,0.6,1.0,0.2,0.2,0.1,1.0,0.2,-0.1029699071736992,1.0298977592733223,1.1178905213714547,2.3208642208902495,1.9665099308030238
0.6,0.5,0.7,0.0,0.8,0.7,0.9,0.9,0.9,0.1,0.8,1.0,-0.5307995806311261,1.658627952616418,1.281428348153009,4.703428649557843,4.582669689073231
0.7,0.5,0.0,0.0,0.6,0.2,0.5,0.0,0.3,0.3,0.1,0.3,-0.07505383445333319,0.7697148065954063,0.8145124738194276,0.8789189860651968,0.60654430376679
0.9,0.3,1.0,0.9,0.3,0.1,1.0,0.4,0.0,0.7,0.8,0.2,0.04710575701867895,0.9743518214592055,1.0086335083473048,2.9766018429792145,2.7188899463762946
0.7,0.1,0.8,0.8,0.7,0.7,0.3,0.4,0.1,0.0,0.7,0.5,-0.6829748361428816,1.8086747509838024,1.4571123506705257,1.9966337782076238,1.8349726587012531
0.0,0.1,0.0,0.9,1.0,0.8,0.7,0.0,0.4,0.8,0.3,0.6,0.6461788751660982,0.20050612837869858,0.2303014211745853,1.6599376167348003,1.36111100609104
0.9,0.8,0.0,0.7,1.0,0.0,0.2,0.6,0.8,0.1,0.5,0.4,2.2409232939838244,-1.2701802448922834,-1.3721655174558616,2.6689653037895265,2.382090088273713
0.0,0.9,0.0,0.5,0.6,0.9,0.5,0.3,0.5,0.6,0.1,0.6,-0.7580579812314368,1.6817780952990196,1.6036517934492396,1.6834497454668185,1.4890970711879152
0.4,0.5,0.5,0.9,0.5,0.1,1.0,0.1,0.8,0.4,0.0,0.3,-0.19942482921285534,0.9565214583850306,1.0038648869573865,0.6022124689692239,0.43710105699059176
0.1,0.4,0.4,0.2,0.6,1.0,0.1,0.7,0.4,0.7,0.3,0.5,0.40720212153115654,0.8306411188517113,0.5241336809466571,2.157072439728956,1.9590356315459831
0.9,0.9,0.5,0.2,0.7,0.4,0.1,0.2,0.4,0.1,0.7,0.7,0.7182765140186587,0.2156172548942195,0.12998387202556444,3.4695949898809624,3.1045294937172527
0.2,0.1,0.1,0.2,0.9,0.4,0.6,0.5,0.7,0.3,0.5,1.0,1.0522824390371848,-0.3046124981924397,-0.2628459461553743,3.4332478101402133,3.1565816278225665
0.9,0.1,1.0,0.5,0.2,0.6,1.0,0.8,0.4,0.6,0.6,0.3,-0.5636857972164719,1.2202276960309038,1.2387186824028864,4.075047346552154,3.950323881197726
0.2,0.7,0.9,0.5,0.3,0.9,0.6,0.6,0.9,0.0,0.1,0.7,-0.5899592801794982,1.5922768176530844,1.2534918332361635,2.9010408110212316,2.5834698219974555
0.7,0.5,0.1,0.5,0.9,0.4,0.3,0.9,1.0,0.9,0.0,0.6,0.9672602710585009,-0.04934459684277137,-0.06764244253859324,3.1516930943365713,2.9395730051942426
0.7,0.7,0.7,0.3,0.4,0.7,0.3,0.7,0.4,0.3,0.2,0.9,-1.347888968402862,2.3482501961983586,2.259292180845922,3.151330942175694,3.1018569338351356
1.0,0.1,1.0,0.0,0.2,0.5,0.3,0.5,0.8,0.9,0.0,0.9,0.5966751978306051,0.6240555539948576,0.23629753987287572,4.714255088494547,4.666342680095527
0.9,0.8,0.3,1.0,0.9,1.0,0.1,0.0,0.6,0.2,0.6,0.1,-1.0203567295541613,1.879182304437144,2.0349838605200263,3.027203792194664,2.824456848766329
0.3,0.6,0.4,0.9,0.9,0.3,1.0,1.0,0.9,0.5,1.0,0.8,1.8399959272073545,-0.736582255452289,-0.9644815707624425,2.7625795469876357,2.5628127783236714
0.2,0.3,0.6,0.4,0.2,0.6,0.4,0.4,1.0,0.6,1.0,0.3,1.0544465771464115,0.33437731078088306,-0.11665144627545115,4.078673202168639,3.8046274998214535
0.5,0.6,0.9,0.6,0.1,0.4,0.3,0.1,0.3,0.9,0.5,1.0,-0.6232254593020573,1.8308502393070472,1.5703060149156987,3.268103398897914,3.098570972572235
0.0,0.0,0.5,0.8,0.2,1.0,0.1,0.9,0.2,0.0,0.6,0.5,-1.67538638786493,2.733764478335434,2.5950229398346267,1.6916374744526603,1.3769507120347573
0.3,0.1,0.5,0.1,0.9,0.2,0.8,0.7,0.0,0.0,0.2,0.3,-0.034489426086409106,0.8862111911617099,1.00021369281118,1.1935469270150298,1.0577985572792818
0.3,0.1,0.5,0.5,0.8,0.0,0.7,0.4,0.9,0.0,0.0,1.0,1.452180158152658,-0.4002434609676484,-0.4762763559178374,2.281514464650172,2.1670725251839493
0.4,0.5,1.0,1.0,0.4,0.6,0.7,0.1,1.0,0.0,0.5,0.6,0.203489646693696,0.9145873393780917,0.8541908083902138,2.7139776662515773,2.6650655108475316
0.1,0.9,0.7,0.5,1.0,0.2,0.3,0.3,0.1,0.9,0.1,0.3,-1.3947239709189105,2.3422640765377896,2.2421443093882703,2.0348459736773647,1.8735031003060243
0.8,0.9,1.0,0.2,0.8,0.8,0.1,0.2,0.2,0.9,0.1,0.6,-0.7596032020313784,2.0297468779241115,1.7662391196277731,3.570772546392649,3.3773435595299928
0.5,0.6,1.0,0.1,0.0,0.0,0.5,0.0,0.6,1.0,0.1,0.7,-1.2450503209960817,2.4408366548938356,2.195593902626516,3.527566310269673,3.282069092625045
0.4,0.3,0.1,0.4,0.5,0.8,1.0,1.0,0.7,0.6,0.7,0.0,0.07293787474062136,0.7740765275440276,0.8456138510580706,3.0579024904565246,2.689899557581344
0.7,0.6,0.0,0.8,0.6,0.9,0.6,1.0,0.8,0.2,0.5,0.2,0.018845610878525376,0.8905456580600369,0.6990885208215067,1.6948350596187798,1.3824002650725489
0.8,0.9,0.0,0.0,0.0,1.0,0.9,0.2,0.7,0.6,0.7,0.1,0.14593481088230337,1.0632237196391277,0.7338874571634006,4.576867640261336,4.535228235728854
0.6,0.7,0.9,0.0,0.8,0.4,0.8,0.9,0.7,0.6,0.9,0.7,-0.9553321511801652,1.869374684392492,1.8102450225926607,4.365825254302549,4.23024430248172
1.0,0.6,0.5,0.7,0.5,0.7,0.3,0.4,0.8,0.2,0.2,0.0,0.20602412514999888,0.7414717090818954,0.7366164680424179,1.2294731329233934,1.1610127315420518
0.4,0.9,0.3,0.3,0.5,1.0,0.1,0.0,0.9,0.0,1.0,0.7,1.0191255467365559,-0.031539077879937295,-0.17936390912824296,3.4762818160675084,3.3193262204304275
0.8,0.3,0.0,0.0,1.0,0.8,0.3,1.0,0.7,0.1,1.0,0.3,0.9031216249945871,0.1315205243171405,0.03371077015890704,3.610750265757018,3.2998450402036323
0.5,0.7,0.8,1.0,0.9,0.3,0.5,0.2,0.6,0.8,0.4,0.7,-0.3895085213597956,1.3134425907836187,1.1866964883935915,2.3103991476081687,1.9414617825700398
0.9,0.4,0.0,0.9,0.0,0.7,0.7,0.7,0.0,0.5,0.6,0.0,-0.624607474267696,1.641145102526654,1.457182248841697,1.635549723783409,1.4212355663158536
0.6,0.1,0.4,0.8,0.2,0.3,0.0,0.8,0.3,0.2,1.0,0.0,0.42179477027036993,0.7047010870601785,0.6470823684512937,1.081317283662199,0.5502465540391214
0.4,0.9,0.3,0.2,0.4,0.2,0.5,0.6,0.4,0.8,0.6,0.4,1.5250630675715264,-0.2645691904014122,-0.5012652192453471,3.1107251244638476,2.766166846315319
0.5,0.8,0.2,0.5,0.1,0.1,1.0,0.9,0.6,0.4,0.0,1.0,-0.9394470950963674,1.9674009899908664,1.905325164670006,2.621945561797527,2.4024510493752556
0.2,0.5,0.1,0.4,0.1,1.0,0.5,0.3,1.0,0.0,0.8,0.9,1.4545435759394219,-0.6272870650964486,-0.6788321419085261,4.355353469106492,4.129282856284903
0.7,0.6,0.0,0.6,0.7,0.2,0.2,0.8,0.8,1.0,0.3,0.9,1.429976756248439,-0.480521606071739,-0.42552698805129346,2.4975540949017616,2.344307582633237
0.2,0.3,0.0,0.1,0.5,0.0,0.1,0.1,0.2,0.4,0.5,0.0,0.4832183630056459,0.2927652526960132,0.22841293762557896,1.4032808759054896,1.0839502928213256
1.0,0.0,0.7,0.8,1.0,0.3,0.2,0.3,0.5,1.0,0.1,1.0,-0.22649979944571497,0.9606681561883705,0.9467171272798851,3.050529974722783,2.9132971962809178
0.1,1.0,0.7,1.0,0.3,0.6,0.1,0.2,0.4,0.6,0.0,0.5,-1.9213497659541252,2.974321195780332,2.794062937867003,1.3587956085393447,1.2893932545852205
0.0,0.0,0.4,0.8,0.2,0.1,0.2,1.0,0.8,0.2,0.1,0.8,0.24696845973599185,0.7633239914920393,0.6948985349864306,0.5555439335505625,0.352743297262456
0.1,0.0,0.9,0.7,0.7,0.8,0.9,0.9,0.5,0.1,0.0,0.9,-2.385091887993899,3.410275129163674,3.300202763915477,1.7623303161780184,1.3243909328485637
0.1,0.3,0.4,0.5,0.3,0.1,0.9,0.0,0.5,0.2,0.5,0.7,0.2745093475059591,0.5674771738101748,0.6357512495576699,2.166057343318792,2.021317888044141
0.5,0.3,0.8,1.0,0.9,0.5,0.9,0.3,0.2,0.8,0.8,0.5,0.22388676919684442,0.8186481522418347,0.8322346714746256,3.7283847853220364,3.387938658578689
0.4,0.5,0.6,0.4,0.4,0.0,0.8,0.7,0.8,0.8,0.9,0.0,0.5531135210804531,0.34689925901671514,0.2740723922209486,4.2608696260849435,3.883597534415127
1.0,0.2,0.2,0.8,0.5,0.5,1.0,0.0,0.3,0.3,0.1,0.7,0.8115225238672039,0.08863062528837858,0.09632172134056562,1.1505288072551263,0.8206514613999907
0.0,0.1,0.2,0.8,0.6,0.6,0.3,0.4,0.0,0.5,0.2,1.0,-0.293967797257071,1.5201976652641849,1.323687708559666,-0.14858648610977634,-0.33510934126272546
0.7,0.9,0.9,0.7,0.2,0.8,0.7,0.9,0.7,1.0,0.5,0.1,-1.9936756369896602,3.0144217998783316,2.9840039073635047,3.9536088879167743,3.509940184222606
0.1,0.7,0.1,0.3,0.8,0.1,0.1,0.6,1.0,0.3,0.2,0.3,2.038584773251056,-0.7707334636693961,-0.917845274188028,1.6663465467465126,1.4731205453305234
1.0,0.0,0.2,0.6,0.1,0.8,1.0,0.3,0.5,0.0,0.4,0.4,1.846460510198697,-0.847981260529537,-0.8950796349943211,1.9378231058588424,2.0587485152650644
0.5,0.0,1.0,0.0,0.6,0.0,0.1,0.5,0.6,0.0,0.1,0.7,-0.34235653158698337,1.4153128003908215,1.2428149309836216,1.4922501357337878,1.350165883260576
0.1,0.7,0.4,0.4,0.4,0.4,0.2,0.4,0.1,0.6,0.0,0.3,-0.8613487202064104,1.8625455307193095,1.780118320271839,1.0064310844764153,0.7541782179254871
0.7,0.6,0.3,0.4,0.5,0.0,0.8,0.6,0.5,0.7,0.8,0.8,1.793348429863072,-0.6653670603723042,-0.7346006804238079,3.881638038488986,3.3910520720970867
1.0,0.3,0.5,0.1,1.0,0.5,0.2,0.0,1.0,0.7,0.9,0.3,1.4993664473206532,-0.41878963190864044,-0.6506552199551761,4.938400533384693,4.8501569922013585
0.9,1.0,0.8,0.2,0.9,0.6,0.2,0.0,0.0,0.1,0.6,0.3,-1.739132821191126,3.0568611718736487,2.545796549980843,3.6440288077713054,3.5115503501943666
1.0,0.2,0.1,0.8,0.4,0.8,0.6,0.1,0.9,0.5,0.9,0.1,1.9225811202113046,-0.8622551528653725,-0.9813002555863399,2.9655230042487335,2.759936293052541
0.7,1.0,0.1,0.5,0.9,0.0,0.5,0.8,0.7,0.1,0.8,1.0,0.8857644272084598,0.2713964330881963,0.312661157418445,3.8731094951120637,3.886027185551706
0.7,0.1,0.8,0.1,0.0,0.9,0.5,0.8,0.9,0.4,0.7,0.6,-0.26866643416013863,1.2376491073490246,1.291681928208519,4.386371893512517,4.41091022942785
0.7,0.9,0.0,0.7,1.0,0.0,0.3,0.0,0.4,0.9,0.6,0.2,0.8336462280139966,0.2494230821632536,-0.08262990449200074,3.164510958774484,3.0312172054774407
0.1,0.0,1.0,1.0,0.8,0.0,0.4,1.0,0.2,0.9,1.0,0.0,0.28544365257097126,0.7399904140804175,0.48908556842429196,2.197729358944134,1.8112798230812799
0.6,0.7,0.3,0.3,1.0,0.9,0.1,0.5,0.6,0.4,0.1,0.9,-0.7899039491500395,1.8380662352971733,1.8418651150913883,3.381711141986158,3.2922791576638586
0.3,0.5,0.2,0.5,0.1,0.9,0.7,0.9,1.0,0.1,0.4,0.5,0.7518515954138835,0.3343246047388473,0.03846785787949271,2.8543445465772175,2.5548000093835936
0.1,1.0,0.7,0.0,0.3,0.5,0.8,1.0,0.2,1.0,0.0,0.2,-1.6736714965801691,2.8775014023229244,2.6503309189288426,3.0534564077287447,2.8105532100916095
0.0,0.7,1.0,1.0,0.8,1.0,0.2,1.0,0.8,0.9,0.8,0.9,-1.2553110997849197,2.2200155629472085,1.9640779623225448,3.861655760974438,3.858880527886721
0.1,0.5,0.7,0.4,0.5,0.7,0.7,0.9,0.3,0.4,0.0,0.9,-2.205693414097795,3.445593384136663,3.1011171541000913,2.4565775315691876,2.3412438837931515
0.2,0.7,0.6,1.0,0.1,0.8,0.5,0.3,0.4,0.2,0.2,0.8,-1.248518557593165,2.3603754305933786,2.037386804710856,1.1617055103721596,0.8740832921247343
1.0,0.7,0.8,0.7,0.6,0.7,0.1,0.3,1.0,0.3,0.6,0.0,0.34699563092140695,0.8342346958838791,0.8320048176284057,2.8756745624326703,2.4923546376571997
0.1,0.1,0.5,0.5,0.1,0.7,0.0,0.5,0.3,0.6,0.9,0.0,-0.05127846802144334,1.2127017410699064,0.9221431734463306,2.1369686936470713,1.84585633042253
0.4,0.9,0.5,0.9,0.9,0.1,0.6,0.3,0.9,0.0,0.5,0.6,1.7885692874343524,-0.6215237779404219,-0.825427439483642,2.2572658624831696,2.024003537121995
0.3,0.2,0.5,0.5,0.6,0.6,0.9,0.8,0.2,0.0,0.3,0.7,0.25204119570357786,0.951660549010288,0.7051168491119618,1.145378328411846,0.8361325520745125
0.6,0.6,0.5,0.0,1.0,0.1,0.2,0.4,0.4,0.7,1.0,1.0,0.9824715298786506,0.046676326816576824,-0.2651585906977073,4.313292635957417,4.28120473215229
0.7,0.5,0.0,0.6,1.0,0.5,0.7,0.8,0.8,1.0,0.5,1.0,0.8236760420142641,0.022692705083473354,0.10262804082142327,4.711452784800585,4.6163791605692985
1.0,0.7,0.0,0.1,0.1,0.3,1.0,0.8,0.4,0.5,0.9,0.7,1.2591266315436977,-0.3418543328571275,-0.49536202830769105,4.271060656286805,3.908642950638427
0.0,0.8,0.6,0.0,0.3,0.7,0.0,0.2,0.3,0.3,0.7,0.8,-0.9375790107821723,1.9420133903853072,1.8393532566837916,2.8785316101546305,2.726271861666693
1.0,0.5,0.9,0.9,0.2,0.2,0.5,0.6,0.6,0.9,0.1,0.4,-0.5202148100951701,1.5224137209134494,1.4200897888286357,2.380626529092843,2.3163733060025966
0.0,0.1,0.3,1.0,0.0,0.1,0.4,0.9,0.2,0.7,0.4,0.8,0.21513645093070852,0.7845864954353358,0.7298873940310786,0.17045504426256755,0.0514821710026807
0.6,0.9,0.3,0.3,0.2,0.0,0.6,0.8,0.1,0.1,0.5,0.6,0.20127141768428994,0.8088540483456869,0.9201389913500407,2.7794423963780406,2.413783390730794
0.8,0.0,0.2,0.8,0.0,0.4,0.7,0.6,0.8,0.9,0.8,0.6,2.654100771496928,-1.52050363432036,-1.571714565783194,3.139395316333965,2.9690465107645228
1.0,0.1,0.0,0.4,0.4,0.9,1.0,0.8,0.0,0.4,0.5,0.5,-0.20420993054478156,1.0803728812515123,0.9498138273918453,3.6086388978847457,3.0563918344323993
0.7,0.1,0.3,0.5,0.5,0.0,0.3,0.7,0.0,0.5,0.0,0.9,0.13872221195014448,0.8942597626415678,0.6744298204246632,1.4956673650674037,1.1080977797992482
0.7,0.0,1.0,1.0,0.6,1.0,0.0,0.4,0.9,0.7,1.0,0.8,0.5704949127069059,0.29815086624073867,0.18126326972186518,3.0511471009408706,2.968140934763354
0.9,1.0,0.2,0.3,0.1,1.0,0.9,0.9,0.3,0.1,0.5,0.6,-0.05012406134265267,0.9423944991597126,1.0072779631594595,3.812293750126982,3.6564783789428765
0.4,0.6,0.6,0.1,0.4,0.8,0.4,0.5,0.3,0.8,0.0,0.7,-0.8386018571982363,1.9245256402849933,1.6812469556696374,2.5462773773206973,2.045098874798536
0.9,0.3,0.2,0.5,0.8,0.7,0.2,0.6,0.8,1.0,0.7,0.9,2.2392813394637034,-1.3440260862081344,-1.4124258297739862,4.664571351185966,4.557129074325799
0.4,0.6,0.9,0.8,0.7,1.0,0.7,0.4,0.5,0.2,0.2,0.7,-1.314934737619789,2.275020479552939,2.207628843758369,1.5603579570289057,1.3225076914721257
0.0,0.7,0.2,0.7,0.0,0.1,1.0,0.9,0.6,0.4,0.9,1.0,-0.6289675528862605,1.6517456838516544,1.4953142830651482,2.42868377374848,2.3423155899576833
0.9,0.8,0.7,0.6,0.9,0.7,0.2,0.6,1.0,0.1,0.2,1.0,0.24253671387148873,0.7924376312107568,0.6484696486533961,3.5383198655134636,3.188774426188476
0.8,0.0,0.5,0.0,0.0,0.6,1.0,0.1,0.8,0.3,0.5,0.6,0.7177082342564132,0.3604528150404991,0.13630268157709274,3.443190809358153,3.493423213780736
0.0,0.5,0.7,1.0,0.9,0.1,0.5,0.5,0.5,0.5,0.3,0.7,-0.08923080411348402,1.2274185856816022,1.0086985285756416,1.155390734682561,0.9081404773630539
0.2,1.0,0.0,0.0,0.2,0.6,1.0,0.4,0.8,0.4,1.0,0.2,1.2454190568379158,-0.23338223613343545,-0.3237048324808047,4.063017871367382,3.9293562323648583
0.5,1.0,0.0,0.3,0.8,0.7,0.2,0.8,1.0,0.0,0.4,0.2,0.8368616042782314,0.1586739398942122,-0.12960628774853172,2.4392646624137644,2.4292511555126053
0.4,0.3,0.6,1.0,0.5,0.4,0.5,0.4,0.1,0.3,0.9,0.1,-0.6204218476512625,1.7961448177618062,1.7179391948193292,1.47422322706899,1.2487703089901985
0.2,0.4,0.7,1.0,0.0,0.3,0.0,0.0,0.2,0.4,0.7,0.3,-1.6822611496985354,2.6132135943397174,2.599125965756665,0.9759628852963018,0.622355056015785
0.6,0.6,0.6,0.3,0.7,1.0,0.7,0.0,0.1,0.9,0.7,0.0,-1.9801564627799768,2.964163231731102,2.9203140550995768,3.8773941686129176,3.8086745623644505
0.7,0.1,0.9,0.0,0.4,0.3,0.5,0.9,0.9,0.7,0.0,0.1,-0.46404917578689814,1.4737607338255319,1.483440302478348,2.9151511418068803,2.716747170192952
1.0,0.3,0.5,0.4,0.6,0.9,0.9,0.1,0.0,0.6,0.1,0.8,-1.1683037861981245,2.1255101586228675,2.226527487866731,2.686918747559884,2.6841024921747807
0.7,0.0,0.4,0.1,0.4,0.2,0.5,0.2,0.8,1.0,0.2,0.1,2.0093808861311446,-0.637871707333209,-0.6532928500926575,2.9201568433743357,2.507787366082312
0.6,1.0,0.5,0.6,0.0,0.4,1.0,0.4,0.0,0.3,0.7,0.9,-0.7454668941833974,1.7821318097512902,1.831786821997168,3.1413115246552974,2.9525517851723735
0.7,0.0,0.9,0.7,0.7,0.6,0.2,0.6,0.0,0.7,0.4,0.2,-0.6008109292091354,1.6083984953219264,1.572860562548203,1.1789246995548404,0.850744684555604
0.0,0.9,0.8,1.0,0.7,0.3,0.5,0.5,0.8,0.9,0.5,0.1,-0.2468709545280683,1.2992750787767795,1.3215053203959215,2.0644372800110005,1.7696470455026792
0.6,0.1,0.3,0.1,0.4,0.1,0.7,0.8,0.3,1.0,0.8,0.3,1.826029429500552,-0.9057567097586015,-0.7590494761720181,3.1739207318502762,2.9176180647173027
0.9,0.1,0.6,0.7,0.8,0.7,0.1,0.0,0.6,0.2,0.0,0.3,-1.7799227184406077,2.8422379955960846,2.6510279548429008,1.2068132638448503,0.5993824636951793
0.6,0.5,0.6,1.0,1.0,1.0,0.5,0.7,0.0,1.0,0.0,0.0,-2.49973391066162,3.3536954405556836,3.339773867667657,2.1425490950841897,2.095767715033605
1.0,0.0,0.0,0.3,0.0,0.2,0.6,1.0,0.8,0.7,0.7,0.5,2.368441540299013,-1.362244202378227,-1.3459578983650293,4.494663039415196,4.203937582088863
0.3,0.9,0.5,1.0,1.0,0.7,0.4,1.0,0.6,0.4,0.4,0.7,-0.871165264148446,1.8628618507344332,1.9913063001128342,1.5162283852546887,1.5537013902205659
0.0,0.0,0.2,0.7,0.5,0.2,0.8,0.0,1.0,0.9,0.8,0.2,2.1224074974585814,-1.1830509285328348,-1.2036542188846053,2.071960771104789,2.0586766885374073
0.2,0.5,0.8,0.5,0.8,0.1,0.6,0.5,0.2,0.0,0.5,0.4,0.024996004531515542,0.8456813638413768,0.8248318956461684,2.131871709189895,1.8526796519556192
0.9,1.0,0.7,0.5,0.8,0.6,1.0,0.2,0.3,0.8,0.2,0.2,-0.12414420318727051,1.274795754324726,1.0705065492918557,3.3366175497797497,2.9716464944143084
0.6,0.6,0.3,0.2,0.3,0.2,0.2,0.6,0.7,0.5,0.8,0.8,1.2669137235634447,-0.2614995508976117,-0.3027433504738956,3.6390897131244437,3.502576369140065
0.3,0.8,0.3,0.1,0.5,0.9,0.5,0.1,0.4,0.5,0.4,0.9,0.43303121984336074,0.6576600511943138,0.6394303088237547,2.4885179894359855,2.5386860823197397
1.0,0.9,0.3,1.0,0.7,0.6,0.8,0.2,0.4,0.8,1.0,0.8,1.8794893089578977,-0.892938811400704,-1.1189069081780667,3.395483110745468,3.1687839556280823
0.7,0.2,0.5,0.3,0.1,0.2,1.0,0.4,0.6,1.0,0.5,0.4,0.4799829980383191,0.41385315256196753,0.24805924369105908,4.104929366364194,3.772834692727526
0.2,0.4,0.2,0.9,0.9,0.1,0.1,0.6,0.3,0.7,0.7,0.4,1.5735466333079826,-0.7348429696070425,-1.0374087056912855,1.3285065896217827,1.1480860944540328
0.7,0.4,1.0,0.5,0.7,0.7,0.1,0.9,0.9,1.0,0.9,0.7,-0.1761836407576091,0.9015677476286303,0.8089631067921631,4.395348956605425,4.058667271664216
0.4,0.3,0.1,1.0,1.0,0.8,0.8,0.7,0.0,0.0,0.4,0.3,0.3692395655141382,0.766410335563395,0.689137446339406,0.5666830971294239,0.15457250318205457
0.7,0.3,0.9,0.3,0.2,0.3,0.0,0.4,0.8,0.1,0.4,1.0,0.32745040289010124,0.7548326228552129,0.7158360790382825,3.628409145176542,3.1647147390251877
0.9,1.0,1.0,0.1,0.7,0.7,0.2,0.3,0.6,0.8,0.1,0.0,-1.5311568588781101,2.611045707151645,2.517636057273178,3.0229600824283787,2.814711247862551
0.8,0.1,0.9,1.0,1.0,0.6,0.5,1.0,1.0,1.0,0.6,0.8,0.7306194112211051,0.13496964335503248,0.11724545402284882,4.801784070266884,4.694243320066635
0.0,0.8,0.2,1.0,0.5,0.8,0.0,0.0,0.2,0.0,0.5,0.7,-0.8786668625966446,1.940896622910159,1.8479542925036987,0.006051349989271836,-0.19225398734898017
0.4,0.7,0.0,0.2,0.2,0.8,1.0,0.0,0.6,1.0,1.0,0.3,-0.08608350260499582,0.9691380972841008,0.7378856832991353,4.6980244635228345,4.446002315260751
0.6,0.2,0.5,0.1,0.0,0.6,0.2,0.9,0.0,0.6,0.7,0.9,-1.944506983377633,3.1025790764846386,2.674421012144311,3.3845085838340108,3.3000324150279523
0.1,1.0,0.2,0.9,0.9,1.0,0.6,0.4,0.9,0.6,1.0,0.1,1.474461632284217,-0.35610310361484887,-0.7127957222714035,3.051210543158912,2.5409964031962664
0.7,0.3,0.0,0.3,0.3,0.9,0.4,0.4,0.8,0.3,0.9,0.0,1.078571503815347,0.1745189536534712,0.15216939363471732,3.901395698731867,3.908296206886888
0.0,0.7,0.8,0.0,0.4,0.6,0.8,0.4,0.3,1.0,0.9,0.2,-0.2568507230265754,1.2325941282577508,1.2837770656956171,4.087678189093664,4.097267955688286
0.5,0.8,0.4,1.0,0.2,1.0,0.8,0.7,0.6,0.5,0.4,0.0,-0.8944735734588285,2.0439375626358935,1.874399794654482,1.783003061634181,1.503426584070013
0.9,0.6,0.7,0.9,0.0,0.1,0.8,0.4,0.2,0.9,0.4,0.8,0.47515810070695075,0.5585023080794448,0.40860641955499977,2.4113547302807925,1.9872476721714354
0.2,0.6,0.6,0.9,0.9,0.5,1.0,0.1,0.8,0.3,0.2,1.0,-0.6728441108299218,1.7464029060456707,1.737745609964983,2.4437816139544077,2.503542600822882
0.0,0.9,0.8,0.7,0.1,0.8,0.9,0.9,1.0,1.0,0.8,0.8,-0.9519809767888449,1.9960979529076814,1.7798780087212007,4.479369336011294,4.085155350228275
0.7,0.7,0.6,0.6,0.7,0.3,1.0,0.8,0.5,0.5,0.7,0.3,-1.166955963701378,1.9532546141333276,1.7452094606218314,2.6418777261937496,2.671621155642975
0.4,0.0,0.5,0.3,0.7,0.7,0.5,0.2,0.8,0.9,0.3,0.6,1.4464231126097096,-0.36069863442479994,-0.5465936436688205,3.169334803877033,2.5950806312108132
0.2,0.3,0.6,0.5,0.5,0.3,1.0,0.8,0.8,0.7,0.2,0.5,-0.21810851042141252,1.2515082813832743,1.1669587555666598,2.2855885332435393,2.1424409397668898
1.0,0.2,1.0,0.0,1.0,1.0,0.2,0.6,0.7,1.0,0.9,0.7,0.7394526281651557,0.26642723586685607,0.19145270404460102,6.055332938689429,5.901191429475562
0.1,0.6,0.9,0.0,0.4,0.0,0.0,0.7,1.0,0.4,0.5,0.6,0.4931019408836433,0.529456255807831,0.18258616261564975,3.2132227924301686,3.0188961538513643
0.0,0.2,0.3,0.5,0.1,0.3,0.0,1.0,0.5,0.2,0.4,1.0,0.0291325040167889,0.9931510095530629,0.8261013805511095,1.3204122969426892,1.1108125341280388
0.3,0.1,0.2,0.7,0.7,1.0,0.1,0.3,0.9,0.5,0.0,0.6,1.1121229624527782,-0.1288500536797257,-0.4882859862546748,1.283931659727044,0.864131262595457
0.3,0.6,0.7,0.9,1.0,0.0,0.1,0.4,0.5,0.4,0.7,0.6,-0.22252467480699883,1.1372602083262184,1.101198595059439,2.6084314217946654,2.3095392310549503
0.7,0.2,0.4,0.0,0.2,0.7,0.5,0.8,0.8,1.0,0.5,0.2,0.6216392389178599,0.4416373023346917,0.5850621442440788,3.836842706647942,3.5165271460597247
0.9,0.6,0.4,0.0,0.2,0.7,0.4,0.8,0.5,1.0,1.0,0.8,0.17945612391794402,0.6076691519406674,0.5414540856836425,4.856897956472676,4.563850712343037
0.7,0.4,0.5,0.7,0.4,0.4,0.5,0.7,0.1,1.0,0.4,0.9,-0.0987311112037407,0.9305605008197572,0.9401557953094047,2.3557715211910817,2.053540934256401
0.8,0.8,0.6,0.6,0.5,0.5,1.0,0.6,0.1,0.5,0.4,0.3,-0.4771511486659951,1.3403057533261626,1.2694592671407006,1.8813840598115354,1.844053252583969
0.0,0.9,0.5,0.9,0.3,0.7,0.7,0.3,0.3,0.0,0.5,0.4,-0.40188952475266815,1.5148321603195538,1.1506653266971134,1.258112549238549,0.7294209165699713
0.1,0.6,0.4,0.7,0.3,0.9,0.4,0.6,0.5,0.0,0.8,0.0,-0.39149014460153275,1.434046323075537,1.1563361307174977,1.7318572262481462,1.6735594720267004
0.6,0.5,0.1,0.8,0.9,0.4,0.3,1.0,1.0,0.2,0.2,0.8,1.3302039187033068,-0.3765130713893975,-0.4083335653350324,1.4489724527511894,1.31566322618056
0.0,0.0,0.4,0.8,0.5,0.8,0.6,0.4,0.1,1.0,0.1,0.1,-0.7926396401310163,1.709142479623626,1.6742516567143482,0.5652307141865746,0.1307484033305044
0.9,0.7,0.7,0.4,0.2,0.2,0.4,0.3,0.7,0.5,0.0,0.9,-0.8098792482099828,1.8199293711209386,1.659722261309788,3.802970871256309,3.4271625507718473
0.6,0.3,0.6,0.5,0.8,0.5,0.7,0.6,1.0,1.0,0.7,0.6,1.8699693949073972,-0.6739838772269068,-0.7811487229631052,4.978248652079733,4.826565871337532
1.0,0.0,1.0,0.7,0.7,0.9,0.4,1.0,0.7,0.0,0.2,0.4,-0.5741540413411894,1.4373754666533762,1.379611536957122,1.849619201498788,1.682171265964512
1.0,0.9,0.8,0.3,0.7,0.3,0.2,0.8,1.0,0.5,0.6,0.0,-0.047550053325282005,0.850131974989575,0.9248897580073333,3.9654173044733616,3.7858492393638032
0.2,0.6,0.4,0.3,0.9,0.6,0.4,0.4,0.7,0.4,0.3,0.6,0.801801578374587,0.042207256812202,0.13150012260006622,2.9415699233363646,2.613549062128625
0.7,0.7,0.0,1.0,0.4,0.2,0.2,0.4,0.1,0.3,0.3,0.0,0.23428913394520479,0.7378294302988533,0.7379603634420856,-0.19277661679080899,-0.428074376877751
0.1,0.5,1.0,0.3,0.4,0.3,0.8,0.2,0.6,0.9,0.2,0.8,-0.45162206818468953,1.4907266068018976,1.4114999356700035,3.314904745055611,3.2217794717509385
0.7,0.6,0.6,0.3,0.0,0.3,0.4,0.0,0.5,0.9,0.3,0.3,-1.0512933398038737,1.847238771636224,1.648014290842954,2.6557100845652557,2.485164441819905
0.0,0.3,0.0,0.1,0.7,0.5,0.8,0.5,0.9,0.8,0.1,0.8,1.4084842168724236,-0.31831559822115374,-0.510422080227772,2.9221421196826443,2.655642904510146
0.7,1.0,0.9,0.1,1.0,1.0,0.1,0.2,0.8,0.1,0.7,0.7,-0.14324661695140284,1.2163502504431125,1.2206127408518372,5.19664763173053,4.880971038857746
0.4,0.0,0.3,0.0,0.0,0.2,0.3,0.7,0.4,0.6,0.3,0.7,1.705475292465457,-0.974479782701078,-0.9576546801034163,0.9573859969528685,0.947266510294244
1.0,0.9,0.1,0.6,0.6,0.4,0.5,0.1,0.0,0.9,1.0,0.8,0.9416156456779735,-0.3502909231639939,-0.2623193599640861,3.331512010613839,2.9462650035933446
0.1,0.1,0.4,0.3,0.5,0.2,0.9,0.0,0.9,0.3,0.4,0.8,1.942518781036605,-0.9624328828624018,-1.124088257217834,2.272867131653827,1.9487879535815833
0.9,0.3,0.0,0.8,0.2,0.3,0.5,0.2,0.3,0.7,0.5,0.8,2.06361084126137,-0.7130020756940162,-0.984575161489845,2.197956831521572,2.007230311194392
0.9,0.8,0.5,0.2,0.4,1.0,0.5,1.0,0.2,0.2,0.7,0.4,-0.5728684347478653,1.519747255243231,1.43389677659764,3.9823432412959896,3.684307036654086
0.4,0.2,1.0,1.0,1.0,0.2,0.2,0.5,0.1,0.6,0.8,0.0,-0.31581183207923075,1.3964980532665991,1.2335389299165394,2.1326042564573147,1.664597006357068
0.9,0.3,0.8,0.1,0.3,0.4,0.6,0.8,0.5,0.1,1.0,0.1,-0.7222811765349472,1.6284317941691402,1.3338736338465191,4.423625129095742,4.060042747765913
0.6,0.5,0.2,0.4,0.7,0.5,0.1,0.0,0.7,0.2,0.4,1.0,0.0252631735033624,0.7648910733723931,1.0257369756118975,2.3103324799531983,2.329270908459793
0.2,0.3,0.2,0.5,0.2,0.5,0.1,0.6,0.8,0.7,0.8,0.0,1.1170800724858818,-0.24801117323392208,-0.32128657644365877,2.8582622504165847,2.7792408646532167
0.7,0.2,0.7,0.0,0.6,0.5,0.1,0.6,0.7,0.3,0.1,0.8,-0.9151731879043405,1.9777118622932637,2.007183149229758,2.4023562172770188,2.307276851544362
0.0,0.1,1.0,0.7,0.5,0.3,0.8,0.3,0.4,0.8,0.5,0.5,0.42198917390005336,0.6088524439223659,0.5637515797049932,2.146120075675167,1.7614160570450064
0.9,0.4,0.9,0.7,0.2,0.6,0.0,0.8,0.3,0.3,0.0,0.7,-1.480977285477328,2.594765103237237,2.4397767269947135,1.95251004892222,1.6758621999126764
0.5,0.6,0.2,0.5,0.8,0.0,0.5,0.8,0.0,0.9,0.0,0.4,-0.36765822095750034,1.4121952069130137,1.1645254777790817,1.5357728879088943,1.5177915782724556
0.3,0.1,0.2,0.9,0.9,0.1,1.0,0.8,0.1,0.5,0.4,1.0,0.8560524287977934,0.28632955468603266,0.17466216941858723,1.1756324502974729,0.8812980590721758
0.8,0.0,0.3,0.7,0.4,0.0,0.4,0.0,0.4,0.5,1.0,1.0,1.5910748063683902,-0.42841300400695337,-0.6926095355097489,2.6901271751768845,2.4000471199021636
0.1,0.8,0.7,0.0,0.1,0.7,0.5,1.0,1.0,1.0,0.3,0.6,-0.004385736116121988,1.0477241764832552,0.9220298368949227,3.803375970084979,3.4630403223452983
0.9,0.6,0.3,0.1,0.0,0.7,0.1,0.3,0.9,0.0,0.9,0.1,1.6206114366623692,-0.5673858443414189,-0.968018616764011,3.7010852092242414,3.3218369491948065
0.6,0.3,0.0,0.0,0.0,0.0,0.9,1.0,0.0,0.7,0.3,0.0,0.3057609667812326,0.5991967270336165,0.5826112427489785,1.5479359434522753,1.1771514210185083
0.5,0.4,0.6,0.8,0.4,0.5,0.9,0.3,0.8,0.2,0.1,0.7,-0.3348808438463514,1.548784421334419,1.3317488678998612,1.6769502903360194,1.4312801665296195
0.3,0.9,0.9,0.3,0.6,0.2,0.0,0.1,0.9,0.0,0.6,0.6,0.3807478972329481,0.5841305292717641,0.5507881563566608,3.397871305446839,3.0533828454194483
0.7,1.0,0.4,0.7,0.9,0.3,0.0,1.0,1.0,0.8,0.6,0.8,1.1925426973060642,-0.22771914176968328,-0.33360348698096903,3.2483230206947087,2.9879959996802117
0.2,0.0,0.7,0.2,0.3,0.0,0.9,0.9,0.3,1.0,0.0,0.1,-0.6269791077062206,1.8158342353020551,1.524558178647643,3.212999530318954,2.8842333230905313
0.1,0.3,0.5,0.1,1.0,0.0,0.6,0.7,0.7,0.4,0.0,0.9,-0.015652031377252094,0.8085250906510913,0.9298854782651746,3.3622096690829846,2.974805456580818
0.6,0.5,1.0,0.4,0.7,0.9,0.6,0.1,0.0,0.0,0.5,0.0,-1.981912254908059,3.058643521260504,2.8335103432078292,2.3032404901474934,2.31097627238493
0.7,0.0,0.2,1.0,0.3,0.4,0.5,0.6,0.7,0.4,0.6,0.8,1.0467218733210184,-0.14919741800260977,-0.17206090252642361,2.349866248793248,2.0323870068537486
1.0,0.7,0.0,0.8,0.5,0.8,0.6,0.5,0.2,0.7,0.9,0.0,0.9957866104048715,0.1067769251332503,0.035212455337795226,2.0544454399098147,2.0353777343347463
1.0,0.7,0.0,0.6,0.0,0.4,0.9,1.0,0.7,0.4,0.4,0.2,0.5440276634756376,0.1784571163883941,-0.03638418678818563,2.698736624817538,2.291364498715543
0.1,0.4,0.5,0.6,0.2,0.1,0.9,0.7,0.1,0.3,0.7,0.9,-0.10288383041412656,1.0869245457630836,1.197839899409733,2.823967991568594,2.4874878185172813
0.4,0.5,1.0,0.3,0.7,1.0,0.8,0.2,1.0,0.4,0.3,0.5,0.6670125968668061,0.3934364537350813,0.04206472844736006,3.9178810233133716,3.7195749874265744
1.0,0.4,0.0,0.7,0.1,0.2,0.8,1.0,0.6,0.3,0.2,0.5,0.5137626974316273,0.5014705990490751,0.13165788782185753,2.0900519425019155,2.1220511417257013
0.5,0.7,0.6,0.1,0.9,0.8,0.7,0.8,0.8,0.5,0.6,0.8,-0.7224634937884462,1.7901566853811448,1.645580656769707,4.65062676270415,4.145791879259992
0.3,0.8,0.9,0.2,0.2,0.2,0.6,0.5,0.7,0.8,0.3,0.8,0.24054542695402026,0.8227303474549434,0.5306645222088755,3.657352499832829,3.3733082673196155
0.4,0.5,0.3,0.1,1.0,0.2,0.7,0.5,0.0,0.6,0.3,0.7,1.349707006872788,-0.19338895962437277,-0.5377583207851304,2.1165321073198395,1.8231578718641797
0.5,0.6,0.9,0.6,0.5,0.6,0.0,0.7,0.7,0.5,0.1,0.5,-1.9754279213035089,2.708768150348754,2.776393752298024,2.208641316787897,2.045658647280444
0.6,0.9,0.2,0.5,0.6,0.1,0.7,0.0,0.8,0.0,0.2,0.1,0.7751501531610746,0.1542723740873999,0.0894737183625249,1.5557233993234563,1.4743812899382698
0.3,0.4,0.7,0.4,0.9,0.2,0.4,0.6,0.0,0.7,0.1,0.2,-1.2430115471795722,2.3050896226123063,2.3592593310503744,2.0211939697010073,1.6892048365534846
0.8,0.9,1.0,0.8,0.8,0.1,0.4,0.7,0.7,0.2,0.9,0.4,0.046453862231186215,0.7893930241943461,0.7511190620204424,2.9618391307822165,2.6235776253435894
0.5,0.7,0.8,0.3,0.2,1.0,0.3,1.0,0.2,0.6,0.0,0.1,-2.543716891508272,3.568205002480703,3.568578517862725,3.0671444385608955,2.996555036216244
0.7,0.9,0.2,0.3,0.5,0.3,0.5,0.4,0.6,0.0,0.7,0.6,1.1118054436279083,-0.25902563414467905,-0.4129154375964678,3.2259976482348085,2.7939105471970365
0.1,0.5,0.8,0.7,1.0,0.1,0.8,0.5,0.8,0.9,0.7,0.6,0.9824059615069785,-0.24471672377711715,-0.13135711828278385,4.083632242265253,4.036315281066434
0.2,0.9,0.0,0.0,1.0,0.2,1.0,0.8,0.7,0.6,0.2,0.3,0.1833087114494143,0.7769740734955412,0.624172566010367,2.4818008211808493,2.2901118628788413
1.0,1.0,0.0,0.1,0.3,0.2,0.5,0.7,0.4,0.5,0.7,0.5,1.6312506796831845,-0.6585452707031343,-0.7973373932164137,4.326143070566749,4.090627417996093
0.1,0.0,0.4,0.1,0.4,0.7,0.0,0.8,0.0,0.3,1.0,0.0,-1.13322223506555,2.259417053784497,1.9982273216325874,1.5354618882927036,1.6195540980810281
0.3,0.6,0.0,0.3,0.6,0.8,1.0,0.1,0.3,0.2,0.8,0.8,0.7445167085824705,-0.04772944054707384,0.29409866743613355,3.187481873237656,2.9245007662391567
0.5,0.7,0.1,0.8,0.6,0.9,0.3,0.0,0.0,0.1,0.8,0.4,-1.004811094325942,2.022832005473343,1.9592017404009812,1.1750406661764532,0.9008377071892362
0.1,0.3,0.1,0.4,0.1,0.7,1.0,0.0,0.4,0.7,0.3,0.7,0.633413920865251,0.3113894178796833,0.1931633376733537,2.32226928248874,2.0496523227492536
0.4,0.0,0.2,0.6,0.8,0.6,0.7,0.1,0.3,0.1,0.0,0.9,0.6810630361528663,0.348842086300987,0.12209424777474326,1.6130303820148326,1.258337071857386
0.3,0.0,0.0,0.9,0.8,1.0,0.2,0.6,0.7,0.3,0.9,0.8,0.6310493474969665,0.22645439606195733,0.1705009896502828,2.0807132978563567,2.189725262702642
0.3,0.4,1.0,0.4,0.8,0.3,0.3,0.0,0.4,0.3,0.4,0.0,-0.6664899210585254,1.4392554425300326,1.5065166200405713,1.9717722051655406,1.6899641570669333
0.8,0.4,0.8,0.7,0.4,0.2,0.4,0.8,0.8,0.7,0.3,0.7,0.14035623394473,0.7698039563644719,0.6188542206734421,1.8424950067051953,1.7844445050376627
1.0,0.4,0.4,0.5,0.2,0.3,0.0,0.0,0.5,0.0,0.6,0.7,0.27406918339634617,0.7836498718986653,0.4610667282832063,3.0609323263082344,2.6988546788636376
0.6,0.4,0.5,0.5,1.0,0.1,0.7,0.0,0.6,1.0,0.9,0.7,0.44223029824050264,0.5637579802151828,0.5518587177870106,4.7180302873633275,4.348820605352282
0.1,0.0,0.9,0.8,0.7,0.8,0.7,0.5,0.6,0.7,0.0,0.8,-1.2581277543861147,2.3395850160404232,2.332559540870165,1.2461012924113137,1.2074100093719848
0.3,0.5,0.1,0.8,1.0,0.8,0.4,0.2,1.0,0.1,0.7,0.5,1.7820384806365144,-0.9732525638749581,-1.1115770816768145,2.7834732587057416,2.668657835819903
1.0,0.6,0.8,0.3,0.3,0.9,1.0,0.5,0.4,1.0,1.0,0.3,0.5068125857195606,0.5490447710650669,0.5425411006613591,5.679238338715368,5.519879620334068
0.8,0.0,0.1,0.4,0.0,0.6,0.1,0.4,0.4,1.0,0.5,0.0,1.1851546061079579,-0.14346198494956897,-0.26553412262813614,3.0175491845618962,2.74419482196283
0.8,0.6,0.7,0.8,0.3,0.5,0.0,0.0,0.8,0.6,0.0,0.3,-1.8045464948301333,2.9286023103148264,2.7239019816206946,1.7183729346771037,1.4829885794585511
0.9,0.0,0.3,0.8,0.9,0.0,0.2,0.9,0.7,0.9,0.4,0.9,1.2947111004651295,-0.5484259165229917,-0.47443826896916746,2.7227583792797314,2.564823012788081
0.7,0.8,0.2,0.9,0.2,0.8,0.8,0.8,0.0,0.2,0.9,0.1,-1.2795776842267952,2.261835672204215,2.142991022010402,1.9959869386102362,1.8011867385892262
0.2,0.1,0.2,0.4,1.0,0.4,0.5,0.8,0.3,1.0,0.4,0.0,1.4786132880987686,-0.4786279716978424,-0.5189166223545271,2.635011077253452,2.117406410742773
0.3,0.7,0.4,0.4,0.7,0.0,0.6,0.0,0.7,0.9,0.2,0.5,0.49922976086999943,0.612831054135466,0.5879362428424856,2.8479916510123835,2.5863156386932467
0.6,0.9,0.1,0.5,0.4,0.5,0.4,0.1,0.8,0.2,0.9,0.9,0.8767557584989458,0.13132142467844102,0.10235400122361885,3.8389278390105246,3.79327480243022
0.0,0.9,0.1,0.2,0.4,0.8,0.3,0.7,0.3,0.0,0.6,1.0,0.04523851002335423,1.0937658496252738,0.9925453112930063,2.928414498982614,2.5965347423119147
0.4,0.4,0.9,0.2,0.4,0.3,0.9,0.7,0.5,0.6,0.2,0.0,-1.0010783175582845,1.9609185235506017,1.6782487836809823,2.6879389266036866,2.3401091280323585
0.7,0.1,1.0,0.8,0.1,0.3,0.8,0.4,0.0,1.0,0.7,0.2,-0.26829136811103693,1.2691832098432303,1.1263800615109756,3.0057702459786437,2.689223344020415
0.0,0.7,0.6,0.1,0.5,0.3,0.4,0.0,0.7,0.5,0.6,0.6,-1.3084319971963256,2.327758484034641,2.1644839323548584,3.184231831076936,2.9438256658059454
0.9,0.5,0.1,0.6,0.8,0.8,0.2,0.2,0.2,0.9,0.9,0.8,1.4866920075578502,-0.3234804203400508,-0.44018171838918396,3.231531384230238,3.098790328677166
0.6,0.5,1.0,0.7,0.0,0.0,0.9,0.9,0.3,0.8,0.7,0.4,-0.25907470633497376,1.3508040386145537,1.3947972294632207,3.1508545805318997,2.752763362761999
0.2,0.5,0.1,0.0,0.5,0.4,0.8,0.2,0.6,0.4,0.1,0.4,-0.1156918508118785,1.1804233944476807,1.083749564221583,1.5756441731399173,1.255959860652313
0.8,0.4,0.5,0.3,0.8,0.2,1.0,0.1,0.7,0.9,0.8,0.9,0.7777214031285786,0.07270388568074794,0.09325451276902934,5.288490492519565,5.3251211296787515
0.4,0.2,1.0,1.0,0.8,0.8,0.1,0.0,0.1,0.8,0.1,0.1,-2.6057390642630005,3.6354046751721394,3.4698550013398832,0.9245974449507582,0.8186945383229782
0.1,0.6,0.1,0.0,0.8,1.0,0.7,0.8,0.1,0.3,0.0,0.2,-1.7333258445086823,2.5426197017893535,2.4553465752614527,1.5754044571474177,1.4760890455116336
0.5,0.6,0.7,0.2,0.7,0.6,0.5,0.0,0.5,1.0,1.0,0.3,-0.8371110240077272,1.9245852057497608,1.7705876262589486,4.375521277268973,4.066996711228199
0.5,1.0,0.4,0.7,0.3,0.4,0.9,0.0,0.4,0.3,0.4,0.7,0.45802965710833665,0.5166930133655343,0.6219051450789319,1.2222374305542947,1.4747157050492672
0.6,0.0,0.4,0.4,0.8,1.0,0.2,0.8,0.3,0.3,0.3,0.0,-0.010500719644329103,0.9694455970011266,0.8941565575617174,1.55712454209,1.2338463993844089
0.7,0.2,0.8,0.4,1.0,1.0,0.1,1.0,0.2,0.6,0.0,0.3,-2.035197707911228,2.717461066923394,2.5625015388872217,2.8798050591529805,2.61808454930869
0.9,0.8,1.0,0.5,0.5,0.8,0.8,0.4,0.5,1.0,0.4,0.4,-0.04871469211354015,0.9675880369071534,1.0509414747400563,3.8382557259821013,3.5354243398203304
0.2,0.8,0.7,0.4,0.5,0.1,0.4,1.0,0.1,0.6,0.3,0.2,-0.8888457146372409,2.1604194915674495,2.005912725136051,1.5716490913232062,1.1395710633801046
0.4,0.8,0.6,0.2,0.0,0.6,0.2,0.2,0.5,0.9,0.2,0.6,-0.9245172188589093,2.0624896172388767,2.0351510225322316,3.0599569396030137,2.8003714847660786
0.8,0.3,0.5,0.7,0.2,0.7,0.1,0.4,0.1,0.8,0.7,0.8,-0.4864317459477069,1.269712414708098,1.2344930959351608,2.8230577682619256,2.66405820097089
0.6,0.0,0.6,0.7,0.2,0.4,0.8,0.8,0.8,0.4,1.0,0.1,-0.05070097849634406,1.02641458199028,1.0014314986227582,3.2473577512342686,2.949334215478036
0.5,0.5,0.7,0.8,0.6,0.3,0.1,0.1,0.5,0.6,0.6,1.0,-1.5853191183362225,2.456648018558318,2.245546848756202,2.011799012926132,1.8772532928478787
1.0,0.4,0.2,0.4,0.3,0.8,0.4,0.5,1.0,0.3,1.0,0.3,2.516444168596343,-1.6467581824631219,-1.6731214706613393,4.078122888980438,3.4735899239564256
0.9,0.0,1.0,0.0,0.2,0.6,0.2,0.3,0.5,0.5,0.3,0.9,0.07725827836152349,0.6935592620182923,0.8633886244144032,3.628941938628461,3.410894853540848
0.8,0.8,0.2,0.9,0.7,0.2,0.6,0.8,0.8,0.2,0.7,0.3,1.3042429776797368,-0.08657204595721955,-0.2535942103865159,1.6048793437096183,1.5059143924333531
0.4,0.7,0.7,0.9,1.0,0.8,0.9,0.9,0.8,0.6,0.4,0.5,-1.0043762111025827,1.9154222002803647,2.0081720952448348,2.9789966455269945,2.788966737296943
0.2,0.1,0.1,0.4,0.8,0.3,0.5,0.9,0.9,0.6,0.8,0.6,2.2465529437849883,-0.8811021507459948,-1.0105180073451836,3.3349880326223142,3.157649645228304
0.2,0.0,0.6,1.0,1.0,0.9,0.7,0.5,0.5,0.6,0.9,0.4,-0.42366027165266723,1.4794393663472638,1.268448722863446,2.812938710148565,2.9498099507921736
0.6,0.4,1.0,0.1,0.9,0.0,1.0,0.1,0.1,0.5,0.9,0.8,0.12404742070234967,0.8765023575399056,0.9078729963657715,4.604623871782498,4.234641368318458
0.3,0.2,0.0,0.9,0.6,0.6,0.3,0.1,0.9,0.9,0.1,0.5,0.6622924329809108,0.22687951176005605,0.020481791177356663,1.4860928610162587,1.2318267714029605
0.9,0.0,0.4,0.1,0.5,1.0,0.0,0.6,0.4,0.5,0.8,0.1,0.88617752683529,0.26171824569119895,0.10501094683815333,3.53193367354781,3.1326113193455187
0.6,0.7,0.9,0.4,0.6,1.0,0.9,0.1,0.2,0.4,0.5,0.2,-1.2337170748462398,2.4297030464569196,2.1846311869331516,3.3727887546908195,3.16859094492219
0.5,0.8,0.9,0.2,0.8,0.0,0.4,0.4,0.5,0.9,1.0,1.0,0.5100118285967007,0.45999613605836487,0.252664706241543,5.077583144653206,4.768624537678235
0.3,1.0,1.0,0.0,0.3,0.1,0.8,0.2,1.0,0.0,0.3,0.0,1.1797868202171014,-0.09019404501476261,-0.17798786224446794,2.762540076954041,2.4369421000008424
0.6,0.6,0.6,1.0,0.8,0.3,0.9,0.6,0.2,0.7,0.5,0.3,0.03193896487307557,1.0730661158046715,1.1034715409263445,1.555384747263091,1.2081847124841463
0.9,0.7,0.9,0.9,0.5,0.5,0.9,0.6,0.3,1.0,0.9,0.0,0.5407474758850617,0.5013895887330527,0.5287033913018653,3.778706577882693,3.2732873611192788
0.5,0.2,0.4,0.4,0.1,0.4,0.7,0.5,0.7,0.8,0.0,0.8,0.4304517240660165,0.7080984786723415,0.4656084334174606,3.159963554530259,2.7856441326427177
0.2,0.8,0.4,1.0,0.5,0.3,0.4,1.0,0.0,0.1,0.1,0.4,-1.3992385754482528,2.4626006563387706,2.5418964808620053,-0.5364242456890881,-0.7092703853296352
0.7,0.5,0.3,1.0,0.1,0.5,0.5,0.4,0.2,0.2,0.0,0.5,-0.250858684703701,0.9868816832954319,1.088044537581537,1.2276854878882426,0.8974631686801974
0.9,1.0,0.8,0.5,0.0,0.9,0.0,0.4,0.0,0.5,0.5,0.9,-2.096001661002405,3.196705623247075,2.919619559439929,3.622247267088726,3.0659901832569756
0.0,0.0,0.7,0.2,0.6,0.1,0.3,0.7,0.6,1.0,0.6,0.8,-0.15994833745524006,1.2733066998178055,1.0131326338749655,3.7904080724293174,3.463859741289289
0.2,0.5,0.8,0.2,0.1,0.7,0.0,0.9,0.7,0.6,0.8,1.0,-2.4713362878099088,3.567290266731617,3.359105878723236,4.496144051570954,4.229427656910781
0.0,0.5,1.0,0.3,0.5,1.0,0.1,0.2,0.1,0.5,0.5,0.5,-1.7443869869617474,2.6860490468919815,2.8481333665127595,2.9761778334584124,2.8457572724338838
0.1,0.2,0.4,0.0,0.8,0.6,1.0,0.6,0.2,1.0,0.1,1.0,0.16705688716926614,0.47762308543247245,0.5517046239388436,3.0147221806326483,2.8010000247950853
0.4,0.8,0.7,0.1,0.8,1.0,0.9,0.5,0.4,0.2,0.9,0.3,-0.521695012541586,1.7015309263302603,1.4728340734635048,3.8522759328770024,3.6717975045546694
0.6,0.8,0.3,0.7,0.2,0.9,0.8,0.6,0.3,0.7,0.1,0.9,-0.35095200356439793,1.0559948537280444,0.8564694097632167,2.370588522458864,2.222226772701836
0.4,0.5,0.4,0.3,0.1,0.0,0.5,0.3,0.0,0.9,0.1,0.8,-0.1876633549075224,1.0921761070845153,0.9940946094673093,2.5385576901366447,2.216659441615242
0.9,0.2,0.0,1.0,0.8,0.5,0.5,0.4,1.0,0.7,0.1,0.3,1.6244021174369894,-0.6126392141788269,-0.6192538883819516,1.721255535257923,1.4411488821033172
0.2,0.5,0.3,0.9,0.6,0.4,0.8,0.6,0.6,0.0,0.3,0.8,0.9028283702230943,0.18133471471294693,0.03806935109135648,0.2945807851542983,0.27411608119135467
0.1,0.6,0.0,0.6,0.8,0.8,0.3,0.2,0.1,0.2,0.5,0.7,-0.1136446641487342,1.2156601022753684,1.0187134587231725,1.2657108146424776,1.0856382508640832
0.8,1.0,0.9,0.5,0.8,0.2,0.5,0.7,0.1,0.5,0.0,0.1,-1.5028491010232068,2.3266507908733542,2.1513568322601158,2.003341860141106,1.7669093744289204
0.1,0.3,1.0,0.6,0.1,0.4,1.0,0.9,1.0,0.4,1.0,0.5,0.317006668115906,0.7037167917701409,0.6508795664931281,4.12846389335079,3.6864443437209036
0.9,0.9,0.9,0.9,0.1,0.0,0.7,0.6,0.0,0.4,0.1,0.7,-1.2112285936974239,2.337386905996815,1.9165596024259361,1.552044286930958,1.2798696009506356
0.0,0.3,0.6,0.2,0.3,0.7,0.7,0.6,0.9,1.0,1.0,1.0,0.9277247245719806,0.14366446864951674,0.28926985082223733,5.355239608470442,5.31502099627748
0.6,0.9,1.0,0.2,0.2,0.0,0.6,0.3,0.2,0.8,0.9,0.4,0.41629216275272246,0.4500014020269607,0.4348491956717744,4.656779157124954,4.362035122514051
0.6,0.6,0.2,0.1,0.7,0.4,0.3,0.2,0.4,0.8,0.0,0.2,0.5367731539873117,0.33342476848632113,0.4800997754830232,1.742427239712346,1.633179561103313
0.3,0.4,0.4,0.3,1.0,0.3,0.3,0.4,0.2,0.2,0.6,0.9,0.8112515292461754,-0.018889637793447923,-0.16902991926908567,3.499948653015028,3.110441841827145
0.3,0.4,0.9,0.2,0.4,1.0,0.5,1.0,1.0,0.5,0.3,0.0,-0.41270591319461986,1.398766953862697,1.2418596255690515,3.193641304002358,3.093495665022777
0.4,0.1,0.2,0.9,0.5,0.2,0.0,0.8,0.2,0.6,0.7,0.4,0.5130291602401109,0.2083066073465848,0.42127397046766335,0.25373692211003934,0.09122140574470103
0.7,0.7,0.5,0.6,0.8,1.0,1.0,0.2,0.1,1.0,0.8,0.6,-0.0976801307309579,0.9486343128562247,0.9135578509172662,4.419391060797673,4.241935400334445
0.6,0.2,0.5,0.3,1.0,0.9,0.8,0.9,0.7,0.9,0.7,0.4,-0.5755836846713098,1.4385601433581519,1.3488150696964678,5.338718561300165,4.809898558857023
0.1,0.5,0.9,0.8,0.2,0.9,0.2,0.8,0.1,0.9,0.4,0.5,-2.0230243244785475,3.078243887179445,2.9540179904676105,1.897772815780946,1.7871766085292058
0.3,0.4,0.2,0.3,0.5,0.0,0.2,0.4,0.1,0.4,0.2,0.7,0.8546524883816483,0.036506514418983046,-0.09534848344003166,0.9055918534980653,0.5797712163524924
0.6,0.8,0.2,0.9,0.4,0.8,0.7,0.0,0.7,0.9,0.7,0.7,-0.018668698952803688,0.8796621519984569,1.073356245276078,2.698496959336474,2.672505887917251
0.1,0.7,1.0,0.3,0.0,0.7,0.7,0.5,0.9,0.3,1.0,0.8,0.494394636947455,0.37844397440282124,0.5246297879718685,4.285367610184082,4.2107169989094535
0.1,1.0,0.6,0.2,1.0,0.8,0.4,0.3,0.9,0.1,0.5,0.9,0.18202192915129276,0.9088809692918933,0.6718142105342622,4.2141264609846845,4.1877793479057175
0.1,0.1,0.2,0.8,0.2,0.8,0.6,0.4,0.6,0.5,0.4,0.3,0.3289964237053453,0.6016884923984572,0.5555445995081402,0.46182332280799865,0.22518012868985332
1.0,0.5,0.8,0.3,1.0,0.6,0.6,0.6,0.0,0.8,0.2,0.6,-0.4950098527096542,1.369972652967241,1.1166775386820105,4.355095585557897,4.169153274386123
0.7,0.1,0.6,1.0,0.0,0.1,0.1,0.7,0.2,0.2,0.4,0.4,-0.23836342111080053,0.9309094647015997,1.109743014065053,0.33407740985575785,0.0763386061367929
1.0,1.0,0.5,0.7,0.1,1.0,0.1,0.5,0.4,0.2,0.7,0.2,-0.299000928508391,1.2543459904212115,0.9846344608185572,3.025335340815577,2.7862237377263286
0.7,0.2,0.6,0.0,0.5,0.9,0.8,0.4,0.6,0.5,0.4,1.0,-0.8173810876144699,1.839119453239076,1.6522623963310095,3.4149121253576284,3.0478127346861306
0.3,0.0,0.0,0.4,0.7,0.5,0.5,0.9,0.3,0.9,0.3,0.5,1.3161786693632689,-0.25412952340701894,-0.19297168476526472,2.442373116328224,2.30269931119403
0.7,0.3,0.6,0.8,0.9,0.9,0.5,0.6,0.9,0.4,0.5,0.2,0.2892754923737011,0.5842831671382472,0.7441803719191737,2.5332134194007216,2.4491831332110587
0.0,0.7,0.5,0.3,0.3,1.0,0.7,0.9,0.4,0.6,0.2,0.8,-1.7400882141484924,2.9334490890099727,2.768732729167021,3.1413263204836936,2.869055244748525
0.7,0.3,0.1,0.8,1.0,0.4,1.0,0.1,0.1,0.7,0.8,0.6,1.3435448869699909,-0.16627967469896132,-0.20572737512899406,2.9550417652246446,2.610933512968992
0.0,0.1,0.1,0.7,0.2,1.0,0.6,0.7,0.8,0.4,0.7,0.3,0.5092861853493933,0.24263689767530927,0.24943706179971653,2.269741424265491,2.0653234113768137
0.2,0.5,1.0,0.4,0.1,0.6,0.5,0.1,0.6,0.3,1.0,0.3,-1.1938979202261653,2.067313030423587,1.925133144113663,3.6901838592336076,3.3954651964765814
0.8,0.7,0.9,0.6,0.7,0.7,0.8,1.0,0.9,0.5,0.3,0.9,0.17094384646035654,0.6418774911149843,0.53653863848271,3.3180596044792483,3.225999027641931
0.1,0.9,0.5,0.4,0.9,0.7,0.1,0.1,0.3,0.0,0.0,0.8,-0.9317033844371613,2.0511134161265074,1.8873210080280662,2.0711217022056507,1.6586511084005666
1.0,0.5,0.0,0.4,0.7,0.4,0.4,1.0,1.0,0.5,0.3,0.6,2.555058534848281,-1.6770619141975904,-1.655188426151159,3.337947242427347,3.1685609318790844
1.0,0.0,0.2,0.2,0.0,0.5,0.5,0.9,0.6,0.0,0.9,0.7,0.8504759142681323,0.3834371527274995,0.32073730918684695,3.6727423569471433,3.538586751292488
0.5,0.5,0.4,0.7,0.9,0.9,0.4,1.0,0.4,0.8,1.0,1.0,0.2921807785146984,0.6487106809202721,0.6209806432012839,3.5050513678941453,3.2648069184055264
0.8,0.4,0.9,0.6,0.0,0.5,0.3,0.6,0.6,0.7,0.2,0.6,-0.8197675753935715,1.945707661371309,1.7919554306442878,2.8306391558774613,2.551067405654844
0.5,0.0,0.7,1.0,0.3,0.9,0.1,0.7,0.0,0.6,0.3,0.0,-2.2112890657129087,2.9144741453674388,2.9275906025349006,0.6059796989492546,0.38825021336062804
0.6,0.4,0.4,0.0,0.8,0.3,0.1,0.6,0.8,0.7,0.9,0.7,1.7162676249474096,-0.6200857393695366,-1.020174296001384,3.319082953974751,2.9074999363496277
0.3,0.4,0.3,0.1,0.3,0.3,0.9,0.8,0.2,0.5,0.0,0.2,-0.11768216442715579,1.0328266242108186,1.0967953530472112,1.5253366353510294,1.462127196233258
0.1,0.6,0.6,0.8,0.8,0.2,0.5,0.4,0.5,0.0,0.1,0.8,-0.9222140048437957,1.9498578020544837,2.078326857106568,0.6334306245515205,0.5280162165679662
0.8,0.3,0.2,0.8,0.8,0.8,0.1,0.5,1.0,0.7,0.8,1.0,1.8541062042764471,-0.8799982900482759,-1.0792262629196343,3.0749486982021037,2.768740065059867
0.2,0.0,0.5,0.2,0.3,1.0,0.3,1.0,0.1,0.6,0.9,0.6,-0.7154223326862317,1.7839799689263027,1.8804241828326698,3.4479242063109736,3.4533793098239673
0.7,0.0,0.7,0.9,0.3,0.1,1.0,0.5,0.3,1.0,0.5,0.1,0.6408025844904648,0.35676182798977774,0.16802473795999917,2.7115664054486635,2.5619425679363377
0.7,0.5,0.1,0.6,0.0,1.0,0.5,0.1,0.2,0.6,1.0,0.7,0.3680509437256642,0.3487392696979556,0.575729917883791,2.7166887740766423,2.712921014121308
0.0,1.0,0.2,0.8,0.0,0.8,0.6,0.8,0.2,0.6,0.4,0.3,-0.7401308951948358,1.6921002572259527,1.601451865806964,0.22627837343232082,-0.32597536059740784
0.4,0.5,0.5,0.6,0.8,0.9,0.1,0.0,0.8,0.6,0.2,0.8,-0.7951860657868596,1.7950910867263272,1.7910484054604976,2.0614735780138846,1.9681868581753863
0.4,0.6,1.0,0.6,0.5,0.2,0.8,0.3,0.2,1.0,0.0,0.5,-0.19211208885710765,1.1480019750605248,1.0422726335308405,2.245877714656839,2.20978219713194
0.7,0.8,0.7,0.6,0.6,0.7,0.1,0.0,0.8,0.1,0.7,1.0,-1.3592909301612344,2.2371973248064854,2.15724539868321,3.451693867354953,3.2027174044289497
0.1,0.4,0.7,0.5,0.7,0.4,0.9,0.5,0.2,0.9,0.9,0.3,-0.003318814799923825,0.940705040977403,0.8675192168676691,3.017975696429367,2.871005466157544
0.0,0.4,0.8,1.0,0.0,0.8,0.3,0.0,0.7,0.4,0.1,0.6,-3.0678938213009177,4.134461322766344,3.956608021352621,1.3675695332286963,1.0139345745901573
0.1,0.8,0.1,0.5,0.5,1.0,0.2,0.9,0.8,0.1,0.6,0.8,-0.5656945265456483,1.5087506187685678,1.501003274304487,2.8033970386620686,2.6106466636033523
0.8,0.7,0.0,0.9,0.1,0.7,0.3,0.5,0.6,0.3,0.4,0.6,0.4099063566217296,0.7598746905273333,0.5900602525827601,1.6969075676295269,1.4146731175929714
1.0,0.8,0.8,1.0,0.8,0.8,0.7,0.8,0.5,0.0,0.6,0.6,-1.428311943552119,2.150456464656416,2.0686438973461363,3.4876313851858765,3.1289461109647263
0.4,0.0,0.8,0.5,0.0,0.3,0.5,0.1,0.5,0.1,1.0,0.4,-0.17071886759414528,1.2895284846492734,1.1297107580241403,2.715874713937762,2.476962792073395
1.0,0.0,0.6,0.0,0.4,0.3,1.0,0.9,0.0,0.6,1.0,0.9,-0.3790915752692592,1.3980441153091432,1.273602898464677,4.26299266539536,4.23357106378997
0.0,0.8,0.1,0.4,0.2,0.5,0.5,0.1,0.2,0.7,0.3,0.0,0.1218286580373926,0.9343162794028171,0.932970648054206,1.6888205880849863,1.545847204522947
0.7,0.3,0.2,0.6,0.6,0.0,0.8,0.8,0.4,0.4,0.1,0.6,0.7176370721070506,0.3898272904749361,0.22501022127098746,1.3009327285145207,1.0183905587156792
1.0,0.8,0.5,1.0,0.9,0.4,0.5,0.3,0.5,0.7,1.0,0.0,0.7353374358381938,0.33476842597027856,0.1201013230381517,3.2649515933524262,2.8789754921513975
0.0,0.8,0.2,0.0,0.8,0.6,1.0,0.0,0.6,0.4,0.6,0.6,0.017310844918697332,1.248201715673077,1.3495960766110602,3.269309370300145,3.2304718016160843
0.4,0.8,0.1,0.3,0.3,0.6,0.3,0.0,0.1,0.9,0.9,0.8,-0.09373958546772183,1.09290297435501,1.0445339270551146,3.9581128872167035,3.705165483675399
0.5,1.0,0.4,0.6,1.0,1.0,0.3,0.2,0.0,0.7,0.4,0.6,-0.06718779499649977,1.378148526574628,1.3097989033649238,2.410346580059596,2.259251257409355
0.4,0.9,0.0,0.0,1.0,0.2,0.9,0.5,0.4,0.9,1.0,0.6,2.5705101466798403,-1.4608076744192016,-1.6158243201919358,4.279281227135959,4.2199430345446
0.2,0.1,0.6,0.3,0.3,0.9,0.4,0.6,0.0,0.4,0.6,0.2,-1.4373929216057346,2.3855705743606643,2.514085651285642,2.848275614605474,2.596511736350922
0.8,1.0,0.6,0.1,0.4,0.4,0.1,0.2,0.3,0.7,0.4,0.6,0.2465993994924195,0.7094545158818725,0.6709724401402296,2.7814515792330936,2.7299578691830546
0.4,0.7,1.0,0.4,0.4,0.7,0.8,0.7,0.3,0.5,0.9,0.5,-0.1051004858073809,1.3390501265408847,1.012270799153418,4.268361005926076,4.0605200479804076
0.7,0.4,0.6,0.3,0.1,0.1,0.8,0.1,0.2,0.5,0.7,0.2,-0.05127179938046926,1.1615622864570114,1.0886491160657348,3.6543667430191227,3.4334321368533702
0.6,0.3,0.7,0.6,0.7,1.0,0.9,0.5,0.8,0.3,0.9,0.2,-0.23534825912692475,1.18933339957281,0.9869110288546776,3.7308106728106383,3.471404961580503
0.4,0.4,0.4,0.2,0.8,0.7,0.0,0.3,0.4,0.0,0.0,0.5,0.17443671163644392,0.8698644867936841,0.8488909090276683,1.7955395535049359,1.635203814161311
0.4,0.9,0.1,0.7,0.9,0.8,0.7,0.9,0.0,1.0,0.7,0.7,-0.47627846333278046,1.4681866178967522,1.3883740929109405,2.6860644735326957,2.4353837681259476
0.3,0.2,0.3,0.0,0.9,0.3,0.4,0.8,0.4,0.8,0.8,0.0,1.0881260719340582,0.09932208312723464,-0.18148526809063095,2.469080834790916,2.380463300574017
0.1,0.7,0.6,1.0,0.7,0.2,1.0,0.4,0.5,0.5,0.0,0.5,-1.2300691321212895,2.116403835910467,2.0621254059230156,0.9516837678570662,0.9780645375495702
0.7,0.0,0.7,0.2,0.9,0.5,0.7,0.6,0.3,0.1,0.4,0.8,0.9549934106544629,-0.018457039126304548,-0.009439271838467211,3.408027212973098,3.1929306323920246
0.1,0.8,0.8,0.5,0.2,0.0,0.5,0.5,0.5,0.8,0.4,0.2,-0.2904084898097725,1.2849370759230823,1.1998114186150697,2.640565688179729,2.5289613108566544
0.1,0.7,1.0,0.9,0.2,0.4,0.6,0.9,0.4,0.6,0.4,0.6,-1.0064111175911399,1.930359198883575,2.121681104933367,1.7392907555967492,1.5472095747636698
0.1,1.0,0.6,1.0,0.4,0.7,0.2,0.2,0.7,0.3,0.3,0.1,-1.582525353451048,2.625122317135488,2.3468046900216355,0.9828757030771471,0.8143831602157013
0.0,0.6,0.6,0.8,0.7,0.0,1.0,0.9,0.6,0.1,0.2,0.3,-1.7308205953537734,2.786894580977016,2.5728880732088846,0.39444605597180027,0.23340518245268904
0.9,0.2,0.7,0.1,1.0,0.6,0.6,1.0,0.6,0.8,0.4,0.6,-0.007518855308574532,1.1068721932378447,0.8090237745754534,4.652172105110149,4.378122192603915
0.2,0.6,0.3,0.4,0.6,0.2,0.5,0.1,0.2,0.2,0.0,0.4,0.2134291109032388,0.8778707090014995,0.5868099770398721,0.6529639263111036,0.46515046800849447
0.4,0.3,0.3,0.3,0.7,0.6,0.9,0.8,0.1,0.9,0.9,0.3,0.3280317120427541,0.8423771760946611,0.6995724321031717,3.0335613188464756,2.9892646082990955
0.4,0.7,1.0,0.7,0.7,0.9,0.1,0.5,0.0,0.1,0.9,0.4,-1.4619313266211909,2.4947642930313205,2.509324404544994,1.9059791729489135,1.7102665117663038
0.4,0.6,0.2,0.4,0.4,0.8,0.9,0.3,0.6,0.5,0.1,0.7,-0.24383249815985117,1.2838100147648364,1.3163245117456361,2.1598765549316536,2.025799989182988
0.3,0.8,1.0,0.1,0.3,0.1,0.2,0.6,0.2,1.0,0.9,0.1,0.49762946997759316,0.897896712122058,0.5419142006587023,3.9996406274949465,3.8730384485881264
0.1,0.7,1.0,0.6,0.0,0.3,0.1,0.5,0.4,0.9,0.8,0.1,-0.17846502876896628,1.2909147909996075,1.1809620002890588,2.608954936568678,2.45739882921708
0.8,0.5,0.5,0.9,0.8,0.7,0.1,0.7,0.7,0.5,0.2,0.0,-1.1217371127025308,2.0229747847575394,2.1700194679647886,0.8301246241197138,0.7438992108424599
0.4,0.1,0.7,0.4,0.2,1.0,0.2,0.5,0.2,0.2,0.7,0.7,-0.7073540277133122,1.4874601021423937,1.535186686971749,3.380342924765668,3.185514711262105
0.2,1.0,0.0,0.7,0.5,0.3,0.3,0.6,0.0,0.5,0.3,0.0,0.1255300867726158,1.0155238450189032,1.0499730157401725,-0.40821772749244223,-0.5647334934310803
0.8,0.6,0.0,0.6,0.5,0.1,0.9,0.1,1.0,0.5,0.5,0.2,2.0991898539238303,-1.0274670281930702,-1.1582179616074952,2.650355654604368,2.378482498124661
0.9,0.8,0.4,0.4,0.3,0.0,0.8,1.0,0.3,0.0,0.2,0.9,1.123417942698246,-0.13458256741071023,-0.02224653517017175,3.225591039691773,2.933368549227743
0.0,0.5,0.5,1.0,0.7,0.0,0.7,0.4,0.0,0.5,0.7,0.5,-0.17885940711803847,1.214575867628728,1.1604978443552791,1.4915228201095978,1.4517749538167388
0.6,0.9,0.7,0.1,0.1,0.6,0.2,0.0,0.3,0.0,0.4,0.8,-0.9065734230408511,1.973104412258987,2.018340473043205,2.771175373542465,2.695056945357313
0.4,0.2,0.7,0.3,0.7,0.7,0.8,1.0,0.6,0.7,0.5,0.2,-1.165762097579082,2.073306826029086,2.069264914067491,3.1865553748676754,3.0693347262316872
0.5,0.2,0.2,0.4,0.3,0.3,0.6,0.3,0.7,0.6,1.0,0.5,1.7990151146243365,-0.9528105730309262,-0.9863556756099843,3.492750533873548,3.223790472256391
0.7,0.8,0.4,0.7,0.3,0.2,0.8,0.7,0.8,0.0,0.9,0.0,1.235347412899647,-0.20539862461540664,-0.032462988633479906,2.3483871645650205,2.194501585740191
0.9,0.0,0.3,0.6,0.9,0.2,0.3,0.2,0.8,1.0,0.7,0.3,2.9567162435581005,-1.8473787167433897,-2.022032608181742,3.4219954677596096,3.0893837143942378
0.8,0.5,0.7,0.8,0.2,0.7,0.8,0.1,0.2,0.1,0.7,0.7,-0.7770437016111653,1.6879624477438941,1.8308834154311193,2.7933549716144834,2.7174116509962105
0.9,0.3,0.1,0.9,0.2,0.3,0.9,0.5,0.8,1.0,0.9,0.3,2.431088533649496,-1.557305569360364,-1.3527234912440629,3.283659530302324,3.1026871599363752
0.2,0.5,0.9,0.9,0.6,0.9,0.9,0.6,0.5,0.7,0.5,0.5,-0.9769064726196773,1.8573940218790996,1.7324157961671176,2.4737221441885433,2.003430511657114
0.2,0.6,0.9,0.6,0.5,0.2,0.3,0.2,0.4,0.9,0.0,0.8,-0.6627233379137448,1.4510435246003914,1.5424944327251302,2.0088159262718785,1.4875088687721019
0.7,0.7,0.2,0.8,0.6,0.4,1.0,0.5,0.9,1.0,0.3,0.3,2.698831157136621,-1.6124119281047131,-1.8069234351467132,1.7807204128888279,1.420981311079399
0.9,0.4,0.6,0.1,0.3,0.0,0.0,0.7,0.2,0.5,0.2,0.9,-0.2672871589833391,1.2625716817627308,1.1123592915702636,2.9349511612627097,2.66011201154783
0.2,0.1,0.3,0.9,0.2,0.7,0.9,0.8,0.3,0.9,0.9,1.0,0.2830718535652966,0.7078350623111799,0.381880720629265,2.768682909817611,2.3908118690386946
1.0,0.2,0.9,0.2,0.5,0.3,0.5,0.3,0.2,0.9,0.9,0.8,1.2152951990007377,-0.27107079083356217,-0.2607425227489617,4.663624079403012,4.142303980439975
0.0,0.3,0.7,0.0,0.7,0.7,0.3,0.9,0.9,0.8,0.9,0.8,-0.6707726098355444,1.4897468760700552,1.36646910730859,3.719836189863316,3.477760780006862
0.7,0.9,0.9,0.9,0.8,0.7,0.0,0.7,0.0,0.5,0.6,0.3,-1.9020818751428636,3.223240415769898,3.085922539606923,1.6381092593199351,1.3019115402577004
0.3,1.0,0.2,1.0,0.3,0.9,1.0,0.1,1.0,0.5,0.5,0.5,0.6812231658088084,0.32076993945614146,-0.18335542770499408,2.8005799331926133,2.7031794032923266
0.2,0.0,0.4,0.2,0.9,0.1,0.5,0.5,0.4,0.2,0.0,0.2,0.9314245233491986,-0.1078511455471472,-0.23231984885556128,1.598775584259045,1.2523683097886222
0.3,0.2,0.8,0.1,0.1,0.4,0.2,0.7,0.1,0.7,0.3,0.6,-0.6002301965898715,1.573450446266825,1.4445185651924264,2.3362682549739464,2.028414064984235
0.9,0.8,0.7,0.2,0.9,0.5,1.0,0.2,0.7,0.5,0.4,1.0,0.021540291569853848,1.1737342663049497,0.6222966225365894,5.177552364877596,4.702581943123889
0.9,0.7,0.3,0.5,0.4,0.6,0.6,0.5,0.0,0.8,0.2,0.4,0.15144034802739373,0.7665108128663725,0.9296715583635823,2.3838497921606576,1.8676868022049975
0.2,0.8,0.5,0.6,0.5,0.0,0.8,0.9,0.5,0.5,0.9,0.2,-0.7715107919533559,1.8957404401641564,1.4606306737878407,2.518562088418302,2.3054109329480372
0.1,0.0,0.0,0.6,0.9,0.9,0.4,0.0,0.0,1.0,0.9,0.0,-0.38865359692818774,1.3469031464914736,1.2709677744291281,2.596780125648941,2.4232443879199725
0.1,0.0,1.0,0.3,0.4,0.4,0.4,0.6,0.6,0.5,0.1,1.0,-1.2969904337014213,2.222778936832975,2.2797594527882654,2.8696770170284625,2.676336461463595
0.6,0.8,0.1,1.0,0.2,0.4,0.9,0.1,0.6,0.3,0.1,0.0,-1.2290980167555878,2.0863219988546633,2.1382236415980733,1.1332870103929018,1.0187597806800306
0.3,0.8,0.8,0.6,0.0,0.2,0.5,0.8,1.0,0.0,0.8,0.8,0.08349191726638328,0.9565085702201873,0.7344847620058566,3.0791731577583907,2.9825922829615776
0.0,0.6,0.5,0.0,0.6,0.6,0.5,0.3,0.7,0.1,0.3,0.0,-0.3155707818452062,1.1009825669055806,1.506169606675493,1.3449842966505843,1.2603609811630139
0.3,0.9,1.0,1.0,0.9,0.3,1.0,0.2,1.0,0.6,0.5,0.1,0.7288652872626095,0.5023542690234627,0.35625233518108673,2.9107070033245384,2.8226902262445748
0.0,1.0,0.6,0.0,0.4,0.0,0.3,0.4,0.3,0.3,0.3,1.0,-0.048449858204036717,0.8894324168423425,0.9486701051433224,1.994884221797894,1.9083845299725177
0.9,1.0,0.7,0.0,0.6,1.0,0.6,0.7,0.4,0.3,1.0,0.0,-0.45318683602351817,1.6042732509464996,1.5043634559112415,3.915770835842389,3.352490570140027
0.8,0.0,1.0,1.0,0.6,0.2,0.8,0.5,0.9,0.0,0.8,0.7,1.9552039602753306,-0.844101994484795,-1.1446606857110009,2.5768636446340363,2.3993206018996345
0.5,0.1,1.0,0.1,1.0,0.4,0.3,0.6,0.5,0.8,1.0,0.6,1.0463532365749884,-0.07722878550045167,0.05366396205180898,4.845897934663705,4.4712066139479605
0.5,0.1,0.8,0.1,0.8,0.6,1.0,0.4,0.6,1.0,0.4,0.4,0.2594280401146458,0.882497944786429,0.6626233247383546,3.904055576462988,3.6742069508878026
0.2,1.0,0.5,0.8,0.7,1.0,1.0,0.6,0.2,0.3,0.0,0.4,-1.0934408629180394,2.3209688254095315,1.9605253409862784,0.865785907857261,0.6804007652861276
0.0,1.0,0.9,0.2,0.8,0.6,0.4,0.0,0.7,0.3,0.9,0.5,-1.4551798546693822,2.42859821247695,2.2947805105397245,4.3828381305379835,4.1726005274301965
1.0,1.0,0.2,0.1,0.2,0.1,0.1,0.7,0.1,0.7,0.8,0.5,1.2466465411688947,-0.3976329863248542,-0.21663826223296093,3.8827522689192326,3.527851979594309
0.2,0.7,0.4,0.2,1.0,0.3,0.1,0.6,0.3,0.4,0.2,0.9,0.8884980013899099,0.10413868682912772,-0.014039395320966902,2.3787071953082983,2.1537647481804045
0.9,0.1,0.4,0.9,0.4,0.0,0.6,0.3,0.5,0.3,0.7,0.9,1.6362699825389684,-0.47697794509665825,-0.6080966535576271,2.809060821299136,2.4630788527243923
0.0,0.6,0.4,0.7,0.3,0.5,0.8,0.3,0.5,0.5,0.7,0.3,-0.2291648222024531,0.8543295674305047,0.828835921387584,2.1885598585361823,1.9711374757435507
0.6,0.1,0.7,0.3,1.0,0.0,0.7,0.8,0.7,0.8,0.1,0.3,-0.8313126335194021,1.7744604988293402,1.7883304663188822,3.6000573821296173,3.36119897756516
0.1,0.1,0.6,0.9,0.6,0.6,1.0,0.1,0.3,0.1,0.7,0.8,-0.23785167085293085,1.2316563673005831,1.1219409373292901,1.9017270520775078,1.7113895898228655
0.0,0.1,0.5,1.0,0.1,0.6,0.0,0.0,0.0,0.0,0.5,0.4,-2.0387780884777182,3.143848061927414,3.0268994985406157,0.2911956664027807,0.24076628976118444
0.4,0.5,0.2,0.5,1.0,0.2,0.9,0.8,0.7,0.2,0.6,0.9,0.539727492390957,0.3826296506349698,0.24995406746509813,3.7098910615615583,3.6077276419322795
0.5,0.9,0.3,1.0,0.4,0.3,1.0,0.2,0.8,0.6,0.0,0.9,0.6045694360613985,0.46779058051269684,0.41946161947632704,1.79879633211374,1.6635166853088041
0.1,0.1,0.6,0.3,1.0,1.0,0.9,0.8,0.1,0.6,0.2,0.0,-1.8299771462493815,3.053942477053529,3.0868496865989807,3.0374026422920197,2.510189993452387
0.2,0.7,0.4,0.7,0.9,0.7,0.8,0.9,0.3,0.0,0.0,0.0,-1.013326244605099,2.0061250921996203,2.2218527514652355,0.642666395418962,0.43423545833267885
0.5,0.9,0.6,0.1,0.1,0.8,0.0,0.8,0.6,0.6,0.1,0.7,-2.7931779925275597,4.0275302415099326,3.902679517862317,2.322811483181264,2.188746896275435
0.1,0.8,0.6,0.7,0.6,0.9,0.9,0.5,0.7,1.0,0.1,0.1,-1.6540954267358519,2.7302449490583327,2.734912907632595,2.0833956074804147,2.155567731563517
0.6,1.0,0.3,0.6,1.0,0.5,0.5,0.0,0.5,0.3,0.2,0.7,-0.26255015647271873,1.2087508538704097,0.8847448246477727,2.0193949782349234,1.8940026081304622
0.9,0.0,0.6,0.9,0.8,0.5,0.0,0.9,1.0,0.0,0.5,0.1,0.06899506226901284,0.9900490481938743,0.9213893150782752,2.0773772782803137,1.838030370385939
1.0,0.5,0.2,0.8,0.3,0.1,0.4,0.0,0.6,0.7,0.3,0.7,1.1437546507606993,-0.133096164280333,-0.2342147836818815,1.7471842237025885,1.4778018843860006
0.5,0.0,0.6,0.3,0.7,0.6,0.4,0.9,0.3,0.7,1.0,0.4,-0.14942125769394615,1.202450138664813,1.3457500158534503,3.259831880935622,3.1596018550516702
