X1,X2,X3,X4,X5,X6,y1,y2,y3,y4,y5
0.8,0.8,0.6,0.2,0.8,0.7,0.8387119826701666,-0.04405312974129749,-0.028460192883017633,2.597171899310651,2.220179941003058
0.2,0.1,0.5,1.0,0.4,0.4,0.02006208139908752,0.9852104346286702,0.703705813955421,2.9179637168703367,2.7779284503080652
0.5,0.7,0.3,0.6,0.4,1.0,1.013248551192766,-0.04950127468757874,0.05507507638741197,0.9979929560037237,0.8675153346292368
0.3,0.7,0.6,1.0,0.1,1.0,0.7163419096423712,0.3186391679977357,0.3134159995977,2.3168741357710485,2.236251193970383
0.3,0.5,0.8,0.4,0.6,0.3,0.9514470725970684,0.025711170627640986,-0.05187591431268973,2.6102337413510637,2.4258109377425763
0.9,0.2,0.0,0.4,0.2,0.4,-0.0854402537098253,0.9589075526371983,0.7913498618354429,1.7601632167661645,1.537091938637411
1.0,0.1,0.7,0.8,0.2,1.0,0.11268991592009092,1.0777874689815392,0.9518085190943469,3.8534738196396323,3.2660183532747924
0.9,0.8,0.7,0.1,0.6,0.8,0.8743953089027857,0.10802072719859697,0.08701778922755712,2.5783137406705596,2.537964715253137
1.0,0.5,0.9,0.9,0.9,1.0,0.7667079734676836,0.4513902696050098,0.16639320612423406,5.505452391760543,5.369703722402729
0.3,0.0,0.0,1.0,0.2,0.8,0.5438803571002244,0.4411501333287046,0.2564055487867849,2.2732706663755637,1.9951195612932788
1.0,0.8,0.2,0.9,0.6,0.5,-0.07172152531583466,1.002799290208339,0.8852880161678309,4.325302136645423,4.151774527561854
0.6,0.6,0.6,0.3,0.8,0.2,0.259092275473519,0.6338365358898396,0.48115342914392467,2.364166523857182,2.247721352326798
0.1,0.4,0.8,0.1,0.6,0.9,0.9440129085187987,0.05637184359505424,0.039478901124155336,1.1509769080276924,1.184012103077905
0.5,0.1,0.2,0.4,1.0,0.7,0.9853574424404519,-0.018039304135049367,0.05084215070131729,2.47413315079919,2.1724971327527216
0.6,0.4,0.5,1.0,0.8,1.0,0.8109414199622318,-0.06871371446928326,0.2401925786944252,3.682405490830937,3.4073390964734283
0.3,0.0,0.0,0.5,0.7,0.5,0.6918158853447711,-0.06663858526414568,0.09638128680620768,1.8300902620103652,1.5065790559887398
0.0,0.8,0.6,1.0,0.5,0.1,0.04863672409052203,1.0443256608994622,0.9167426999412567,3.232636925386874,3.0967619944315192
1.0,0.7,0.4,0.3,0.6,0.1,0.19911889916601563,0.7801691821004852,0.7433452974343184,2.766107044047609,2.48005125032288
0.4,1.0,0.0,0.8,1.0,0.5,0.5055715715361943,0.5562628598347319,0.19344241677913243,4.103768602345714,3.9442846757380137
0.4,0.2,0.9,0.7,0.1,0.9,0.7301601414131128,0.2827556319292582,0.22657373525542127,1.6474123491609822,1.4479399787550593
0.2,0.1,0.0,0.7,0.1,0.8,0.6076189170933356,0.6008836755948856,0.4248990106943503,1.7758146288701542,1.4016280994601342
0.9,0.0,0.7,0.0,0.5,1.0,0.8558992089177675,0.16847077129579174,-0.04235436926248883,2.1338718868332265,1.8547145888779388
0.2,0.5,1.0,0.1,0.3,0.3,0.34021004860019205,0.8552834408176007,0.7149132748173171,1.5011327652397701,1.3811123669123533
0.1,0.8,0.6,0.8,0.1,0.5,0.18688517607984953,0.9038219609796108,0.7697732489168474,1.5143408094039854,1.5620702713891919
0.7,0.0,0.9,1.0,0.1,0.5,-0.13311633758521998,0.9828987764305465,0.8115727883428839,3.1466147898007835,2.8165553370556404
0.9,0.2,0.0,1.0,0.0,0.4,-0.03425698872630777,0.9747997997573064,0.9020128601293161,3.2728589221119586,3.0871748647563293
0.6,0.3,0.1,0.8,0.5,0.9,0.9482284655172426,0.17820944926337223,0.11501138385835752,1.7659166250864127,1.469186964621204
0.5,0.4,0.2,0.7,0.8,0.7,1.0154942012887378,0.08808826972793685,-0.045421959346030986,2.2561145610373177,2.177926513988757
0.3,1.0,0.4,0.8,0.6,0.3,0.2851681203986507,0.71519440239204,0.48309610447178397,3.7940435546015134,3.646148047700044
0.8,0.8,0.5,0.1,0.3,0.3,-0.038181551119461025,0.9387154373263639,0.9466177625148116,1.4018245269635183,1.1867020158764312
0.3,0.2,0.6,0.5,0.5,0.2,-0.028294120908778215,0.8774161242210753,0.8787211422170642,1.5002712405372884,1.2020872617110065
0.5,0.6,0.1,0.5,0.0,0.5,-0.02826032617706775,1.0067445391638603,0.8780868296621637,1.268077871675563,1.2237686160429937
0.4,0.8,1.0,0.3,0.7,0.5,0.9280949913600887,0.032522405635399,0.1927459831652518,2.3756607295077026,2.3838693351360143
0.9,0.4,0.5,0.2,0.6,0.0,-0.06461615633540388,0.8812690514763499,0.828532202656474,2.3101123081085904,2.2531058211238855
0.5,0.7,0.1,0.6,0.7,0.0,0.6719450590002404,0.4361877633199085,0.0869721327879081,2.2527309951577794,2.2436357412960444
0.1,0.2,0.4,1.0,0.0,0.6,0.08376384552489946,0.9568731489104705,0.9132051562957262,2.2012380740425677,2.0329917844954806
0.6,0.8,0.6,0.9,0.5,0.1,-0.008849100450954725,1.0214600633143391,0.8710759855026416,3.3583966509032095,3.0258690673151656
0.5,0.9,0.4,0.9,0.8,0.3,0.1206613598940684,1.2070959544709874,0.7341916974160766,4.489589646766017,4.156337543415653
0.4,0.6,0.2,1.0,0.4,0.7,0.7673795545930102,0.1715351887921261,0.09305690163652564,3.1209637558275185,2.8121124220510194
0.5,0.1,0.3,0.7,0.4,0.5,0.1636104154338344,0.7659972983174167,0.6268920177838908,1.9357739034464063,1.8208049591846132
0.1,0.2,0.3,1.0,0.6,1.0,0.9954209064632948,0.004179325131035472,-0.11961840916510467,3.260845324833422,2.9739315110540923
1.0,0.1,0.2,0.9,0.6,0.0,-0.08067998185031527,0.8796707356654857,0.9945390637288692,4.959434841352638,4.626292160055861
0.5,0.3,0.5,0.2,1.0,0.8,0.9910850021821924,0.1476900350132455,0.027220210119842655,1.1928605283100764,0.9073087392238787
0.9,1.0,0.7,1.0,0.3,0.0,0.06255913019472546,1.0638574034563362,0.8649441994983416,5.2733728237830055,5.230431058676141
0.4,0.6,0.2,0.7,0.9,0.3,0.6965423225523081,0.13603596196159545,0.29674992443966053,3.0040518010172033,2.853639483986812
0.1,0.1,0.9,0.9,0.0,0.8,-0.06734637390748084,0.9552570725299525,0.9325812323287128,2.629802571667987,2.33497994438911
0.0,1.0,0.8,0.5,0.3,0.5,0.22498533357478356,0.7832484778297653,0.645490782158586,2.4430281908319724,2.1902237477336297
0.8,0.3,0.6,0.1,0.6,0.1,0.39583112874941695,0.5268598801044351,0.5257166996985548,1.5707297261011273,1.4185332087335725
0.2,0.1,0.2,0.6,0.6,0.1,0.6234015557301776,0.3201609296209254,0.3023550423840121,2.444067614999287,2.2104806567667232
0.3,1.0,0.3,1.0,0.2,0.3,-0.07173469982826955,0.9341016298840752,0.8343836633384955,3.760226770703804,3.558351191787071
0.2,1.0,1.0,1.0,0.3,1.0,0.9016252980980892,0.1148268022412029,-0.07271284306331138,4.169990366438914,4.196429925094736
0.3,0.0,0.5,1.0,1.0,0.1,-0.07705086929237265,0.9470696392885041,0.8952756233612965,3.5210297764961735,3.35820201764246
0.2,0.1,0.6,0.2,0.1,0.3,-0.07102790758840276,0.8246925103980605,0.9378479968657424,0.7998209390414586,0.5623830332379199
0.6,0.3,0.9,0.0,0.4,0.2,0.5144273715444633,0.2987635813201004,0.18379176888594967,0.7274028639249202,0.40305774715573295
0.7,0.5,0.5,0.3,0.9,0.1,0.7174552623903199,0.26168162211931306,0.19117576291515886,3.0066944857356424,2.741317016846375
0.8,1.0,0.1,0.4,0.6,0.2,0.5011652100844108,0.6770698346776524,0.39304991361520386,3.741285583627219,3.7032431086616775
0.6,0.7,0.5,1.0,0.0,0.1,0.05349532907244447,0.9404082196599994,1.005240645410384,2.712477791853489,2.4077381512821554
0.5,0.6,0.9,0.8,0.8,0.2,-0.061379497000442665,0.889038476475682,0.9169320578703076,3.843397497533886,3.6752778822269896
0.6,0.0,0.6,1.0,0.0,0.4,-0.14491394030036253,0.8996606315950731,0.928648506852524,2.5149972787736483,2.467177949331996
0.3,0.3,0.7,0.0,0.9,0.2,0.7311699277788906,-0.06300018339734895,0.05491507799619077,1.0451801068229536,0.9562494420175436
0.2,1.0,0.3,0.5,0.6,0.0,0.8906628442062806,0.07970515012203339,0.055982813329827776,3.1885677973202484,2.932328068651796
0.6,0.0,0.3,0.7,0.3,0.8,0.9932997225636007,0.27546501028058845,-0.24270492562230636,1.4176851004508806,1.2303532742096905
0.0,0.3,0.8,0.5,0.7,0.5,0.5603691263786468,0.4435993794818685,0.2662202391726114,1.204477150120289,1.2102984881661238
0.7,0.4,0.1,0.0,0.6,0.7,1.0782104035833255,0.055535995644536824,0.16532040720048652,1.5620341660705863,1.5676827249874163
0.7,0.8,0.4,0.9,0.2,0.7,0.8245876981071678,0.23088919608852107,0.09888724486585218,2.4538082828011865,2.1907531170291175
0.5,0.9,1.0,0.3,0.6,0.4,0.19108822600359068,0.8128113135894773,0.5417575852070294,3.426827647128425,3.1007800467124946
0.0,0.6,1.0,1.0,0.1,0.8,0.049779358084695274,1.0807069384180676,0.9303469428015273,3.2845836564591484,3.267957536191694
0.5,0.1,0.0,0.5,0.0,0.9,0.1365977222035353,0.6496742234786657,0.8814414313389133,1.505447231769818,1.1155609181731843
0.8,0.2,0.6,0.9,0.9,0.8,0.7295204313556368,0.27206569453597634,0.10035783924910252,3.890461247827958,3.5222615029048088
0.2,0.4,0.1,0.1,0.2,0.2,0.42539609208782253,0.469674273013927,0.18352825936397033,0.2067329427629367,0.09828156322729571
0.6,0.7,0.9,0.8,0.3,0.9,0.8836360758053745,0.1937691546081423,-0.2181689178653511,2.2348261552885185,1.9129762125749616
0.4,0.8,0.4,0.0,0.0,0.4,0.6663894773039526,0.27713689257375784,0.23586636455534177,0.5427469290940371,0.41896219759525405
0.7,0.5,0.9,0.2,1.0,0.9,0.8199330938055515,0.2140722229781457,-0.0780039574812485,3.4201448357458575,3.1906459655167603
0.6,0.0,0.3,0.6,0.8,0.2,0.47487498731101363,0.703586880490139,0.34354875083947845,2.2063553094928476,1.99515598565701
1.0,0.1,0.0,0.7,0.5,0.7,0.09830362321718146,0.9549353987625195,0.8948650452726964,3.581498444120004,3.2410525023866943
0.6,0.9,0.3,0.0,0.4,0.9,0.8186603481433605,0.2252055229346366,-0.0021885711715227078,2.077542494415182,1.9223634197203618
0.0,0.2,0.0,1.0,0.9,0.4,-0.16268749190623671,1.018362402369914,0.9361111172197827,3.4001312799617702,3.3034212766859024
0.7,0.4,0.6,0.5,0.9,0.5,0.5875505334911949,0.34844931225648706,0.10712590468229705,2.3902134209716337,1.9287778399249675
0.5,0.9,0.2,0.6,1.0,0.2,0.5797078416145837,0.5391820549105266,0.261603842829771,3.4945705667629907,3.3941437523987346
0.9,0.4,0.0,0.9,0.8,0.2,0.0791041290225411,1.0698986235934167,0.8781671180449379,3.950695189661641,3.9358326741664347
0.1,1.0,0.6,0.1,0.9,0.3,0.655392184906064,0.41558090192524944,0.4168159731189732,2.9252229909662755,2.687386308383112
0.9,0.2,0.2,1.0,0.8,0.2,-0.06528913317198651,0.9685879735846892,0.9401695873333882,4.50469347105353,4.329036240911723
0.5,0.2,1.0,0.9,0.6,0.6,-0.15291013843863122,0.8283157916089099,0.8918070832497277,3.448731586462501,3.2967845065173558
0.5,0.0,0.5,1.0,1.0,0.3,-0.0365605610281266,1.1354806250103535,0.8278601335719895,3.3618042056762216,3.1320848540184327
1.0,0.9,0.0,0.7,0.6,1.0,0.33049125853032124,0.5204137279484897,0.6607364626103416,4.647786900842637,4.757187015884913
0.5,0.7,0.0,0.1,0.9,0.1,0.9250543215753018,0.11572912935555016,0.0071957581307424915,1.843372380590722,1.4627387506023093
0.6,0.0,0.2,0.1,0.6,0.5,0.9462025573895283,0.15963087846048177,0.0046742265332815666,1.4049697999612645,1.2286665295404977
0.5,0.5,0.8,0.9,1.0,0.1,0.193838019634191,0.9623789630897599,0.805910015732956,4.534626262743866,4.267892347498007
0.4,0.1,0.5,1.0,0.9,0.9,0.7644359071046705,0.17861769132535676,0.22586695354011205,4.117864826468167,3.7567273033928608
0.5,0.3,0.4,0.0,0.3,0.5,0.9686697376089168,0.16906583205614698,-0.012524949799558422,0.10756992793088067,0.018262659357753327
0.9,0.7,0.8,0.6,0.1,0.2,-0.03249389289199191,0.9261904209688657,0.8467463515335657,2.1634667964646312,2.2049141122011005
0.0,0.9,0.1,0.0,0.1,0.5,0.29248441879587583,0.5265936948366757,0.5674757874623277,1.498479281181425,1.3598852220553632
0.4,0.2,0.8,0.1,0.9,0.8,0.7882623484433859,-0.001197689104302943,-0.0804350528411158,1.9551761147531044,1.5952277171832763
0.6,0.6,0.4,0.2,0.2,0.3,0.23697897529573314,0.5382424900578247,0.6498269515870477,1.136153425672114,1.1566382361481533
1.0,0.7,0.4,0.3,0.0,0.2,-0.11115650588643461,0.9692641451769941,0.7954992971428788,1.6782114923280913,1.435465816423955
0.1,0.5,0.2,0.2,0.0,0.3,-0.06820613552897115,0.8969031100544191,0.8727200244770535,0.9608399144251014,0.6904927328970595
0.9,0.5,0.1,0.8,0.2,0.8,-0.05660412141920515,0.8585608807758129,0.7853460892739796,3.278360430808177,3.1478930163849483
0.1,0.0,0.9,0.2,0.5,0.2,0.2479944033654909,0.8690018543605658,0.7135923690819262,1.455681554314859,0.9245405248237852
0.4,0.6,0.5,0.3,0.6,0.9,0.9714887453688135,0.2169989999150369,0.08903468016124359,2.015773813592184,1.843416570455873
0.3,0.0,0.8,1.0,0.4,0.0,0.21132901875429938,0.7664350174579698,0.5340549843178326,3.1660549277850545,2.9036743563835596
0.2,0.1,0.5,0.5,1.0,0.4,0.29648470618714773,0.8293786888232729,0.6896345139291618,2.34979664908817,2.1516043270459515
0.8,0.8,0.8,0.6,0.5,0.8,1.0436164873023097,0.3828097795981389,-0.03006188096587331,2.6710834748865406,2.5596141678656616
0.7,0.4,0.1,0.1,0.2,0.7,0.8640051229039746,0.17995950098715327,-0.02414162733356688,0.7286864645069331,0.4820221451737667
0.9,0.6,0.8,1.0,0.9,0.6,0.815984600205783,0.10077524325120613,-0.015838317759683862,5.310814345043428,4.886031190597762
0.7,0.7,0.7,0.3,1.0,0.8,1.0119896561767598,-0.06137083416132283,-0.044589114341747976,2.1255391473114607,1.8665937322190391
1.0,0.4,0.0,0.9,0.4,1.0,-0.02663253269659865,1.0773987010136794,0.8704356377477982,3.3982529606687115,2.9399979254131168
0.4,0.2,0.0,0.7,0.4,0.2,-0.05962525965880994,1.0547618729596266,0.8799434603807313,1.6984364683058721,1.3720591903952222
1.0,0.5,0.5,1.0,0.1,0.0,0.12602518666620444,1.0933493043484894,1.0063085453340785,4.726025295613571,4.478566445858366
0.0,0.8,0.1,0.1,1.0,1.0,0.9757341310647026,0.0649009188086776,-0.0401982334102198,1.5411823980439174,1.4510846959058177
0.3,0.0,0.2,0.8,0.9,0.0,0.9443370255587691,0.17561939386417078,0.12024428795744785,2.885400736236558,2.5822240698812062
0.5,0.2,0.9,0.7,0.8,0.2,-0.013142286624544575,1.2023235749497987,0.8586287674509234,2.9688630703304435,2.860539113528519
0.3,0.2,0.2,0.9,0.8,0.3,0.6152537814296932,0.5481954357482698,0.4621809233425434,3.0750113108540424,2.746366035578051
0.0,1.0,0.1,0.7,0.8,0.5,0.17084221904851196,0.9212559906719365,0.799833637407204,3.5875742609926324,3.441812299226619
0.0,0.7,1.0,0.4,0.2,0.8,0.6167373181544356,0.2875878225188277,0.27645626793951733,0.8647656995487887,0.5870998953376334
0.3,0.2,0.3,0.1,0.7,0.3,1.0415422279173896,-0.04037419840275436,-0.11893160320719456,1.4460949918967236,0.9432851137710413
1.0,0.5,0.7,1.0,0.7,0.9,0.5250085389065856,0.7258822516652945,0.6468590312549627,5.8466046601530595,5.440584540668155
0.4,0.6,0.3,0.4,0.8,0.3,0.8571231754276842,0.06595110858972818,0.08554858079517186,2.170907135304569,2.184102222320602
0.9,0.6,0.5,0.1,0.8,0.2,0.16953447077836556,0.7162451800537178,0.667703383346828,3.0620547211128883,2.977801385521894
0.8,1.0,0.6,0.6,0.6,1.0,0.8226210818368731,0.179705394697986,0.05474718910329989,4.049941978003341,3.650415775412881
0.2,0.0,0.9,0.5,0.0,0.1,-0.02517840485547586,0.8375756615116026,0.8776598561275225,1.1187656058187,0.9840336176752773
0.5,0.1,0.3,0.2,0.5,0.6,0.9583458692758915,0.21797191252944886,0.06183383921559696,1.6176009104276206,1.4057337464283663
0.2,0.1,0.0,1.0,1.0,0.3,-0.027027808640020974,0.8164492851283875,0.8449279304576257,4.014394814390207,3.7155131366796783
0.6,0.1,1.0,0.6,0.7,0.4,-0.03238330664501637,1.0516882844561857,1.029938534198449,3.297264752662137,3.0706714517276366
0.3,0.8,0.2,1.0,0.3,0.8,1.0886691990651731,0.03141625969550457,0.053448975684951085,2.4784285370532344,2.4236239669434845
0.0,0.3,0.8,0.8,0.2,1.0,0.3431866315195539,0.8461791213687818,0.5621455402147082,1.0404322203382943,1.0380582858393825
0.8,0.7,1.0,0.9,0.9,0.5,0.4508054442000424,0.7217266627223393,0.48364983791521216,4.096346766354935,3.750431019534008
0.5,1.0,0.0,0.6,0.3,1.0,0.8246979557861441,0.11442196700261634,0.05044727520920982,2.670398005673476,2.577410528285675
0.5,1.0,0.9,0.3,0.7,0.7,0.8788286448421936,0.10785298741426792,-0.15099551009057002,3.449998966594207,3.170470985382542
0.4,0.0,0.8,0.0,1.0,0.8,0.8570572323664291,0.16630520335664056,0.04336485047213285,1.7939305572896258,1.8704699868672516
0.8,0.0,0.7,0.0,0.8,0.8,0.9019186590158291,0.1916175498129731,-0.12298784733402685,2.2679656543964457,2.1693075686640624
0.1,0.6,0.5,0.7,0.3,0.5,-0.10270361493584057,1.2136731009625898,0.9796690409007691,1.616802930652891,1.2825556562464906
0.2,0.9,0.3,0.1,0.3,0.1,0.744722539945422,-0.1318595000644774,-0.028571024103762763,1.6863709392463173,1.500875058364304
0.3,0.3,0.5,0.4,0.2,0.0,0.07659438915070856,0.8098142866302559,0.6835931974206827,0.294553996327465,0.2028602552997083
1.0,1.0,0.2,0.9,0.5,1.0,0.7620346579152312,0.21818037207923074,0.35277863564991685,5.2121610824592794,4.913927795891095
0.5,0.9,0.8,0.4,0.2,0.0,0.35892492121446584,0.45426422775241915,0.4577213974704711,2.7439764674587925,2.445830966950545
0.0,0.1,1.0,0.4,0.8,0.6,0.46381105885136087,0.6814753251435104,0.4738773226847911,2.6493393796004865,2.509635647721803
0.8,0.6,0.4,0.3,0.2,0.7,0.9503443047164697,0.09405092274054798,-0.02566681200409924,1.6566655884532806,1.4891140743149494
0.4,1.0,0.3,0.9,0.0,0.2,-0.0939707947183922,0.9888808633092768,0.9071256573561244,3.1859497866170736,3.3568252150821913
0.3,0.0,0.1,0.1,0.9,0.6,0.8720704521165882,0.06083538690038332,0.042712094938537594,1.2815084048773888,1.146795448254658
0.2,0.1,0.5,0.3,0.4,1.0,0.8273146103707014,-0.03831106303906559,-0.17733909273803716,1.129397082370814,0.7739674544007843
0.7,0.1,0.1,0.1,0.9,0.6,0.9522843545499359,0.219357914831795,0.1585554251556631,2.3889317972786936,2.5096139845768826
0.9,0.7,1.0,0.2,0.2,0.9,0.803903975058142,0.22503259680678062,-0.01573954601950294,1.9202248253472145,1.7921409867539793
0.2,0.7,0.1,0.9,0.8,0.8,0.878061347376604,0.0569433493594013,-0.019099834745941343,2.9526939197241275,2.7484324575350763
0.2,0.8,0.2,0.9,0.2,0.9,0.7378732236703418,-0.02831386684111349,-0.10243803424579237,1.9048229707680766,1.8694343713255923
0.6,0.9,0.6,0.7,1.0,0.0,0.1142842579639336,0.8074264675152192,0.967618501535936,4.264828249045344,4.027935069017957
0.7,0.1,0.7,0.1,0.6,0.9,0.7176595685295372,-0.18269263288787327,0.0416547579061209,2.4626963347126867,2.1952940633481295
0.3,0.1,0.6,0.5,0.2,0.2,-0.006756788911855594,1.1034285715839582,0.9709212729332763,1.2178484587751413,1.046901826657101
0.5,1.0,0.1,0.6,0.8,1.0,1.0051011738550117,0.12215634050854093,-0.032730971578720076,3.598480005215155,3.5942352824016615
0.0,1.0,0.7,0.1,0.5,0.0,0.7083043872016018,0.12438210278788184,0.16657241455140676,2.7490218708912,2.5431263932766206
0.4,1.0,0.0,0.8,0.7,0.9,1.079511839491472,0.28093987070329685,0.07425805132264664,4.040641959865128,3.7705762602755715
0.0,1.0,0.2,0.7,0.6,0.3,0.06306060762675826,0.8848038199219883,0.9113913454456318,3.3965639871087556,3.0363664377436193
0.1,0.9,0.8,0.0,0.7,0.3,0.9467845751664632,-0.08898138978854495,-0.06420939817978542,2.9678955316192557,2.7222187061100693
0.4,0.6,0.0,0.2,0.5,0.9,0.845172772222904,0.08164217556264207,-0.23639872097698406,1.5326739935654676,1.40595630247219
1.0,0.0,0.1,0.6,0.7,0.6,0.08243596948116144,0.8034892578689473,0.7551092586814218,3.382738166325707,3.143748052129079
0.7,0.4,1.0,1.0,0.9,0.4,0.006441906127053202,1.0484339348157863,0.8876291128989257,4.37147459733608,4.222469937270456
0.2,0.8,0.9,0.7,0.5,0.6,0.7078472895112751,0.10921639131028349,0.08551768777772129,2.2673144195174157,2.040994015599843
0.0,0.2,0.5,0.7,0.3,0.5,0.1601080685091909,0.9871768151703407,0.8524302111086021,1.1025115208491938,0.797740986329215
0.6,0.5,0.8,0.1,0.2,0.5,1.0933265591296242,0.05720284014376906,-0.06624252783349746,1.823928481352558,1.4309441306482809
0.1,0.7,0.1,0.4,0.8,0.0,0.9224716018034615,-0.10533331054777986,0.014327877168240875,1.700176316974743,1.6347258484934075
0.3,1.0,0.5,0.5,0.0,0.3,0.11212135098646325,1.07112974550275,0.8781607385937061,2.0304300035327643,1.7009720107876425
0.0,1.0,1.0,0.2,0.2,0.2,0.04931922432323685,1.1672360840590397,0.9925142334602957,2.428635831931089,2.3129360682728053
0.0,0.5,0.1,0.9,0.7,1.0,0.6904532086637968,0.3525859113973021,0.1975999935197292,3.442981972601623,3.627353531903005
0.8,0.6,0.1,0.7,0.9,0.4,0.34934353283114805,0.5074052926153074,0.4495312801232527,3.5865961757501896,3.326856046357059
0.0,0.2,1.0,0.8,0.6,1.0,-0.20058551128009833,1.0153199659109786,0.8165345744326589,2.910528151374393,2.8404189233817276
0.5,0.5,0.5,0.5,0.5,0.0,0.03455909332895097,1.1314886025537498,0.9436335069656618,2.482382942350386,2.23273394030293
1.0,0.0,0.3,0.2,0.3,0.9,0.8211829753326925,0.016029587302578127,0.022320881211220854,1.666364780635915,1.4688590272186617
0.3,0.5,0.7,0.9,1.0,0.9,0.9911517142122925,-0.19513827253789295,-0.0534208295685443,3.9119258603225884,3.967912388507377
0.0,0.9,0.6,1.0,0.3,0.6,0.09784321188264378,0.9428266023949737,0.8190545549017262,3.6462250261104217,3.45565571312002
0.7,0.0,0.4,0.0,0.8,0.9,0.9735898064565152,0.27418761694839267,0.10486387956502859,1.7883823975290472,1.7743570899092522
0.7,0.5,0.0,0.6,0.1,0.7,0.8858346853043219,0.33555791845856553,0.2000080438765939,2.241675980350513,2.121249286066279
0.1,0.8,0.4,0.7,0.1,0.7,0.5853277641098706,0.3649732378262552,0.07153855031248524,1.2381060269248827,0.8758211418895205
0.4,0.0,0.2,0.1,1.0,0.4,0.8314315583344056,-0.13852411722513067,-0.03846786500479883,1.6757201236856407,1.4251455245560205
0.3,0.9,0.0,0.4,0.8,0.8,1.0054323121785842,0.04559216693229163,0.15867453366079912,2.9586907238646165,2.7147930700938905
0.0,0.1,0.2,0.0,0.0,0.7,1.0378811797315641,0.22235737258671764,-0.10612597381534108,0.7319019990920607,0.42333905034230096
0.1,0.9,0.9,1.0,0.5,0.4,0.14970240173409496,1.008356935178435,0.9125708659735227,4.568972118708015,4.141859287795473
1.0,0.1,0.1,0.7,0.6,0.7,0.2607020730887881,0.8946816331305619,0.8873482226151018,4.023208070448477,3.8293703138651822
0.5,0.5,0.8,0.1,0.4,0.9,0.9086729008927967,-0.11414731728842929,0.005290921971738487,1.7430555892361033,1.5217585085565555
0.4,0.7,0.7,1.0,0.9,0.5,0.7430445896817682,0.1662263754844951,-0.06851393258673946,3.544645025363217,3.3262067132407394
0.5,0.5,0.7,1.0,0.2,0.2,-0.0221729700421381,0.9626218098542457,0.7878595151174349,3.667996704431436,3.4889237220319873
0.7,0.6,0.6,0.7,0.6,0.5,0.4622569184025334,0.4772151349408595,0.5341395050948647,3.2816882764907698,3.0114347729503956
0.5,0.4,0.0,0.7,0.4,0.7,0.5019406730198319,0.4707725061737012,0.37928789461912366,1.396579339092477,1.1497984784068076
0.8,1.0,0.9,0.8,0.7,0.2,0.14507576558167845,0.8382956592619357,0.857571745958067,5.27992902831066,4.897174560786629
0.3,0.3,0.2,0.9,0.8,0.3,0.6739007184054,0.27624928904744495,0.3401950480058086,2.2310505432847627,2.1187176009431696
0.9,0.7,0.3,0.8,0.7,0.9,0.7949674273181757,0.01888260519795107,0.10295369738660157,3.395581674508667,3.2618506872112567
0.1,0.0,0.5,0.9,0.4,0.5,0.1703849645716452,1.0653104301581684,0.8484158669513748,1.9415703842193381,1.6721202285938779
0.2,1.0,0.6,0.3,0.4,0.8,0.755280647298983,0.1761724351249857,-0.026571927576530985,2.013814229420851,1.8640166803526814
0.3,0.6,0.3,0.0,0.1,1.0,0.8821491406118694,0.07495361515584417,-0.052430169498131056,0.8035205369190773,0.6651881263925306
0.0,0.4,0.9,0.7,0.2,0.9,0.25973746071971343,0.8364431017657787,0.6966690277611163,1.4847565311428048,1.1825476866886797
0.9,0.0,0.8,0.1,0.9,0.4,0.6393604171294094,0.33331228692874104,0.1298427296501336,2.338691463127246,2.666264178004883
0.3,0.1,0.9,0.6,1.0,0.9,1.0322285843957926,0.38458631956500894,0.05609027611276354,3.1464854328723058,2.919268271240693
0.0,0.7,0.6,0.9,0.9,0.1,0.05182538182683841,1.090560255162653,0.8500122233155967,3.011544030134975,2.7273560245783766
0.4,0.9,0.9,0.4,0.7,0.9,0.7959713348388218,0.0669819937587651,-0.08013522550598717,3.509356680821952,3.18792937181306
0.7,1.0,0.9,0.1,0.0,0.8,0.9122265644852222,0.07412915768365143,0.2516081496186579,2.6861474688502587,2.3899231326256714
0.1,0.2,0.7,0.5,0.5,0.0,-0.034525907801856076,1.061791938895441,0.9448814237550297,1.5817222926284906,1.4856758299961645
0.4,0.6,0.5,0.2,0.1,1.0,0.9374361129995311,0.07292533130017324,0.032987386001290246,1.1616874865562203,0.7123859231865319
0.3,0.3,0.9,0.4,0.9,1.0,1.0387887648102598,0.16626282629923275,-0.12501259700435635,1.5712573446286955,1.4838156177891244
0.0,0.5,0.1,0.0,0.9,0.6,0.9003418573819153,0.21755906972822858,-0.004014659606315966,2.117238136978328,1.7532858773956936
0.5,0.8,0.7,0.1,0.1,0.1,0.40486828811527964,0.5575483163965501,0.6503490675237522,1.1927885693022944,1.0206902751092828
0.7,0.5,1.0,0.1,0.4,0.5,1.1421893239572136,0.1205647247062506,0.0027082508375615576,2.420818038304822,2.2638990730646014
0.8,0.8,0.4,0.3,1.0,0.0,0.9527316395289048,0.1411660120644664,0.04779699307182195,3.0674337200333306,2.618048612654239
0.4,0.2,0.9,0.0,0.5,0.1,0.9661664788382822,0.22765125799540253,-0.002350788529385874,1.6786307402655443,1.5426147479508818
0.4,0.4,0.4,0.9,0.1,0.6,0.05701704442371841,0.6530989672500674,0.6776091746690511,1.8159388851213634,1.3799284582523739
1.0,0.6,0.2,0.6,0.3,0.6,0.34821687137147694,0.5568284330581074,0.5495444132740005,2.921779971106213,2.716423703324157
0.3,0.1,0.4,1.0,0.5,0.5,0.19366116322788485,0.7182415578549592,0.5728983786369891,3.404240994763821,3.216482096295453
0.6,0.4,0.3,0.8,0.2,0.2,-0.0006199321609078213,1.174888162611156,0.9332394811441119,1.9376713233745089,1.6504157121665968
0.1,0.2,0.3,0.4,0.0,0.8,0.9341522454054333,-0.11099566849105258,-0.09842970507052423,0.3618264779359143,0.11306817908932353
0.9,0.4,0.8,0.5,0.5,1.0,0.8928001406860673,0.10495318754779873,-0.17509447633864997,2.3979886130678523,2.3413620250868576
0.6,0.0,0.1,0.5,0.6,0.5,0.6156918474797143,0.48596633362867214,0.4107949688412774,1.7794050981563727,1.6936502110266507
0.5,0.9,1.0,0.1,0.7,0.2,0.488382862918142,0.49696162889556444,0.6427997360757758,3.631746884244373,3.3909533060676194
0.0,0.5,0.4,0.4,0.3,0.9,0.9067410559689177,0.2374623485160417,-0.1426418772916728,1.0904317431458304,0.9969328550545087
0.2,0.5,0.0,0.0,0.7,0.0,0.7081975390497577,0.07020123297181993,-0.02174647555522934,2.3139910603548604,2.149541916978724
0.0,0.1,0.7,1.0,0.7,0.1,0.08305490693976576,1.0598605408630055,1.0372700906116654,4.042571843888577,4.067775692287856
0.4,0.7,0.8,0.1,0.0,0.3,0.6053873237977985,0.4920174558339546,0.29329500865485447,0.5711990659182811,0.5064964932206856
0.3,0.8,0.9,0.9,0.3,0.4,0.2505746564951369,0.8750383716870898,0.8510162702816582,2.602789055595151,2.4831413768413566
0.9,0.5,0.3,0.7,0.4,0.3,0.21040102070380723,0.9297097922477575,1.0615776267683168,2.9527306454761435,2.9934910325323982
0.1,0.5,0.6,0.6,0.7,0.6,0.8943062727924718,0.20353221304723657,0.2643042979306533,2.758760081992786,2.602714503525477
0.8,0.0,0.1,0.1,0.1,0.9,0.9701407259814503,0.14787708821597267,-0.002785113080973966,1.0175394441343826,0.7376184373900554
0.0,0.3,0.0,0.0,0.2,0.9,0.8749391888397352,0.04074634017677317,0.03347963539656536,0.12666876615528716,-0.017668078900220787
0.2,0.4,0.0,0.2,0.4,0.9,0.9623726266933942,0.0006679901799550164,-0.007297859748133972,0.4268711782442546,0.20317346336977687
0.7,0.7,0.5,0.9,1.0,0.0,0.33366383638013525,0.7078652569883802,0.5311086956049986,3.971211874432003,3.6902368192707677
0.8,0.0,0.5,0.8,0.3,0.6,0.06970331607748044,0.8831001788789636,0.9152429726501544,2.163991060918296,1.9120010935842673
0.3,0.2,0.7,0.5,0.4,0.6,0.9161426360980852,0.09126570034640874,-0.20180828304527393,1.04283623078255,0.9104511880706362
0.2,0.3,0.4,0.2,0.0,0.5,0.8930875508794407,0.1374843402945476,0.054288682016775065,0.20124639975829303,-0.10794847228713758
0.1,0.7,0.9,0.2,0.6,0.1,0.9372049838885197,0.05976790535854529,-0.06508170199293754,1.5246757744297965,1.5046446492401584
1.0,0.1,1.0,0.3,0.4,0.9,0.2758745659239645,0.8389411264605726,0.5952459181350834,3.294502273967512,2.9795815309405813
0.2,0.2,0.8,0.9,0.3,0.3,-0.0622892598841887,0.8643714139060891,0.9094175455660348,2.228694029974967,2.159195572003336
0.7,0.6,0.5,0.6,0.6,0.5,0.484042120559814,0.34726470215795907,0.15827478148504195,2.9204828905891764,2.5886545843533484
0.3,0.1,0.6,0.1,0.8,0.6,1.0831975205169577,0.07798529216547398,0.048082902933844054,2.1408656738487513,1.662201048938282
0.8,0.7,0.2,1.0,0.3,0.2,0.2202756181936243,1.1327535916819655,1.1107464170338592,3.245973255947011,2.748962298351949
0.6,0.3,0.4,0.5,0.4,0.1,-0.02898860390116921,1.170135331499834,0.8336413443872781,0.7768463129487916,0.5124977024379674
0.2,1.0,0.9,0.0,0.9,0.5,0.720415258599521,0.09105562102178974,0.11825755134127221,3.2023407887119353,3.0608489737639695
0.6,0.1,0.6,0.6,0.3,0.9,0.3378170012593714,0.5816161460725604,0.550930538922053,1.8551064491854006,1.9122982179154768
0.2,0.7,0.9,0.3,0.9,0.9,0.8111350317872468,0.13112796105596533,-0.012974244481060257,1.6339073827793076,1.6302431762509155
0.3,0.9,1.0,0.4,0.3,0.7,0.9641184283762135,0.281491612364218,0.0009651598369317654,2.61568441756771,2.326418034165972
0.7,0.7,0.7,0.1,0.1,0.6,0.8946187331959058,0.20603422855616588,0.05032633769452181,0.8583418656735136,0.5866834667705724
0.5,0.1,1.0,0.5,1.0,0.2,-0.003066451567356475,1.0102822061182757,0.8337911539226155,3.2608381322237245,3.021840886706205
1.0,0.4,0.4,0.2,0.2,0.9,0.755544944501884,0.19566408543059116,0.07257815798610381,1.6029929968673007,1.466783901279163
0.5,0.6,0.2,0.2,0.2,0.3,0.5202391689151474,0.44038435551806926,0.40843462310467127,1.1194523075311946,0.9137401741420991
0.9,0.2,0.6,0.5,0.9,0.1,0.10086856076387207,0.9295155763277277,0.8872963529650135,3.12077287670309,3.0007950264916396
0.6,0.0,0.4,0.9,0.4,0.5,-0.04724796244420632,1.0525525439797436,0.7622484329639323,2.2179611268771464,1.8738538743843105
1.0,0.1,0.4,0.5,0.8,0.3,-0.021431437118486184,0.8573801772278308,0.9778369832986873,3.6054413321930316,3.686796612227106
0.8,0.8,0.1,0.6,1.0,0.8,0.9782658137048887,0.11111711182959809,-0.08639981333919268,3.0388929817426265,2.9779030492364655
0.4,0.6,0.5,0.6,0.0,0.1,0.10016937400318232,0.978299352295807,0.8093184700428089,1.4126786692497477,1.3950937652613447
0.6,0.7,0.1,0.7,0.6,0.0,0.6463345289179593,0.20806219686111474,0.2848823262333439,2.727624616965187,2.3860500104203277
0.6,0.7,0.0,0.8,0.9,0.3,-0.031024910765009073,1.129146466357852,0.6785866588101156,2.9293639076795137,2.703075607749901
0.5,1.0,0.9,0.4,0.0,0.2,-0.007991088953992833,1.0223339335158999,0.8093718478729544,2.61597658754269,2.4451522541167825
0.1,0.9,0.6,0.0,0.1,0.7,0.9066087379564662,0.006220230829078563,0.12589193948338284,1.5279718314594835,1.3120299066239813
0.4,0.4,0.2,0.0,0.1,0.8,1.0139464203912174,0.08562413633973132,-0.11644841906691801,0.5025072786391077,0.19204569178439074
0.2,0.6,0.3,0.3,0.8,0.6,0.9562093286549503,0.03215369736246816,0.03631244531452613,1.9337161695793905,1.8143476647231411
0.7,0.3,0.3,0.2,0.2,0.9,0.9193514998083528,0.01174553979829901,-0.14779308757948934,0.22595936449660511,0.19181824262280153
0.2,1.0,0.4,0.8,0.9,0.6,0.8823852862787176,0.05265506509950485,-0.09149603275069396,3.768497213499531,3.6078639947390556
0.2,0.7,0.7,0.4,1.0,0.6,1.0604812808488278,0.18450444977070474,-0.18046264373895718,1.7134216006697531,1.364037827298438
0.0,1.0,0.6,0.7,0.0,0.7,0.09235043220989857,0.9296882896213763,0.8054323233537782,2.5791781735994053,2.0664837533122227
0.3,0.4,0.0,0.6,0.6,0.0,0.5101584729433838,0.5123423149269705,0.33665672461779717,2.0951059121680276,1.7668382595061516
0.8,1.0,0.1,0.8,0.0,0.3,-0.06795406722399903,0.9503065787738033,1.0534449204875125,3.5876860331327043,3.2603653814591307
1.0,0.4,0.2,0.4,1.0,0.8,0.9723846725031791,0.11705702906052738,-0.19835455306357472,2.891326263797431,2.645633855763078
0.5,0.0,1.0,0.9,0.1,0.1,0.2612347743225163,1.1199916603522095,1.1483280769422726,2.6167239783679115,2.5821638638204747
0.3,0.9,0.0,1.0,0.3,0.9,0.8549905030461066,0.22207702689617248,-0.03730149698591114,3.697409192812974,3.4023077510914614
0.0,1.0,0.9,0.2,0.7,0.5,0.8220000692988176,0.055886126888909204,-0.07313520542522163,3.198935358411743,2.963376893933029
0.4,0.3,0.2,0.0,0.7,0.1,0.8367475248718457,0.24537014911374,-0.07318358930130568,0.9453385636175581,0.7822089757117607
0.0,0.0,0.1,0.2,0.2,0.5,-0.1605888037493632,1.0244351060278822,0.990041386873563,0.23108491045614238,0.009653103330244217
0.9,1.0,0.5,0.3,0.0,0.7,0.4616483750376607,0.6463829636299266,0.5986338406681934,2.740322634700648,2.5613098037908286
0.8,0.6,0.0,0.5,0.7,0.2,0.08961661851101249,1.008451876182208,0.5503809954358396,3.1461929148755203,2.9394925834842214
0.8,0.8,0.5,0.6,0.6,0.2,-0.033401392219024224,0.884375794346849,0.9534228462337154,2.8054973098576186,2.788172361078041
0.7,0.9,0.6,0.4,0.5,1.0,0.9292925070678988,0.07103180573273016,0.12727551792654085,3.1490410467812247,3.0242925391608853
1.0,0.5,0.4,1.0,0.9,0.9,0.4929829647904751,0.30493238172695963,0.3093457350164643,5.585484894480005,5.41191839991271
0.2,0.9,0.2,1.0,0.7,0.5,0.7525765286983136,0.1646153941895117,-0.019106048876848837,4.580417236888782,4.4498695302960485
0.1,0.4,0.5,0.8,0.9,0.6,0.4982799154797043,0.5983479009316158,0.3941371455702657,2.3469951136208183,2.155287391860556
0.7,0.1,0.8,0.1,0.4,0.3,0.6984501582953004,0.48129695639608977,0.36670134215370587,1.8489453957552442,1.6217802372742296
0.6,0.7,0.8,1.0,0.3,0.0,0.03296008081343149,0.7486513510145292,0.8019324928658491,3.292372709852244,2.9214271225950035
0.0,0.5,0.0,0.2,0.9,0.4,0.11192662639915142,0.7575200166661569,0.6679272362585827,2.0941335062548645,2.0906308305994776
0.7,0.6,0.2,0.7,0.5,0.2,0.508757020696209,0.5621672717699141,0.3989621240530704,2.800631752569035,2.623263723637236
0.3,0.3,0.5,0.7,0.6,0.7,0.8033320015480818,0.03375713210953442,0.1329030932477787,1.4458866794985048,1.114185583322597
0.8,0.1,0.7,0.1,0.5,0.7,0.8720635419039305,0.1261671002031851,0.07210265760338751,2.3092968744097964,2.39203713513956
0.3,0.6,1.0,0.4,1.0,0.1,0.8033659854998497,0.12645786450966126,-0.17273578063084707,2.983582487536879,2.9387710474623656
0.9,0.5,0.1,0.2,0.5,0.2,-0.04693567150077657,1.0322145081907452,1.0025605090367287,2.8447007326427154,2.7834964394938457
0.5,0.0,0.3,0.6,0.5,0.2,0.1347308664765379,0.8541970100836315,0.8441653117484318,1.478477803909231,1.2744147090236264
0.0,0.6,0.2,0.3,1.0,1.0,1.0632478938497334,0.09582818950006605,-0.11801123422777147,2.1197438752852347,1.9091147537854976
0.1,0.6,0.3,0.3,1.0,1.0,0.9341206633548422,-0.0015423745815319329,-0.10172223464256543,2.025342715408777,1.798338257176383
0.5,0.6,0.6,0.4,1.0,0.2,0.18801254816456495,1.1712619663003605,0.9062521060777542,2.6329495200847597,2.4658864128645357
0.3,0.3,0.5,0.7,0.5,0.4,0.01531966273359267,1.1101120580433492,1.02431397077363,0.9789524480650481,0.8263273456714666
0.8,0.9,0.8,0.4,0.8,0.7,0.887182547812978,0.08222957279062876,-0.05427304609324532,4.002188829054924,3.581728353457181
0.2,0.5,0.0,0.2,1.0,0.3,0.9438503230055801,0.23240193137504336,0.13583169963698652,2.265732678464497,2.0659620195796116
0.2,0.6,0.2,0.5,0.3,0.7,0.8564255965371032,0.10338719552155588,0.09792550468768284,1.2452780667245213,0.9328288941858521
0.4,0.5,0.4,0.4,0.9,0.3,0.4581051623973139,0.2933603386491078,0.2410522611321765,2.4463174791858746,2.236564262365399
0.0,0.5,0.1,0.8,0.6,0.5,-0.08288084134859282,1.1710368406187228,0.8301811589136273,2.99716753545078,2.82997960834727
1.0,0.2,0.2,0.1,0.2,0.8,0.85378209750225,-0.009003808128747237,-0.10725472927186817,1.8814010455813686,1.5634315030630912
0.2,1.0,0.9,0.0,0.5,0.0,0.8075591789465847,0.06501738849142513,0.09701889756149354,3.122259680117173,2.8105238717264958
0.0,0.7,0.8,0.2,0.2,0.2,-0.0035570157224210225,0.9719513144463376,0.8559773919287342,0.39238785426303424,0.3476190957212251
0.4,0.9,0.2,0.2,1.0,0.6,0.9090547137447247,-0.011618044347671164,-0.00364351995693999,2.9380603435086536,2.745497799673175
0.5,0.9,0.1,0.4,0.8,1.0,0.9221246753651282,0.04335517083183807,-0.07615987760598131,3.205997114682014,3.0005461764168433
0.8,0.7,0.4,1.0,0.5,0.1,-0.15746024298154992,1.0540384578357578,0.8646903059681681,3.541572039459528,3.4145173989427042
0.4,0.3,0.0,0.4,0.3,0.1,0.1074191726593144,1.0196205338840747,1.1423777399568895,0.1433545838921021,0.2021703598052011
0.9,0.0,0.5,0.3,0.6,0.9,0.9626950328256578,0.009495145845592384,0.04647521626148799,2.3500823544132907,2.2171684666948503
0.9,0.1,0.6,0.1,0.8,0.6,0.8024826414391855,0.17165914996135884,-0.08829558736024376,3.0743856722941567,2.8813349958260273
0.9,0.0,0.3,0.1,0.2,0.8,0.8689390566080651,0.2612659552358788,-0.006675629449277524,0.9339456089407305,1.0977996452894585
0.3,1.0,0.4,0.4,0.0,0.3,0.27478148271332564,0.9784556657415,0.7320418157608343,1.9971750912628425,1.5771783097011658
0.9,0.8,0.9,0.1,0.9,0.4,0.9602892447209955,0.21173478307159185,0.07374628834882375,3.28796151577047,2.8367279619976964
1.0,0.3,0.1,0.9,0.9,1.0,0.3459221476404635,0.6605187110805365,0.44881387301734293,3.7787177096158153,3.4432043359780757
0.9,0.5,0.2,0.5,0.3,0.0,0.05492244717255601,0.8631289798992036,0.8142803280599377,2.8706659617652983,2.7013866965442976
0.5,0.5,0.3,0.7,0.2,0.8,0.853213186396508,0.08335575190310539,0.14358143568914764,2.1501797987769207,1.9568339607349998
0.1,0.3,0.7,0.5,0.2,0.2,0.08635317889566785,1.0616215652499834,0.883802999741955,0.22007457494573635,0.08774844852413052
0.5,0.7,0.6,1.0,0.5,0.6,0.2931707418361813,0.8997178148566771,0.506167272807988,3.1115348438082413,2.889512095302072
0.8,0.9,0.8,1.0,1.0,0.4,0.3704125954940988,0.6494613883276952,0.5932212905440462,5.699679687207732,5.725096535047491
0.3,0.1,1.0,0.9,0.9,1.0,0.8590000586593669,-0.1598961997010636,0.04618227460206174,4.237063259393975,3.9487042473384357
0.1,1.0,0.7,0.7,0.3,0.9,0.8269152473100285,-0.03497846095258664,0.015663842415890413,2.535369007462005,2.6418558612253906
0.7,0.9,0.2,0.8,0.1,0.6,0.8264414293389966,0.015481303289657397,-0.09897153178426604,3.2903343152725877,3.0017754887229016
0.8,0.0,0.0,0.9,0.2,0.9,0.23482599800744025,0.9285716367806698,0.8507159487192477,2.737688736021518,2.3376095268901915
0.5,0.6,0.9,0.1,0.3,0.0,0.8069661030340757,0.01567873334896981,-0.08407288170840181,1.9725162723267617,1.7799938740578423
0.3,0.2,0.3,0.8,1.0,0.3,0.6401455497488878,0.4869665003919186,0.30238638287482533,2.6857475419343433,2.3598936575595406
0.5,0.0,0.5,0.1,0.1,0.2,0.17709928028175845,1.0239678330668587,0.9810143967893538,0.42703721734408323,0.45720554504083977
0.5,0.5,0.0,0.8,0.9,0.5,0.2106279822879893,0.7389897776818174,0.6649779252632085,3.693671959718487,3.4554898923224755
0.1,0.9,0.8,0.1,1.0,1.0,0.9141199386526315,0.1431129029342998,0.08362520504486864,3.160910694783075,2.8732579958317532
0.6,0.7,0.2,0.9,0.3,0.8,0.9672122464640873,0.11167464434280788,-0.008419202392170597,1.9502108378678837,1.8576425096698468
0.0,0.5,0.2,0.5,1.0,0.4,0.4892019624785452,0.6968814189081995,0.5663019977447512,2.5233176631305327,2.575253576554132
0.4,0.0,0.7,0.3,0.6,0.8,0.9769748027978442,0.09581800345522001,-0.10378219530666577,1.2514025384483731,1.3457345682287811
0.1,0.3,0.0,0.2,0.4,0.8,0.9289157220674398,0.06228605718416346,0.21381399577527943,0.3307529287029407,-0.11991070313018698
1.0,0.6,0.4,0.4,0.2,0.7,0.8170820218815131,0.5073996556969271,0.24552599230263916,2.4143024888099798,2.138139425585192
0.0,1.0,0.3,0.9,0.5,0.9,0.9800948333666653,0.2746284518754776,0.10729709346614738,3.585316069375801,3.5144983638285563
0.4,1.0,0.9,0.3,0.7,0.1,0.9526016714952166,0.14466393584579795,-0.06067141488981307,3.771948457886759,3.504206997982479
0.1,0.2,0.4,0.1,0.6,0.9,1.0681032389222025,0.05991711554043506,-0.023062542766125838,0.9253009804596621,0.9660229335701247
0.6,0.6,0.7,0.0,1.0,0.5,0.8549290622419933,0.054536637424566874,-0.004341235998695407,2.4185345320339184,2.318477583808566
0.8,0.7,1.0,0.5,0.5,0.8,0.8987185051289919,0.2741512496845295,0.33851454123120645,2.359359964759402,2.180294621684973
0.2,0.5,0.4,0.2,0.5,0.3,1.1143258347230396,0.21060987382967394,-0.1724818137054559,1.5063588179649041,1.6186136795728263
0.5,0.3,0.3,0.3,0.6,0.3,0.8488550101082561,0.23114416098398524,0.15864826468147653,0.7942768328344751,0.6542610578179325
0.6,0.2,0.0,0.5,0.4,0.7,0.7218160544635911,-0.09699861064597731,-0.005326151790032499,1.426465681449468,1.2220965351899697
0.2,1.0,0.8,0.4,0.6,0.1,0.9752872218527561,-0.08836063442152683,-0.07426127306446993,3.3182731530753737,3.221704151471971
0.0,0.2,0.1,0.4,0.1,0.6,0.014097134336117357,1.0053412725166144,0.9110188622259164,0.3078699671002282,0.13332160071744475
0.2,0.6,0.7,0.7,0.8,0.3,0.4987958773880682,0.4896488439827404,0.33476144188077134,2.8627138598055764,2.888266919955468
0.9,0.6,0.8,0.9,0.2,0.2,-0.08254028668877582,0.9064761190280526,1.0041644086415233,3.9150373397898974,3.5020338874858585
0.0,1.0,1.0,0.4,0.6,0.7,0.9117964748915973,0.18071008047587778,-0.24819458535228642,3.5333644414708245,3.0263135263785763
0.1,0.3,0.8,0.6,0.6,0.4,0.30663480690653194,0.8101360272204265,0.6952595060499914,1.4192118593961922,1.370985530984308
0.1,0.4,0.2,0.9,0.8,0.7,0.8245148546611986,-0.07413424837808837,-0.010253414933797453,2.901092715926826,2.751559695817965
0.6,0.7,0.8,0.2,0.2,0.2,0.8934138254771571,0.42679513782762585,0.28727471757865647,1.0898308523202926,0.6815012580832827
0.5,0.5,0.6,0.6,0.7,0.7,0.8983694090002043,0.07833270233654172,0.05997383496316749,3.03618692271799,2.68558745287859
0.6,0.9,1.0,0.3,0.2,0.3,-0.11673225736444402,1.0640641975653045,1.0187690030132703,2.66882987287789,2.4430129469037096
0.6,0.3,0.8,0.0,0.0,0.5,1.1019048967201668,0.1606994288136359,-0.06445367653382549,0.34383351381236904,0.05250782275383929
0.6,0.7,0.2,0.4,0.0,0.6,1.0364843438303684,-0.031320498035783545,0.08149465597825563,0.7383545012361105,0.2774983232227727
0.3,0.1,0.5,0.4,0.9,0.2,0.2905938745284424,0.8642390060269699,0.667888558623819,2.2260981824058943,1.9904541436268441
1.0,1.0,0.8,0.0,0.1,0.3,-0.21907545635263884,0.9520481451941201,0.85410995344453,3.662668659876463,3.3477901874576426
0.8,0.8,0.0,0.7,1.0,1.0,0.9220293885525661,-0.029864597561833295,0.05281326371238711,3.395223013439615,3.2069674468405394
0.5,1.0,0.0,0.2,0.7,0.0,0.9034894890572273,0.08171784135240609,0.005248024973908724,3.4453540219663656,3.1957688704718143
0.7,0.0,0.5,0.1,0.2,0.4,0.020850792473813447,0.9840393813402619,0.8515658765183161,0.7437832436707039,0.5873137262580785
0.9,0.5,0.2,0.7,0.8,0.7,0.9026370676709624,0.13436613892082885,-0.03687638796832303,4.126304481463473,3.841829766649066
0.4,0.7,1.0,0.4,0.0,0.1,-0.051927683263775164,0.9939758470578898,0.7879633487923952,1.2178751055471946,0.964175966274101
0.2,0.9,0.7,0.5,0.9,0.7,0.964455246756578,0.08949197156047503,-0.05301753066714174,3.3318487873336053,3.1264165687954115
1.0,0.6,0.5,1.0,0.9,0.9,0.4839969237431868,0.751890146830904,0.6565224451841645,5.536932679539637,5.287657245648372
0.6,0.8,0.5,0.4,0.3,0.0,0.18046485787341307,0.9395553373760869,0.9951648800731548,1.3826010783055327,1.2442739740354556
0.8,0.3,0.4,0.0,0.6,0.2,0.9986708797409888,0.09934729394353638,-0.10462224094214019,1.545128873122138,1.114727737866622
0.2,0.2,0.4,0.3,0.5,0.0,0.9370938427685662,0.10694587018755407,0.08958743906204424,1.201529895480836,1.003216724379627
0.6,0.6,0.0,0.5,0.7,0.7,0.9345864554272656,0.11595481458644297,-0.03801016741224948,2.4608397827233737,2.4045743167743225
0.6,0.5,0.9,0.4,0.1,0.5,0.44157774243249975,0.6524927469476203,0.4335680462020049,1.8670978908553197,1.7247409606820738
0.9,0.4,0.8,0.8,0.4,0.9,0.5631339322294291,0.41547553503592516,0.14337727008300477,2.9076884037561372,2.6868003129071716
0.6,0.7,0.5,0.7,0.0,1.0,0.389506659172938,0.5462709530232821,0.5550672071041688,1.2717495667096013,1.0470174618207075
0.7,1.0,0.8,0.6,0.4,0.9,0.9453225804248306,-0.09205883733727438,0.10337888792285976,3.4843032012080584,3.1418944388413808
0.9,0.4,0.5,0.5,0.9,0.4,0.14856229006978433,1.079459469814926,0.9292512838473819,2.849023361494808,2.460064898877746
0.7,0.8,0.8,0.7,0.5,0.3,0.2627681884190818,0.7551116532717312,0.4337581100370663,2.892878200726952,2.7324986939819835
0.4,0.4,0.7,0.1,0.0,0.2,0.06122797252913449,1.119936660301473,0.7794631242205942,0.5685306462933213,0.40959926405636726
0.3,0.5,0.0,0.0,0.5,0.7,0.8808288957030044,0.17584901838351824,-0.03610577239151227,1.5874884513524796,1.392773927369069
0.2,0.6,0.0,0.3,0.9,1.0,0.8109898950637451,-0.04734270651074508,0.23250443779601568,2.169527699940894,1.975719146295915
0.4,0.6,0.5,0.7,0.3,0.4,0.09278443602486305,0.8583068559097956,0.8389257377670731,1.9490068743763707,1.6955486314625907
1.0,0.3,0.1,0.1,0.1,1.0,0.7141313755006343,0.30760233141181526,0.30091374500080637,1.004427706917784,0.8893748573427233
0.1,0.0,0.6,0.7,1.0,0.6,0.31252395092176405,0.6000437921998117,0.378184486435525,2.070348062755982,2.002422672669342
0.4,0.7,1.0,0.3,0.2,0.4,0.32168891487335677,0.8304283296181642,0.8016759536670179,0.9234953362322018,0.8562484806166146
0.9,1.0,0.8,0.9,0.5,0.1,0.13691946465300373,1.1530613301332309,0.9626777272937498,5.1874985029160605,5.115061374457334
1.0,0.8,0.1,0.0,0.9,1.0,0.9709509843281524,0.14747130298706823,0.010007124094344769,3.161722629286895,2.991725924414239
0.8,1.0,0.4,0.8,0.0,0.6,-0.03833145540003019,0.7397178603190316,0.7860821383188371,3.4167001543304685,3.412852894989051
0.4,0.6,0.0,0.8,1.0,0.5,0.6593801117142218,0.38073223323357197,0.29428842550056555,3.3195839466774664,3.1371284494886416
0.3,0.8,0.9,1.0,0.7,0.7,0.9949678118601866,0.0070157508135251095,-0.02077248967390992,3.9358306919336687,3.6765076351221806
0.8,0.9,0.2,0.5,0.4,0.9,0.8277918942811402,-0.028911775121061245,0.09568488805817088,2.9575867050877256,2.772812854148158
1.0,0.8,0.6,0.9,0.5,0.4,0.00979634395004362,1.2200178341845793,0.9401951729426077,4.287463555894553,3.937566501218126
0.8,1.0,0.5,0.1,0.0,0.7,0.7790556112464974,0.18279996554488456,0.02290202899726204,2.3518474711363537,2.163160749699633
0.0,0.4,0.0,0.5,0.4,0.7,0.45049894975933086,0.6871634404309854,0.6370671939788842,0.759242006529122,0.5173166393973267
0.1,0.1,0.0,0.3,1.0,0.1,0.05187421988748417,0.7221620143374032,0.7878950626174561,2.311448256961855,2.151328862375379
0.0,0.3,0.1,0.6,0.1,0.9,0.02183999050507665,0.840601523088585,0.6098031542557272,0.2545215402963621,0.17890600229433307
0.5,0.5,0.6,0.4,0.9,0.2,0.003895203268273818,0.9338609050591209,0.8368043792462612,2.912480020585068,2.5285999608561753
0.2,0.8,0.1,0.1,0.2,0.5,0.9653784685654201,0.20234241702039027,-0.08157440653555982,0.7085741895171487,0.36777909163704325
1.0,0.1,0.5,0.7,0.3,0.0,-0.14956234295739632,1.1157257720939024,0.9753982605339765,3.2602332963263905,3.2043321547092085
0.6,0.1,0.6,0.1,0.7,0.1,0.32333390409141705,0.5240159098316942,0.4638522978449384,2.2994471402865306,2.3621537127633294
0.7,0.5,0.6,1.0,0.8,0.1,0.013198164658520785,0.8843840571444204,0.9608039147901754,4.901760980949574,4.764580343592552
0.4,1.0,0.4,1.0,0.2,0.7,0.7977580869840604,0.2874800664869545,0.12402610118254238,3.6813926298616386,3.441512169526522
0.3,0.8,0.0,0.8,0.7,0.8,0.7429764299218161,0.16515692139203747,0.20531296465406856,2.6373540883547517,2.5314426821653893
0.2,0.9,0.9,0.6,0.7,0.6,0.8967255924540434,0.07415983856146044,-0.09957302020214298,3.6356822411346714,3.401633225249973
0.2,0.4,0.7,0.3,1.0,0.7,1.046763493884666,0.14924781684430374,0.13398669065869212,1.5009590605208165,1.319225154696652
0.2,0.8,0.1,0.9,0.0,0.4,0.07123758051648608,0.9447122501424365,0.7782860156731619,1.9714985568110261,1.9653058158405885
0.4,0.7,0.7,0.3,0.9,0.6,0.9308883584169243,0.08088588293133354,0.16588986163851976,1.7231123806118618,1.6831950498862374
0.5,0.7,0.1,0.1,0.0,0.7,0.8775138761629824,0.12300641305969054,0.008776919315763727,0.2636635923076752,-0.03339429348545231
0.2,0.5,0.7,0.3,0.0,0.9,0.9317042092620113,0.18770695608787688,0.09717773501395298,1.322454278252868,1.1014769040720058
0.8,0.1,0.2,0.4,0.2,0.3,0.17382233815463502,0.8357845337032659,0.8226120416291693,1.76188414409618,1.6510049656073713
0.1,0.8,0.7,0.4,0.0,0.9,0.9301091875545743,0.010923449209168809,-0.15028716746251222,0.8999525084896738,0.6182736875980819
0.7,0.3,0.9,0.2,0.6,0.2,0.9387070849086567,-0.006217806110495966,-0.019160645250853883,1.6484449161611157,1.5317994510457644
0.6,0.1,0.4,0.3,1.0,0.3,0.49976881568483017,0.543922588096039,0.46623413195352204,2.6457552587300093,2.2017655810994707
0.4,0.0,0.6,0.8,0.9,0.7,0.9282160447422966,0.12760948025403784,-0.14988633125865491,2.5007107120506964,2.466598245643343
0.0,0.8,0.8,0.6,0.9,1.0,0.8724223596515553,0.05427043064826602,0.07748656564859274,2.3338476422100487,2.3279798356457517
0.1,0.9,0.5,0.3,0.8,0.8,0.7835139394664871,0.014679031916146834,0.050561409619717224,2.712024119628468,2.5021492565097945
0.3,1.0,1.0,1.0,0.7,0.9,0.8570776776835014,0.14511913104104154,-0.10762992761011739,5.535217972698083,5.109566910269873
0.5,0.5,0.5,0.8,0.2,0.1,0.13433609664308385,0.9583610549882048,0.7606964624772081,2.617034031252247,2.260443672271231
0.7,0.1,0.0,1.0,0.0,0.9,0.19940184930319446,0.9120410507493615,0.9314692194078114,3.3765335063692836,3.2383724353606866
1.0,0.5,0.5,0.1,1.0,0.6,0.7978731471048615,0.15546568721731488,0.10024930245257607,3.7822617108663024,3.2061416407029006
0.4,0.2,0.0,0.6,0.1,0.2,-0.037361193169896834,1.1344310613820816,1.0074495342975267,1.0762099600234878,0.8283566914202007
0.4,0.3,0.8,0.1,0.2,0.9,0.8780679084867387,0.21972442289938465,0.06813292467313732,0.210375900738355,-0.15546070614783095
1.0,0.5,0.8,0.2,1.0,1.0,1.1262750368674899,0.10465268540728523,-0.059823062494135375,4.0573032383833505,3.9388825795252504
0.2,0.1,0.9,0.0,0.3,1.0,0.8465211380189682,0.06566241754199109,0.014144836368085712,1.4606234645860912,1.1999170930249317
0.3,0.8,0.6,0.4,0.6,0.8,0.927628126657835,-0.012755326088644187,-0.056135927648485365,1.767017734924902,1.6507421328262721
0.2,0.5,0.7,0.6,0.1,1.0,0.9518510865185704,0.10143319013563595,-0.08290733046404689,1.9662863990914718,1.6635806882998325
0.2,0.7,0.3,0.8,0.4,0.7,0.967985893202345,0.11564386366242096,-0.023240865509970433,1.5328905844423493,1.1491191767153246
0.5,0.7,0.6,0.5,0.8,0.5,0.7271048780350227,0.198069717163842,0.1654406427463576,1.9480780872885801,1.7616476202278188
0.2,0.3,0.5,0.6,1.0,0.3,-0.030060516360631995,1.0886203554956309,0.978907130912879,1.3296355390275747,1.0931342157199682
0.2,0.1,0.7,0.7,0.3,1.0,0.8321266963170428,0.024227450459103128,-0.06902181574183114,1.8389573873265648,1.7461303233853374
0.5,0.1,0.3,0.4,0.6,0.3,0.39033498881835077,0.8089838529198159,0.5686664366841201,2.1105156095578557,1.7788182268460067
0.8,0.2,0.2,0.1,0.0,0.5,0.7327417296000875,-0.026593391610641726,0.13904883091667516,0.8667522684850204,0.7951356907859986
0.6,0.7,1.0,0.3,0.0,0.2,-0.09195453145226097,1.1101744689054578,0.7225217441654755,1.282306919990269,1.228030173375517
0.0,1.0,0.3,1.0,0.0,1.0,0.31783431839617665,0.6256256955949442,0.6863736170265382,3.5673672000456285,3.3228333551750437
0.1,0.4,0.0,0.4,0.8,0.9,0.8781140573093283,0.1317290234678171,-0.027977912379513633,1.386445936076821,1.1547321716164554
0.3,0.4,1.0,0.0,0.0,0.7,1.0440177520673761,0.05161810669482114,0.11256040654071918,0.6998724071849098,0.6010958458336713
0.2,0.7,0.9,0.7,0.8,0.7,0.8321574974620158,0.05218726755679029,0.0354446769848121,2.5549053326521762,2.407040703253045
0.9,0.0,0.6,0.5,0.6,1.0,0.4148528999353667,0.4156792762455602,0.5020716804972299,2.5161022228049625,2.3521776963314873
0.8,0.7,1.0,0.7,0.9,0.3,-0.021589502967121893,0.8956071457449313,0.8519967908044787,3.732924811969456,3.3927453877403897
1.0,0.0,0.2,0.0,1.0,1.0,0.920102420817301,0.21832990417955836,-0.20140790362671768,2.78831128680691,2.358968363473708
0.5,0.3,0.1,0.8,0.2,0.0,-0.046760804988715036,0.8874694053762818,0.8662801594331225,1.2676406964239557,1.2587133888160955
0.1,0.5,0.3,1.0,0.2,0.3,-0.15347468117812857,1.0354934716920896,0.8603337863495403,3.0887805157201234,2.7225136324235755
0.4,0.1,0.2,0.4,0.6,0.1,0.6163207930824992,0.14619096780798907,-0.02835476980238283,2.2095346391350166,2.118030248479258
0.2,0.6,0.4,0.4,0.3,0.6,0.9813164599555836,0.10158484278777272,-0.004332380182458165,1.0340682614614227,0.8706892646850852
0.4,0.2,0.4,1.0,1.0,1.0,0.9271016636053234,0.02555574947158963,0.028833502774094546,3.747932801029431,3.3704936417935936
0.8,1.0,0.6,0.0,0.6,0.3,0.8553678489794476,0.36562561227822565,0.20024563951426852,3.2764400639459126,3.3913835687114973
0.8,0.4,0.8,0.2,0.9,0.1,0.7827493981838887,0.05836419743069875,-0.05368719701781547,2.658013832624824,2.346760685626256
0.5,0.4,0.2,0.9,0.7,0.5,0.6239884104689162,0.38198522849487115,0.20323234358471098,3.002206460417102,2.6986006203470003
0.6,0.6,0.1,0.4,0.5,0.1,0.31986219428969165,0.4443726511770726,0.2896147779349395,2.266854615185191,2.015317702782712
0.5,0.5,0.1,1.0,1.0,0.2,0.07935029118800922,1.1635130640998346,0.8139683510638827,4.685954521969203,4.417107188176287
0.0,0.7,0.4,0.6,0.4,0.9,1.0220118889486618,0.06176786355602532,-0.06582442326994177,1.0943918398546368,0.6352847242008652
0.5,0.3,0.0,0.1,0.8,0.0,0.960009771138445,0.06226633724887328,0.10411612871722159,1.3688741780562177,1.1476568553854902
0.1,0.1,0.3,0.3,0.4,0.2,0.13318353582188744,0.8608581892122182,0.6813052888357222,1.0943926399481048,0.7562819526560873
0.7,0.3,0.7,0.3,0.7,0.9,1.0036738845091986,0.11404199624255384,0.042943400030736635,1.5546113649624134,1.4787560439318153
0.3,0.6,0.4,0.7,0.7,0.3,0.8241080642995082,0.30362021156288704,0.34309732450211883,2.719933204978161,2.5037389920209603
0.4,0.9,0.7,0.3,0.1,0.2,0.14580721084139722,0.9703692303094794,0.9870574155499279,2.0604332737959523,1.855666611781594
0.1,0.7,0.6,0.6,0.9,0.6,0.8290696102953844,0.014038372809577607,0.05471676728435409,1.8232483692051655,1.921264655855513
0.1,1.0,0.1,1.0,1.0,1.0,0.8153031475614633,0.2377486237227683,0.11613994241587851,4.9385795002388315,4.540972033712414
0.1,0.0,0.0,0.1,0.6,0.2,0.10692297700427923,0.7107440068027415,0.6389249263847232,1.0419753242279162,1.1438748130050163
0.7,0.3,0.5,0.1,0.7,0.1,1.0216922166306126,0.2418450864124396,0.08016467189589262,1.5278528003727285,1.283671240004134
0.4,0.6,0.3,0.4,0.1,1.0,1.1071451405711914,0.04085229687376279,0.29470093760080646,1.1153301333356018,1.0345207508423953
0.2,0.6,0.0,0.4,0.8,0.2,0.8362178901076015,0.15939130285829517,0.10190164876669688,2.3784277185608125,1.9485190244080932
0.1,0.2,0.6,0.6,0.9,0.1,0.033631412185690365,0.858653299299421,1.023397429225299,2.223697204840325,1.9202383517406505
0.6,0.2,0.6,0.4,0.2,0.8,0.5842376635109522,0.2864438857983289,0.17529130350598374,0.9829942408172396,0.7441366726825891
0.3,0.1,0.9,0.3,0.8,0.4,0.9538177452236754,0.06078539537840372,-0.07516683251309078,2.5502371683507663,2.397546846959523
0.1,0.3,0.6,0.0,0.3,0.0,0.2120603899278255,0.6677915225089807,0.6430915575855422,0.07220566218739569,-0.062310392692238786
0.4,0.9,0.4,1.0,1.0,0.6,0.8928263749538394,0.07859846208377438,-0.04841186316562285,4.6810512321174516,4.5404062159147776
0.1,0.7,0.1,1.0,0.4,0.4,0.042119625989845734,1.0583454891694377,1.0993007123941283,2.435279284277107,2.1859565573228026
0.0,0.4,0.7,0.4,0.8,0.8,0.9731086581467127,0.09772047121804993,-0.16656110047274827,1.6236396622591407,1.5316098815887749
0.3,0.8,0.7,0.5,0.8,1.0,0.9439049297547376,0.19634219794232055,0.03229528270079154,2.3426468751896428,2.1146288794415633
0.1,0.6,0.6,0.8,0.8,0.0,-0.08618454791506089,0.9190373243249753,0.717032194910207,3.5068154701265914,3.158137767529062
0.8,0.3,0.6,0.6,0.7,0.9,0.947659937728287,0.002772168071958528,-0.1044436963870352,2.153383475827352,1.8905607728196214
0.1,0.2,0.9,0.8,0.5,0.1,0.06473126300886622,0.9896279325630378,0.9242976503872612,2.679378981684339,2.5129149955121326
0.6,0.1,0.0,0.9,0.6,0.2,-0.19232488517439228,1.212144273177342,0.8500324984931903,3.855465103831104,3.634077846228598
0.3,0.5,0.2,0.2,0.4,0.9,1.0306333209877607,0.04220950619565383,-0.07922935480260695,1.4139741916506308,1.0075830550555338
0.9,0.8,0.7,0.7,0.5,0.5,0.014893096728388741,1.0993640142386263,0.865720713177826,3.256086871167721,2.9475346573698835
0.5,0.3,0.4,0.0,1.0,0.2,0.9859219505043308,0.06602167945421494,0.029629714118353048,1.1534738135040181,0.8842523585471359
0.6,0.1,0.5,0.7,0.2,0.8,-0.09041918442822733,1.0232745139006705,0.899437495534638,2.2187064952297977,1.6363856586545134
0.1,0.6,1.0,0.8,0.5,0.8,0.8795557329980588,0.3246329231740806,-0.08688232654503969,3.024830432352124,2.763543764162889
0.3,0.8,0.0,0.5,0.1,0.8,0.9051174966693996,0.1367091627569546,0.17706613364577084,0.8563452686961496,0.7724167654501451
0.8,0.3,0.7,0.9,0.9,0.7,0.8847256641607605,0.12082722963605935,-0.07802989478724422,3.215070236551324,3.063042607557089
0.8,0.0,0.9,0.3,0.8,0.3,0.49253851784028374,0.49171271974588304,0.39409122207104574,2.5745512145680727,2.3747172113372037
0.9,1.0,0.0,0.4,0.0,0.3,-0.22388129504078985,0.7685437919220226,0.8929697775588193,3.146761980065849,2.6750268324235567
0.9,0.4,0.1,0.6,0.9,0.3,0.01014265885413044,1.0808046905236826,0.952381235009357,2.987115848407447,2.938461451791292
0.8,0.0,0.4,1.0,0.6,0.1,0.02752047280071543,1.0097968911139628,0.960429727230231,4.110739965310681,3.739204505041118
1.0,0.3,0.2,0.0,0.9,0.3,0.4931304116362668,0.45654068135740267,0.4731257494292345,2.2580738139070786,2.069865049128804
0.2,1.0,0.1,0.7,0.0,0.0,0.11217414063742698,0.9215252612724496,1.0264831966308794,2.828760179599665,2.629083436223193
0.9,0.5,0.9,0.3,1.0,0.7,0.9674987852146549,0.12806955502608464,0.1308492766061378,3.7595729066807673,3.700852297350966
0.8,1.0,0.2,0.3,0.4,0.3,0.6005743235591142,0.31856671551103444,0.1462039671058072,2.861449281253744,2.590732316343196
0.1,0.0,0.4,0.6,0.6,0.3,0.10205804162332366,1.1193260484787422,1.0188493787472936,1.5530581358935995,1.1632560288204337
0.8,0.6,0.7,0.1,0.6,0.4,0.8971649695894542,0.13305821729742387,0.13062367431787847,2.7689959016644154,2.444730883825753
0.3,0.6,0.9,0.9,0.3,0.3,-0.062422376923696454,1.1680953162323333,0.8667188549505286,2.7094679057910995,2.7994916750100347
0.2,0.0,0.1,1.0,1.0,0.0,0.4453915724462143,0.5028416001374616,0.5974230641547569,3.657203169566896,3.363341076597192
0.6,0.1,0.2,0.4,0.0,0.2,-0.1391641633343215,0.9130243637488256,0.8650662569873447,1.335624137412653,1.1732109450892407
0.3,0.5,0.5,0.8,0.3,0.3,0.04060888041682991,0.9088879114266779,0.8337446862841879,2.2486150764161854,2.2167538721998152
0.3,0.4,0.8,0.5,0.1,1.0,0.8631585144291978,-0.08581210298614646,-0.02880652402103759,0.8393675725232911,0.6972252959465278
0.5,0.1,0.7,0.3,0.1,0.0,-0.09826145469035924,1.060318316534711,0.9849973649100605,1.8349117271753026,1.4352397618047852
0.9,0.3,0.4,0.0,0.8,0.0,0.9195616811059889,0.09432189982846305,0.028432726485013295,2.2570468886194384,1.9612421850349486
0.7,0.3,0.3,0.1,0.2,0.9,0.7861442411203012,0.14771557167756294,-0.15135619329843475,0.23109210842323533,0.10084569109466968
0.1,0.9,0.0,0.6,0.3,0.0,-0.03263655531571107,0.9724309260213417,0.8699045970120814,2.4803514440488903,2.2543198900630967
0.8,0.8,0.6,0.3,0.3,0.4,-0.005389110240390274,0.8693349007854114,0.8110531132425414,1.5790447538976757,1.2084378671928988
1.0,0.0,0.6,0.6,0.9,0.9,0.2791922028440019,0.8080971486219308,0.7725393740120096,3.340523720903403,3.19863455749608
0.0,0.3,0.5,0.4,0.6,1.0,0.7884680464086372,0.41325403207396677,0.05546926529086882,0.8108221294417578,0.43626120439162563
1.0,1.0,0.1,0.8,0.8,0.2,0.05967108876859183,0.9647624081260074,0.7647941090299232,5.549321457577256,5.326712942449286
0.0,0.5,0.1,0.8,0.1,0.1,0.09279088718324242,0.8718673266637362,0.877486758410673,2.298114691346381,2.043042575176874
0.9,0.4,0.3,0.1,0.5,0.8,0.8351423535985241,0.1614188490003751,-0.1054776651388285,1.8533780585439283,1.5896483894831226
0.7,1.0,0.6,0.5,0.3,0.7,0.8425590895171845,0.11203887080839317,0.08702174693245543,2.8363892574658087,2.5291695535585537
0.3,1.0,0.8,1.0,1.0,0.1,0.8974937762738896,0.022868692941491284,0.022458516527981018,5.426905159224441,5.309990446905153
0.6,0.8,0.1,0.7,0.1,0.5,-0.031224595915569947,0.9907635264802176,0.8765198132606151,1.7036954735245615,1.4382806480961663
0.1,0.3,0.7,0.3,0.3,0.2,0.2849584547814281,0.8658336852480895,1.13874538543881,0.20246248954930923,-0.13150069800437367
0.4,0.2,1.0,0.7,0.2,0.3,-0.07953180780826052,0.9153523455390131,0.8988817182793785,1.925585160919095,1.799097510421996
0.1,0.8,1.0,0.9,0.3,0.4,-0.1556849972375658,1.0135362743805438,1.0833881001454475,2.6179362865887312,2.394410544974869
0.6,1.0,0.0,0.9,0.8,0.5,0.48062435685073934,0.5157029547476368,0.6023952069956209,4.738118772479041,4.376203024703234
0.8,0.0,0.7,0.4,0.6,0.6,0.8938567187904218,0.10179954157720325,-0.021027565999553487,2.24391918533651,2.129269390207436
0.2,0.4,0.2,0.2,0.7,0.1,0.677931406801817,0.19828739144103005,0.11889398234514743,1.5999722842002382,1.1603739759979304
0.8,0.4,0.0,0.0,0.1,0.4,0.10390256467334963,0.6582481601107009,0.7886379537031881,1.1120637958924968,0.7309424764650909
0.2,0.5,1.0,0.1,0.1,0.1,0.08810288036503339,0.9005394041449513,0.7328276087024634,1.6690582468486208,1.5266126247172787
1.0,0.2,0.0,0.4,0.0,0.3,-0.08650995461751788,1.1239309487826663,1.0518854343488155,1.87027281187994,1.8076493547587396
0.1,0.0,0.7,0.2,0.3,0.5,0.5500306949988345,0.5938654471713749,0.589855350146903,0.46398369143095086,0.31447313290669343
1.0,0.2,0.8,0.7,0.6,0.5,0.03155183716935931,1.1638278924560939,0.8803743076222228,3.7202535768916416,3.654026935496584
0.5,0.7,0.7,0.0,0.8,0.1,0.947018445358992,0.10130218531672859,0.07180420760197849,1.949302473083029,1.7284778210588319
0.3,0.6,0.6,0.0,0.2,0.9,0.938836290927715,0.12611760709553696,0.18110933481312202,0.9605332109358599,0.7694581471070506
0.8,0.4,0.6,0.9,0.0,0.8,0.04257525260356416,1.2300984568756728,0.8084516328503126,2.5294801117075214,2.1912662167361416
0.2,0.2,0.0,0.3,0.8,0.6,0.9178878928019342,-0.05882617274982767,0.19239816030439083,1.5495299654732337,1.4251461223833193
0.5,1.0,0.7,0.5,1.0,0.1,0.7377866625173222,0.44368102169723,0.20720046202750364,3.8044571639843405,3.553709350111059
0.9,1.0,0.5,0.9,0.5,0.1,-0.041370396010967744,0.8750838110950198,0.8753192008594383,5.102442530971095,4.890282183499399
0.0,0.5,0.8,0.2,0.8,0.1,0.5324098097570324,0.42417832684134993,0.1851490501675005,2.631937723544292,2.50280891039867
0.7,0.8,0.4,0.3,0.5,0.6,0.7472078857191414,0.09845713847468081,-0.054505460450233884,1.7268425101979177,1.5812953867661261
0.5,0.6,0.3,0.5,0.2,0.3,0.10363892410821171,0.817164793947254,0.9068649153518697,1.4704961641783605,1.3988898686108926
0.6,0.1,1.0,0.0,0.4,1.0,0.7445314302387416,0.008500155700182269,0.019876484498488937,1.9346763854211282,1.7243863107636053
0.5,0.7,0.8,0.1,0.1,0.4,0.9139288976808525,0.22700847648455857,0.058364046398836314,0.7273326029031717,0.4885898228200454
0.3,0.9,0.1,1.0,0.7,0.6,0.9034477161425466,0.13407667605636567,-0.08389859529122408,4.669809741455252,4.507584396657519
0.9,0.5,0.5,0.5,0.1,0.2,0.0998509807999013,1.1614861773468557,0.7584068854195749,2.56254248777354,2.3528641508525485
0.7,0.2,0.1,1.0,0.5,0.2,-0.1803512957188948,1.0454913690272358,0.7095223647102002,3.5267631676838453,3.6386230778349407
0.2,0.4,0.7,0.9,0.8,0.6,0.9917037090551954,0.19675456888622775,-0.15322341677079057,2.997234772549339,2.6769890897275443
0.2,0.9,0.8,1.0,0.1,0.7,0.8899332415965332,0.07422046289677921,-0.023457924677405623,3.9965968862683594,3.6045577217139013
0.9,0.6,0.1,0.7,0.4,0.1,0.019272809514366954,0.7522298819301639,0.6941205462736831,3.0173388294919947,2.9778421159937127
0.8,0.3,0.0,0.8,0.2,0.0,-0.11761875385963119,1.0035740485836824,1.0568561493153636,1.8748005190569936,1.8898790864461579
0.1,0.6,0.7,0.4,0.2,1.0,0.8645431033095881,0.1330982772874859,-0.05967519637737752,1.39345184332347,1.0367856870175638
0.9,0.1,0.6,0.4,1.0,0.4,-0.007493711388158898,1.1275391150804193,0.9327914606188988,3.4721943352164306,3.270498228952339
0.6,0.4,0.0,0.5,0.3,0.7,1.0074254450271918,0.13326956821967734,0.05993828269351941,0.9998460255952252,0.8977227505098565
0.6,0.8,0.1,0.6,0.9,0.0,0.8416806032187105,0.07082343499386615,0.2501849024944988,3.031921538352155,2.7000526704953702
0.2,0.6,1.0,0.4,0.5,1.0,0.9341791611473185,0.10264002112946718,-0.16686622651314964,2.287990391913654,1.824853922685472
0.1,1.0,1.0,1.0,1.0,0.0,-0.1896234565326906,1.001312899932847,1.035110936111819,5.630247713492739,5.3789784006453445
0.4,0.7,0.6,0.6,0.1,0.0,0.04666198711876412,0.9871947789477921,0.8514866423096477,1.2369746441975558,0.9093227414372995
0.6,0.9,0.0,0.4,0.0,0.0,0.032994605467797644,1.1336970138504054,0.9311759411572377,2.543403599944458,2.369938190480683
0.3,0.3,0.7,0.7,0.4,0.7,1.0358006536516053,-0.0114205012029054,-0.1976206174289958,1.0844021334915157,0.6869463404152171
0.1,0.1,0.8,0.7,0.3,0.7,0.7294523215721821,0.24466782881850946,0.34470877417432294,1.92383017846327,1.632060056830723
0.6,1.0,0.0,0.3,0.2,0.0,0.06724807664926324,0.746966424831962,0.5012376921707714,2.452934891738712,2.356741733154446
0.1,0.5,0.6,0.7,0.1,0.9,-0.05051269083845039,0.8650483420820727,0.7367908633956048,1.7645142812462369,1.7274881688739616
0.8,0.6,0.0,1.0,0.0,0.4,0.1397082406964188,1.0558147710023629,0.9113786302623691,3.8219669531536327,3.485931693252616
0.9,0.8,0.4,0.3,0.6,0.6,0.8422502071315625,0.16383094671707832,-0.14407309800975407,2.4532524546436636,2.338157782592809
0.7,0.7,0.6,0.6,0.6,0.4,-0.02277575539981208,0.7861890211452787,0.7172659939639218,2.117824712233339,2.025940003588005
0.5,0.0,0.5,0.4,0.7,0.8,0.9529961348842569,-0.05172251570265951,-0.05966850295852404,1.5911636311986128,1.5217382191887192
0.3,0.2,0.0,0.4,0.5,0.2,0.25830401434068245,0.896099970617787,0.8161287179299057,1.3218526579504524,0.9886212999887052
0.2,0.3,0.5,0.3,0.1,0.2,0.112789332881465,0.9486208068338041,0.9388104576467351,0.3433554766004329,0.15185320348204112
1.0,0.1,0.9,0.6,1.0,0.5,-0.07571754691565571,0.9785792796410087,0.9738634681357586,4.484615225053315,4.1732143588139
0.5,0.9,0.0,0.4,0.1,0.2,0.01661832762487995,0.9272799241235261,0.8949216738753597,2.1835338383748315,1.9681236579302825
1.0,0.2,0.5,0.7,0.1,0.7,-0.051622137788902046,0.8554497592490667,0.8777191850058531,2.4325431522262897,2.196809210736482
0.0,0.5,0.0,0.4,0.1,0.2,0.00940839932870968,1.0180967804033036,0.9162213450378137,1.3200000936096177,1.0436759643794749
0.0,0.3,0.0,0.5,1.0,0.0,-0.119557372785604,0.9301715156862408,0.9243433981473933,1.568056847002335,1.3612133007245943
0.6,0.9,0.0,0.1,0.2,0.0,0.6067443406511986,0.4401596722790179,0.48922189112345205,2.2268767528794435,2.247768598377099
0.6,0.7,0.7,0.1,0.1,1.0,0.7412611034789494,-0.05984022556279929,0.026039340119283022,0.854775321227652,0.5278166240101424
0.4,1.0,0.4,0.2,0.6,0.3,0.7235077480509277,0.03149010630650499,0.149628492448547,2.6606012804601376,2.4820639567368983
0.3,0.0,0.1,0.3,0.6,0.8,1.1003371313748445,0.21030741441106357,-0.02090185735428853,1.2980033420330745,1.3195760224352813
0.2,0.5,0.9,0.9,0.6,0.0,0.6939002718394776,0.510918413883546,0.3017052171728831,4.24647481753219,4.094745166774355
0.3,0.3,0.8,0.0,0.8,0.5,0.8872961178418763,0.15010585096279921,-0.10876959478238357,1.1098709802184406,0.9495517858559454
0.5,0.7,0.9,0.3,1.0,0.9,0.7859863505797839,0.06313569175777078,-0.14698533789260457,2.2419193494049563,1.8591584558861975
0.1,0.2,0.4,0.6,0.7,0.9,0.8524270875285379,0.10145001480389347,-0.10481574650581874,1.9276000420222628,1.6009135786105715
0.5,0.8,0.6,0.4,0.3,0.4,-0.1413077723101775,0.9340950693091883,0.7943641139525344,1.1568606178236318,0.9670207633760988
0.0,0.7,0.1,0.0,0.0,0.9,0.8056448352074984,-0.0888210299658464,-0.08529556862027526,0.09602062429045888,-0.03668709286343171
0.4,0.5,0.7,0.4,0.8,0.1,0.7790181821547211,0.3109241114555766,-0.015202507379578123,2.850050046318953,2.5426426646701734
0.4,0.9,0.6,0.2,0.5,0.7,0.7367223311611527,0.19282552008829001,-0.06774723095764147,2.2904637762830555,2.1243245276510248
0.8,0.9,1.0,0.1,0.3,0.8,0.9540986860216516,0.01111818853498582,-0.10359182729651975,3.090807239479863,2.9327558100423197
0.4,0.4,0.7,0.5,0.7,0.9,0.869979767154527,0.03201097406327695,0.0987715883233956,2.0423081218139734,1.8145659702118415
0.6,0.1,0.4,0.3,0.3,1.0,0.9253355970640617,0.03245037910956354,-0.12400692228070342,1.4567288932405391,1.1782662369356414
1.0,0.0,0.1,0.8,0.6,0.4,0.08588600431170251,1.0014531525146932,0.8429029215723236,3.5709678241000926,3.5019063066052114
0.8,0.2,0.9,0.8,0.8,0.2,0.22095408510867057,0.9934656554425945,0.8493418020241505,3.9555166172057428,3.6884018642636383
0.6,0.7,0.0,0.8,0.8,0.4,0.12847483684375627,0.7599218570382895,0.8166317751404292,2.7953363262641413,2.5770060871508376
0.7,0.9,0.1,0.9,0.6,0.7,0.8776459653729087,0.2602455262708393,0.008631499319227562,4.539654336954926,4.282498922724708
0.4,0.1,0.6,0.6,0.9,1.0,0.8589926670490802,0.05552190998590727,0.2747121167721533,2.7171122657404982,2.5512968337007376
0.2,0.7,1.0,0.2,0.4,0.0,0.9502765995621194,0.23842120545493933,-0.062329306703050806,1.2567508346651077,1.0059479222814713
0.8,0.2,0.4,0.2,0.2,1.0,1.0450593136730917,0.23609629507592053,-0.2273856610965213,1.1648558865970142,0.9215852538036233
0.1,0.1,0.0,0.7,0.8,0.9,1.0737501287014464,0.03566749532919433,-0.02354163766552909,2.7260371722536236,2.5935838592819875
0.5,0.3,0.8,0.7,0.3,0.8,1.108216603813819,0.05260999255585058,-0.19844049321773166,1.0643030513832008,0.844423386002866
0.5,0.6,1.0,0.4,0.6,0.7,0.9992244047408266,0.16633006702380448,0.03063584720009882,2.7087920329820663,2.4590797237834945
0.8,0.9,0.3,0.9,0.4,0.1,-0.2910127156085431,1.0417519028814273,0.8837184323448435,4.167776365487016,4.005341234417369
0.0,1.0,0.7,0.8,0.3,0.8,0.4471260189506364,0.6047783116101296,0.6018652781365161,2.9290089377145856,2.7520945311346496
0.6,0.6,0.7,0.8,0.8,0.6,0.9889520984341197,-0.02948299614913094,0.04532785611262713,3.615639627021316,3.4480523532406955
0.5,0.4,0.1,0.4,0.7,0.5,0.9520002959487267,0.25043572849385953,-0.02531141045514152,1.6640654615380819,1.2935959721344261
0.9,1.0,0.6,1.0,0.0,0.5,0.20521549888834587,0.9972356540824386,0.7877893202644956,4.703874909013813,4.63725450069532
1.0,0.0,0.8,0.0,0.7,0.1,0.5028230135111696,0.2568784195973931,0.32533385865331205,3.297355970495867,2.92504398680939
0.3,0.4,0.1,0.0,0.0,0.6,0.8449504187065172,0.19592961550698468,-0.061108184570096105,0.11451048100709163,-0.3038716425978155
0.6,0.5,0.5,0.9,0.4,0.0,-0.00887701711053191,1.0637791722746646,0.9718696988675185,3.5346739408318566,3.3635319966558144
1.0,0.1,0.4,0.1,0.0,0.0,0.0333353584442924,0.9848284972494173,0.720121439129929,2.3999897898938456,2.164657897630488
0.4,0.3,0.4,0.7,0.6,0.7,0.9232146296947603,-0.04164176490975029,-0.046855426804579846,1.4766653300884045,1.3310329892624924
0.6,0.0,0.2,0.6,0.7,0.1,0.4022012459064047,0.5469238437454504,0.2523416191582103,2.4774934534501987,2.2260711574631027
1.0,0.2,0.1,0.4,0.6,0.3,-0.06779504848944491,1.1201010532399907,0.849767830006062,2.778926682130296,2.686519880645301
0.3,0.4,1.0,0.3,0.0,1.0,0.9221643665465025,0.11813307996944801,0.052182925808309744,0.9995867635656436,0.7652066629025973
0.7,0.5,0.8,0.1,0.7,0.6,0.8683383091863761,0.13757147441644782,0.18580574792958618,3.076266164046155,2.836769487763504
0.9,1.0,0.7,0.4,0.1,0.4,0.06184667381018243,1.0534736762610728,0.8411156673911282,3.060004650879911,2.9329202451467897
0.2,1.0,0.0,0.8,0.3,0.2,-0.055460215175801436,1.1042440063957693,0.9565855315890761,3.0437856733250093,2.85303968215217
0.6,0.9,0.8,0.0,0.0,0.0,0.8261851914493836,0.22631356814252393,-0.0435153435981146,2.536930812625347,2.1811380700229397
0.7,0.7,1.0,0.4,0.3,1.0,1.0079907769248178,0.13100083840038274,0.07298972248588938,1.7862498233737525,1.3886806649943746
0.2,1.0,0.1,0.5,0.8,0.7,0.7765169699548949,0.18812818473273235,0.12652182387271133,3.1830161746288272,2.970761803352767
0.6,0.4,0.5,0.4,0.4,0.8,0.8329918353391044,0.04050900658245904,-0.014423763276369073,0.9075487325069208,0.7284319613752616
0.9,1.0,0.4,0.7,0.4,0.1,0.03480807018845092,0.8901361963605395,0.8089077246856313,3.8075081932704773,3.789250864725426
0.3,0.5,0.9,0.1,1.0,1.0,0.9023015905510373,0.14697359643114244,-0.02543228672447826,2.695581733450062,2.624929077461968
0.9,0.4,0.1,0.1,0.1,0.5,0.12442659379958529,0.9517609619857538,0.8455565040586004,1.2143544583030732,0.9374562521886571
0.7,0.2,0.2,0.1,1.0,0.7,1.0253704231971354,0.15386749362441415,0.13637631147302906,1.8809833524094404,1.8706321291997996
0.2,0.9,0.6,0.1,0.3,0.5,0.9871103884628256,-0.03604817122385068,0.001304327491538286,1.4930249912057574,1.4724649167030757
0.7,0.5,0.7,0.7,0.2,0.6,0.6208596213633398,0.22532780372154024,0.3423393613946618,2.6062894138149932,2.4474553435915603
0.0,0.2,1.0,0.7,0.1,1.0,0.09164663109497949,1.0871688386490161,0.774887779578703,1.5503585362023353,1.2109546515593617
0.6,0.9,0.5,0.6,0.0,0.0,-0.03513295299260507,1.0754487957162473,0.8417345151425094,2.976933190110547,2.4400388226463705
0.4,0.9,0.8,1.0,0.1,0.5,-0.16809851883590365,0.8470883367964068,0.9494884797436246,3.9531365435152552,3.5800798972314207
0.9,0.8,0.3,0.1,0.1,1.0,0.9696722542597093,0.06512455682978166,0.23473610474807322,1.424340463733555,1.2955505696980285
0.6,0.9,0.0,0.5,0.9,0.5,1.0931909986075912,0.2538767181474332,0.049816097796270116,3.416866099479489,3.461561486260087
0.5,0.9,0.6,0.8,0.1,0.8,0.06816849684746254,0.8285828088892816,0.8827470099265065,2.908884634663132,2.664360470157288
0.9,0.2,0.4,0.2,0.8,0.0,0.49195609910992133,0.4674820732424705,0.38175326630993667,2.7121660440469366,2.579414824990519
0.3,0.9,0.8,0.7,0.3,0.1,0.27083582178666266,0.5334633555225197,0.28144681158833934,3.027055661316044,2.7320552170899095
0.6,0.3,0.3,0.1,0.9,0.8,0.9182365235352091,0.08038876608970089,-0.2452461668913578,1.022501093562756,1.1267470314723274
0.8,0.3,0.8,0.2,0.6,0.6,0.9933926136752286,0.03312882996330664,-0.006906823208490873,1.804551773122615,1.4229252018564877
0.3,1.0,0.6,0.5,0.8,0.5,0.7684158057239077,0.06275472905809953,-0.0085985933752187,3.4487615904150504,3.1883495551621683
1.0,0.2,0.9,0.3,1.0,0.6,0.966073203041176,0.13084288645829598,0.0030026681457602047,3.424601825866933,3.2169912698532928
0.0,1.0,0.1,0.3,0.8,0.2,0.15438089710222877,0.7727112755931135,0.6159671155727445,3.1890970154802285,2.8871614502511607
0.8,0.7,0.8,0.7,0.5,0.5,0.9904592173973321,0.09711910383262645,-0.07902470448527028,2.7712461469944296,2.5043662081055436
0.1,0.7,1.0,0.7,0.0,0.1,0.1778129448316073,0.8807277826269959,0.9248046823415136,1.4852305297584385,1.563958108531887
0.2,0.8,0.1,0.0,0.1,0.0,0.9659688269599154,-0.1045955032770137,-0.16383255166621463,0.7888022093414802,0.799337361371179
0.1,1.0,1.0,0.2,0.4,0.5,0.6240286225099767,0.4483874680762913,0.1054636913385775,2.2621913243193763,2.0164592344904437
0.6,0.3,1.0,0.5,0.8,0.5,0.44109936577084236,0.5283271475898315,0.4376495872644156,2.0489418594629742,1.7872294118155025
0.7,0.8,0.8,0.8,0.3,0.2,-0.18988910815224266,0.9366959035525634,0.8717688317585741,2.975441709625171,2.44877527260067
0.3,0.0,0.5,0.3,0.7,0.2,0.5321984304623146,0.6072613404104176,0.38435889387712474,1.4718936984549118,1.1739752299023931
0.4,0.7,0.9,0.6,0.1,0.9,1.056282999407538,0.1325271815413353,-0.027178115070873216,1.143841295453286,1.1451882651031942
0.7,0.1,1.0,0.1,1.0,0.5,0.80643812268108,0.0492874531846038,-0.08052807107705967,2.9270687805320734,3.0002907816791335
0.4,0.4,0.5,0.0,0.7,0.0,0.898093661067645,0.15351699042360822,-0.035014836760357375,1.566213763964087,1.5842063921165788
0.1,0.6,0.0,0.9,0.5,0.4,-0.08055583226348359,1.1768911920611795,0.9356749043514231,2.956690205877826,2.7011155044495374
1.0,0.3,0.3,0.8,0.0,0.1,0.05353064145352737,0.9380542297760006,0.993561479619807,2.3026410943960167,2.059193671209827
0.1,0.2,0.5,0.4,0.9,1.0,0.8021927772480032,0.1716714939234128,0.08416521648717083,1.518212993698052,1.6471236906641744
0.8,0.7,0.2,0.7,1.0,0.5,0.9473495833609493,0.11321782235271094,-0.01826232263473745,2.9392811634146785,2.7402324647886402
0.5,0.0,0.8,0.3,0.4,0.3,0.13023413969492068,1.0330619881381273,0.6944376762372807,1.1723687869619626,0.9252386339742105
0.2,1.0,0.3,0.1,0.4,0.0,0.8641275619771221,0.15878564866581457,-0.023236976016313242,2.212546512791556,2.0593184598937095
0.2,0.2,0.1,0.5,0.3,0.7,0.729191244029336,0.11119129937279273,-0.05143337093724688,0.8848638319590015,0.6386139775399744
0.7,1.0,1.0,0.3,0.5,1.0,0.947679290883063,0.08607400840588507,-0.090883029795623,3.5650879018566743,3.5499170043703967
0.5,0.2,0.8,0.7,1.0,0.0,0.46213826915840117,0.6498612879354302,0.5023352591862442,3.201507860200099,2.7709198371983947
0.1,0.1,0.3,0.0,0.8,0.6,0.852939694544327,0.018427041387772125,0.10495339495372108,1.891845338504363,1.731752061896947
0.2,0.7,0.2,0.8,0.5,0.8,0.9542936395297117,0.10538288958755973,0.0035061397186161303,1.8140030183736497,1.4456841833776009
0.0,0.9,0.3,0.7,0.1,0.5,0.09313912257355757,1.0557977377634564,0.9711050197237723,2.212117300186141,2.1980905727144404
0.7,0.8,0.1,0.3,0.6,0.2,0.8817199331159901,-0.0008474563983768002,-0.06698172514208571,2.2312602052032453,2.000393632453655
0.4,0.9,0.9,0.8,0.5,1.0,1.1176916535223285,0.13947043823131122,0.046769122925507965,3.8178712450361996,3.7898812248440703
0.7,0.3,0.7,0.9,0.3,0.0,-0.009310038330250346,0.9145269934144313,0.9818168434218315,2.3598714973861212,2.355194578994422
0.6,0.4,0.1,0.4,0.7,0.9,0.8140556805435117,0.08549702222427968,0.03961052015450903,2.0149347445644876,1.6248897676555272
0.1,0.7,0.4,0.7,0.7,0.5,0.664940588405348,0.225834776129057,0.24084956388937293,1.8760400610713044,1.8285293593708734
1.0,0.3,0.0,0.5,0.6,0.8,0.6195912668006254,0.2999391266426704,0.36917308294852913,2.2046976187031753,2.1966415739242096
0.0,0.3,0.2,1.0,0.8,0.3,0.12379095565733633,1.0039131657832838,0.9047993957852832,2.8348119676740677,2.3877004069551964
0.0,0.4,0.1,0.4,0.3,1.0,0.8797316037318612,0.29013551225755213,0.2719867934905834,0.5425929356249275,0.34646085298427276
0.7,0.0,0.7,0.6,0.3,0.5,0.1580379995791258,0.9100412982942769,0.7830560851043554,1.7531982373702175,1.3515351173214478
0.5,0.4,0.2,0.6,0.2,0.5,0.07615796544890827,0.7379889670478231,0.5827709039563325,0.8877632190835381,0.76003301009992
0.1,0.1,0.5,0.2,0.0,0.3,-0.11276752754238717,1.033390593939636,0.8766781311562222,0.7424842641467665,0.5451733512383328
0.9,0.3,0.3,0.0,0.5,0.5,0.7244620495226529,-0.06361670171057535,0.06763562826312192,1.025389145796372,1.0246884831857428
0.4,0.5,0.2,0.5,0.6,0.2,0.7443783603283617,0.30372612818645967,0.24672255558049982,2.5785804326953494,2.383233124729618
0.0,0.3,0.6,0.8,0.5,0.6,0.08919693776394014,1.0469639732632865,0.9525144392062947,1.4226417383695251,1.0810736761779547
0.0,0.0,0.4,0.8,0.7,0.5,-0.04537259626292343,0.8945676514462669,0.8967245085350528,2.4180535336963036,1.8995514687149948
0.9,0.4,1.0,0.9,0.2,0.2,0.05784042747659958,1.0459213793036604,0.9353554180529586,3.3327236039534185,3.225467140269619
1.0,0.8,0.3,0.7,1.0,0.5,0.7029913143479193,0.5682916609353024,0.2519616701455136,3.994626923189186,3.8102553263817733
0.0,0.8,0.2,0.1,0.3,0.2,0.12653977523081825,0.7188526155192826,0.44547518452694934,0.6594720220394004,0.40079162916796107
0.5,0.3,0.1,0.8,0.2,0.9,0.5344960692729618,0.6405461262711876,0.4982701441968522,1.0791242597085804,0.725508369877373
0.7,0.8,0.1,0.2,0.0,0.7,1.03528064863557,0.0282275275879917,0.013253299659694183,1.0675773755497153,0.7365127858853863
0.3,0.6,0.5,0.6,0.5,0.0,0.3851610010621714,0.46572729890523434,0.31468009498474836,2.290402619492992,2.049342896063006
0.6,0.6,0.9,1.0,0.5,0.2,0.09513993122902147,1.1253573294051706,0.7922412840114326,4.407776013102756,4.039672739134749
0.1,0.5,0.8,0.8,0.2,0.8,0.8671096819686245,-0.03134016959861402,0.010978537989854553,2.359121321581575,2.408664584556355
0.1,0.0,0.5,0.5,0.2,0.3,-0.043257871178140256,1.0473446606918662,0.7486263164530569,0.6350061762888115,0.3009668284338662
1.0,0.6,0.4,0.7,0.2,1.0,-0.04637842411285087,0.9086694904943419,0.8131442606275668,2.9777544234501017,2.943435194723878
0.3,0.3,0.8,0.9,0.7,0.4,0.6605299182099644,0.3065734886619717,0.3349496817182387,2.5362570475922195,2.472764089373153
0.6,0.7,0.8,0.8,0.6,0.4,0.4715461364816929,0.5418589261111686,0.5197866650116757,3.1070756244301307,2.819550286580372
1.0,0.3,0.5,0.0,0.3,0.9,0.816111257671054,0.29106112774324566,0.05321547430331608,1.096296005754735,0.7705715239764687
0.8,0.9,0.6,0.8,0.4,0.9,0.47294714933133025,0.5501687983609135,0.4879030793558107,3.8543085987933563,3.5765300400679405
0.1,0.1,1.0,0.2,0.9,0.2,0.03405212985829083,0.962187264809626,0.8193709078090013,2.622008571438733,2.500687096134545
0.8,0.6,1.0,0.1,0.4,0.9,1.0253122169949669,0.046174859827861264,0.10663959263953333,2.5118912240295845,2.3733524597261755
0.8,0.0,0.6,0.8,0.3,0.3,-0.18482964667478047,1.1359864064934462,0.9037907614451637,2.3598278927976057,2.1646427738291925
0.2,0.3,0.4,0.1,0.6,0.6,0.9426563216177246,-0.06692874146065379,0.10185156721989874,0.3226351363556211,0.26769527076499533
0.5,0.9,0.5,0.7,1.0,1.0,0.9485696597385244,0.20605538946069457,-0.01144083409914708,3.8667934139996794,3.6084605248447787
0.5,0.7,0.9,0.9,0.2,0.6,0.6654722989286821,0.35025514283500647,0.3487523499957696,2.4652834849433294,2.28282154551344
0.0,0.4,0.7,0.2,0.4,0.0,-0.0006469963384166527,1.0368210003737959,0.6988253903302184,0.8437508637370142,0.6044361146163127
0.8,0.1,0.7,0.3,1.0,0.1,0.40719131420433624,0.4896473112905696,0.3682467299254526,3.2530164892741538,3.0685592835594164
0.2,0.6,0.4,0.4,0.8,0.8,1.0190708414713574,0.11027370624051523,-0.018204208130775425,2.010771518711782,1.8428264452988654
0.6,1.0,0.4,0.4,0.6,0.6,0.8539127048248111,0.09043022426865924,0.13485552938973722,3.069850486275181,2.7537196398247508
0.8,0.8,0.2,0.6,0.6,0.1,0.5328425977826704,0.3488519879516611,0.0959094387645551,3.05836908669479,2.606845696052914
0.0,0.2,0.4,0.0,0.7,0.1,0.5158817172520156,0.287729854686494,0.5691360584230007,1.3779404584715074,1.0879799427320018
0.9,0.4,0.8,0.4,0.8,0.3,0.16422059864493005,0.787946298140122,0.8265025823615921,2.9027354176705797,2.7890649317860214
0.1,0.9,0.8,0.0,0.6,0.9,0.8711596929186831,0.11771116673428891,0.05007372936404256,2.7167478918535153,2.6071889048337273
0.8,0.2,1.0,0.2,0.0,0.1,0.12601245294637714,0.8699182938921591,0.823212433367439,1.8876141947621938,1.6580441142696805
0.1,1.0,0.5,0.6,1.0,0.5,0.42033260126035515,0.5268611832533767,0.24046139165664393,3.2979009427368906,3.1211876123177356
0.3,0.6,0.1,0.1,0.5,0.9,0.9353171990610989,0.17661748440197975,-0.09383727443178853,1.4642997140735308,1.3196017484871545
0.4,1.0,0.7,0.5,1.0,0.9,0.930472305198959,0.00477506371156744,0.11516845051322366,3.647913484981267,3.2604933571394357
0.1,0.5,0.1,0.4,0.0,0.3,0.09129498825398563,1.062445589941736,0.8773137902710416,1.2683416557975287,1.0444469676180785
0.8,0.3,1.0,0.4,0.1,0.1,-0.04811325165568814,0.9363016215372468,0.7982791610657892,1.4377687096695229,1.3530237591810756
0.2,0.6,0.9,0.6,0.2,0.3,0.07997454521272956,1.0947175368998847,0.8983690772643306,1.7746515149537911,1.5507544503597042
0.5,0.1,0.3,0.9,0.0,0.8,0.31850146460244066,0.6447808708606352,0.5491205346159216,2.371002497096269,2.102839493041064
0.8,0.9,0.3,0.5,0.0,0.0,0.24472857235902468,0.7397903315063831,0.5997105501979393,3.0375083724184124,2.7388421054635947
0.9,0.6,0.5,0.3,0.0,0.1,-0.14706933150337728,1.0241919067859073,0.8601749078278895,2.1505124179634967,2.0086713390499455
0.7,1.0,0.3,0.4,0.7,0.0,1.0060731593748693,0.14287949599728247,-0.05578770487228665,3.996512912106952,3.9108280458335574
0.4,0.3,0.3,0.8,0.3,0.1,0.08332796887892718,0.8825630342149864,1.0290103321005812,1.1687283342013053,0.8090858278544497
1.0,0.1,0.0,0.5,0.4,1.0,-0.13483737476492663,0.9934766911530519,0.8225153333582501,2.8200659009457456,2.6870021508630817
0.0,0.4,0.4,0.8,0.8,0.4,0.12412075718357014,0.9612639269782504,0.8091968564638389,2.115550732215214,2.1082772378015178
0.5,0.6,0.3,1.0,0.0,0.3,-0.04166376694284297,0.9116229846395147,0.8146225102097786,3.084552422100863,2.6505360118330548
0.7,1.0,0.2,0.6,1.0,0.2,0.8897414564345751,-0.07763608305238429,-0.11241740855256299,4.111355619869008,3.8888300356045815
0.2,0.2,0.0,0.0,1.0,0.0,0.9500537941008927,0.19754731242223733,-0.008197219338537015,1.7703520311271432,1.7762191263585227
0.3,0.2,0.7,0.6,0.3,0.5,0.3648008947736912,0.7237938964229356,0.49474344316927155,1.1976366257348026,1.2088953979282635
0.4,1.0,0.1,0.8,0.3,0.4,-0.03170634198860949,1.1388496903567433,0.9442813792883626,3.188341873280671,2.801280686694163
0.7,0.7,0.6,0.6,0.0,0.7,0.809111220428739,0.3944784004911825,0.2450180370631668,1.4154659845588236,1.2656313707780762
0.3,0.0,0.5,0.8,0.6,0.3,0.036728847186908185,1.153097390361671,0.9191857443628721,2.2828595387430974,2.0572913876331764
0.3,0.5,0.5,0.9,0.2,0.6,0.21544213592601935,0.6722488163642379,0.6517158380538336,2.5191222268565148,2.3563418669296836
0.2,0.7,0.0,0.9,0.9,0.6,0.8664656187342284,0.15755970044245068,-0.22121695054427667,2.9258517509137016,2.6687903554841994
0.6,0.4,0.9,0.2,0.6,1.0,0.9119788881902537,-0.01594305843956076,-0.17084229067807832,1.9054042696963582,1.7994420654861294
0.7,0.5,0.5,0.0,1.0,0.5,0.9322040873466438,0.10325298754428223,0.03385023610360193,2.784847330415647,2.629933529656426
1.0,1.0,0.6,0.3,0.8,0.8,0.7956212814160412,0.020378912702476215,-0.04268914743580744,4.327119034527034,4.15882989774437
0.5,0.6,1.0,0.3,0.0,0.1,0.08374032464269203,0.9393550391675135,0.9468302554983955,1.8316839250467214,1.6953452071478394
0.5,0.9,0.7,0.4,0.7,0.0,0.8129543186037073,0.09909182625684934,0.02805271855699981,3.5512288237519254,3.3376795183960914
0.0,1.0,0.2,0.0,0.9,0.1,0.7763157639519018,0.0031836520248216676,-0.029520685015802902,2.9814337579575803,2.704490367326228
0.7,0.9,0.8,0.6,0.1,0.6,0.8616650798541734,-0.0657560050001178,0.07974608151821667,2.865249809984511,2.869966928862465
0.1,0.9,0.0,0.8,0.5,1.0,0.8564203458206638,0.42691323985456303,0.10011350040509413,3.3615931144402005,3.0050908549951694
0.3,0.3,0.9,0.9,0.2,0.2,0.04373729278444902,0.9913506718106169,0.9335748527357209,1.8029761188029443,1.6905854431112182
0.6,0.0,0.6,1.0,0.0,0.8,-0.05403406360172189,0.9880358939836039,0.9079426277913554,2.565427862126113,2.2110486296301195
0.5,0.9,0.9,1.0,0.0,0.0,-0.025825393378653735,1.152515005261232,0.8652058885977473,4.44057603327569,4.164627435498803
1.0,0.3,0.4,0.0,0.6,0.7,0.7603276288925072,0.14537049195920562,0.03539419434082806,1.762664093350267,1.6686260297803155
0.1,0.0,0.7,0.1,0.6,0.7,1.1851492500413303,0.2725034885052827,0.031375471382596824,1.3584349615992597,0.96388394192409
0.8,0.5,0.5,0.0,0.9,0.2,0.7640056335027074,0.40234879694142256,0.15115061636649524,3.1132359001370262,2.8799957076094227
0.4,0.8,0.4,0.9,0.0,0.4,0.16715269947424347,0.7580307849545191,0.7377761196049164,2.1214446101910167,1.6307457136193446
0.4,0.4,0.8,0.9,0.4,0.7,0.7633134683434569,-0.009640757358554963,0.022853603388883686,2.2633022310068416,2.0779092198587215
0.9,0.1,1.0,0.3,1.0,0.1,-0.061694300914214274,1.041925080184155,0.8395917238991717,3.7121078162132655,3.805199269102773
0.2,0.5,0.7,0.8,0.2,0.6,0.663312390258592,0.343231309566616,0.22253334446161596,2.4442547834669823,2.151591497664261
0.0,0.2,0.0,0.2,0.3,1.0,0.7684590446984779,0.3659781159504192,0.17070659497481508,0.5108632827465323,0.01552638427323566
0.4,0.3,0.0,1.0,1.0,0.7,0.8984484883868957,-0.05696726325990517,-0.07114001240557662,2.963054877572578,2.7811101531604625
0.7,1.0,0.3,0.0,0.9,0.1,0.7807297991466894,0.24251483015772568,-0.06978839805775083,3.5515913225422655,3.275754151146273
0.5,0.0,0.1,0.0,0.4,0.9,0.9927243040155384,0.13185430071054732,-0.020767352998649846,0.5683594242302692,0.5583263724684695
0.2,0.2,0.3,0.3,0.0,1.0,0.9313081969868828,0.1360179345547549,-0.16887320059941302,0.44742510352717285,0.1944993728579968
0.9,0.0,0.7,0.9,1.0,0.3,0.1413776333915449,1.0507519069263156,0.9068704759837992,4.2885378047205505,4.113982248623413
0.8,0.0,0.8,0.4,0.0,1.0,0.8453243554242195,0.10024735644380349,-0.0661353050645865,1.3995484283969402,1.3237709559496185
0.2,0.4,0.5,0.0,0.3,0.0,1.0273746714626217,0.0494165560400709,0.20318163272928036,0.4558520318913858,0.3270891397317786
0.3,0.1,0.4,0.0,0.4,0.8,0.9333349334916157,0.16236975344760812,-0.12829601598694118,0.9773135079066739,0.9480525004410569
0.3,0.7,0.1,0.8,0.0,0.4,0.22561845643755643,1.065520524431328,0.872914320007309,1.3451764492772633,1.0603467366145687
0.8,0.6,0.5,0.0,0.2,0.9,0.8367461675232563,0.04480793121629245,0.06039975717356414,1.5689483177830548,1.4789579144771778
0.9,0.2,0.9,0.6,0.7,0.6,0.5313282610961676,0.4534892322029738,0.3481772391551558,3.3556986845471846,3.1098697067135603
0.5,1.0,0.2,0.0,0.8,1.0,0.8972628560040962,0.06944401936715812,0.12034446844618772,3.0656291626686487,2.896686026782036
0.3,0.0,0.7,0.0,0.4,0.6,0.8130816854655549,0.18452809511710289,0.11510785093636842,0.7281031918272035,0.3023965355978617
0.1,0.2,0.2,0.2,0.6,0.6,0.983631638368896,0.1621502635215479,-0.022837221500228173,1.1701344281403854,1.039256594327189
0.6,0.0,0.1,0.1,1.0,0.3,0.8749007022921147,0.08750428675337663,0.07842900966147343,1.8860978856535784,1.585474933433892
0.5,0.6,0.7,0.7,0.6,0.5,0.4438594209331296,0.48425176862378005,0.31187658611678426,3.0026221711441594,2.847415924436655
0.0,0.1,0.1,0.7,0.9,0.5,-0.11119013626553205,0.9802619265194533,1.0192072034681416,2.6927656373328435,2.455665444485734
0.8,0.9,0.9,1.0,1.0,0.4,0.24469878214986082,0.9506045558264129,0.763550700498081,5.993307283413869,5.796569523029938
0.0,0.9,0.9,0.4,0.0,0.7,0.6220718534492531,0.4329036296828366,0.25241998784412234,2.3871136819260066,1.801953350795795
0.7,0.3,0.5,0.0,0.7,0.6,0.8799847654450628,0.06436120501756779,-0.05437311286055366,1.3645884256758904,1.1087724828660022
0.8,0.0,0.8,1.0,0.1,0.0,-0.027775849987390296,0.9022755240346465,0.8150129439699842,3.577372241450998,3.4191835729974276
0.9,0.5,0.8,0.2,0.2,0.4,-0.017056856955121828,0.9242578403463952,0.9890338364087145,2.538816094915125,2.440820088815403
0.3,0.7,0.4,0.1,0.7,0.4,0.86219551431785,0.0667599256854031,-0.018975198667702038,1.3524251759924926,0.8879354581910448
0.6,0.9,0.7,0.5,0.5,0.9,0.8012039726605719,0.06609477440375955,0.012611228158891881,3.1852546576561287,2.8012101015457174
0.9,1.0,0.5,0.3,0.6,0.7,0.8847623247400693,0.03853541196373969,-0.11203131454531506,3.7225026937113133,3.738353262009778
0.3,0.0,0.7,0.4,1.0,0.8,0.8834784931836082,-0.012095914004522257,-0.03407992886896715,1.5604636700924621,1.6206996894256553
0.1,0.0,0.8,1.0,0.8,0.5,0.3656968231218515,0.5786279526690423,0.5391522278760913,3.482796415950681,3.232219972502353
0.2,0.0,0.3,0.5,0.0,0.2,0.01787969680410929,1.0753565026352874,0.8850929365623059,0.5119756254286116,0.3116984392518833
0.8,0.2,0.8,0.3,0.1,0.3,-0.11520045989179346,0.9392480446200817,0.8091110290295666,1.537292964157093,1.1651729722072832
0.9,0.7,0.3,1.0,0.6,0.3,-0.019594871430121147,0.8046579570249571,0.9772738747026382,4.005016465381802,4.074140079164214
0.6,0.9,0.0,0.7,0.5,0.2,-0.12300481871870582,1.186817675434661,0.8594869759133219,3.443478889070988,3.3199398306541883
0.7,0.5,0.9,1.0,0.5,0.7,0.8754063092098598,0.11474385573955513,0.0958678403784903,4.617265194880127,4.323002250159925
0.9,0.4,0.2,0.8,0.0,0.4,-0.11462619171761375,0.9708523328210512,0.8601671904893629,2.496472791938304,2.214926873533138
1.0,0.4,0.1,0.7,0.7,0.1,0.02227788703308851,0.8560028580991741,0.8797510964289442,3.619992033243887,3.44920413877142
0.2,0.5,0.4,0.7,0.7,0.0,0.9639019706141482,0.06147558488225638,0.06362218933595468,3.25390859208907,2.790334446315588
0.7,0.4,1.0,0.5,0.5,1.0,0.9207566761280659,0.04046801381776687,-0.17193470439265504,2.23546209337399,1.9741495701062433
0.2,0.9,0.6,0.3,0.4,0.3,0.2732598702206903,0.8011067246047817,0.8215228280970044,1.9070552603096416,2.068215393895438
0.9,1.0,0.7,0.9,0.5,0.6,0.17841076109541332,0.8228786812852775,0.6447519696479987,5.090279898215084,4.727504902230851
0.4,0.8,0.5,0.7,0.2,1.0,0.6287762704762568,0.27160411998206774,0.2854042786988696,1.6702883823971502,1.317336487153849
0.7,1.0,0.6,0.6,0.1,0.0,-0.060582218152359216,1.144499955095669,0.8113666208961056,3.2062073827134148,3.0765705554726273
0.3,0.2,0.3,0.6,0.8,0.0,1.1388248262050955,0.00046977543618120787,-0.1885709440920526,2.3715989873938015,2.2405726622106616
0.4,0.1,0.5,0.3,0.1,1.0,0.6862101259137079,0.39187741241550433,0.3063053603986203,0.8904927060260226,0.9840980387915385
0.8,0.2,0.0,0.6,0.0,0.0,-0.14570246927702915,0.9782893870260148,0.7157294223313337,2.0275821863463888,1.7982069420818545
0.1,0.1,0.2,0.1,0.4,1.0,0.7457928115106693,0.02513723155191945,-0.13918322631683056,1.0113996740682762,0.8027955896166008
0.5,0.4,0.2,0.4,0.3,0.1,0.24942346270321814,0.6770174326707705,0.664495017727318,0.856358781412145,0.6329283407929254
0.6,0.4,0.0,1.0,0.1,0.7,0.007039061111171106,0.9502411042933905,0.8032553741017558,2.6669259085895325,2.4167817725351686
0.3,0.8,0.4,0.3,0.9,0.8,0.8592845754727385,0.24747317959547505,-0.051194157541333773,1.6400792777658548,1.6741445627396805
0.3,0.2,0.6,0.8,0.5,0.0,0.08161015637363427,0.9790385028988305,0.8382458267594447,2.588619972536358,2.2756170046157886
1.0,0.0,0.4,0.2,0.1,0.6,0.07936400205188318,1.0116565597504859,0.6580455826322866,1.6215226588391174,1.3213990636274573
0.2,0.4,0.1,0.7,0.0,0.1,0.035558494181155684,1.125620445845558,0.9477610913016473,1.114119427800371,0.9171662945729729
0.7,0.6,0.9,0.9,0.0,0.2,-0.19505924432457578,0.9857102520815133,0.8440393055756766,3.348718718509409,3.3024626917742816
0.0,0.1,0.5,1.0,0.4,0.7,-0.2081326716211681,1.1773805397369224,0.8022685828220234,2.847146807836888,2.6857693854230753
0.3,0.3,0.1,0.8,0.4,0.1,-0.10951542648038788,1.0205377198894652,1.0732521253867504,1.3546935100626607,1.1155659249719303
0.1,0.4,0.3,0.3,0.9,0.0,0.9491394859044766,-0.04003267557200407,-0.014554560824808894,1.6668876995500488,1.4033504267313026
0.1,0.3,0.1,0.0,0.0,0.5,0.48279654016540113,0.31990399311188167,0.34338186805530035,0.20781448520652027,-0.08210089948265292
0.1,0.8,0.7,0.2,0.6,0.6,0.7637024052385624,0.10380907093431811,-0.07587662832632835,1.5765194624270076,1.3366795456666327
0.6,0.6,0.0,0.6,0.0,0.6,0.10059229040009414,0.8013120662741393,0.610461798636765,1.7080480529308133,1.7493261425193403
0.0,0.2,0.0,0.4,0.3,0.0,0.13717761907271406,1.0286487407732745,0.9712075860921126,0.8452031123036373,0.6592052082083345
0.0,1.0,0.9,0.4,0.8,0.4,0.2925543972475964,0.5519943529204939,0.49514256947093055,3.2500816557983043,3.1354729487386295
0.6,0.7,0.5,0.0,0.0,0.3,0.10899787474289785,0.9585892669548757,0.8006096524297874,0.7796818784486708,0.34485868200643177
0.8,0.4,0.1,0.5,0.4,0.8,0.756601490599434,-0.041348104602170435,0.020804204862674883,1.5459932899224933,1.3409924562935394
1.0,1.0,0.8,0.9,0.7,1.0,0.830487219757105,0.015820764568497958,0.015549792920867958,5.9693817555006765,5.929874088338932
0.6,1.0,0.4,0.3,0.5,0.3,0.6641964965697358,0.41309989842154743,0.38329516821898846,2.6340760310839086,2.525450711282276
0.5,0.6,0.5,0.7,0.7,0.4,-0.12156371424620203,1.0906185338740486,0.9729608415587538,2.759006550783549,2.7260317620549084
0.1,0.5,0.3,0.7,0.3,0.2,0.03044558000880776,0.837679694679555,0.9801624276237713,2.008465367706687,1.4904448419786689
0.6,1.0,0.9,0.7,0.2,0.0,0.10352425386708702,0.9588646332390605,1.0041881695248813,3.803335240059408,3.643663062649329
0.8,0.0,0.6,0.9,0.4,0.3,-0.16783685952060856,0.8956396765083227,0.9799897062961106,2.7518036954396883,2.819304602568191
0.9,0.9,0.7,0.9,0.1,0.3,-0.04919648669391593,1.1695217773272242,1.0357032196220117,4.406683642618697,4.094705842510953
0.1,0.9,0.1,0.0,0.6,0.1,0.9010736227489367,0.06267480182119173,0.022888410169976867,2.565415376895552,2.38748523422926
0.4,0.6,0.7,0.5,0.0,1.0,0.7973872368505794,0.08379304182578005,-0.062430188376466605,1.6329457353509162,1.0945593442202843
0.9,0.9,1.0,0.6,1.0,0.6,0.503056084987229,0.24996738501871973,0.29494435884839953,4.946247687131123,4.6387275523234095
0.8,0.0,0.1,1.0,0.5,0.3,0.07220659232808714,1.1196255647771087,0.753433615437012,3.586384016310395,3.397668840343768
0.7,0.9,0.2,0.7,0.3,0.4,0.39395425581942656,0.9523722881242056,0.8103756419846733,3.0086659232602035,2.8496484815790484
1.0,0.7,0.5,1.0,0.1,0.3,0.05581991458954311,1.0983905200337036,0.9490285014976289,3.75796317562968,3.201911446889546
0.6,0.7,0.5,0.3,0.0,0.2,-0.1609574570243564,0.9745428408986571,0.8208735496271651,0.6247659777937276,0.682726512434876
0.8,1.0,0.7,0.6,0.6,0.4,0.27549221309617894,0.8391742108997367,0.5646918400509835,4.296652406089418,4.047967750500602
0.3,0.1,0.3,0.0,0.8,0.1,0.8462978800067477,-0.041648070848783275,-0.0012697596973102016,2.0804300384342693,1.85958911455848
0.1,0.1,0.9,0.4,0.0,0.9,0.7073484969768444,0.3131789515966595,0.4592041477877196,1.4440331039211438,1.3595588465478923
0.4,0.6,0.8,0.8,0.5,0.5,1.0296108129697445,0.09943747802962007,0.03078559698153062,2.9427789122682793,2.796555617432554
0.6,0.6,0.7,0.8,1.0,0.9,0.9279662943465038,0.16936242084952924,-0.1213994409698471,3.800458771970879,3.4671260666164283
0.0,0.4,0.7,0.2,0.5,1.0,0.9003872108412333,0.05535272742284042,0.010354919545998507,0.8982763212253365,0.7867374780489705
0.7,0.2,0.5,0.7,0.1,0.3,-0.01867263294614496,0.9060388228773144,0.9168962066552399,1.8147539455899397,1.5633265967648078
0.7,0.1,0.1,0.9,0.1,0.2,0.006791434402600881,0.8051681171035192,0.9680218666158211,3.109507682822433,2.9324725072381783
0.3,0.4,0.5,0.5,0.3,0.6,1.0957564927506334,0.019705959599456563,-0.016646411159336863,0.5113354620907512,0.4595884152536386
0.2,1.0,0.5,0.6,0.3,0.6,0.8577378442706765,0.13061916358898384,0.0789307571289885,2.151489590349345,2.0489989701287907
1.0,0.2,0.0,0.9,1.0,0.2,0.03222753142905281,0.9628189923190372,0.8520803724899824,4.600031881144473,4.595296341208969
0.9,0.3,0.5,0.6,0.7,0.2,0.07351590907606635,1.0013670858772394,0.823791718461397,2.381476263341336,2.094116946266768
0.4,0.9,1.0,1.0,0.4,0.2,0.07856164462509681,1.0716448631499327,0.932355455773005,4.498322385893076,4.438998883142928
0.2,1.0,0.4,0.7,0.7,0.7,1.0077625550974303,0.026867358539713143,0.015369361296418568,3.3853451615160637,3.4623840634019825
1.0,0.2,0.5,0.3,0.4,0.3,-0.17125504731684937,0.9479631302086138,0.8341000295951303,2.0498295975528125,1.8155608812744153
0.4,0.8,0.4,0.4,0.9,0.3,0.8868667733578153,0.13231853473484634,-0.022270870724698858,1.8680142182278388,1.940448987201052
0.3,0.0,0.6,0.5,0.0,0.0,-0.12360017297596458,0.8598446740984164,0.8670862212725741,0.6198471106435364,0.8363947527980635
0.4,0.8,0.0,0.6,0.2,0.0,0.0976968781990117,1.0647380537594868,0.9007333198808635,1.5531914182184186,1.2584396398112805
0.5,0.0,0.6,0.4,0.8,0.2,0.129097416753631,1.1262227186361087,0.968707435145961,1.800138628137413,1.800918429171702
0.4,0.7,0.2,0.5,0.9,0.2,0.9359026824864657,0.20417606906060354,0.02813422663943629,1.9301973543259252,1.5946533904432965
0.4,0.1,0.2,0.4,0.5,1.0,1.01703708048609,0.11372507029304013,0.1100422369707787,1.746023886955123,1.521284350845323
0.6,0.0,0.1,0.8,0.0,0.5,0.18651873557408216,0.9368118458391882,0.8351818896367227,1.7263145528968387,1.4071349473366832
1.0,0.2,0.1,0.6,0.8,0.1,-0.026352101003348484,1.1665948895045102,0.9560154714174521,3.8046743571880857,3.34626395065364
0.3,0.9,0.7,0.2,0.2,0.4,0.734335109103846,0.2533060900907841,-0.2682324938665359,1.8212921405016855,1.6741874127920442
0.5,0.8,0.2,0.0,0.8,0.3,0.839060724761178,0.14053737696106328,-0.3051682875763353,1.8850684064774523,1.766767643187998
0.1,0.9,0.1,0.2,0.6,0.8,0.9684704566499719,0.12080319352992408,0.08969268178104549,2.5804727883976164,2.2749841098991057
1.0,0.1,0.5,0.9,0.0,0.2,-0.190588398481836,1.1125608599582142,0.910921543777581,3.63810067374238,3.6693262706402283
1.0,1.0,0.6,0.6,0.0,1.0,-0.14812376226249754,0.9430660377043197,0.7234739973773298,3.7816950128621527,3.524905603468867
0.2,0.3,0.1,0.4,0.6,1.0,0.8025405999079543,0.24686956842128693,-0.011839318388862284,0.8898129187342881,0.6069812217204931
0.3,1.0,0.7,0.7,0.3,0.4,0.14455655750207966,0.9906164439101873,0.8304741782413241,2.8762988451569154,2.6361593740665117
0.8,0.0,0.8,0.0,0.7,0.4,0.7088853654407843,0.24395571147162068,0.14861859801048993,2.3840808729819534,2.0862758293832036
0.7,0.5,0.1,1.0,0.2,1.0,0.6108778041704708,0.2534009456112529,0.3751447172824963,3.7023888829470084,3.381540200284068
0.9,0.1,0.9,0.2,0.1,0.9,0.6865009868891121,0.28649224715539573,0.04046080323227216,2.4173295673850435,1.9785167945415996
0.7,0.6,0.8,0.0,0.4,0.7,0.7213125363587638,0.07435067844468898,-0.09588542922450302,1.884008645225034,1.4786494242631512
0.5,0.3,0.0,0.9,0.2,0.1,-0.1622558308145957,1.128747412337427,0.9799704405689008,1.7454011620983039,1.424771044695643
0.5,0.1,0.6,0.5,0.2,0.2,0.15291856738741866,1.0827723562838023,0.9222332827778157,1.6152136337050138,1.4787384143408762
0.1,1.0,0.1,0.6,0.0,0.3,-0.053161992194084184,0.9213675697166853,0.6766837727866177,2.313291360579336,1.9474946284509351
0.8,0.9,0.2,0.7,0.8,0.3,0.660549675319314,0.5964534794256241,0.28237025580522984,4.372221733698602,3.9935917996098773
0.5,0.6,0.5,0.8,0.0,1.0,0.027039877147302382,1.0821613500846738,0.7661131475940063,2.227786031819538,2.0264005578233273
0.4,0.6,0.7,0.6,0.5,0.9,1.0511216113524067,0.12320375309138071,-0.13571791236410832,2.3061958550497192,2.024033238418346
0.2,0.8,0.8,0.1,0.4,0.2,0.8041029613368822,-0.006876833251537276,-0.0655667642917475,1.1435025342417766,0.9814840767476989
0.7,0.0,0.8,1.0,0.1,0.4,0.09251420534337057,1.0295385287478886,0.6982505211894537,3.078842767076897,2.8381638617341345
0.4,0.3,0.2,0.2,0.3,0.6,0.8138632416462019,0.1530963057122997,-0.04529640597051171,0.198663663809144,0.013839524594293308
0.2,1.0,0.5,0.1,0.1,0.7,1.0567108952530124,0.09534566518820727,-0.09543894676318973,1.504934445644486,1.2722039063285238
0.5,0.2,0.8,0.5,0.3,0.3,-0.15495926660656958,1.11316103364437,0.6737769954251722,1.4094599991763934,1.1088854905637806
0.3,0.3,0.2,0.6,1.0,0.5,0.9883498570620215,0.01563583495903198,-0.04278809060809233,1.6999727688398807,1.2850713024538492
0.9,0.3,0.9,0.2,0.0,0.2,-0.11965099475253477,1.0136906181393561,1.0595060627650548,1.2532601054028516,1.024495807096601
0.1,0.5,0.4,0.7,0.4,0.7,0.9038780869314064,-0.11817318622950182,0.01980534050923629,1.9446050132380874,1.8625302837921989
0.2,1.0,0.3,0.8,0.6,0.6,0.8114653480568106,0.11154351270395,0.0562866141400344,3.879430897605589,3.3263074028745088
0.2,1.0,0.7,0.3,0.1,0.8,0.7946381249963413,0.14463331324630885,0.01817330595186425,2.149639532642945,1.7757887671540307
0.7,0.3,0.8,0.4,0.7,0.4,0.9454350229399151,0.09662777908728769,-0.012724523023270668,2.045392355171697,1.6281430994748858
0.6,0.8,0.9,0.9,1.0,0.7,0.8539276254175938,0.2967990946840005,-0.0707322802855473,4.108722685501723,4.051659480770807
0.2,1.0,0.4,0.7,0.8,0.6,0.9087142351866575,0.17034419306634102,-0.018889264693637792,3.5235857203228402,3.374968861740645
0.6,0.6,0.5,0.5,0.5,0.6,1.1131798055770783,0.3630464387804647,-0.04431445422889915,2.200078121485509,1.9956090185042479
0.2,0.7,0.1,1.0,0.3,0.2,0.019545383182870607,1.1489332257419935,0.8555691810157018,2.254905340706858,2.1096631647606214
0.7,1.0,0.1,0.2,0.8,0.1,0.9713850784273248,0.14614965341318578,-0.002654943305014137,3.5466171652840455,3.476811041954461
0.1,0.7,0.0,0.8,1.0,0.5,0.43427074858700554,0.6037896538419996,0.5154946642207087,2.4179010492370936,2.2958822079203562
0.2,0.8,0.1,0.4,1.0,1.0,1.1091093243676535,0.08212457830837852,-0.008822532200617517,1.8713355448476567,1.7924743556375144
0.1,0.9,0.0,0.8,0.8,0.5,0.3078547149405523,0.6493564732422505,0.589039950261539,3.964446991847121,3.7063901139308335
0.7,0.6,0.1,0.8,0.2,0.0,-0.11116540238726069,0.9589139494547858,0.7819773969032668,2.8057120979159373,2.634708256372749
0.6,0.7,0.5,0.3,0.4,0.5,0.6602528329003245,0.17797001760322592,0.13618392201257318,0.6516491682544979,0.796926528461472
0.6,0.1,0.6,0.4,0.6,0.8,1.0096162315646793,0.07120509421973799,0.059196024329960684,2.353736178788202,2.265691678807813
0.7,0.4,0.6,0.4,0.2,0.1,0.032427328400578055,1.1682633535567786,0.9323340795439798,1.1766713385667233,1.0581437325081215
0.1,0.1,0.3,1.0,0.6,0.5,0.19938210568913156,0.8502374392408586,0.8249967825866698,3.6372443042558817,3.4186614079294806
0.3,0.8,0.4,0.0,0.7,0.0,0.9925119441034632,0.1569248653627506,-0.14335390558339947,1.9190565369934227,1.6674657818399417
1.0,1.0,0.5,0.6,1.0,0.4,-0.09074594359295772,1.0091639459613506,0.827078826885172,4.976772335100171,4.698695556174935
1.0,0.5,0.0,0.1,0.2,0.8,0.5873302742270343,0.3927948894276723,0.22992882770439532,2.297918664991236,2.386848746979988
0.4,1.0,0.0,0.1,0.6,1.0,0.9853225047034327,-0.08477152344002095,-0.09915945509802819,2.768032293724763,2.566317263866911
0.5,1.0,0.0,0.4,0.3,0.7,0.9482414288354616,0.061293981221908246,0.1652091353005465,2.1659408325931957,1.9097700794230645
0.3,0.4,0.6,0.9,0.3,0.2,0.05853484371483412,0.9026143675549567,0.8650434837237396,2.038128826061084,1.6493488931415654
0.5,0.6,0.6,0.6,0.8,1.0,0.9409274065276692,0.17077918255972907,0.08503629648839445,2.9448884879125194,2.6210481059280952
0.8,0.7,0.3,0.2,0.2,0.7,0.8880806203080845,0.0934836546086014,-0.0037757087545416965,0.8531787086202973,0.7330407452806759
0.4,0.7,0.5,0.6,0.2,0.4,0.03161916197938392,1.0630352276281818,0.8083699266358103,0.7769360902003196,0.6513620306898968
0.5,0.5,0.5,0.0,0.3,0.7,1.0079247621147083,0.11217507300161442,-0.13984961500549203,1.3518455955882853,0.9624966215028526
0.3,0.9,0.6,0.3,0.2,0.6,0.9029329742378727,-0.01188997352529246,-0.0047830813588981,1.7184635823021344,1.5313135280485506
0.2,0.9,0.0,0.7,0.0,0.3,0.058567057488959996,0.9638840031476176,0.8531299495382569,2.3555090455320973,2.1152337754197883
0.5,0.8,0.5,1.0,0.7,0.7,0.8299312075607473,0.1946334197861104,-0.03562044733199965,3.6204094776016134,3.625498536722771
0.1,0.0,0.5,0.5,0.0,0.2,0.12092614313133587,0.8718860753065929,0.8965936412367137,0.5293285354865426,0.24605069228414816
0.0,1.0,1.0,0.1,0.8,0.5,0.8441942281632745,0.20147062044605968,0.06987535980687427,3.1457627429100485,2.885109626519533
0.9,0.3,0.4,0.7,0.8,0.2,-0.05153634415924579,0.8001634911603978,0.8991682840642475,2.6352684834835856,2.585471018859258
0.4,0.6,1.0,0.1,0.0,0.8,0.7870489331440057,0.17517907608978062,-0.07713283596694859,1.4427784881145165,1.167023155161635
0.1,0.7,0.3,0.6,0.7,0.5,0.9378156364452621,0.14342159668030638,-0.07769197024655708,1.6230338486574738,1.6809263460179231
1.0,0.1,0.8,0.1,0.3,0.8,1.03757169924459,0.11809540625931546,0.006971481211216088,2.652506873530042,2.4595657049647413
1.0,0.0,0.3,0.1,0.2,0.0,0.12429366113571663,0.7783729991175693,0.5999829419240148,1.8552220469332559,1.559510807823389
0.8,0.6,0.1,0.6,0.9,0.0,0.6180819143698308,0.23602135801741853,0.2728471452475287,3.6576276027406536,3.458768908522398
0.9,0.0,0.7,0.7,1.0,0.7,0.8209173541458852,0.3700575499254359,0.32922391298136705,3.3294365844513676,3.507819109636679
0.1,0.6,0.4,0.3,0.4,0.7,1.0707016120441262,0.3294779114100729,0.25758173025292824,0.970091604560168,1.016231664925401
0.0,0.9,0.4,1.0,0.9,0.4,-0.028023482108145037,1.070317145716839,0.7988580538216133,4.615425059665134,4.413987759114235
0.6,0.0,0.6,0.1,0.0,0.7,0.8685255118231645,0.3349715728463918,0.1268781118049895,0.43881648756023994,0.3498876836269011
0.4,0.2,0.2,0.3,1.0,0.3,1.0306291476244822,0.0884311076497114,-0.06080578897084093,1.9038862021422374,1.426290080579756
1.0,0.8,0.4,0.1,0.8,0.3,0.33295568504488204,0.5622295329599548,0.44596098664188166,2.998262956884134,2.658272348086663
0.3,0.0,0.1,0.5,0.1,0.7,0.8799027286942317,0.19333125734773732,-0.07675681528671055,0.7432143149468773,0.30045731657806074
0.7,0.5,0.4,0.0,0.8,0.2,1.0286444460919077,0.09915831530400185,-0.06763103713840775,2.78073724802369,2.4578792677123014
1.0,0.1,0.1,1.0,1.0,1.0,-0.005604279798872902,1.0014170150172528,0.8770380721521024,5.4687688162543076,5.135396284077045
0.1,0.0,1.0,0.3,0.3,0.5,0.051781271492116226,1.0329421297437613,0.9506526108330192,0.9183051209184737,0.5805691149940753
0.0,1.0,0.3,0.5,0.5,0.4,0.22236567220953696,0.8015838177970647,0.5777794866785868,2.364117780548191,2.2439935948958727
0.8,0.7,0.2,1.0,0.7,0.2,0.39878548746802284,0.5661778497790844,0.6621117049144167,4.062334732904176,3.7541172723898715
0.3,0.2,0.4,0.5,0.8,0.1,0.8463128305691774,0.13759747576483064,-0.0704044189285439,2.0045926739279283,1.9295338154909936
0.0,1.0,0.0,0.4,1.0,0.3,0.032763550616162394,0.8924134022609381,0.8636904981955564,3.05459552760756,2.931212500643354
0.8,0.0,0.8,0.8,0.6,0.9,0.9262298593135849,0.07017866158419965,-0.027467239840485103,3.236530847290633,3.306673971815661
0.2,0.0,0.6,0.2,0.1,0.0,-0.030018661979806516,0.8325200014515485,0.8522189383013027,0.6826838955901384,0.41862745422030345
0.3,0.7,0.6,0.8,0.5,1.0,0.9261933413420208,0.13576456430806033,0.07785604807821567,2.1440556127592494,1.8532799100716821
0.0,0.1,0.1,0.9,0.1,1.0,0.0653455815051215,1.070028099911267,0.7736386116614785,2.1196304355947597,2.133750111480545
0.7,0.1,0.3,0.8,0.1,0.7,0.7811579726463456,0.3195597718196599,-0.23478140994793978,2.341248376029114,2.466734854289495
0.3,0.8,0.9,0.9,0.1,0.9,0.8517270566605654,0.22791179174632464,-0.01185188697759234,2.4081805856847653,2.185457288504467
0.1,0.2,0.7,0.4,1.0,0.2,0.24433485128825227,0.8504411937679992,0.7649580060218468,1.8021345838943605,1.913389783033573
0.2,0.7,0.4,0.7,0.7,0.0,1.0485727001158458,0.10190073601125282,-0.14174570647275406,2.2596011478661775,2.0964570015276554
1.0,0.4,0.5,0.6,0.6,0.2,-0.04314668500135429,1.0937534958877506,1.0275952687922392,3.039929761604916,2.8085294232588796
0.6,0.4,0.3,0.4,0.5,0.9,0.7883714125884153,0.11333132681619361,0.036847997222412825,1.3650555572923468,0.8832573702783726
0.5,0.9,0.9,0.0,0.5,0.3,0.9923859245824433,0.056795992136608874,0.0231338629007021,2.7790880163181755,2.638693339299854
1.0,0.9,1.0,0.5,0.3,0.9,-0.16986526887404454,0.9809154774084922,0.7877008354440787,4.056238015855636,3.7974608697295533
0.1,0.4,0.4,0.8,0.1,0.7,0.2066181386123739,0.5840406572396629,0.4507397910098479,1.2544377349901397,0.948441562539714
0.9,0.2,0.2,0.1,0.2,1.0,0.8197204896877704,0.27643081136566244,0.1254555062809719,1.518913003600593,1.213933127696335
0.3,0.0,0.6,0.7,0.6,0.3,-0.13809681520675876,1.11322633233845,1.0421983127737593,1.8368971705917831,1.931541120541845
0.2,0.2,0.2,0.3,0.1,0.9,0.9252446384631379,0.14963540144637946,0.05111009540222599,0.3545447075069558,0.09483155042459478
1.0,0.3,0.8,0.8,0.1,0.0,-0.11610603085306384,0.9788874019189637,0.9957343335743418,2.7830893639195295,2.5151251067504803
0.9,0.1,0.7,0.1,0.1,0.4,-0.046821795626088035,1.1868856212212147,0.8849060231348965,2.050337210257267,1.7494272425617936
0.4,1.0,0.3,0.6,0.4,0.9,1.032876131234197,0.11320937826855543,-0.059993531709216986,2.632427590066949,2.3549569341820495
0.0,0.6,0.5,0.1,1.0,0.1,0.1377186938892403,0.6138968320241801,0.5711735689397824,2.089135779760283,1.8471833074540718
0.1,0.5,0.0,0.1,0.9,1.0,0.8073030083440897,0.01685309151697624,0.047221338814112876,2.366992481836313,1.9999230613165546
0.7,0.3,0.3,0.0,0.1,0.7,1.0825183178968816,0.30467724741849034,-0.14429449010053597,0.31408076696257087,0.08897859494497584
0.2,0.6,0.5,0.9,0.8,0.3,0.0520146635101047,1.056074863121332,0.7995763093054864,3.6838014431782127,3.293797638179836
0.6,0.8,0.5,0.1,0.9,0.6,0.9297841836540937,0.1720961928919268,-0.03602456004374792,2.0420709938347588,1.9040136930665594
0.3,0.7,0.2,0.8,0.3,0.3,0.2404918359352807,0.6950429973902031,0.48775507735806656,1.389676816388954,1.1286227936197721
0.4,0.9,0.2,0.3,0.5,1.0,0.7853541763301795,0.33395854999329294,0.17843161620230835,2.3634595109399124,2.215192407917772
1.0,0.9,0.7,0.8,0.0,0.8,-0.011124754671681038,0.9943924159435189,0.8298580005070666,4.030611439975537,3.963626550954725
0.8,0.4,0.1,1.0,0.5,0.6,0.38333124526298934,0.5994316629776022,0.41228092295655083,3.4266577767977697,3.322086687429868
0.6,0.0,0.5,0.3,0.7,0.0,0.5850502572652039,0.4581208845951268,0.30436529193075196,2.121872994231995,1.7291893169819381
0.2,0.2,0.6,0.7,0.5,0.3,-0.06895588237792545,0.9321666241294059,0.9898466741837721,1.8720931875687647,1.664200108313655
0.1,0.1,1.0,0.4,0.2,0.1,0.07196910302889525,0.9126054540573681,0.9604821032727018,1.8193551590814296,1.4970175011091613
0.0,0.3,0.4,0.4,0.3,0.2,0.09287940686769636,1.0902667682924416,0.806761294422677,0.4697400174454311,0.022051473508321175
0.2,1.0,1.0,0.9,1.0,0.3,0.03623521976811186,0.95407939535423,0.97546523899349,4.990736828316613,4.79340841014679
0.4,0.8,0.1,0.5,0.9,0.7,0.766358481046038,0.11870008506826886,-0.17797875430270382,2.16242900435447,1.954720587901118
0.4,0.5,1.0,0.1,0.1,0.3,0.16842897101750678,0.960304866341902,1.0233710167259826,1.8743970978777649,1.457148928684876
0.8,1.0,0.0,0.3,0.7,0.8,0.902740215559989,-0.08873699340541831,0.0704129644855159,3.680084185263867,3.602873406433221
0.2,0.3,0.7,0.3,0.3,0.4,0.41587157188280366,0.6459329014393715,0.4438774927986847,0.15580413996562054,0.14789656969623716
0.6,0.0,0.0,0.9,0.0,0.7,0.021301297579985952,1.055803606545311,0.8774604216464795,2.145662299831356,1.6827382646787254
0.8,0.1,1.0,0.8,0.0,0.4,0.05103199777343605,0.9800556925103978,0.7380517110701055,3.368913310960474,3.21670474499696
0.7,0.0,0.0,0.5,0.9,0.5,0.8027718781345473,0.24196754160053416,-0.005979195308821933,2.3910484451541314,2.142973725517194
0.4,0.0,0.5,0.2,0.6,0.3,0.14531884200858575,0.8634470526236117,0.7388680770040275,1.1440169350671674,1.0039471038407175
0.6,0.4,0.1,1.0,0.9,0.1,-0.2131551933964155,0.9379179955498343,1.1242336335676328,3.7899472947593065,3.5887708641889744
1.0,0.0,0.4,0.9,0.0,0.9,-0.06660568966810082,1.0219413926077479,0.8096750066951968,3.101617433466232,2.757180491979324
0.0,0.5,0.6,0.2,0.8,0.5,0.5675310440642249,0.5823666388306243,0.39137335097285275,2.0128603758858197,1.9574087614504905
0.6,0.7,0.2,0.0,0.6,0.1,1.0087168210088953,-0.06863073243832897,0.1103629536462927,1.5309336032900949,1.6178126162321884
1.0,0.5,0.2,0.6,0.6,0.7,0.8805987792196598,0.06218150084641989,-0.07265966517251621,3.902859724845947,3.6227501747360593
0.7,0.6,0.9,0.4,0.0,0.8,0.9323519912343853,0.2509572114258254,-0.14520342383650478,2.1081422345966767,1.8078671673356077
0.1,0.4,0.2,0.2,0.6,0.0,0.9212540051751736,0.08407120377651282,-0.12519711483936763,1.2939763778232591,1.175882480743833
0.0,0.2,0.8,0.0,0.0,0.7,0.8561898007617879,0.1447670326158113,-0.018402232213114062,0.49228298119736214,0.130517656188203
0.6,0.3,0.3,0.6,0.7,0.6,1.1051906732738732,0.1874061713932514,-0.011154238720213075,1.6887934583106605,1.1323938484813385
0.1,0.4,1.0,0.6,0.4,0.2,-0.1323173495112884,1.061424205957016,0.8991887008558715,1.5486626610282865,1.4689276054857787
0.0,0.4,0.6,1.0,0.1,1.0,-0.10821797340501271,1.1648011005227181,1.0575901737999511,2.1342087504169673,2.1423210209013064
0.2,0.1,0.7,0.9,0.9,0.4,0.026467329929224594,0.9905808056156735,1.0222868922326998,3.8213102708057365,3.498763601722247
0.0,0.4,0.2,0.8,0.0,0.5,-0.23794512002203422,1.0541091795396844,0.9852607217474691,1.1654827728983421,0.9113814848616641
0.0,0.9,0.6,0.6,0.0,0.5,-0.12869897999049426,0.8784210455631875,0.8501528558246964,2.176849444835953,1.9659023786005754
0.6,0.6,0.7,1.0,0.9,0.7,0.8322894471498844,0.20834159417054765,-0.009291970751347727,4.387204789485085,4.387329950688411
0.6,0.0,0.6,0.3,0.2,0.7,0.8613780530862322,0.3034038609968468,0.1535633370266153,0.5525340701253909,0.5638811641848311
0.7,0.9,0.2,0.4,1.0,0.5,0.8970192428643914,0.08259785330498944,-0.05499724007999434,3.344070919239917,3.154482726189084
0.0,0.2,0.4,0.8,0.7,0.4,-0.10260736925756048,1.2164212928392766,0.7230592242244929,2.447424606679367,2.2225857396583484
0.9,0.1,0.5,0.3,0.7,0.5,-0.0042426995115952765,0.931107937754766,0.9661107422446965,2.8571422523910717,2.8730685414693156
0.3,1.0,0.8,0.6,0.8,0.0,0.6408521872228863,-0.049263642407823036,-0.09806061566829549,4.005762479759294,3.7679015873288004
1.0,0.1,0.6,0.5,0.6,0.7,0.01003148361500011,0.9040130620332439,1.0137460499374662,3.4460883919065175,3.3634961212050407
0.5,0.2,0.6,0.6,1.0,0.5,-0.0646238528790527,1.1292080132431783,1.0966259194442776,2.3657297444035144,1.9890333455669809
0.1,0.4,0.3,0.4,0.7,0.2,0.6899630115583588,0.18723342998267217,0.2553696970272625,1.3980635151493144,1.2720625706415614
0.5,0.6,0.5,0.0,0.2,0.2,0.06281185778893615,0.9696904863664553,1.0595816532965807,1.3048598996346865,1.054122840977363
0.4,0.2,0.2,0.0,0.0,1.0,0.7121233122312227,0.029467577774175954,0.223020173919117,0.4974193483449263,0.221870404643046
0.4,0.2,1.0,0.1,0.1,0.3,-0.11036508137404084,0.9161798498537383,0.9804648869990161,1.0514566280299518,0.9072420756130836
1.0,0.2,0.8,0.9,0.5,0.7,0.28689362460679624,0.9778857586125449,0.638045606679899,3.9786583441021186,3.730255437967969
0.7,1.0,0.4,0.4,0.5,0.0,0.9068548815376735,0.08169595234489536,0.09193974412392215,3.273026355912853,3.0558965526784645
1.0,0.0,0.4,0.9,1.0,0.8,0.6156985615095875,0.37095151220088374,0.32321035617212784,4.13953949407027,4.137282173858952
0.0,0.5,0.6,0.8,0.1,0.0,-0.1265542477804052,1.1897906266681235,0.8800461090145242,2.453013808618469,2.390014091975579
0.9,0.2,0.7,0.3,0.2,1.0,0.5028913938783649,0.3495106912339875,0.18945503021398422,1.6673798523211847,1.4750904220647036
0.2,0.0,0.1,0.4,0.3,0.4,0.14030043170451154,0.8741854675781038,0.7203143531165087,0.6757104380185819,0.23780601151248734
0.3,0.5,0.6,0.6,0.9,0.4,0.24517595567751532,0.6031390038012189,0.40038234630192393,2.948708645966115,2.5652573649036317
0.2,1.0,0.4,0.5,0.8,0.6,0.9125633944281133,-0.18832568910480288,-0.019737121127325227,3.017861047876416,2.8957420133946323
0.3,0.6,0.5,0.6,0.0,0.6,0.580987871575012,0.5211543771703235,0.27108268020284887,1.147511350206378,1.1350647731803953
0.1,0.1,0.3,0.8,0.4,0.5,-0.19837972909779,1.0346747920706703,0.9856453048970061,2.041162931864717,1.7750539385641626
0.1,1.0,1.0,0.7,0.3,0.3,0.16195185159256867,0.9638276277327809,0.9218230528460919,3.1201904750464773,2.924927372183409
0.2,0.5,0.5,0.7,0.7,0.4,0.07714685515686862,1.1678798062959577,0.824803280209542,2.7800019497565995,2.5780871068648348
1.0,0.2,1.0,0.3,0.9,0.5,-0.1389592782884422,0.9218708784672036,0.8631186451754482,3.531191546864791,3.3052647780828344
0.5,0.6,0.2,0.1,0.8,0.2,0.6648268246645116,0.18322138064135368,0.11052693719699443,2.234992721525443,1.9815677567996153
0.7,0.3,0.4,1.0,0.1,0.3,0.037213258943731134,1.0936580726055611,0.8667722946394154,2.1739365482933986,2.0703894166207517
0.5,0.2,0.3,0.8,0.3,0.7,0.8235121269365104,0.037758532276145035,0.09536443461041069,1.7688350990674648,1.4526399205977638
0.0,0.1,0.1,0.1,0.8,0.2,0.1706383097677888,1.0695856438385367,0.84985868502287,2.2035024026885544,1.825021863232607
0.5,0.1,0.3,0.7,0.7,0.9,0.9493816045991919,0.2118679028452079,-0.10743689075998814,2.8170598557190263,2.592035565164411
0.0,0.2,0.7,0.4,0.6,0.8,1.0302903276568185,0.19338650332449964,0.05633538263997639,1.5553329679690366,1.4476055861283723
0.2,0.1,0.4,0.7,0.3,0.3,-0.08710878529089922,1.1736460359830754,1.0171068412640578,1.5922148830727503,1.3680932850717622
0.1,1.0,0.2,0.6,0.4,0.6,0.7877945735315063,0.28903122526854574,0.09985389247358906,2.423708934024551,2.1893138563383685
1.0,0.2,0.7,1.0,0.4,0.5,0.015290830803312666,1.052464134735244,1.0010578641163974,4.201313607636649,3.8726836991466387
0.8,0.0,0.0,0.9,0.0,1.0,-0.12328252270951245,1.1629809664366564,0.9071366291332538,2.6538436593983197,2.459258562484136
0.5,0.2,0.4,0.0,0.5,0.8,0.9517560345681917,0.21109596673889092,0.13318038475495608,1.0211196257909738,1.0189640663130242
0.9,0.9,0.3,1.0,1.0,0.5,0.4224768890043484,0.5718398590668319,0.49735516303305305,5.754534061396554,5.442118008359825
0.6,0.2,0.0,0.2,1.0,0.3,0.3886314300324781,0.6555693958488925,0.5026537652938169,1.8158897217740253,1.6951451247865794
0.6,0.4,0.9,1.0,0.8,0.1,0.008939740395293652,1.063551376114482,0.7863911643832658,4.252150290639641,4.1504609290693155
0.5,0.9,0.0,0.5,0.9,0.8,0.9440959085476435,0.07896846692974863,-0.008944130087655666,3.4920696297490363,3.150051774343153
0.6,0.8,0.7,1.0,0.9,0.9,0.7948319205362797,0.09972746998545655,-0.0798196738035154,4.430771449582857,4.01205451887553
0.7,1.0,0.7,0.0,0.8,0.4,0.8678198512221277,-0.018153729785685857,-0.13237689811887074,3.5406052173362292,3.3190857812795027
0.5,0.2,0.1,0.2,0.3,0.4,0.07301850329718489,0.8983299568200217,0.9313799778946873,0.5909402641835033,0.434370678792412
0.1,1.0,1.0,0.8,0.2,0.0,-0.18235709404786274,1.135585654160031,1.1760519039421544,3.5759675923503162,3.5446435621051164
0.3,0.6,0.5,0.5,0.2,0.0,0.22765978882478982,0.8589809026460304,0.6407974222828929,1.5049005184188635,1.4402861022067648
0.7,0.5,1.0,0.8,0.8,1.0,0.9576097114708625,-0.06761014601031813,-0.05600789557642804,4.600191546648276,4.334342025773869
0.1,1.0,0.4,0.9,0.9,0.7,0.9705376260530512,0.07767140426843978,0.18672882438682797,4.3778723982469465,3.9419123934167812
0.4,0.9,0.9,0.7,0.0,0.4,0.06845838966561668,1.0469429784231539,0.7921461600395959,2.7591878887861014,2.6402103611195074
0.3,0.6,0.5,0.4,0.9,0.0,0.6739068525135133,-0.07108959784624247,0.12370989411750413,2.4541838288435454,2.300299382513775
1.0,0.6,0.0,0.0,0.5,0.9,0.8730804469989104,-0.10262603267281804,0.07978423436453569,2.867759057042982,2.6678287660771107
0.3,0.8,0.5,0.3,0.3,0.7,0.8403839574222047,0.04050297852806795,-0.032326539804390084,0.7091256666453432,0.4875020674275479
0.1,0.7,0.5,0.7,0.9,0.3,-0.06061251920568567,1.103688883859044,0.9000295964615997,2.1055343492716396,2.0278448075100965
0.7,1.0,0.9,0.1,0.3,1.0,0.8186244072889706,0.1419110512112667,0.07502582132354994,2.7072025539387155,2.5725931968652564
0.5,0.4,0.1,0.5,0.4,0.6,0.8294089062014607,0.4021736203627456,0.20144037928190536,1.051160127184544,0.6873355460373988
0.3,0.4,0.9,0.8,0.9,0.5,0.9486464942714834,-0.00948751443970261,-0.0645702964253759,2.7589138519195386,2.81202490601868
0.0,0.2,0.2,0.9,0.5,0.0,-0.013489797212560082,1.2137981340503392,0.9247848910407305,2.677500517488787,2.453678215016565
0.0,0.6,0.0,1.0,0.8,0.6,0.3084328933920491,0.7808969739010813,0.7226239940235302,3.732935335311586,3.6406892827824153
0.1,0.2,0.5,0.0,0.4,0.5,0.4782621041672195,0.4330100296415328,0.49784855646696513,0.4077840268849917,0.16270983469630673
0.7,0.2,0.2,1.0,0.8,0.9,0.9548054942929132,0.021548478228607018,-0.13296194550667392,3.937201064779105,3.872774644788637
0.7,0.5,0.2,0.3,0.9,0.1,0.7123026466069494,0.168615383010761,-0.03021168926232224,3.1473216807472744,2.7966113359110367
