X1,X2,X3,X4,X5,X6,X7,X8,X9,y1,y2,y3,y4,y5
0.5,0.8,0.9,0.5,0.0,0.0,0.1,0.7,0.6,0.7369388227251082,0.3946205664768869,-0.04608525845174091,2.734912161964129,2.6541153630736045
0.9,0.2,0.4,0.5,0.2,0.4,1.0,0.2,0.4,1.703990228940509,-0.8585507247076348,-0.9971732877978853,3.3234721221080825,3.032832829421404
0.7,0.7,0.9,0.1,0.7,0.0,0.6,0.9,0.9,0.8254230479754603,0.16743511083799967,0.13613242043733073,4.148558141257312,3.9160154757808225
0.7,0.6,0.9,0.1,0.0,0.1,0.8,0.8,0.3,0.6596243200739976,0.27357489565917464,0.07652797467840888,3.972479242556647,3.8509569921342233
1.0,0.9,0.8,0.7,0.3,0.6,0.5,0.1,0.9,0.19519936169811014,0.7657095910868972,0.5587271720687706,2.394899859208538,2.5536884195713747
0.3,0.4,0.8,0.1,1.0,0.4,0.0,0.3,0.9,0.5380127717381469,0.46122153644463165,0.5237276074576457,1.85703653632521,1.6530550838796207
0.2,0.0,0.4,0.9,0.2,0.7,0.7,1.0,0.9,0.8728013572092204,0.25359113023892543,0.04855836113503084,1.114531266380955,0.9062408035082528
0.8,0.6,0.9,0.3,0.7,0.7,0.4,0.5,0.9,-0.20044856180157716,1.4447685101773327,1.3549456430375935,3.91909098873779,3.7280791412895695
0.3,0.6,0.8,0.0,0.2,1.0,0.7,0.7,0.9,-0.5688750452041524,1.6461051021871593,1.6821917501247512,2.231494356037703,2.043415816492535
0.7,0.3,1.0,0.0,0.8,0.7,0.7,0.1,0.1,0.5903707909689474,0.36371536600222065,0.3712376465357956,4.149939142373784,3.952616781028501
0.3,0.0,0.8,0.6,0.4,0.5,0.6,0.2,0.5,0.7281094324183277,0.31849185818857495,0.014837945575793383,1.1026810545875922,1.049092095187364
0.7,0.8,0.4,0.4,0.7,0.7,0.4,0.9,0.0,-0.6745089190405513,1.6340134499134404,1.4905983500670699,3.953889110926153,3.600929679598802
0.2,0.0,1.0,0.7,0.1,0.7,0.9,0.8,1.0,0.20625476445048657,0.7828056955404175,0.7704938671380328,2.048555308394116,2.0962283598842277
0.4,0.0,0.1,0.9,0.8,0.2,0.3,0.1,0.2,1.369365674657064,-0.4109725824898709,-0.687066574495492,1.7418126151577673,1.4998692496269568
0.7,0.2,1.0,0.6,0.0,0.9,0.2,0.6,0.6,-0.1681881500461303,1.181946500855893,1.3701043046030263,2.812734472154126,2.7409234200774804
0.2,0.7,0.7,0.0,0.6,0.5,0.1,1.0,0.4,-0.8212484263731136,1.82454658703371,1.6030908918693694,2.299171361805076,2.018282794009629
0.6,0.0,0.6,0.5,0.1,0.2,0.1,0.5,0.4,0.10943295377222123,1.0053270878625544,0.7835541417905981,2.2683387660566714,2.1342775307112705
1.0,0.0,0.7,0.8,0.9,0.5,0.7,0.0,0.9,0.33941853302095504,0.6495396895295407,0.3851117617995222,3.322065835293629,3.066513811666838
0.3,0.9,0.1,0.4,0.4,0.6,0.8,0.8,0.9,-0.17482447408024085,1.2097437688560537,1.144386882300552,1.981288969070361,1.5903191117344442
0.2,0.7,0.5,0.5,0.4,0.5,0.8,0.5,0.8,0.1452777362663154,0.7017709448622771,0.5214813416044702,1.9003390869728507,1.9996185143621175
0.1,0.1,0.8,0.7,0.0,1.0,0.3,0.4,0.2,-1.7366575287889199,2.458816874602247,2.3689215392894476,1.8999507762268564,1.7251714831914973
0.0,0.3,0.5,0.1,0.2,0.4,0.3,0.0,0.6,0.8853024061662781,0.06115060991283719,0.1240258611400763,1.7949727125839707,1.7528444717855884
0.0,0.7,0.2,1.0,0.8,0.3,0.0,0.8,0.4,0.7086425739783121,0.26625914166903686,0.1501998063071348,1.3488846860384083,1.0005817923039682
0.2,0.9,0.0,0.3,0.8,0.1,1.0,0.4,0.3,0.07663314941378721,1.0547930471827882,0.920898112214851,4.135358706236246,3.695895580050806
0.3,1.0,0.6,0.7,0.3,0.5,0.3,0.2,0.4,-0.7950722601057697,1.8579195859040303,1.8335049086957287,0.9483600899700768,0.8409648030682315
0.4,0.0,0.3,0.3,0.8,0.3,0.5,0.6,0.7,2.173388057486758,-1.1861192412650623,-1.440574640450147,2.876182185295248,2.933015095454518
0.5,0.1,0.7,0.0,1.0,1.0,0.2,0.8,0.2,-1.4375505135440918,2.36595813757407,2.2259411404605514,2.2739103401169616,2.1458222575781494
0.1,0.4,0.0,0.4,0.1,0.7,0.3,0.1,0.6,-0.4365251625520551,1.269154278689282,1.241887724768979,2.6908528023979192,2.3738486711277056
0.6,0.9,1.0,0.6,0.9,0.6,0.0,0.0,0.2,-1.001551507995238,2.0133024352106927,1.745943187878923,2.868569442400715,2.8243700619325645
0.9,0.6,0.0,0.6,0.7,0.0,0.3,0.9,0.0,-0.34906398499461183,1.3552478207248873,1.0314894873271339,3.7329489177020028,3.6072459751989214
0.3,1.0,0.4,0.7,0.5,0.3,0.8,0.8,0.0,0.6234533668731305,0.3710903999054995,0.4465589845964697,1.251700139942708,1.288013518832352
0.6,0.7,0.9,0.5,0.4,0.9,1.0,0.5,0.2,-0.4305018553321306,1.3324157523385025,1.0944171987742917,2.944595933608596,2.8118201293438334
0.5,0.6,0.6,0.8,1.0,0.7,0.7,0.7,0.2,-1.1178401097994082,2.357473218239388,2.0822124776441644,1.9211840358842907,1.7312172959202605
0.6,0.0,0.5,0.2,0.1,1.0,0.8,0.5,0.9,-0.26726885391170496,1.428078729562078,1.550223201861877,3.5282530233285323,3.466425261762359
0.4,0.9,0.1,0.2,0.0,1.0,0.4,0.7,0.0,-0.9202345236852926,2.037823102728288,1.9498253477010075,3.500116067034859,3.214513829241821
0.6,0.2,0.4,0.3,0.6,0.7,0.6,0.3,0.0,0.007942589874701866,0.9347963663216531,0.7331123554139596,2.5754205995732997,2.3563257431335516
0.6,0.4,0.7,0.6,0.2,1.0,0.9,1.0,0.5,-1.7639079246530407,2.62454838177667,2.5618577086140237,2.9765654976699505,2.8136706444811077
0.9,0.9,0.9,0.8,0.6,0.4,0.2,1.0,0.9,0.5909519867574675,0.5492150662267266,0.423872402230976,2.37700477729263,2.0988423930210383
0.4,0.0,0.0,0.3,1.0,0.4,0.9,0.3,0.9,1.0771786378418602,-0.14066825263350394,-0.138950876964686,2.8392750590044575,2.468363255664404
0.1,0.2,0.5,0.4,0.0,0.8,0.2,0.3,0.9,-0.6774953023315563,1.9534506207557067,1.5155342580068205,1.8745786897742367,1.4163837162284503
0.9,0.4,0.4,0.8,0.2,0.1,0.6,0.3,0.8,1.7128505624030261,-0.5673048026308913,-0.5939761773822569,1.8299246628670942,1.5331839690911013
0.9,0.7,0.0,0.5,0.2,0.2,1.0,1.0,1.0,1.0397590473639273,0.03253524083190672,-0.12875241762623482,3.689163475610487,3.5290092992242856
0.8,0.5,1.0,0.0,0.5,0.9,0.8,1.0,0.6,-0.44639781265346834,1.2269178854103768,1.306158107881005,2.979708516927768,2.6579126289332455
0.6,0.0,0.4,0.7,0.3,0.0,0.1,0.6,1.0,2.549349938111168,-1.5237915119982233,-1.7081072567841764,0.8119906871312925,0.6538053739697826
0.0,0.6,0.1,0.6,0.4,0.2,0.5,0.4,0.6,0.49341880251886217,0.40495715329040705,0.1920170948967027,0.7311876487913058,0.6535113936389778
0.2,0.9,0.2,0.7,0.5,0.0,0.7,1.0,0.8,1.2090282744650247,-0.3361735931679372,-0.34299793007413365,1.5253719690784282,1.2353024759995983
0.8,0.8,0.0,0.7,0.2,0.0,0.7,0.1,1.0,1.3548172401378589,-0.43350586231107235,-0.4886792501303896,2.523490038493528,2.535261657578235
0.1,1.0,0.9,0.5,0.1,0.5,0.9,1.0,0.6,-0.06398711927177222,0.9978852779281246,0.9392838179960776,3.7748671645730676,3.475628523008446
0.4,0.9,0.8,0.7,1.0,0.5,0.1,1.0,0.8,-0.5289069170854808,1.5330679638750468,1.5489449221266898,2.2944860779637444,2.066881343454026
0.0,0.5,0.3,0.9,0.0,0.4,0.8,0.6,0.2,1.67592011851613,-0.8324121979271257,-0.7808841417234179,2.2708436598956854,2.1067884247620556
0.4,0.3,1.0,0.2,0.0,0.0,0.4,1.0,1.0,1.80968559587525,-0.7242605789677113,-0.9208044454265987,3.9087798738947694,3.436060919523676
0.2,0.5,0.0,0.0,0.3,0.8,0.5,0.3,0.1,-0.7298396126935704,1.6205148821115718,1.7009196002419653,1.3840729099965434,1.011398952737005
0.4,0.7,0.3,0.2,0.2,1.0,0.2,0.6,0.6,0.32893715626395326,0.8326123173751546,0.7188055586969088,2.3210128055595876,2.164374201894495
1.0,0.0,1.0,0.1,0.5,1.0,0.6,0.5,0.8,0.4494657456177078,0.4941017207559803,0.3729282992183239,3.29907192926514,3.045517704838898
0.8,0.5,0.5,0.7,0.5,0.9,0.1,0.3,0.9,-1.3665508821987444,2.64584772645182,2.413726796465423,0.6762619092348376,0.37200620856903543
0.3,0.3,0.3,0.6,0.1,0.3,0.0,0.5,0.0,1.61968570393623,-0.39619050518333626,-0.6067466957275582,2.0755180118065195,1.6968627341148916
0.5,0.2,0.7,0.6,0.4,1.0,0.0,0.2,0.4,-1.499502065532878,2.4877900577834535,2.474136922100763,0.737554041588199,0.50798388936584
0.8,0.7,0.6,0.7,0.7,1.0,1.0,0.1,0.7,-1.6774535526735619,2.9052752999874976,2.9314868023530436,3.7190229386169467,3.209695698219173
0.7,0.3,0.8,0.3,0.0,0.6,0.3,0.0,0.6,-0.4660642724059362,1.3762816200377193,1.1978189968240274,3.5085509724753847,3.276336333791055
0.5,0.9,0.6,0.4,0.6,0.6,0.2,0.2,0.4,-1.5429116567755412,2.4217868975792656,2.3535665347504144,2.4103655967561846,2.1103646361992534
1.0,0.1,0.2,0.3,0.9,0.3,0.6,0.7,0.0,2.2431643093842712,-1.3949622015230452,-1.4019576559994713,4.000769895354191,4.223274281858888
0.3,0.3,0.6,0.8,1.0,0.6,0.5,0.1,0.3,-0.27028100717861875,1.1985781411117105,1.0307000109384632,2.1372859067492396,1.8429360282250447
0.2,0.6,0.3,1.0,0.6,0.7,0.2,0.8,0.0,-0.05737672447457329,1.1217212102721634,1.1260899568481761,0.977233020813177,0.696916779080603
0.1,0.8,0.6,0.0,0.0,0.1,0.2,0.7,0.7,0.033551549352038634,0.9219202820189792,0.9037573090111511,2.3582797167839593,1.961764959545673
0.4,0.4,1.0,0.0,0.1,0.0,0.8,0.5,0.6,1.3756645042739344,-0.4034268672003922,-0.37504769189855325,3.80486854140493,3.4804338741397944
0.2,0.5,0.4,0.3,0.0,0.6,0.2,0.1,0.9,0.44549791354348034,0.7518997856682488,0.5998317468066794,3.0032512711771893,2.9171469540081114
0.4,0.4,0.0,0.9,0.8,0.7,0.7,0.6,0.1,-0.3610324030825074,1.5911285605187437,1.189997018973299,2.4172309020804086,2.336829956504236
1.0,0.7,0.2,0.4,0.5,0.6,0.7,0.2,0.0,1.1616177029120853,-0.031154834623323975,-0.17357711501707268,3.4003024144453646,3.2578944461591486
0.5,0.2,0.7,0.9,0.9,0.7,0.1,0.1,0.4,-0.8898106215553565,1.7982654655548553,1.7485960944143188,1.7743061540100742,1.489277927416858
0.6,0.5,0.6,0.4,0.1,0.1,0.5,0.1,0.2,0.08544401097310525,0.9841834616073485,0.6615152714758201,3.6062759672534344,3.5419568591441735
0.6,0.2,0.3,0.3,0.2,0.3,0.0,1.0,0.0,1.866175278984826,-0.8185967934943594,-0.8957974219320509,2.573869163529392,2.4103903223689103
0.1,0.5,0.0,0.5,0.8,0.8,0.0,0.0,0.0,-1.6095195219568326,2.5724204756447047,2.4282613829883823,2.387297868009115,2.275531741468531
0.9,0.8,0.5,0.9,0.3,0.4,0.0,0.9,0.8,-0.008981204906331364,1.1592665167756975,1.139519610264896,1.2872778133528922,1.132018014613537
0.6,0.3,1.0,0.9,0.9,0.0,0.8,0.1,0.6,1.7969653517503372,-0.8317132987642912,-1.1250232146528212,2.9755183262132507,3.115194748400528
0.6,0.1,0.3,0.7,0.3,0.2,0.3,0.0,1.0,2.3678109554827556,-1.4270161117970181,-1.2979515877093475,0.2647298676277639,0.2590447178662834
0.2,0.8,1.0,0.2,0.9,0.0,0.1,0.3,0.9,0.8610049866205436,0.1437549038739958,-0.15477109955805113,3.249648213240298,2.9555527354846354
0.4,0.8,0.8,0.8,0.2,0.8,0.6,0.4,0.9,-0.9570207286473669,2.069433209740307,2.0211336937057145,1.2244261822222422,0.966420885214727
0.0,1.0,0.5,1.0,0.5,0.6,0.1,0.7,0.6,-0.6234823196090729,1.5775290259030643,1.6525031989001238,0.45060224752697114,-0.04934395908186233
0.5,0.7,0.1,0.9,0.7,0.5,0.6,0.7,0.6,0.08992658977237956,1.0179457724665253,0.8995386397468319,1.7424208409406094,1.6468361483629734
1.0,0.7,0.5,0.6,0.8,0.7,0.4,0.2,1.0,-0.432777504874535,1.48554573789631,1.4636305282645252,3.3395040524645196,3.3516742874473304
0.4,0.0,0.0,0.3,0.5,0.9,0.0,0.3,0.6,-1.012339853026152,2.0275936157437853,1.7988585968927815,0.7952412622742727,0.5670338605814846
0.5,0.1,1.0,0.1,0.8,0.4,0.7,0.0,0.1,0.97089414411433,-0.02679434738787385,-0.06488119367543564,3.794335444395967,3.6158092529794703
0.7,0.1,0.5,0.4,1.0,0.5,0.6,1.0,0.2,0.45381712635486765,0.7583482487863382,0.5508533660748329,3.791345033889428,3.535607111071993
0.5,1.0,0.3,0.9,0.3,0.9,0.5,0.1,0.9,0.488664202218597,0.7970317895258945,0.45855455664243916,0.8943745564563167,0.8991822129143737
0.7,0.7,0.0,0.8,0.6,0.1,0.2,0.0,1.0,0.4632932925607313,0.41238757006061433,0.22516013111781724,1.3513543133321984,1.137926409804791
0.4,0.4,0.6,0.1,0.0,0.9,0.4,0.9,0.3,-1.8376289679515938,3.000209700854647,2.8724771733141234,3.185032987938889,3.139152638724256
0.0,1.0,0.5,0.1,0.1,0.9,0.6,1.0,0.0,-1.224632207658465,2.2921270445603383,2.0716366675470876,3.6044618066814946,3.397582435778312
0.2,0.8,1.0,0.3,0.7,0.2,0.5,0.6,0.0,1.5079663252260835,-0.4837990177309387,-0.2424361395490624,3.7201127570788364,3.801043253542545
0.4,0.2,0.3,0.1,0.0,0.5,0.7,0.0,0.2,1.2001133762902727,-0.36249229792893933,-0.22403428857138064,3.13962585670435,2.9830863984815155
0.2,1.0,0.0,0.9,0.5,0.1,0.1,0.6,0.3,0.4716547746510762,0.606615246583299,0.41791460181749784,0.5864520177566306,0.5046225060046597
0.2,0.1,0.1,0.2,0.7,0.5,0.2,0.9,0.4,-0.1396274975775017,1.1292492925692736,0.9658767054870999,2.8945153053943735,2.536477896315856
0.7,0.3,0.5,0.0,0.2,0.1,0.4,0.9,0.4,0.6829947224280712,0.15933029409872565,0.0293571535616486,2.716692640499147,2.520629314753259
0.6,0.9,0.3,1.0,0.8,0.8,0.7,0.1,0.8,0.02463771148129698,0.6631571380135812,0.7037612522851804,2.5236360596151233,2.3508008751279967
1.0,0.7,0.8,0.9,0.2,0.2,0.5,1.0,0.5,0.7990283657286935,0.18207825749698767,-0.12440398337417946,2.694984056564161,2.4818650110612315
0.3,0.5,0.9,1.0,0.2,0.7,0.4,0.1,0.6,-0.01997275787016574,0.8875634330945732,0.798408836953486,1.505700734828638,1.2188414875843032
0.9,0.8,0.1,0.8,0.1,0.6,0.2,0.6,0.1,0.07145359795565807,1.0397486676133065,0.7380897922638094,2.603444037118444,2.5275196423263857
0.8,0.3,0.7,0.0,0.7,0.0,0.0,1.0,0.7,0.038690083244309864,0.8581068216836483,0.7904654036936158,3.114917914078505,2.8860540329120905
0.3,0.9,0.5,1.0,0.2,0.5,0.1,0.2,1.0,0.0870731659676784,0.7638097988719882,0.8051603151396969,1.0071029399081524,0.9309647611515762
0.5,1.0,0.3,0.3,0.6,0.1,0.8,0.1,0.8,1.8381487841103372,-0.6815587566110147,-0.6031958645763728,3.4650741523505166,2.9774618326057216
0.6,0.4,0.6,0.9,0.5,0.4,1.0,0.7,0.2,0.36838517078247157,0.7081646761978718,0.48672067009391695,1.291029200268097,1.0462737187823623
0.0,0.2,0.0,0.5,0.9,1.0,0.4,0.1,0.4,-0.5254975926984752,1.5482936736779753,1.406292009091179,2.75086467648743,2.6585488501601042
0.5,0.2,0.9,0.3,0.1,0.5,1.0,0.1,0.1,1.245367416306492,-0.19584873872352374,-0.34226797408627074,4.348669339714795,4.112228778533133
0.7,0.1,0.2,0.6,0.0,0.7,0.7,0.4,0.3,-0.2216177247678381,1.339522758125605,1.1582631708252065,2.5385802168816474,2.300995619415414
0.2,0.7,0.8,0.5,0.2,0.4,0.9,0.2,0.2,0.9108667537977724,0.3960763475835193,0.3015873385760841,2.906207040577215,2.7923420969320225
0.3,0.5,0.9,0.6,0.4,0.9,0.0,0.2,0.8,-0.557601045302311,1.7711376414111426,1.4481845581378427,0.8024085723227398,0.35919646877640793
0.3,1.0,0.7,0.3,0.9,0.2,0.3,0.8,0.8,-0.42349715695675666,1.3609139370210737,1.4127008922103717,3.0640889423903697,2.756359982829667
0.0,0.2,0.6,1.0,0.8,0.3,0.6,1.0,0.4,0.028777007073999217,0.7935628166515877,0.5960977079389699,2.2115478135873508,2.0767751636275698
0.9,0.7,0.6,0.3,0.2,0.9,1.0,0.1,0.5,-1.022039023622932,1.791013463047665,1.8220147314858757,4.276086527496114,3.92134896252915
0.5,1.0,0.6,0.9,0.4,0.6,0.7,0.8,0.5,-1.5822807299488273,2.5054620453426417,2.2702014558380115,0.8766813659856514,0.614260098356472
0.7,0.2,1.0,0.5,0.3,0.4,0.5,0.9,1.0,1.3296653102922626,-0.26907409851584996,-0.44575046567832227,2.5834895795024964,2.251210425346115
0.2,0.4,0.0,1.0,1.0,0.3,1.0,0.5,0.2,1.134005750980802,-0.06962761976799557,-0.13842643080280836,2.354116469957755,2.271872456653428
1.0,0.6,0.2,0.8,0.0,0.2,0.6,0.4,0.8,1.0738479993057313,0.03808573280434713,-0.19454483770553738,2.6122648484726683,2.2666395297036237
0.4,0.3,0.4,0.9,0.8,0.3,0.5,0.2,0.0,1.6970246240394264,-0.6616072852502943,-0.5832673897022655,2.143990424835398,1.982936310899908
0.7,0.9,0.8,0.1,0.4,0.6,0.1,0.6,0.9,0.1728112631664899,1.1174193111195294,0.7677104762955175,1.9826677294083648,1.935061910102989
0.3,0.4,0.3,0.7,0.3,0.8,1.0,0.3,0.4,0.28256313668776545,0.7042193115821052,0.6353545407876687,0.7193317622140223,0.3995828288541294
0.4,0.4,1.0,0.6,0.3,0.0,0.4,1.0,0.6,1.33137736550205,-0.2626712478422787,-0.3262963972644469,2.0511750149051964,1.8359831379987057
1.0,0.4,0.9,0.3,0.0,0.6,0.2,0.9,0.2,-0.041938160500286516,1.1772854828876729,0.9657092493700795,4.626249009754768,4.73497774086675
0.9,0.0,1.0,0.1,0.2,0.4,0.6,0.0,0.6,1.6823660849181863,-0.5425902496326858,-0.6938361486327327,3.2039357874304386,3.0745172476918574
0.0,0.0,1.0,0.2,0.6,0.4,1.0,1.0,0.1,1.4657106271592775,-0.568060956170126,-0.5821489048231376,3.576312300540645,3.050868346384203
0.5,0.8,0.2,0.2,0.6,0.5,0.1,0.2,0.7,0.7299546573693736,0.37140562632350743,0.18854889904932964,2.22816525052794,2.0408846119776314
0.6,0.7,0.4,0.5,0.7,0.2,0.3,0.7,0.4,0.9910058302343586,0.18630169048379996,-0.11514850287512124,2.325339169318295,2.0813452689410883
0.1,0.5,1.0,0.8,0.3,1.0,0.1,0.0,0.8,-0.7605438901094582,1.7502994375621013,1.8153941097907136,0.6834680934501173,0.45040597065342736
0.8,0.4,0.4,0.2,0.6,0.8,0.5,0.7,0.7,0.20394733101208495,0.9402338504507742,0.885744594638465,2.5087132898046383,2.2969386029365144
1.0,0.9,0.7,1.0,1.0,1.0,0.8,0.8,0.9,-1.534652700485792,2.402644788974513,2.3023744549463583,3.129777798636045,3.107241426478836
0.4,0.9,0.6,0.2,0.3,1.0,0.4,0.3,0.5,-2.13300059764371,3.0384102057013447,2.7779247113358325,1.8099184490438684,1.544271251702892
0.2,0.6,0.9,0.6,0.0,0.4,0.7,0.3,0.7,0.1357142167937126,0.8997105949017632,0.848622457129682,2.5914952124045896,2.370635529934899
0.6,0.5,0.0,0.2,1.0,0.9,0.9,0.3,0.2,-1.0866389900312312,1.893420661098121,1.9595580461307267,3.3951729587045727,3.3180661083865934
0.5,0.1,0.7,0.9,0.8,0.7,0.3,0.1,0.7,-1.0340280720718111,1.964080082347876,1.8000713706224634,1.8786482858030553,1.693942700536846
0.3,0.7,0.9,0.3,0.8,1.0,0.7,0.4,0.9,-1.1186518469448126,2.0302238431923825,1.9957191460371482,4.008707119138203,3.563191793105022
0.8,0.9,1.0,0.5,0.6,0.0,0.3,0.3,0.5,0.3822727053784866,0.6349355853899963,0.4526346776603801,2.638426677695633,2.6520647756843916
0.1,0.8,1.0,0.5,0.2,0.3,1.0,0.3,0.7,0.6310597386361505,0.020764713442062932,0.1000054252608492,2.3414811205897204,2.2125977489716964
0.6,0.8,0.7,1.0,1.0,0.8,0.2,0.7,0.7,-1.0115051211697934,2.1796324404609106,2.021057411658441,1.5432853191085083,1.1581310806728895
0.8,0.7,0.2,0.3,0.7,0.0,1.0,0.4,0.0,1.2025758426018176,-0.09154672999013257,-0.2900635013669054,4.509175373120486,4.597193514236341
0.8,1.0,0.9,1.0,0.4,0.2,0.7,0.8,0.3,1.1268065979495219,0.030834727783576675,-0.010730954183264002,1.3252369407114366,1.4368863910820646
0.4,0.0,0.7,1.0,0.7,0.9,0.8,0.7,0.1,-0.954474400801223,2.112922028658065,1.3778476452374115,1.9173656020458973,1.7048128558359974
0.4,0.8,0.3,0.9,0.4,0.2,0.9,0.0,0.1,1.8649921333587316,-1.0796494488372979,-1.107575298946811,0.874834090974472,0.7034344335273338
0.2,1.0,0.8,0.3,0.6,0.9,0.7,0.8,0.6,-1.785559591245474,2.5946559910534477,2.6947456322095835,2.6691672173519736,2.480740767809548
0.9,0.9,0.9,0.8,0.2,0.1,0.6,0.4,0.9,0.8906318499021141,0.005184127793154469,0.02274226167874721,2.6635463930714303,2.069039620143616
1.0,0.3,0.1,0.3,0.6,1.0,0.5,0.4,0.9,-0.25114800612897165,1.3486330352956053,1.2041348211399772,3.324562787770484,3.192372522162897
0.6,0.8,1.0,0.4,0.0,1.0,0.3,0.9,0.3,-1.349583404536967,2.3375562167001425,2.5162772281022474,4.05587030238671,3.8218662392386813
0.8,0.2,0.8,0.7,0.4,0.6,0.4,0.7,0.5,0.23759657143453333,0.8755053592174096,0.7086542736526696,0.9751458984502575,0.8055981713189799
0.5,0.4,0.7,0.7,0.2,1.0,1.0,0.8,0.1,-1.7428136961567642,2.5322630309075183,2.537527879380245,2.3982822962612604,2.213974115143491
0.7,0.1,1.0,0.5,0.1,0.8,0.1,0.2,0.2,-0.38117399318463896,1.1215038530050854,1.180442281943922,2.535140894145958,2.34979988051192
0.0,1.0,0.3,1.0,1.0,0.3,0.4,0.7,0.7,1.7093402932573925,-0.8348857852869617,-0.8687197743495051,1.2649680572305653,0.8505874250730101
0.3,0.7,0.6,0.5,0.7,0.2,0.7,0.5,1.0,0.016185967352539243,1.0893835432833001,0.9044928080647195,2.940238130524807,2.8054629973739114
0.5,0.8,0.7,0.1,0.4,1.0,0.2,0.1,0.4,-1.139587391276644,2.358850046208312,2.0979859839659984,1.9096570245007343,1.8805500283495593
0.7,0.6,0.4,0.1,0.3,0.0,0.1,0.4,0.0,1.1267340714346976,-0.08731653918260054,-0.24676405408323757,2.246548711451931,2.2528091608045155
0.0,0.2,0.4,1.0,0.8,0.7,0.3,0.1,1.0,0.9210695016143201,0.0796094393175156,-0.0071102199039070405,1.517400693922474,1.4242406646739045
0.0,0.5,1.0,0.7,0.1,1.0,0.4,0.8,0.4,-1.1173235482965886,2.4590228808648362,2.034452874893113,2.035507389982237,1.7700378941597492
0.2,0.1,0.3,0.1,0.7,0.7,0.0,0.7,0.2,0.6049964893261746,0.31700220779558796,0.2806500897216905,1.6379531766773348,1.5200516635538777
1.0,0.3,0.4,0.0,0.4,0.4,0.4,0.4,0.2,1.9155370552398774,-0.8487054646792473,-0.9509178803657605,2.0249397840769436,1.8076701126973105
0.2,0.4,0.3,0.0,0.2,0.3,0.5,0.1,0.0,2.508256775203446,-1.3991393112961437,-1.5808555602280538,2.38897207446259,2.022363775743069
0.9,0.3,0.8,0.6,0.7,0.0,0.8,0.0,0.4,1.0119763376087418,0.11275036551231422,-0.036163571718505844,3.6747237387320246,3.5828779289920165
0.8,0.8,0.3,1.0,0.1,0.2,1.0,0.7,0.6,1.7952547604142945,-0.7120074964921922,-0.9571816259358074,2.475174262361443,2.268589328226009
0.7,0.3,0.0,0.3,0.3,0.3,0.1,0.2,0.0,1.5195760784701133,-0.28239284101241163,-0.344965855201275,2.1047790185133817,1.9231634105823086
0.3,0.7,0.5,0.8,0.0,0.4,0.1,0.4,1.0,-0.2548266326323826,1.3047049598866212,1.178950346111052,1.4796291040446827,1.144400194534817
0.6,0.8,0.8,0.0,0.0,0.6,0.6,0.8,0.9,-0.7074399256119654,1.6676989974914675,1.752425761450868,3.4264981329409014,3.104323674331061
0.3,0.9,1.0,0.7,0.1,0.0,0.3,0.1,0.9,1.0707016825553102,-0.14205612140320983,-0.1472228431815038,2.6064597485206322,2.4244873625409125
0.3,0.9,0.3,0.2,0.6,0.1,0.7,0.3,0.7,1.1362201725137455,-0.20961414225453642,-0.33652949669326476,2.234697432131331,2.296202854260484
0.0,0.3,0.3,0.8,0.9,0.0,0.9,0.5,0.3,2.3916617232772706,-1.5295447708558123,-1.489282053197569,2.779217149260275,2.4998508367977044
0.4,0.4,1.0,0.0,0.8,0.8,0.7,0.8,1.0,-0.3999077791635477,1.0688382482455068,1.1551289565791816,3.1264791936637426,3.0174538817937235
0.3,0.2,1.0,0.3,0.1,0.9,0.9,0.4,0.5,-0.37052059522712444,1.4699519475074563,1.4199564791867227,3.6087460934786417,3.2002052087824815
0.9,0.4,0.8,0.6,0.5,0.0,0.8,0.6,0.6,1.3693130158606597,-0.49455443463527365,-0.4648196297084722,2.773254951926601,2.6425962892431594
0.8,0.6,1.0,0.4,0.0,0.4,0.5,0.4,0.9,0.44237004374310895,0.6302277119647537,0.6424392509618763,3.882178475070441,3.8410337209560734
0.2,0.0,0.2,0.3,0.6,0.8,0.7,0.2,0.1,0.6942870918732966,0.12496024746984452,0.0477749756610253,2.238151728945632,2.1028483671991145
0.3,0.1,0.2,0.2,0.3,0.9,0.2,0.6,1.0,0.969164483784122,-0.04238008698372285,-0.35416836823861697,1.3518394308944608,1.053306726806405
0.2,0.9,0.1,0.1,0.5,0.4,0.8,0.4,0.7,0.29796669956945776,0.6320156661706002,0.5095131764268401,1.9283964244840814,1.7975287892549487
0.2,0.3,0.0,0.5,0.8,0.2,0.9,0.4,0.0,0.3231748237875796,0.44959361230216516,0.46194798964801104,3.3876190381717186,3.347081950530691
0.0,0.3,0.4,0.9,0.6,0.7,0.6,0.8,0.0,0.14801826485203806,0.6465166232386689,0.4985652020676815,1.1178384423778522,1.0467858615313357
0.8,0.0,0.5,0.2,0.0,0.8,0.6,0.1,0.9,0.2941583137280489,0.5167087681468837,0.7144680989357172,3.479453357071327,3.2334558081798184
0.5,0.0,0.0,0.8,0.1,0.3,0.7,0.5,0.1,0.9214211730111839,-0.0669289276641575,0.12350395773869238,2.120016879749235,1.9443564488483656
0.2,0.6,0.3,0.2,0.1,0.8,0.6,0.5,1.0,0.5680457647194803,0.4617689486862834,0.6777869162248147,3.049002831577847,2.69576746632222
0.9,0.1,0.5,0.1,1.0,0.6,0.3,0.0,0.5,0.07757343670666594,0.9354754471111126,0.9471750426504848,3.204768175765122,2.8256611204106865
0.7,0.3,0.2,0.9,0.4,0.4,0.4,0.9,0.9,1.742074284952356,-0.6195448584845038,-0.8041535524057422,0.9466947793363107,0.5013151788912085
0.9,0.4,0.8,0.1,0.6,0.6,0.7,0.2,0.4,0.1656437001659666,0.8026364986190996,0.8175389453410468,3.4867233693335957,3.303766046861778
0.5,0.7,0.3,0.7,0.1,0.6,0.7,0.9,0.4,-0.3156546946850422,1.035664653955493,1.0198113184293975,2.683571119639343,2.4134923401685597
1.0,0.8,0.7,0.0,0.4,0.1,0.9,0.7,0.8,1.2115931355443696,-0.1832118785613182,-0.31962783241350684,2.8831890627631718,2.8820934009702928
0.6,0.9,0.1,0.8,0.3,0.4,0.7,0.2,0.2,0.7622171568138827,0.1570833501024384,0.0588868642265821,1.3687866610639927,1.1491197694850124
0.6,0.1,0.2,0.2,0.1,0.5,0.5,0.2,0.3,1.1796178725990758,-0.05329329077528469,-0.41708911617887423,3.096184678434446,2.7776808029852917
0.3,0.3,0.0,0.5,0.3,0.1,0.0,0.6,0.4,1.2690711271053496,-0.11175416123195497,-0.1710552982391255,1.4065447396138155,1.0219399521569785
0.3,0.1,1.0,0.5,0.5,0.9,1.0,0.0,0.6,-0.2022502046648779,1.1751023033878851,1.1167841917610128,2.012778861294901,1.9894424957418926
1.0,0.7,1.0,0.8,0.2,0.8,0.5,0.0,0.8,-0.057031689592157514,1.1798089106910454,1.1715998512722625,2.3809793196779676,2.310796703011407
1.0,0.2,1.0,0.8,0.9,0.4,0.1,0.2,0.1,1.4209574480670766,-0.48162305348806544,-0.4763373746844461,3.135371285471513,2.9890824918549326
0.6,0.5,0.0,0.6,0.1,0.0,0.1,0.3,1.0,0.24278062024761443,0.7436645736654303,0.7666548050543782,1.8960949604259798,1.8400573245012104
0.5,0.4,0.7,0.6,0.4,0.2,0.9,0.3,0.2,0.3119962415090587,0.8695523501625589,0.561991019595368,1.2777683661742034,1.0792997021947892
0.8,1.0,0.4,0.2,0.5,0.1,1.0,0.2,0.5,1.513033249449734,-0.43628683154666115,-0.6154663480240078,3.132097993738144,2.912125546776116
0.3,0.3,0.3,0.2,1.0,0.8,0.1,0.9,0.6,0.5225202877020041,0.7778355006927252,0.6619022239979376,2.3902288548385267,2.2277698545767777
0.4,0.3,0.4,0.8,0.3,0.8,0.7,0.1,0.3,0.7749290021184475,0.18589253676539874,0.11836897765725991,0.8587216412628159,0.6058593575154543
0.4,0.0,0.2,0.3,0.4,0.2,0.0,1.0,1.0,2.3773567312189177,-1.347224584689517,-1.3593515273333923,1.0801964001282973,0.7338728241026882
0.5,0.8,0.7,0.8,0.8,0.4,0.6,0.3,0.4,-0.9618139668840029,1.884602268162872,1.8709489189117712,2.132453063346807,2.063468622388135
0.5,0.1,0.4,0.5,0.2,0.4,0.0,0.8,0.3,0.7693099854145782,0.4202479466332838,0.26623321100015945,1.2059225326037906,1.09620982415899
0.7,0.0,0.3,0.5,0.5,0.8,0.2,0.1,0.9,1.096769327643687,-0.26318401457324375,-0.377651682524451,1.199277122583281,1.0142354486579035
0.3,0.1,0.2,0.8,0.9,0.9,0.9,1.0,0.0,0.06554979146567437,1.0521819840652482,0.9520451060727713,2.9901294540796854,2.713306272757327
1.0,0.1,0.0,0.3,0.1,0.0,0.6,1.0,0.3,1.2618765862153867,-0.08184000174444368,-0.3125688209007576,4.568431783879215,4.311141035943237
0.5,1.0,1.0,0.5,0.1,0.4,0.9,0.4,0.0,0.05610410310006869,0.7871720981080772,0.8036768775671592,3.823277324199736,3.61354918965979
0.7,0.7,0.5,1.0,0.4,0.3,0.7,0.5,0.0,0.9902778579752445,0.2989654510822114,0.008564985628973912,1.9704399602118159,1.622958655475282
0.9,0.7,0.0,0.8,0.7,0.7,0.4,0.1,0.5,-0.6569937769942221,1.8226366100957787,1.7881214625890498,2.722909334601586,2.487161480710846
0.0,0.2,0.3,0.7,0.7,0.7,0.0,0.2,0.5,0.31408425784450794,0.522392922453197,0.3967831034517513,0.886183436007565,0.6719339487946661
0.6,0.2,1.0,0.3,0.8,0.5,0.1,0.2,0.6,0.5760645291259581,0.4267167366757042,0.46504004568110174,3.436807822538266,3.381119246500867
1.0,0.5,1.0,0.5,0.6,0.8,0.2,0.7,0.2,-0.34139308320809947,1.4512828495744832,1.3638198203490677,2.883629264332285,2.6012336808898953
0.9,0.6,0.4,0.1,0.7,0.8,0.9,0.7,0.9,-0.051128425752793805,1.0717659277639213,0.6803192200732087,3.5491441635993333,3.19224528877213
0.4,0.7,0.7,0.5,0.6,1.0,0.6,0.1,0.3,-1.6987170976229635,2.7291473306210197,2.5768947162248836,2.8373267553589128,2.5240893886287807
1.0,0.0,0.7,0.8,0.2,0.0,0.3,0.4,0.7,0.5956841993055615,0.39108489608158137,0.23180294337792617,2.057540753412013,1.8591651843390657
0.6,0.1,0.8,1.0,0.8,0.9,0.0,0.6,0.0,-0.9214007611427439,1.8147904790107061,1.5826422322913292,2.28915292008668,2.144082888673769
0.7,0.4,0.6,0.1,0.2,0.6,0.3,1.0,0.2,-0.7203926307230901,1.8618988999262351,1.5420249935448713,2.859552768361377,2.725831808237756
0.0,0.5,0.1,0.9,1.0,0.6,0.8,0.9,0.2,-0.38476729290318495,1.2422866690597947,1.1903211005208494,2.214581330943169,2.3389287141909505
0.6,0.9,0.6,0.1,0.0,0.6,0.5,0.4,0.5,-1.6773918150926013,2.7475530592480544,2.7038910052217635,3.333455807766328,3.2151664491827527
0.8,0.4,0.6,0.0,0.5,0.6,0.7,0.5,0.9,-0.38057954312462183,1.27547066157719,1.0465754775074938,2.729473997830951,2.4827679909587124
0.0,0.4,0.0,0.6,0.9,0.4,0.4,0.0,0.5,0.4277363759438134,0.5952776334556411,0.5158789094246333,2.2604016579943833,2.1186613354086785
0.5,0.1,0.0,0.5,0.5,0.5,0.0,0.6,0.0,0.2161361847419026,0.7855617541289138,0.5793850348951655,1.8117385333060043,1.3197616493026567
0.1,0.3,0.7,0.6,0.0,0.6,0.9,0.5,1.0,-0.4285990675695821,1.2983130658298623,1.154062759926104,3.1792488868886792,3.002439108393623
0.1,0.7,0.4,0.7,0.6,0.2,0.0,1.0,0.5,0.6233235924602338,0.44305478710290525,0.1591230315868104,0.9333094070272017,0.7849431866368137
0.4,0.8,0.2,0.6,0.8,1.0,0.1,0.8,0.3,-1.2252308409158905,2.3637168151197985,2.361931736719479,2.341023447851134,2.31587355549763
0.9,0.7,0.6,0.5,0.6,0.9,0.0,0.2,0.1,-1.699368404591368,2.857553989014197,2.84372888223212,2.856072411896303,2.5332705015842363
0.6,0.4,0.6,0.3,0.6,0.0,0.2,0.9,0.2,-0.3330113830335798,1.2652250834194438,1.2384469506245326,3.0598541998359634,3.0364659223956223
0.7,1.0,0.4,0.1,1.0,0.2,0.6,0.2,0.9,1.7629646078168792,-0.7515027028807634,-0.8302549842001833,3.004960754448127,2.985673310923442
0.0,0.7,0.5,0.8,0.4,0.9,0.1,0.2,0.8,-0.8965991811446704,1.7113696961286102,1.7199210036386805,-0.09312987725296858,-0.11837726310474192
0.7,0.8,0.2,0.6,0.2,0.9,0.2,1.0,0.2,-0.561121356712904,1.5275728112795681,1.275083364127116,2.394497911339355,2.084566526644467
0.0,0.7,0.1,0.1,0.1,0.4,0.1,0.0,0.5,0.5539052964573796,0.4994071807700483,0.3866405854374975,2.364138215483903,1.999648041758325
0.0,0.4,0.1,0.9,0.5,0.3,0.0,0.7,0.0,1.300628494660259,-0.41625192014366974,-0.4209038602503251,-0.062076671884847445,-0.1370808540256861
0.8,0.0,0.5,0.0,0.4,0.4,1.0,0.6,0.7,1.6979725116072404,-0.685455808085984,-0.8138938843762904,2.2447603214590788,2.149270903164878
0.9,0.2,0.2,0.4,0.9,0.2,0.3,0.0,0.2,1.9787513127046428,-0.803362792420099,-0.8370252862188579,3.4667502268485872,3.1199560570858567
0.6,0.0,0.5,0.1,0.6,0.2,0.5,0.0,0.9,1.232050854490577,-0.24523554215911764,-0.3382239974247879,1.9298219530329899,1.7505801180559408
0.1,0.1,0.3,0.9,1.0,0.9,0.5,1.0,0.9,0.8092068933960234,0.3102186427652148,0.3402305033920081,1.369761187663128,1.0677653303501133
0.6,0.7,0.6,0.7,0.6,0.7,0.7,0.2,0.9,-1.3007541115154748,2.269713183189343,2.319005417581572,1.8200582074908347,1.5672978051822892
0.9,0.0,0.4,0.4,0.9,0.9,0.4,0.1,0.5,0.7220441953712778,0.5014402930931912,0.4733725677612308,3.747639526639012,3.580880199313959
0.9,0.9,1.0,0.6,0.2,0.0,1.0,0.2,0.3,1.3809360414496052,-0.30740039327534113,-0.311940183281458,3.984882296514715,3.4606738071073355
0.9,0.8,0.8,1.0,0.4,0.8,0.2,0.6,0.4,-0.10199545454433104,1.1351493869368703,1.1067811363609115,1.4272066685053257,1.0572837763634784
0.6,0.4,0.5,0.7,0.0,0.5,0.5,0.3,0.8,-0.40102572735986697,1.6341976549377102,1.4809384663890817,2.0823406175187906,1.9103078287125985
0.2,0.0,0.5,0.3,0.8,1.0,0.8,0.5,0.8,-0.6948557302212749,1.6793994522372866,1.5776260147754635,3.733269214123297,3.645421251445044
0.7,0.4,0.9,0.5,0.5,0.0,0.7,0.1,0.4,1.7535585307250128,-0.9437048179445902,-0.7496579456223595,3.0159516937703836,2.6560740502220637
0.4,0.8,0.2,0.2,0.6,0.7,0.1,0.5,0.3,-0.06775181848723048,1.2376522712033144,1.2712575068258292,2.1216031080701523,1.935444586199286
0.8,0.4,0.0,0.4,0.0,1.0,0.5,0.9,0.7,-1.6062475832887915,2.5610227866192927,2.3693664564117047,4.061333653799996,3.758433175982524
1.0,1.0,0.9,0.5,0.9,1.0,0.5,0.9,0.7,-1.4564238716843247,2.1609701438181017,2.2120406317273904,4.886927983972977,4.45640473935873
0.2,0.4,0.2,0.9,0.4,0.0,0.5,0.3,0.9,2.076697896254439,-1.0895705435524279,-1.4063458499899963,0.29359886364078014,-0.04831809239173018
0.7,0.4,0.6,0.0,0.0,0.4,0.1,0.3,0.4,-0.4059471927622566,1.690381776930094,1.4371992573612316,2.244025417732043,2.2371607940693354
0.1,0.6,0.3,0.2,0.4,0.2,1.0,0.6,0.7,2.386831361959276,-1.4371590370758707,-1.3815388814235021,2.2291326694741906,1.9095540809633402
0.1,0.0,0.0,0.8,1.0,0.5,0.2,0.9,0.7,0.09930568926444516,0.9138192935453155,0.7078054595755272,1.5770418697794526,1.2036994406089754
0.5,0.5,0.7,0.2,0.0,0.8,0.3,0.2,0.7,-1.6108617147537025,2.4223853775851234,2.5858000926816223,2.8622396671370844,2.74919626111033
1.0,0.8,0.3,0.5,0.0,0.6,0.0,0.8,0.1,0.0797334151661568,1.007461514589428,0.8877145109335363,3.6474259211172706,3.4065424957570962
0.9,0.6,0.3,0.4,0.8,0.7,0.5,0.9,0.5,-0.39737166585740724,1.560719856594622,1.2124682310755754,4.134817979132837,3.8943131220302636
0.2,0.0,0.6,0.0,0.6,0.4,0.5,0.9,0.5,-0.03446765653563572,1.090270312214265,0.9781711146416169,1.958640821847265,1.970968143015702
0.2,0.0,0.6,0.9,0.2,0.0,0.2,0.9,0.0,0.4151059757180247,0.7056803664628591,0.5554970175291131,1.4966713843990878,1.3886508311553976
0.7,0.9,0.5,0.4,0.2,0.9,0.9,0.3,1.0,-1.130381343135718,2.0081623795326884,1.8174980732998225,2.8624248935115606,2.7098420914891554
0.7,0.4,0.3,0.4,0.4,0.9,0.7,0.4,0.5,0.12186645372823655,0.8055839152961893,0.8113393046063749,1.7925946475744206,1.7046270754595227
0.9,0.9,0.7,0.3,0.0,0.2,0.1,0.4,0.4,-0.7441077707252208,1.5470962823869996,1.6143483152503852,3.6030344740363973,3.3252337496752897
0.3,0.9,0.3,0.5,0.6,1.0,0.8,0.9,0.2,-0.8961962071472134,2.003536431366955,1.9184324496328264,3.1673873801486807,2.807559397236242
0.8,0.3,0.3,0.2,0.6,0.9,0.8,0.7,0.6,0.7059853639859864,0.20037365211345892,0.04903091516174088,2.847634201154095,2.8728803661020477
0.6,0.5,0.7,0.4,0.2,0.4,0.4,0.9,0.1,-0.5291710001237868,1.7101556727192293,1.586136445588444,3.103355999962115,2.9081416898832986
0.1,0.8,0.9,1.0,0.6,0.3,0.5,0.0,0.4,1.0436389493086025,0.028496916587190165,0.0069649114987083705,1.414116549314392,1.1713547915331464
0.7,0.9,0.4,0.5,0.2,0.1,0.9,1.0,0.8,1.0667249804651602,-0.13492912227437515,-0.14405298799997285,3.310412789170344,3.0840208872222212
0.5,0.0,0.2,0.9,0.4,0.0,0.9,0.3,0.4,2.244043110376016,-1.2714076947543926,-1.3820819517523355,0.4881352024092085,0.5463733001500753
0.0,0.2,0.4,0.1,0.6,0.0,0.8,0.7,0.0,2.326357903306104,-1.538585999621397,-1.4642792827284956,2.626980227226147,2.491968972645768
0.1,0.3,0.7,0.1,0.9,0.3,0.1,0.1,0.6,0.6820088569285235,0.34728620318230363,0.13747508805490186,2.733088385911051,2.5519899138761866
0.7,0.8,0.1,0.1,0.8,0.2,0.0,0.2,0.2,0.7369172519935044,0.2132481394517075,0.22443645695265943,3.242674974468418,3.0104113594088213
0.8,0.6,1.0,0.7,0.1,0.8,0.9,0.2,0.2,-0.33164969634268915,1.5473579500196475,1.461600612422233,3.1666876492010565,2.9781429876916765
0.3,0.5,0.2,0.2,0.3,0.8,0.7,0.4,0.1,-0.1564062198718592,1.1276974746022848,0.8129686873741437,2.0516421325704366,1.7594095809535064
0.5,0.9,0.1,0.7,0.1,0.9,0.9,0.0,0.6,-1.2583373816381525,2.2640797036176568,2.2634533187576453,2.220926954600931,2.1816203212926966
0.7,0.0,0.8,1.0,0.8,0.5,0.6,0.0,0.3,0.15337513169734107,0.5409671444633481,0.5095999738297664,2.8738830264958803,2.583371649151674
0.6,0.4,1.0,0.9,0.3,0.5,0.5,0.4,0.2,0.6264026543101691,0.46795556422395557,0.13797440062691851,1.5857461274712097,1.1884089560944298
0.7,1.0,0.1,0.8,0.5,0.5,1.0,0.7,0.8,0.2644166203701195,0.9089746436762458,0.7947382453038578,1.4840732522045186,1.3143113779562552
0.8,1.0,0.7,0.3,1.0,0.9,0.0,0.9,0.4,-2.613114636920182,3.5708940132301925,3.14369423988425,3.541625303693329,3.2591120084771035
0.8,0.3,0.8,0.2,0.8,0.8,0.5,0.7,0.1,-0.29095748770351504,1.1051996445319248,1.267689966620337,3.8550881557912375,3.7198374029906414
0.2,0.6,0.8,0.4,0.0,0.2,0.8,0.5,0.4,0.23195587337192441,0.4812519926277967,0.5668189788952439,3.6664228964864143,3.485289679832045
0.7,0.9,0.6,0.8,0.9,1.0,0.4,0.8,0.9,-2.29394903529924,3.234304405373356,3.0756146157914865,2.508984107929645,2.350721863495365
0.1,0.2,0.7,0.3,0.8,0.6,0.1,0.6,0.1,-0.47796787842783583,1.457594608267148,1.5232943001341617,3.5253462077414115,3.133822350097767
0.9,0.9,0.7,0.5,0.8,0.7,1.0,0.1,1.0,-0.7566458755698273,1.95486052928837,1.7452422959824347,4.70377920221684,4.253349516510355
0.7,0.5,1.0,0.9,0.1,0.0,1.0,0.2,0.8,1.2956996284450502,-0.22541624072459676,-0.25497893178125774,3.4468676171691994,2.8083141564365848
0.7,0.7,0.6,1.0,0.4,0.0,0.7,0.5,0.3,0.6242133827141454,0.6673382446151622,0.4267933116340011,1.9617449261566677,1.6233367952871542
0.9,0.4,0.8,0.7,0.0,0.6,0.1,0.7,0.2,-0.2255254810292381,1.2899535032055884,1.2359352510456036,2.5318060973850356,2.33446689520691
0.4,0.0,0.4,0.3,0.5,0.3,0.1,0.1,0.7,2.0141630130696804,-1.0560692071162803,-1.1105902046613165,1.4622520878630856,0.977507414145003
0.4,0.9,0.7,0.9,0.3,0.3,0.8,0.4,0.7,-0.3283399403869453,1.3044337085866857,1.431020361226174,1.0006349114917659,0.7068410659052973
0.8,0.7,0.2,0.8,0.9,0.1,0.8,0.5,0.5,1.3730758676977723,-0.45181976487779973,-0.39249775645773405,3.256120174100557,3.2875015359874187
0.6,0.9,0.7,0.1,0.3,0.0,0.8,0.5,0.4,0.26066154351503235,0.6876551112839866,0.6143728952236143,3.128190456093924,2.8649718598910896
0.9,0.0,0.3,0.6,0.4,0.9,0.8,0.9,0.2,0.5005532711050324,0.5429914532169209,0.2806089452412327,2.060353490726354,2.036701621293698
0.3,1.0,0.9,0.0,0.6,1.0,0.7,0.3,0.9,-1.0994832895440516,2.0055756717561746,2.0419570607245254,2.2642604865728204,2.1956319750834896
0.3,0.7,0.5,0.8,0.2,0.8,0.2,0.7,0.5,-0.9165061856609875,1.8843234168082352,1.7123119843479049,0.43079415368638524,0.37523585830805656
0.3,0.1,0.2,0.6,0.9,0.1,0.2,0.3,1.0,1.6137183110614586,-0.5250159167297936,-0.5623802864760761,1.537058656212185,1.354685547905151
0.0,0.6,0.2,0.7,0.1,0.9,0.1,0.9,0.1,-1.007272514242957,1.958816697476369,1.8700945704362262,2.018793630671115,1.4503464958252528
0.9,0.5,0.0,0.5,0.0,0.0,0.6,0.7,0.5,0.6246223518108638,0.4488571484516053,0.3254326870435391,3.5702172959859766,3.6080252105976673
0.5,0.7,0.0,0.7,0.1,0.2,0.4,0.0,0.8,0.16438586257748442,1.0041854294373618,0.7097587046303617,1.8460822246973216,1.6681160053601514
0.8,0.3,0.8,0.3,0.2,0.0,0.3,0.3,0.4,1.2467012389354293,-0.1959500678409174,-0.0899451978536335,2.860570893942858,2.6817452456264688
0.1,0.0,1.0,0.2,0.2,0.6,0.7,0.4,0.1,0.6046328544179139,0.44782229590807193,0.2102609272489216,2.8599028908654227,2.609366978094205
0.0,0.1,0.2,0.8,1.0,1.0,0.7,0.4,0.3,-0.12519654498739402,0.767977024358418,0.8593281549134301,1.543196266576296,1.2689383396208
0.5,0.3,0.5,0.3,0.8,0.8,0.5,0.9,0.8,-1.1217209280443123,2.076721431765865,2.025228977623783,3.4647443502535995,3.117063365615453
1.0,0.4,1.0,0.1,0.4,0.5,0.3,0.7,0.6,1.5447950584096446,-0.2859049627278176,-0.47096801169156416,2.729169080573929,2.5371923200306634
0.0,0.7,0.9,0.6,0.7,0.8,0.2,0.2,0.3,-0.46279328128287534,1.6506894258764033,1.5391733037836295,1.9585182717500667,1.849469542354582
0.5,0.2,0.3,0.2,0.1,0.0,1.0,1.0,0.2,2.1717318328828967,-0.8701920844675136,-1.1828531174411427,3.8729341754604887,4.003694034238562
0.3,1.0,0.6,0.9,0.4,0.7,0.9,0.9,0.7,-1.7430661494807338,2.7381537951313084,2.5279110937156664,1.140605365946553,0.911199283266015
0.0,1.0,1.0,0.3,0.2,0.9,0.6,0.3,0.5,-0.8554089733620804,1.7042569469505384,1.818146597892204,2.694957331546528,2.3886821496513506
0.2,0.5,0.6,0.7,0.9,0.7,0.1,0.1,0.6,-1.3794361716292387,2.5873465209304096,2.4448161679715317,1.821953333708926,1.742285837712355
0.7,0.3,0.1,1.0,0.1,0.7,0.2,0.5,0.5,-0.14283803978037807,1.2968463569199329,1.1087131516413211,1.7308413597050734,1.3426428220218527
0.4,0.3,0.6,0.1,0.1,1.0,0.5,0.8,0.6,-1.655982975623081,2.5998579338158607,2.618077738001953,2.7243124318860295,2.6246480370694325
0.1,0.8,0.7,0.0,0.7,0.7,0.3,1.0,0.8,-1.4579909490628988,2.307494098161143,2.313329022123862,2.625060895647243,2.4273551203845933
0.9,1.0,0.8,1.0,0.5,0.1,0.7,1.0,0.3,0.67430428998686,0.49771028261489125,0.4218604197646838,2.553816049365413,2.1977273508365776
0.6,1.0,0.9,0.4,0.8,0.7,0.1,0.0,0.7,-1.2559108335997389,2.183519562052815,2.0962129140408194,3.1305601403875265,3.025383792120285
0.1,0.1,0.0,0.6,1.0,0.0,0.7,0.9,0.7,0.7504914439841973,0.3376050795322908,0.16379654193463453,2.626841503105983,2.4037207577902517
0.0,0.5,0.2,0.8,1.0,0.2,0.0,0.2,0.7,1.2770645495234338,-0.4623387440302003,-0.5317553371693111,0.8264599309734435,0.5111625454543857
0.6,0.0,0.1,0.5,0.7,0.0,1.0,0.8,0.5,1.0137705854229322,0.021498588938478152,-0.12534256979628186,3.1436782629511617,2.935247516807824
0.7,0.8,0.8,0.8,0.4,0.3,0.3,0.0,0.0,0.7551417960788983,0.5804102297361574,0.06782566764015563,1.387413890783796,1.0143572786266275
0.3,0.7,0.4,0.9,0.8,0.3,0.5,0.3,0.1,0.5868461850524882,0.3539986939859467,0.07452447186565828,1.788090186302862,1.4939591751314127
0.8,0.7,0.0,0.6,0.0,0.0,0.7,1.0,0.1,0.32169306343893195,0.6078714069396045,0.5039582951791555,4.082962383169225,3.945383238574809
1.0,0.8,0.7,0.5,0.8,0.3,0.1,0.7,0.6,-0.09674355086718582,1.1186145651205075,0.9843005922092969,3.296689811586323,3.2189185188375897
1.0,0.7,0.9,1.0,0.0,0.0,1.0,0.7,0.5,1.6152989271480183,-0.6273872083289171,-0.6246971619728747,3.8229316564764946,3.8358385423414396
0.5,0.0,0.1,0.6,0.3,0.0,0.6,1.0,0.2,1.592359318281129,-0.599408451433956,-0.7513233429427404,1.8344223321592552,1.4922416634479607
0.3,0.6,0.3,0.6,0.2,0.0,0.5,0.7,0.6,1.7402278921355567,-0.6630747310749858,-0.5508900096203618,1.5577080122026263,1.5153040923823866
0.2,0.5,0.5,0.1,0.4,0.0,0.3,0.3,0.5,0.5867097874425303,0.2225779085880727,0.16904209583073818,1.1749841867003163,1.0219055977732894
0.3,0.4,0.3,0.0,0.3,0.8,0.9,0.0,0.7,0.838506042588574,0.1284003455681673,0.06163565631487288,1.231571515422122,1.348019679326316
0.6,0.5,0.0,0.1,0.4,0.6,0.7,0.5,0.5,-0.35347830887233733,1.2131787487280756,1.036243101300466,2.5995648479069464,2.332439693529958
0.6,0.5,0.4,0.4,0.0,0.8,0.1,0.3,1.0,-0.601399640734896,1.715696272377875,1.4119467303131286,2.298639951765326,1.9107428220230196
0.3,0.0,0.0,0.0,0.4,0.6,0.6,1.0,0.3,0.44245882626048466,0.7339162208165607,0.382517407665524,1.6815543851114692,1.33886172466706
0.4,0.9,0.6,0.7,0.8,0.7,0.3,0.3,0.1,-2.1900770560938048,3.269011285543479,3.24578374268556,1.9380198862985418,1.9881230841463406
0.2,0.2,0.3,0.5,0.7,0.0,0.1,0.5,0.5,1.5637087564805279,-0.6254784193868783,-0.5567299079188339,2.1919004133675046,2.252011435021688
0.7,0.9,0.2,0.7,0.8,0.6,1.0,0.3,0.2,-0.4738559493434762,1.3952639541274099,1.2889060221631998,3.0940118789082485,2.805064743731632
0.5,0.9,1.0,0.2,0.6,0.5,0.4,0.6,0.9,0.5774697548239344,0.33579309215803654,0.48076233470002827,3.2576204221199188,3.0075267548735183
0.6,0.0,0.9,0.3,0.1,0.8,0.0,0.4,0.7,-0.516976447912193,1.6332730606317714,1.5400325641615396,2.3087189094695173,2.139991861042377
0.2,0.3,0.0,0.0,0.9,0.9,0.0,0.9,1.0,-0.8805893726538815,1.7813987563098637,1.7330369697873351,2.4446390138202636,2.176117204069352
0.4,0.6,0.6,0.1,1.0,0.5,0.3,0.4,0.9,-0.8931657698014677,1.785105732064535,1.644315857194343,2.680306160800656,2.432490608824918
0.6,0.9,0.9,0.1,0.3,0.5,0.5,0.9,0.5,-0.03060982682451574,0.9080164053158539,0.854746912755858,2.719759285862695,2.5966811725964902
0.8,1.0,0.4,0.7,0.8,1.0,0.1,0.6,1.0,-0.6255567261144572,1.9191313775015213,1.6120854878899904,2.845103774959609,2.516774105551816
0.6,0.5,0.0,1.0,0.8,0.5,0.9,0.8,0.7,-0.6191881712615808,1.735176712236997,1.5564301204335325,2.75901815505701,2.4511665080180594
0.6,0.1,0.7,1.0,0.8,0.3,0.3,0.8,0.4,-0.2148857378119902,1.0929870868374778,1.0768116288169785,1.8713392860396474,1.6639111465142666
0.1,0.7,0.9,0.5,1.0,0.7,0.8,0.0,0.1,-0.010187123071967423,1.0963721351068847,0.8844887030810453,3.107285772674439,3.154047376447846
0.7,0.7,0.9,0.8,0.6,0.2,0.2,1.0,0.0,0.7456085104373652,0.400940943409899,0.208193953106045,2.1591183213281515,2.0813906149461676
0.3,1.0,0.2,1.0,0.2,0.9,0.4,0.6,0.6,0.02728287660022609,1.3337070395416915,0.9968849914062088,1.2992647955602097,1.144973129571147
0.2,1.0,0.4,0.0,0.2,0.8,0.7,1.0,0.3,-0.3036778579930742,1.2876873682581003,1.1591655018869091,2.237691282389081,2.3449373537458214
0.5,0.5,1.0,0.6,0.9,0.8,0.3,0.2,0.5,-0.7948091191623358,1.724123077193101,1.575364078593658,2.627047567708834,2.56205319351794
0.4,0.6,0.3,1.0,0.5,0.3,0.3,0.4,0.9,1.2114420328909246,-0.30954844170755835,-0.28675573782979513,0.10588896319975864,0.04935119212527227
0.5,0.3,0.0,0.9,0.4,0.1,1.0,0.7,0.0,1.5932048398670673,-0.7605350614658337,-0.87669033971594,1.1999357373752388,1.0726727293683986
0.5,0.7,0.8,0.3,0.3,0.3,0.6,0.2,0.5,0.9462252641790387,0.19597454995773897,-0.1493050227752249,2.306435503788154,2.1111191188553
1.0,0.7,0.7,0.0,0.2,0.2,0.2,0.2,1.0,1.1361514481317743,-0.08224624970071856,-0.1946817483825635,2.836376963458673,2.6158948903890606
0.2,0.5,0.8,0.1,0.9,0.8,0.9,0.4,0.2,-1.020377056405711,2.021797093210794,2.147354039243061,3.5584634816973053,3.148667907081185
0.1,0.6,0.1,0.6,0.6,0.5,0.5,0.0,0.2,-0.06895681728666164,1.145113673948184,1.1061803380118884,1.8240416460285234,1.635096071881666
1.0,0.7,0.8,1.0,1.0,0.5,0.4,0.8,0.9,0.2615037979757181,0.5982179917920039,0.5036708306375177,2.942740393899921,2.480995834523557
0.0,0.2,1.0,0.0,0.9,0.5,0.1,0.9,0.7,0.5404066609070689,0.46196274871041626,0.4804363552480392,3.1348215055599695,2.816200000308683
0.2,0.3,0.3,0.2,0.0,0.0,0.9,1.0,0.5,2.028328299451996,-1.1805962970204542,-1.2484005001731868,3.7515201277812484,3.7136713051423356
0.0,0.5,0.5,0.3,0.5,0.6,0.6,0.7,0.0,0.12231980585938343,0.9597980929917638,0.9696169543299665,2.3904370406375897,2.0516824552330855
0.8,1.0,0.9,0.0,0.3,1.0,0.2,0.6,0.5,-0.5757413200829403,1.3938840713312919,1.3077684498046553,2.587941630359776,2.395657157894692
0.6,0.5,0.9,0.4,0.8,0.5,0.9,0.4,0.2,-0.024644985204142905,1.29514425782441,1.2002680004569641,4.35929133689057,4.03664862541326
0.0,0.7,0.2,0.0,1.0,0.9,0.7,1.0,0.4,0.38530298946365704,0.7459526845014989,0.6817866275822151,2.832815235989205,2.657115484920998
0.8,0.7,0.8,0.5,0.9,0.9,0.7,1.0,0.1,-1.1928169390619567,2.070658731214415,2.0163988816633935,4.634940340445637,4.5416024325502855
0.5,0.1,1.0,0.8,0.3,0.5,0.8,0.9,1.0,0.9908579562053303,0.11710558792871402,0.04856348181865321,1.6449387916726879,1.3773528611885455
0.1,0.0,0.0,0.1,0.5,0.8,0.5,0.2,0.8,0.252033296904933,0.5937945686714494,0.7423212383211707,1.1680883634156896,1.0145432635598344
0.2,0.5,0.4,0.3,0.2,1.0,0.5,0.7,0.1,-0.19301705519244575,1.4423832792955475,1.0725343115821813,2.637102421538595,2.34055841485492
0.1,0.9,0.2,0.0,0.6,0.4,0.2,0.8,0.6,0.7102244098055582,0.5227466890403705,0.1293056470451784,1.5464359135566184,1.3689868051148952
1.0,0.5,0.8,0.7,1.0,0.7,0.0,0.6,0.5,-0.5560349561109886,1.6542244642221409,1.4294433213350854,2.6174012178852024,2.4798594346039806
0.6,0.9,0.7,0.0,0.1,0.7,0.6,0.0,0.9,-1.261441629395363,2.2977976118128742,2.229537643451051,2.800818836226643,2.624796780319792
0.3,0.9,0.7,0.8,0.9,1.0,0.5,0.3,0.3,-2.3084024630858453,3.252247102393497,3.082541723835788,2.1357680793854676,1.9825978130642061
0.3,1.0,0.2,0.6,0.3,0.6,1.0,0.1,0.5,0.6532611039992485,0.453819311464119,0.4403372778079761,1.9489472527948262,1.8702833708907862
0.7,0.2,0.8,0.5,0.0,0.6,1.0,0.2,0.4,-0.21672703856469674,1.2471212051402087,1.1518012188002662,3.8195733832057965,3.6460548112343893
0.8,0.9,0.7,0.5,1.0,0.5,0.3,0.5,0.9,-0.431033172958196,1.6115958203055862,1.4540969113667048,3.4754498680941266,3.384389301896998
0.6,0.1,0.6,0.3,0.0,0.5,1.0,1.0,0.0,-0.6635419291185342,1.387852600401165,1.2773097755605718,4.752004433318202,4.3545831603615435
0.7,0.7,0.4,0.9,0.7,0.8,0.0,0.5,0.1,-0.7333379858888166,1.7955967366275676,1.9133347638906195,2.0981454196701703,1.6474081642100757
0.1,0.1,0.8,0.0,0.7,0.1,1.0,0.8,0.1,0.8722078163277516,0.04202850126410219,0.03226472168842966,3.264416315481183,3.301869018633302
0.3,0.3,0.0,0.8,0.0,0.6,0.5,0.2,1.0,-0.01756740238955215,0.8092954886021803,0.677082804030186,1.7553113905597721,1.7577404209036582
0.9,0.3,1.0,0.3,1.0,0.4,0.5,0.7,1.0,2.151427005059162,-1.1139682322560809,-1.286142585945758,3.6789049349633225,3.693226589646361
0.2,0.4,0.1,0.4,0.5,0.2,0.0,0.2,0.9,1.3692458967533887,-0.5756073056895268,-0.3549195231132021,1.2149545267544422,0.690562781532744
0.8,0.1,0.9,0.5,0.9,0.6,0.6,0.2,0.2,0.430795796139292,0.35053388436734095,0.3128216014356177,3.7590071443774438,3.6179842633696007
0.6,0.0,0.2,0.7,0.7,0.4,1.0,1.0,0.7,1.2359387853311061,-0.12390367842422213,-0.28144877311216887,2.6720255130051043,2.4094053312667625
1.0,1.0,0.5,0.2,0.4,0.4,1.0,0.3,0.9,0.5098979397422316,0.5118573207055317,0.17615178930323458,2.9784390619047687,2.939628563250778
0.2,0.9,0.9,0.0,0.8,0.7,0.5,0.5,0.8,-0.3757682043003906,1.4526805612591567,1.2947371297758588,3.501314757856642,3.1504935075209404
0.3,0.4,0.3,0.6,0.3,0.7,0.2,0.8,0.2,0.3259910129068114,0.6975149182963142,0.5629454791637373,0.594187521332905,0.6423199943035867
0.7,0.9,0.4,0.8,1.0,0.7,0.2,0.9,0.0,-0.5642370101252128,1.6336400200041816,1.5033702198208492,2.2774404667999275,2.2597612379431506
0.2,0.9,0.7,0.9,0.0,0.1,0.9,0.8,0.6,-0.5662225375351397,1.4730749692698655,1.3687437477802555,2.500365227225324,2.137323378742546
0.6,0.2,0.7,0.9,0.7,0.5,0.2,0.7,0.0,-0.4371175052662893,1.422125753840155,1.1950561433780378,2.075591839190953,1.635129121253692
0.9,0.9,0.0,0.7,0.3,0.6,1.0,0.1,0.7,-0.19249472055840916,1.1712042497269235,1.3218193683506985,2.691270740072037,2.4335212639207318
1.0,0.1,0.8,0.0,0.9,0.2,0.4,0.5,0.5,1.2872733724425753,-0.2858312005394721,-0.4098211846552623,4.027832880084083,3.817191697230981
0.5,0.0,0.3,1.0,0.1,0.1,0.8,1.0,0.8,2.0900816218902465,-1.3008451640025838,-1.320761266586123,2.0449600696735337,2.020654998639519
0.8,0.5,0.6,0.5,0.8,1.0,0.1,0.8,1.0,-2.407231278153385,3.1244129092097515,3.2586104269766065,3.1362513559956833,2.9084600173574104
0.6,0.3,0.7,0.9,1.0,1.0,0.2,1.0,1.0,-0.9456753078862004,1.8954275021073255,1.7882966360856352,2.0056975021011043,1.7920077749764787
0.5,0.1,0.8,0.6,0.8,0.9,0.6,0.6,0.3,-0.7682101027459641,1.7686961646445996,1.5971708300389396,3.2802951280348593,2.948252885942528
0.8,0.2,1.0,1.0,0.2,0.8,0.6,0.2,0.8,0.38905698579712655,0.3742170183434552,0.18650024314764563,1.844401232930776,1.6945039201704009
0.7,0.4,1.0,0.8,0.3,0.5,0.0,0.4,0.2,0.08703813085188544,0.9933274374087588,0.8958082315334617,0.8576033190095809,0.9979017361696874
0.3,0.6,0.6,0.2,0.7,0.5,0.4,0.1,0.2,-0.8296940736064368,1.9826914021666928,1.5289603459743144,3.512061450784535,3.198626382545466
1.0,0.5,0.3,0.8,0.9,1.0,0.8,0.1,0.5,0.004437461965435596,0.7841659791911576,0.7860488776668788,3.642337995260407,3.4681227165069566
0.6,0.2,0.2,0.0,0.8,0.0,0.2,0.3,0.4,1.5170193558128127,-0.5601583345152548,-0.4374829083614696,2.5564909970382113,2.18937397890445
0.2,0.8,0.2,0.3,0.9,0.3,0.4,0.9,0.8,0.8809970190852877,-0.054155512136185115,-0.01846644749545745,3.295133067114949,2.98336923093309
1.0,0.6,0.1,0.9,0.8,0.6,0.6,0.8,1.0,-0.2748291710882729,1.3627781412431283,0.9917961672741409,3.123409278537345,3.0043855395355656
0.5,0.4,1.0,0.7,0.2,0.3,0.2,0.3,0.7,0.7725645812413452,0.12823535408372858,0.13112013801965627,1.0727497775228538,0.7006024538907041
0.2,0.7,0.1,0.6,0.3,0.6,0.3,0.8,0.4,-0.3962857059737251,1.1171148497736267,1.4392506926751039,0.9391579525519932,0.683562935394439
0.4,0.0,1.0,0.1,0.3,0.0,0.9,0.5,1.0,2.5095381808646087,-1.7064170993527712,-1.617972530295345,2.7508779687067872,2.447193733594992
0.3,0.2,0.2,0.2,0.0,0.1,1.0,0.2,0.1,2.1844487092380525,-1.3182729053870232,-1.2431347854803059,3.812690786318578,3.685234239528289
0.0,0.0,0.3,1.0,0.8,0.4,0.0,0.4,0.2,1.3193036973101453,-0.17737510891321603,-0.4907660316222193,1.1190080866463858,1.1182780408377748
1.0,0.4,0.5,0.8,0.8,0.9,0.6,1.0,0.1,-0.9445408120804989,1.8905590368347178,1.998895049617204,3.582452884551371,3.508093407872242
0.1,0.5,0.9,1.0,0.9,0.0,0.8,0.3,0.6,1.1426089741674945,0.20891801303074087,0.010646357951210272,2.524343687609075,2.1491733934131396
0.3,1.0,1.0,0.1,0.1,0.0,0.4,0.6,0.5,1.1244804942045763,-0.2103706467848257,-0.1911531128932032,3.5175298168786044,3.3823509128451357
0.0,0.2,0.2,0.8,0.9,0.6,0.1,0.6,1.0,1.3997937119024702,-0.02062111542988243,-0.4363868178396516,1.4476993787471057,1.2507182474856147
1.0,0.5,0.0,0.7,0.5,0.5,0.3,0.6,0.5,0.2776035642550425,0.8135136984549157,0.6147805558321348,2.046798050647551,1.7148398043245399
0.6,0.0,0.9,0.2,1.0,0.3,0.6,0.9,0.8,1.5122259864852172,-0.6064783398192899,-0.49003010971495875,3.358481140251754,3.1159619422095965
0.7,0.2,0.2,0.4,0.4,0.3,0.7,0.2,0.3,2.232995407020927,-0.925403980407353,-1.473792808559328,1.721623424415182,1.6141161479734476
0.8,0.2,0.2,0.9,0.2,0.6,0.3,0.4,0.5,0.4934061029451383,0.5657494444354978,0.3744928956647803,1.09464350790773,0.9739102849995918
0.5,0.8,0.5,0.8,1.0,1.0,0.1,0.5,0.9,-1.3010752745460978,2.3032810759724494,2.1984781503702076,1.6768295816232954,1.57856952712502
0.5,0.5,0.4,1.0,0.6,0.6,0.3,0.1,0.1,0.1723588128700454,0.7917481569755295,0.5948852376112064,1.9921679666355736,1.6099430853266707
0.3,0.6,0.0,0.2,0.1,0.5,0.6,0.4,0.6,-0.7124910920405082,1.8159943784755603,1.6781692512591173,3.0315473285803525,2.8427688066523893
0.6,1.0,0.1,1.0,0.8,0.4,0.9,0.9,1.0,-0.03658557508088928,1.0639600600331345,0.7651305951465577,3.039841766601386,2.866198261902069
0.8,1.0,0.5,0.0,0.5,0.4,0.7,0.4,0.3,-0.11908174471374748,1.0474419412289337,0.9562619218201924,2.5116224335026485,2.2042532478063612
0.1,0.2,0.7,0.0,0.3,0.5,0.9,0.5,0.3,0.4801935235467756,0.5618530599092463,0.5804461250767773,2.452611319805003,2.2191998855078685
0.3,0.2,0.9,0.2,0.5,0.9,0.9,0.4,0.8,-0.13193256074037463,1.1115574322121289,0.9723669442827857,2.157976928867855,1.796905301987114
0.7,0.5,0.4,0.9,0.6,0.5,0.6,0.4,0.2,-0.003379534407501668,0.9058716903626196,0.8547643187896473,1.6889686589927164,1.5035457369411178
0.3,1.0,0.8,0.8,0.3,0.5,0.6,0.9,0.0,-0.5381586727775887,1.599145961111122,1.4685970016068686,2.0224959329328454,1.8405618665654064
1.0,0.5,1.0,0.0,0.6,0.9,0.5,0.2,0.9,-0.03988480185235431,0.8964723107837661,0.9454505044578093,3.3414093412301655,3.0288032477529345
0.1,0.3,0.4,0.1,0.5,0.8,1.0,0.4,0.9,0.5678351819990469,0.2218451374279744,0.4229940161063323,1.7092444683177666,1.3636192822255995
0.1,0.8,0.6,0.0,1.0,0.1,0.9,0.5,0.9,0.8524365962834397,0.30887191898293737,0.043974767222573624,3.3291094728589044,3.015005787895606
0.7,1.0,0.5,0.6,0.8,0.9,0.1,0.3,1.0,-1.9988654277904958,3.0168127667427957,2.8728696397400304,2.3469137398200344,2.1034604415166047
0.7,0.3,1.0,0.8,0.4,0.5,0.8,0.9,0.4,0.6630549927106829,0.39224567582473435,0.42234102474890567,1.9053236049309554,1.669079482416374
0.4,0.2,0.0,1.0,0.6,0.9,0.4,0.8,0.2,-0.9923059260203899,1.9541037493011733,2.0169493030003585,0.9838406801817813,0.7299641803794522
0.0,1.0,0.7,0.6,0.4,0.2,0.6,0.2,0.9,0.43478018312003863,0.5392062615186148,0.4760194071923023,0.9925171868612312,0.7278469418671036
0.1,0.1,0.0,0.7,0.5,0.5,0.5,1.0,0.3,0.22435676119492953,0.6558319814429427,0.6397700630571124,1.0414868339952035,1.0105370497652506
0.1,0.7,0.4,0.4,0.7,0.9,0.9,0.4,0.2,-0.8658415344172097,1.876801871768496,1.751181955557908,3.169774261469335,3.0627819238994487
0.7,0.5,0.6,0.4,0.5,0.3,0.7,0.6,1.0,0.6545603517862472,0.5488507682811798,0.2544386809278023,2.432245266380015,2.2203121672757655
0.3,0.5,0.8,0.0,0.5,0.3,0.4,0.5,0.0,0.7361481303610414,0.16634925086474472,0.14419727860221163,2.0341660311645993,1.9053438544100647
0.3,0.8,0.3,0.6,0.8,1.0,0.7,0.4,0.2,-0.9454734180240311,1.8387414097498738,2.0321812929509626,2.850901109951652,2.5925374901359444
0.7,0.0,0.7,0.0,0.2,1.0,1.0,0.5,0.5,-0.8205406151259923,1.889987115330821,1.6693935955926968,3.162192282664976,3.152030542831
1.0,0.8,0.1,0.2,0.9,0.3,0.3,0.8,0.4,0.6707157938996554,0.07950189848781913,0.1331052959860719,4.0169646191215795,3.7381372252451612
0.4,0.5,0.3,0.0,0.2,0.9,0.6,0.7,0.6,0.20398235143214657,0.7330737684483325,0.6419187698486691,1.8895965893071962,1.5860454785040312
0.4,0.8,0.0,0.7,1.0,0.2,0.5,0.5,0.2,0.5766821662617578,0.4496860357352472,0.41237849793631276,2.319782943980253,2.0080070646389117
0.8,0.4,0.3,0.3,0.7,0.1,0.2,0.7,0.7,1.798089692577706,-0.7314721700628074,-0.8140804231135859,3.0669205484583597,2.7652546520172177
0.7,0.0,0.9,0.0,0.1,0.5,0.3,0.5,0.0,1.1889360373845839,0.13438605244292193,-0.04016634272551267,3.7035631379860776,3.4138799643227364
0.2,0.7,0.1,0.7,0.4,0.1,0.9,0.5,1.0,1.5046408047419984,-0.5081551272661705,-0.6870562460734059,1.3618483785153888,1.133769706358782
0.5,0.4,0.4,0.5,1.0,0.3,0.1,0.4,0.7,0.7494422881620835,0.010099572825496755,0.22649567518258698,1.7776938440582368,1.64993776690932
1.0,0.1,0.0,0.5,1.0,0.9,0.9,0.8,0.0,-0.48940245229260815,1.4043629502887303,1.4287614852137687,4.049531440813837,3.8781722997642443
0.9,0.4,0.8,0.3,0.6,0.1,0.1,0.8,0.6,0.515768266200051,0.5245602559056508,0.14914290435666,2.995588340373569,2.5857010668167955
0.3,0.5,0.5,0.0,0.3,0.6,0.8,0.5,0.6,-0.29380245427067686,0.9759187347629864,1.4070372941730778,2.3441867407465744,2.1671647989444214
0.4,0.3,0.6,0.7,0.1,0.1,0.9,0.9,0.2,-0.1357427989629017,1.066365450189438,1.0085058985582112,2.8664625640067776,2.7992765218368856
0.4,0.9,0.0,0.5,0.9,0.1,0.7,0.7,0.3,0.2615232771992998,0.5982167487958369,0.3942881965154656,3.2563396872643366,3.0118165229811193
0.7,0.2,0.5,0.3,0.9,0.2,0.8,0.9,0.5,0.4436311566362056,0.41633107162319694,0.5633279391032902,4.178719030932314,3.9193473461291504
0.5,0.7,0.2,0.1,0.5,0.5,0.9,0.5,1.0,1.2271256250424598,-0.274211006101016,-0.4954795982804515,2.7249507802280046,2.5287671150237263
0.8,0.6,0.2,0.0,0.8,0.3,0.0,1.0,0.4,0.5637302777996833,0.3782322053795391,0.2649255017995348,3.298749025824615,2.780239123278421
0.1,1.0,0.0,0.8,0.5,0.6,0.5,0.4,0.1,-1.0856335153227754,2.039262502261397,2.126542942402282,0.8854086642249916,0.6177771743006808
0.9,0.6,0.2,1.0,0.1,0.7,1.0,0.3,0.7,0.006637759840151761,1.1264026552481694,1.0387529516332425,2.5940550767037607,2.2210524718802764
1.0,0.8,0.9,0.3,0.3,0.2,0.4,0.6,0.8,2.051293091728438,-1.0732217274191487,-1.3839311023536351,3.331317471828178,3.2223569703798667
0.2,1.0,0.5,0.2,0.5,0.7,0.6,0.2,0.3,-0.7687861477978037,1.5976045705724387,1.4783026643464283,1.9125469592463358,1.9764135607336026
0.6,1.0,0.1,0.6,0.3,0.8,0.9,0.7,1.0,-0.25019167899469186,1.239774940501502,0.9374864497706165,1.432851691437076,1.155498937594888
0.3,0.5,0.9,0.3,0.2,1.0,0.6,0.5,0.7,-0.6858972487920614,1.7758165815337954,1.3073649638401144,3.325977231321495,2.8576295385734736
0.2,0.5,0.2,0.1,0.5,0.5,0.3,0.4,0.6,0.5620981017393311,0.6581302426918119,0.37018767811717024,1.3789044110469857,1.4377055371308614
0.6,0.1,0.1,0.0,0.2,0.5,0.7,0.0,0.6,0.7135737747447114,0.3565107748843217,0.3098023990651022,2.394105150715102,2.1670147613029656
0.4,0.9,0.0,0.0,0.2,0.7,0.7,0.9,0.0,-1.0673775671804306,2.2087149383157807,1.89597857880469,2.8275967264703263,2.726274423144746
0.1,0.3,0.6,0.5,0.1,0.9,0.2,0.1,0.9,-0.794726004567701,1.8982657228359945,1.8396816155054454,2.2350781676874414,1.9726397717811597
0.9,0.8,0.8,1.0,0.7,0.1,0.3,0.8,0.9,0.45158265922869206,0.3762515371780011,0.4096384866477981,2.6178798421551996,2.344130144239586
0.7,1.0,0.3,1.0,0.6,0.1,0.1,0.7,0.1,1.334337865571986,-0.3744696326062299,-0.5281787605104207,1.243228226623974,1.2124573069719706
0.9,0.3,0.0,0.3,0.8,0.7,0.5,0.0,0.7,-0.4828692747661615,1.213090939431652,1.239426180449343,3.7048709337657577,3.709393256774665
0.8,0.7,0.4,0.6,0.1,0.2,0.3,0.8,1.0,0.9301156605760336,-0.1240068014468098,-0.3836097646011738,2.3695153310771726,1.9616496132077907
0.7,0.0,0.8,0.1,0.3,0.6,0.2,0.0,0.5,0.19014970224727945,0.4629131406684248,0.5989581492720506,1.654215943435259,1.7162106003898883
0.5,0.0,0.9,0.2,1.0,0.7,0.0,0.5,1.0,0.36359054688405956,0.5831507579867264,0.3123137528388713,2.512817882304836,2.3640433342073597
0.8,0.6,0.2,0.6,0.1,0.3,0.2,0.5,0.8,0.8778701062471673,0.17746649368116707,0.02025327683556637,2.5382317688197635,2.445498304854634
0.9,0.8,0.6,1.0,0.3,0.2,0.6,0.2,1.0,1.1213371815724182,-0.052864059245186154,-0.056724713621327805,1.8328079650819853,1.4161682603083512
0.7,0.1,0.2,0.9,0.8,0.3,0.9,0.6,0.2,1.817486451245531,-0.8765219995591125,-1.0446763245783197,2.7061821517351192,2.4888066112261575
0.5,0.3,0.3,0.3,0.3,0.8,0.5,0.6,0.0,1.322069326196184,-0.2963162376560817,-0.3918428405649107,2.3053686029552507,2.006305991754922
0.5,0.8,0.7,0.1,1.0,0.6,0.4,0.6,0.9,-0.19511111071732257,1.2278591725791457,1.1659836744817549,3.2776157763883575,2.9436922007827078
0.1,0.9,0.9,0.6,0.5,0.8,0.9,0.6,0.9,-0.10167408660590463,0.9427491651093689,0.9313431067335769,1.7667717519914614,1.614831352250537
0.2,0.0,0.6,0.9,0.2,0.4,0.1,0.3,0.8,0.10778758400243693,0.9338143312387953,1.0022302486341708,0.16412597601221413,-0.2382676389723159
0.6,0.7,0.5,1.0,0.1,0.6,0.4,0.6,0.8,-0.2350066969733596,1.2927442782343856,1.030023436159868,2.0033560547899767,1.9651458934239634
0.4,0.8,0.5,1.0,0.2,0.7,0.3,0.3,0.6,-1.1333723529581843,2.131635203719078,1.9148938841829395,0.5850777817730336,0.4859580892758141
0.0,0.7,0.8,1.0,0.9,0.7,0.4,0.8,0.3,-0.7380061893817006,1.6806852051270802,1.8332588863987502,2.030451474939476,1.8236002600928292
0.8,0.0,0.3,1.0,0.8,0.7,0.8,0.5,0.5,0.7464628614749226,0.12210782791171101,0.12850486991788124,2.928865427246568,2.5425154069434703
0.1,0.5,0.9,0.9,0.3,0.9,0.0,0.6,0.2,-0.18189474385389204,1.161774605483417,1.2448569444031117,0.7315310938160484,0.3484333383031488
0.2,0.6,0.3,0.2,0.2,0.4,0.0,0.8,0.0,0.6589670139338768,0.025867200193748274,0.13150072450202419,2.4075398533976986,1.948011137216178
0.6,0.2,0.4,1.0,0.4,0.7,0.3,0.7,0.8,1.0801626244756868,0.02067294737607772,0.14709692344347963,-0.030871804271323175,-0.2511148943146412
0.5,0.2,0.1,0.2,0.5,0.9,1.0,0.8,0.3,-0.39279065790866013,1.3529191553721795,1.2836634393082345,2.129743195138172,2.053752869492542
0.4,0.2,0.4,1.0,1.0,0.5,0.7,0.1,0.8,1.6804852442167058,-0.4420272320700977,-0.8943004673340571,2.0996250211703265,2.019644285587793
0.4,0.3,0.9,0.0,0.1,0.7,0.1,0.1,0.2,0.39106942399170647,0.7029503125651823,0.6063648963893553,2.6875436405516835,2.497980447491172
0.8,0.3,0.3,0.4,0.8,0.2,0.8,0.6,0.4,2.254854698028714,-1.3235323142189408,-1.4095184768028213,4.035155605705906,3.821525038201727
1.0,0.4,0.1,0.3,0.6,0.4,0.2,0.9,0.2,0.5659552205475623,0.4803424622247944,0.19130723013136605,3.455400766318578,3.386699918048675
0.3,1.0,0.0,0.9,0.8,0.8,0.6,1.0,0.9,-1.4420912237850068,2.277597701334311,2.33818524896926,2.404083249440403,2.1947933488132962
0.3,0.0,1.0,0.5,0.7,0.5,0.9,0.8,0.4,0.5476876054899037,0.7609435534417492,0.5154711992992583,3.1089251731065426,2.927448268899398
0.1,0.6,0.1,0.4,0.0,0.5,0.6,0.7,0.7,0.11932456026936161,0.7845797931690366,0.7432510687570245,2.9306655840355185,2.8342247665476483
0.9,1.0,0.4,0.3,0.6,0.3,0.6,0.7,0.5,1.1430899886367452,-0.17581666018416622,-0.06036745733354326,2.9746676261136513,2.939839103581053
0.0,0.6,1.0,0.3,1.0,1.0,0.7,0.9,0.3,-0.9851490463767361,1.938131340237508,1.7765876993433658,4.088497247449158,3.7447797410155816
0.1,0.2,0.4,1.0,0.1,0.0,0.6,0.5,0.6,1.910629789557417,-0.8433626229056105,-0.8590866584380948,1.9004078673690832,1.8777207067671016
0.9,0.3,0.4,0.4,0.6,0.4,0.6,0.9,0.8,1.1296185812201358,-0.08541397466005014,-0.2492442825527439,3.3052708848529426,3.146960223616039
0.5,0.4,0.1,0.6,0.7,0.4,0.3,0.3,0.4,0.12896125608568573,0.829798101282793,0.7727515357594991,1.7044633425801323,1.4527558341026807
1.0,0.8,0.2,0.8,0.4,0.8,0.8,0.4,0.3,-0.17479127407516887,0.8876377209799182,0.7631494603624355,1.6894823406044834,1.601480057388013
0.8,0.1,0.0,0.8,0.6,0.5,0.7,1.0,0.5,-0.05136008091989859,0.9565073587997784,0.9392514570919196,2.120579810335296,2.1512492202860862
0.2,0.6,0.7,1.0,0.4,0.6,0.8,1.0,0.3,-0.7369297263695238,1.6954103133511589,1.800846951199955,1.4839979072677183,1.217621691754514
0.1,0.8,0.2,0.5,0.0,1.0,0.6,1.0,0.2,-0.616855391787821,1.6040080876225482,1.5582966551239252,3.466722914362488,3.1887656871485106
0.9,1.0,1.0,0.7,1.0,0.9,0.9,0.9,0.5,-1.2160365074502308,2.2632970415463567,1.980140985445888,3.8331761221034717,3.5777367886405624
1.0,1.0,0.3,0.6,0.4,0.3,0.1,0.3,0.4,1.086507394126146,-0.24093455349529472,-0.3941406465204531,1.2512064554509454,0.9385210172563246
0.1,0.3,0.8,0.9,0.0,0.3,0.9,0.4,0.6,0.6803815502664139,0.4938761541465537,0.44546251549678983,1.8682242369880755,1.8503249783223588
0.8,0.5,0.8,0.4,0.9,0.9,0.3,0.2,0.6,-1.2443539981410463,2.035182876285084,1.9195276219112956,3.5520765608886857,3.498795992501479
0.1,0.1,0.5,0.9,0.0,0.0,0.2,0.9,0.8,0.5219396353247115,0.6412546688608483,0.6730402767090409,1.740625557610189,1.4450873686329568
0.3,0.5,1.0,0.4,0.2,0.8,0.1,0.8,0.2,-0.6992509204952027,1.8369674316963698,1.8202609640489629,2.1803922395733633,1.8984098968410714
0.0,0.1,0.3,0.3,0.6,0.7,0.0,0.2,0.0,0.8974572474227165,0.1970843850236247,0.04313304752841898,1.8624843017593073,1.5336463137557876
0.9,0.7,0.8,0.1,0.6,0.2,0.0,0.4,0.3,0.13474257495237887,1.10739819008488,0.7726110006563599,2.7833332728309625,2.598081290000441
0.6,0.0,0.6,0.3,0.1,0.7,0.6,0.4,0.6,-1.2980269873305075,2.3382120335216388,2.083566467919738,2.8523245227114207,2.5106887303443948
0.7,0.9,0.9,0.3,0.8,0.6,0.7,0.2,0.7,-0.366487727957831,1.163910001629197,1.2168734507494892,4.329084970893792,4.102675467458231
0.6,0.7,0.3,0.6,0.5,0.8,0.6,1.0,0.7,-0.11562248859588127,1.0272605087965057,1.0299856199217565,1.3862109229539037,1.468640792843978
0.6,0.0,0.6,0.1,0.0,0.9,0.1,0.5,0.0,-1.2728310865898513,2.2146655312957044,2.1532706299181403,3.111958873347197,3.187436873605866
0.5,0.1,0.0,0.3,0.4,0.2,0.6,0.6,0.6,1.5669305872457866,-0.5200293864122323,-0.6922800625998566,1.8857513217043602,1.7070498418075035
0.5,0.2,0.3,0.6,0.6,0.2,0.8,0.7,1.0,2.416238301385494,-1.2314977794370505,-1.58923943208219,1.5983426869443105,1.1044832273767855
0.3,0.5,0.2,0.1,0.4,0.9,0.2,0.6,0.1,0.3374323749557776,0.7014695200345854,0.48669524351274895,1.4363042993861208,1.3217093042379573
0.1,0.8,0.5,0.2,0.4,0.4,0.6,0.4,0.3,0.47789475176074775,0.7306113772989792,0.376616935724319,1.7278038746615194,1.6519782596424564
0.0,0.2,0.6,0.9,0.6,0.5,0.2,0.8,0.2,-0.6956932899644287,1.633976816613182,1.4797611313816224,0.8133208453461155,0.6665182458660956
0.5,0.9,0.2,0.6,0.0,0.4,0.9,0.5,0.8,0.7058484795864386,0.3295770632113175,0.043845876018112934,3.299051007258668,2.799678002335418
1.0,0.8,0.6,0.4,0.8,0.3,0.5,0.1,1.0,0.5649990272067359,0.3633787016807613,0.5591861392180115,4.578369488746034,4.148717470248488
0.7,0.2,0.7,0.6,0.0,1.0,0.4,0.9,0.2,-1.873048969962002,2.9614976767410868,3.066827310056214,3.3353332170816428,3.096569721544504
0.1,0.1,0.3,0.1,0.5,0.2,0.2,0.9,0.8,1.9017999860142663,-0.7746010685431289,-1.0279506240235845,1.1720422781396236,0.7766502303790518
0.8,0.7,0.7,0.2,0.6,0.5,0.5,0.6,0.9,-0.26987453060691824,1.0252920093762823,0.8834152482977456,3.5071690373992768,3.234874681126397
0.0,0.9,0.5,0.7,0.1,0.7,0.7,1.0,0.4,-1.332691349699354,2.2129892446543757,2.166044397529801,2.368400753688806,2.2116701726067367
0.6,0.7,0.9,0.9,0.6,0.1,0.9,1.0,0.7,0.8742169207595649,0.10122475244266421,0.14319949296862353,2.2793837793349954,2.3337035141982394
0.8,0.3,0.2,0.9,0.1,0.0,0.2,0.9,0.3,1.4300101656238784,-0.32101281713712204,-0.6247472459960148,2.355299375928538,1.9199295800389162
0.7,1.0,0.0,0.4,1.0,0.4,0.5,0.0,0.9,0.23468750829829668,0.7758124023536092,0.652863173938259,3.144285583771567,3.047615893349114
0.7,0.8,0.4,0.9,0.9,0.4,0.2,0.9,0.0,0.4088390641160364,0.5410480596658258,0.5718124682189626,2.9607361359473696,2.6948653460134557
0.4,0.5,0.6,0.9,0.9,0.2,0.0,0.6,0.3,-0.25357907087528514,1.1317338963295789,1.1671713220094933,1.788979887913729,1.5753156254425997
0.1,0.1,0.1,0.2,0.6,1.0,0.9,0.2,0.0,0.02351120810023853,1.1293897934799122,1.092618672468629,3.0464766540948425,2.6951249308762786
0.5,0.4,1.0,0.0,0.3,0.7,0.6,0.1,0.0,0.7238051581213407,0.20024703516704767,-0.13377793917053782,2.8127148832114965,2.5059470659851337
0.2,0.8,0.8,1.0,0.5,0.7,0.0,0.6,0.4,-0.40517185751427764,1.404618785875476,1.3176075302922745,0.5387950411170378,0.2537043260762017
0.9,0.6,0.9,1.0,0.3,0.2,0.2,0.4,0.3,1.009993850634884,-0.09982709886273142,-0.2491852876286084,1.4559928942005205,1.089626705005185
0.6,0.8,0.4,0.2,0.0,0.6,0.5,0.5,0.2,0.21234624005189343,0.7750417854267184,0.8076338724353924,3.904333305988468,3.7363606093988007
0.9,0.5,0.3,0.0,0.3,0.3,0.6,0.6,0.8,2.534902766400898,-1.4019410806380725,-1.420155073822925,2.2443834340970996,2.1811265242360585
0.6,0.4,0.1,1.0,0.2,0.0,0.1,0.9,0.0,0.8360894510003112,0.08611420271752801,0.11122412305749767,2.109582957326949,1.8165850638273315
0.8,0.0,0.1,1.0,0.2,0.5,0.1,0.7,1.0,1.411279194164384,-0.31804915781081894,-0.5834544093464996,0.9555808142431513,0.7144010126110614
0.6,0.4,0.0,0.5,0.5,0.4,0.5,0.2,1.0,1.0518831198297287,-0.1782336231499728,-0.29400998111910737,1.7674317254380978,1.5541644927999156
0.3,0.1,0.6,0.0,0.1,0.3,0.5,0.7,0.5,0.5176440137170947,0.5744617662281553,0.5067603724771897,1.9905281280203047,1.7680017510859176
1.0,0.9,0.2,0.3,0.6,0.1,0.6,0.7,0.5,1.7347964001291003,-0.5306510074512422,-0.7530135005848902,3.5736062458337443,3.2987319618415945
0.3,0.3,0.6,0.0,1.0,0.2,0.4,0.0,1.0,0.9598450548488567,-0.14990254676758435,-0.1910901609660994,2.06484494154391,1.9480581270903803
0.5,0.5,0.5,0.6,0.0,0.6,0.9,0.6,0.5,-0.7197892559772574,1.7458133158242197,1.4798557649993354,3.2635532853090723,3.1380044283294137
0.5,0.9,0.1,0.2,0.5,0.4,0.4,0.2,0.2,0.6944753993627755,0.3197085751275992,0.17187778719796465,2.124863096708586,2.034985987975131
0.9,0.7,0.6,0.5,0.2,0.7,0.3,0.4,0.4,-1.6150860267913074,2.508020154428727,2.6448541632365226,2.622937286982609,2.447069550415606
0.7,0.4,0.3,0.2,0.2,0.0,0.4,0.8,0.7,1.8888879800656568,-0.8515929488945078,-0.9304197290725774,2.605201402338049,2.5924931781922056
0.0,0.5,1.0,0.0,0.4,0.6,0.8,0.7,0.9,1.002793303971474,0.0776545767445992,-0.09848368323585303,1.9491889469834207,1.5578156436659354
0.4,0.4,0.9,0.2,0.3,0.2,0.2,0.2,0.5,1.5615113166026044,-0.7881546883637698,-0.8104611551852688,1.912475413512329,1.5418037613218751
0.8,0.2,0.8,0.5,0.5,0.0,1.0,0.0,0.0,1.1449914645269947,-0.24146597709353007,-0.5207279184768887,3.1516338297840423,3.0575501287248414
0.5,0.5,0.2,0.1,1.0,0.9,0.6,1.0,0.0,-0.13829339101578553,0.9640610162039357,1.1117828369635037,3.512861468577374,3.2586662792850003
0.4,0.2,0.8,0.0,1.0,0.7,0.0,0.8,0.1,-0.4838849010274617,1.585862821482991,1.271275112301325,2.055965651021114,1.9894395164434222
0.8,0.4,0.5,0.5,1.0,0.2,0.8,1.0,0.2,0.8158112351612506,0.009598820644622669,0.1282390300727781,3.8333984429984223,3.4766951594802515
0.1,1.0,0.2,0.5,0.5,0.0,0.4,0.8,0.3,0.9252626264599658,0.045827463219097114,-0.06447748816678428,1.5891472402888671,1.2622927609884986
0.9,0.3,0.1,0.3,0.6,0.5,0.0,0.9,0.0,0.1590764702396194,0.9563005175704318,0.8692175627782422,3.3464092262496217,3.0746678372712197
0.3,0.5,0.0,0.5,0.8,1.0,0.0,0.3,0.7,-2.249927648290195,3.3146898125874813,3.3405667617950763,2.1916176329555137,2.082889333411045
0.5,0.4,1.0,0.4,0.7,0.3,0.5,0.1,0.5,1.1307592895283578,-0.04653831114833186,-0.11138982338031045,3.4429562513595227,3.355753834750018
0.0,0.7,0.6,0.2,0.8,0.5,0.5,0.3,0.3,-1.1347072433192893,1.935409178361655,1.9341392744234365,3.355351722720625,3.102729914237566
0.6,0.0,0.4,0.3,0.7,0.8,0.5,0.2,0.5,0.29002282360541753,0.7881800428988308,0.7276357061061753,2.755359445509858,2.4727837342594103
0.1,1.0,0.5,0.6,1.0,1.0,1.0,0.6,0.0,-1.0691647658624044,2.0976799584617023,1.8990931675072409,3.550426797620619,3.2305922188378844
0.8,0.2,0.8,0.2,0.8,0.9,0.8,0.1,0.4,-0.19628919925442115,1.5125939994008473,1.3399257610156439,4.449000971331237,4.367323435809732
0.4,0.6,0.1,0.3,0.4,0.7,0.6,0.8,0.7,-0.4431584092624442,1.628580166353454,1.4097879885732392,1.9544561430868708,1.2198152093502599
0.6,1.0,0.7,0.2,0.6,0.6,1.0,0.9,0.3,-1.7611920924736402,2.6661294756225926,2.6894162011909173,3.9846588051950085,3.7373400747612835
0.7,0.4,0.1,1.0,0.4,0.6,0.2,0.3,0.7,-0.054007787682275654,0.9269894180205781,0.8947072102204512,0.19334933241977983,0.034785663792890366
0.5,0.0,0.7,0.3,0.7,0.0,0.4,0.4,0.2,0.23087530632330244,0.8001951032318811,0.721578721925723,3.188418742099301,3.019913142018177
0.4,0.4,0.3,0.6,1.0,0.9,0.0,0.7,0.8,0.33042894375038057,0.9054681376249445,0.8350905693524023,1.2416283807304347,1.2058671994881611
0.7,0.9,0.9,1.0,0.4,0.7,0.9,0.4,0.2,-0.4480448892030936,1.2774333247277985,1.358150922647971,1.617153090281726,1.705181845549861
0.2,0.8,0.5,0.3,0.5,1.0,0.0,0.3,0.5,-1.558829308548466,2.7788205689159744,2.546595946128162,1.3226252667257925,1.0913696244715045
1.0,0.4,0.1,0.5,0.0,0.3,0.6,0.5,0.8,1.2366630924407314,-0.22219814361167678,-0.18567030842164128,3.859947074824211,3.931501610739474
0.9,0.1,0.4,0.6,0.5,0.0,0.8,0.9,0.9,1.8206405225481825,-0.7059588104710064,-0.8607590440984401,2.4774305247651367,2.1499486645976122
0.3,0.3,0.0,0.6,0.9,0.6,0.1,0.2,0.8,-0.2434203733113733,1.138954687855548,1.110252954075059,2.1691371337695764,1.8312283917106353
0.0,0.6,0.3,1.0,0.9,0.3,0.5,0.2,0.8,1.7496481431076731,-0.8731372080027525,-0.9116208891421657,1.8390875831218798,1.7139077164834668
0.7,1.0,0.9,0.8,0.3,1.0,0.0,0.5,0.3,-1.3079762614863248,2.3296854994528355,2.0619024947835407,1.4874399990640672,1.3397783399919276
0.9,0.0,0.0,0.4,0.3,0.4,0.4,0.5,0.2,1.3028176746491624,-0.2689257342590378,-0.5940049344612345,2.883538746873026,2.3445743693637118
0.9,0.7,1.0,0.3,0.9,0.4,0.8,0.8,0.1,0.7363235318062532,0.18488944899845294,0.058738164977785556,5.034032581475745,4.9837195875647575
0.2,0.6,0.3,0.3,0.5,0.7,0.9,0.6,0.0,0.8260005201584322,-0.05417232799454519,-0.053967936443873946,2.736182397507199,2.7053431598655426
0.6,0.6,0.5,0.6,0.4,0.3,0.4,1.0,0.0,0.31018028870715164,0.8876648960943787,0.4999331788197514,1.8185120973381872,1.6575578976213365
0.2,0.9,0.4,1.0,0.1,0.5,1.0,0.7,0.8,0.7233560947358824,0.3523955064554636,0.3504866941182878,2.170890872587028,2.0184005396775806
0.6,1.0,0.4,0.7,0.4,0.3,0.8,0.3,0.3,0.6503460202295542,0.34476111710349583,0.216895460562356,0.959371716254724,0.792894942876369
0.4,0.4,0.9,0.6,0.3,0.5,1.0,0.4,1.0,0.7015338108130541,0.1512344667083755,0.1780065796331851,2.050171529468065,1.773526514305517
0.4,0.3,0.7,0.8,0.8,0.0,0.6,0.6,0.8,0.6701761061111963,0.36107708113052706,0.04574878498697901,2.5642955537352408,2.3205207596748307
0.5,1.0,0.7,0.2,0.9,0.1,0.5,0.7,0.7,0.024474577484539232,1.1230383042802794,1.0164566640892985,3.6774422309843326,3.2888956355075663
0.9,0.5,0.3,0.2,0.1,0.4,0.4,0.0,0.3,1.3661269789483017,-0.4167985932866765,-0.46981564357315314,3.3882382496503762,3.2704988462996947
0.6,0.1,0.8,0.6,0.8,0.0,0.2,0.6,0.1,0.8571397749368077,0.2835212314302966,-0.05646612891651472,3.1298256244573457,2.9803596199472002
0.7,0.2,1.0,0.8,0.1,0.7,0.4,0.6,0.2,0.27501127792224056,0.8191912555427019,0.5703091797221717,2.4936311370154502,2.066926885574047
0.2,0.0,0.6,0.0,0.7,1.0,0.8,0.6,0.0,-0.9086936497876852,1.7799255590389682,1.727068016392453,3.5094168407661717,3.056911401168733
0.9,0.4,0.8,0.5,0.7,0.7,0.2,0.0,0.4,-0.7950359677088008,1.9095205346250164,1.7111048327219085,3.130059377867439,2.7569660038620065
1.0,0.2,0.3,0.5,0.2,0.7,0.1,0.6,1.0,1.611221315594378,-0.5533868348540429,-0.6516524748537782,2.4570890416214994,2.262882860182294
0.1,0.3,0.6,0.4,0.8,0.8,0.6,0.6,0.3,-0.7110352655218493,1.7252394070507302,1.741819404454516,3.346691594030797,3.061545353299366
0.1,0.5,1.0,0.1,0.8,0.5,0.6,0.9,0.6,-0.15073373470875617,1.20055878160303,1.0114762581812242,4.059995510279316,3.8966608687566286
0.1,0.0,0.3,0.0,0.2,0.7,0.3,0.0,0.2,1.2741701107428065,-0.032113070124125065,-0.32600028538860026,1.3019931997436245,1.1890604977009138
0.5,0.8,0.3,0.3,0.1,0.8,0.3,0.1,0.5,0.290708827494461,1.0156518781136565,0.6409731034202587,2.8159810534385388,2.9083364370064957
0.2,0.2,0.5,0.6,0.2,1.0,0.1,0.1,0.8,-0.9783779802505226,1.7799754742038456,1.6808021198352714,1.2615473312862862,1.1740830262189943
0.9,0.5,0.9,0.9,0.2,0.9,0.7,0.0,0.2,-0.2604226699046168,1.5787255312228021,1.4657871772257276,2.6235914357263974,2.2420506157289344
0.9,0.9,0.0,0.9,0.1,0.0,0.9,0.4,0.7,0.18807843803271218,0.9264498007934806,0.7761314266917434,3.107902360374436,3.099078416366774
0.6,0.9,0.4,0.4,0.0,1.0,0.8,0.7,0.0,-0.6048148376893925,1.7924389952732815,1.5514852567037718,3.9145212661248134,3.795401847031711
0.1,0.9,0.1,0.6,0.1,0.5,0.4,0.8,0.5,-0.42827097643726436,1.6121103498515326,1.4609739571929437,2.1754518698353693,1.8666987617164243
0.8,0.4,0.8,0.3,0.5,0.9,0.1,0.5,0.4,-0.5552862812933169,1.5899443937794135,1.4793343748763266,2.371431696753964,2.4071513356851413
0.2,0.3,0.9,0.1,0.9,0.8,0.9,0.0,0.6,0.17098375999995544,0.9245417151909024,0.6446359664492249,3.11185749152132,3.089194729673306
0.2,0.7,0.2,0.6,0.9,0.6,0.3,0.7,0.6,0.21732937555500847,0.735178843201724,0.6572065685204727,2.260782373453669,1.9067947353072585
0.3,0.6,0.7,0.7,1.0,0.4,0.1,0.9,0.0,-0.9045745944668837,1.9668939319882783,1.9271947208618234,2.330769113064144,2.1850146158222903
0.7,0.0,1.0,0.7,0.1,0.0,0.4,0.6,0.5,1.820122097063202,-0.7189818987185647,-0.9976998164268139,2.720385531499207,2.4466172974418834
0.5,0.5,0.3,0.4,0.3,0.7,0.4,0.6,1.0,1.2128961850461022,-0.03712803689337814,-0.25777102017119735,1.8075838528575643,1.5138377386113226
0.4,0.4,0.2,1.0,0.9,0.9,0.0,0.2,1.0,0.24926089557394818,0.6905619593977322,0.7005059901385975,1.4450023275900459,1.0043797793504037
0.6,0.7,0.7,0.7,0.4,0.7,0.6,0.0,0.1,-1.1107258214362645,2.2260812442158975,2.052988526935607,1.147212047373429,1.1696350722809645
0.1,1.0,0.9,0.1,0.5,1.0,0.9,0.7,0.1,-0.2566801125504028,1.5277793140061213,1.2196648640135066,2.601703469116006,2.328717651865719
0.8,0.9,0.6,0.9,0.0,0.5,0.6,0.6,0.3,-0.718805179779989,1.5820396872623033,1.4576850617081663,2.9835495450719236,2.6598642636694816
0.7,0.1,0.5,1.0,1.0,1.0,1.0,0.3,0.3,-0.8090617521306664,1.7779351506640957,1.669309734007082,2.3786236022949727,2.004729450949929
0.6,0.6,0.3,0.6,0.4,0.1,0.8,0.2,0.0,1.988077710522445,-0.8558194043840786,-1.0594097194196295,2.079764536598517,1.8541054522713512
0.7,0.6,0.8,1.0,0.9,0.0,0.2,1.0,0.2,0.28656065907598066,0.5298692403795888,0.466218302287788,3.1409748609373844,2.859979462981832
0.6,0.1,0.8,0.8,0.2,0.8,0.7,0.5,0.7,-0.48294638330993844,1.4208835325290305,1.5065119235410611,1.7942378643558752,1.6154819352789065
0.2,0.8,0.9,0.7,0.5,0.3,0.9,0.5,0.8,1.1567090429844187,-0.03386057392847182,-0.26417865520882594,1.722317369643091,1.5852365312915395
0.5,0.8,0.2,0.5,0.6,0.9,1.0,0.2,0.6,-0.4534894592086039,1.3627034284562813,1.0638180714272911,2.561672193280983,2.5628951693290194
0.7,0.2,0.8,0.4,0.8,0.1,0.6,0.0,0.2,0.8451449842447284,0.1854221220125565,-0.21345779765092815,3.949536348223187,3.7494008127097516
1.0,0.6,0.0,0.0,0.7,0.0,1.0,0.2,0.8,1.1037768405376158,-0.07432288609382928,0.039475875252146325,4.429502607526866,4.268604911098155
0.2,0.5,0.4,0.0,0.6,0.8,0.6,0.0,0.4,-0.21225305169511222,1.3589764481590603,1.33241235440421,1.9598170148478715,1.5822956181704249
0.7,0.3,0.5,0.2,0.7,0.9,0.2,0.1,0.2,-0.5113383298069498,1.5505346767642327,1.4812220141566272,3.1885413091049286,3.1901146450349174
1.0,0.4,0.9,0.4,0.4,0.4,0.0,0.7,0.1,1.5834524406446504,-0.38783195862534714,-0.5200407565139749,2.4165631248510593,2.2753331123786755
0.9,0.6,1.0,0.5,0.5,1.0,0.3,0.1,0.3,-0.6301494137577425,1.5349543559475427,1.5236098329756593,3.1281142446119095,2.9662458824342823
0.4,0.9,0.1,0.2,0.3,0.6,0.6,0.5,0.2,0.061727085999522396,1.022505370316347,0.9884720240480844,2.663666890220163,2.5199777646900245
0.0,0.5,0.0,0.1,0.5,0.3,0.9,0.5,0.9,1.2754167817726598,0.110186141846269,-0.22342230486487796,2.2528854460826953,2.0543282410703543
0.6,0.6,0.0,0.3,0.5,0.0,1.0,0.0,0.5,0.5745185129848743,0.5708745500940098,0.478536188074533,3.047134818229835,2.776796615644839
0.2,0.5,0.0,0.1,0.7,0.9,0.9,0.7,0.8,-1.1188794836374658,2.2226807947719878,1.8393997532676476,2.871371318168958,2.5772514585080915
0.2,0.8,0.8,0.2,1.0,0.1,0.7,0.2,0.9,1.5209982133492983,-0.327429589461399,-0.5510275014060456,3.538924731428519,3.08273913500438
0.3,0.6,1.0,0.4,0.4,0.5,0.6,0.9,0.1,0.21625555074873365,0.7918663709266254,0.7757317777804236,3.0316673874937683,2.637826740420319
1.0,0.5,0.1,0.4,0.5,0.7,0.2,0.6,0.2,0.032535774758796224,0.8874232214441893,0.6565832462491581,2.753653725020394,2.3759788265523376
0.2,0.2,0.4,0.2,0.9,0.8,0.1,0.4,0.6,-0.2589692531831859,1.339372284586619,1.258746417815975,2.0968842906047587,1.9281126874576535
0.2,0.5,0.1,0.6,0.6,1.0,0.5,0.9,0.4,-1.6190550044867522,2.609889356664576,2.422196905512303,2.1045626434538223,1.8569073365765605
0.0,0.0,0.7,0.3,0.3,0.5,0.6,0.3,0.1,0.3322092480585404,0.40907554054367234,0.6028675906411379,2.0394004747540535,1.635262274886692
1.0,0.6,0.0,0.3,0.8,0.1,0.9,0.7,0.8,0.7180584902594256,-0.04474161112909392,-0.015811396158128432,4.93175968362454,4.650860481923149
0.5,0.6,0.3,0.2,0.3,1.0,0.9,0.5,0.9,0.21646779154107113,0.6461373767412887,0.488317595418713,2.959404190883862,2.6723490723827408
0.2,0.6,0.6,0.2,0.2,0.5,0.8,0.6,0.8,-0.10103302618671521,1.3805048295037237,1.123290503510279,3.328281838552752,2.820063732876119
0.5,0.7,0.6,0.0,0.6,0.4,0.4,0.4,0.2,-0.620655825408026,1.6725653705562988,1.7078735590194423,2.4526914194385743,2.0031115815760643
0.3,0.4,0.2,0.5,0.7,1.0,0.6,0.4,0.8,-0.2769140523893361,1.9505481172543755,1.7055698521456994,2.3889766921787765,2.435402338770076
0.4,0.7,0.2,0.8,0.4,1.0,0.0,0.2,0.3,-0.32406874092455856,1.242228578245545,1.329828114772365,0.31262163898578743,-0.19527529922164413
0.1,0.6,0.2,0.5,0.6,0.5,0.9,0.4,0.8,0.210872766187587,0.7390843402846274,0.576729678452371,2.3039567972438166,2.139585252317689
0.4,0.5,0.4,0.1,0.9,0.3,0.9,0.3,0.2,0.8854807929771131,0.05901400839675564,-0.048686453678785824,3.0610456142665794,2.8756601003415074
1.0,0.6,0.6,0.4,0.7,0.7,0.7,0.9,0.6,-1.994170541947326,2.9399478475717515,2.934788116673412,4.453196204596403,4.39964961007084
0.6,0.8,0.8,0.1,0.5,0.4,0.2,0.7,0.1,0.5610156268297428,0.3280880706564707,0.31190931193365584,2.184853019950457,1.7906899038654676
0.7,0.7,0.7,0.7,0.8,0.1,1.0,0.5,0.5,-0.2982906646710239,1.3214102284443379,1.0003717668742982,4.045800859284617,3.5657658338793956
0.9,1.0,0.1,0.5,1.0,0.6,1.0,0.3,1.0,0.020316275283817062,1.0128072552895888,0.9336110961143003,3.6510578209987363,3.4555664687714205
0.1,0.6,0.3,1.0,0.5,0.8,0.6,0.7,1.0,1.020565066956485,-0.0041232347561976634,0.09444953592689692,0.13052007286546374,0.14838685172912097
0.3,0.7,0.6,1.0,0.2,1.0,0.7,0.8,0.5,-1.946952970394064,2.9181707788581552,2.826988391597388,1.4458795428662041,1.4877106428056064
1.0,0.7,0.0,0.5,0.1,0.3,0.9,0.1,0.0,0.9621081218627457,-0.04979859367115888,-0.14481651937599715,4.687383852045702,4.337544321841784
0.4,0.6,0.1,0.2,0.5,0.3,0.5,0.7,0.4,0.8753122572226909,-0.0643222309166754,-0.2337665734808358,1.4915170173304308,1.3806213145218702
0.0,0.9,0.8,0.3,0.6,0.3,0.2,0.4,0.9,0.15731664408562673,0.807736187021765,0.691561090698498,1.9484254805479742,1.807668277704093
1.0,0.6,0.0,1.0,1.0,0.8,0.0,0.3,0.4,-1.2379444567927278,2.311148113320899,1.939341447371813,1.763025303869042,1.6567066171206815
0.1,0.1,0.7,1.0,0.5,0.9,0.7,0.3,1.0,-0.853845364713202,1.6743416018665442,1.5837779015034619,0.39984309756298037,0.003672970298357045
0.3,0.7,0.6,0.2,0.8,0.0,0.8,0.7,0.3,0.21652035988190915,1.044404194422893,0.8426591892585681,3.7960118954443534,3.632629761954718
0.4,0.8,0.0,0.3,0.6,0.7,1.0,0.7,0.2,-0.4932846174148324,1.7059698207453469,1.5047359671922707,3.034567216996237,2.744021533608748
0.7,0.9,0.6,1.0,0.2,0.7,0.2,0.6,0.4,-1.21457822291557,2.236607540137235,2.1730918142328424,1.6581337515131893,1.3247509827382424
0.5,0.4,0.1,1.0,0.3,0.4,1.0,0.8,0.9,1.2282812527574982,-0.2734326516471054,-0.16640842053467203,0.9244595296004418,0.9859030948882032
0.2,0.5,1.0,0.5,0.0,0.0,0.4,0.7,0.4,1.0006165267984388,0.20612916122816552,0.04083463156666847,3.0069367204168453,2.696171354279146
0.7,0.3,0.5,0.4,0.4,0.8,0.0,0.4,0.2,-0.9685009148741122,1.8188924619210258,1.8352847837504254,1.1794467668733803,1.0614442775846602
0.2,0.3,0.6,0.0,0.9,0.5,0.1,0.9,0.6,-0.6672999050474863,1.6429766550854226,1.6889338847398463,2.9018537528697337,2.515478611939463
0.4,0.5,0.5,0.0,0.5,0.6,0.8,0.3,0.3,-0.7247040171505693,1.5307197667089956,1.6742130331704472,1.7875350973182536,1.5778921305841007
0.3,0.1,0.4,0.4,0.6,1.0,0.6,0.9,0.9,-0.4217704127846911,1.434023723286605,1.6044192600145046,2.4427763571074737,2.2559208982001837
0.5,0.1,0.3,0.3,0.7,0.7,0.7,0.9,0.0,-0.04642863743662787,0.6686268495067241,0.7329776776981429,3.3083853825031007,3.5290379261395484
0.7,0.5,0.5,0.2,0.0,0.7,0.0,0.7,0.5,-1.0352113635722966,2.2076071827180876,1.9167958845085626,2.90882820647367,2.4162396829751898
0.8,0.2,0.0,0.6,1.0,0.4,0.1,0.6,0.3,0.795083604672864,0.15539586729128374,0.06448300419252101,2.7929390217512484,2.1795748253990133
0.9,0.6,0.6,0.6,0.2,0.9,0.4,0.0,0.0,-1.6393061892791687,2.8756317019750823,2.656366626886272,2.9453811168580186,2.6180510737569334
1.0,0.0,1.0,0.6,0.4,0.9,0.3,0.8,0.0,0.26270061528438304,0.7480212697141921,0.7797223754604088,2.16470492812736,2.1542351086376774
0.2,0.8,0.0,0.3,0.9,0.2,0.1,0.0,0.4,0.26880479525472106,0.7979346889464106,0.5929738380433772,2.8718640961184922,2.7054658574817907
0.5,0.1,0.6,0.9,0.1,0.6,0.9,0.8,0.2,-1.0120225015654944,2.019791623000781,2.044344811728799,2.1482411023596746,1.6260812452372795
0.7,0.1,1.0,0.1,0.3,0.8,0.2,0.9,0.6,-0.3868974178174418,1.1618115158269324,1.1652992653331273,1.8861740639115685,1.9211035618374548
0.6,1.0,0.7,0.4,0.3,0.8,0.5,0.6,0.0,-1.2443734606578434,2.0027384163357382,1.8418475348762975,2.687612198513226,2.5475679886082014
0.6,0.0,0.5,0.7,0.5,0.4,0.1,0.2,0.8,0.6366951017119483,0.13847676267897058,0.05621602040946008,0.23683726019768878,0.2035903986650193
0.2,0.1,0.8,0.4,0.4,1.0,0.0,1.0,0.7,-1.0498996882763598,1.8680930822998696,1.9371718836036833,1.4982929742870141,1.1633631095637156
0.7,1.0,0.3,1.0,0.1,1.0,0.5,0.2,0.3,-0.21704660733217712,1.4489619264985956,1.3295079512473618,2.2446995137202315,2.2843819088235398
1.0,0.1,0.8,1.0,0.8,0.9,0.6,0.6,0.1,-0.08407561159429991,0.974837168463174,0.9332273249056385,3.7376516418976284,3.4755906173168136
0.8,0.5,0.0,1.0,1.0,0.4,0.7,0.4,1.0,0.6321951957565513,0.5388324923766598,0.44675275565263456,2.465025720875911,2.223559416420935
0.5,0.0,0.8,0.5,0.9,1.0,0.3,0.4,0.2,-1.1980432922083029,2.3092676207728573,2.058808010723482,2.9933509305838446,2.7620898038276405
0.7,0.8,0.3,0.4,0.8,0.7,0.5,0.0,0.2,0.07437281245719742,0.8215446454745405,1.0422844407843488,3.6507473027077855,3.2345858630791975
0.5,0.6,0.8,0.7,0.3,0.5,0.4,0.7,0.5,-0.013441336754269728,1.149070019917386,0.7509280390764511,1.192744554799264,1.0810216925511424
0.5,0.0,0.7,0.7,0.8,0.5,0.9,1.0,0.1,-0.4571620666852216,1.2064704065748733,1.347414833996216,3.241191977077018,3.2739808850363423
0.2,0.2,0.6,1.0,0.9,0.3,0.8,0.5,0.2,0.42664248682915207,0.29856201705170177,0.5923008736668879,2.7029801518424144,2.4636893428075712
0.0,0.0,0.5,0.0,0.0,0.1,0.7,0.4,0.1,1.1014837963592723,0.05151820345943381,-0.3083105114523881,3.0836229843559932,2.6418375253890605
0.0,0.8,0.6,0.6,0.3,0.0,0.5,0.1,0.0,0.8244647758201896,0.27543346723526996,0.21066636143067768,2.462793822587756,1.9715253499813366
0.3,0.3,0.8,0.5,0.9,0.8,0.0,0.2,0.2,-0.6787836452922152,1.5977283257990986,1.6427056821834036,2.519374840461839,2.146580100578958
0.5,0.4,0.0,1.0,0.0,0.4,1.0,0.3,0.8,0.25392714835224206,0.7787499385602812,0.5024316177549636,2.189707183259191,1.9454231801900113
0.3,0.4,0.3,0.9,0.8,0.8,1.0,0.3,0.2,0.21322885921667775,1.0789347500051392,0.9275903665752416,1.9309046983766893,1.8185220019341222
0.6,0.0,0.3,0.5,0.8,0.5,0.6,0.5,0.4,1.1104116029181341,-0.3577388553811821,-0.08416481417230959,3.4304738184993147,3.014785617331993
0.3,0.6,0.4,0.4,0.8,0.0,1.0,0.2,0.1,1.3550713579454998,-0.3939554646843043,-0.15454923955718325,4.194217733433624,4.001328397422457
0.5,0.8,0.2,0.0,0.3,0.6,0.3,0.1,0.4,0.921725997574655,0.07779235777685521,-0.0520713995601098,1.935964335728428,1.8782117926173951
0.6,0.2,1.0,0.4,0.4,0.1,0.5,0.8,0.1,1.4733437803485272,-0.47374315578045795,-0.6681439807482923,2.5482612194057874,2.1216641907006757
0.1,0.2,0.5,0.0,0.8,0.0,1.0,0.5,0.9,1.2956807995309516,-0.22492776575271908,-0.361824824247859,3.5886138104236442,3.4755341136462823
0.1,0.8,0.6,0.8,0.9,0.8,0.2,0.9,0.8,-2.03550077146499,3.008160881865468,2.928281960221015,1.8548244910514504,1.74293237041281
0.9,0.3,0.5,0.9,0.6,0.9,0.3,0.5,0.0,-0.5645681519921634,1.6299005801440023,1.4422637773054945,2.1022665658823083,1.9222207724233806
0.4,0.6,0.7,0.4,0.1,0.7,0.2,0.2,0.4,-1.5764765898216142,2.5204817015289076,2.3776285271260873,2.578457494817062,2.4625684732078663
0.8,0.5,0.5,0.5,0.2,1.0,0.0,0.8,0.5,-1.9879162785398978,2.8023974147158865,2.953523071210811,2.255345769979077,2.1618061374812885
0.4,1.0,1.0,0.2,0.5,0.6,0.4,0.9,0.0,-0.7187046354499458,1.4985477535553156,1.5453744095815265,3.232917305324297,2.8060337886070785
0.4,0.1,0.5,0.0,0.7,0.0,0.2,0.6,0.2,1.0682023063924402,-0.17293762506063518,-0.08859527352071431,2.5828705964562944,2.4696927510319355
0.1,0.0,0.9,0.0,0.1,0.5,0.0,0.5,0.4,0.9402887943244838,0.23499561523537715,0.011205782641175527,2.3333405058430334,2.1943904028188568
0.4,0.8,0.2,0.8,0.8,0.9,0.4,0.0,0.0,-0.6733693229987782,1.6408142030335375,1.4712248574920657,2.250851361337688,2.2614273505076268
0.1,0.3,0.3,0.1,1.0,0.9,0.9,0.3,0.5,0.6951606425288277,0.33898439157874055,0.14079531050135885,2.453206094031083,2.3220191333551607
0.6,0.8,0.1,0.7,0.8,0.1,0.5,0.9,0.4,-0.019156200616953556,1.044775119213832,0.7156054034236905,2.9768417633056767,2.8015802103650045
0.1,0.1,0.3,0.4,0.7,1.0,0.3,0.3,0.3,-0.3199323521167124,1.2430892693694913,1.0443279301264772,2.0189137074677586,1.9262775595406152
0.0,0.6,0.4,0.4,0.7,0.5,0.3,0.3,0.7,0.00782142622958772,0.9798994934211855,1.2334474324271931,2.392098379117041,2.1323635490068775
0.2,0.1,0.8,0.3,0.4,0.6,0.7,0.7,0.3,0.482733492928222,0.6287688310245367,0.48080312938846903,1.8921082526061148,1.7337774312914314
0.9,0.1,0.4,1.0,1.0,0.4,0.7,0.1,0.1,2.112417603745924,-1.2112706349034266,-1.1811626925983623,2.8138011376541976,2.734896662895918
1.0,0.6,0.1,0.7,0.4,0.2,0.8,0.5,0.9,1.3091659880506137,-0.3692783571750067,-0.2952074136375944,2.1643696190325117,2.1520732302087646
0.0,1.0,0.8,0.2,0.6,0.4,1.0,0.5,0.0,0.35102022451663545,0.47600903151312013,0.581103915949753,3.799588873962265,3.6662150981118202
1.0,0.3,0.4,1.0,0.5,0.6,0.3,1.0,0.7,0.9911988008663124,0.025106332645997275,-0.1489028102407035,1.6123063730369356,1.5098563387557862
0.8,0.5,0.5,0.8,0.1,0.0,1.0,0.1,0.1,0.7067309363665126,0.09872281583354711,0.261525756617014,3.541670697350065,3.506425922427634
0.4,0.5,0.7,0.4,0.6,0.7,0.3,0.2,0.3,-1.400065875938619,2.378184912818849,2.2749371297913985,2.2576896849745087,2.271941417111734
1.0,0.3,0.9,0.4,0.1,0.0,0.5,0.2,0.3,2.0332782957893865,-0.995572816691231,-1.1562078686612012,4.532126333531681,4.055948193666547
0.7,0.8,0.9,0.9,0.7,0.3,0.9,0.8,0.0,0.7388650530180378,0.29794040341545397,0.452786290750234,3.0905176245355377,2.897306607504641
0.9,0.1,0.1,0.6,0.3,0.5,0.4,0.1,0.0,1.1763353518185071,-0.2065508802696593,-0.4645901410632067,2.4043611561331244,2.2874451274355336
0.4,0.8,0.2,0.4,0.5,0.6,0.3,0.5,0.4,0.43896712417397055,0.6560934043133124,0.515210704478821,2.1346611295244076,1.7445568366161408
0.4,0.4,0.4,0.2,1.0,0.4,0.7,1.0,0.5,1.4493936104510148,-0.3467197496184521,-0.4873231447928744,3.2159982663878766,3.2485636978595998
1.0,1.0,0.0,0.5,0.4,0.0,0.1,0.4,0.3,0.05702939823543923,0.9873202733242745,0.7287345241438945,2.436205111861341,2.1207896482551636
0.8,0.1,0.0,0.4,0.2,0.3,0.8,0.8,0.1,0.9497931023090588,0.2675105662654559,0.16946696124358068,3.0230961502384712,2.796766813203238
0.4,0.6,0.9,0.5,1.0,0.9,0.3,1.0,0.9,-0.7087056807509653,1.6790819046652863,1.7841980947174747,3.0712760438612774,2.547009576145973
0.2,0.0,0.9,1.0,0.7,0.4,0.0,1.0,0.3,0.73300178320599,0.08944815992809807,0.0724953045305866,1.4231062534384586,1.3549112339451381
0.9,0.7,0.5,0.0,0.1,0.7,1.0,0.3,0.7,-0.8605817989679332,1.934321416648091,1.891412227043953,3.6043520721497115,3.566255051035133
0.6,0.1,0.6,1.0,0.1,0.0,0.7,0.3,0.4,0.2957842476245859,0.8540776551766868,0.5604881551917102,1.889839242974898,1.7755272084054092
0.2,0.7,0.6,0.5,0.2,0.5,0.7,1.0,0.5,-0.8338592890592442,2.042494486076531,1.6488093511230975,2.7909945520609853,2.6793732712990486
0.1,0.6,0.7,0.5,0.1,0.2,0.7,0.5,0.3,-0.23931407635287366,1.353828290685842,1.0906097582895697,3.3228504190931263,3.001594279522614
0.5,0.2,0.5,1.0,0.5,0.6,0.1,0.0,0.9,-0.089688854380305,1.0499164095134375,1.0010675996645673,0.3563647411423835,0.06381236177837599
0.2,0.5,0.1,0.9,0.1,0.9,0.2,0.9,0.2,-1.4144007246211039,2.6021823686285006,2.4070261095603587,1.6113836294791668,1.3871948730717722
0.3,0.7,0.9,0.7,0.5,0.9,0.6,0.2,0.9,-0.14860037092311051,1.1424865909461839,1.1963343012808914,1.2117551361442547,1.1525667612365633
0.4,0.7,0.1,0.9,0.1,0.9,1.0,0.1,0.4,-0.5621685066658905,1.489821175495833,1.4829158409631251,2.6520337966518346,2.2319192781260146
0.6,0.8,0.6,0.5,0.4,1.0,0.4,0.9,0.8,-2.0567454567677528,3.245847229038959,3.0463090886092874,2.0871802876975085,2.00501761225545
0.8,0.1,0.6,0.9,0.8,0.1,0.5,0.2,0.5,0.3511749379115545,0.5659035135035579,0.7065286095128563,2.4417803330779866,2.3801387937435554
0.5,0.5,0.4,0.7,0.9,0.6,0.1,0.2,0.1,-0.02097102940850193,1.1029382858226173,1.017032523148382,2.0551848669135118,2.0562619189071594
0.1,0.4,0.1,0.6,0.5,0.3,0.9,0.8,0.2,1.0691957335993512,0.014085396411522635,-0.037390414596269975,1.0439605489526462,1.0453195387470198
0.3,0.3,0.4,0.3,1.0,0.7,1.0,0.3,0.8,0.5002003028161883,0.37171557010108125,0.3539752451311132,2.6766386470206487,2.300038593634101
0.5,0.6,0.0,0.9,0.3,0.0,0.1,0.0,0.2,0.554400240798309,0.5917071010624168,0.5545898445897349,0.754206322508114,0.5591242772733105
0.3,0.2,0.0,0.2,0.6,0.6,0.3,0.3,1.0,-0.16271941984048446,1.062817500846371,1.0361305434050043,1.9179433629514873,1.5052314799061843
0.8,0.1,0.4,0.9,0.5,0.5,0.7,0.7,0.6,1.32857855363282,-0.4335363196359343,-0.5029978026508987,0.9590895836971443,0.9768487125878262
0.8,0.7,0.9,0.1,0.2,0.1,0.5,0.2,1.0,2.002517269951407,-0.9911670652301788,-1.086445488580069,3.3147323030773452,3.046207521525536
0.2,1.0,0.9,0.2,1.0,1.0,0.2,0.2,0.0,-0.44857977994900144,1.5396061096928262,1.5094171801437037,3.4686115661047565,3.5305467273421955
0.1,0.3,0.4,1.0,1.0,0.7,0.7,0.7,0.0,1.3353215873615087,-0.22697858340801885,-0.04087427385570991,1.7341939479111756,1.7294086892643588
0.3,0.2,0.6,0.8,0.9,0.3,0.9,0.7,0.4,0.287103720179848,0.5985106367143955,0.30038584744805313,1.9732859555049624,1.8090052627958517
0.0,0.5,0.7,0.9,0.6,0.9,0.9,0.0,1.0,-1.3515070607420434,2.1804173643772478,2.2147728556565216,1.261997485552323,1.1211991984275396
0.2,0.9,0.9,0.0,0.1,0.2,0.4,0.5,0.4,0.9242907774701155,0.3608859769142121,-0.04429057492652459,2.9761951078459696,2.876628179460281
0.2,0.0,0.2,0.1,0.8,0.0,0.0,0.4,0.6,1.3794589235090804,-0.1928505074287223,-0.3972649517628696,2.1452300748409745,2.1949518137703743
0.8,0.5,0.7,0.7,0.0,0.5,0.2,0.2,0.8,-0.7220809766104823,1.694933877603511,1.6448699596646221,2.581945756590745,2.3205979694109686
0.2,0.6,1.0,1.0,0.4,0.4,0.8,0.2,0.0,1.2444293117272331,-0.36553601947118813,-0.3969519446167728,1.7582804028580261,1.3238720767875556
0.8,0.0,0.1,0.4,0.9,1.0,0.5,0.9,0.7,-0.9826131700098774,1.7722871314096265,1.664083013317295,3.6636782583663288,3.639740626154309
0.2,0.0,0.4,0.6,0.5,0.2,0.3,0.6,0.3,2.190400644273973,-1.1143624114254416,-1.2307946936079484,0.8045313316592889,0.3434535666111959
0.1,1.0,0.3,0.2,0.6,0.1,0.3,0.7,0.9,1.7720210222790833,-0.6827083850937388,-0.8180974626455229,1.9814672208719548,1.8903409539012914
0.6,0.3,0.4,0.6,0.2,0.9,0.5,0.7,0.5,0.07678703239742528,0.8030429762642377,0.9180429195132103,1.5508999581796896,1.3683746690627634
0.6,0.0,0.0,0.1,0.2,0.2,0.8,0.4,0.7,0.9639915727866333,0.020223712744240778,-0.3865722956886723,2.4098149552629056,1.9419358995132998
0.1,0.4,1.0,0.0,0.1,0.3,0.9,0.2,0.1,1.6998103824918742,-0.6276384932477247,-0.7828576834703871,3.229812325728753,3.2375325638764485
0.6,0.0,0.9,0.6,0.1,1.0,0.5,0.3,0.1,-0.5260158010307763,1.7149628355889148,1.4291501312470096,2.503049738916723,2.2360947821762838
1.0,0.7,0.3,0.5,0.6,0.9,0.2,0.8,0.1,-0.3273740702922596,1.1273776051073943,1.373460680253076,2.790182829362569,2.5623165859840236
0.8,1.0,0.8,0.9,1.0,0.4,0.3,0.5,0.9,0.4787013733372194,0.5348387094845748,0.6408247048687005,2.407677062349047,2.480409219702795
0.9,0.8,0.0,0.9,1.0,0.5,0.7,0.2,0.0,0.5806060625195467,0.43387889201758323,0.6036719820501408,3.432232669348152,3.326017562691626
0.0,0.1,0.2,0.6,0.7,0.4,0.4,0.3,0.0,1.2021262114225486,-0.23391281726485305,-0.1571253339514057,1.9396484498886886,1.549616947510522
0.1,0.5,0.3,0.4,0.4,0.5,0.8,0.4,0.4,0.9354398755364688,0.05403156322754025,0.04346329091958939,1.9058631375056767,1.6437817748783374
0.8,0.5,1.0,0.5,0.4,0.3,0.1,0.8,0.8,0.7164980142183226,0.30558450095998546,0.15075752180110366,1.5604863015614499,1.5239173018679781
0.8,0.2,0.4,0.2,0.8,0.6,0.0,0.3,0.7,-0.1373710387542414,1.1554745732285636,1.0673561062672605,2.907855557563721,2.563603445242019
0.3,0.3,1.0,0.7,0.1,0.5,0.2,1.0,0.2,0.3443036439158561,0.748686877489166,0.48207918415173245,2.3393030020044603,2.48045492716292
0.9,0.4,0.8,0.8,0.8,0.7,0.0,0.7,0.0,-0.857637897216762,1.7239957394064962,1.4574159884477438,2.447280231118676,2.4848437160690784
0.9,0.6,0.4,0.9,0.5,0.1,0.4,0.8,0.2,1.1270888138838715,-0.13956984363923905,-0.1498487455410144,1.4639344223742417,1.1795260178150604
0.7,0.5,0.7,0.2,0.3,0.8,0.9,0.9,0.8,-1.4474537670676273,2.29630642212711,2.3477679003626384,2.846463875976664,2.746511267363846
1.0,0.0,0.7,0.5,0.4,0.2,0.2,0.7,0.5,1.1205785158764656,-0.14743041272308,-0.23739525101776668,1.66565087668817,1.2722376160141562
0.9,0.2,0.1,0.5,0.4,0.4,1.0,0.1,0.3,1.6475553617796106,-0.963167743613228,-0.9342798996362591,2.7655094987604567,2.626979358357931
0.6,0.2,0.0,0.8,0.9,0.8,0.5,0.6,0.5,-0.4654207113250822,1.2886870196502378,1.2522060407851217,2.220104438187274,1.9421522991897593
0.4,0.1,0.6,0.7,0.1,0.9,0.4,0.0,0.1,-1.53393337698472,2.6586005810237,2.409340394340164,1.7095551712857548,1.5259930592261943
0.8,0.3,0.2,0.5,0.0,0.4,0.9,0.3,0.7,1.0784642969740064,-0.28391928371560227,-0.328332385852266,3.106683717257685,2.9911577559261544
0.5,0.3,0.3,0.4,0.6,0.6,0.3,0.0,0.4,0.6268450704898876,0.255533041714143,0.1802313206761369,2.178415652804737,1.8129398356512143
0.8,0.1,0.4,0.9,1.0,0.6,0.8,0.6,0.3,1.2134038514691035,-0.15204998114618043,-0.43395609592845685,2.5280416074384053,2.249466379831472
0.3,1.0,0.6,0.0,0.7,0.3,0.2,0.6,0.0,-0.49268713769796496,1.2291124019327198,1.0919894083059247,2.722120083334003,2.6971679710507783
0.9,0.0,0.2,0.1,0.3,0.0,0.7,0.4,0.3,2.302372261471434,-1.463329880979778,-1.675699403753687,2.773799165914015,2.410952140852718
0.9,0.9,0.4,0.7,1.0,0.1,0.5,0.6,0.9,1.7856356537003484,-0.8871771065244244,-0.8681372852618874,2.874988047789146,2.60816619496344
0.6,0.0,0.3,0.4,0.8,0.2,0.1,0.9,0.5,1.1355286662648203,-0.2756997444399892,-0.4902166222980629,2.7231412603316314,2.5370018701336683
0.7,0.4,0.7,0.0,0.2,0.3,0.5,0.5,0.9,0.7620828013797768,0.2678128791221714,0.22881910403319566,2.6960611510065484,2.473665663629166
0.1,0.9,0.6,0.2,1.0,0.2,0.4,0.7,0.4,0.3528315118076303,0.7568679972862923,0.5731950298611374,2.581256146089874,2.3096503079905895
0.9,0.3,0.8,1.0,0.8,0.9,0.1,0.4,0.1,-1.0420017860078632,2.1683815521270944,1.929270534108731,2.769955709612926,2.4312671514408914
0.1,0.1,0.0,0.4,0.1,0.6,0.1,0.2,0.8,-0.21601235066318306,0.8844239942491714,0.8795949487732525,2.1548834614711887,2.1640185054641683
0.5,0.0,0.0,0.8,0.7,0.2,0.1,0.2,0.0,0.8218242708401458,0.16405256256297038,0.30841178629176913,1.3476055465059897,1.3199437391305082
0.3,0.5,0.8,0.5,0.6,0.1,0.2,0.4,0.3,-0.1669877004907405,0.9227305543943368,1.0712927893207835,2.184038237481727,1.7198433223815162
0.9,0.9,0.9,0.3,0.0,1.0,0.3,0.5,0.1,-0.7399264653423525,1.8350344822602658,1.765836563302129,4.910587029710205,4.705305281489826
0.9,0.6,0.3,0.3,0.3,0.6,0.8,0.6,0.7,1.2775019073753198,-0.4047059122693789,-0.41180261140272073,3.188764497791468,3.2280241599065786
0.9,0.3,0.3,0.9,0.7,0.9,0.5,0.1,0.8,0.7162679926401294,0.33369065826362243,0.0920557770375396,2.415256178589023,2.3363177631370955
0.3,0.5,1.0,0.3,1.0,0.1,0.3,0.4,0.6,0.7980264944183131,-0.0096055690003925,0.21405244154515518,2.9774288488880205,2.8336439604551695
0.7,0.9,0.6,0.6,0.3,0.2,0.4,0.4,0.9,-0.28362826663509666,1.3333002009093824,1.3651201043043335,1.4252850819293237,1.2623185393007552
0.2,0.3,1.0,0.6,1.0,0.8,0.4,1.0,0.8,-0.05369354621885819,0.8362539081599669,1.0248562366284584,2.3341157355571482,1.985833138707904
0.5,0.8,0.9,0.5,0.7,0.1,0.8,0.9,0.3,0.39673985507166265,0.7293484103354421,0.5401844295527569,3.821349676811059,3.754265448313994
0.0,0.8,0.0,0.3,0.9,0.5,0.9,0.8,0.7,-0.25481142938043405,1.2008401063417151,1.314811514962711,3.768226531801948,3.7208118529429584
0.1,0.2,0.9,0.8,0.5,0.3,0.8,0.8,0.8,1.388534457232687,-0.4929839163594746,-0.5360485251712103,0.5495258247688085,0.6447390105189462
0.0,0.2,0.0,0.9,0.4,0.2,0.9,0.5,0.6,1.4079943646430897,-0.33413949953893574,-0.416162973704921,0.8079391752480805,0.6308808285193505
0.7,0.7,0.9,0.2,0.5,0.8,0.5,0.0,1.0,0.03550089259055983,1.0083757430295714,0.8220136520160897,2.170461147157712,2.3060155658370602
0.8,0.6,0.8,0.1,0.3,0.8,0.1,0.3,0.7,-1.1406634246587701,2.053414626616285,1.780628282702407,1.429511439918419,1.4250559359771173
0.3,0.3,0.4,0.4,0.7,1.0,0.3,0.6,0.8,0.02844338041473432,1.1628043638778673,1.0460447112699625,2.750787564745574,2.5627705952992086
0.1,1.0,0.9,1.0,1.0,0.5,0.5,0.1,0.0,0.8781895547962374,0.18419655719210892,0.13472692482815057,2.8582459940193337,2.526470013616381
0.2,0.3,0.5,0.6,0.9,0.4,0.7,0.8,0.6,0.3810416905012141,0.8555996982552057,0.5457475310931766,2.439528481875977,2.34810929334853
0.0,0.1,0.5,1.0,0.7,0.4,0.7,0.4,0.1,0.20570716373456643,0.7086714305033257,0.6968194449186066,1.6556428321576722,1.627036825313526
0.6,0.6,0.4,0.6,0.8,0.2,0.7,0.1,0.5,0.8817754325614032,0.07664542235243282,-0.09550049207471996,3.233179283672607,3.0028272748812634
0.3,0.3,0.7,0.8,0.1,0.4,0.3,0.9,0.2,-0.3515849991110406,1.5664565641149686,1.3594120111581591,1.976284736446414,1.7951024185103153
0.5,0.6,0.1,0.9,1.0,0.0,0.9,0.5,0.8,1.1803099527612093,-0.011878514685127045,-0.11413001779182723,2.5702040367175214,2.53978033178243
0.2,0.6,0.6,0.5,0.4,0.4,0.8,1.0,0.6,-0.3158503695471607,1.284471998351832,1.216145740372812,2.0012232770758804,1.9273717132287176
0.8,0.6,0.3,0.4,0.7,0.1,0.7,0.2,0.9,1.74935642617397,-0.7549862939187526,-0.8811671492098547,3.7820332327771418,3.5348029314946303
0.1,0.7,0.8,0.2,0.1,0.7,0.6,0.5,1.0,-0.2646287209206708,1.3137038882037868,1.0792794028499528,3.416213819633141,3.066853384301113
0.2,0.4,0.6,1.0,0.7,0.3,0.2,0.5,1.0,0.28353136705985266,0.8521958158793003,0.6259756715337192,1.3353964577304296,1.1445274263475338
0.8,0.7,1.0,0.2,0.6,1.0,1.0,0.0,0.3,-0.6682727565818838,1.7652935765436117,1.5567933834187817,3.975164166702,3.9206514798649
0.9,0.7,0.2,0.5,1.0,0.4,0.8,0.1,0.6,1.850692155249472,-0.8168927977249355,-0.7895225235219788,3.807853471597176,3.741343655767125
0.4,0.1,0.9,0.2,0.9,1.0,0.1,0.1,0.5,-0.25785158399936997,1.1294673673890356,1.223468908808653,3.3579626723938083,3.194002668446019
0.5,0.3,0.9,0.3,0.5,1.0,0.7,0.7,0.6,0.12832968463006333,0.9660084471529362,0.9202290705312243,2.461226839117539,2.2850099708890728
0.1,0.9,0.2,0.7,0.8,0.0,0.7,0.5,0.9,1.091537405449591,-0.268400144757086,-0.3274811559642535,2.9886890374455497,2.72626122112382
0.1,0.7,0.4,0.5,0.0,0.9,1.0,0.5,0.2,-0.17989711904424488,1.328427214865892,1.3344115442763538,3.6114871846133156,3.4990597559668837
0.6,0.4,0.1,0.1,0.5,0.8,0.1,0.7,1.0,0.0803121583289608,0.8839504706005584,0.6976385629183196,0.9887938508556681,0.8100979070455983
0.5,0.6,0.7,0.5,0.3,0.4,0.7,0.7,1.0,0.03274846020408756,0.5340193229509357,0.5322435835161554,1.8354356663829108,1.6254436845300146
1.0,0.3,1.0,0.6,0.9,0.1,0.5,0.8,0.8,1.3501317507270332,-0.3808577817254647,-0.49609856086855897,3.794189923313753,3.5679954211471543
0.9,0.4,0.5,0.9,0.2,0.8,0.5,0.9,1.0,-0.612432740860399,1.5410968193091317,1.4254388360830625,2.094040153254157,1.7479671151073064
0.7,0.6,0.6,0.1,0.3,0.3,0.1,0.2,0.9,0.26467036488644835,0.796696756530344,0.6396977650337261,1.633593352899215,1.486039139113546
1.0,0.2,0.9,0.3,1.0,0.7,0.0,0.9,0.0,0.10338640113048628,1.0927869620502053,0.7577740928697377,4.173007350367333,3.8945962925520896
0.8,0.7,0.5,0.7,1.0,0.0,0.9,0.6,0.3,0.992634178738377,-0.05359571571425352,-0.13997522712768595,3.426301760715494,3.34362716757229
0.5,0.0,0.2,1.0,0.5,0.8,0.7,0.0,0.6,0.6026899136488686,0.059143842734593,0.2744818556703873,0.34400642424293804,0.06745518987455641
0.7,0.6,0.4,0.0,0.0,0.1,1.0,0.3,0.9,1.1684706051708207,-0.16727249010100126,-0.37156056555182204,3.306297678217454,3.0279906561688885
0.5,0.9,0.1,0.8,0.9,1.0,0.5,0.6,0.0,-0.8625640462769654,1.9354387818987366,1.8373483676740732,2.9121351039098395,2.741656672973178
0.6,0.4,0.5,0.1,0.0,0.0,1.0,1.0,0.7,0.796837143846671,0.1938833245801605,0.1400626330647462,4.411556980372553,4.174218095877342
0.6,0.3,0.4,0.9,0.2,0.9,0.9,0.3,0.8,0.2059742206727488,0.9146108417879859,0.7589063397843704,1.1927466214689875,0.847972262023932
0.1,0.2,0.0,0.9,0.3,0.2,1.0,0.8,0.5,0.862833226983241,-0.07895347994402246,-0.12230016154972186,0.5791185848678517,0.5529537907698986
0.6,0.9,0.7,0.3,0.5,0.5,0.3,0.8,0.8,-1.1392204626152567,1.9416947330597043,1.9006873786175302,2.3020809853739683,2.096010311177824
0.0,0.6,0.0,0.0,1.0,0.0,0.8,0.7,0.1,1.3450205163495796,-0.3034403865338181,-0.16978127009248753,3.1017189770495697,2.8201740702429485
0.5,0.4,0.4,0.4,0.2,0.7,0.5,0.2,0.0,0.6209138434065957,0.4206715692942222,0.32820617456116563,2.6884298966527833,2.406608536771054
0.6,0.9,0.6,0.4,0.2,0.6,0.1,0.3,0.9,-1.4338102766367309,2.523446204043004,2.555441773686392,2.101336830648542,1.9756933535907046
0.4,0.3,0.9,0.9,0.4,0.6,1.0,0.2,0.2,1.1186741312553767,-0.011042210121265494,-0.09225543824801694,1.3913955832145457,1.1718048696717465
0.1,1.0,0.2,0.6,0.5,0.7,0.0,0.8,0.7,-0.5973082253854338,1.7796917615877546,1.5596567829535397,0.3470965090313001,0.2763595542056352
0.9,0.9,0.9,0.1,0.8,1.0,0.7,0.5,0.0,-0.7385143919943048,1.813356694535958,1.6220832090979949,5.350487130770176,5.278459340676387
0.0,0.6,0.2,0.5,0.0,0.3,0.3,0.1,0.3,1.3295942101310285,-0.3170513220023561,-0.37766839192904245,2.6266651422736755,2.2979832492307257
0.9,0.3,1.0,0.9,0.3,0.1,1.0,0.4,0.0,2.0819185403388922,-0.7643849154891561,-0.9412991116306648,2.533378421893841,2.45473453643822
0.7,0.8,0.2,0.7,0.1,0.8,0.8,0.7,0.7,-0.10446919202509766,1.1818015762707907,0.9006298701637401,2.102886866001748,1.933671714923612
0.3,0.4,0.1,0.0,0.7,0.5,0.0,0.1,0.0,0.4257615835787108,0.9690683462388571,0.37744142841381945,2.912625652808364,2.497514709866948
0.9,1.0,0.8,0.7,0.0,0.4,0.8,0.3,0.6,-0.44427607072945663,1.3553742627968033,1.2397910648510242,3.2421728557648284,3.0371523937520686
0.9,0.8,0.0,0.7,1.0,0.0,0.2,0.6,0.8,1.0898975655240466,-0.08098857898711626,-0.28752509496718215,2.9566020293454915,2.8245892772458965
0.1,0.5,0.4,0.0,0.9,0.0,0.5,0.6,0.9,2.1010780532562885,-0.9889038178572057,-1.1447786886508604,3.239392910497906,2.928044603032257
0.5,0.3,0.5,0.6,0.1,0.6,0.4,0.5,0.5,-0.5714231054330964,1.4035973643306727,1.4594808300827313,2.3721757830625507,2.4265005352090463
0.9,0.5,0.1,1.0,0.1,0.8,0.4,0.0,0.3,-0.5437442040565096,1.668898920922142,1.4278815909078364,1.9872323180240656,1.6897927520157905
0.1,0.4,0.4,0.2,0.6,1.0,0.1,0.7,0.4,-0.15146018558414137,1.4513236751156913,1.2489665733529691,1.7148489267502127,1.5319929090702016
0.7,0.3,0.5,0.9,0.9,0.5,0.2,0.7,0.4,0.24017721102383746,0.8920653981497654,0.6110825828648034,1.9802512920076258,1.791038814514181
0.1,0.2,0.4,0.1,0.7,0.7,0.2,0.1,0.1,0.5804727267664405,0.3974028043068977,0.2258851662322782,2.5821730067473316,2.4648016274943694
0.2,0.9,0.4,0.6,0.5,0.7,0.3,0.5,1.0,-0.1562804588875807,0.9451321440469973,0.8904303307304409,1.2359550152718588,0.9355699143558545
0.9,0.1,1.0,0.5,0.2,0.6,1.0,0.8,0.4,0.24213826958766213,0.736629132321172,0.5505152033679233,3.536333325224509,3.4477076972046303
0.6,0.6,0.3,0.2,0.7,0.9,0.5,0.3,0.9,-0.4300612978485259,1.4290093848436587,1.3128759153371277,2.6194835340175397,2.4989650543556947
0.6,0.6,0.9,0.0,0.1,0.7,0.7,0.5,0.1,-0.3899594917858922,1.3349402865036144,1.2335247528267614,3.7497591733270643,3.527582654452611
0.5,0.9,0.4,0.3,0.9,1.0,0.9,0.0,0.6,-0.9442416689104203,1.9024669446426559,1.7034571915710721,4.005058816828842,3.789030758468864
0.7,0.7,0.7,0.3,0.4,0.7,0.3,0.7,0.4,-0.9017932192701894,1.80124564930834,1.7569236139876574,1.7967271951480446,1.6218764707938684
0.3,0.2,0.9,1.0,0.1,1.0,0.0,0.2,0.5,-0.34535983638957424,1.5620712052952876,1.3698631592958967,1.4250769134928734,1.2486523852018163
0.3,0.5,0.8,0.9,0.0,0.9,0.9,0.8,0.3,-1.6130205122969061,2.44299796984008,2.3994219598530755,2.557435228502145,2.4034385180978752
1.0,0.9,1.0,0.1,0.0,0.6,0.2,0.6,0.1,0.4588352943006634,0.6521494446521393,0.5441713036125376,4.621056487477663,4.604335580963918
0.3,0.6,0.4,0.9,0.9,0.3,1.0,1.0,0.9,1.0686281138826779,-0.1550065186991526,-0.34178583941112506,2.5376548539279384,2.4162179790802547
0.5,1.0,0.8,0.2,0.3,0.6,0.4,0.2,0.6,-0.2850775540662907,1.4502332236404039,1.191266340002048,2.399116001277273,2.01474180672653
0.4,0.4,1.0,0.6,1.0,0.3,0.5,0.6,0.9,1.5666784368954956,-0.6400835789991365,-0.9516215250464031,2.5164482144122373,2.3245776389429245
0.6,0.1,0.4,0.3,0.1,0.3,0.9,0.5,1.0,1.8659757230540843,-0.780227296914653,-0.9651861233490601,3.413270385774034,3.187630251048217
0.0,0.0,0.5,0.8,0.2,1.0,0.1,0.9,0.2,-1.169233238873617,2.0848981492597236,2.1324706703811933,0.9796206543421676,0.8279195724820044
0.0,0.6,0.5,0.3,0.1,0.5,0.1,0.9,0.2,-0.8980610257359345,1.7976569186919817,1.797785126963669,3.086428440303487,2.863640449891632
0.8,0.7,0.0,0.0,0.2,0.3,0.3,0.1,0.5,0.9615056837174921,0.021275932978442734,-0.016404402970092786,2.6911505826830786,2.305065051211159
0.5,0.8,0.0,0.7,0.4,0.9,0.0,0.0,1.0,-0.9806321477971096,1.9733412187625443,1.978565122630459,0.18038512798789874,-0.1283729497992488
0.4,0.5,1.0,1.0,0.4,0.6,0.7,0.1,1.0,0.9353373524391333,0.144399232285891,0.0015753362036711096,1.3654684035607016,1.2372345267439881
0.0,0.5,0.6,0.1,0.9,0.7,0.5,1.0,0.2,-1.2215762444241993,2.2851217697325,2.009711972357193,3.3975970696965296,3.277201063874904
0.3,0.3,0.1,0.9,0.1,0.3,0.8,0.9,1.0,1.231411578145384,-0.009782320250720872,-0.2559964791452391,1.952678366518743,1.641884956641289
0.2,0.8,0.8,0.1,0.2,0.2,0.9,0.1,0.6,1.318524163314776,-0.14353435891486327,-0.1572150411934989,3.0856989402966213,2.892860011558956
0.5,0.6,1.0,0.1,0.0,0.0,0.5,0.0,0.6,0.7285022112862083,0.31789266630425983,0.14173946868981807,3.5766248959787545,3.532895299742411
1.0,0.1,0.7,0.4,0.3,0.1,0.4,0.5,0.8,1.179089202644864,-0.00016056830926285126,-0.36269083100376087,2.9896242340431525,2.8755493049587364
1.0,1.0,0.7,0.6,0.7,0.0,0.7,0.6,0.0,0.26651365359885953,0.9785110809306097,0.716242912652387,4.583592096732089,4.59053603114275
0.8,0.6,0.9,0.6,1.0,0.8,0.2,0.5,0.2,-0.653352034974461,1.7717009179800232,1.526887402649857,3.083916980606843,2.9351168172722506
0.8,0.9,0.0,0.0,0.0,1.0,0.9,0.2,0.7,-1.0956419123546344,2.1643591367963095,2.0633544021667523,3.8728090276214666,3.943700764876595
0.6,0.7,0.1,0.6,0.7,0.9,0.0,0.8,0.4,-1.7652706981695843,2.874218281920808,2.6873923376048223,1.8593371443117523,1.7562276964105747
0.8,0.9,0.7,0.6,0.9,0.7,1.0,0.6,0.5,-1.3184964897916904,2.1534939846343595,2.32654225764596,4.166985527146924,3.5772140035425255
0.7,0.5,0.7,0.3,0.4,0.8,0.2,0.2,0.0,-1.2800747964615145,2.0461947494667,2.0025737495915843,2.2134396069306495,1.9667096413210754
0.4,0.9,0.3,0.3,0.5,1.0,0.1,0.0,0.9,-0.4101934596307254,1.2411966694640346,1.2362477129796008,1.5270624330365163,1.485776386071097
0.0,1.0,0.7,0.8,0.3,0.0,0.0,1.0,0.8,-0.24440844892572355,1.0121246348866828,1.2311925186153319,0.8915288463517946,0.6396358911127372
0.3,1.0,0.7,0.1,1.0,0.3,0.5,0.7,0.8,0.2169724192801415,0.6784160304502251,0.7096638624382414,2.5865358814085195,2.5211145654867524
1.0,0.9,0.3,0.5,0.2,0.6,0.8,0.4,0.7,0.3774386731985818,0.5385726883771749,0.5444604748409764,3.5063246077509995,3.2944357319959887
0.9,0.4,0.0,0.9,0.0,0.7,0.7,0.7,0.0,-0.24661623369682426,1.4071562714389556,1.1804256202251788,3.046949860507442,2.663964720491297
0.5,0.6,0.0,0.6,0.1,0.4,0.8,0.2,0.3,0.0602689484353682,1.145061975782424,0.8840573963860673,2.9743848355304836,2.663271553746701
0.0,0.8,0.3,0.2,1.0,0.0,0.4,0.9,0.3,1.7214504059973015,-0.7487733872302715,-0.8342965706496062,3.404127726605992,3.0369872677157463
0.2,0.4,0.2,0.5,0.6,0.4,0.8,0.6,0.4,1.5134801775702447,-0.6841083691609332,-0.6563411549042987,2.3390267892044587,2.168462471729157
0.5,0.8,0.2,0.5,0.1,0.1,1.0,0.9,0.6,1.0758474253850911,0.12496811802435662,0.04830231511003074,3.579944268549143,3.3575877889511725
0.4,0.0,1.0,0.2,0.5,0.1,0.4,0.1,1.0,2.568429973079431,-1.4777853277736717,-1.518025873964266,2.223762881015949,1.9720330827642627
0.5,0.3,1.0,0.0,0.8,0.9,0.7,0.6,0.0,0.39973131470125706,0.9995791268825829,0.5950936750797009,4.210152265056901,3.9155509981554806
0.6,0.7,0.2,0.2,0.8,0.8,1.0,0.3,0.9,-0.21543850676053128,1.1140401007977094,1.1420356528040194,3.46956809946442,3.239009533233653
0.2,0.3,0.0,0.1,0.5,0.0,0.1,0.1,0.2,1.5503581264636666,-0.36275717929256296,-0.600568527064602,1.7762478384354872,1.7598387649196854
0.4,0.5,0.0,1.0,0.0,0.7,0.8,1.0,0.3,-1.1179300334209035,1.8716374943583847,2.0620032492609974,2.5783014032216682,2.4609212668464813
0.2,0.3,0.5,1.0,0.1,1.0,0.1,1.0,0.7,-1.0592523526258764,2.2206115033879086,1.916279888654371,1.6151000338423596,1.4686120889411676
1.0,0.3,0.6,0.1,0.2,0.4,0.6,0.0,0.5,0.5103202365760315,0.439523969169301,0.17525033759301778,3.359527954570408,3.158911186192596
0.0,0.0,0.4,0.8,0.2,0.1,0.2,1.0,0.8,1.8656945262325075,-1.0203633819252282,-0.9988945725641286,0.8663311560824676,0.7085865814793573
0.2,0.1,0.8,0.1,0.0,0.9,0.7,0.7,0.8,-0.3352642562275745,1.3478420086304146,1.3448071873851846,2.6086608279123618,2.650707772199785
0.9,0.9,0.5,0.1,0.0,0.9,0.1,0.3,0.4,-1.6556787499079475,2.6414396333098464,2.5882963498575355,3.1505874318111897,3.033034754942504
0.5,0.3,0.1,0.9,0.0,0.5,0.2,0.5,0.7,0.3196251159888795,0.5255248429253595,0.5809815437147718,1.8254619992316277,1.7640052860653839
0.5,0.3,0.8,1.0,0.9,0.5,0.9,0.3,0.2,0.2674482337084997,0.7927894228835402,0.6462959822605144,2.681774911294492,2.5553658118790534
0.8,0.8,0.5,0.4,0.5,0.6,0.4,0.4,0.0,-0.6242392683323349,1.83639898686601,1.7174967209092813,2.7324660342410168,2.5494061286716265
0.8,0.7,0.8,0.8,0.9,0.0,1.0,0.2,0.2,0.8710376259025476,0.2712265986275819,0.016417214746409982,3.7538229747977323,3.6566592682178567
0.8,0.5,0.5,1.0,0.0,0.3,0.3,0.1,0.7,0.5931314552569753,0.5113569358409139,0.427215269907975,2.517832259876725,2.181718183314071
0.0,0.1,0.2,0.8,0.6,0.6,0.3,0.4,0.0,0.36877078918148304,0.763319905582153,0.42484076479875593,0.8057015789128911,0.6546985338208179
0.5,0.2,1.0,0.7,0.9,0.9,0.7,0.2,0.8,-0.40484896122831787,1.0145688241264268,0.9127902398959776,2.6499843472779614,2.4797647044858504
0.7,0.9,0.7,1.0,0.5,0.1,0.1,0.7,0.1,0.0456313616979821,0.873641159974767,0.8411611510984129,0.9990263654818664,0.8786986723968913
0.3,0.8,0.1,0.1,0.6,1.0,0.3,0.2,0.3,-0.8510623389148498,1.8431759080821657,1.6258536792438527,2.2412798383658914,2.049811470714327
1.0,0.0,0.2,0.6,0.1,0.8,1.0,0.3,0.5,0.4235934144770385,0.7036159059140275,0.6528569761910706,2.7855096767981116,2.729136857690518
0.0,0.4,0.4,0.5,0.0,1.0,0.0,0.6,0.0,-0.3286780830135319,1.1844231220428687,1.1412593634706918,2.7795700245012345,2.6604697922461673
0.1,0.5,0.6,0.0,0.1,0.7,0.1,0.7,0.4,-1.429877770182327,2.2703942097012337,2.108144177467656,1.8834149159637896,1.6336113696309653
0.4,0.4,0.4,0.2,0.4,0.1,0.6,0.0,0.3,1.8258539566373724,-0.8605880531828551,-1.0842867577307156,1.8144993418434903,1.7538567450033495
0.7,0.6,0.3,0.4,0.5,0.0,0.8,0.6,0.5,2.0642249853907146,-0.9669053990864702,-0.8889944511924652,2.808126318765401,2.6365684829162674
0.7,0.8,0.8,1.0,0.3,0.5,0.1,1.0,0.5,0.06179817691879974,0.9990306914484156,1.060116432160973,1.5898868990213577,1.484543383970008
0.2,0.0,1.0,0.7,0.9,0.3,0.9,1.0,0.8,1.54108321932107,-0.5396081714497182,-0.5791188496351309,2.6188689022838574,2.515458178991968
0.2,0.9,0.6,0.2,0.0,0.0,0.1,0.6,0.3,-0.24285199312153818,1.062882073593862,0.9467196577491764,3.469529618589807,3.106378013458987
1.0,0.2,0.1,0.8,0.4,0.8,0.6,0.1,0.9,0.8137726645860074,0.01944512553318728,0.11783152371011311,1.3467164420121216,1.131131876018603
0.5,0.9,0.1,0.7,1.0,0.1,0.5,0.9,0.0,0.500986642475354,0.7185477825140413,0.5941839063805544,2.9980546234916523,2.827798630224644
0.5,0.8,0.7,0.1,0.8,1.0,0.7,0.1,0.8,-1.2745191910837066,2.3758976260882108,2.2586473222485917,4.202430718022476,3.9229150013877523
0.1,0.0,0.9,0.5,0.8,0.9,0.4,0.7,0.6,-0.03959396859582456,0.8906734490292751,1.1340602316019397,2.394188845962972,2.321408467887297
0.7,0.9,0.0,0.7,1.0,0.0,0.3,0.0,0.4,0.20634509003134768,0.7540867113232012,0.5776264614371501,2.3972264696238925,2.1571292997608658
0.9,0.6,0.2,0.1,0.0,1.0,1.0,0.8,0.0,-0.5238318817628245,1.707079692494772,1.4493549904159955,4.658605203151176,4.628846175952097
0.4,1.0,0.2,0.9,1.0,0.0,0.6,0.7,0.3,1.403094505242967,-0.6061961069294277,-0.6478447000029339,2.0029492863391667,1.6777983825918812
0.3,1.0,0.9,0.1,0.5,0.6,0.4,0.1,0.9,0.27472277040311416,0.7336601927553734,0.5201916290400297,2.311053547637675,2.077333397906991
0.3,0.5,0.2,0.5,0.1,0.9,0.7,0.9,1.0,-0.5187788869158855,1.6247014329861567,1.3949869920932392,2.7715018319076408,2.561944923197152
0.1,0.4,0.5,0.1,1.0,0.7,0.0,0.3,0.5,-0.9234925045594045,1.8213382788467798,1.7402033859168125,1.6434311203467304,1.3313141704241063
0.8,1.0,0.2,1.0,0.0,0.2,0.0,0.7,1.0,1.4627368717043094,-0.3717002907265545,-0.581484983458869,1.6158457797843926,1.2300354453348372
1.0,0.8,1.0,0.2,1.0,0.8,0.9,0.8,0.9,0.053782349240114116,0.8574891686244356,0.8082005941433268,4.491502755127523,4.230968087290945
0.1,0.5,0.7,0.4,0.5,0.7,0.7,0.9,0.3,-1.5026885655565871,2.5268521446292436,2.5427273126315475,2.447786639912134,2.0673141982844303
0.4,0.0,0.9,0.2,0.7,0.6,1.0,0.1,0.8,0.9226165683962564,0.20656530924876432,0.009596303952743301,3.84264957189415,3.596497003188695
0.5,0.3,0.4,0.2,0.2,0.8,1.0,0.7,0.8,0.805233029318414,0.33498079184231705,0.2633086176439664,2.534625078278489,2.1039012847716547
0.7,0.6,0.7,0.1,0.3,1.0,0.3,0.6,0.0,-1.1641867993127055,2.031757598934159,1.9025576963250286,2.9097715067891308,2.618137213706799
0.1,0.1,0.5,0.5,0.1,0.7,0.0,0.5,0.3,-0.8272977291022,1.955075903459281,1.8678106009979811,2.136534674573614,1.621304259699297
0.6,0.9,0.0,0.4,0.9,0.5,0.9,0.9,0.1,-0.7428534465817261,1.8748399782091898,1.5107203733257406,4.765489370771827,4.429659562552479
0.6,0.3,0.9,0.0,0.5,0.6,0.3,0.2,0.5,0.6512207381103059,0.23771284108718885,0.04681819371023577,1.6869871947957713,1.548397870523593
0.5,0.6,0.6,0.9,0.8,0.2,0.0,0.3,0.7,-1.0686009759436887,2.0744987256756877,2.1284285551555655,1.3057699414009667,1.1706521611458054
0.6,0.6,0.5,0.0,1.0,0.1,0.2,0.4,0.4,0.17661433459783302,0.8295526419210814,0.877558566728931,2.593081497609811,2.523258158425316
0.7,1.0,1.0,0.7,0.5,0.0,0.6,1.0,0.5,0.7569321531080491,0.3612023224549592,0.17162171016687772,2.455090471682113,2.095827605507903
0.7,0.8,0.8,1.0,0.5,1.0,1.0,0.7,0.0,-0.6450323580028496,1.6905576385590226,1.523377520285604,2.1708338000933347,2.2314946466692724
0.1,0.1,0.3,1.0,0.8,0.4,0.5,0.9,0.7,1.3712479896702687,-0.22482612465001273,-0.5325015646530062,2.0278513097149142,1.8743800690836085
0.0,0.8,0.6,0.0,0.3,0.7,0.0,0.2,0.3,-1.0129351410752168,1.8288561248705044,1.7260118943233265,1.0405475148703942,0.7635258788705702
0.3,0.7,0.8,1.0,0.5,0.9,0.9,0.2,0.2,-0.3813414644354981,1.7512892081271076,1.6117598517918021,1.7736360666146451,1.2523737689968122
0.5,0.6,0.6,0.9,0.1,0.4,0.0,0.1,0.3,-0.7157369928304224,1.6653075026153517,1.6302116090380483,1.7124715288217462,1.5498231152329036
1.0,0.0,0.1,0.4,0.9,0.2,0.7,0.4,0.8,1.3444296647004708,-0.4471013187859817,-0.481062720413923,3.7849093849153674,3.5546034661812618
0.6,0.9,0.3,0.3,0.2,0.0,0.6,0.8,0.1,1.5297496434293039,-0.3026009437816518,-0.6303148259382285,3.346042556176246,3.022714962438599
0.1,0.5,0.6,0.8,0.0,0.2,0.8,0.0,0.4,-0.216868329182896,1.257797510455583,1.253726581229892,2.101701480284431,1.8614126742275656
0.7,0.6,0.8,0.9,0.8,0.6,1.0,0.1,0.0,-0.4522364046845756,1.4644169729921475,1.523461889444924,3.939718947578418,3.8356012559724975
0.4,0.4,0.9,1.0,0.8,0.0,0.4,0.5,0.5,1.153514210570171,-0.07708695185921466,-0.25819535192538534,2.911287233158956,2.6467560995488126
0.7,0.1,0.3,0.5,0.5,0.0,0.3,0.7,0.0,2.364673788826023,-1.385567220699706,-1.4246684847686848,1.7925619084099929,1.5935150852017026
0.5,0.0,0.9,0.7,0.0,1.0,1.0,0.6,1.0,0.1998426516663665,0.8961222328130632,0.6006372066469072,2.9226598649946083,2.7673031192708457
0.0,0.4,0.9,0.7,1.0,0.8,0.9,1.0,0.2,0.22661864601935927,0.9887312289551471,0.9822563754520425,2.607398486365038,2.5995689756756866
0.3,0.1,1.0,0.9,0.9,0.3,0.1,0.5,0.6,1.0493931505132212,0.017292316036821527,-0.15482146800292867,1.7946931209762291,1.722907808349689
0.4,0.6,0.6,0.1,0.4,0.8,0.4,0.5,0.3,-1.3001861510946555,2.46229554466131,2.2988846128807574,1.8658345526300648,1.7539638405439613
0.8,0.0,0.7,0.9,0.3,0.2,0.5,0.8,0.7,0.7881381354397028,0.08707304678031136,0.16567398865433014,0.6523513611581914,0.4837138280238609
0.2,0.6,0.8,1.0,0.7,0.9,0.4,0.6,0.9,-1.064851612912012,1.9305647623400597,1.7080360352623003,2.07740377217725,1.766577479017662
0.8,0.7,1.0,0.7,0.4,0.5,0.2,0.2,0.7,0.5934993726939801,0.4225625022247489,0.22904277737939893,1.436693941643167,1.3902874691436438
0.0,0.7,0.2,0.7,0.0,0.1,1.0,0.9,0.6,0.9887907354494366,-0.020190380008093034,-0.033859904102709816,3.067906921950678,2.714994928559245
0.4,0.9,1.0,0.9,0.8,0.7,0.6,0.9,0.7,-1.2150875745951613,2.218855916823546,2.051264153128018,2.7876942089772054,2.544316584220834
0.2,0.6,1.0,0.1,0.2,1.0,0.8,0.0,0.5,-0.6427294898846223,1.662515956002404,1.4711353218781507,2.8976059802007383,2.7619639184017424
0.0,0.0,0.6,1.0,0.1,0.8,0.3,0.5,0.6,-0.9141853310439803,1.827392880873197,2.0083534507403806,1.3331616003181619,1.0624859965274196
0.0,0.5,0.7,1.0,0.9,0.1,0.5,0.5,0.5,0.24064433032738372,0.7542044753631109,0.5766439994431591,2.559815601158781,2.3422549944620354
0.5,0.3,0.7,0.2,1.0,0.0,0.0,0.2,0.6,0.7809647838931465,0.23085303857166112,0.23067854979658767,2.781954611698321,2.4883321747600187
1.0,0.4,0.8,0.4,1.0,0.2,0.5,1.0,0.0,1.2914625172391487,-0.17549155002678374,-0.37409146575269814,4.649896823393895,4.219370296492761
0.3,0.8,0.7,0.2,0.8,1.0,0.0,0.4,0.2,-2.7471682463552507,3.4476711722075053,3.488737684038023,3.0813397588011133,3.1629568803811985
0.4,0.3,0.6,1.0,0.5,0.4,0.5,0.4,0.1,0.016307598958768134,0.760440831152011,0.880645737987162,0.7867503292241222,0.6092133250991149
0.3,0.9,0.1,0.2,0.4,0.7,1.0,0.0,0.3,-0.3279710942750702,1.075879919162125,0.9224433439798657,2.120050522603524,1.932281010219646
0.0,0.0,0.2,0.4,0.7,0.3,0.6,0.6,0.6,1.996801033520303,-1.0882634216832896,-1.3501312686098017,2.607869370265824,2.356823526049803
0.3,0.7,1.0,0.7,0.0,0.1,0.9,0.7,0.0,0.8474580985608456,-0.21038092946623177,-0.08639647268578421,3.393708462481927,3.124850656994592
0.7,0.1,0.9,0.0,0.4,0.3,0.5,0.9,0.9,1.6167120498899965,-0.585495097186591,-0.5606779765503229,1.9347016942458262,1.7319700982411195
0.7,0.0,0.1,1.0,0.3,0.5,0.4,0.6,0.9,1.6972595962114196,-0.8726151073349644,-0.803331890869077,1.1677166783876118,0.7432424995123226
0.9,0.1,0.0,0.6,0.1,0.8,0.7,0.0,0.4,-0.7541300697668055,1.6780391461214248,1.6912069365655322,2.7076664315086485,2.7351410405556336
0.1,0.4,0.2,0.5,0.2,0.8,1.0,0.2,0.1,0.5855645977469558,0.4163584738149963,0.2308838611193597,2.452948975172847,2.299348895949846
0.6,1.0,0.5,0.6,0.0,0.4,1.0,0.4,0.0,-0.5811705678886118,1.7521556828821157,1.3346960349623962,3.6138649204627775,3.4735888707094595
0.3,0.7,0.9,0.7,0.0,0.9,0.7,0.7,0.6,-0.8424976249118769,1.6543245301038656,1.6864089819450576,2.4198888209300216,2.1001121920276082
0.2,0.6,0.0,0.7,0.4,0.2,0.0,0.9,0.8,-0.10617640505288299,1.301578340318795,1.0692093635106457,0.32110517845714004,-0.17744677622100996
1.0,0.7,0.3,0.5,0.5,0.8,0.9,0.5,0.1,0.652024724142246,0.4047586500750733,0.37356488130142523,3.2581545250098114,3.1550382150393297
0.6,0.1,0.3,0.1,0.4,0.1,0.7,0.8,0.3,2.324092356395754,-1.197294015097552,-1.2065755716659738,1.5868283280060327,1.5180829171930477
1.0,0.8,0.3,0.9,0.1,0.6,0.7,0.8,0.7,0.5235756365472827,0.4952848738672703,0.30082783572323557,2.8051535322364765,2.6452713880940952
0.1,0.0,0.6,0.2,0.0,0.3,0.6,0.5,0.6,0.4727791003021982,0.5905763544708966,0.33002121840177195,3.102390051332519,2.989292386035206
1.0,1.0,1.0,0.5,0.7,0.0,1.0,0.0,0.0,0.9222010030203174,0.2252516204940999,0.09451300405179991,5.224001480949251,5.033935374192953
1.0,0.0,0.0,0.3,0.0,0.2,0.6,1.0,0.8,1.2786441649905698,-0.22409407027562728,-0.2781579510864075,4.232278791100693,3.9942785898116724
0.7,0.7,0.5,0.3,0.9,0.5,1.0,1.0,0.7,-0.3709394019199817,1.141381701145377,1.1106554332669458,4.824064448856017,4.491499849084234
0.4,1.0,0.6,0.4,0.4,0.7,0.0,0.0,0.2,-1.7174977197937213,2.7275306538653994,2.584792042480821,1.2667797629739832,1.0434315421880924
0.7,0.5,0.2,0.8,0.0,1.0,0.9,0.8,0.2,-0.8827705958135632,1.9676410761814336,1.7122355443356283,2.895958921781732,2.5085422946617797
0.2,0.5,0.8,0.5,0.8,0.1,0.6,0.5,0.2,0.21513361433463646,0.5531236488114767,0.6795189792186973,3.8734762577805197,3.54840792468133
0.0,0.5,0.4,0.9,1.0,0.7,0.5,0.8,0.6,-0.27821321688316225,1.1381668156833618,0.9556446413739563,1.3292870120987466,0.9933360546676699
1.0,0.2,0.3,0.8,0.2,0.2,0.6,0.6,0.3,2.592658199935759,-1.7652148520980777,-1.8575084103568766,2.137791183510131,1.931039901493726
0.2,0.3,0.2,0.2,0.6,0.7,0.5,0.8,0.8,0.3873912398087066,0.721030106126272,0.4379601244452123,1.6818394807877444,1.547237190808165
0.3,0.8,0.3,0.1,0.5,0.9,0.5,0.1,0.4,0.5764353322644564,0.5053337637007448,0.429912375498094,2.0929532424794703,1.8215421556014768
0.5,0.4,0.9,1.0,0.9,0.3,1.0,0.7,0.6,1.3543365162129422,-0.5819202583151164,-0.45405539779852155,2.7477747364343705,2.3841814897932943
0.8,0.2,0.4,0.8,1.0,0.8,0.7,0.2,0.5,0.43081734139830175,0.6535517378638402,0.47714821173349475,1.9870344356686527,1.6437262648070794
0.3,0.1,0.2,1.0,0.4,0.6,1.0,0.5,0.4,1.2211891119915979,-0.08196657616504457,-0.2253210238412816,1.160819883254104,0.9441307503952797
0.2,0.4,0.2,0.9,0.9,0.1,0.1,0.6,0.3,1.8146524538671363,-0.8299999728796635,-1.0484365439189396,1.704049384761516,1.3034527597268712
0.7,0.7,0.4,0.7,0.4,1.0,0.5,0.7,0.7,-0.2828346335419021,1.3550602635729345,1.0827463403017494,1.0853234224259074,0.8638283789570032
0.1,0.9,0.9,1.0,0.9,0.7,0.4,0.3,0.1,-0.4604091733745433,1.5411798671667467,1.4817315888254592,2.1834384779723575,1.8435376381193433
1.0,1.0,0.8,0.8,0.7,0.0,0.0,0.4,0.3,-0.18994814588869557,1.3461040994920614,1.106069138243589,2.8209877466138353,2.6709611050769277
0.7,0.3,0.9,0.3,0.2,0.3,0.0,0.4,0.8,1.0931254318615609,-0.16754791111733336,-0.01634400351654755,2.1489609803769985,1.9388354667881873
0.1,0.4,1.0,0.9,1.0,1.0,0.1,0.7,0.7,-0.25228059287743954,1.478218804422676,1.1376206701604317,1.0713647868645726,0.9890970441269443
0.2,0.3,0.6,0.8,0.1,0.0,0.8,0.1,0.9,1.1333009715150055,0.2230989718448405,0.0998185650189852,2.4439212254743805,2.0503358533200027
1.0,1.0,0.6,0.5,1.0,1.0,1.0,0.6,0.8,-1.1465050276220863,2.383381210757225,1.9090993636618334,4.492156467328729,4.267933835809842
0.0,0.8,0.2,1.0,0.5,0.8,0.0,0.0,0.2,-0.013384527040494639,0.9697284227570866,0.8249587374606149,0.07084903734222704,-0.4239794811467083
0.0,0.5,0.7,0.4,0.7,0.0,0.2,0.2,0.8,0.0598762244607611,0.9930241554401862,0.8064455204100801,2.811085924087291,2.5840893952402304
1.0,0.0,0.6,1.0,1.0,0.3,0.6,0.2,0.5,1.1599295070899818,-0.267721110964284,-0.3751684027700981,2.5842299230022356,2.2215568315612932
0.1,0.0,0.6,0.2,0.9,0.0,0.6,0.7,0.9,1.2952516663239217,-0.09591652156887032,-0.2646102640119217,3.1350885085191167,2.94101597050056
0.1,1.0,0.2,0.9,0.9,1.0,0.6,0.4,0.9,-0.7293805427775231,1.9816139362383753,1.8166488673624315,2.061447986335494,1.8825300858865837
0.6,1.0,0.1,0.7,0.3,0.0,0.3,0.3,0.9,0.5287812875859719,0.24221468541961796,0.3591391312129121,0.8196383263358735,0.5824204039641144
0.4,0.4,0.8,0.3,0.9,0.0,0.0,0.7,0.8,0.8432056437544583,0.19171412384937048,0.051098127609245016,2.849956151596229,2.7425932422383172
0.0,0.4,0.6,0.8,0.4,0.3,1.0,0.9,0.2,0.31801746993068947,0.6378861402630862,0.6048357739925532,1.1945915341356292,1.0700862453497713
0.5,0.8,0.4,1.0,0.2,1.0,0.8,0.7,0.6,-0.1946759564934327,1.3018477083287234,1.313795287418814,1.7248830303073128,1.463224756120991
0.5,0.4,0.0,0.9,0.6,0.7,0.9,0.0,0.1,-0.7593369218266734,1.5514173937020097,1.6746512187724794,1.7001142937422205,1.374904258033911
0.8,0.4,0.2,0.9,0.4,0.8,0.2,0.6,0.6,0.6072038112704773,0.3408464873883952,0.29386918537409135,0.4690589054634024,0.21317587968406906
0.9,0.9,0.5,1.0,0.1,0.8,0.3,0.2,1.0,-0.6114346624270324,1.6930726944155208,1.4031666264731615,2.1679204615173293,1.936784851557001
0.0,0.9,0.8,0.7,0.1,0.8,0.9,0.9,1.0,-1.2481026198156728,2.037039229854345,1.9640165947513977,2.495862679251682,2.540874343348399
1.0,0.8,0.8,0.7,0.7,0.6,0.6,0.7,0.3,-0.4668932218520967,1.4645932087323,1.27992388516851,3.420731659892235,3.196641483853248
1.0,0.8,0.5,0.5,0.7,0.3,0.4,0.0,0.5,0.2733472823250193,0.8626734418169818,0.7053475070120061,3.3938491855408555,3.422116616941199
0.3,0.7,0.7,0.5,0.2,0.8,0.9,0.3,0.6,-1.5536719842761448,2.733250026584535,2.5699550768165866,2.2584771607664766,1.9544501520779727
0.2,0.3,0.6,0.5,0.5,0.3,1.0,0.8,0.8,0.40588572867114403,0.6552460594653128,0.5284201618146883,1.5304930014578957,1.4670230450243475
0.7,0.2,0.5,1.0,0.2,1.0,0.0,1.0,1.0,-0.8665980975658938,1.775365685170258,1.7177038343602098,1.1167166229030234,1.1445330541255954
0.2,0.6,0.7,1.0,0.9,0.7,0.1,0.6,0.9,-0.9633430244242034,1.9495585086390412,1.975208570051434,1.654912858108165,1.554074722826966
0.0,0.4,0.0,0.0,0.7,1.0,0.4,0.5,0.6,-1.1431557464323057,1.9829559824518779,1.8318312598396886,2.845465526480704,2.5287785659320225
0.0,0.2,0.3,0.5,0.1,0.3,0.0,1.0,0.5,1.508430179241394,-0.5280432054072188,-0.5506096041482705,1.8365405465272104,1.4169507462725421
0.2,0.4,1.0,0.3,0.1,0.2,0.7,0.7,1.0,2.0328586521034056,-0.8182215009440115,-1.036193421413519,3.028968944255775,2.790139524409272
0.1,0.3,0.9,0.5,0.0,0.6,0.3,0.6,0.7,0.5401910733601946,0.5120857739891047,0.39810600836416676,2.844379925052775,2.5126071335852993
0.9,1.0,0.0,0.1,0.4,0.5,0.4,0.7,0.6,0.2828783223247692,0.8295770797102691,0.6379618005246135,2.365100046035571,2.1897182026521405
0.7,0.2,0.4,0.0,0.2,0.7,0.5,0.8,0.8,0.509315171625524,0.45249655025647273,0.42784604121122105,2.185540142403983,1.7214431738034046
1.0,0.5,0.2,0.9,0.6,0.4,0.0,0.2,0.7,1.0101583644335992,-0.07596069990602691,-0.31109170478134396,1.507572857148898,1.2591255840631168
0.4,0.8,0.5,1.0,1.0,0.8,0.7,0.4,0.5,-1.1217246767977946,2.151213630040693,1.9670676282091295,1.8630320968690421,1.5219553993612398
0.7,0.4,0.4,0.5,0.7,0.1,1.0,0.4,0.9,1.002538813362733,-0.07983106012067981,-0.3355045112754763,3.1880882004277225,3.237025715130723
0.8,0.8,0.6,0.6,0.5,0.5,1.0,0.6,0.1,-0.2372418970705457,1.1255225552748562,1.1354080928102752,3.1427538359943843,2.755496033390961
0.5,0.4,0.3,0.0,0.9,0.5,0.9,0.3,0.7,1.0675972659001927,-0.13744961617218918,-0.2753116974900387,3.1582930979192616,2.9175406689898127
0.7,0.3,0.3,0.0,0.5,0.4,0.1,0.6,0.4,2.2607153244748717,-1.1156040716649127,-1.169475165702643,1.3909236349864047,1.3691094579454617
0.7,0.3,0.9,0.4,0.6,0.5,0.0,0.8,0.0,0.38341103010950084,0.7843304409299241,0.6036442038847835,2.8877874595878223,2.6638940251236836
0.6,0.5,0.1,0.8,0.9,0.4,0.3,1.0,1.0,0.4862331871594039,0.5553548969184415,0.2438057640857608,2.368603673549688,1.9676948590484895
0.2,0.2,0.8,0.0,0.0,0.4,0.8,0.5,0.8,0.674625787789061,0.14833639977879925,0.13903734104142634,3.27304520849747,3.195159687124318
0.6,0.4,0.1,1.0,0.1,0.1,0.9,0.7,0.7,1.4744240276323903,-0.375899250664498,-0.3862938774011314,2.2178538430634265,1.859255841127409
0.4,0.2,0.2,0.4,0.3,0.7,0.5,0.0,0.9,1.0570792508111526,0.16146573181574975,0.018949519041612274,1.236084543812235,1.1757789319352252
0.6,0.3,0.6,0.5,0.8,0.5,0.7,0.6,1.0,0.21433883770417972,0.8218824673773558,0.5834543947218958,3.846999316791633,3.2217466284971303
1.0,0.7,0.6,1.0,0.0,1.0,0.7,0.7,0.9,-1.1516167972016356,2.2117179240537115,2.065302191433321,3.2520223293422164,3.082976049576685
0.4,1.0,0.7,0.0,0.2,0.4,1.0,0.9,0.8,-0.4385277633038762,1.5841991428070088,1.718372840176549,3.171695047055031,2.9232482959551818
0.3,0.7,0.3,0.2,0.8,1.0,0.5,0.6,0.0,-0.09381850904310571,0.9887571624736265,0.8462372115860275,3.9881630948463065,3.7675384155487928
0.2,0.6,0.4,0.3,0.9,0.6,0.4,0.4,0.7,-0.410164206843679,1.5788253042248452,1.3830891896033308,3.1451169961791403,3.0227573627642776
0.4,0.3,0.6,0.7,0.7,0.0,1.0,0.4,0.2,-0.09532570034698608,1.1941075020816148,1.1426770678842573,2.589889956483591,2.5023644712634656
0.2,0.4,0.1,0.3,0.3,0.0,0.1,0.5,1.0,1.8014760284361022,-0.715657594204062,-0.7796081204889925,1.8901397857493902,1.751604669871031
0.3,0.4,0.3,0.8,0.2,0.6,0.9,0.2,0.8,1.1134194715862118,-0.1628916384485335,-0.22872087864735258,1.5091544202367408,1.3334578501943186
