X1,X2,X3,X4,X5,X6,X7,X8,X9,y1,y2,y3,y4,y5
0.8,0.8,0.6,0.2,0.8,0.7,0.2,0.1,0.5,1.5527006160182113,-0.5466586495631077,-0.6015169276086889,3.89603926821027,3.847183796957667
1.0,0.4,0.4,0.5,0.7,0.3,0.6,0.4,1.0,-2.0870810992621953,3.0208089883803844,2.9436843236909187,0.6325115417581917,0.519483241768241
0.3,0.7,0.6,1.0,0.1,1.0,0.3,0.5,0.8,0.4226733790214946,0.36628650463028034,0.5177658014465081,0.9621734188016778,0.8000061171041364
0.4,0.6,0.3,0.9,0.2,0.0,0.4,0.2,0.4,-1.6782970346371986,2.624697557590666,2.434359283394752,0.20121067184161004,0.033371240589967086
1.0,0.1,0.7,0.8,0.2,1.0,0.9,0.8,0.7,-2.2184202729072493,3.2809591996876555,3.1902790742596125,3.6193921947578724,3.313341344971132
0.1,0.6,0.8,1.0,0.5,0.9,0.9,0.9,1.0,-1.3313800505217577,2.410346872843446,2.0692292295312655,2.769974551240495,2.579835263913696
0.3,0.0,0.0,1.0,0.2,0.8,1.0,0.8,0.2,-1.1211890445486816,2.3502200108520515,2.1066291647185653,-0.4892279659579701,-0.7955509381071925
0.9,0.6,0.5,0.6,0.6,0.6,0.3,0.8,0.2,-1.5120812076979169,2.4163142583557025,2.4240245680489028,2.245737095125706,2.0283959889226484
0.1,0.4,0.8,0.1,0.6,0.9,0.5,0.1,0.2,1.438394903476349,-0.3196397188415418,-0.3790034077847544,3.696502544559788,3.408581507486801
0.4,1.0,0.7,0.6,0.4,0.5,1.0,0.8,1.0,-1.509162885996413,2.480147636417673,2.2766555059459024,2.040060059705006,1.9850881547646035
0.3,0.0,0.0,0.5,0.7,0.5,0.0,0.8,0.6,0.12814904302974017,1.009089975646385,0.9231866169269526,2.912858491805658,2.5746333054246704
1.0,0.5,0.1,1.0,0.7,0.4,0.3,0.6,0.1,-2.7003448383574034,3.5643346416252037,3.526832633612322,-0.33696619587458154,-0.2888884228192225
0.4,1.0,0.0,0.8,1.0,0.5,0.4,0.2,0.9,0.2959548475502771,0.6759682668731695,0.6519315165806859,2.3311853557939854,2.066692280584372
0.7,0.1,0.9,0.2,0.1,0.0,0.7,0.1,0.8,-1.70059245214162,2.8704578664750255,2.509612414679795,4.696719260799593,4.4378329107747225
0.9,0.0,0.7,0.0,0.5,1.0,0.2,0.5,1.0,-0.8522481515845417,1.7727772948098701,1.5551950055632981,2.9251957563310835,2.9021694008038676
0.1,0.3,0.3,0.1,0.8,0.6,0.8,0.1,0.5,0.05308516238955785,0.777429619466881,0.7158913818150017,3.433828370615366,3.1870587755626856
0.7,0.0,0.9,1.0,0.1,0.5,0.9,0.2,0.0,-2.502726947499011,3.5130995347482568,3.7284908441163784,2.5182615689644376,2.211764902796339
1.0,0.0,0.4,0.6,0.3,0.1,0.8,0.5,0.9,-3.2712238476146136,4.107798318902733,4.106062807362048,2.336563625679757,1.9016007237265107
0.5,0.4,0.2,0.7,0.8,0.7,0.3,1.0,0.4,0.46197524256716016,0.24525527901098498,0.2637924429689473,-1.0418577245166567,-1.3652985667479385
0.8,0.6,0.3,0.8,0.8,0.5,0.1,0.3,0.3,-0.9704713542393635,1.749952782626432,1.8043547160631161,1.7635045933048639,1.3939289758761289
0.3,0.2,0.6,0.5,0.5,0.2,0.5,0.6,0.1,-1.0335691331942916,1.7911476995371007,1.8584828649913356,2.0569295531510186,1.7497691944247253
0.5,0.0,0.5,0.4,0.8,1.0,0.3,0.7,0.5,0.043242649623283225,0.8622574680389672,0.7224127305065492,3.421881722744529,3.2773216247650394
0.9,0.4,0.5,0.2,0.6,0.0,0.5,0.7,0.1,-1.9373404451002505,2.9933844139791574,2.8579680056386048,3.257494925381537,3.1606680128774465
0.6,0.7,0.0,0.1,0.2,0.4,1.0,0.0,0.6,0.22781295875220436,0.677830376508444,0.5316334006168413,-1.7397525374761507,-1.8509992445479029
0.6,0.8,0.6,0.9,0.5,0.1,0.5,0.9,0.4,-1.7066827757809961,2.707199816449773,2.551251654735373,1.562746637136665,1.47977652785795
0.9,0.8,0.3,0.4,0.6,0.2,1.0,0.4,0.7,-1.2957693596923194,2.226332150228863,2.2834861536665256,1.0467392406519973,0.8539894750922993
0.5,0.1,0.3,0.7,0.4,0.5,0.1,0.2,0.3,-0.5886997088729407,1.3977534248832966,1.423227308144729,0.7057151069857742,0.4012386187062396
1.0,0.6,1.0,1.0,0.1,0.2,0.9,0.6,0.0,-3.1625915345276425,4.072113579404471,4.038075661202127,1.3301884936997892,1.300965098021963
0.5,0.3,0.5,0.2,1.0,0.8,0.9,1.0,0.7,1.0539352756664686,-0.011939084549359841,-0.056730416494745944,0.4131148565731162,0.2651111766323317
1.0,0.3,0.0,0.4,0.6,0.2,0.7,0.9,0.3,-1.8187495698609797,2.7012756106336657,2.825092078108809,0.7836286354186633,0.5028835591660956
0.1,0.1,0.9,0.9,0.0,0.8,0.0,1.0,0.8,0.34403650021917925,0.8208628017474552,0.4877804787414418,1.3960710970733314,1.1683844007380995
0.5,0.3,0.5,0.8,0.3,0.6,0.1,0.6,0.1,0.6271255675264539,0.5060338903568279,0.4771975413577712,0.6417139264922318,0.3091749965519325
0.2,0.1,0.2,0.6,0.6,0.1,0.3,1.0,0.3,-2.0455341030645915,2.901109395256247,2.4896444934588398,0.9314974437741996,0.5718786393042251
1.0,0.2,0.3,0.2,1.0,1.0,1.0,0.3,1.0,-1.8304070413059628,2.670771071363553,2.492534102870163,2.5225578534513247,2.313182435042133
0.3,0.0,0.5,1.0,1.0,0.1,0.2,0.1,0.6,-1.463105140060885,2.3566763943210467,2.220700214159196,4.7257579091597846,4.4549836603617745
0.2,0.1,0.3,0.6,0.3,0.9,0.0,0.4,0.2,0.5038259904009291,0.5513276412510776,0.21343493232163713,-0.41988262566170803,-0.4854040675886658
0.7,0.5,0.5,0.3,0.9,0.1,0.8,1.0,0.1,-2.204227257275925,3.4161121182683414,3.312105900793708,2.15129985217754,1.8873085242750836
0.4,0.6,0.2,0.6,0.7,0.5,1.0,0.0,0.1,-1.213037937147149,2.1126451655558345,1.9884146408323566,0.053972591446999556,-0.10699739288842575
0.5,0.6,0.9,0.8,0.8,0.2,0.6,0.0,0.6,0.03423808560680823,0.9773431826966417,0.9856151452093153,3.32959403629829,3.0449063082479513
1.0,0.0,0.4,0.3,0.3,0.7,0.0,0.9,0.2,-0.47258446276676197,1.4603208719988692,1.4445236282313008,-0.8723221228703226,-0.9236006694741985
0.2,1.0,0.3,0.5,0.6,0.0,0.6,0.0,0.3,-1.6895316872811554,2.8698861122088744,2.7510744136608194,2.0219385436798563,2.0787379319431456
0.7,0.3,0.8,0.0,0.3,0.8,0.5,0.7,0.5,1.2886152040794134,-0.33276771373510083,-0.47522276370343575,2.06435505071944,1.921056836984929
0.7,0.4,0.1,0.0,0.6,0.7,0.7,0.8,0.4,-0.28611934917929616,1.1699913008507414,1.2582988764383791,1.384507357747231,1.4558791159624518
0.9,0.2,0.7,0.5,0.9,1.0,0.3,0.6,0.4,-0.9478263352191452,2.1436468031495153,1.997744624338219,4.179488420127323,3.8980998249196945
0.0,0.6,1.0,1.0,0.1,0.8,0.5,0.1,0.0,0.13818094937150635,0.6304328085058652,0.5787291111603302,1.399009107192814,0.985672710041358
0.5,0.0,0.9,0.8,0.2,0.6,0.9,0.9,0.8,-0.9385282162269691,2.04842821048637,1.8493761541804414,1.344555091611018,1.143059610414551
0.2,0.4,0.1,0.1,0.2,0.2,0.6,0.7,0.9,0.17206576996916592,0.6082140868795128,0.8324606696998289,2.4001724098532304,2.1212417843740243
0.8,0.3,0.9,0.4,0.8,0.4,0.0,0.0,0.4,0.05261060915108148,0.9221341809681538,0.7862379017035266,2.790395581385173,2.591206891526701
0.7,0.5,0.9,0.2,1.0,0.9,0.6,0.0,0.3,0.6005603713121569,0.3819219326833125,0.2885573294666525,3.506617878633473,3.432291786804991
0.6,0.8,0.2,1.0,0.1,0.0,0.7,0.5,0.7,-2.211066007562322,3.1919757214295355,3.266851024801186,0.3065476310410702,0.12356503611219519
0.6,0.9,0.3,0.0,0.4,0.9,0.0,0.2,0.0,1.7616139884528232,-0.6698343007254237,-0.7740896527932052,0.7507288104114456,0.6250354200938977
1.0,0.9,0.4,0.7,0.4,0.6,0.5,0.9,0.5,-1.3727688975536914,2.695641808649049,2.2880434748509746,0.14975902391235413,0.1271104457270744
0.5,0.9,0.2,0.6,1.0,0.2,0.9,0.4,0.0,-0.9647421765663968,1.9763322762143851,1.8156384837997028,-0.7417068400094012,-1.0848476635233628
0.9,0.8,0.2,0.1,1.0,0.6,0.1,0.9,0.3,-0.16630595638054713,1.3055604068483073,1.2894320128970658,0.7468845121332941,0.5233654619074651
0.9,0.2,0.2,1.0,0.8,0.2,0.5,0.2,1.0,-2.6124745688501636,3.701167662846348,3.714202816665394,4.030018637846559,3.7023059352695014
0.9,0.6,0.6,0.5,0.0,0.5,1.0,1.0,0.3,-3.082492730924422,4.152421377776372,3.9092108896977993,-0.15553368694663608,-0.2556745903753963
1.0,0.9,0.0,0.7,0.6,1.0,0.5,0.7,0.0,-0.6587546813802305,1.7683333747038088,1.6215829772881327,3.046902795140379,2.7131849213939137
0.1,0.9,0.1,0.6,0.0,0.2,0.1,0.6,0.5,0.30607991482872254,0.7112106149119035,0.6684012850172782,1.2897012041848908,1.115910053100826
0.5,0.5,0.8,0.9,1.0,0.1,0.4,0.1,0.5,-1.3447381929736553,2.1910628653188327,2.1745477172514702,4.044739743894802,3.82681437528801
1.0,0.9,0.9,0.5,0.3,0.4,0.0,0.3,0.5,-0.4508167491732899,1.608169571619943,1.4117926083534325,0.6529292925794558,0.4903966052472796
0.9,0.7,0.8,0.6,0.1,0.2,0.0,0.9,0.1,-0.5307117344320165,1.5037425403740448,1.5301332606345996,0.8693055388719134,0.8688721575743175
0.0,0.1,0.5,0.4,0.2,0.8,0.1,0.9,0.8,0.48820070662680043,0.3785720743307419,0.42106295468716043,0.18625439234868166,-0.007725369276545838
0.6,0.6,0.4,0.2,0.2,0.3,1.0,0.7,0.4,-0.5817984818684846,1.6706975541944165,1.5263770679549111,-0.5243835930156945,-0.8273678813585095
0.3,0.0,0.2,0.1,0.5,0.2,0.2,0.0,0.3,0.22421399181758186,0.845061811411396,0.6891695074631415,0.02330567352345065,-0.12473862134820914
0.9,0.5,0.1,0.8,0.2,0.8,0.1,0.0,0.9,0.12056472807223055,0.739051227899233,0.5837738033769226,1.1529744830794169,0.9044166023334711
0.2,0.5,0.2,0.4,0.6,0.5,0.3,0.6,0.9,-0.3696185099622825,1.4249098085566025,1.279002260614345,2.3978724113461007,2.286035052168711
0.3,0.0,0.8,1.0,0.4,0.0,0.2,0.1,0.5,-1.617033364353618,2.856912414759008,2.6083362553175427,3.0543673069557475,3.0286269503409455
0.5,1.0,0.4,0.8,0.8,0.8,0.6,0.5,0.8,0.7249369839661839,0.2446460043926118,-0.04220909235229993,1.190392815535503,1.0657672557438553
0.7,0.4,0.1,0.1,0.2,0.7,0.9,0.6,0.8,0.3281484903734447,0.7821404684470101,1.0280336574010351,0.9708133172849451,0.8172491362958292
1.0,0.9,0.6,0.7,0.7,0.7,0.3,1.0,0.8,-0.6053390350946597,1.3674058382392567,1.396980685891338,1.6220182719607197,1.411685727837596
1.0,0.4,0.0,0.9,0.4,1.0,0.4,0.2,0.0,-0.8175171536169754,1.9555282214685614,1.8620549123804186,0.8540830974341762,0.9118335338770672
0.7,0.4,0.2,1.0,0.5,0.5,1.0,0.1,0.0,-2.707911533192287,3.532753137543928,3.554704969309356,1.498056226220811,1.1213804259605649
0.0,0.8,0.1,0.1,1.0,1.0,0.3,0.0,0.2,1.4621336336303734,-0.272285634442757,-0.556728237380532,0.413271979327909,0.3284128524595866
0.8,0.9,0.0,0.5,0.2,0.9,0.7,0.8,0.2,-0.6689936915266156,1.5620013381638813,1.5651303346931236,1.7546755103739209,1.6136362448822874
0.3,0.2,0.2,0.9,0.8,0.3,0.0,1.0,0.1,-0.7261475826064365,1.7396280544712992,1.6195855288238137,-0.9419464620161421,-1.2858949432247961
0.7,0.8,0.5,0.0,0.7,1.0,0.4,0.2,0.8,0.9943121611044603,-0.13058586720072315,-0.2344548730082645,4.144474914458956,3.7887966569080427
0.3,0.2,0.3,0.1,0.7,0.3,1.0,0.5,0.7,-0.13491029080441308,1.1865936025687223,1.2989959564789542,-0.21384062682779864,-0.5429839706756273
1.0,0.7,0.9,0.4,0.6,0.3,0.4,0.8,0.3,-0.8684812772303638,1.5888062967610328,1.3944680439257904,1.2945144661763088,0.9897491106128943
0.9,0.6,0.5,0.1,0.8,0.2,0.8,1.0,0.6,-1.9894492622238227,2.664773167047613,2.6032340242443532,2.0693459275591755,2.0655889671332015
0.6,0.6,1.0,0.2,0.0,0.9,0.5,0.0,0.1,1.4815849696774834,-0.5763771302443808,-0.7308864002731993,0.9199533197234091,0.4821840016369947
0.5,0.1,0.3,0.2,0.5,0.6,0.2,0.1,0.0,0.3958611693835881,0.7278384032021552,0.5287489279844085,0.7276463636820686,0.49775336200202924
1.0,1.0,0.3,0.6,0.1,1.0,0.6,0.7,0.4,-1.440473770071952,2.632728053033909,2.5486202689519595,2.5063145675020686,2.181592342196123
0.3,0.8,0.2,1.0,0.3,0.8,0.0,0.3,0.8,1.8340271822416878,-0.5624609538960231,-0.6317863904702624,0.06199318740366262,-0.018975911165051935
0.8,0.2,1.0,0.8,0.7,1.0,0.9,0.9,0.5,-1.2709893750130234,2.2006319190459322,2.075961602570369,3.9658042613372126,3.5274141795719824
0.5,1.0,0.0,0.6,0.3,1.0,0.5,1.0,0.9,0.2669914141203862,0.696645478649607,0.5558346212910167,-0.03569574751289044,-0.3770195463865943
0.3,0.7,0.7,0.4,0.0,0.8,0.0,1.0,0.8,2.3853466193098014,-1.3029839258429727,-1.3666774219704698,0.6115385081152436,0.5050425172925993
0.8,0.0,0.7,0.0,0.8,0.8,0.1,0.6,0.5,0.5175641407830153,0.3915378494007647,0.34036933786483575,3.7636935030212695,3.5121887064251927
0.7,0.3,0.5,0.2,0.9,0.3,0.1,0.3,0.1,0.9162588110246498,0.23481611398473987,0.014651690397232298,0.46852913306595667,0.3612528295813285
0.3,0.3,0.5,0.4,0.2,0.0,1.0,1.0,0.2,-2.1945858858218967,3.291192606259077,3.113323319575155,-0.935312609815485,-1.1328137100789086
0.9,0.5,1.0,0.5,0.9,0.8,0.4,0.2,0.0,-0.06052271642829001,0.679746646240917,1.0416886139601844,3.2013956296964134,3.022172037546807
0.0,0.1,1.0,0.4,0.8,0.6,0.8,0.6,0.4,-1.2589613158804118,2.134398573756277,2.236384987509782,4.002800556652539,3.872252880107501
0.3,0.2,0.7,0.4,1.0,0.3,0.9,0.0,0.2,-0.8717262123494628,1.8789359875812897,1.6404200022847224,1.5810713055571064,1.1097393858108977
0.3,0.0,0.1,0.1,0.9,0.6,0.2,0.1,0.5,0.8012105860269476,0.30425385180041986,0.10142403566584243,2.8793797282895435,2.454877278720091
0.3,0.4,1.0,0.7,0.1,0.1,0.1,0.9,0.6,0.23599304817917358,0.8725327548183104,0.5715487233758564,2.098051864709134,1.766960891507995
0.9,0.7,1.0,0.2,0.2,0.9,0.2,0.7,0.1,1.6126531414617338,-0.4418255737469935,-0.5569558791671348,2.6167549404853534,2.2928262072475465
0.9,0.8,0.8,0.2,0.8,0.2,0.9,0.2,0.9,-0.5172777576157129,1.3984785355854181,1.2603020450161961,5.058629818960933,4.929883946159661
0.6,0.9,0.6,0.7,1.0,0.0,0.7,0.1,0.7,-1.330914302699585,2.362632884174281,2.4508969649318826,5.4662637913507135,5.15764777485499
0.1,0.6,0.9,0.3,0.1,0.6,0.5,0.2,0.2,0.750909428360959,0.22833841527808912,0.22194828388323354,2.313131178390202,2.1680297722190027
0.5,1.0,0.1,0.6,0.8,1.0,0.0,1.0,0.7,0.8722145922784438,0.016991261406475444,0.005153706833027738,1.5035600008862733,1.2906183763242365
0.1,0.5,0.0,0.4,1.0,0.0,0.8,0.7,0.9,-1.8772852614117574,2.7645023591499913,2.9002696417029425,4.470634147372609,4.3830814579615485
0.0,1.0,0.2,0.7,0.6,0.3,0.1,0.9,0.8,0.5121640196729419,0.7563584261927039,0.3645811483773854,0.060614283101597624,0.05330551437350335
0.0,0.7,0.3,0.4,0.6,0.0,0.2,0.5,0.9,-0.5547213253673752,1.5990297397837978,1.2344986904211048,1.1258453176613432,0.9575033455215148
1.0,0.0,0.1,0.6,0.7,0.6,0.7,0.4,1.0,-2.2799914157637975,3.1804372514632075,3.326996137384927,2.2748747406125895,2.225226574688942
1.0,0.9,0.4,0.2,0.8,0.9,0.7,0.5,0.6,0.007639973340799938,0.9738551733561079,0.9508764605157762,2.281259289266524,2.069777914447106
0.0,0.2,0.5,0.7,0.3,0.5,0.6,0.5,0.8,-0.5691473182985867,1.4346082766488624,1.5327761919708018,0.9816703504808586,0.8026468055979369
0.1,0.2,0.5,0.1,0.7,0.1,0.4,0.8,0.0,-0.8811508342291594,1.7349561859866278,1.667404447233917,2.4767271934018233,2.066104051885234
0.3,1.0,0.5,0.5,0.0,0.3,0.0,1.0,1.0,-0.13742038253774086,1.2856891143183038,1.2242939651845635,-0.4932099033114418,-0.5885031996033546
0.2,0.2,0.2,0.0,0.5,0.1,0.9,0.7,1.0,-1.8760620044196885,2.9583825615970807,2.8886810849851265,3.369333367344763,3.1563592215406278
0.8,0.6,0.1,0.7,0.9,0.4,0.0,0.2,1.0,-0.3800358033000738,1.4528807651659665,1.1972830250882145,3.450567937232834,3.175715598569453
0.8,0.6,1.0,0.5,0.5,0.5,0.5,0.5,0.0,-1.052227921828759,2.208998688414971,1.877977968180187,1.5419225475758587,1.2044542112604977
1.0,0.0,0.3,0.2,0.3,0.9,0.3,0.5,0.7,0.5392891682560682,0.7574977384888164,0.5383200366664742,0.32189572386864485,-0.12238785657738792
0.9,1.0,0.9,0.0,0.9,0.6,1.0,0.3,0.6,-0.9963743839210539,2.0684907379328803,2.0146217142929563,3.0268825671988893,2.7674875535204526
0.7,0.0,0.4,0.0,0.8,0.9,0.7,0.5,0.0,-0.3421973260215523,1.5125354816217529,1.4281771456778156,1.5219511911135495,1.4232354176215005
0.6,0.1,0.7,0.1,0.8,0.4,0.7,0.1,0.7,-0.7611959090250366,1.78733043924698,1.5681161428538315,4.067799927462388,3.5164229662997504
0.4,0.0,0.2,0.1,1.0,0.4,0.3,0.9,0.0,-0.05622574725103664,1.1142113726730751,1.010006162448787,-2.0526094460278097,-2.193413736753014
0.4,0.8,0.8,0.0,0.1,0.2,0.0,0.0,0.7,1.7540978411557513,-0.6742341832054161,-0.6821913771397123,1.136598465824884,0.9643133707454054
0.1,0.9,0.9,1.0,0.5,0.4,1.0,0.1,0.1,-1.8668064154228308,3.0679960610514616,2.624481923053652,1.7882648792144429,1.6860195054373621
0.7,0.6,0.7,0.5,0.5,0.8,0.1,0.4,0.9,0.8389463672795286,0.22445444960896646,0.009864367042906698,1.7397892133710378,1.5344100513074133
0.4,0.7,0.7,1.0,0.9,0.5,0.5,0.5,0.7,-0.5193197698280643,1.2781315790544394,1.3850228391088804,1.6815515421882576,1.7958423033398438
1.0,0.2,0.2,0.7,0.6,0.6,0.7,0.6,0.5,-2.0224443281293314,3.071767523513283,2.8395139103800666,3.31280211295702,2.9532048498150463
0.5,0.4,0.0,0.7,0.4,0.7,0.8,1.0,0.9,0.17678868499334788,0.7527837393908755,0.6338004688533282,-0.6826907925183364,-0.9406910238315408
0.8,0.7,0.2,0.3,0.3,0.2,0.9,0.8,0.3,-0.8706985730007805,1.7150563632790945,1.5945872544165662,0.9333858417741484,0.6177464119525957
0.9,0.7,0.3,0.8,0.7,0.9,0.1,0.0,0.5,0.9149115655759356,0.199661174332183,-0.14488143056284314,2.7860509147580474,2.629120845170655
0.9,0.4,0.5,0.2,1.0,0.6,0.3,0.4,0.8,-0.055566253001965715,0.7969198809383665,0.7967272766801385,1.5759726060454509,1.5424369934433386
0.3,0.6,0.3,0.0,0.1,1.0,0.0,0.4,0.9,1.162298678539818,-0.2957296061660437,-0.3692249075012742,-0.16673415553087695,-0.5788157686861226
0.7,0.2,0.9,0.9,0.0,0.8,0.1,0.9,0.4,0.1097132353924548,1.0596690394967483,0.8203943168007931,0.5014962362490162,0.28926670231006657
0.3,0.1,0.9,0.6,1.0,0.9,0.0,0.7,0.6,1.1096897143138462,-0.21946784753661625,-0.2716169215601518,5.741703660707396,5.475945070298631
0.9,0.9,0.1,0.4,0.9,0.9,0.4,0.7,0.9,-0.06628749155771331,1.1238831255678248,1.05006966298663,4.048580600477769,4.050256868470744
0.7,1.0,0.9,0.1,0.0,0.8,0.1,0.2,0.7,2.149721975852626,-1.1389818161604675,-1.2574224663666016,2.760141408760689,2.840752186376279
0.5,0.5,0.0,0.4,0.6,0.5,0.2,0.1,1.0,0.09587579224323944,1.1358229580043966,1.0186285500398142,2.2526368403225265,1.9913710052942215
0.3,0.3,0.9,0.4,0.9,1.0,0.0,0.5,0.1,1.5058016248560409,-0.5052579021015051,-0.5311336969223108,2.5578262709374897,2.464908064375276
0.0,0.9,0.6,0.5,0.8,0.7,0.1,0.1,0.1,0.7309910444642808,0.26621052862834305,0.17755185821193298,3.038389739575197,2.737230579370816
0.7,0.5,1.0,0.1,0.4,0.5,0.8,0.8,0.4,-1.2092954608138515,2.1492805783286557,2.062485879765421,2.3482195343618772,1.9588822261097676
0.3,1.0,0.0,0.4,0.2,0.9,0.0,0.5,0.1,1.796998080572685,-1.0190998941101046,-0.9044452045355351,-0.7380521642747615,-0.9051575184792221
0.4,0.4,0.4,0.9,0.1,0.6,1.0,0.6,0.2,-1.7354749317791132,2.684149805551279,2.6297123752828906,-0.33625477543099525,-0.48550097628935973
0.6,0.3,0.6,0.3,0.1,0.4,1.0,0.5,0.5,-0.5799254005259648,1.4333578256880244,1.305093927356849,-1.0616892432754674,-1.4812977783196872
0.6,0.4,0.3,0.8,0.2,0.2,0.1,0.2,0.3,0.049960686931672924,1.0278725869909218,0.7414166363851125,0.5957442503989632,0.6746094448920797
0.4,0.0,0.8,0.9,0.4,0.8,0.5,0.5,1.0,0.11179383881093899,0.9967889372629848,0.688926005305214,1.081626338253112,0.7880244516038568
0.6,0.0,0.1,0.5,0.6,0.5,0.5,0.9,1.0,-1.6593623030682714,2.7989039659249997,2.4802438726531464,1.2978075998949192,1.2024931423066392
0.1,0.7,0.2,0.0,0.5,0.4,0.4,0.3,0.9,0.6534878108267198,0.08381843949003487,0.03018225963534949,-0.6840576993055558,-0.84401387120899
0.2,0.5,0.0,0.0,0.7,0.0,0.0,0.1,0.7,0.24960089027504143,0.8762811017572474,0.8988339051807062,3.5622142167387882,3.4377371399565764
1.0,0.7,0.1,0.4,0.7,0.8,0.1,0.0,0.3,0.8914772234021642,0.027147740553773378,0.18869550243751917,0.8536217567516128,0.9070528501965973
0.3,0.8,0.9,0.9,0.3,0.4,0.9,0.5,0.3,-0.5524137710868742,1.486832217854258,1.4870586731800803,-0.893344344707689,-1.0847678430641543
0.7,0.4,0.3,0.1,0.5,0.6,0.6,0.7,0.6,-0.3003759752346455,1.4852552943658384,1.2625166036738251,3.0820387348561207,2.8677930235982787
0.8,0.0,0.1,0.1,0.1,0.9,0.0,0.3,0.0,0.9201146679297162,0.2105696973412862,0.13228260108768794,0.22465238145454833,0.08561985424011528
0.0,0.2,0.9,0.2,0.4,0.0,0.2,0.4,0.9,-0.3436603703146623,1.0384125292629078,1.1107767703985485,0.7116817281399435,0.5588269022040939
0.7,0.7,0.5,0.9,1.0,0.0,0.8,0.0,0.5,-2.198770989911306,3.1942000531277284,3.199454614216385,3.4224527441629515,3.3999619957668537
0.8,0.3,0.6,0.3,0.2,0.7,0.5,0.4,0.6,0.8913312403458759,0.050843879562206026,0.022857870333558447,0.471296882016653,0.2776510173154474
0.2,0.3,0.4,0.2,0.0,0.5,0.1,0.7,0.9,1.2027983447422628,-0.04294110680759765,-0.31213536136621345,2.432213381793983,2.3604374694714796
0.2,0.6,0.1,1.0,0.1,1.0,0.3,0.4,0.9,-0.21423254572999428,1.0067661106942087,0.9748556260905741,-0.29375660049106744,-0.37728531626356565
0.2,0.2,0.8,0.9,0.3,0.3,0.7,0.6,0.5,-0.9513603606998561,1.857175107803991,1.6287605487132901,1.990823981974026,1.9610236380324015
0.6,0.6,0.5,0.3,0.1,0.6,0.1,0.8,0.6,0.7339527386683629,0.40641619857292854,0.18909522413546512,1.5678351979147216,1.2853571161646824
0.8,0.7,0.2,1.0,0.3,0.2,0.6,0.3,0.4,-1.3850114303855339,2.1973582175684583,2.3429652462018087,0.4845129374174865,0.4207160662080048
0.5,0.4,0.1,0.2,1.0,0.9,0.0,0.9,0.5,1.9385962712569205,-1.0810443629684532,-1.1994814738604838,0.5341041733610343,0.3279072963485926
0.6,0.1,0.6,0.6,0.3,0.9,0.2,0.7,0.9,0.31911804197470084,0.6890849371934372,0.5642935318721399,3.5557040946376888,3.5197867471414006
0.3,0.9,0.9,0.3,0.9,1.0,0.4,0.3,0.7,1.8336028077588973,-0.8471838742049305,-0.8684085611020118,3.3519099377628248,3.2920797879054815
0.7,0.7,0.7,0.1,0.1,0.6,0.5,0.1,1.0,0.4570255571573041,0.6482620689106178,0.4031814380840498,3.39395655555497,3.389818007650516
0.5,1.0,0.2,1.0,0.4,0.4,0.2,0.2,0.9,-0.6357346843620859,1.3693990756548424,1.4471804784437179,-0.0400392732629124,-0.11026609896420572
0.5,0.6,0.2,0.2,0.2,0.3,0.9,0.2,0.6,0.33645055516501,0.8404093122476001,0.5822488418562938,-0.7429717932308709,-0.776607484412132
0.5,0.9,0.1,0.6,0.0,0.4,0.9,0.4,0.5,-0.7189827088006069,1.7026852621590298,1.6152453958958597,-2.855975959413938,-2.9449147748106568
1.0,0.1,0.4,0.5,0.8,0.3,0.8,0.8,0.1,-3.3726782933942636,4.2518248463077875,4.24836195519946,1.2819667358566904,1.1151303646026125
0.6,1.0,0.8,0.4,0.6,0.5,0.6,0.0,0.1,-0.5608288576302229,1.6186518137627175,1.5038923977585845,2.2144921901439663,2.030369531972897
0.6,0.7,0.1,0.7,0.6,0.0,0.6,0.7,0.0,-0.8801529361964372,1.9953379178522699,1.8512064441671454,2.390468160019367,2.2007652094767605
0.8,0.9,0.3,0.5,1.0,0.9,0.4,0.0,0.2,-0.27689879261125827,1.3532714860928965,1.1994931167446072,1.8339089290227601,1.7747442076508237
0.1,0.9,0.6,0.0,0.1,0.7,0.4,0.4,0.2,0.8308412493452698,0.1590033952809803,0.020774400142403893,-1.6069401421817966,-1.9121181901766786
0.0,0.1,0.8,0.2,0.6,0.3,0.3,0.8,0.6,0.2689184416244235,0.731871249290821,0.6470135588782265,1.7491963924810883,1.3889935388814245
0.7,0.3,0.3,0.2,0.2,0.9,0.2,1.0,0.4,1.0480816183442374,0.03174329205997431,-0.20071646737266222,-0.7951706289032849,-1.0316492749477775
0.8,0.9,0.6,0.2,0.7,0.7,0.4,1.0,0.6,0.5191441708231178,0.5012669084331832,0.4024961995514174,1.706173085197206,1.4768933920211609
0.0,1.0,0.6,0.7,0.0,0.7,0.3,0.4,0.0,1.008720099432901,-0.024701159420093433,0.07193557111335444,-1.6318435691308408,-1.863321247985029
0.6,0.6,0.0,0.8,1.0,0.1,0.8,0.0,0.3,-1.58981060973542,2.501828030199632,2.5675620955673004,2.1612000538700453,1.9574273923611407
1.0,0.4,0.2,0.4,1.0,0.8,0.5,0.0,1.0,-0.7672793795061927,1.4881115328282946,1.2301979596394912,2.0961607567930147,2.040870501121394
0.9,0.1,0.1,0.3,0.9,0.0,1.0,0.3,0.9,-3.238903837487214,4.293877403737937,3.969839700288202,2.6894513542031047,2.578563891664066
0.0,1.0,0.9,0.2,0.7,0.5,0.4,0.3,0.2,0.8492666446626789,0.3096127975579001,0.27885335696620184,1.121898973541456,0.8492950659899889
0.0,0.7,0.1,0.0,0.0,0.1,0.2,0.2,0.5,0.6671620118283378,0.16028291550828888,0.17969669981907638,0.876299697892614,0.5986254972332635
0.9,1.0,0.5,0.3,0.0,0.7,0.8,0.6,0.0,-0.45873343915010656,1.4778287637926721,1.372972649562459,1.2560641678289528,1.1924769548406868
0.5,0.7,0.2,0.8,0.8,0.5,0.6,0.6,0.2,-0.4495774401961042,1.3071058219800658,1.2065857497396055,1.4031782262197656,1.27159073778282
0.7,0.9,0.6,0.4,0.5,1.0,1.0,0.5,0.4,-0.9452860799646965,2.074128733796507,1.8959650401060233,1.9996174665882898,1.8850757587166025
1.0,0.9,0.9,0.2,0.9,0.2,1.0,0.7,0.5,-1.6551681711799986,2.577283687455495,2.431216813066827,4.189924368819108,3.863545882855933
0.1,0.4,0.5,0.8,0.9,0.6,0.7,0.1,0.8,-0.25648092972312625,1.2403891193670349,1.372106045245258,5.34595370541984,5.315799955280953
0.1,0.4,0.3,0.6,0.7,0.8,1.0,0.3,0.0,0.32632633672787736,0.8197561341698101,0.7098194541083873,0.3810672479669479,0.2069720180396799
0.0,0.5,0.0,0.2,0.9,0.4,0.7,0.6,0.2,-0.4526119780393886,1.371938314238839,1.3984122213331682,0.6547316859063144,0.23293773365463746
0.7,0.5,0.2,0.3,0.3,0.5,0.7,0.6,0.7,-0.6563534313321373,1.6610752610552912,1.6559521062973175,2.0164433779164757,1.9888335152583663
0.8,0.1,0.7,0.1,0.5,0.7,0.3,0.6,1.0,-0.5060084180729667,1.6484366800566679,1.633013899628585,3.2339940312784408,2.8805198044531033
0.4,1.0,0.1,0.9,0.5,0.1,0.2,0.5,0.2,-1.2817475514792913,2.0543032777789967,1.918922163819298,-0.4064113873249153,-0.7454738986158569
0.5,0.0,0.3,0.6,0.5,0.2,0.0,0.6,0.2,-0.742768609458868,1.7124256482173594,1.3331345210660033,1.0072240293866583,0.9442824454236193
0.3,1.0,1.0,0.1,0.6,0.3,0.3,1.0,1.0,0.3995643605480782,0.4452735395996217,0.41202187113449773,0.5466988248840857,0.16507723180552525
0.5,0.6,0.6,0.4,1.0,0.2,0.3,0.3,0.5,0.25459252588497483,0.8322972554808441,0.6479126851451859,1.3705991401536726,1.2372555625601616
0.7,0.5,0.4,0.8,0.9,0.8,0.4,0.8,0.7,0.040154816132283416,0.7177980641079178,0.8191358471638611,2.6860326745516847,2.287048815218299
0.2,0.5,0.0,0.2,1.0,0.3,0.2,0.6,0.2,0.9110123539733215,0.01688148026901587,0.04764931891651535,0.22050342938402376,0.11519157747445974
0.5,0.3,0.7,0.4,0.5,0.4,0.4,0.9,0.3,-0.21513146131334748,1.2870316618534774,1.0915788981597738,-1.2860682333612405,-1.6086975105785826
0.0,0.5,0.1,0.8,0.6,0.5,1.0,0.2,0.2,-1.7848725261150513,2.8382435779317547,2.8624097470053833,1.2876400696128327,0.9397625350154715
0.1,0.2,0.8,0.2,1.0,0.9,0.0,0.5,0.0,1.9566994572289917,-1.0291884446177324,-1.1442904173431019,2.420745830249875,2.1739785612506837
0.0,0.7,0.8,0.2,0.2,0.2,0.4,0.9,0.2,0.9282496480235086,0.28349342323641824,0.21898776101048167,-0.7511554929405644,-1.06756441021496
0.2,1.0,0.6,0.5,0.9,0.1,0.4,0.8,1.0,-1.1137374448696553,2.1680683785452284,2.115345486048387,4.815178569232824,4.790859450715582
0.8,0.7,0.4,1.0,0.5,0.1,0.4,0.3,0.0,-1.8725011823910633,2.9397570250064207,2.841497922107378,1.1004219335558545,1.0604075061736693
0.4,0.3,0.1,0.9,0.0,0.5,0.3,0.6,0.9,-0.4275668434607732,1.2866687214961947,1.1944033635379938,0.11593599374574562,-0.14951933249350294
0.9,0.1,0.6,0.1,0.8,0.6,0.9,0.0,0.3,-2.2097343237791645,3.3237081631491354,3.322940182750735,2.7678466846485383,2.64244422482091
0.1,0.2,0.8,0.3,1.0,0.4,0.4,0.0,0.3,0.19584074464394396,0.6212610994234862,0.668664885374319,1.1996173587528292,1.2507224400626527
0.9,0.8,0.9,0.1,0.9,0.4,1.0,0.3,0.1,-1.0706418407461737,2.0812650073019383,1.874654645754433,0.9133354943816543,0.7312677278779125
0.9,0.9,1.0,0.9,0.5,0.2,0.5,0.3,0.0,-1.5854483471223517,2.569451379116018,2.38579705957688,1.8667596070508,1.7843431332446562
0.5,0.5,0.3,0.7,0.2,0.8,0.1,0.3,0.7,1.7417248167360362,-0.8407928586782495,-0.7578288235757036,-0.47273970906580337,-0.9112475518785623
0.5,0.2,0.2,0.5,0.7,0.6,1.0,0.5,0.6,-1.1721949338185558,2.3545908141019987,2.2067086404028453,0.5472795529625367,0.47446753831724264
0.8,0.9,0.8,1.0,1.0,0.4,0.3,0.1,1.0,-1.7979322663051802,2.77585046997049,2.5629646681699074,4.407094523004894,3.810960037795741
0.9,0.9,1.0,0.1,1.0,0.7,0.7,0.3,0.9,-0.17232963835945736,1.0662882585192817,0.9847826732676211,3.8663481238697295,3.821715163891024
0.7,0.9,0.2,0.8,0.1,0.6,0.8,0.0,0.0,-1.153623885976997,2.1225868705157693,2.1054163768402168,0.5255718176673857,0.398244201574314
0.9,0.2,0.9,0.5,0.6,0.9,0.1,0.3,0.0,0.1763858568180353,0.7332069647537252,0.8929675817537212,2.763190159040681,3.108482025902045
0.3,0.2,0.3,0.8,1.0,0.3,0.5,0.0,0.5,-0.06379803338062089,0.9617686232151746,1.0493878287767355,0.5964319545060071,0.526759411684295
0.1,0.1,0.2,0.5,0.5,0.0,0.8,0.9,0.5,-3.0243552035060945,3.943325803236701,3.8781092772598895,1.238356415538369,1.0685137442237376
0.1,0.9,0.8,0.1,1.0,1.0,0.6,0.7,0.2,0.4566026558612082,0.5166381416651482,0.4321333661405524,4.678722979761283,4.314181553020411
0.9,0.3,0.8,0.0,0.5,0.2,0.5,1.0,0.4,-1.3006525850158634,2.0703033685139487,2.0048329658956527,0.6545528970316455,0.5599303562373096
0.4,0.0,0.7,0.3,0.6,0.8,0.1,0.3,0.0,1.9171849667184993,-0.8913341786974027,-0.9676581430709481,1.1141359836162061,0.8294838473438687
0.2,0.4,0.8,1.0,0.6,0.4,0.4,0.2,0.7,-0.33539371930456324,1.3447253495540394,1.2732826099956442,2.8668785314527607,2.8084796551655735
0.0,1.0,0.3,0.9,0.5,0.9,0.4,1.0,0.9,-0.35431948356509324,1.3930437697698048,1.2882522582350289,0.21232442615926,0.2271714271187537
0.3,0.7,0.1,0.1,0.2,0.4,0.1,0.6,0.9,1.4858334344379645,-0.4912600509129842,-0.7441232945600565,-0.11202336879150478,-0.4043188911251213
0.6,0.6,0.7,0.0,1.0,0.5,0.8,0.7,1.0,-1.2980602379669126,2.1632338038844128,1.9494874297089053,4.339105853001219,4.14571559584752
0.5,0.5,0.8,0.2,0.5,0.4,0.2,0.5,0.3,0.2971801453290194,0.7086214143904322,0.42286025567776686,-1.309094999037933,-1.758817522207344
0.5,0.3,0.3,0.3,0.6,0.3,0.6,0.2,0.0,0.6949507194569393,0.11863724972531342,0.282678168889228,0.589594780667018,0.17263147528515294
0.5,0.4,0.7,0.2,1.0,0.8,0.4,0.6,0.1,1.7791274629336469,-0.6455420573439016,-0.7661470794195656,1.2359869885026504,0.9125091138219541
0.0,0.2,0.1,0.4,0.1,0.6,0.2,0.6,0.7,0.26319975627240094,0.7354167224661381,0.6690938851628423,1.0438408679340472,0.9430678169043432
0.7,0.8,0.3,0.9,0.6,0.8,0.9,0.2,0.2,-0.4275819552063115,1.2455511771462615,1.4514604510520401,1.69916078855619,1.6789035094588902
0.0,1.0,1.0,0.4,0.6,0.7,0.1,0.3,0.8,1.5941918782358069,-0.7772823813924781,-0.781494912827473,2.738847779259104,2.70051869321312
0.6,0.6,0.4,0.1,0.4,0.2,0.9,0.8,0.7,-0.7274762069344117,1.7172218701917341,1.6125076239723701,0.9400477468691132,0.7696064829892575
0.6,0.7,0.8,0.2,0.2,0.2,0.5,0.5,0.6,1.0279507960885128,-0.36068321100319944,-0.36045254855122866,0.45149059287032306,0.42251501457891105
0.6,0.7,0.7,0.6,0.9,1.0,0.3,0.2,0.3,1.129459156221403,0.00752541226207654,-0.3576794500192914,3.497598118557365,3.447757150494985
0.6,0.3,0.8,0.0,0.0,0.5,0.6,0.7,0.2,-0.47341198732678624,1.4206237055111266,1.3569443333022821,1.605730479249765,1.099409457406614
0.4,0.0,0.6,0.3,0.1,0.5,0.4,0.9,0.2,-0.554407619253523,1.5989643226683379,1.3119552775667003,-1.2852543472699727,-1.2660476251329533
1.0,1.0,0.8,0.0,0.1,0.3,0.8,0.8,0.0,-1.755259302497434,2.736207866883385,2.5690780535776794,-0.02203957865172404,-0.1761966474963359
0.7,1.0,1.0,0.5,1.0,0.0,0.2,0.7,0.0,-1.2877102452986033,2.3028647145989214,2.14959709036026,4.277469528156283,3.987991466850754
0.7,0.0,0.5,0.1,0.2,0.4,0.9,0.5,0.2,-1.6898691483990087,2.7095166668842188,2.613321974183502,-1.2892249475754232,-1.5520349461439813
0.7,0.8,0.7,0.4,0.7,1.0,0.4,0.0,0.1,0.7963556918886459,0.5291384934013166,0.381978945585694,2.8482103176100173,2.886870851624195
0.2,0.9,0.7,0.5,0.9,0.7,1.0,0.6,0.5,-0.3635614177854309,1.3554755705284927,1.1272556145729666,3.4349930250917935,3.3262181958987385
1.0,0.9,0.9,0.6,0.8,0.5,0.4,0.3,0.0,-1.2160430587553324,2.2504369958229384,2.0935275524080943,1.6377944224524044,1.6547941599112308
0.8,0.3,0.4,0.0,0.6,0.2,0.2,0.2,0.4,-0.11628507239794644,1.1954152251025794,1.005209455042311,2.4067267540989343,1.9965526470897645
0.3,0.5,0.0,0.6,0.6,0.0,0.5,0.7,0.7,-1.0845258324099234,2.3187974698005935,2.039514741348122,3.3748883100551565,3.229758656574218
0.6,0.5,0.9,0.4,0.1,0.5,0.9,0.4,0.8,-1.1187657912282643,2.249204862191784,1.8768504336505736,0.2894212689302639,0.2817362240111315
0.8,0.4,0.9,0.6,0.7,0.5,0.7,0.0,1.0,-1.1935091744314295,2.2939395167659837,2.2795584410464826,4.9127024746876415,4.898154882615974
0.7,1.0,0.8,0.6,0.4,0.9,0.9,0.4,0.5,-0.057291209590445855,0.9202821274417742,0.6278091182884927,1.570718609688026,1.1097598367602193
0.5,0.9,0.4,0.7,0.8,0.8,0.7,0.5,0.3,0.3585411699718911,0.5226451709670419,0.5712998866381678,0.2991625392770725,0.16926973655056746
0.4,0.4,0.7,0.1,0.0,0.2,0.3,0.5,0.0,0.812695271509203,0.1293696604135336,0.1937787599398603,-1.7919377013393456,-1.69391955029405
0.0,0.5,0.7,0.2,0.6,0.0,0.3,0.9,1.0,-1.2583931318452777,2.2794281329624297,2.1550877435169356,1.8604381132818881,1.5633550576941122
0.4,0.6,0.5,0.7,0.3,0.4,1.0,0.3,0.1,-0.5643609543184591,1.6874975035982482,1.8088078612520113,-2.0007380383910016,-2.1192439091963773
0.1,0.1,1.0,0.1,0.0,0.6,0.7,1.0,0.6,-0.43649523799496537,1.6928567627175088,1.685493663754457,1.6295535177539548,1.2694661382117711
0.4,0.7,1.0,0.3,0.2,0.4,0.9,1.0,0.8,0.6701031775575942,0.5974578968863341,0.34508401247714965,-0.7344572523474046,-0.9387090855612229
0.9,0.5,0.1,1.0,0.8,0.1,0.0,0.9,1.0,-3.0088501289694083,4.037777630192829,3.957172674545919,2.8974237932606126,2.8929789555057073
0.8,1.0,0.4,0.8,0.0,0.6,0.4,0.6,0.0,-0.8595275334762649,1.7836226469068306,1.6515259135659337,0.9547776750393616,0.7276542005760381
0.8,1.0,0.5,0.3,0.8,0.9,1.0,0.7,0.7,-0.1659046645337998,1.0956506774095824,1.0095074065105012,5.007887512277806,4.690581035715951
0.8,0.9,0.2,0.5,0.4,0.9,1.0,0.8,0.6,-0.9280458778612481,1.9414053324481495,1.754529199025245,2.271579077533462,2.056190093146144
0.9,0.5,0.4,0.8,1.0,0.5,0.1,0.0,0.7,-1.0983757437363453,1.893244699185591,1.8834758847381083,2.994210582766219,2.8691759283939398
0.0,0.4,0.0,0.5,0.4,0.7,0.1,0.1,0.0,1.2552363659439656,-0.19955815183898234,-0.31128989342645214,0.4012193484264433,0.21502783200183484
0.3,1.0,0.1,0.0,0.3,0.1,0.6,0.1,0.9,-0.1656884261899268,1.1061877169426502,1.1040168717956467,2.5569844129915102,2.557605487598787
0.5,0.5,0.6,0.4,0.9,0.2,0.2,0.8,0.1,-0.5113979131349544,1.4117412543099526,1.3648892599818583,1.7849993568453346,1.4605780108630715
0.1,0.2,0.5,1.0,0.1,0.5,0.7,0.3,0.0,-2.126302144144543,3.1173135443548645,2.8369392574068457,0.6744795936072898,0.3704055510723884
0.6,0.1,0.6,0.1,0.7,0.1,0.7,0.5,0.6,-1.5641811367774563,2.5251348282983863,2.582842485062426,3.2771129215501116,2.9888262922114777
1.0,0.8,0.1,0.4,1.0,0.4,1.0,0.2,0.7,-1.375497616982309,2.194544332806827,2.271192816648148,2.1455820061474076,1.9245192515045233
0.3,0.8,0.0,0.8,0.7,0.8,0.2,0.9,0.9,2.0154872302642355,-1.0127297674278797,-1.2559692452503841,0.791927616494243,0.5004193477133105
0.6,0.7,0.6,0.2,0.4,0.7,0.3,1.0,0.7,2.0225218020920184,-1.0666902302521026,-1.0872009257754478,-0.4232713755360715,-0.6511875409415664
0.2,0.8,0.1,0.9,0.0,0.4,0.4,0.7,0.7,0.3128851256314527,0.8188550326493778,0.8431549106612571,0.8330605763181694,0.5606254883613377
0.3,0.9,0.6,0.5,0.7,0.1,0.1,0.0,0.7,-0.16028602650313656,0.9602113259271174,0.8337353786506089,4.231296616036412,3.8646310495737146
0.2,0.5,0.7,0.3,0.0,0.9,0.8,0.1,0.2,0.6801603143784668,0.33134472442795326,0.1030467368103446,3.2080619198602793,2.9186544796853067
0.4,0.2,0.3,0.1,0.8,0.7,0.4,0.0,0.9,0.7450353349715241,0.09102324039400628,0.12677494479313386,0.42211917783547864,0.5239901491841518
0.7,0.3,0.9,0.2,0.6,0.2,0.6,0.1,0.4,0.30961932691878624,0.6618647933672325,0.515513041451942,4.55873331083245,4.3465490507691795
0.3,1.0,0.3,0.4,0.0,0.6,0.8,0.9,0.7,-0.39506839196672777,1.50043285301076,1.3214120080619896,0.4587351128620038,0.25952731873753876
0.0,0.8,0.8,0.6,0.9,1.0,0.1,0.9,0.5,1.01874444182506,0.016081766417846748,-0.1448814409424819,2.8958381825333355,2.785080854714424
0.3,0.8,0.8,0.3,1.0,1.0,1.0,0.7,0.9,0.7826899413942875,0.14585855100812412,0.24806331739928855,5.491422327489229,5.263496562421542
0.5,0.5,0.5,0.8,0.2,0.1,0.7,0.1,0.0,-1.384727554664674,2.670461298708311,2.3037367124870096,2.3979186623536672,2.0577032418950316
1.0,0.0,0.9,1.0,0.5,0.5,0.1,1.0,0.6,-2.860288097988975,3.6852559598926593,3.5457711717272473,1.9811450378984232,1.737669534049453
0.4,0.2,0.0,0.6,0.1,0.2,0.4,0.3,0.8,0.384072784297143,0.9543060681018268,0.6577829853240099,-0.49270952290967657,-0.787506564474452
0.1,0.2,0.9,1.0,0.5,0.8,0.2,1.0,1.0,-0.46898491752101884,1.3891788691776934,1.1457310592505683,1.5118131489141506,1.3247041854472732
0.2,0.1,0.9,0.0,0.3,1.0,0.3,0.8,0.6,0.7747103864895624,0.23714915876175668,0.1462201181268257,2.4416254457799194,2.0808466490504567
0.4,0.6,0.8,0.2,0.5,0.7,0.6,0.1,1.0,1.1050146421443547,-0.1740689965378572,-0.28485905025161834,3.455275757128779,3.2452407275811597
0.2,0.7,0.3,0.8,0.4,0.7,0.5,0.7,0.6,1.2575819415007419,-0.40546811175731773,-0.48487459775857483,2.1566195043924465,1.8177759445264212
0.5,0.8,0.5,0.2,0.3,0.5,0.6,1.0,0.3,0.24083423725719927,1.0471100454770448,0.8693300471264477,-1.3911230767720308,-1.715109959604939
0.2,0.1,0.7,0.7,0.3,1.0,0.5,0.1,0.3,0.13275443262572106,1.0275028248290754,0.9515338853234211,3.642852217459936,3.393053809094981
0.4,0.6,0.3,0.8,0.2,0.2,0.1,0.0,0.5,0.5052574843093995,0.5208530072606227,0.5448323868480722,-0.27507288856394074,-0.36488073326344184
0.6,0.7,1.0,0.3,0.0,0.2,0.0,1.0,0.3,1.122351966784299,0.1729345753855292,-0.08287271175048816,-0.20544787217407323,-0.3796936106643368
1.0,0.0,1.0,0.1,0.4,0.0,0.4,0.8,0.9,-2.087895888902359,3.4254005874379634,2.919959680410491,2.9790711176001112,2.894923801894884
0.3,0.4,1.0,0.0,0.0,0.7,0.2,0.7,0.9,1.8120944248135056,-0.7468569186379501,-0.7715060321855547,2.117739603766226,1.8322460283974589
0.7,0.8,0.7,0.9,0.0,0.6,0.5,0.6,1.0,-0.8161029507787778,1.8008314736357178,1.923465784572568,3.303043990386653,2.9986513136609005
0.8,0.7,1.0,0.7,0.9,0.3,1.0,0.0,0.2,-0.8816881449908992,1.8155026507576337,1.7165253954468183,2.1426886304366097,1.9304796415400256
0.0,1.0,1.0,0.5,0.3,0.1,0.8,0.2,0.0,-1.1453317216710996,1.93264819772793,2.029996045504097,3.029125513612494,2.932540143912596
0.1,0.5,0.3,1.0,0.2,0.3,0.4,0.1,0.2,-1.1659151409848771,2.330601222774258,2.1923674658527545,-0.743976334624022,-1.0296554701957572
0.4,0.6,0.1,0.2,0.6,0.4,0.4,0.3,0.6,1.04884280598566,-0.2348167392716048,-0.4278753141296403,-0.9645747630676187,-1.0174174571743435
0.4,0.2,0.4,1.0,1.0,1.0,0.8,1.0,0.6,-1.756271809349971,2.765296066800129,2.684618816809672,1.4666466492893535,1.353112799610229
0.0,0.6,0.3,0.8,0.4,0.8,0.2,0.9,0.1,0.8419612747297373,0.32267626881632205,0.0632790477295044,-1.820257301030566,-1.9167812731058151
0.5,0.4,0.2,0.9,0.7,0.5,0.6,0.6,0.1,-1.2278261123633483,2.3016413190816962,2.291205852043625,1.1416712058537566,0.8689771085137884
0.4,0.5,0.1,0.5,0.5,0.1,1.0,1.0,0.2,-2.7533951253827507,3.75417633003541,3.747547854828638,-0.6596982668341798,-1.0124817335082983
0.0,0.7,0.4,0.6,0.4,0.9,0.5,0.3,0.0,1.372678074121946,-0.24482236269223961,-0.4350967532796312,-0.09609364915915979,-0.38820027869881113
0.1,0.8,0.0,0.1,0.1,0.3,0.3,0.4,0.2,1.1890884225529794,-0.11708546381990767,-0.3120722072339501,-3.555385724110712,-3.9811115156606176
0.7,0.3,0.7,0.3,0.7,0.9,0.3,0.6,0.4,1.452407699457698,-0.5128583132331332,-0.515811146330935,3.536419053749302,3.3684317845116007
0.7,0.7,0.3,0.4,0.9,0.7,0.3,0.1,0.2,0.8630327139557565,0.20352238488667962,0.09320562732473234,2.0529110258043235,1.9248025333869214
0.1,0.7,0.6,0.6,0.9,0.6,0.1,1.0,0.1,0.277486168879688,0.6635152197356842,0.48490240660405864,1.7339541578373492,1.3990243875720196
1.0,1.0,1.0,0.1,0.0,0.0,0.1,0.6,0.2,-1.635950016157938,2.5865132938160396,2.480206192494127,1.7234204093914822,1.5754881370678526
0.7,0.3,0.5,0.1,0.7,0.1,0.4,0.6,0.3,-0.7972118191853412,1.762873175365241,1.9179833896915683,2.782257606240621,2.5651626599652024
0.4,0.1,1.0,0.2,0.6,0.0,0.4,0.8,0.2,-1.040403200535063,1.9856558271916156,2.0183457107500993,1.9049311717422108,1.4823995341477167
0.1,0.2,0.6,0.6,0.9,0.1,0.6,0.2,0.6,-1.001564759351278,2.121986775209411,1.9649652324139417,5.869356106707317,5.695675805487923
0.4,0.2,0.8,0.3,0.1,0.9,0.3,0.8,0.4,1.5377012116664777,-0.3174563286684529,-0.42996053400302847,0.8921495778178381,0.6835864342831228
0.1,0.3,0.6,0.0,0.3,0.0,0.4,0.9,0.4,-0.7885714383399179,1.7566936272145321,1.7887250052673456,-0.3399748015604348,-0.6311731621275017
1.0,1.0,0.6,0.1,0.7,0.1,1.0,0.4,0.4,-2.5070919008053076,3.5267165508756175,3.376981477577339,1.5276313311271095,1.2418299250532885
0.0,0.4,0.7,0.4,0.8,0.8,0.3,0.8,0.7,1.3933556218385146,-0.3083455650735999,-0.6095195657999309,2.7916608676793904,2.514223698469435
0.5,0.8,1.0,0.1,0.6,0.6,0.8,0.8,0.0,0.3912697093041889,0.6778109888854773,0.349563465224931,2.093435088914823,1.9069455808300688
0.8,0.3,0.6,0.6,0.7,0.9,0.1,0.2,0.9,1.0442423731908088,0.05461376094271091,-0.10260898544037933,5.9757419515674295,5.6715057140827305
0.8,0.5,0.1,0.6,0.1,0.0,0.9,0.6,0.2,-3.4035327513786098,4.338309308517298,4.245820296178371,1.1079621611807737,1.0017008758851151
0.3,0.5,0.2,0.2,0.4,0.9,0.9,0.8,0.7,0.9234435649741236,0.0966098753794482,0.002625091353348763,1.2155617473169567,1.2254015188819765
0.7,0.5,0.5,0.5,0.3,0.4,0.0,1.0,0.2,-1.4575927037865324,2.3175545400456548,2.142892672798799,-1.2090503791669236,-1.449051310604426
0.6,0.1,0.5,0.7,0.2,0.8,0.1,0.6,1.0,0.3544299941168489,0.3734757234896487,0.5516139855294282,1.907160335191226,1.7032575485189265
0.8,0.5,0.8,0.3,0.8,0.0,0.5,0.1,0.8,-1.144361189707815,2.3921973116979216,2.1946069083619317,5.8761523438070995,5.6811424124285805
0.8,0.3,0.7,0.9,0.9,0.7,0.8,0.0,0.9,-1.309290303340959,2.092323132713645,2.092125238191813,4.448757714721809,4.365536080635816
0.3,0.8,0.3,0.9,1.0,0.0,0.4,0.0,0.3,-1.1986296983170894,2.260443351946152,2.236418419222315,1.0042198871224188,0.7720171889028923
0.9,0.4,0.1,0.6,0.9,0.3,0.8,0.0,0.4,-1.691792093779344,2.5786083260511616,2.457127137511845,1.1766454980517977,1.1422048298686664
1.0,0.6,0.1,1.0,0.3,0.2,0.0,0.9,0.3,-2.259425128259313,3.3202562616353286,3.0930075157804473,-0.8844140560396851,-1.0909418906306665
0.2,1.0,0.1,0.7,0.0,0.0,0.9,0.5,0.9,-1.436671966656814,2.42947462083092,2.458145999789117,0.7451160909475604,0.32325548326918174
0.3,1.0,0.7,0.8,1.0,0.2,0.3,0.4,0.3,0.2351501577320317,0.7582294161219272,0.6894201652269082,0.7950073270732987,0.4949312813867737
0.1,0.0,0.4,0.6,0.6,0.3,0.8,0.6,0.7,-0.9984420575101234,2.0084769392645723,1.8498605972034163,2.789367684311083,2.4361685643601163
0.1,0.6,0.4,0.3,0.6,0.9,0.9,0.3,0.3,0.4920475155067399,0.5111029729412816,0.32774843811597826,1.4116856186939322,1.424757298506819
0.2,0.0,0.1,1.0,1.0,0.0,0.6,0.1,0.2,-2.785523262045063,3.7584134027897758,3.832837987250819,3.5826718482738316,3.38398808952845
0.4,0.0,0.2,0.3,0.5,0.5,0.8,0.3,0.3,-0.8914524393304576,1.8778767319621676,1.5233680769309623,-0.030042287107900054,-0.263185667530322
0.3,0.4,0.8,0.5,0.1,1.0,0.5,0.1,0.7,0.774791362119223,0.08328350369580265,0.08259291683353324,4.031386518456381,3.869084566789414
0.3,0.1,0.0,0.9,0.3,0.4,0.0,0.8,0.0,-0.6288555605538491,1.7206365690322167,1.5443405212117303,-0.7893383701442656,-1.034906267177805
0.7,0.3,0.3,0.1,0.2,0.9,0.1,0.9,0.0,1.1741925974245795,-0.21065624170077385,-0.27072814731479455,-0.6695010343706309,-0.9432644750240448
0.6,0.3,0.0,0.8,0.8,0.6,0.3,0.3,0.4,0.6017885932994776,0.5262238116860496,0.21849572575232967,0.39667884917083657,0.39149367190148526
1.0,0.0,0.6,0.6,0.9,0.9,0.0,0.3,0.5,-0.24281112733416368,1.115603776908491,1.0333123544646696,3.85065888533966,3.8031892778618515
0.4,0.6,1.0,1.0,1.0,0.1,0.8,0.8,0.2,-2.387780747669124,3.377132509230014,3.1894426033364947,3.603387390394618,3.1785843602740753
0.0,0.5,0.1,0.8,0.1,0.1,0.9,0.4,0.3,-2.2236547999541445,3.374074162568904,3.199609035378945,-1.019516146665116,-1.4527800519234555
0.1,0.5,0.8,0.7,1.0,0.6,0.5,0.3,0.7,0.23199329591253615,0.7068124183996272,0.27560035839838887,3.973280968085763,3.5929406480754897
0.3,1.0,0.8,1.0,1.0,0.1,0.6,0.8,0.1,-1.9703198018242583,2.8594606709007433,2.854579812224045,3.9286547378205285,3.6933593885039344
0.7,0.1,0.5,0.1,0.3,0.7,0.3,0.3,0.2,0.01876340763007369,1.0056519311070815,0.6775643876539648,-0.6558508330254899,-0.9616293033876953
0.4,0.2,1.0,0.7,0.2,0.3,0.1,0.8,1.0,0.31468241266170266,0.475096858431107,0.369777049526885,1.4058166053585623,1.1270466709919684
0.9,0.3,0.4,0.6,1.0,0.0,0.9,0.8,0.5,-3.0450210719552557,3.9366179845560776,3.9431490318025344,3.3046228662797157,2.9708630250628603
0.8,0.0,0.7,0.4,0.6,0.6,0.2,0.4,0.2,-0.8409411478162531,1.9237684333873497,1.7829699209827876,1.9307271654455205,1.6929578611054192
0.2,0.7,0.1,0.8,0.4,0.0,0.0,0.1,0.4,0.23054087684317356,0.6045162446292967,0.6790786302552714,2.39305685907576,2.231298973464689
0.2,0.5,1.0,0.1,0.1,0.1,1.0,0.2,0.0,-0.9251341086544476,1.9939935655215446,1.6587739618818511,2.3600095517290214,2.1773876377921297
0.4,0.0,0.3,0.1,0.0,0.7,0.2,0.3,0.5,1.2422763512262056,-0.26393893888154535,-0.2854908043872117,-1.4148607800559003,-1.6576520886574126
1.0,0.2,0.8,0.7,0.6,0.5,0.5,0.7,0.7,-1.939245079048774,2.648415458691022,2.5826632860703507,4.775047520941218,4.421091187667768
0.0,0.8,0.1,0.3,0.6,0.6,0.0,0.2,0.9,1.8229964560287522,-0.7859299390935189,-0.8764026902893274,3.308424632028065,3.116283907706268
0.8,0.4,0.6,0.9,0.0,0.8,0.2,0.2,0.0,0.2936184551833009,0.7647532340906169,0.5535865481843149,1.7574101107170306,1.4688665901583569
0.3,0.8,0.6,0.5,1.0,0.7,0.5,1.0,0.1,0.4215872089667449,0.578870401809374,0.44286198491192863,0.7871515103338925,0.4633677151803936
0.9,1.0,0.5,0.9,0.5,0.1,0.0,0.5,0.8,-1.993007272037857,3.0707751133685153,2.8526824657682823,3.2106864336933456,2.848200622999132
0.2,0.8,0.1,0.7,0.8,0.4,0.3,0.5,0.6,1.2042364079070378,-0.15387302187326174,-0.2432140334989003,-0.09514782718047803,-0.2546547952668877
0.5,0.6,0.3,0.5,0.2,0.3,0.6,0.1,1.0,-0.5752878574555564,1.6049461808863597,1.3839425810491979,0.8544973450660426,0.7711060883056061
0.0,0.4,1.0,0.5,0.7,0.8,0.1,0.1,0.4,1.6523780830605488,-0.5550342890655384,-0.8294823793663608,3.4865306945909595,3.302671884740628
0.3,0.9,0.1,1.0,0.7,0.6,0.9,0.5,0.5,-1.4889091786351236,2.362549442246081,2.168574504117723,0.6383824920277774,0.5531011838204081
0.5,0.1,0.2,0.7,0.2,0.1,1.0,0.5,0.2,-2.383976476872386,3.445868682720474,3.2354969224970413,-1.0366616312168568,-1.1990941806547897
0.2,0.4,0.7,0.9,0.8,0.6,0.2,0.9,0.8,-0.061683453761915946,1.124258455703261,1.0613320150866272,3.012045977110903,3.036356637307115
1.0,0.1,0.7,0.9,0.6,0.1,0.7,0.4,0.1,-4.039759438555741,5.045050785879604,5.031688015000333,2.3708327591099523,2.1915977224652705
0.8,0.3,0.0,0.8,0.2,0.0,0.1,0.6,0.7,-0.8234722483419412,1.7271819814376868,1.646172195453151,2.299560368734313,2.243946188072883
0.4,0.2,1.0,0.9,0.1,0.6,0.4,1.0,0.4,-0.986827357982514,2.0308145905728314,1.8031511845186885,-0.764114259361885,-0.9996040101944049
0.6,0.4,0.0,0.5,0.3,0.7,0.6,0.8,0.1,-0.08376773637379081,0.8920361536811358,0.7929612450055206,-0.30869365964505424,-0.2691546618797027
0.6,0.9,0.0,0.2,0.6,1.0,0.4,0.5,1.0,0.7732870307099367,0.10874336755245864,0.1712916576337155,0.9648870846432748,0.816311460693304
0.1,1.0,1.0,1.0,1.0,0.0,0.4,0.7,0.6,-1.6759825606822871,2.5475043045466466,2.468053667741717,4.641344950599453,4.565501855212141
0.6,0.1,0.0,0.6,0.9,0.0,0.4,0.0,0.0,-1.8277331392806975,2.8950633096195753,2.9395469773942153,0.945319632497969,0.6160773440667304
0.3,0.3,0.7,0.7,0.4,0.7,0.1,0.1,0.8,2.0858379170228476,-1.2911394886493641,-1.2856567610132141,3.337947963661635,3.13092168215986
0.7,0.3,0.7,0.6,1.0,0.0,0.3,0.2,0.0,-0.967049171213656,2.0051513235914467,1.8150565338141422,3.6081937229664947,3.682899555494161
0.1,0.5,0.6,0.7,0.1,0.9,0.8,0.6,0.0,-0.22150635546380013,0.8610709554353653,0.9701242658030764,2.393220953274856,2.063767901918914
1.0,0.0,0.4,0.9,0.8,0.4,0.3,0.6,0.6,-2.4205728800871764,3.260646465254957,3.293151399159323,1.8166030339488584,1.6146240827453737
0.7,0.7,0.6,0.6,0.6,0.4,0.5,0.0,0.5,-0.13155856575945876,1.269218309211741,1.1730063897568455,1.8868116209078873,1.760336060365171
0.4,0.7,0.8,0.3,0.2,0.0,0.4,0.5,0.2,0.2947256454260364,0.7162654187267777,0.5833398125656752,-0.8719336568677941,-0.99131399536426
0.2,0.3,0.5,0.3,0.1,0.2,1.0,0.1,0.9,-0.1193239842270787,1.0511140971765334,1.0663797661188783,2.940425579398002,2.486594388832765
0.6,1.0,0.5,0.5,0.9,0.0,0.4,0.1,0.2,-1.7368985948458824,2.6933725265818262,2.833822655336541,2.7400718196186453,2.533474055174225
1.0,0.2,0.5,0.7,0.1,0.7,0.0,0.5,0.0,-0.5844284688142684,1.3306705212834116,1.4772519376433675,-0.3324630251169751,-0.8200869562628508
0.4,0.1,0.2,0.0,0.3,0.0,0.5,1.0,0.0,-1.895268537496347,2.796252383438719,2.8058956774086092,-2.267794794372947,-2.664777383828496
0.6,0.9,0.0,0.1,0.2,0.0,0.6,0.7,0.7,-0.7779726384919969,1.7494280559286857,1.7114732365866334,1.9537743586216267,1.574952885544474
0.1,0.1,1.0,0.4,1.0,0.4,0.2,0.6,0.3,-0.3933135301428682,1.3893144851856112,1.25870369901989,2.3869243408704164,2.157343865558573
0.3,0.0,0.1,0.3,0.6,0.8,0.2,0.5,0.9,1.984256955878726,-0.7015942899205677,-0.7043640944710703,0.6058830423432991,0.5225193307309128
0.9,0.6,0.0,0.3,0.3,0.8,0.0,0.8,0.5,1.310995846927983,-0.3561583921222304,-0.547755353681471,0.9268584523130188,0.6543477081262732
0.5,0.7,0.9,0.3,1.0,0.9,0.1,0.2,0.4,2.758378635793982,-1.9480129800604673,-2.0301628041012396,3.665481321786834,3.5624622133410155
0.6,0.7,0.9,0.5,0.8,0.6,0.4,0.3,0.4,0.5656115248413155,0.23115069416440573,-0.018516764857250956,1.9542353478114451,1.5617348429960776
0.0,0.7,0.1,0.0,0.0,0.9,0.4,0.5,0.7,2.1812087911049263,-1.1497773443181598,-1.1929788990811712,-1.0609231779184487,-1.3155557549083312
0.4,0.8,0.1,0.4,0.9,0.6,0.2,0.5,0.7,1.4832157639683563,-0.30276324125936716,-0.48213222050910354,0.5998806210655085,0.608902084206818
0.8,0.9,1.0,0.1,0.3,0.8,0.4,0.4,0.7,1.5942292824098505,-0.6956642106625983,-0.6631376010259666,0.20971780277915997,-0.006733405183829838
0.5,0.7,0.9,0.6,0.1,0.4,0.3,0.3,1.0,0.7472609308525077,0.2851411795726459,-0.023472303189441268,-0.37856278323341697,-0.4059746689751922
1.0,0.0,0.1,0.8,0.6,0.4,0.8,0.2,0.9,-2.3458190732906457,3.2500896953447365,3.2640195858770698,3.118683390204382,2.7456622213079633
0.8,0.8,0.2,0.6,0.7,0.0,0.8,0.8,0.4,-2.3782001318169512,3.3058903148248695,3.2320555202716306,3.1368810724089946,3.2646033664444225
0.7,0.9,0.1,0.9,0.6,0.7,0.4,0.1,0.6,0.061246016825893625,0.9156375580726451,0.829708064885098,2.5453577886862058,2.3908016932033065
0.6,0.9,1.0,0.2,0.7,1.0,0.2,0.4,0.0,1.6612500077101588,-0.6630539482298992,-0.6212558934218859,1.0603190400971891,0.8527962059047951
0.8,0.2,0.4,0.2,0.2,1.0,0.1,0.1,0.0,0.6618749031561605,0.42326797641128594,0.48364434144951907,2.285880015866185,2.0780169675507807
0.7,0.8,0.9,0.5,0.3,0.8,0.7,0.3,0.8,1.198223788475471,-0.23966882866568154,-0.12186244726810841,2.5477425796238204,2.336246702778469
0.5,0.6,1.0,0.4,0.6,0.7,0.8,0.9,0.3,-0.05001940452612114,1.0369745286520433,1.102344709387666,0.940052059921835,0.7525637428912777
0.9,0.4,0.1,0.0,1.0,0.7,0.8,0.3,0.8,-0.30546536725576706,1.105473327041501,1.1659840141746518,1.9044583711872074,1.7316076301653018
0.6,0.6,0.7,0.8,0.8,0.6,0.5,0.4,0.1,-0.34620197514521606,1.428896954102448,1.0003861622202734,0.9786014741928295,0.8295494898492063
0.4,0.7,0.5,0.9,1.0,0.6,1.0,0.0,0.5,-0.6588802418668149,1.6395716893644345,1.5292589715358684,1.7731404537719875,1.5179581158824773
1.0,0.0,0.8,0.0,0.7,0.1,0.3,0.4,0.1,-1.8477117336297435,2.7491944878379275,2.8364730554109405,1.2918971688468446,1.0609716691633837
0.0,0.0,0.6,0.6,0.5,0.5,0.9,0.4,0.0,-1.8307860135629264,2.5965346701791345,2.663114669021535,0.17093823652427217,-0.19041196554338313
1.0,0.1,0.4,0.1,0.0,0.0,0.4,0.3,0.4,-2.8438329907154114,3.8232523740041233,3.8814526749618263,-0.6267715902246422,-0.7503957825916301
0.7,0.6,0.7,0.6,0.0,0.2,0.6,0.7,0.1,-1.2060596276137767,2.0336676513744942,1.9652442091349962,2.8334641175609585,2.684520357068001
1.0,0.2,0.1,0.4,0.6,0.3,0.3,0.4,1.0,-1.407245450372071,2.476362414477069,2.358122014894047,-0.6371656140529756,-0.8892215194817341
0.3,0.0,1.0,0.7,0.5,0.8,0.1,0.7,0.6,1.910635113624412,-0.703771017440241,-0.8281580712697405,4.062319514882256,3.8639874694248535
0.9,1.0,0.7,0.4,0.1,0.4,0.2,1.0,0.0,-1.301130503325699,2.1487861531229537,2.1509902500050724,-0.9256692529400687,-1.3305246644706936
0.8,0.3,0.2,0.6,0.9,0.8,0.0,0.0,0.0,0.8944978899747418,-0.013159205140315516,-0.016253331587341796,1.8618526486406468,1.4909392860310715
0.7,0.7,1.0,0.4,0.3,1.0,0.2,1.0,0.1,0.9799857724979383,0.05892501008272369,-0.12369033735874098,0.5623446147140738,0.6010386173901088
0.5,0.8,0.7,0.6,0.4,0.5,0.4,0.4,0.8,0.6941784928120267,0.3511022437104764,0.14647724544285207,-0.12284354763648328,-0.3535950317749673
0.9,1.0,0.4,0.7,0.4,0.1,0.3,0.5,0.9,-1.3614771854985992,2.3903581949093584,2.4936203544546425,1.6183848330515729,1.4530021405929945
0.1,1.0,1.0,0.9,0.4,0.1,0.1,0.1,0.5,-0.3412337716774425,1.3274965059440413,1.1008707710292662,4.370648816891238,4.18241313310492
0.7,0.2,0.2,0.1,1.0,0.7,0.2,0.9,0.6,0.5337868961469233,0.4882216218039471,0.4250388033126028,0.50942954899604,0.6231451457830544
0.1,0.3,0.5,0.7,0.5,0.7,0.7,0.2,0.6,0.8727298884416267,-0.10566770765084355,-0.21943536189991403,3.729887167112023,3.300138963158824
0.0,0.2,1.0,0.7,0.1,1.0,0.6,0.9,0.5,0.14850032679906608,1.0562657071053825,0.8726708937446056,1.9277028979577087,1.6560361385336033
0.6,0.0,0.0,0.4,0.9,0.8,1.0,0.1,0.5,0.03129848123065944,0.9002083648458132,0.9778135750290602,2.4333081193183723,1.9824555157251755
0.9,0.8,0.3,0.1,0.1,1.0,0.6,0.9,0.0,-0.5551813545530919,1.4262169153675368,1.3882928173562403,-0.2529562702889733,-0.22919326757493796
0.5,0.9,0.5,0.5,0.9,0.6,0.8,0.1,0.8,-0.6806627740108839,1.6124704514637112,1.6077230763874732,4.2650221600764775,4.229925628662004
0.9,0.2,0.4,0.2,0.8,0.0,0.3,0.9,0.8,-1.784872576465467,2.962659673318205,2.7673402879699953,1.8179055357132026,1.7408418732414248
0.7,0.3,0.1,0.6,0.3,0.3,0.1,0.9,0.8,0.48653156569880457,0.4993368315904316,0.3002005719603922,-0.35645407497492165,-0.6414198900857563
0.8,0.3,0.8,0.2,0.6,0.6,0.3,1.0,0.6,0.2818936145746244,0.5452755069465766,0.6677652631640667,2.231723420920246,2.2050754077252934
0.5,0.8,0.5,1.0,0.2,0.9,0.3,1.0,0.6,0.5155334180252695,0.691556900833433,0.5822346157814822,-0.9725172453886758,-1.1033454346782388
0.0,1.0,0.1,0.3,0.8,0.2,0.8,0.7,0.8,-0.22867311829378476,1.1433642873334422,1.0638163151354745,3.5792803327232967,3.427270771167619
0.7,0.5,0.5,0.1,0.7,1.0,0.7,0.0,0.1,-0.703226981376798,1.7833901671139403,1.506911871807606,2.85755773559303,2.708556833285871
0.2,0.8,0.1,0.0,0.1,0.0,0.1,1.0,1.0,-0.5276557595369107,1.368618256902016,1.3706729038611227,-0.2426184068855371,-0.34365562432223895
0.2,0.4,0.5,0.6,0.3,1.0,0.5,0.8,0.5,0.37908500991508537,0.6656726244629659,0.5386556704618186,2.595153834227936,2.400596927089502
0.7,0.8,0.8,0.8,0.3,0.2,0.3,0.0,0.5,0.5403971464912253,0.3910715595374838,0.26818771797848584,1.4809100475577972,1.4618711626779455
0.3,0.7,0.2,0.4,0.7,0.9,0.6,0.1,0.9,1.4806602249080205,-0.571809281825175,-0.7192267073140064,4.264581798826366,4.006481226618227
0.7,0.1,1.0,0.1,1.0,0.5,0.4,0.4,0.5,-0.5080998141616095,1.4984182981599705,1.6274020845483688,1.3253578625836988,1.2942104971018722
0.0,0.7,0.0,0.1,0.6,0.0,0.9,0.5,0.4,-1.028607300929362,2.149779382453236,1.7036235394269212,-0.3973751956637621,-0.470379830798267
1.0,0.3,0.3,0.8,0.0,0.1,0.1,0.2,0.5,-1.3164247016579513,2.0115496071638628,2.1502620346464933,2.3915523100160017,2.2839963906303122
0.4,0.9,1.0,0.8,0.7,0.2,0.7,1.0,0.5,-0.3863663849036676,1.513664912986273,1.306176588757193,2.1826260731917357,1.6564143110024845
0.5,0.0,0.8,0.3,0.4,0.3,0.2,1.0,0.3,0.34716106138133423,0.7937286619361869,0.7164210026893727,-1.6742167034600592,-1.8074476805547044
0.1,0.4,0.0,0.2,0.2,0.1,0.5,0.3,0.7,0.7382283782593667,0.35676420244398177,0.26127249117405416,1.0280652499843883,0.8692725235563125
0.7,1.0,1.0,0.3,0.5,1.0,0.5,0.2,0.8,1.2745197933954315,-0.07007426304112596,-0.222661467847106,5.224259574579415,4.796573167466844
0.7,1.0,0.0,0.1,0.1,0.3,0.0,0.8,0.6,0.7541827003224779,0.21551866401246522,0.15820742989055017,0.16493496064286095,-0.2733429972722422
0.2,0.7,0.2,0.8,0.5,0.8,0.0,0.9,0.3,1.7822091485980338,-0.7801280892089733,-0.8692709197238718,-0.12715292271535744,-0.32186549518514795
0.7,0.1,0.5,0.7,0.8,0.1,0.3,0.6,0.2,-1.7657485774379955,2.9783107739165935,2.8593690680299115,3.5487555841327616,3.237467654467319
0.4,0.9,0.9,0.8,0.5,1.0,0.7,0.3,0.7,0.529372512876837,0.29664571647551674,0.16147135966636691,3.414251013795239,3.0638757650361583
0.9,0.3,0.0,0.6,0.4,0.1,0.4,0.7,0.9,-1.3666175257659254,2.397093179896404,2.29396108692997,3.211449359388335,2.949420302158803
0.1,0.7,0.4,0.7,0.7,0.5,1.0,0.3,0.0,-0.1080432567860233,1.230516337438566,1.0062035956787632,0.8419701668705364,0.6351515838404765
0.5,0.6,0.8,0.0,0.3,0.2,1.0,0.8,0.3,-0.8580279784498301,1.8556376773911132,1.9777877104202313,0.01641444742829546,-0.29509555555559586
0.0,0.4,0.1,0.4,0.3,1.0,0.7,0.0,0.7,0.39862100074080087,0.40278849484511964,0.41676911493293634,1.6824579217151914,1.3535314150770286
0.6,0.3,0.5,0.5,0.4,0.2,0.6,0.2,0.5,-0.14929953905959994,1.5731784205878196,1.1016878706705815,2.446825133840185,2.336795783824133
0.1,0.1,0.5,0.2,0.0,0.3,0.9,0.3,0.3,-0.8712264460181641,1.8238354279116344,1.7369465654625103,-1.1126420301510591,-1.1794016462390884
0.0,0.5,0.5,0.4,0.5,0.2,0.5,0.6,0.2,-1.0363381427529306,2.3228620125697006,2.0463470899461105,1.3605702129412827,1.2147044593694836
0.0,0.3,0.6,0.8,0.5,0.6,0.0,0.0,0.4,0.3950938089924662,0.5461233172233735,0.48112590796620175,2.211267229838581,2.007146193833008
0.8,0.7,0.5,0.9,0.4,1.0,0.9,0.2,0.2,-1.2580878256949077,2.0347299480338674,2.13587483147728,3.030056076181031,2.7470582071109924
1.0,0.8,0.3,0.7,1.0,0.5,0.0,0.8,0.2,-0.9377824551897569,1.7313870667109117,1.8596129950962905,2.0763019162967615,1.665021169764017
0.1,0.3,0.2,0.5,0.3,0.1,0.8,0.2,0.9,-1.069910277316167,1.975538990642534,1.9884712692197208,3.5301496645768737,3.3960858058578
0.7,0.8,0.1,0.2,0.0,0.7,0.3,0.6,0.5,1.7248808926415977,-0.836954763646806,-0.8612578285306848,-0.06400333053345549,-0.20512863773630502
0.6,0.5,0.0,0.6,0.6,0.9,1.0,0.5,0.2,-0.6835204113851404,1.5148286673823215,1.4827134811057758,-0.04320383193693753,-0.2299488309502421
0.1,0.5,0.8,0.8,0.2,0.8,0.1,0.0,0.5,1.4176579501842312,-0.48083897286131067,-0.7141418642607724,1.4384938479211795,1.3364529653937474
0.5,0.2,0.3,1.0,0.6,0.4,0.7,0.2,1.0,-2.246371442463415,3.047537249843864,2.9993159411005226,1.8532196149377878,1.7713383230715147
0.3,0.3,0.8,0.9,0.7,0.4,0.6,0.7,0.8,-0.435580879606932,1.3536656099409634,1.208116766800772,4.1608707069261515,3.842089943262588
0.8,0.6,0.4,1.0,0.3,0.5,0.0,0.3,0.9,-1.5356034632998223,2.54007433292176,2.3715400029728433,1.448889423352651,1.2931126807022415
0.8,0.9,0.6,0.8,0.4,0.9,0.1,0.1,1.0,0.4193985236904574,0.5748768689518294,0.44321555125226014,4.865065057396776,4.669494190711325
0.2,0.9,0.2,0.8,0.6,1.0,0.1,0.4,0.9,0.8493182475193272,0.06002317989160628,0.12678353104021456,1.944114994415208,1.9688558253385962
0.8,0.0,0.6,0.8,0.3,0.3,0.2,0.3,0.4,-0.8027845511075338,1.4667146547391072,1.4081152034498976,0.4151344820362931,0.37222047141173437
0.1,0.6,0.6,0.5,0.9,0.5,0.7,1.0,1.0,-1.7805602778770446,2.709889411692919,2.5623936045564095,3.3137561867717036,3.0415977501959484
0.5,0.7,0.9,0.9,0.2,0.6,0.0,0.4,0.7,1.1255981450493224,-0.12645211914243315,-0.3352685147429474,0.4477410424355496,0.3196481197889687
0.2,0.4,0.0,0.8,0.1,0.7,0.3,1.0,0.1,0.711777592017969,0.5970173989902265,0.35320114319715507,-2.2545512098357894,-2.4496385048393976
0.2,0.6,0.4,0.4,0.8,0.8,0.6,1.0,0.4,0.6362752234403626,0.3361524333177459,0.4494399934400593,0.8709780316900079,0.7510702601708581
0.4,0.6,0.6,0.8,0.8,0.2,0.6,0.6,0.1,-0.430261107477956,1.624512099693265,1.4916147049851312,2.673622708045255,2.591101054059495
0.0,0.2,0.4,0.0,0.7,0.1,0.9,0.4,0.8,-1.7082472492356242,2.3623492653158746,2.499561766597392,1.1641811968033355,1.0709372487639168
0.4,0.8,0.3,0.1,0.9,0.8,0.0,0.6,0.9,2.3184288412899665,-1.3599860361257807,-1.3650119885901417,1.7667096387451402,1.5466192573214566
0.8,0.2,1.0,0.2,0.0,0.1,0.1,1.0,0.5,-0.5589222261874518,1.6573771611569184,1.5146990813415373,2.0664369374332208,1.9900083212917081
0.6,1.0,0.5,0.3,0.6,0.1,0.1,0.5,0.9,-0.1777540807633766,1.0388321157783962,1.1245782091035104,2.647017265277006,2.4449273719916187
0.4,1.0,0.7,0.5,1.0,0.9,0.1,0.5,0.1,1.062847088300694,-0.28438134077700133,-0.1747691909476067,1.8141116454789088,1.234109858365588
0.4,0.0,0.3,0.8,0.3,1.0,0.4,0.1,0.1,0.37976610224231067,1.0099719900893473,0.8008006302821853,1.069531026664082,0.7760869373413065
0.2,0.6,0.9,0.6,0.2,0.3,0.5,0.1,0.3,0.5570709995963993,0.6715564908911773,0.7500967209039121,1.6208199348021521,1.5971271347107732
0.9,0.0,0.8,0.8,0.9,0.3,0.5,0.0,0.0,-1.487329730093239,2.441259063909794,2.3343938179826713,2.2374461457195625,1.9976536157345357
0.9,0.6,0.5,0.3,0.0,0.1,0.7,1.0,0.3,-2.407283243375884,3.4437390560005317,3.254127943507826,0.998961000470548,0.808680469086213
0.4,0.7,0.0,0.4,0.3,0.3,0.8,0.3,0.1,0.7894166143549439,0.2122802633803724,0.23588766036305175,-2.315633849217164,-2.491700219976917
1.0,0.1,0.0,0.5,0.4,1.0,0.0,0.4,0.4,-0.9456185364900599,2.0756672358152564,1.8724375941182776,0.19756775632381052,-0.17344399741624214
0.8,0.8,0.4,0.5,0.6,0.3,1.0,0.0,0.3,-1.762084775608003,2.6192864939310336,2.565398323135347,0.6132262607530986,0.46705256679701235
0.7,1.0,0.2,0.6,1.0,0.2,0.2,0.2,0.0,-0.14339640976139023,1.2597535411676841,1.1831938701196094,2.448428201957052,2.3715966854127624
0.0,1.0,0.0,0.3,0.2,0.7,0.6,0.3,0.5,1.4329288163193614,-0.38221422040562025,-0.36946236005980637,-0.4773733955819299,-0.7567805864708287
0.4,1.0,0.1,0.8,0.3,0.4,0.7,0.7,0.6,-0.24796383840765046,1.0035571309272442,0.9010858862255262,0.8450342120111132,0.522435129347875
0.6,0.0,0.7,0.3,0.0,0.5,0.8,0.6,0.3,-1.1034726410183868,2.203615408234241,2.001085640630278,1.8145683153524566,1.697667030092052
0.3,0.5,0.5,0.9,0.2,0.6,0.2,0.7,0.0,-0.7495907328622614,1.632248940850793,1.4232019064906785,1.0838486412553643,0.9273305181876368
0.9,0.9,0.6,0.6,0.4,0.9,0.2,0.6,1.0,-0.28563000013451173,1.1685159752941423,1.0465922931036569,3.8245262571233405,3.4050509834759657
0.7,0.5,0.5,0.0,1.0,0.5,1.0,1.0,0.6,-2.1207815538210846,2.9041214256146954,2.7616564642136967,0.9816171158257377,0.6191583852487523
0.3,0.8,0.8,0.5,0.6,1.0,0.3,0.0,0.1,0.9749306640273341,-0.08253985939759916,-0.3543029082450937,2.172178311086606,2.211543563944691
0.5,0.9,0.7,0.4,0.7,0.0,0.0,1.0,0.2,-1.0949780178573854,2.0255589320296803,1.9835317301745876,1.1313869406188273,1.0429327579240304
0.0,0.9,0.1,0.7,0.9,0.8,0.6,0.1,0.6,1.200902536124267,-0.14780907515486238,-0.2313700917444724,3.31679809970658,3.010162572163264
0.1,0.9,0.0,0.8,0.5,1.0,0.3,0.3,0.9,1.0259147973065856,0.09932506445624824,0.15055362285018534,1.600725335082579,1.5540765135145787
0.9,0.2,0.2,0.6,0.0,0.6,1.0,0.0,0.8,-2.310022869886018,3.0343833331033507,2.970486338063375,1.6837567269310074,1.1491438613247893
0.5,0.9,0.9,1.0,0.0,0.0,1.0,0.3,0.4,-2.6092467768939116,3.686727867552673,3.7197642679675953,0.1583638370914504,-0.012126854117850402
0.0,0.6,0.7,0.1,0.0,0.7,0.1,0.6,0.7,1.5386794127743655,-0.6675438185144267,-0.6637034653230813,1.7200516685297136,1.4849525325705777
0.8,0.5,0.5,0.0,0.9,0.2,0.4,0.8,0.4,-1.2801970357311876,2.2616176288965306,2.086438894753863,2.2354170800518114,1.9955928428507335
0.9,0.0,0.4,0.4,0.4,0.8,0.9,0.4,0.7,-0.8752957217592854,1.8154078424915194,1.6647040180689383,0.3333997083900579,0.09732642590403243
0.9,0.1,1.0,0.3,1.0,0.1,0.2,0.5,0.7,-0.8677882617723891,2.244776380290176,2.056316205334141,3.994957938710769,3.885342011993381
0.8,0.2,0.6,0.0,0.2,0.0,0.2,0.3,1.0,-1.7895266073413987,2.54820255502084,2.758880091464642,1.9508545100849064,1.565939818339936
0.4,0.3,0.0,1.0,1.0,0.7,0.7,1.0,0.3,-0.8208895156877625,1.7296426704211267,1.7392310085333826,-0.39448639225047966,-0.6857319093342619
0.0,0.9,0.1,0.5,0.0,0.1,0.0,0.4,0.9,-0.5672430956655807,1.508393478351414,1.3275986156893342,0.36364780812212766,0.2054661109981018
0.2,0.2,0.3,0.3,0.0,1.0,0.9,0.0,0.7,0.2792369900381912,0.8114974390372367,0.40690959320104236,1.7297581155393922,1.388132423508013
0.9,1.0,0.3,0.8,0.0,0.8,0.4,0.0,1.0,-0.054650844801547915,1.3698382678240248,0.9483880323501666,0.7859798030322338,0.39126217138281427
0.2,0.4,0.5,0.0,0.3,0.0,0.3,0.1,0.4,-0.2605626768194327,1.3261282092364897,1.1288920955073893,1.248965918350182,0.9882279489085712
0.0,0.4,0.8,0.3,0.7,0.1,0.8,0.0,0.4,-0.6380047151295889,1.894627425388134,1.6471802082798939,3.548823159382233,3.294559728817612
0.8,0.6,0.5,0.0,0.2,0.9,0.9,0.2,0.9,-0.31790643543548375,1.110825492059944,1.1498172938585918,3.0509586888053786,2.753539839256433
0.6,0.7,0.6,0.5,1.0,0.2,0.0,0.8,1.0,0.2316665585787614,0.9877522086014832,0.9851784080106664,4.149159251073116,3.9573639436302854
0.3,0.0,0.7,0.0,0.4,0.6,0.1,0.2,0.2,0.6470208420957287,0.6557459689159975,0.03964727096591336,2.256786096140548,1.8511115824795983
0.2,0.6,0.6,0.6,0.0,0.1,0.1,1.0,0.3,-0.8849420159046612,1.6904676405683814,1.7205167085967341,0.8701498629127523,0.9518638700401043
0.5,0.6,0.7,0.7,0.6,0.5,0.0,0.1,0.1,0.553967161074579,0.5096498029972216,0.5526346089618839,2.9935176213521273,2.648781636805324
0.7,0.9,0.5,0.8,0.9,0.9,1.0,1.0,0.4,-1.173178358510583,1.9355699605514733,2.3056852392147538,1.5192276487304648,1.5604930579077123
0.0,0.9,0.9,0.4,0.0,0.7,0.7,0.3,0.5,0.6532732782290929,0.49448926032528095,0.2542939626302172,1.0672231892757134,1.1632981208253506
0.0,0.7,0.6,0.8,0.0,0.8,1.0,0.1,0.0,0.7035037546715502,0.23509147718111437,0.3404754432053736,1.0095347764412803,0.8207012365648633
0.9,0.5,0.8,0.2,0.2,0.4,0.3,0.7,0.4,-0.5518534319777796,1.7365210302640635,1.4998673911785487,0.9996105298787925,0.7740502954007784
0.1,0.7,0.4,0.6,0.9,0.7,0.5,0.5,0.9,1.1718137307028877,0.16179999690107713,-0.12059954066123542,1.7936374770580539,1.7127289812060777
0.9,1.0,0.5,0.3,0.6,0.7,0.3,0.0,0.7,0.4315168594149523,0.3345990801381937,0.3706123996412796,2.2790199841960654,2.143721148219794
0.4,1.0,0.8,0.1,0.0,0.8,1.0,0.8,0.5,0.6828116050302201,0.14029109890940805,-0.050369470680364015,0.5201420193211047,0.06373978395826782
0.2,0.0,0.3,0.5,0.0,0.2,0.8,0.2,0.8,-0.9134391654792644,2.112276618482153,1.8182640086383695,3.0600169244573325,2.864732485902316
0.3,0.1,0.3,0.9,0.7,0.3,1.0,0.6,0.3,-2.3415773286783628,3.293626559261145,3.295812343445063,0.3756579575643665,0.1827964036529857
0.6,0.9,0.0,0.7,0.5,0.2,0.7,0.5,0.9,-0.3744509795001063,1.4428222475314745,1.3474347657618007,1.119078934057179,0.9692899241560604
1.0,0.5,0.7,0.9,0.4,0.2,0.8,0.0,0.4,-3.102725804561992,3.99827045449508,4.016745955235771,1.8440915355917638,1.6809264172907696
1.0,0.4,0.1,0.7,0.7,0.1,0.2,0.5,0.4,-1.4635837780736944,2.3688544612846747,2.2621510612047335,1.0945846573061293,1.0819093566214404
0.7,0.7,0.0,0.7,0.4,1.0,0.5,0.5,1.0,0.6317200676076132,0.5075545942123132,0.33334312971099833,1.3811426690356903,1.3112177771230071
0.2,0.9,0.6,0.3,0.4,0.3,0.9,1.0,0.7,0.004466978515707931,1.155454958749857,1.0972638511488226,-0.1082911788686797,-0.02419296314301672
0.9,0.5,0.6,0.4,0.8,0.5,0.7,0.2,1.0,-2.3354779894787847,3.259951231081725,3.0428487621142737,5.586063361078338,5.3627438141914565
0.7,1.0,0.6,0.6,0.1,0.0,0.3,0.2,0.3,-1.4519143041162559,2.54108765585094,2.4012760606790757,2.1409235356129908,2.0806565144014155
0.6,0.8,0.0,0.4,0.1,0.5,0.3,0.1,1.0,0.3670353418684138,0.5289305133157091,0.4121756971220253,1.1198960507387905,0.8923907488775377
0.8,0.2,0.0,0.6,0.0,0.0,0.1,0.1,0.2,-1.6527616588566203,2.656217811799646,2.451721884611551,2.073806560688883,1.8413038480329602
0.1,0.4,1.0,0.5,0.4,0.2,0.4,0.3,0.1,0.26002443279153187,0.8199533736867453,0.7277640023875585,0.6505182289224298,0.6865618468906525
0.6,0.4,0.0,1.0,0.1,0.7,0.3,0.8,0.4,-0.31382850502927684,1.376654788870381,1.2397437608609174,-1.2211378056467508,-1.0509710362987967
0.3,0.9,0.8,0.3,0.2,0.6,0.8,0.5,0.0,0.3872900252325614,0.8128053642625952,0.7544190423113034,0.4902143706693899,0.18068380481578863
1.0,0.0,0.4,0.2,0.1,0.6,0.2,0.4,0.1,-0.9070255596138426,2.0474191420094945,1.855113005852395,-1.4797724705260713,-1.6346718620050686
0.7,0.0,0.1,0.7,0.6,0.9,0.9,0.0,0.2,-0.7649199509658212,1.8075974531759447,1.6714515592183172,2.13147391479613,1.7160620893532634
0.0,0.1,0.5,1.0,0.4,0.7,0.3,0.3,0.1,-1.0514912856507745,1.6570465268564214,1.843473338463521,-0.9571806454624178,-1.2653458983645178
0.8,0.4,0.1,0.1,0.4,0.3,0.3,0.9,0.0,-0.15782087766186426,1.2840251369977884,1.0160467150433814,-2.724245686282214,-2.6973713780239494
0.1,0.3,0.1,0.0,0.0,0.5,0.1,0.8,0.7,0.9155647987548988,0.2647915166638454,0.04301023455399115,0.7930725747451675,0.4556767846458202
0.2,0.6,0.6,0.6,0.6,0.0,0.6,0.0,0.6,-1.1094198086895086,2.0026832121796736,2.2217821302347978,3.915075593956218,3.742582422605907
0.0,0.2,0.0,0.4,0.3,0.0,0.0,1.0,0.9,-1.2153400705690511,1.9991745713823608,2.001875565043469,0.05396205156090463,0.14724870844648066
0.4,0.8,0.4,0.6,0.7,0.5,0.0,0.0,0.3,0.6324718893281077,0.5099260522572568,0.28666224534899154,1.0635266967575776,0.8680923310552948
0.8,0.4,0.1,0.5,0.4,0.8,1.0,1.0,0.8,-0.9010142631916663,1.7717014494242662,1.8105185605635175,0.11763543791971719,-0.11959849246196996
0.9,0.7,1.0,0.6,1.0,0.4,0.3,0.5,0.3,-0.4658461901290558,1.3935112446809244,1.2140599340195795,1.0068320675059665,0.7896530905479765
0.5,0.6,0.5,0.7,0.7,0.4,0.1,0.5,0.3,0.22266965942138373,0.8683893652206423,0.773335918095025,-0.5934387018952523,-0.6356863164796867
0.7,0.3,0.2,0.6,1.0,0.9,0.7,0.2,0.0,0.23314790533675406,0.6227764374302527,0.506212832945107,3.8031838245771636,3.3784625271610698
0.8,0.0,0.6,0.9,0.4,0.3,0.9,0.9,0.7,-2.5751872937044835,3.4283919802667646,3.2404050448814425,1.1206714261714665,1.059683826304511
0.9,0.1,0.3,0.1,0.9,0.1,0.0,0.6,0.1,-2.066245495990515,3.0016370714323233,3.0813577692729197,3.0596985830842387,3.0036312909615375
0.4,0.6,0.7,0.5,0.0,1.0,0.9,0.9,1.0,-0.7903565794195072,1.9521282408714442,1.8422380895151467,1.4302195486129172,1.2259978323995355
0.6,1.0,0.6,0.8,0.0,0.1,1.0,0.5,0.3,-2.018006790337733,3.13493223819064,2.91076402959912,0.5654328388954686,0.0826862507856774
0.7,0.9,0.2,0.7,0.3,0.4,1.0,0.7,0.5,-1.0640386842212948,2.3096556472130585,2.2040084175045043,0.6152086058303988,0.5863894666296718
1.0,0.1,0.3,0.6,0.7,0.5,0.3,0.0,0.2,-2.68517822467964,3.36964118456921,3.5487670954387003,0.8041560516870184,0.7070152142521587
0.8,1.0,0.7,0.6,0.6,0.4,0.3,0.1,0.3,-0.9166971109500073,1.8996037841489866,1.7574889143627024,2.896515051741988,2.503673772430542
0.0,0.8,0.1,0.1,0.1,0.9,0.4,0.0,0.9,1.8783115330718752,-0.9582140846913053,-1.1578409624328634,0.004447782462412106,-0.320415401103425
0.4,0.6,0.8,0.8,0.5,0.5,0.6,0.6,0.7,-0.34489280849132126,1.2554712242385346,1.1515049164584599,3.126750217302071,2.9038698123584856
0.8,1.0,0.9,0.0,0.4,0.7,0.2,0.5,1.0,0.6612831220262746,0.4743370568840394,0.35239656347824033,1.2964555491938388,1.0636941178852188
0.7,0.2,0.5,0.7,0.1,0.3,0.7,0.1,0.1,-1.0833878423750436,2.097156025154854,2.2236884128922094,1.2753531265344935,1.1624629999825562
0.9,0.1,0.2,0.3,0.4,0.5,0.5,0.3,0.6,-1.4556434982793032,2.35313322607882,2.179370904317766,0.9250397306852665,0.6934369421410307
0.2,1.0,0.5,0.6,0.3,0.6,1.0,0.2,0.0,-0.43578967374563815,1.6069102535554454,1.5489551413399825,1.673733877818219,1.7120129816383223
0.9,1.0,0.2,0.9,0.3,0.5,0.6,0.7,0.2,-2.279326868335416,3.5344111181864055,3.509726796584418,1.8080349542378593,1.5547090458656183
0.4,0.9,1.0,1.0,0.4,0.2,0.2,1.0,0.4,-0.6238069308804692,1.7246199514529639,1.7386114094481266,-0.5683402039050396,-0.41736626803384286
0.7,0.7,0.7,1.0,0.2,0.5,0.3,0.4,0.3,-0.8857685852209001,1.899950400870737,1.9068716454261665,-0.6862285003619263,-0.8737195668889979
0.4,0.8,0.4,0.4,0.9,0.3,0.3,0.0,0.6,1.1023815468270528,-0.09440784034657519,-0.3278171073513175,-0.05501058711725908,-0.2999021994471578
0.5,0.0,0.0,0.4,0.8,0.0,0.6,0.2,0.0,-1.3205195450561693,2.2864855574946614,2.2912619710008975,2.324322922878649,2.176172588353521
0.5,0.0,0.6,0.4,0.8,0.2,0.4,0.7,0.2,-0.6607944079680235,1.7480156625305552,1.5410613867923195,2.7842152211150126,2.403321448306616
0.5,0.9,0.2,0.4,0.1,0.2,0.4,0.5,1.0,-0.46016368620394454,1.392328405916457,1.3491689940800136,-1.031573230349036,-1.3228497806603392
0.6,0.0,0.1,0.8,0.0,0.5,1.0,0.2,0.1,-1.8207364998517082,2.68417680230358,2.5869815164526773,0.5229222571000043,-0.03626920060943847
0.6,0.8,0.1,0.3,0.9,0.7,0.2,0.2,0.4,2.0464737327812674,-0.9884127030169046,-1.1148826045773252,1.4515201203371877,1.3269261599625093
0.5,0.8,0.2,0.0,0.8,0.3,0.1,0.9,0.1,1.063179715596738,0.2285175100096476,0.015156692655632457,-2.142074016890772,-2.359848392754763
0.2,0.6,0.8,1.0,0.1,0.5,0.9,0.0,0.2,-1.9981029618134962,3.0030615116392148,2.88287057526588,0.8597004182134729,0.64487010796075
1.0,1.0,0.6,0.6,0.0,1.0,0.2,0.3,0.1,-0.6834647326789323,1.4952599524838885,1.5765424973057547,1.0835726011313906,0.8535276543730801
0.4,0.6,1.0,0.3,1.0,0.7,0.7,0.3,0.4,1.4142893294568775,-0.20353908732018805,-0.382563680389662,1.9063373106998582,1.868007159786751
0.8,0.0,0.8,0.0,0.7,0.4,0.7,0.5,0.1,-1.657237662060497,2.3144468994187575,2.3496416590747065,1.4420830725479648,1.279714911423702
1.0,0.2,1.0,0.9,0.1,0.9,0.2,0.1,0.9,-0.5267559111497969,1.5588941019082168,1.579655249288309,3.954798055019366,3.6140589853092013
0.7,0.6,0.8,0.0,0.4,0.7,0.5,0.3,0.0,0.7915503290800882,0.29119447772362106,-0.08171884057698892,0.07407757654515244,-0.07928081185622018
0.9,0.2,0.1,0.5,0.1,0.6,0.5,0.2,0.2,-1.5073682397455643,2.682337931955434,2.5777199042815027,1.4815667015651115,1.1987884032843763
0.1,1.0,0.1,0.6,0.0,0.3,0.8,0.9,0.2,-0.9493448735066405,1.9147473457531508,1.799576332877649,-1.7710938399494742,-1.7905540674476133
0.7,0.8,0.3,0.5,0.6,0.5,0.8,0.0,1.0,-1.2487182948305868,2.377955379687532,2.4586006014222117,2.8113866591727286,2.739483415817695
0.4,0.6,0.7,0.6,0.5,0.9,0.2,0.8,0.8,1.2003764429388326,-0.4592900338527102,-0.5302633025346587,2.9278206011040555,2.703177718787832
0.1,0.4,0.2,0.7,0.0,0.8,1.0,0.1,0.4,0.6398881312921652,0.4837664213756232,0.41526736798156255,0.9285108095671339,0.44576064559567835
0.4,0.3,0.2,0.2,0.3,0.6,0.2,1.0,0.5,1.163254144129805,-0.17777358066904472,-0.3418926945539071,-1.8673106283443912,-2.0873120303769364
0.1,0.1,0.7,0.5,0.2,0.8,0.5,0.3,0.3,0.21223957679509156,1.0539576541370117,0.6520904486951854,0.742230182325111,0.5630188861517886
0.3,0.3,0.2,0.6,1.0,0.5,0.9,0.3,0.9,-0.6100129117249474,1.7251823833075701,1.6974192844854776,1.8383177747401405,1.674215500338399
0.2,0.0,0.2,0.1,0.5,0.4,0.7,0.4,0.7,-0.3883703850597644,1.254995969792731,1.088167985653064,-0.19943110997898011,-0.31309895336239313
0.2,1.0,0.3,0.8,0.6,0.6,0.2,1.0,0.7,0.22492496265437656,0.963035622467874,0.5793811810655538,1.226138846929719,1.1107346539354441
0.3,0.1,0.8,0.7,0.3,0.8,0.4,0.7,0.4,1.0683732038025326,0.04601147256953246,0.06328879495163682,1.9790945799861208,1.6222042550300109
0.6,0.8,0.9,0.9,1.0,0.7,0.2,1.0,0.4,0.4507201876905489,0.5651895094513337,0.44058720337819,0.8027781795563912,0.5870665030061042
0.7,0.8,0.6,0.6,0.6,0.5,0.5,0.5,0.6,-0.278670662145885,1.397090097751785,1.3165956868013542,2.594731507445501,2.3560639125332425
0.2,0.7,0.1,1.0,0.3,0.2,0.7,1.0,0.1,-1.1108038674857066,2.179614741780299,2.01571706623793,-0.8686938981687866,-0.895265368668102
0.2,0.8,0.1,0.1,0.7,0.0,0.8,1.0,0.5,-0.9081978546129653,1.9519649653525184,1.7907590105184765,0.965043008279305,0.8646192444758151
0.2,0.8,0.1,0.4,1.0,1.0,0.1,0.9,0.0,1.310164361720233,-0.49825281869626725,-0.39081048702928767,1.2211881032237593,1.2220493533713672
0.8,0.8,0.5,0.7,0.6,0.1,0.8,0.2,0.0,-1.461081700478131,2.476718998649843,2.2572945158509206,4.702592058876847,4.414335542949494
0.6,0.7,0.5,0.3,0.4,0.5,0.6,0.1,0.6,0.7910937101124652,0.33781563885952326,0.07326258003079197,2.6053156464966207,2.334848590634345
0.4,0.6,0.8,0.7,0.4,0.6,0.4,0.2,0.1,0.8133766433886108,0.2243443031456269,0.12129738851856064,1.3871600948011813,1.1615185950339872
0.1,0.1,0.3,1.0,0.6,0.5,0.3,0.8,0.4,-2.1138852287994414,3.0081718194194327,2.8083246599206393,1.200045687447135,1.0518012123898315
0.0,0.7,0.0,1.0,1.0,0.5,0.6,1.0,0.4,-1.3928695666160933,2.453638084542335,2.1813285801312614,0.16512237384468084,-0.1196571289140298
1.0,0.5,0.0,0.1,0.2,0.8,0.4,1.0,0.0,-0.12105346589136225,1.1313126751103286,0.9986722509863923,-2.8808852641212073,-3.1868753366077183
0.1,0.6,1.0,0.5,1.0,0.0,0.4,0.3,0.7,-0.5742451848369451,1.496144723552827,1.5475208354453152,3.6361411647122592,3.387084523417549
0.3,0.4,0.6,0.9,0.3,0.2,0.5,0.6,0.6,-0.28269713104958305,1.7309945601725347,1.3240297730427686,2.31446062249807,1.9275249376854977
0.6,0.8,1.0,0.8,0.7,0.3,0.2,0.2,0.7,1.7454683155115938,-0.3625432645721105,-0.7006966177443242,2.9976622466641016,3.0082499926728516
0.4,0.7,0.5,0.6,0.2,0.4,0.5,0.5,0.5,0.3337659200133654,0.5910011016733057,0.29340600730586575,-1.5647670639141167,-1.8655239920900568
0.0,0.3,0.7,0.3,0.9,0.6,0.3,0.2,0.6,1.2664793298554318,-0.33278536956080196,-0.362332846945828,3.54814468948442,3.6740414592544925
0.2,0.9,0.0,0.7,0.0,0.3,0.5,0.8,0.5,0.5929681116824711,0.49485797331501785,0.3098981055815042,-0.1956357194489318,-0.34573961249495166
1.0,0.7,0.7,0.1,0.0,0.5,0.5,0.0,0.2,-0.9139048532846851,1.7159063840686777,1.5934506223923808,0.5181693018771201,0.07461187208264179
0.0,1.0,1.0,0.1,0.8,0.5,0.9,0.3,0.4,-0.25914580289926775,1.5031935464538062,1.087843227125465,1.5179949377994872,1.6197264878397486
0.7,0.8,0.2,0.4,0.6,1.0,0.1,0.0,0.8,1.1881932930838497,-0.19193362532057007,-0.057985786247675836,3.3047019049627573,3.1277326603876974
0.1,0.7,0.3,0.6,0.7,0.5,1.0,0.1,0.8,-0.3262299842196751,1.3156161687628793,1.1709647397213776,3.5333098102802643,3.3827922985926797
0.1,0.3,0.8,1.0,0.0,0.3,0.1,0.2,0.0,0.2121051858353977,0.9423023180673008,0.8100844882438716,1.2140104358945307,0.7694193758357772
0.8,0.6,0.1,0.6,0.9,0.0,0.9,0.0,0.7,-2.3695951200157954,3.6075974933253847,3.360314106529002,3.159597501821377,3.1422223816722554
0.7,1.0,0.7,0.1,0.6,0.4,0.3,0.4,0.7,0.37263106149749375,0.4958362715327735,0.5580318262906889,0.30549948409622646,0.03334812781869785
0.0,0.9,0.4,1.0,0.9,0.4,0.6,0.0,0.6,-1.5644391863761398,2.6278151698162477,2.259699814500493,1.133302624678917,1.1012654889913323
0.1,0.0,0.7,0.4,0.2,0.2,0.3,1.0,0.3,-0.7060719789952546,1.8528011876619102,1.4265342974326218,0.05942730693700317,-0.1583872040187077
1.0,0.8,0.4,0.1,0.8,0.3,0.3,0.0,0.1,-0.217460785669539,1.3540143382835914,1.139156767860762,-0.5906264624106263,-0.9597480696655135
0.5,0.1,0.7,0.7,0.5,0.4,0.0,0.8,0.2,-0.5477237501763822,1.523469576154838,1.6146339874397189,0.9064413817277621,0.6940582342634419
1.0,0.1,0.1,1.0,1.0,1.0,0.1,0.0,1.0,-2.3415197825403196,3.4116282111159406,3.3299527765805186,3.431496713100993,3.097634563616147
0.3,0.3,0.5,0.0,1.0,0.3,0.5,0.5,0.4,0.49192516243698275,0.5360312964316619,0.5209589556338969,-0.38871229985661815,-0.5547829488368698
0.8,0.7,0.2,1.0,0.7,0.2,0.3,0.2,0.4,-1.094932435193368,1.88655129965059,1.7690376464169357,2.453960928663332,2.445258177212321
0.5,0.8,0.1,0.0,1.0,0.0,0.4,1.0,0.3,-0.7238344416109888,1.6442576690976658,1.7447767571739599,-1.347380641373437,-1.7528831420423803
0.8,0.0,0.8,0.8,0.6,0.9,0.2,0.0,0.6,0.517857188602447,0.7064951621639055,0.43721408285705743,4.488480820108135,4.236814216321733
0.2,0.1,0.0,0.3,0.7,0.6,0.8,0.5,1.0,-0.6119159449278576,1.7998509652395596,1.3150341254163824,2.3628762041638494,2.323828426233125
0.0,0.1,0.1,0.9,0.1,1.0,0.7,0.1,0.3,-1.5201584571773068,2.65770812288009,2.587184138997532,1.880685827028365,1.8077559515799988
0.8,0.1,0.7,0.3,0.8,0.9,0.9,0.1,0.9,-0.5706902696914401,1.5298132864911331,1.6071814681604475,5.9817046790855395,5.902093200019452
0.1,0.2,0.7,0.4,1.0,0.2,0.2,0.7,0.4,-0.1392004522113667,1.1940644770879427,1.1267090703400011,4.079931336782941,3.9065722363158084
0.7,0.7,0.0,1.0,0.4,0.5,0.6,0.6,0.2,-1.322659341353512,2.4061878584423537,2.375875558948384,0.8996992530103562,0.6938561307013196
0.6,0.4,0.3,0.4,0.5,0.9,0.5,0.9,0.9,0.3230174241871953,0.8266299517974458,0.7193410117801897,0.9002875614871071,0.8840605205592813
0.0,0.5,0.3,1.0,0.9,1.0,0.5,0.3,0.9,-1.2075691167020737,2.145812545055927,2.2075296893634277,2.2447801484434677,2.4397263346417213
0.1,0.4,0.4,0.8,0.1,0.7,0.9,0.2,0.2,-0.3681359420271587,1.3378887083469289,1.1638729547549267,0.9733833524795584,0.740974530234501
0.1,0.2,1.0,0.3,0.0,0.6,0.7,0.6,0.3,0.0450174765990739,1.0151650872909406,0.8969661734843798,2.6789330523128663,2.5365918364777964
0.2,0.2,0.2,0.3,0.1,0.9,1.0,0.3,0.8,0.4928184315183022,0.39516274094658804,0.32208089009513774,0.9032672057819303,0.6813742386152054
0.8,0.1,0.0,0.9,0.1,0.7,0.1,0.1,0.4,-0.7578638621383259,1.7910705060907646,1.6795504439636482,1.6705425499575361,1.4719313227830768
0.4,1.0,0.3,0.6,0.4,0.9,0.0,0.6,0.5,1.5056135952101604,-0.5935912171303634,-0.7297535019033969,1.3631385459709917,1.1309511881960082
0.1,1.0,0.1,0.1,0.5,0.0,0.1,0.9,1.0,-0.787554259394476,1.816389295099042,1.6491549344136838,1.1064615170411765,0.883058838117216
0.7,0.3,0.3,0.0,0.1,0.7,0.2,0.6,0.5,0.9500093093929486,0.19861768004822306,0.09033680731977269,0.04003361729724966,-0.305710604134759
0.9,0.8,0.3,0.6,0.8,0.5,0.1,0.9,0.6,-0.5508887197998601,1.7057271582238016,1.7702341016549643,1.9561310907352543,1.748182294425839
0.3,0.7,0.2,0.8,0.3,0.3,0.4,0.9,0.2,0.5971745064053307,0.5615454757246426,0.27626668253804054,-2.7995862824899054,-3.021749524132021
0.3,0.5,1.0,1.0,0.9,0.7,0.8,0.0,0.8,-0.5741324432677513,1.7618436159270265,1.5582231971506566,3.6590742706408057,3.311848064791208
0.8,0.4,0.1,1.0,0.5,0.6,0.6,0.0,0.5,-1.7879230993637711,2.975835312389106,2.55451747250685,1.989459013155543,1.9522780415191399
0.3,0.7,0.0,0.2,0.2,0.6,0.7,0.5,0.3,1.1182631835761685,-0.04902203664979497,-0.28568224336240333,-0.8657584254666244,-1.0602609321382312
0.1,0.1,1.0,0.4,0.2,0.1,0.0,0.3,0.4,-0.4921713090317228,1.5073002186736375,1.3191557195105441,2.6307965230008077,2.3883691698337897
0.4,0.3,0.2,0.2,1.0,1.0,0.9,1.0,0.3,0.009079821793133713,1.105781230516666,0.8169491936124769,-0.146275840278128,-0.3359926628917347
0.4,0.8,0.1,0.5,0.9,0.7,0.4,0.5,1.0,0.7873822071570867,0.07432624182394612,-0.017216526366051813,0.1609181122918103,0.1372063470702632
0.1,0.1,0.3,0.8,1.0,0.0,0.3,0.7,0.8,-1.6778472056220202,2.8786428627745213,2.614261180186383,3.9319600347242663,3.8476953462752976
0.2,0.3,0.7,0.3,0.3,0.4,0.6,0.0,0.0,0.7140059687001699,0.2899110243745717,0.23771185316815957,0.34331102630218396,0.12927967668921048
0.9,0.0,0.7,0.8,0.1,1.0,0.8,0.0,0.4,-1.925632162773578,2.826984299080635,2.752349922455031,3.3321970187277508,3.020973737161336
0.7,0.0,0.0,0.5,0.9,0.5,0.4,0.0,0.5,-1.0985512030605518,2.183758624941155,1.8924459409675087,1.7607274894697302,1.8013603478133868
0.2,0.6,0.3,0.6,0.4,0.1,1.0,0.9,0.1,-2.1297361722280215,2.8991061009553527,2.957655843886437,0.15132027827671313,-0.4481224842154166
1.0,0.0,0.4,0.9,0.0,0.9,0.0,0.5,0.6,-0.7382317274367777,2.042891964998752,1.8532144314767305,0.9472977903629944,0.6919277125585469
0.2,0.8,0.5,0.6,0.7,0.2,0.0,0.6,0.1,0.5699864934378225,0.2444357395771719,0.16456664397925916,3.1159898349146258,2.9969598636046433
1.0,0.5,0.2,0.6,0.6,0.7,0.7,0.6,0.9,-1.674259511285566,2.8671713988069136,2.813311806049729,3.127056627194214,3.1646631729856285
0.4,0.0,0.8,0.1,0.4,0.2,0.2,0.6,0.0,0.6139191093210399,0.34488348884401177,0.5955496153706609,0.7189671532941135,0.7035924726230147
0.0,0.2,0.8,0.0,0.0,0.7,0.6,0.3,0.3,0.3997295830464926,0.5978972865410603,0.4716905075291549,-0.20164911680556935,-0.3775412251530207
0.6,0.7,0.6,0.1,0.4,1.0,0.6,0.4,0.2,0.9229835848073142,0.039566438224404255,0.0320515203253656,0.032762902850669295,-0.1742149204089171
0.0,0.4,0.6,1.0,0.1,1.0,0.2,0.1,0.7,0.011544482582879954,1.0639946326959717,1.045461074225706,3.181264539646532,2.8376342519649684
0.9,0.9,0.4,0.0,0.4,0.2,0.8,0.0,0.5,-1.5707043336215651,2.5376989757169017,2.3042730990791642,0.9341264463815712,0.804382402486511
0.0,0.9,0.6,0.6,0.0,0.5,0.6,0.6,0.7,-0.6908624689091591,1.6175028660952133,1.6173372691658523,2.6554658583370623,2.460560774892888
1.0,0.9,0.7,0.6,0.0,0.6,0.3,0.2,0.7,-0.6651873246943577,1.8339544685276217,1.440132378648799,2.9681366796220456,2.5254612158354015
0.7,0.9,0.2,0.4,1.0,0.5,0.0,0.2,0.4,-0.18810425214947538,1.3114588894409924,0.8999359083384257,3.088410719156655,2.875312755465946
0.8,0.7,0.4,0.9,0.1,0.5,0.3,0.7,0.5,-0.9984789698273586,2.0803784076981606,1.996342102213389,1.6446772701266927,1.5432399788986677
0.3,1.0,0.8,0.6,0.8,0.0,1.0,0.1,0.6,-1.2752890488906208,2.348725875731435,2.28107265038158,4.932943421293216,4.60372891371044
0.5,0.6,0.7,0.5,0.2,0.6,0.6,1.0,0.5,-0.6678519151669138,1.5358770274334839,1.6311626519250757,0.25450431113621286,0.11390157975724302
0.1,0.4,0.3,0.4,0.7,0.2,0.5,0.6,0.5,-0.2525555050098454,0.9004082961621303,1.1296887383435146,2.5170998919181375,2.3230129106894735
0.0,0.2,0.2,0.4,0.2,0.2,0.0,0.0,1.0,-0.3568870520751928,1.392706368463513,1.3265324735565924,1.2772893991618899,1.0362625038575262
0.4,0.2,1.0,0.1,0.1,0.3,1.0,0.2,0.8,0.0382307176754275,0.9402569979394986,0.9811707626150852,1.1257937993984857,0.518652427302483
0.9,0.5,0.7,0.7,1.0,0.4,0.4,0.5,0.0,-1.252447394061741,2.300170552620216,2.003200474001832,0.5406373288608559,0.5361139990320155
1.0,0.0,0.4,0.9,1.0,0.8,0.0,0.5,0.6,-0.9037320827737525,1.6607191718082739,1.861441813187115,1.8329107498107844,1.6812830143026525
0.8,0.1,0.0,0.9,0.2,0.7,0.3,0.2,1.0,-1.2636741919440089,2.0692476487807365,1.899425264786673,1.7735334391116317,1.6622105238850569
0.2,0.0,0.1,0.4,0.3,0.4,0.3,0.5,0.6,0.393862436255327,0.7424578903199704,0.43391401409603536,-1.244656251026075,-1.4080318488962287
0.6,0.9,0.4,0.2,1.0,0.4,0.5,0.8,0.6,0.1991170728199626,1.0013106551846727,0.7638993913488935,1.1377186453116426,1.016729214051267
0.3,0.6,0.5,0.6,0.0,0.6,0.1,0.1,0.3,0.47050771426417703,0.6072664786217283,0.3089824352702786,1.8795542267084364,1.6440228714691414
0.8,0.4,0.5,0.1,1.0,1.0,0.7,0.3,0.3,-0.4832091304050238,1.570618973870301,1.4429671689607382,3.1293297802052766,2.887033481920676
0.2,0.5,0.5,0.7,0.7,0.4,1.0,0.2,1.0,-1.2592305073749035,2.4899950443091305,2.2340646868358194,3.233640975467044,3.010912623332935
0.3,0.9,0.5,0.5,0.6,0.2,0.1,0.8,0.2,-0.2603195540467599,1.4229614461201443,1.234573177025517,2.015650992293021,1.8043521325754392
0.7,0.3,0.4,1.0,0.1,0.3,0.5,0.2,0.3,-1.4951480677964661,2.3192327208006778,2.2637337985020136,0.08153396397975701,-0.043950431933427014
0.8,0.3,0.7,0.0,0.1,0.1,0.1,0.8,0.2,-0.8977200021185787,1.99411699830334,1.9852058713601193,2.3388786727833875,2.5165973545352167
0.5,0.1,0.3,0.7,0.7,0.9,0.0,0.2,0.7,1.3133771027329708,-0.4344135314712755,-0.29360454842527706,3.614113682127643,3.280259822802457
0.4,0.6,0.8,0.2,0.1,0.4,0.7,0.3,0.3,0.14789108066919063,0.7331286212483656,0.632265744644343,-0.9092401457159502,-0.8671393442092666
0.1,1.0,0.2,0.6,0.4,0.6,1.0,0.2,0.7,-0.4408511298093175,1.2208737989109837,1.2095631932868571,2.2898716954053953,2.27345049390722
1.0,0.4,0.5,0.8,0.0,0.0,0.9,0.0,1.0,-3.5417825838157833,4.560365262897882,4.3279473602788014,1.8228766572501336,1.685397669073427
0.5,0.2,0.4,0.0,0.5,0.8,0.9,0.9,0.3,-0.3007940108523385,1.253558325060446,1.3480009239386441,-1.8074121503668594,-2.0880528886430008
1.0,1.0,0.5,0.6,0.2,0.0,0.2,1.0,0.3,-2.827001854418326,3.8482237002035884,3.8430095699205387,-0.36048389095761224,-0.5908604675337332
0.6,0.4,0.9,1.0,0.8,0.1,0.5,0.9,0.0,-1.9173471948333514,3.135132361197934,3.0118245886984556,2.0201789069111666,1.7992480250416825
0.5,0.9,0.8,0.6,0.8,0.7,1.0,0.9,0.9,-0.3762025522564385,1.4733195940582482,1.4658355793040685,1.8313054731162832,1.5628718723690436
0.7,1.0,0.7,0.0,0.8,0.4,0.5,0.2,0.1,-0.2931803599702677,1.2142496257614186,1.1535069104014444,2.04957337004471,1.9774876546693088
0.2,0.3,0.4,0.1,1.0,1.0,0.8,0.2,0.0,0.594266415438899,0.329354229938563,0.09352238384166234,3.3346704738631763,3.0314561216511837
0.3,0.6,0.5,0.5,0.2,0.0,0.7,0.5,1.0,-2.0290356845945117,2.9583218504568802,2.9287375937225524,1.6563252084775886,1.3334556779971498
0.8,0.8,1.0,0.1,1.0,0.4,0.9,0.9,0.7,-0.3405306755984405,1.3034976437815236,1.238507778306759,2.140431663322382,1.9989620863507478
0.4,0.9,0.9,0.7,0.0,0.4,0.3,0.6,0.5,0.6385787653172226,0.3178346085886005,0.3000352276630619,0.1408319322811011,-0.19837698741173088
0.4,0.9,0.0,1.0,0.6,0.0,0.0,0.5,0.9,-1.3409272027183896,2.252019171425617,2.2974440608946303,1.0358679436395488,0.8236024463691639
0.3,0.8,0.5,0.3,0.3,0.7,0.1,0.7,0.5,2.400359821163635,-1.2341721596900126,-1.4819854937888766,1.7823098762221277,1.702748106595454
0.7,0.9,0.3,0.7,1.0,0.9,0.1,0.3,1.0,0.8929218810223064,0.22933864199896598,0.19646916010776544,2.978073114367605,3.168631189810271
0.5,0.4,0.1,0.5,0.4,0.6,0.3,0.4,0.9,0.5102952532098807,0.733210834559392,0.46729697516316127,-1.1738150294666665,-1.436279639174752
0.8,0.9,0.5,0.0,0.2,0.2,0.9,0.5,0.0,-1.5056921157388599,2.476761588909335,2.555471356212777,-0.4864602892119382,-0.8348916441605619
0.0,0.6,0.0,1.0,0.8,0.6,0.1,0.2,0.5,-0.24552589611094525,1.0631893024596464,1.1318203394879094,2.6581408711524186,2.4651213538899035
0.0,0.4,0.5,0.7,0.2,0.2,1.0,0.8,0.9,-1.1596855927708123,2.2071825214841367,2.0198851417929977,1.624173974991132,1.3420450414812561
0.7,0.5,0.2,0.3,0.9,0.1,0.5,0.3,0.1,-1.2768616753013233,2.159174434918045,2.3141580634584016,1.7712991246690002,1.6103702791169066
0.0,0.7,0.6,0.5,0.8,1.0,0.0,1.0,1.0,0.5387788805047312,0.506270593355147,0.22770718584926863,3.379095893102595,3.0291729775128386
0.7,0.1,0.1,1.0,0.2,0.3,0.0,0.9,0.8,-1.492702183614151,2.540353286953679,2.3914397171130632,-0.3825600813079297,-0.6305459655456328
0.6,1.0,0.6,0.1,0.2,0.9,0.9,0.7,0.6,0.4762946604129543,0.6186790432724136,0.3667026909696897,2.653948444692654,2.518897666418669
0.9,0.4,0.9,0.9,0.3,0.5,0.1,0.2,0.3,-1.145462682986365,2.038780556346278,2.1923205339692773,2.903942821523541,2.5185507809769403
0.9,0.7,0.3,0.5,1.0,0.9,0.4,0.9,0.4,-0.03189928194589971,1.032579396443913,0.9312113407116194,1.289976841255846,1.1695322377118793
1.0,0.1,0.4,0.4,0.0,0.2,0.7,0.0,0.3,-2.7204696155499213,3.9340593974599,3.6149643987907423,0.7108522599998317,0.7588749811016129
0.8,0.1,0.6,0.2,0.4,0.3,0.6,0.4,0.4,-1.0389625392676634,1.993281284761682,1.9919733337780967,0.01916052907802035,-0.37489848572077367
0.2,0.8,0.2,0.8,0.2,0.0,0.4,0.8,0.8,-0.49345167787837396,1.3670568266792285,1.4643469854211468,1.351831677525115,1.2721865566159385
0.3,0.3,0.8,0.0,0.9,0.5,0.2,0.5,0.0,0.9920057302529158,0.10403158505783128,-0.027767149351316384,0.3696071150300338,0.38522325610265706
0.3,0.5,0.9,0.2,0.5,0.9,0.9,0.2,0.1,0.8901416358546113,0.19772581004894552,-0.04256927557026054,2.9845038456087885,2.5493916205972837
0.8,0.8,0.0,0.6,1.0,0.5,0.9,0.4,0.3,-1.1889594293819399,2.280312510046324,2.3359229543353655,0.6489142723564518,0.4235843361960812
0.1,0.0,0.8,1.0,0.2,0.9,0.8,0.4,1.0,-1.1302498127497518,2.1699573624327315,2.0622697121604934,2.1715511534057312,2.1120614446095245
0.4,0.1,0.0,0.9,1.0,0.1,0.7,0.4,0.9,-2.288009824510036,3.1722217619588244,3.0048939750445003,1.9863717826555896,1.5301052168419533
0.7,0.5,0.4,0.4,0.7,0.5,0.1,0.5,0.1,-0.7550084022713118,1.7271511081568358,1.786627441553564,0.9165372300085936,0.5155618830215443
0.2,0.7,0.6,0.9,0.3,0.0,0.8,0.6,1.0,-1.9015890764339047,3.0069728451389683,2.7441426895703747,3.6821221432280216,3.3151897453470003
0.1,0.5,0.5,0.5,0.3,0.7,0.7,0.1,0.4,-0.23504343099122219,1.0843241626283393,1.123298112829159,2.277700748483482,2.097013352096458
0.3,0.6,0.8,0.5,0.2,0.9,0.6,0.1,0.0,0.9439164886756961,0.00512989527287664,-0.13255378466418055,2.7562078575193243,2.526465932855429
0.1,1.0,0.6,0.6,0.9,0.8,0.4,0.6,0.6,1.230548148753541,-0.25974971366275557,-0.09652764747256029,3.4114879229366704,3.333374819093982
0.1,0.9,0.5,0.7,0.0,0.4,0.7,0.5,0.2,-0.7353852898869646,1.7932545125690078,1.6178675829428584,-0.6763134512211296,-1.0817721571519194
0.1,0.0,0.8,0.7,0.6,0.3,0.6,0.9,1.0,-1.00146572776716,1.8002040858762336,1.606011308591498,2.6475136947021887,2.4574118816869706
0.6,0.9,0.4,0.3,0.6,0.1,0.0,0.2,0.5,0.08388129915584741,0.892901082465639,0.6174980697608046,3.54997883089508,3.4446676158684673
0.8,0.8,0.3,0.1,0.6,0.1,0.8,0.8,1.0,-1.8819954803485015,2.8588909325714935,2.7078605653651246,4.217999762645632,3.8777674995907625
0.2,0.3,0.7,0.0,0.3,0.1,0.7,0.1,0.5,-0.11931882985057857,1.2415112243750341,1.0367725843352802,3.913432202454397,3.8747786464561784
0.5,0.9,0.3,0.3,0.9,0.3,0.4,0.8,0.0,0.4729881702969402,0.42341717548167623,0.31912366764855754,-0.7455892475646864,-1.2787737647315693
0.4,0.1,0.8,0.1,0.9,0.2,0.4,0.6,0.4,-0.247112624173657,1.3200920863909749,1.2524398577535947,2.0949930835411585,1.9750646687634381
0.7,0.4,0.2,0.6,0.1,0.7,0.9,0.9,1.0,-1.1583842920532217,2.2601176751075585,2.281359963950559,0.24714541533463308,-0.061280585360425806
0.8,0.4,0.2,0.6,0.6,0.4,0.3,0.0,0.9,-0.6884709970258722,1.7405975205878164,1.6220559922245068,1.1776495029011607,0.945800744218029
0.0,0.5,0.6,0.9,0.2,0.8,0.6,0.2,0.0,-0.18538258510754296,1.2383792012063026,1.086120567882047,1.4684536389981793,1.1825346963314611
0.2,1.0,0.9,1.0,0.0,0.6,0.4,0.2,0.0,-0.286652326156549,1.1481743416528363,1.1022455637191804,1.9219769519919978,1.8656998908591385
0.6,0.5,0.3,0.5,1.0,0.3,0.0,0.3,0.9,-0.2755599204940067,1.19495905975761,1.0416919071523454,1.217008516926035,0.9365979586817988
0.4,0.3,0.5,0.3,0.6,0.0,1.0,0.9,0.4,-1.6743340168485843,2.7443158749413397,2.585550454272969,0.41110972381499283,0.10615653025978408
0.4,0.6,0.1,0.9,0.7,0.9,0.6,0.7,0.3,0.15026369541831003,1.099662208913298,1.0025269261684977,2.353905420057238,2.410928668799169
0.1,0.4,0.3,0.3,0.1,0.4,0.4,0.9,0.9,0.2601651316318301,0.9023037513279054,0.6894274305351005,-1.3703856821567344,-1.424492228183631
0.2,0.9,0.2,0.8,0.1,0.3,1.0,1.0,0.3,-1.3703529098575684,2.460093441987043,2.3857420668022518,-2.6130412471994866,-2.5864789647978172
0.0,0.1,0.7,0.8,0.8,0.4,0.3,0.8,1.0,-1.2367033417681945,2.177219310894328,2.2221792914500136,2.45763138611172,2.4709297924715092
1.0,0.2,0.8,1.0,0.9,1.0,0.8,0.7,0.9,-2.9634985111968177,3.8970982756061567,3.811814816307164,6.120601264881482,6.079566260131195
0.9,0.8,0.8,0.3,0.9,0.5,0.6,0.0,0.4,-0.4139701498234579,1.5544949274100999,1.4708796221896145,3.5821313687621803,3.3826300446385345
0.2,0.6,0.4,0.1,0.3,0.3,0.8,0.9,0.0,-0.2640501311535793,1.2572013059981586,1.1958516136281483,-1.8877895071791302,-2.2370066754380873
0.8,0.0,0.8,0.9,0.2,0.8,0.4,0.9,0.0,-0.8499600769253188,1.7328140503391654,1.6892095078653955,0.3435866860389369,0.13576983969279838
0.2,0.1,1.0,1.0,0.1,0.0,0.1,0.3,0.8,-1.671463446045066,2.745242903075456,2.5314330907247733,2.687173045385287,2.422706104771993
0.0,0.7,0.3,0.5,1.0,0.1,0.9,0.2,0.3,-1.3411780523630004,2.331024334404839,2.3074647541409443,3.055110691917047,2.7449330175062983
1.0,0.5,1.0,0.5,0.6,0.3,0.9,1.0,0.4,-2.7421479009164775,3.747505327903365,3.8802359132689115,0.44063031307895567,0.28456161348056985
0.8,0.9,1.0,0.5,0.9,1.0,0.2,0.7,0.8,0.30352230889169207,1.0770427242793665,0.7274870027335665,6.121157544578425,6.199174036032713
0.8,0.9,0.5,0.8,0.9,0.3,0.5,0.5,0.2,-1.2445662017846377,2.211991686843905,2.107447592967287,0.624887463929175,0.458828062033024
0.9,0.1,0.5,0.0,0.7,1.0,0.0,0.6,0.8,-0.577945699609403,1.4390695803670366,1.3893147178675704,4.586535375904176,4.433740957629643
0.8,0.7,0.0,0.9,0.0,0.3,0.1,0.9,0.2,-0.41702069191513896,1.4447660159346136,1.4861802151382348,-1.744614259435455,-1.9035041451967545
0.5,0.2,0.3,0.8,1.0,0.8,0.7,0.5,0.9,0.15058273333650224,0.8517104194077232,0.9234863074470743,1.3415479850732028,1.1628274790738327
0.0,0.0,0.3,0.9,0.9,0.5,0.8,0.3,0.9,-2.113831664795896,3.2031674188551036,3.130217308265861,2.4425983383676635,2.2036987535430215
0.5,0.6,0.3,0.9,0.0,1.0,0.9,0.7,0.6,-0.9502174959646,2.05171823833558,1.89125330900517,1.6751422582677098,1.4151747862483397
0.9,0.9,0.5,0.1,0.0,0.4,0.5,0.6,0.9,-1.0279961364272183,2.047978428595609,1.9876433293691114,0.9348423079863194,1.1252055784312405
1.0,0.0,0.3,0.8,0.9,1.0,1.0,0.3,0.4,-2.591976263040529,3.268547889194049,3.304734889110635,2.0278268540686972,1.768132891663992
0.1,0.8,1.0,0.6,0.4,0.3,0.0,0.7,0.9,1.3708278766917736,-0.1996104461894532,-0.5366486610190719,3.3738302429490967,3.0724462908780232
0.0,0.2,0.3,0.1,0.7,0.3,0.4,0.6,0.3,-0.06682411189631185,1.218178000647127,1.1612539903312848,-0.24538335318137508,-0.4341084265131462
0.4,0.8,0.2,0.2,0.6,0.7,0.2,0.2,0.3,2.0955037823389437,-1.3338479358545858,-1.331970048439354,0.5213866279863009,0.24822852536617407
0.9,1.0,0.2,0.3,0.9,0.4,0.0,0.8,0.5,-0.3566988355076563,1.3795768033344915,1.2126969734309099,1.8556518979846368,1.6217033668950935
0.5,0.8,0.2,0.7,0.9,0.3,0.2,0.9,0.8,0.9479618126219751,-0.01825676561451138,-0.15180376131140905,-0.5205603467962736,-0.8242539976900641
0.1,0.2,0.8,0.7,0.6,0.3,0.5,0.1,0.0,0.22125573422152722,0.8156905261218046,0.7976649005564875,2.7026226305727623,2.4570143141455705
0.4,0.7,0.5,0.4,0.9,0.7,0.4,0.9,0.5,1.1183757876654878,-0.0096406579791532,-0.32789637002404093,0.31127797338379004,-0.14418090435654565
0.7,0.9,0.0,0.7,0.4,0.8,0.1,0.9,0.3,1.071872539679914,-0.11162853753626395,-0.32849675751516605,-0.6539438454908458,-1.0110030275326765
0.0,0.8,1.0,0.8,0.1,0.2,0.9,1.0,0.4,-0.7075027053155636,1.9074008146958255,1.4702338893464653,-0.08834842712436164,-0.25580533762329005
0.4,0.1,0.9,1.0,0.1,0.5,0.8,0.9,0.6,-2.444461085304189,3.331537493921756,3.475775567666633,0.6501817503909614,0.5146178633867422
0.5,0.0,0.1,0.5,0.8,0.1,0.5,0.4,0.7,-1.1054995494705062,2.0522298939852464,2.0252121092255595,1.4081336377560592,1.067351681205487
0.7,0.3,0.8,0.2,0.6,0.8,0.6,0.1,0.2,1.3806060014855377,-0.40394510809084033,-0.5181275748634473,3.625939591200286,3.3322101414672685
0.2,1.0,0.2,0.8,0.0,0.7,0.3,1.0,0.3,0.2916712357513143,0.6849112530693476,0.5289860431416482,-1.829945890951121,-2.0307492592597804
0.2,0.9,0.0,0.0,0.0,0.5,0.8,0.0,0.3,-0.3237985507061416,1.3571767102338235,1.3935698855650198,-0.5120727962998702,-0.5633126369337238
0.3,0.0,0.8,1.0,0.0,0.0,0.4,0.2,0.4,-2.0027106464299593,2.9319440100876757,2.9719998220689345,2.2424262224805895,1.9830895583719748
0.6,0.6,1.0,0.6,0.7,1.0,0.7,0.8,0.8,-0.07187191607052501,0.8612021885878383,0.6310783488579021,5.343692513513523,5.073138307803372
0.3,0.8,0.7,0.8,0.9,0.2,0.4,0.9,0.8,0.47059806729118,0.43582168805493554,0.3491011432690068,2.198618124556508,2.1818851519472444
0.8,0.7,0.3,0.8,0.0,0.8,1.0,0.8,0.6,-0.012460224131661979,1.1975166722877368,1.0181924213335445,1.149178300320289,0.892433075063426
0.0,0.7,0.6,0.6,0.7,0.6,0.4,0.5,1.0,0.32060897741951394,0.7985809537515827,0.3543793487722034,2.2598231381806633,2.1277031921017016
0.5,0.8,0.1,0.1,0.2,0.2,0.8,0.0,0.3,-0.06675260327619462,0.8797705812522503,0.7631792110678823,-1.2257887607022118,-1.2307531601270676
0.8,0.9,1.0,0.2,0.6,1.0,0.6,1.0,0.1,-0.3748052981345802,1.343865286610704,1.1069034229207004,2.570343339929765,2.7015834598560704
0.6,1.0,0.1,0.6,0.0,0.7,0.1,0.6,0.3,0.6427944496300181,0.1662969600113129,0.21637739366506628,-0.10636556099821481,-0.38929139573259247
0.0,0.0,0.0,0.7,1.0,0.9,0.2,0.9,0.5,0.8951945931628443,0.03671223101200294,-0.016094020131036457,1.208938833797541,0.9914607123178413
1.0,0.4,0.2,0.1,0.3,1.0,0.0,0.5,1.0,-0.2685897988447574,1.2296359341221397,1.109072160471663,0.6525568421414503,0.46223405005038404
0.8,0.0,0.6,0.1,0.0,0.9,0.2,0.9,0.9,0.1376896798707655,0.6902518135429757,0.6427663703034123,1.7482452952019252,1.8279915458983989
1.0,0.6,0.7,0.5,0.7,0.5,0.0,1.0,0.4,-1.9520039824434452,2.544565492208855,2.594502359259715,1.9748109032783525,1.7024192451078308
0.1,1.0,0.0,0.5,0.5,0.1,0.8,0.8,0.7,-1.3525701253894287,2.2136866761756275,2.19518470892312,3.22208635419703,3.1279185494963095
0.1,0.3,0.4,1.0,0.0,0.0,1.0,1.0,0.9,-3.5213181608628217,4.365816873916412,4.1777810468856265,-0.03811856682261361,-0.15865214256498414
0.2,0.3,0.9,0.0,0.7,0.6,0.3,0.7,0.2,1.110738879733774,0.13931556197187814,0.11466873477644013,3.0123915851954104,2.85422965422482
0.8,0.4,1.0,0.0,0.9,1.0,0.0,0.9,0.7,0.5682388773468865,0.35127701896436897,0.2993955591792409,3.891291779606676,3.726324066171298
0.3,0.5,0.1,1.0,0.2,1.0,0.3,0.4,0.0,-0.5284966268156518,1.2217643420587665,1.2819219404596414,-2.138060285015585,-2.25279662854155
0.7,0.5,0.3,0.8,0.6,0.4,1.0,0.5,0.7,-1.657759458404728,2.9893155783868064,2.78753030910767,0.24968616775055366,0.22860676386536527
0.2,0.1,0.3,0.3,0.3,0.0,0.3,0.1,0.0,-0.7901946150707236,1.7048647855342134,1.7215508540596904,0.9954907032474057,0.988178856213985
0.8,0.5,0.4,0.6,0.5,0.9,1.0,0.2,1.0,-1.3392552236787385,2.3338809211099982,2.2707532219887394,3.9703169234969122,3.83090486146317
0.4,0.7,0.6,0.0,0.4,0.3,0.4,0.4,0.4,1.2846168830943885,-0.29699223491126087,-0.32194139456915827,-2.8560472003290873,-3.2866718260780257
0.7,0.4,0.5,0.1,0.9,0.8,0.3,0.1,0.6,1.549354304971381,-0.45856626925488897,-0.6904707463459258,3.004319716496158,2.977972948093077
0.7,0.6,0.9,0.3,0.1,0.7,0.7,0.9,0.9,0.2243413835978736,0.8298402745990864,0.8711192976292952,1.869672913883527,1.5249363893152998
0.8,0.9,0.0,0.3,0.0,0.6,0.7,0.4,0.3,-0.4166677957285868,1.4051127534584762,1.3119772363932125,-0.30402788562050165,-0.6961402538097758
0.1,1.0,0.9,0.3,0.4,0.9,0.9,1.0,0.4,0.5664498140184033,0.3412183390773315,0.5181767865732086,1.057412856955399,0.7863535770977227
0.4,0.4,1.0,0.9,0.1,0.6,0.8,0.1,0.5,-0.4746042926606359,1.5776600178990337,1.4422103392543189,2.927892558642327,2.538056066710058
0.3,0.9,0.4,0.7,0.0,0.1,0.4,0.6,0.5,-0.32917986272296607,1.4338907536584065,1.4959145401161718,1.3003867552036108,1.1596733853336798
0.2,0.2,0.6,0.9,0.9,1.0,0.4,0.4,0.6,-0.18099116971072893,1.1526669115586032,1.0769148747676285,2.3535823047421145,2.164689288821869
1.0,0.8,0.8,0.0,0.5,0.3,0.7,0.9,0.7,-0.8167806741287914,1.6688008726992725,1.7907034822223118,1.0627078184645848,0.7758885229781958
0.7,0.6,0.4,0.6,0.9,0.2,0.1,0.8,0.1,-0.8468370165026774,2.010397794462672,1.6730247914693839,2.4563985117595233,2.1465481624760816
0.7,0.0,0.7,0.7,0.4,0.4,0.0,0.0,0.2,-0.2978069017070738,1.5180687225094494,1.4712877721742108,1.1609839775019066,0.801073010170303
0.9,0.9,0.0,1.0,1.0,0.8,0.0,1.0,0.4,-1.0087565044686535,1.7610643416783833,1.7138931059223932,0.5328308725203643,0.2371829420428646
0.8,0.0,0.8,0.9,0.1,0.4,0.7,0.6,0.8,-2.223154715084332,3.0079104713976004,3.141356168197599,3.270106297107673,3.1355003724506547
1.0,0.7,0.4,0.1,0.7,0.7,0.4,0.4,0.5,0.4622860049227118,0.5176987468537346,0.5746810730474549,-0.5423245975105264,-0.6509295745976761
0.6,0.8,0.6,0.4,0.7,0.0,0.0,0.8,0.5,-0.5170889209644387,1.2783257457565957,1.1365338159213287,3.6310703249199268,3.5279062377871186
0.0,0.6,0.7,0.8,0.8,0.1,0.0,0.0,0.8,-0.1082686145511425,0.996822234094042,1.0052373366718976,4.620727397022283,4.41681244168596
0.4,0.9,0.4,0.2,0.8,0.8,0.3,0.3,0.0,2.0494261707692405,-1.0176845595087416,-1.2971650197780096,-0.9102563617033096,-0.9028155042405084
1.0,0.8,0.3,0.2,0.6,0.7,0.4,0.1,0.0,0.5280540010358932,0.5364747496890034,0.13914231375753766,1.0849195764213366,0.8956661734511849
0.6,0.6,0.4,0.7,0.8,0.6,0.3,1.0,0.5,-0.24141401669621526,1.0985683082847375,1.2586778838105221,0.4050408147698749,0.11154257016097238
0.7,0.6,0.4,0.3,1.0,0.1,0.7,0.7,0.5,-1.412958158581202,2.4570653960143387,2.1711387658913277,5.093159745702652,4.666568430566558
1.0,1.0,1.0,0.7,0.8,0.9,1.0,0.0,0.8,-0.6437382007326979,1.4698308715901591,1.493055773544322,4.135922178316448,4.045960911168178
0.5,1.0,0.6,0.8,0.8,0.3,0.7,0.4,0.5,-0.10048779057115609,1.2510876264258686,0.9357017438550208,0.3369102257659227,0.09315709662226429
0.3,0.0,0.9,0.0,0.5,0.2,0.5,0.9,0.5,-0.06728795596036868,1.272922228521534,0.9380911548283584,1.1123481021106012,0.9931163814806797
0.3,0.6,0.8,0.7,0.7,0.2,1.0,0.6,0.4,-0.5577666543427094,1.718098241883409,1.5028486035981863,3.0943256574196303,3.0632676543090236
0.2,1.0,0.4,0.6,0.8,1.0,1.0,0.9,0.3,-0.9449992461377178,1.9760274408935399,1.8641101733043535,1.4630762383704665,1.4111722884395332
0.2,0.3,0.1,0.1,0.7,0.4,0.3,0.2,0.0,1.1421149294999693,-0.15735012724101483,-0.3946353018070426,0.028508047572378042,0.013538516122808483
0.6,0.2,1.0,0.4,0.1,0.7,0.9,1.0,0.9,-0.5999312297045066,1.5931282156590472,1.699340291042628,0.6442790391940959,0.6587952843745271
0.1,1.0,0.5,0.8,0.4,0.6,0.2,0.2,0.8,0.9178589365863055,0.17859090695681687,0.16190512099353443,3.0027469366652295,2.7767756414768288
0.1,0.9,0.5,0.8,0.0,0.0,0.1,0.8,0.6,-0.7466823436073088,1.8695230297062424,1.6672497007306006,2.4485906854920203,2.226515324582858
0.7,0.0,0.6,0.7,0.2,1.0,0.9,0.8,0.5,-1.1330894360531985,2.28083126391315,2.0434043105789255,3.3693388846008765,3.159910775487538
0.2,0.1,0.5,0.3,1.0,0.2,0.7,0.0,0.7,-0.24514228332667704,1.3553375673226076,1.243423112162425,4.067700383338818,3.6398562095534084
0.5,0.0,0.4,0.7,0.9,0.1,0.9,0.7,0.9,-2.2048637780712963,3.1055329539069882,2.9281250716545304,4.421390063399463,4.379912369128196
0.7,0.2,0.1,0.7,0.6,0.8,0.8,0.9,1.0,-0.5587072004178775,1.4829115464445684,1.5957564894181244,1.7528155452851613,1.8541442630552576
0.8,0.1,0.9,0.1,0.8,0.4,0.9,0.7,1.0,-2.0367929317549383,3.194400508606026,3.117233073437613,4.391788393408656,4.316061786164044
0.7,0.0,0.8,0.1,0.4,0.4,0.4,0.4,0.4,-0.40251486202555364,1.3385063332622587,1.2368748015645692,-0.9510662770032065,-1.2385846008533934
0.2,0.4,0.1,0.5,0.9,0.3,0.3,0.7,0.5,0.12010876241633589,0.7725479392230337,0.6106313234535081,1.6390039404126022,1.3496882064193814
1.0,0.7,0.5,0.5,0.1,0.1,0.5,0.9,0.0,-2.2436021539041087,3.285564565893374,3.267139044992282,0.2413370732213907,0.2381080697039719
0.7,0.6,0.2,0.6,0.3,0.1,0.4,0.6,0.4,-1.1174550297062829,2.417755051436723,2.2634901386202775,1.5732406331211437,1.2369464879013854
0.2,0.5,0.5,0.6,0.7,0.9,0.0,0.3,0.7,1.7179896318692036,-0.46081253186723836,-0.5454309139474329,3.6112324553844197,3.420306645200601
0.7,0.5,0.5,0.5,0.0,0.0,0.3,0.9,0.3,-2.7426046861554183,3.4904576815021544,3.4540278349295246,-0.3531653562396343,-0.4389965317912373
0.1,0.4,1.0,1.0,1.0,0.1,0.8,0.9,0.7,-2.0640077475181116,3.060575399289901,2.9109528865593983,4.159806568675088,4.023192976057565
0.5,0.3,0.3,1.0,0.3,1.0,0.9,0.8,0.4,-1.30434501059445,2.3105708450069202,2.1565491421964307,0.18968571360919267,0.20586924463865192
0.3,0.1,0.9,0.1,1.0,0.6,0.2,0.5,0.0,0.36238961392338837,0.4094420145264386,0.39786277113591234,1.1924547595683095,1.056511961151996
0.8,0.1,0.7,0.8,0.7,1.0,0.3,0.3,0.3,-0.8885352587278059,1.9511847299267953,1.689809523731071,3.2707299577089364,3.0836625616125266
0.5,0.6,1.0,1.0,0.5,0.7,1.0,0.2,0.7,-0.4954526800453191,1.6374932848377308,1.4391261853458717,2.5278055415014014,2.2399963133847476
0.1,0.1,0.2,0.6,0.9,0.7,0.7,1.0,0.1,-1.2987566765438703,2.1170499356594332,2.051093587531409,0.7099861799528445,0.5584588279714947
1.0,0.1,0.8,0.6,0.4,0.3,0.9,0.5,0.2,-2.8477315545412827,3.8985873115233476,3.7511978606153713,-0.5745479548208577,-0.498015452007735
1.0,0.1,1.0,0.8,0.2,0.7,0.8,0.0,0.9,-1.6329957973010343,2.623098295456392,2.7375014654950394,2.6542198413336147,2.436312532387017
0.9,0.2,0.0,0.4,0.1,0.7,0.2,0.4,0.7,0.184685812663934,0.6981321461405031,0.727448705863627,-0.5555938600737598,-1.0138923850992778
0.1,1.0,0.8,0.5,0.1,0.0,0.2,0.4,0.8,-0.5151149706160887,1.4954479473769613,1.5277324541939197,1.2862592268779793,1.0016030319250275
0.7,0.8,0.3,0.1,0.4,0.0,0.3,0.0,0.3,-0.6033895824052029,1.7506540476366386,1.4890919977978878,-0.4231957113869826,-0.548928751106737
0.2,0.5,0.3,0.7,0.6,0.2,0.1,0.1,0.7,0.6151530207243968,0.4312210375910414,0.31593794131985364,3.9875408793811626,3.58074969369244
0.4,0.6,0.1,0.1,1.0,0.7,0.6,0.2,0.2,1.048693677701165,-0.06325190975416946,-0.10497778251076523,1.2212218847229932,0.802629352590417
0.4,0.6,0.5,0.0,0.4,0.6,0.4,0.4,0.1,0.46115649404260145,0.5739637667095611,0.22374827148462165,-2.4360127634745306,-2.5177668108783786
0.2,0.1,0.6,0.2,0.1,0.1,0.5,0.1,0.9,-0.7845622868002684,1.9561169101668143,1.5799176517707567,4.19851939364315,4.344102602134637
0.5,0.9,1.0,0.4,0.7,0.1,0.5,0.8,0.3,-0.9151447088501858,1.679808990627214,1.8374481408966785,3.2023606544296808,2.876664360838133
0.4,0.5,1.0,0.9,1.0,0.2,0.0,0.7,0.2,-0.49339615574063717,1.5030254332325126,1.4136231922116629,3.557797891840494,3.421299309927638
0.1,0.7,0.4,0.2,0.2,0.2,0.1,0.5,0.1,1.1857428971288588,-0.3673769659169044,-0.480717325431984,-0.9303578761673016,-1.3313527232637745
0.4,0.9,0.5,0.7,0.5,1.0,0.6,0.5,0.0,0.32809049177535443,0.7550109578089457,0.7878951548247503,0.5689540314369292,0.6084428618987159
0.4,0.1,0.9,0.9,0.4,0.5,0.4,0.2,0.7,-0.5158317836557246,1.4915674016413147,1.7520247932509145,2.371572926412576,2.099775632673092
0.3,0.7,0.7,0.3,0.4,0.3,0.0,0.6,0.8,2.099196676746922,-1.0260700826256732,-1.3931000510280094,1.901157227276829,1.7020873253206115
0.2,0.6,0.1,0.3,0.6,1.0,0.0,0.6,0.7,1.9915458489823288,-0.557910072623061,-0.9047840781040317,3.748972427309113,3.4819598896060886
0.1,0.9,0.3,0.6,0.6,0.6,0.7,0.9,0.5,-0.8904986579918964,1.6591798943238696,1.7818729609459827,1.9542887626875856,1.7329017815217924
0.0,0.8,1.0,1.0,0.6,0.4,0.0,0.5,0.6,0.15412184691386505,0.8867367874490173,0.6684034918923865,1.2488212524657678,1.0876374285113257
0.0,1.0,1.0,0.7,0.2,0.8,0.6,0.3,0.9,1.4527382470635801,-0.3035606550375299,-0.6066567996507717,2.089500073567078,1.6847283232753052
0.2,0.6,0.9,0.5,0.1,0.2,0.0,1.0,0.8,0.20155745969133723,0.8316696184526018,0.6774081956936253,1.8844199428264483,1.530874578483684
0.2,0.4,0.6,0.4,0.5,1.0,0.6,0.6,0.0,0.076702294639691,0.6118103611863234,0.6683666731185086,3.414189562412092,3.3274280031143952
0.7,0.8,0.3,0.1,0.2,0.7,0.4,0.3,0.8,1.3406006024670154,-0.4828645082491731,-0.5851658780983938,-0.13181237142316013,-0.49217160827312983
0.6,0.7,0.8,0.2,1.0,0.5,0.2,0.0,0.6,1.5514746801486898,-0.437683132898506,-0.42011442981944414,2.5472202515172526,2.3913482201138807
1.0,0.7,0.9,0.5,0.1,0.4,0.7,0.8,0.7,-1.2383315516840725,2.4533615199441274,2.026443284921259,2.0787567746525175,2.2167040401045495
0.8,0.0,0.7,0.1,0.8,0.5,0.0,0.0,0.0,-0.40653237297780775,1.4174345349074924,1.5529533275551355,3.070988871805133,2.940714100062095
0.8,1.0,1.0,0.0,0.8,0.1,0.7,0.7,0.2,-1.5442704781791778,2.650088579679512,2.5083296868965363,5.379493462070384,5.200491007336849
0.0,0.1,0.6,0.0,0.8,0.1,0.3,0.5,1.0,-1.4725708401403397,2.3648573092060663,2.534208720590805,2.2803672257794325,2.2927953993440995
0.4,0.3,0.7,1.0,0.2,0.4,0.9,0.7,1.0,-1.6907198814785185,2.8508385357052224,2.7686795053641764,1.6107835278267768,1.266834678581936
0.4,0.4,0.5,1.0,0.7,0.9,0.5,1.0,0.7,-0.13293744865951138,0.9645084093982832,1.0358266085602403,1.3759697716886055,1.223295568878089
0.6,0.2,0.0,0.1,0.4,0.1,0.0,0.4,0.8,0.30977461822037816,0.8803855177961886,0.7850076635309253,0.05191912526634754,-0.06376914139856558
1.0,0.1,0.9,0.2,0.3,0.8,0.2,0.9,0.7,0.46201598059092813,0.5244140527841805,0.6755584992070895,0.6367397803806584,0.469441765355431
1.0,0.7,0.1,0.0,0.0,0.3,0.9,0.4,0.0,-0.984635419344311,1.8922323895255864,1.7635843097070354,-3.6383374342820356,-3.7628299770961418
0.0,1.0,0.6,0.9,0.4,0.9,0.4,0.2,0.0,0.4066159521405392,0.49664055830099685,0.3391364465414891,1.6251855448692138,1.5390591322739107
0.8,0.2,0.7,0.9,0.0,0.3,0.2,0.5,0.0,-1.2980625339400003,2.0543939097372843,2.105697600200355,-0.8118271719549038,-0.7976114705099023
0.2,0.9,0.4,0.8,0.7,0.1,0.8,0.0,1.0,-1.700508033515958,2.5980651193558906,2.4668131716495294,4.417044659044054,3.9301658801536328
0.0,0.3,0.4,0.2,0.5,0.4,0.2,0.8,0.9,0.5630078520206858,0.28976294172502176,0.34613590751265705,0.484825593395837,0.22421185560382897
0.0,0.9,0.5,0.4,0.2,0.6,0.3,0.4,0.4,0.2367933552035685,0.7903447257731263,0.8047626765157511,-1.357037972846168,-1.4653599390122696
0.7,0.9,0.0,0.6,0.8,0.3,0.0,0.9,0.5,0.19392300535552545,1.0301892513719833,0.7478287791910067,0.631948406773126,0.3251283748910902
1.0,0.5,0.6,0.9,1.0,0.7,0.8,0.7,0.6,-2.348075058879277,3.2595158727528686,3.283466390536433,4.554351605949791,4.269285699203907
0.8,0.6,1.0,0.0,0.2,0.5,0.3,0.2,0.1,-0.18605368053315893,1.1097046296609958,1.0293577083386607,1.540475191683795,1.3369982700805005
0.1,0.5,0.9,0.1,0.7,1.0,0.9,0.6,0.6,0.2716518155533539,0.8645540562109985,0.8652089431896821,4.473072805178557,4.3368042661062125
0.9,0.2,0.1,0.7,0.2,0.3,0.0,0.4,0.9,-0.459315518321912,1.3910129371343976,1.2938621146605085,-0.7405443841078652,-0.933823568473244
0.1,0.6,0.9,0.1,0.4,1.0,0.5,0.7,0.6,1.0133288623245758,-0.023114720161145075,-0.14534401536781236,3.939953311520671,3.6624431931070953
1.0,0.8,0.7,0.1,1.0,0.9,0.7,0.2,0.3,0.07058269925527433,0.951652634271183,0.7793351021955984,4.079489784839185,4.108003719995842
0.0,0.6,0.4,0.8,0.3,0.0,0.5,1.0,0.7,-1.6489900279214753,2.5678808960169186,2.3272162739001914,-0.14964787040294805,-0.20348389674238243
0.4,0.8,0.6,0.9,0.5,0.5,1.0,0.0,0.4,-1.3451236753745575,2.2041078054241927,2.1960338284724186,0.8177580578080483,0.5506973020638783
0.1,0.6,0.3,0.8,0.6,0.3,0.5,0.7,0.7,0.019623196139453625,1.2036610282545421,0.9950213225566819,2.5886956245625976,2.2640484975040382
0.4,0.2,1.0,0.2,0.5,0.7,1.0,0.9,0.2,-0.059664225847264385,1.0045099919302654,0.7464498770231817,-0.5437794822173256,-0.5382423817293225
0.0,0.0,0.5,0.1,0.1,0.9,0.4,1.0,0.5,0.21360337101544147,0.7118538211655903,0.4935778493444719,-0.6105626461685313,-0.99513451063304
0.1,1.0,0.2,1.0,0.4,0.0,1.0,0.0,0.6,-2.705117096962822,3.7370366754019466,3.6271699278638883,1.1163357524415094,0.7467718156994366
0.5,0.5,0.7,0.3,0.2,0.1,0.5,0.3,0.3,-0.6074436626490748,1.4927954943134292,1.383452759341744,0.5518691544706901,0.43041202670204315
1.0,1.0,0.1,0.4,0.6,0.1,0.8,0.6,0.5,-2.505149226728904,3.570507023687821,3.6703484017140253,3.425194274495131,3.265519212994222
0.3,0.4,1.0,0.1,0.3,0.2,0.3,0.3,0.2,1.116812430078718,-0.18050618343446762,-0.14394184966872126,-0.30261818448016514,-0.39428240821743943
0.1,0.8,0.4,0.5,1.0,0.7,0.2,0.7,0.5,1.0968324370659697,-0.1932194896777043,-0.21617734200016742,3.0562919265740396,2.689878774055946
1.0,0.4,1.0,0.6,0.2,0.9,0.3,0.0,1.0,0.03624342017539731,0.9329832742838736,0.9345416568295501,2.5102344651606474,2.1963321901933415
0.5,0.8,0.2,0.8,0.2,0.0,0.4,0.8,0.0,-0.7707282088750734,1.9058859106798618,1.7411773872770042,-0.9098822770449791,-1.0589986720809996
0.1,0.4,1.0,0.4,0.9,1.0,0.8,1.0,0.5,-0.238784257132588,1.2900237201475617,1.052084512785397,3.493883459240228,3.2491667219346967
1.0,0.6,0.6,0.5,0.7,0.6,1.0,0.9,0.3,-3.005606641877187,3.805872029565931,3.756905985365548,1.578259358457675,1.43225753937696
0.0,0.4,0.2,0.6,0.4,0.6,0.6,0.4,0.7,0.10693874136446466,1.2456185650429883,1.0762025101217922,0.23091993694559904,-0.09186535704206836
0.4,0.2,0.6,0.1,0.7,1.0,1.0,0.5,0.8,-0.06746825863563698,1.1312211044467981,0.8784793714023411,2.0182469356875483,2.0011288623820302
0.0,0.5,0.8,0.4,0.4,0.9,0.3,0.1,0.8,1.4776331420638167,-0.3156036630335204,-0.3901329379713899,3.3597651738816,3.0729815738686193
0.7,0.1,0.2,0.2,0.5,0.2,0.1,1.0,0.7,-0.48754191111914663,1.4882014248581255,1.1975044549776395,1.121610345604945,0.519847498324099
0.2,0.3,0.5,0.8,0.8,0.5,1.0,0.5,0.3,-1.2067067984198654,2.0693682151666914,1.9939979568068227,1.063018795456179,0.7509140886069752
1.0,0.1,0.0,0.7,0.3,0.0,0.9,0.2,0.2,-3.332016949738664,4.56325303369034,4.4561946584481795,1.3482328261853467,1.0374259884644519
0.0,0.3,0.7,0.7,0.4,0.3,0.0,0.4,0.0,1.2121906545828836,0.05388359135286888,-0.0614760040760107,-1.3570582103158113,-1.5344831458313923
1.0,0.8,0.1,0.2,0.2,0.7,0.8,0.8,0.4,-0.3216397268922718,1.0885269982826302,0.9615824837191337,0.1189543241286447,-0.09752179742257197
0.9,0.9,0.8,0.3,0.5,0.7,1.0,0.7,0.5,-0.8161338586544669,1.8198342263309852,1.763224410706671,3.40506980301672,3.310129959397316
0.5,0.8,0.9,0.9,0.5,0.3,0.4,0.0,0.6,0.52243742874795,0.4480976930011394,0.29678143780737914,0.1647138802530772,0.023211048519051147
0.5,0.2,0.9,0.8,0.5,0.4,0.7,0.4,0.5,-0.5994134394528875,1.4900189122054708,1.530425582034017,-0.10261720349514707,-0.2602515512785076
1.0,0.0,0.2,0.2,0.9,0.3,0.6,0.9,0.7,-1.3122119466434623,2.3693208245443254,2.5166717894090875,0.9460308359560541,0.9429056485525803
0.2,0.4,0.1,0.0,0.9,0.1,0.7,0.8,0.3,-1.3065868505784564,2.0281633444711336,2.1018212875781193,2.986015715695876,2.5551388260501655
0.9,0.4,0.2,0.9,0.5,0.1,0.1,0.5,0.4,-2.1716563100693986,3.1132354613754263,3.077032589456547,1.2546108160119531,1.3196538514804754
0.4,0.7,0.8,0.4,0.4,0.0,0.3,0.9,0.4,-0.2479980925839007,1.3305943636547097,0.9091865719142946,-0.2670491218615931,-0.41681379482381714
0.7,0.1,0.8,0.5,0.6,0.1,0.6,0.9,0.1,-2.824175161617762,3.7052362334493507,3.7434218810980457,3.3113007985779483,3.14603238014319
0.6,1.0,0.6,0.3,0.9,0.5,0.4,1.0,0.8,-0.3488853232604859,1.268795492579788,1.1279642923350297,1.5588592988617591,1.2355915397652295
0.6,0.2,0.7,0.0,0.3,0.7,0.4,0.4,0.6,0.938244777254392,-0.027415163690125668,-0.2142837374903141,-1.1386781401260113,-1.3700745242999541
0.7,0.4,0.8,0.0,1.0,0.3,0.7,0.1,0.6,0.04334520387694448,0.8722250809130864,0.7056546390536362,3.8302873968449256,3.719390736323879
1.0,0.7,0.1,0.4,0.9,0.8,0.7,1.0,0.8,-0.3882837196515937,1.083061939524599,1.0392311573992121,1.4606719125999263,1.391411989901627
0.9,0.0,0.9,1.0,0.4,0.4,0.2,1.0,1.0,-2.7306302277723495,3.634780525998674,3.582382157566468,1.0225211711077333,0.6006792898418984
0.0,0.5,1.0,0.6,0.6,0.2,0.4,0.6,0.4,-0.37911070790823315,1.7375295534596786,1.330816483774307,2.540788703324818,2.554347458670339
0.6,0.7,0.2,0.0,0.0,0.5,0.2,0.3,0.3,0.7376073754632186,0.1817336266990473,0.10564080391223586,-2.0091848746534735,-2.3149128081792636
0.7,0.9,0.4,0.2,0.3,0.8,1.0,0.5,0.3,0.33328242696668714,0.6788662556057558,0.7498744106599594,-1.3107985862411249,-1.7151826200397906
0.7,0.6,0.2,0.6,0.7,0.6,0.5,0.1,0.9,-0.5478867363556332,1.3081908699808518,1.3272948876079584,4.233398021743553,3.9473914694261816
0.5,0.6,0.8,0.8,0.2,0.7,0.0,0.8,0.7,1.5640794591343006,-0.47746841885974145,-0.6253188704553788,1.919377519169662,1.6308448290726052
1.0,0.3,0.2,0.0,0.1,0.5,0.7,0.6,0.2,-1.8817667222760168,2.952440352937715,2.7910807571255947,-0.07640772858424175,-0.12806850658561292
0.4,0.2,0.9,0.3,0.5,0.3,0.3,0.5,0.9,1.0505240478902367,0.17200940980782503,-0.05666627500167866,0.02539982219513595,-0.150402174493264
0.0,1.0,0.9,0.0,0.2,0.9,0.9,0.4,0.8,0.9243887829409082,0.07994477057412033,0.08834895317124672,0.3597741332572395,0.3535635623652429
0.8,1.0,0.3,0.8,0.2,0.5,0.5,0.5,0.6,-0.9612961562128202,1.951224081625175,1.966454786957344,0.5429173595460524,0.12526910305028008
1.0,0.6,1.0,0.1,0.1,0.8,0.0,0.3,0.1,0.7696310156509593,0.07171207231652729,-0.03120963309079272,0.02813305224310375,-0.09645614905937906
0.8,0.7,0.2,0.4,0.9,0.2,0.0,0.7,0.2,-0.20368052268696998,1.183228940415767,1.1291424327558617,3.4607157067549896,3.143460924444119
0.1,0.7,0.4,0.8,0.2,0.3,0.7,0.5,0.7,0.36872469975615574,0.5375690287259004,0.3913391741201838,-0.21418384440505484,-0.36422408599526496
0.5,0.2,0.9,0.7,0.7,0.4,0.1,0.2,0.9,0.5307809519167899,0.4608372553981962,0.27490366162146207,3.394051143524245,3.173505285997442
0.0,0.9,0.8,0.2,0.4,0.0,0.9,0.5,0.2,-1.5571632743493735,2.5821449524154674,2.291322467782203,0.19929381993602388,0.012156627096854555
0.8,0.3,0.6,0.4,1.0,0.8,0.5,0.5,0.1,0.3885433038627338,0.8144853348043233,0.5922636714261953,1.6587087537800542,1.675584774091882
0.2,1.0,0.9,1.0,0.2,0.5,0.1,0.9,0.8,-0.49204659882010704,1.6484797283308381,1.5352110431513857,1.5485670089053254,1.2416622407375537
0.9,0.8,0.2,0.2,0.7,0.9,0.6,0.1,0.8,1.226964161739743,-0.12256721765225369,-0.21710382398666564,4.661929143447226,4.419621417603669
0.6,0.4,0.5,0.5,0.8,0.1,0.9,0.7,0.6,-1.7684363400477774,2.853616434226949,2.7766132431461537,4.53039534391434,4.464183634063687
0.0,0.4,0.0,0.2,0.1,0.9,1.0,0.0,0.6,1.183168773703767,0.0007010831175804089,-0.008586972495139178,-0.028941909084055584,-0.2353558737434479
0.2,0.0,0.3,0.9,0.6,0.4,0.5,0.6,0.8,-1.347996196913354,2.3130503937346236,2.0139141723823064,2.3052003643697487,2.0769590754531846
0.5,0.4,1.0,1.0,0.6,0.6,0.9,0.1,0.7,-0.929791034627265,1.781640023777965,1.6586253430715794,3.9070110502486153,3.8807571454666805
0.6,1.0,0.3,0.8,0.7,0.9,0.3,0.5,0.5,1.0025359375950536,-0.1545191345316659,-0.08609040047322374,0.4862718736621281,0.5561189996689514
0.2,0.0,0.5,0.1,0.2,0.8,0.0,0.0,0.9,1.6296124424325553,-0.6504207214632874,-0.9288906089375544,1.625305160013628,1.5241063983860765
0.7,0.2,0.2,0.4,0.7,0.0,1.0,0.1,0.0,-2.558641586133858,3.8404381376332934,3.4910206600801774,2.7070804440591236,2.38221677138106
0.2,0.2,0.4,1.0,0.1,0.4,0.8,0.1,0.1,-2.247469577602349,3.0984457295707215,3.05689010090958,0.3625874426731569,0.3239904089987245
0.8,0.1,0.3,0.7,0.2,0.5,0.6,0.7,0.6,-1.8983554167847738,3.0548491353629967,2.8114044769121365,3.133985618866269,2.941001150857249
0.4,0.7,0.4,0.4,0.1,0.7,0.4,0.8,0.0,1.349533287790975,-0.19349996337742953,-0.2208110230857569,-1.2207781374101796,-1.2742599064560505
0.5,0.0,0.4,1.0,0.6,0.0,0.3,0.7,0.9,-2.6863342628518407,3.7216693591161794,3.4550683068131995,2.800756848259337,2.8836114822933183
0.6,0.4,1.0,0.4,1.0,0.3,0.8,0.2,0.2,-0.36890436663787896,1.2623087934345116,1.1153847113941768,2.60086233325065,2.331612229417253
0.4,0.5,0.2,0.0,0.0,0.3,0.3,1.0,0.2,-0.1041044293970359,1.1978224599419425,1.157765301319818,-4.44611565766882,-4.597556654225025
0.8,0.6,0.5,0.2,0.8,0.5,0.8,1.0,0.9,-1.6940207249737067,2.4817934917780162,2.4067201616567884,2.6663774414099954,2.351936951690786
1.0,0.4,0.3,0.8,0.5,1.0,0.2,0.4,0.8,-0.5526463285938938,1.4419209354708933,1.2987615862003357,0.8104826517887467,0.5558353607800733
0.6,0.6,0.7,1.0,0.8,0.8,0.5,1.0,0.3,-0.7788288361268002,1.8996897768724588,1.7374538649592242,0.4899719928067749,0.27014626881659254
0.4,0.2,0.4,0.1,1.0,0.0,1.0,0.6,0.2,-2.4396628328761967,3.3531905891199862,3.3952026008583633,1.1087610955752434,0.8737746618680219
0.8,0.8,0.8,0.4,1.0,0.8,0.3,0.4,1.0,1.129140224762559,-0.038717005058802836,-0.3690656202802546,2.3519024448384585,2.199142094159087
1.0,0.2,0.4,0.9,0.3,0.8,0.0,0.0,0.4,-0.7493270632509234,1.5424986640946845,1.6857720238705687,0.028012192478024417,0.04301013303929241
0.0,0.5,0.5,0.6,0.6,0.8,0.4,0.7,0.5,0.6131899610538999,0.4752034292844396,0.5198998776257999,2.416095762826425,2.1859328522900756
0.5,0.4,0.0,0.4,0.6,0.4,1.0,1.0,0.7,-1.0563959986198408,1.913665562366831,1.7718414095627473,-1.3348303960328287,-1.5233121431847043
0.3,0.8,0.4,0.8,1.0,0.1,0.1,0.7,0.8,0.26570497441713636,0.8037906637164294,0.5136598417334671,4.81759029389439,4.538151694031336
0.6,0.4,0.0,0.5,0.5,1.0,0.0,0.6,1.0,0.4711967396890811,0.8761598064716745,0.44350951262232635,3.0311377114514753,2.909156333313463
0.0,0.2,0.5,0.1,0.4,0.6,0.6,1.0,0.6,-0.5935772902569565,1.3769817112123919,1.4100514948714382,0.1587290540457068,0.23985403526448196
0.9,0.8,0.3,0.3,0.4,1.0,0.6,0.6,0.9,0.12984409070266206,0.8261941758784604,0.9938699169800185,3.4633794444122685,3.292190513182027
0.8,0.6,0.8,0.0,0.8,0.4,0.2,0.2,0.5,0.03826404461208109,0.8715871875709862,0.7273343368696432,2.915128546150082,2.7784915258130196
0.4,0.5,0.1,0.5,0.4,0.7,0.8,0.2,0.3,-0.48807046261600995,1.3251757513007065,1.1652719829660332,0.47486375349226273,0.29430396652266916
0.5,0.4,0.5,0.9,0.2,0.5,0.6,0.2,0.5,-1.043456252685616,1.9150113731196707,1.7533040962260065,1.3567183487666967,1.0434514572166582
1.0,0.2,0.6,0.7,0.3,0.6,0.6,0.2,0.5,-1.3239676159752465,2.273271496618495,2.1507871376688623,3.424954038895285,3.216709517515839
0.1,0.3,0.2,0.3,0.6,0.5,0.0,0.8,1.0,0.6110764757948371,0.4591708556884432,0.49495415655307734,2.929219475069769,2.729981111633099
0.3,1.0,0.9,0.4,0.4,0.8,0.4,0.3,0.9,2.0152396611166767,-0.9273853401556695,-1.0345691567505482,1.2753845378818152,1.108974270271728
0.1,1.0,0.9,0.6,0.4,0.9,0.7,0.1,1.0,0.6487451009099526,0.28951273040675407,0.19745444289326766,5.304638448772778,5.096053251655189
0.7,0.7,0.0,0.3,0.3,0.1,0.6,1.0,0.3,-0.638305897862667,1.543541507315319,1.3713687619956572,0.05666016765714312,-0.12605492356184364
0.3,0.8,0.5,0.0,0.5,0.9,0.0,0.3,0.7,2.5877556315321697,-1.5469547667587957,-1.8636681970391733,1.7971015341592533,1.4302821288892378
0.3,0.1,1.0,1.0,0.1,0.1,0.3,0.6,0.3,-2.1560737848462863,3.1165547127766935,3.1106038833612266,2.069127728658688,1.7606561133331098
0.1,0.8,0.0,0.1,0.5,0.9,0.1,0.0,0.2,2.393598367170591,-1.3951178802938524,-1.3904533246796693,0.7317248194981841,0.3356884438331146
0.7,0.8,0.2,0.8,0.7,0.1,0.6,0.4,0.7,-0.5786596821256499,1.6655332150656663,1.652550718110394,2.667096696335065,2.45659235486347
0.9,0.0,0.0,0.3,0.1,0.3,0.9,0.0,0.3,-1.6725071270632994,2.3770096126293523,2.4146839167636,-0.6823702838188233,-0.9681391115318352
0.8,0.2,0.9,0.8,0.5,0.4,0.8,0.8,0.9,-1.861638827340243,3.035610452720145,2.732683947209969,3.5137466749083495,3.4016964627086548
0.2,0.2,0.6,0.7,0.9,0.1,0.6,0.4,0.2,-1.1603499745259953,2.3479424955417048,2.227833351499792,2.6444198550134,2.5291661884428933
0.8,0.2,0.9,0.9,0.2,0.3,0.5,0.5,0.7,-1.1786227808565226,2.126261608163588,2.1216351953199872,0.6504952020952407,0.5850830154621549
0.2,0.8,0.5,0.2,0.6,0.9,0.6,0.9,1.0,1.5089633231225603,-0.39726931967912643,-0.3855634973760877,2.77033835701552,2.6892126453843215
0.5,1.0,1.0,0.9,0.9,1.0,0.1,0.9,0.3,0.09812924930662158,0.9191532410345821,1.0548208345891958,2.065752508388212,1.5976434643377584
1.0,0.4,0.0,0.8,0.7,0.2,0.3,0.3,0.4,-0.9454441922059719,1.7220986231736073,1.8233015064335958,0.5590484152436523,0.12564181168527389
0.0,1.0,0.2,0.0,0.4,0.2,0.6,0.8,0.0,-0.3292632455844382,1.2760775053332454,1.3221428131500308,-0.31011270926544715,-0.42139250189452643
0.6,0.9,0.5,1.0,0.1,0.3,0.9,0.4,0.9,-1.963524011394613,2.913123141680402,2.806934212979035,-1.248391407752442,-1.5384191255475348
0.9,0.9,0.6,0.1,0.7,0.9,0.3,0.5,0.8,0.7024661703748393,0.43007449948443366,0.22056987758400526,2.6372653434275315,2.2942828420087302
0.4,0.0,0.4,0.5,0.3,0.1,0.7,0.3,0.0,-1.4844591270963534,2.5266192351913634,2.4650198757388826,0.796532592960186,0.5569759886609243
0.3,0.2,0.0,0.5,0.5,0.6,0.4,0.8,0.5,0.06836432837457376,1.1067135751134776,1.0707521343186261,1.0635650980686158,0.9659986061324318
0.9,0.6,0.2,0.4,0.7,0.7,0.3,0.7,0.8,-0.044719745171810876,1.0295532449938638,0.8824364802483646,3.1345167247570664,3.1507241674627022
0.7,0.0,1.0,0.8,0.7,0.1,0.7,0.1,0.0,-1.5252874438815205,2.472932207048207,2.580846576198747,5.8723471704216745,5.6748320664306
0.4,0.4,0.0,0.5,0.8,0.2,0.1,0.7,0.2,0.2827073363177724,0.8266712396260005,0.6535207393423416,1.9239698503644884,1.548417439063091
1.0,0.4,0.2,0.8,0.2,0.3,0.3,1.0,0.5,-1.292403615773777,2.432449506848841,2.066300809599061,-2.3602180942820055,-2.66134044707469
1.0,0.4,0.0,1.0,0.8,0.5,0.3,0.2,0.6,-1.8741662084238204,2.787776474867007,2.716296210760779,2.1274850805266703,2.0926429462956895
0.0,0.6,0.3,0.4,0.8,0.4,0.6,0.7,0.2,-0.9728685338845025,1.9429758441988751,1.8790552536486147,1.3573710075385792,1.3498329120425958
0.0,0.1,0.3,0.8,0.2,0.0,0.2,0.1,0.3,-1.8916878080637136,2.9179138037580414,2.636512770269569,0.897465355908633,0.6327372378475584
0.1,0.0,0.3,0.2,0.9,0.5,0.8,0.3,0.6,-0.5499700161382446,1.4580181842594409,1.4393632422484373,2.4206798822792606,2.2109441647389083
0.8,0.9,0.5,0.9,1.0,0.2,1.0,0.9,0.8,-2.484258940477359,3.6086825320611697,3.4606680138210795,2.6768628178285243,2.6525676576808763
0.1,1.0,0.6,0.0,0.8,1.0,0.7,0.9,0.6,0.2979102363811356,0.9767407693254857,0.8449966325812719,3.040745345896418,3.0978589295819257
1.0,0.6,0.6,0.1,0.9,0.6,0.8,0.7,0.5,-1.7732150985108293,2.704877714942253,2.5448373721458992,4.312827632799946,4.311282030235492
0.7,0.9,0.8,0.0,0.9,0.9,0.3,1.0,0.2,0.43895193176256714,0.6339290553402201,0.5505786982607395,1.0989621573812276,0.8643315719666731
0.3,0.0,0.3,0.5,0.8,0.8,0.6,0.3,0.2,0.03543581892406038,0.859657328555449,0.666548962056177,1.1696943553115862,1.097604926432826
0.1,0.9,1.0,0.3,0.2,0.6,0.2,0.2,0.7,1.7924892827446806,-0.9323254687091576,-0.9122750519180651,3.4440021291536085,3.201253885814073
0.9,0.9,1.0,0.8,1.0,0.1,0.0,0.7,0.1,-1.2742221898809283,2.1993910071897576,2.2907218051226494,5.591420598990672,5.284533329096645
0.9,0.8,0.3,0.5,0.5,0.3,0.5,0.9,0.6,-0.9109492517569707,2.0277600290750932,1.9986797628601929,-0.06777231874336462,-0.23437313784985364
0.0,1.0,0.4,0.3,1.0,0.9,0.6,0.3,0.5,1.4892272246371137,-0.26577873603243685,-0.43236388628977496,2.207735612755789,2.091554524366735
0.9,0.6,0.8,0.6,0.7,0.8,0.3,0.5,0.6,0.5602404124553572,0.4764063518746927,0.3056149933355976,2.3231177287372726,2.1304590660492275
0.3,0.6,1.0,0.7,0.2,0.4,0.8,0.1,0.3,-0.12569886780408496,1.084598424659583,1.235321348670579,1.6742984812085207,1.340693326998193
0.6,0.5,0.5,1.0,0.0,0.1,0.5,0.5,0.3,-2.71180493383744,3.623898621591566,3.604107427596775,-0.1675938829814166,-0.3201640825328316
0.3,0.4,0.8,0.8,0.9,0.7,0.8,0.6,0.0,0.14507649222583857,0.797459892777121,0.6179301906216731,2.9050796664580245,2.8361470729099683
0.5,0.4,0.5,0.7,0.4,0.3,0.9,0.9,1.0,-0.9654165284873335,2.0670710676988757,1.915394317617677,-0.866288096409161,-1.0420018782224607
1.0,0.8,1.0,0.8,0.5,0.7,0.6,0.4,1.0,-0.31028967182746825,1.414845122414113,1.3774508247991186,1.9471934079502127,1.858824053905487
0.7,0.5,0.7,0.2,0.4,0.2,0.6,0.0,0.1,-0.6018469628854729,1.4130944278908733,1.4022154257798998,1.7973436345871225,1.429444781425792
0.7,0.7,0.8,0.4,0.2,0.5,0.2,0.6,1.0,0.23009624209271196,1.0707735230623547,0.7168304630933828,2.9070335471699593,2.630945996387344
0.6,0.6,0.0,0.9,0.5,0.0,0.3,0.2,0.8,-1.2822930867015436,2.2138045093977174,2.0336412681334144,2.056236502397079,1.6751091269379628
0.4,1.0,0.9,0.5,0.4,0.3,0.8,0.5,0.7,-0.11146702729461236,1.078098200584638,0.8532106399300898,0.48279765850638967,0.26970248295770183
0.8,0.2,0.0,0.6,0.4,0.9,0.5,0.0,0.6,0.3906055731846184,0.687599968432605,0.6819228522343547,2.0561139873428522,1.7223637130020828
0.4,0.7,0.0,0.8,0.8,0.1,0.5,0.8,0.7,0.3553250711980608,0.7511316492002683,0.7035353721273041,2.850435795441576,2.566999610305532
0.5,0.4,0.8,1.0,0.7,0.4,1.0,0.5,0.2,-2.0899005259135808,2.6744837061826527,2.9647071094900523,-0.6067127143275,-0.7276143488312833
1.0,0.8,0.7,0.6,1.0,0.6,0.0,0.6,0.1,-0.5824905729586496,1.4500351151468576,1.396598034153583,3.6487286416857367,3.3855198282435093
0.1,0.1,0.4,0.9,0.5,0.2,0.6,0.2,0.7,-1.5145018641055434,2.7409209037565234,2.276198350335423,3.386989608857488,3.6215954881360837
0.6,0.7,0.6,0.4,0.3,0.7,0.7,0.7,0.8,0.8353494434638541,0.2539202099664578,0.21355356971047912,3.3962963350346733,3.1781022070599
0.7,1.0,0.6,0.3,0.6,0.1,0.2,0.1,0.0,-0.3855865250770272,1.1315650625159543,1.058774439996547,4.112362296356839,3.7380014453829626
0.6,1.0,1.0,0.5,0.9,0.3,0.7,0.8,1.0,-0.8617298617320137,1.6951343223696145,1.7895903183145352,3.7300450564154737,3.3448780825424524
0.3,0.4,0.6,0.8,0.2,0.8,0.0,1.0,0.5,1.476879205321917,-0.29912713923534245,-0.6088995714455084,-0.04075243419715055,-0.2713605920477117
0.3,0.0,0.1,0.2,0.1,0.7,0.0,0.9,0.5,1.343061208916904,-0.2861884585402375,-0.5135765385173093,-0.9616145706373953,-0.9775887294363523
0.0,0.8,0.0,0.7,0.0,0.9,0.7,0.9,0.3,0.8354225534166474,0.11530743321088441,0.18623979093145843,-0.24602419875112463,-0.7537883192189704
0.4,0.7,0.9,0.2,0.4,0.7,0.5,0.6,0.1,2.219003764343685,-1.1765739302668679,-1.1134939882474921,0.42989709938883425,0.3164069585823584
0.6,0.8,0.1,1.0,0.0,0.0,1.0,0.4,0.3,-2.8379727488444835,3.701106372698706,3.7622090343192505,-2.2086370218337104,-2.336446620744121
0.9,0.4,0.5,0.2,0.5,0.7,0.5,0.7,0.1,-0.22748012513964552,1.1933308945610266,0.993325089394133,2.0669138847192827,1.8623141027234065
0.6,0.9,0.1,0.3,0.7,0.5,0.3,0.3,0.8,0.560435786057659,0.08005159565913841,0.14701765436240594,0.9106606564096409,0.8919385681089027
0.4,0.2,0.2,0.9,0.9,0.0,0.9,0.0,0.0,-2.6997075365666436,3.8282779825032676,3.8465201366035298,0.833473319595917,0.4187598731739127
0.8,1.0,0.2,0.5,0.5,0.1,0.0,0.6,0.8,-1.3016467243154368,2.357565418905708,1.977232242755378,4.172078938592339,3.869790022944241
0.1,0.7,0.5,0.6,0.3,0.9,0.0,0.3,0.3,1.9478867662392991,-0.9555971514768821,-1.2006078371628115,1.0598406613661209,0.929637897402004
0.4,0.1,0.4,0.0,0.7,1.0,0.6,0.7,0.3,-0.7591197415710071,1.628897013038653,1.5793266177287593,2.6530441394217075,2.5733265174615707
0.6,0.4,0.5,0.3,0.2,0.2,0.9,0.3,0.6,-0.26925036572379213,1.105747504068451,1.0380519464367406,0.5044527939327187,0.3512563489728372
0.1,1.0,1.0,0.9,0.3,0.1,0.5,0.2,0.9,-0.7575134681010303,1.685337636347985,1.645489481010658,4.4634980419100225,4.4806749463411375
0.4,0.5,0.1,0.2,0.1,0.9,0.2,0.6,0.8,1.8122444834658569,-0.9995517833123566,-1.1093354687164363,0.6682351490751983,0.4531591654117948
1.0,0.8,1.0,0.4,0.6,0.3,0.9,0.1,0.5,-0.9000336857697735,1.8876791226633531,1.8478849098104217,3.077773426195965,2.870162195070547
0.3,0.9,1.0,0.1,0.0,0.5,0.0,0.5,0.0,1.1358718406104988,-0.16821235866209142,-0.2155842353123594,-0.4605739100904266,-0.4553274327817938
1.0,0.7,0.1,0.6,0.0,0.9,0.7,0.6,0.7,0.11701501695287958,1.071541116980092,1.0049867812331033,2.4745540275142703,2.1298713612251654
0.2,0.3,0.0,0.8,0.4,0.3,0.0,0.2,0.6,1.7239512167607391,-0.6262383263293323,-0.683191605953459,1.2712419806063049,1.1160028700479698
0.8,0.9,0.2,0.0,0.9,0.0,0.7,0.6,0.5,-2.4796077567359323,3.1858649582777745,3.1454288522311487,3.43100544349246,3.2273761654178728
0.4,0.4,0.7,0.6,0.3,0.1,0.7,0.2,0.1,-0.7625915091709499,1.8689332529862008,1.8953008600526162,2.767677347585442,2.6879836183411316
1.0,1.0,0.2,0.8,0.8,0.0,0.2,0.7,0.7,-1.7949490179490046,3.0803414897470356,2.909180240257764,3.7512725138950183,3.5002385532839284
0.6,0.9,0.0,1.0,0.3,0.3,0.9,0.4,0.8,-1.1591498617495544,2.231846578340284,2.1518883097262913,-2.1287057921822155,-2.2524873404135506
