X1,X2,X3,X4,X5,X6,y1,y2,y3,y4,y5
0.5,0.0,0.3,0.3,0.7,0.9,-0.1946320826175506,0.8499904273077781,0.8541740704326624,0.8504897810477366,0.6358454046451358
0.3,0.5,0.2,0.4,0.7,0.6,0.846982535418489,0.06946488643646354,0.07618913028388258,0.23413190822970312,-0.12577474075384482
0.8,0.8,1.0,0.1,0.6,0.7,1.0521287924522333,0.0438107174024774,-0.027501349871088224,3.0756258707164084,2.725343211716958
0.7,0.8,0.1,0.5,0.9,0.8,1.0853220401675112,0.11183650323315558,-0.0468876900059098,3.79165661496932,3.6748839404913696
0.9,0.4,0.3,0.0,0.3,0.5,0.9468758769669527,0.32675053781378693,0.07347134072877363,1.6589137275416252,1.494997538129835
0.0,0.2,0.3,0.8,0.1,0.3,0.8944396239334537,0.015256007830508816,0.1182325966256679,0.24353496220945853,0.08498070347716716
0.3,0.3,0.7,0.0,0.1,0.9,0.558936926175543,0.8064278079584442,0.5881219200988103,1.262513863967426,1.199276671533021
0.9,0.0,1.0,0.4,0.7,0.3,1.0116917023871437,0.03970766601002445,0.00035329148388024175,1.2334666227649504,0.7582066909017284
0.2,0.7,0.2,0.0,0.0,0.4,0.8882638790759394,0.09876481215923702,-0.12636673342782226,0.7281661070287659,0.4492364701936326
0.5,0.5,0.6,0.8,0.4,0.1,0.5126027818986701,0.43009853257166786,0.3048117377750621,0.632142778347303,0.46843236449739417
0.4,0.9,1.0,1.0,0.8,0.1,0.5350812690500462,0.34706926064882687,0.2953305403187558,1.9701367688751863,1.8472827796121851
0.1,0.7,0.9,0.9,0.3,0.6,0.9090566367495909,0.14139648574951313,-0.05645692962391823,2.5728482985777714,2.468005042487838
0.7,0.2,0.0,0.3,0.5,0.9,-0.008318743461034474,1.1676328081860963,0.8874841749176938,2.531547981804212,2.2968037910250425
1.0,0.4,0.4,0.6,0.4,0.4,0.953590411118931,0.056060577059659986,0.0009947398348686615,1.1439179315354056,1.1004919075050084
0.3,0.4,0.4,0.8,0.4,0.3,0.458169898368844,0.6285344647143087,0.3678749087007719,0.11112090200731144,0.045272753930842013
1.0,0.7,0.5,0.5,0.0,0.1,0.850580420006791,-0.0692401084160941,-0.046680102272212726,2.881644551283688,2.588065464305322
0.5,0.9,0.3,0.0,0.5,0.0,0.8943494657470096,0.06323191084911386,0.15980034736820006,0.08840924147551826,0.1589600326441889
0.1,0.2,0.4,0.2,0.0,0.3,0.04244328082851303,0.8217824776348494,0.8743525189549504,0.3567452090736373,0.1246577734242286
0.2,1.0,0.0,0.7,0.5,0.9,-0.012970389017563148,0.885965667957233,0.9739875026026429,0.458042895212242,0.094405406415809
0.0,1.0,0.2,1.0,0.7,0.2,0.9511829548981691,0.30550207450554956,-0.03180774579524575,0.3184530831321949,-0.02622385900396991
0.9,0.2,0.3,0.3,0.2,0.3,0.9135678093721352,0.25888233353753987,-0.03857916907534109,2.7037072358764522,2.5495774314079283
0.4,0.1,0.2,0.9,1.0,0.1,0.909206227796435,0.19195593764721589,0.061174698481704516,1.663913596243629,1.2821690393310738
0.4,1.0,0.6,0.8,0.2,0.3,1.0157923564804023,-0.028208947351505684,0.23008312248922938,1.7214330692673596,1.6230272320286594
0.0,0.0,0.6,0.0,0.6,0.3,0.7639088980274125,0.29518871584346595,0.26525270240565363,0.1607638473589177,0.1399028684695866
1.0,0.3,0.8,0.8,0.8,0.2,-0.04897309219799492,0.961315383984147,0.637293159391584,1.720895094270567,1.6315787623177518
0.3,0.2,0.0,0.8,0.8,0.3,0.1547870514514608,1.0763746847803064,0.9671047734677901,0.19245750356433589,-0.10565225624082397
0.8,1.0,0.2,0.8,0.4,0.3,0.8842956124680909,0.10065526486158899,0.04221202926286939,2.0544101530253696,1.8780276879652325
0.0,0.4,0.3,0.6,0.9,0.8,0.5687441939328285,0.427037460720014,0.3430903360294818,0.07653973760696416,0.012474342065033452
0.0,0.8,0.5,0.9,0.0,0.9,0.18930522546624326,0.9479628294782803,0.7625350883703842,2.8082694099814143,2.6952657450597135
0.6,0.5,0.3,0.1,0.8,0.0,0.21334934155584884,0.8716675945796906,0.6610375290577801,0.5663413693922337,0.3414914142517367
0.4,0.9,0.6,0.5,0.7,0.8,0.5460654050997593,0.4869768608028085,0.17360491044230075,1.1825579915057898,0.809187624515542
0.8,0.9,0.2,0.8,0.6,0.6,0.7910734243269787,0.08437703233152208,-0.025243698148255167,2.14260146883655,1.8262773110876525
0.9,0.1,0.6,0.8,0.8,0.3,-0.056284214865038346,0.899070068865978,0.9290021950985756,2.3717922825897553,2.112155796856103
0.2,0.3,1.0,0.6,0.3,0.6,0.9030119208801788,0.19903596911248977,-0.016172578945722535,0.676811508167894,0.8106052413039041
0.5,0.7,0.0,0.8,0.4,1.0,0.5281471677625093,0.5161207922451715,0.2855034334283749,3.0920912475312443,2.685051514225344
0.6,0.5,0.8,0.2,0.3,0.9,0.012879502399397386,0.9482366802588542,0.8638033550343468,3.013654130786737,2.7798834767610905
0.7,0.5,0.3,0.4,0.5,0.3,0.8120538678064548,-0.07102615151623445,-0.12392904558861713,0.20514571829457826,0.20816825621903845
0.3,0.7,0.9,0.9,0.9,0.7,0.5944504675499053,0.6256023762733492,0.452601100705847,2.98587672920761,2.801736614687761
0.3,1.0,0.2,0.3,0.9,1.0,0.5289687149909958,0.6218849823579684,0.6945988512000537,2.3526073916643977,2.2986397798229885
0.7,0.7,0.5,0.1,0.2,0.2,0.8843625234579398,0.06633655819865214,-0.06210630831434272,3.6239458297391702,3.492601232511152
0.8,0.1,0.5,0.8,0.4,0.0,0.3672999448870833,0.7604295911724313,0.7576801774331139,2.331566114269231,2.3093529989238797
0.2,0.5,0.5,0.0,0.8,0.1,-0.08361110898557182,1.0669230937194951,0.8814236101412217,-0.05473495073004486,-0.05499221089997408
0.1,0.0,0.3,0.8,0.8,0.4,0.09488730442623086,0.9528576353834799,0.6962341376940161,0.13474748954200533,-0.17091487885099815
0.4,0.0,0.9,0.3,0.7,0.3,0.1574535580297641,0.8805220095875023,0.8129562320604184,0.2503612803923366,-0.022197341443094414
0.2,0.1,0.1,0.2,0.1,0.4,0.37751915831950433,0.8315694870583691,0.5729604562175858,1.2632020447967067,1.1471265970509228
0.2,0.5,0.5,0.5,0.2,0.5,0.8141203855398613,0.055767375083254286,-0.00038956189950877646,0.9064307725390987,0.5958893690068138
0.7,0.7,0.6,0.1,0.6,0.7,0.6584995498865662,0.2998274779334662,0.05515495922688729,2.466569603545138,2.3426178355438094
0.2,0.3,0.1,0.9,0.5,0.9,0.9309527425851029,0.07277016950592484,-0.018558882238091823,1.3478116445366806,1.120177448720722
0.9,0.2,0.0,0.9,0.1,0.9,0.5102183498563277,0.5802984617605065,0.3135615557390985,4.247406610235635,4.046726701677493
1.0,0.0,0.6,0.0,1.0,0.4,0.7251514164830085,0.09566262814327613,0.1041303875171583,2.2355920616658866,2.1090775832140456
0.8,0.4,0.3,0.3,0.8,0.8,-0.0008816593305178447,1.054097263806613,0.8542587672278327,1.8464200757659455,1.629208490553707
0.7,0.0,0.3,0.8,0.7,0.7,0.18755874757278052,0.9013813481453021,0.5784786675027258,0.907695715371303,0.8616883896840379
1.0,0.1,0.8,0.4,0.7,0.0,0.06880996622716695,0.7157194767963301,0.7297906664214276,1.3650514822031046,0.9715693734730306
0.4,0.9,0.0,1.0,0.6,0.4,0.9780594147613004,0.093774249821662,-0.12571164474376126,1.2886966226535086,0.9316481758781693
0.2,0.4,0.6,0.3,1.0,0.3,0.7606778488735639,0.11298461254574137,-0.03589587959414979,0.5687387254573916,0.27790961612029064
0.7,0.8,0.5,0.0,0.8,0.5,0.003715693096638431,1.145802640706964,0.7890241934880401,2.972691846187388,2.6515682682959807
0.4,0.7,1.0,1.0,0.4,0.1,0.9880453568679167,0.1083536479143997,-0.08155270667688506,2.315057076659893,2.0765571228409128
0.3,0.3,0.9,0.2,0.5,0.2,0.5584069311965858,0.30633547438278314,0.3491861144596821,0.14536081276550067,0.03591074279821073
0.3,0.5,1.0,0.7,0.2,0.7,0.6688633099866844,0.25691362950437113,0.3093049522352255,1.2632300687025857,0.9431689198102804
0.1,0.6,1.0,0.5,0.0,0.0,0.8599260032774516,0.1369677217489793,0.0798243728844632,0.21874988866183706,-0.04801179622202478
1.0,0.3,1.0,0.1,1.0,0.9,0.9357675075021094,-0.00613755040990123,0.08775986531724482,3.9381678362271444,3.9039538035687364
0.9,0.6,0.6,0.7,0.8,0.8,-0.10905241299778741,1.13619492173117,0.954758620502825,3.0126280391774642,2.6840481179713214
0.7,0.0,0.8,0.6,0.8,0.9,-0.04312728925300041,1.0768762990452256,0.8849153555055708,2.010826899468824,1.8612799795826378
0.8,0.3,0.6,0.1,0.7,0.4,0.9052161441808043,0.26297042437155294,-0.0300608312747572,1.4858047549843851,1.1953602763508915
0.9,0.2,0.0,0.8,0.2,0.7,0.6315430121588731,0.5033575591064265,0.10047073321333025,3.6669902654691597,3.4181671711267074
0.8,0.4,0.4,0.1,0.7,0.6,0.006919124877627622,1.0496869538921751,0.7313368023077612,1.3184207246687774,1.1230843764846383
0.9,0.4,0.1,0.5,0.9,0.7,0.8192470154537308,0.0443077514109564,0.2163266213711788,2.6065782107451696,2.2531040770514306
0.1,0.3,0.5,0.7,0.3,0.6,0.7001635405801941,0.40400566682675765,0.1914465477857505,1.0425546930777925,0.806357353140216
0.6,0.7,0.9,0.1,0.9,0.6,0.3342873518006738,0.4947141687065464,0.36552615697588864,3.5932477256175614,3.3272443875066195
0.0,0.3,0.8,0.4,0.1,0.4,0.861275168366186,0.32892848788802453,-0.07711258261829462,0.6260583266551801,0.15076542074519148
0.5,0.0,0.3,1.0,0.1,0.4,0.8787108877433559,0.05763887379776858,0.07352096279568597,1.7103555530544539,1.376423094981136
0.4,0.4,0.0,0.0,1.0,0.8,0.6170511902543672,0.44243753307856787,0.3909328004759887,1.1784397065127608,1.1510726901318689
0.4,0.6,0.9,0.3,0.3,0.2,0.8814768566659439,0.07950963625142894,0.1261704429648321,2.0871835778274628,1.5475561168146648
0.1,1.0,0.2,0.1,0.3,0.4,0.8360476216565911,-0.12015398825308454,0.12152468627358315,0.7764621945232104,0.6235128510628087
1.0,0.1,0.1,0.0,0.7,0.8,0.060198344889823396,0.9908769301787341,0.8748387940294776,2.4252093870720723,2.3638094349255345
1.0,0.4,0.3,0.5,0.6,0.3,0.8593392919073035,0.023871073309931587,0.10385627516712742,0.4163556039313335,-0.009137738551411393
0.2,0.9,0.8,0.1,0.4,1.0,-0.045617763182475096,0.9801144381397493,0.8886845030265691,1.950213651699175,1.8391229295763087
0.0,0.8,0.3,0.9,0.5,0.5,0.7265444016382836,0.1991440366406696,-0.12521052780371605,0.5482322905300896,0.4839409658599636
0.1,0.7,0.8,0.6,0.4,0.7,0.6335618055992086,0.5405098252354029,0.21556800132918577,0.9352820240019909,0.720281409118565
0.3,0.5,0.3,0.6,0.4,0.7,0.7564619928484138,0.30940775567108286,0.12133804040374233,0.09714775036549574,-0.14633963562162597
0.3,0.0,0.5,0.9,0.3,0.7,0.7024806061753976,0.3562224097068603,0.1116810139131862,1.8912218648923103,1.5831470168290633
0.5,0.5,0.8,0.0,0.8,0.3,0.32193059775710536,1.169952461193418,0.9861932861121618,0.31103480773323167,0.20110032596705182
0.6,0.9,1.0,0.3,0.2,0.7,0.5950337981106029,0.332779518313178,0.30901106716591975,3.8226286811900296,3.641495333661728
0.0,0.3,1.0,0.0,0.3,0.6,0.8920150731688861,-0.033218739165684574,0.0451555605073701,1.1155056575437245,0.7427819645608554
0.1,0.9,0.2,0.9,0.4,0.9,0.7551720753209623,0.5027701432187339,0.2069947677044361,2.025121594372918,1.9640685085019178
0.1,0.3,0.2,0.4,0.9,0.7,0.8105726251312066,0.307019684757423,-0.000780273616884378,0.8450459428304129,0.7527076747533595
0.4,0.9,0.4,0.1,0.2,0.7,0.19411387682845058,0.49219658788406384,0.34613076171160695,2.464790363299512,2.2999101425198054
0.2,0.3,0.9,1.0,0.7,1.0,0.2763873541552726,0.7302170340991584,0.7094224072828232,2.3023034126243753,1.9883822377714926
0.6,0.6,0.2,1.0,0.3,0.6,0.8301865302746563,0.23282688085750955,0.0873205254504061,3.418481667507355,3.1977302077272114
0.0,1.0,0.8,0.0,1.0,0.7,0.012924766266407768,0.9162285340201317,0.756001473425798,1.21953409438746,1.2782826221304402
0.6,0.5,0.9,0.6,0.5,0.2,0.5716594757558077,0.4218238766493125,0.2808318434976138,0.6574374560577076,0.334524858535768
0.7,0.1,0.9,0.2,0.2,0.5,-0.07715623586930151,0.9343265963656937,0.5679569858347961,3.5552015820618257,3.2101028042107362
0.6,0.4,0.2,0.2,0.1,0.0,0.916464822617863,0.11344903766737885,-0.12350362593766845,1.5281698171787412,1.209477170095353
0.9,0.0,0.2,0.8,0.3,1.0,1.0017931350743978,0.049490847478554395,-0.037071953398289004,3.3745107448846046,3.331313938054575
0.0,1.0,0.8,0.8,0.1,0.0,0.24533000479539596,0.7601762338408267,0.5550940964980545,0.6434868815430804,0.4101747410617921
0.5,0.8,0.2,0.3,0.5,0.3,0.9485325994843163,0.14875791935749522,-0.00894851142241761,1.1405748481755658,1.2243819918559111
0.8,0.6,0.4,0.6,0.3,0.6,0.9507502882600628,0.022522418640461478,-0.13793812210515963,2.6225503805892147,2.294673203609425
0.2,0.6,0.5,0.5,0.9,0.4,0.8285302641210078,0.03697483703307865,-0.0005788843618328754,0.989528491458429,0.5988262765685113
0.6,0.5,0.1,0.3,0.3,1.0,0.3273221839033561,0.8323938092559746,0.5163956879653625,3.5657467058087597,3.0483012663893576
0.8,0.9,0.5,0.5,0.6,0.0,0.9776645302312582,0.009083383970568432,0.007382180275687697,1.536857436292108,1.5409467965783077
0.9,0.7,0.5,0.1,0.5,0.6,0.8662701398209187,0.06691579495637467,-0.01154090128164708,3.2303669780787487,2.766279131227071
1.0,1.0,0.6,0.8,0.7,0.5,0.34087102168248395,0.47776137323939305,0.40292339307363434,2.1365125025367497,1.8426766672360086
1.0,0.3,1.0,0.2,0.9,0.9,0.4519657632870866,0.6040664574162464,0.4866787695223314,4.062851922477335,3.88865156311118
0.3,0.2,0.5,1.0,0.4,0.1,0.8791705153806432,-0.08619410067744541,0.11327535057611615,1.4580607918925108,1.442639467344774
0.5,0.8,0.3,0.5,0.8,0.4,0.8687448407786027,0.22555752224133058,-0.013213746316342635,1.3693352923076458,0.9393256304351102
1.0,0.1,0.7,0.8,0.1,0.2,0.4856475914456003,0.40072467835963416,0.2968786029927232,2.444103404693822,2.1135897930272205
0.1,0.1,0.7,0.5,0.0,0.4,0.3721347525550716,0.4844529081867921,0.41588102323080006,0.07291270865481034,-0.011958007120274403
0.1,0.1,0.6,0.6,0.0,0.2,0.5614832822706681,0.4399622002200151,0.36104822121076235,0.07712390004313559,-0.06766457893047098
0.3,0.7,0.9,0.2,0.4,0.9,0.0840716928536139,0.9023952530425221,0.7298069927845966,2.7357855908999698,2.684760733829028
0.0,0.6,0.9,0.2,0.4,0.7,-0.04764048493238153,1.0370478068947362,1.037233213695967,1.343733607422007,1.1270813859471063
0.3,0.0,0.5,0.4,0.0,0.2,0.7954445267907185,0.41540915838353454,0.27671552374096003,-0.04071659921978524,0.030900700527043596
0.3,0.1,0.7,1.0,0.1,0.3,0.9456065148599309,0.05718403259391541,0.040847203386815585,1.4273124053092003,1.2232930446706987
1.0,0.4,1.0,0.1,0.7,0.4,0.6328750414747741,0.3091174718816083,0.17499118488728668,1.457323299128746,1.3798636776083497
0.0,1.0,0.2,1.0,0.7,0.4,1.0099611600372143,0.16588783603309643,0.09826031847433825,0.4258456563214387,0.49661412908336444
0.0,0.2,0.6,0.9,0.2,0.4,0.932779881285682,-0.039396957792182,-0.08865650528054965,1.679827244117441,1.3583360534338738
0.9,0.9,0.5,0.4,1.0,0.4,0.9144625189973024,-0.021008834888760097,0.01670191883218133,3.6714402994772084,3.5321954322530953
0.9,1.0,0.8,0.1,0.5,0.7,-0.015365675423477616,0.9910419555920379,0.7845330094024519,2.3667238025356556,2.1528238185816955
0.0,1.0,0.1,1.0,0.3,0.9,1.0530132949912485,0.030215122914637363,0.15155070628826328,2.9922554930938543,2.802287363000134
0.2,0.8,0.2,0.4,0.8,0.2,1.0170603934803217,0.12079427630828982,0.16742291519526253,0.8127403928496937,0.47958731069361116
0.9,0.8,0.7,1.0,0.8,0.2,0.8805885997946488,-0.14334158119302307,0.038516482004041876,3.1787582744386027,3.107477450619974
0.3,0.3,0.6,0.0,1.0,0.3,0.810404570892614,-0.008855306609175356,0.19291473480430696,0.7329242945334067,0.44676957208305923
0.6,0.3,0.9,0.6,0.3,0.2,0.8584042205985831,0.2132755223729299,0.01891434873030316,1.8222202363871642,1.4427584907017486
0.2,0.2,0.6,0.4,0.6,0.0,0.9890468544887305,0.039222004537368745,0.1415488729300698,0.22304839332218826,-0.06109039231957163
0.4,0.9,0.2,0.1,0.6,0.1,1.0127822474389585,0.19214738949747545,0.10260770608017236,0.3786963612423848,0.06438895186429065
0.7,0.5,0.6,0.1,1.0,0.6,0.7980494285998558,0.36245823918392894,0.22149594546066648,2.5762192129863197,2.5897083130009664
0.6,0.6,0.6,0.2,0.5,0.2,0.7549913667660483,0.13083150217266384,0.13724532273715778,1.2770335980212963,1.1354279987591038
0.2,0.3,0.2,0.9,0.3,0.8,0.9880683180830585,0.022420534965322106,0.104058631269006,1.8210821482263457,1.5135658876918159
0.5,0.4,0.5,0.1,0.5,0.8,0.28554593843219717,0.8981609611825377,0.8048673790768703,1.2735000698086913,1.0863667516929258
0.2,0.9,0.9,0.5,0.6,0.4,0.7049748350986847,0.11150905705125572,-0.04926912003129825,0.2713864468527888,-0.17220635736387546
0.0,0.8,1.0,0.5,0.5,0.5,1.1128547051201665,0.15046512824403896,0.12208001842920187,0.6721325686904037,0.370622676264804
0.1,0.0,0.0,0.0,0.0,1.0,-0.06675206178844116,0.9824210728339037,0.8385837493803845,0.6172919651560501,0.42531123323366166
0.0,1.0,0.7,0.6,0.3,0.5,0.8685049010114643,0.15314857180182467,-0.12590149212479418,0.16646184749653223,0.013074244956579169
0.4,0.3,0.4,0.5,1.0,0.1,0.8876419831207065,0.07552445695475127,-0.08418031856856693,0.5141860809745784,0.5318288666616935
0.3,0.6,0.7,0.4,0.0,0.0,0.8464072974108203,0.08275448264104368,-0.05218866088335229,0.19316619051293799,-0.11605165506049064
0.7,1.0,0.3,0.3,0.0,0.0,0.9354367177873771,0.20487186813623798,0.20890249479789197,1.378278154833609,1.2632238460986807
0.9,0.4,0.4,0.5,0.8,0.8,0.10698477838853479,0.7552204491487168,0.5895222605647733,1.8806179784333763,1.8135860894746012
0.0,0.1,0.5,0.9,0.9,0.6,0.0996001140835409,0.8827740706505312,0.9302382809677845,1.9374051654838513,1.5262849351512942
0.1,0.4,0.0,0.4,0.7,0.7,0.21865852041156209,0.7867358330941953,0.6733577395491597,0.12418164598018407,0.06701030206268775
0.7,0.6,0.2,0.6,0.0,0.2,0.8465135158100352,-0.21169536879547024,0.055909567483242155,1.3570403378364557,1.204529797175941
0.7,0.7,1.0,0.2,0.6,0.1,0.9206670021411981,0.02319613479287823,-0.08837409040101647,2.088531196517066,1.7309253184952456
0.3,0.7,0.0,0.5,0.4,0.5,0.764238881426731,0.07639462253603778,0.04641810205246238,0.7149623518158716,0.7736309120862198
0.5,0.3,0.8,0.0,0.1,0.5,0.4350707334847713,0.4454520373822647,0.32740840602896615,1.477538724196081,1.2765586135745646
0.4,0.1,0.5,0.0,0.6,0.8,-0.008336401562786373,1.0824427946391058,1.105726494361376,0.9070131755127353,0.7432639395557972
0.8,0.6,0.3,0.4,0.4,1.0,0.8206002288693478,0.12650351171509883,0.1423701767172849,2.8748474163967277,2.5703142082949144
1.0,0.3,0.6,0.5,1.0,0.9,0.9322186035620154,0.2040070844040809,0.08533512320669218,3.675117876424957,3.443770724284079
0.8,0.1,0.3,0.8,1.0,0.1,1.0683389667586065,0.1875814093709458,-0.006484208000586907,2.3693492682687514,1.8239256314567216
0.5,0.8,0.0,0.3,0.7,0.1,0.6907702899618795,0.39593303157081244,0.170202421176528,0.9688728577533716,1.0389658556131298
0.7,0.8,0.0,0.7,0.5,1.0,0.172109795250723,0.5791527560819871,0.6500823643705717,3.130458317512514,2.7862794118772567
0.9,0.9,0.6,0.8,0.7,0.5,0.25088176199704837,0.889355288921589,0.7267384612635125,2.357551108144661,2.372254160054764
0.9,0.1,0.0,0.0,0.5,0.6,0.009809994358464288,0.9917407473405553,0.9475921939149548,1.5024162402008743,1.3220650355137333
0.3,0.6,0.1,0.7,0.7,1.0,0.04418270429960945,0.7444468733716516,0.8808966502568154,1.2638841157383596,1.2297919329634777
0.0,0.7,0.6,0.0,0.4,0.2,0.918456931802884,0.04413537917392729,0.04686176208306668,0.5777255723883108,0.24600765559320942
0.7,0.5,0.2,0.8,1.0,0.5,0.8676611842344637,0.15378796154022334,0.05216273645818147,2.2307777451361113,2.004836008825863
0.6,0.6,0.4,0.1,0.5,0.4,0.5591800424994394,0.29301082518161203,0.259794812720829,1.0432704195513707,1.114646292383289
0.5,0.5,0.6,0.3,0.8,0.1,0.11366574638851411,1.0564464798468833,0.9850362480622199,0.8024811462489153,0.43048520648681765
0.4,0.2,0.9,0.7,0.4,0.1,0.2851567985356853,0.914047634240273,0.6554106221995477,0.8401495691778105,0.6430857135826018
0.8,0.2,0.3,0.3,0.4,0.1,1.005509750429304,0.1692797228657195,-0.013231792415377622,1.7805004673248574,1.399915244749499
1.0,0.6,0.2,0.5,0.4,1.0,0.9536878404734656,0.2030478381318651,-0.14447881417140132,3.297046683517026,3.0203053661969825
1.0,0.9,0.1,0.5,0.9,0.4,1.014542412496921,0.010794609236028388,0.14859800387268918,3.0425933183563525,2.9203311197027952
0.5,0.7,0.4,0.4,0.2,0.2,0.9857131776540001,-0.059268145511273476,0.01985595729316613,2.3852813633901886,1.9609710340743027
0.1,0.3,0.0,0.1,0.9,0.1,0.5534276639960308,0.4462915062225151,0.324584345551714,0.18265460746531953,0.04379060804085446
0.6,0.9,0.8,0.6,0.3,0.0,0.9956187921503491,0.09262848064822171,-0.03114967326581146,2.000040908664999,1.4739178653931244
0.7,1.0,0.3,1.0,1.0,0.2,0.8486588237537958,-0.05481342206048345,-0.06920333532267682,3.0244653500329406,2.672885838607367
0.5,0.9,0.7,0.3,0.4,0.7,-0.004260581570882241,0.9112960430836055,1.122689123450896,1.9948050668183714,1.7519967405018264
0.6,0.7,0.3,0.6,0.9,0.3,1.0540937861620043,0.23806710141640963,-0.001960576825418838,1.8872107583518067,1.4593031755491845
0.7,0.1,0.3,1.0,0.7,0.8,0.24891682000188575,0.7411071293970832,0.38277073849911525,2.6944767453312695,2.2496616861184706
0.8,0.4,0.5,0.3,0.6,0.9,0.20801974609195562,0.8687402302732846,0.7896351293648939,2.4478368302764264,2.345278092311417
0.6,0.2,0.9,0.3,0.5,0.7,-0.09872472050104325,0.85785518595729,0.9759179386249067,2.4156869349355925,2.0756942604840067
0.9,0.0,0.7,0.1,0.2,0.5,0.8083886723894179,-0.053846381596914836,-0.0516773622480714,2.278796150441398,2.1456528575532747
0.0,0.5,0.8,0.9,0.8,0.2,0.0045420180219351665,1.1037651563708093,0.8781044058720051,0.20143632457933833,-0.07260267992576723
0.5,0.3,0.1,0.7,0.3,1.0,0.7976405990870266,0.24930846930305428,0.1431863020948446,2.7604516633461715,2.6253460659529244
0.8,0.5,1.0,0.5,0.1,0.9,0.9105775496675425,0.016879698581886246,-0.11618415500020811,3.2328179939572688,2.955721403089548
0.7,1.0,0.2,0.1,0.0,0.1,1.0419460440306634,0.24602510926709886,0.0025680582826743646,1.9917066149122458,1.5537793377807363
0.0,0.1,0.1,0.6,0.8,0.8,0.02998572215529007,0.9181166573118726,0.8339484069255562,0.7476282420685475,0.5543794345835849
1.0,0.3,0.2,0.0,0.7,0.4,0.6859251979994855,0.013096876556936865,-0.07712970779832357,1.085003321367628,0.7893410568926199
0.6,0.0,0.5,0.3,0.3,0.9,-0.03826582059521441,0.9563033111920438,0.7197201604205686,3.225799039511227,3.052448865781989
1.0,0.4,0.9,0.0,0.6,0.5,0.3728262895883779,0.6127633278299962,0.650534016389338,1.4488286739322591,1.0690895005453793
0.3,0.0,0.0,0.1,0.2,0.0,1.0601633648442441,0.06293070923201768,0.09330286782113033,0.3202288270177479,0.0464190487682376
0.2,0.2,0.9,0.6,0.7,0.8,-0.04696001618193329,1.026402989454881,0.9256386999697961,0.7576794935152821,0.5306816866824627
0.9,1.0,0.8,0.2,0.4,0.7,0.13036557548978764,1.0585677730831102,0.8607639713933117,3.0103948187729164,2.772500637347986
0.7,0.5,0.7,0.2,0.4,0.1,0.3076744739236636,0.786812471921486,0.5672982731965268,1.0278993084008188,0.8226783157821048
0.1,0.1,0.7,0.9,0.0,0.9,0.11357988113580725,0.9710466175061575,0.7123450903806313,1.4360500357028083,1.22069232432699
1.0,0.0,0.2,0.1,0.4,0.6,0.9161998199122197,0.13266642344190233,0.1595010769717862,2.071065549051759,1.9067735146133569
0.0,0.6,0.6,1.0,0.2,0.8,0.9988613622133088,0.12663599879551254,0.10989785164415995,2.4945906875301835,2.622339942188155
0.6,0.6,0.5,0.2,0.5,0.0,0.7472070120539385,0.3188042360634032,-0.02663881427325429,1.3572498596502094,1.1742067266801783
1.0,0.3,0.9,0.9,0.7,0.0,1.0889576254784714,0.19653172999379515,0.0011419887139007703,2.1834936261143363,2.0099804310929854
1.0,0.4,0.1,0.3,0.5,0.7,0.6331620811203136,0.48998763856542277,0.2384065168371214,1.9783364631029885,1.9118089256587363
0.6,0.2,0.7,0.3,0.4,0.9,0.03187562350862061,1.0245036788416102,0.8124797776369637,2.515337406080972,2.5253477577288
0.7,0.0,0.0,0.1,0.8,0.3,-0.03997321866176792,1.025862069361856,0.7270003549551064,1.1004659842679148,0.9287388460665059
0.5,1.0,0.0,0.1,1.0,0.1,0.7644833967852549,0.16563039507567723,-0.15383466028567294,1.7074552469823885,1.4669092813595912
0.3,0.7,0.9,0.3,0.7,0.0,0.7248555007139148,0.2535993668078479,0.1529572395832013,1.0219299393540298,0.8054124007703045
0.2,0.4,1.0,0.4,0.6,0.0,1.0573261529796585,0.29900847677069425,0.03981954379015617,0.32458188792855974,0.18859181915617676
0.1,0.7,0.6,0.5,0.5,0.7,0.9385013498011918,0.23611641329962946,0.023730748467462755,0.7153047073922575,0.3589572940900121
0.3,0.6,0.8,0.8,0.2,1.0,0.14917655460927354,0.945626907951393,0.7625810601280543,2.627160975413519,2.5661641291710775
0.1,0.0,0.8,0.7,0.7,0.0,0.017017605915082012,1.087738463681552,0.9846959913310488,0.2613212400411065,-0.017827686106776697
0.4,0.8,0.0,0.4,0.5,0.7,0.9267419063032188,0.19368714558418493,-0.012665261929270599,1.2461677932583497,1.1953966159573335
0.2,0.4,0.9,0.7,0.5,0.0,0.608110939932154,0.5443080383863106,0.45422429554127036,0.14355863806866875,0.009294492973566973
0.4,0.9,0.4,0.0,0.2,0.5,0.424485022070613,0.38331554789361927,0.36474443382366706,1.8086971348574015,1.6421172860292625
0.5,0.3,0.0,0.0,0.1,0.9,0.3108191533214497,0.7450019380343834,0.5773500487685295,2.159167768081325,1.884027001602442
0.9,0.2,0.1,0.0,0.1,0.6,0.5501505401782739,0.3156077768256447,0.28502703903058046,3.165956295838513,3.0670198632300565
0.3,0.4,0.3,0.6,0.4,0.2,0.8837606322058543,0.12741411542174613,0.0673084391388508,0.3174836582913013,0.01951127257636253
0.3,0.6,0.3,0.3,0.8,0.1,0.4548603107899821,0.5853285839290067,0.32090245531887385,0.28227188368314204,-0.21900024511730876
0.3,0.3,0.1,0.5,0.3,0.6,0.7925722400660613,-0.0029882282878438693,0.1111742924165389,0.8511402079086932,0.8561956389599018
0.4,0.8,0.5,0.7,1.0,1.0,0.7628203437336731,0.2675105422013187,0.09785954014615117,3.842551730229825,3.628353724241885
0.1,1.0,0.8,0.2,0.0,0.0,-0.07034494657083089,1.053181729841061,0.8301136257934987,0.19394758255793604,0.0661593164089378
0.4,0.2,0.1,0.2,0.2,0.3,0.8135007191708397,0.15966928602350716,0.05392111555797033,1.873218905296517,1.540911067560822
0.4,1.0,0.7,0.5,0.1,1.0,0.9489948667596987,0.1382800391232405,0.08934117225539667,2.074205297246499,1.9200865067421773
0.3,0.1,0.0,0.1,0.4,1.0,-0.13907012625015772,1.0963928689291484,1.0135646551542645,1.867360085553766,1.4623842423822335
1.0,0.0,1.0,0.2,0.1,0.3,0.893215059924804,0.0855969022413899,0.04259404612739227,2.6025177173976313,2.4450682347054236
0.1,0.4,0.7,0.5,0.6,0.9,0.9953779255916033,-0.19266517608951533,-0.12399441577611421,0.18257894278362466,-0.01219501116164607
0.2,0.5,1.0,0.2,0.2,0.1,0.8842985373109,0.0508430462185646,-0.15127035106209596,0.7430074552629778,0.5813376620138276
0.3,0.8,0.3,0.0,0.7,0.3,1.0685582014435757,0.06789080886152524,0.05216182695504617,0.16285648711190726,0.09041250440750705
0.8,0.2,0.4,0.3,0.1,0.6,0.21762337437077658,0.7628411178878262,0.5519637732922057,3.150572865956574,2.9496765259755353
1.0,1.0,0.5,1.0,0.8,0.4,0.4155440078363515,0.5040090565192535,0.6891416717971797,3.4705185443751185,3.20444131260499
0.3,0.6,0.5,0.3,0.7,0.8,-0.008102490370714607,1.083183592409912,0.5935433188849069,1.3460009329753009,0.9527083063980635
0.8,1.0,0.3,0.7,0.8,0.5,0.09818577821022345,0.8860884063267357,0.6294792683156554,1.5306732309604936,1.6527708686340314
0.7,0.2,0.7,0.8,0.0,0.7,0.11650873783227751,0.9477502036445354,0.9307233675643867,2.445986387722854,2.2179908353572433
0.4,0.8,0.4,0.4,1.0,0.0,0.8694433493868385,0.10223380984960967,0.0033837245760531503,1.6776872717742497,1.7481055825816456
0.4,1.0,0.8,0.0,0.0,0.4,-0.263199499807519,0.9347939275918864,0.8517845555220486,0.6891885173953308,0.4158644161995726
0.7,0.3,0.7,0.7,0.2,0.2,1.1106576140578601,0.051019394989740556,-0.04481340759364495,1.679224816965904,1.6772649849843775
0.1,0.7,0.0,0.7,0.5,0.9,0.44272762522867315,0.5116088250804243,0.3574303071553616,0.8286868615339623,0.6583645900803414
0.7,0.1,0.1,0.2,0.4,0.1,0.5085711859426361,0.6478709685985812,0.596089294670273,2.194080787728678,1.8602743968874138
0.4,0.5,0.8,0.2,0.1,0.6,-0.08948311837009548,1.081909839150479,1.002221939594329,1.322564655417096,1.1651302749160144
0.3,0.0,0.3,0.9,0.5,0.1,0.8247328895794779,0.18306464216729973,-0.011672228847858854,0.25225933404378376,0.0610724197115021
0.3,0.7,0.1,0.1,0.7,0.9,0.5939162179259083,0.2420864222439048,0.29241700952265537,1.8130344604128015,1.7264689377530804
0.4,0.2,0.0,0.3,0.2,0.4,0.9413444099648107,0.12297117056409781,0.0037177502819301187,1.576759284537199,1.3000374486595199
0.0,0.0,1.0,0.9,0.3,0.8,0.7423658212721838,0.13797111622731695,0.18834781090099217,1.864955886830609,1.7422528719724213
0.3,0.0,0.4,0.4,0.0,0.2,0.6818339852571851,0.4441512529223267,0.34065066414906314,0.44070801784267555,-0.05960874929275717
0.5,0.5,0.8,0.2,0.7,0.3,0.062057662017582595,1.000805829820322,0.8620532849034773,0.13288916106230372,0.047459859452609
0.6,0.1,0.0,0.2,0.2,0.5,0.4578377710112369,0.6610865410016299,0.693918812360117,2.619926792334397,2.3813860866160614
0.5,0.1,1.0,0.2,0.8,0.7,0.0553947786888796,0.9303403556790274,0.7117041645999554,2.2539642600403735,1.889402354103881
0.3,0.7,0.3,0.1,0.0,0.1,0.8348193760346141,-0.03905319826161015,-0.1167937167262245,0.6109193536880634,0.24426899398697077
0.0,0.8,0.8,1.0,0.5,0.3,0.994544245908656,0.06338762202283829,0.008448421191490274,1.2559432241546669,1.222677911319466
1.0,1.0,0.3,0.1,0.0,0.6,0.3455047983379371,0.43837541318276974,0.3489274818791006,2.4224066455311615,2.0402169123236362
0.1,0.6,0.9,0.5,1.0,0.7,0.9896398700004204,0.14779556643696679,-0.10448271392185643,1.6825846118192471,1.439204039603896
0.0,0.1,0.4,0.9,0.5,0.1,0.36814477967221304,0.49833425200060644,0.503088220975374,-0.03492956116008192,-0.05187444887223415
0.6,1.0,0.5,0.4,0.4,0.4,0.768346800380064,0.36975481253609294,0.39856202865457324,1.9682969667757602,1.844887789748451
0.7,0.2,0.2,0.6,0.5,1.0,0.7428963447799163,0.02141322856763836,-0.03013450822575078,2.358164016114495,2.3344157848459735
0.3,0.0,0.8,0.8,0.1,0.8,0.12209142118479997,0.8954796453679081,1.0202511437136106,1.260992452007057,0.9363619680823643
0.7,0.5,0.7,0.9,0.4,0.0,0.9360772114272454,0.030680310562523155,-0.10400465199913914,1.5108419010638967,1.1413760917206894
0.7,0.2,0.3,0.9,0.5,0.4,0.9081536837509787,-0.05825404678681084,0.04868038065966175,1.627248652158509,1.3388856915028087
0.0,1.0,0.4,0.5,1.0,0.8,0.8617540146705372,-0.09092118513205945,0.00877832610609241,1.375963563824791,1.0428495625654581
0.1,0.4,0.8,0.0,0.1,0.1,0.42053153601191773,0.48728164580349553,0.645435497492642,0.30266752244369777,0.1622057456803954
0.8,0.9,0.4,0.9,0.0,0.3,0.5139927216217053,0.4174353615050314,0.6093677964674257,2.8831846890028934,2.7207659356403076
0.0,0.7,0.0,0.8,0.1,0.2,0.7922075373181223,0.1652379347716979,-0.1578565922912591,1.0881593009917472,0.9956828429300213
0.8,0.5,0.8,0.2,0.1,0.3,-0.03933154358216526,1.0046481542400068,0.8317144222645654,2.2083601233717434,2.1470594991297407
0.5,0.0,0.2,0.5,0.8,0.6,0.9111343736193572,0.08838816076325305,0.13400719250501042,0.5952322279525286,0.4256751176983086
0.2,0.7,0.7,0.1,1.0,0.8,0.7622748673750642,0.10799721982186788,0.09395098180590827,2.0778946361689687,1.9525282997730762
0.4,0.9,1.0,0.3,0.3,0.2,0.8274950445797046,0.1634691409438478,0.015365225505119137,1.8901210374153927,1.6831576686462812
0.9,0.0,0.4,0.6,0.4,0.3,0.8296441082712406,0.12488466141925367,-0.003101617212161347,0.9612004466133848,0.9842997346817817
0.2,0.3,0.1,0.1,0.2,0.7,0.8030605964922801,0.18996978687485128,0.06431156350780694,1.7448903370367865,1.290698117263816
0.2,0.7,0.0,0.1,0.8,0.0,0.8763007993523,0.416326897622716,0.11623914584918962,0.4779667530089668,0.2555106894479369
0.5,0.2,0.8,0.0,0.4,0.0,-0.03676267882300929,0.9634634715589363,0.9215862771863844,0.7700475251146892,0.6144438147826429
0.3,0.8,0.1,1.0,0.6,0.4,0.8424404704738615,-0.06201948068929508,-0.12757352261273172,1.5006483550604883,1.4233699704326948
0.6,1.0,0.9,0.6,0.4,0.7,0.35005513357138696,0.7395720970012938,0.614555410719293,2.4505491740799243,2.0877670789953555
0.2,0.9,0.8,0.0,0.8,0.6,-0.04043640246654184,1.011427350342031,0.813567159183759,0.8050456291991089,0.38878818282103056
0.2,0.6,0.9,0.5,0.3,0.7,1.0748685327544316,0.24476265857230323,0.04566862004086423,1.8389536418121726,1.399833313097668
0.8,0.3,0.8,0.8,0.9,0.9,-0.02159478757557059,1.057672192272448,0.9036976708543476,3.4343899809894043,3.2161026413717573
0.4,1.0,1.0,0.4,0.1,0.0,0.9239895724228454,0.003785758994509586,0.0896843230467292,1.3468741646206313,1.177996923126671
0.7,0.6,0.2,0.1,0.0,0.6,0.9851138920895124,0.3339424024428762,0.1805824597665406,2.3226392119056216,2.3106043951584856
1.0,0.1,0.6,0.7,0.1,0.5,0.33098336000685996,0.5128364510719897,0.605745458961792,2.7124064094255567,2.4881707383304916
0.2,0.0,0.2,0.6,0.6,0.3,1.0985562560875783,0.08405075280234131,0.1922540487720267,0.08334862816619222,-0.14948610488040312
0.5,0.4,0.7,0.3,1.0,0.2,1.080118811017478,0.029830473094525828,-0.06885267944757344,0.9855728787211041,0.7428550895556664
0.6,0.9,0.1,0.5,0.1,0.9,1.0111031287004248,0.06448106503342733,0.09637793248579973,3.6798502564165876,3.368968137707936
0.3,0.1,0.0,0.7,0.3,0.9,-0.08415469231935703,1.0040592882688526,0.8578037952310574,1.6584656422228632,1.3421790858647416
0.6,0.4,0.4,0.3,0.5,0.4,0.15051487957798448,0.6562427116369726,0.6424798146580459,0.3970917897105112,0.48717466863314374
0.4,0.9,0.0,0.0,0.9,0.5,-0.017839389231042165,0.8203687131331794,0.819528124564576,1.2969440906763796,1.3377504883871738
0.0,0.6,0.3,0.8,0.9,1.0,-0.01477838832018629,1.1775848028244167,0.9165121916269973,1.5792369842870593,1.227426096302463
0.6,0.2,0.1,0.7,0.7,0.6,0.14764726628900657,0.8873024799362574,0.7241597537117013,1.372855579377537,1.216394563300728
0.7,1.0,0.5,0.9,0.8,0.8,0.035036724564413105,0.9630600466973176,0.8288884735899851,3.6318946944981847,3.4682999759034536
0.1,0.4,0.6,0.4,0.2,0.7,0.9503954775726613,-0.035410100515030546,0.03024577518270595,1.1656912749045154,0.6739667583077997
0.8,0.5,0.7,0.9,0.9,0.6,0.20729917500753164,0.9657844891388978,0.8342984344653585,2.519371034801226,2.3586750962098257
0.9,0.9,0.3,0.9,0.3,1.0,0.9945255966356967,0.10192854306196622,0.002771122513018684,4.539944826212986,4.553422985450472
0.7,0.2,0.8,0.1,0.3,0.2,0.44845561721427374,0.41896421337663614,0.45818044490195303,2.4148603478674784,2.1430778822731447
0.1,0.7,1.0,1.0,0.8,0.7,0.9182575435297827,0.08356115533716771,0.16324766555457285,2.4454829994019396,2.3779903872953265
0.5,0.7,1.0,0.7,0.1,0.5,1.013351773707231,0.10553548510032074,-0.027065391177898218,2.484068651762564,2.446477339340542
0.6,0.5,0.8,0.8,0.1,0.5,0.039825915993471545,1.1070445995092315,0.9672020673538686,1.837480621345654,1.9220042622759108
0.2,0.9,0.5,0.1,0.8,0.1,-0.020768533192440788,0.9375789131136218,0.8340305566373183,0.6339554769054666,0.7073221664468283
1.0,0.7,0.8,0.5,0.0,0.1,0.84774193264067,0.09346688061574837,0.0748992717521652,2.318696548628522,2.1704418500054814
0.9,0.5,0.1,0.4,1.0,0.9,0.9314637832491981,0.08817213425540647,-0.050330879081842576,3.5785994321762633,3.3772975976175967
0.8,0.2,0.8,0.3,0.3,1.0,0.09864522309144663,1.0350875534676458,0.8332327803649605,4.3650049117263245,3.8198637581446917
0.7,0.4,0.8,0.3,0.3,0.1,0.9012960621011241,0.3363180866879914,0.1448696186323642,1.911061254188012,1.7612958587919738
0.7,0.5,0.5,0.7,1.0,0.7,0.37263592513652755,0.7476150732892682,0.5401472977365941,2.8317377808988007,2.490899287663954
0.3,1.0,0.2,0.1,0.2,0.9,0.8385749354567249,-0.02821142831261879,0.1581893407238157,2.2371402708434855,1.9748121165266348
0.5,0.8,0.8,0.8,0.2,0.2,0.8482550196744072,0.1878505246417887,-0.015580541116136224,2.560173448847302,2.2496990949914686
1.0,0.8,0.4,0.1,0.1,1.0,0.3514009526579677,0.517942944408759,0.44382544198340224,4.695429196603019,4.53085700046038
0.0,1.0,0.2,1.0,0.1,0.7,0.980859083307653,0.13060381088667813,0.028816573391930462,2.0580584048103,1.8547711051044014
0.0,1.0,0.2,0.9,0.3,0.4,0.9083482984787525,0.12198246156366137,0.15566931089949174,1.1428866171893808,1.1133760033808027
0.9,1.0,0.3,0.0,0.0,0.6,0.2688190820195632,0.6828289257638386,0.4682467406529457,1.8842225622676294,1.973291043425172
0.4,0.3,0.3,0.1,0.0,0.7,0.6501380410745872,0.4670375363217925,0.3185354415621118,0.805436057972547,0.5079235924431009
0.8,0.6,0.2,0.8,0.8,0.9,0.032930545043120915,0.9386686014165915,0.6273098379150251,3.2007040463119805,2.7908534337930444
0.6,0.4,0.1,0.8,0.5,0.4,1.035478973817477,0.11899839914004504,-0.17028175235628096,0.831285354313078,0.5465380686400861
0.3,0.5,0.7,0.6,1.0,0.6,0.8932817976371307,0.18791978166102535,0.021489021944911528,0.15467313986751946,0.10480771149022007
0.9,0.3,0.3,0.2,0.7,0.3,0.868347105825204,0.1603787497215735,0.1206759138609886,1.0601153680799642,0.8155898791306235
0.9,0.9,0.5,0.9,0.8,0.3,0.094256570466787,0.8960096203827215,0.7436003674014737,3.1146348366724714,3.213558438827424
1.0,0.8,0.5,0.9,0.0,0.7,0.5615108476492596,0.3086629422403919,0.18041402410104188,4.451760178126131,4.278768459256392
0.0,0.1,0.6,0.6,1.0,0.4,0.9741893006489487,0.32296717768361416,-0.07034084688961309,0.7081102919554838,0.5340408437109793
1.0,0.5,0.7,1.0,0.6,0.0,0.9786152861031344,-0.021180561359599948,0.02767292290578806,1.532673186376591,1.0761166466747065
0.1,1.0,0.6,0.6,0.4,0.2,0.8748165512896504,0.2581465511732103,0.08517644197857717,0.27462435211826886,-0.13483073879014515
0.2,1.0,0.4,1.0,0.4,0.3,0.8822982070437725,0.21882025248261133,0.21397968953850574,0.9617924426243635,0.8324731314874654
0.1,0.0,0.6,0.6,0.0,0.9,0.2569736626706761,0.9147610144902875,0.7934131249820376,0.433828812356549,0.19912625428570072
0.8,0.9,0.5,0.2,0.9,0.8,-0.08389524033546393,0.8742432830107411,1.0598262743639415,4.242981668253053,4.063943503841033
0.4,0.4,0.0,1.0,0.2,0.5,1.054007434520087,0.09202442518738546,0.056983367451357826,1.8404795037758868,1.5758617779327564
0.7,0.7,0.1,0.3,0.2,0.0,0.9310852040639729,0.26635259316342,0.01554716058878406,3.6780695154424903,3.33640568757303
0.3,0.2,0.2,1.0,0.2,0.3,0.7008695303714243,0.22396894438709009,0.1062418721141833,1.8865795587602587,1.7664467672196964
0.5,1.0,0.1,0.7,1.0,0.5,0.8744532344010361,0.026789453103238464,-0.06333833891291217,2.2597909419577675,1.7665566472023795
0.3,1.0,1.0,0.9,0.3,0.0,0.9747223077302374,0.11521399587157855,0.0630366953732802,1.7754979015844854,1.4871816954781245
0.6,0.3,0.6,0.9,0.5,0.1,1.0250842629682002,0.14015780775795306,0.14830718975677235,1.1587324930906293,1.1962279005778538
0.9,0.3,0.3,0.9,1.0,0.7,0.9857499590907178,-0.03752790619179906,-0.02136394514069377,3.2667316004373856,2.979546088510232
0.8,0.4,0.7,1.0,0.8,0.9,0.11671247360004071,0.9867007295815059,1.0676178422007607,3.1485549873783616,3.004460348039648
0.4,0.1,0.5,1.0,0.0,0.3,0.42483248559189224,0.5609490780635482,0.496136459299281,1.9797496596231028,1.8294239201087001
0.6,0.3,0.0,0.3,1.0,0.6,0.7657522054333018,0.23421819320878995,-0.060431134291498434,2.4953381064329516,2.192287284713093
0.9,0.5,0.1,0.7,0.3,0.4,0.9320747512582617,0.04662495798211281,0.1525856509468499,1.9633378022285926,1.9426887220662576
0.7,0.0,0.3,0.5,0.6,0.6,0.8075219962975464,0.05216684650815658,-0.11715085605350482,0.16834078742267244,-0.020535150587775435
0.7,0.4,0.7,0.2,0.0,0.1,0.4440817952925056,0.6035085539839298,0.34468086725483443,1.2165195740242578,0.8645291509842472
0.6,0.5,0.9,0.4,0.8,0.7,0.2806236681908457,1.1487428847571228,0.9752554842104085,2.186750304992269,1.9426985185466894
0.8,0.6,0.1,0.4,1.0,0.8,0.8762090209830126,-0.1109129905340858,0.07088118790224049,3.719765432130825,3.636513444539626
0.5,0.1,0.6,1.0,0.2,1.0,0.8743263486792979,0.09644916072850299,0.08072902603795756,4.1777928000588656,4.2461412082003225
0.7,1.0,1.0,0.5,0.7,0.9,0.796480260766948,0.11805444817102453,0.19595235764906996,2.331389592877114,2.416744053109184
0.6,0.6,0.3,0.9,0.9,1.0,0.8134883213982151,0.37775038599071725,0.4529644287184383,3.311576414986855,3.341679189051999
0.3,0.4,0.4,0.1,0.3,0.9,0.22781567563628585,0.6581415531354731,0.6848854080655514,1.5434082844875852,1.1949478045044066
0.5,0.1,0.9,0.7,0.5,0.4,0.07082848090064922,0.9493648096528906,1.1198034310770448,1.0743519690961605,0.7490539682748238
1.0,0.2,0.0,0.8,0.7,0.1,0.5754864713274135,0.4931849826149456,0.3278073402647099,1.4679793406551855,1.397415860689072
0.1,0.1,0.9,0.7,0.4,0.8,-0.1735575367372744,0.8819023511443751,0.8763135738446558,1.2096737721223207,1.0008038088479196
0.6,0.1,0.2,0.8,0.4,0.7,0.322334644013225,0.9972738456669121,0.6451973731383495,2.1638026470069773,1.8802848606083116
0.9,1.0,0.8,0.8,0.3,0.2,0.5353250605886088,0.3817035914659366,0.2881892839849239,2.647721888831108,2.4461150485260372
0.5,0.6,0.4,0.5,0.7,1.0,0.6136938277715872,0.6571976905113087,0.3362790781975795,1.665079700310622,1.5204629403717447
0.9,0.0,0.3,0.5,0.5,0.7,0.9603109907347191,0.010644157501633653,-0.09008492334457456,1.0468795822256063,0.852148236239617
0.8,0.0,0.2,0.6,0.5,0.1,0.7767178946559347,0.2345713387651578,-0.1907677055180212,0.36340475727971616,0.2838725417570762
1.0,0.5,0.1,0.9,0.2,0.3,0.9495652783308234,0.040060360122844745,0.17645516526816685,3.2861440246819456,2.9454944596411945
0.0,0.3,0.0,0.1,0.2,0.2,0.8265752181131854,0.02961923834311632,-0.13484432583901293,0.0150447780696914,0.16651036299146754
0.3,0.4,0.5,0.8,0.5,0.1,0.6588239646311435,0.47142439227515687,0.025960048059926133,0.17504668610368698,0.06202724378973713
0.6,0.1,0.9,0.6,0.1,0.5,0.1747802945671066,0.7850680934816004,0.7858332054520865,2.442321341398618,2.2977988475514106
0.6,0.2,0.2,0.9,0.2,0.8,0.9013943959148834,0.06560934472374326,-0.017142011401431158,3.719451337666227,3.505382961017241
0.6,0.3,0.4,1.0,0.1,0.6,0.7438644176851457,0.165922654849288,-0.15740516776647093,2.995242640039836,2.7691994015102575
0.6,0.8,0.8,0.8,0.5,0.2,0.7447723442930921,0.5027935405977801,0.42895506105020814,1.9175493027078807,1.4677164144751351
0.2,0.5,0.9,0.5,0.4,1.0,0.04550640057673781,1.042785267631172,0.8405827418080222,1.4588177143142296,1.1763886551287854
0.1,1.0,0.1,0.8,0.8,0.3,-0.05799289246730857,1.0054708430791504,0.7551087877831506,0.4035534850703451,0.15677378398304595
0.0,0.9,0.2,0.9,0.3,0.6,0.7932028563536409,0.17425106133839502,-0.03847473548140529,1.793484931520293,1.6714634193246127
0.4,0.7,0.5,0.5,0.3,0.8,0.8875928684846285,-0.0036112757194992767,-0.0005534937527406125,2.6452711631593675,2.6444317076707784
0.7,1.0,0.1,0.7,0.5,1.0,0.4609233088538274,0.6044329391605066,0.6326277063172063,2.8555556963518742,2.487821761845629
0.4,0.0,0.5,1.0,0.7,0.8,0.19894578348697572,0.6699481088329626,0.6190969351148645,1.8743957672537863,1.6343235483538021
0.1,0.6,1.0,0.6,0.9,0.0,0.7685438747182957,0.16014573549344582,-0.054448985164832264,0.35663054631442087,0.15942105904690557
0.2,0.8,0.6,0.6,0.3,0.4,0.8873533160539737,0.2946764737505101,-0.010952831893138702,1.2645120359350233,1.2629479354830275
0.4,0.4,0.1,0.4,0.3,0.8,0.9818861812921119,0.19196074233373644,-0.09729570882944624,1.6904614834258624,1.483352636791198
1.0,1.0,0.9,0.2,0.1,0.7,-0.15623891922566588,0.9368505891873982,0.9988978503713354,4.1051637832927765,3.9167572223109337
0.8,0.3,0.3,0.9,0.0,0.7,0.9602959468165778,-0.08348101464849675,0.07403954958394891,2.5081750502930937,2.3912971763660322
0.7,0.5,0.3,0.7,0.8,0.5,-0.07717804366983302,1.123997562494873,0.9231297558874324,0.8984815174024204,0.5597009195744774
0.5,0.1,0.7,0.6,0.1,0.8,0.1153216108809954,0.5838053107751867,0.4620235871977157,1.9421135414504116,1.560317897904896
1.0,0.1,0.2,0.0,0.2,1.0,0.7418980492008426,0.2867451294995845,0.16933656427850316,3.897260628712053,3.892703149403683
0.4,0.4,0.8,0.4,0.7,0.5,0.11342668201631173,0.8499666039215416,0.6870202416740337,0.30270189849974327,-0.14394216884721206
0.2,0.3,0.0,0.7,0.9,0.6,0.24344609389431646,0.755062714147455,0.6472512935898382,0.5924002078623907,0.3192629071026484
0.9,0.8,0.1,0.7,0.6,0.8,0.8014014418849986,-0.01975212104801735,0.00677647936462501,2.8179397068808933,2.7936405961106896
0.4,0.3,0.5,1.0,0.2,0.0,0.7966552227588991,0.324185355350039,-0.06255990092342528,2.1341363014411114,2.0071342361270474
0.1,0.4,1.0,0.0,0.5,0.8,0.24049414700354604,0.8374261587305633,0.6319647462050654,0.32795771759443487,0.1045501342307163
0.3,0.9,0.1,0.5,1.0,0.9,0.7728462939978046,0.07633772331924664,-0.07229237817864596,2.718983148580321,2.345309473529678
0.0,0.8,1.0,0.1,0.6,0.9,0.6602956034222232,0.38260547187126737,0.4002024655830543,1.4426682515119456,1.3039436737886856
0.7,1.0,0.1,0.4,0.9,0.8,0.5215098326825829,0.6099348939673768,0.2309654044740924,3.372578427281632,3.1110693830942386
1.0,0.6,0.7,0.5,0.7,0.8,1.0972592622248447,0.16105184988933943,-0.1250712827394709,1.8604735065805718,1.7004747450955358
1.0,0.5,0.1,0.4,0.7,0.8,0.3449048034032156,0.5625113189983448,0.4944650953567715,2.005780481917999,1.889644482869617
0.7,0.7,0.9,0.9,0.0,0.6,0.49323269422800076,0.44526798719475136,0.3461091236380208,4.014308355243809,3.730904628863305
0.3,0.7,0.2,0.6,0.3,0.5,0.8261917834872236,-0.08192201470477015,-0.24042732857497692,1.241821389204297,1.1827068174677446
0.8,0.9,0.5,0.0,1.0,0.6,0.32010189081825,0.4682011046483279,0.3388075537131307,3.867828342446516,3.560285964287061
0.9,0.1,0.4,1.0,0.7,0.5,0.17518374532021333,0.9570763272591148,0.6854078634638989,2.5185517838452824,2.353339305820587
0.2,1.0,0.6,0.4,0.7,0.3,0.9376456953489414,0.055090526771962654,-0.04534036835916567,0.2426585294148081,0.01793019192392454
0.6,0.7,0.0,0.6,0.4,0.2,0.8041449636903958,0.15306471043819475,0.17949555287905108,1.609932396193359,1.4085181753178457
0.3,0.2,1.0,0.0,0.9,0.5,0.17474634250007653,0.8379872797490745,0.6760630207611394,1.3129222893486927,1.3523999308138428
0.8,0.1,0.0,0.9,0.5,0.9,0.3211230628515394,0.9664411665410714,0.8147095880015781,2.98154299060206,2.815988584562871
1.0,0.2,0.1,1.0,0.3,0.0,0.9590095891461649,0.13613852437569282,0.1013500997449214,3.6432529189169855,3.526297051725151
0.6,0.0,0.7,0.9,0.3,0.8,0.6559333129941307,0.011833255630888523,0.2787143335211376,2.5592022923960274,2.2549702808355008
0.4,0.4,0.5,0.1,0.6,0.8,0.30381987205513605,0.8163957019882313,0.6926134189954198,0.6211066096119598,0.511130052759449
0.6,1.0,0.1,0.4,0.4,0.9,0.6987881805179577,0.23840723348123677,0.27737630969900534,3.033537283386597,2.69056021010006
0.8,0.6,0.2,0.3,0.8,0.0,0.9030877182599032,0.10940674701984485,0.05326638774805813,2.1329720670032963,1.650775056772322
0.5,0.8,0.7,0.5,0.6,0.5,0.9110978103682319,0.18810944868723617,-0.10398949433878515,0.6519678481236332,0.4784882415774671
0.7,1.0,0.4,0.2,0.6,0.6,0.26355993867683253,0.8412256025258987,0.75799082567346,1.829357835314306,1.4790083500807003
0.8,0.1,0.0,0.5,0.0,1.0,-0.11881509589339567,0.902397071546069,0.7964128653480983,3.1368078045089822,2.823638533456533
0.1,0.4,1.0,0.1,0.9,0.0,0.7320309936075651,0.2913257470565276,0.16915321876246375,0.268502527901023,0.07759490815935371
0.3,0.9,0.3,0.0,0.8,0.2,0.0592963062587337,0.8717747541460303,0.7640943929037407,0.12148473566777501,0.05055360611171993
0.5,0.4,0.2,0.4,0.2,0.0,0.7970548759324958,0.08790213838441109,-0.12625462590390965,0.7829102189832606,0.7738083843498136
0.1,0.5,0.5,0.8,0.0,0.0,0.050894050477170764,0.9975547471238435,0.9910813018062896,0.1676048478973298,-0.11853615205840949
1.0,0.5,0.7,0.3,0.6,0.0,0.8873321377311617,0.4446961647474891,0.13477172263097584,0.648543078618008,0.35074987387159345
0.2,0.0,1.0,0.5,0.1,0.7,0.7699733169667027,0.13379585449876338,0.062408848289146335,1.0331779967523123,0.6767480080946469
1.0,0.3,0.2,0.3,0.2,0.3,0.6956729691626229,-0.023170484906117395,0.1384726382377675,2.7928654736849383,2.5415259591728945
0.7,0.7,0.1,0.4,0.6,1.0,0.8375936841682675,0.04590413239506599,0.13658499634342489,3.4653738169718906,3.2514778908531676
0.7,0.0,0.0,0.6,0.4,0.4,0.885754944428122,0.30583729002069565,0.2152380194609104,0.7579735844595847,0.5841540224414628
1.0,0.5,0.1,1.0,0.2,0.6,0.7764109219198275,0.08031325602694361,-0.04197563275727123,3.9446466377746705,3.8109582734832452
0.8,0.2,1.0,0.9,0.9,0.5,0.7748595047654864,0.16635502808073974,0.2080673214254441,3.5283755067500944,3.517627146949708
0.5,0.8,0.5,0.9,0.1,0.9,0.65395352848468,0.3004890381414519,0.15452834779343833,4.422389236826555,4.102511133904897
0.4,0.6,0.9,1.0,0.8,1.0,0.09321524912155187,0.8442594977774975,0.7076786929105785,3.294190201384786,3.279406121549515
0.0,0.5,0.6,0.0,0.6,0.0,0.623705182466468,0.5398003368403721,0.2800110949462747,0.15692804643823063,-0.061941529290206646
0.6,0.7,0.1,0.1,0.5,0.0,0.9465946776520502,0.12107178061772408,0.00409500335659204,1.6681298920972218,1.454099705164707
0.6,0.4,1.0,0.4,0.4,0.7,0.6445440011649588,0.10181409622047322,0.27833539234881294,1.8020035124448122,1.6249540606291668
0.2,0.1,0.4,0.9,0.8,0.4,-0.015137841468340803,1.0020652356945672,1.0248807017098787,0.6379512282268467,0.31258945953379014
0.4,0.7,0.0,0.7,1.0,0.8,0.863396762032253,0.134291826988523,-0.020248552424443678,2.309764899548768,2.252498277761236
0.9,0.9,1.0,0.5,0.2,0.6,1.127239470260763,0.027012639714217024,0.14986154530304366,3.7604179639274835,3.6811810578496544
0.9,0.5,0.6,1.0,0.5,0.3,1.136745963295974,0.12233571725916981,0.1624244857565651,2.180432147304138,1.9185538669725999
1.0,0.3,1.0,0.0,0.3,0.4,0.7273788405706829,0.17777593998391256,-0.1093629684608009,2.6730670912666876,2.5530109372406993
0.1,0.0,1.0,0.9,0.9,0.3,0.6454642345882149,0.21600621962609767,0.14260384770934156,0.78545450876808,0.7730305707755313
0.9,1.0,0.3,0.4,0.6,0.5,0.9612958854453374,0.18509801206417265,0.0501853476807938,1.1071264063299961,1.0870933319906682
0.7,0.1,0.5,0.7,0.6,0.6,0.0885728190135986,1.062533075127846,0.8844930505313431,1.6915155202827004,1.5226079712428415
0.6,0.1,0.8,0.4,0.2,0.0,0.8303436147346701,0.23556141928509577,0.23006223915341606,2.1124419558021192,1.9582747538808274
0.2,0.8,0.3,0.7,0.2,0.1,0.8691815411433357,-0.0818126759353528,-0.012485071691334195,0.9352057004194528,0.6568439270972547
0.4,0.4,1.0,0.4,0.2,0.4,0.9316256137666569,0.11282008906247042,0.19890615932808337,1.1360291588610143,0.8696503108344347
0.8,0.7,1.0,0.9,0.8,0.9,0.6743302680729014,0.3759737544031847,0.299028996764547,4.401821400314926,4.356305687498192
0.5,0.9,0.1,0.8,0.8,0.6,0.04034034613387086,0.7624612463301609,0.8978210866489091,2.430596155358509,1.9024194625712223
0.0,0.0,0.2,0.3,0.2,0.1,1.0184062219796857,-0.04920957653132224,0.011625016659126259,0.2635363350259593,-0.05101719127711466
0.9,0.5,0.6,0.1,1.0,0.8,0.6383052508197535,0.3623570925384953,0.09722029879389238,3.110206756211622,3.008004330537015
0.7,0.7,0.3,0.4,0.9,0.6,0.8519478757066163,0.17267879933941058,-0.10436784834735734,2.7926659592722873,2.564572109138434
0.9,0.6,0.4,0.1,0.2,0.0,0.7295493789802783,-0.03316352218727367,-0.17145390905159372,2.6819003759474014,2.60661939250316
0.0,1.0,0.7,0.6,0.2,1.0,0.7088861671975777,0.09451128366167719,-0.1362873138503196,1.5424364366624008,1.4723963238456683
0.9,1.0,0.8,0.8,0.2,0.1,0.9499920180351398,-0.08482171141038357,0.15694348828644658,2.809918428578297,2.664671428287847
1.0,0.2,0.7,0.6,0.6,0.2,0.7440546933238178,0.0701728720987872,0.02680587825513388,0.7388625594046158,0.645943803197625
0.1,0.5,0.6,0.9,0.9,0.3,0.7880968438533865,0.40340023452279833,0.4664954885358639,0.6903485649879861,0.4468632326651383
0.9,0.4,0.2,0.1,0.6,0.0,0.8773976457781738,0.10705942352554104,-0.09299237184171805,0.6216798648857143,0.41104067875852385
0.2,0.6,0.3,0.7,0.5,1.0,0.22952916646588242,0.6455353741077212,0.6862483856296594,0.4541912289572501,0.06379782680843671
1.0,0.2,0.6,0.6,1.0,0.1,0.8819776055209871,0.14100466351649749,0.040129804438753844,2.7648943737520155,2.455635663549802
0.9,1.0,0.0,0.1,0.3,0.3,1.0509640800561633,0.10724176807753091,-0.003288262553007177,2.579339229812097,2.2025090066449957
0.1,0.3,0.4,0.3,0.9,0.9,-0.1271909760450568,1.0479863993970955,0.9697857793388043,1.4776908996079832,1.1905108195768608
0.5,0.6,0.8,1.0,0.9,0.5,0.4001942288526922,0.5679475511255819,0.36581538492348836,2.812595506474305,2.4252437215686498
0.5,0.8,0.4,0.5,0.0,0.3,0.9176237644424529,0.03421681711369348,-0.0014973072485766614,1.3085151271114455,1.5872781256025132
0.1,0.6,0.8,0.6,0.3,0.4,0.8690529341436697,0.17589261082823293,-0.05379647537637248,0.4633294988161625,0.3055984537093148
0.5,0.8,0.2,0.9,0.3,0.2,0.6735380546655172,0.050365545341994326,-0.052302776876026906,2.7956716603376415,2.4280550762076576
0.9,0.1,0.1,1.0,0.8,1.0,-0.11543707947971182,1.015681796207032,0.7179874652765772,4.409501164342332,4.275498453313829
0.6,1.0,0.3,0.2,0.2,0.4,1.0600339538317198,0.07181450968059834,-0.01887078923857201,2.0632748550478692,2.0416160696728505
1.0,0.7,0.2,0.4,0.4,0.9,0.8873197590896901,0.09677127667376942,0.07540921675888129,3.6229737877068033,3.583377559696476
0.1,0.5,0.3,0.7,0.4,1.0,-0.08192832719778757,0.9883979326461968,0.7783214209741949,0.3774752671887031,0.1991842514032164
0.2,0.0,0.9,0.2,0.2,0.9,-0.009046221122573802,1.0771040389164606,0.9756956999996669,2.2116682565589527,2.1962731895332896
0.6,0.8,0.9,0.1,0.1,0.1,0.7876024882373346,0.30526499610093705,-0.026059296117636424,3.1506915977747862,3.2657373663754106
0.0,0.1,0.7,0.0,0.6,0.5,0.22035699838722667,1.1100607447464363,0.9357221710738773,0.2765573073625823,0.0357397076419966
0.9,0.8,0.5,0.6,0.8,0.1,0.882234193700015,0.13880122594822894,-0.14529135117632733,2.628640494966579,2.405392393513305
0.4,0.5,0.9,0.0,0.5,0.6,0.09552868611494798,0.897403328063355,0.92822625316946,0.3389359325655513,0.28944610647223956
0.9,0.1,0.1,0.3,0.1,1.0,-0.09049410712559364,0.8947109728062133,0.7091052655964765,4.66756236022183,4.319007512335142
0.6,1.0,0.0,0.7,0.6,0.4,0.6708159267280633,0.29678100329202195,0.3189312156907949,0.485056144822019,0.2215604871579567
0.9,0.2,0.3,1.0,0.6,0.6,0.8718194996430705,0.10033558279728436,0.03791532815623857,2.287721204474102,2.10168965657334
0.2,0.1,1.0,0.7,0.8,0.8,0.09463945171202286,0.8437392255111096,0.9420658459931515,0.9046964435608496,0.6803040175508183
0.4,0.2,0.9,0.8,1.0,0.0,0.7916898690626151,0.11854990725759731,-0.16269989570939017,1.9396577340456718,1.6728577349224607
0.3,0.0,0.5,0.7,0.7,0.4,-0.08186865023055186,1.0599292882796334,0.8954517751637031,0.08836548581703427,0.02090304884886651
0.8,0.2,0.9,0.5,0.1,0.7,0.7768016618707118,0.34406299383655503,0.2848606961566847,3.5393105892460475,3.4104721391831965
0.7,0.1,0.5,0.0,0.7,0.8,0.005239234514996341,1.1555493575631224,1.0847762631285525,2.2318117667891846,2.1520130760973815
0.4,0.5,0.2,0.0,0.8,0.6,0.08829440763449792,1.1393955064437549,0.884711155013475,0.18234921487921263,-0.04510512530337868
0.5,0.3,0.8,1.0,0.9,0.0,0.9606229097029887,0.007044678215503558,-0.05106446758971744,2.039380912393593,1.8744226883187098
1.0,0.7,0.2,1.0,0.8,0.7,1.0641909888209486,0.02716543724920062,0.10579750236672998,4.062687670254303,3.8698536788606184
0.6,0.0,0.5,0.2,1.0,0.6,0.6074439142057266,0.5586224993158789,0.40191998313021854,2.686628541958902,2.4979513600280665
0.8,0.4,0.0,0.3,1.0,0.4,0.9698048774436309,0.02639109841529301,-0.09169064123457145,2.2122267230220336,1.9079990913126676
0.1,0.8,0.2,0.8,0.9,0.8,0.5801493922263905,0.3676653344833349,0.4821811985799028,2.1177668359815636,1.981322777859947
0.7,0.9,0.3,0.6,0.3,0.7,1.1478883406617388,0.16068665725651943,0.0214764216995641,2.6971692101540876,2.4563908610003287
0.7,0.2,0.7,0.8,0.4,0.3,0.5074396914934921,0.20406002062219886,0.4113277985243902,1.8806652352255089,1.3932187878463096
1.0,0.0,0.2,1.0,0.5,0.4,0.9167403561062132,-0.022032153415436614,-0.09745113116467966,1.9723522951880432,1.7068067806359628
0.2,0.7,1.0,0.3,0.7,0.3,0.9456749056503604,0.15789804845026867,0.05096411004562451,0.5220314536775712,0.6067586696178013
0.1,0.4,0.5,0.3,0.2,0.1,0.8959162275384465,0.06788120100733075,-0.010155412030809125,0.6664328586515442,0.5083669956743939
1.0,0.3,0.4,0.4,0.6,0.9,0.848646218292081,0.04448521235418839,-0.056538427259519776,1.9037918156882263,1.966631651303617
0.9,0.3,0.7,0.4,0.0,1.0,0.37443241805708927,0.44637172974980305,0.4017493046812765,3.1036659139084106,2.7716372737750263
0.0,0.0,0.0,0.4,0.5,0.5,0.6284100485206228,0.6153078698514968,0.26285311164896796,0.2035128702038962,-0.16764116645678198
0.9,0.2,1.0,0.0,0.7,0.1,0.7925504944866243,0.2563807578731184,0.27453152830739586,1.6207767898241028,1.563696810926427
0.9,0.9,1.0,0.0,0.7,0.6,-0.002158036977792731,1.0081463085767683,0.8676354875265777,2.579697980819884,2.290324813591701
0.7,1.0,0.9,0.0,0.9,0.4,-0.05048780078707983,1.004192905541363,0.9178573957648148,2.871922445782636,2.5763615038253445
0.8,0.5,0.2,0.5,0.4,0.1,1.031408563520859,0.026244378985236377,0.04470510977376038,0.9435273878109716,0.5508422516888531
0.0,0.2,0.5,0.4,0.2,0.7,0.7752099982985238,0.1682494061004133,0.06136770428542202,1.7710558627785231,1.6346384922254997
0.3,0.5,1.0,0.6,0.4,0.9,0.29030530830558043,0.3879683668694052,0.5236570237388629,1.07651405739959,0.9536928060646331
0.8,0.0,1.0,1.0,0.0,0.2,0.8697006759988336,-0.07453616599795462,-0.02648786818075806,2.623843227923598,2.2186167638011285
0.6,0.1,0.5,0.9,0.5,0.2,0.5161622435479569,0.5041860027608928,0.377069503304251,1.797635032858524,1.4616536062999645
0.3,0.3,0.3,0.8,0.5,0.9,0.850004004674104,0.3785562793660077,0.18301801644383273,0.4142496658100425,0.15156221682255716
0.5,0.1,0.8,1.0,0.7,0.7,0.13104130888688442,1.1820408938131415,0.9423641441419037,2.0453594954343055,2.052126544188085
0.1,0.9,0.0,0.9,0.4,0.6,0.11280387334021363,0.9258605110026472,0.8197459506236838,1.3578771174213415,1.0396934976443657
0.0,0.3,0.3,0.4,1.0,0.1,0.7298341651523267,0.24278344943310157,-0.07312227335565621,0.16635985103024403,0.13171563527268978
1.0,0.0,0.4,0.6,0.8,0.2,0.5188070828066738,0.6130724874001767,0.4175583562779705,0.9863351071979465,0.6824233078590801
0.1,0.2,0.1,0.0,0.1,0.6,0.4975597034951126,0.7891457948640074,0.5295396900844579,1.2733080318245362,1.0539723293188437
0.4,0.4,0.5,0.9,0.3,0.6,1.0011765711049527,-0.027335730909583245,-0.0872117773899338,1.822097237740282,1.554444475157485
1.0,0.0,0.2,0.0,0.7,0.7,0.6323386052741561,0.5062156104878122,0.3087499780615286,1.4012915518921252,1.3003630394011572
0.1,0.4,0.9,0.8,0.0,0.3,-0.1895816067358447,0.9645367527436528,1.0914581471370974,0.2563706568324044,0.12288554509846637
1.0,0.4,1.0,0.6,0.1,0.3,0.7927937942518455,0.1289840591696684,-0.05224190359562101,1.9648487689035328,1.853976216499284
0.3,0.2,0.4,0.4,1.0,0.4,0.9570609194281636,0.2161678127492894,-0.021446160246484387,1.0993528364762906,0.9308937104166276
0.9,0.5,0.8,0.3,0.6,0.5,0.0047140155981829504,1.1372996535921454,0.829054936009831,1.2306150887386602,1.2006069307768055
0.3,0.3,0.7,0.0,0.9,0.7,0.25816346458209793,0.7609782620292227,0.5914152988411894,0.7377176287744892,0.47714128557423047
1.0,0.4,0.0,1.0,0.5,1.0,0.7655131411719565,0.33778702058652854,0.3069478486797539,3.103229451429082,2.911585447268052
0.3,0.6,0.7,0.0,0.3,0.2,0.9964555694781939,0.016747718905219394,0.0782206971729484,0.39489859338171585,0.08493763797183462
0.0,0.7,0.0,0.7,0.2,0.0,0.9674500933004772,0.15795041602841317,-0.034846984344142455,0.8341751823772907,0.5835385289758197
0.2,0.6,0.0,0.8,0.3,1.0,0.39430758436971614,0.7294575301662112,0.45044553860314906,2.2153838787615734,1.7895552597909465
0.3,0.6,0.6,0.6,0.4,1.0,0.7962685350586263,0.3318029396405883,0.2266414791954254,1.527403885637058,1.5614660851044508
0.2,0.5,0.4,1.0,0.2,0.0,1.0891720925249817,0.003858552077867519,-0.0461213097686707,1.1034827574443056,0.9190775048942044
0.9,0.1,1.0,0.5,0.9,0.5,0.8123157027116714,0.308509202844967,0.18404778173310254,2.7844801831679193,2.56247750530609
0.8,0.4,0.9,0.0,0.6,0.1,0.6352385628366455,0.2624745867720232,0.46419882184098293,0.8134303144477761,0.6251723438530259
0.1,0.3,0.0,0.3,0.1,0.3,0.8909617730468389,0.07444305605723553,-0.011254406683627677,0.26972044457934374,-0.0027856438541609685
0.1,0.4,0.7,1.0,0.6,0.4,1.0862750613942844,0.2632121523196974,-0.08554577415286158,0.1030696507033162,0.12728333489025634
0.5,0.6,0.0,0.4,0.9,0.3,0.8825381310263681,0.08617670627933186,0.05961108498595955,1.2018042409894336,1.2454501217915304
0.7,0.0,0.0,0.8,0.3,0.6,0.2759148714863342,0.49299211939119725,0.5822616408551,2.1802947595764,2.0100703707679037
0.5,0.7,0.3,0.2,0.8,0.1,1.0205536516010174,-0.058487461984801384,0.1434158198788925,1.2260645130791583,1.0483915067319702
0.3,0.8,0.3,0.5,0.1,0.2,0.897625007382466,-0.08044558077959407,0.0061447142633877135,0.8046306044025568,0.5588085947715649
1.0,0.6,0.3,0.2,0.5,0.3,0.925152351064301,0.10713150973721768,-0.0064333141869460575,1.3914388438428884,1.293012164973434
0.5,0.1,0.9,1.0,0.1,1.0,-0.07762268570781308,1.0715494113527222,0.8077808715763137,4.505956220247496,4.292363344709826
0.5,0.9,1.0,0.8,0.9,0.3,0.4042110536104979,0.5749604755375601,0.4421526703551069,2.2291702055643428,2.0778536925128246
0.2,0.2,0.4,0.7,0.8,0.8,0.0024846403141315448,1.0531087217203603,0.882966762585361,0.7165843339282701,0.47639267705736166
0.5,0.5,0.3,1.0,0.7,0.6,0.5910550850731916,0.42289327235524526,0.20697402519147923,0.8503451509619543,0.6907559264078859
0.0,0.8,0.5,0.5,0.3,0.8,0.9227771622267044,0.24235177421402454,-0.057619444138037136,2.208649441187063,2.2200900128395475
0.9,0.9,0.7,0.4,0.7,0.1,0.9387046936292213,0.400109303572155,0.07358864278824162,1.5568509947655507,1.250688333852345
0.3,0.5,1.0,0.8,0.9,0.5,0.2270764340028987,0.8787016059137591,1.1054259444551888,0.9731322531435009,0.7771856961907129
0.8,0.7,0.3,0.5,0.9,0.6,0.7643887211213077,0.33280032139467686,-0.00505625564580323,2.7639489566522344,2.6559914372382885
1.0,0.5,0.3,0.2,0.3,0.9,0.40568570303811546,0.5117863089995496,0.38694276743693456,3.0589505700927875,2.759318243160505
0.1,0.6,0.9,0.3,0.7,0.7,-0.004994934505012327,1.027216824437946,1.036718864281708,0.9191351143660481,0.6814879289019031
0.5,0.2,0.1,1.0,0.7,0.5,0.9739335897506625,0.03842149407958131,0.09223800122238765,1.85751121409202,1.8046872960941744
0.0,0.3,0.7,0.1,0.0,0.8,-0.010318322255088622,1.0175740788740126,0.6521743299997136,0.6356843561309007,0.2938164296216292
0.1,0.7,0.7,0.6,0.0,0.5,0.8425071546938844,0.1151354245990685,0.14877637852628314,0.2944008593399139,-0.03744148362623706
0.5,0.6,0.5,0.3,0.3,0.8,0.47095403602450725,0.7116868663596888,0.5064294176235297,2.9554188878024714,2.8215087918566906
0.3,0.9,0.3,0.3,0.6,1.0,0.2188723570168764,0.7772139710088074,0.6863934761744541,1.2602638839351166,0.9035187576916683
1.0,0.4,0.2,0.5,0.1,0.8,0.9753316798779748,-0.04118873201705871,0.06435477589165767,2.5277243540867196,2.376064973433317
0.9,0.8,0.5,0.8,0.3,0.0,1.191521329418663,0.1178811524198208,0.08285974223445576,3.6578180228415835,3.4565648289281863
0.6,0.3,0.1,0.7,0.8,0.3,0.5746385354429633,0.37322807373525196,0.42423749840299246,1.1837089734536468,0.9805492669722213
0.7,0.6,0.7,0.9,0.6,0.9,0.47194089493141855,0.25943057297691463,0.1735257191262218,2.5380993367842426,2.495445528143175
0.6,0.7,0.8,0.5,0.6,0.3,0.7099702641237509,0.11754114287500637,-0.05602136958066672,1.2657715847116662,1.0324829995736369
0.7,0.2,0.7,0.8,0.2,0.3,0.738216425279392,0.17185256014782224,-0.08296934730775148,2.494330857099119,2.203106734534135
0.1,0.8,0.1,0.0,1.0,1.0,1.0313012221506697,0.1150128714017052,-0.1184643076632474,3.0016711061170374,2.743278388232724
0.0,0.5,0.1,1.0,0.5,0.0,0.9072076477725283,-0.14546096602140207,-0.020949284538127808,0.18866541915281013,-0.12118063895832754
0.3,0.8,0.0,0.8,0.9,0.4,0.4329133372491227,0.4871510960040905,0.45089166651030455,1.6017166425087426,1.5310207829146005
0.6,0.9,0.0,0.1,0.7,0.2,0.32439284850771094,0.8131433120930012,0.7514253940633426,1.167584029968082,1.0334405660521626
0.6,0.3,0.4,0.4,0.5,0.0,0.9217200178314147,0.11131982142549676,-0.021370338800584126,0.4870109482678698,0.16099173281488316
0.0,0.8,0.6,0.6,1.0,0.4,0.8765162988934712,0.18136178914181972,0.07249667557328533,1.3393809558901402,1.25573389820219
0.8,0.9,0.0,0.7,0.5,0.6,0.18293725120960475,0.9601744618921639,0.7971358422545877,2.064150801515315,1.7047311954798476
0.3,1.0,0.9,0.0,0.4,0.2,0.11311404755027582,0.9155770097259961,0.6658240204192153,0.7269241726555399,0.44432485746654304
0.1,1.0,0.7,0.1,0.0,0.2,0.2685941438219494,0.6483630778662003,0.33011446037950276,0.0910920110113328,0.20785803860353003
0.7,0.8,1.0,0.8,0.0,0.6,0.5649854483517542,0.5240715069669947,0.3502181902966769,3.454966844270107,3.168650776072
0.5,0.4,0.7,0.4,0.0,0.6,0.44287783781714246,0.38310384213885884,0.40758295249639814,0.6180265567563508,0.4406600355632078
1.0,0.4,0.6,0.4,0.0,0.2,0.8184204137982087,0.2552142245091984,0.04568884085950777,1.5638343008413769,1.4534803146208544
0.8,0.7,0.8,1.0,0.6,0.4,0.8431967264968674,0.11650261503859272,0.10909446234239131,2.866174047243183,2.499508723585822
0.4,0.9,0.8,0.4,0.5,0.3,0.5587245682111344,0.5694849049767416,0.3811096582637897,0.2724025432021083,0.4268864450705902
0.4,1.0,0.2,0.2,0.7,0.9,0.2534521940877119,0.7311727366733238,0.6403123168599,1.324839594924627,1.2264125871145835
0.5,0.2,0.1,0.4,0.4,0.1,1.100734314133632,-0.008660921064258975,0.13454131066352973,1.0574650491558528,0.8171669318782677
0.8,0.9,0.2,0.5,0.8,0.2,0.8645668643112202,0.09142095051863626,-0.037189712050782635,1.9128772429531473,1.765689376703048
0.9,0.4,0.9,0.6,0.1,1.0,0.3845310378261928,0.7329027048609191,0.6278319416675407,3.72221628710716,3.2965030203081422
0.2,0.6,0.2,0.0,0.0,0.6,0.5285525727559304,0.3612452134373936,0.28658245916866243,0.4254028760122682,0.16481930917309223
0.9,0.6,0.2,0.3,0.2,0.0,1.0359032949156954,0.12032110066435131,0.04669581664317543,2.813175334086226,2.5077448528959603
0.9,0.6,0.1,1.0,0.4,0.4,0.898735085546804,0.07151559709720318,0.13322338942170284,3.3904680048556037,3.1534449790613355
0.2,0.5,1.0,0.2,0.3,0.2,0.7888695030613803,0.2801554378979159,0.04010568160475353,0.6417438516495156,0.17584597938480828
0.3,0.8,1.0,0.2,0.4,0.7,0.6535207291909791,0.45580620586265574,0.3330204216698441,2.197385853558239,2.0554096788331715
1.0,0.3,0.3,1.0,0.3,0.6,0.9173451596123382,0.18262253445220417,0.03439435129070382,3.267189315899882,3.279125141072748
0.2,0.5,0.8,0.7,0.3,0.3,0.15407347661213458,0.9058465163276518,0.736632061205279,0.17638066942431424,-0.03918218052957171
0.7,0.2,0.2,0.0,0.7,1.0,0.18883088899480097,0.7318627859843551,0.8092076218616904,2.41815077126668,2.5078164740898257
0.0,0.9,0.5,0.4,0.8,0.6,-0.16390516924503018,0.9573340117314177,0.8816074319422136,1.3194858370433105,0.6052431493636168
0.4,0.1,0.6,0.5,0.8,1.0,-0.08079228175497861,1.1249238856592731,0.7580666815841449,2.0227117785621465,1.6179456795686449
0.7,0.4,0.2,0.2,0.9,0.0,0.897099411322792,0.2063745825820362,-0.13149788938048415,1.7550121241987227,1.6033575919861744
0.1,0.4,0.9,0.4,0.3,0.0,1.0358050842184712,-0.02395393781046995,0.004363727478006331,0.22738150682544434,0.23578863776865672
0.5,1.0,0.8,0.8,0.7,0.2,0.10510687948019769,0.9665777271374794,0.8436178067772362,0.6405922872463805,0.33263967397468663
0.5,0.1,0.5,0.2,0.1,0.2,0.17717868557145539,0.7173271279007049,0.899936427876528,2.178094669679265,1.9846156068830172
1.0,0.9,0.6,0.7,0.4,0.6,0.31059881943273787,0.5998778799503254,0.37776874193368193,2.988034194646435,2.681654017808801
0.1,0.5,0.7,0.5,0.4,0.8,0.558732505140567,0.7144844971469418,0.6788719514697985,0.388925249251454,0.02882122773597408
0.2,0.9,0.6,0.1,0.8,1.0,0.08019610439105304,1.0086762505909697,0.9812701599630378,2.1644958619027324,1.9959243313789787
0.7,0.9,0.1,0.1,0.1,0.9,0.27750499523346384,0.7486819781297148,0.6728224206895848,4.316967965699027,4.015670166602046
0.7,0.9,0.8,0.9,0.3,1.0,0.05188233680463286,0.8258201745338364,0.671730073941201,4.91289332919135,4.593858305252591
1.0,0.5,0.1,0.1,0.0,0.7,-0.2197662263793489,0.9466169626785438,1.060566053344895,2.504350993064175,2.3567592344192674
0.6,0.2,1.0,0.6,0.4,0.1,0.6764194240057116,0.03617268227192935,0.19518643384517476,1.5688573499925513,1.0683472139200418
0.0,0.4,0.4,0.7,0.0,0.0,0.21890041377756522,0.8781523159800754,0.8546416819766993,0.36327095770551954,0.11570424070965775
0.7,0.9,0.0,0.6,0.9,0.4,0.44906781557400327,0.47003591517745175,0.2946497706701485,2.264063009409711,2.102653150169624
0.6,1.0,0.7,0.6,0.6,0.6,0.8873360848675459,-0.0043143559767230555,-0.02089930874786242,0.4110747502910883,0.3347142800549491
0.0,0.7,0.5,0.2,0.2,0.4,0.9273837080715301,0.02204322519120526,0.13008319036087265,2.2281161862045495,1.8958135476133147
0.0,0.4,0.7,0.3,0.8,0.6,-0.04721533736813355,1.0257463803353226,0.8982163979786896,0.07600797771782573,-0.15928817800750839
0.6,0.5,0.2,0.6,0.6,0.5,0.9398681421427327,0.20873143545745287,-0.239275056245629,0.2661812449143224,0.07546674607979897
0.0,0.2,0.1,0.6,0.1,0.4,1.0387391333430303,0.06977815244656388,0.030609259982170053,0.752547859679925,0.49629281971540146
0.2,0.1,0.5,0.2,0.1,0.5,-0.052959946617368095,0.9902416643628116,0.7979957407423286,1.553587676281442,1.3384399398734277
0.2,0.6,0.6,1.0,0.2,0.0,0.8179535500995453,0.17308552901297197,-0.03550243630089175,1.8749146156107654,1.5262261417135725
0.4,0.5,0.7,0.3,0.6,0.5,0.25100372243556496,0.6893668351703574,0.5085924634411919,0.3154165343376791,-0.08288405956722282
0.5,0.9,1.0,0.2,0.0,0.5,0.1461909980014818,1.056619792910171,0.9758828843008946,2.251028207204558,2.153693595206796
0.1,0.3,1.0,0.0,0.7,0.1,0.8556465722389682,0.18375239187153208,0.10922065540351535,0.05149094166266929,-0.028973144176257893
0.9,0.3,0.6,0.5,0.6,0.9,1.0843658728588397,0.01978452718948913,0.029026030163975914,2.1307820011803367,1.9708469308313965
0.6,0.1,0.5,1.0,0.4,0.7,0.04035270934163772,0.9483604123855018,1.0150246366611002,3.4412446057617645,3.1282309108366047
0.6,0.3,0.2,0.3,0.6,0.5,0.9052029939313916,0.11579076289394923,-0.05979789380153705,0.7107824078137879,0.6962764354519115
0.7,0.7,0.6,0.6,0.5,0.8,0.8105709265765233,0.07841949515820558,0.11537217386101789,2.520768984367205,2.295006724678834
0.5,0.3,0.7,0.2,0.7,0.2,0.7129196983788417,0.3222562058251436,0.07784152905498445,0.10209959600631546,0.061998819759594925
0.9,0.5,0.0,0.2,0.8,0.1,-0.06053345930007281,1.085669280859685,0.7162186241612876,1.465377983935732,1.1166418100876763
0.8,0.2,0.8,0.6,0.8,0.3,0.14832315012595895,0.9898518855424463,1.0603030114836405,1.7816994105504518,1.539709329865131
0.6,0.4,0.0,0.6,0.6,0.3,1.0657544615709174,-0.1116081799938532,0.05897701531565124,0.10521278825158982,0.0673478149025734
0.4,0.8,0.6,0.0,0.0,0.3,0.7061160124708399,0.21015066509795227,0.23176966986374908,1.3480466491862728,1.2868015606404029
0.5,0.7,0.0,0.9,0.9,0.8,0.9458371967280976,0.11201815619557619,-0.04142534095704395,3.2383637155925435,3.039475177678798
0.0,0.1,0.9,0.4,0.0,0.2,0.01384513299947188,1.1561614379108982,0.9064594881315265,0.6334708150285866,0.10582330273305174
0.4,0.8,0.2,0.2,0.7,0.6,1.1244177395218844,0.2342903682502565,-0.12691216695219634,1.3816128837845056,1.2306838062466128
0.3,1.0,0.2,0.6,0.5,0.4,0.8732924405707704,0.08548233004837905,-0.03528902938950626,0.19277114960244643,0.054768341794991265
1.0,0.3,0.3,0.9,0.7,0.4,1.0306712902058328,0.2954922191615912,0.04291224649877832,1.454834643661998,1.3274936180195898
0.4,0.5,0.9,0.4,0.1,0.1,0.6094889230113938,0.18189140214895408,0.2460180168847666,1.066426171463196,0.8506094221891893
1.0,0.7,0.9,0.0,0.0,0.5,0.5493787637127836,0.47757176462320516,0.5679418082494776,3.384688507824726,3.0870232057822213
0.7,0.0,0.5,0.2,0.0,0.9,-0.10112228252138203,0.9747228446165407,0.7643927262035345,3.1297733998453316,2.835939473580546
0.7,0.5,0.0,0.3,0.5,1.0,0.07555452477578971,1.0949950718048664,0.7169843756084064,2.2906118292600057,2.001372019421571
0.3,0.2,1.0,0.2,0.0,0.8,-0.0207735832042754,0.9403464611382584,0.8330657724512809,1.8421950811618502,1.5327652120895394
0.3,0.9,0.9,0.9,0.6,1.0,-0.15366085030652318,0.8875170980543277,0.8774251968971951,2.508146518432553,2.086331685101491
0.4,0.9,0.3,0.4,0.1,0.0,1.0103703168089122,0.30295644905538305,0.07872434084623961,0.9574137753648103,0.8788652720136845
0.9,0.1,1.0,1.0,0.1,0.7,0.6083443268011091,0.2380456212960692,0.09294053104449154,4.502538218320855,4.230721386625262
0.2,0.7,0.0,1.0,0.1,0.8,0.9529567737980761,0.2755840277933794,-0.009248491019208528,2.8432361281530247,2.824641525812523
0.0,1.0,1.0,0.3,0.5,0.1,0.6849182405730748,0.2656420061870807,0.04018032472607183,0.11788614381051873,-0.1553960681793657
1.0,0.2,0.1,0.4,0.7,0.9,0.4337271449070953,0.6730976235680388,0.28162060161452585,3.00669698683592,2.868849819484303
0.8,0.4,1.0,0.4,0.6,0.5,0.9295934538804417,0.06174949370721329,-0.048311614443582694,1.3344019571830703,0.7593792198343355
0.1,0.0,0.1,0.0,0.3,0.5,0.8861863740194846,0.30948962068719094,0.06207804179591149,0.42330193240108704,0.2744481248949781
0.5,0.6,0.9,0.2,1.0,0.9,0.08549894631645027,0.499808388776936,0.5258819212421691,3.5794888675366123,3.528503369803013
0.5,0.7,0.5,0.9,0.8,0.1,0.8762575354763886,0.024581659534595818,-0.11816063790575887,2.3653488712855033,2.1989352477718587
0.5,0.8,0.9,0.1,0.4,0.0,0.8103179066396091,0.409772686174486,0.2989583764824332,2.1483119031004825,1.9379418217348379
0.2,0.0,0.9,0.7,1.0,0.9,0.08954000576451163,0.9132509074956607,0.9142104106502909,1.833297302143943,1.2952164315290862
0.3,0.8,0.7,0.7,0.8,0.1,0.3123042177132117,0.5117715811324641,0.5677896258095825,0.5332250377639318,0.24692918818878087
0.9,0.8,0.9,0.0,0.7,0.7,0.0774059500853739,0.9401920952036016,0.9426238544305103,3.2087162394514577,3.253968646381767
0.6,0.5,0.8,0.5,0.4,0.0,0.6252674653238364,0.31512748666552975,0.17552228434890108,0.48649703902578734,0.3605565091944727
0.9,0.1,0.8,0.0,0.3,0.7,-0.012880812140719806,0.8920233552664489,0.7659432288483162,3.2671689513942384,2.87340115175268
0.3,0.7,0.5,1.0,0.3,0.8,0.904281531159017,0.16905624939359515,-0.10484349472147286,3.6366235853044624,3.249597672463257
1.0,0.3,0.1,0.3,0.3,0.0,0.9472727593942301,0.05124978240093168,-0.16658799010996259,2.756345428633924,2.5930415493881633
0.7,0.2,0.0,0.6,0.6,0.7,0.6732687137457374,0.13851261650493926,0.21855520901298045,1.3608435391372868,1.1067157550725149
0.7,0.1,0.2,0.8,0.5,0.1,0.9972140698629912,-0.09157291298936296,-0.06351472827831592,1.174132892980938,1.0255933485604727
0.7,0.3,0.1,0.6,0.8,0.2,0.9726591371471377,0.07491707895259012,0.03602262231589909,1.463148893171971,1.1251524096648948
0.7,0.8,0.9,0.6,0.9,0.8,0.5951118132734305,0.7178688686433471,0.5272757889317449,4.066518689193319,3.8736886541077484
0.5,0.0,0.0,0.9,0.4,0.6,0.41048493889251897,0.5644846621516502,0.3604601867855852,1.3810974730431314,1.254785933539033
0.0,0.9,0.4,0.2,0.2,0.4,0.6689648455009354,0.4979075394601267,0.29468417432849914,1.5019512206168533,1.4030027511274918
0.7,0.1,0.9,0.6,0.4,0.6,0.10785929421756656,1.1500717409451324,0.8134021924781334,2.451587682520321,2.2086458014813584
1.0,0.8,0.6,0.9,0.2,0.7,0.7431429809201802,0.2121073182863692,-0.0655903441413595,4.784871327812825,4.8151800555637
0.4,0.0,0.1,0.6,0.4,0.0,0.9141901153651231,0.14437688867691503,-0.04292896300425338,0.07307673560176545,0.05048789012810911
0.0,0.2,1.0,1.0,0.7,0.6,0.7878889861610676,0.6412232825164449,0.32050815406450217,1.1617823122703017,0.8623263215069731
0.6,0.7,0.7,0.0,0.9,0.4,0.8502632184210823,0.2288080008974199,0.1732174094445616,2.302350187833075,1.8095391353886245
0.1,0.4,0.9,0.5,0.9,0.0,0.7386178925393796,0.212858451463909,-0.00908872502621649,0.28465356462399527,-0.029966160864538224
0.6,0.4,0.4,0.1,0.7,1.0,-0.06317960588824578,0.9347017112055319,0.8292699493902607,1.9267168857048393,1.5331605475928687
0.0,0.1,0.2,1.0,1.0,1.0,0.831207742961121,0.18756910551628792,-0.051495585835078156,2.856756637227685,2.7506405740181763
1.0,0.8,0.7,1.0,0.9,0.8,0.7528070538043243,-0.006931782969442635,-0.04595384956929305,4.973364141663069,4.506767870729834
0.0,0.0,0.0,0.2,0.6,0.8,0.12696662392550684,1.0001329396687197,0.9741188206834619,0.19363582192316786,-0.09970051059211328
0.3,0.7,0.3,0.3,0.5,0.5,0.8682356189002425,0.09046383618518541,0.006108220887832586,0.38075093858796566,0.2710394662627088
0.4,0.8,1.0,0.9,0.2,0.8,0.8051900106748328,0.07102827185448435,-0.030301745046770186,3.9059495102027304,3.654596803874931
0.5,0.7,0.5,0.4,0.4,0.7,0.9944131257382832,-0.021454664231091145,-0.024027519920410065,2.611598890326888,2.39195421831256
0.8,0.8,0.5,0.6,0.6,0.3,1.035435841760056,-0.048253157407534455,0.24225124895109076,2.2004767331965467,1.699660110710553
0.6,0.0,0.5,0.6,0.9,0.5,0.4457082303648525,0.6185871281890639,0.28143614648697557,1.5767518091132915,1.5533840193142467
0.4,0.3,0.0,0.5,0.1,0.5,0.8558147480117522,0.13054204349646545,-0.1514643758626829,0.5225287676974701,0.5869769911531845
0.1,0.1,0.8,0.7,0.9,0.3,-0.16977561786945644,0.870613351359357,0.8377603786153476,0.5136064113718245,0.22099216632962954
0.5,0.2,0.6,0.3,0.8,0.4,-0.2014551557294483,1.1298607542973251,0.8289534354633834,1.5946212230045498,1.3956329236192615
0.8,0.0,0.8,1.0,0.4,0.0,0.8541561911937771,0.3117833709225569,0.010550692781730153,2.2608493965884953,1.9637423797625153
0.5,0.5,0.2,0.4,0.8,0.8,0.2384089955236792,0.7135962485931067,0.7509977040590259,1.220248285479758,1.2161083020820185
0.4,0.1,0.8,0.8,0.8,0.3,-0.10648676223749216,1.0330558051642238,0.9371619064480612,0.808083819478997,0.5964694759276721
0.3,0.2,1.0,0.9,0.5,0.7,0.6297344998109141,0.2667743295589236,0.39744147424617665,1.2745863236248254,1.1384099900746796
0.5,0.8,0.7,0.9,0.0,0.2,0.8808952176854741,-0.028062897064861814,-0.057165693164145784,2.0047410214070873,1.7438280922800722
0.7,0.3,1.0,0.5,0.1,0.5,0.8596416239665968,0.08981495097195884,0.14123956012354794,2.419911478914589,2.2226314627172616
0.1,0.1,0.2,0.4,0.3,0.1,0.9231432089849148,0.22985283996869227,-0.30031195197120286,0.34669888524694803,0.16345502100882314
0.9,0.1,0.2,0.8,0.1,0.7,0.7240971259206307,0.4467222959913934,0.2560303160940166,3.3348451250829045,2.969397163098701
0.8,0.2,0.9,0.6,0.5,0.1,0.9390028663497944,-0.01771370686749585,0.0016487035979471944,1.6802792146904988,1.16879052375893
0.9,0.6,0.9,0.2,0.5,0.6,0.25840001659060835,0.718574376811381,0.8181369006272164,2.870397465956175,2.6625811192967923
0.1,0.5,0.8,0.4,0.6,0.5,0.25509292959880303,0.8659222693838468,0.750684340217125,0.41277191787107975,0.02831449247569995
0.6,0.0,0.2,0.5,0.6,0.2,1.014880224520413,0.05388705172657254,0.13128172125614246,0.10162243999817866,0.10306557542560393
0.9,0.1,0.4,0.8,0.8,0.3,0.023650438505642232,1.2129322999027974,0.8061214605429341,2.2201364526527962,1.8173037121525482
0.7,1.0,0.2,0.9,0.1,1.0,0.7857647941268017,0.300929526939525,-0.02552080533357384,4.405611804324681,3.9811107619399246
0.1,0.1,0.6,0.3,0.6,0.5,0.21060968794798757,0.7890330174238167,0.7042125212939614,0.23525123644490156,-0.08022267741037664
0.4,0.2,0.7,0.8,0.8,0.0,0.04378961443516632,0.9683741578614393,0.8914119143550364,0.33447720624376176,0.0935085467966407
0.7,0.8,0.8,0.7,0.4,1.0,0.033605791049179504,0.9158117967520072,0.9667688989012875,3.85771290367227,3.5813428079704672
0.6,0.9,0.6,0.8,0.3,0.7,0.5349537587139368,0.5517939432293231,0.42768549700705893,3.1351611041825334,2.9960738858922165
0.8,0.4,0.2,0.3,0.0,0.4,0.7353522096735075,-0.19287490362777945,-0.04272811944996985,1.810981600212854,1.4903730570111473
0.8,0.0,1.0,0.4,0.2,0.6,0.9849975903528463,0.08796200323835669,0.021800200310008355,2.8862796206999755,2.716070225071001
0.2,0.2,0.2,0.7,1.0,0.9,0.9429307480888808,0.1371694814372836,0.16385494300562792,1.7078395017182695,1.534377459530612
1.0,0.6,0.9,0.6,0.0,0.2,0.8729731957264562,0.05077769746116231,-9.211966110526937e-05,2.5214671683637806,2.172070288987531
0.1,1.0,0.4,0.6,0.3,0.8,0.6681512906803144,0.44819192019203,0.21841676118223155,1.1886186021417846,0.9188592563654143
0.7,0.5,0.9,0.0,0.2,0.1,0.49093379238479595,0.45490494874148196,0.27346321811670793,2.325371488588954,2.079259396091683
0.0,0.5,0.9,0.7,1.0,0.3,0.29617124200709655,0.7647366346791433,0.393091575523933,0.6598013642670117,0.3567256392839702
0.4,0.4,0.7,0.1,0.7,0.7,0.33166142718508357,0.9321302543539163,0.7314851821498782,0.30238864555735734,-0.1220349143012952
0.8,0.9,0.5,0.6,0.1,0.0,0.9798524250174706,0.17447775953956246,-0.12366302851878655,2.788575640856154,2.6619860725760214
0.0,0.0,0.2,0.3,0.1,0.6,0.5719993324388132,0.3696477504205952,0.19297247513607807,0.4483610355091873,0.3847297635137994
0.4,0.0,0.8,0.8,0.6,0.4,0.13468232910868358,0.8464851209624177,0.7381184841527483,0.2533730123625243,0.1175693149380184
0.5,0.5,0.7,0.7,0.9,0.3,0.18777777317539948,1.158941128014065,0.781474103976589,0.7040802918451544,0.14388347745395505
1.0,0.5,0.5,0.4,1.0,0.9,0.7090939152403484,0.2887771728223463,0.09219987690292233,3.8586196344973565,3.6238007467118347
0.0,0.9,0.5,0.6,1.0,0.7,0.644691125723391,0.0710654345903313,0.1778066447603981,1.9620162533629397,1.7045164521237897
0.0,0.8,0.0,0.7,0.8,0.8,-0.058301995534614674,0.965414748478781,0.7176142316505071,1.1994226299113466,0.9836926363090345
0.9,0.4,0.0,0.3,0.6,0.8,0.10729563073289072,0.5818083439732606,0.5817029009931713,1.5466145849927384,1.456854294042801
0.3,0.4,0.4,0.4,0.1,0.3,0.8454825032367541,0.08843622711650519,0.11291456509361009,0.14913204886676276,0.11739848820476372
0.8,0.8,0.3,0.2,0.1,0.4,0.9261727392368215,0.15266419545856685,-0.09637745466234272,3.0952967643942726,3.0982634247609626
0.7,0.6,0.8,0.0,0.1,0.1,0.5444088358754687,0.43633925362589354,0.12501295745709468,2.28625978573052,1.8970133457568583
0.3,0.7,0.8,0.4,0.6,1.0,0.8565165344483155,0.3712789923654896,0.0845750901266761,1.5007367372224203,1.2980656945790172
0.2,0.6,0.9,0.0,0.0,0.2,0.04105401851531893,0.9236049451630223,0.9014706652371787,0.5754994653316594,0.4272765415304628
0.9,0.9,0.0,0.5,0.0,1.0,0.22170974036505156,0.6982705201473938,0.6580576023316917,3.861282628071703,3.228110789043678
0.4,0.7,0.7,0.1,0.8,0.6,0.2148508944259762,0.6119770717073365,0.6195950591920151,1.0254857557052042,1.2773579380435585
0.5,0.1,0.5,0.4,0.2,0.6,0.5358818081333112,0.3720040811442127,0.30361359085256534,2.63430121096768,2.2982851699717917
1.0,0.1,0.1,0.7,0.9,0.5,0.24489853886800148,0.8788886608708981,0.8338352810791678,2.9118814363102046,2.4685571736230916
0.4,1.0,0.1,0.5,0.7,0.8,0.8704540275972107,0.010654519268760765,-0.17639369783230424,0.8733498560264693,0.6806344754518003
0.2,0.4,0.9,0.7,0.2,0.8,0.4038948050862404,0.760177619963087,0.7032603823242016,1.6080890238353895,1.3941636146958727
0.2,0.1,0.8,0.7,0.1,0.3,0.05974309743231343,0.9273705826483412,0.9445087437134316,0.40609792451549903,0.3263622007453659
1.0,0.5,0.8,0.1,0.3,0.9,0.2077714976958116,0.9493391998585106,0.9310275419188295,3.1536622390309503,3.170790681925662
0.1,1.0,0.2,0.7,0.5,1.0,0.5186152882017392,0.43486666192727047,0.054023568098179764,0.7710810499127889,0.681828433979196
0.8,0.5,0.3,0.2,0.5,0.4,0.5420330303035678,0.6213418735878137,0.22585501826198456,0.8209754440975178,0.6061268716758917
0.8,0.1,0.0,0.8,0.8,0.4,-0.30588244400081,1.0751028700456766,0.9956412100551629,2.021348393358869,1.9669569821253405
0.0,0.4,0.2,0.7,0.4,0.4,0.9156125697142063,0.09495639274086562,-0.005507876816306617,0.28807809478343843,-0.053122537010430126
0.5,0.6,0.3,0.7,0.0,0.9,0.11803936854114047,0.7935204043758842,0.49085543903453865,1.774688211690773,1.4427710123008046
0.4,0.4,1.0,0.5,1.0,0.8,0.8345777225505113,0.11748714871047629,-0.07771532998822586,1.4620595250397233,1.572062445089988
0.5,0.6,0.1,0.4,0.5,0.3,0.9703703897558428,0.0250277488017467,-0.11679737207507342,0.8323008598252623,0.5460216269015475
0.9,0.6,0.8,0.7,0.4,1.0,0.10545999006773997,0.9131847995927689,1.0000790169013563,3.3957040704032204,3.1725940859459585
0.7,0.8,0.1,0.4,0.5,0.5,0.75855801172933,0.13735108402794252,0.11268684975963533,2.59488076729347,2.456833728546278
0.3,0.8,0.3,0.5,0.3,0.4,0.8464095193166135,0.15087243839270723,0.036927332907133535,1.008987389741251,0.6105868685512065
0.6,0.1,0.9,0.9,0.7,0.6,-0.02032197864420991,0.9251656521674949,1.0677477855394577,2.445062972181369,2.1581719727532676
0.5,0.2,0.9,0.3,0.5,1.0,0.2315639063003399,0.9141239231497675,0.8960634401559184,2.6564219274506558,2.4512346766108473
0.8,0.3,0.1,0.9,0.6,1.0,0.9065115551954382,0.19972674673425844,-0.010829664904392413,3.0782348153279933,3.037634461775378
0.7,0.8,0.1,0.9,0.7,0.3,1.0475069091330278,0.13282098506821235,0.18307346284615478,2.817206508788043,2.707022322443382
0.7,0.9,0.4,0.1,0.1,0.8,0.1926018476143551,1.0361568682510276,0.87975147461232,3.735446737108099,3.363032847940685
1.0,0.2,0.0,0.8,0.5,0.5,0.4325345147072227,0.4650435825150638,0.4851646215857712,1.8674500587838592,1.7139087560354531
0.3,0.0,0.1,0.7,0.4,1.0,0.07083546023542507,0.8654044706425947,0.9812517545125281,1.1650088249356336,1.089260809217671
0.4,0.4,0.4,0.5,0.6,0.8,1.0489802537065431,0.1663194343069136,-0.08970652659548252,0.19301867859297242,-0.11125298024576342
0.4,0.4,1.0,0.7,0.7,0.4,0.7018306378822123,0.3405309658293153,0.3741073568557955,0.1494711971886531,-0.022340613355888828
0.5,0.7,0.4,0.9,0.5,0.9,0.9675781652132075,0.12154222078368404,0.19222430756492961,2.8339732481952957,2.642331616812904
0.1,0.4,0.0,0.1,0.3,0.9,0.17369250558564925,0.6589289409570652,0.4955594309396508,1.0143711224956034,0.8345114047835952
0.2,0.0,0.7,1.0,0.2,0.9,0.8463745421161653,0.018862461767660904,0.029785084834825712,2.0574371625176417,1.7367761569828386
1.0,1.0,0.0,0.1,0.8,0.1,0.22138062156911611,0.8346960580541535,0.7496993881562783,1.9856135156365757,1.6404113802715752
1.0,0.1,0.5,0.9,0.6,0.6,0.5648597482480092,0.7169521954321907,0.44795558993003654,2.608196802300706,2.480681870438598
0.8,0.1,0.5,0.9,0.5,0.6,0.10777615566764451,1.0428192286659703,0.6410964811142809,2.9470889987772657,2.640530861503692
0.9,0.0,0.3,1.0,0.7,0.2,0.9455427327747534,-0.003481709327868371,0.09240636266862148,1.4249888996809503,1.1370853667239333
0.9,0.0,0.9,1.0,0.9,0.9,-0.008062008159534118,0.9124066982434466,0.7770688764117526,4.547581811860891,4.442798783531953
0.7,1.0,0.7,0.6,1.0,0.7,0.8864849100768777,0.21382452865910395,0.08114680415689976,2.5946410317809745,2.5092327582207545
0.0,0.6,0.0,0.2,0.6,0.8,0.026839250900058592,1.0108226672743834,0.9310430571059212,0.12567945073327796,-0.2303275097782589
0.8,0.6,0.3,0.2,0.3,0.1,0.8320977718314092,0.011079051363811335,-0.11438734646724454,2.3112852499906817,2.071112189730708
1.0,0.4,0.0,0.8,0.2,0.6,1.0428943953679832,-0.004323531240807962,-0.04505128464467861,2.5430384412770906,2.3069317543263494
0.7,1.0,0.7,0.8,0.0,0.2,0.3640223210107998,0.6002736536487904,0.515256926817207,1.7605430221514238,1.491019725388737
0.1,0.6,0.3,1.0,0.6,0.7,0.7878485134252133,-0.09437978665366464,0.09879305370152743,0.4874248373722322,0.26626670665255897
0.9,0.4,0.0,0.8,0.2,1.0,0.7053222897590659,0.31187085080915605,0.2617080172055083,3.6034208175712346,3.356870370119921
0.3,0.2,0.8,0.0,0.6,0.6,0.1880831721316054,0.8414724040250456,0.9495348007757113,0.3683600020050035,0.08115268368014278
0.9,0.5,0.9,0.7,0.3,0.6,-0.016145243001567833,0.8779093386476988,0.8666314740518443,2.8294519994431253,2.5144030164708218
0.8,0.5,0.2,0.8,0.9,0.1,0.830638997298574,0.040699616711009606,0.04422506674737713,1.7436953990700568,1.6791821716465303
1.0,0.4,0.0,0.9,0.4,0.7,0.6097470596559376,0.1723737605033062,0.2735956065733082,2.68053921162822,2.3830010754445268
0.0,0.9,0.1,0.4,0.0,0.0,0.7119591057602545,0.13391304890541772,0.023670135623971397,0.6331032120634007,0.45353322218937764
0.9,0.0,0.3,0.8,0.6,0.2,0.9204450475620883,0.1241207502674587,0.04182445201868155,0.47749357283859317,0.17366567930522164
0.0,0.9,0.6,0.5,0.6,0.9,0.7150107553203909,0.3178367451617274,0.048564262672102565,0.6051792393031131,0.46494899520219213
0.1,0.4,0.4,0.2,0.9,1.0,0.09260274107560727,1.0254746851458334,0.8449213339942085,1.4278259185481574,1.3998162279617796
0.2,0.4,0.9,1.0,0.3,0.3,0.8289454108618621,0.08005756096696658,-0.11636220627383212,1.643633659827256,1.2518229182734308
0.6,1.0,0.0,0.8,0.9,0.5,-0.10053062191766873,0.9043993672248072,0.8396956728735082,2.1351319832728675,2.1004199917230286
1.0,0.5,0.2,0.0,0.4,0.0,0.7895851720192077,0.12261813945578896,-0.15892520992960324,1.2606883638852804,1.009772608796352
0.5,0.2,0.3,0.2,0.9,0.8,0.0276868018041812,1.0666107602990305,0.8280076356537345,2.410880197843701,2.1455304214804105
0.9,0.0,0.6,0.0,0.9,0.1,0.6864004806784793,0.37717859383033947,0.22909396136453528,1.6469347470918916,1.5924910547978752
0.3,0.5,0.1,0.2,0.0,0.5,0.05526441458337388,1.0451739404760028,0.6705168645843441,0.5224765031420135,0.363707683736312
0.6,0.9,0.1,0.2,0.6,0.6,0.35420652414389137,0.6808136291654926,0.39903037628887283,2.057632643643613,1.9114004913381097
0.7,0.0,0.5,0.4,0.7,0.4,0.5865093798341388,0.436175962692015,0.29760634063005353,1.0978936821079155,0.7409359210177322
0.6,0.6,0.8,0.6,0.0,0.2,0.6086940106207108,0.32171848887553994,0.10382968469996773,1.1636422024994753,0.9372800195496102
0.0,0.0,0.8,0.4,0.0,0.1,0.17843362988557315,0.9754484671495645,0.7803970980899296,0.31343201783757735,0.015814577946143476
0.0,0.8,0.5,0.2,0.8,0.0,0.08424951578376408,0.8337606723065274,0.87301069046708,1.107174969592357,0.8527447912109587
0.5,1.0,0.0,0.8,0.5,0.6,0.3131613245029248,0.8297686539812756,0.7210591820519897,0.8591878110341015,0.8867326105498647
1.0,1.0,1.0,0.9,0.4,0.4,0.8908993485439904,0.24741436340671558,0.10369764551099142,2.9986183311232284,2.8791028651538815
0.2,0.4,0.0,0.8,0.1,0.7,0.20586998151209526,0.8492792190901446,0.6010751883365664,0.6843768198014927,0.5008387579517716
0.4,0.1,0.0,0.9,0.5,0.1,0.70966586968416,0.36998348484742977,0.2791047311986317,0.1812202347822279,0.17609154556299034
0.8,0.1,0.6,0.0,0.0,0.2,-0.09176827058268061,1.147092453731856,0.8502569647561546,1.9393711549827886,1.4812305831302568
1.0,0.0,0.7,0.2,0.7,0.5,0.06872926046846078,0.93248943738904,0.7412264384747145,1.2962076558588165,0.8772193313807614
0.4,0.0,0.7,0.9,0.8,0.1,0.3859704164545135,0.6395853972147724,0.5254037178283598,0.14125979020340795,-0.054749297836215904
0.3,0.2,0.2,0.5,0.7,0.1,0.9315050617266396,0.1978919338324211,0.00044584666302999474,0.05671628816528995,-0.03916164455460796
0.5,0.3,0.9,0.5,0.6,0.3,0.796776522941518,0.17375351021223281,-0.01674493256780664,0.4318004050862584,0.34140149077190907
0.6,0.7,0.5,0.6,1.0,0.9,0.8878328204732546,0.1522327351864896,-0.016600002467674152,4.1084496428796,3.7237976117919187
0.9,0.5,0.7,0.5,0.3,1.0,0.9464128811042883,0.21887380020267333,0.036699542142512545,3.13423185176317,2.704272957098777
1.0,1.0,0.3,0.4,0.0,0.1,0.9295743761774018,-0.1011129936800994,0.00594042465003464,1.516354492486752,1.3462175940720678
0.3,0.9,0.3,0.3,0.8,1.0,0.11933472801703836,1.016553192430824,0.6744886208735933,1.8430798082496496,1.808291848685343
0.8,0.3,0.8,0.9,0.4,0.0,0.8879348342153037,0.11035543785479457,-0.09909662889521637,2.0875881100358558,1.8936110452814234
1.0,0.6,0.8,0.6,0.3,0.8,0.7465080588484231,0.3142526770024389,0.09882530098116314,3.206712597398015,3.1891629169326006
0.2,0.8,0.8,0.8,0.2,0.5,0.6583333926550394,0.28679461114425614,0.1392513717627312,1.9490177748446589,1.6772163188016695
1.0,0.6,0.5,0.8,0.5,0.8,0.22001679261500012,0.6829811259144519,0.8746671004032295,2.8930665133562155,2.6866540071254406
0.2,0.0,0.2,1.0,0.0,0.2,0.9932966724983685,-0.14109175539611524,0.034483995075990696,0.40346027156230774,0.19065206766059062
0.9,0.0,0.8,0.9,0.0,0.4,0.09730101115060555,0.8666009747742072,0.6814012924416555,2.1529661395335564,1.9381395556724401
0.4,0.3,0.5,0.2,1.0,0.4,0.8489331847598725,0.11884583268074789,-0.019684979637288748,1.8034277180304286,1.5609141394770958
0.0,0.5,0.9,0.5,0.7,0.7,-0.14419943429775914,0.9829254342357386,0.7669312000607065,0.3503078033467666,0.06362126582126452
0.1,0.2,0.8,0.7,0.8,0.1,0.1146268292994154,0.9972374658625607,0.9092349118094256,0.3943129738270372,-0.06220658684213464
0.3,0.2,0.8,0.7,0.1,1.0,-0.14938004353606982,0.9553947224576225,0.9256056029804716,2.323115953349471,2.108924363004511
0.9,0.6,1.0,0.0,0.8,0.4,0.21629715843715638,0.6702685551588111,0.6406936341354734,2.2180302861507464,2.071422071095434
0.6,0.6,0.1,1.0,1.0,1.0,0.9248279548695654,0.2210414833169165,0.07136758936595448,4.7466212647973505,4.575352463323826
0.3,0.0,0.7,0.1,0.7,0.1,0.4574424732539555,0.51464895768457,0.32639539036430815,0.22171842179928208,-0.06399474798310278
0.5,0.5,0.6,0.7,0.9,0.7,0.040091068786899095,0.8710616455500552,0.8386663072702523,1.5483530127537712,1.4045025065047168
0.8,0.9,0.4,0.5,0.8,0.6,0.14168139834943339,0.9434545534113442,0.9224199947220509,2.611661632637176,2.2394599557439037
0.8,0.5,0.8,0.8,0.4,0.5,0.02064007033679955,0.9993116884855808,0.8159678998845947,1.9571508000622704,1.7023505602734188
0.2,0.1,1.0,0.1,0.7,0.9,0.00957960653910664,1.025124441447019,0.9020188645548132,1.2676677317228837,0.934695774735622
0.7,0.0,0.6,0.3,0.2,1.0,0.5265950654187795,0.2846476824714939,0.19849977833621604,3.787721571372299,3.444366039057614
0.1,0.1,0.0,0.7,0.9,0.7,-0.14089181330395234,0.850117034232637,1.018287652195243,0.7005337699415938,0.3719298702047452
0.9,0.0,0.3,0.9,0.6,0.4,0.8615464067112995,0.09596883221445443,-0.03243504654360215,0.7639141550913308,0.7463454861064431
0.8,0.1,1.0,0.4,0.5,0.4,0.5862928463060653,0.37384959950461666,0.1794040299525963,1.7859711059919507,1.7429473707742753
1.0,0.2,1.0,1.0,0.6,0.3,1.0057515254458829,0.06983047687166573,-0.05030170436104369,2.599575411521498,2.707572910419222
0.9,0.2,0.2,0.3,0.0,0.0,1.0050560293291586,0.09512573574965019,0.0004627334679872551,2.1651914382065436,1.955291321854441
0.6,0.4,0.3,0.0,0.0,0.8,0.04263702555899712,0.8601652406253348,0.8759148474707976,1.301594343463161,1.0170215523943438
0.8,0.9,0.2,0.4,1.0,0.4,0.8404124278489772,0.10063197305839901,0.1480414460138527,3.3171846463842583,3.0715551758485025
0.9,1.0,0.8,0.5,0.8,0.2,0.5616786803300698,0.7315162069604911,0.28182890788685366,1.6960104716539,1.5725956540960786
0.6,0.6,0.0,1.0,1.0,0.1,0.8060321973046831,0.07748246110323023,-0.02133548233805132,2.7814449930986154,2.621251588121523
0.5,0.3,0.3,0.4,1.0,0.1,0.8640198097346954,0.11782074518018704,-0.09611960024207795,0.8796783539110437,0.5853579005065499
0.2,0.4,0.8,0.1,0.3,0.0,0.64840989578776,0.37504758379423775,0.20294881264564346,0.3695729631128211,-0.012144731999736473
0.7,0.8,0.2,0.1,0.6,0.8,0.7660574884012702,0.010681869748085729,0.09339678129633486,2.6495478742326837,2.632578420827969
0.2,1.0,0.8,0.1,0.7,0.9,0.10253456736444622,0.8026702218198234,0.8511875725625931,1.042024540737093,0.6691588201686537
1.0,0.4,0.9,0.4,1.0,0.2,0.898995337534533,0.18792384695698616,0.17251618497459303,2.6430268398661814,2.431191576076039
0.4,0.7,0.3,0.4,0.7,0.0,0.9322170122847335,0.07009451239787204,0.10917979231921165,0.2563133568357211,-0.08816746224960556
0.4,0.4,0.8,1.0,0.7,0.8,0.07774001772491732,0.9380775038965787,0.8641845238705704,1.1972136531353466,1.1885786078967993
0.5,1.0,0.6,0.2,0.8,0.8,-0.019154780187997367,0.8814157023427693,0.9804081755525815,2.368589376620484,2.055184807383231
0.8,0.0,0.0,0.1,0.0,0.5,-0.08026298393452191,0.8050885984793364,0.7236303590767654,1.683115210708536,1.471775733096702
0.8,0.3,0.0,0.4,0.2,0.1,1.034583454691074,0.14495563189295219,0.061821144686500906,2.3955970408348293,1.911013293834255
0.9,0.8,0.9,0.4,1.0,0.1,0.9620885397245603,0.027772169676082883,0.09765526049097004,3.919154720737112,3.6394648305342003
0.6,0.1,0.2,0.3,0.0,0.4,0.4156616577994018,0.7648297734001994,0.49869385723021764,1.6584608864665686,1.4424946777392884
0.5,1.0,0.3,0.8,0.7,0.8,-0.016292779312240213,0.6512523726451712,0.6922367366787394,1.1400598908385169,0.9024926220543451
0.9,1.0,0.8,1.0,0.2,0.5,0.9057763126162308,0.09283468659217028,-0.035116138612828876,4.003473487481921,3.988747228268985
0.3,0.7,0.6,0.3,0.5,0.5,0.942892536206123,0.1919675777031518,0.015054471512107129,1.1326160483530945,0.6303214288424721
0.4,0.3,0.2,0.1,0.9,0.6,0.9309514506724953,0.08168407609424086,0.09559997522979166,1.4863414385763827,1.035567353228688
1.0,0.0,0.0,0.6,0.3,0.9,0.9312420912086284,0.14972134674694837,-0.15158817750070513,2.4647109126051525,2.4815729329824165
0.8,0.3,0.3,1.0,0.7,0.9,0.8902331866008818,0.21121952904256333,0.024499685468992657,2.7684401053518117,2.5978265497069746
0.4,0.8,0.6,0.6,0.7,0.2,1.0347938513494555,0.09202654697587033,-0.0898947670941812,0.5796088377435202,0.4820452116283982
0.5,0.4,1.0,1.0,0.0,0.5,0.8289266724378184,-0.16677521768712497,0.014749784925000474,2.139012240674468,1.9302469452790556
0.9,0.6,0.6,0.8,1.0,0.5,0.8998073824211178,0.1468646080517401,-0.21805636155165284,3.49675191507583,3.0016151322091793
0.2,0.3,0.7,0.9,0.3,0.5,1.0241059194947684,0.10620322998108908,-0.05129286473282584,1.0490499613348496,0.6675288464325762
1.0,0.1,0.1,0.0,0.4,0.9,0.03195344811330106,0.9696084745684426,0.8366110175243555,3.4386227192319043,3.1316979196639787
1.0,1.0,0.3,0.3,0.4,1.0,0.32881706483812173,0.5720398198392068,0.516530638378761,3.282121552691113,3.1410725680300935
0.3,0.9,0.5,0.8,0.1,1.0,-0.20672992114811495,0.99874816943872,0.8446809173603176,3.2581065243039316,2.916754524564049
0.9,0.3,0.0,0.6,0.4,0.7,0.794161340753155,0.1525469656071647,0.034215837159281566,2.255672028888771,1.7349401101862092
0.6,0.5,0.6,0.0,0.7,0.7,0.03512856019044615,1.0280962172800363,0.8217786087413339,1.1038442192722235,0.9063040581712826
0.1,0.0,1.0,0.2,0.6,0.6,0.5769378378142044,0.5589250820056166,0.5398883126115296,0.16249373490864918,-0.007055457113759156
0.7,0.4,0.3,0.3,0.5,0.1,0.7763563763184261,0.17463008353717413,0.02870297273240832,0.47198765657356123,0.11669131405241356
0.0,0.1,0.2,0.5,1.0,0.4,1.0286643269564921,0.1390513201099603,-0.011901093619112063,0.5014777071949317,0.18631046899211956
0.9,0.2,0.9,0.6,0.4,0.1,0.8216730230295332,0.33448944041967754,0.011375278683520104,2.0987528343691535,2.083359270288726
0.0,0.7,0.8,0.2,0.8,0.5,-0.056702587535536066,0.770097803647038,1.0064990987444036,1.074047888113972,0.754203091497322
0.3,0.2,0.2,0.6,0.8,0.1,1.0922143457125382,0.18334932351482913,-0.14741792288944716,0.05921727764496676,-0.05107576804318442
0.4,0.1,1.0,0.3,0.7,0.3,-0.041041041415941934,0.941437811017518,0.7869204165504513,0.3214663459500783,0.6353183846724155
0.0,0.7,0.3,0.0,0.8,0.3,0.7693780069263381,0.39317197034707557,0.3139839584489388,0.08300990919999873,-0.07294834666091611
0.7,0.4,0.1,0.6,0.4,1.0,0.6862555802351273,0.2736005321672542,0.10731217239187286,2.7339789256914226,2.3446360022998256
0.3,0.6,0.6,0.4,0.2,0.7,1.0146103527485228,-0.08914324827424924,-0.05119725021255889,1.6860942997684576,1.6999777586529836
0.3,0.1,1.0,0.0,0.6,0.1,0.4311155668582486,0.31321225453265666,0.28434165947447887,0.24819209632377004,0.08166883282376616
0.5,0.4,0.6,0.3,0.1,0.7,0.3258448809492396,0.46841652963079194,0.3704026821177099,2.058581958691271,1.619193141030502
0.7,0.8,0.0,0.0,0.2,0.6,0.8845590411831504,0.1185243683127529,0.12394862057630146,3.2954095818698694,3.370340972657781
0.1,0.9,0.9,0.5,0.1,0.7,0.5246681592285287,0.5795707073242075,0.3442765078227995,1.8953429961274573,1.8653695485612505
0.3,0.9,0.3,0.2,0.4,0.5,0.3292207476984122,0.6368027485779415,0.47708787540961106,0.908434384870076,0.3611815245158449
0.4,0.6,0.8,0.0,0.9,0.6,-0.1235697352034523,0.9645031404075987,1.058778005106791,1.5337407461199755,1.169448007077013
0.7,0.9,1.0,0.6,0.5,0.4,0.8910414943379682,-0.018486846694834747,0.07303769649902958,1.8428861458256278,1.5787883341827313
0.7,0.3,0.6,0.3,0.7,0.8,0.043682828759274706,0.681132518158746,0.5380603579907282,2.3409195665587528,1.836019303760756
0.4,0.8,0.2,0.6,0.6,0.5,1.0700775205374473,0.11636965588714081,0.09675199342250371,0.49202790412003783,0.4203479432762348
0.7,0.8,0.2,0.2,0.0,0.8,0.5434522918292055,0.4041561512127249,0.27958997369858013,3.6535593527494505,3.2673132427956704
0.1,1.0,1.0,0.9,1.0,1.0,0.8412980349652873,0.07258999372978013,0.08429341482867168,2.995624961875308,2.794563286813008
0.7,0.5,0.7,0.5,0.6,0.2,0.8914513258244896,0.22688614090453957,0.05485465443051138,0.044447525027543594,0.01212953612567772
1.0,0.7,0.7,0.4,0.3,1.0,0.7199483729888183,0.23280342533790382,0.1818338100283562,4.412996945138039,4.286210094483094
0.3,0.5,0.5,0.6,0.1,0.2,0.8283413670059561,0.0023992149683408487,0.1402059797566202,0.2721509806165695,0.12264883781944891
0.0,0.2,0.5,0.2,0.0,0.3,0.022888865796000676,1.0188536260032819,0.7939061525314614,0.7076046575448803,0.5646861459005443
0.8,1.0,0.3,0.9,0.1,0.0,0.9713142314009144,0.11282689205805665,-0.15517812643964313,2.4980651253047004,2.1942709393026356
0.6,0.4,0.6,0.4,0.1,0.3,0.9878909733483172,0.0952597761291955,0.08573951991901678,1.484984513384319,1.3992111930386926
0.9,0.6,1.0,0.2,0.8,0.8,0.04638895674095639,0.9637573504338401,0.8623439595046948,3.395480106631866,3.33840957661722
0.2,0.9,0.3,0.2,1.0,0.1,0.8765374624006577,0.1332629817832715,-0.10158257537477362,0.8289866598164721,0.6024888974280814
1.0,0.1,0.5,0.6,0.1,0.7,0.571104863453775,0.3992999591530969,0.5453729657209297,3.213974132285878,2.987819858095926
0.9,0.9,0.6,0.2,0.2,0.6,1.0437979469347674,0.06769233315760767,-0.08022732164290547,4.0527445088300045,3.785155238469469
0.8,0.5,0.6,0.9,0.5,0.2,0.7815598938679038,0.10794053808773386,0.10946631598076424,1.451898705439082,1.1881943965019248
0.9,0.8,0.5,0.8,0.8,0.0,0.44373533964597284,0.5521482897343921,0.43417903281356235,3.129313358219583,2.8966614841212524
0.0,0.4,0.4,0.9,0.5,0.2,0.872872839586941,0.16797394793945025,0.014458392300508702,0.10441008287106705,-0.13057449531217208
0.7,0.6,0.1,0.7,0.9,0.2,0.7289165247945595,0.22393119176263443,0.10230541280164056,2.3969615645818014,2.27431319564678
0.0,0.9,0.6,0.7,0.3,0.3,0.8226532826935145,0.19522061918263683,-0.07770318943246718,1.032526586392698,0.5938619393669898
0.6,0.1,0.1,0.5,0.1,0.1,0.9140550400292106,0.02852786557505889,-0.08756539422014838,1.8213909801478636,1.9721352455848236
0.3,0.6,0.5,1.0,0.2,0.1,0.6947890193683022,0.18498860156931163,-0.11735783753731555,2.2146942060058907,1.7750268097606063
0.3,0.2,0.1,0.9,0.9,0.9,0.306906263240969,0.721059673897325,0.5920770026839812,2.8199187885182146,2.5402989341255258
0.0,0.9,0.9,0.0,0.5,0.4,-0.03892764339635854,1.084812128339472,0.8155326085796455,0.393118320855384,0.05868405543840691
0.3,0.8,0.9,0.2,0.0,0.4,0.02140264299434358,0.8647374354457318,0.8156279241201615,2.2455641938068847,1.6756277197678122
0.8,1.0,0.3,0.9,0.7,0.5,0.9845980550330957,-0.13382870157100596,-0.1305649522892194,1.9241462422446334,1.6545881557098234
0.1,0.3,1.0,0.0,0.4,0.1,0.9105656049347579,0.12951570048847816,0.044940729037053984,0.02477413702254333,0.2894097442424463
0.3,0.4,0.8,0.8,0.9,0.9,0.0828787125629916,1.0744515196952231,1.0109907493841557,1.46344074134194,1.2230302496586285
0.5,1.0,0.0,0.3,0.5,0.8,-0.03774788110729551,1.0730161449464815,0.8503636272167246,1.4786178583878073,1.2207002144383376
0.0,1.0,0.5,0.5,0.8,0.2,0.5860436425184904,0.4996267412134767,0.31343109264420055,0.1491025319164569,0.06296919731787308
0.0,0.7,0.9,0.7,0.0,0.3,0.44105484722853133,0.6488103482757746,0.39524088365382726,0.8642502895878453,0.6943415145598034
0.1,0.0,0.8,0.0,1.0,0.6,0.2556935330272386,0.9247021529849292,0.755490346735471,0.4440821843575424,0.03220137562608866
0.2,0.1,0.3,0.4,0.5,0.1,0.9649922705203292,0.03969606709719113,0.1194188530913593,-0.027617102692849005,0.13891461823435935
0.6,1.0,0.9,0.1,0.3,0.8,0.007570414505035414,0.6251151233857741,0.8517015564184431,3.5260395547431287,3.384582644275352
0.2,1.0,0.6,0.0,0.4,0.4,0.3379919525233983,0.5445036040957019,0.3332387204756943,0.35178954756930797,0.03827389579542305
0.0,0.3,0.3,0.6,0.7,0.6,0.9224673737346231,0.20924273333842572,0.0454002592068916,0.12162465769964818,0.08600879922622662
0.7,0.1,1.0,0.6,0.8,0.2,0.23898382594390985,0.8410064894181275,0.6821888814082593,1.6624058756495035,1.5808709019928735
0.5,0.0,0.2,0.5,0.9,0.9,0.8527490812268907,0.214118152328246,-0.15711485520625496,1.852830909184245,1.777517822689224
0.9,0.3,0.0,0.5,0.2,0.3,1.0269976636779858,0.08912262002851484,0.039477310299398646,2.07109688780826,2.1670901597177488
1.0,0.3,0.9,0.0,0.6,1.0,0.301411286036822,0.7347480171167224,0.5330683138092658,3.1448119543129622,2.718189616295863
0.6,0.1,0.6,0.5,0.6,0.2,0.9014162801631826,0.3198203569495369,-0.07122436246495921,0.41832036709579523,0.2818835680003594
0.0,0.1,0.8,1.0,0.0,0.4,0.0027903040697810962,1.0478389674762494,0.8655124586448936,1.1611751626040814,0.749060642720959
0.8,0.2,0.7,0.8,0.0,0.6,-0.20512157676295584,0.9953110447315879,0.9248722838540728,2.5631483722331057,2.253018062533954
1.0,0.4,0.0,0.5,0.7,0.1,0.8259178797132876,0.011603566267624432,0.07907721143203278,0.4556021248351798,0.13117650771512718
0.2,0.0,1.0,0.8,0.9,0.5,0.09808684996803275,0.7825127917942666,0.7882643062922545,0.7935243520598011,0.5492956937758973
0.6,0.6,0.3,0.2,1.0,0.4,0.9043815502317163,0.12706948855320374,0.081426120192361,2.2142847695258068,1.9273155531878476
0.1,0.8,0.6,0.2,0.9,0.5,0.37719443027437194,0.6262679303209678,0.44313546639145396,2.0613030412662243,1.4811560410845261
1.0,0.1,0.6,0.9,0.6,0.0,1.0058416924492732,0.3782966152993727,-0.03938068757891243,1.9064614511343438,1.6290281452387334
0.3,0.9,0.7,0.9,0.0,0.6,0.13613549861141971,0.8330217522830092,0.6417607886226844,1.5416416498051804,1.3207156416142027
0.8,0.2,1.0,0.9,1.0,0.8,0.9917994861362865,0.05199097918732876,0.015017973959246325,4.45209901119739,4.375779226670875
1.0,1.0,0.1,0.3,0.4,0.4,0.6307774433801977,0.10609102807951719,-0.0025332480580428363,2.738759169320452,2.544417547300965
0.1,0.1,0.5,0.9,0.6,0.8,-0.007126320338929706,1.116835246282324,0.847765547565934,1.284593838870424,0.9053406137218333
0.1,1.0,0.9,0.0,0.0,0.0,0.0496482413634478,1.0462316845998867,0.9599099110618949,0.4180638727236136,0.24210796493197778
0.2,0.8,0.1,0.0,0.8,0.1,0.5791690267447942,0.3686664133758229,0.3520243555552357,0.6100673318549557,0.5462094698279452
0.6,0.0,0.8,0.8,0.0,0.8,-0.056195880489463536,1.1256357101985845,0.9094226398939812,1.9267458239113706,1.808439686495665
0.9,0.3,0.3,0.0,1.0,0.7,1.0811362122105213,0.00924084278363857,0.003250158861736595,2.5802539923014307,2.1088508873983294
0.4,0.2,0.1,0.6,1.0,0.9,0.797489608301359,-0.06631436916209534,0.18464388457827846,2.4849347680942673,2.2545578852956307
0.2,0.3,0.4,0.9,0.9,0.7,0.6048163975699895,0.5443501938524841,0.28950376310601245,1.4701076891309326,1.2968728704813486
0.2,0.0,0.1,0.6,0.8,0.7,-0.0156805847412992,0.8920850877620117,0.8544316221682409,0.13129498098425607,-0.084292286910199
0.9,0.7,0.1,0.3,0.2,0.7,1.0140254963627797,0.1824224770328725,-0.15931383701576166,4.538458484968964,4.324603414878389
0.2,0.8,0.7,0.6,0.3,0.5,0.7926083995624056,0.040560278542359204,-0.047708989356160476,1.0983985521807158,0.799014020860707
0.0,1.0,0.4,0.5,0.9,0.6,0.524825760752503,0.533184182492598,0.4717171514030544,0.4962858739489503,0.5012582038576457
0.5,0.1,0.6,1.0,0.5,0.0,0.8949489763830996,0.10156335697176742,0.061378765494496036,1.4482891483313423,1.1746868104288706
1.0,1.0,0.8,0.8,0.3,0.7,0.07467661858653932,0.8371404365956312,0.9483634640836778,3.5436616883684167,3.062946985703981
0.5,0.2,0.9,1.0,0.5,0.0,1.0201038589585858,0.08935553092165799,-0.10454019031619491,1.7971089282802688,1.6659978962922384
0.4,0.9,0.6,0.2,0.6,0.1,0.7626426973837092,0.21745642570702212,-0.014159093215370386,0.43709082024794355,0.2861332685113397
0.4,0.7,0.3,0.7,0.0,0.5,1.0264202325353076,0.11665338304215997,-0.042858338942122445,0.8236668045998301,0.47828020546244787
0.2,0.8,0.9,0.5,0.0,0.6,0.6101417065407773,0.20871364106102458,0.334323217472652,1.5388127586460632,1.4160748620716814
0.0,0.1,0.3,0.4,0.6,0.0,1.0007203920207068,0.1133100758470426,0.14754203739070704,0.1516754457844568,0.05844085109598085
0.7,0.4,0.3,0.3,0.3,0.2,1.048312206850352,0.007537987608173077,-0.00744599489850202,1.5194970620049553,1.2163733107101165
0.1,0.3,0.8,0.1,0.9,0.8,0.11843430719440513,1.0485638022394657,0.8878055862248387,1.2813808716329764,1.2240959901335
0.8,0.4,0.6,1.0,0.3,0.6,0.880297057390524,0.08441006233412113,0.08913124034003773,3.303345259712388,2.975406320866609
0.9,0.5,1.0,0.8,0.9,0.0,0.6292185132143726,0.5363541582303354,0.45178432719541284,2.2525957939578425,1.9755397975333286
0.7,0.6,0.4,0.8,0.4,0.5,0.3101132093481744,0.7064599484930726,0.470533027115961,2.102552504616181,2.01380187981668
0.5,0.6,0.7,0.3,0.8,1.0,0.09129274440511051,0.94238545536075,0.7029165372507094,2.419544366453465,1.9818186056911702
0.9,0.1,0.1,0.8,0.1,0.9,0.034719273065733185,1.0764111811488748,0.779961829101257,4.0899244075333705,4.109398708822975
0.4,0.8,0.9,0.3,0.1,0.6,0.31719719715984523,0.614451971819655,0.6199984677538625,3.1318875717043757,2.787003281223965
0.4,0.9,0.9,0.5,0.0,0.7,0.2157601410527662,0.8141312537925672,0.7867452343496836,2.0451075133530163,1.7557731204842089
1.0,0.6,0.6,0.7,0.2,0.1,0.939929130532291,-0.05514698058923155,-0.09196895146494936,2.7527808096579798,2.4505054244091435
0.1,0.5,0.9,0.2,0.1,0.9,0.08257164123576988,0.9851854654174966,0.8379303851041858,2.072103890410755,1.6781515118181338
0.1,0.4,0.0,0.3,0.9,0.6,-0.14588137071909169,1.1620521003703357,0.9983574728289486,0.3078245928083663,0.17072916413111888
0.5,0.5,0.4,0.7,0.5,0.1,0.0874136829350132,0.7933324999698048,0.5315320511717674,0.20545004650859522,-0.031329789982239634
0.2,0.2,0.1,0.1,1.0,0.1,0.8833552468524688,-0.10570262800023782,0.06609270510009861,1.2407534254506325,0.8620312503771368
0.9,1.0,0.4,0.8,0.9,0.2,0.37356276831805535,0.42589988464367645,0.47834804554041505,2.457245265731284,2.394161004993983
0.5,0.7,0.1,0.1,0.7,0.0,0.8774915247453344,0.16377954243223014,-0.086918468148624,1.3086885116626963,0.9266952826662594
0.1,0.6,0.8,0.6,1.0,0.7,0.6858737801347503,0.4296209615794063,0.0424595912203625,1.170948265727716,0.9457763840432049
0.7,0.2,0.5,0.4,0.2,0.1,0.8982476003431474,0.11897190471669244,-0.13226507735213563,2.8097404898826537,2.6405261041231
0.9,0.6,1.0,0.3,0.4,0.5,0.7446710707386757,0.391948241575174,0.31022354835738747,3.0893704104303774,2.691131263905412
0.6,0.3,0.7,0.8,0.4,0.1,0.7707743078100816,0.12716302157911716,-0.06076979497003712,0.8608464175488603,0.6680336481087747
0.9,0.4,0.7,0.3,0.2,0.7,0.8263599240040429,0.20169841296634083,-0.018248602270487982,2.6562440332338655,2.5018512868949747
0.4,0.4,0.8,0.0,0.7,0.7,-0.07007228508728304,0.9422883828565887,0.809381601505503,0.24856089061177591,0.0005005742124073432
0.8,0.5,0.0,0.0,0.9,0.8,-0.05396360661416527,1.0481155832047873,0.9629502400673662,2.5530628724617057,2.248254790977971
0.7,0.8,0.2,0.4,0.6,0.0,0.9874131109142466,0.14042921913846482,0.07492298532326065,1.4446548689346277,1.1681376135090213
0.7,0.8,0.5,0.4,0.3,0.9,0.9401255994976678,0.1441375181247183,0.06580601308532724,4.528449977451168,4.455253311769004
0.5,0.8,0.3,0.7,1.0,0.6,0.6779266911686699,0.1478076134000429,0.07643031405459816,2.1801893826489604,2.1824989517137707
0.3,0.9,0.1,0.5,0.2,0.6,0.8433082165841679,0.11409878456992827,-0.09474464855053688,1.8540168764744498,1.8632393275433858
0.8,0.1,0.9,0.9,0.9,0.5,-0.06855936770381299,0.9244972619627816,0.8436915282805935,3.5988432243642774,3.523387231594811
0.7,1.0,0.6,0.4,0.3,0.8,0.8483652122638056,-0.05254732726987607,0.027674128404637184,3.5035821775458103,3.2026303371274705
0.7,1.0,1.0,0.9,0.9,0.4,0.8699413319509954,0.1309208085278169,-0.04586046174170259,3.5790533720483095,2.9997955084928956
0.7,0.7,0.4,0.6,0.2,0.7,0.8642206918668215,0.06411457755759839,0.17866556602535721,3.2502478046092254,3.1900431826813067
0.9,1.0,0.3,0.0,0.7,0.5,0.34224095767012286,0.2745706383308195,0.11595869822309293,1.099660821527998,1.0993651249422822
0.7,0.0,0.3,1.0,0.1,0.0,0.8575112754294434,0.22871685887382054,0.024622662154605776,2.0070532060363884,1.88653229836592
0.8,0.2,0.4,1.0,0.3,0.5,0.8856854319401842,0.13922326632858967,0.07332145661003019,3.5984050666733784,3.7032100598247264
0.9,0.3,0.4,0.3,0.3,0.7,0.6691281661124394,0.06842965576047286,0.16911282013471685,2.871914552477612,2.755023877993275
0.6,1.0,0.4,0.8,0.8,0.1,0.14398217992018456,0.8390271202476803,1.034069015398827,1.3380692032134844,1.1802192613212394
0.1,0.5,0.0,0.9,0.4,0.6,0.013543889995177347,0.789109017530645,0.9158809313504499,0.4279544000805476,0.1934888020717522
0.3,0.2,0.3,0.0,0.5,0.0,0.7194756933055697,0.1591562502604942,0.11967652724220201,0.11794932635420195,0.07091569483282321
0.2,0.2,0.8,0.8,0.0,0.8,-0.1374557566853633,1.0820605568474098,0.8236910001363805,1.2120681305012913,1.0533000637730805
0.7,0.1,0.6,0.6,0.2,0.2,0.677395290292649,0.03286707157611128,-0.12114033336708958,2.282641172153428,2.2407197755950117
0.1,0.3,0.9,0.5,0.5,0.2,0.8472426890489454,0.09709013331102621,0.017554442030951342,0.21498861080794082,-0.04887703170057326
0.1,0.6,0.2,0.9,0.5,0.1,0.9375529072007313,-0.00882176716482111,0.10258919739076455,0.19975807840504606,-0.008536570091012066
0.4,0.3,0.3,0.1,0.5,0.4,1.0544746413047785,0.05464574355879537,0.1262974230511259,0.07559328765669963,0.019178869048092434
0.3,0.9,0.3,0.7,0.8,0.4,0.02547734032917631,0.9874731021225068,0.8074492671012591,0.1373849304060175,0.05201053252057424
0.3,0.2,0.9,0.9,0.4,0.9,0.20716340103393005,1.1059686806342592,1.0222022156041368,2.56558166618439,2.570293904258212
0.5,0.3,0.4,0.4,0.9,0.1,0.8324062242918013,0.10848608728349629,0.1175530870668508,0.8783361368944703,0.6899912654420863
0.3,0.1,0.8,0.2,0.8,1.0,-0.05340197514234615,1.1537475984600287,0.8589516592932032,2.154588772556591,1.5961723271908248
0.1,1.0,0.6,0.9,0.1,0.1,0.7741670425677898,0.1858969635782447,-0.028571940435765827,1.1631988555286832,0.9765492584706952
0.1,0.4,0.9,0.4,0.7,0.0,0.4880725397121626,0.37876438539064944,0.4095046954156042,0.16092790630385242,-0.06306790771490993
0.1,0.7,0.7,0.6,0.2,0.9,0.8979347843778137,0.04029422602576187,-0.06732963237064128,2.0463760874617987,1.6916545093167312
0.2,1.0,0.2,0.7,0.1,1.0,0.7981096593686402,0.2884168201639193,0.45723248850775344,1.9352612860440224,1.6589283420744692
0.6,0.7,0.6,0.2,0.1,0.8,0.8744594702164494,0.15952655588219194,0.1742729990701764,3.8233147784491495,3.798437117285852
0.3,0.0,0.8,0.9,0.7,0.9,0.06308325420982305,0.958151734393433,0.7931788828518926,1.145885716813109,0.6573030273700934
0.2,0.3,0.1,0.9,1.0,0.3,0.9778893683505998,-0.05180685622769099,-0.05701488905871702,1.3910039018988276,1.0648055212062268
0.5,0.4,0.3,0.2,0.6,0.0,0.9223281983589691,0.16322355324342816,0.08873575786302476,0.2405672737839615,-0.09144801660182998
0.9,0.8,0.0,0.8,1.0,0.4,1.0475152063300965,0.07113400097513202,0.02328649220395833,3.562016473503903,3.4682687144281013
0.3,0.6,0.8,0.4,0.2,0.4,0.9800693658294637,0.10868016641870436,-0.053210301560422446,1.2349047716918407,1.0971184799427973
0.5,0.7,0.2,0.3,0.1,0.9,0.8000480235029411,0.07558502591649108,-0.04161627275764874,3.533036735654188,3.140927707748591
0.6,1.0,0.1,0.6,0.5,0.0,0.8850234409633011,0.05668178475382745,-0.07474821437733857,0.748604394537934,0.7427113662908484
0.7,0.7,0.5,1.0,0.9,0.1,0.6599943475234906,0.08522039537127946,0.027755070531553253,4.0595838610794805,3.721164596835801
0.0,0.3,0.9,0.8,0.3,0.2,0.9107754724445886,-0.00487028220443525,0.23560509878448813,0.7927254235926009,0.6814881759846272
0.1,0.1,0.8,0.6,0.1,0.0,0.2815564309723388,0.4694735243416658,0.4881363801817615,0.14823944937769942,-0.06392713710843867
0.0,0.3,0.8,0.6,0.2,0.8,0.9060748239830938,-0.017858276903992693,-0.0835846225215311,1.2676748548505752,0.8172176142715408
0.1,0.8,0.2,0.9,0.7,0.8,0.8076843417450148,0.232352878034818,0.09287537654356293,1.4179907581509457,1.3232205522534213
0.9,0.0,0.1,0.1,0.1,0.2,1.0746084332608032,0.12669516010305654,-0.04181151013785553,2.1514670807750247,1.9124272605548662
0.8,0.7,0.6,0.1,0.8,0.1,0.9335299492924903,0.02374562437708644,-0.18841964228923205,2.3680082822092063,2.3048047191086343
0.7,0.4,0.8,0.8,0.4,0.0,0.07188427444951237,0.6708641450970667,0.713688741578738,1.4214050593235694,1.0120772580997874
0.7,0.9,0.2,0.0,0.6,1.0,0.4641999319482347,0.5685331309304574,0.6768439164174653,2.7351962347780776,2.5309237759790166
0.8,0.5,0.7,0.9,0.3,0.5,0.8395557608407159,0.045697239897347385,-0.1272343446045111,2.648397238773032,2.2692766130991435
1.0,0.0,0.3,0.0,0.8,0.4,0.21711206623747556,0.8419731018583325,0.6656998188472896,1.0792521630926704,0.8403061945860806
0.8,0.3,0.0,0.9,0.6,0.3,1.020709311009765,0.2808683812117232,-0.0010683464086784855,1.4020055968958574,1.087331636505328
1.0,0.3,0.0,0.6,0.5,0.2,0.9710864603869139,0.048709349788292444,-0.2057200361573524,0.7741940647135201,0.6441431564240887
0.5,0.1,0.1,0.8,0.9,0.4,-0.07424395187170937,1.104382754581593,0.752879408318427,2.15431291586606,1.8618191387081349
0.0,0.9,0.8,0.4,0.7,0.5,0.2309410771109703,0.9465895875077847,0.8753605861751255,0.2199297771302894,-0.10041192032674529
0.7,0.4,0.3,0.1,0.9,1.0,0.1553823337516086,0.7585660321306629,0.7544324020199037,2.85845106472761,2.6245722273826635
0.1,0.8,0.0,0.6,0.5,0.6,0.9188567342003346,0.14719811744503672,-0.21166527316768347,0.15553782911298183,0.09152034908962602
0.0,1.0,0.4,0.6,0.4,0.1,0.7601347161806331,0.12698001215949298,-0.03798507667771138,0.3171665207639629,0.13873776955191439
0.0,0.9,0.4,0.3,0.9,0.8,-0.056857492385146736,0.906115842210038,1.083211020661908,1.856398281532817,1.611186784940657
0.3,0.7,0.7,0.3,0.2,0.4,1.057110965128583,-0.0796576530833851,0.011352351309389603,1.7381850304429316,1.4460404565496137
0.7,0.7,0.9,0.6,0.9,0.7,0.6948572099378789,0.1896762527714948,-0.014083155881954135,3.7054785533790606,3.5406978247239818
0.9,0.1,1.0,0.0,1.0,0.1,0.9598124521632243,0.16800811439437513,-0.07186827100897387,2.7385618817705564,2.5161355325617114
0.9,0.8,0.9,0.8,0.1,0.7,0.4605386862283557,0.6835323248529519,0.4734340977588093,4.801368909818714,4.494065344393782
0.4,0.1,0.8,0.0,0.2,0.6,0.2196196490274351,1.1119404299607494,0.8404957863107239,1.7428172683968355,1.5149402444261648
0.4,0.5,0.6,1.0,0.0,0.6,0.5869704264463362,0.4120910256694458,0.42043419311336017,1.6137691989022422,1.367433389838153
0.9,0.4,0.7,0.1,0.8,0.5,0.18632566584508445,0.8977431730049417,0.8546265602303614,1.490789635323575,1.34224000399321
0.8,0.5,0.5,0.0,0.7,0.8,0.023866736064169138,1.146535293261926,1.0816720030462725,2.0326524783279676,1.8329003955037988
0.5,0.0,0.7,0.8,0.6,1.0,0.03248433963493589,0.8072204470732135,0.8927787450956337,1.0940756107679657,0.99165998149462
0.0,0.0,0.9,0.4,0.5,0.4,0.3292740927909079,0.5904140473673647,0.5358385108076086,0.286021371461189,0.14443177275452976
0.1,0.3,0.4,0.6,0.9,0.9,0.2184844721460521,0.5462096093881236,0.5404098925990087,0.972113286342888,0.7449356179838403
0.0,0.4,0.1,0.1,0.1,0.9,0.15186089153047036,0.5939605364471583,0.6148826677850459,1.5875096872135468,1.231927616481192
0.6,1.0,0.6,0.1,0.3,0.3,0.9577194583610512,0.06010641135213016,0.03133253354543624,2.2153279471210983,2.1905466396254134
0.6,0.4,0.4,0.1,0.4,0.3,0.4809524518633262,0.5238688469193712,0.5650069399646228,0.7439743063602023,0.6795249726730737
0.5,0.4,0.0,0.1,0.1,0.1,0.9164706756966718,0.14400859199337382,-0.08294951182015535,0.6592693139923032,0.576534721097391
0.7,0.8,0.2,0.5,0.2,0.3,0.8735324306341904,0.20861334687681166,-0.1386690687672126,3.0358537623780752,2.688649531101958
1.0,0.0,0.7,0.3,0.9,0.4,0.45715955063484026,0.8460516571598814,0.6173774715344593,1.931003939211203,1.879512208359156
0.1,0.6,0.4,0.6,0.1,0.8,0.5079741120702468,0.3697851269998484,0.45211490594191406,1.331776853707685,0.9182505714255502
0.1,0.0,0.2,1.0,0.1,0.8,0.9829900927285615,0.03569873926299423,-0.08214573307590706,1.7017474285952987,1.557083313448958
0.5,0.9,0.5,0.8,0.8,0.1,-0.04784154370882568,1.0679505625701629,0.8545247441652613,1.749244038805004,1.616821558721111
0.5,0.0,0.5,0.0,0.3,0.6,0.43431607228404867,0.6203296150791459,0.5262760142684477,1.6841849262921247,1.5635018041462911
0.5,0.0,0.5,0.4,0.2,0.8,0.8056319975159547,0.20080670078234647,-0.049200972971667006,2.509356900122837,2.212956454540967
1.0,0.5,0.3,1.0,1.0,0.9,0.7695096811916995,0.17922098119218788,0.07301738448368263,3.9183837618835895,3.57655659112062
0.7,0.0,0.0,0.2,0.5,0.3,0.48736300847526054,0.4528179582647304,0.3213328030229247,0.8798529620370485,0.45379011849264195
0.3,0.2,0.1,0.2,0.2,0.3,0.900563951416747,0.16490258435130228,-0.047306569935621566,1.6175441382373072,1.5133255813791124
0.2,0.4,0.5,0.3,0.1,0.2,0.7609062363625138,0.2206145875920123,0.13651940900256382,0.4886434450847471,0.41860820393991527
0.3,1.0,0.8,0.9,0.3,0.1,0.909155181966912,0.10871901801550446,-0.14415902105201364,1.3590333749717223,1.0691920838350242
1.0,0.7,0.1,0.0,0.1,0.8,0.7166886134413215,-0.17619332098264812,0.12871242420134238,4.098291863300469,3.937998966299566
0.2,0.0,0.6,0.4,0.9,1.0,0.21902370402407575,0.7615189174789705,0.6655017830991268,1.5398139666303852,1.2943068456429088
0.1,0.7,0.3,0.1,0.3,1.0,0.8072640061358629,0.14923387951095599,-0.13127084525458155,2.4921206871367403,2.0900225617023818
0.9,0.3,0.2,0.7,1.0,0.3,0.9961074572053139,0.13843917084748383,0.006475097187076115,2.187335263469571,2.1675466048155365
0.1,0.3,0.8,0.3,1.0,0.6,0.5415006446774753,0.4624863570191617,0.1720290660413313,1.050319655027502,0.8621229411526281
0.4,0.7,0.5,0.7,0.2,1.0,0.8530529626046941,0.08148007736513296,0.05219413990587288,3.629082007634046,3.483266128448376
0.2,0.1,0.3,0.9,0.2,0.5,0.9136400197793364,0.02352457071349852,0.174114089239565,1.1373201055958342,1.0608363246561459
0.7,0.0,0.6,0.6,0.1,0.0,0.8532962032409068,0.042863927994776944,-0.17392128250487449,1.3960561112894423,1.2130444952096413
0.9,0.6,0.5,0.7,0.6,0.6,0.48438831248059444,0.36254188813617855,0.3499184079916578,1.9759444138393534,1.7654793370997173
0.7,0.1,0.7,0.7,1.0,0.3,0.6606172032691559,0.25856840468481174,0.0919702920123984,1.9542341552577753,1.665822433735986
0.9,0.8,0.7,0.9,0.7,0.1,0.9003931304204118,0.037254089148760106,-0.016219131159105563,2.267756559777178,2.190479870355582
0.6,0.8,0.0,0.4,0.3,0.8,0.8113608360337596,-0.005142678040954474,-0.004349570059677742,3.340205836634751,3.142003848293904
0.6,1.0,0.9,0.9,0.9,0.6,-0.029858540802950917,1.0202431650203105,0.7394928929332567,3.4715299587580453,3.4459613441339783
0.4,0.4,0.7,0.0,0.2,0.7,0.8879580468968316,0.13664702978754278,0.18929587260280517,0.9365064691407478,0.7552241305591928
0.4,0.3,0.0,0.3,1.0,0.0,0.8906921018432304,-0.08820197765667898,-0.02789468219358114,0.7171795759815977,0.6706049695519878
0.5,0.9,1.0,0.1,0.2,0.1,0.9784554835722774,0.12268122475620287,0.10282424664488028,2.439656429235445,2.238419270040807
0.3,0.4,0.2,0.9,1.0,0.3,1.0246608717852537,0.05117949760783777,0.026606360288114556,0.8071757654897334,0.612770859541156
0.9,0.1,0.1,0.6,0.4,0.8,0.2933537522630134,0.6363697592779533,0.38629956344518174,2.748472411219483,2.624137824351007
1.0,0.3,0.1,0.0,0.1,0.7,1.0251559159927586,-0.1341956124538372,-0.018549327990712672,3.009116617756095,2.9103477945637537
0.0,0.8,0.4,0.9,1.0,0.7,0.8191137247605974,0.04117405320750642,0.03581485521877151,2.6228914056278914,2.330912750821988
1.0,0.9,0.1,1.0,0.9,0.8,0.5205390008453604,0.33247991127974563,0.43625146607422294,4.896596125648508,4.75927761189641
