X1,X2,X3,X4,X5,X6,X7,X8,X9,y1,y2,y3,y4,y5
0.5,0.0,0.3,0.3,0.7,0.9,0.3,0.5,0.2,-0.34252551918422186,1.4131541047159204,1.3346674804674006,-1.1953061446861206,-1.3319536052728602
0.4,0.7,0.6,0.8,0.8,1.0,0.1,0.6,0.7,0.534980917889919,0.4293023618448377,0.17393687567061836,2.574006088037788,2.4559501456702484
0.7,0.8,0.1,0.5,0.9,0.8,0.9,0.4,0.3,-0.4406311036484558,1.41323782219494,1.2977292012514832,-0.3814964712389611,-0.2656891288783115
0.0,0.3,0.5,0.0,0.2,0.3,0.8,0.1,0.3,0.48666965292247755,0.39206588602864473,0.31090526821426606,-0.43030490355482476,-0.40498818923327984
0.3,0.3,0.7,0.0,0.1,0.9,0.9,0.0,1.0,-0.9224847401324997,1.7594724774469064,1.6006605027023162,1.690886496906107,1.4195181650961193
0.4,0.7,0.3,0.2,0.7,0.2,0.0,0.0,0.4,0.2083649105653892,0.9542815626809021,0.9372783508751401,-1.4786373483743698,-1.5619400123193057
0.5,0.5,0.6,0.8,0.4,0.1,0.4,0.9,1.0,1.3180986206612357,-0.46388485092542664,-0.3978201253364729,3.7092055499155636,3.337294527444085
1.0,0.8,0.1,0.1,0.7,0.9,0.9,0.3,0.6,-1.2272627987405655,2.0574227134277816,2.048698845005811,1.085925903006177,0.6963821444151781
0.7,0.2,0.0,0.3,0.5,0.9,1.0,0.4,0.4,-1.6873664458682134,2.7248544885887345,2.5746070064140976,0.7858881710005172,0.5148950026008756
0.6,0.4,0.4,0.3,0.4,0.4,0.8,0.4,0.3,-0.19487802004076604,1.4053045343247526,1.2890456820041596,-0.5654198570665242,-0.7580540240143078
1.0,0.7,0.5,0.5,0.0,0.1,0.5,0.9,0.3,1.1556120793216051,-0.2857840242864005,-0.29590583309643476,1.3628749173012538,0.9452207992001869
0.0,0.5,0.0,0.1,0.2,0.4,0.2,0.0,0.3,0.7075346520708015,0.162982345291646,0.004877330406534264,-2.40124487372592,-2.7501651301389445
0.2,1.0,0.0,0.7,0.5,0.9,0.0,1.0,0.2,-0.16265918332521298,1.1814762807158787,1.2041746428898528,2.1865771618380045,2.005634277862151
1.0,0.7,0.2,0.9,0.2,0.3,0.3,0.2,0.3,1.5056129262880515,-0.5122515174356269,-0.6186738190716541,0.6561907532416934,0.3130825258835513
0.4,0.1,0.2,0.9,1.0,0.1,0.4,1.0,0.6,1.8508077435528318,-0.8276789058691193,-0.8546943021836377,2.3014268799023445,2.214491020477962
0.8,0.2,0.3,0.0,0.0,0.6,0.0,0.6,0.3,0.39917053199755076,0.47299702561820306,0.42656123783500005,0.11448487204396458,-0.29362984681063264
1.0,0.3,0.8,0.8,0.8,0.2,0.3,0.2,0.0,-0.07847088180594085,1.1036400061986407,0.8671654254888108,2.0868284791922007,1.9680155938741692
0.8,0.8,0.3,0.8,1.0,0.2,0.8,0.4,0.3,0.2022599988098182,1.0257210735794595,0.8149179106652424,1.245634878507201,1.0951669975349194
0.0,0.4,0.3,0.6,0.9,0.8,0.0,0.8,0.5,-0.9034710771457912,2.0770483994590645,1.790619124243569,0.039945842512210034,-0.05031932455005525
0.9,0.0,0.9,0.6,0.5,0.3,0.1,0.8,0.0,-0.7208579067391311,1.704646846732892,1.5109695692322027,1.3609982611215778,1.2683391103299488
0.4,0.9,0.6,0.5,0.7,0.8,0.8,0.9,0.2,-0.7663088348286651,1.8152437842324636,1.8556831892051673,2.18635589045796,1.8589609278701231
0.8,0.6,0.6,0.9,0.1,0.6,0.8,0.8,0.3,-0.24420398944115954,1.3042792845855051,1.2265083651350133,2.558631816315666,2.495114362842949
0.2,0.3,1.0,0.6,0.3,0.6,0.5,0.7,0.0,-0.38376712934860746,1.2111124707712189,1.2601715998151455,2.8561268384929868,2.637614711871263
0.8,0.4,1.0,0.6,0.5,0.8,0.2,0.3,0.9,-0.8287567695344064,1.989442040215477,1.9742554944556585,2.123240679786253,1.7983105069401306
0.7,0.5,0.3,0.4,0.5,0.3,0.3,0.7,0.9,-0.19989427101811036,1.2171607397544493,1.0680823632110963,1.1920082842597948,1.2781815543903514
0.9,0.9,0.7,0.3,1.0,0.2,0.3,0.9,1.0,0.30214084874077163,0.6101126881585474,0.7395999308826915,3.2398325472111256,2.8921788306644634
0.7,0.7,0.5,0.1,0.2,0.2,0.8,0.1,0.5,0.7001975715002061,0.44427458470555276,0.31145400281306557,0.45384157825737925,0.06404834124186676
0.8,0.4,0.0,0.2,0.5,0.5,0.0,0.8,0.1,-1.5934106078711352,2.5557810939440686,2.4027362636408203,0.018019623690495805,-0.07620506836697777
0.1,0.0,0.3,0.8,0.8,0.4,0.4,0.0,0.9,-0.5956209261314589,1.3761334384671677,1.383167790031402,1.0176037643218108,0.8549730010196337
0.3,0.7,0.3,0.2,0.1,0.1,0.2,0.1,0.4,0.6183918423115053,0.22786831667904142,0.0712460872238911,-0.8874100294988433,-1.1847186305975717
0.2,0.5,0.5,0.5,0.2,0.5,0.7,0.7,0.6,0.3256372287810083,0.7568008182508137,0.5006625595344856,1.9642810017720571,1.9355053894563574
0.1,0.6,0.7,0.2,0.3,0.1,0.9,0.5,0.9,0.6344724299461557,0.2992272035543227,0.1143071644456064,1.7139110516675866,1.7223190881920316
0.9,0.2,0.0,0.9,0.1,0.9,1.0,0.0,0.6,-0.5602698864995003,1.6545162431598173,1.5913318397663512,2.7808122947343996,2.338031268803264
0.0,1.0,0.4,0.8,0.4,0.3,0.3,0.8,0.8,0.2750660444956773,1.0719143205199282,0.6752061616632029,3.851239280933311,3.645578414836463
0.7,0.0,0.3,0.8,0.7,0.7,1.0,0.1,0.8,0.11456169414570638,1.1316872450255735,1.065795290344743,2.5100385361966793,2.6096864413388134
0.4,0.7,0.0,0.4,0.9,0.0,1.0,0.6,0.4,0.6133927248149638,0.2595316327874399,0.4747071843560712,0.31187222099288125,0.2998773247399632
0.2,0.4,0.6,0.3,1.0,0.3,0.7,0.8,0.5,-1.3078272908017519,2.228635139236535,2.1935795019549,0.1843619601181468,-0.13988547490824207
0.0,0.8,0.5,0.4,0.7,1.0,1.0,0.4,0.1,-1.7289868830187245,2.644315170047082,2.7140027240033167,0.689380044283829,0.6285403802788682
0.3,0.3,0.9,0.2,0.5,0.2,0.3,0.5,1.0,0.9358696213440915,0.3019229032447513,-0.1932085723339999,2.3078142125816186,1.950164570569466
0.7,0.2,0.7,0.1,0.6,1.0,0.5,0.0,0.0,-1.729790797623569,2.76642731220608,2.7545701790868065,1.1453856979252572,0.7700207294799829
1.0,0.3,1.0,0.1,1.0,0.9,0.9,0.6,0.6,-0.2559702517294366,1.3450474661112328,1.1017191234200747,2.436373029122246,2.2799424931925323
0.7,0.8,0.8,0.7,0.0,0.8,0.6,0.8,0.9,-1.8356936615382329,2.575577622174997,2.64564616794156,3.3434722809642095,2.9053029684116205
0.8,0.3,0.6,0.1,0.7,0.4,0.9,0.2,0.0,-1.4410738587023086,2.4536439689778002,2.373022885325612,0.6819442189036269,0.3928287666747052
0.8,0.2,0.7,0.8,0.4,0.4,0.1,0.7,0.6,-1.1975268064197293,2.110792832598307,1.988656106928523,3.4443494865202426,3.3903979817811045
0.9,0.4,0.1,0.5,0.9,0.7,0.1,0.3,0.5,-0.00046199186495117506,0.855681965524169,0.8600385585030399,-0.36079315261308564,-0.638068155399015
0.7,0.3,0.6,0.6,0.7,0.9,0.1,0.9,0.6,-0.8574454795956747,1.7451649595197698,1.8767158032317004,2.408080865884146,1.9852275420729946
0.0,0.3,0.8,0.4,0.1,0.4,0.5,0.0,0.3,-0.608507936763532,1.5226934558594603,1.46752609090279,-0.276749648853309,-0.19076500024471332
1.0,0.1,0.4,0.4,0.4,0.0,0.0,1.0,0.8,1.1441195532822124,-0.05706991336413978,-0.06463961535076479,2.180155290750317,1.7590472974166604
0.4,0.6,0.9,0.3,0.3,0.2,0.1,1.0,0.2,1.391798652928292,-0.4951495921530218,-0.5649515680673669,-0.3212648953721052,-0.4634170529003303
0.1,0.3,0.4,1.0,0.1,0.1,0.0,0.7,0.8,-0.19821179350215468,1.044312882937935,1.0130714846939506,3.1329573341848214,2.930493702112043
1.0,0.4,0.3,0.5,0.6,0.3,0.2,0.9,0.8,1.4012788793305935,-0.23029371439495233,-0.47734806627234333,1.9443132654362125,1.6657548270646678
0.1,0.4,1.0,0.0,0.8,0.3,0.9,0.5,0.5,-0.06859069725928549,1.264524772933828,0.9525058407152793,0.08124382897802374,0.10438548107366213
0.1,0.7,0.8,0.6,0.4,0.7,0.3,0.5,0.3,1.0982385841697848,0.007805354343280779,-0.16287675437290774,0.6182747185016039,0.6216189071510159
0.6,0.4,0.7,0.3,0.0,0.5,0.9,0.3,0.7,-0.41671193651319316,1.4719182304302136,1.4415079624226654,1.1037067711786432,0.9316424546264743
0.5,0.5,0.8,0.0,0.8,0.3,0.6,0.9,1.0,0.8297383869539853,0.16498300737907584,0.16187316134667643,0.9109640734193706,0.73631216536925
0.3,0.2,0.7,0.0,0.3,1.0,0.0,0.3,0.6,-0.5218303596117126,1.4689222982335428,1.3964501513688785,0.9349600277820441,0.551322197886225
0.1,0.9,0.2,0.9,0.4,0.9,0.1,0.3,0.2,-0.9177747951633101,2.0947004958681124,2.0728465496565804,1.0791454921345227,0.9183158654028346
0.4,0.9,0.7,0.4,0.9,0.4,0.1,0.2,0.7,0.12796439653453062,0.8696455119091682,0.6224578631638706,1.0851651038090135,0.9369408384085169
0.2,0.3,0.9,1.0,0.7,1.0,0.6,0.6,0.2,-1.250699346200711,2.3466881165213094,2.1468187169125303,3.063176653516066,2.7731110985213796
1.0,0.3,0.6,0.0,1.0,0.8,0.0,1.0,0.7,0.6797896510300235,0.165190709244443,0.06156320369577503,0.6618336792133772,0.5920610880593435
0.6,0.5,0.9,0.6,0.5,0.2,0.7,0.1,0.9,0.8119553944583663,0.14683908098865667,-0.018074047617595276,3.1236926739063016,2.732912162877275
0.2,0.2,0.5,0.6,0.4,0.2,0.2,0.1,0.0,0.4104851228534735,0.27667623938982605,0.12156175731801025,0.96865929061582,0.955048298185825
0.9,0.0,0.2,0.8,0.3,1.0,0.0,1.0,0.8,1.545558789743029,-0.4282887314146543,-0.4492768936559366,2.6775202178912325,2.3395972175172224
0.8,0.1,0.0,0.5,0.8,0.2,0.3,0.5,0.3,1.4581613574316088,-0.43875341804763357,-0.36729091692891497,0.5752978276179109,0.23131638310938013
0.8,0.6,0.4,0.6,0.3,0.6,0.2,0.6,0.5,1.2797713547637979,-0.661095061800614,-0.4192267675987157,1.9407516315097988,1.4813233864913216
0.5,0.9,0.4,0.6,0.5,0.1,0.3,0.3,1.0,0.5071458877306927,0.5005904571760235,0.3786913019832755,3.8906223142421665,3.5540821151003366
0.8,0.9,0.5,0.5,0.6,0.0,0.9,0.7,0.5,-1.7852523674154028,2.7994608720607816,2.6989871995103982,3.9902943512144677,3.9345723827185437
0.1,0.5,0.6,1.0,1.0,0.6,0.8,0.7,0.5,-0.5156507624240552,1.7670574824956258,1.5313112569196772,2.5303152459801828,2.436950978915582
1.0,0.3,1.0,0.2,0.9,0.9,0.3,0.2,0.5,-1.0743857753813213,2.357247546350107,2.0411353400271364,0.7646446806978662,0.432088713378746
1.0,0.4,0.1,0.5,0.8,0.3,0.5,0.8,0.4,-0.135635138499095,1.0714592302022192,0.8289588497215772,0.747230344667949,0.6801086927721904
1.0,0.1,0.7,0.8,0.1,0.2,0.1,0.1,0.7,1.3562470016345458,-0.3470762711366295,-0.4935326997588232,2.8174520631376434,2.7057381150094115
0.5,0.0,0.4,0.1,0.1,0.6,0.6,0.0,0.2,0.46839091573421354,0.42792214616025537,0.2326180480849998,-0.8462749306274647,-0.919177823482149
0.3,0.7,0.9,0.2,0.4,0.9,0.0,0.6,0.9,-0.2951054916534368,1.2327527810596814,1.296857796534907,1.2860563098558444,1.2109402608263062
0.2,0.4,0.7,0.3,0.0,0.5,0.4,0.0,0.2,-1.2265965991046643,2.122225805036407,1.9537868359755801,-0.9849059691160327,-1.0363877636600263
0.3,0.1,0.7,1.0,0.1,0.3,1.0,0.4,1.0,0.08788126448874534,0.7754507704599908,0.7632442898179685,2.8801296993525445,2.7779772481278195
0.1,0.7,0.4,0.0,1.0,0.2,1.0,0.7,0.4,-0.21872497563074617,1.350096742270963,0.9826630049330554,0.07954332777678055,-0.039890200889564575
0.0,0.2,0.6,0.9,0.2,0.4,0.9,0.9,0.5,-0.09403340188682176,1.0217209313585471,0.9540547450543653,2.8338716586282975,2.676733015297332
0.4,1.0,0.4,0.9,1.0,0.8,0.1,0.5,0.7,1.1395196748722332,-0.01689226696729894,-0.1658705797241471,2.3718173774214453,2.0675487231359035
0.0,1.0,0.1,1.0,0.3,0.9,0.2,0.8,0.2,-1.0105204003672672,2.1154718650582667,1.9728763806893428,2.3654858651696657,2.3927280666534823
0.4,0.8,0.2,0.9,0.8,0.7,1.0,0.8,0.2,-0.8390689495939775,1.850755543662391,2.013070327288835,2.2290179110896857,2.098211733486386
0.3,0.3,0.6,0.0,1.0,0.3,0.6,0.3,0.9,0.09097802150689771,0.8752993461433369,1.0810985458980449,0.37521840598649825,0.268688062576921
0.6,0.3,0.2,0.2,0.2,0.6,0.4,0.6,0.0,1.1497286367373472,-0.10919314552362336,-0.2503213093961706,0.5241140628046674,0.44046350793880445
0.4,0.9,0.2,0.1,0.6,0.1,0.7,0.5,0.6,0.6994419297910033,0.11195032639024564,0.046125990090410636,2.287728340956793,1.9749238231042574
0.1,1.0,0.6,0.6,0.6,0.6,0.2,0.5,0.2,0.42797458268245464,0.5987222008122108,0.7136283989640793,2.871902890429388,2.753954081212088
0.2,0.3,0.2,0.9,0.3,0.8,0.5,0.4,0.5,-0.34037060621120396,1.2542648783780266,1.1771625536018866,0.9576469679787832,0.6863424580886771
0.1,0.5,0.8,0.2,0.9,0.9,0.5,0.6,0.4,-0.7134427511363975,1.6150390280063505,1.5749964592971886,-0.3561822558976607,-0.30589840527852785
0.0,0.8,1.0,0.5,0.5,0.5,0.1,0.0,0.0,-0.8496268638066583,1.66516935451306,1.546383819299471,0.8246981681454415,0.5201785257253502
0.0,0.0,1.0,0.0,1.0,0.7,0.6,0.3,0.5,-0.3474808989197117,1.2423135878038318,1.361671182988336,-0.6994138065297879,-0.9430392013793377
0.4,0.3,0.4,0.5,1.0,0.1,0.3,0.6,0.7,1.8531244025156046,-1.0530950179127858,-1.3160941012553184,2.103064760550307,1.8551569215597736
0.4,0.0,0.0,0.7,1.0,0.3,0.3,0.0,0.0,0.8352198586624185,0.09592230231537051,0.05639279081109239,-1.1047792068785196,-1.3409020385172359
0.9,0.4,0.4,0.5,0.8,0.8,0.0,0.1,0.5,-0.5354192683738801,1.6879559915110929,1.5792067045672806,-0.18548682652895526,-0.25878610224483856
0.9,0.9,0.6,0.1,0.4,0.0,0.4,0.7,0.7,-0.48242016443950897,1.370092958633542,1.3358998258467691,3.4863949699085275,3.265781155465918
0.7,0.6,0.2,0.6,0.0,0.2,0.7,0.7,1.0,0.7681721985383936,0.35849459071314327,0.16934274579898984,2.5911140371127113,2.118415327275309
0.2,0.6,0.1,0.3,0.7,0.0,0.5,0.4,0.5,-0.7993673519997825,1.7730749938829198,1.7042038896015308,-1.1653814123179362,-1.1443349885214564
0.5,0.3,0.8,0.0,0.1,0.5,0.4,0.1,0.5,0.2614384884215419,0.7680864459669938,0.5053965613716819,0.737621435607509,0.411819460969945
0.0,0.6,0.8,0.8,0.6,0.3,0.4,0.4,1.0,0.0949094617559184,0.881870473954335,0.6903550043542631,1.9634090084439442,1.7412721301114626
1.0,0.3,0.6,0.5,1.0,0.9,0.8,0.1,0.3,-0.23948511322656915,1.2652336750780735,1.1398937360064463,1.50995066549648,1.324573693125343
0.8,1.0,0.1,0.5,0.8,0.0,0.3,0.7,0.1,-1.2932791120111027,2.1514243565145867,2.193519434854721,2.3994486452491373,2.114349279209781
0.7,0.8,0.0,0.7,0.5,1.0,0.9,0.9,0.6,-0.2993694708016543,1.2122532820404568,1.2541955155907696,3.6828802550323094,3.4856471103899227
0.8,0.7,0.5,0.9,0.1,0.0,0.0,0.5,0.6,0.7904392991604683,0.5011864969462955,0.1859760075141034,1.476520209228396,1.3262908594136125
0.3,0.6,0.1,0.7,0.7,1.0,0.0,0.7,0.6,-0.6223186168417082,1.7027263556771226,1.638444592331468,1.4909748859806087,1.5739099107649028
0.0,0.4,0.2,0.7,0.5,0.2,0.8,1.0,0.5,0.8955954581417127,-0.14759153205664105,-0.28680799464204215,2.3663488141419986,2.0793007985264507
0.6,0.6,0.4,0.1,0.5,0.4,0.5,0.5,0.6,0.8755164190775693,0.12947694979247365,-0.07955922619302865,-0.045342346078563245,-0.5587574987937713
0.3,0.8,0.1,0.4,0.2,0.9,0.7,0.4,0.1,-0.5951295418105264,1.603335068987148,1.6579381328271618,-0.5099775339720485,-0.7950503200586606
0.8,0.2,0.3,0.3,0.4,0.1,1.0,0.6,0.2,-0.6688030819699574,1.4352769906905678,1.4619877577012408,2.2989707743995584,1.9534343127392826
0.5,0.4,1.0,1.0,0.9,0.1,0.5,0.9,0.4,0.44442942211704506,0.7391082193014831,0.6748554827368017,2.4901536134386006,2.4991337142697208
0.5,0.7,0.4,0.4,0.2,0.2,0.1,0.3,0.0,0.903944676352344,0.03404618392103276,0.12208968494111555,-1.531930596360563,-1.4848128454089573
0.1,0.9,0.1,0.6,0.9,0.8,0.6,0.3,0.0,-1.0580785896965703,2.1485030660571747,1.924840172088116,0.15432770675717083,0.04376816820438064
0.7,1.0,0.3,1.0,1.0,0.2,0.5,0.9,0.7,0.9328180137677529,0.12110627642926647,-0.186625119856229,3.9242635204906784,3.5924472171355504
0.3,0.4,0.7,0.6,0.7,0.3,0.6,0.9,0.3,0.3855866261343075,0.6500104963006287,0.7510306486255303,1.0869117610856223,0.9927557845430577
0.7,0.1,0.3,1.0,0.7,0.8,0.8,0.4,0.5,-1.7769908865614477,2.6029892007909807,2.6132376434444597,1.6657688417105871,1.3076299756134733
0.3,0.6,0.9,0.6,0.2,0.9,0.3,0.5,0.7,1.551582253458537,-0.5074040046931755,-0.597864124114545,1.2353947977737596,0.8459562655790962
0.9,0.0,0.7,0.1,0.2,0.5,0.0,0.5,0.8,1.216542011777093,-0.05429360233786151,-0.45518357336653703,1.100155755571631,1.0257378028634723
0.9,0.8,0.2,0.5,0.3,0.1,0.7,0.3,1.0,0.571209293367279,0.36079878563796985,0.32794562542175476,3.1807217827586722,3.03444470674877
0.8,0.5,1.0,0.5,0.1,0.9,0.7,1.0,0.2,0.13736274358392947,0.7985191992817215,0.8763858866303531,0.9418031985470134,0.6999693807630953
0.1,0.0,0.1,0.0,0.1,0.1,0.6,0.8,0.8,0.506896226095257,0.5948549116542691,0.4616117847259701,1.0626892530776881,0.9418592923083222
1.0,0.3,0.2,0.0,0.7,0.4,0.6,0.0,0.5,-0.9171814603061386,2.00315639570895,1.652838674040097,0.45996167459365234,0.1385007045705043
0.3,0.3,0.9,1.0,0.4,0.9,0.0,0.6,0.5,-0.6656719125025737,1.8608768634483939,1.7581255434561367,2.5325220145674585,2.5713414459097828
0.3,0.0,0.0,0.1,0.2,0.0,0.2,0.2,0.9,1.221465344877458,-0.09184114127207453,-0.4528392618359217,-0.1557111845876955,-0.2309622492830518
0.6,0.7,0.8,0.9,1.0,0.8,0.2,0.4,0.7,0.13170500976900637,0.7396546692490151,0.8193094827362845,0.9836697285335356,0.5417104942214102
0.7,0.5,0.7,0.2,0.4,0.1,0.1,0.1,0.7,0.7743884702536602,0.3378791324682125,0.31484667370436986,0.9480002578453968,0.5709066088902252
0.9,0.0,0.9,1.0,0.0,0.2,0.1,0.4,0.6,0.44087513410334106,0.6022474697024118,0.45798829263357543,1.5256231514437935,1.1721394339307394
0.0,0.6,0.6,1.0,0.2,0.8,0.6,0.6,0.5,0.23363390738223372,0.9048980627900517,0.6542620778515124,1.3920623163831265,1.5278915743273846
0.2,0.5,0.0,1.0,0.3,0.9,0.9,0.7,0.0,-0.8701453516100418,2.0860529195676283,1.821531041856174,1.6045858888494333,1.4514670517044082
1.0,0.4,0.1,0.3,0.5,0.7,0.6,0.2,0.7,0.5596827215657862,0.3885527926741499,0.3247206432895608,1.1977400926398676,0.7354940843936991
0.3,0.4,0.9,0.7,0.0,0.0,0.1,0.8,0.3,-0.8835622218101375,1.8165348748051855,1.7178390075615966,1.123456706491616,0.8676410020274145
0.5,1.0,0.0,0.1,1.0,0.1,0.3,0.7,0.9,0.25605442759802916,0.5529211823221614,0.46198957073996855,2.789006324846741,2.7150291241720295
0.3,0.7,0.0,0.2,0.4,1.0,0.4,0.6,0.0,0.4149657242863959,0.5565924353021793,0.49830272403997566,-0.04557973489514219,-0.29997345015624066
0.1,0.7,0.6,0.5,0.5,0.7,0.3,0.6,0.8,0.9395578176282957,0.12402154017249437,-0.016539460095859423,2.015461347281274,1.8253165058840775
0.8,0.2,1.0,0.1,0.0,0.8,0.7,0.7,0.0,-2.1600766935527087,3.1553030284871566,3.0645479474303494,0.9067903922540409,0.7191231834394628
0.4,0.8,0.0,0.4,0.5,0.7,0.2,0.4,0.9,0.35263066328989634,0.46278674797247,0.22773811549864967,0.8921984499874727,0.7099810380799679
0.7,0.5,0.0,0.4,0.9,0.4,0.0,0.2,0.5,-0.021760807117569933,1.0912837356985146,1.0647278989107247,-1.635410197175543,-1.7223754449276427
0.5,0.3,0.0,0.0,0.1,0.9,0.9,0.2,0.1,-0.5473059824608701,1.4303011460325776,1.2222353623509046,-0.569642620421262,-0.6715067369665493
0.0,0.1,0.6,0.3,0.4,0.3,0.6,0.4,0.2,-0.4793241089104314,1.4374618282703524,1.4746461558245838,-0.4006586729681263,-0.4760937157669577
0.3,0.6,0.3,0.3,0.8,0.1,0.3,0.3,0.1,-0.7260645535507313,1.8294024875948078,1.5027446341780755,-1.6885730163522998,-1.9403458324936322
0.5,0.3,0.6,0.4,0.8,0.5,0.7,1.0,1.0,0.4539035746549521,0.711748296363976,0.2684611094608531,3.056284901697124,2.882647150721958
0.1,1.0,0.8,0.2,0.0,0.0,0.4,0.2,0.1,-1.2854723769709169,2.3736064651670734,2.2469676361110227,0.7880060607384207,0.4563893213351795
0.2,0.2,0.3,0.4,1.0,0.7,0.5,0.1,1.0,0.2833324022138051,0.7585035517320793,0.620424148906265,1.051187271653914,1.0076451381502085
0.3,0.1,0.0,0.1,0.4,1.0,1.0,0.0,1.0,-0.3343188382736422,1.2305644885355274,1.1964106063548612,2.0122141897043964,1.8639420016702335
0.2,0.1,0.3,0.1,0.4,0.7,0.5,0.6,0.9,0.734153610630117,0.15928221656097413,0.2979755240111547,1.5970406570218652,1.706503677472286
0.2,0.5,1.0,0.2,0.2,0.1,0.3,0.8,0.3,-0.2609816367681489,1.2319763672021034,1.1262726860009582,0.4667960535603014,0.16800371345703233
0.0,0.7,0.3,0.8,0.2,0.4,0.3,0.1,0.6,0.8765989015653364,0.21181389606824452,-0.15256385807013004,0.548373576824321,0.3279663198046552
1.0,1.0,0.5,1.0,0.8,0.4,0.3,0.6,0.5,-0.378205358922329,1.3742814788453908,1.2467989746538133,3.9991248396606203,3.8653512105383285
0.3,0.7,0.8,0.8,1.0,0.3,0.7,0.8,0.5,-0.6635935665203541,1.7263658938965165,1.666247797505896,1.5645771397929882,1.583809330789084
0.7,0.2,0.7,0.8,0.0,0.7,0.4,0.8,0.4,-1.1784991154525517,1.952708742834154,2.061908436403081,2.287908545556669,2.2774221534410772
0.4,1.0,0.0,0.4,1.0,0.8,0.0,0.0,0.4,-0.5173289490968975,1.3901197433241665,1.307342257823438,-0.6398811033539573,-0.8106115513570222
0.7,0.3,0.7,0.7,0.2,0.2,0.1,0.7,0.0,-0.15567425126201698,1.1289030425882176,1.2257388996528713,2.295534495900781,2.206368338479079
0.7,0.5,0.9,0.7,0.1,0.1,0.2,0.4,0.1,-0.13670162486601578,0.9883686145174392,1.0174314122373356,0.5709342879054011,0.43648412618660526
0.4,0.5,0.8,0.2,0.1,0.6,0.3,0.0,0.3,0.6592263556247789,0.2955806234289326,0.530905512792495,-0.9002470432428076,-0.9628429080884124
0.9,0.5,0.1,0.3,0.7,0.1,0.1,0.7,0.9,-0.7386142225373068,1.7399590147520785,1.6483056104235472,1.6728159176216508,1.5399651400939816
0.4,0.2,0.0,0.3,0.2,0.4,0.0,0.0,1.0,0.17197665601058632,0.8471633877974446,0.692218081447127,0.30401301181712026,-0.020890483081256628
0.9,0.3,0.8,0.3,0.0,0.4,0.4,0.0,0.2,-1.5780159346579854,2.4895738750646648,2.4533490604944768,-0.31974302074296534,-0.5560262635905003
0.5,0.5,0.8,0.2,0.7,0.3,0.6,0.1,0.0,-0.03943279159531782,1.0806763392991015,1.234596098388561,-0.8435975101426844,-1.0926558110117912
0.2,0.2,0.5,0.5,0.1,1.0,0.2,0.8,0.7,-0.3042521308472452,1.160481662077365,0.9778825945535734,2.3205091359798447,1.9560137256864336
0.3,0.7,0.3,0.1,0.0,0.1,0.0,0.8,0.8,0.13118857344691515,0.799762118583958,0.8480266427624747,0.08231439892890399,-0.2659319228505421
1.0,0.5,0.3,1.0,1.0,0.3,0.1,0.0,0.6,0.7094399073543295,0.4683591790825924,0.18907397830922612,0.10244714981817002,0.009302940843932593
0.1,0.6,0.9,0.5,1.0,0.7,0.0,0.1,0.4,0.2853130683242623,0.5884644133838443,0.45837219139897845,-0.9643758502710702,-1.159377200900121
0.9,0.5,0.1,0.6,1.0,0.5,0.4,0.4,0.4,0.6202071148042148,0.26070223834124046,0.13804304334545514,-0.015551532194057284,-0.23520618456644324
0.7,0.2,0.2,0.6,0.5,1.0,0.3,0.0,0.8,-0.23721184658607491,1.2410567285764218,1.1359148992901673,2.863100560663985,2.576777479558286
0.8,0.1,0.8,0.7,0.5,0.7,0.9,0.4,0.0,-1.1967939192282282,2.0899101676749945,2.1204673442074093,2.2135383763665364,2.198183339508047
0.7,0.2,0.3,0.9,0.5,0.4,0.0,1.0,0.4,0.044548488331621894,1.045856922324399,0.7153406736963622,1.8024856324507537,1.6282525066309201
0.5,1.0,0.8,0.1,0.4,0.8,0.0,0.1,0.1,-0.8635859664900125,1.940149942005431,1.9835103120510442,0.7157248631499011,0.3315043515161447
0.8,0.9,0.4,0.9,0.0,0.3,0.0,0.7,0.0,-1.0872768526130905,1.94719734381358,1.8619378175172028,1.5633755903013595,1.2759956056524115
0.8,0.1,0.2,0.8,0.5,0.8,0.2,0.1,0.3,-0.5313143116989526,1.533865000395835,1.513187908739846,1.2516221327134807,0.6189590592102517
0.5,0.0,0.2,0.5,0.8,0.6,0.2,0.7,0.7,1.1233134047916158,-0.12440157238228991,-0.22968214585965827,1.5969323659907462,1.4268518753784036
0.1,1.0,0.8,0.4,0.9,1.0,0.3,0.3,0.2,-1.6330048349850326,2.5180448620761338,2.3669909093202164,1.068321552952782,0.9426233403154699
0.9,0.0,0.4,0.6,0.4,0.3,0.2,0.3,0.1,-0.11711629319084413,0.6726833457603861,0.8523977374905382,-0.1811462973762561,-0.312025394696287
0.1,0.2,0.7,0.2,0.7,0.0,0.1,0.8,0.0,-2.140446889520629,3.3518876231738837,3.185552801702619,0.6784490193332455,0.4091074646567083
0.5,0.2,0.8,0.0,0.4,0.0,0.3,0.8,0.1,-1.0015118327490744,2.05283863251961,1.995190690709617,1.0129022329628876,0.9812424837089228
1.0,0.6,0.4,0.6,1.0,0.9,0.6,0.4,0.7,0.6326518085936494,0.3529041594874247,0.2422115434860617,1.024935559210855,0.5287358173978077
0.2,0.9,0.8,0.0,0.8,0.6,0.2,0.6,0.9,0.07411560010002172,0.9236090324506764,0.9739040952974184,2.897448605064766,2.594988348720187
0.5,0.3,0.7,0.8,0.3,0.8,0.8,0.9,0.9,-0.15114447286111352,0.9894019978740493,1.0127088539647695,3.841793601532203,3.735646784154933
0.4,1.0,1.0,0.4,0.1,0.0,0.7,0.6,0.2,0.01460924120999509,0.903941110665383,1.0007489055853005,2.5073060185556213,2.474781066926738
0.1,0.0,0.6,1.0,0.1,0.6,0.7,0.1,0.5,0.141931636950143,0.778005186563707,0.8058552031199977,2.1285228696532648,1.8181730482653122
0.2,0.0,0.2,0.6,0.6,0.3,0.5,0.4,0.7,0.8448484594317365,0.08272023076344698,-0.043343362597053625,0.628636493044755,0.39862478979752813
0.3,1.0,0.2,0.6,0.9,0.1,0.5,0.1,0.9,0.6831484518709061,0.5569690951040273,0.11407948109647535,3.5611644013573946,3.3517236943290687
0.3,0.1,0.0,0.7,0.3,0.9,0.6,0.4,0.4,0.10308642000918156,1.0000850476838992,0.9944605388236126,0.8269767485386418,0.7231656683767271
0.3,0.5,0.4,0.4,0.9,0.0,0.0,0.9,0.5,0.18031535047370062,0.845990280855976,0.7979757584794659,-0.752069141431343,-1.0366004018100785
0.0,0.6,0.3,0.8,0.9,1.0,0.6,0.2,0.1,-0.43044390159918006,1.357060350468644,1.4873265751000635,-0.008553961598404207,-0.19378258298452508
0.7,0.7,0.6,0.7,1.0,0.5,0.9,0.8,0.8,-0.7186830978143556,1.785954335484521,1.705411461600448,3.4214375662956455,3.240546656880792
0.1,0.4,0.6,0.4,0.2,0.7,0.8,0.5,0.7,1.3154285919648308,-0.24519548434358937,-0.2862521656636374,1.4606815141436733,1.0869405530922243
0.9,0.9,0.6,0.9,0.9,0.3,0.9,0.3,1.0,-0.6298091060877349,1.6020389102562842,1.4581244095333914,3.8180044040203276,3.762752318960547
0.7,0.2,0.8,0.1,0.3,0.2,0.1,0.7,1.0,0.021616247395813956,0.9214875148118529,0.8412139589800626,3.0546353266838984,2.852100186441883
1.0,0.8,0.7,0.5,0.7,1.0,0.7,0.1,0.5,-0.9323432832929336,1.6947478059522338,1.821223177769017,2.8399540747192753,2.983742388052292
0.6,0.5,0.8,0.8,0.1,0.5,0.2,0.9,0.5,0.5713343440833522,0.4693557803028064,0.39679501079921947,1.7261299066474534,1.6445170269954572
0.1,0.8,0.1,1.0,0.7,0.8,0.5,0.0,0.1,-1.9085594075775631,2.811427289494694,2.8396302033254823,0.6567017467144702,0.07276188530706806
0.9,0.5,0.1,0.4,1.0,0.9,0.8,0.2,0.8,0.033151101627803575,1.0772447518964383,0.7948588712775866,0.6022245663727979,0.37479722492561063
0.3,0.3,1.0,0.7,0.4,0.8,0.3,0.3,0.1,-1.3170103776714581,2.3012291547319,2.312600383827135,0.8275333352877525,0.7813694099679755
0.7,0.5,0.5,0.7,1.0,0.7,0.3,1.0,0.2,1.0143844380490155,0.2489561564745545,0.12590663530279658,0.26518161246259203,0.2307823715881171
0.1,0.2,0.9,0.5,0.8,0.8,0.8,0.2,0.2,-1.4239928945209954,2.311310384061981,2.303034391947213,0.6660316940555251,0.5914730948258952
1.0,0.8,0.4,0.1,0.1,1.0,0.0,1.0,0.2,0.5526191194506982,0.48889615493734906,0.4416244262961571,0.22284522284652955,0.030216866618561017
1.0,0.1,0.7,0.0,1.0,0.2,0.9,0.3,0.4,-0.27140273804099807,1.1506245105953463,0.8980780439204054,0.8172390112170397,0.6690114997254143
0.9,1.0,0.3,0.0,0.0,0.6,0.4,0.3,0.3,-0.04957076666877867,1.1175156824847108,0.7330700024942541,0.7591257703030101,0.455608435120903
0.1,0.0,0.7,0.8,0.6,0.2,0.8,0.8,0.9,-0.7107060456228912,1.9330187880923584,1.8150868933257902,4.315392924134511,3.8835630228236875
0.6,0.4,0.1,0.8,0.5,0.4,0.3,0.5,0.7,1.4864401188192873,-0.5429407434044202,-0.4766794201085659,1.928320516554979,1.5506559997230671
0.6,1.0,0.6,0.9,0.3,0.3,0.2,0.7,0.3,0.04941871450229651,0.7778361816320882,0.6180091500631365,3.478616136172451,3.320357554322171
0.9,0.9,0.5,0.9,0.8,0.3,1.0,0.8,0.5,-1.5430906520351682,2.4746666038104848,2.4799833227330272,3.8871538841820947,3.8779016357092666
0.9,0.0,0.7,0.0,0.1,0.6,0.6,1.0,0.4,1.0209846031423466,-0.15034841053705905,-0.2166343553123932,1.1823544887455515,0.8206253471115577
1.0,0.5,0.7,1.0,0.6,0.0,0.1,1.0,0.6,0.5263434165895675,0.5132334015152635,0.44854153165886496,2.91489462824865,2.954297097683077
0.6,0.4,0.2,0.2,1.0,0.4,1.0,0.4,0.3,-0.13619723379920914,1.2037692396091775,1.264569596465664,-1.2172479593587568,-1.275063603378599
0.1,0.0,0.6,0.6,0.0,0.9,0.8,0.9,0.5,-0.539777246178089,1.6291933852270928,1.3906519139712337,1.1962984504501932,1.0106392391567738
0.2,0.9,0.8,0.4,0.4,0.0,1.0,0.2,0.5,-1.0488919118593725,2.075050241165706,1.8347860879535098,2.550988172206486,2.3011509931738034
0.7,0.7,0.1,0.3,0.2,0.0,0.3,0.2,0.2,0.2515042521035536,0.971925985718056,0.6466398466849337,-1.0189764335184897,-1.233994411288422
1.0,0.2,0.3,0.5,1.0,0.1,0.7,1.0,0.5,0.994709726650516,-0.016495918681313726,-0.2781633192040675,2.5615440225440933,2.3289834640370537
0.3,1.0,1.0,0.9,0.3,0.0,0.6,0.3,0.6,-0.29868798712455047,1.4050798221843877,1.2638935939345144,3.994473336064518,3.9972108346264057
0.9,0.5,0.1,0.9,0.3,0.3,0.9,1.0,0.7,2.2936992548811284,-1.2860002060072493,-1.3511348949559476,2.4042374408987928,2.417862286085283
0.8,0.4,0.7,1.0,0.8,0.9,0.4,0.1,0.5,-1.55618417128152,2.480720717996583,2.434513481252796,1.8612124804471917,1.6680288916469883
1.0,0.0,0.3,0.6,0.3,0.0,0.3,1.0,0.6,1.8917021660340285,-1.0779817856663163,-1.1253820292600438,2.359466249548951,2.150224803221969
0.9,0.5,0.1,0.7,0.3,0.4,0.7,0.0,0.3,0.28372359215444876,0.8441776986797381,0.44665752163104894,0.71007671892127,0.4438412008112713
0.5,0.6,0.6,0.7,0.4,0.7,0.2,0.0,0.1,0.018441763920523276,0.879787962952531,0.8632335027615771,0.10389573317815767,-0.1698426100734144
0.6,0.5,0.9,0.4,0.8,0.7,0.8,0.6,0.1,-0.2726394764166298,1.356532188125301,1.347024649886511,0.5164246918891314,0.4113209127805178
0.4,1.0,0.8,0.5,0.1,0.6,1.0,0.2,1.0,1.0516115826595551,0.06087199783389506,-0.10207629980185914,4.529569928600921,4.4902884086871
0.7,1.0,1.0,0.5,0.7,0.9,0.6,0.6,0.3,-0.9405997001493438,1.9784689287411934,1.9373562220441378,3.394668453195478,3.3966946022136746
0.9,0.9,1.0,0.3,0.4,0.4,0.1,0.3,0.9,-1.3857089149023678,2.4037690733862838,2.145155735841045,2.3709555132538847,2.270110551864713
0.5,0.1,0.9,0.7,0.5,0.4,1.0,0.2,0.0,-0.8787513658568352,1.7230702062205916,1.7661238128243357,2.3412273214268247,2.279909293368511
0.8,0.7,0.1,0.1,0.1,0.9,0.7,0.4,0.8,-0.08261084899873353,1.1415070889370922,1.0048300614832675,-0.059064252775492064,-0.3653550376633644
0.6,0.1,0.2,0.8,0.4,0.7,0.9,1.0,0.8,1.356572880318393,-0.14082363383859522,-0.3092115629632688,3.5962451515295584,3.2980118192211294
0.8,0.3,0.2,0.5,0.6,0.4,0.5,0.7,1.0,-0.9255593571577649,1.764905120355632,1.5939093947394811,3.2673177019720816,3.213171474536363
0.9,0.0,0.3,0.5,0.5,0.7,0.8,0.0,0.2,-0.2128009142515462,1.4440427758963164,1.2897404427313022,0.6009821975428925,0.497861634620363
0.6,0.5,0.1,1.0,0.5,0.1,0.9,0.2,0.3,0.23532096606453776,0.7024128333487876,0.382073936113858,1.9224164379272763,1.5256483188059102
0.0,0.3,0.0,0.1,0.2,0.2,0.3,0.4,0.5,1.394938923218825,-0.19801329793092545,-0.2831972204884929,-0.5876290389058084,-0.9980556737838006
0.8,0.5,0.1,0.6,0.1,0.9,0.6,0.1,0.5,0.08159718496505425,0.8397344837570504,0.9079478662094499,0.5301841872186901,0.30264157017548504
0.6,0.2,0.2,0.9,0.2,0.8,0.6,0.3,0.4,-0.23341940007559486,1.3713873363258215,1.037560987363426,1.0365217828333673,0.8158852574504453
1.0,0.1,0.6,0.6,0.8,0.8,0.8,0.5,0.2,-0.2793917825169742,1.3254943758916813,1.1814274653811592,1.7168077318931338,1.5639912415744268
0.2,0.5,0.9,0.5,0.4,1.0,0.1,1.0,0.1,0.39393374163107786,0.7372009330283615,0.5520008947330747,0.6343523791862076,0.48256540388223723
0.8,0.8,0.3,0.0,0.9,0.2,0.9,0.3,0.6,-0.3462095885597729,1.1793073464839374,1.2679609219459629,0.6977599199348188,0.6141858115901049
0.4,0.7,0.5,0.5,0.3,0.8,0.7,1.0,0.1,0.62796523389222,0.5587388483620263,0.14802945555599312,0.3144034040425915,0.2094184064957907
0.7,0.5,1.0,0.4,0.0,0.5,1.0,0.7,0.8,-0.6468738385407153,1.715428246005623,1.5882467315491082,2.7328730796113585,2.206896091939453
0.1,0.6,1.0,0.6,0.9,0.0,0.2,0.8,0.6,-0.5865401390317833,1.4981690046388645,1.36715461383892,1.2721909479021318,1.2988877554296365
0.6,0.3,0.4,0.4,0.4,0.1,0.4,0.3,0.8,0.5392796378195203,0.6922150468968047,0.4513017261971641,1.8033503722121813,1.4036571284723944
1.0,1.0,0.9,0.2,0.1,0.7,0.8,0.3,0.3,-0.6609956482197121,1.6510863359872812,1.382163938262999,1.9771280456612106,1.8609555067366084
0.9,0.0,0.7,0.7,0.5,0.3,0.7,0.8,0.5,-1.4254034781031915,2.1529200104642565,2.063009231207522,3.01574021089845,2.927223635102414
0.5,0.1,0.7,0.6,0.1,0.8,1.0,0.1,0.2,-0.24761974307441895,1.1754056062608584,1.0173965548450596,1.2490924111896617,1.0389504503849003
0.0,0.2,1.0,0.4,0.4,0.8,0.4,0.7,0.5,-1.600499196762338,2.3324786171999357,2.3143946305934557,1.868220149473439,1.55461414782509
0.2,0.3,0.0,0.7,0.9,0.6,0.9,0.8,0.1,-1.111705081371168,2.018993873835589,1.993869193358193,1.8608874516231881,1.8846658441858073
0.7,0.6,0.8,0.4,0.3,0.5,1.0,0.2,0.0,-0.4701481213392079,1.3639782435288754,1.2048669639213745,0.5876800897954184,0.6022447251083756
0.1,0.4,1.0,0.0,0.5,0.8,0.3,0.9,0.1,-0.9982452125343394,1.918824734376294,1.9316824367436107,-0.4437351726363835,-0.40527398538309184
0.5,1.0,0.9,0.0,0.8,1.0,0.1,0.6,0.9,-0.08377241663431763,1.1527596658888672,0.7990422345765515,3.430624639217298,3.218708771298889
0.7,1.0,0.1,0.4,0.9,0.8,1.0,0.6,0.7,-0.09976346239265792,0.8867767440634547,0.8483976122237935,2.7654819417586936,2.6041788387283984
0.5,0.7,0.8,1.0,0.5,0.1,0.4,0.7,0.8,-0.010279132017238901,1.1389257262288899,0.9964203637382668,4.120903502014973,4.043751097796551
0.7,0.7,0.9,0.9,0.0,0.6,0.3,0.7,0.2,-0.5455097347495292,1.6802754403106461,1.607122780663571,1.7775745134801082,1.6654658736055217
0.6,0.3,0.5,0.8,0.9,0.5,0.0,1.0,0.6,0.5956522713011456,0.4434198660991223,0.3493479694233945,2.1616067039004965,2.2323767721898924
0.9,0.1,0.4,1.0,0.7,0.5,0.2,1.0,0.6,-0.027782199518240236,0.8090285064164238,0.8107332155774086,3.0676912993608827,2.8202463675444793
0.4,0.7,0.3,0.6,0.7,0.0,0.6,0.4,0.2,-0.00033610626426405776,1.1085139349703763,1.0428008892176357,0.20839013985029703,-0.191681783493372
0.3,0.2,1.0,0.0,0.9,0.5,0.8,0.1,0.0,-0.7253642757678693,1.7041195963553097,1.5258132748519773,0.6777889310643861,0.4248739015465874
0.9,0.5,0.9,1.0,0.2,0.1,1.0,0.3,0.0,-0.4384486470778686,1.4751652482568829,1.5075304640419205,2.0977758568951637,2.1270120240984673
0.6,0.0,0.7,0.9,0.3,0.8,0.4,0.4,0.5,-0.33518635764647275,1.214012751148325,1.2121510918283809,1.0582936718605127,1.096075228976606
0.1,0.6,0.8,0.6,1.0,0.1,0.4,0.4,0.9,0.608399550529447,0.5067191753605655,0.4093041715362926,1.4698112740369642,1.1366581434344714
0.8,0.6,0.2,0.3,0.8,0.0,0.5,0.8,0.7,-0.9476674616633731,1.8719153580890693,1.728034165566452,0.7076725706784698,0.2245029710313375
0.5,0.6,0.5,0.7,1.0,0.4,0.2,0.6,0.6,1.2536944041042317,-0.22922572929067578,-0.3434534666570811,0.7665161214833357,0.35670784455450116
0.8,0.1,0.0,0.5,0.0,1.0,0.1,0.4,1.0,0.247224744173918,0.8251150127322194,0.9675064177771197,1.316093748457277,1.0655535593852397
0.1,0.9,0.0,0.3,0.9,0.3,0.0,0.8,0.2,-1.3678401500819186,2.170360344290187,2.0650640521131263,-0.3850230425992892,-0.8599046348331293
0.5,0.4,0.2,0.4,0.2,0.0,0.1,0.5,0.5,1.2062104444604116,-0.2662444177770709,-0.37115053399843884,-0.25440413305124354,-0.35030360406014194
0.8,0.0,0.0,1.0,0.5,0.7,0.3,0.6,0.0,0.3151141700381117,0.5850274392548591,0.8230793131725056,1.302033267689679,1.2893001830111543
0.2,0.0,1.0,0.5,0.1,0.7,1.0,0.3,0.2,-0.13704798931987966,1.4807601240576251,1.0912217820789853,0.3779929659453958,0.07977092294405853
0.3,0.2,0.3,0.7,0.7,0.1,0.4,0.6,1.0,0.6548707979360584,0.5220473174952787,0.35911514170329595,4.152580578122227,3.7429311977399427
0.7,0.0,0.0,0.6,0.4,0.4,1.0,0.5,0.1,0.3883228303937286,0.5130743510703414,0.5149469661103228,0.8839926718618936,0.7428946546192639
1.0,0.2,0.6,0.8,0.2,1.0,0.9,0.9,0.5,-0.33022364699450224,1.403674585941141,1.2119363165707182,4.5820619811145935,4.41606742734941
0.5,0.8,0.5,0.9,0.1,0.9,0.4,0.6,0.9,0.4728138656374344,0.4679278899526396,0.20024837212080682,3.2716996377198293,3.183127520356493
1.0,0.8,1.0,0.0,0.5,0.6,0.0,0.6,0.0,0.2629462933156633,0.8731366873870459,0.7339350241161298,1.8862761595203894,1.6285682495141405
0.6,0.7,0.1,0.1,0.5,0.0,0.6,0.4,1.0,0.24678221563044644,0.6759114848506796,0.6178101892713104,0.7108172469352235,0.3449852095575019
0.4,0.4,0.7,0.2,0.1,0.4,0.9,0.8,0.4,-0.8242431812943738,1.8015799328622886,1.8909416577686229,0.7002503636901655,0.42131576629586315
0.4,0.7,0.0,0.7,1.0,0.8,0.9,0.9,1.0,0.8061067326531833,0.4442906018199602,0.24149895174591313,2.1164863727324716,1.6455071793403175
0.5,0.2,0.6,0.9,0.5,0.6,1.0,0.5,0.3,0.47690585564164495,0.23466719886866497,0.2651781603929138,3.6019644581329944,3.331103402878111
1.0,0.3,1.0,0.0,0.3,0.4,0.1,0.0,1.0,0.07968113566925109,0.9124532870735695,0.7716186295388334,1.7300704167053789,1.51230980619028
0.9,0.9,0.3,0.9,1.0,0.3,0.4,0.6,0.5,0.40759867218835427,0.4734932722987137,0.5149868671737083,2.621899966755517,2.3615312629849914
0.7,0.1,0.5,0.7,0.6,0.6,0.6,0.1,0.8,-0.010139350804237737,0.933921270020537,0.9120913219262089,3.788990181802591,3.6877630149013685
0.4,0.2,0.0,0.2,0.8,0.3,0.7,0.2,0.1,-0.4180381963027362,1.4122927063986879,1.2427811731835314,-0.9934514181407198,-1.0929407120918793
0.4,0.4,1.0,0.4,0.2,0.4,0.8,0.7,1.0,-0.416666922535492,1.156563433451156,1.0868311969660436,2.8581627824318847,2.6120143175784394
0.9,0.8,0.9,0.5,0.9,0.1,0.8,0.8,0.6,-0.7961758306697831,1.791280391929395,1.6583410684222823,3.629509507451206,3.396561560766527
0.0,0.0,0.2,0.3,0.2,0.1,0.9,0.5,0.6,1.3250655749843483,-0.18737948744115082,-0.2218108422933872,0.788692112264292,0.6206728927654618
0.1,1.0,0.8,0.7,0.7,0.3,0.4,0.9,0.6,-0.2744991883891377,1.2964925938193936,1.3208832147655751,3.385944552686121,3.3298230251931082
0.9,0.6,0.4,0.1,0.2,0.0,0.0,1.0,0.7,1.806449399576609,-0.714184608099579,-1.0212629907449386,0.0607206552182423,-0.12460247080288243
0.6,0.2,1.0,0.9,1.0,0.8,0.8,0.2,0.1,-1.2932631464152515,2.190004153153072,2.2005795230470464,1.7463264659662316,1.4281540088027866
1.0,0.2,0.7,0.6,0.6,0.2,0.1,0.5,0.6,1.1006876022580991,-0.14636265004904572,-0.2711211394501039,3.1945703057645995,2.9736618738619787
0.9,0.9,0.3,0.9,0.4,0.2,0.1,0.6,0.0,0.9134101965323683,0.3565646955606159,-0.00018656752025443535,2.7771024702280105,2.692346780510656
0.2,0.6,0.3,0.7,0.5,1.0,1.0,0.2,0.6,-0.4093168714171722,1.2999028612120094,1.1914848446560604,2.110926044481097,1.9075526703941517
0.6,1.0,0.1,0.9,1.0,0.0,0.1,0.3,0.3,0.06257308163725725,1.1354166205770828,0.9222099382364486,1.4691288065124493,1.207091473922535
0.1,0.3,0.4,0.3,0.9,0.9,0.5,0.6,0.8,-0.4059820208262104,1.2396088821245845,1.4544389351442866,1.2194212503665722,1.1227241505481182
1.0,0.9,0.5,0.5,0.8,0.4,0.5,0.0,0.3,-0.6669487166696872,1.547282250067877,1.4093869696037211,1.3305128365195746,1.4066869255945509
0.1,0.6,0.8,0.6,0.3,0.4,0.5,0.8,0.2,-0.48908802252858224,1.6081844268556826,1.2497405048904449,0.78800419919854,0.6456079635840196
0.9,0.3,0.2,0.9,0.1,0.1,1.0,0.8,1.0,-0.2615975693746825,1.0017214209840153,1.034705011233283,4.9465987433985354,4.724484686450101
0.6,1.0,0.3,0.2,0.2,0.4,1.0,0.7,0.2,-0.8938928351633671,1.8877404718215554,1.6879744925275493,2.1082065260257186,1.9544746414130851
0.4,0.4,0.9,0.1,0.5,0.3,0.7,0.4,1.0,0.2846747083526017,0.6911722848298589,0.8705451579686595,1.419858267771338,1.0223346182534934
0.2,0.0,0.9,0.2,0.2,0.9,0.6,0.8,0.9,-1.40874331536483,2.3203329062601603,2.192796148870948,1.7916655271722883,1.6994681012245816
0.1,0.1,0.1,0.0,0.1,0.7,0.0,0.6,0.5,0.6663334055849635,0.4008632803842435,0.25600800961660003,-0.19535418255789866,-0.8287410933091637
0.9,0.8,0.5,0.6,0.8,0.1,0.4,0.5,0.9,0.7935676165463093,0.12023130902391185,0.35040402300148094,3.3649888456731647,3.2918129950366772
0.0,0.5,0.6,0.9,0.1,0.1,0.3,0.1,1.0,1.373338647561744,-0.1485639865419553,-0.19926236688436555,2.6030219321809045,2.277530451164144
0.6,1.0,0.0,0.7,0.6,0.4,0.9,0.2,0.3,-0.4834114820925618,1.4234707736548802,1.3524060625463805,2.890382650259451,2.80693078688328
1.0,0.6,0.6,0.2,0.1,1.0,0.7,0.8,0.8,-0.4943338395251257,1.5191950746026754,1.1931967376958064,2.3713597423201422,1.9836669087863408
0.4,0.2,0.9,0.8,1.0,0.0,0.3,0.0,0.5,-0.6881093700915384,1.547059543453165,1.4012510701062453,1.4715094200564547,1.412276767336004
0.7,0.7,0.4,0.8,0.2,0.9,0.5,0.1,0.7,0.512883105846687,0.4602348130181766,0.5520941554998756,1.862869668901992,1.6779105181036071
0.7,0.1,0.5,0.0,0.7,0.8,0.4,0.5,0.2,-0.7351823585074523,1.6630439618614588,1.5525688516460063,-0.38393623468458066,-0.455865573117619
0.0,0.8,0.6,0.5,0.3,0.8,1.0,0.9,0.0,-0.09307536426240698,1.0742775940243632,0.939246886571135,1.4584048712163749,1.3050923253552595
1.0,0.7,0.2,1.0,0.8,0.7,0.6,0.0,0.5,-0.4265318227369289,1.482622898369868,1.3875375119696933,1.1903794703380535,1.2960316967778573
0.2,1.0,0.6,0.8,0.4,0.0,0.3,1.0,0.4,0.29715201557761695,0.8012310302723067,0.5733502274493167,3.7393554787887644,3.508318572011565
0.1,0.8,0.2,0.8,0.9,0.8,0.7,0.9,0.3,-0.41410918654255335,1.4327354528244165,1.41168592770684,0.9079457448281579,0.7030284416062096
0.6,0.3,0.7,0.7,0.2,0.7,0.8,0.4,0.3,0.2589607844339861,0.8954795045797388,0.633436760011059,1.828406678385647,1.6042252113916362
1.0,0.0,0.2,1.0,0.5,0.4,0.2,0.7,1.0,-0.18448898436445357,1.0824461944411892,1.193374039976825,3.5560516840709675,3.2240803818180694
0.3,0.7,0.3,0.1,0.4,0.5,0.3,0.2,0.1,0.1482759149661731,1.0392031907940438,0.8989539604652617,-0.9931763728334356,-1.1206926809769313
1.0,0.3,0.4,0.4,0.6,0.9,0.9,0.3,0.7,-0.9033242042790426,1.904421301674965,2.0105894081995155,2.16875517793952,1.993796635814926
0.4,0.0,1.0,0.0,0.0,0.0,0.4,0.5,0.5,0.6160841915551039,0.209170325704628,0.2507079712056368,-0.4601845487234136,-0.5483837121321011
0.9,0.2,1.0,0.0,0.7,0.1,0.9,0.9,1.0,-0.4508060987973326,1.645880629561098,1.4140543727673849,4.365876439469356,3.9682172582508044
0.0,0.7,0.6,0.7,1.0,0.9,0.0,0.9,0.4,-0.4311792727357684,1.568800437044379,1.3091424866102355,0.39777954179180247,0.22042951295957514
0.8,0.5,0.2,0.5,0.4,0.1,0.0,0.2,0.5,0.7025909247757096,0.2791943885514512,0.1831517812717715,0.46847327107713393,0.2837318691173464
0.4,0.2,0.7,0.3,0.5,1.0,0.6,0.4,0.9,-0.9420570813890196,2.023245795692471,2.119005854202723,2.3419448993660086,2.467473848716593
0.8,0.0,1.0,1.0,0.0,0.2,0.6,0.1,0.5,0.007595399187499602,1.1654245657281121,1.0634248224020115,1.9408226716325103,1.6836382198476558
0.9,0.5,0.2,0.3,0.3,0.3,0.8,0.5,0.9,1.0598925546413076,-0.06421146706039044,0.019207423426482573,1.0025069554148205,0.569947905925971
0.5,0.1,0.8,1.0,0.7,0.7,0.1,0.9,0.0,-0.5088812545207776,1.5031513552709117,1.3118762189151496,1.701257412159416,1.508310386811218
0.9,0.4,0.6,0.0,0.3,0.3,0.4,1.0,0.1,0.6928461309692631,0.3636007020265617,0.08346974159440387,0.10515252035842954,-0.12755021749269493
1.0,0.0,0.4,0.6,0.8,0.2,0.1,0.2,0.1,0.5102068009706537,0.2787859397586565,0.36122957821806995,0.4779749347568194,0.11369935549042878
0.0,0.1,0.6,0.4,0.4,0.5,0.9,0.3,0.6,-0.5352991629882127,1.686047872108359,1.5540711970784855,1.7285086637174571,1.5758463336602047
1.0,0.0,0.2,0.0,0.7,0.7,0.1,0.4,0.9,0.27789780129995756,0.906247471603538,0.7615257058059668,0.17883501184631168,-0.19865268828346197
0.8,0.0,0.3,1.0,0.4,1.0,0.6,0.1,0.3,-0.26001831195388597,1.1686494775913132,1.2450699829101757,1.7606829487657019,1.581115612021037
0.3,0.2,0.4,0.4,1.0,0.4,0.9,0.5,0.8,0.6176754426435598,0.38006333619137145,0.20139844466499918,1.373272587504934,0.91535219752384
0.3,0.6,0.5,0.3,0.3,0.7,0.0,0.9,0.7,0.8162774750776769,-0.2955336057231313,-0.20174424242192798,-0.10362862944329619,-0.4612611056335407
1.0,0.4,0.0,1.0,0.5,1.0,0.3,0.6,0.7,0.8156432877423632,-0.0009096427194631557,0.04279788232451873,3.6594759769453686,3.3326456655174237
0.0,0.3,0.2,0.0,0.7,0.0,0.7,0.2,0.0,-0.676044221628515,1.6376304968034905,1.3921453058757507,-0.3166933917177109,-0.5235150570947029
0.2,0.6,0.0,0.8,0.3,1.0,0.3,0.6,0.6,1.3045686836275103,-0.13760484550067198,-0.3141726284153802,1.8520172284882577,1.4923595021992955
0.6,0.4,1.0,0.2,0.5,0.4,1.0,0.2,0.0,-1.1306488918303912,1.8097352930503086,1.8197472907916945,0.5653967938410434,0.3897253004636366
0.9,0.1,1.0,0.5,0.9,0.5,0.8,0.4,0.9,-0.5379330980094259,1.4966796483085194,1.4153275904892615,3.061380379292728,2.8120545572387634
0.0,0.6,0.1,0.1,0.3,0.0,0.3,0.1,0.3,1.0848138538556458,-0.19169208769125018,-0.38620739499615725,-1.7193931390754398,-1.6505601795348406
0.1,0.4,0.7,1.0,0.6,0.4,0.5,0.6,0.0,-0.6982821349793852,1.767561829104625,1.572873971639571,1.9143135827495084,1.7643514905522664
0.4,0.9,0.3,0.7,0.0,0.0,0.8,0.3,0.6,-0.2132283930236605,1.3658180086373597,1.2028869557026656,2.279907543764866,1.9304156482722579
0.5,0.7,0.3,0.2,0.8,0.1,0.3,0.8,0.3,-0.13753938124701678,1.3782904067141004,0.9886219072477103,-0.22180876030570612,-0.3972611364007144
0.5,0.1,0.2,1.0,0.6,0.3,0.2,0.5,0.3,1.18011136355515,-0.012028412943415593,-0.10804916384753889,0.9787440942280567,0.7974176345694326
0.5,0.1,0.9,1.0,0.1,1.0,0.5,0.9,1.0,0.09519793038197197,0.7592039308106948,0.46871538344487257,4.251613752009394,4.02877803473557
0.8,0.9,0.3,0.2,0.2,0.4,0.7,0.8,0.8,-0.7503671949111749,2.136411603115973,1.5822958225211186,2.6433733144167784,2.5202300437840273
0.5,0.5,0.3,1.0,0.7,0.6,0.0,0.8,0.5,-0.5393417527498467,1.4573490158367022,1.5975595861803484,1.5114472619434098,1.3077529493103612
0.5,0.3,0.8,0.9,0.9,0.7,0.4,0.7,0.1,-0.8982309077335415,1.8568187544617716,1.8704333201912822,2.0500566350231337,1.8933231497610696
0.3,0.5,1.0,0.8,0.9,0.5,0.8,0.7,0.3,-0.7805275217382913,1.8145448222033331,1.7072229172779962,2.3662525025991994,1.9921177953648042
0.5,0.9,0.6,1.0,0.5,0.3,0.2,0.3,0.9,-0.21198515781956223,1.375591650556507,1.1553214923763286,3.3452084940058064,2.9501864744107076
0.1,0.6,0.9,0.3,0.7,0.7,0.5,0.2,0.1,-1.1811234302390943,2.2897463236171043,2.119530434651993,-0.9374668810679239,-1.024766524260791
1.0,0.7,0.5,0.0,0.3,0.7,0.1,0.0,0.8,0.8932501679360294,0.18610823693096018,0.051463722368202444,0.560790085426435,0.36246354049218904
0.1,0.7,0.7,0.6,0.0,0.5,0.5,0.6,0.5,0.20089814568656988,0.697064040977975,0.5759179455616535,1.6540296795576148,1.4336494547961538
0.3,0.3,0.8,0.3,0.9,0.3,0.3,0.6,1.0,0.3805696566363791,0.5839005604339351,0.6177114282601981,1.9237998973013053,1.236213514751947
1.0,0.4,0.2,0.5,0.1,0.8,0.9,0.8,0.5,-0.5508437632818741,1.417870697615483,1.4551746122606255,1.6431122649310843,1.378910741884523
0.8,0.3,0.0,0.6,0.3,0.1,0.7,0.8,0.3,0.12249938393994694,1.0795413138746388,1.0537898250984041,2.7988543507084502,2.4888953716339017
0.7,0.6,0.7,0.9,0.6,0.9,0.6,0.7,0.8,-1.2843032872555205,2.3363076238640152,2.240997159290435,3.6816499122249406,3.324589140196376
0.5,0.6,0.3,0.7,0.2,0.7,0.8,0.2,0.3,1.250533912345377,-0.31408958040532886,-0.2512081451376061,0.3432700490824271,0.24392084273034184
0.1,0.8,0.1,0.0,1.0,1.0,0.0,0.5,0.1,-0.16313018029954476,1.0421446543097606,0.980226752589348,-1.196015235246052,-1.4603455221712907
1.0,0.5,0.0,0.3,0.8,0.0,0.8,0.9,0.4,-0.07642954866234647,1.1238656374558735,1.0386469192293208,0.33313160754147897,0.20576152372976758
0.6,0.9,0.0,0.1,0.7,0.2,0.6,0.3,0.4,-0.08544625107802832,1.195624183564948,1.0859298719641448,0.7368755977424079,0.38400400502964055
0.4,0.5,0.0,0.0,0.8,0.6,0.6,1.0,0.4,1.6964424919506988,-0.5003820239113366,-0.6990930929368173,-0.3601400893202255,-0.5989638321801362
0.8,0.9,0.0,0.7,0.5,0.6,0.3,1.0,0.9,0.8744865150402787,0.21658455240936458,-0.037393017324810554,4.440761334063753,4.359498915241804
0.0,0.4,0.2,0.1,1.0,0.7,0.1,0.0,0.2,0.0602705291226943,0.8874290273959623,0.8532294670073058,-2.560200066223219,-2.5295048306889916
0.7,0.8,1.0,0.8,0.0,0.6,0.5,0.4,0.7,0.2856556827599475,0.7871514217880066,0.5197469328932437,2.6276487316441517,2.4586681373108523
0.4,0.0,0.6,1.0,0.4,0.6,0.4,0.0,0.2,0.12428674093500369,0.8362891234764199,0.8577803219023815,1.5249341863161936,1.2294624113000319
0.8,0.7,0.8,1.0,0.6,0.4,0.4,0.9,0.8,-0.5535701827180585,1.6311942411993396,1.4348966218081538,3.344933041523518,2.959670753482993
0.4,0.5,0.3,0.4,1.0,0.2,0.2,0.7,0.9,0.9483850265924942,0.006357048774162627,-0.037874217869222564,0.6101945362371968,0.45847376602051826
0.5,0.2,0.1,0.4,0.4,0.1,0.8,0.9,0.2,0.4584149498645853,0.3853428105992178,0.3057551971360414,1.6922237740250248,1.4625320980831635
0.5,0.8,0.2,0.9,0.4,0.9,0.6,0.1,1.0,0.2040664925729005,0.6619385532893315,0.6610464701457068,3.304496946636294,3.0564907857377577
0.2,0.6,0.2,0.0,0.0,0.6,0.9,0.6,0.2,0.6902226347811042,0.2989192171783256,0.08859089064485967,-0.5572123285655445,-0.7555967913654189
0.3,0.2,0.0,0.9,0.6,0.1,1.0,0.4,0.4,-0.3256661731665937,1.2574673787404764,1.2109274179039684,2.6554871307138157,2.438392684372903
0.2,0.5,1.0,0.2,0.3,0.2,0.3,0.8,1.0,0.3929457107297494,0.7299429752309704,0.6649146008302977,1.8539880562762714,1.553664818055624
0.2,0.4,0.7,1.0,0.3,0.3,1.0,0.3,0.6,-0.09777989861464384,1.2329516010381607,1.1391800889829262,2.057131501155955,2.0826600646827513
0.2,0.5,0.8,0.7,0.3,0.3,0.7,0.2,0.2,0.11324713486742521,0.7251766364762781,0.7356286663456421,0.5242037357127296,0.5579203945282818
0.0,0.7,1.0,0.0,0.9,0.5,0.4,0.8,0.6,-0.7771511524490654,1.5361487590117897,1.713701750259427,0.6871142596671241,0.44457655552667397
0.4,0.1,0.6,0.5,0.8,1.0,0.7,0.4,0.2,-0.5178224300523115,1.5284838368131524,1.5063679988933774,0.9407532069591694,0.6621176792605902
0.2,0.9,0.0,0.1,0.4,0.9,0.4,0.3,0.0,-1.0006981508350132,2.1153203013775945,2.0450628915449314,-0.1906532343502597,-0.587880593324667
0.5,1.0,0.8,0.8,0.7,0.2,0.5,0.1,0.5,-0.09582282485081113,1.096635577109818,0.9983281536686484,3.8985318013864987,3.704494276584993
0.2,0.1,0.2,1.0,0.9,0.6,0.7,0.4,0.6,0.03957497432706367,1.084376366525071,0.9998508937313855,1.9609129166078576,1.398358172606786
0.1,0.5,0.7,0.5,0.4,0.8,0.2,0.9,0.6,0.48478038236144866,0.420135196215924,0.3790233348713628,0.8076201076763586,0.4369548184669323
0.1,0.8,1.0,0.7,0.9,0.1,0.1,0.1,0.9,-0.20133110930085463,1.1338428609235325,1.1087761934049765,2.9068904222127765,2.523697435938493
0.7,0.9,0.8,0.9,0.3,1.0,1.0,0.5,0.1,-0.5543288817769669,1.498742074612143,1.4383403438643891,4.034212782136773,4.057391908301664
0.1,0.0,0.7,0.6,0.2,1.0,0.6,0.4,0.1,-0.3966289839843808,1.23079973440767,1.2826548262602675,0.9339364111039158,0.7936867462913415
0.0,0.4,0.4,0.7,0.0,0.0,0.7,0.9,0.0,-0.07115953593208618,1.0137075348757802,1.0425416535954026,0.6060763924948117,0.6103634563035938
0.6,0.9,0.4,0.6,1.0,0.7,0.6,0.6,0.6,0.9974377659680195,0.0911893072542519,-0.0038508864337731263,2.7646071454315755,2.675493945338544
0.0,0.7,0.5,0.2,0.2,0.4,0.0,0.4,0.7,0.44300252592714606,0.5513243655832123,0.28583251334188775,-0.9823196274529498,-1.2771646405641714
0.3,0.8,0.6,0.6,0.5,0.2,0.6,0.6,0.5,0.590921754415099,0.20536664224328433,0.11851269887832101,3.078798891067832,2.9720721314472143
0.0,0.2,0.1,0.6,0.1,0.4,0.2,0.1,0.5,0.37671315128427785,0.31942913400519846,0.2845741538844838,0.5060749925433904,0.1298714471345066
0.2,0.1,0.5,0.2,0.6,0.6,1.0,0.2,0.0,-0.9345131497627753,1.7534708830146997,1.8096981269535617,0.870401777453343,0.8572106958176646
0.4,0.5,0.7,0.3,0.6,0.5,0.5,0.9,1.0,0.2404956179300215,1.03514798848699,0.7662553522276646,2.2914787555852842,1.9402559595205942
0.2,0.0,0.5,0.1,0.3,1.0,0.0,0.7,0.1,-1.0239155278187118,2.0057912287640103,2.0167327055159694,-0.030489312215740694,-0.18113967584697976
0.9,0.3,0.6,0.5,0.6,0.9,0.6,0.1,0.5,-1.2148373782362643,2.283348882005407,2.1112145710936847,2.428420989098063,1.9622109522332511
1.0,0.4,0.7,0.6,0.3,0.2,0.3,0.6,0.5,1.5734569279691237,-0.7608863831043647,-0.8189246423050035,2.8641500332789307,2.8115168582870376
0.7,0.7,0.6,0.6,0.5,0.8,0.5,0.3,0.7,-0.47562662663291316,1.4068851517120946,1.2570198551608371,1.4685876594086602,1.3543002034268001
0.2,0.7,0.2,0.9,0.5,0.0,0.2,0.8,0.1,-1.2703536551866181,2.030617128571215,1.8731266654437275,1.0374674478458599,0.8999026958098608
0.8,0.2,0.8,0.6,0.8,0.3,0.6,0.4,0.0,-0.717368257138892,1.7497088502292353,1.8915696845537129,1.0625576308702813,0.9186412277379821
0.6,0.6,0.3,0.4,0.8,0.6,0.0,0.0,0.3,0.14365180552942491,0.9305355278086548,0.9562783663388703,-1.2975719651701245,-1.7371998493597696
0.5,0.7,0.0,0.9,0.9,0.8,0.0,0.1,0.9,0.32040301522093817,0.6806117366626531,0.431307516947418,0.5347035370445495,0.2881067083223744
0.4,0.0,0.2,0.4,0.8,0.2,0.2,0.7,0.6,0.43449891548644803,0.5000053075516365,0.46293312319958624,0.44641798590175125,0.5009861820304181
0.3,1.0,0.2,0.6,0.5,0.4,1.0,0.3,0.3,-0.4301275926757459,1.4410696020235794,1.3931214256056963,2.074210296831965,2.211028841667023
0.9,0.7,0.4,0.4,0.5,0.9,0.4,0.1,0.1,-1.1367183772946876,2.117534332675303,2.0969255522760117,-0.040662916290480855,-0.3872510591479741
1.0,0.7,0.9,0.0,0.0,0.5,0.7,0.0,0.5,-0.6453528862206173,1.4954930320302846,1.736102909747935,0.5226591294216196,0.3024807908167113
0.2,0.0,0.9,0.7,0.5,0.0,0.3,0.5,1.0,0.3414436655176384,0.4815105109200351,0.4083580771445638,3.1427485247007216,2.7593459476988684
0.3,0.2,1.0,0.2,0.0,0.8,0.3,0.9,0.9,-0.6384543559362305,1.6762320633922894,1.5343709633417606,1.1050108130634304,0.957128906660117
0.9,0.6,1.0,0.4,0.9,0.3,0.4,0.1,0.0,-0.09154762499352226,0.9717349771695128,0.8963666044649798,-0.8047834451260396,-0.9870451312190953
0.9,0.1,1.0,1.0,0.1,0.7,0.2,0.7,0.0,-0.8999081405461707,1.8018187500350227,1.7825304747754227,2.633911953371021,2.4129850458806117
1.0,0.1,0.8,0.0,1.0,1.0,0.3,0.5,0.1,-0.13805745411193782,1.0591619502324194,0.9204403978583942,0.5182181496560841,0.09237877525824056
1.0,0.2,0.1,0.4,0.7,0.9,0.8,0.4,1.0,-1.046889132739015,2.0854746149507704,1.8394110615697203,2.430155380448108,2.2065903441644203
0.4,0.6,0.5,0.1,0.0,0.1,0.0,0.3,0.5,0.23618653088610425,0.8669399187390421,0.7609247247639817,-1.4631752473714918,-1.735502741057564
0.5,0.6,0.9,0.2,1.0,0.9,0.5,0.7,0.5,-0.9492835127481629,2.2707238205071727,2.021542540058957,0.05468957771285568,-0.13994304807259395
0.9,0.8,0.1,0.5,0.8,0.9,0.1,0.4,0.0,-0.9250226766555288,1.8436196982834712,1.599598596660605,-0.4083796771084474,-0.48525149273476254
0.2,0.0,0.9,0.7,1.0,0.9,0.3,0.8,0.7,-0.7032540169993711,1.744922034523538,1.6592840357695464,1.8955526777887397,1.8437571715884096
0.7,0.8,0.1,0.9,0.8,0.9,0.0,0.7,0.7,-0.9812389314966954,1.859969093223373,1.9259973399027543,2.4509834398184935,2.206488055983
0.6,0.5,0.8,0.5,0.4,0.0,0.9,0.1,0.8,0.6455780451106434,0.24535530937389127,0.11797640251184532,2.262645463172395,2.3159137089159616
0.0,0.3,0.7,0.3,0.7,0.5,1.0,0.3,0.8,-1.2144860425445523,2.341876808488949,2.314909335424897,2.017136278551986,1.8984989644770853
1.0,0.3,0.1,0.3,0.3,0.0,0.7,0.2,0.0,-0.1381190646853228,1.0402705706330166,1.2067700256129699,0.7470307539250339,0.4983421165920775
0.6,0.6,0.7,0.7,0.1,0.2,0.8,0.5,0.1,0.8607986594013564,-0.11866118857737079,-0.16001283005062242,1.0958049179719498,0.8242703798024746
0.7,0.3,0.1,0.6,0.8,0.2,0.7,0.8,0.9,-0.3165804799919915,1.2627308861740285,0.9951019484067856,3.3546417015878376,3.082618197925312
0.6,0.9,0.8,0.5,0.0,0.0,0.9,0.4,0.6,-0.3188624641272919,1.2172327895155624,1.1956339333222195,2.405988054635171,2.101241578435181
0.0,0.9,0.4,0.2,0.2,0.4,0.7,0.1,0.9,0.0033801610234194535,0.9327758046080704,1.080027529444274,1.6587764046132956,1.4363006485488718
0.6,0.4,0.6,1.0,0.8,0.6,0.9,0.2,0.7,0.08579437620081459,0.6266616630835308,0.7911727455518681,3.2590858163921017,2.9503924474017325
0.4,0.0,0.1,0.6,0.4,0.0,0.0,0.2,1.0,1.2947595218108472,-0.2303119331457688,-0.4210568965963581,1.6007176616800316,1.261599750674331
1.0,0.7,0.6,0.6,0.7,0.7,0.0,0.9,0.4,0.09286137249236692,0.8109094587720515,0.6841993851559076,1.3377544761369051,1.3359968912742137
0.1,0.4,0.9,0.5,0.9,0.0,0.6,0.4,0.4,-0.4193742598971284,1.5348207813573225,1.226674043671211,0.25467932016697614,-0.04555435684453307
0.1,0.7,1.0,0.0,0.1,0.2,1.0,1.0,1.0,1.3836823002319338,-0.33552478890508985,-0.4283302483703973,2.0919237676900937,1.8475929136266562
1.0,0.8,0.7,1.0,0.9,0.8,0.0,0.0,0.0,-1.4592574436431667,2.4701449788990497,2.4110597921031816,0.8188828808009654,0.6594525034827571
0.2,0.6,0.8,0.3,0.7,0.3,0.3,0.5,0.5,-0.09655612992280989,1.085793694430707,0.8734922915180928,-0.7061809608607441,-0.7460315081568767
0.4,0.8,1.0,0.9,0.2,0.8,0.5,0.7,0.5,-0.7468614288543576,1.7501318485878146,1.7143499952378474,3.0384973702450595,2.7409134753321576
0.4,0.4,0.7,0.8,0.8,0.5,0.6,0.6,0.3,0.2828417973523225,0.6716076298721986,0.7531095457956862,2.464754010390495,2.1207486361411783
0.6,0.0,0.5,0.6,0.9,0.5,0.4,0.3,0.0,-0.16447645227049354,1.0153169417688777,1.1412049040866854,-0.06803075863292682,-0.2506622433581982
0.5,0.1,0.5,0.1,0.1,0.8,0.7,0.9,0.3,0.11746379581243506,0.5872037632786858,0.46290669159459263,-0.2422149567430052,-0.3025710415337555
0.5,0.2,0.6,0.3,0.8,0.4,0.8,0.0,0.8,-0.7711840528265624,1.9470989497474118,1.9807492201251244,1.4122974335779586,1.0974399646628017
1.0,0.4,0.0,0.5,0.5,0.2,0.4,0.8,0.8,0.9918925696158463,-0.04844967959354578,-0.11003336498679822,2.8237368857226195,2.408736153245326
0.4,0.1,0.8,0.8,0.8,0.3,0.3,0.2,1.0,0.4615604994712882,0.8739163377705688,0.5248475968692897,2.575890364725769,2.3703919399506574
0.9,0.5,0.7,0.5,0.8,0.7,0.9,0.0,0.2,-0.7917179646034523,1.8272261765696056,1.70887563481044,0.7237478496291014,0.3966706109448042
0.7,0.3,1.0,0.5,0.1,0.5,0.1,0.1,0.2,0.30099872117005766,1.0067207052173412,0.8780567699557588,0.93624418697943,0.7244132026154769
0.4,0.3,0.1,0.9,0.1,0.2,0.8,0.1,0.7,1.8484480150823401,-0.8295553732141757,-0.958958087755513,2.3068659271167307,2.228697489392679
0.8,0.2,0.9,0.6,0.5,0.1,0.9,0.6,0.9,-0.1892210855847022,1.1126773226293747,0.9162526107480216,5.643522210527458,5.4754793480881725
0.2,0.5,0.6,0.1,0.5,0.8,0.4,0.6,0.5,-0.37600271594921164,1.3227971237810092,1.1726199902814505,0.05370231923870783,-0.1972088110788341
0.6,0.0,0.2,0.5,0.6,0.2,0.9,0.1,0.4,0.7172858673795866,0.08806804965133377,0.13868836739897855,0.9294875115903738,0.8711403184544921
0.8,0.8,0.3,0.7,1.0,0.2,0.9,0.1,1.0,0.5865237339334672,0.41767764220444964,0.5251227602219846,3.2077555917006118,3.032016344190433
0.1,0.1,0.6,0.3,0.6,0.5,0.4,0.2,0.7,-0.5341985326758005,1.5589572629470148,1.4556163464417962,1.6693791095116703,1.3288585088086236
0.8,0.8,0.0,0.7,0.8,0.8,0.7,0.4,1.0,-0.7151975980287556,1.8791672448333847,1.6073161212224598,2.279093968807198,2.070953236486933
0.6,0.9,0.6,0.8,0.3,0.7,0.8,0.4,0.2,0.032381698214810184,1.246650262744199,1.2905708131436726,2.693325494095911,2.3296260938583826
0.3,0.0,0.4,0.8,0.0,1.0,0.4,0.2,0.6,0.2195960635374101,0.6424310423979329,0.7256840449731358,0.8065901987827511,0.7708376794130003
0.2,0.2,0.2,0.7,1.0,0.9,1.0,0.6,0.9,-0.3788137568371758,1.1725220819455466,1.1987178633970894,3.2306144053023824,3.21119985603312
0.6,0.0,0.2,0.1,1.0,0.4,0.6,0.3,0.8,0.31132810808019734,0.6143995282253694,0.42297816938407506,-0.7723472894466195,-0.8589833427618473
0.7,0.5,0.9,0.0,0.2,0.1,0.0,0.5,0.9,1.1422895132892144,0.00830491279009049,-0.38006785433098134,1.1740352575324933,1.007229188423515
0.7,1.0,0.3,0.4,0.4,0.7,0.1,0.7,0.7,0.04391365945306035,1.2018637484173813,0.9275426821998902,2.9122514552791756,2.8679818208994536
0.8,0.9,0.5,0.6,0.1,0.0,0.0,0.0,0.2,-0.791469679773408,1.5660174868840522,1.8141719304015205,1.2108837324182626,1.201127101491903
0.3,0.1,0.6,0.4,0.0,0.8,0.8,0.6,0.4,-0.5793087115606551,1.6259351840673477,1.389278799983898,0.79557947746413,0.568236453904032
0.5,0.5,0.7,0.7,0.9,0.3,1.0,0.5,0.5,1.082056210975893,0.22301431639116487,-0.08873209926812164,1.0220757384930628,1.0923140100858975
0.4,1.0,0.9,0.0,0.9,0.5,0.6,1.0,0.7,1.0120085774439462,-0.017739555140301157,0.08249594056862664,2.848519235116605,2.794884607892444
0.0,0.8,0.0,0.7,0.8,0.8,0.9,0.4,0.0,-1.1010030701900007,2.023709181220894,1.9834636369057983,0.2777004106359184,0.06141891741968561
0.3,0.6,0.8,0.3,0.4,0.4,0.4,0.1,0.3,0.0009705189307009643,1.075085298690477,0.8769559999106026,-0.7544084801872524,-0.9281921203413283
0.8,0.8,0.3,0.2,0.1,0.4,0.7,0.6,0.8,0.2339098080350553,0.592087760025446,0.690664806102339,1.658336345213147,1.4275792262196927
0.0,0.1,0.1,0.3,0.7,0.8,0.4,0.6,1.0,-0.30540701618209354,1.5712886233646923,1.1915661033818998,1.6566400127504064,1.1188451405560471
0.2,0.6,0.9,0.0,0.0,0.2,0.9,0.9,0.0,0.482211402406366,0.6620433159474014,0.572598891530905,-0.46917790630561984,-0.8337844184226313
0.5,0.0,1.0,0.4,0.7,0.7,0.1,0.8,0.6,-0.6452815135485096,1.6191515900453186,1.6428766998904278,1.207076145039249,1.0218828829291153
0.5,0.1,0.5,0.4,0.2,0.6,1.0,0.1,0.1,0.19760202516116482,0.6486572149128786,0.5498877519951507,1.3183970373139156,1.0287837982825776
0.7,0.9,0.5,0.4,1.0,0.1,0.5,0.7,0.8,-0.5334342398929622,1.4365248839794014,1.2259111152825732,3.5846689689581273,3.1730359340121588
0.2,0.4,0.9,0.7,0.2,0.8,0.2,0.1,0.8,0.23355040358523224,0.6683938354781703,0.7379699287090229,1.5930385642232452,1.4757117077373956
0.7,0.1,0.3,1.0,0.5,0.8,0.1,0.3,0.9,-1.0852672389607068,2.3285779406647182,2.1188668660454537,2.0102507122800692,1.8246874991568565
0.1,1.0,0.2,0.7,0.5,1.0,0.8,0.5,0.3,-0.10094741720607396,1.0629001747879778,1.0289727987262813,3.2959197860978704,3.270547618123691
0.2,0.5,0.4,0.8,0.1,0.0,0.8,0.8,0.4,-0.36912957642327876,1.6543146929057728,1.4970023811257474,1.467856256271608,1.2519954200106203
0.0,0.4,0.2,0.7,0.4,0.4,0.5,0.6,0.3,0.9033828053815517,0.07795233616718153,0.01192276317280147,1.1377418259334564,0.9504152927410046
0.7,0.0,0.9,0.4,0.4,1.0,0.5,1.0,0.8,0.5811585030931378,0.24776712555764555,0.4373381960128725,2.882713700817735,2.53631628021678
0.5,0.6,0.1,0.4,0.5,0.3,0.9,0.6,0.8,1.3576461847341785,-0.5051990891304149,-0.7261329189421623,1.193135640581245,1.04902775573207
0.7,0.4,1.0,0.7,0.8,0.1,0.4,0.5,0.5,0.18961195630088656,0.8422061483193439,0.8216022527126774,2.73101011798623,2.3149523836622805
0.3,0.8,0.3,0.5,0.3,0.4,0.6,0.1,0.9,0.889737371081386,0.33903949876703615,0.12951316838227228,1.7247347154822914,1.4594367281219458
0.9,0.7,0.6,0.5,0.2,0.9,0.3,0.5,1.0,0.9554211631034499,-0.025458626868046175,-0.10874289323479021,2.341155551465735,1.7341868242317542
0.8,0.3,0.1,0.9,0.6,1.0,0.7,0.8,0.1,-2.2596190237147935,3.140677393911292,3.0706792825399147,3.0681935885556197,2.824417001486082
0.9,0.7,0.3,0.7,0.9,0.4,0.1,0.1,0.8,0.4780869559391603,0.6653704803231891,0.5414670369812152,0.9107459807813123,0.8433592395552126
1.0,0.2,0.0,0.8,0.5,0.5,0.3,0.0,0.1,-0.9127869454774638,1.62761499869688,1.5811801053971801,2.0985809895837235,1.7509521708529694
0.7,0.4,1.0,0.4,0.4,0.4,0.5,0.6,0.8,0.21324665446588134,0.5979002599752025,0.557054047306454,2.2837830903343423,2.233549828264013
0.4,0.4,1.0,0.7,0.7,0.4,0.5,0.7,0.4,-1.1176178616624062,2.1281310887917253,1.8600912604928859,2.2407339062579017,1.9589078541355294
0.9,0.5,0.9,0.1,0.4,0.0,0.1,0.3,0.9,-0.1580112184136286,1.3694431754824337,1.1620016368218535,0.8785499467441796,0.8917600804929825
0.2,0.0,0.7,1.0,0.2,0.9,1.0,1.0,0.0,-0.13935642838774426,1.16809586192699,1.0029073848595627,1.8590949802499073,1.9470727017378149
0.1,0.8,0.1,1.0,0.1,0.5,0.9,0.6,0.6,0.43743366695335695,0.7214501095274979,0.4844682341054887,3.081906886622803,2.9080583764490933
0.8,0.1,0.5,0.9,0.5,0.6,0.9,0.0,0.3,-0.7012728746463756,1.6010361029788225,1.5632595549471189,3.0658341871538286,2.696871461192537
1.0,0.7,0.2,0.9,0.0,0.9,1.0,0.9,0.9,-0.11538782087129329,0.8251406620936835,0.8597508818564322,3.0243262239061353,2.8049060207044447
0.7,1.0,0.7,0.6,1.0,0.7,0.0,0.6,0.0,-0.00827441673377008,0.8984517419625535,0.7608218569069088,2.4716436658865844,2.226167943343274
0.2,0.6,0.8,0.8,0.6,0.3,0.2,0.3,0.1,-1.0671345543277346,1.8217935463829715,2.007110833509093,-0.09586772456585124,-0.3196870727942839
1.0,0.4,0.0,0.8,0.2,0.6,0.7,1.0,0.7,2.3817481368434876,-1.484144816228381,-1.5385317165046137,3.6571684578209664,3.4824297581068633
0.8,0.0,0.2,0.1,0.6,0.3,1.0,0.6,0.7,0.696713283115106,0.5050325063976834,0.10956463974538663,1.5802664967521525,1.2653959786939382
0.9,0.4,0.0,0.8,0.2,1.0,0.3,0.2,0.8,1.0162142959215676,0.08741339570894203,-0.0026206777492658456,2.5298203597357363,2.495028996391485
0.0,0.6,0.6,0.9,0.5,0.9,0.7,0.3,0.6,-0.8118580802748159,1.9109931672620852,1.8200676031598007,1.5651511051587172,1.506676522507125
0.8,0.5,0.2,0.8,0.9,0.1,1.0,0.4,0.0,-0.22477101640093003,1.2431139876198423,1.0277673473327906,0.7898797270785739,0.7501986088762357
0.9,0.4,0.7,0.0,0.9,0.1,0.4,0.0,0.0,-0.6426805032503969,1.6464071021985598,1.469025584949887,-0.26284284884212816,-0.3082301813282714
0.9,0.0,0.3,0.8,0.6,0.2,0.0,0.9,0.6,0.4670598325805617,0.43286943501354125,0.5119017639294784,2.2441634015059755,2.1387221183249596
0.5,0.6,0.9,0.1,0.4,0.4,0.2,0.9,1.0,1.0096340249449915,-0.10655579979010202,-0.021256341493542316,0.9217522283526395,0.6379006340174093
0.2,0.4,0.9,1.0,0.3,0.3,0.6,1.0,0.0,0.6775687355624049,0.36953426835399605,0.140166247571746,1.6415077648965095,1.2978932609819134
0.8,0.9,0.5,1.0,0.5,0.2,0.0,0.4,0.0,-0.4687774859437811,1.7096116839477977,1.540592558864289,2.095622798756139,1.9764949612961926
0.5,0.2,0.3,0.2,0.9,0.8,0.9,0.0,0.6,-0.8438339759330463,1.8022062614025263,1.8539708216772748,-0.0340046608348092,-0.06300605205800938
0.0,0.9,0.1,0.3,0.5,0.1,0.2,0.0,0.5,-0.7174058299606239,1.6652818638004738,1.5553782847016238,0.925468416382706,0.6729106985925457
0.6,0.9,0.1,0.2,0.6,0.6,0.7,0.0,0.5,-0.9411368165895416,1.865554518738883,1.6706474188383609,1.5054844904906317,1.3532411453052426
0.4,0.7,0.4,0.6,0.6,0.8,0.6,0.0,0.2,-0.7398571271872736,1.9253557074478544,1.8071228265507635,-0.15639133252491794,-0.26547688688364807
0.0,0.0,0.8,0.4,0.0,0.1,0.0,0.8,0.5,-0.946006715806787,1.8484621340858791,1.833097536411293,0.4736074553233312,0.30611133648043237
0.2,0.8,0.0,0.5,1.0,0.0,0.8,0.5,0.6,0.8524869767567415,-0.0438619976272551,0.005374021522763339,1.1367893732621381,1.0509986231740043
1.0,1.0,1.0,0.9,0.4,0.4,0.2,0.4,0.0,-0.44893834697327334,1.3674900637132854,1.3719328124616799,2.8744436479958275,2.6693617555510216
0.8,0.1,0.7,0.4,0.1,0.0,0.9,0.5,0.1,-0.6787492393728207,1.6728180397271568,1.3677339106960327,1.3060173930120784,1.1999087142699303
0.8,0.1,0.6,0.0,0.0,0.2,1.0,0.0,0.7,-0.11320873146251587,0.9786372559252093,0.8607058618959581,1.4011708119508237,1.2508297072918075
0.2,0.7,0.5,0.4,0.0,0.7,0.9,0.8,0.1,-1.6558221719760609,2.491282222609682,2.1816688780730167,0.217608222226358,-0.33650343752260825
0.3,0.2,0.2,0.5,0.7,0.1,0.5,0.3,0.9,-0.2224168061333749,0.928664985852817,0.999863437573186,2.1170720473246143,2.1115081500952106
0.5,0.6,0.3,0.6,0.7,0.5,0.6,1.0,0.9,1.2746157545636838,-0.2561150879147654,-0.48237289823263524,2.4108068466708974,2.1839891159170253
0.9,0.5,0.7,0.5,0.3,1.0,1.0,1.0,0.3,0.9493537810970413,-0.058472392428008835,0.0015356956886830066,2.2956460361208193,2.242707045194822
0.4,0.0,0.1,0.3,0.9,0.3,0.3,0.8,1.0,0.05907747688888561,0.8278903396354463,0.6620053135671903,0.3538762770556999,0.08885074533838122
0.8,0.3,0.8,0.9,0.4,0.0,1.0,0.6,0.8,-0.19446100526944082,1.1598012731616418,1.1243514226596711,5.242760987139332,5.083777771801117
0.6,0.3,0.8,0.2,0.8,0.8,0.8,0.2,0.5,-1.689769887949319,2.625737154093908,2.6728077786019995,0.7631591216731399,0.38458388267639915
1.0,0.6,0.5,0.8,0.5,0.8,0.2,0.0,0.2,-0.7345980960790879,1.6762883299722346,1.5984038713864401,0.47112145793317506,0.19657984096273673
1.0,0.0,0.2,0.9,0.0,0.8,0.9,0.0,0.4,-0.44907034438844906,1.5503900323241784,1.4659706805215849,0.8678056557583428,0.6705560773197188
0.4,0.3,0.5,0.2,1.0,0.4,0.0,0.5,0.9,0.5472290921324667,0.45737026196114006,0.3493796166194929,-0.03752249953765155,-0.17078412057535244
0.5,0.7,0.7,0.1,0.2,0.8,0.7,0.8,0.1,-0.988059332141977,2.175496047090692,1.8794980840567799,0.07116728532538888,0.026453152830642424
0.3,0.2,0.8,0.7,0.1,1.0,0.9,0.6,1.0,0.22182928001047753,0.8579334513562806,0.8727349074167294,4.706541110969429,4.562441335113397
0.0,0.8,0.4,0.6,0.6,0.1,1.0,1.0,1.0,0.5726037249785313,0.09196042488714518,0.10899294473104183,4.3858971611792334,4.3394463057764385
0.3,0.0,0.7,0.1,0.7,0.1,0.5,0.5,0.6,0.47291133017138676,0.3627860230097735,0.2703283650158777,1.0995556952087349,0.8634217464715073
0.7,0.9,0.7,0.8,0.9,0.4,0.5,0.8,0.6,-1.4110300638405058,2.345992734521441,2.3816449466351597,3.600962763507939,3.386567760153969
0.8,0.5,0.8,0.8,0.4,0.5,0.2,0.1,1.0,0.2526275744233108,0.7027853070317179,0.6679373407096176,3.243845555544851,3.013902999198154
0.1,0.7,0.9,0.7,0.0,0.6,0.3,0.2,1.0,0.5093509202262232,0.4205304645311989,0.41677852163487095,2.285067391689893,2.036874260982677
0.1,0.1,0.0,0.7,0.9,0.7,0.9,0.0,0.3,-0.22166789668517786,1.1863025683583506,1.3125281060324627,0.5552099520813963,0.39891176974147274
0.9,0.6,0.4,0.8,0.1,1.0,0.4,0.5,0.4,0.8503718742758775,0.27013827931698153,0.1344969979835639,1.3221202369497884,0.8382659791607728
1.0,0.2,1.0,1.0,0.6,0.3,0.9,0.2,0.2,-1.128109951956497,1.856752257335339,1.8445805356387566,3.2295451538748186,2.889316990042502
0.3,0.0,0.0,0.6,0.4,0.3,0.0,0.0,0.8,1.2829805862513186,-0.27399021412962943,-0.5082740790270348,0.24292180706720545,0.06156286401755606
0.8,0.9,0.2,0.4,1.0,0.4,0.9,1.0,0.8,0.5074362678428506,0.6306695083805542,0.47248586854302344,2.510764108768005,2.3433265682674778
0.5,0.8,0.2,0.6,0.6,0.0,1.0,1.0,0.1,0.20842624452402808,0.7456004791803337,0.6727287377765567,2.267537371220939,2.1878896643604047
0.5,0.3,0.3,0.4,1.0,0.1,0.2,0.4,0.8,1.0314236479404695,-0.003358402794016802,0.05199588192808252,0.40523215632233467,0.3069428586146472
0.1,0.3,0.0,0.7,0.8,0.2,0.1,0.6,0.8,1.265990299708565,-0.09984845125120709,-0.38095765940797804,2.197202249832924,2.107941900069188
0.2,1.0,0.8,0.1,0.7,0.9,1.0,0.4,0.9,-1.7032773203875478,2.7615397913929294,2.8285643009534756,3.006992849335284,2.8741512414188106
0.4,1.0,0.2,0.4,0.7,0.3,0.4,0.7,0.0,-0.7062988914300908,1.6183463808651313,1.5475273149221052,1.4762963382530168,1.298553925073144
0.4,0.4,0.8,1.0,0.7,0.8,0.5,1.0,0.6,-0.11980743068619334,1.0964576776525328,1.201360899578912,2.560147928531093,2.1733509508038185
0.2,0.8,0.8,0.8,0.0,0.0,0.1,0.0,0.5,-1.0102457921510863,2.282166711331514,2.210831178746421,1.2373986320997044,0.9263463322575857
0.8,0.3,0.0,0.4,0.2,0.1,0.9,0.8,0.9,-0.37538881937241825,1.3812476567925092,1.218454190029173,3.3980018577875652,3.3620745442246944
0.4,1.0,0.1,0.6,0.1,0.2,0.3,0.0,0.4,1.2890016238911717,-0.3353042993590793,-0.30010309378315647,1.4433989877634184,1.5194709505416104
0.5,1.0,0.3,0.8,0.7,0.8,0.9,1.0,0.8,0.056293545275743345,0.8294728050215847,0.7684103190249405,4.273839662282323,4.164741255603495
1.0,0.2,0.5,0.3,0.7,0.6,0.3,0.5,0.5,0.01245396301380984,1.232911501667774,0.8954172132799663,1.6406104438785376,1.5757764595727595
0.4,0.3,0.2,0.1,0.9,0.6,1.0,0.0,0.0,0.05376508305388193,1.1166112962808319,0.9637188389992023,-0.2379846779762621,-0.3423362215042556
0.6,0.3,0.9,0.8,0.3,0.3,1.0,0.7,0.9,-0.2583449609122742,1.2442148642948871,1.3079373132670593,4.616348382140708,4.523522618308799
0.4,0.8,0.6,0.6,0.7,0.2,0.5,0.4,1.0,0.5925532454026371,0.4140296214579698,0.3624155516627963,2.906938132906594,3.029502650777335
1.0,0.0,0.5,0.9,0.6,0.6,0.8,1.0,0.5,0.46044493390745445,0.4314030274079543,0.41328045063665053,3.77979639298619,3.5232181859749523
0.2,0.3,0.7,0.9,0.3,0.5,1.0,0.1,0.1,-0.6063281899719333,1.6150554216615969,1.3448605956632915,3.000716679270611,2.7330144127666487
0.0,0.4,0.9,1.0,1.0,0.3,0.3,0.4,1.0,0.2167076886969103,0.41281413614529633,0.3878955526473924,1.5358702308352792,1.3785793563811877
0.3,0.9,0.5,0.8,0.1,1.0,0.9,0.3,0.0,-1.0271862018638152,2.1827374874010985,1.9129454274522741,2.4563936975966367,2.3067800269081014
0.6,0.4,0.7,0.6,0.5,0.6,0.0,0.7,0.7,0.3748739866315275,0.4951704842665085,0.5683760644006389,3.339941998121303,2.936499487475119
0.1,0.0,1.0,0.2,0.6,0.6,0.7,0.4,0.3,-0.6083329688064926,1.8141010581296437,1.4789431642381765,0.31991617901334146,0.05994809678040648
0.3,0.5,0.1,0.0,0.1,0.2,0.5,1.0,0.4,2.2314959255491877,-1.1664313238095223,-1.2661625601548732,-0.8195242533292735,-1.0082267428539657
0.9,0.2,0.9,0.6,0.4,0.1,0.0,0.7,0.8,-0.2227915782047441,1.2341072952246945,1.1850615610073236,4.573787776036247,4.33248822115847
0.2,0.8,0.5,0.3,0.2,0.2,0.6,0.8,0.1,-1.0975561951560089,1.654737527146579,1.913544891167309,0.8342395374908912,0.6803371510298343
0.4,0.1,1.0,0.3,0.7,0.3,0.0,0.7,0.3,-1.1442733034685932,1.991152566029568,2.208942801837246,0.602034372431806,0.0812152856397831
0.0,0.8,0.3,0.7,0.4,0.1,0.6,0.4,1.0,0.46048778872944424,0.28156523491283536,0.32826724040275834,3.213701077131273,3.034511314304562
0.3,0.6,0.6,0.4,0.2,0.7,0.3,0.1,1.0,1.099079276152582,-0.22426756074264664,-0.20489423524990302,0.7262618903078585,0.45050757932257923
0.0,0.6,0.1,0.5,0.4,0.6,0.3,0.1,0.7,2.152222563348479,-1.2798225276105433,-1.1299077205813841,0.45671930769344427,0.38217882194340724
0.7,0.8,0.0,0.0,0.2,0.6,0.1,0.9,0.9,1.0699356001061977,-0.30401326697376646,-0.2272880907286568,1.5765895663730265,1.4617280453260935
0.5,0.1,0.7,0.3,0.9,0.3,0.2,0.4,0.5,-0.3500241330699555,1.4406612479500642,1.2241747770884421,-0.8054797716317508,-1.0771748314313818
0.4,0.6,0.8,0.0,0.9,0.6,0.7,0.9,1.0,1.0397278056642825,0.08862946790775472,0.06278484197923016,1.605505304795224,1.435396160028189
0.6,0.5,0.4,0.7,0.3,0.6,0.3,0.7,0.8,1.0701230950248712,-0.09055009199797004,-0.08787106861139664,2.9232773002083805,2.698785562857045
0.4,0.8,0.2,0.6,0.6,0.5,0.7,0.8,0.2,-0.9246730016170046,1.8900874313090068,1.6961806507574178,2.2782556200578257,2.1673230992237773
0.2,0.0,0.8,0.1,1.0,1.0,0.9,1.0,1.0,0.5461578234983385,0.7632911739669747,0.46434902672392664,2.0585956815332196,1.987525265667601
0.7,0.5,0.7,0.5,0.6,0.2,1.0,0.7,0.7,0.05587218310342764,0.8901093535045519,0.5684373250230532,3.334606545851257,3.210356524990507
0.4,0.3,1.0,0.3,0.5,0.5,0.6,0.1,0.2,-0.8872967699084464,1.7955238261585569,1.760098652702392,1.1793229653523467,1.0328736148116047
0.0,0.2,0.5,0.2,0.0,0.3,0.8,1.0,0.3,0.4648898210050329,0.5194057368506122,0.36668830866288904,-0.06348548247814945,-0.27820834820613305
0.9,0.1,0.0,0.6,0.4,0.6,0.4,0.1,0.3,1.1122257581659736,-0.021118067937445528,-0.2020167137580639,1.7468007768107636,1.6976442444164757
0.9,0.6,1.0,0.2,0.8,0.8,0.2,0.9,0.3,-0.7341488312150276,1.8337623476618046,1.7060004133152271,-0.6122029335702742,-0.7828223752003418
0.2,1.0,0.1,1.0,0.1,0.5,0.6,0.1,0.7,0.6046529130308836,0.40064634172398295,0.29635469385067975,3.510276570075869,3.353927678024319
0.9,0.9,0.6,0.2,0.2,0.6,0.8,0.5,0.6,0.48852722203361043,0.3635340300287442,0.21387160254714294,3.0196357926446336,2.84553004961662
0.9,0.5,0.2,0.9,0.8,0.5,0.8,0.8,0.0,-1.274685427618795,2.087296640490438,2.089206682506194,1.7848153014474475,1.5685544801130162
0.0,0.4,0.4,0.9,0.5,0.2,0.7,0.6,0.1,0.5832894182691597,0.3861435281754877,0.466463059877653,2.1609097841837706,1.898353579750938
0.7,0.9,0.2,0.0,0.9,0.6,0.7,0.3,0.3,-0.44072912124879027,1.4852324762376485,1.0546243183237831,0.5038015466811099,0.29825631470104136
0.6,0.1,0.1,0.5,0.1,0.1,0.3,0.6,0.5,1.4832070307738106,-0.5515389656619759,-0.7000647956894068,1.4915609598060202,1.4535396002662124
1.0,0.2,0.1,0.3,0.2,0.1,0.9,0.9,0.9,0.5865694962752909,0.37081698239529154,0.24422621718853368,3.3337392369458607,3.2270935695985057
0.0,0.9,0.9,0.0,0.5,0.4,0.3,0.8,0.9,-1.4310720656904217,2.189257059695901,2.086952577581334,2.867263956706875,2.716767300389868
0.2,0.0,0.4,0.8,1.0,0.3,0.9,0.7,0.5,-0.3588925592700708,1.6753430028688936,1.4253782522532952,1.527952087159334,1.1878381339272903
0.1,0.3,1.0,0.0,0.4,0.1,0.3,0.4,0.8,0.10458846587133527,0.754130325096924,0.7893172015820756,1.7482553123264903,1.24304766067366
0.8,0.9,0.9,0.5,1.0,0.0,0.3,0.5,0.8,0.6908501274864324,0.2427282611612252,0.24259503688594558,2.9472123773934262,2.7937663761644265
0.0,1.0,0.5,0.5,0.8,0.2,0.0,0.7,0.9,-0.21356368044745383,1.0633826929827015,1.1382293499628267,3.437415190439728,3.2575415338341918
0.7,0.0,0.3,0.1,0.0,0.8,0.0,1.0,0.6,0.4881120657640432,0.36644759153930184,0.3482499873939048,-1.233205591038299,-1.4223419881114054
0.2,0.1,0.3,0.4,0.5,0.1,0.6,1.0,0.9,0.5939871933891266,0.21991606387252355,0.3565004490474787,2.6895336844937114,2.592435851760661
0.1,0.3,0.8,0.2,1.0,0.6,0.0,0.4,0.4,-0.4244209629650183,1.558668763601422,1.333038200772857,-0.6798321910985906,-0.6789371833229219
0.0,0.3,0.3,0.6,0.7,0.6,0.7,0.1,1.0,0.5515822307186163,0.5231681405794435,0.39882299375742386,3.2333772533743264,2.931339408205652
0.6,0.8,0.2,0.5,0.0,0.2,0.5,0.9,0.9,1.5246747263261562,-0.3131609529445907,-0.5183259190302724,2.0460426465145716,1.8494977293835255
0.9,0.3,0.0,0.5,0.2,0.3,1.0,0.3,0.9,0.6906868838231489,0.23595289687889504,0.2754640928114837,2.066601094610125,1.8452458464527595
0.0,0.6,1.0,0.6,0.1,0.6,0.5,0.6,0.2,1.102599161683422,-0.3171755396196153,-0.2400389774780335,1.3540802261156304,1.0827150002115988
0.0,0.1,0.8,1.0,0.0,0.4,0.8,0.2,0.7,-0.20072824395635885,1.27351930620087,1.0087066518234273,2.1358270702641216,2.151121666384629
0.8,0.0,0.6,1.0,0.4,0.0,0.5,0.7,0.1,-1.5146576329983328,2.677562353300078,2.5366931313559613,2.5151101956647226,2.2702646287294925
0.2,0.0,1.0,0.8,0.9,0.5,0.6,0.6,0.3,-0.04171026032030303,0.9376422973211609,0.7869104562491804,1.9563280818683149,1.7180964422081693
0.2,1.0,0.4,0.1,0.8,0.6,0.2,0.9,0.5,0.05810655787841004,1.0596436794640203,0.9267177064050577,1.6106617167936708,1.3652929046998
1.0,0.1,0.6,0.9,0.6,0.0,0.3,0.9,0.7,0.5587291438056833,0.6080562059789256,0.6169139084724196,4.026165370291365,3.8075939628695794
0.9,0.0,0.6,0.8,0.2,1.0,0.9,1.0,0.8,0.8419508014975675,0.11198909300869944,0.044857192608270556,4.385212849908108,4.111436446698624
1.0,1.0,0.1,0.3,0.4,0.4,0.1,0.1,0.5,-0.12955319385521574,1.3696673407332862,0.9341345273573046,1.4000869769122533,1.138119325101484
0.9,0.6,0.8,0.1,1.0,0.9,0.0,0.0,0.0,-1.284122450277369,2.0233603286893835,2.0482487251428663,-1.7411539391470672,-1.8817098183250842
0.2,0.8,0.1,0.0,0.8,0.1,0.6,0.0,0.8,-0.09480210494994477,1.1031760027406068,1.033949750777524,0.9394172114520933,0.49924762513008386
0.8,0.0,0.8,0.9,0.3,0.3,0.0,1.0,0.7,1.4012874326423677,-0.5609733794876212,-0.6950606246694744,2.383588254124092,1.9815894079566603
0.4,0.2,0.1,0.6,1.0,0.9,0.2,0.3,0.4,-0.20057986191471855,1.206476432685493,1.1487355811680349,-0.0856318541784785,-0.1782002079880304
0.9,0.9,0.7,0.2,0.0,0.1,0.6,0.8,0.7,-0.7706186756246122,1.9060121764875766,1.6231792563178313,3.2266350977412186,3.0411540472489262
0.9,0.7,0.1,0.3,0.2,0.7,0.2,0.8,0.7,0.216049757886274,0.5661043098735198,0.4487231362584546,0.7140089161512557,0.6066372139749534
0.6,0.3,0.5,0.0,1.0,0.4,0.5,0.9,0.6,0.292906469032623,0.6442553679703479,0.5345321487030718,0.4435106044810041,0.19931755173302923
0.5,0.1,0.6,1.0,0.5,0.0,1.0,1.0,0.8,0.30990426639445945,0.7206147325532046,0.41386498799993693,4.599294628495346,4.394300953672968
0.8,0.3,0.7,0.5,0.2,0.9,1.0,0.5,0.0,-0.186628825963233,1.2473447362215193,1.1695000376952422,2.1698630988664105,1.6777152967436606
0.4,0.9,0.6,0.2,0.6,0.1,0.4,0.7,0.3,-0.9394085965751171,1.8409811538402188,1.7470237407782883,2.709994163154406,2.4645593612562164
0.7,0.0,0.5,0.2,0.8,0.9,0.5,0.0,0.6,-1.3577116877186919,2.3727005627169846,2.3017271141575337,-0.23871151411261393,-0.3915437650954483
0.0,0.1,0.3,0.4,0.6,0.0,0.7,0.4,0.3,-0.6386863635376646,1.6274981630883558,1.611422099913479,0.03815900581187873,-0.1432416211469219
0.3,0.3,0.2,0.1,0.3,0.8,0.1,0.9,0.8,0.8498461125730294,0.16046210133351696,0.16441307000240657,0.29842446274205575,0.2766044639273243
0.8,0.4,0.6,1.0,0.3,0.6,0.9,0.5,1.0,0.9337673155880015,0.17994083729668242,-0.21005628318928782,4.6508754606235785,4.32803219517928
0.8,0.9,0.0,0.7,0.6,0.4,0.8,0.4,0.5,-1.272528872113035,2.1465895183456314,2.13133025460061,2.643769888413712,2.5006658589759883
0.5,0.6,0.7,0.3,0.8,1.0,0.9,0.1,0.1,-1.4447962227537139,2.1868710634876756,2.004309256432233,-0.1432024016604728,-0.22387410597771915
0.8,0.1,0.9,0.4,0.8,0.9,0.3,0.1,0.6,-1.1913136423620077,2.1779842213263363,2.132339786015194,1.1989615656524089,0.8087267674408977
0.4,0.9,0.9,0.5,0.0,0.7,1.0,0.6,0.6,0.591634485811894,0.21748865241725512,0.2159397844885551,3.3964583285920313,3.0984904065579606
0.7,0.2,0.1,0.1,0.5,0.9,0.2,0.1,0.9,-0.3593639781054894,1.4204943772452958,1.486133129217931,1.2144393641541833,0.9247075186652596
0.1,0.4,0.0,0.3,0.9,0.6,0.5,0.5,0.4,0.8410485966973152,0.3299033157424196,0.046841812304751845,-0.6440495730601453,-0.762995517972054
0.7,0.5,0.1,0.2,0.2,0.1,0.1,1.0,0.1,1.183564235098433,0.02417622116992446,-0.18090930925105603,-0.7793150478430564,-1.0494408458741113
0.9,1.0,0.4,0.8,0.9,0.2,0.5,0.7,0.1,-0.9263414391090844,1.82740272181182,1.8449522454235643,3.576780398713922,3.4972794698717955
0.1,0.7,0.0,0.1,0.6,0.8,0.6,1.0,0.7,0.7517414614209575,0.41293135168545947,0.34718191331086934,0.2796980454154929,-0.0898326500796631
0.7,0.2,0.5,0.4,0.2,0.1,0.9,0.6,1.0,0.8719760950382596,0.49023645767770774,0.3527639640523053,4.176513999805001,3.9086581865688235
0.3,0.4,0.5,0.6,0.3,0.7,0.8,0.4,0.1,0.1458790415934634,0.7757790682956405,0.7554037631715222,0.5328941011408086,0.33199639984828894
0.9,0.4,0.7,0.3,0.2,0.7,0.4,0.4,0.8,0.2340352639544078,0.7553978336060057,0.5575477147681711,0.9009208308925903,0.88012923441747
0.0,0.7,0.7,0.8,0.5,0.0,0.0,0.9,0.8,0.11030457215297453,0.8596601686300229,0.7148393926391552,2.507007163674748,2.3313623866954303
0.7,0.8,0.2,0.4,0.6,0.0,0.7,0.8,0.5,-1.9151974538469352,2.852295473703876,2.5676720818538956,2.0811111458083893,1.8356133070740952
0.4,0.3,0.9,0.5,0.8,0.3,0.7,1.0,0.6,0.906011208188995,-0.05302736116341246,-0.05328586405567825,1.760480049570166,1.940186127956096
0.3,0.9,0.1,0.5,0.2,0.6,0.8,0.1,0.9,1.1542056728023082,-0.2793871725952531,-0.2901449012225871,3.2390781488656604,3.2622646199282035
0.9,0.9,0.5,0.7,1.0,0.6,0.4,0.3,0.8,0.1410748637234462,0.7324428908948878,0.7282127046016297,3.5242717844404017,3.107108639401319
0.7,1.0,1.0,0.9,0.9,0.4,0.7,0.7,0.4,-1.6660145098580332,2.7708729900189426,2.522752801661055,3.971471830709898,3.8746505563154425
0.6,0.2,0.7,0.9,1.0,0.3,0.0,0.7,0.5,-0.6146875762804369,1.8285568130798437,1.4627184798743964,2.0483231169875564,1.8216528696215102
0.7,0.0,0.3,1.0,0.1,0.0,0.8,0.2,0.4,-0.19428229204105688,0.9713790133055483,0.8558618612177813,1.1007918307621667,1.0559054641756553
1.0,0.3,0.5,0.9,0.3,0.4,0.3,0.3,0.7,0.552784029483192,0.42601738574276427,0.20468456061161233,2.623948783032896,2.5241490435719713
0.6,1.0,0.4,0.8,0.8,0.1,0.1,0.5,0.0,0.24871382015494442,0.6951551708830495,0.6570703721021135,2.718638974790364,2.491537400431237
0.9,0.4,0.6,0.3,0.2,0.3,0.0,0.5,0.0,0.5174092709166992,0.4253499601774125,0.4586339985653626,-0.6622056923608118,-1.0204903489067603
0.2,0.2,0.8,0.8,0.0,0.8,0.7,0.1,0.6,-1.0004074843174982,1.7496162506868491,1.8381505698326965,1.8975074716004516,1.7686544827798618
0.6,0.2,0.2,0.1,0.3,0.9,0.5,0.5,0.2,0.4245353644561094,0.6579723487692071,0.626229650837803,-0.02244011116220377,-0.2562550081639418
0.1,0.6,0.2,0.9,0.5,0.1,0.4,0.3,0.3,0.3464215101837721,0.7956522041291553,0.66753100320654,0.5513061590815835,0.32201055225244096
0.1,0.5,0.4,0.3,0.9,0.3,0.7,0.8,0.4,-1.0800757895255215,2.0738988926956106,1.8654679327673953,-0.711842145207959,-0.972894312287831
0.3,0.2,0.9,0.9,0.4,0.9,0.5,0.3,0.4,-1.0244011195259004,2.0746870591168696,2.247400869853873,1.9941235098775683,1.7514444569479948
0.4,0.9,0.1,0.3,0.1,0.8,0.2,0.8,1.0,-0.5795768092362245,1.5406316857162061,1.5281717187170754,1.7469100701891178,1.4431109804304234
0.1,1.0,0.6,0.9,0.1,0.1,0.1,0.4,0.9,0.1956742369954396,0.8463242811719907,0.833531779145253,3.671242659360374,3.58453831456348
0.4,0.7,0.0,0.1,0.7,0.7,0.6,0.2,0.9,0.5741157785645474,0.5998458124276282,0.39193927659795946,0.27556227613360657,0.08531096084445092
0.2,1.0,0.2,0.7,0.1,1.0,0.6,0.7,0.6,-0.5692709839922669,1.5487947566360967,1.4056196360561948,4.060910267511281,3.9468216779575562
0.2,0.1,0.8,0.3,0.0,0.8,0.9,0.7,0.9,-2.1255658705221037,3.1272601509757383,3.0775656203557396,1.983484705409275,1.831649106964042
0.2,0.3,0.1,0.9,1.0,0.3,0.5,0.4,0.3,0.44228204185823633,0.5096448531682433,0.4062392354071427,-0.11964873949430302,-0.30999881378674443
0.2,0.6,0.0,0.9,0.8,0.0,0.8,1.0,0.4,0.5312557554344196,0.35783623517131913,0.40895464255316055,0.9998630675377738,0.7429351979148396
0.3,0.6,0.8,0.4,0.2,0.4,0.5,0.7,0.2,-0.4498875063495682,1.4828402231226707,1.5239511465804334,0.16045869125087453,-0.11459512275568712
0.3,0.1,0.9,0.6,1.0,0.1,0.6,0.5,0.0,0.8714789203131148,0.36991007384853214,0.12209949155968766,1.6192169283208662,1.4610055297897102
0.7,0.7,0.5,1.0,0.9,0.1,0.0,0.3,0.9,-0.49718675534607115,1.6615473151983726,1.4656063044766674,2.009453035220213,1.595895304390686
0.8,0.3,0.2,0.1,0.1,0.8,0.6,0.1,0.0,-0.5127323303205908,1.612540119995204,1.3611259952321253,-0.7673025819800251,-0.8476728082162438
0.0,0.3,0.8,0.6,0.2,0.8,0.1,0.8,0.2,-0.8668579753575186,1.9166681177066727,1.7943262042603836,0.9712719915193525,0.9104835373249693
0.9,0.7,0.8,0.9,0.0,0.1,0.1,0.1,0.2,0.136484027527418,1.1060041182076141,1.0635042070628298,1.3422861384436644,1.052159362301444
0.8,0.7,0.6,0.1,0.8,0.1,0.7,0.4,0.8,-0.3036274619140859,1.3061968482140554,1.2884623763926277,1.2413522588479322,1.1424734137813295
0.8,0.4,0.0,0.7,0.9,0.2,0.0,0.6,1.0,1.2452933694857506,-0.2144916765077823,-0.4028736680216708,2.4922078472923768,2.2828013949791646
0.8,0.5,0.7,0.9,0.3,0.5,1.0,0.0,0.3,-0.3024634560988417,1.2831608051071541,1.0732064150996508,2.3692524591689237,1.8878323842597315
0.0,0.8,0.4,0.8,0.3,0.0,0.9,0.6,0.3,0.3795809393426869,0.7045356032047386,0.37566031182710796,2.698397623852794,2.388181764638242
1.0,0.3,0.0,0.6,0.5,0.2,0.5,0.1,0.1,0.6436537050498734,0.36728657018598343,0.21613399616345236,2.0062208574901725,1.5091094062030093
0.8,0.9,0.4,0.0,0.9,0.8,0.4,0.7,0.5,-1.7561727374722682,2.744777473141562,2.5651415927231977,1.1743037362332756,0.927218008396277
0.7,0.4,0.3,0.1,0.9,1.0,0.1,0.8,0.0,-1.3144274089727759,2.2805342103667434,2.0263013861108963,-0.5892396744931483,-0.8481178606089248
0.6,0.5,0.6,0.0,1.0,0.4,0.6,0.4,0.1,-0.5197716085257267,1.3008461221834866,1.3535905171727483,-1.8663855252953896,-1.9565725096295536
0.0,0.9,0.4,0.3,0.9,0.8,0.3,0.7,0.7,-1.0190249621547545,2.12836545246135,1.8168839366449745,1.2659828046657575,0.9484744213042214
0.3,0.2,0.4,0.7,0.7,0.9,0.6,0.9,0.7,-0.3173380504636061,1.4570231000190335,1.3612346130447097,2.8987236141067836,2.4529153018071805
0.9,0.1,1.0,0.0,1.0,0.1,0.9,0.8,0.9,-1.1482906644356787,2.084714199337842,1.8481182307271224,3.5345099541158387,3.1046040817406566
0.8,0.1,0.7,0.4,0.1,0.8,0.0,0.2,0.6,-0.6153276363879996,1.7416807740985454,1.653855926275557,0.34179834675501874,0.028212066664752705
0.4,0.5,0.6,1.0,0.0,0.6,0.9,0.4,0.7,0.8327846347048651,0.1888080197705705,-0.05984562375454089,2.042098173996619,1.8237021512611413
0.1,0.8,0.5,0.8,0.5,0.5,0.0,0.7,0.8,-0.6437961634534841,1.8560121664321918,1.5444289799927633,3.6157549048816513,3.470932885714073
0.5,0.0,0.7,0.8,0.6,1.0,0.0,0.0,0.9,-0.8112639494335564,1.6607888589750963,1.51941739161907,2.548436596124841,2.4850939618764705
0.4,0.5,0.4,0.1,0.3,0.4,0.6,0.9,0.9,1.1603439915566798,-0.0002479093391620224,-0.2457268383535341,0.6018615624659794,0.4714680978556945
0.0,0.4,0.1,0.1,0.1,0.9,0.6,1.0,0.6,0.878854983959398,0.13860412772628075,0.02344078732646178,-0.19389317482751772,-0.26530642663676113
0.1,0.3,0.3,0.6,0.4,0.4,0.1,0.4,0.3,0.17553754487550793,0.8206163872533335,0.8100011057620868,-0.2248469435675705,-0.45434051335062275
0.5,0.4,0.0,0.1,0.1,0.1,0.7,0.8,0.2,0.2922269469833553,0.532415899390019,0.707505063553026,0.23395098405031,0.012966485817533228
0.5,0.2,0.3,1.0,0.0,0.7,0.3,0.9,0.4,0.5773669625827186,0.3777441156947581,0.4120535778198275,1.2071362675894686,0.9955874736575127
0.1,0.6,0.4,0.6,0.1,0.8,0.1,0.0,0.2,-0.29799976977649867,1.138555228356046,1.133554753600249,-1.417892073596986,-1.7353679758177676
1.0,0.1,0.8,0.5,0.9,0.5,0.8,0.8,0.1,-1.1830605952103312,2.111281697189087,2.325149728674557,2.5351294545813485,2.4711411365774745
0.5,0.0,0.5,0.0,0.3,0.6,0.5,0.0,0.5,0.5247676526294555,0.39699478008030503,0.1531410970830045,0.06191263777257025,0.05579213013672785
0.4,0.2,0.8,1.0,0.5,0.3,1.0,1.0,0.9,0.6014250431391298,0.6214703130786313,0.5549234636363933,4.691826641983691,4.146847424682881
0.7,0.0,0.0,0.2,0.5,0.3,0.3,0.2,0.1,-0.10528151274916621,0.9423162595127634,0.9476722442039539,-1.4000927390711804,-1.3806588804861955
0.2,0.2,0.3,0.2,0.4,0.5,0.3,0.1,0.2,-0.2838309773180782,1.3287118577332613,1.1541651363947985,-0.07683589281725309,-0.20997119745117843
0.3,1.0,0.8,0.9,0.3,0.1,1.0,0.7,0.1,-0.98471298180873,1.9386206983735632,1.8696506689106094,5.090273384062266,4.824063541967051
0.0,0.1,0.8,0.2,0.0,0.6,0.4,0.9,1.0,0.27441088737955965,0.6086833546780827,0.4284930452350889,1.931728686376733,1.7106112954365063
0.1,0.7,0.3,0.1,0.3,1.0,0.9,0.3,0.2,-0.6571547619673923,1.5694060641863286,1.313794710660731,-0.5477802890213569,-0.808014129706451
0.7,1.0,0.3,0.1,0.3,0.8,0.3,1.0,0.6,0.634092379250767,0.4021616792474659,0.25669489457652156,1.5639109745237882,1.4484248622850833
0.4,0.7,0.5,0.7,0.2,1.0,0.2,0.1,0.3,0.6964147475017292,0.3036651187391135,0.07183226602267116,0.8905609123621533,0.6152739544790224
0.9,0.2,0.5,0.7,0.0,0.6,0.6,0.1,0.0,-0.2618546496550671,1.165036939919189,0.9096816045366,1.978659986603521,1.8005678473886566
0.9,0.6,0.5,0.7,0.6,0.6,0.7,0.1,0.7,0.4822052581283432,0.5504554092705957,0.4570208387859027,3.0216196241868656,2.88237275739977
0.7,1.0,0.3,0.9,0.8,0.7,0.9,0.7,0.1,-1.7432905616503385,2.637810730246989,2.5283506381774226,3.7626064709909115,3.3845325012806886
0.6,0.8,0.0,0.4,0.3,0.8,0.6,1.0,0.9,0.7739211393441361,0.07176852779244905,0.07133228371011073,1.7471771179632882,1.4913266395849234
0.9,0.9,0.6,0.4,0.4,0.7,0.0,0.2,0.7,-0.10587755491399181,0.7389792465486148,0.4872111241465039,2.231097933877505,2.006628911679132
0.4,0.3,0.0,0.3,1.0,0.0,0.5,0.9,1.0,0.5989132292129847,0.4039678107545366,0.24004936598313587,1.3913955339599908,0.9673114206646211
0.1,0.2,0.1,0.3,0.4,0.2,0.9,1.0,0.3,0.7325918910142266,-0.007017585882929306,0.007138165129833521,1.0605132778967568,0.7310426437476489
0.9,0.1,0.1,0.6,0.4,0.8,1.0,0.3,0.1,-1.0697675478509403,1.898907475984546,1.8917604856003685,1.0686853570987944,1.1601914238353812
0.0,0.1,0.7,0.0,0.8,0.4,0.9,1.0,0.7,0.19971507000347702,0.6228562308623707,0.6476623732518878,1.5851377269585183,1.1335306531497746
1.0,0.9,0.1,1.0,0.9,0.8,0.8,0.1,0.4,-0.6446984315148468,1.6524970369439733,1.5445610299215462,2.4629350630986626,2.152678835259184
0.1,0.1,1.0,0.5,0.0,0.4,0.8,0.7,0.4,-1.1538611459491603,2.2839749739864015,2.0525872431275225,1.7136455618690638,1.5054162549923837
0.9,0.5,0.0,0.2,0.2,0.1,1.0,0.9,0.1,0.4599785831992215,0.6663455558196033,0.403757358572024,0.6159730846875181,0.46214513034954324
1.0,0.8,0.3,0.9,0.3,0.6,0.9,0.8,0.4,0.06951461563943953,0.8932921879575672,0.861343154244539,4.166016149848898,3.7783687359124953
0.4,0.5,0.8,0.4,0.7,1.0,0.8,0.2,0.4,-0.7328047211026932,1.7232983982258971,1.6746142713135796,0.8859810528692411,0.6937815045545066
0.1,0.5,0.5,1.0,0.1,0.8,0.8,0.8,1.0,-1.0390547813470792,2.1065625904946543,1.9825467558816912,2.5307573634280303,2.446358511368042
0.0,1.0,0.0,0.5,0.3,0.9,0.5,0.4,0.1,-0.1891650546972664,1.481145475099356,1.2578704267580116,0.9043588562456597,0.6756430406976687
0.1,0.2,0.9,0.3,1.0,0.5,0.2,0.3,0.1,-1.8608973110511444,2.6754009569980157,2.425365900435152,-0.421481577896624,-0.6505818951876678
0.9,0.7,0.9,0.3,0.4,0.0,0.1,0.8,0.1,-2.0078282684512296,2.8642459905177544,2.6896534963940124,0.6461707825175748,0.5794052987052224
0.7,0.5,0.2,1.0,0.4,0.9,0.1,0.8,0.3,-0.9951025148301161,1.886894866951896,1.8490087771728878,0.9456692473605364,0.7585288760652178
0.1,0.1,0.0,0.2,0.1,0.0,1.0,0.9,0.6,0.3189155432830541,0.7076389867943709,0.6902989094780336,0.8887936317779584,0.7997037270396979
0.5,1.0,0.6,0.9,0.6,0.5,0.8,0.1,0.7,0.17372340074308817,0.9011087717371625,0.8697657209483696,5.370415005436777,4.999789147031234
0.6,0.3,0.6,0.4,0.6,0.6,1.0,0.7,0.0,-1.3734174338699723,2.3210365878858736,2.1646316807917327,2.7679096268669268,2.6256589004499755
0.3,0.2,0.3,0.7,0.3,0.3,0.3,0.7,1.0,0.4819925652094078,0.5144807297879141,0.5438267649507823,3.148110408482823,3.0084808758733903
0.3,0.8,0.6,0.6,0.2,1.0,0.3,0.4,0.6,0.41441442218750446,0.6569217809222552,0.6355026456085542,1.8499707008106672,1.8600799538857398
0.5,0.5,0.2,0.1,0.8,0.5,0.2,0.4,0.4,0.4983536989489041,0.5324609927636454,0.46280893001830054,-1.685860677046254,-2.0034577152338056
0.9,0.1,0.9,0.4,0.6,0.2,0.3,1.0,0.3,0.4895562119889788,0.48114717383710065,0.3835939149343007,1.8618731019734007,1.6858337196141902
0.9,0.4,0.9,0.7,0.5,0.2,0.0,0.0,0.3,-0.2083126676774834,1.1798896107237884,1.2627669955118004,1.6632549968352823,1.320675776550131
1.0,1.0,0.7,0.9,0.3,0.1,0.3,0.6,0.7,1.5311126596945055,-0.508493974359545,-0.5756594664912306,5.980971435595934,5.843820801598905
0.4,0.2,1.0,0.0,0.2,0.1,0.0,0.9,0.6,0.7240334281696511,-0.005947206332704735,-0.037637133951154984,1.4740566775462085,1.429437521298944
0.3,0.3,0.6,0.6,0.5,0.3,1.0,1.0,1.0,0.8816031133171189,-0.03081587143134315,-0.08229486929731607,4.01573327205675,3.8017525249511417
1.0,0.9,0.4,0.0,0.9,0.8,0.0,0.1,0.4,-0.5905144441669853,1.5872904588606527,1.485205323034893,-0.10080760695244732,-0.1766615983368555
0.9,0.0,0.9,1.0,0.4,0.4,0.2,0.8,0.2,-1.3580161163779876,2.243666741522644,2.0200838970373893,2.3248189582641285,1.7964547894241598
0.1,0.5,0.7,0.5,0.4,0.6,0.5,0.3,0.8,0.8699848002716519,0.07070432186886563,0.05126703331900148,1.6347218228313716,1.287605201632288
0.9,0.7,1.0,0.0,0.5,0.8,0.6,0.6,0.9,-0.3285738791656399,1.4840253439571534,1.615882887703003,2.33066054464754,1.9274600674329458
0.5,0.7,0.9,0.1,0.0,0.0,0.2,0.5,0.8,1.0907759386472928,-0.23246556515378683,-0.2664657114530453,0.10153865142701457,-0.12567186928246565
0.0,0.6,0.3,0.7,0.5,0.0,0.3,0.7,0.4,-0.4331950982770615,1.2865308706952823,1.3829811079091108,1.4077669367555181,1.0945509529489648
0.6,0.8,0.2,0.1,1.0,0.2,0.8,0.3,1.0,0.4300185011227676,0.35933287916769785,0.367809716058583,1.035626327720049,0.8350964401938911
0.6,0.1,0.7,0.9,0.3,0.0,0.5,0.9,0.8,0.6779700980986,0.25828254008704593,0.288647960745567,3.8951557493235827,3.6609394834093076
0.7,0.5,0.6,0.8,0.3,0.9,0.6,0.0,0.9,-0.7074742244623212,1.4957965969300695,1.6327609085290993,2.5551509930250105,2.335977311169227
0.5,0.1,1.0,0.9,0.3,0.0,0.3,0.2,0.1,0.053715859117857784,1.0908869515082416,1.0110919570265555,1.7227856926248168,1.6186920335674155
0.1,0.1,0.7,0.8,0.4,0.2,0.3,0.8,0.7,0.1372351820731887,0.8525705526925309,0.7527771225406547,3.387340626905622,3.0310205558927654
0.1,1.0,0.9,0.8,0.6,0.9,0.8,0.0,0.3,-2.2110799943114663,2.8411616262155666,2.890587486763984,3.390505902291569,3.307874872660688
0.1,0.1,0.1,0.2,0.2,0.4,0.2,0.9,1.0,0.7946754773232313,0.304274300764524,0.20541353614492378,1.0037183737660376,0.6293684946906176
1.0,1.0,0.9,0.9,0.7,0.4,0.0,0.7,0.7,-0.9235465563818056,2.05810115512682,1.8421429493238914,5.0066744692848015,4.764441387493955
0.4,0.1,1.0,0.6,0.8,0.0,0.4,0.5,0.8,0.944554548518798,0.02733107106552054,-0.03552837776059113,2.570100176662472,2.5735789542416794
0.6,0.0,0.0,0.7,0.1,0.9,0.0,0.5,0.8,1.245448839305515,-0.27634511762427355,-0.5028972313621876,0.8899707109472912,0.8646554087979348
0.1,0.4,0.1,0.8,0.0,0.2,1.0,0.8,0.4,-0.18679126905670684,1.1773952615795127,1.1044910724730848,1.5739042283159037,1.3550513112713696
0.0,1.0,0.9,0.9,0.7,0.7,0.3,0.6,0.1,-0.6145241475085973,1.7132040528756889,1.4276496236661975,3.3636283579425066,3.136878909330376
0.8,0.4,0.5,0.3,0.1,1.0,0.8,0.9,0.5,-0.9039086734564404,2.0813998175773833,1.8799383661232072,1.487951869099861,1.318421419142221
0.7,0.4,0.3,0.7,0.4,0.4,0.0,0.7,1.0,-0.4536472945870969,1.3420954076874436,1.4144514739634906,2.744117180458007,2.513296903057769
0.5,0.3,0.1,0.2,0.7,0.0,0.4,0.5,0.4,0.45166702370578393,0.5444086101587493,0.6862902239006178,0.044405041282692445,-0.2630169028017085
0.2,0.2,0.2,0.1,0.7,0.1,0.9,0.7,0.7,-0.5920205075300093,1.6321009245082887,1.4383542748606093,2.700797972767097,2.3447801189429147
0.3,0.1,0.7,0.9,0.7,0.9,0.7,1.0,0.8,-0.2047461423485969,1.1083504148511498,1.0869758117603785,3.728385565962529,3.471753364495157
1.0,0.3,0.9,0.0,0.9,0.7,1.0,0.5,0.5,-0.07180283812568602,1.0463750771137588,0.9042098632661062,1.5950700580082469,1.506937503634969
0.5,0.9,0.5,0.2,0.0,0.4,0.8,0.6,0.1,-0.6608846049647844,1.735379309259183,1.382736310097053,1.0142690165535306,0.7403510535276894
0.5,0.6,0.7,0.4,1.0,0.7,1.0,0.6,0.8,1.1331187897306583,-0.32529506452794354,-0.3390388014932298,1.5855766866171568,1.3829773066124285
0.0,0.3,0.6,0.8,0.5,0.4,1.0,0.8,0.9,-1.46673986925007,2.2394563185744607,2.535553717136481,4.384457578002833,4.17187887097428
1.0,0.9,0.9,0.5,0.0,0.1,0.2,0.9,0.7,0.984846765990345,-0.0675526912671871,-0.30195889947455024,3.58253598556154,3.4440747271682555
0.7,0.4,0.5,0.2,0.2,0.4,0.0,0.5,1.0,0.8866876894597152,0.42547590122960544,0.01633904538142647,0.6079718248937136,0.4391103321651024
0.8,0.5,0.1,0.8,0.8,0.4,0.0,0.5,0.7,0.9250692098108629,0.1669341207065645,0.05454044810625879,0.7095780150582054,0.529157846787196
0.1,0.6,0.8,0.8,0.7,0.5,0.8,0.1,0.6,-0.4370604031814513,1.4708961489666943,1.404033243699577,2.259454726280553,2.116930469293823
1.0,0.0,1.0,0.5,0.5,0.3,0.4,0.6,0.5,0.8862589611172326,0.23517921143829024,0.10753361720010374,2.2411851399777514,2.0177250269826636
0.3,0.8,0.7,0.7,1.0,0.8,0.8,0.6,0.7,0.21893223697859565,0.8800485018055574,0.8327424549886948,3.006726326431802,2.604851017155878
0.8,0.2,0.3,0.4,0.4,0.4,0.4,0.1,0.2,-0.5939873411012835,1.5769074926021542,1.398405662760856,0.3699687363980306,-0.12860496529945953
0.5,0.6,0.6,0.9,0.2,0.5,0.0,1.0,0.9,1.7012278911696443,-0.6893828505709005,-0.8924540691300208,2.2864917369453104,2.2259283460521946
0.1,0.1,0.1,0.8,0.3,0.3,0.2,0.3,0.3,0.4701549476432526,0.559054409400846,0.4489578971175896,-0.016096404474042703,-0.14753427270171304
0.0,0.8,0.9,1.0,0.4,1.0,0.8,0.0,0.3,-1.2413464880193992,2.0652640435490124,2.0147058598456535,2.8813345598744307,2.350802169903875
0.0,0.8,0.3,0.0,1.0,0.8,0.1,0.6,0.0,0.026433281251987198,1.0726264199116673,0.735765994855426,-1.3933345612677055,-1.54089449385223
0.6,0.5,0.2,0.3,0.5,0.3,0.7,1.0,0.6,0.9712926097636381,0.006445072953970794,-0.18373627591973513,0.059119535222247666,-0.21263242169672913
0.0,0.4,0.8,0.4,0.9,0.2,0.2,0.8,0.3,-0.2894023863776404,1.284212086586449,1.1096817756419868,0.20914187495065284,0.04884961117324765
1.0,0.4,0.3,0.4,0.2,0.9,0.8,0.1,0.0,-0.05729634112016406,1.1876679392112648,1.2697341275355303,0.467273561394117,0.2432882946319792
0.3,0.8,0.3,0.9,0.4,0.8,1.0,0.9,0.9,-0.2578320376338329,1.0819462274070961,0.9322335487762117,3.5810145736695453,3.2045905859784547
0.9,0.9,0.4,0.1,0.5,0.4,0.5,0.8,0.7,-0.7659362876862419,1.773920861598834,1.713490045440768,2.6192152186252593,2.4623955975468723
0.0,0.6,0.1,0.1,0.9,0.4,0.5,1.0,0.1,0.7513971790410148,0.4128412752483378,0.06842026564490994,-2.1030701224436927,-2.1395429893636666
0.5,0.9,0.5,0.3,0.7,0.1,1.0,0.7,0.0,-1.6769825328090613,2.7965818049224707,2.514823342173348,2.7577063681360587,2.694368834700198
0.6,0.6,0.5,0.3,0.0,0.6,0.4,0.7,0.5,-0.47823413769727835,1.3512897354381186,1.283173648253222,0.37459664301547246,0.11757952425388622
0.4,0.8,0.3,0.7,0.7,1.0,0.8,0.3,0.1,-1.3861420772605486,2.367847931416651,2.4682005292076292,1.5520061337819409,1.296600338354992
0.8,0.5,0.4,0.4,0.1,0.1,0.8,0.8,0.3,-0.5845992927557526,1.5641978572364736,1.3591309256887874,0.9888005480366018,0.6180839156881929
0.2,0.6,0.3,0.0,0.0,0.5,0.8,0.7,0.5,-0.6827612174786931,1.5902000820060285,1.6280751281308312,-0.0969059877449489,-0.5369255621812186
0.8,1.0,0.0,1.0,0.1,0.2,0.0,0.8,0.2,-0.631396017465802,1.4625007608614766,1.3704831094928989,2.6385458283187404,2.4069346930689655
0.8,0.0,0.6,1.0,0.6,0.6,0.3,0.4,0.3,-0.4052719400397305,1.2953923220269667,1.3019901118425345,1.9166604484573802,1.5714110398910506
1.0,0.0,0.3,0.6,1.0,1.0,0.6,0.6,0.5,0.6598767994463588,0.3015114254050917,0.38135738185404067,2.067008799462549,2.1388350958432283
0.9,0.0,0.1,0.4,0.7,0.2,1.0,0.6,0.0,0.36073625079654914,0.8358462169873895,0.7490879322934111,1.220973435131871,1.0823474683623402
0.1,0.1,0.0,0.1,0.5,0.0,0.6,0.1,0.0,-0.3366595457391203,1.144750815345284,1.1734971527681013,-0.2157676386212169,-0.3956777524918092
0.5,0.6,0.8,0.6,0.0,0.9,0.1,0.7,0.5,-0.6873507723639146,1.5095401649479565,1.6080783027922723,0.9042802432755579,0.6078983206655437
0.5,0.0,0.0,0.1,1.0,0.5,0.6,0.4,0.8,1.2177960009360074,-0.20553337559158252,-0.373134941184907,-0.28234309736708474,-0.4161734663311455
0.9,0.5,0.5,0.8,0.9,0.1,0.2,0.8,0.5,-0.7506001329889097,1.7968559382693239,1.532200062623007,1.8385726055361096,1.9746623714863052
0.6,0.7,0.2,0.4,0.6,0.0,0.3,0.3,0.6,-0.42754988994900484,1.208753481543328,1.1385643060742425,0.027281076156995043,-0.1435317552417344
0.3,0.9,0.1,0.7,0.3,0.3,0.3,0.9,0.1,0.5395077178887173,0.3041447672503057,0.21556784998217143,1.3303709727975204,1.2273027923222863
0.1,0.0,0.6,0.9,0.9,0.8,1.0,0.8,0.1,-1.93090811549438,3.059755827198841,3.0832012185045845,1.4804865274408523,1.2921132017790304
0.8,0.4,0.3,0.9,0.4,0.8,0.9,0.3,0.9,-1.0944219699379645,1.974527071345734,1.7494622037063003,2.531822452723522,2.349771083377152
0.9,0.0,0.7,0.1,0.0,0.8,0.1,0.5,0.3,0.1699338132424199,0.9229104196198274,0.7441297431926222,-1.022145695365586,-1.3999280046101201
1.0,0.9,0.9,0.0,0.3,0.5,0.5,0.1,0.3,0.23396315656189165,0.9514743372980217,0.6178883942699834,2.1148633141387894,2.265643797355784
0.5,1.0,0.1,0.0,0.3,0.4,1.0,0.5,0.9,1.1149972294760624,-0.15549797241790542,-0.0798575591533961,2.7335827641722377,2.4274824436827775
0.9,0.9,0.6,0.5,0.3,0.9,0.1,0.9,0.2,-0.4798782713513949,1.3081159589274338,1.356986862194417,2.16932419179553,1.8673876830836733
1.0,1.0,0.4,0.0,0.1,0.9,0.5,0.2,0.1,-0.7166139839918623,1.6227534512777444,1.5805663609873433,1.053464716608245,0.7723425451887195
0.8,0.3,0.3,0.7,0.4,0.5,0.6,0.2,0.7,0.38522607946584,0.5668530620994569,0.4752427212068133,3.092797768535771,2.8738817597191626
0.2,0.6,0.9,0.2,1.0,0.0,0.9,0.4,0.7,-0.16821383743181356,0.9938351179589866,0.8945811960557204,-0.01297731882331675,-0.19354922945663208
0.1,0.6,0.3,1.0,0.6,0.0,0.1,0.5,0.7,0.8405782853066887,0.11505276372137908,0.10242512992424677,1.1381081215218583,0.9450974824529026
0.4,0.1,1.0,0.8,0.2,0.4,1.0,0.1,0.8,0.5705906075364893,0.5543943116768977,0.3690558121267644,3.498716241588522,3.3244297474053535
0.0,0.3,0.2,0.2,0.1,0.4,0.7,0.9,0.7,0.5732743311870512,0.37703553382747945,0.35445884654287974,0.5618338404825329,0.3113747476226577
0.6,0.6,0.3,0.8,0.0,0.4,0.4,0.0,0.4,-0.08958911379884169,1.089990087747662,0.9506715469546246,-0.5937095704287415,-0.9846325918352054
0.2,0.2,0.3,0.9,0.8,0.6,0.2,0.7,0.1,-1.082215314617543,1.9921331757284428,1.9916076406985541,2.0033400669953143,1.7138022318426978
0.5,1.0,0.4,0.8,0.9,0.8,0.3,0.6,0.5,-0.04432898256159459,1.0314242560284506,0.9772457382942027,2.577482348457242,2.613436951343562
0.3,0.6,0.3,1.0,0.1,0.9,0.8,0.2,0.3,-0.09749554308922438,1.014295984137146,1.1300210307111571,0.12623159394203814,0.017247742407066648
0.5,0.7,0.2,0.3,0.3,0.9,0.5,0.7,0.0,-0.6405404450119359,1.9078817551331555,1.7254749602748836,-0.22134762868041893,-0.5334787804539732
0.1,0.7,0.8,0.6,0.3,0.6,0.1,0.0,0.9,0.6817230220538353,0.3599316647344015,0.21008634510893473,2.2702214851623794,1.663474640715082
0.3,0.0,1.0,1.0,0.4,0.9,0.3,0.3,0.6,-0.7081136129074233,1.5451311443238538,1.6515971455951541,1.7208379934695213,1.6074624381794511
0.1,0.6,0.1,0.6,0.0,0.9,0.6,0.4,0.8,0.34867005066940226,0.6496486320006687,0.49110577890574136,-0.07268131197361255,-0.17771566970264696
0.5,1.0,0.3,0.4,0.4,0.4,0.5,0.7,0.8,-0.25814386751249185,0.9344155455529417,0.860539065125313,3.440577625096336,3.018285872834001
0.5,0.9,1.0,0.3,0.2,1.0,0.1,0.0,0.7,-0.15566503953101948,1.186623480537359,1.2384008557744466,1.8683706201002663,1.6425906079447228
0.1,0.4,0.4,1.0,0.0,0.7,0.2,0.5,0.6,0.8238458747081652,0.32691392714833345,0.06918750331271262,0.6415302228835259,0.45503633921597164
0.4,0.3,0.1,0.0,0.9,0.9,0.2,0.6,0.7,0.8087623945087972,0.0018704934493314618,0.07838683077969243,0.43604507748170396,0.13871002296922616
0.0,0.1,0.8,0.7,0.8,0.4,0.7,0.9,0.6,-0.5136772832214989,1.3968265768098114,1.362234331655237,2.7183003726266093,2.0584840271400004
0.8,0.8,0.1,0.9,0.9,1.0,0.1,0.4,0.0,-0.5694840071862233,1.7230257249106182,1.600951110274504,0.5964583791812663,0.36071017643029696
1.0,0.9,0.6,1.0,0.2,0.5,0.7,0.2,0.2,-0.5052628175451721,1.1947383041932818,1.2277560471099445,3.8519722241604417,3.4275604933719084
0.8,0.6,0.0,0.2,0.3,0.1,0.5,0.5,1.0,1.5053231313085347,-0.6688743040857773,-0.6377720816816983,1.4295169782702781,1.110852461491147
0.2,0.1,0.8,0.5,1.0,0.2,1.0,0.2,0.1,-0.11206586443840288,0.8953408798146634,0.9840933491026691,0.9706008425161469,0.8161464219473265
0.0,0.9,0.6,0.7,0.3,0.1,0.8,0.8,0.5,-0.9373482177979356,1.7225388304363058,1.729598087028852,4.430474321434797,4.416161458315824
0.0,0.1,0.9,0.4,0.1,0.1,0.4,0.0,0.3,-0.23379170980018688,0.995166553406559,0.9122032191530747,0.3256782867464474,0.33515886855705024
0.9,0.7,1.0,0.6,0.3,0.4,0.1,0.3,0.8,0.03635974880883708,0.6437709557305134,0.6398791123253197,1.8435443763104105,1.3876585494061358
0.1,0.1,0.7,0.6,0.9,0.8,0.3,1.0,0.8,0.493484644136537,0.4459322360484404,0.5050094243948193,2.0510295116119113,1.6150556768004578
0.4,1.0,0.8,0.2,0.0,0.9,0.5,0.7,0.6,-1.4165913745350749,2.2645469467855506,1.972610831579831,2.5279306408088846,2.360903427864442
0.1,0.6,0.6,0.1,0.4,0.4,0.8,0.5,0.3,0.6547207844690888,0.38079549665516776,0.5650863342552359,-0.7068275464689829,-0.9021701962640042
0.3,0.2,0.4,0.8,0.3,0.1,0.6,0.0,0.3,0.28554881143943356,0.7353746840448286,0.7305621483539118,2.07256685849839,1.873143649084359
0.4,0.5,0.6,0.6,1.0,0.9,0.6,0.3,1.0,0.10399414038276933,0.8693072995808391,0.8224322702160193,1.0997040104353788,1.2256687713506615
0.3,0.5,0.9,1.0,1.0,0.9,0.9,0.1,0.5,-1.146341114890967,1.895278118760534,1.7914532692966951,1.5701835635791284,1.385619140385178
0.7,0.3,0.0,0.2,1.0,0.5,0.4,1.0,0.8,1.1415092024671643,0.033068784060457976,-0.12509795291158946,1.1015752007880106,0.8591204043816429
0.0,0.1,1.0,0.7,0.0,0.1,0.7,0.7,0.6,-0.6899101881521308,1.797600480193215,1.5552052187052812,3.485242062597733,3.2951347297800937
0.5,0.0,1.0,0.6,0.2,0.9,0.2,0.9,0.2,0.5520676549267827,0.4480471734139647,0.43912371299794756,0.861257692962355,0.7214389906370674
0.4,0.9,0.5,1.0,0.6,0.5,0.2,0.5,0.5,-0.1878781582609905,1.0330698656518538,0.9558981512481892,3.282589325272824,2.981008936546938
0.6,0.6,1.0,0.1,0.8,0.1,0.5,0.3,0.2,-0.40990024996106,1.4392178878169752,1.3634392267502502,-0.437368572976654,-1.0199592402111857
1.0,1.0,0.0,0.0,0.9,0.9,0.3,0.0,0.1,-0.8776295501245315,2.177914022040942,2.013020474408587,0.27766686607596636,0.14259032148372647
0.5,0.6,0.1,0.4,0.6,0.4,0.1,0.0,0.1,-0.6825196677867278,1.5497782696660414,1.5531142864934795,-1.7851371750858838,-2.1165561059236895
0.0,0.2,0.7,1.0,0.2,0.2,0.3,0.1,0.6,0.9030507516572742,0.05463401819486131,-0.056541002973397286,2.4947619562439765,2.4814301673504717
0.4,0.3,0.3,0.4,0.2,0.5,0.6,1.0,0.1,0.7642634557149882,0.01692731957178767,0.13950540853144228,0.6989426712567474,0.5044941274656729
0.4,0.0,0.6,0.0,0.5,0.8,0.8,0.2,0.8,-0.0331069637999015,0.91455383890117,1.0543364623090323,0.9020583447561427,0.8802282535920284
0.4,0.9,0.2,0.5,0.8,0.8,1.0,1.0,0.4,0.20742717928427445,0.7341559890737598,0.48969169700324877,1.7905233360346107,1.6768679303731209
0.6,0.1,0.4,0.4,0.6,1.0,1.0,0.3,0.2,-1.6128436446203647,2.6628228645311602,2.4751540485433017,1.0360317487797772,0.9684426138345867
1.0,0.5,0.6,1.0,0.2,0.3,0.7,0.8,1.0,0.25244343150775544,0.6989279602422764,0.8455200843217094,3.7949265390160782,3.5962643618742054
0.1,0.6,0.8,0.5,0.4,0.2,0.1,0.4,1.0,1.1549918987857006,-0.08650911901737691,-0.1801767754833825,1.120206145821721,1.0639193842312296
0.8,0.7,0.2,0.5,0.2,0.1,0.4,0.2,0.1,0.6223958706974794,0.42422587614622387,0.3335908139814959,0.4875209256342725,0.005471045223741117
0.3,1.0,1.0,0.7,0.0,0.5,0.6,0.3,1.0,-0.5990467854024915,1.5992169524262885,1.4651267263664476,4.1609185066347285,4.023135828560946
0.1,0.5,0.4,0.5,0.8,0.1,0.0,0.7,0.4,-0.39200812837262516,1.1657800286108013,1.3955042940046551,0.2507460530323546,0.1309663160387873
0.3,0.2,0.0,0.3,0.2,0.3,0.9,0.1,0.2,0.15803698842891983,0.8541078682883398,0.5387920264829688,-0.3333130462597257,-0.4436423259069421
0.6,0.9,1.0,0.6,0.5,0.1,0.7,0.5,0.9,0.5228869270610561,0.4467737448124753,0.3885452970077378,5.26781304780756,4.925754749282882
0.9,0.2,0.6,0.7,0.4,0.1,0.3,0.9,0.4,0.05819934057964887,0.7888168428687006,0.6836587070285494,3.4745767682881206,3.285334130070087
0.2,0.6,0.0,1.0,0.2,0.5,0.5,1.0,0.5,1.0679581964934326,-0.36073241915987214,-0.31481551714399947,1.324285203760359,0.9678705786879207
0.5,0.4,0.0,0.7,0.4,0.3,0.2,1.0,0.7,2.6413646184062882,-1.6833963891679926,-1.5610083759587141,1.506289931285722,1.1489823760874736
0.2,0.1,0.0,0.6,0.4,0.0,1.0,0.8,0.9,-0.5836927215862006,1.4478306781868728,1.546311986746383,3.7151203723951443,3.326335842201223
0.1,1.0,0.2,0.1,0.7,0.0,0.1,0.8,0.4,-1.2976725081025244,2.171517036571353,2.30588348230599,1.2656748842895302,1.1484922695981723
0.1,0.5,1.0,0.4,0.9,0.8,0.8,0.9,0.2,-0.854100061850052,2.2149522278325513,1.5813844522918803,-0.48501548132420524,-0.473073529849898
0.3,0.2,0.1,0.6,0.8,0.8,0.5,0.8,0.1,-1.4342423023662472,2.612574546564532,2.177795465538163,0.9658955595125669,0.5889020583273059
0.9,0.7,0.4,0.6,0.4,0.2,1.0,0.0,0.7,1.174657906641298,0.022054036741902785,-0.018326907886276618,2.6090564990682097,2.276938413060714
0.1,0.0,0.1,0.1,0.2,0.1,0.1,0.5,0.5,1.2733589533301422,-0.44056172532721444,-0.6019813510410654,-0.4774705936481636,-0.7737566125444275
0.5,0.7,0.8,0.9,0.6,0.7,0.8,0.7,0.5,-0.9915216423662567,2.0495964602827645,1.8793328463363481,3.17492920216634,2.980783973625939
1.0,0.6,0.8,0.0,0.9,0.8,1.0,0.5,0.9,0.21775730149747669,0.852996469642379,0.6354728394780652,1.3713793109924475,1.117115603949521
0.3,0.9,0.8,0.1,0.2,0.4,0.3,0.4,0.6,-0.008970863846896826,0.9379737942045515,0.6367886626974699,0.6517606112277219,0.5464797590655683
0.5,0.4,0.5,0.0,1.0,0.5,0.2,0.1,0.1,0.17470073047961013,0.6573151621598295,0.6525193587544252,-1.1719504597628863,-1.4729991869135044
0.1,1.0,0.7,1.0,0.2,0.9,0.0,0.5,0.5,-0.45042509959751353,1.3843034478558054,1.1687424788424694,2.9391057620567,2.639403591876522
1.0,0.2,1.0,0.4,0.6,0.9,0.6,0.3,0.5,-1.9474974024074168,2.9131957003458306,2.830214004958978,2.056587527157036,1.8002722888708222
0.8,0.2,0.9,0.3,0.3,0.9,0.2,0.0,0.3,-1.5718585352193648,2.30201039367064,2.4591258750888176,0.32762569896957383,0.25679967540733245
1.0,0.3,1.0,0.4,0.5,0.0,0.0,0.4,0.5,-0.7955890296667765,1.9407225349667034,1.7969884815521942,1.2506371153855231,1.2326695324214672
0.4,0.2,0.7,0.7,0.5,0.0,0.9,0.3,0.1,-1.4195211691938248,2.203144305183341,2.421321761174884,2.5143795874507053,2.338490392273392
0.0,0.9,0.5,0.2,0.9,0.4,0.0,0.3,0.0,-1.3436578890672797,2.482116041839984,2.2852622801084608,-1.2484915037588382,-1.4123313704221858
0.5,0.8,0.9,0.1,1.0,0.6,0.7,0.4,0.3,0.2999165138010129,0.6434078939131,0.7583009617415433,0.22708391635916195,0.027432663447585402
0.7,0.3,0.5,1.0,0.9,0.4,0.0,0.0,0.6,-0.9901506830576013,2.150102047443545,1.9712325196516776,1.0695984950706598,0.8175545475713931
0.1,0.7,0.1,0.5,0.9,0.6,0.3,0.1,0.1,0.5510451026481853,0.36634535097172644,0.40706277734565094,-0.8308020144348006,-1.053815972236672
0.6,1.0,0.9,0.8,1.0,0.4,0.4,0.3,0.2,-0.9339876943709712,1.8941346659819005,1.671522850943033,1.9743220881069745,1.8871038365471628
0.8,0.1,0.6,0.3,0.7,0.9,0.2,0.2,0.8,-1.5482020751476595,2.4889479895239157,2.348956788808626,1.524217746015911,1.2298310389109977
0.8,1.0,0.3,0.5,0.3,0.3,0.1,1.0,1.0,1.5914853000325953,-0.7129415429906601,-0.7798483960487052,3.2916288411584493,3.2074965842906566
0.8,0.5,0.3,0.5,0.6,1.0,0.6,0.3,0.9,-0.6472446980487938,1.5436656244648483,1.4270523799638488,1.8430693382764267,1.5884696952590607
0.9,0.3,1.0,0.4,0.9,0.7,0.3,0.7,0.1,-1.3133168431347537,2.392282821882031,2.5429248486641565,1.3146746775036682,1.2103310332163562
0.3,0.9,0.0,0.7,1.0,0.8,1.0,0.2,0.2,-0.5350194687038131,1.6989706380364844,1.3541678216776962,1.062188766895915,1.063680888668886
0.9,0.9,0.2,0.0,0.5,0.2,0.8,0.4,0.9,-0.06963686103248912,1.0240594123891695,0.9040391752661605,2.6516890007998177,2.5443117716670716
0.0,0.9,0.3,0.0,0.5,0.3,1.0,0.3,0.1,-1.0420664299766926,2.0702589864433305,1.7881615554386814,0.35311422634170053,0.06033431160086215
0.9,1.0,0.9,0.0,0.6,1.0,0.8,0.2,0.3,-1.609374879621669,2.1953741861399405,2.2577521836969026,3.2848795044468213,2.8526529845424617
0.7,0.0,0.4,0.9,0.3,0.1,0.3,0.9,0.5,0.8950191785966187,0.2705866165816696,0.14869593629422417,2.265062802439287,2.3085370243183183
0.1,0.5,0.9,0.5,0.9,0.1,0.2,0.7,0.3,-0.267227445343265,1.1456686605053825,0.8658198791594423,0.8085385360583348,0.7057124556158323
0.5,0.1,0.6,1.0,0.7,0.7,0.6,0.8,0.9,-0.9768487317286356,2.1203573781200253,2.0445120437009976,4.058293640609796,3.6985524768023783
0.6,0.0,0.1,0.9,1.0,0.0,0.8,0.7,1.0,-0.007234545654874691,1.0557476615157315,0.8277596464028698,3.316433573240052,2.919365795556747
0.5,0.1,0.1,0.1,0.8,0.5,0.6,0.7,0.4,-0.4504010823372444,1.3963965532170526,1.4603923731047888,0.7509691721823541,0.6861573491118822
0.1,0.1,0.7,0.4,0.5,0.8,0.9,0.9,0.4,-1.2856170274195744,2.402626387429363,2.121158232202714,1.7464593523000396,1.372690904722263
1.0,0.7,0.7,0.8,0.1,0.5,0.6,0.7,0.6,-0.3128214897144126,1.2282859938522472,0.9160277435742287,3.7678939075822697,3.5158147201721612
0.9,1.0,0.1,0.3,0.6,0.5,0.9,0.6,0.3,-0.817431935741268,1.6842298993246396,1.3938968718711324,3.1937296966078357,3.0268050638829607
0.9,0.2,0.2,0.9,0.0,0.1,0.8,0.6,0.6,0.5104003705199333,0.5661626233039805,0.36277639089135905,3.7717472992120964,3.465228101770751
0.4,0.5,1.0,0.7,0.2,1.0,0.2,0.0,1.0,0.5981420874478595,0.4715532651967512,0.5134217244884876,2.5055243066125596,2.148373022143033
0.4,0.1,0.9,0.8,0.3,0.8,0.4,0.3,1.0,-0.3924846377161695,1.1302887989333723,1.1601755437052286,2.655090528321936,2.577382685001748
0.3,0.0,0.0,0.4,1.0,0.6,0.0,0.2,0.2,0.7704725224109663,0.20009068436492977,0.09501979086042493,-1.5440648312425356,-1.754016790469832
0.7,0.7,0.4,0.2,0.9,1.0,0.6,1.0,0.0,-0.09207880341038388,1.318222390804564,1.189888166255154,-0.24168696239131074,-0.377594589037038
1.0,0.2,0.6,0.8,0.5,0.0,0.1,0.7,0.4,-1.1551355172307725,1.930143946983904,1.9219113199581785,3.6507418396504967,3.454574531539328
0.8,0.0,0.6,0.1,0.3,0.0,0.6,0.0,1.0,-0.14534291948420716,1.1661051870652537,0.9151394659603048,1.9055808078737728,1.5662815487311619
0.4,0.3,1.0,0.5,0.4,0.6,0.8,0.1,0.5,0.5561620897260595,0.5282062700244291,0.37124099560417473,2.7546454009114925,2.317335543663565
0.5,0.7,1.0,0.9,0.4,0.4,0.9,0.3,1.0,0.08902431267222341,1.001925035959396,1.1961640087870018,3.1979259645353504,2.884993187623747
0.8,0.2,0.7,1.0,0.3,0.0,0.4,0.6,0.0,-0.5114495895238721,1.316419709432361,1.2300663465729906,3.188625951119596,2.8228054873532105
1.0,0.6,0.4,0.7,0.1,0.1,0.9,0.2,0.1,0.4225061631392559,0.5513041262700739,0.5654041413400234,1.447770722698723,1.3566104983715488
0.6,0.0,0.0,0.4,0.6,0.0,0.0,0.5,0.2,0.42194893583461246,0.6956751213021605,0.6183173998919049,-0.618330312799714,-0.9312841439837418
0.8,0.2,0.2,0.5,0.0,0.8,0.6,0.1,0.5,-0.522837863567991,1.537808740118231,1.5261317898482614,0.7271356795740542,0.08258120599711183
0.2,0.3,0.2,0.8,0.7,0.1,0.0,0.1,0.3,-0.06745283335625135,1.175096802297777,0.9325628744943242,1.181948294300014,0.850350993090076
0.2,1.0,0.1,0.8,0.9,0.1,0.9,0.0,0.1,-0.7782268538317639,2.026650312308929,1.9380427799753461,2.5628315692963684,2.3104730078499527
1.0,0.7,0.8,0.7,0.8,0.6,0.2,0.9,1.0,0.64546738653076,0.27195092106083457,0.3190261613449705,4.018139043650832,3.4699248055882097
0.0,0.1,0.4,0.3,0.3,0.5,0.0,0.0,1.0,-0.13290296565583387,1.108401948955936,1.0884204675370397,1.0051652771403443,0.8524362602976296
0.6,0.2,0.3,0.6,0.9,0.1,0.3,0.4,1.0,0.7544932544682702,0.267595966611245,-0.06854792130225423,2.3258897473450246,2.092710346858354
0.9,1.0,0.4,0.5,0.5,0.6,0.7,0.3,0.6,-0.04915966737109312,1.1520084635894452,1.1008235382181504,3.729943670997395,3.551254409569384
0.9,1.0,0.4,0.6,0.4,0.6,0.9,0.4,0.0,0.04366459389610232,0.8352295530878284,0.8948532713154943,3.4535572693968057,3.2310638086843055
0.0,0.3,0.6,0.4,0.1,0.7,0.2,1.0,0.3,1.0998621958171966,0.0209706127833348,-0.16624517884241463,0.12927475450332973,0.06471601692833245
0.0,0.5,0.7,0.4,0.2,0.4,0.7,0.1,0.3,0.40057339096476563,0.7543312418739556,0.6564168614486625,-0.5197506363985035,-0.6816832735447688
0.0,0.4,0.7,0.7,1.0,0.2,0.6,0.3,0.5,0.15103090269404007,0.9981827985123342,0.9747011931953881,1.1911873902564325,0.8040702175726905
0.8,0.2,0.3,0.0,1.0,1.0,0.5,0.0,0.4,-0.9579896988167869,2.0349597435215836,1.8018744982880865,-0.08461475055161817,-0.23890462729964268
0.3,0.8,0.9,0.7,0.0,0.3,0.9,0.1,0.5,-0.06469659860416041,1.3681263987114427,1.2302245199745911,1.6621040866211507,1.7689890126487344
0.1,0.6,0.5,0.8,0.5,0.7,0.2,0.5,1.0,1.0286010971190684,-0.0979876685699177,-0.1187708275310559,1.9550056142322079,1.9129835650932665
0.2,0.9,0.7,0.0,1.0,0.6,0.1,0.0,0.7,0.1491961122375315,0.8101078351404597,0.7840367292940064,1.047794399979043,1.0657149516194002
0.7,0.4,0.0,0.3,0.5,0.2,0.0,0.3,0.7,0.3484920565420432,0.6168969752443635,0.5191306003304788,-0.15605410809747505,-0.1915883231287648
0.9,0.7,0.5,0.8,0.7,0.2,0.9,0.3,0.0,-0.8390790313768036,1.8288433693967503,1.7885527357923627,1.6272290838380188,1.3986612961048301
0.1,0.2,0.7,0.0,0.9,0.2,0.3,1.0,0.9,0.8865797689037932,0.17110627184921423,-0.1470570177807037,1.5504147795670045,1.4157454938032281
0.2,0.8,0.0,1.0,0.2,0.4,0.4,1.0,1.0,1.3177474831931926,-0.14247077527187813,-0.37711123276684505,2.7981950859820257,2.464290748011039
0.0,0.5,0.0,1.0,0.8,0.1,0.8,0.0,0.2,-0.3553064259372934,1.2948651308719814,1.268111864418678,0.6756728825434218,0.41414142364340695
0.5,0.3,0.8,0.9,1.0,0.7,0.8,0.6,0.4,0.47275086970865343,0.618272206829199,0.6796712209173135,2.913755052323526,2.7160117687026335
0.4,0.7,1.0,0.7,0.4,0.3,1.0,0.9,0.9,0.7468129282826644,0.4721392331244513,0.08723159104551378,3.300946976503414,3.079343005697395
0.4,0.7,0.6,0.2,0.7,0.4,0.9,0.1,0.2,-0.811172484327134,1.8796463850972074,1.8096239134316818,-0.47830859892329347,-0.5226798937467009
0.6,0.4,0.2,0.7,0.3,0.0,0.7,0.1,0.2,0.20939141051602117,0.4560737678608399,0.3885397605159194,1.161501363887732,1.1190362174809112
0.8,0.4,0.0,0.7,0.8,0.4,0.8,0.5,0.9,0.0627790878318973,0.800006340031979,0.608380616136855,2.364348945915808,2.0003468858265783
0.1,0.1,0.7,0.8,0.9,0.3,0.8,0.9,1.0,0.07657448245225223,0.9380415457169441,1.0056634291738595,3.3739734774547663,3.2577372596073877
0.4,0.8,0.7,0.6,0.4,0.1,1.0,0.9,0.5,0.3620703048820739,0.6363780721707021,0.45774295535458537,3.8356409941062197,3.7285409792403246
0.2,0.2,0.4,0.4,0.2,0.5,0.2,0.2,0.5,0.012772121136512979,1.123068289152272,0.7728848001465298,0.709755316932235,0.3750079506235049
0.5,0.3,0.5,0.0,0.3,0.9,0.6,1.0,1.0,0.8573373271905572,0.19564168999051762,0.2861559883241986,2.152572820759362,2.025560199631637
0.9,0.0,0.2,0.5,0.6,0.5,1.0,0.7,0.7,-0.3696449718420287,0.9502524188024857,1.0934146465805887,3.3567952423721388,3.130947757560654
0.7,0.8,0.1,0.0,0.8,0.2,0.7,0.5,0.2,0.4178182713615359,0.4810111906645763,0.2831778187349104,-0.05337342224205807,-0.22425962182369114
0.8,0.9,1.0,0.6,1.0,0.7,0.5,0.1,0.5,-0.3073131736309463,1.4030782789132332,1.2130003972550298,2.6389837200424138,2.3489456397301045
0.4,0.2,0.2,0.2,0.6,0.1,0.3,0.9,0.6,0.3549340091629762,0.5305706350011102,0.5790725664724771,1.4755099339617268,1.2232925965845893
0.7,0.8,0.3,0.1,0.8,0.3,0.7,1.0,0.5,0.313246089111155,0.7341553887015968,0.9258506584185717,0.30328116203157274,0.1560760778798089
0.4,0.6,0.4,0.3,0.5,0.7,0.2,0.8,0.5,-0.8044403028500332,1.6260108660137482,1.569142761628343,-0.08103652508167973,-0.2770249585987888
0.7,0.3,0.9,0.0,0.2,0.8,0.5,0.1,0.6,-0.3276364855314954,1.43721347971105,1.234756778930528,0.8884976676259252,0.6399500972572111
0.8,0.1,0.3,0.7,0.0,0.2,0.0,0.5,0.4,0.8675053725300267,0.12789189346770924,0.1034365222553289,0.7722247231370237,0.5660813226933741
1.0,0.5,0.6,0.7,0.0,0.7,0.7,0.4,0.8,0.5983304082990063,0.43632913096679493,0.28671556436744294,1.9331537478606524,1.5238436184148103
0.8,1.0,0.4,0.3,0.3,0.1,0.9,0.6,0.2,-0.4438553934604712,1.258762074234457,1.3030074498130326,3.3556160229612875,3.05031585290824
0.4,0.6,0.9,0.9,0.9,0.2,0.5,0.8,0.8,0.5009215505068066,0.44917760234788934,0.4360895797197786,2.742526739190638,2.443058610003067
0.5,0.0,0.4,0.8,0.2,0.9,0.5,0.0,0.9,-0.028790471815309443,0.9006520857752928,0.8169409535442292,1.8866409106417894,1.6861036221678696
0.4,0.3,0.7,1.0,1.0,0.2,0.2,1.0,0.0,1.1096782998191683,-0.26038153730734015,-0.07167665957955158,1.4161086420239164,1.5105685060768215
0.0,0.8,0.6,0.2,0.5,0.1,0.7,0.9,0.4,-0.3789584145405812,1.409546504199302,1.3621423868313964,1.963753833020544,1.5757104912629245
0.0,0.3,0.5,0.6,1.0,0.5,0.5,0.1,0.0,0.21322170788340905,0.7939709734329239,0.55376806358366,0.6331783362351983,0.5249414908619497
0.7,0.3,0.3,0.1,0.4,0.8,0.5,0.8,0.6,-0.9037374863323485,1.9244544215552208,1.9370820011262329,0.9736660621932306,0.8831624123448789
0.7,0.5,0.0,0.4,0.3,0.8,0.5,0.6,0.5,0.4185349132324347,0.5250718317438015,0.5103705724999457,0.06943973340786956,-0.03515208636079524
0.5,1.0,0.0,0.0,0.7,0.7,0.8,0.2,1.0,0.04893460810865724,0.5788353391122638,0.6563100528415531,2.5675957311018744,2.6127687861875746
0.1,0.7,0.6,0.0,0.0,0.6,0.5,0.5,1.0,1.0643400236791398,-0.20295735347901422,-0.2923536463444587,1.0806915523547833,0.7958607699260939
0.7,0.0,0.0,0.5,0.5,0.1,0.5,0.1,0.5,0.6827491889173148,0.3497868991797375,0.3104597706365718,1.2578453435694794,0.9161444387909805
0.9,0.7,0.4,0.7,0.2,0.0,0.3,0.8,0.2,-0.49615938860360165,1.5192657947915365,1.2248347396445416,1.4490748276231984,1.3659908123943256
1.0,0.2,0.0,1.0,0.3,0.0,0.7,0.3,0.7,0.452652414083526,0.5609438958037538,0.49279840579838,3.422509956297386,3.045360206928857
0.1,0.5,0.5,0.7,0.0,0.3,0.3,0.6,0.0,0.8253728134968004,0.19201179830885168,0.06266058757729669,-0.2663476306273852,-0.4200910527539449
0.1,0.7,0.6,0.8,1.0,0.7,1.0,0.2,0.6,0.04155207265810709,1.1361559557858485,1.0219979131058516,1.7407982976952932,1.502102825300501
0.1,0.8,0.4,0.9,0.5,0.8,0.2,0.9,0.1,-0.9002883908488509,1.91465047865621,1.7988746526656625,1.1432521381019343,0.9855139709127342
0.3,0.1,1.0,0.3,0.8,0.8,0.7,0.9,0.4,-1.4700090978162157,2.2807433958131647,2.182274416800743,0.6619304593816346,0.3974781045905348
0.7,0.1,0.3,0.0,0.0,0.3,0.8,0.3,0.1,-0.8340054697440328,1.7568240554301882,1.688798810448494,-1.3541507314347274,-1.5355620500630505
0.4,0.9,0.6,0.6,0.6,0.1,0.1,0.8,0.7,-0.04476242381710954,1.3305774581988636,0.8916914822826844,4.170991671247668,3.971017912931929
0.0,0.6,0.6,0.3,0.3,1.0,0.8,0.2,0.8,0.22760220631216208,0.9145986101373305,0.9288161972540457,1.2271131124947907,1.09688443327751
0.1,0.3,0.4,0.4,0.3,0.3,0.3,0.4,0.7,1.078620680559169,-0.031495984181402495,-0.0008054543614605045,-0.052030969949369954,-0.13207659223480692
1.0,0.9,0.3,0.2,0.1,0.2,0.3,0.9,1.0,1.2873148469474294,-0.35240611382492415,-0.3704219408622291,2.833337634717,2.6198743825902877
0.2,0.6,0.5,1.0,0.7,0.6,0.7,0.1,0.9,-0.061992737887259175,1.3454707150943797,0.9597093071811308,2.7807288097166927,2.594747769339608
0.2,1.0,0.3,0.8,0.1,0.7,0.2,0.2,0.7,0.873978031544501,0.09213627136907508,-0.10782504616103293,2.5985915418190366,2.374279279063211
0.8,0.0,0.3,0.9,1.0,1.0,0.6,0.6,0.7,0.6132541469100267,0.3166185872823431,0.3445896580728748,2.637620735763462,2.5074880494507394
0.4,0.9,0.4,0.3,0.8,0.7,0.9,0.2,0.8,-0.1290929980899105,1.1428108550104006,1.0058614520540277,1.858461667360015,1.954777708393934
0.9,0.1,0.2,0.5,0.3,0.1,0.6,0.1,0.8,1.262524221486302,-0.4788744727840942,-0.4265607959684814,2.779411661018943,2.7239476698665532
0.5,0.9,0.3,0.3,0.7,0.6,0.4,0.5,0.5,0.2465885215733589,0.6066995547256727,0.6699664306520461,1.3939784438077063,1.310698304729724
0.2,0.3,0.8,0.5,0.9,0.3,0.4,1.0,0.9,1.0475763024990699,0.05503920081009901,-0.19013304057706745,2.0230052579075077,1.5790636738594266
0.6,0.2,0.8,1.0,0.5,0.5,0.8,0.9,0.9,-0.485376975500389,1.5757873672652105,1.3625382752308204,5.2730733930477784,5.132402041772078
0.8,0.7,0.1,0.9,0.6,0.8,0.7,0.8,0.5,-1.9153675236721495,2.828772951477418,2.7162012098392,2.3413660983157425,2.055296405863671
0.7,0.0,0.8,1.0,1.0,0.8,0.3,1.0,0.2,-0.4054645096515584,1.0777552358372307,1.0162246939622412,0.7420530111925049,0.5671653341720536
0.5,0.7,0.7,0.6,0.0,0.3,0.2,0.9,0.4,1.2018649680806504,-0.049236447046304865,-0.3132802175007924,0.13455627619028374,-0.20554284836817424
1.0,0.5,1.0,0.9,0.1,0.9,0.1,0.0,0.4,-0.29308107279953877,1.4447189693916611,1.2355894359574324,0.8765999261967669,0.6627812724812663
0.4,1.0,0.0,0.2,0.3,0.0,0.8,0.2,0.8,0.8125051447096493,0.3589686100964198,0.20528638476383892,2.5114784996494954,2.3610790606423486
1.0,0.8,0.5,1.0,0.9,0.2,0.6,0.0,1.0,0.10209255194375658,0.701336329561042,0.8955390542294325,3.7090179163146706,3.4959572816582845
0.4,0.6,0.5,1.0,1.0,0.7,0.6,0.8,0.1,-0.7719089350122442,1.6935657944665565,1.6202017483120739,0.6724627466718787,0.46297670574841837
0.0,0.9,0.8,0.4,0.4,0.5,0.4,0.1,1.0,0.10037585079631581,0.9049498167965168,0.9631689140463564,3.3457419143080624,3.0024540206434986
0.3,0.5,0.3,0.7,0.8,0.9,0.1,0.1,0.2,-0.6767028740513829,1.3895785360307369,1.4816928108704448,-0.711740565625852,-0.9247138769646601
0.2,0.7,0.9,1.0,0.5,0.6,0.0,0.8,0.9,-0.9358579309042265,1.7562494506714774,2.030300969315195,3.5498882760474104,3.2850476316381494
0.5,0.4,0.5,1.0,0.2,0.6,0.5,0.6,0.6,1.6609530793869443,-0.5143045637622019,-0.7700574703696839,3.1891684727139995,2.893305301087016
0.1,0.2,0.3,0.2,0.5,0.9,0.2,0.9,0.2,-1.1911315740771533,2.0609758292612415,1.8634362354072787,-0.2262778494702823,-0.3327561043894793
0.3,0.0,0.0,1.0,0.9,0.5,1.0,0.7,0.3,-0.45954023277680545,1.4759327524991361,1.3685191090770896,1.962774096983314,1.8621982824717043
0.9,0.9,0.0,1.0,0.5,0.4,0.1,0.0,0.0,-0.9336833334841269,2.109165166332782,2.0646603623053914,1.4685917803454973,1.3631730393250412
0.0,0.4,0.9,0.4,0.0,0.8,0.7,0.1,0.8,-0.33511179417432985,1.3867113226111942,1.2685892584700174,0.40553735982057904,0.40957616872870073
0.9,0.6,0.4,1.0,0.8,0.9,0.6,0.4,0.7,-0.6462763515336579,1.6510415360253496,1.4990801679886927,1.4840567661839745,1.167031425948359
0.0,0.4,0.3,0.4,1.0,0.9,0.9,0.6,0.1,-0.5535772523881158,1.7240675871179971,1.4968087637871776,-0.19087400880209768,-0.4254740603898489
0.3,0.2,0.8,0.5,0.0,0.6,0.7,0.8,0.2,-0.5856257285968638,1.8155348498340382,1.3683527601842158,2.196388286765881,1.72898552948765
0.8,0.6,0.4,0.8,1.0,0.5,0.9,0.4,0.7,0.4874897634480019,0.8807659127805855,0.5584114170136298,1.6094358873914072,1.4447703444997229
0.0,0.4,0.8,0.1,0.1,0.7,0.9,0.8,0.7,-0.19397997225554786,0.8978675865804535,0.8613380741257447,1.5342726435133307,1.4465208526882776
0.5,0.5,0.9,0.4,0.8,0.1,0.7,0.1,0.9,0.320897841640189,1.0052741984199323,0.6984203218320547,1.7570925282203178,1.5484839539164685
0.5,0.1,0.3,0.0,0.2,1.0,0.7,0.9,0.4,0.6641046003043224,0.5204846962857588,0.17810398824451906,0.9452471671506754,0.6338211542591459
0.9,0.1,0.2,0.3,0.6,0.8,0.5,0.6,0.1,-1.300517758337838,2.2540004889149645,2.0855074383672534,0.6138536674169957,0.542105322518461
0.0,0.0,0.1,1.0,1.0,0.5,1.0,0.7,0.7,0.29040184491353027,0.9117460464618994,0.7124334722852573,2.7739395895090517,2.657518376131748
0.0,0.4,0.4,0.3,0.8,0.7,0.7,0.4,0.2,-0.9205690395949053,1.8170991371623777,1.7815092580696235,-1.0946742454246756,-1.365630539796224
0.2,0.2,0.4,1.0,0.1,0.2,0.4,0.4,1.0,0.7985295419643585,0.35245241526636184,0.28849679798268163,2.457136296994916,2.4402574085223994
0.2,0.7,1.0,0.3,0.2,0.1,0.7,0.0,1.0,-0.453783433650105,1.2466884045107083,1.2190955544124447,1.7867611866636335,1.729401105741192
0.4,0.4,0.9,0.5,0.4,0.9,0.3,0.2,0.1,-0.25023872104620687,1.5008963312188097,1.2544916004553262,0.3009617568292817,0.480778331679987
0.5,0.3,0.5,0.7,1.0,0.3,0.8,0.5,0.7,1.3880099826981953,-0.5127213433668922,-0.4222698652539749,2.023669659150695,1.6823525029502178
0.8,0.3,1.0,0.9,0.5,0.5,0.4,0.3,0.8,-0.6538502182065151,1.792062493593169,1.591968201999416,3.935326122300015,3.717335474407855
0.9,0.8,0.0,0.4,0.2,0.5,0.9,1.0,0.2,0.6605705050851159,0.44269973131640566,0.3392667297106363,1.6840025115443398,1.361186035428413
0.5,0.1,1.0,0.9,0.8,0.8,0.3,0.6,0.2,-0.5427749404554165,1.3745709150015153,1.4416962147943073,1.8684234694835422,1.6137014966704015
0.5,0.8,0.2,0.5,0.0,0.7,0.0,0.8,0.9,0.2346519760709847,0.9533835395719734,0.6958458231098198,1.327206129023943,1.2287912815849635
0.2,0.4,0.1,0.0,0.1,0.9,0.9,0.4,0.1,-0.8601506654317441,1.8945601111678931,1.8411911138354413,-1.3982138625234861,-1.7207309865224578
0.8,0.8,0.9,0.2,0.1,0.6,0.2,0.5,0.3,0.5120612537184983,0.44446375119489767,0.3587978394724251,0.7842506779545346,0.5162773795936936
0.1,0.7,0.9,0.8,0.1,0.9,0.9,0.0,0.2,-1.4420253286097409,2.650249031972516,2.4052534708684394,1.0592842719784468,0.8577328324016624
0.0,0.0,0.1,0.9,0.5,0.4,0.5,0.4,0.9,0.15411104625130653,0.6164777346589104,0.6760627953178637,1.5523949326685604,1.3514679136772965
0.2,0.5,0.4,0.6,0.4,0.1,0.9,0.8,0.6,0.13011358841079063,0.8297483676459967,0.9191725825648641,2.600159166315219,2.5864869743454886
0.6,0.7,0.6,0.0,0.4,0.3,0.7,0.9,0.9,0.7045076178781667,0.5112268364561426,0.2236671272695364,1.5768539804394626,1.2101555002579696
1.0,0.2,0.9,0.6,0.0,0.2,0.6,0.8,0.7,0.44254693042941945,0.7823233004336624,0.454454782385667,3.7539657733160134,3.6551887128357796
0.1,0.1,0.0,0.1,0.4,0.1,0.0,1.0,0.3,1.1480798647312638,-0.26241094054207187,-0.38623025420068297,-0.1549237802517088,-0.22813124893863615
0.8,1.0,1.0,0.4,0.9,0.1,0.4,1.0,0.6,0.2475887343876466,0.6878606394078017,0.6569176342733396,3.4436930854232823,3.2941931302208363
0.4,0.2,0.7,0.4,1.0,0.2,0.5,0.9,0.2,0.4575916800587826,0.42489872315730126,0.29493571537179103,0.84708841142576,0.5207591149431429
0.9,0.6,0.5,0.8,1.0,0.8,0.7,0.8,0.8,-0.7319331603632151,1.7611141477848826,1.8925895871074614,2.246354614159089,2.102678655759552
0.0,0.1,0.9,0.9,0.7,0.8,1.0,0.5,0.2,-0.9735082182463364,1.9375486086242402,1.7976747504325579,2.006854029349897,1.955173056901691
0.8,0.8,1.0,0.7,0.3,0.6,0.0,0.5,0.0,0.4424584067887698,0.5489808956890089,0.43590317961085817,2.2004005393998525,1.9292161495716318
0.9,0.1,0.8,0.3,0.6,0.9,0.4,0.0,0.3,-2.0293565609202133,3.2920020812201587,3.07708590566055,0.6092903554429168,0.5944544058602527
0.3,0.5,0.6,0.0,0.5,0.4,0.9,0.0,0.2,-0.8280766088519207,1.8764717574381709,1.9095749699462836,-0.6638833986401572,-0.9269947959939391
1.0,0.4,0.5,0.1,0.0,0.7,0.6,0.3,0.8,0.5091671010897455,0.6832578240620758,0.5464118842894954,0.39262876728901885,0.3983575124747355
0.1,0.2,0.6,0.0,0.5,0.4,0.0,0.5,0.8,0.34151120391496514,0.7771286601636153,0.6393105834783307,0.8768132593119308,0.5805609056843195
0.6,0.2,0.2,0.3,0.6,0.2,0.2,0.7,0.8,-0.0671874029797615,1.19979204958988,1.0994279787356032,2.3495269596896957,1.918848339366224
1.0,0.6,0.0,0.8,0.0,0.8,0.0,0.9,0.9,0.48756638265436336,0.46077244719126303,0.4734636685273279,1.1825811769003778,0.9229644868145722
0.4,0.7,0.7,0.7,0.0,0.3,0.2,1.0,0.4,1.36457171264549,-0.236479191165658,-0.6720058139312031,0.3204960703582528,0.08878702596687794
0.5,0.5,0.2,0.4,0.8,0.0,0.0,0.1,1.0,0.6675175353084587,0.4072792522797411,0.5696555725521164,0.026204149501778323,-0.22696802165448865
0.4,0.9,1.0,0.1,1.0,0.3,0.8,0.8,0.3,-0.4130710605378072,1.5748588940563746,1.485833558268273,1.3355254383966497,1.0063036659057738
0.5,0.8,0.2,0.3,0.8,1.0,0.0,0.5,0.8,0.27662015828537984,0.7356387685810253,0.5210948832106346,0.6507303497987136,0.42875354420273365
0.0,0.0,0.0,0.5,0.5,1.0,0.9,0.7,0.7,0.10890048856705484,0.8244743762361447,0.8733849858138037,2.6866061689916374,2.5341036305750304
0.8,0.0,0.7,0.2,0.4,0.1,1.0,0.6,0.7,0.36249449125632305,0.5819845890946674,0.4672675616995863,3.204111776665555,3.076958797427741
0.9,1.0,0.2,0.6,0.3,1.0,0.3,0.9,0.6,0.7959186574344976,0.3072319180256317,0.1772389789694999,4.020127838632774,3.8549274402431806
0.9,0.9,0.1,1.0,0.5,0.4,0.3,0.9,0.4,-0.33518579573488017,1.422222274373824,1.136256103858349,2.727379078297217,2.8051466880849136
0.1,0.9,0.0,0.1,0.0,0.0,0.5,0.9,0.4,0.14550334202597268,0.8880345183490086,0.6933508608224981,0.18632705842000374,0.1870460705437848
0.5,0.2,0.0,0.6,0.4,0.4,0.2,0.8,0.9,0.21750149908192343,0.912439584117261,0.6235630741045138,2.597938517317512,2.381600293069086
0.6,0.7,0.7,0.6,0.6,0.0,0.7,0.5,1.0,0.5291643785457301,0.617831635955531,0.47824610170580506,3.6060327476947216,3.2196734231489965
0.8,1.0,0.9,0.9,0.8,0.0,0.8,0.7,1.0,-1.5592878375558143,2.691170329868175,2.399278683365881,6.619710733099053,6.199011858846832
0.4,0.0,0.0,0.7,0.5,0.0,0.7,0.2,0.2,0.17420020084698168,0.8625651299002153,0.5188522767505915,1.0646670442099821,0.8557811246261219
0.0,0.6,0.6,0.7,0.2,0.1,0.9,0.5,0.4,1.2090775332872126,-0.14693962002168642,-0.31705877471904464,1.9495780214534744,1.763758334306384
0.3,0.9,0.7,0.5,0.5,0.4,0.4,0.3,0.9,-0.5465008115802964,1.7036247494939751,1.367306924017187,2.677426717594012,2.328638415924811
0.5,0.5,1.0,0.9,0.3,0.3,0.3,0.6,0.9,1.7832464165220385,-0.7148336471177145,-0.8919877845152916,2.834191865789751,2.545554471645657
0.2,1.0,0.6,0.7,0.4,0.6,0.4,0.8,0.0,-0.7973612181705194,1.9077805868125484,1.7880846924021108,4.0488032473838,3.761246201142509
0.8,0.8,0.2,0.6,0.3,0.6,1.0,0.2,0.4,0.48725765007482225,0.3530861543256845,0.19654786690686232,2.5020012577411634,2.4452674831162717
0.2,0.5,0.0,0.5,0.4,0.8,0.5,0.9,0.1,0.06957564222036483,0.7301660985794324,0.7400534349962804,-0.49421108756608534,-0.7637072468355407
0.7,0.0,0.6,0.2,0.2,0.6,0.0,0.2,0.5,0.27846557584194076,0.9896832036837898,0.7685083872459948,0.019037262870765043,-0.24196960481449353
0.9,1.0,0.1,0.8,0.0,0.6,0.9,0.6,0.5,0.31385672139222925,0.7983406853466758,0.5772732507100052,4.485740449483375,4.210559211228925
0.3,0.3,0.6,0.1,0.4,0.6,0.2,0.6,0.2,0.5297966302363505,0.3581331548865787,0.09899902288580717,1.0845306985071261,0.9066840809084844
0.2,0.3,0.2,0.1,0.0,0.7,0.1,0.4,0.7,0.7119168980599221,0.5032513148230544,0.290067403876292,-1.0512210109315991,-1.2321700848955592
1.0,0.1,0.1,0.1,0.7,0.4,1.0,0.6,0.5,-0.20234521188741106,1.4099700190426976,1.1870632951339362,1.9556389811119428,1.362334303706294
0.8,0.5,1.0,0.5,0.8,0.8,0.5,0.1,0.2,-0.880433577690786,1.8255460412598323,1.8574146898796298,-0.08604099623106387,-0.23898915479080005
0.0,0.8,0.7,0.8,0.6,0.5,0.9,0.4,0.9,-0.9861799510064064,1.9864854991320282,1.8050848858622697,3.9721859040670298,3.7895018194369596
